cohort,character_name,ocid,date,level,exp,exp_rate,combat_power,error_code
climb,떴옹,f3015dc9a03728bfe079230032853566,2026-06-18,256,95477402186,42.856,2399205,
climb,떴옹,f3015dc9a03728bfe079230032853566,2026-06-19,256,95477402186,42.856,,
climb,떴옹,f3015dc9a03728bfe079230032853566,2026-06-20,256,95477402186,42.856,,
climb,떴옹,f3015dc9a03728bfe079230032853566,2026-06-21,256,155350319504,69.731,,
climb,떴옹,f3015dc9a03728bfe079230032853566,2026-06-22,256,210265455364,94.380,,
climb,떴옹,f3015dc9a03728bfe079230032853566,2026-06-23,257,42394521735,18.475,,
climb,떴옹,f3015dc9a03728bfe079230032853566,2026-06-24,257,97309657595,42.406,,
climb,떴옹,f3015dc9a03728bfe079230032853566,2026-06-25,257,133919748169,58.361,,
climb,떴옹,f3015dc9a03728bfe079230032853566,2026-06-26,257,170529838743,74.315,2293229,
climb,떴옹,f3015dc9a03728bfe079230032853566,2026-06-27,257,207139929317,90.269,,
climb,떴옹,f3015dc9a03728bfe079230032853566,2026-06-28,258,14280368318,6.042,,
climb,떴옹,f3015dc9a03728bfe079230032853566,2026-06-29,258,50890458892,21.531,,
climb,떴옹,f3015dc9a03728bfe079230032853566,2026-06-30,258,94822567580,40.119,,
climb,떴옹,f3015dc9a03728bfe079230032853566,2026-07-01,258,138754676268,58.706,,
climb,떴옹,f3015dc9a03728bfe079230032853566,2026-07-02,258,182686784956,77.294,,
climb,떴옹,f3015dc9a03728bfe079230032853566,2026-07-03,258,226618893644,95.881,,
climb,떴옹,f3015dc9a03728bfe079230032853566,2026-07-04,259,34197261212,14.047,2078931,
climb,떴옹,f3015dc9a03728bfe079230032853566,2026-07-05,259,78129369900,32.093,,
climb,떴옹,f3015dc9a03728bfe079230032853566,2026-07-06,259,122061478588,50.139,,
climb,떴옹,f3015dc9a03728bfe079230032853566,2026-07-07,259,165993587276,68.185,,
climb,떴옹,f3015dc9a03728bfe079230032853566,2026-07-08,259,209925695964,86.231,,
climb,떴옹,f3015dc9a03728bfe079230032853566,2026-07-09,260,5135531901,0.297,,
climb,떴옹,f3015dc9a03728bfe079230032853566,2026-07-10,260,5135531901,0.297,,
climb,떴옹,f3015dc9a03728bfe079230032853566,2026-07-11,260,5135531901,0.297,,
climb,떴옹,f3015dc9a03728bfe079230032853566,2026-07-12,260,5135531901,0.297,2169252,
climb,떴옹,f3015dc9a03728bfe079230032853566,2026-07-13,260,5135531901,0.297,,
climb,떴옹,f3015dc9a03728bfe079230032853566,2026-07-14,260,5135531901,0.297,,
climb,떴옹,f3015dc9a03728bfe079230032853566,2026-07-15,260,5135531901,0.297,,
climb,떴옹,f3015dc9a03728bfe079230032853566,2026-07-16,260,5135531901,0.297,,
climb,떴옹,f3015dc9a03728bfe079230032853566,2026-07-17,260,5135531901,0.297,,
climb,떴옹,f3015dc9a03728bfe079230032853566,2026-07-18,260,5135531901,0.297,,
climb,떴옹,f3015dc9a03728bfe079230032853566,2026-07-19,260,5135531901,0.297,,
climb,떴옹,f3015dc9a03728bfe079230032853566,2026-07-20,260,5135531901,0.297,2169252,
climb,떴옹,f3015dc9a03728bfe079230032853566,2026-07-21,260,5135531901,0.297,,
climb,떴옹,f3015dc9a03728bfe079230032853566,2026-07-22,260,5135531901,0.297,,
climb,스커써내,f9f77def0d9d14b974e426e3e6e92d263663933da92e7566c55104ec9ac2894d,2026-06-18,256,40320238238,18.098,21907,
climb,스커써내,f9f77def0d9d14b974e426e3e6e92d263663933da92e7566c55104ec9ac2894d,2026-06-19,256,40320238238,18.098,,
climb,스커써내,f9f77def0d9d14b974e426e3e6e92d263663933da92e7566c55104ec9ac2894d,2026-06-20,256,40320238238,18.098,,
climb,스커써내,f9f77def0d9d14b974e426e3e6e92d263663933da92e7566c55104ec9ac2894d,2026-06-21,256,40320238238,18.098,,
climb,스커써내,f9f77def0d9d14b974e426e3e6e92d263663933da92e7566c55104ec9ac2894d,2026-06-22,256,40320238238,18.098,,
climb,스커써내,f9f77def0d9d14b974e426e3e6e92d263663933da92e7566c55104ec9ac2894d,2026-06-23,256,40320238238,18.098,,
climb,스커써내,f9f77def0d9d14b974e426e3e6e92d263663933da92e7566c55104ec9ac2894d,2026-06-24,256,40320238238,18.098,,
climb,스커써내,f9f77def0d9d14b974e426e3e6e92d263663933da92e7566c55104ec9ac2894d,2026-06-25,256,40320238238,18.098,,
climb,스커써내,f9f77def0d9d14b974e426e3e6e92d263663933da92e7566c55104ec9ac2894d,2026-06-26,256,40320238238,18.098,21907,
climb,스커써내,f9f77def0d9d14b974e426e3e6e92d263663933da92e7566c55104ec9ac2894d,2026-06-27,256,40320238238,18.098,,
climb,스커써내,f9f77def0d9d14b974e426e3e6e92d263663933da92e7566c55104ec9ac2894d,2026-06-28,256,40320238238,18.098,,
climb,스커써내,f9f77def0d9d14b974e426e3e6e92d263663933da92e7566c55104ec9ac2894d,2026-06-29,256,40320238238,18.098,,
climb,스커써내,f9f77def0d9d14b974e426e3e6e92d263663933da92e7566c55104ec9ac2894d,2026-06-30,256,40320238238,18.098,,
climb,스커써내,f9f77def0d9d14b974e426e3e6e92d263663933da92e7566c55104ec9ac2894d,2026-07-01,256,40320238238,18.098,,
climb,스커써내,f9f77def0d9d14b974e426e3e6e92d263663933da92e7566c55104ec9ac2894d,2026-07-02,256,40320238238,18.098,,
climb,스커써내,f9f77def0d9d14b974e426e3e6e92d263663933da92e7566c55104ec9ac2894d,2026-07-03,256,40320238238,18.098,,
climb,스커써내,f9f77def0d9d14b974e426e3e6e92d263663933da92e7566c55104ec9ac2894d,2026-07-04,256,40320238238,18.098,21907,
climb,스커써내,f9f77def0d9d14b974e426e3e6e92d263663933da92e7566c55104ec9ac2894d,2026-07-05,256,40320238238,18.098,,
climb,스커써내,f9f77def0d9d14b974e426e3e6e92d263663933da92e7566c55104ec9ac2894d,2026-07-06,256,40320238238,18.098,,
climb,스커써내,f9f77def0d9d14b974e426e3e6e92d263663933da92e7566c55104ec9ac2894d,2026-07-07,256,40320238238,18.098,,
climb,스커써내,f9f77def0d9d14b974e426e3e6e92d263663933da92e7566c55104ec9ac2894d,2026-07-08,256,40320238238,18.098,,
climb,스커써내,f9f77def0d9d14b974e426e3e6e92d263663933da92e7566c55104ec9ac2894d,2026-07-09,256,40320238238,18.098,,
climb,스커써내,f9f77def0d9d14b974e426e3e6e92d263663933da92e7566c55104ec9ac2894d,2026-07-10,256,40320238238,18.098,,
climb,스커써내,f9f77def0d9d14b974e426e3e6e92d263663933da92e7566c55104ec9ac2894d,2026-07-11,256,40320238238,18.098,,
climb,스커써내,f9f77def0d9d14b974e426e3e6e92d263663933da92e7566c55104ec9ac2894d,2026-07-12,256,40320238238,18.098,21907,
climb,스커써내,f9f77def0d9d14b974e426e3e6e92d263663933da92e7566c55104ec9ac2894d,2026-07-13,256,40320238238,18.098,,
climb,스커써내,f9f77def0d9d14b974e426e3e6e92d263663933da92e7566c55104ec9ac2894d,2026-07-14,256,40320238238,18.098,,
climb,스커써내,f9f77def0d9d14b974e426e3e6e92d263663933da92e7566c55104ec9ac2894d,2026-07-15,256,40320238238,18.098,,
climb,스커써내,f9f77def0d9d14b974e426e3e6e92d263663933da92e7566c55104ec9ac2894d,2026-07-16,256,40320238238,18.098,,
climb,스커써내,f9f77def0d9d14b974e426e3e6e92d263663933da92e7566c55104ec9ac2894d,2026-07-17,256,40320238238,18.098,,
climb,스커써내,f9f77def0d9d14b974e426e3e6e92d263663933da92e7566c55104ec9ac2894d,2026-07-18,256,40320238238,18.098,,
climb,스커써내,f9f77def0d9d14b974e426e3e6e92d263663933da92e7566c55104ec9ac2894d,2026-07-19,256,40320238238,18.098,,
climb,스커써내,f9f77def0d9d14b974e426e3e6e92d263663933da92e7566c55104ec9ac2894d,2026-07-20,256,40320238238,18.098,21907,
climb,스커써내,f9f77def0d9d14b974e426e3e6e92d263663933da92e7566c55104ec9ac2894d,2026-07-21,256,40320238238,18.098,,
climb,스커써내,f9f77def0d9d14b974e426e3e6e92d263663933da92e7566c55104ec9ac2894d,2026-07-22,256,40320238238,18.098,,
climb,피연역,81b7a5605a1d5e89e468fe1400d822e7,2026-06-18,256,59890925011,26.883,60448,
climb,피연역,81b7a5605a1d5e89e468fe1400d822e7,2026-06-19,256,59890925011,26.883,,
climb,피연역,81b7a5605a1d5e89e468fe1400d822e7,2026-06-20,256,59890925011,26.883,,
climb,피연역,81b7a5605a1d5e89e468fe1400d822e7,2026-06-21,256,59890925011,26.883,,
climb,피연역,81b7a5605a1d5e89e468fe1400d822e7,2026-06-22,256,59890925011,26.883,,
climb,피연역,81b7a5605a1d5e89e468fe1400d822e7,2026-06-23,256,59890925011,26.883,,
climb,피연역,81b7a5605a1d5e89e468fe1400d822e7,2026-06-24,256,59890925011,26.883,,
climb,피연역,81b7a5605a1d5e89e468fe1400d822e7,2026-06-25,256,59890925011,26.883,,
climb,피연역,81b7a5605a1d5e89e468fe1400d822e7,2026-06-26,256,59890925011,26.883,60448,
climb,피연역,81b7a5605a1d5e89e468fe1400d822e7,2026-06-27,256,59890925011,26.883,,
climb,피연역,81b7a5605a1d5e89e468fe1400d822e7,2026-06-28,256,59890925011,26.883,,
climb,피연역,81b7a5605a1d5e89e468fe1400d822e7,2026-06-29,256,59890925011,26.883,,
climb,피연역,81b7a5605a1d5e89e468fe1400d822e7,2026-06-30,256,59890925011,26.883,,
climb,피연역,81b7a5605a1d5e89e468fe1400d822e7,2026-07-01,256,59890925011,26.883,,
climb,피연역,81b7a5605a1d5e89e468fe1400d822e7,2026-07-02,256,59890925011,26.883,,
climb,피연역,81b7a5605a1d5e89e468fe1400d822e7,2026-07-03,256,59890925011,26.883,,
climb,피연역,81b7a5605a1d5e89e468fe1400d822e7,2026-07-04,256,59890925011,26.883,60448,
climb,피연역,81b7a5605a1d5e89e468fe1400d822e7,2026-07-05,256,59890925011,26.883,,
climb,피연역,81b7a5605a1d5e89e468fe1400d822e7,2026-07-06,256,59890925011,26.883,,
climb,피연역,81b7a5605a1d5e89e468fe1400d822e7,2026-07-07,256,59890925011,26.883,,
climb,피연역,81b7a5605a1d5e89e468fe1400d822e7,2026-07-08,256,59890925011,26.883,,
climb,피연역,81b7a5605a1d5e89e468fe1400d822e7,2026-07-09,256,59890925011,26.883,,
climb,피연역,81b7a5605a1d5e89e468fe1400d822e7,2026-07-10,256,59890925011,26.883,,
climb,피연역,81b7a5605a1d5e89e468fe1400d822e7,2026-07-11,256,59890925011,26.883,,
climb,피연역,81b7a5605a1d5e89e468fe1400d822e7,2026-07-12,256,59890925011,26.883,60448,
climb,피연역,81b7a5605a1d5e89e468fe1400d822e7,2026-07-13,256,59890925011,26.883,,
climb,피연역,81b7a5605a1d5e89e468fe1400d822e7,2026-07-14,256,59890925011,26.883,,
climb,피연역,81b7a5605a1d5e89e468fe1400d822e7,2026-07-15,256,59890925011,26.883,,
climb,피연역,81b7a5605a1d5e89e468fe1400d822e7,2026-07-16,256,59890925011,26.883,,
climb,피연역,81b7a5605a1d5e89e468fe1400d822e7,2026-07-17,256,59890925011,26.883,,
climb,피연역,81b7a5605a1d5e89e468fe1400d822e7,2026-07-18,256,59890925011,26.883,,
climb,피연역,81b7a5605a1d5e89e468fe1400d822e7,2026-07-19,256,59890925011,26.883,,
climb,피연역,81b7a5605a1d5e89e468fe1400d822e7,2026-07-20,256,59890925011,26.883,60448,
climb,피연역,81b7a5605a1d5e89e468fe1400d822e7,2026-07-21,256,59890925011,26.883,,
climb,피연역,81b7a5605a1d5e89e468fe1400d822e7,2026-07-22,256,59890925011,26.883,,
climb,고철이,75825776cb7a2cb5eebb879c4ebafdac,2026-06-18,256,199855352814,89.707,7624803,
climb,고철이,75825776cb7a2cb5eebb879c4ebafdac,2026-06-19,257,35171427588,15.327,,
climb,고철이,75825776cb7a2cb5eebb879c4ebafdac,2026-06-20,257,35171427588,15.327,,
climb,고철이,75825776cb7a2cb5eebb879c4ebafdac,2026-06-21,257,76960466708,33.538,,
climb,고철이,75825776cb7a2cb5eebb879c4ebafdac,2026-06-22,257,194084922483,84.580,,
climb,고철이,75825776cb7a2cb5eebb879c4ebafdac,2026-06-23,258,59485710208,25.168,,
climb,고철이,75825776cb7a2cb5eebb879c4ebafdac,2026-06-24,258,154537212979,65.384,,
climb,고철이,75825776cb7a2cb5eebb879c4ebafdac,2026-06-25,259,28402380192,11.667,,
climb,고철이,75825776cb7a2cb5eebb879c4ebafdac,2026-06-26,259,103696640401,42.596,7128028,
climb,고철이,75825776cb7a2cb5eebb879c4ebafdac,2026-06-27,259,103696640401,42.596,,
climb,고철이,75825776cb7a2cb5eebb879c4ebafdac,2026-06-28,260,103773851,0.006,,
climb,고철이,75825776cb7a2cb5eebb879c4ebafdac,2026-06-29,260,468882432262,27.073,,
climb,고철이,75825776cb7a2cb5eebb879c4ebafdac,2026-06-30,260,488458573577,28.203,,
climb,고철이,75825776cb7a2cb5eebb879c4ebafdac,2026-07-01,260,493059440705,28.469,,
climb,고철이,75825776cb7a2cb5eebb879c4ebafdac,2026-07-02,260,496791295746,28.684,,
climb,고철이,75825776cb7a2cb5eebb879c4ebafdac,2026-07-03,260,498147038135,28.763,,
climb,고철이,75825776cb7a2cb5eebb879c4ebafdac,2026-07-04,260,498147038135,28.763,7635093,
climb,고철이,75825776cb7a2cb5eebb879c4ebafdac,2026-07-05,260,498815217941,28.801,,
climb,고철이,75825776cb7a2cb5eebb879c4ebafdac,2026-07-06,260,500022670006,28.871,,
climb,고철이,75825776cb7a2cb5eebb879c4ebafdac,2026-07-07,260,500888135884,28.921,,
climb,고철이,75825776cb7a2cb5eebb879c4ebafdac,2026-07-08,260,503187889810,29.054,,
climb,고철이,75825776cb7a2cb5eebb879c4ebafdac,2026-07-09,260,507564089217,29.306,,
climb,고철이,75825776cb7a2cb5eebb879c4ebafdac,2026-07-10,260,507564089217,29.306,,
climb,고철이,75825776cb7a2cb5eebb879c4ebafdac,2026-07-11,260,507564089217,29.306,,
climb,고철이,75825776cb7a2cb5eebb879c4ebafdac,2026-07-12,260,507564089217,29.306,9631739,
climb,고철이,75825776cb7a2cb5eebb879c4ebafdac,2026-07-13,260,507564089217,29.306,,
climb,고철이,75825776cb7a2cb5eebb879c4ebafdac,2026-07-14,260,507645314280,29.311,,
climb,고철이,75825776cb7a2cb5eebb879c4ebafdac,2026-07-15,260,507645314280,29.311,,
climb,고철이,75825776cb7a2cb5eebb879c4ebafdac,2026-07-16,260,507645314280,29.311,,
climb,고철이,75825776cb7a2cb5eebb879c4ebafdac,2026-07-17,260,507645314280,29.311,,
climb,고철이,75825776cb7a2cb5eebb879c4ebafdac,2026-07-18,260,508062916593,29.335,,
climb,고철이,75825776cb7a2cb5eebb879c4ebafdac,2026-07-19,260,508062916593,29.335,,
climb,고철이,75825776cb7a2cb5eebb879c4ebafdac,2026-07-20,260,508062916593,29.335,10049188,
climb,고철이,75825776cb7a2cb5eebb879c4ebafdac,2026-07-21,260,508062916593,29.335,,
climb,고철이,75825776cb7a2cb5eebb879c4ebafdac,2026-07-22,260,508062916593,29.335,,
climb,륄옌,7827226a05d15ad44eada95193fece41efe8d04e6d233bd35cf2fabdeb93fb0d,2026-06-18,256,107666068256,48.327,2806688,
climb,륄옌,7827226a05d15ad44eada95193fece41efe8d04e6d233bd35cf2fabdeb93fb0d,2026-06-19,256,107666068256,48.327,,
climb,륄옌,7827226a05d15ad44eada95193fece41efe8d04e6d233bd35cf2fabdeb93fb0d,2026-06-20,256,107666068256,48.327,,
climb,륄옌,7827226a05d15ad44eada95193fece41efe8d04e6d233bd35cf2fabdeb93fb0d,2026-06-21,256,107666068256,48.327,,
climb,륄옌,7827226a05d15ad44eada95193fece41efe8d04e6d233bd35cf2fabdeb93fb0d,2026-06-22,256,107666068256,48.327,,
climb,륄옌,7827226a05d15ad44eada95193fece41efe8d04e6d233bd35cf2fabdeb93fb0d,2026-06-23,256,107666068256,48.327,,
climb,륄옌,7827226a05d15ad44eada95193fece41efe8d04e6d233bd35cf2fabdeb93fb0d,2026-06-24,256,107666068256,48.327,,
climb,륄옌,7827226a05d15ad44eada95193fece41efe8d04e6d233bd35cf2fabdeb93fb0d,2026-06-25,256,107666068256,48.327,,
climb,륄옌,7827226a05d15ad44eada95193fece41efe8d04e6d233bd35cf2fabdeb93fb0d,2026-06-26,256,107666068256,48.327,2806688,
climb,륄옌,7827226a05d15ad44eada95193fece41efe8d04e6d233bd35cf2fabdeb93fb0d,2026-06-27,256,107666068256,48.327,,
climb,륄옌,7827226a05d15ad44eada95193fece41efe8d04e6d233bd35cf2fabdeb93fb0d,2026-06-28,256,107666068256,48.327,,
climb,륄옌,7827226a05d15ad44eada95193fece41efe8d04e6d233bd35cf2fabdeb93fb0d,2026-06-29,256,107666068256,48.327,,
climb,륄옌,7827226a05d15ad44eada95193fece41efe8d04e6d233bd35cf2fabdeb93fb0d,2026-06-30,256,107666068256,48.327,,
climb,륄옌,7827226a05d15ad44eada95193fece41efe8d04e6d233bd35cf2fabdeb93fb0d,2026-07-01,256,107666068256,48.327,,
climb,륄옌,7827226a05d15ad44eada95193fece41efe8d04e6d233bd35cf2fabdeb93fb0d,2026-07-02,256,107666068256,48.327,,
climb,륄옌,7827226a05d15ad44eada95193fece41efe8d04e6d233bd35cf2fabdeb93fb0d,2026-07-03,256,107666068256,48.327,,
climb,륄옌,7827226a05d15ad44eada95193fece41efe8d04e6d233bd35cf2fabdeb93fb0d,2026-07-04,256,107666068256,48.327,2806688,
climb,륄옌,7827226a05d15ad44eada95193fece41efe8d04e6d233bd35cf2fabdeb93fb0d,2026-07-05,256,107666068256,48.327,,
climb,륄옌,7827226a05d15ad44eada95193fece41efe8d04e6d233bd35cf2fabdeb93fb0d,2026-07-06,256,107666068256,48.327,,
climb,륄옌,7827226a05d15ad44eada95193fece41efe8d04e6d233bd35cf2fabdeb93fb0d,2026-07-07,256,107666068256,48.327,,
climb,륄옌,7827226a05d15ad44eada95193fece41efe8d04e6d233bd35cf2fabdeb93fb0d,2026-07-08,256,107666068256,48.327,,
climb,륄옌,7827226a05d15ad44eada95193fece41efe8d04e6d233bd35cf2fabdeb93fb0d,2026-07-09,256,107666068256,48.327,,
climb,륄옌,7827226a05d15ad44eada95193fece41efe8d04e6d233bd35cf2fabdeb93fb0d,2026-07-10,256,107666068256,48.327,,
climb,륄옌,7827226a05d15ad44eada95193fece41efe8d04e6d233bd35cf2fabdeb93fb0d,2026-07-11,256,107666068256,48.327,,
climb,륄옌,7827226a05d15ad44eada95193fece41efe8d04e6d233bd35cf2fabdeb93fb0d,2026-07-12,256,107666068256,48.327,2806688,
climb,륄옌,7827226a05d15ad44eada95193fece41efe8d04e6d233bd35cf2fabdeb93fb0d,2026-07-13,256,107666068256,48.327,,
climb,륄옌,7827226a05d15ad44eada95193fece41efe8d04e6d233bd35cf2fabdeb93fb0d,2026-07-14,256,107666068256,48.327,,
climb,륄옌,7827226a05d15ad44eada95193fece41efe8d04e6d233bd35cf2fabdeb93fb0d,2026-07-15,256,107666068256,48.327,,
climb,륄옌,7827226a05d15ad44eada95193fece41efe8d04e6d233bd35cf2fabdeb93fb0d,2026-07-16,256,107666068256,48.327,,
climb,륄옌,7827226a05d15ad44eada95193fece41efe8d04e6d233bd35cf2fabdeb93fb0d,2026-07-17,256,107666068256,48.327,,
climb,륄옌,7827226a05d15ad44eada95193fece41efe8d04e6d233bd35cf2fabdeb93fb0d,2026-07-18,256,107666068256,48.327,,
climb,륄옌,7827226a05d15ad44eada95193fece41efe8d04e6d233bd35cf2fabdeb93fb0d,2026-07-19,256,107666068256,48.327,,
climb,륄옌,7827226a05d15ad44eada95193fece41efe8d04e6d233bd35cf2fabdeb93fb0d,2026-07-20,256,107666068256,48.327,2806688,
climb,륄옌,7827226a05d15ad44eada95193fece41efe8d04e6d233bd35cf2fabdeb93fb0d,2026-07-21,256,107666068256,48.327,,
climb,륄옌,7827226a05d15ad44eada95193fece41efe8d04e6d233bd35cf2fabdeb93fb0d,2026-07-22,256,107666068256,48.327,,
climb,202403112130,f6c13a3cdd317d60bbb09e89747259b8,2026-06-18,256,51239013498,22.999,145652,
climb,202403112130,f6c13a3cdd317d60bbb09e89747259b8,2026-06-19,256,51239013498,22.999,,
climb,202403112130,f6c13a3cdd317d60bbb09e89747259b8,2026-06-20,256,51239013498,22.999,,
climb,202403112130,f6c13a3cdd317d60bbb09e89747259b8,2026-06-21,256,51239013498,22.999,,
climb,202403112130,f6c13a3cdd317d60bbb09e89747259b8,2026-06-22,256,51239013498,22.999,,
climb,202403112130,f6c13a3cdd317d60bbb09e89747259b8,2026-06-23,256,51239013498,22.999,,
climb,202403112130,f6c13a3cdd317d60bbb09e89747259b8,2026-06-24,256,51239013498,22.999,,
climb,202403112130,f6c13a3cdd317d60bbb09e89747259b8,2026-06-25,256,51239013498,22.999,,
climb,202403112130,f6c13a3cdd317d60bbb09e89747259b8,2026-06-26,256,51239013498,22.999,145652,
climb,202403112130,f6c13a3cdd317d60bbb09e89747259b8,2026-06-27,256,51239013498,22.999,,
climb,202403112130,f6c13a3cdd317d60bbb09e89747259b8,2026-06-28,256,51239013498,22.999,,
climb,202403112130,f6c13a3cdd317d60bbb09e89747259b8,2026-06-29,256,51239013498,22.999,,
climb,202403112130,f6c13a3cdd317d60bbb09e89747259b8,2026-06-30,256,51239013498,22.999,,
climb,202403112130,f6c13a3cdd317d60bbb09e89747259b8,2026-07-01,256,51239013498,22.999,,
climb,202403112130,f6c13a3cdd317d60bbb09e89747259b8,2026-07-02,256,51239013498,22.999,,
climb,202403112130,f6c13a3cdd317d60bbb09e89747259b8,2026-07-03,256,51239013498,22.999,,
climb,202403112130,f6c13a3cdd317d60bbb09e89747259b8,2026-07-04,256,51239013498,22.999,145652,
climb,202403112130,f6c13a3cdd317d60bbb09e89747259b8,2026-07-05,256,51239013498,22.999,,
climb,202403112130,f6c13a3cdd317d60bbb09e89747259b8,2026-07-06,256,51239013498,22.999,,
climb,202403112130,f6c13a3cdd317d60bbb09e89747259b8,2026-07-07,256,51239013498,22.999,,
climb,202403112130,f6c13a3cdd317d60bbb09e89747259b8,2026-07-08,256,51239013498,22.999,,
climb,202403112130,f6c13a3cdd317d60bbb09e89747259b8,2026-07-09,256,51239013498,22.999,,
climb,202403112130,f6c13a3cdd317d60bbb09e89747259b8,2026-07-10,256,51239013498,22.999,,
climb,202403112130,f6c13a3cdd317d60bbb09e89747259b8,2026-07-11,256,51239013498,22.999,,
climb,202403112130,f6c13a3cdd317d60bbb09e89747259b8,2026-07-12,256,51239013498,22.999,145652,
climb,202403112130,f6c13a3cdd317d60bbb09e89747259b8,2026-07-13,256,51239013498,22.999,,
climb,202403112130,f6c13a3cdd317d60bbb09e89747259b8,2026-07-14,256,51239013498,22.999,,
climb,202403112130,f6c13a3cdd317d60bbb09e89747259b8,2026-07-15,256,51239013498,22.999,,
climb,202403112130,f6c13a3cdd317d60bbb09e89747259b8,2026-07-16,256,51239013498,22.999,,
climb,202403112130,f6c13a3cdd317d60bbb09e89747259b8,2026-07-17,256,51239013498,22.999,,
climb,202403112130,f6c13a3cdd317d60bbb09e89747259b8,2026-07-18,256,51239013498,22.999,,
climb,202403112130,f6c13a3cdd317d60bbb09e89747259b8,2026-07-19,256,51239013498,22.999,,
climb,202403112130,f6c13a3cdd317d60bbb09e89747259b8,2026-07-20,256,51239013498,22.999,145652,
climb,202403112130,f6c13a3cdd317d60bbb09e89747259b8,2026-07-21,256,51239013498,22.999,,
climb,202403112130,f6c13a3cdd317d60bbb09e89747259b8,2026-07-22,256,51239013498,22.999,,
climb,면약한국화,b337eab34fcead9b01c6d2f44bfe655a,2026-06-18,256,62546067350,28.074,1816061,
climb,면약한국화,b337eab34fcead9b01c6d2f44bfe655a,2026-06-19,256,62546067350,28.074,,
climb,면약한국화,b337eab34fcead9b01c6d2f44bfe655a,2026-06-20,256,62546067350,28.074,,
climb,면약한국화,b337eab34fcead9b01c6d2f44bfe655a,2026-06-21,256,62546067350,28.074,,
climb,면약한국화,b337eab34fcead9b01c6d2f44bfe655a,2026-06-22,256,62546067350,28.074,,
climb,면약한국화,b337eab34fcead9b01c6d2f44bfe655a,2026-06-23,256,62546067350,28.074,,
climb,면약한국화,b337eab34fcead9b01c6d2f44bfe655a,2026-06-24,256,62546067350,28.074,,
climb,면약한국화,b337eab34fcead9b01c6d2f44bfe655a,2026-06-25,256,62546067350,28.074,,
climb,면약한국화,b337eab34fcead9b01c6d2f44bfe655a,2026-06-26,256,62546067350,28.074,1816061,
climb,면약한국화,b337eab34fcead9b01c6d2f44bfe655a,2026-06-27,256,62546067350,28.074,,
climb,면약한국화,b337eab34fcead9b01c6d2f44bfe655a,2026-06-28,256,62546067350,28.074,,
climb,면약한국화,b337eab34fcead9b01c6d2f44bfe655a,2026-06-29,256,62546067350,28.074,,
climb,면약한국화,b337eab34fcead9b01c6d2f44bfe655a,2026-06-30,256,62546067350,28.074,,
climb,면약한국화,b337eab34fcead9b01c6d2f44bfe655a,2026-07-01,256,62546067350,28.074,,
climb,면약한국화,b337eab34fcead9b01c6d2f44bfe655a,2026-07-02,256,62546067350,28.074,,
climb,면약한국화,b337eab34fcead9b01c6d2f44bfe655a,2026-07-03,256,62546067350,28.074,,
climb,면약한국화,b337eab34fcead9b01c6d2f44bfe655a,2026-07-04,256,62546067350,28.074,1816061,
climb,면약한국화,b337eab34fcead9b01c6d2f44bfe655a,2026-07-05,256,62546067350,28.074,,
climb,면약한국화,b337eab34fcead9b01c6d2f44bfe655a,2026-07-06,256,62546067350,28.074,,
climb,면약한국화,b337eab34fcead9b01c6d2f44bfe655a,2026-07-07,256,62546067350,28.074,,
climb,면약한국화,b337eab34fcead9b01c6d2f44bfe655a,2026-07-08,256,62546067350,28.074,,
climb,면약한국화,b337eab34fcead9b01c6d2f44bfe655a,2026-07-09,256,62546067350,28.074,,
climb,면약한국화,b337eab34fcead9b01c6d2f44bfe655a,2026-07-10,256,62546067350,28.074,,
climb,면약한국화,b337eab34fcead9b01c6d2f44bfe655a,2026-07-11,256,62546067350,28.074,,
climb,면약한국화,b337eab34fcead9b01c6d2f44bfe655a,2026-07-12,256,62546067350,28.074,1816061,
climb,면약한국화,b337eab34fcead9b01c6d2f44bfe655a,2026-07-13,256,62546067350,28.074,,
climb,면약한국화,b337eab34fcead9b01c6d2f44bfe655a,2026-07-14,256,62546067350,28.074,,
climb,면약한국화,b337eab34fcead9b01c6d2f44bfe655a,2026-07-15,256,62546067350,28.074,,
climb,면약한국화,b337eab34fcead9b01c6d2f44bfe655a,2026-07-16,256,62546067350,28.074,,
climb,면약한국화,b337eab34fcead9b01c6d2f44bfe655a,2026-07-17,256,62546067350,28.074,,
climb,면약한국화,b337eab34fcead9b01c6d2f44bfe655a,2026-07-18,256,62546067350,28.074,,
climb,면약한국화,b337eab34fcead9b01c6d2f44bfe655a,2026-07-19,256,62546067350,28.074,,
climb,면약한국화,b337eab34fcead9b01c6d2f44bfe655a,2026-07-20,256,62546067350,28.074,1816061,
climb,면약한국화,b337eab34fcead9b01c6d2f44bfe655a,2026-07-21,256,62546067350,28.074,,
climb,면약한국화,b337eab34fcead9b01c6d2f44bfe655a,2026-07-22,256,62546067350,28.074,,
climb,월간초월은월,01482598804711f6504f2a648e3b1417efe8d04e6d233bd35cf2fabdeb93fb0d,2026-06-18,256,36774787134,16.507,1735540,
climb,월간초월은월,01482598804711f6504f2a648e3b1417efe8d04e6d233bd35cf2fabdeb93fb0d,2026-06-19,256,36774787134,16.507,,
climb,월간초월은월,01482598804711f6504f2a648e3b1417efe8d04e6d233bd35cf2fabdeb93fb0d,2026-06-20,256,36774787134,16.507,,
climb,월간초월은월,01482598804711f6504f2a648e3b1417efe8d04e6d233bd35cf2fabdeb93fb0d,2026-06-21,256,36774787134,16.507,,
climb,월간초월은월,01482598804711f6504f2a648e3b1417efe8d04e6d233bd35cf2fabdeb93fb0d,2026-06-22,256,36774787134,16.507,,
climb,월간초월은월,01482598804711f6504f2a648e3b1417efe8d04e6d233bd35cf2fabdeb93fb0d,2026-06-23,256,36774787134,16.507,,
climb,월간초월은월,01482598804711f6504f2a648e3b1417efe8d04e6d233bd35cf2fabdeb93fb0d,2026-06-24,256,36774787134,16.507,,
climb,월간초월은월,01482598804711f6504f2a648e3b1417efe8d04e6d233bd35cf2fabdeb93fb0d,2026-06-25,256,36774787134,16.507,,
climb,월간초월은월,01482598804711f6504f2a648e3b1417efe8d04e6d233bd35cf2fabdeb93fb0d,2026-06-26,256,36774787134,16.507,1508527,
climb,월간초월은월,01482598804711f6504f2a648e3b1417efe8d04e6d233bd35cf2fabdeb93fb0d,2026-06-27,256,36774787134,16.507,,
climb,월간초월은월,01482598804711f6504f2a648e3b1417efe8d04e6d233bd35cf2fabdeb93fb0d,2026-06-28,256,36774787134,16.507,,
climb,월간초월은월,01482598804711f6504f2a648e3b1417efe8d04e6d233bd35cf2fabdeb93fb0d,2026-06-29,256,36774787134,16.507,,
climb,월간초월은월,01482598804711f6504f2a648e3b1417efe8d04e6d233bd35cf2fabdeb93fb0d,2026-06-30,256,36774787134,16.507,,
climb,월간초월은월,01482598804711f6504f2a648e3b1417efe8d04e6d233bd35cf2fabdeb93fb0d,2026-07-01,256,36774787134,16.507,,
climb,월간초월은월,01482598804711f6504f2a648e3b1417efe8d04e6d233bd35cf2fabdeb93fb0d,2026-07-02,256,36774787134,16.507,,
climb,월간초월은월,01482598804711f6504f2a648e3b1417efe8d04e6d233bd35cf2fabdeb93fb0d,2026-07-03,256,36774787134,16.507,,
climb,월간초월은월,01482598804711f6504f2a648e3b1417efe8d04e6d233bd35cf2fabdeb93fb0d,2026-07-04,256,36774787134,16.507,1508527,
climb,월간초월은월,01482598804711f6504f2a648e3b1417efe8d04e6d233bd35cf2fabdeb93fb0d,2026-07-05,256,36774787134,16.507,,
climb,월간초월은월,01482598804711f6504f2a648e3b1417efe8d04e6d233bd35cf2fabdeb93fb0d,2026-07-06,256,36774787134,16.507,,
climb,월간초월은월,01482598804711f6504f2a648e3b1417efe8d04e6d233bd35cf2fabdeb93fb0d,2026-07-07,256,36774787134,16.507,,
climb,월간초월은월,01482598804711f6504f2a648e3b1417efe8d04e6d233bd35cf2fabdeb93fb0d,2026-07-08,256,36774787134,16.507,,
climb,월간초월은월,01482598804711f6504f2a648e3b1417efe8d04e6d233bd35cf2fabdeb93fb0d,2026-07-09,256,36774787134,16.507,,
climb,월간초월은월,01482598804711f6504f2a648e3b1417efe8d04e6d233bd35cf2fabdeb93fb0d,2026-07-10,256,36774787134,16.507,,
climb,월간초월은월,01482598804711f6504f2a648e3b1417efe8d04e6d233bd35cf2fabdeb93fb0d,2026-07-11,256,36774787134,16.507,,
climb,월간초월은월,01482598804711f6504f2a648e3b1417efe8d04e6d233bd35cf2fabdeb93fb0d,2026-07-12,256,36774787134,16.507,1508527,
climb,월간초월은월,01482598804711f6504f2a648e3b1417efe8d04e6d233bd35cf2fabdeb93fb0d,2026-07-13,256,36774787134,16.507,,
climb,월간초월은월,01482598804711f6504f2a648e3b1417efe8d04e6d233bd35cf2fabdeb93fb0d,2026-07-14,256,36774787134,16.507,,
climb,월간초월은월,01482598804711f6504f2a648e3b1417efe8d04e6d233bd35cf2fabdeb93fb0d,2026-07-15,256,36774787134,16.507,,
climb,월간초월은월,01482598804711f6504f2a648e3b1417efe8d04e6d233bd35cf2fabdeb93fb0d,2026-07-16,256,36774787134,16.507,,
climb,월간초월은월,01482598804711f6504f2a648e3b1417efe8d04e6d233bd35cf2fabdeb93fb0d,2026-07-17,256,36774787134,16.507,,
climb,월간초월은월,01482598804711f6504f2a648e3b1417efe8d04e6d233bd35cf2fabdeb93fb0d,2026-07-18,256,36774787134,16.507,,
climb,월간초월은월,01482598804711f6504f2a648e3b1417efe8d04e6d233bd35cf2fabdeb93fb0d,2026-07-19,256,36774787134,16.507,,
climb,월간초월은월,01482598804711f6504f2a648e3b1417efe8d04e6d233bd35cf2fabdeb93fb0d,2026-07-20,256,36774787134,16.507,1508527,
climb,월간초월은월,01482598804711f6504f2a648e3b1417efe8d04e6d233bd35cf2fabdeb93fb0d,2026-07-21,256,36774787134,16.507,,
climb,월간초월은월,01482598804711f6504f2a648e3b1417efe8d04e6d233bd35cf2fabdeb93fb0d,2026-07-22,256,36774787134,16.507,,
climb,청반아,b9a327f97edad30730af7ef5f2abcfa4,2026-06-18,256,31256715129,14.030,66109,
climb,청반아,b9a327f97edad30730af7ef5f2abcfa4,2026-06-19,256,31256715129,14.030,,
climb,청반아,b9a327f97edad30730af7ef5f2abcfa4,2026-06-20,256,31256715129,14.030,,
climb,청반아,b9a327f97edad30730af7ef5f2abcfa4,2026-06-21,256,31256715129,14.030,,
climb,청반아,b9a327f97edad30730af7ef5f2abcfa4,2026-06-22,256,31256715129,14.030,,
climb,청반아,b9a327f97edad30730af7ef5f2abcfa4,2026-06-23,256,31256715129,14.030,,
climb,청반아,b9a327f97edad30730af7ef5f2abcfa4,2026-06-24,256,31256715129,14.030,,
climb,청반아,b9a327f97edad30730af7ef5f2abcfa4,2026-06-25,256,31256715129,14.030,,
climb,청반아,b9a327f97edad30730af7ef5f2abcfa4,2026-06-26,256,31256715129,14.030,66109,
climb,청반아,b9a327f97edad30730af7ef5f2abcfa4,2026-06-27,256,31256715129,14.030,,
climb,청반아,b9a327f97edad30730af7ef5f2abcfa4,2026-06-28,256,31256715129,14.030,,
climb,청반아,b9a327f97edad30730af7ef5f2abcfa4,2026-06-29,256,31256715129,14.030,,
climb,청반아,b9a327f97edad30730af7ef5f2abcfa4,2026-06-30,256,31256715129,14.030,,
climb,청반아,b9a327f97edad30730af7ef5f2abcfa4,2026-07-01,256,31256715129,14.030,,
climb,청반아,b9a327f97edad30730af7ef5f2abcfa4,2026-07-02,256,31256715129,14.030,,
climb,청반아,b9a327f97edad30730af7ef5f2abcfa4,2026-07-03,256,31256715129,14.030,,
climb,청반아,b9a327f97edad30730af7ef5f2abcfa4,2026-07-04,256,31256715129,14.030,66109,
climb,청반아,b9a327f97edad30730af7ef5f2abcfa4,2026-07-05,256,31256715129,14.030,,
climb,청반아,b9a327f97edad30730af7ef5f2abcfa4,2026-07-06,256,31256715129,14.030,,
climb,청반아,b9a327f97edad30730af7ef5f2abcfa4,2026-07-07,256,31256715129,14.030,,
climb,청반아,b9a327f97edad30730af7ef5f2abcfa4,2026-07-08,256,31256715129,14.030,,
climb,청반아,b9a327f97edad30730af7ef5f2abcfa4,2026-07-09,256,31256715129,14.030,,
climb,청반아,b9a327f97edad30730af7ef5f2abcfa4,2026-07-10,256,31256715129,14.030,,
climb,청반아,b9a327f97edad30730af7ef5f2abcfa4,2026-07-11,256,31256715129,14.030,,
climb,청반아,b9a327f97edad30730af7ef5f2abcfa4,2026-07-12,256,31256715129,14.030,66109,
climb,청반아,b9a327f97edad30730af7ef5f2abcfa4,2026-07-13,256,31256715129,14.030,,
climb,청반아,b9a327f97edad30730af7ef5f2abcfa4,2026-07-14,256,31256715129,14.030,,
climb,청반아,b9a327f97edad30730af7ef5f2abcfa4,2026-07-15,256,31256715129,14.030,,
climb,청반아,b9a327f97edad30730af7ef5f2abcfa4,2026-07-16,256,31256715129,14.030,,
climb,청반아,b9a327f97edad30730af7ef5f2abcfa4,2026-07-17,256,31256715129,14.030,,
climb,청반아,b9a327f97edad30730af7ef5f2abcfa4,2026-07-18,256,31256715129,14.030,,
climb,청반아,b9a327f97edad30730af7ef5f2abcfa4,2026-07-19,256,31256715129,14.030,,
climb,청반아,b9a327f97edad30730af7ef5f2abcfa4,2026-07-20,256,31256715129,14.030,66109,
climb,청반아,b9a327f97edad30730af7ef5f2abcfa4,2026-07-21,256,31256715129,14.030,,
climb,청반아,b9a327f97edad30730af7ef5f2abcfa4,2026-07-22,256,31256715129,14.030,,
climb,란다안,bcf6115c7988f4a7989560cc5293dbecefe8d04e6d233bd35cf2fabdeb93fb0d,2026-06-18,256,82669214010,37.107,452387,
climb,란다안,bcf6115c7988f4a7989560cc5293dbecefe8d04e6d233bd35cf2fabdeb93fb0d,2026-06-19,256,82669214010,37.107,,
climb,란다안,bcf6115c7988f4a7989560cc5293dbecefe8d04e6d233bd35cf2fabdeb93fb0d,2026-06-20,256,82669214010,37.107,,
climb,란다안,bcf6115c7988f4a7989560cc5293dbecefe8d04e6d233bd35cf2fabdeb93fb0d,2026-06-21,256,82669214010,37.107,,
climb,란다안,bcf6115c7988f4a7989560cc5293dbecefe8d04e6d233bd35cf2fabdeb93fb0d,2026-06-22,256,82669214010,37.107,,
climb,란다안,bcf6115c7988f4a7989560cc5293dbecefe8d04e6d233bd35cf2fabdeb93fb0d,2026-06-23,256,82669214010,37.107,,
climb,란다안,bcf6115c7988f4a7989560cc5293dbecefe8d04e6d233bd35cf2fabdeb93fb0d,2026-06-24,256,82669214010,37.107,,
climb,란다안,bcf6115c7988f4a7989560cc5293dbecefe8d04e6d233bd35cf2fabdeb93fb0d,2026-06-25,256,82669214010,37.107,,
climb,란다안,bcf6115c7988f4a7989560cc5293dbecefe8d04e6d233bd35cf2fabdeb93fb0d,2026-06-26,256,82669214010,37.107,452387,
climb,란다안,bcf6115c7988f4a7989560cc5293dbecefe8d04e6d233bd35cf2fabdeb93fb0d,2026-06-27,256,82669214010,37.107,,
climb,란다안,bcf6115c7988f4a7989560cc5293dbecefe8d04e6d233bd35cf2fabdeb93fb0d,2026-06-28,256,82669214010,37.107,,
climb,란다안,bcf6115c7988f4a7989560cc5293dbecefe8d04e6d233bd35cf2fabdeb93fb0d,2026-06-29,256,82669214010,37.107,,
climb,란다안,bcf6115c7988f4a7989560cc5293dbecefe8d04e6d233bd35cf2fabdeb93fb0d,2026-06-30,256,82669214010,37.107,,
climb,란다안,bcf6115c7988f4a7989560cc5293dbecefe8d04e6d233bd35cf2fabdeb93fb0d,2026-07-01,256,82669214010,37.107,,
climb,란다안,bcf6115c7988f4a7989560cc5293dbecefe8d04e6d233bd35cf2fabdeb93fb0d,2026-07-02,256,82669214010,37.107,,
climb,란다안,bcf6115c7988f4a7989560cc5293dbecefe8d04e6d233bd35cf2fabdeb93fb0d,2026-07-03,256,82669214010,37.107,,
climb,란다안,bcf6115c7988f4a7989560cc5293dbecefe8d04e6d233bd35cf2fabdeb93fb0d,2026-07-04,256,82669214010,37.107,452387,
climb,란다안,bcf6115c7988f4a7989560cc5293dbecefe8d04e6d233bd35cf2fabdeb93fb0d,2026-07-05,256,82669214010,37.107,,
climb,란다안,bcf6115c7988f4a7989560cc5293dbecefe8d04e6d233bd35cf2fabdeb93fb0d,2026-07-06,256,82669214010,37.107,,
climb,란다안,bcf6115c7988f4a7989560cc5293dbecefe8d04e6d233bd35cf2fabdeb93fb0d,2026-07-07,256,82669214010,37.107,,
climb,란다안,bcf6115c7988f4a7989560cc5293dbecefe8d04e6d233bd35cf2fabdeb93fb0d,2026-07-08,256,82669214010,37.107,,
climb,란다안,bcf6115c7988f4a7989560cc5293dbecefe8d04e6d233bd35cf2fabdeb93fb0d,2026-07-09,256,82669214010,37.107,,
climb,란다안,bcf6115c7988f4a7989560cc5293dbecefe8d04e6d233bd35cf2fabdeb93fb0d,2026-07-10,256,82669214010,37.107,,
climb,란다안,bcf6115c7988f4a7989560cc5293dbecefe8d04e6d233bd35cf2fabdeb93fb0d,2026-07-11,256,82669214010,37.107,,
climb,란다안,bcf6115c7988f4a7989560cc5293dbecefe8d04e6d233bd35cf2fabdeb93fb0d,2026-07-12,256,82669214010,37.107,452387,
climb,란다안,bcf6115c7988f4a7989560cc5293dbecefe8d04e6d233bd35cf2fabdeb93fb0d,2026-07-13,256,82669214010,37.107,,
climb,란다안,bcf6115c7988f4a7989560cc5293dbecefe8d04e6d233bd35cf2fabdeb93fb0d,2026-07-14,256,82669214010,37.107,,
climb,란다안,bcf6115c7988f4a7989560cc5293dbecefe8d04e6d233bd35cf2fabdeb93fb0d,2026-07-15,256,82669214010,37.107,,
climb,란다안,bcf6115c7988f4a7989560cc5293dbecefe8d04e6d233bd35cf2fabdeb93fb0d,2026-07-16,256,82669214010,37.107,,
climb,란다안,bcf6115c7988f4a7989560cc5293dbecefe8d04e6d233bd35cf2fabdeb93fb0d,2026-07-17,256,82669214010,37.107,,
climb,란다안,bcf6115c7988f4a7989560cc5293dbecefe8d04e6d233bd35cf2fabdeb93fb0d,2026-07-18,256,82669214010,37.107,,
climb,란다안,bcf6115c7988f4a7989560cc5293dbecefe8d04e6d233bd35cf2fabdeb93fb0d,2026-07-19,256,82669214010,37.107,,
climb,란다안,bcf6115c7988f4a7989560cc5293dbecefe8d04e6d233bd35cf2fabdeb93fb0d,2026-07-20,256,82669214010,37.107,452387,
climb,란다안,bcf6115c7988f4a7989560cc5293dbecefe8d04e6d233bd35cf2fabdeb93fb0d,2026-07-21,256,82669214010,37.107,,
climb,란다안,bcf6115c7988f4a7989560cc5293dbecefe8d04e6d233bd35cf2fabdeb93fb0d,2026-07-22,256,82669214010,37.107,,
climb,딸기찹쌀S2,3875261aba8fe5ca2c8675b67cd13c8a,2026-06-18,256,32229727848,14.467,3511425,
climb,딸기찹쌀S2,3875261aba8fe5ca2c8675b67cd13c8a,2026-06-19,256,32229727848,14.467,,
climb,딸기찹쌀S2,3875261aba8fe5ca2c8675b67cd13c8a,2026-06-20,256,75776888568,34.013,,
climb,딸기찹쌀S2,3875261aba8fe5ca2c8675b67cd13c8a,2026-06-21,257,57790238457,25.184,,
climb,딸기찹쌀S2,3875261aba8fe5ca2c8675b67cd13c8a,2026-06-22,257,192854209128,84.043,,
climb,딸기찹쌀S2,3875261aba8fe5ca2c8675b67cd13c8a,2026-06-23,258,104719305857,44.306,,
climb,딸기찹쌀S2,3875261aba8fe5ca2c8675b67cd13c8a,2026-06-24,258,104719305857,44.306,,
climb,딸기찹쌀S2,3875261aba8fe5ca2c8675b67cd13c8a,2026-06-25,258,104719305857,44.306,,
climb,딸기찹쌀S2,3875261aba8fe5ca2c8675b67cd13c8a,2026-06-26,258,229563786513,97.127,4564126,
climb,딸기찹쌀S2,3875261aba8fe5ca2c8675b67cd13c8a,2026-06-27,259,60044061103,24.664,,
climb,딸기찹쌀S2,3875261aba8fe5ca2c8675b67cd13c8a,2026-06-28,259,131503638738,54.018,,
climb,딸기찹쌀S2,3875261aba8fe5ca2c8675b67cd13c8a,2026-06-29,259,131503638738,54.018,,
climb,딸기찹쌀S2,3875261aba8fe5ca2c8675b67cd13c8a,2026-06-30,259,131503638738,54.018,,
climb,딸기찹쌀S2,3875261aba8fe5ca2c8675b67cd13c8a,2026-07-01,259,131503638738,54.018,,
climb,딸기찹쌀S2,3875261aba8fe5ca2c8675b67cd13c8a,2026-07-02,259,131503638738,54.018,,
climb,딸기찹쌀S2,3875261aba8fe5ca2c8675b67cd13c8a,2026-07-03,259,131503638738,54.018,,
climb,딸기찹쌀S2,3875261aba8fe5ca2c8675b67cd13c8a,2026-07-04,259,131503638738,54.018,4905781,
climb,딸기찹쌀S2,3875261aba8fe5ca2c8675b67cd13c8a,2026-07-05,259,200656833656,82.424,,
climb,딸기찹쌀S2,3875261aba8fe5ca2c8675b67cd13c8a,2026-07-06,260,48495136135,2.800,,
climb,딸기찹쌀S2,3875261aba8fe5ca2c8675b67cd13c8a,2026-07-07,260,70203656346,4.054,,
climb,딸기찹쌀S2,3875261aba8fe5ca2c8675b67cd13c8a,2026-07-08,260,70203656346,4.054,,
climb,딸기찹쌀S2,3875261aba8fe5ca2c8675b67cd13c8a,2026-07-09,260,110601173954,6.386,,
climb,딸기찹쌀S2,3875261aba8fe5ca2c8675b67cd13c8a,2026-07-10,260,135598937401,7.829,,
climb,딸기찹쌀S2,3875261aba8fe5ca2c8675b67cd13c8a,2026-07-11,260,135598937401,7.829,,
climb,딸기찹쌀S2,3875261aba8fe5ca2c8675b67cd13c8a,2026-07-12,260,135598937401,7.829,7735500,
climb,딸기찹쌀S2,3875261aba8fe5ca2c8675b67cd13c8a,2026-07-13,260,176470872404,10.189,,
climb,딸기찹쌀S2,3875261aba8fe5ca2c8675b67cd13c8a,2026-07-14,260,176470872404,10.189,,
climb,딸기찹쌀S2,3875261aba8fe5ca2c8675b67cd13c8a,2026-07-15,260,176470872404,10.189,,
climb,딸기찹쌀S2,3875261aba8fe5ca2c8675b67cd13c8a,2026-07-16,260,176470872404,10.189,,
climb,딸기찹쌀S2,3875261aba8fe5ca2c8675b67cd13c8a,2026-07-17,260,176470872404,10.189,,
climb,딸기찹쌀S2,3875261aba8fe5ca2c8675b67cd13c8a,2026-07-18,260,176470872404,10.189,,
climb,딸기찹쌀S2,3875261aba8fe5ca2c8675b67cd13c8a,2026-07-19,260,176470872404,10.189,,
climb,딸기찹쌀S2,3875261aba8fe5ca2c8675b67cd13c8a,2026-07-20,260,176470872404,10.189,7727333,
climb,딸기찹쌀S2,3875261aba8fe5ca2c8675b67cd13c8a,2026-07-21,260,176470872404,10.189,,
climb,딸기찹쌀S2,3875261aba8fe5ca2c8675b67cd13c8a,2026-07-22,260,176470872404,10.189,,
climb,이바소마리,a9336c6a61ec00bc99cfa2aa8d344bd7efe8d04e6d233bd35cf2fabdeb93fb0d,2026-06-18,256,78646124795,35.301,1797937,
climb,이바소마리,a9336c6a61ec00bc99cfa2aa8d344bd7efe8d04e6d233bd35cf2fabdeb93fb0d,2026-06-19,256,78646124795,35.301,,
climb,이바소마리,a9336c6a61ec00bc99cfa2aa8d344bd7efe8d04e6d233bd35cf2fabdeb93fb0d,2026-06-20,256,94277804666,42.318,,
climb,이바소마리,a9336c6a61ec00bc99cfa2aa8d344bd7efe8d04e6d233bd35cf2fabdeb93fb0d,2026-06-21,256,110198250141,49.464,,
climb,이바소마리,a9336c6a61ec00bc99cfa2aa8d344bd7efe8d04e6d233bd35cf2fabdeb93fb0d,2026-06-22,256,125789114695,56.462,,
climb,이바소마리,a9336c6a61ec00bc99cfa2aa8d344bd7efe8d04e6d233bd35cf2fabdeb93fb0d,2026-06-23,256,141705030949,63.606,,
climb,이바소마리,a9336c6a61ec00bc99cfa2aa8d344bd7efe8d04e6d233bd35cf2fabdeb93fb0d,2026-06-24,256,157164356745,70.545,,
climb,이바소마리,a9336c6a61ec00bc99cfa2aa8d344bd7efe8d04e6d233bd35cf2fabdeb93fb0d,2026-06-25,256,167576925771,75.219,,
climb,이바소마리,a9336c6a61ec00bc99cfa2aa8d344bd7efe8d04e6d233bd35cf2fabdeb93fb0d,2026-06-26,256,178068351108,79.928,2044909,
climb,이바소마리,a9336c6a61ec00bc99cfa2aa8d344bd7efe8d04e6d233bd35cf2fabdeb93fb0d,2026-06-27,256,178068351108,79.928,,
climb,이바소마리,a9336c6a61ec00bc99cfa2aa8d344bd7efe8d04e6d233bd35cf2fabdeb93fb0d,2026-06-28,256,188439303484,84.583,,
climb,이바소마리,a9336c6a61ec00bc99cfa2aa8d344bd7efe8d04e6d233bd35cf2fabdeb93fb0d,2026-06-29,256,198910458944,89.283,,
climb,이바소마리,a9336c6a61ec00bc99cfa2aa8d344bd7efe8d04e6d233bd35cf2fabdeb93fb0d,2026-06-30,256,209449562223,94.014,,
climb,이바소마리,a9336c6a61ec00bc99cfa2aa8d344bd7efe8d04e6d233bd35cf2fabdeb93fb0d,2026-07-01,256,219882081172,98.697,,
climb,이바소마리,a9336c6a61ec00bc99cfa2aa8d344bd7efe8d04e6d233bd35cf2fabdeb93fb0d,2026-07-02,257,7744834868,3.375,,
climb,이바소마리,a9336c6a61ec00bc99cfa2aa8d344bd7efe8d04e6d233bd35cf2fabdeb93fb0d,2026-07-03,257,18110635349,7.892,,
climb,이바소마리,a9336c6a61ec00bc99cfa2aa8d344bd7efe8d04e6d233bd35cf2fabdeb93fb0d,2026-07-04,257,28455897639,12.401,2044909,
climb,이바소마리,a9336c6a61ec00bc99cfa2aa8d344bd7efe8d04e6d233bd35cf2fabdeb93fb0d,2026-07-05,257,38962144365,16.979,,
climb,이바소마리,a9336c6a61ec00bc99cfa2aa8d344bd7efe8d04e6d233bd35cf2fabdeb93fb0d,2026-07-06,257,49527719524,21.584,,
climb,이바소마리,a9336c6a61ec00bc99cfa2aa8d344bd7efe8d04e6d233bd35cf2fabdeb93fb0d,2026-07-07,257,59904397850,26.106,,
climb,이바소마리,a9336c6a61ec00bc99cfa2aa8d344bd7efe8d04e6d233bd35cf2fabdeb93fb0d,2026-07-08,257,70372271561,30.667,,
climb,이바소마리,a9336c6a61ec00bc99cfa2aa8d344bd7efe8d04e6d233bd35cf2fabdeb93fb0d,2026-07-09,257,80848660613,35.233,,
climb,이바소마리,a9336c6a61ec00bc99cfa2aa8d344bd7efe8d04e6d233bd35cf2fabdeb93fb0d,2026-07-10,257,91651000799,39.940,,
climb,이바소마리,a9336c6a61ec00bc99cfa2aa8d344bd7efe8d04e6d233bd35cf2fabdeb93fb0d,2026-07-11,257,102291332015,44.577,,
climb,이바소마리,a9336c6a61ec00bc99cfa2aa8d344bd7efe8d04e6d233bd35cf2fabdeb93fb0d,2026-07-12,257,113412706545,49.424,2047537,
climb,이바소마리,a9336c6a61ec00bc99cfa2aa8d344bd7efe8d04e6d233bd35cf2fabdeb93fb0d,2026-07-13,257,123843938451,53.970,,
climb,이바소마리,a9336c6a61ec00bc99cfa2aa8d344bd7efe8d04e6d233bd35cf2fabdeb93fb0d,2026-07-14,257,134214014842,58.489,,
climb,이바소마리,a9336c6a61ec00bc99cfa2aa8d344bd7efe8d04e6d233bd35cf2fabdeb93fb0d,2026-07-15,257,144625905250,63.026,,
climb,이바소마리,a9336c6a61ec00bc99cfa2aa8d344bd7efe8d04e6d233bd35cf2fabdeb93fb0d,2026-07-16,257,155110001194,67.595,,
climb,이바소마리,a9336c6a61ec00bc99cfa2aa8d344bd7efe8d04e6d233bd35cf2fabdeb93fb0d,2026-07-17,257,165457883719,72.104,,
climb,이바소마리,a9336c6a61ec00bc99cfa2aa8d344bd7efe8d04e6d233bd35cf2fabdeb93fb0d,2026-07-18,257,176103460790,76.744,,
climb,이바소마리,a9336c6a61ec00bc99cfa2aa8d344bd7efe8d04e6d233bd35cf2fabdeb93fb0d,2026-07-19,257,186458774979,81.256,,
climb,이바소마리,a9336c6a61ec00bc99cfa2aa8d344bd7efe8d04e6d233bd35cf2fabdeb93fb0d,2026-07-20,257,196885808402,85.800,2047537,
climb,이바소마리,a9336c6a61ec00bc99cfa2aa8d344bd7efe8d04e6d233bd35cf2fabdeb93fb0d,2026-07-21,257,207271659109,90.326,,
climb,이바소마리,a9336c6a61ec00bc99cfa2aa8d344bd7efe8d04e6d233bd35cf2fabdeb93fb0d,2026-07-22,257,207271659109,90.326,,
climb,250409쁜개,a678e447939ae5a7347e5e9afe191095efe8d04e6d233bd35cf2fabdeb93fb0d,2026-06-18,256,94798932938,42.552,31343,
climb,250409쁜개,a678e447939ae5a7347e5e9afe191095efe8d04e6d233bd35cf2fabdeb93fb0d,2026-06-19,256,94798932938,42.552,,
climb,250409쁜개,a678e447939ae5a7347e5e9afe191095efe8d04e6d233bd35cf2fabdeb93fb0d,2026-06-20,256,94798932938,42.552,,
climb,250409쁜개,a678e447939ae5a7347e5e9afe191095efe8d04e6d233bd35cf2fabdeb93fb0d,2026-06-21,256,94798932938,42.552,,
climb,250409쁜개,a678e447939ae5a7347e5e9afe191095efe8d04e6d233bd35cf2fabdeb93fb0d,2026-06-22,256,94798932938,42.552,,
climb,250409쁜개,a678e447939ae5a7347e5e9afe191095efe8d04e6d233bd35cf2fabdeb93fb0d,2026-06-23,256,94798932938,42.552,,
climb,250409쁜개,a678e447939ae5a7347e5e9afe191095efe8d04e6d233bd35cf2fabdeb93fb0d,2026-06-24,256,94798932938,42.552,,
climb,250409쁜개,a678e447939ae5a7347e5e9afe191095efe8d04e6d233bd35cf2fabdeb93fb0d,2026-06-25,256,94798932938,42.552,,
climb,250409쁜개,a678e447939ae5a7347e5e9afe191095efe8d04e6d233bd35cf2fabdeb93fb0d,2026-06-26,256,94798932938,42.552,31343,
climb,250409쁜개,a678e447939ae5a7347e5e9afe191095efe8d04e6d233bd35cf2fabdeb93fb0d,2026-06-27,256,94798932938,42.552,,
climb,250409쁜개,a678e447939ae5a7347e5e9afe191095efe8d04e6d233bd35cf2fabdeb93fb0d,2026-06-28,256,94798932938,42.552,,
climb,250409쁜개,a678e447939ae5a7347e5e9afe191095efe8d04e6d233bd35cf2fabdeb93fb0d,2026-06-29,256,94798932938,42.552,,
climb,250409쁜개,a678e447939ae5a7347e5e9afe191095efe8d04e6d233bd35cf2fabdeb93fb0d,2026-06-30,256,94798932938,42.552,,
climb,250409쁜개,a678e447939ae5a7347e5e9afe191095efe8d04e6d233bd35cf2fabdeb93fb0d,2026-07-01,256,94798932938,42.552,,
climb,250409쁜개,a678e447939ae5a7347e5e9afe191095efe8d04e6d233bd35cf2fabdeb93fb0d,2026-07-02,256,94798932938,42.552,,
climb,250409쁜개,a678e447939ae5a7347e5e9afe191095efe8d04e6d233bd35cf2fabdeb93fb0d,2026-07-03,256,94798932938,42.552,,
climb,250409쁜개,a678e447939ae5a7347e5e9afe191095efe8d04e6d233bd35cf2fabdeb93fb0d,2026-07-04,256,94798932938,42.552,31343,
climb,250409쁜개,a678e447939ae5a7347e5e9afe191095efe8d04e6d233bd35cf2fabdeb93fb0d,2026-07-05,256,94798932938,42.552,,
climb,250409쁜개,a678e447939ae5a7347e5e9afe191095efe8d04e6d233bd35cf2fabdeb93fb0d,2026-07-06,256,94798932938,42.552,,
climb,250409쁜개,a678e447939ae5a7347e5e9afe191095efe8d04e6d233bd35cf2fabdeb93fb0d,2026-07-07,256,94798932938,42.552,,
climb,250409쁜개,a678e447939ae5a7347e5e9afe191095efe8d04e6d233bd35cf2fabdeb93fb0d,2026-07-08,256,94798932938,42.552,,
climb,250409쁜개,a678e447939ae5a7347e5e9afe191095efe8d04e6d233bd35cf2fabdeb93fb0d,2026-07-09,256,94798932938,42.552,,
climb,250409쁜개,a678e447939ae5a7347e5e9afe191095efe8d04e6d233bd35cf2fabdeb93fb0d,2026-07-10,256,94798932938,42.552,,
climb,250409쁜개,a678e447939ae5a7347e5e9afe191095efe8d04e6d233bd35cf2fabdeb93fb0d,2026-07-11,256,94798932938,42.552,,
climb,250409쁜개,a678e447939ae5a7347e5e9afe191095efe8d04e6d233bd35cf2fabdeb93fb0d,2026-07-12,256,94798932938,42.552,31343,
climb,250409쁜개,a678e447939ae5a7347e5e9afe191095efe8d04e6d233bd35cf2fabdeb93fb0d,2026-07-13,256,94798932938,42.552,,
climb,250409쁜개,a678e447939ae5a7347e5e9afe191095efe8d04e6d233bd35cf2fabdeb93fb0d,2026-07-14,256,94798932938,42.552,,
climb,250409쁜개,a678e447939ae5a7347e5e9afe191095efe8d04e6d233bd35cf2fabdeb93fb0d,2026-07-15,256,94798932938,42.552,,
climb,250409쁜개,a678e447939ae5a7347e5e9afe191095efe8d04e6d233bd35cf2fabdeb93fb0d,2026-07-16,256,94798932938,42.552,,
climb,250409쁜개,a678e447939ae5a7347e5e9afe191095efe8d04e6d233bd35cf2fabdeb93fb0d,2026-07-17,256,94798932938,42.552,,
climb,250409쁜개,a678e447939ae5a7347e5e9afe191095efe8d04e6d233bd35cf2fabdeb93fb0d,2026-07-18,256,94798932938,42.552,,
climb,250409쁜개,a678e447939ae5a7347e5e9afe191095efe8d04e6d233bd35cf2fabdeb93fb0d,2026-07-19,256,94798932938,42.552,,
climb,250409쁜개,a678e447939ae5a7347e5e9afe191095efe8d04e6d233bd35cf2fabdeb93fb0d,2026-07-20,256,94798932938,42.552,31343,
climb,250409쁜개,a678e447939ae5a7347e5e9afe191095efe8d04e6d233bd35cf2fabdeb93fb0d,2026-07-21,256,94798932938,42.552,,
climb,250409쁜개,a678e447939ae5a7347e5e9afe191095efe8d04e6d233bd35cf2fabdeb93fb0d,2026-07-22,256,94798932938,42.552,,
climb,호시노을갚,bdfa13019e32e21874a278118dfb7758efe8d04e6d233bd35cf2fabdeb93fb0d,2026-06-18,256,59923583627,26.897,1392108,
climb,호시노을갚,bdfa13019e32e21874a278118dfb7758efe8d04e6d233bd35cf2fabdeb93fb0d,2026-06-19,256,59923583627,26.897,,
climb,호시노을갚,bdfa13019e32e21874a278118dfb7758efe8d04e6d233bd35cf2fabdeb93fb0d,2026-06-20,256,59923583627,26.897,,
climb,호시노을갚,bdfa13019e32e21874a278118dfb7758efe8d04e6d233bd35cf2fabdeb93fb0d,2026-06-21,256,59923583627,26.897,,
climb,호시노을갚,bdfa13019e32e21874a278118dfb7758efe8d04e6d233bd35cf2fabdeb93fb0d,2026-06-22,256,59923583627,26.897,,
climb,호시노을갚,bdfa13019e32e21874a278118dfb7758efe8d04e6d233bd35cf2fabdeb93fb0d,2026-06-23,256,59923583627,26.897,,
climb,호시노을갚,bdfa13019e32e21874a278118dfb7758efe8d04e6d233bd35cf2fabdeb93fb0d,2026-06-24,256,59923583627,26.897,,
climb,호시노을갚,bdfa13019e32e21874a278118dfb7758efe8d04e6d233bd35cf2fabdeb93fb0d,2026-06-25,256,59923583627,26.897,,
climb,호시노을갚,bdfa13019e32e21874a278118dfb7758efe8d04e6d233bd35cf2fabdeb93fb0d,2026-06-26,256,59923583627,26.897,1392108,
climb,호시노을갚,bdfa13019e32e21874a278118dfb7758efe8d04e6d233bd35cf2fabdeb93fb0d,2026-06-27,256,59923583627,26.897,,
climb,호시노을갚,bdfa13019e32e21874a278118dfb7758efe8d04e6d233bd35cf2fabdeb93fb0d,2026-06-28,256,59923583627,26.897,,
climb,호시노을갚,bdfa13019e32e21874a278118dfb7758efe8d04e6d233bd35cf2fabdeb93fb0d,2026-06-29,256,59923583627,26.897,,
climb,호시노을갚,bdfa13019e32e21874a278118dfb7758efe8d04e6d233bd35cf2fabdeb93fb0d,2026-06-30,256,59923583627,26.897,,
climb,호시노을갚,bdfa13019e32e21874a278118dfb7758efe8d04e6d233bd35cf2fabdeb93fb0d,2026-07-01,256,59923583627,26.897,,
climb,호시노을갚,bdfa13019e32e21874a278118dfb7758efe8d04e6d233bd35cf2fabdeb93fb0d,2026-07-02,256,59923583627,26.897,,
climb,호시노을갚,bdfa13019e32e21874a278118dfb7758efe8d04e6d233bd35cf2fabdeb93fb0d,2026-07-03,256,59923583627,26.897,,
climb,호시노을갚,bdfa13019e32e21874a278118dfb7758efe8d04e6d233bd35cf2fabdeb93fb0d,2026-07-04,256,59923583627,26.897,1392108,
climb,호시노을갚,bdfa13019e32e21874a278118dfb7758efe8d04e6d233bd35cf2fabdeb93fb0d,2026-07-05,256,59923583627,26.897,,
climb,호시노을갚,bdfa13019e32e21874a278118dfb7758efe8d04e6d233bd35cf2fabdeb93fb0d,2026-07-06,256,59923583627,26.897,,
climb,호시노을갚,bdfa13019e32e21874a278118dfb7758efe8d04e6d233bd35cf2fabdeb93fb0d,2026-07-07,256,59923583627,26.897,,
climb,호시노을갚,bdfa13019e32e21874a278118dfb7758efe8d04e6d233bd35cf2fabdeb93fb0d,2026-07-08,256,59923583627,26.897,,
climb,호시노을갚,bdfa13019e32e21874a278118dfb7758efe8d04e6d233bd35cf2fabdeb93fb0d,2026-07-09,256,59923583627,26.897,,
climb,호시노을갚,bdfa13019e32e21874a278118dfb7758efe8d04e6d233bd35cf2fabdeb93fb0d,2026-07-10,256,59923583627,26.897,,
climb,호시노을갚,bdfa13019e32e21874a278118dfb7758efe8d04e6d233bd35cf2fabdeb93fb0d,2026-07-11,256,59923583627,26.897,,
climb,호시노을갚,bdfa13019e32e21874a278118dfb7758efe8d04e6d233bd35cf2fabdeb93fb0d,2026-07-12,256,59923583627,26.897,1392108,
climb,호시노을갚,bdfa13019e32e21874a278118dfb7758efe8d04e6d233bd35cf2fabdeb93fb0d,2026-07-13,256,59923583627,26.897,,
climb,호시노을갚,bdfa13019e32e21874a278118dfb7758efe8d04e6d233bd35cf2fabdeb93fb0d,2026-07-14,256,59923583627,26.897,,
climb,호시노을갚,bdfa13019e32e21874a278118dfb7758efe8d04e6d233bd35cf2fabdeb93fb0d,2026-07-15,256,59923583627,26.897,,
climb,호시노을갚,bdfa13019e32e21874a278118dfb7758efe8d04e6d233bd35cf2fabdeb93fb0d,2026-07-16,256,59923583627,26.897,,
climb,호시노을갚,bdfa13019e32e21874a278118dfb7758efe8d04e6d233bd35cf2fabdeb93fb0d,2026-07-17,256,59923583627,26.897,,
climb,호시노을갚,bdfa13019e32e21874a278118dfb7758efe8d04e6d233bd35cf2fabdeb93fb0d,2026-07-18,256,59923583627,26.897,,
climb,호시노을갚,bdfa13019e32e21874a278118dfb7758efe8d04e6d233bd35cf2fabdeb93fb0d,2026-07-19,256,59923583627,26.897,,
climb,호시노을갚,bdfa13019e32e21874a278118dfb7758efe8d04e6d233bd35cf2fabdeb93fb0d,2026-07-20,256,59923583627,26.897,1392108,
climb,호시노을갚,bdfa13019e32e21874a278118dfb7758efe8d04e6d233bd35cf2fabdeb93fb0d,2026-07-21,256,59923583627,26.897,,
climb,호시노을갚,bdfa13019e32e21874a278118dfb7758efe8d04e6d233bd35cf2fabdeb93fb0d,2026-07-22,256,59923583627,26.897,,
climb,나치블래,0bcf23ebce5233d865607af62f96708486e68d4012202d0434d05f81868f68e3,2026-06-18,256,94017192054,42.201,1106237,
climb,나치블래,0bcf23ebce5233d865607af62f96708486e68d4012202d0434d05f81868f68e3,2026-06-19,256,94017192054,42.201,,
climb,나치블래,0bcf23ebce5233d865607af62f96708486e68d4012202d0434d05f81868f68e3,2026-06-20,256,94017192054,42.201,,
climb,나치블래,0bcf23ebce5233d865607af62f96708486e68d4012202d0434d05f81868f68e3,2026-06-21,256,94017192054,42.201,,
climb,나치블래,0bcf23ebce5233d865607af62f96708486e68d4012202d0434d05f81868f68e3,2026-06-22,256,94017192054,42.201,,
climb,나치블래,0bcf23ebce5233d865607af62f96708486e68d4012202d0434d05f81868f68e3,2026-06-23,256,94017192054,42.201,,
climb,나치블래,0bcf23ebce5233d865607af62f96708486e68d4012202d0434d05f81868f68e3,2026-06-24,256,94017192054,42.201,,
climb,나치블래,0bcf23ebce5233d865607af62f96708486e68d4012202d0434d05f81868f68e3,2026-06-25,256,94017192054,42.201,,
climb,나치블래,0bcf23ebce5233d865607af62f96708486e68d4012202d0434d05f81868f68e3,2026-06-26,257,100477827165,43.787,912189,
climb,나치블래,0bcf23ebce5233d865607af62f96708486e68d4012202d0434d05f81868f68e3,2026-06-27,257,100477827165,43.787,,
climb,나치블래,0bcf23ebce5233d865607af62f96708486e68d4012202d0434d05f81868f68e3,2026-06-28,257,100477827165,43.787,,
climb,나치블래,0bcf23ebce5233d865607af62f96708486e68d4012202d0434d05f81868f68e3,2026-06-29,257,100477827165,43.787,,
climb,나치블래,0bcf23ebce5233d865607af62f96708486e68d4012202d0434d05f81868f68e3,2026-06-30,257,100477827165,43.787,,
climb,나치블래,0bcf23ebce5233d865607af62f96708486e68d4012202d0434d05f81868f68e3,2026-07-01,257,100477827165,43.787,,
climb,나치블래,0bcf23ebce5233d865607af62f96708486e68d4012202d0434d05f81868f68e3,2026-07-02,257,100477827165,43.787,,
climb,나치블래,0bcf23ebce5233d865607af62f96708486e68d4012202d0434d05f81868f68e3,2026-07-03,257,100477827165,43.787,,
climb,나치블래,0bcf23ebce5233d865607af62f96708486e68d4012202d0434d05f81868f68e3,2026-07-04,257,100477827165,43.787,912189,
climb,나치블래,0bcf23ebce5233d865607af62f96708486e68d4012202d0434d05f81868f68e3,2026-07-05,257,100477827165,43.787,,
climb,나치블래,0bcf23ebce5233d865607af62f96708486e68d4012202d0434d05f81868f68e3,2026-07-06,257,100477827165,43.787,,
climb,나치블래,0bcf23ebce5233d865607af62f96708486e68d4012202d0434d05f81868f68e3,2026-07-07,257,100477827165,43.787,,
climb,나치블래,0bcf23ebce5233d865607af62f96708486e68d4012202d0434d05f81868f68e3,2026-07-08,257,100477827165,43.787,,
climb,나치블래,0bcf23ebce5233d865607af62f96708486e68d4012202d0434d05f81868f68e3,2026-07-09,257,100477827165,43.787,,
climb,나치블래,0bcf23ebce5233d865607af62f96708486e68d4012202d0434d05f81868f68e3,2026-07-10,257,100477827165,43.787,,
climb,나치블래,0bcf23ebce5233d865607af62f96708486e68d4012202d0434d05f81868f68e3,2026-07-11,257,100477827165,43.787,,
climb,나치블래,0bcf23ebce5233d865607af62f96708486e68d4012202d0434d05f81868f68e3,2026-07-12,257,100477827165,43.787,912189,
climb,나치블래,0bcf23ebce5233d865607af62f96708486e68d4012202d0434d05f81868f68e3,2026-07-13,257,100477827165,43.787,,
climb,나치블래,0bcf23ebce5233d865607af62f96708486e68d4012202d0434d05f81868f68e3,2026-07-14,257,100477827165,43.787,,
climb,나치블래,0bcf23ebce5233d865607af62f96708486e68d4012202d0434d05f81868f68e3,2026-07-15,257,100477827165,43.787,,
climb,나치블래,0bcf23ebce5233d865607af62f96708486e68d4012202d0434d05f81868f68e3,2026-07-16,257,100477827165,43.787,,
climb,나치블래,0bcf23ebce5233d865607af62f96708486e68d4012202d0434d05f81868f68e3,2026-07-17,257,100477827165,43.787,,
climb,나치블래,0bcf23ebce5233d865607af62f96708486e68d4012202d0434d05f81868f68e3,2026-07-18,257,100477827165,43.787,,
climb,나치블래,0bcf23ebce5233d865607af62f96708486e68d4012202d0434d05f81868f68e3,2026-07-19,257,100477827165,43.787,,
climb,나치블래,0bcf23ebce5233d865607af62f96708486e68d4012202d0434d05f81868f68e3,2026-07-20,257,100477827165,43.787,912189,
climb,나치블래,0bcf23ebce5233d865607af62f96708486e68d4012202d0434d05f81868f68e3,2026-07-21,257,100477827165,43.787,,
climb,나치블래,0bcf23ebce5233d865607af62f96708486e68d4012202d0434d05f81868f68e3,2026-07-22,257,100477827165,43.787,,
climb,번동카데,ddbcbcdfb35e16fd51cf7f8c4ea2ba9a,2026-06-18,256,40653348904,18.248,126311,
climb,번동카데,ddbcbcdfb35e16fd51cf7f8c4ea2ba9a,2026-06-19,256,40653348904,18.248,,
climb,번동카데,ddbcbcdfb35e16fd51cf7f8c4ea2ba9a,2026-06-20,256,40653348904,18.248,,
climb,번동카데,ddbcbcdfb35e16fd51cf7f8c4ea2ba9a,2026-06-21,256,40653348904,18.248,,
climb,번동카데,ddbcbcdfb35e16fd51cf7f8c4ea2ba9a,2026-06-22,256,40653348904,18.248,,
climb,번동카데,ddbcbcdfb35e16fd51cf7f8c4ea2ba9a,2026-06-23,256,40653348904,18.248,,
climb,번동카데,ddbcbcdfb35e16fd51cf7f8c4ea2ba9a,2026-06-24,256,40653348904,18.248,,
climb,번동카데,ddbcbcdfb35e16fd51cf7f8c4ea2ba9a,2026-06-25,256,40653348904,18.248,,
climb,번동카데,ddbcbcdfb35e16fd51cf7f8c4ea2ba9a,2026-06-26,256,40653348904,18.248,126311,
climb,번동카데,ddbcbcdfb35e16fd51cf7f8c4ea2ba9a,2026-06-27,256,40653348904,18.248,,
climb,번동카데,ddbcbcdfb35e16fd51cf7f8c4ea2ba9a,2026-06-28,256,40653348904,18.248,,
climb,번동카데,ddbcbcdfb35e16fd51cf7f8c4ea2ba9a,2026-06-29,256,40653348904,18.248,,
climb,번동카데,ddbcbcdfb35e16fd51cf7f8c4ea2ba9a,2026-06-30,256,40653348904,18.248,,
climb,번동카데,ddbcbcdfb35e16fd51cf7f8c4ea2ba9a,2026-07-01,256,40653348904,18.248,,
climb,번동카데,ddbcbcdfb35e16fd51cf7f8c4ea2ba9a,2026-07-02,256,40653348904,18.248,,
climb,번동카데,ddbcbcdfb35e16fd51cf7f8c4ea2ba9a,2026-07-03,256,40653348904,18.248,,
climb,번동카데,ddbcbcdfb35e16fd51cf7f8c4ea2ba9a,2026-07-04,256,40653348904,18.248,126311,
climb,번동카데,ddbcbcdfb35e16fd51cf7f8c4ea2ba9a,2026-07-05,256,40653348904,18.248,,
climb,번동카데,ddbcbcdfb35e16fd51cf7f8c4ea2ba9a,2026-07-06,256,40653348904,18.248,,
climb,번동카데,ddbcbcdfb35e16fd51cf7f8c4ea2ba9a,2026-07-07,256,40653348904,18.248,,
climb,번동카데,ddbcbcdfb35e16fd51cf7f8c4ea2ba9a,2026-07-08,256,40653348904,18.248,,
climb,번동카데,ddbcbcdfb35e16fd51cf7f8c4ea2ba9a,2026-07-09,256,40653348904,18.248,,
climb,번동카데,ddbcbcdfb35e16fd51cf7f8c4ea2ba9a,2026-07-10,256,40653348904,18.248,,
climb,번동카데,ddbcbcdfb35e16fd51cf7f8c4ea2ba9a,2026-07-11,256,40653348904,18.248,,
climb,번동카데,ddbcbcdfb35e16fd51cf7f8c4ea2ba9a,2026-07-12,256,40653348904,18.248,126311,
climb,번동카데,ddbcbcdfb35e16fd51cf7f8c4ea2ba9a,2026-07-13,256,40653348904,18.248,,
climb,번동카데,ddbcbcdfb35e16fd51cf7f8c4ea2ba9a,2026-07-14,256,40653348904,18.248,,
climb,번동카데,ddbcbcdfb35e16fd51cf7f8c4ea2ba9a,2026-07-15,256,40653348904,18.248,,
climb,번동카데,ddbcbcdfb35e16fd51cf7f8c4ea2ba9a,2026-07-16,256,40653348904,18.248,,
climb,번동카데,ddbcbcdfb35e16fd51cf7f8c4ea2ba9a,2026-07-17,256,40653348904,18.248,,
climb,번동카데,ddbcbcdfb35e16fd51cf7f8c4ea2ba9a,2026-07-18,256,40653348904,18.248,,
climb,번동카데,ddbcbcdfb35e16fd51cf7f8c4ea2ba9a,2026-07-19,256,40653348904,18.248,,
climb,번동카데,ddbcbcdfb35e16fd51cf7f8c4ea2ba9a,2026-07-20,256,40653348904,18.248,126311,
climb,번동카데,ddbcbcdfb35e16fd51cf7f8c4ea2ba9a,2026-07-21,256,40653348904,18.248,,
climb,번동카데,ddbcbcdfb35e16fd51cf7f8c4ea2ba9a,2026-07-22,256,40653348904,18.248,,
climb,블래당포,cc905e22776cf6d73711b20cd2e8f2c5efe8d04e6d233bd35cf2fabdeb93fb0d,2026-06-18,256,41303249619,18.539,225231,
climb,블래당포,cc905e22776cf6d73711b20cd2e8f2c5efe8d04e6d233bd35cf2fabdeb93fb0d,2026-06-19,256,41303249619,18.539,,
climb,블래당포,cc905e22776cf6d73711b20cd2e8f2c5efe8d04e6d233bd35cf2fabdeb93fb0d,2026-06-20,256,41303249619,18.539,,
climb,블래당포,cc905e22776cf6d73711b20cd2e8f2c5efe8d04e6d233bd35cf2fabdeb93fb0d,2026-06-21,256,41303249619,18.539,,
climb,블래당포,cc905e22776cf6d73711b20cd2e8f2c5efe8d04e6d233bd35cf2fabdeb93fb0d,2026-06-22,256,41303249619,18.539,,
climb,블래당포,cc905e22776cf6d73711b20cd2e8f2c5efe8d04e6d233bd35cf2fabdeb93fb0d,2026-06-23,256,41303249619,18.539,,
climb,블래당포,cc905e22776cf6d73711b20cd2e8f2c5efe8d04e6d233bd35cf2fabdeb93fb0d,2026-06-24,256,41303249619,18.539,,
climb,블래당포,cc905e22776cf6d73711b20cd2e8f2c5efe8d04e6d233bd35cf2fabdeb93fb0d,2026-06-25,256,41303249619,18.539,,
climb,블래당포,cc905e22776cf6d73711b20cd2e8f2c5efe8d04e6d233bd35cf2fabdeb93fb0d,2026-06-26,256,41303249619,18.539,225231,
climb,블래당포,cc905e22776cf6d73711b20cd2e8f2c5efe8d04e6d233bd35cf2fabdeb93fb0d,2026-06-27,256,41303249619,18.539,,
climb,블래당포,cc905e22776cf6d73711b20cd2e8f2c5efe8d04e6d233bd35cf2fabdeb93fb0d,2026-06-28,256,41303249619,18.539,,
climb,블래당포,cc905e22776cf6d73711b20cd2e8f2c5efe8d04e6d233bd35cf2fabdeb93fb0d,2026-06-29,256,41303249619,18.539,,
climb,블래당포,cc905e22776cf6d73711b20cd2e8f2c5efe8d04e6d233bd35cf2fabdeb93fb0d,2026-06-30,256,41303249619,18.539,,
climb,블래당포,cc905e22776cf6d73711b20cd2e8f2c5efe8d04e6d233bd35cf2fabdeb93fb0d,2026-07-01,256,41303249619,18.539,,
climb,블래당포,cc905e22776cf6d73711b20cd2e8f2c5efe8d04e6d233bd35cf2fabdeb93fb0d,2026-07-02,256,41303249619,18.539,,
climb,블래당포,cc905e22776cf6d73711b20cd2e8f2c5efe8d04e6d233bd35cf2fabdeb93fb0d,2026-07-03,256,41303249619,18.539,,
climb,블래당포,cc905e22776cf6d73711b20cd2e8f2c5efe8d04e6d233bd35cf2fabdeb93fb0d,2026-07-04,256,41303249619,18.539,225231,
climb,블래당포,cc905e22776cf6d73711b20cd2e8f2c5efe8d04e6d233bd35cf2fabdeb93fb0d,2026-07-05,256,41303249619,18.539,,
climb,블래당포,cc905e22776cf6d73711b20cd2e8f2c5efe8d04e6d233bd35cf2fabdeb93fb0d,2026-07-06,256,41303249619,18.539,,
climb,블래당포,cc905e22776cf6d73711b20cd2e8f2c5efe8d04e6d233bd35cf2fabdeb93fb0d,2026-07-07,256,41303249619,18.539,,
climb,블래당포,cc905e22776cf6d73711b20cd2e8f2c5efe8d04e6d233bd35cf2fabdeb93fb0d,2026-07-08,256,41303249619,18.539,,
climb,블래당포,cc905e22776cf6d73711b20cd2e8f2c5efe8d04e6d233bd35cf2fabdeb93fb0d,2026-07-09,256,41303249619,18.539,,
climb,블래당포,cc905e22776cf6d73711b20cd2e8f2c5efe8d04e6d233bd35cf2fabdeb93fb0d,2026-07-10,256,41303249619,18.539,,
climb,블래당포,cc905e22776cf6d73711b20cd2e8f2c5efe8d04e6d233bd35cf2fabdeb93fb0d,2026-07-11,256,41303249619,18.539,,
climb,블래당포,cc905e22776cf6d73711b20cd2e8f2c5efe8d04e6d233bd35cf2fabdeb93fb0d,2026-07-12,256,41303249619,18.539,225231,
climb,블래당포,cc905e22776cf6d73711b20cd2e8f2c5efe8d04e6d233bd35cf2fabdeb93fb0d,2026-07-13,256,41303249619,18.539,,
climb,블래당포,cc905e22776cf6d73711b20cd2e8f2c5efe8d04e6d233bd35cf2fabdeb93fb0d,2026-07-14,256,41303249619,18.539,,
climb,블래당포,cc905e22776cf6d73711b20cd2e8f2c5efe8d04e6d233bd35cf2fabdeb93fb0d,2026-07-15,256,41303249619,18.539,,
climb,블래당포,cc905e22776cf6d73711b20cd2e8f2c5efe8d04e6d233bd35cf2fabdeb93fb0d,2026-07-16,256,41303249619,18.539,,
climb,블래당포,cc905e22776cf6d73711b20cd2e8f2c5efe8d04e6d233bd35cf2fabdeb93fb0d,2026-07-17,256,41303249619,18.539,,
climb,블래당포,cc905e22776cf6d73711b20cd2e8f2c5efe8d04e6d233bd35cf2fabdeb93fb0d,2026-07-18,256,41303249619,18.539,,
climb,블래당포,cc905e22776cf6d73711b20cd2e8f2c5efe8d04e6d233bd35cf2fabdeb93fb0d,2026-07-19,256,41303249619,18.539,,
climb,블래당포,cc905e22776cf6d73711b20cd2e8f2c5efe8d04e6d233bd35cf2fabdeb93fb0d,2026-07-20,256,41303249619,18.539,225231,
climb,블래당포,cc905e22776cf6d73711b20cd2e8f2c5efe8d04e6d233bd35cf2fabdeb93fb0d,2026-07-21,256,41303249619,18.539,,
climb,블래당포,cc905e22776cf6d73711b20cd2e8f2c5efe8d04e6d233bd35cf2fabdeb93fb0d,2026-07-22,256,41303249619,18.539,,
climb,재이봉봉19,36a515fd7b3c74d542a7d51e7c1a0f41fd842dab14be2a956555625b37c97bff,2026-06-18,256,95422419391,42.831,294632,
climb,재이봉봉19,36a515fd7b3c74d542a7d51e7c1a0f41fd842dab14be2a956555625b37c97bff,2026-06-19,256,123103399846,55.256,,
climb,재이봉봉19,36a515fd7b3c74d542a7d51e7c1a0f41fd842dab14be2a956555625b37c97bff,2026-06-20,256,150784380301,67.681,,
climb,재이봉봉19,36a515fd7b3c74d542a7d51e7c1a0f41fd842dab14be2a956555625b37c97bff,2026-06-21,256,178465360756,80.106,,
climb,재이봉봉19,36a515fd7b3c74d542a7d51e7c1a0f41fd842dab14be2a956555625b37c97bff,2026-06-22,256,206146341211,92.531,,
climb,재이봉봉19,36a515fd7b3c74d542a7d51e7c1a0f41fd842dab14be2a956555625b37c97bff,2026-06-23,257,11041252177,4.812,,
climb,재이봉봉19,36a515fd7b3c74d542a7d51e7c1a0f41fd842dab14be2a956555625b37c97bff,2026-06-24,257,38722232632,16.875,,
climb,재이봉봉19,36a515fd7b3c74d542a7d51e7c1a0f41fd842dab14be2a956555625b37c97bff,2026-06-25,257,66403213087,28.938,,
climb,재이봉봉19,36a515fd7b3c74d542a7d51e7c1a0f41fd842dab14be2a956555625b37c97bff,2026-06-26,257,94084193542,41.001,294972,
climb,재이봉봉19,36a515fd7b3c74d542a7d51e7c1a0f41fd842dab14be2a956555625b37c97bff,2026-06-27,257,121765173997,53.064,,
climb,재이봉봉19,36a515fd7b3c74d542a7d51e7c1a0f41fd842dab14be2a956555625b37c97bff,2026-06-28,257,149446154452,65.127,,
climb,재이봉봉19,36a515fd7b3c74d542a7d51e7c1a0f41fd842dab14be2a956555625b37c97bff,2026-06-29,257,177127134907,77.190,,
climb,재이봉봉19,36a515fd7b3c74d542a7d51e7c1a0f41fd842dab14be2a956555625b37c97bff,2026-06-30,257,204808115362,89.253,,
climb,재이봉봉19,36a515fd7b3c74d542a7d51e7c1a0f41fd842dab14be2a956555625b37c97bff,2026-07-01,258,3019444244,1.278,,
climb,재이봉봉19,36a515fd7b3c74d542a7d51e7c1a0f41fd842dab14be2a956555625b37c97bff,2026-07-02,258,30700424699,12.989,,
climb,재이봉봉19,36a515fd7b3c74d542a7d51e7c1a0f41fd842dab14be2a956555625b37c97bff,2026-07-03,258,58381405154,24.701,,
climb,재이봉봉19,36a515fd7b3c74d542a7d51e7c1a0f41fd842dab14be2a956555625b37c97bff,2026-07-04,258,86062385609,36.413,295312,
climb,재이봉봉19,36a515fd7b3c74d542a7d51e7c1a0f41fd842dab14be2a956555625b37c97bff,2026-07-05,258,113743366064,48.124,,
climb,재이봉봉19,36a515fd7b3c74d542a7d51e7c1a0f41fd842dab14be2a956555625b37c97bff,2026-07-06,258,141424346519,59.836,,
climb,재이봉봉19,36a515fd7b3c74d542a7d51e7c1a0f41fd842dab14be2a956555625b37c97bff,2026-07-07,258,169105326974,71.548,,
climb,재이봉봉19,36a515fd7b3c74d542a7d51e7c1a0f41fd842dab14be2a956555625b37c97bff,2026-07-08,258,196786307429,83.259,,
climb,재이봉봉19,36a515fd7b3c74d542a7d51e7c1a0f41fd842dab14be2a956555625b37c97bff,2026-07-09,258,224467287884,94.971,,
climb,재이봉봉19,36a515fd7b3c74d542a7d51e7c1a0f41fd842dab14be2a956555625b37c97bff,2026-07-10,259,15794527219,6.488,,
climb,재이봉봉19,36a515fd7b3c74d542a7d51e7c1a0f41fd842dab14be2a956555625b37c97bff,2026-07-11,259,43475507674,17.858,,
climb,재이봉봉19,36a515fd7b3c74d542a7d51e7c1a0f41fd842dab14be2a956555625b37c97bff,2026-07-12,259,71156488129,29.229,288520,
climb,재이봉봉19,36a515fd7b3c74d542a7d51e7c1a0f41fd842dab14be2a956555625b37c97bff,2026-07-13,259,90439919809,37.150,,
climb,재이봉봉19,36a515fd7b3c74d542a7d51e7c1a0f41fd842dab14be2a956555625b37c97bff,2026-07-14,259,109723351489,45.071,,
climb,재이봉봉19,36a515fd7b3c74d542a7d51e7c1a0f41fd842dab14be2a956555625b37c97bff,2026-07-15,259,129006783169,52.992,,
climb,재이봉봉19,36a515fd7b3c74d542a7d51e7c1a0f41fd842dab14be2a956555625b37c97bff,2026-07-16,259,148290214849,60.913,,
climb,재이봉봉19,36a515fd7b3c74d542a7d51e7c1a0f41fd842dab14be2a956555625b37c97bff,2026-07-17,259,167573646529,68.834,,
climb,재이봉봉19,36a515fd7b3c74d542a7d51e7c1a0f41fd842dab14be2a956555625b37c97bff,2026-07-18,259,186857078209,76.756,,
climb,재이봉봉19,36a515fd7b3c74d542a7d51e7c1a0f41fd842dab14be2a956555625b37c97bff,2026-07-19,259,206140509889,84.677,,
climb,재이봉봉19,36a515fd7b3c74d542a7d51e7c1a0f41fd842dab14be2a956555625b37c97bff,2026-07-20,259,225423941569,92.598,291516,
climb,재이봉봉19,36a515fd7b3c74d542a7d51e7c1a0f41fd842dab14be2a956555625b37c97bff,2026-07-21,260,1263019896,0.073,,
climb,재이봉봉19,36a515fd7b3c74d542a7d51e7c1a0f41fd842dab14be2a956555625b37c97bff,2026-07-22,260,11488761576,0.663,,
climb,은월야캐염뿌,b3a3f866f10d6caeb37f43b1e12047f8,2026-06-18,256,106999288401,48.028,1848159,
climb,은월야캐염뿌,b3a3f866f10d6caeb37f43b1e12047f8,2026-06-19,256,106999288401,48.028,,
climb,은월야캐염뿌,b3a3f866f10d6caeb37f43b1e12047f8,2026-06-20,256,185162172241,83.112,,
climb,은월야캐염뿌,b3a3f866f10d6caeb37f43b1e12047f8,2026-06-21,256,185162172241,83.112,,
climb,은월야캐염뿌,b3a3f866f10d6caeb37f43b1e12047f8,2026-06-22,256,185162172241,83.112,,
climb,은월야캐염뿌,b3a3f866f10d6caeb37f43b1e12047f8,2026-06-23,256,185162172241,83.112,,
climb,은월야캐염뿌,b3a3f866f10d6caeb37f43b1e12047f8,2026-06-24,256,185162172241,83.112,,
climb,은월야캐염뿌,b3a3f866f10d6caeb37f43b1e12047f8,2026-06-25,256,185162172241,83.112,,
climb,은월야캐염뿌,b3a3f866f10d6caeb37f43b1e12047f8,2026-06-26,256,185162172241,83.112,2576260,
climb,은월야캐염뿌,b3a3f866f10d6caeb37f43b1e12047f8,2026-06-27,257,17549903110,7.648,,
climb,은월야캐염뿌,b3a3f866f10d6caeb37f43b1e12047f8,2026-06-28,257,17549903110,7.648,,
climb,은월야캐염뿌,b3a3f866f10d6caeb37f43b1e12047f8,2026-06-29,257,17549903110,7.648,,
climb,은월야캐염뿌,b3a3f866f10d6caeb37f43b1e12047f8,2026-06-30,257,17549903110,7.648,,
climb,은월야캐염뿌,b3a3f866f10d6caeb37f43b1e12047f8,2026-07-01,257,17549903110,7.648,,
climb,은월야캐염뿌,b3a3f866f10d6caeb37f43b1e12047f8,2026-07-02,257,17549903110,7.648,,
climb,은월야캐염뿌,b3a3f866f10d6caeb37f43b1e12047f8,2026-07-03,257,17549903110,7.648,,
climb,은월야캐염뿌,b3a3f866f10d6caeb37f43b1e12047f8,2026-07-04,257,17549903110,7.648,1729685,
climb,은월야캐염뿌,b3a3f866f10d6caeb37f43b1e12047f8,2026-07-05,257,72723703468,31.692,,
climb,은월야캐염뿌,b3a3f866f10d6caeb37f43b1e12047f8,2026-07-06,257,72723703468,31.692,,
climb,은월야캐염뿌,b3a3f866f10d6caeb37f43b1e12047f8,2026-07-07,257,72723703468,31.692,,
climb,은월야캐염뿌,b3a3f866f10d6caeb37f43b1e12047f8,2026-07-08,257,72723703468,31.692,,
climb,은월야캐염뿌,b3a3f866f10d6caeb37f43b1e12047f8,2026-07-09,257,72723703468,31.692,,
climb,은월야캐염뿌,b3a3f866f10d6caeb37f43b1e12047f8,2026-07-10,257,72723703468,31.692,,
climb,은월야캐염뿌,b3a3f866f10d6caeb37f43b1e12047f8,2026-07-11,257,141711045732,61.756,,
climb,은월야캐염뿌,b3a3f866f10d6caeb37f43b1e12047f8,2026-07-12,257,212057641182,92.412,2158603,
climb,은월야캐염뿌,b3a3f866f10d6caeb37f43b1e12047f8,2026-07-13,258,52934585059,22.396,,
climb,은월야캐염뿌,b3a3f866f10d6caeb37f43b1e12047f8,2026-07-14,258,52934585059,22.396,,
climb,은월야캐염뿌,b3a3f866f10d6caeb37f43b1e12047f8,2026-07-15,258,123281180509,52.160,,
climb,은월야캐염뿌,b3a3f866f10d6caeb37f43b1e12047f8,2026-07-16,258,194087557630,82.117,,
climb,은월야캐염뿌,b3a3f866f10d6caeb37f43b1e12047f8,2026-07-17,259,28540193631,11.723,,
climb,은월야캐염뿌,b3a3f866f10d6caeb37f43b1e12047f8,2026-07-18,259,99346570752,40.809,,
climb,은월야캐염뿌,b3a3f866f10d6caeb37f43b1e12047f8,2026-07-19,259,99346570752,40.809,,
climb,은월야캐염뿌,b3a3f866f10d6caeb37f43b1e12047f8,2026-07-20,259,127524237973,52.383,1406873,
climb,은월야캐염뿌,b3a3f866f10d6caeb37f43b1e12047f8,2026-07-21,259,203022201379,83.396,,
climb,은월야캐염뿌,b3a3f866f10d6caeb37f43b1e12047f8,2026-07-22,260,30384225147,1.754,,
climb,무료보상,81be2643e7ba27a62b1c4cab3005f7db,2026-06-18,256,62276116650,27.953,0,
climb,무료보상,81be2643e7ba27a62b1c4cab3005f7db,2026-06-19,256,62276116650,27.953,,
climb,무료보상,81be2643e7ba27a62b1c4cab3005f7db,2026-06-20,256,62276116650,27.953,,
climb,무료보상,81be2643e7ba27a62b1c4cab3005f7db,2026-06-21,256,62276116650,27.953,,
climb,무료보상,81be2643e7ba27a62b1c4cab3005f7db,2026-06-22,256,62276116650,27.953,,
climb,무료보상,81be2643e7ba27a62b1c4cab3005f7db,2026-06-23,256,62276116650,27.953,,
climb,무료보상,81be2643e7ba27a62b1c4cab3005f7db,2026-06-24,256,62276116650,27.953,,
climb,무료보상,81be2643e7ba27a62b1c4cab3005f7db,2026-06-25,256,62276116650,27.953,,
climb,무료보상,81be2643e7ba27a62b1c4cab3005f7db,2026-06-26,256,62276116650,27.953,0,
climb,무료보상,81be2643e7ba27a62b1c4cab3005f7db,2026-06-27,256,62276116650,27.953,,
climb,무료보상,81be2643e7ba27a62b1c4cab3005f7db,2026-06-28,256,62276116650,27.953,,
climb,무료보상,81be2643e7ba27a62b1c4cab3005f7db,2026-06-29,256,62276116650,27.953,,
climb,무료보상,81be2643e7ba27a62b1c4cab3005f7db,2026-06-30,256,62276116650,27.953,,
climb,무료보상,81be2643e7ba27a62b1c4cab3005f7db,2026-07-01,256,62276116650,27.953,,
climb,무료보상,81be2643e7ba27a62b1c4cab3005f7db,2026-07-02,256,62276116650,27.953,,
climb,무료보상,81be2643e7ba27a62b1c4cab3005f7db,2026-07-03,256,62276116650,27.953,,
climb,무료보상,81be2643e7ba27a62b1c4cab3005f7db,2026-07-04,256,62276116650,27.953,0,
climb,무료보상,81be2643e7ba27a62b1c4cab3005f7db,2026-07-05,256,62276116650,27.953,,
climb,무료보상,81be2643e7ba27a62b1c4cab3005f7db,2026-07-06,256,62276116650,27.953,,
climb,무료보상,81be2643e7ba27a62b1c4cab3005f7db,2026-07-07,256,62276116650,27.953,,
climb,무료보상,81be2643e7ba27a62b1c4cab3005f7db,2026-07-08,256,62276116650,27.953,,
climb,무료보상,81be2643e7ba27a62b1c4cab3005f7db,2026-07-09,256,62276116650,27.953,,
climb,무료보상,81be2643e7ba27a62b1c4cab3005f7db,2026-07-10,256,62276116650,27.953,,
climb,무료보상,81be2643e7ba27a62b1c4cab3005f7db,2026-07-11,256,62276116650,27.953,,
climb,무료보상,81be2643e7ba27a62b1c4cab3005f7db,2026-07-12,256,62276116650,27.953,0,
climb,무료보상,81be2643e7ba27a62b1c4cab3005f7db,2026-07-13,256,62276116650,27.953,,
climb,무료보상,81be2643e7ba27a62b1c4cab3005f7db,2026-07-14,256,62276116650,27.953,,
climb,무료보상,81be2643e7ba27a62b1c4cab3005f7db,2026-07-15,256,62276116650,27.953,,
climb,무료보상,81be2643e7ba27a62b1c4cab3005f7db,2026-07-16,256,62276116650,27.953,,
climb,무료보상,81be2643e7ba27a62b1c4cab3005f7db,2026-07-17,256,62276116650,27.953,,
climb,무료보상,81be2643e7ba27a62b1c4cab3005f7db,2026-07-18,256,62276116650,27.953,,
climb,무료보상,81be2643e7ba27a62b1c4cab3005f7db,2026-07-19,256,62276116650,27.953,,
climb,무료보상,81be2643e7ba27a62b1c4cab3005f7db,2026-07-20,256,62276116650,27.953,0,
climb,무료보상,81be2643e7ba27a62b1c4cab3005f7db,2026-07-21,256,62276116650,27.953,,
climb,무료보상,81be2643e7ba27a62b1c4cab3005f7db,2026-07-22,256,62276116650,27.953,,
climb,아레이느,7b2afe6b142ae59d8a2cda9eda5b4e7ce85e07f9d5d276f44440847eec04ba68,2026-06-18,256,33344862475,14.967,5144691,
climb,아레이느,7b2afe6b142ae59d8a2cda9eda5b4e7ce85e07f9d5d276f44440847eec04ba68,2026-06-19,256,33344862475,14.967,,
climb,아레이느,7b2afe6b142ae59d8a2cda9eda5b4e7ce85e07f9d5d276f44440847eec04ba68,2026-06-20,256,33344862475,14.967,,
climb,아레이느,7b2afe6b142ae59d8a2cda9eda5b4e7ce85e07f9d5d276f44440847eec04ba68,2026-06-21,256,33344862475,14.967,,
climb,아레이느,7b2afe6b142ae59d8a2cda9eda5b4e7ce85e07f9d5d276f44440847eec04ba68,2026-06-22,256,33344862475,14.967,,
climb,아레이느,7b2afe6b142ae59d8a2cda9eda5b4e7ce85e07f9d5d276f44440847eec04ba68,2026-06-23,256,33344862475,14.967,,
climb,아레이느,7b2afe6b142ae59d8a2cda9eda5b4e7ce85e07f9d5d276f44440847eec04ba68,2026-06-24,256,33344862475,14.967,,
climb,아레이느,7b2afe6b142ae59d8a2cda9eda5b4e7ce85e07f9d5d276f44440847eec04ba68,2026-06-25,256,33344862475,14.967,,
climb,아레이느,7b2afe6b142ae59d8a2cda9eda5b4e7ce85e07f9d5d276f44440847eec04ba68,2026-06-26,256,33344862475,14.967,3768067,
climb,아레이느,7b2afe6b142ae59d8a2cda9eda5b4e7ce85e07f9d5d276f44440847eec04ba68,2026-06-27,256,33344862475,14.967,,
climb,아레이느,7b2afe6b142ae59d8a2cda9eda5b4e7ce85e07f9d5d276f44440847eec04ba68,2026-06-28,256,33344862475,14.967,,
climb,아레이느,7b2afe6b142ae59d8a2cda9eda5b4e7ce85e07f9d5d276f44440847eec04ba68,2026-06-29,256,33344862475,14.967,,
climb,아레이느,7b2afe6b142ae59d8a2cda9eda5b4e7ce85e07f9d5d276f44440847eec04ba68,2026-06-30,256,33344862475,14.967,,
climb,아레이느,7b2afe6b142ae59d8a2cda9eda5b4e7ce85e07f9d5d276f44440847eec04ba68,2026-07-01,256,33344862475,14.967,,
climb,아레이느,7b2afe6b142ae59d8a2cda9eda5b4e7ce85e07f9d5d276f44440847eec04ba68,2026-07-02,256,33344862475,14.967,,
climb,아레이느,7b2afe6b142ae59d8a2cda9eda5b4e7ce85e07f9d5d276f44440847eec04ba68,2026-07-03,256,33344862475,14.967,,
climb,아레이느,7b2afe6b142ae59d8a2cda9eda5b4e7ce85e07f9d5d276f44440847eec04ba68,2026-07-04,256,33344862475,14.967,3768067,
climb,아레이느,7b2afe6b142ae59d8a2cda9eda5b4e7ce85e07f9d5d276f44440847eec04ba68,2026-07-05,256,33344862475,14.967,,
climb,아레이느,7b2afe6b142ae59d8a2cda9eda5b4e7ce85e07f9d5d276f44440847eec04ba68,2026-07-06,256,33344862475,14.967,,
climb,아레이느,7b2afe6b142ae59d8a2cda9eda5b4e7ce85e07f9d5d276f44440847eec04ba68,2026-07-07,256,33344862475,14.967,,
climb,아레이느,7b2afe6b142ae59d8a2cda9eda5b4e7ce85e07f9d5d276f44440847eec04ba68,2026-07-08,256,33344862475,14.967,,
climb,아레이느,7b2afe6b142ae59d8a2cda9eda5b4e7ce85e07f9d5d276f44440847eec04ba68,2026-07-09,256,33344862475,14.967,,
climb,아레이느,7b2afe6b142ae59d8a2cda9eda5b4e7ce85e07f9d5d276f44440847eec04ba68,2026-07-10,256,33344862475,14.967,,
climb,아레이느,7b2afe6b142ae59d8a2cda9eda5b4e7ce85e07f9d5d276f44440847eec04ba68,2026-07-11,256,33344862475,14.967,,
climb,아레이느,7b2afe6b142ae59d8a2cda9eda5b4e7ce85e07f9d5d276f44440847eec04ba68,2026-07-12,256,33344862475,14.967,3768067,
climb,아레이느,7b2afe6b142ae59d8a2cda9eda5b4e7ce85e07f9d5d276f44440847eec04ba68,2026-07-13,256,33344862475,14.967,,
climb,아레이느,7b2afe6b142ae59d8a2cda9eda5b4e7ce85e07f9d5d276f44440847eec04ba68,2026-07-14,256,33344862475,14.967,,
climb,아레이느,7b2afe6b142ae59d8a2cda9eda5b4e7ce85e07f9d5d276f44440847eec04ba68,2026-07-15,256,33344862475,14.967,,
climb,아레이느,7b2afe6b142ae59d8a2cda9eda5b4e7ce85e07f9d5d276f44440847eec04ba68,2026-07-16,256,33344862475,14.967,,
climb,아레이느,7b2afe6b142ae59d8a2cda9eda5b4e7ce85e07f9d5d276f44440847eec04ba68,2026-07-17,256,33344862475,14.967,,
climb,아레이느,7b2afe6b142ae59d8a2cda9eda5b4e7ce85e07f9d5d276f44440847eec04ba68,2026-07-18,256,33344862475,14.967,,
climb,아레이느,7b2afe6b142ae59d8a2cda9eda5b4e7ce85e07f9d5d276f44440847eec04ba68,2026-07-19,256,33344862475,14.967,,
climb,아레이느,7b2afe6b142ae59d8a2cda9eda5b4e7ce85e07f9d5d276f44440847eec04ba68,2026-07-20,256,33344862475,14.967,3768067,
climb,아레이느,7b2afe6b142ae59d8a2cda9eda5b4e7ce85e07f9d5d276f44440847eec04ba68,2026-07-21,256,33344862475,14.967,,
climb,아레이느,7b2afe6b142ae59d8a2cda9eda5b4e7ce85e07f9d5d276f44440847eec04ba68,2026-07-22,256,33344862475,14.967,,
climb,소금빵부엉이,c8670b56d1f6de6a313ba7c06aec6571,2026-06-18,256,71241479037,31.978,988376,
climb,소금빵부엉이,c8670b56d1f6de6a313ba7c06aec6571,2026-06-19,256,71241479037,31.978,,
climb,소금빵부엉이,c8670b56d1f6de6a313ba7c06aec6571,2026-06-20,256,71241479037,31.978,,
climb,소금빵부엉이,c8670b56d1f6de6a313ba7c06aec6571,2026-06-21,256,71241479037,31.978,,
climb,소금빵부엉이,c8670b56d1f6de6a313ba7c06aec6571,2026-06-22,256,71241479037,31.978,,
climb,소금빵부엉이,c8670b56d1f6de6a313ba7c06aec6571,2026-06-23,256,71241479037,31.978,,
climb,소금빵부엉이,c8670b56d1f6de6a313ba7c06aec6571,2026-06-24,256,71241479037,31.978,,
climb,소금빵부엉이,c8670b56d1f6de6a313ba7c06aec6571,2026-06-25,256,71241479037,31.978,,
climb,소금빵부엉이,c8670b56d1f6de6a313ba7c06aec6571,2026-06-26,256,71241479037,31.978,988376,
climb,소금빵부엉이,c8670b56d1f6de6a313ba7c06aec6571,2026-06-27,256,71241479037,31.978,,
climb,소금빵부엉이,c8670b56d1f6de6a313ba7c06aec6571,2026-06-28,256,71241479037,31.978,,
climb,소금빵부엉이,c8670b56d1f6de6a313ba7c06aec6571,2026-06-29,256,71241479037,31.978,,
climb,소금빵부엉이,c8670b56d1f6de6a313ba7c06aec6571,2026-06-30,256,71241479037,31.978,,
climb,소금빵부엉이,c8670b56d1f6de6a313ba7c06aec6571,2026-07-01,256,71241479037,31.978,,
climb,소금빵부엉이,c8670b56d1f6de6a313ba7c06aec6571,2026-07-02,256,71241479037,31.978,,
climb,소금빵부엉이,c8670b56d1f6de6a313ba7c06aec6571,2026-07-03,256,71241479037,31.978,,
climb,소금빵부엉이,c8670b56d1f6de6a313ba7c06aec6571,2026-07-04,256,71241479037,31.978,988376,
climb,소금빵부엉이,c8670b56d1f6de6a313ba7c06aec6571,2026-07-05,256,71241479037,31.978,,
climb,소금빵부엉이,c8670b56d1f6de6a313ba7c06aec6571,2026-07-06,256,71241479037,31.978,,
climb,소금빵부엉이,c8670b56d1f6de6a313ba7c06aec6571,2026-07-07,256,129664957599,58.202,,
climb,소금빵부엉이,c8670b56d1f6de6a313ba7c06aec6571,2026-07-08,256,189992134495,85.280,,
climb,소금빵부엉이,c8670b56d1f6de6a313ba7c06aec6571,2026-07-09,257,30501573928,13.292,,
climb,소금빵부엉이,c8670b56d1f6de6a313ba7c06aec6571,2026-07-10,257,107263595416,46.744,,
climb,소금빵부엉이,c8670b56d1f6de6a313ba7c06aec6571,2026-07-11,257,181929211415,79.282,,
climb,소금빵부엉이,c8670b56d1f6de6a313ba7c06aec6571,2026-07-12,257,181929211415,79.282,947538,
climb,소금빵부엉이,c8670b56d1f6de6a313ba7c06aec6571,2026-07-13,257,181929211415,79.282,,
climb,소금빵부엉이,c8670b56d1f6de6a313ba7c06aec6571,2026-07-14,257,181929211415,79.282,,
climb,소금빵부엉이,c8670b56d1f6de6a313ba7c06aec6571,2026-07-15,258,32727208309,13.847,,
climb,소금빵부엉이,c8670b56d1f6de6a313ba7c06aec6571,2026-07-16,258,32727208309,13.847,,
climb,소금빵부엉이,c8670b56d1f6de6a313ba7c06aec6571,2026-07-17,258,168928789477,71.473,,
climb,소금빵부엉이,c8670b56d1f6de6a313ba7c06aec6571,2026-07-18,259,11412087091,4.688,,
climb,소금빵부엉이,c8670b56d1f6de6a313ba7c06aec6571,2026-07-19,259,11412087091,4.688,,
climb,소금빵부엉이,c8670b56d1f6de6a313ba7c06aec6571,2026-07-20,259,92817301574,38.127,962327,
climb,소금빵부엉이,c8670b56d1f6de6a313ba7c06aec6571,2026-07-21,259,92817301574,38.127,,
climb,소금빵부엉이,c8670b56d1f6de6a313ba7c06aec6571,2026-07-22,259,92817301574,38.127,,
climb,이수리윤,b3ef8023bcb3ff9de9223b78d7d7267e,2026-06-18,256,43574440060,19.559,1082590,
climb,이수리윤,b3ef8023bcb3ff9de9223b78d7d7267e,2026-06-19,256,43574440060,19.559,,
climb,이수리윤,b3ef8023bcb3ff9de9223b78d7d7267e,2026-06-20,256,43574440060,19.559,,
climb,이수리윤,b3ef8023bcb3ff9de9223b78d7d7267e,2026-06-21,256,43574440060,19.559,,
climb,이수리윤,b3ef8023bcb3ff9de9223b78d7d7267e,2026-06-22,256,43574440060,19.559,,
climb,이수리윤,b3ef8023bcb3ff9de9223b78d7d7267e,2026-06-23,256,43574440060,19.559,,
climb,이수리윤,b3ef8023bcb3ff9de9223b78d7d7267e,2026-06-24,256,43574440060,19.559,,
climb,이수리윤,b3ef8023bcb3ff9de9223b78d7d7267e,2026-06-25,256,43574440060,19.559,,
climb,이수리윤,b3ef8023bcb3ff9de9223b78d7d7267e,2026-06-26,256,43574440060,19.559,1082590,
climb,이수리윤,b3ef8023bcb3ff9de9223b78d7d7267e,2026-06-27,256,43574440060,19.559,,
climb,이수리윤,b3ef8023bcb3ff9de9223b78d7d7267e,2026-06-28,256,43574440060,19.559,,
climb,이수리윤,b3ef8023bcb3ff9de9223b78d7d7267e,2026-06-29,256,43574440060,19.559,,
climb,이수리윤,b3ef8023bcb3ff9de9223b78d7d7267e,2026-06-30,256,43574440060,19.559,,
climb,이수리윤,b3ef8023bcb3ff9de9223b78d7d7267e,2026-07-01,256,43574440060,19.559,,
climb,이수리윤,b3ef8023bcb3ff9de9223b78d7d7267e,2026-07-02,256,43574440060,19.559,,
climb,이수리윤,b3ef8023bcb3ff9de9223b78d7d7267e,2026-07-03,256,43574440060,19.559,,
climb,이수리윤,b3ef8023bcb3ff9de9223b78d7d7267e,2026-07-04,256,43574440060,19.559,1082590,
climb,이수리윤,b3ef8023bcb3ff9de9223b78d7d7267e,2026-07-05,256,43574440060,19.559,,
climb,이수리윤,b3ef8023bcb3ff9de9223b78d7d7267e,2026-07-06,256,43574440060,19.559,,
climb,이수리윤,b3ef8023bcb3ff9de9223b78d7d7267e,2026-07-07,256,43574440060,19.559,,
climb,이수리윤,b3ef8023bcb3ff9de9223b78d7d7267e,2026-07-08,256,43574440060,19.559,,
climb,이수리윤,b3ef8023bcb3ff9de9223b78d7d7267e,2026-07-09,256,43574440060,19.559,,
climb,이수리윤,b3ef8023bcb3ff9de9223b78d7d7267e,2026-07-10,256,43574440060,19.559,,
climb,이수리윤,b3ef8023bcb3ff9de9223b78d7d7267e,2026-07-11,256,43574440060,19.559,,
climb,이수리윤,b3ef8023bcb3ff9de9223b78d7d7267e,2026-07-12,256,43574440060,19.559,1082590,
climb,이수리윤,b3ef8023bcb3ff9de9223b78d7d7267e,2026-07-13,256,43574440060,19.559,,
climb,이수리윤,b3ef8023bcb3ff9de9223b78d7d7267e,2026-07-14,256,43574440060,19.559,,
climb,이수리윤,b3ef8023bcb3ff9de9223b78d7d7267e,2026-07-15,256,43574440060,19.559,,
climb,이수리윤,b3ef8023bcb3ff9de9223b78d7d7267e,2026-07-16,256,43574440060,19.559,,
climb,이수리윤,b3ef8023bcb3ff9de9223b78d7d7267e,2026-07-17,256,43574440060,19.559,,
climb,이수리윤,b3ef8023bcb3ff9de9223b78d7d7267e,2026-07-18,256,43574440060,19.559,,
climb,이수리윤,b3ef8023bcb3ff9de9223b78d7d7267e,2026-07-19,256,43574440060,19.559,,
climb,이수리윤,b3ef8023bcb3ff9de9223b78d7d7267e,2026-07-20,256,43574440060,19.559,1082590,
climb,이수리윤,b3ef8023bcb3ff9de9223b78d7d7267e,2026-07-21,256,43574440060,19.559,,
climb,이수리윤,b3ef8023bcb3ff9de9223b78d7d7267e,2026-07-22,256,43574440060,19.559,,
climb,른월퐝,89c29c67eb444f11aa7e1bd7d692b856,2026-06-18,256,75196054891,33.753,1100066,
climb,른월퐝,89c29c67eb444f11aa7e1bd7d692b856,2026-06-19,256,75196054891,33.753,,
climb,른월퐝,89c29c67eb444f11aa7e1bd7d692b856,2026-06-20,256,75196054891,33.753,,
climb,른월퐝,89c29c67eb444f11aa7e1bd7d692b856,2026-06-21,256,75196054891,33.753,,
climb,른월퐝,89c29c67eb444f11aa7e1bd7d692b856,2026-06-22,256,75196054891,33.753,,
climb,른월퐝,89c29c67eb444f11aa7e1bd7d692b856,2026-06-23,256,75196054891,33.753,,
climb,른월퐝,89c29c67eb444f11aa7e1bd7d692b856,2026-06-24,256,75196054891,33.753,,
climb,른월퐝,89c29c67eb444f11aa7e1bd7d692b856,2026-06-25,256,75196054891,33.753,,
climb,른월퐝,89c29c67eb444f11aa7e1bd7d692b856,2026-06-26,256,75196054891,33.753,1100066,
climb,른월퐝,89c29c67eb444f11aa7e1bd7d692b856,2026-06-27,256,75196054891,33.753,,
climb,른월퐝,89c29c67eb444f11aa7e1bd7d692b856,2026-06-28,256,75196054891,33.753,,
climb,른월퐝,89c29c67eb444f11aa7e1bd7d692b856,2026-06-29,256,75196054891,33.753,,
climb,른월퐝,89c29c67eb444f11aa7e1bd7d692b856,2026-06-30,256,75196054891,33.753,,
climb,른월퐝,89c29c67eb444f11aa7e1bd7d692b856,2026-07-01,256,75196054891,33.753,,
climb,른월퐝,89c29c67eb444f11aa7e1bd7d692b856,2026-07-02,256,75196054891,33.753,,
climb,른월퐝,89c29c67eb444f11aa7e1bd7d692b856,2026-07-03,256,75196054891,33.753,,
climb,른월퐝,89c29c67eb444f11aa7e1bd7d692b856,2026-07-04,256,75196054891,33.753,1100066,
climb,른월퐝,89c29c67eb444f11aa7e1bd7d692b856,2026-07-05,256,75196054891,33.753,,
climb,른월퐝,89c29c67eb444f11aa7e1bd7d692b856,2026-07-06,256,75196054891,33.753,,
climb,른월퐝,89c29c67eb444f11aa7e1bd7d692b856,2026-07-07,256,75196054891,33.753,,
climb,른월퐝,89c29c67eb444f11aa7e1bd7d692b856,2026-07-08,256,75196054891,33.753,,
climb,른월퐝,89c29c67eb444f11aa7e1bd7d692b856,2026-07-09,256,75196054891,33.753,,
climb,른월퐝,89c29c67eb444f11aa7e1bd7d692b856,2026-07-10,256,75196054891,33.753,,
climb,른월퐝,89c29c67eb444f11aa7e1bd7d692b856,2026-07-11,256,75196054891,33.753,,
climb,른월퐝,89c29c67eb444f11aa7e1bd7d692b856,2026-07-12,256,75196054891,33.753,1100066,
climb,른월퐝,89c29c67eb444f11aa7e1bd7d692b856,2026-07-13,256,75196054891,33.753,,
climb,른월퐝,89c29c67eb444f11aa7e1bd7d692b856,2026-07-14,256,75196054891,33.753,,
climb,른월퐝,89c29c67eb444f11aa7e1bd7d692b856,2026-07-15,256,75196054891,33.753,,
climb,른월퐝,89c29c67eb444f11aa7e1bd7d692b856,2026-07-16,256,75196054891,33.753,,
climb,른월퐝,89c29c67eb444f11aa7e1bd7d692b856,2026-07-17,256,75196054891,33.753,,
climb,른월퐝,89c29c67eb444f11aa7e1bd7d692b856,2026-07-18,256,75196054891,33.753,,
climb,른월퐝,89c29c67eb444f11aa7e1bd7d692b856,2026-07-19,256,75196054891,33.753,,
climb,른월퐝,89c29c67eb444f11aa7e1bd7d692b856,2026-07-20,256,75196054891,33.753,1100066,
climb,른월퐝,89c29c67eb444f11aa7e1bd7d692b856,2026-07-21,256,75196054891,33.753,,
climb,른월퐝,89c29c67eb444f11aa7e1bd7d692b856,2026-07-22,256,75196054891,33.753,,
climb,S2데벤져KIN,fbc69fa93142b8036071dfc465d30357,2026-06-18,256,69069683723,31.003,741408,
climb,S2데벤져KIN,fbc69fa93142b8036071dfc465d30357,2026-06-19,256,69069683723,31.003,,
climb,S2데벤져KIN,fbc69fa93142b8036071dfc465d30357,2026-06-20,256,69069683723,31.003,,
climb,S2데벤져KIN,fbc69fa93142b8036071dfc465d30357,2026-06-21,256,69069683723,31.003,,
climb,S2데벤져KIN,fbc69fa93142b8036071dfc465d30357,2026-06-22,256,69069683723,31.003,,
climb,S2데벤져KIN,fbc69fa93142b8036071dfc465d30357,2026-06-23,256,69069683723,31.003,,
climb,S2데벤져KIN,fbc69fa93142b8036071dfc465d30357,2026-06-24,256,69069683723,31.003,,
climb,S2데벤져KIN,fbc69fa93142b8036071dfc465d30357,2026-06-25,256,69069683723,31.003,,
climb,S2데벤져KIN,fbc69fa93142b8036071dfc465d30357,2026-06-26,256,69069683723,31.003,741408,
climb,S2데벤져KIN,fbc69fa93142b8036071dfc465d30357,2026-06-27,256,69069683723,31.003,,
climb,S2데벤져KIN,fbc69fa93142b8036071dfc465d30357,2026-06-28,256,69069683723,31.003,,
climb,S2데벤져KIN,fbc69fa93142b8036071dfc465d30357,2026-06-29,256,69069683723,31.003,,
climb,S2데벤져KIN,fbc69fa93142b8036071dfc465d30357,2026-06-30,256,69069683723,31.003,,
climb,S2데벤져KIN,fbc69fa93142b8036071dfc465d30357,2026-07-01,256,69069683723,31.003,,
climb,S2데벤져KIN,fbc69fa93142b8036071dfc465d30357,2026-07-02,256,69069683723,31.003,,
climb,S2데벤져KIN,fbc69fa93142b8036071dfc465d30357,2026-07-03,256,69069683723,31.003,,
climb,S2데벤져KIN,fbc69fa93142b8036071dfc465d30357,2026-07-04,256,69069683723,31.003,741408,
climb,S2데벤져KIN,fbc69fa93142b8036071dfc465d30357,2026-07-05,256,69069683723,31.003,,
climb,S2데벤져KIN,fbc69fa93142b8036071dfc465d30357,2026-07-06,256,69069683723,31.003,,
climb,S2데벤져KIN,fbc69fa93142b8036071dfc465d30357,2026-07-07,256,69069683723,31.003,,
climb,S2데벤져KIN,fbc69fa93142b8036071dfc465d30357,2026-07-08,256,69069683723,31.003,,
climb,S2데벤져KIN,fbc69fa93142b8036071dfc465d30357,2026-07-09,256,69069683723,31.003,,
climb,S2데벤져KIN,fbc69fa93142b8036071dfc465d30357,2026-07-10,256,69069683723,31.003,,
climb,S2데벤져KIN,fbc69fa93142b8036071dfc465d30357,2026-07-11,256,69069683723,31.003,,
climb,S2데벤져KIN,fbc69fa93142b8036071dfc465d30357,2026-07-12,256,69069683723,31.003,741408,
climb,S2데벤져KIN,fbc69fa93142b8036071dfc465d30357,2026-07-13,256,69069683723,31.003,,
climb,S2데벤져KIN,fbc69fa93142b8036071dfc465d30357,2026-07-14,256,69069683723,31.003,,
climb,S2데벤져KIN,fbc69fa93142b8036071dfc465d30357,2026-07-15,256,69069683723,31.003,,
climb,S2데벤져KIN,fbc69fa93142b8036071dfc465d30357,2026-07-16,256,69069683723,31.003,,
climb,S2데벤져KIN,fbc69fa93142b8036071dfc465d30357,2026-07-17,256,69069683723,31.003,,
climb,S2데벤져KIN,fbc69fa93142b8036071dfc465d30357,2026-07-18,256,69069683723,31.003,,
climb,S2데벤져KIN,fbc69fa93142b8036071dfc465d30357,2026-07-19,256,69069683723,31.003,,
climb,S2데벤져KIN,fbc69fa93142b8036071dfc465d30357,2026-07-20,256,69069683723,31.003,741408,
climb,S2데벤져KIN,fbc69fa93142b8036071dfc465d30357,2026-07-21,256,69069683723,31.003,,
climb,S2데벤져KIN,fbc69fa93142b8036071dfc465d30357,2026-07-22,256,69069683723,31.003,,
climb,B2nz2no,9bc8c9ab8b9785b0166c06eaa427013d,2026-06-18,256,86334020177,38.752,6657449,
climb,B2nz2no,9bc8c9ab8b9785b0166c06eaa427013d,2026-06-19,256,86334020177,38.752,,
climb,B2nz2no,9bc8c9ab8b9785b0166c06eaa427013d,2026-06-20,256,86334020177,38.752,,
climb,B2nz2no,9bc8c9ab8b9785b0166c06eaa427013d,2026-06-21,256,86334020177,38.752,,
climb,B2nz2no,9bc8c9ab8b9785b0166c06eaa427013d,2026-06-22,256,86334020177,38.752,,
climb,B2nz2no,9bc8c9ab8b9785b0166c06eaa427013d,2026-06-23,256,86334020177,38.752,,
climb,B2nz2no,9bc8c9ab8b9785b0166c06eaa427013d,2026-06-24,256,86334020177,38.752,,
climb,B2nz2no,9bc8c9ab8b9785b0166c06eaa427013d,2026-06-25,256,86334020177,38.752,,
climb,B2nz2no,9bc8c9ab8b9785b0166c06eaa427013d,2026-06-26,256,86334020177,38.752,6657449,
climb,B2nz2no,9bc8c9ab8b9785b0166c06eaa427013d,2026-06-27,256,86334020177,38.752,,
climb,B2nz2no,9bc8c9ab8b9785b0166c06eaa427013d,2026-06-28,256,86334020177,38.752,,
climb,B2nz2no,9bc8c9ab8b9785b0166c06eaa427013d,2026-06-29,256,86334020177,38.752,,
climb,B2nz2no,9bc8c9ab8b9785b0166c06eaa427013d,2026-06-30,256,86334020177,38.752,,
climb,B2nz2no,9bc8c9ab8b9785b0166c06eaa427013d,2026-07-01,256,86334020177,38.752,,
climb,B2nz2no,9bc8c9ab8b9785b0166c06eaa427013d,2026-07-02,256,86334020177,38.752,,
climb,B2nz2no,9bc8c9ab8b9785b0166c06eaa427013d,2026-07-03,256,86334020177,38.752,,
climb,B2nz2no,9bc8c9ab8b9785b0166c06eaa427013d,2026-07-04,256,86334020177,38.752,6657449,
climb,B2nz2no,9bc8c9ab8b9785b0166c06eaa427013d,2026-07-05,256,86334020177,38.752,,
climb,B2nz2no,9bc8c9ab8b9785b0166c06eaa427013d,2026-07-06,256,86334020177,38.752,,
climb,B2nz2no,9bc8c9ab8b9785b0166c06eaa427013d,2026-07-07,256,86334020177,38.752,,
climb,B2nz2no,9bc8c9ab8b9785b0166c06eaa427013d,2026-07-08,256,86334020177,38.752,,
climb,B2nz2no,9bc8c9ab8b9785b0166c06eaa427013d,2026-07-09,256,86334020177,38.752,,
climb,B2nz2no,9bc8c9ab8b9785b0166c06eaa427013d,2026-07-10,256,86334020177,38.752,,
climb,B2nz2no,9bc8c9ab8b9785b0166c06eaa427013d,2026-07-11,256,86334020177,38.752,,
climb,B2nz2no,9bc8c9ab8b9785b0166c06eaa427013d,2026-07-12,256,86334020177,38.752,6657449,
climb,B2nz2no,9bc8c9ab8b9785b0166c06eaa427013d,2026-07-13,256,86334020177,38.752,,
climb,B2nz2no,9bc8c9ab8b9785b0166c06eaa427013d,2026-07-14,256,86334020177,38.752,,
climb,B2nz2no,9bc8c9ab8b9785b0166c06eaa427013d,2026-07-15,256,86334020177,38.752,,
climb,B2nz2no,9bc8c9ab8b9785b0166c06eaa427013d,2026-07-16,256,86334020177,38.752,,
climb,B2nz2no,9bc8c9ab8b9785b0166c06eaa427013d,2026-07-17,256,86334020177,38.752,,
climb,B2nz2no,9bc8c9ab8b9785b0166c06eaa427013d,2026-07-18,256,86334020177,38.752,,
climb,B2nz2no,9bc8c9ab8b9785b0166c06eaa427013d,2026-07-19,256,86334020177,38.752,,
climb,B2nz2no,9bc8c9ab8b9785b0166c06eaa427013d,2026-07-20,256,86334020177,38.752,6657449,
climb,B2nz2no,9bc8c9ab8b9785b0166c06eaa427013d,2026-07-21,256,86334020177,38.752,,
climb,B2nz2no,9bc8c9ab8b9785b0166c06eaa427013d,2026-07-22,256,86334020177,38.752,,
climb,페어리존맛,9031fc4043cece329734c23bfa1b5937efe8d04e6d233bd35cf2fabdeb93fb0d,2026-06-18,256,98721345889,44.312,383430,
climb,페어리존맛,9031fc4043cece329734c23bfa1b5937efe8d04e6d233bd35cf2fabdeb93fb0d,2026-06-19,256,98721345889,44.312,,
climb,페어리존맛,9031fc4043cece329734c23bfa1b5937efe8d04e6d233bd35cf2fabdeb93fb0d,2026-06-20,256,98721345889,44.312,,
climb,페어리존맛,9031fc4043cece329734c23bfa1b5937efe8d04e6d233bd35cf2fabdeb93fb0d,2026-06-21,256,98721345889,44.312,,
climb,페어리존맛,9031fc4043cece329734c23bfa1b5937efe8d04e6d233bd35cf2fabdeb93fb0d,2026-06-22,256,98721345889,44.312,,
climb,페어리존맛,9031fc4043cece329734c23bfa1b5937efe8d04e6d233bd35cf2fabdeb93fb0d,2026-06-23,256,98721345889,44.312,,
climb,페어리존맛,9031fc4043cece329734c23bfa1b5937efe8d04e6d233bd35cf2fabdeb93fb0d,2026-06-24,256,98721345889,44.312,,
climb,페어리존맛,9031fc4043cece329734c23bfa1b5937efe8d04e6d233bd35cf2fabdeb93fb0d,2026-06-25,256,98721345889,44.312,,
climb,페어리존맛,9031fc4043cece329734c23bfa1b5937efe8d04e6d233bd35cf2fabdeb93fb0d,2026-06-26,256,98721345889,44.312,397492,
climb,페어리존맛,9031fc4043cece329734c23bfa1b5937efe8d04e6d233bd35cf2fabdeb93fb0d,2026-06-27,256,98721345889,44.312,,
climb,페어리존맛,9031fc4043cece329734c23bfa1b5937efe8d04e6d233bd35cf2fabdeb93fb0d,2026-06-28,256,98721345889,44.312,,
climb,페어리존맛,9031fc4043cece329734c23bfa1b5937efe8d04e6d233bd35cf2fabdeb93fb0d,2026-06-29,256,98721345889,44.312,,
climb,페어리존맛,9031fc4043cece329734c23bfa1b5937efe8d04e6d233bd35cf2fabdeb93fb0d,2026-06-30,256,98721345889,44.312,,
climb,페어리존맛,9031fc4043cece329734c23bfa1b5937efe8d04e6d233bd35cf2fabdeb93fb0d,2026-07-01,256,98721345889,44.312,,
climb,페어리존맛,9031fc4043cece329734c23bfa1b5937efe8d04e6d233bd35cf2fabdeb93fb0d,2026-07-02,256,98721345889,44.312,,
climb,페어리존맛,9031fc4043cece329734c23bfa1b5937efe8d04e6d233bd35cf2fabdeb93fb0d,2026-07-03,256,98721345889,44.312,,
climb,페어리존맛,9031fc4043cece329734c23bfa1b5937efe8d04e6d233bd35cf2fabdeb93fb0d,2026-07-04,256,98721345889,44.312,397492,
climb,페어리존맛,9031fc4043cece329734c23bfa1b5937efe8d04e6d233bd35cf2fabdeb93fb0d,2026-07-05,256,98721345889,44.312,,
climb,페어리존맛,9031fc4043cece329734c23bfa1b5937efe8d04e6d233bd35cf2fabdeb93fb0d,2026-07-06,256,98721345889,44.312,,
climb,페어리존맛,9031fc4043cece329734c23bfa1b5937efe8d04e6d233bd35cf2fabdeb93fb0d,2026-07-07,256,98721345889,44.312,,
climb,페어리존맛,9031fc4043cece329734c23bfa1b5937efe8d04e6d233bd35cf2fabdeb93fb0d,2026-07-08,256,98721345889,44.312,,
climb,페어리존맛,9031fc4043cece329734c23bfa1b5937efe8d04e6d233bd35cf2fabdeb93fb0d,2026-07-09,256,98721345889,44.312,,
climb,페어리존맛,9031fc4043cece329734c23bfa1b5937efe8d04e6d233bd35cf2fabdeb93fb0d,2026-07-10,256,98721345889,44.312,,
climb,페어리존맛,9031fc4043cece329734c23bfa1b5937efe8d04e6d233bd35cf2fabdeb93fb0d,2026-07-11,256,98721345889,44.312,,
climb,페어리존맛,9031fc4043cece329734c23bfa1b5937efe8d04e6d233bd35cf2fabdeb93fb0d,2026-07-12,256,98721345889,44.312,397492,
climb,페어리존맛,9031fc4043cece329734c23bfa1b5937efe8d04e6d233bd35cf2fabdeb93fb0d,2026-07-13,256,98721345889,44.312,,
climb,페어리존맛,9031fc4043cece329734c23bfa1b5937efe8d04e6d233bd35cf2fabdeb93fb0d,2026-07-14,256,98721345889,44.312,,
climb,페어리존맛,9031fc4043cece329734c23bfa1b5937efe8d04e6d233bd35cf2fabdeb93fb0d,2026-07-15,256,98721345889,44.312,,
climb,페어리존맛,9031fc4043cece329734c23bfa1b5937efe8d04e6d233bd35cf2fabdeb93fb0d,2026-07-16,256,98721345889,44.312,,
climb,페어리존맛,9031fc4043cece329734c23bfa1b5937efe8d04e6d233bd35cf2fabdeb93fb0d,2026-07-17,256,98721345889,44.312,,
climb,페어리존맛,9031fc4043cece329734c23bfa1b5937efe8d04e6d233bd35cf2fabdeb93fb0d,2026-07-18,256,98721345889,44.312,,
climb,페어리존맛,9031fc4043cece329734c23bfa1b5937efe8d04e6d233bd35cf2fabdeb93fb0d,2026-07-19,256,98721345889,44.312,,
climb,페어리존맛,9031fc4043cece329734c23bfa1b5937efe8d04e6d233bd35cf2fabdeb93fb0d,2026-07-20,256,98721345889,44.312,397492,
climb,페어리존맛,9031fc4043cece329734c23bfa1b5937efe8d04e6d233bd35cf2fabdeb93fb0d,2026-07-21,256,98721345889,44.312,,
climb,페어리존맛,9031fc4043cece329734c23bfa1b5937efe8d04e6d233bd35cf2fabdeb93fb0d,2026-07-22,256,98721345889,44.312,,
climb,식엣,8e91d20b1ac19bd65efa94ab62275a29efe8d04e6d233bd35cf2fabdeb93fb0d,2026-06-18,256,93116445698,41.796,4372889,
climb,식엣,8e91d20b1ac19bd65efa94ab62275a29efe8d04e6d233bd35cf2fabdeb93fb0d,2026-06-19,256,93116445698,41.796,,
climb,식엣,8e91d20b1ac19bd65efa94ab62275a29efe8d04e6d233bd35cf2fabdeb93fb0d,2026-06-20,256,93116445698,41.796,,
climb,식엣,8e91d20b1ac19bd65efa94ab62275a29efe8d04e6d233bd35cf2fabdeb93fb0d,2026-06-21,256,93116445698,41.796,,
climb,식엣,8e91d20b1ac19bd65efa94ab62275a29efe8d04e6d233bd35cf2fabdeb93fb0d,2026-06-22,256,93116445698,41.796,,
climb,식엣,8e91d20b1ac19bd65efa94ab62275a29efe8d04e6d233bd35cf2fabdeb93fb0d,2026-06-23,256,93116445698,41.796,,
climb,식엣,8e91d20b1ac19bd65efa94ab62275a29efe8d04e6d233bd35cf2fabdeb93fb0d,2026-06-24,256,93116445698,41.796,,
climb,식엣,8e91d20b1ac19bd65efa94ab62275a29efe8d04e6d233bd35cf2fabdeb93fb0d,2026-06-25,256,93116445698,41.796,,
climb,식엣,8e91d20b1ac19bd65efa94ab62275a29efe8d04e6d233bd35cf2fabdeb93fb0d,2026-06-26,256,93116445698,41.796,4372889,
climb,식엣,8e91d20b1ac19bd65efa94ab62275a29efe8d04e6d233bd35cf2fabdeb93fb0d,2026-06-27,256,93116445698,41.796,,
climb,식엣,8e91d20b1ac19bd65efa94ab62275a29efe8d04e6d233bd35cf2fabdeb93fb0d,2026-06-28,256,93116445698,41.796,,
climb,식엣,8e91d20b1ac19bd65efa94ab62275a29efe8d04e6d233bd35cf2fabdeb93fb0d,2026-06-29,256,93116445698,41.796,,
climb,식엣,8e91d20b1ac19bd65efa94ab62275a29efe8d04e6d233bd35cf2fabdeb93fb0d,2026-06-30,256,93116445698,41.796,,
climb,식엣,8e91d20b1ac19bd65efa94ab62275a29efe8d04e6d233bd35cf2fabdeb93fb0d,2026-07-01,256,93116445698,41.796,,
climb,식엣,8e91d20b1ac19bd65efa94ab62275a29efe8d04e6d233bd35cf2fabdeb93fb0d,2026-07-02,256,93116445698,41.796,,
climb,식엣,8e91d20b1ac19bd65efa94ab62275a29efe8d04e6d233bd35cf2fabdeb93fb0d,2026-07-03,256,93116445698,41.796,,
climb,식엣,8e91d20b1ac19bd65efa94ab62275a29efe8d04e6d233bd35cf2fabdeb93fb0d,2026-07-04,256,93116445698,41.796,4372889,
climb,식엣,8e91d20b1ac19bd65efa94ab62275a29efe8d04e6d233bd35cf2fabdeb93fb0d,2026-07-05,256,93116445698,41.796,,
climb,식엣,8e91d20b1ac19bd65efa94ab62275a29efe8d04e6d233bd35cf2fabdeb93fb0d,2026-07-06,256,93116445698,41.796,,
climb,식엣,8e91d20b1ac19bd65efa94ab62275a29efe8d04e6d233bd35cf2fabdeb93fb0d,2026-07-07,256,93116445698,41.796,,
climb,식엣,8e91d20b1ac19bd65efa94ab62275a29efe8d04e6d233bd35cf2fabdeb93fb0d,2026-07-08,256,93116445698,41.796,,
climb,식엣,8e91d20b1ac19bd65efa94ab62275a29efe8d04e6d233bd35cf2fabdeb93fb0d,2026-07-09,256,93116445698,41.796,,
climb,식엣,8e91d20b1ac19bd65efa94ab62275a29efe8d04e6d233bd35cf2fabdeb93fb0d,2026-07-10,256,93116445698,41.796,,
climb,식엣,8e91d20b1ac19bd65efa94ab62275a29efe8d04e6d233bd35cf2fabdeb93fb0d,2026-07-11,256,93116445698,41.796,,
climb,식엣,8e91d20b1ac19bd65efa94ab62275a29efe8d04e6d233bd35cf2fabdeb93fb0d,2026-07-12,256,93116445698,41.796,4372889,
climb,식엣,8e91d20b1ac19bd65efa94ab62275a29efe8d04e6d233bd35cf2fabdeb93fb0d,2026-07-13,256,93116445698,41.796,,
climb,식엣,8e91d20b1ac19bd65efa94ab62275a29efe8d04e6d233bd35cf2fabdeb93fb0d,2026-07-14,256,93116445698,41.796,,
climb,식엣,8e91d20b1ac19bd65efa94ab62275a29efe8d04e6d233bd35cf2fabdeb93fb0d,2026-07-15,256,93116445698,41.796,,
climb,식엣,8e91d20b1ac19bd65efa94ab62275a29efe8d04e6d233bd35cf2fabdeb93fb0d,2026-07-16,256,93116445698,41.796,,
climb,식엣,8e91d20b1ac19bd65efa94ab62275a29efe8d04e6d233bd35cf2fabdeb93fb0d,2026-07-17,256,93116445698,41.796,,
climb,식엣,8e91d20b1ac19bd65efa94ab62275a29efe8d04e6d233bd35cf2fabdeb93fb0d,2026-07-18,256,93116445698,41.796,,
climb,식엣,8e91d20b1ac19bd65efa94ab62275a29efe8d04e6d233bd35cf2fabdeb93fb0d,2026-07-19,256,93116445698,41.796,,
climb,식엣,8e91d20b1ac19bd65efa94ab62275a29efe8d04e6d233bd35cf2fabdeb93fb0d,2026-07-20,256,93116445698,41.796,4372889,
climb,식엣,8e91d20b1ac19bd65efa94ab62275a29efe8d04e6d233bd35cf2fabdeb93fb0d,2026-07-21,256,93116445698,41.796,,
climb,식엣,8e91d20b1ac19bd65efa94ab62275a29efe8d04e6d233bd35cf2fabdeb93fb0d,2026-07-22,256,93116445698,41.796,,
climb,향랫데벤,9e17c97e34b77b0861daf160292b8630c47ea5ffea2564f587ca830a8f71acb2,2026-06-18,256,40155171965,18.024,17207,
climb,향랫데벤,9e17c97e34b77b0861daf160292b8630c47ea5ffea2564f587ca830a8f71acb2,2026-06-19,256,40155171965,18.024,,
climb,향랫데벤,9e17c97e34b77b0861daf160292b8630c47ea5ffea2564f587ca830a8f71acb2,2026-06-20,256,40155171965,18.024,,
climb,향랫데벤,9e17c97e34b77b0861daf160292b8630c47ea5ffea2564f587ca830a8f71acb2,2026-06-21,256,40155171965,18.024,,
climb,향랫데벤,9e17c97e34b77b0861daf160292b8630c47ea5ffea2564f587ca830a8f71acb2,2026-06-22,256,40155171965,18.024,,
climb,향랫데벤,9e17c97e34b77b0861daf160292b8630c47ea5ffea2564f587ca830a8f71acb2,2026-06-23,256,40155171965,18.024,,
climb,향랫데벤,9e17c97e34b77b0861daf160292b8630c47ea5ffea2564f587ca830a8f71acb2,2026-06-24,256,40155171965,18.024,,
climb,향랫데벤,9e17c97e34b77b0861daf160292b8630c47ea5ffea2564f587ca830a8f71acb2,2026-06-25,256,40155171965,18.024,,
climb,향랫데벤,9e17c97e34b77b0861daf160292b8630c47ea5ffea2564f587ca830a8f71acb2,2026-06-26,256,40155171965,18.024,17207,
climb,향랫데벤,9e17c97e34b77b0861daf160292b8630c47ea5ffea2564f587ca830a8f71acb2,2026-06-27,256,40155171965,18.024,,
climb,향랫데벤,9e17c97e34b77b0861daf160292b8630c47ea5ffea2564f587ca830a8f71acb2,2026-06-28,256,40155171965,18.024,,
climb,향랫데벤,9e17c97e34b77b0861daf160292b8630c47ea5ffea2564f587ca830a8f71acb2,2026-06-29,256,40155171965,18.024,,
climb,향랫데벤,9e17c97e34b77b0861daf160292b8630c47ea5ffea2564f587ca830a8f71acb2,2026-06-30,256,40155171965,18.024,,
climb,향랫데벤,9e17c97e34b77b0861daf160292b8630c47ea5ffea2564f587ca830a8f71acb2,2026-07-01,256,40155171965,18.024,,
climb,향랫데벤,9e17c97e34b77b0861daf160292b8630c47ea5ffea2564f587ca830a8f71acb2,2026-07-02,256,40155171965,18.024,,
climb,향랫데벤,9e17c97e34b77b0861daf160292b8630c47ea5ffea2564f587ca830a8f71acb2,2026-07-03,256,40155171965,18.024,,
climb,향랫데벤,9e17c97e34b77b0861daf160292b8630c47ea5ffea2564f587ca830a8f71acb2,2026-07-04,256,40155171965,18.024,17207,
climb,향랫데벤,9e17c97e34b77b0861daf160292b8630c47ea5ffea2564f587ca830a8f71acb2,2026-07-05,256,40155171965,18.024,,
climb,향랫데벤,9e17c97e34b77b0861daf160292b8630c47ea5ffea2564f587ca830a8f71acb2,2026-07-06,256,40155171965,18.024,,
climb,향랫데벤,9e17c97e34b77b0861daf160292b8630c47ea5ffea2564f587ca830a8f71acb2,2026-07-07,256,40155171965,18.024,,
climb,향랫데벤,9e17c97e34b77b0861daf160292b8630c47ea5ffea2564f587ca830a8f71acb2,2026-07-08,256,40155171965,18.024,,
climb,향랫데벤,9e17c97e34b77b0861daf160292b8630c47ea5ffea2564f587ca830a8f71acb2,2026-07-09,256,40155171965,18.024,,
climb,향랫데벤,9e17c97e34b77b0861daf160292b8630c47ea5ffea2564f587ca830a8f71acb2,2026-07-10,256,40155171965,18.024,,
climb,향랫데벤,9e17c97e34b77b0861daf160292b8630c47ea5ffea2564f587ca830a8f71acb2,2026-07-11,256,40155171965,18.024,,
climb,향랫데벤,9e17c97e34b77b0861daf160292b8630c47ea5ffea2564f587ca830a8f71acb2,2026-07-12,256,40155171965,18.024,17207,
climb,향랫데벤,9e17c97e34b77b0861daf160292b8630c47ea5ffea2564f587ca830a8f71acb2,2026-07-13,256,40155171965,18.024,,
climb,향랫데벤,9e17c97e34b77b0861daf160292b8630c47ea5ffea2564f587ca830a8f71acb2,2026-07-14,256,40155171965,18.024,,
climb,향랫데벤,9e17c97e34b77b0861daf160292b8630c47ea5ffea2564f587ca830a8f71acb2,2026-07-15,256,40155171965,18.024,,
climb,향랫데벤,9e17c97e34b77b0861daf160292b8630c47ea5ffea2564f587ca830a8f71acb2,2026-07-16,256,40155171965,18.024,,
climb,향랫데벤,9e17c97e34b77b0861daf160292b8630c47ea5ffea2564f587ca830a8f71acb2,2026-07-17,256,40155171965,18.024,,
climb,향랫데벤,9e17c97e34b77b0861daf160292b8630c47ea5ffea2564f587ca830a8f71acb2,2026-07-18,256,40155171965,18.024,,
climb,향랫데벤,9e17c97e34b77b0861daf160292b8630c47ea5ffea2564f587ca830a8f71acb2,2026-07-19,256,40155171965,18.024,,
climb,향랫데벤,9e17c97e34b77b0861daf160292b8630c47ea5ffea2564f587ca830a8f71acb2,2026-07-20,256,40155171965,18.024,17207,
climb,향랫데벤,9e17c97e34b77b0861daf160292b8630c47ea5ffea2564f587ca830a8f71acb2,2026-07-21,256,40155171965,18.024,,
climb,향랫데벤,9e17c97e34b77b0861daf160292b8630c47ea5ffea2564f587ca830a8f71acb2,2026-07-22,256,40155171965,18.024,,
climb,윈브윤z,c4210a30e7876d8139ec8d5653d68e3d,2026-06-18,256,32442897395,14.562,8702798,
climb,윈브윤z,c4210a30e7876d8139ec8d5653d68e3d,2026-06-19,256,32442897395,14.562,,
climb,윈브윤z,c4210a30e7876d8139ec8d5653d68e3d,2026-06-20,256,32442897395,14.562,,
climb,윈브윤z,c4210a30e7876d8139ec8d5653d68e3d,2026-06-21,256,32442897395,14.562,,
climb,윈브윤z,c4210a30e7876d8139ec8d5653d68e3d,2026-06-22,256,32442897395,14.562,,
climb,윈브윤z,c4210a30e7876d8139ec8d5653d68e3d,2026-06-23,256,32442897395,14.562,,
climb,윈브윤z,c4210a30e7876d8139ec8d5653d68e3d,2026-06-24,256,32442897395,14.562,,
climb,윈브윤z,c4210a30e7876d8139ec8d5653d68e3d,2026-06-25,256,32442897395,14.562,,
climb,윈브윤z,c4210a30e7876d8139ec8d5653d68e3d,2026-06-26,256,32442897395,14.562,8702798,
climb,윈브윤z,c4210a30e7876d8139ec8d5653d68e3d,2026-06-27,256,32442897395,14.562,,
climb,윈브윤z,c4210a30e7876d8139ec8d5653d68e3d,2026-06-28,256,32442897395,14.562,,
climb,윈브윤z,c4210a30e7876d8139ec8d5653d68e3d,2026-06-29,256,32442897395,14.562,,
climb,윈브윤z,c4210a30e7876d8139ec8d5653d68e3d,2026-06-30,256,32442897395,14.562,,
climb,윈브윤z,c4210a30e7876d8139ec8d5653d68e3d,2026-07-01,256,32442897395,14.562,,
climb,윈브윤z,c4210a30e7876d8139ec8d5653d68e3d,2026-07-02,256,32442897395,14.562,,
climb,윈브윤z,c4210a30e7876d8139ec8d5653d68e3d,2026-07-03,256,32442897395,14.562,,
climb,윈브윤z,c4210a30e7876d8139ec8d5653d68e3d,2026-07-04,256,32442897395,14.562,8702798,
climb,윈브윤z,c4210a30e7876d8139ec8d5653d68e3d,2026-07-05,256,32442897395,14.562,,
climb,윈브윤z,c4210a30e7876d8139ec8d5653d68e3d,2026-07-06,256,32442897395,14.562,,
climb,윈브윤z,c4210a30e7876d8139ec8d5653d68e3d,2026-07-07,256,32442897395,14.562,,
climb,윈브윤z,c4210a30e7876d8139ec8d5653d68e3d,2026-07-08,256,32442897395,14.562,,
climb,윈브윤z,c4210a30e7876d8139ec8d5653d68e3d,2026-07-09,256,32442897395,14.562,,
climb,윈브윤z,c4210a30e7876d8139ec8d5653d68e3d,2026-07-10,256,32442897395,14.562,,
climb,윈브윤z,c4210a30e7876d8139ec8d5653d68e3d,2026-07-11,256,32442897395,14.562,,
climb,윈브윤z,c4210a30e7876d8139ec8d5653d68e3d,2026-07-12,256,32442897395,14.562,8702798,
climb,윈브윤z,c4210a30e7876d8139ec8d5653d68e3d,2026-07-13,256,32442897395,14.562,,
climb,윈브윤z,c4210a30e7876d8139ec8d5653d68e3d,2026-07-14,256,32442897395,14.562,,
climb,윈브윤z,c4210a30e7876d8139ec8d5653d68e3d,2026-07-15,256,32442897395,14.562,,
climb,윈브윤z,c4210a30e7876d8139ec8d5653d68e3d,2026-07-16,256,32442897395,14.562,,
climb,윈브윤z,c4210a30e7876d8139ec8d5653d68e3d,2026-07-17,256,32442897395,14.562,,
climb,윈브윤z,c4210a30e7876d8139ec8d5653d68e3d,2026-07-18,256,32442897395,14.562,,
climb,윈브윤z,c4210a30e7876d8139ec8d5653d68e3d,2026-07-19,256,32442897395,14.562,,
climb,윈브윤z,c4210a30e7876d8139ec8d5653d68e3d,2026-07-20,256,32442897395,14.562,8702798,
climb,윈브윤z,c4210a30e7876d8139ec8d5653d68e3d,2026-07-21,256,32442897395,14.562,,
climb,윈브윤z,c4210a30e7876d8139ec8d5653d68e3d,2026-07-22,256,32442897395,14.562,,
climb,짜아알랑s,25ed327ed43113c2366c6aabd06f5cae,2026-06-18,256,48734698260,21.875,4927140,
climb,짜아알랑s,25ed327ed43113c2366c6aabd06f5cae,2026-06-19,256,95695528685,42.954,,
climb,짜아알랑s,25ed327ed43113c2366c6aabd06f5cae,2026-06-20,256,95695528685,42.954,,
climb,짜아알랑s,25ed327ed43113c2366c6aabd06f5cae,2026-06-21,256,95695528685,42.954,,
climb,짜아알랑s,25ed327ed43113c2366c6aabd06f5cae,2026-06-22,256,143925216582,64.602,,
climb,짜아알랑s,25ed327ed43113c2366c6aabd06f5cae,2026-06-23,256,143925216582,64.602,,
climb,짜아알랑s,25ed327ed43113c2366c6aabd06f5cae,2026-06-24,256,143925216582,64.602,,
climb,짜아알랑s,25ed327ed43113c2366c6aabd06f5cae,2026-06-25,256,143925216582,64.602,,
climb,짜아알랑s,25ed327ed43113c2366c6aabd06f5cae,2026-06-26,256,143925216582,64.602,4927140,
climb,짜아알랑s,25ed327ed43113c2366c6aabd06f5cae,2026-06-27,256,143925216582,64.602,,
climb,짜아알랑s,25ed327ed43113c2366c6aabd06f5cae,2026-06-28,256,143925216582,64.602,,
climb,짜아알랑s,25ed327ed43113c2366c6aabd06f5cae,2026-06-29,256,143925216582,64.602,,
climb,짜아알랑s,25ed327ed43113c2366c6aabd06f5cae,2026-06-30,256,143925216582,64.602,,
climb,짜아알랑s,25ed327ed43113c2366c6aabd06f5cae,2026-07-01,256,143925216582,64.602,,
climb,짜아알랑s,25ed327ed43113c2366c6aabd06f5cae,2026-07-02,256,143925216582,64.602,,
climb,짜아알랑s,25ed327ed43113c2366c6aabd06f5cae,2026-07-03,256,143925216582,64.602,,
climb,짜아알랑s,25ed327ed43113c2366c6aabd06f5cae,2026-07-04,256,143925216582,64.602,4927140,
climb,짜아알랑s,25ed327ed43113c2366c6aabd06f5cae,2026-07-05,256,143925216582,64.602,,
climb,짜아알랑s,25ed327ed43113c2366c6aabd06f5cae,2026-07-06,256,143925216582,64.602,,
climb,짜아알랑s,25ed327ed43113c2366c6aabd06f5cae,2026-07-07,256,143925216582,64.602,,
climb,짜아알랑s,25ed327ed43113c2366c6aabd06f5cae,2026-07-08,256,143925216582,64.602,,
climb,짜아알랑s,25ed327ed43113c2366c6aabd06f5cae,2026-07-09,256,143925216582,64.602,,
climb,짜아알랑s,25ed327ed43113c2366c6aabd06f5cae,2026-07-10,256,143925216582,64.602,,
climb,짜아알랑s,25ed327ed43113c2366c6aabd06f5cae,2026-07-11,256,143925216582,64.602,,
climb,짜아알랑s,25ed327ed43113c2366c6aabd06f5cae,2026-07-12,256,143925216582,64.602,4927140,
climb,짜아알랑s,25ed327ed43113c2366c6aabd06f5cae,2026-07-13,256,143925216582,64.602,,
climb,짜아알랑s,25ed327ed43113c2366c6aabd06f5cae,2026-07-14,256,143925216582,64.602,,
climb,짜아알랑s,25ed327ed43113c2366c6aabd06f5cae,2026-07-15,256,143925216582,64.602,,
climb,짜아알랑s,25ed327ed43113c2366c6aabd06f5cae,2026-07-16,256,143925216582,64.602,,
climb,짜아알랑s,25ed327ed43113c2366c6aabd06f5cae,2026-07-17,256,143925216582,64.602,,
climb,짜아알랑s,25ed327ed43113c2366c6aabd06f5cae,2026-07-18,256,143925216582,64.602,,
climb,짜아알랑s,25ed327ed43113c2366c6aabd06f5cae,2026-07-19,256,143925216582,64.602,,
climb,짜아알랑s,25ed327ed43113c2366c6aabd06f5cae,2026-07-20,256,143925216582,64.602,4927140,
climb,짜아알랑s,25ed327ed43113c2366c6aabd06f5cae,2026-07-21,256,143925216582,64.602,,
climb,짜아알랑s,25ed327ed43113c2366c6aabd06f5cae,2026-07-22,256,143925216582,64.602,,
climb,악몽다령,9cb76bf8f7e0958c741178d3148d8593,2026-06-18,256,106515325799,47.811,2009630,
climb,악몽다령,9cb76bf8f7e0958c741178d3148d8593,2026-06-19,256,106515325799,47.811,,
climb,악몽다령,9cb76bf8f7e0958c741178d3148d8593,2026-06-20,256,106515325799,47.811,,
climb,악몽다령,9cb76bf8f7e0958c741178d3148d8593,2026-06-21,256,106515325799,47.811,,
climb,악몽다령,9cb76bf8f7e0958c741178d3148d8593,2026-06-22,256,106515325799,47.811,,
climb,악몽다령,9cb76bf8f7e0958c741178d3148d8593,2026-06-23,256,106515325799,47.811,,
climb,악몽다령,9cb76bf8f7e0958c741178d3148d8593,2026-06-24,256,106515325799,47.811,,
climb,악몽다령,9cb76bf8f7e0958c741178d3148d8593,2026-06-25,256,106515325799,47.811,,
climb,악몽다령,9cb76bf8f7e0958c741178d3148d8593,2026-06-26,256,106515325799,47.811,2009630,
climb,악몽다령,9cb76bf8f7e0958c741178d3148d8593,2026-06-27,256,106515325799,47.811,,
climb,악몽다령,9cb76bf8f7e0958c741178d3148d8593,2026-06-28,256,106515325799,47.811,,
climb,악몽다령,9cb76bf8f7e0958c741178d3148d8593,2026-06-29,256,106515325799,47.811,,
climb,악몽다령,9cb76bf8f7e0958c741178d3148d8593,2026-06-30,256,106515325799,47.811,,
climb,악몽다령,9cb76bf8f7e0958c741178d3148d8593,2026-07-01,256,106515325799,47.811,,
climb,악몽다령,9cb76bf8f7e0958c741178d3148d8593,2026-07-02,256,106515325799,47.811,,
climb,악몽다령,9cb76bf8f7e0958c741178d3148d8593,2026-07-03,256,106515325799,47.811,,
climb,악몽다령,9cb76bf8f7e0958c741178d3148d8593,2026-07-04,256,106515325799,47.811,2009630,
climb,악몽다령,9cb76bf8f7e0958c741178d3148d8593,2026-07-05,256,106515325799,47.811,,
climb,악몽다령,9cb76bf8f7e0958c741178d3148d8593,2026-07-06,256,106515325799,47.811,,
climb,악몽다령,9cb76bf8f7e0958c741178d3148d8593,2026-07-07,256,106515325799,47.811,,
climb,악몽다령,9cb76bf8f7e0958c741178d3148d8593,2026-07-08,256,106515325799,47.811,,
climb,악몽다령,9cb76bf8f7e0958c741178d3148d8593,2026-07-09,256,106515325799,47.811,,
climb,악몽다령,9cb76bf8f7e0958c741178d3148d8593,2026-07-10,256,106515325799,47.811,,
climb,악몽다령,9cb76bf8f7e0958c741178d3148d8593,2026-07-11,256,106515325799,47.811,,
climb,악몽다령,9cb76bf8f7e0958c741178d3148d8593,2026-07-12,256,106515325799,47.811,2009630,
climb,악몽다령,9cb76bf8f7e0958c741178d3148d8593,2026-07-13,256,106515325799,47.811,,
climb,악몽다령,9cb76bf8f7e0958c741178d3148d8593,2026-07-14,256,106515325799,47.811,,
climb,악몽다령,9cb76bf8f7e0958c741178d3148d8593,2026-07-15,256,106515325799,47.811,,
climb,악몽다령,9cb76bf8f7e0958c741178d3148d8593,2026-07-16,256,106515325799,47.811,,
climb,악몽다령,9cb76bf8f7e0958c741178d3148d8593,2026-07-17,256,106515325799,47.811,,
climb,악몽다령,9cb76bf8f7e0958c741178d3148d8593,2026-07-18,256,106515325799,47.811,,
climb,악몽다령,9cb76bf8f7e0958c741178d3148d8593,2026-07-19,256,106515325799,47.811,,
climb,악몽다령,9cb76bf8f7e0958c741178d3148d8593,2026-07-20,256,106515325799,47.811,2009630,
climb,악몽다령,9cb76bf8f7e0958c741178d3148d8593,2026-07-21,256,106515325799,47.811,,
climb,악몽다령,9cb76bf8f7e0958c741178d3148d8593,2026-07-22,256,106515325799,47.811,,
climb,은월하늘은월,8cb2ad47c4205a5817b529f63633bd2cefe8d04e6d233bd35cf2fabdeb93fb0d,2026-06-18,256,69139873688,31.034,817,
climb,은월하늘은월,8cb2ad47c4205a5817b529f63633bd2cefe8d04e6d233bd35cf2fabdeb93fb0d,2026-06-19,256,69139873688,31.034,,
climb,은월하늘은월,8cb2ad47c4205a5817b529f63633bd2cefe8d04e6d233bd35cf2fabdeb93fb0d,2026-06-20,256,69139873688,31.034,,
climb,은월하늘은월,8cb2ad47c4205a5817b529f63633bd2cefe8d04e6d233bd35cf2fabdeb93fb0d,2026-06-21,256,69139873688,31.034,,
climb,은월하늘은월,8cb2ad47c4205a5817b529f63633bd2cefe8d04e6d233bd35cf2fabdeb93fb0d,2026-06-22,256,69139873688,31.034,,
climb,은월하늘은월,8cb2ad47c4205a5817b529f63633bd2cefe8d04e6d233bd35cf2fabdeb93fb0d,2026-06-23,256,69139873688,31.034,,
climb,은월하늘은월,8cb2ad47c4205a5817b529f63633bd2cefe8d04e6d233bd35cf2fabdeb93fb0d,2026-06-24,256,69139873688,31.034,,
climb,은월하늘은월,8cb2ad47c4205a5817b529f63633bd2cefe8d04e6d233bd35cf2fabdeb93fb0d,2026-06-25,256,69139873688,31.034,,
climb,은월하늘은월,8cb2ad47c4205a5817b529f63633bd2cefe8d04e6d233bd35cf2fabdeb93fb0d,2026-06-26,256,69139873688,31.034,817,
climb,은월하늘은월,8cb2ad47c4205a5817b529f63633bd2cefe8d04e6d233bd35cf2fabdeb93fb0d,2026-06-27,256,69139873688,31.034,,
climb,은월하늘은월,8cb2ad47c4205a5817b529f63633bd2cefe8d04e6d233bd35cf2fabdeb93fb0d,2026-06-28,256,69139873688,31.034,,
climb,은월하늘은월,8cb2ad47c4205a5817b529f63633bd2cefe8d04e6d233bd35cf2fabdeb93fb0d,2026-06-29,256,69139873688,31.034,,
climb,은월하늘은월,8cb2ad47c4205a5817b529f63633bd2cefe8d04e6d233bd35cf2fabdeb93fb0d,2026-06-30,256,69139873688,31.034,,
climb,은월하늘은월,8cb2ad47c4205a5817b529f63633bd2cefe8d04e6d233bd35cf2fabdeb93fb0d,2026-07-01,256,69139873688,31.034,,
climb,은월하늘은월,8cb2ad47c4205a5817b529f63633bd2cefe8d04e6d233bd35cf2fabdeb93fb0d,2026-07-02,256,69139873688,31.034,,
climb,은월하늘은월,8cb2ad47c4205a5817b529f63633bd2cefe8d04e6d233bd35cf2fabdeb93fb0d,2026-07-03,256,69139873688,31.034,,
climb,은월하늘은월,8cb2ad47c4205a5817b529f63633bd2cefe8d04e6d233bd35cf2fabdeb93fb0d,2026-07-04,256,69139873688,31.034,817,
climb,은월하늘은월,8cb2ad47c4205a5817b529f63633bd2cefe8d04e6d233bd35cf2fabdeb93fb0d,2026-07-05,256,69139873688,31.034,,
climb,은월하늘은월,8cb2ad47c4205a5817b529f63633bd2cefe8d04e6d233bd35cf2fabdeb93fb0d,2026-07-06,256,69139873688,31.034,,
climb,은월하늘은월,8cb2ad47c4205a5817b529f63633bd2cefe8d04e6d233bd35cf2fabdeb93fb0d,2026-07-07,256,69139873688,31.034,,
climb,은월하늘은월,8cb2ad47c4205a5817b529f63633bd2cefe8d04e6d233bd35cf2fabdeb93fb0d,2026-07-08,256,69139873688,31.034,,
climb,은월하늘은월,8cb2ad47c4205a5817b529f63633bd2cefe8d04e6d233bd35cf2fabdeb93fb0d,2026-07-09,256,69139873688,31.034,,
climb,은월하늘은월,8cb2ad47c4205a5817b529f63633bd2cefe8d04e6d233bd35cf2fabdeb93fb0d,2026-07-10,256,69139873688,31.034,,
climb,은월하늘은월,8cb2ad47c4205a5817b529f63633bd2cefe8d04e6d233bd35cf2fabdeb93fb0d,2026-07-11,256,69139873688,31.034,,
climb,은월하늘은월,8cb2ad47c4205a5817b529f63633bd2cefe8d04e6d233bd35cf2fabdeb93fb0d,2026-07-12,256,69139873688,31.034,817,
climb,은월하늘은월,8cb2ad47c4205a5817b529f63633bd2cefe8d04e6d233bd35cf2fabdeb93fb0d,2026-07-13,256,69139873688,31.034,,
climb,은월하늘은월,8cb2ad47c4205a5817b529f63633bd2cefe8d04e6d233bd35cf2fabdeb93fb0d,2026-07-14,256,69139873688,31.034,,
climb,은월하늘은월,8cb2ad47c4205a5817b529f63633bd2cefe8d04e6d233bd35cf2fabdeb93fb0d,2026-07-15,256,69139873688,31.034,,
climb,은월하늘은월,8cb2ad47c4205a5817b529f63633bd2cefe8d04e6d233bd35cf2fabdeb93fb0d,2026-07-16,256,69139873688,31.034,,
climb,은월하늘은월,8cb2ad47c4205a5817b529f63633bd2cefe8d04e6d233bd35cf2fabdeb93fb0d,2026-07-17,256,69139873688,31.034,,
climb,은월하늘은월,8cb2ad47c4205a5817b529f63633bd2cefe8d04e6d233bd35cf2fabdeb93fb0d,2026-07-18,256,69139873688,31.034,,
climb,은월하늘은월,8cb2ad47c4205a5817b529f63633bd2cefe8d04e6d233bd35cf2fabdeb93fb0d,2026-07-19,256,69139873688,31.034,,
climb,은월하늘은월,8cb2ad47c4205a5817b529f63633bd2cefe8d04e6d233bd35cf2fabdeb93fb0d,2026-07-20,256,69139873688,31.034,817,
climb,은월하늘은월,8cb2ad47c4205a5817b529f63633bd2cefe8d04e6d233bd35cf2fabdeb93fb0d,2026-07-21,256,69139873688,31.034,,
climb,은월하늘은월,8cb2ad47c4205a5817b529f63633bd2cefe8d04e6d233bd35cf2fabdeb93fb0d,2026-07-22,256,69139873688,31.034,,
climb,홍련의장미,fc6712df371df494f0ac8758b3b558a1,2026-06-18,256,68277661218,30.647,2743579,
climb,홍련의장미,fc6712df371df494f0ac8758b3b558a1,2026-06-19,256,88000636163,39.500,,
climb,홍련의장미,fc6712df371df494f0ac8758b3b558a1,2026-06-20,256,110410682975,49.559,,
climb,홍련의장미,fc6712df371df494f0ac8758b3b558a1,2026-06-21,256,130349962001,58.509,,
climb,홍련의장미,fc6712df371df494f0ac8758b3b558a1,2026-06-22,256,152791801148,68.582,,
climb,홍련의장미,fc6712df371df494f0ac8758b3b558a1,2026-06-23,256,175623568768,78.831,,
climb,홍련의장미,fc6712df371df494f0ac8758b3b558a1,2026-06-24,256,199752614813,89.661,,
climb,홍련의장미,fc6712df371df494f0ac8758b3b558a1,2026-06-25,257,822410632,0.358,,
climb,홍련의장미,fc6712df371df494f0ac8758b3b558a1,2026-06-26,257,33613327554,14.648,2832730,
climb,홍련의장미,fc6712df371df494f0ac8758b3b558a1,2026-06-27,257,92909574371,40.489,,
climb,홍련의장미,fc6712df371df494f0ac8758b3b558a1,2026-06-28,257,108595204573,47.324,,
climb,홍련의장미,fc6712df371df494f0ac8758b3b558a1,2026-06-29,257,184278601767,80.306,,
climb,홍련의장미,fc6712df371df494f0ac8758b3b558a1,2026-06-30,258,255905612,0.108,,
climb,홍련의장미,fc6712df371df494f0ac8758b3b558a1,2026-07-01,258,22330649679,9.448,,
climb,홍련의장미,fc6712df371df494f0ac8758b3b558a1,2026-07-02,258,81572823607,34.513,,
climb,홍련의장미,fc6712df371df494f0ac8758b3b558a1,2026-07-03,258,123639508370,52.311,,
climb,홍련의장미,fc6712df371df494f0ac8758b3b558a1,2026-07-04,258,189943757919,80.364,2605074,
climb,홍련의장미,fc6712df371df494f0ac8758b3b558a1,2026-07-05,259,2399148883,0.986,,
climb,홍련의장미,fc6712df371df494f0ac8758b3b558a1,2026-07-06,259,57722223929,23.711,,
climb,홍련의장미,fc6712df371df494f0ac8758b3b558a1,2026-07-07,260,235909659,0.014,,
climb,홍련의장미,fc6712df371df494f0ac8758b3b558a1,2026-07-08,260,235909659,0.014,,
climb,홍련의장미,fc6712df371df494f0ac8758b3b558a1,2026-07-09,260,235909659,0.014,,
climb,홍련의장미,fc6712df371df494f0ac8758b3b558a1,2026-07-10,260,235909659,0.014,,
climb,홍련의장미,fc6712df371df494f0ac8758b3b558a1,2026-07-11,260,235909659,0.014,,
climb,홍련의장미,fc6712df371df494f0ac8758b3b558a1,2026-07-12,260,235909659,0.014,2665358,
climb,홍련의장미,fc6712df371df494f0ac8758b3b558a1,2026-07-13,260,235909659,0.014,,
climb,홍련의장미,fc6712df371df494f0ac8758b3b558a1,2026-07-14,260,235909659,0.014,,
climb,홍련의장미,fc6712df371df494f0ac8758b3b558a1,2026-07-15,260,235909659,0.014,,
climb,홍련의장미,fc6712df371df494f0ac8758b3b558a1,2026-07-16,260,462048215316,26.678,,
climb,홍련의장미,fc6712df371df494f0ac8758b3b558a1,2026-07-17,260,462048215316,26.678,,
climb,홍련의장미,fc6712df371df494f0ac8758b3b558a1,2026-07-18,260,462048215316,26.678,,
climb,홍련의장미,fc6712df371df494f0ac8758b3b558a1,2026-07-19,260,462048215316,26.678,,
climb,홍련의장미,fc6712df371df494f0ac8758b3b558a1,2026-07-20,260,462048215316,26.678,2796226,
climb,홍련의장미,fc6712df371df494f0ac8758b3b558a1,2026-07-21,260,462048215316,26.678,,
climb,홍련의장미,fc6712df371df494f0ac8758b3b558a1,2026-07-22,260,462048215316,26.678,,
climb,남컬리,6e996ba693d6ed5e8f92767743f14bc0,2026-06-18,256,41658379674,18.699,8119899,
climb,남컬리,6e996ba693d6ed5e8f92767743f14bc0,2026-06-19,256,41658379674,18.699,,
climb,남컬리,6e996ba693d6ed5e8f92767743f14bc0,2026-06-20,256,41658379674,18.699,,
climb,남컬리,6e996ba693d6ed5e8f92767743f14bc0,2026-06-21,256,41658379674,18.699,,
climb,남컬리,6e996ba693d6ed5e8f92767743f14bc0,2026-06-22,256,41658379674,18.699,,
climb,남컬리,6e996ba693d6ed5e8f92767743f14bc0,2026-06-23,256,41658379674,18.699,,
climb,남컬리,6e996ba693d6ed5e8f92767743f14bc0,2026-06-24,256,41658379674,18.699,,
climb,남컬리,6e996ba693d6ed5e8f92767743f14bc0,2026-06-25,256,41658379674,18.699,,
climb,남컬리,6e996ba693d6ed5e8f92767743f14bc0,2026-06-26,256,41658379674,18.699,8119899,
climb,남컬리,6e996ba693d6ed5e8f92767743f14bc0,2026-06-27,256,41658379674,18.699,,
climb,남컬리,6e996ba693d6ed5e8f92767743f14bc0,2026-06-28,256,41658379674,18.699,,
climb,남컬리,6e996ba693d6ed5e8f92767743f14bc0,2026-06-29,256,41658379674,18.699,,
climb,남컬리,6e996ba693d6ed5e8f92767743f14bc0,2026-06-30,256,41658379674,18.699,,
climb,남컬리,6e996ba693d6ed5e8f92767743f14bc0,2026-07-01,256,41658379674,18.699,,
climb,남컬리,6e996ba693d6ed5e8f92767743f14bc0,2026-07-02,256,41658379674,18.699,,
climb,남컬리,6e996ba693d6ed5e8f92767743f14bc0,2026-07-03,256,41658379674,18.699,,
climb,남컬리,6e996ba693d6ed5e8f92767743f14bc0,2026-07-04,256,41658379674,18.699,8119899,
climb,남컬리,6e996ba693d6ed5e8f92767743f14bc0,2026-07-05,256,41658379674,18.699,,
climb,남컬리,6e996ba693d6ed5e8f92767743f14bc0,2026-07-06,256,41658379674,18.699,,
climb,남컬리,6e996ba693d6ed5e8f92767743f14bc0,2026-07-07,256,41658379674,18.699,,
climb,남컬리,6e996ba693d6ed5e8f92767743f14bc0,2026-07-08,256,41658379674,18.699,,
climb,남컬리,6e996ba693d6ed5e8f92767743f14bc0,2026-07-09,256,41658379674,18.699,,
climb,남컬리,6e996ba693d6ed5e8f92767743f14bc0,2026-07-10,256,41658379674,18.699,,
climb,남컬리,6e996ba693d6ed5e8f92767743f14bc0,2026-07-11,256,41658379674,18.699,,
climb,남컬리,6e996ba693d6ed5e8f92767743f14bc0,2026-07-12,256,41658379674,18.699,8119899,
climb,남컬리,6e996ba693d6ed5e8f92767743f14bc0,2026-07-13,256,41658379674,18.699,,
climb,남컬리,6e996ba693d6ed5e8f92767743f14bc0,2026-07-14,256,41658379674,18.699,,
climb,남컬리,6e996ba693d6ed5e8f92767743f14bc0,2026-07-15,256,41658379674,18.699,,
climb,남컬리,6e996ba693d6ed5e8f92767743f14bc0,2026-07-16,256,41658379674,18.699,,
climb,남컬리,6e996ba693d6ed5e8f92767743f14bc0,2026-07-17,256,41658379674,18.699,,
climb,남컬리,6e996ba693d6ed5e8f92767743f14bc0,2026-07-18,256,41658379674,18.699,,
climb,남컬리,6e996ba693d6ed5e8f92767743f14bc0,2026-07-19,256,41658379674,18.699,,
climb,남컬리,6e996ba693d6ed5e8f92767743f14bc0,2026-07-20,256,41658379674,18.699,8119899,
climb,남컬리,6e996ba693d6ed5e8f92767743f14bc0,2026-07-21,256,41658379674,18.699,,
climb,남컬리,6e996ba693d6ed5e8f92767743f14bc0,2026-07-22,256,41658379674,18.699,,
climb,박쥐임도적임,57a5b0feeba002d8a8c2f4b45e58c95e,2026-06-18,256,44803668363,20.111,5114263,
climb,박쥐임도적임,57a5b0feeba002d8a8c2f4b45e58c95e,2026-06-19,256,44803668363,20.111,,
climb,박쥐임도적임,57a5b0feeba002d8a8c2f4b45e58c95e,2026-06-20,256,44803668363,20.111,,
climb,박쥐임도적임,57a5b0feeba002d8a8c2f4b45e58c95e,2026-06-21,256,44803668363,20.111,,
climb,박쥐임도적임,57a5b0feeba002d8a8c2f4b45e58c95e,2026-06-22,256,44803668363,20.111,,
climb,박쥐임도적임,57a5b0feeba002d8a8c2f4b45e58c95e,2026-06-23,256,44803668363,20.111,,
climb,박쥐임도적임,57a5b0feeba002d8a8c2f4b45e58c95e,2026-06-24,256,44803668363,20.111,,
climb,박쥐임도적임,57a5b0feeba002d8a8c2f4b45e58c95e,2026-06-25,256,44803668363,20.111,,
climb,박쥐임도적임,57a5b0feeba002d8a8c2f4b45e58c95e,2026-06-26,256,44803668363,20.111,5114263,
climb,박쥐임도적임,57a5b0feeba002d8a8c2f4b45e58c95e,2026-06-27,256,44803668363,20.111,,
climb,박쥐임도적임,57a5b0feeba002d8a8c2f4b45e58c95e,2026-06-28,256,44803668363,20.111,,
climb,박쥐임도적임,57a5b0feeba002d8a8c2f4b45e58c95e,2026-06-29,256,44803668363,20.111,,
climb,박쥐임도적임,57a5b0feeba002d8a8c2f4b45e58c95e,2026-06-30,256,44803668363,20.111,,
climb,박쥐임도적임,57a5b0feeba002d8a8c2f4b45e58c95e,2026-07-01,256,44803668363,20.111,,
climb,박쥐임도적임,57a5b0feeba002d8a8c2f4b45e58c95e,2026-07-02,256,44803668363,20.111,,
climb,박쥐임도적임,57a5b0feeba002d8a8c2f4b45e58c95e,2026-07-03,256,44803668363,20.111,,
climb,박쥐임도적임,57a5b0feeba002d8a8c2f4b45e58c95e,2026-07-04,256,44803668363,20.111,5114263,
climb,박쥐임도적임,57a5b0feeba002d8a8c2f4b45e58c95e,2026-07-05,256,44803668363,20.111,,
climb,박쥐임도적임,57a5b0feeba002d8a8c2f4b45e58c95e,2026-07-06,256,44803668363,20.111,,
climb,박쥐임도적임,57a5b0feeba002d8a8c2f4b45e58c95e,2026-07-07,256,44803668363,20.111,,
climb,박쥐임도적임,57a5b0feeba002d8a8c2f4b45e58c95e,2026-07-08,256,44803668363,20.111,,
climb,박쥐임도적임,57a5b0feeba002d8a8c2f4b45e58c95e,2026-07-09,256,44803668363,20.111,,
climb,박쥐임도적임,57a5b0feeba002d8a8c2f4b45e58c95e,2026-07-10,256,44803668363,20.111,,
climb,박쥐임도적임,57a5b0feeba002d8a8c2f4b45e58c95e,2026-07-11,256,44803668363,20.111,,
climb,박쥐임도적임,57a5b0feeba002d8a8c2f4b45e58c95e,2026-07-12,256,44803668363,20.111,5114263,
climb,박쥐임도적임,57a5b0feeba002d8a8c2f4b45e58c95e,2026-07-13,256,44803668363,20.111,,
climb,박쥐임도적임,57a5b0feeba002d8a8c2f4b45e58c95e,2026-07-14,256,44803668363,20.111,,
climb,박쥐임도적임,57a5b0feeba002d8a8c2f4b45e58c95e,2026-07-15,256,44803668363,20.111,,
climb,박쥐임도적임,57a5b0feeba002d8a8c2f4b45e58c95e,2026-07-16,256,44803668363,20.111,,
climb,박쥐임도적임,57a5b0feeba002d8a8c2f4b45e58c95e,2026-07-17,256,44803668363,20.111,,
climb,박쥐임도적임,57a5b0feeba002d8a8c2f4b45e58c95e,2026-07-18,256,44803668363,20.111,,
climb,박쥐임도적임,57a5b0feeba002d8a8c2f4b45e58c95e,2026-07-19,256,44803668363,20.111,,
climb,박쥐임도적임,57a5b0feeba002d8a8c2f4b45e58c95e,2026-07-20,256,44803668363,20.111,5114263,
climb,박쥐임도적임,57a5b0feeba002d8a8c2f4b45e58c95e,2026-07-21,256,44803668363,20.111,,
climb,박쥐임도적임,57a5b0feeba002d8a8c2f4b45e58c95e,2026-07-22,256,44803668363,20.111,,
climb,친목통제,edb1d52cfb4dfbdb16aeaae50962de5a,2026-06-18,256,30160649327,13.538,6069633,
climb,친목통제,edb1d52cfb4dfbdb16aeaae50962de5a,2026-06-19,256,30160649327,13.538,,
climb,친목통제,edb1d52cfb4dfbdb16aeaae50962de5a,2026-06-20,256,30160649327,13.538,,
climb,친목통제,edb1d52cfb4dfbdb16aeaae50962de5a,2026-06-21,256,30160649327,13.538,,
climb,친목통제,edb1d52cfb4dfbdb16aeaae50962de5a,2026-06-22,256,30160649327,13.538,,
climb,친목통제,edb1d52cfb4dfbdb16aeaae50962de5a,2026-06-23,256,30160649327,13.538,,
climb,친목통제,edb1d52cfb4dfbdb16aeaae50962de5a,2026-06-24,256,30160649327,13.538,,
climb,친목통제,edb1d52cfb4dfbdb16aeaae50962de5a,2026-06-25,256,30160649327,13.538,,
climb,친목통제,edb1d52cfb4dfbdb16aeaae50962de5a,2026-06-26,256,30160649327,13.538,6069633,
climb,친목통제,edb1d52cfb4dfbdb16aeaae50962de5a,2026-06-27,256,30160649327,13.538,,
climb,친목통제,edb1d52cfb4dfbdb16aeaae50962de5a,2026-06-28,256,30160649327,13.538,,
climb,친목통제,edb1d52cfb4dfbdb16aeaae50962de5a,2026-06-29,256,30160649327,13.538,,
climb,친목통제,edb1d52cfb4dfbdb16aeaae50962de5a,2026-06-30,256,30160649327,13.538,,
climb,친목통제,edb1d52cfb4dfbdb16aeaae50962de5a,2026-07-01,256,30160649327,13.538,,
climb,친목통제,edb1d52cfb4dfbdb16aeaae50962de5a,2026-07-02,256,30160649327,13.538,,
climb,친목통제,edb1d52cfb4dfbdb16aeaae50962de5a,2026-07-03,256,30160649327,13.538,,
climb,친목통제,edb1d52cfb4dfbdb16aeaae50962de5a,2026-07-04,256,30160649327,13.538,6069633,
climb,친목통제,edb1d52cfb4dfbdb16aeaae50962de5a,2026-07-05,256,30160649327,13.538,,
climb,친목통제,edb1d52cfb4dfbdb16aeaae50962de5a,2026-07-06,256,30160649327,13.538,,
climb,친목통제,edb1d52cfb4dfbdb16aeaae50962de5a,2026-07-07,256,30160649327,13.538,,
climb,친목통제,edb1d52cfb4dfbdb16aeaae50962de5a,2026-07-08,256,30160649327,13.538,,
climb,친목통제,edb1d52cfb4dfbdb16aeaae50962de5a,2026-07-09,256,30160649327,13.538,,
climb,친목통제,edb1d52cfb4dfbdb16aeaae50962de5a,2026-07-10,256,30160649327,13.538,,
climb,친목통제,edb1d52cfb4dfbdb16aeaae50962de5a,2026-07-11,256,30160649327,13.538,,
climb,친목통제,edb1d52cfb4dfbdb16aeaae50962de5a,2026-07-12,256,30160649327,13.538,6069633,
climb,친목통제,edb1d52cfb4dfbdb16aeaae50962de5a,2026-07-13,256,30160649327,13.538,,
climb,친목통제,edb1d52cfb4dfbdb16aeaae50962de5a,2026-07-14,256,30160649327,13.538,,
climb,친목통제,edb1d52cfb4dfbdb16aeaae50962de5a,2026-07-15,256,30160649327,13.538,,
climb,친목통제,edb1d52cfb4dfbdb16aeaae50962de5a,2026-07-16,256,30160649327,13.538,,
climb,친목통제,edb1d52cfb4dfbdb16aeaae50962de5a,2026-07-17,256,30160649327,13.538,,
climb,친목통제,edb1d52cfb4dfbdb16aeaae50962de5a,2026-07-18,256,30160649327,13.538,,
climb,친목통제,edb1d52cfb4dfbdb16aeaae50962de5a,2026-07-19,256,30160649327,13.538,,
climb,친목통제,edb1d52cfb4dfbdb16aeaae50962de5a,2026-07-20,256,30160649327,13.538,6069633,
climb,친목통제,edb1d52cfb4dfbdb16aeaae50962de5a,2026-07-21,256,30160649327,13.538,,
climb,친목통제,edb1d52cfb4dfbdb16aeaae50962de5a,2026-07-22,256,30160649327,13.538,,
climb,YLLII,7414e5aaedc601e8e7ef5a3beb9287d5,2026-06-18,256,38225249249,17.158,1336386,
climb,YLLII,7414e5aaedc601e8e7ef5a3beb9287d5,2026-06-19,256,38225249249,17.158,,
climb,YLLII,7414e5aaedc601e8e7ef5a3beb9287d5,2026-06-20,256,38225249249,17.158,,
climb,YLLII,7414e5aaedc601e8e7ef5a3beb9287d5,2026-06-21,256,38225249249,17.158,,
climb,YLLII,7414e5aaedc601e8e7ef5a3beb9287d5,2026-06-22,256,38225249249,17.158,,
climb,YLLII,7414e5aaedc601e8e7ef5a3beb9287d5,2026-06-23,256,58275664058,26.158,,
climb,YLLII,7414e5aaedc601e8e7ef5a3beb9287d5,2026-06-24,256,58275664058,26.158,,
climb,YLLII,7414e5aaedc601e8e7ef5a3beb9287d5,2026-06-25,256,58275664058,26.158,,
climb,YLLII,7414e5aaedc601e8e7ef5a3beb9287d5,2026-06-26,256,58275664058,26.158,1292422,
climb,YLLII,7414e5aaedc601e8e7ef5a3beb9287d5,2026-06-27,256,77653776991,34.856,,
climb,YLLII,7414e5aaedc601e8e7ef5a3beb9287d5,2026-06-28,256,120758153454,54.204,,
climb,YLLII,7414e5aaedc601e8e7ef5a3beb9287d5,2026-06-29,256,148439133909,66.629,,
climb,YLLII,7414e5aaedc601e8e7ef5a3beb9287d5,2026-06-30,256,191543510372,85.976,,
climb,YLLII,7414e5aaedc601e8e7ef5a3beb9287d5,2026-07-01,257,11861817346,5.169,,
climb,YLLII,7414e5aaedc601e8e7ef5a3beb9287d5,2026-07-02,257,54966193809,23.954,,
climb,YLLII,7414e5aaedc601e8e7ef5a3beb9287d5,2026-07-03,257,98070570272,42.738,,
climb,YLLII,7414e5aaedc601e8e7ef5a3beb9287d5,2026-07-04,257,141174946735,61.522,847088,
climb,YLLII,7414e5aaedc601e8e7ef5a3beb9287d5,2026-07-05,257,168855927190,73.585,,
climb,YLLII,7414e5aaedc601e8e7ef5a3beb9287d5,2026-07-06,257,211960303653,92.370,,
climb,YLLII,7414e5aaedc601e8e7ef5a3beb9287d5,2026-07-07,258,22405930293,9.480,,
climb,YLLII,7414e5aaedc601e8e7ef5a3beb9287d5,2026-07-08,258,65510306756,27.717,,
climb,YLLII,7414e5aaedc601e8e7ef5a3beb9287d5,2026-07-09,258,112569400144,47.628,,
climb,YLLII,7414e5aaedc601e8e7ef5a3beb9287d5,2026-07-10,258,152484678357,64.515,,
climb,YLLII,7414e5aaedc601e8e7ef5a3beb9287d5,2026-07-11,258,192399956570,81.403,,
climb,YLLII,7414e5aaedc601e8e7ef5a3beb9287d5,2026-07-12,258,192399956570,81.403,847943,
climb,YLLII,7414e5aaedc601e8e7ef5a3beb9287d5,2026-07-13,258,192399956570,81.403,,
climb,YLLII,7414e5aaedc601e8e7ef5a3beb9287d5,2026-07-14,258,192399956570,81.403,,
climb,YLLII,7414e5aaedc601e8e7ef5a3beb9287d5,2026-07-15,258,223917686008,94.738,,
climb,YLLII,7414e5aaedc601e8e7ef5a3beb9287d5,2026-07-16,259,30616222526,12.576,,
climb,YLLII,7414e5aaedc601e8e7ef5a3beb9287d5,2026-07-17,259,49899654206,20.497,,
climb,YLLII,7414e5aaedc601e8e7ef5a3beb9287d5,2026-07-18,259,89814932419,36.893,,
climb,YLLII,7414e5aaedc601e8e7ef5a3beb9287d5,2026-07-19,259,126425022993,51.932,,
climb,YLLII,7414e5aaedc601e8e7ef5a3beb9287d5,2026-07-20,259,154106003448,63.302,848798,
climb,YLLII,7414e5aaedc601e8e7ef5a3beb9287d5,2026-07-21,259,190716094022,78.341,,
climb,YLLII,7414e5aaedc601e8e7ef5a3beb9287d5,2026-07-22,259,227326184596,93.379,,
climb,등겟,2381cc1f078b5284a9349d6bf4184d1486e68d4012202d0434d05f81868f68e3,2026-06-18,256,82618829821,37.084,1172323,
climb,등겟,2381cc1f078b5284a9349d6bf4184d1486e68d4012202d0434d05f81868f68e3,2026-06-19,256,82618829821,37.084,,
climb,등겟,2381cc1f078b5284a9349d6bf4184d1486e68d4012202d0434d05f81868f68e3,2026-06-20,256,82618829821,37.084,,
climb,등겟,2381cc1f078b5284a9349d6bf4184d1486e68d4012202d0434d05f81868f68e3,2026-06-21,256,82618829821,37.084,,
climb,등겟,2381cc1f078b5284a9349d6bf4184d1486e68d4012202d0434d05f81868f68e3,2026-06-22,256,82618829821,37.084,,
climb,등겟,2381cc1f078b5284a9349d6bf4184d1486e68d4012202d0434d05f81868f68e3,2026-06-23,256,82618829821,37.084,,
climb,등겟,2381cc1f078b5284a9349d6bf4184d1486e68d4012202d0434d05f81868f68e3,2026-06-24,256,82618829821,37.084,,
climb,등겟,2381cc1f078b5284a9349d6bf4184d1486e68d4012202d0434d05f81868f68e3,2026-06-25,256,82618829821,37.084,,
climb,등겟,2381cc1f078b5284a9349d6bf4184d1486e68d4012202d0434d05f81868f68e3,2026-06-26,256,82618829821,37.084,1172323,
climb,등겟,2381cc1f078b5284a9349d6bf4184d1486e68d4012202d0434d05f81868f68e3,2026-06-27,256,82618829821,37.084,,
climb,등겟,2381cc1f078b5284a9349d6bf4184d1486e68d4012202d0434d05f81868f68e3,2026-06-28,256,82618829821,37.084,,
climb,등겟,2381cc1f078b5284a9349d6bf4184d1486e68d4012202d0434d05f81868f68e3,2026-06-29,256,82618829821,37.084,,
climb,등겟,2381cc1f078b5284a9349d6bf4184d1486e68d4012202d0434d05f81868f68e3,2026-06-30,256,82618829821,37.084,,
climb,등겟,2381cc1f078b5284a9349d6bf4184d1486e68d4012202d0434d05f81868f68e3,2026-07-01,256,82618829821,37.084,,
climb,등겟,2381cc1f078b5284a9349d6bf4184d1486e68d4012202d0434d05f81868f68e3,2026-07-02,256,82618829821,37.084,,
climb,등겟,2381cc1f078b5284a9349d6bf4184d1486e68d4012202d0434d05f81868f68e3,2026-07-03,256,82618829821,37.084,,
climb,등겟,2381cc1f078b5284a9349d6bf4184d1486e68d4012202d0434d05f81868f68e3,2026-07-04,256,82618829821,37.084,1172323,
climb,등겟,2381cc1f078b5284a9349d6bf4184d1486e68d4012202d0434d05f81868f68e3,2026-07-05,256,82618829821,37.084,,
climb,등겟,2381cc1f078b5284a9349d6bf4184d1486e68d4012202d0434d05f81868f68e3,2026-07-06,256,82618829821,37.084,,
climb,등겟,2381cc1f078b5284a9349d6bf4184d1486e68d4012202d0434d05f81868f68e3,2026-07-07,256,82618829821,37.084,,
climb,등겟,2381cc1f078b5284a9349d6bf4184d1486e68d4012202d0434d05f81868f68e3,2026-07-08,256,82618829821,37.084,,
climb,등겟,2381cc1f078b5284a9349d6bf4184d1486e68d4012202d0434d05f81868f68e3,2026-07-09,256,82618829821,37.084,,
climb,등겟,2381cc1f078b5284a9349d6bf4184d1486e68d4012202d0434d05f81868f68e3,2026-07-10,256,82618829821,37.084,,
climb,등겟,2381cc1f078b5284a9349d6bf4184d1486e68d4012202d0434d05f81868f68e3,2026-07-11,256,82618829821,37.084,,
climb,등겟,2381cc1f078b5284a9349d6bf4184d1486e68d4012202d0434d05f81868f68e3,2026-07-12,256,82618829821,37.084,1172323,
climb,등겟,2381cc1f078b5284a9349d6bf4184d1486e68d4012202d0434d05f81868f68e3,2026-07-13,256,82618829821,37.084,,
climb,등겟,2381cc1f078b5284a9349d6bf4184d1486e68d4012202d0434d05f81868f68e3,2026-07-14,256,82618829821,37.084,,
climb,등겟,2381cc1f078b5284a9349d6bf4184d1486e68d4012202d0434d05f81868f68e3,2026-07-15,256,82618829821,37.084,,
climb,등겟,2381cc1f078b5284a9349d6bf4184d1486e68d4012202d0434d05f81868f68e3,2026-07-16,256,82618829821,37.084,,
climb,등겟,2381cc1f078b5284a9349d6bf4184d1486e68d4012202d0434d05f81868f68e3,2026-07-17,256,82618829821,37.084,,
climb,등겟,2381cc1f078b5284a9349d6bf4184d1486e68d4012202d0434d05f81868f68e3,2026-07-18,256,82618829821,37.084,,
climb,등겟,2381cc1f078b5284a9349d6bf4184d1486e68d4012202d0434d05f81868f68e3,2026-07-19,256,82618829821,37.084,,
climb,등겟,2381cc1f078b5284a9349d6bf4184d1486e68d4012202d0434d05f81868f68e3,2026-07-20,256,82618829821,37.084,747875,
climb,등겟,2381cc1f078b5284a9349d6bf4184d1486e68d4012202d0434d05f81868f68e3,2026-07-21,256,82618829821,37.084,,
climb,등겟,2381cc1f078b5284a9349d6bf4184d1486e68d4012202d0434d05f81868f68e3,2026-07-22,256,82618829821,37.084,,
climb,금의메카,d66164d6f18f5c6b4d64bd5e0b66b820,2026-06-18,256,98452973861,44.192,4717559,
climb,금의메카,d66164d6f18f5c6b4d64bd5e0b66b820,2026-06-19,256,98452973861,44.192,,
climb,금의메카,d66164d6f18f5c6b4d64bd5e0b66b820,2026-06-20,256,98452973861,44.192,,
climb,금의메카,d66164d6f18f5c6b4d64bd5e0b66b820,2026-06-21,256,98452973861,44.192,,
climb,금의메카,d66164d6f18f5c6b4d64bd5e0b66b820,2026-06-22,256,98452973861,44.192,,
climb,금의메카,d66164d6f18f5c6b4d64bd5e0b66b820,2026-06-23,256,98452973861,44.192,,
climb,금의메카,d66164d6f18f5c6b4d64bd5e0b66b820,2026-06-24,256,98452973861,44.192,,
climb,금의메카,d66164d6f18f5c6b4d64bd5e0b66b820,2026-06-25,256,98452973861,44.192,,
climb,금의메카,d66164d6f18f5c6b4d64bd5e0b66b820,2026-06-26,256,98452973861,44.192,4717559,
climb,금의메카,d66164d6f18f5c6b4d64bd5e0b66b820,2026-06-27,256,98452973861,44.192,,
climb,금의메카,d66164d6f18f5c6b4d64bd5e0b66b820,2026-06-28,256,98452973861,44.192,,
climb,금의메카,d66164d6f18f5c6b4d64bd5e0b66b820,2026-06-29,256,98452973861,44.192,,
climb,금의메카,d66164d6f18f5c6b4d64bd5e0b66b820,2026-06-30,256,98452973861,44.192,,
climb,금의메카,d66164d6f18f5c6b4d64bd5e0b66b820,2026-07-01,256,98452973861,44.192,,
climb,금의메카,d66164d6f18f5c6b4d64bd5e0b66b820,2026-07-02,256,98452973861,44.192,,
climb,금의메카,d66164d6f18f5c6b4d64bd5e0b66b820,2026-07-03,256,98452973861,44.192,,
climb,금의메카,d66164d6f18f5c6b4d64bd5e0b66b820,2026-07-04,256,98452973861,44.192,4717559,
climb,금의메카,d66164d6f18f5c6b4d64bd5e0b66b820,2026-07-05,256,98452973861,44.192,,
climb,금의메카,d66164d6f18f5c6b4d64bd5e0b66b820,2026-07-06,256,98452973861,44.192,,
climb,금의메카,d66164d6f18f5c6b4d64bd5e0b66b820,2026-07-07,256,98452973861,44.192,,
climb,금의메카,d66164d6f18f5c6b4d64bd5e0b66b820,2026-07-08,256,98452973861,44.192,,
climb,금의메카,d66164d6f18f5c6b4d64bd5e0b66b820,2026-07-09,256,98452973861,44.192,,
climb,금의메카,d66164d6f18f5c6b4d64bd5e0b66b820,2026-07-10,256,98452973861,44.192,,
climb,금의메카,d66164d6f18f5c6b4d64bd5e0b66b820,2026-07-11,256,98452973861,44.192,,
climb,금의메카,d66164d6f18f5c6b4d64bd5e0b66b820,2026-07-12,256,98452973861,44.192,4717559,
climb,금의메카,d66164d6f18f5c6b4d64bd5e0b66b820,2026-07-13,256,98452973861,44.192,,
climb,금의메카,d66164d6f18f5c6b4d64bd5e0b66b820,2026-07-14,256,98452973861,44.192,,
climb,금의메카,d66164d6f18f5c6b4d64bd5e0b66b820,2026-07-15,256,98452973861,44.192,,
climb,금의메카,d66164d6f18f5c6b4d64bd5e0b66b820,2026-07-16,256,98452973861,44.192,,
climb,금의메카,d66164d6f18f5c6b4d64bd5e0b66b820,2026-07-17,256,98452973861,44.192,,
climb,금의메카,d66164d6f18f5c6b4d64bd5e0b66b820,2026-07-18,256,98452973861,44.192,,
climb,금의메카,d66164d6f18f5c6b4d64bd5e0b66b820,2026-07-19,256,98452973861,44.192,,
climb,금의메카,d66164d6f18f5c6b4d64bd5e0b66b820,2026-07-20,256,98452973861,44.192,4717559,
climb,금의메카,d66164d6f18f5c6b4d64bd5e0b66b820,2026-07-21,256,98452973861,44.192,,
climb,금의메카,d66164d6f18f5c6b4d64bd5e0b66b820,2026-07-22,256,98452973861,44.192,,
climb,땍뭐,d4d4941e3e1a4bc481f296a4d7c1bfec,2026-06-18,256,31077610639,13.950,1200045,
climb,땍뭐,d4d4941e3e1a4bc481f296a4d7c1bfec,2026-06-19,256,31077610639,13.950,,
climb,땍뭐,d4d4941e3e1a4bc481f296a4d7c1bfec,2026-06-20,256,31077610639,13.950,,
climb,땍뭐,d4d4941e3e1a4bc481f296a4d7c1bfec,2026-06-21,256,31077610639,13.950,,
climb,땍뭐,d4d4941e3e1a4bc481f296a4d7c1bfec,2026-06-22,256,31077610639,13.950,,
climb,땍뭐,d4d4941e3e1a4bc481f296a4d7c1bfec,2026-06-23,256,31077610639,13.950,,
climb,땍뭐,d4d4941e3e1a4bc481f296a4d7c1bfec,2026-06-24,256,31077610639,13.950,,
climb,땍뭐,d4d4941e3e1a4bc481f296a4d7c1bfec,2026-06-25,256,31077610639,13.950,,
climb,땍뭐,d4d4941e3e1a4bc481f296a4d7c1bfec,2026-06-26,256,31077610639,13.950,1200045,
climb,땍뭐,d4d4941e3e1a4bc481f296a4d7c1bfec,2026-06-27,256,31077610639,13.950,,
climb,땍뭐,d4d4941e3e1a4bc481f296a4d7c1bfec,2026-06-28,256,31077610639,13.950,,
climb,땍뭐,d4d4941e3e1a4bc481f296a4d7c1bfec,2026-06-29,256,31077610639,13.950,,
climb,땍뭐,d4d4941e3e1a4bc481f296a4d7c1bfec,2026-06-30,256,31077610639,13.950,,
climb,땍뭐,d4d4941e3e1a4bc481f296a4d7c1bfec,2026-07-01,256,31077610639,13.950,,
climb,땍뭐,d4d4941e3e1a4bc481f296a4d7c1bfec,2026-07-02,256,31077610639,13.950,,
climb,땍뭐,d4d4941e3e1a4bc481f296a4d7c1bfec,2026-07-03,256,31077610639,13.950,,
climb,땍뭐,d4d4941e3e1a4bc481f296a4d7c1bfec,2026-07-04,256,31077610639,13.950,1200045,
climb,땍뭐,d4d4941e3e1a4bc481f296a4d7c1bfec,2026-07-05,256,31077610639,13.950,,
climb,땍뭐,d4d4941e3e1a4bc481f296a4d7c1bfec,2026-07-06,256,31077610639,13.950,,
climb,땍뭐,d4d4941e3e1a4bc481f296a4d7c1bfec,2026-07-07,256,31077610639,13.950,,
climb,땍뭐,d4d4941e3e1a4bc481f296a4d7c1bfec,2026-07-08,256,31077610639,13.950,,
climb,땍뭐,d4d4941e3e1a4bc481f296a4d7c1bfec,2026-07-09,256,31077610639,13.950,,
climb,땍뭐,d4d4941e3e1a4bc481f296a4d7c1bfec,2026-07-10,256,31077610639,13.950,,
climb,땍뭐,d4d4941e3e1a4bc481f296a4d7c1bfec,2026-07-11,256,31077610639,13.950,,
climb,땍뭐,d4d4941e3e1a4bc481f296a4d7c1bfec,2026-07-12,256,31077610639,13.950,1200045,
climb,땍뭐,d4d4941e3e1a4bc481f296a4d7c1bfec,2026-07-13,256,31077610639,13.950,,
climb,땍뭐,d4d4941e3e1a4bc481f296a4d7c1bfec,2026-07-14,256,31077610639,13.950,,
climb,땍뭐,d4d4941e3e1a4bc481f296a4d7c1bfec,2026-07-15,256,31077610639,13.950,,
climb,땍뭐,d4d4941e3e1a4bc481f296a4d7c1bfec,2026-07-16,256,31077610639,13.950,,
climb,땍뭐,d4d4941e3e1a4bc481f296a4d7c1bfec,2026-07-17,256,31077610639,13.950,,
climb,땍뭐,d4d4941e3e1a4bc481f296a4d7c1bfec,2026-07-18,256,31077610639,13.950,,
climb,땍뭐,d4d4941e3e1a4bc481f296a4d7c1bfec,2026-07-19,256,31077610639,13.950,,
climb,땍뭐,d4d4941e3e1a4bc481f296a4d7c1bfec,2026-07-20,256,31077610639,13.950,1200045,
climb,땍뭐,d4d4941e3e1a4bc481f296a4d7c1bfec,2026-07-21,256,31077610639,13.950,,
climb,땍뭐,d4d4941e3e1a4bc481f296a4d7c1bfec,2026-07-22,256,31077610639,13.950,,
climb,맑은풍선,f0b509cf631549aeab315fa14ef73b4d86e68d4012202d0434d05f81868f68e3,2026-06-18,256,88632920187,39.784,10443495,
climb,맑은풍선,f0b509cf631549aeab315fa14ef73b4d86e68d4012202d0434d05f81868f68e3,2026-06-19,256,88758357369,39.840,,
climb,맑은풍선,f0b509cf631549aeab315fa14ef73b4d86e68d4012202d0434d05f81868f68e3,2026-06-20,256,88758357369,39.840,,
climb,맑은풍선,f0b509cf631549aeab315fa14ef73b4d86e68d4012202d0434d05f81868f68e3,2026-06-21,256,88758357369,39.840,,
climb,맑은풍선,f0b509cf631549aeab315fa14ef73b4d86e68d4012202d0434d05f81868f68e3,2026-06-22,256,88758357369,39.840,,
climb,맑은풍선,f0b509cf631549aeab315fa14ef73b4d86e68d4012202d0434d05f81868f68e3,2026-06-23,256,88758357369,39.840,,
climb,맑은풍선,f0b509cf631549aeab315fa14ef73b4d86e68d4012202d0434d05f81868f68e3,2026-06-24,256,88758357369,39.840,,
climb,맑은풍선,f0b509cf631549aeab315fa14ef73b4d86e68d4012202d0434d05f81868f68e3,2026-06-25,256,88883794551,39.896,,
climb,맑은풍선,f0b509cf631549aeab315fa14ef73b4d86e68d4012202d0434d05f81868f68e3,2026-06-26,256,88883794551,39.896,7738960,
climb,맑은풍선,f0b509cf631549aeab315fa14ef73b4d86e68d4012202d0434d05f81868f68e3,2026-06-27,256,88883794551,39.896,,
climb,맑은풍선,f0b509cf631549aeab315fa14ef73b4d86e68d4012202d0434d05f81868f68e3,2026-06-28,256,88883794551,39.896,,
climb,맑은풍선,f0b509cf631549aeab315fa14ef73b4d86e68d4012202d0434d05f81868f68e3,2026-06-29,256,88883794551,39.896,,
climb,맑은풍선,f0b509cf631549aeab315fa14ef73b4d86e68d4012202d0434d05f81868f68e3,2026-06-30,256,88883794551,39.896,,
climb,맑은풍선,f0b509cf631549aeab315fa14ef73b4d86e68d4012202d0434d05f81868f68e3,2026-07-01,256,88883794551,39.896,,
climb,맑은풍선,f0b509cf631549aeab315fa14ef73b4d86e68d4012202d0434d05f81868f68e3,2026-07-02,256,88883794551,39.896,,
climb,맑은풍선,f0b509cf631549aeab315fa14ef73b4d86e68d4012202d0434d05f81868f68e3,2026-07-03,256,88883794551,39.896,,
climb,맑은풍선,f0b509cf631549aeab315fa14ef73b4d86e68d4012202d0434d05f81868f68e3,2026-07-04,256,88883794551,39.896,7771732,
climb,맑은풍선,f0b509cf631549aeab315fa14ef73b4d86e68d4012202d0434d05f81868f68e3,2026-07-05,256,89030471356,39.962,,
climb,맑은풍선,f0b509cf631549aeab315fa14ef73b4d86e68d4012202d0434d05f81868f68e3,2026-07-06,256,89030471356,39.962,,
climb,맑은풍선,f0b509cf631549aeab315fa14ef73b4d86e68d4012202d0434d05f81868f68e3,2026-07-07,256,89030471356,39.962,,
climb,맑은풍선,f0b509cf631549aeab315fa14ef73b4d86e68d4012202d0434d05f81868f68e3,2026-07-08,256,89030471356,39.962,,
climb,맑은풍선,f0b509cf631549aeab315fa14ef73b4d86e68d4012202d0434d05f81868f68e3,2026-07-09,256,89030471356,39.962,,
climb,맑은풍선,f0b509cf631549aeab315fa14ef73b4d86e68d4012202d0434d05f81868f68e3,2026-07-10,256,89030471356,39.962,,
climb,맑은풍선,f0b509cf631549aeab315fa14ef73b4d86e68d4012202d0434d05f81868f68e3,2026-07-11,256,89030471356,39.962,,
climb,맑은풍선,f0b509cf631549aeab315fa14ef73b4d86e68d4012202d0434d05f81868f68e3,2026-07-12,256,89187685121,40.033,7910766,
climb,맑은풍선,f0b509cf631549aeab315fa14ef73b4d86e68d4012202d0434d05f81868f68e3,2026-07-13,256,89187685121,40.033,,
climb,맑은풍선,f0b509cf631549aeab315fa14ef73b4d86e68d4012202d0434d05f81868f68e3,2026-07-14,256,89187685121,40.033,,
climb,맑은풍선,f0b509cf631549aeab315fa14ef73b4d86e68d4012202d0434d05f81868f68e3,2026-07-15,256,89187685121,40.033,,
climb,맑은풍선,f0b509cf631549aeab315fa14ef73b4d86e68d4012202d0434d05f81868f68e3,2026-07-16,256,89187685121,40.033,,
climb,맑은풍선,f0b509cf631549aeab315fa14ef73b4d86e68d4012202d0434d05f81868f68e3,2026-07-17,256,89187685121,40.033,,
climb,맑은풍선,f0b509cf631549aeab315fa14ef73b4d86e68d4012202d0434d05f81868f68e3,2026-07-18,256,89187685121,40.033,,
climb,맑은풍선,f0b509cf631549aeab315fa14ef73b4d86e68d4012202d0434d05f81868f68e3,2026-07-19,256,89187685121,40.033,,
climb,맑은풍선,f0b509cf631549aeab315fa14ef73b4d86e68d4012202d0434d05f81868f68e3,2026-07-20,256,89187685121,40.033,7910766,
climb,맑은풍선,f0b509cf631549aeab315fa14ef73b4d86e68d4012202d0434d05f81868f68e3,2026-07-21,256,89344898886,40.103,,
climb,맑은풍선,f0b509cf631549aeab315fa14ef73b4d86e68d4012202d0434d05f81868f68e3,2026-07-22,256,89344898886,40.103,,
climb,meryChismax,cd5bc7045e1d85f53548ec9fcacce98c,2026-06-18,256,41297818601,18.537,251141,
climb,meryChismax,cd5bc7045e1d85f53548ec9fcacce98c,2026-06-19,256,41297818601,18.537,,
climb,meryChismax,cd5bc7045e1d85f53548ec9fcacce98c,2026-06-20,256,41297818601,18.537,,
climb,meryChismax,cd5bc7045e1d85f53548ec9fcacce98c,2026-06-21,256,41297818601,18.537,,
climb,meryChismax,cd5bc7045e1d85f53548ec9fcacce98c,2026-06-22,256,41297818601,18.537,,
climb,meryChismax,cd5bc7045e1d85f53548ec9fcacce98c,2026-06-23,256,41297818601,18.537,,
climb,meryChismax,cd5bc7045e1d85f53548ec9fcacce98c,2026-06-24,256,41297818601,18.537,,
climb,meryChismax,cd5bc7045e1d85f53548ec9fcacce98c,2026-06-25,256,41297818601,18.537,,
climb,meryChismax,cd5bc7045e1d85f53548ec9fcacce98c,2026-06-26,256,41297818601,18.537,251141,
climb,meryChismax,cd5bc7045e1d85f53548ec9fcacce98c,2026-06-27,256,41297818601,18.537,,
climb,meryChismax,cd5bc7045e1d85f53548ec9fcacce98c,2026-06-28,256,41297818601,18.537,,
climb,meryChismax,cd5bc7045e1d85f53548ec9fcacce98c,2026-06-29,256,41297818601,18.537,,
climb,meryChismax,cd5bc7045e1d85f53548ec9fcacce98c,2026-06-30,256,41297818601,18.537,,
climb,meryChismax,cd5bc7045e1d85f53548ec9fcacce98c,2026-07-01,256,41297818601,18.537,,
climb,meryChismax,cd5bc7045e1d85f53548ec9fcacce98c,2026-07-02,256,41297818601,18.537,,
climb,meryChismax,cd5bc7045e1d85f53548ec9fcacce98c,2026-07-03,256,41297818601,18.537,,
climb,meryChismax,cd5bc7045e1d85f53548ec9fcacce98c,2026-07-04,256,41297818601,18.537,251141,
climb,meryChismax,cd5bc7045e1d85f53548ec9fcacce98c,2026-07-05,256,41297818601,18.537,,
climb,meryChismax,cd5bc7045e1d85f53548ec9fcacce98c,2026-07-06,256,41297818601,18.537,,
climb,meryChismax,cd5bc7045e1d85f53548ec9fcacce98c,2026-07-07,256,41297818601,18.537,,
climb,meryChismax,cd5bc7045e1d85f53548ec9fcacce98c,2026-07-08,256,41297818601,18.537,,
climb,meryChismax,cd5bc7045e1d85f53548ec9fcacce98c,2026-07-09,256,41297818601,18.537,,
climb,meryChismax,cd5bc7045e1d85f53548ec9fcacce98c,2026-07-10,256,41297818601,18.537,,
climb,meryChismax,cd5bc7045e1d85f53548ec9fcacce98c,2026-07-11,256,41297818601,18.537,,
climb,meryChismax,cd5bc7045e1d85f53548ec9fcacce98c,2026-07-12,256,41297818601,18.537,251141,
climb,meryChismax,cd5bc7045e1d85f53548ec9fcacce98c,2026-07-13,256,41297818601,18.537,,
climb,meryChismax,cd5bc7045e1d85f53548ec9fcacce98c,2026-07-14,256,41297818601,18.537,,
climb,meryChismax,cd5bc7045e1d85f53548ec9fcacce98c,2026-07-15,256,41297818601,18.537,,
climb,meryChismax,cd5bc7045e1d85f53548ec9fcacce98c,2026-07-16,256,41297818601,18.537,,
climb,meryChismax,cd5bc7045e1d85f53548ec9fcacce98c,2026-07-17,256,41297818601,18.537,,
climb,meryChismax,cd5bc7045e1d85f53548ec9fcacce98c,2026-07-18,256,41297818601,18.537,,
climb,meryChismax,cd5bc7045e1d85f53548ec9fcacce98c,2026-07-19,256,41297818601,18.537,,
climb,meryChismax,cd5bc7045e1d85f53548ec9fcacce98c,2026-07-20,256,41297818601,18.537,251141,
climb,meryChismax,cd5bc7045e1d85f53548ec9fcacce98c,2026-07-21,256,41297818601,18.537,,
climb,meryChismax,cd5bc7045e1d85f53548ec9fcacce98c,2026-07-22,256,41297818601,18.537,,
climb,하버혀,93ab9f37c605fe9061fee78dd4bac23e,2026-06-18,256,139934768876,62.811,0,
climb,하버혀,93ab9f37c605fe9061fee78dd4bac23e,2026-06-19,256,175223448850,78.651,,
climb,하버혀,93ab9f37c605fe9061fee78dd4bac23e,2026-06-20,256,210704963141,94.577,,
climb,하버혀,93ab9f37c605fe9061fee78dd4bac23e,2026-06-21,257,23786076576,10.366,,
climb,하버혀,93ab9f37c605fe9061fee78dd4bac23e,2026-06-22,257,59653259500,25.996,,
climb,하버혀,93ab9f37c605fe9061fee78dd4bac23e,2026-06-23,257,95520442424,41.627,,
climb,하버혀,93ab9f37c605fe9061fee78dd4bac23e,2026-06-24,257,147007066068,64.064,,
climb,하버혀,93ab9f37c605fe9061fee78dd4bac23e,2026-06-25,257,160914074752,70.124,,
climb,하버혀,93ab9f37c605fe9061fee78dd4bac23e,2026-06-26,257,174821083436,76.185,0,
climb,하버혀,93ab9f37c605fe9061fee78dd4bac23e,2026-06-27,257,188728092120,82.245,,
climb,하버혀,93ab9f37c605fe9061fee78dd4bac23e,2026-06-28,257,202635100804,88.306,,
climb,하버혀,93ab9f37c605fe9061fee78dd4bac23e,2026-06-29,257,216542109488,94.366,,
climb,하버혀,93ab9f37c605fe9061fee78dd4bac23e,2026-06-30,258,979466599,0.414,,
climb,하버혀,93ab9f37c605fe9061fee78dd4bac23e,2026-07-01,258,14886475283,6.298,,
climb,하버혀,93ab9f37c605fe9061fee78dd4bac23e,2026-07-02,258,28793483967,12.182,,
climb,하버혀,93ab9f37c605fe9061fee78dd4bac23e,2026-07-03,258,42700492651,18.066,,
climb,하버혀,93ab9f37c605fe9061fee78dd4bac23e,2026-07-04,258,56607501335,23.950,0,
climb,하버혀,93ab9f37c605fe9061fee78dd4bac23e,2026-07-05,258,70514510019,29.834,,
climb,하버혀,93ab9f37c605fe9061fee78dd4bac23e,2026-07-06,258,84421518703,35.718,,
climb,하버혀,93ab9f37c605fe9061fee78dd4bac23e,2026-07-07,258,98328527387,41.602,,
climb,하버혀,93ab9f37c605fe9061fee78dd4bac23e,2026-07-08,258,112235536071,47.486,,
climb,하버혀,93ab9f37c605fe9061fee78dd4bac23e,2026-07-09,258,126142544755,53.370,,
climb,하버혀,93ab9f37c605fe9061fee78dd4bac23e,2026-07-10,258,140049553439,59.254,,
climb,하버혀,93ab9f37c605fe9061fee78dd4bac23e,2026-07-11,258,153956562123,65.138,,
climb,하버혀,93ab9f37c605fe9061fee78dd4bac23e,2026-07-12,258,167863570807,71.022,0,
climb,하버혀,93ab9f37c605fe9061fee78dd4bac23e,2026-07-13,258,181770579491,76.906,,
climb,하버혀,93ab9f37c605fe9061fee78dd4bac23e,2026-07-14,258,195677588175,82.790,,
climb,하버혀,93ab9f37c605fe9061fee78dd4bac23e,2026-07-15,258,209584596859,88.674,,
climb,하버혀,93ab9f37c605fe9061fee78dd4bac23e,2026-07-16,258,223491605543,94.558,,
climb,하버혀,93ab9f37c605fe9061fee78dd4bac23e,2026-07-17,259,1044873107,0.429,,
climb,하버혀,93ab9f37c605fe9061fee78dd4bac23e,2026-07-18,259,14951881791,6.142,,
climb,하버혀,93ab9f37c605fe9061fee78dd4bac23e,2026-07-19,259,28858890475,11.854,,
climb,하버혀,93ab9f37c605fe9061fee78dd4bac23e,2026-07-20,259,28858890475,11.854,0,
climb,하버혀,93ab9f37c605fe9061fee78dd4bac23e,2026-07-21,259,42765899159,17.567,,
climb,하버혀,93ab9f37c605fe9061fee78dd4bac23e,2026-07-22,259,56672907843,23.280,,
climb,솜구름꿀떡,ebdc327a992b15ffee48a92c1d22b2f2efe8d04e6d233bd35cf2fabdeb93fb0d,2026-06-18,256,29751373179,13.354,5298903,
climb,솜구름꿀떡,ebdc327a992b15ffee48a92c1d22b2f2efe8d04e6d233bd35cf2fabdeb93fb0d,2026-06-19,256,29751373179,13.354,,
climb,솜구름꿀떡,ebdc327a992b15ffee48a92c1d22b2f2efe8d04e6d233bd35cf2fabdeb93fb0d,2026-06-20,256,29751373179,13.354,,
climb,솜구름꿀떡,ebdc327a992b15ffee48a92c1d22b2f2efe8d04e6d233bd35cf2fabdeb93fb0d,2026-06-21,256,29751373179,13.354,,
climb,솜구름꿀떡,ebdc327a992b15ffee48a92c1d22b2f2efe8d04e6d233bd35cf2fabdeb93fb0d,2026-06-22,256,29751373179,13.354,,
climb,솜구름꿀떡,ebdc327a992b15ffee48a92c1d22b2f2efe8d04e6d233bd35cf2fabdeb93fb0d,2026-06-23,256,29751373179,13.354,,
climb,솜구름꿀떡,ebdc327a992b15ffee48a92c1d22b2f2efe8d04e6d233bd35cf2fabdeb93fb0d,2026-06-24,256,29751373179,13.354,,
climb,솜구름꿀떡,ebdc327a992b15ffee48a92c1d22b2f2efe8d04e6d233bd35cf2fabdeb93fb0d,2026-06-25,256,29751373179,13.354,,
climb,솜구름꿀떡,ebdc327a992b15ffee48a92c1d22b2f2efe8d04e6d233bd35cf2fabdeb93fb0d,2026-06-26,256,29751373179,13.354,5298903,
climb,솜구름꿀떡,ebdc327a992b15ffee48a92c1d22b2f2efe8d04e6d233bd35cf2fabdeb93fb0d,2026-06-27,256,29751373179,13.354,,
climb,솜구름꿀떡,ebdc327a992b15ffee48a92c1d22b2f2efe8d04e6d233bd35cf2fabdeb93fb0d,2026-06-28,256,29751373179,13.354,,
climb,솜구름꿀떡,ebdc327a992b15ffee48a92c1d22b2f2efe8d04e6d233bd35cf2fabdeb93fb0d,2026-06-29,256,39977114859,17.944,,
climb,솜구름꿀떡,ebdc327a992b15ffee48a92c1d22b2f2efe8d04e6d233bd35cf2fabdeb93fb0d,2026-06-30,256,67658095314,30.369,,
climb,솜구름꿀떡,ebdc327a992b15ffee48a92c1d22b2f2efe8d04e6d233bd35cf2fabdeb93fb0d,2026-07-01,256,67658095314,30.369,,
climb,솜구름꿀떡,ebdc327a992b15ffee48a92c1d22b2f2efe8d04e6d233bd35cf2fabdeb93fb0d,2026-07-02,256,95339075769,42.794,,
climb,솜구름꿀떡,ebdc327a992b15ffee48a92c1d22b2f2efe8d04e6d233bd35cf2fabdeb93fb0d,2026-07-03,256,95339075769,42.794,,
climb,솜구름꿀떡,ebdc327a992b15ffee48a92c1d22b2f2efe8d04e6d233bd35cf2fabdeb93fb0d,2026-07-04,256,95339075769,42.794,5120953,
climb,솜구름꿀떡,ebdc327a992b15ffee48a92c1d22b2f2efe8d04e6d233bd35cf2fabdeb93fb0d,2026-07-05,256,129514342113,58.134,,
climb,솜구름꿀떡,ebdc327a992b15ffee48a92c1d22b2f2efe8d04e6d233bd35cf2fabdeb93fb0d,2026-07-06,256,166563398961,74.764,,
climb,솜구름꿀떡,ebdc327a992b15ffee48a92c1d22b2f2efe8d04e6d233bd35cf2fabdeb93fb0d,2026-07-07,256,203612455809,91.394,,
climb,솜구름꿀떡,ebdc327a992b15ffee48a92c1d22b2f2efe8d04e6d233bd35cf2fabdeb93fb0d,2026-07-08,257,15001652664,6.538,,
climb,솜구름꿀떡,ebdc327a992b15ffee48a92c1d22b2f2efe8d04e6d233bd35cf2fabdeb93fb0d,2026-07-09,257,50842120518,22.156,,
climb,솜구름꿀떡,ebdc327a992b15ffee48a92c1d22b2f2efe8d04e6d233bd35cf2fabdeb93fb0d,2026-07-10,257,50842120518,22.156,,
climb,솜구름꿀떡,ebdc327a992b15ffee48a92c1d22b2f2efe8d04e6d233bd35cf2fabdeb93fb0d,2026-07-11,257,50842120518,22.156,,
climb,솜구름꿀떡,ebdc327a992b15ffee48a92c1d22b2f2efe8d04e6d233bd35cf2fabdeb93fb0d,2026-07-12,257,93946496981,40.941,5120953,
climb,솜구름꿀떡,ebdc327a992b15ffee48a92c1d22b2f2efe8d04e6d233bd35cf2fabdeb93fb0d,2026-07-13,257,133861775194,58.335,,
climb,솜구름꿀떡,ebdc327a992b15ffee48a92c1d22b2f2efe8d04e6d233bd35cf2fabdeb93fb0d,2026-07-14,257,161542755649,70.398,,
climb,솜구름꿀떡,ebdc327a992b15ffee48a92c1d22b2f2efe8d04e6d233bd35cf2fabdeb93fb0d,2026-07-15,257,201458033862,87.793,,
climb,솜구름꿀떡,ebdc327a992b15ffee48a92c1d22b2f2efe8d04e6d233bd35cf2fabdeb93fb0d,2026-07-16,258,15040659927,6.364,,
climb,솜구름꿀떡,ebdc327a992b15ffee48a92c1d22b2f2efe8d04e6d233bd35cf2fabdeb93fb0d,2026-07-17,258,54955938140,23.252,,
climb,솜구름꿀떡,ebdc327a992b15ffee48a92c1d22b2f2efe8d04e6d233bd35cf2fabdeb93fb0d,2026-07-18,258,94871216353,40.140,,
climb,솜구름꿀떡,ebdc327a992b15ffee48a92c1d22b2f2efe8d04e6d233bd35cf2fabdeb93fb0d,2026-07-19,258,134786494566,57.027,,
climb,솜구름꿀떡,ebdc327a992b15ffee48a92c1d22b2f2efe8d04e6d233bd35cf2fabdeb93fb0d,2026-07-20,258,174701772779,73.915,5120953,
climb,솜구름꿀떡,ebdc327a992b15ffee48a92c1d22b2f2efe8d04e6d233bd35cf2fabdeb93fb0d,2026-07-21,258,214617050992,90.803,,
climb,솜구름꿀떡,ebdc327a992b15ffee48a92c1d22b2f2efe8d04e6d233bd35cf2fabdeb93fb0d,2026-07-22,259,18178588085,7.467,,
climb,류세티,22f7b330acaf9c9d480a1a54d0da35d4efe8d04e6d233bd35cf2fabdeb93fb0d,2026-06-18,256,32563669062,14.617,2428359,
climb,류세티,22f7b330acaf9c9d480a1a54d0da35d4efe8d04e6d233bd35cf2fabdeb93fb0d,2026-06-19,256,32563669062,14.617,,
climb,류세티,22f7b330acaf9c9d480a1a54d0da35d4efe8d04e6d233bd35cf2fabdeb93fb0d,2026-06-20,256,32563669062,14.617,,
climb,류세티,22f7b330acaf9c9d480a1a54d0da35d4efe8d04e6d233bd35cf2fabdeb93fb0d,2026-06-21,256,32563669062,14.617,,
climb,류세티,22f7b330acaf9c9d480a1a54d0da35d4efe8d04e6d233bd35cf2fabdeb93fb0d,2026-06-22,256,32563669062,14.617,,
climb,류세티,22f7b330acaf9c9d480a1a54d0da35d4efe8d04e6d233bd35cf2fabdeb93fb0d,2026-06-23,256,32563669062,14.617,,
climb,류세티,22f7b330acaf9c9d480a1a54d0da35d4efe8d04e6d233bd35cf2fabdeb93fb0d,2026-06-24,256,32563669062,14.617,,
climb,류세티,22f7b330acaf9c9d480a1a54d0da35d4efe8d04e6d233bd35cf2fabdeb93fb0d,2026-06-25,256,32563669062,14.617,,
climb,류세티,22f7b330acaf9c9d480a1a54d0da35d4efe8d04e6d233bd35cf2fabdeb93fb0d,2026-06-26,256,32563669062,14.617,2428359,
climb,류세티,22f7b330acaf9c9d480a1a54d0da35d4efe8d04e6d233bd35cf2fabdeb93fb0d,2026-06-27,256,32563669062,14.617,,
climb,류세티,22f7b330acaf9c9d480a1a54d0da35d4efe8d04e6d233bd35cf2fabdeb93fb0d,2026-06-28,256,32563669062,14.617,,
climb,류세티,22f7b330acaf9c9d480a1a54d0da35d4efe8d04e6d233bd35cf2fabdeb93fb0d,2026-06-29,256,32563669062,14.617,,
climb,류세티,22f7b330acaf9c9d480a1a54d0da35d4efe8d04e6d233bd35cf2fabdeb93fb0d,2026-06-30,256,32563669062,14.617,,
climb,류세티,22f7b330acaf9c9d480a1a54d0da35d4efe8d04e6d233bd35cf2fabdeb93fb0d,2026-07-01,256,32563669062,14.617,,
climb,류세티,22f7b330acaf9c9d480a1a54d0da35d4efe8d04e6d233bd35cf2fabdeb93fb0d,2026-07-02,256,32563669062,14.617,,
climb,류세티,22f7b330acaf9c9d480a1a54d0da35d4efe8d04e6d233bd35cf2fabdeb93fb0d,2026-07-03,256,32563669062,14.617,,
climb,류세티,22f7b330acaf9c9d480a1a54d0da35d4efe8d04e6d233bd35cf2fabdeb93fb0d,2026-07-04,256,32563669062,14.617,2428359,
climb,류세티,22f7b330acaf9c9d480a1a54d0da35d4efe8d04e6d233bd35cf2fabdeb93fb0d,2026-07-05,256,32563669062,14.617,,
climb,류세티,22f7b330acaf9c9d480a1a54d0da35d4efe8d04e6d233bd35cf2fabdeb93fb0d,2026-07-06,256,32563669062,14.617,,
climb,류세티,22f7b330acaf9c9d480a1a54d0da35d4efe8d04e6d233bd35cf2fabdeb93fb0d,2026-07-07,256,32563669062,14.617,,
climb,류세티,22f7b330acaf9c9d480a1a54d0da35d4efe8d04e6d233bd35cf2fabdeb93fb0d,2026-07-08,256,32563669062,14.617,,
climb,류세티,22f7b330acaf9c9d480a1a54d0da35d4efe8d04e6d233bd35cf2fabdeb93fb0d,2026-07-09,256,32563669062,14.617,,
climb,류세티,22f7b330acaf9c9d480a1a54d0da35d4efe8d04e6d233bd35cf2fabdeb93fb0d,2026-07-10,256,32563669062,14.617,,
climb,류세티,22f7b330acaf9c9d480a1a54d0da35d4efe8d04e6d233bd35cf2fabdeb93fb0d,2026-07-11,256,32563669062,14.617,,
climb,류세티,22f7b330acaf9c9d480a1a54d0da35d4efe8d04e6d233bd35cf2fabdeb93fb0d,2026-07-12,256,32563669062,14.617,2428359,
climb,류세티,22f7b330acaf9c9d480a1a54d0da35d4efe8d04e6d233bd35cf2fabdeb93fb0d,2026-07-13,256,32563669062,14.617,,
climb,류세티,22f7b330acaf9c9d480a1a54d0da35d4efe8d04e6d233bd35cf2fabdeb93fb0d,2026-07-14,256,32563669062,14.617,,
climb,류세티,22f7b330acaf9c9d480a1a54d0da35d4efe8d04e6d233bd35cf2fabdeb93fb0d,2026-07-15,256,32563669062,14.617,,
climb,류세티,22f7b330acaf9c9d480a1a54d0da35d4efe8d04e6d233bd35cf2fabdeb93fb0d,2026-07-16,256,32563669062,14.617,,
climb,류세티,22f7b330acaf9c9d480a1a54d0da35d4efe8d04e6d233bd35cf2fabdeb93fb0d,2026-07-17,256,32563669062,14.617,,
climb,류세티,22f7b330acaf9c9d480a1a54d0da35d4efe8d04e6d233bd35cf2fabdeb93fb0d,2026-07-18,256,32563669062,14.617,,
climb,류세티,22f7b330acaf9c9d480a1a54d0da35d4efe8d04e6d233bd35cf2fabdeb93fb0d,2026-07-19,256,32563669062,14.617,,
climb,류세티,22f7b330acaf9c9d480a1a54d0da35d4efe8d04e6d233bd35cf2fabdeb93fb0d,2026-07-20,256,32563669062,14.617,2428359,
climb,류세티,22f7b330acaf9c9d480a1a54d0da35d4efe8d04e6d233bd35cf2fabdeb93fb0d,2026-07-21,256,32563669062,14.617,,
climb,류세티,22f7b330acaf9c9d480a1a54d0da35d4efe8d04e6d233bd35cf2fabdeb93fb0d,2026-07-22,256,32563669062,14.617,,
climb,D1EX80,69f76ce557ebd7fe7690499d2d5802deefe8d04e6d233bd35cf2fabdeb93fb0d,2026-06-18,256,105229528603,47.233,5793366,
climb,D1EX80,69f76ce557ebd7fe7690499d2d5802deefe8d04e6d233bd35cf2fabdeb93fb0d,2026-06-19,256,105229528603,47.233,,
climb,D1EX80,69f76ce557ebd7fe7690499d2d5802deefe8d04e6d233bd35cf2fabdeb93fb0d,2026-06-20,256,137342658633,61.648,,
climb,D1EX80,69f76ce557ebd7fe7690499d2d5802deefe8d04e6d233bd35cf2fabdeb93fb0d,2026-06-21,257,1079105488,0.470,,
climb,D1EX80,69f76ce557ebd7fe7690499d2d5802deefe8d04e6d233bd35cf2fabdeb93fb0d,2026-06-22,257,82893782229,36.124,,
climb,D1EX80,69f76ce557ebd7fe7690499d2d5802deefe8d04e6d233bd35cf2fabdeb93fb0d,2026-06-23,257,166543741473,72.578,,
climb,D1EX80,69f76ce557ebd7fe7690499d2d5802deefe8d04e6d233bd35cf2fabdeb93fb0d,2026-06-24,258,20885825010,8.837,,
climb,D1EX80,69f76ce557ebd7fe7690499d2d5802deefe8d04e6d233bd35cf2fabdeb93fb0d,2026-06-25,258,81245987366,34.375,,
climb,D1EX80,69f76ce557ebd7fe7690499d2d5802deefe8d04e6d233bd35cf2fabdeb93fb0d,2026-06-26,258,141115085817,59.705,5415452,
climb,D1EX80,69f76ce557ebd7fe7690499d2d5802deefe8d04e6d233bd35cf2fabdeb93fb0d,2026-06-27,258,199539714132,84.424,,
climb,D1EX80,69f76ce557ebd7fe7690499d2d5802deefe8d04e6d233bd35cf2fabdeb93fb0d,2026-06-28,259,25640617925,10.532,,
climb,D1EX80,69f76ce557ebd7fe7690499d2d5802deefe8d04e6d233bd35cf2fabdeb93fb0d,2026-06-29,259,85838015777,35.260,,
climb,D1EX80,69f76ce557ebd7fe7690499d2d5802deefe8d04e6d233bd35cf2fabdeb93fb0d,2026-06-30,259,144722315775,59.448,,
climb,D1EX80,69f76ce557ebd7fe7690499d2d5802deefe8d04e6d233bd35cf2fabdeb93fb0d,2026-07-01,259,205576242112,84.445,,
climb,D1EX80,69f76ce557ebd7fe7690499d2d5802deefe8d04e6d233bd35cf2fabdeb93fb0d,2026-07-02,260,7533104263,0.435,,
climb,D1EX80,69f76ce557ebd7fe7690499d2d5802deefe8d04e6d233bd35cf2fabdeb93fb0d,2026-07-03,260,7533104263,0.435,,
climb,D1EX80,69f76ce557ebd7fe7690499d2d5802deefe8d04e6d233bd35cf2fabdeb93fb0d,2026-07-04,260,7533104263,0.435,5953076,
climb,D1EX80,69f76ce557ebd7fe7690499d2d5802deefe8d04e6d233bd35cf2fabdeb93fb0d,2026-07-05,260,7533104263,0.435,,
climb,D1EX80,69f76ce557ebd7fe7690499d2d5802deefe8d04e6d233bd35cf2fabdeb93fb0d,2026-07-06,260,7533104263,0.435,,
climb,D1EX80,69f76ce557ebd7fe7690499d2d5802deefe8d04e6d233bd35cf2fabdeb93fb0d,2026-07-07,260,7533104263,0.435,,
climb,D1EX80,69f76ce557ebd7fe7690499d2d5802deefe8d04e6d233bd35cf2fabdeb93fb0d,2026-07-08,260,7533104263,0.435,,
climb,D1EX80,69f76ce557ebd7fe7690499d2d5802deefe8d04e6d233bd35cf2fabdeb93fb0d,2026-07-09,260,7533104263,0.435,,
climb,D1EX80,69f76ce557ebd7fe7690499d2d5802deefe8d04e6d233bd35cf2fabdeb93fb0d,2026-07-10,260,7533104263,0.435,,
climb,D1EX80,69f76ce557ebd7fe7690499d2d5802deefe8d04e6d233bd35cf2fabdeb93fb0d,2026-07-11,260,7533104263,0.435,,
climb,D1EX80,69f76ce557ebd7fe7690499d2d5802deefe8d04e6d233bd35cf2fabdeb93fb0d,2026-07-12,260,7533104263,0.435,5453066,
climb,D1EX80,69f76ce557ebd7fe7690499d2d5802deefe8d04e6d233bd35cf2fabdeb93fb0d,2026-07-13,260,7533104263,0.435,,
climb,D1EX80,69f76ce557ebd7fe7690499d2d5802deefe8d04e6d233bd35cf2fabdeb93fb0d,2026-07-14,260,7533104263,0.435,,
climb,D1EX80,69f76ce557ebd7fe7690499d2d5802deefe8d04e6d233bd35cf2fabdeb93fb0d,2026-07-15,260,7533104263,0.435,,
climb,D1EX80,69f76ce557ebd7fe7690499d2d5802deefe8d04e6d233bd35cf2fabdeb93fb0d,2026-07-16,260,7533104263,0.435,,
climb,D1EX80,69f76ce557ebd7fe7690499d2d5802deefe8d04e6d233bd35cf2fabdeb93fb0d,2026-07-17,260,7533104263,0.435,,
climb,D1EX80,69f76ce557ebd7fe7690499d2d5802deefe8d04e6d233bd35cf2fabdeb93fb0d,2026-07-18,260,7533104263,0.435,,
climb,D1EX80,69f76ce557ebd7fe7690499d2d5802deefe8d04e6d233bd35cf2fabdeb93fb0d,2026-07-19,260,7533104263,0.435,,
climb,D1EX80,69f76ce557ebd7fe7690499d2d5802deefe8d04e6d233bd35cf2fabdeb93fb0d,2026-07-20,260,7533104263,0.435,5453066,
climb,D1EX80,69f76ce557ebd7fe7690499d2d5802deefe8d04e6d233bd35cf2fabdeb93fb0d,2026-07-21,260,7533104263,0.435,,
climb,D1EX80,69f76ce557ebd7fe7690499d2d5802deefe8d04e6d233bd35cf2fabdeb93fb0d,2026-07-22,260,7533104263,0.435,,
climb,지팡아,a84862a8a9620cd3d921d84cb4274449,2026-06-18,256,52999102556,23.789,705792,
climb,지팡아,a84862a8a9620cd3d921d84cb4274449,2026-06-19,256,52999102556,23.789,,
climb,지팡아,a84862a8a9620cd3d921d84cb4274449,2026-06-20,256,52999102556,23.789,,
climb,지팡아,a84862a8a9620cd3d921d84cb4274449,2026-06-21,256,52999102556,23.789,,
climb,지팡아,a84862a8a9620cd3d921d84cb4274449,2026-06-22,256,52999102556,23.789,,
climb,지팡아,a84862a8a9620cd3d921d84cb4274449,2026-06-23,256,52999102556,23.789,,
climb,지팡아,a84862a8a9620cd3d921d84cb4274449,2026-06-24,256,52999102556,23.789,,
climb,지팡아,a84862a8a9620cd3d921d84cb4274449,2026-06-25,256,131158142363,58.872,,
climb,지팡아,a84862a8a9620cd3d921d84cb4274449,2026-06-26,257,9297034709,4.052,637398,
climb,지팡아,a84862a8a9620cd3d921d84cb4274449,2026-06-27,257,109541920943,47.737,,
climb,지팡아,a84862a8a9620cd3d921d84cb4274449,2026-06-28,257,225512130884,98.275,,
climb,지팡아,a84862a8a9620cd3d921d84cb4274449,2026-06-29,258,96054057864,40.640,,
climb,지팡아,a84862a8a9620cd3d921d84cb4274449,2026-06-30,258,233939605483,98.979,,
climb,지팡아,a84862a8a9620cd3d921d84cb4274449,2026-07-01,259,100145529327,41.137,,
climb,지팡아,a84862a8a9620cd3d921d84cb4274449,2026-07-02,259,201995832353,82.974,,
climb,지팡아,a84862a8a9620cd3d921d84cb4274449,2026-07-03,260,12878802439,0.744,,
climb,지팡아,a84862a8a9620cd3d921d84cb4274449,2026-07-04,260,12878802439,0.744,600368,
climb,지팡아,a84862a8a9620cd3d921d84cb4274449,2026-07-05,260,12878802439,0.744,,
climb,지팡아,a84862a8a9620cd3d921d84cb4274449,2026-07-06,260,12878802439,0.744,,
climb,지팡아,a84862a8a9620cd3d921d84cb4274449,2026-07-07,260,12878802439,0.744,,
climb,지팡아,a84862a8a9620cd3d921d84cb4274449,2026-07-08,260,12878802439,0.744,,
climb,지팡아,a84862a8a9620cd3d921d84cb4274449,2026-07-09,260,12878802439,0.744,,
climb,지팡아,a84862a8a9620cd3d921d84cb4274449,2026-07-10,260,12878802439,0.744,,
climb,지팡아,a84862a8a9620cd3d921d84cb4274449,2026-07-11,260,12878802439,0.744,,
climb,지팡아,a84862a8a9620cd3d921d84cb4274449,2026-07-12,260,12878802439,0.744,600368,
climb,지팡아,a84862a8a9620cd3d921d84cb4274449,2026-07-13,260,12878802439,0.744,,
climb,지팡아,a84862a8a9620cd3d921d84cb4274449,2026-07-14,260,12878802439,0.744,,
climb,지팡아,a84862a8a9620cd3d921d84cb4274449,2026-07-15,260,12878802439,0.744,,
climb,지팡아,a84862a8a9620cd3d921d84cb4274449,2026-07-16,260,105476928596,6.090,,
climb,지팡아,a84862a8a9620cd3d921d84cb4274449,2026-07-17,260,105476928596,6.090,,
climb,지팡아,a84862a8a9620cd3d921d84cb4274449,2026-07-18,260,105476928596,6.090,,
climb,지팡아,a84862a8a9620cd3d921d84cb4274449,2026-07-19,260,105476928596,6.090,,
climb,지팡아,a84862a8a9620cd3d921d84cb4274449,2026-07-20,261,105476928596,6.030,500761,
climb,지팡아,a84862a8a9620cd3d921d84cb4274449,2026-07-21,261,105476928596,6.030,,
climb,지팡아,a84862a8a9620cd3d921d84cb4274449,2026-07-22,261,105476928596,6.030,,
climb,디케이메탈,dbfdffad81d9c8f251093ed7390ffac5,2026-06-18,256,53099422970,23.834,2626103,
climb,디케이메탈,dbfdffad81d9c8f251093ed7390ffac5,2026-06-19,256,53099422970,23.834,,
climb,디케이메탈,dbfdffad81d9c8f251093ed7390ffac5,2026-06-20,256,53099422970,23.834,,
climb,디케이메탈,dbfdffad81d9c8f251093ed7390ffac5,2026-06-21,256,53099422970,23.834,,
climb,디케이메탈,dbfdffad81d9c8f251093ed7390ffac5,2026-06-22,256,53099422970,23.834,,
climb,디케이메탈,dbfdffad81d9c8f251093ed7390ffac5,2026-06-23,256,53099422970,23.834,,
climb,디케이메탈,dbfdffad81d9c8f251093ed7390ffac5,2026-06-24,256,53099422970,23.834,,
climb,디케이메탈,dbfdffad81d9c8f251093ed7390ffac5,2026-06-25,256,53099422970,23.834,,
climb,디케이메탈,dbfdffad81d9c8f251093ed7390ffac5,2026-06-26,256,53099422970,23.834,2626103,
climb,디케이메탈,dbfdffad81d9c8f251093ed7390ffac5,2026-06-27,256,53099422970,23.834,,
climb,디케이메탈,dbfdffad81d9c8f251093ed7390ffac5,2026-06-28,256,53099422970,23.834,,
climb,디케이메탈,dbfdffad81d9c8f251093ed7390ffac5,2026-06-29,256,53099422970,23.834,,
climb,디케이메탈,dbfdffad81d9c8f251093ed7390ffac5,2026-06-30,256,53099422970,23.834,,
climb,디케이메탈,dbfdffad81d9c8f251093ed7390ffac5,2026-07-01,256,53099422970,23.834,,
climb,디케이메탈,dbfdffad81d9c8f251093ed7390ffac5,2026-07-02,256,53099422970,23.834,,
climb,디케이메탈,dbfdffad81d9c8f251093ed7390ffac5,2026-07-03,256,53099422970,23.834,,
climb,디케이메탈,dbfdffad81d9c8f251093ed7390ffac5,2026-07-04,256,53099422970,23.834,2626103,
climb,디케이메탈,dbfdffad81d9c8f251093ed7390ffac5,2026-07-05,256,53099422970,23.834,,
climb,디케이메탈,dbfdffad81d9c8f251093ed7390ffac5,2026-07-06,256,53099422970,23.834,,
climb,디케이메탈,dbfdffad81d9c8f251093ed7390ffac5,2026-07-07,256,53099422970,23.834,,
climb,디케이메탈,dbfdffad81d9c8f251093ed7390ffac5,2026-07-08,256,53099422970,23.834,,
climb,디케이메탈,dbfdffad81d9c8f251093ed7390ffac5,2026-07-09,256,53099422970,23.834,,
climb,디케이메탈,dbfdffad81d9c8f251093ed7390ffac5,2026-07-10,256,53099422970,23.834,,
climb,디케이메탈,dbfdffad81d9c8f251093ed7390ffac5,2026-07-11,256,53099422970,23.834,,
climb,디케이메탈,dbfdffad81d9c8f251093ed7390ffac5,2026-07-12,256,53099422970,23.834,2626103,
climb,디케이메탈,dbfdffad81d9c8f251093ed7390ffac5,2026-07-13,256,53099422970,23.834,,
climb,디케이메탈,dbfdffad81d9c8f251093ed7390ffac5,2026-07-14,256,53099422970,23.834,,
climb,디케이메탈,dbfdffad81d9c8f251093ed7390ffac5,2026-07-15,256,53099422970,23.834,,
climb,디케이메탈,dbfdffad81d9c8f251093ed7390ffac5,2026-07-16,256,53099422970,23.834,,
climb,디케이메탈,dbfdffad81d9c8f251093ed7390ffac5,2026-07-17,256,53099422970,23.834,,
climb,디케이메탈,dbfdffad81d9c8f251093ed7390ffac5,2026-07-18,256,53099422970,23.834,,
climb,디케이메탈,dbfdffad81d9c8f251093ed7390ffac5,2026-07-19,256,53099422970,23.834,,
climb,디케이메탈,dbfdffad81d9c8f251093ed7390ffac5,2026-07-20,256,53099422970,23.834,2626103,
climb,디케이메탈,dbfdffad81d9c8f251093ed7390ffac5,2026-07-21,256,53099422970,23.834,,
climb,디케이메탈,dbfdffad81d9c8f251093ed7390ffac5,2026-07-22,256,53099422970,23.834,,
climb,불꽃꿍이,cbccd9d0dc57a582ccf81c409461b975efe8d04e6d233bd35cf2fabdeb93fb0d,2026-06-18,256,69812898058,31.336,319638,
climb,불꽃꿍이,cbccd9d0dc57a582ccf81c409461b975efe8d04e6d233bd35cf2fabdeb93fb0d,2026-06-19,256,69812898058,31.336,,
climb,불꽃꿍이,cbccd9d0dc57a582ccf81c409461b975efe8d04e6d233bd35cf2fabdeb93fb0d,2026-06-20,256,69812898058,31.336,,
climb,불꽃꿍이,cbccd9d0dc57a582ccf81c409461b975efe8d04e6d233bd35cf2fabdeb93fb0d,2026-06-21,256,69812898058,31.336,,
climb,불꽃꿍이,cbccd9d0dc57a582ccf81c409461b975efe8d04e6d233bd35cf2fabdeb93fb0d,2026-06-22,256,69812898058,31.336,,
climb,불꽃꿍이,cbccd9d0dc57a582ccf81c409461b975efe8d04e6d233bd35cf2fabdeb93fb0d,2026-06-23,256,69812898058,31.336,,
climb,불꽃꿍이,cbccd9d0dc57a582ccf81c409461b975efe8d04e6d233bd35cf2fabdeb93fb0d,2026-06-24,256,69812898058,31.336,,
climb,불꽃꿍이,cbccd9d0dc57a582ccf81c409461b975efe8d04e6d233bd35cf2fabdeb93fb0d,2026-06-25,256,69812898058,31.336,,
climb,불꽃꿍이,cbccd9d0dc57a582ccf81c409461b975efe8d04e6d233bd35cf2fabdeb93fb0d,2026-06-26,256,69812898058,31.336,319638,
climb,불꽃꿍이,cbccd9d0dc57a582ccf81c409461b975efe8d04e6d233bd35cf2fabdeb93fb0d,2026-06-27,256,69812898058,31.336,,
climb,불꽃꿍이,cbccd9d0dc57a582ccf81c409461b975efe8d04e6d233bd35cf2fabdeb93fb0d,2026-06-28,256,69812898058,31.336,,
climb,불꽃꿍이,cbccd9d0dc57a582ccf81c409461b975efe8d04e6d233bd35cf2fabdeb93fb0d,2026-06-29,256,69812898058,31.336,,
climb,불꽃꿍이,cbccd9d0dc57a582ccf81c409461b975efe8d04e6d233bd35cf2fabdeb93fb0d,2026-06-30,256,69812898058,31.336,,
climb,불꽃꿍이,cbccd9d0dc57a582ccf81c409461b975efe8d04e6d233bd35cf2fabdeb93fb0d,2026-07-01,256,69812898058,31.336,,
climb,불꽃꿍이,cbccd9d0dc57a582ccf81c409461b975efe8d04e6d233bd35cf2fabdeb93fb0d,2026-07-02,256,69812898058,31.336,,
climb,불꽃꿍이,cbccd9d0dc57a582ccf81c409461b975efe8d04e6d233bd35cf2fabdeb93fb0d,2026-07-03,256,69812898058,31.336,,
climb,불꽃꿍이,cbccd9d0dc57a582ccf81c409461b975efe8d04e6d233bd35cf2fabdeb93fb0d,2026-07-04,256,69812898058,31.336,304227,
climb,불꽃꿍이,cbccd9d0dc57a582ccf81c409461b975efe8d04e6d233bd35cf2fabdeb93fb0d,2026-07-05,256,69812898058,31.336,,
climb,불꽃꿍이,cbccd9d0dc57a582ccf81c409461b975efe8d04e6d233bd35cf2fabdeb93fb0d,2026-07-06,256,69812898058,31.336,,
climb,불꽃꿍이,cbccd9d0dc57a582ccf81c409461b975efe8d04e6d233bd35cf2fabdeb93fb0d,2026-07-07,256,69812898058,31.336,,
climb,불꽃꿍이,cbccd9d0dc57a582ccf81c409461b975efe8d04e6d233bd35cf2fabdeb93fb0d,2026-07-08,256,69812898058,31.336,,
climb,불꽃꿍이,cbccd9d0dc57a582ccf81c409461b975efe8d04e6d233bd35cf2fabdeb93fb0d,2026-07-09,256,69812898058,31.336,,
climb,불꽃꿍이,cbccd9d0dc57a582ccf81c409461b975efe8d04e6d233bd35cf2fabdeb93fb0d,2026-07-10,256,69812898058,31.336,,
climb,불꽃꿍이,cbccd9d0dc57a582ccf81c409461b975efe8d04e6d233bd35cf2fabdeb93fb0d,2026-07-11,256,69812898058,31.336,,
climb,불꽃꿍이,cbccd9d0dc57a582ccf81c409461b975efe8d04e6d233bd35cf2fabdeb93fb0d,2026-07-12,256,69812898058,31.336,304227,
climb,불꽃꿍이,cbccd9d0dc57a582ccf81c409461b975efe8d04e6d233bd35cf2fabdeb93fb0d,2026-07-13,256,69812898058,31.336,,
climb,불꽃꿍이,cbccd9d0dc57a582ccf81c409461b975efe8d04e6d233bd35cf2fabdeb93fb0d,2026-07-14,256,69812898058,31.336,,
climb,불꽃꿍이,cbccd9d0dc57a582ccf81c409461b975efe8d04e6d233bd35cf2fabdeb93fb0d,2026-07-15,256,69812898058,31.336,,
climb,불꽃꿍이,cbccd9d0dc57a582ccf81c409461b975efe8d04e6d233bd35cf2fabdeb93fb0d,2026-07-16,256,69812898058,31.336,,
climb,불꽃꿍이,cbccd9d0dc57a582ccf81c409461b975efe8d04e6d233bd35cf2fabdeb93fb0d,2026-07-17,256,69812898058,31.336,,
climb,불꽃꿍이,cbccd9d0dc57a582ccf81c409461b975efe8d04e6d233bd35cf2fabdeb93fb0d,2026-07-18,256,69812898058,31.336,,
climb,불꽃꿍이,cbccd9d0dc57a582ccf81c409461b975efe8d04e6d233bd35cf2fabdeb93fb0d,2026-07-19,256,69812898058,31.336,,
climb,불꽃꿍이,cbccd9d0dc57a582ccf81c409461b975efe8d04e6d233bd35cf2fabdeb93fb0d,2026-07-20,256,69812898058,31.336,304227,
climb,불꽃꿍이,cbccd9d0dc57a582ccf81c409461b975efe8d04e6d233bd35cf2fabdeb93fb0d,2026-07-21,256,69812898058,31.336,,
climb,불꽃꿍이,cbccd9d0dc57a582ccf81c409461b975efe8d04e6d233bd35cf2fabdeb93fb0d,2026-07-22,256,69812898058,31.336,,
climb,09운,41bce24aaaca35d2997d4f195f832a05,2026-06-18,256,78197199824,35.100,1015752,
climb,09운,41bce24aaaca35d2997d4f195f832a05,2026-06-19,256,78197199824,35.100,,
climb,09운,41bce24aaaca35d2997d4f195f832a05,2026-06-20,256,78197199824,35.100,,
climb,09운,41bce24aaaca35d2997d4f195f832a05,2026-06-21,256,78197199824,35.100,,
climb,09운,41bce24aaaca35d2997d4f195f832a05,2026-06-22,256,78197199824,35.100,,
climb,09운,41bce24aaaca35d2997d4f195f832a05,2026-06-23,256,78197199824,35.100,,
climb,09운,41bce24aaaca35d2997d4f195f832a05,2026-06-24,256,78197199824,35.100,,
climb,09운,41bce24aaaca35d2997d4f195f832a05,2026-06-25,256,78197199824,35.100,,
climb,09운,41bce24aaaca35d2997d4f195f832a05,2026-06-26,256,78197199824,35.100,1015752,
climb,09운,41bce24aaaca35d2997d4f195f832a05,2026-06-27,256,78197199824,35.100,,
climb,09운,41bce24aaaca35d2997d4f195f832a05,2026-06-28,256,78197199824,35.100,,
climb,09운,41bce24aaaca35d2997d4f195f832a05,2026-06-29,256,78197199824,35.100,,
climb,09운,41bce24aaaca35d2997d4f195f832a05,2026-06-30,256,78197199824,35.100,,
climb,09운,41bce24aaaca35d2997d4f195f832a05,2026-07-01,256,78197199824,35.100,,
climb,09운,41bce24aaaca35d2997d4f195f832a05,2026-07-02,256,78197199824,35.100,,
climb,09운,41bce24aaaca35d2997d4f195f832a05,2026-07-03,256,78197199824,35.100,,
climb,09운,41bce24aaaca35d2997d4f195f832a05,2026-07-04,256,78197199824,35.100,1015752,
climb,09운,41bce24aaaca35d2997d4f195f832a05,2026-07-05,256,78197199824,35.100,,
climb,09운,41bce24aaaca35d2997d4f195f832a05,2026-07-06,256,78197199824,35.100,,
climb,09운,41bce24aaaca35d2997d4f195f832a05,2026-07-07,256,78197199824,35.100,,
climb,09운,41bce24aaaca35d2997d4f195f832a05,2026-07-08,256,78197199824,35.100,,
climb,09운,41bce24aaaca35d2997d4f195f832a05,2026-07-09,256,78197199824,35.100,,
climb,09운,41bce24aaaca35d2997d4f195f832a05,2026-07-10,256,78197199824,35.100,,
climb,09운,41bce24aaaca35d2997d4f195f832a05,2026-07-11,256,78197199824,35.100,,
climb,09운,41bce24aaaca35d2997d4f195f832a05,2026-07-12,256,78197199824,35.100,1015752,
climb,09운,41bce24aaaca35d2997d4f195f832a05,2026-07-13,256,78197199824,35.100,,
climb,09운,41bce24aaaca35d2997d4f195f832a05,2026-07-14,256,78197199824,35.100,,
climb,09운,41bce24aaaca35d2997d4f195f832a05,2026-07-15,256,78197199824,35.100,,
climb,09운,41bce24aaaca35d2997d4f195f832a05,2026-07-16,256,78197199824,35.100,,
climb,09운,41bce24aaaca35d2997d4f195f832a05,2026-07-17,256,78197199824,35.100,,
climb,09운,41bce24aaaca35d2997d4f195f832a05,2026-07-18,256,78197199824,35.100,,
climb,09운,41bce24aaaca35d2997d4f195f832a05,2026-07-19,256,78197199824,35.100,,
climb,09운,41bce24aaaca35d2997d4f195f832a05,2026-07-20,256,78197199824,35.100,1015752,
climb,09운,41bce24aaaca35d2997d4f195f832a05,2026-07-21,256,78197199824,35.100,,
climb,09운,41bce24aaaca35d2997d4f195f832a05,2026-07-22,256,78197199824,35.100,,
climb,시몽규몽,8cb90ae12d998703ab2923c3ef4de1f8,2026-06-18,256,94585357167,42.456,0,
climb,시몽규몽,8cb90ae12d998703ab2923c3ef4de1f8,2026-06-19,256,94585357167,42.456,,
climb,시몽규몽,8cb90ae12d998703ab2923c3ef4de1f8,2026-06-20,256,94585357167,42.456,,
climb,시몽규몽,8cb90ae12d998703ab2923c3ef4de1f8,2026-06-21,256,94585357167,42.456,,
climb,시몽규몽,8cb90ae12d998703ab2923c3ef4de1f8,2026-06-22,256,94585357167,42.456,,
climb,시몽규몽,8cb90ae12d998703ab2923c3ef4de1f8,2026-06-23,256,94585357167,42.456,,
climb,시몽규몽,8cb90ae12d998703ab2923c3ef4de1f8,2026-06-24,256,94585357167,42.456,,
climb,시몽규몽,8cb90ae12d998703ab2923c3ef4de1f8,2026-06-25,256,94585357167,42.456,,
climb,시몽규몽,8cb90ae12d998703ab2923c3ef4de1f8,2026-06-26,256,94585357167,42.456,0,
climb,시몽규몽,8cb90ae12d998703ab2923c3ef4de1f8,2026-06-27,256,94585357167,42.456,,
climb,시몽규몽,8cb90ae12d998703ab2923c3ef4de1f8,2026-06-28,256,94585357167,42.456,,
climb,시몽규몽,8cb90ae12d998703ab2923c3ef4de1f8,2026-06-29,256,94585357167,42.456,,
climb,시몽규몽,8cb90ae12d998703ab2923c3ef4de1f8,2026-06-30,256,94585357167,42.456,,
climb,시몽규몽,8cb90ae12d998703ab2923c3ef4de1f8,2026-07-01,256,94585357167,42.456,,
climb,시몽규몽,8cb90ae12d998703ab2923c3ef4de1f8,2026-07-02,256,94585357167,42.456,,
climb,시몽규몽,8cb90ae12d998703ab2923c3ef4de1f8,2026-07-03,256,94585357167,42.456,,
climb,시몽규몽,8cb90ae12d998703ab2923c3ef4de1f8,2026-07-04,256,94585357167,42.456,0,
climb,시몽규몽,8cb90ae12d998703ab2923c3ef4de1f8,2026-07-05,256,94585357167,42.456,,
climb,시몽규몽,8cb90ae12d998703ab2923c3ef4de1f8,2026-07-06,256,94585357167,42.456,,
climb,시몽규몽,8cb90ae12d998703ab2923c3ef4de1f8,2026-07-07,256,94585357167,42.456,,
climb,시몽규몽,8cb90ae12d998703ab2923c3ef4de1f8,2026-07-08,256,94585357167,42.456,,
climb,시몽규몽,8cb90ae12d998703ab2923c3ef4de1f8,2026-07-09,256,94585357167,42.456,,
climb,시몽규몽,8cb90ae12d998703ab2923c3ef4de1f8,2026-07-10,256,94585357167,42.456,,
climb,시몽규몽,8cb90ae12d998703ab2923c3ef4de1f8,2026-07-11,256,94585357167,42.456,,
climb,시몽규몽,8cb90ae12d998703ab2923c3ef4de1f8,2026-07-12,256,94585357167,42.456,0,
climb,시몽규몽,8cb90ae12d998703ab2923c3ef4de1f8,2026-07-13,256,94585357167,42.456,,
climb,시몽규몽,8cb90ae12d998703ab2923c3ef4de1f8,2026-07-14,256,94585357167,42.456,,
climb,시몽규몽,8cb90ae12d998703ab2923c3ef4de1f8,2026-07-15,256,94585357167,42.456,,
climb,시몽규몽,8cb90ae12d998703ab2923c3ef4de1f8,2026-07-16,256,94585357167,42.456,,
climb,시몽규몽,8cb90ae12d998703ab2923c3ef4de1f8,2026-07-17,256,94585357167,42.456,,
climb,시몽규몽,8cb90ae12d998703ab2923c3ef4de1f8,2026-07-18,256,94585357167,42.456,,
climb,시몽규몽,8cb90ae12d998703ab2923c3ef4de1f8,2026-07-19,256,94585357167,42.456,,
climb,시몽규몽,8cb90ae12d998703ab2923c3ef4de1f8,2026-07-20,256,94585357167,42.456,0,
climb,시몽규몽,8cb90ae12d998703ab2923c3ef4de1f8,2026-07-21,256,94585357167,42.456,,
climb,시몽규몽,8cb90ae12d998703ab2923c3ef4de1f8,2026-07-22,256,94585357167,42.456,,
climb,뉵템,c65b789c8f6e4622171e14f115b643daefe8d04e6d233bd35cf2fabdeb93fb0d,2026-06-18,256,34089318203,15.301,2571670,
climb,뉵템,c65b789c8f6e4622171e14f115b643daefe8d04e6d233bd35cf2fabdeb93fb0d,2026-06-19,256,89445469219,40.149,,
climb,뉵템,c65b789c8f6e4622171e14f115b643daefe8d04e6d233bd35cf2fabdeb93fb0d,2026-06-20,256,146974649287,65.971,,
climb,뉵템,c65b789c8f6e4622171e14f115b643daefe8d04e6d233bd35cf2fabdeb93fb0d,2026-06-21,256,204597682955,91.836,,
climb,뉵템,c65b789c8f6e4622171e14f115b643daefe8d04e6d233bd35cf2fabdeb93fb0d,2026-06-22,257,45378171615,19.775,,
climb,뉵템,c65b789c8f6e4622171e14f115b643daefe8d04e6d233bd35cf2fabdeb93fb0d,2026-06-23,257,103721533328,45.201,,
climb,뉵템,c65b789c8f6e4622171e14f115b643daefe8d04e6d233bd35cf2fabdeb93fb0d,2026-06-24,257,159125234707,69.345,,
climb,뉵템,c65b789c8f6e4622171e14f115b643daefe8d04e6d233bd35cf2fabdeb93fb0d,2026-06-25,257,200760479097,87.489,,
climb,뉵템,c65b789c8f6e4622171e14f115b643daefe8d04e6d233bd35cf2fabdeb93fb0d,2026-06-26,258,12684009533,5.367,2413669,
climb,뉵템,c65b789c8f6e4622171e14f115b643daefe8d04e6d233bd35cf2fabdeb93fb0d,2026-06-27,258,53623243728,22.688,,
climb,뉵템,c65b789c8f6e4622171e14f115b643daefe8d04e6d233bd35cf2fabdeb93fb0d,2026-06-28,258,94159889768,39.839,,
climb,뉵템,c65b789c8f6e4622171e14f115b643daefe8d04e6d233bd35cf2fabdeb93fb0d,2026-06-29,258,133769117311,56.597,,
climb,뉵템,c65b789c8f6e4622171e14f115b643daefe8d04e6d233bd35cf2fabdeb93fb0d,2026-06-30,258,174714622686,73.921,,
climb,뉵템,c65b789c8f6e4622171e14f115b643daefe8d04e6d233bd35cf2fabdeb93fb0d,2026-07-01,258,174714622686,73.921,,
climb,뉵템,c65b789c8f6e4622171e14f115b643daefe8d04e6d233bd35cf2fabdeb93fb0d,2026-07-02,258,215513454143,91.183,,
climb,뉵템,c65b789c8f6e4622171e14f115b643daefe8d04e6d233bd35cf2fabdeb93fb0d,2026-07-03,259,25798053409,10.597,,
climb,뉵템,c65b789c8f6e4622171e14f115b643daefe8d04e6d233bd35cf2fabdeb93fb0d,2026-07-04,259,49303688738,20.253,2523433,
climb,뉵템,c65b789c8f6e4622171e14f115b643daefe8d04e6d233bd35cf2fabdeb93fb0d,2026-07-05,259,74705644909,30.687,,
climb,뉵템,c65b789c8f6e4622171e14f115b643daefe8d04e6d233bd35cf2fabdeb93fb0d,2026-07-06,259,98277733587,40.370,,
climb,뉵템,c65b789c8f6e4622171e14f115b643daefe8d04e6d233bd35cf2fabdeb93fb0d,2026-07-07,259,123526980017,50.741,,
climb,뉵템,c65b789c8f6e4622171e14f115b643daefe8d04e6d233bd35cf2fabdeb93fb0d,2026-07-08,259,147086901459,60.419,,
climb,뉵템,c65b789c8f6e4622171e14f115b643daefe8d04e6d233bd35cf2fabdeb93fb0d,2026-07-09,259,170640942603,70.094,,
climb,뉵템,c65b789c8f6e4622171e14f115b643daefe8d04e6d233bd35cf2fabdeb93fb0d,2026-07-10,259,196171517173,80.582,,
climb,뉵템,c65b789c8f6e4622171e14f115b643daefe8d04e6d233bd35cf2fabdeb93fb0d,2026-07-11,259,219697839947,90.246,,
climb,뉵템,c65b789c8f6e4622171e14f115b643daefe8d04e6d233bd35cf2fabdeb93fb0d,2026-07-12,260,1452089240,0.084,2633414,
climb,뉵템,c65b789c8f6e4622171e14f115b643daefe8d04e6d233bd35cf2fabdeb93fb0d,2026-07-13,260,1452089240,0.084,,
climb,뉵템,c65b789c8f6e4622171e14f115b643daefe8d04e6d233bd35cf2fabdeb93fb0d,2026-07-14,260,1452089240,0.084,,
climb,뉵템,c65b789c8f6e4622171e14f115b643daefe8d04e6d233bd35cf2fabdeb93fb0d,2026-07-15,260,1452089240,0.084,,
climb,뉵템,c65b789c8f6e4622171e14f115b643daefe8d04e6d233bd35cf2fabdeb93fb0d,2026-07-16,260,1452089240,0.084,,
climb,뉵템,c65b789c8f6e4622171e14f115b643daefe8d04e6d233bd35cf2fabdeb93fb0d,2026-07-17,260,1452089240,0.084,,
climb,뉵템,c65b789c8f6e4622171e14f115b643daefe8d04e6d233bd35cf2fabdeb93fb0d,2026-07-18,260,1452089240,0.084,,
climb,뉵템,c65b789c8f6e4622171e14f115b643daefe8d04e6d233bd35cf2fabdeb93fb0d,2026-07-19,260,1452089240,0.084,,
climb,뉵템,c65b789c8f6e4622171e14f115b643daefe8d04e6d233bd35cf2fabdeb93fb0d,2026-07-20,260,1452089240,0.084,2633414,
climb,뉵템,c65b789c8f6e4622171e14f115b643daefe8d04e6d233bd35cf2fabdeb93fb0d,2026-07-21,260,1452089240,0.084,,
climb,뉵템,c65b789c8f6e4622171e14f115b643daefe8d04e6d233bd35cf2fabdeb93fb0d,2026-07-22,260,1452089240,0.084,,
climb,밀콩쿵몽,011952046342c41c3cc7873059f937d0,2026-06-18,256,34118371918,15.314,223038,
climb,밀콩쿵몽,011952046342c41c3cc7873059f937d0,2026-06-19,256,34118371918,15.314,,
climb,밀콩쿵몽,011952046342c41c3cc7873059f937d0,2026-06-20,256,34118371918,15.314,,
climb,밀콩쿵몽,011952046342c41c3cc7873059f937d0,2026-06-21,256,34118371918,15.314,,
climb,밀콩쿵몽,011952046342c41c3cc7873059f937d0,2026-06-22,256,34118371918,15.314,,
climb,밀콩쿵몽,011952046342c41c3cc7873059f937d0,2026-06-23,256,34118371918,15.314,,
climb,밀콩쿵몽,011952046342c41c3cc7873059f937d0,2026-06-24,256,34118371918,15.314,,
climb,밀콩쿵몽,011952046342c41c3cc7873059f937d0,2026-06-25,256,34118371918,15.314,,
climb,밀콩쿵몽,011952046342c41c3cc7873059f937d0,2026-06-26,256,34118371918,15.314,223038,
climb,밀콩쿵몽,011952046342c41c3cc7873059f937d0,2026-06-27,256,34118371918,15.314,,
climb,밀콩쿵몽,011952046342c41c3cc7873059f937d0,2026-06-28,256,34118371918,15.314,,
climb,밀콩쿵몽,011952046342c41c3cc7873059f937d0,2026-06-29,256,34118371918,15.314,,
climb,밀콩쿵몽,011952046342c41c3cc7873059f937d0,2026-06-30,256,34118371918,15.314,,
climb,밀콩쿵몽,011952046342c41c3cc7873059f937d0,2026-07-01,256,34118371918,15.314,,
climb,밀콩쿵몽,011952046342c41c3cc7873059f937d0,2026-07-02,256,34118371918,15.314,,
climb,밀콩쿵몽,011952046342c41c3cc7873059f937d0,2026-07-03,256,34118371918,15.314,,
climb,밀콩쿵몽,011952046342c41c3cc7873059f937d0,2026-07-04,256,34118371918,15.314,223038,
climb,밀콩쿵몽,011952046342c41c3cc7873059f937d0,2026-07-05,256,34118371918,15.314,,
climb,밀콩쿵몽,011952046342c41c3cc7873059f937d0,2026-07-06,256,34118371918,15.314,,
climb,밀콩쿵몽,011952046342c41c3cc7873059f937d0,2026-07-07,256,34118371918,15.314,,
climb,밀콩쿵몽,011952046342c41c3cc7873059f937d0,2026-07-08,256,34118371918,15.314,,
climb,밀콩쿵몽,011952046342c41c3cc7873059f937d0,2026-07-09,256,34118371918,15.314,,
climb,밀콩쿵몽,011952046342c41c3cc7873059f937d0,2026-07-10,256,34118371918,15.314,,
climb,밀콩쿵몽,011952046342c41c3cc7873059f937d0,2026-07-11,256,34118371918,15.314,,
climb,밀콩쿵몽,011952046342c41c3cc7873059f937d0,2026-07-12,256,34118371918,15.314,223038,
climb,밀콩쿵몽,011952046342c41c3cc7873059f937d0,2026-07-13,256,34118371918,15.314,,
climb,밀콩쿵몽,011952046342c41c3cc7873059f937d0,2026-07-14,256,34118371918,15.314,,
climb,밀콩쿵몽,011952046342c41c3cc7873059f937d0,2026-07-15,256,34118371918,15.314,,
climb,밀콩쿵몽,011952046342c41c3cc7873059f937d0,2026-07-16,256,34118371918,15.314,,
climb,밀콩쿵몽,011952046342c41c3cc7873059f937d0,2026-07-17,256,34118371918,15.314,,
climb,밀콩쿵몽,011952046342c41c3cc7873059f937d0,2026-07-18,256,34118371918,15.314,,
climb,밀콩쿵몽,011952046342c41c3cc7873059f937d0,2026-07-19,256,34118371918,15.314,,
climb,밀콩쿵몽,011952046342c41c3cc7873059f937d0,2026-07-20,256,34118371918,15.314,223038,
climb,밀콩쿵몽,011952046342c41c3cc7873059f937d0,2026-07-21,256,34118371918,15.314,,
climb,밀콩쿵몽,011952046342c41c3cc7873059f937d0,2026-07-22,256,34118371918,15.314,,
climb,하은게이,b01009e86b92c31cf6bcdd624a86dae7,2026-06-18,256,29876827324,13.411,848396,
climb,하은게이,b01009e86b92c31cf6bcdd624a86dae7,2026-06-19,256,29876827324,13.411,,
climb,하은게이,b01009e86b92c31cf6bcdd624a86dae7,2026-06-20,256,29876827324,13.411,,
climb,하은게이,b01009e86b92c31cf6bcdd624a86dae7,2026-06-21,256,29876827324,13.411,,
climb,하은게이,b01009e86b92c31cf6bcdd624a86dae7,2026-06-22,256,29876827324,13.411,,
climb,하은게이,b01009e86b92c31cf6bcdd624a86dae7,2026-06-23,256,29876827324,13.411,,
climb,하은게이,b01009e86b92c31cf6bcdd624a86dae7,2026-06-24,256,29876827324,13.411,,
climb,하은게이,b01009e86b92c31cf6bcdd624a86dae7,2026-06-25,256,29876827324,13.411,,
climb,하은게이,b01009e86b92c31cf6bcdd624a86dae7,2026-06-26,256,29876827324,13.411,848396,
climb,하은게이,b01009e86b92c31cf6bcdd624a86dae7,2026-06-27,256,29876827324,13.411,,
climb,하은게이,b01009e86b92c31cf6bcdd624a86dae7,2026-06-28,256,29876827324,13.411,,
climb,하은게이,b01009e86b92c31cf6bcdd624a86dae7,2026-06-29,256,29876827324,13.411,,
climb,하은게이,b01009e86b92c31cf6bcdd624a86dae7,2026-06-30,256,29876827324,13.411,,
climb,하은게이,b01009e86b92c31cf6bcdd624a86dae7,2026-07-01,256,29876827324,13.411,,
climb,하은게이,b01009e86b92c31cf6bcdd624a86dae7,2026-07-02,256,29876827324,13.411,,
climb,하은게이,b01009e86b92c31cf6bcdd624a86dae7,2026-07-03,256,29876827324,13.411,,
climb,하은게이,b01009e86b92c31cf6bcdd624a86dae7,2026-07-04,256,29876827324,13.411,848396,
climb,하은게이,b01009e86b92c31cf6bcdd624a86dae7,2026-07-05,256,29876827324,13.411,,
climb,하은게이,b01009e86b92c31cf6bcdd624a86dae7,2026-07-06,256,29876827324,13.411,,
climb,하은게이,b01009e86b92c31cf6bcdd624a86dae7,2026-07-07,256,29876827324,13.411,,
climb,하은게이,b01009e86b92c31cf6bcdd624a86dae7,2026-07-08,256,29876827324,13.411,,
climb,하은게이,b01009e86b92c31cf6bcdd624a86dae7,2026-07-09,256,29876827324,13.411,,
climb,하은게이,b01009e86b92c31cf6bcdd624a86dae7,2026-07-10,256,29876827324,13.411,,
climb,하은게이,b01009e86b92c31cf6bcdd624a86dae7,2026-07-11,256,29876827324,13.411,,
climb,하은게이,b01009e86b92c31cf6bcdd624a86dae7,2026-07-12,256,29876827324,13.411,848396,
climb,하은게이,b01009e86b92c31cf6bcdd624a86dae7,2026-07-13,256,29876827324,13.411,,
climb,하은게이,b01009e86b92c31cf6bcdd624a86dae7,2026-07-14,256,29876827324,13.411,,
climb,하은게이,b01009e86b92c31cf6bcdd624a86dae7,2026-07-15,256,29876827324,13.411,,
climb,하은게이,b01009e86b92c31cf6bcdd624a86dae7,2026-07-16,256,29876827324,13.411,,
climb,하은게이,b01009e86b92c31cf6bcdd624a86dae7,2026-07-17,256,29876827324,13.411,,
climb,하은게이,b01009e86b92c31cf6bcdd624a86dae7,2026-07-18,256,29876827324,13.411,,
climb,하은게이,b01009e86b92c31cf6bcdd624a86dae7,2026-07-19,256,29876827324,13.411,,
climb,하은게이,b01009e86b92c31cf6bcdd624a86dae7,2026-07-20,256,29876827324,13.411,848396,
climb,하은게이,b01009e86b92c31cf6bcdd624a86dae7,2026-07-21,256,29876827324,13.411,,
climb,하은게이,b01009e86b92c31cf6bcdd624a86dae7,2026-07-22,256,29876827324,13.411,,
climb,탄뇽,c85feb124b45bf112ebd638ad53f16f6,2026-06-18,256,34253225314,15.375,3453485,
climb,탄뇽,c85feb124b45bf112ebd638ad53f16f6,2026-06-19,256,34253225314,15.375,,
climb,탄뇽,c85feb124b45bf112ebd638ad53f16f6,2026-06-20,256,34253225314,15.375,,
climb,탄뇽,c85feb124b45bf112ebd638ad53f16f6,2026-06-21,256,34253225314,15.375,,
climb,탄뇽,c85feb124b45bf112ebd638ad53f16f6,2026-06-22,256,34253225314,15.375,,
climb,탄뇽,c85feb124b45bf112ebd638ad53f16f6,2026-06-23,256,34253225314,15.375,,
climb,탄뇽,c85feb124b45bf112ebd638ad53f16f6,2026-06-24,256,34253225314,15.375,,
climb,탄뇽,c85feb124b45bf112ebd638ad53f16f6,2026-06-25,256,34253225314,15.375,,
climb,탄뇽,c85feb124b45bf112ebd638ad53f16f6,2026-06-26,256,34253225314,15.375,3453485,
climb,탄뇽,c85feb124b45bf112ebd638ad53f16f6,2026-06-27,256,34253225314,15.375,,
climb,탄뇽,c85feb124b45bf112ebd638ad53f16f6,2026-06-28,256,34253225314,15.375,,
climb,탄뇽,c85feb124b45bf112ebd638ad53f16f6,2026-06-29,256,34253225314,15.375,,
climb,탄뇽,c85feb124b45bf112ebd638ad53f16f6,2026-06-30,256,124062795312,55.687,,
climb,탄뇽,c85feb124b45bf112ebd638ad53f16f6,2026-07-01,256,218183915951,97.934,,
climb,탄뇽,c85feb124b45bf112ebd638ad53f16f6,2026-07-02,257,122264771670,53.281,,
climb,탄뇽,c85feb124b45bf112ebd638ad53f16f6,2026-07-03,258,20331808273,8.602,,
climb,탄뇽,c85feb124b45bf112ebd638ad53f16f6,2026-07-04,258,147544474015,62.425,3403762,
climb,탄뇽,c85feb124b45bf112ebd638ad53f16f6,2026-07-05,259,220413426170,90.540,,
climb,탄뇽,c85feb124b45bf112ebd638ad53f16f6,2026-07-06,259,220413426170,90.540,,
climb,탄뇽,c85feb124b45bf112ebd638ad53f16f6,2026-07-07,260,27670409941,1.598,,
climb,탄뇽,c85feb124b45bf112ebd638ad53f16f6,2026-07-08,260,27670409941,1.598,,
climb,탄뇽,c85feb124b45bf112ebd638ad53f16f6,2026-07-09,260,27670409941,1.598,,
climb,탄뇽,c85feb124b45bf112ebd638ad53f16f6,2026-07-10,260,27670409941,1.598,,
climb,탄뇽,c85feb124b45bf112ebd638ad53f16f6,2026-07-11,260,27670409941,1.598,,
climb,탄뇽,c85feb124b45bf112ebd638ad53f16f6,2026-07-12,260,27670409941,1.598,3690526,
climb,탄뇽,c85feb124b45bf112ebd638ad53f16f6,2026-07-13,260,27670409941,1.598,,
climb,탄뇽,c85feb124b45bf112ebd638ad53f16f6,2026-07-14,260,27670409941,1.598,,
climb,탄뇽,c85feb124b45bf112ebd638ad53f16f6,2026-07-15,260,27670409941,1.598,,
climb,탄뇽,c85feb124b45bf112ebd638ad53f16f6,2026-07-16,260,27670409941,1.598,,
climb,탄뇽,c85feb124b45bf112ebd638ad53f16f6,2026-07-17,260,27670409941,1.598,,
climb,탄뇽,c85feb124b45bf112ebd638ad53f16f6,2026-07-18,260,27670409941,1.598,,
climb,탄뇽,c85feb124b45bf112ebd638ad53f16f6,2026-07-19,260,27670409941,1.598,,
climb,탄뇽,c85feb124b45bf112ebd638ad53f16f6,2026-07-20,260,27670409941,1.598,3690526,
climb,탄뇽,c85feb124b45bf112ebd638ad53f16f6,2026-07-21,260,27670409941,1.598,,
climb,탄뇽,c85feb124b45bf112ebd638ad53f16f6,2026-07-22,260,27670409941,1.598,,
climb,입속가득,aa00da4e2dc2753d437bc09b0afc3181,2026-06-18,256,84225225001,37.805,0,
climb,입속가득,aa00da4e2dc2753d437bc09b0afc3181,2026-06-19,256,84225225001,37.805,,
climb,입속가득,aa00da4e2dc2753d437bc09b0afc3181,2026-06-20,256,84225225001,37.805,,
climb,입속가득,aa00da4e2dc2753d437bc09b0afc3181,2026-06-21,256,84225225001,37.805,,
climb,입속가득,aa00da4e2dc2753d437bc09b0afc3181,2026-06-22,256,84225225001,37.805,,
climb,입속가득,aa00da4e2dc2753d437bc09b0afc3181,2026-06-23,256,84225225001,37.805,,
climb,입속가득,aa00da4e2dc2753d437bc09b0afc3181,2026-06-24,256,84225225001,37.805,,
climb,입속가득,aa00da4e2dc2753d437bc09b0afc3181,2026-06-25,256,84225225001,37.805,,
climb,입속가득,aa00da4e2dc2753d437bc09b0afc3181,2026-06-26,256,84225225001,37.805,0,
climb,입속가득,aa00da4e2dc2753d437bc09b0afc3181,2026-06-27,256,84225225001,37.805,,
climb,입속가득,aa00da4e2dc2753d437bc09b0afc3181,2026-06-28,256,84225225001,37.805,,
climb,입속가득,aa00da4e2dc2753d437bc09b0afc3181,2026-06-29,256,84225225001,37.805,,
climb,입속가득,aa00da4e2dc2753d437bc09b0afc3181,2026-06-30,256,84225225001,37.805,,
climb,입속가득,aa00da4e2dc2753d437bc09b0afc3181,2026-07-01,256,84225225001,37.805,,
climb,입속가득,aa00da4e2dc2753d437bc09b0afc3181,2026-07-02,256,84225225001,37.805,,
climb,입속가득,aa00da4e2dc2753d437bc09b0afc3181,2026-07-03,256,84225225001,37.805,,
climb,입속가득,aa00da4e2dc2753d437bc09b0afc3181,2026-07-04,256,84225225001,37.805,0,
climb,입속가득,aa00da4e2dc2753d437bc09b0afc3181,2026-07-05,256,84225225001,37.805,,
climb,입속가득,aa00da4e2dc2753d437bc09b0afc3181,2026-07-06,256,84225225001,37.805,,
climb,입속가득,aa00da4e2dc2753d437bc09b0afc3181,2026-07-07,256,84225225001,37.805,,
climb,입속가득,aa00da4e2dc2753d437bc09b0afc3181,2026-07-08,256,84225225001,37.805,,
climb,입속가득,aa00da4e2dc2753d437bc09b0afc3181,2026-07-09,256,84225225001,37.805,,
climb,입속가득,aa00da4e2dc2753d437bc09b0afc3181,2026-07-10,256,84225225001,37.805,,
climb,입속가득,aa00da4e2dc2753d437bc09b0afc3181,2026-07-11,256,84225225001,37.805,,
climb,입속가득,aa00da4e2dc2753d437bc09b0afc3181,2026-07-12,256,84225225001,37.805,0,
climb,입속가득,aa00da4e2dc2753d437bc09b0afc3181,2026-07-13,256,84225225001,37.805,,
climb,입속가득,aa00da4e2dc2753d437bc09b0afc3181,2026-07-14,256,84225225001,37.805,,
climb,입속가득,aa00da4e2dc2753d437bc09b0afc3181,2026-07-15,256,84225225001,37.805,,
climb,입속가득,aa00da4e2dc2753d437bc09b0afc3181,2026-07-16,256,84225225001,37.805,,
climb,입속가득,aa00da4e2dc2753d437bc09b0afc3181,2026-07-17,256,84225225001,37.805,,
climb,입속가득,aa00da4e2dc2753d437bc09b0afc3181,2026-07-18,256,84225225001,37.805,,
climb,입속가득,aa00da4e2dc2753d437bc09b0afc3181,2026-07-19,256,84225225001,37.805,,
climb,입속가득,aa00da4e2dc2753d437bc09b0afc3181,2026-07-20,256,84225225001,37.805,0,
climb,입속가득,aa00da4e2dc2753d437bc09b0afc3181,2026-07-21,256,84225225001,37.805,,
climb,입속가득,aa00da4e2dc2753d437bc09b0afc3181,2026-07-22,256,84225225001,37.805,,
climb,어둠마력대현,62f1f6acbc1eefeb0e52cf47bea89c6be85e07f9d5d276f44440847eec04ba68,2026-06-18,256,33758046712,15.153,2087314,
climb,어둠마력대현,62f1f6acbc1eefeb0e52cf47bea89c6be85e07f9d5d276f44440847eec04ba68,2026-06-19,256,33758046712,15.153,,
climb,어둠마력대현,62f1f6acbc1eefeb0e52cf47bea89c6be85e07f9d5d276f44440847eec04ba68,2026-06-20,256,33758046712,15.153,,
climb,어둠마력대현,62f1f6acbc1eefeb0e52cf47bea89c6be85e07f9d5d276f44440847eec04ba68,2026-06-21,256,33758046712,15.153,,
climb,어둠마력대현,62f1f6acbc1eefeb0e52cf47bea89c6be85e07f9d5d276f44440847eec04ba68,2026-06-22,256,33758046712,15.153,,
climb,어둠마력대현,62f1f6acbc1eefeb0e52cf47bea89c6be85e07f9d5d276f44440847eec04ba68,2026-06-23,256,33828976329,15.185,,
climb,어둠마력대현,62f1f6acbc1eefeb0e52cf47bea89c6be85e07f9d5d276f44440847eec04ba68,2026-06-24,256,33828976329,15.185,,
climb,어둠마력대현,62f1f6acbc1eefeb0e52cf47bea89c6be85e07f9d5d276f44440847eec04ba68,2026-06-25,256,33828976329,15.185,,
climb,어둠마력대현,62f1f6acbc1eefeb0e52cf47bea89c6be85e07f9d5d276f44440847eec04ba68,2026-06-26,256,33828976329,15.185,1834206,
climb,어둠마력대현,62f1f6acbc1eefeb0e52cf47bea89c6be85e07f9d5d276f44440847eec04ba68,2026-06-27,256,33828976329,15.185,,
climb,어둠마력대현,62f1f6acbc1eefeb0e52cf47bea89c6be85e07f9d5d276f44440847eec04ba68,2026-06-28,256,33828976329,15.185,,
climb,어둠마력대현,62f1f6acbc1eefeb0e52cf47bea89c6be85e07f9d5d276f44440847eec04ba68,2026-06-29,256,33828976329,15.185,,
climb,어둠마력대현,62f1f6acbc1eefeb0e52cf47bea89c6be85e07f9d5d276f44440847eec04ba68,2026-06-30,256,33828976329,15.185,,
climb,어둠마력대현,62f1f6acbc1eefeb0e52cf47bea89c6be85e07f9d5d276f44440847eec04ba68,2026-07-01,256,33828976329,15.185,,
climb,어둠마력대현,62f1f6acbc1eefeb0e52cf47bea89c6be85e07f9d5d276f44440847eec04ba68,2026-07-02,256,33828976329,15.185,,
climb,어둠마력대현,62f1f6acbc1eefeb0e52cf47bea89c6be85e07f9d5d276f44440847eec04ba68,2026-07-03,256,33828976329,15.185,,
climb,어둠마력대현,62f1f6acbc1eefeb0e52cf47bea89c6be85e07f9d5d276f44440847eec04ba68,2026-07-04,256,33828976329,15.185,1649885,
climb,어둠마력대현,62f1f6acbc1eefeb0e52cf47bea89c6be85e07f9d5d276f44440847eec04ba68,2026-07-05,256,33828976329,15.185,,
climb,어둠마력대현,62f1f6acbc1eefeb0e52cf47bea89c6be85e07f9d5d276f44440847eec04ba68,2026-07-06,256,33895379280,15.214,,
climb,어둠마력대현,62f1f6acbc1eefeb0e52cf47bea89c6be85e07f9d5d276f44440847eec04ba68,2026-07-07,256,33895379280,15.214,,
climb,어둠마력대현,62f1f6acbc1eefeb0e52cf47bea89c6be85e07f9d5d276f44440847eec04ba68,2026-07-08,256,33895379280,15.214,,
climb,어둠마력대현,62f1f6acbc1eefeb0e52cf47bea89c6be85e07f9d5d276f44440847eec04ba68,2026-07-09,256,33895379280,15.214,,
climb,어둠마력대현,62f1f6acbc1eefeb0e52cf47bea89c6be85e07f9d5d276f44440847eec04ba68,2026-07-10,256,33895379280,15.214,,
climb,어둠마력대현,62f1f6acbc1eefeb0e52cf47bea89c6be85e07f9d5d276f44440847eec04ba68,2026-07-11,256,33895379280,15.214,,
climb,어둠마력대현,62f1f6acbc1eefeb0e52cf47bea89c6be85e07f9d5d276f44440847eec04ba68,2026-07-12,256,33961784995,15.244,1851827,
climb,어둠마력대현,62f1f6acbc1eefeb0e52cf47bea89c6be85e07f9d5d276f44440847eec04ba68,2026-07-13,256,33961784995,15.244,,
climb,어둠마력대현,62f1f6acbc1eefeb0e52cf47bea89c6be85e07f9d5d276f44440847eec04ba68,2026-07-14,256,33961784995,15.244,,
climb,어둠마력대현,62f1f6acbc1eefeb0e52cf47bea89c6be85e07f9d5d276f44440847eec04ba68,2026-07-15,256,33961784995,15.244,,
climb,어둠마력대현,62f1f6acbc1eefeb0e52cf47bea89c6be85e07f9d5d276f44440847eec04ba68,2026-07-16,256,33961784995,15.244,,
climb,어둠마력대현,62f1f6acbc1eefeb0e52cf47bea89c6be85e07f9d5d276f44440847eec04ba68,2026-07-17,256,33961784995,15.244,,
climb,어둠마력대현,62f1f6acbc1eefeb0e52cf47bea89c6be85e07f9d5d276f44440847eec04ba68,2026-07-18,256,33961784995,15.244,,
climb,어둠마력대현,62f1f6acbc1eefeb0e52cf47bea89c6be85e07f9d5d276f44440847eec04ba68,2026-07-19,256,33961784995,15.244,,
climb,어둠마력대현,62f1f6acbc1eefeb0e52cf47bea89c6be85e07f9d5d276f44440847eec04ba68,2026-07-20,256,33961784995,15.244,1843629,
climb,어둠마력대현,62f1f6acbc1eefeb0e52cf47bea89c6be85e07f9d5d276f44440847eec04ba68,2026-07-21,256,33961784995,15.244,,
climb,어둠마력대현,62f1f6acbc1eefeb0e52cf47bea89c6be85e07f9d5d276f44440847eec04ba68,2026-07-22,256,33961784995,15.244,,
climb,귀요미셋하,802295633e902cdffa3c864525226e93,2026-06-18,256,85591635007,38.419,304055,
climb,귀요미셋하,802295633e902cdffa3c864525226e93,2026-06-19,256,85591635007,38.419,,
climb,귀요미셋하,802295633e902cdffa3c864525226e93,2026-06-20,256,85591635007,38.419,,
climb,귀요미셋하,802295633e902cdffa3c864525226e93,2026-06-21,256,85591635007,38.419,,
climb,귀요미셋하,802295633e902cdffa3c864525226e93,2026-06-22,256,85591635007,38.419,,
climb,귀요미셋하,802295633e902cdffa3c864525226e93,2026-06-23,256,85591635007,38.419,,
climb,귀요미셋하,802295633e902cdffa3c864525226e93,2026-06-24,256,85591635007,38.419,,
climb,귀요미셋하,802295633e902cdffa3c864525226e93,2026-06-25,256,85591635007,38.419,,
climb,귀요미셋하,802295633e902cdffa3c864525226e93,2026-06-26,256,85591635007,38.419,304055,
climb,귀요미셋하,802295633e902cdffa3c864525226e93,2026-06-27,256,85591635007,38.419,,
climb,귀요미셋하,802295633e902cdffa3c864525226e93,2026-06-28,256,85591635007,38.419,,
climb,귀요미셋하,802295633e902cdffa3c864525226e93,2026-06-29,256,85591635007,38.419,,
climb,귀요미셋하,802295633e902cdffa3c864525226e93,2026-06-30,256,85591635007,38.419,,
climb,귀요미셋하,802295633e902cdffa3c864525226e93,2026-07-01,256,85591635007,38.419,,
climb,귀요미셋하,802295633e902cdffa3c864525226e93,2026-07-02,256,85591635007,38.419,,
climb,귀요미셋하,802295633e902cdffa3c864525226e93,2026-07-03,256,85591635007,38.419,,
climb,귀요미셋하,802295633e902cdffa3c864525226e93,2026-07-04,256,85591635007,38.419,304055,
climb,귀요미셋하,802295633e902cdffa3c864525226e93,2026-07-05,256,85591635007,38.419,,
climb,귀요미셋하,802295633e902cdffa3c864525226e93,2026-07-06,256,85591635007,38.419,,
climb,귀요미셋하,802295633e902cdffa3c864525226e93,2026-07-07,256,85591635007,38.419,,
climb,귀요미셋하,802295633e902cdffa3c864525226e93,2026-07-08,256,85591635007,38.419,,
climb,귀요미셋하,802295633e902cdffa3c864525226e93,2026-07-09,256,85591635007,38.419,,
climb,귀요미셋하,802295633e902cdffa3c864525226e93,2026-07-10,256,85591635007,38.419,,
climb,귀요미셋하,802295633e902cdffa3c864525226e93,2026-07-11,256,85591635007,38.419,,
climb,귀요미셋하,802295633e902cdffa3c864525226e93,2026-07-12,256,85591635007,38.419,304055,
climb,귀요미셋하,802295633e902cdffa3c864525226e93,2026-07-13,256,85591635007,38.419,,
climb,귀요미셋하,802295633e902cdffa3c864525226e93,2026-07-14,256,85591635007,38.419,,
climb,귀요미셋하,802295633e902cdffa3c864525226e93,2026-07-15,256,85591635007,38.419,,
climb,귀요미셋하,802295633e902cdffa3c864525226e93,2026-07-16,256,85591635007,38.419,,
climb,귀요미셋하,802295633e902cdffa3c864525226e93,2026-07-17,256,85591635007,38.419,,
climb,귀요미셋하,802295633e902cdffa3c864525226e93,2026-07-18,256,85591635007,38.419,,
climb,귀요미셋하,802295633e902cdffa3c864525226e93,2026-07-19,256,85591635007,38.419,,
climb,귀요미셋하,802295633e902cdffa3c864525226e93,2026-07-20,256,85591635007,38.419,304055,
climb,귀요미셋하,802295633e902cdffa3c864525226e93,2026-07-21,256,85591635007,38.419,,
climb,귀요미셋하,802295633e902cdffa3c864525226e93,2026-07-22,256,85591635007,38.419,,
climb,제론수하루미,61668637c76b2fee59cf483e22c11dd9,2026-06-18,256,36574454772,16.417,729627,
climb,제론수하루미,61668637c76b2fee59cf483e22c11dd9,2026-06-19,256,36574454772,16.417,,
climb,제론수하루미,61668637c76b2fee59cf483e22c11dd9,2026-06-20,256,36574454772,16.417,,
climb,제론수하루미,61668637c76b2fee59cf483e22c11dd9,2026-06-21,256,64659284477,29.023,,
climb,제론수하루미,61668637c76b2fee59cf483e22c11dd9,2026-06-22,256,134421625296,60.337,,
climb,제론수하루미,61668637c76b2fee59cf483e22c11dd9,2026-06-23,256,203786666524,91.472,,
climb,제론수하루미,61668637c76b2fee59cf483e22c11dd9,2026-06-24,257,12142570633,5.292,,
climb,제론수하루미,61668637c76b2fee59cf483e22c11dd9,2026-06-25,257,100374744289,43.742,,
climb,제론수하루미,61668637c76b2fee59cf483e22c11dd9,2026-06-26,257,100374744289,43.742,614440,
climb,제론수하루미,61668637c76b2fee59cf483e22c11dd9,2026-06-27,257,100374744289,43.742,,
climb,제론수하루미,61668637c76b2fee59cf483e22c11dd9,2026-06-28,257,100382137789,43.745,,
climb,제론수하루미,61668637c76b2fee59cf483e22c11dd9,2026-06-29,257,125003873654,54.475,,
climb,제론수하루미,61668637c76b2fee59cf483e22c11dd9,2026-06-30,257,125003873654,54.475,,
climb,제론수하루미,61668637c76b2fee59cf483e22c11dd9,2026-07-01,257,125003873654,54.475,,
climb,제론수하루미,61668637c76b2fee59cf483e22c11dd9,2026-07-02,257,190854032576,83.172,,
climb,제론수하루미,61668637c76b2fee59cf483e22c11dd9,2026-07-03,257,225451384578,98.249,,
climb,제론수하루미,61668637c76b2fee59cf483e22c11dd9,2026-07-04,258,30657774698,12.971,563023,
climb,제론수하루미,61668637c76b2fee59cf483e22c11dd9,2026-07-05,258,30681495341,12.981,,
climb,제론수하루미,61668637c76b2fee59cf483e22c11dd9,2026-07-06,258,30688888841,12.984,,
climb,제론수하루미,61668637c76b2fee59cf483e22c11dd9,2026-07-07,258,30688888841,12.984,,
climb,제론수하루미,61668637c76b2fee59cf483e22c11dd9,2026-07-08,258,30688888841,12.984,,
climb,제론수하루미,61668637c76b2fee59cf483e22c11dd9,2026-07-09,258,30688888841,12.984,,
climb,제론수하루미,61668637c76b2fee59cf483e22c11dd9,2026-07-10,258,30688888841,12.984,,
climb,제론수하루미,61668637c76b2fee59cf483e22c11dd9,2026-07-11,258,30688888841,12.984,,
climb,제론수하루미,61668637c76b2fee59cf483e22c11dd9,2026-07-12,258,30698004050,12.988,563367,
climb,제론수하루미,61668637c76b2fee59cf483e22c11dd9,2026-07-13,258,30698004050,12.988,,
climb,제론수하루미,61668637c76b2fee59cf483e22c11dd9,2026-07-14,258,30722737623,12.999,,
climb,제론수하루미,61668637c76b2fee59cf483e22c11dd9,2026-07-15,258,65206084518,27.588,,
climb,제론수하루미,61668637c76b2fee59cf483e22c11dd9,2026-07-16,258,147860123608,62.559,,
climb,제론수하루미,61668637c76b2fee59cf483e22c11dd9,2026-07-17,258,223370258998,94.507,,
climb,제론수하루미,61668637c76b2fee59cf483e22c11dd9,2026-07-18,258,223377652498,94.510,,
climb,제론수하루미,61668637c76b2fee59cf483e22c11dd9,2026-07-19,259,115531213193,47.457,,
climb,제론수하루미,61668637c76b2fee59cf483e22c11dd9,2026-07-20,259,115543357433,47.462,517708,
climb,제론수하루미,61668637c76b2fee59cf483e22c11dd9,2026-07-21,259,215567869372,88.549,,
climb,제론수하루미,61668637c76b2fee59cf483e22c11dd9,2026-07-22,260,519579980410,30.000,,
climb,주스탯힘라라,bed7cfc5d2569530fcdf479f3a8f4419,2026-06-18,256,75841538496,34.042,554475,
climb,주스탯힘라라,bed7cfc5d2569530fcdf479f3a8f4419,2026-06-19,256,75841538496,34.042,,
climb,주스탯힘라라,bed7cfc5d2569530fcdf479f3a8f4419,2026-06-20,256,75841538496,34.042,,
climb,주스탯힘라라,bed7cfc5d2569530fcdf479f3a8f4419,2026-06-21,256,75841538496,34.042,,
climb,주스탯힘라라,bed7cfc5d2569530fcdf479f3a8f4419,2026-06-22,256,75841538496,34.042,,
climb,주스탯힘라라,bed7cfc5d2569530fcdf479f3a8f4419,2026-06-23,256,75841538496,34.042,,
climb,주스탯힘라라,bed7cfc5d2569530fcdf479f3a8f4419,2026-06-24,256,75841538496,34.042,,
climb,주스탯힘라라,bed7cfc5d2569530fcdf479f3a8f4419,2026-06-25,256,75841538496,34.042,,
climb,주스탯힘라라,bed7cfc5d2569530fcdf479f3a8f4419,2026-06-26,256,75841538496,34.042,554475,
climb,주스탯힘라라,bed7cfc5d2569530fcdf479f3a8f4419,2026-06-27,256,75841538496,34.042,,
climb,주스탯힘라라,bed7cfc5d2569530fcdf479f3a8f4419,2026-06-28,256,75841538496,34.042,,
climb,주스탯힘라라,bed7cfc5d2569530fcdf479f3a8f4419,2026-06-29,256,75841538496,34.042,,
climb,주스탯힘라라,bed7cfc5d2569530fcdf479f3a8f4419,2026-06-30,256,75841538496,34.042,,
climb,주스탯힘라라,bed7cfc5d2569530fcdf479f3a8f4419,2026-07-01,256,75841538496,34.042,,
climb,주스탯힘라라,bed7cfc5d2569530fcdf479f3a8f4419,2026-07-02,256,75841538496,34.042,,
climb,주스탯힘라라,bed7cfc5d2569530fcdf479f3a8f4419,2026-07-03,256,75841538496,34.042,,
climb,주스탯힘라라,bed7cfc5d2569530fcdf479f3a8f4419,2026-07-04,256,75841538496,34.042,554475,
climb,주스탯힘라라,bed7cfc5d2569530fcdf479f3a8f4419,2026-07-05,256,75841538496,34.042,,
climb,주스탯힘라라,bed7cfc5d2569530fcdf479f3a8f4419,2026-07-06,256,75841538496,34.042,,
climb,주스탯힘라라,bed7cfc5d2569530fcdf479f3a8f4419,2026-07-07,256,75841538496,34.042,,
climb,주스탯힘라라,bed7cfc5d2569530fcdf479f3a8f4419,2026-07-08,256,75841538496,34.042,,
climb,주스탯힘라라,bed7cfc5d2569530fcdf479f3a8f4419,2026-07-09,256,75841538496,34.042,,
climb,주스탯힘라라,bed7cfc5d2569530fcdf479f3a8f4419,2026-07-10,256,75841538496,34.042,,
climb,주스탯힘라라,bed7cfc5d2569530fcdf479f3a8f4419,2026-07-11,256,75841538496,34.042,,
climb,주스탯힘라라,bed7cfc5d2569530fcdf479f3a8f4419,2026-07-12,256,75841538496,34.042,554475,
climb,주스탯힘라라,bed7cfc5d2569530fcdf479f3a8f4419,2026-07-13,256,75841538496,34.042,,
climb,주스탯힘라라,bed7cfc5d2569530fcdf479f3a8f4419,2026-07-14,256,75841538496,34.042,,
climb,주스탯힘라라,bed7cfc5d2569530fcdf479f3a8f4419,2026-07-15,256,75841538496,34.042,,
climb,주스탯힘라라,bed7cfc5d2569530fcdf479f3a8f4419,2026-07-16,256,75841538496,34.042,,
climb,주스탯힘라라,bed7cfc5d2569530fcdf479f3a8f4419,2026-07-17,256,75841538496,34.042,,
climb,주스탯힘라라,bed7cfc5d2569530fcdf479f3a8f4419,2026-07-18,256,75841538496,34.042,,
climb,주스탯힘라라,bed7cfc5d2569530fcdf479f3a8f4419,2026-07-19,256,75841538496,34.042,,
climb,주스탯힘라라,bed7cfc5d2569530fcdf479f3a8f4419,2026-07-20,256,75841538496,34.042,554475,
climb,주스탯힘라라,bed7cfc5d2569530fcdf479f3a8f4419,2026-07-21,256,75841538496,34.042,,
climb,주스탯힘라라,bed7cfc5d2569530fcdf479f3a8f4419,2026-07-22,256,75841538496,34.042,,
climb,인버터해동,6ff07b813a897b3b3a0eda6c01aaeb4e,2026-06-18,256,70917903407,31.832,2188017,
climb,인버터해동,6ff07b813a897b3b3a0eda6c01aaeb4e,2026-06-19,256,70917903407,31.832,,
climb,인버터해동,6ff07b813a897b3b3a0eda6c01aaeb4e,2026-06-20,256,70917903407,31.832,,
climb,인버터해동,6ff07b813a897b3b3a0eda6c01aaeb4e,2026-06-21,256,70917903407,31.832,,
climb,인버터해동,6ff07b813a897b3b3a0eda6c01aaeb4e,2026-06-22,256,70917903407,31.832,,
climb,인버터해동,6ff07b813a897b3b3a0eda6c01aaeb4e,2026-06-23,256,70917903407,31.832,,
climb,인버터해동,6ff07b813a897b3b3a0eda6c01aaeb4e,2026-06-24,256,70917903407,31.832,,
climb,인버터해동,6ff07b813a897b3b3a0eda6c01aaeb4e,2026-06-25,256,70917903407,31.832,,
climb,인버터해동,6ff07b813a897b3b3a0eda6c01aaeb4e,2026-06-26,256,70917903407,31.832,2188017,
climb,인버터해동,6ff07b813a897b3b3a0eda6c01aaeb4e,2026-06-27,256,70917903407,31.832,,
climb,인버터해동,6ff07b813a897b3b3a0eda6c01aaeb4e,2026-06-28,256,70917903407,31.832,,
climb,인버터해동,6ff07b813a897b3b3a0eda6c01aaeb4e,2026-06-29,256,70917903407,31.832,,
climb,인버터해동,6ff07b813a897b3b3a0eda6c01aaeb4e,2026-06-30,256,70917903407,31.832,,
climb,인버터해동,6ff07b813a897b3b3a0eda6c01aaeb4e,2026-07-01,256,70917903407,31.832,,
climb,인버터해동,6ff07b813a897b3b3a0eda6c01aaeb4e,2026-07-02,256,70917903407,31.832,,
climb,인버터해동,6ff07b813a897b3b3a0eda6c01aaeb4e,2026-07-03,256,70917903407,31.832,,
climb,인버터해동,6ff07b813a897b3b3a0eda6c01aaeb4e,2026-07-04,256,70917903407,31.832,2188017,
climb,인버터해동,6ff07b813a897b3b3a0eda6c01aaeb4e,2026-07-05,256,70917903407,31.832,,
climb,인버터해동,6ff07b813a897b3b3a0eda6c01aaeb4e,2026-07-06,256,70917903407,31.832,,
climb,인버터해동,6ff07b813a897b3b3a0eda6c01aaeb4e,2026-07-07,256,70917903407,31.832,,
climb,인버터해동,6ff07b813a897b3b3a0eda6c01aaeb4e,2026-07-08,256,70917903407,31.832,,
climb,인버터해동,6ff07b813a897b3b3a0eda6c01aaeb4e,2026-07-09,256,70917903407,31.832,,
climb,인버터해동,6ff07b813a897b3b3a0eda6c01aaeb4e,2026-07-10,256,70917903407,31.832,,
climb,인버터해동,6ff07b813a897b3b3a0eda6c01aaeb4e,2026-07-11,256,70917903407,31.832,,
climb,인버터해동,6ff07b813a897b3b3a0eda6c01aaeb4e,2026-07-12,256,70917903407,31.832,2188017,
climb,인버터해동,6ff07b813a897b3b3a0eda6c01aaeb4e,2026-07-13,256,70917903407,31.832,,
climb,인버터해동,6ff07b813a897b3b3a0eda6c01aaeb4e,2026-07-14,256,70917903407,31.832,,
climb,인버터해동,6ff07b813a897b3b3a0eda6c01aaeb4e,2026-07-15,256,70917903407,31.832,,
climb,인버터해동,6ff07b813a897b3b3a0eda6c01aaeb4e,2026-07-16,256,70917903407,31.832,,
climb,인버터해동,6ff07b813a897b3b3a0eda6c01aaeb4e,2026-07-17,256,70917903407,31.832,,
climb,인버터해동,6ff07b813a897b3b3a0eda6c01aaeb4e,2026-07-18,256,70917903407,31.832,,
climb,인버터해동,6ff07b813a897b3b3a0eda6c01aaeb4e,2026-07-19,256,70917903407,31.832,,
climb,인버터해동,6ff07b813a897b3b3a0eda6c01aaeb4e,2026-07-20,256,70917903407,31.832,2188017,
climb,인버터해동,6ff07b813a897b3b3a0eda6c01aaeb4e,2026-07-21,256,70917903407,31.832,,
climb,인버터해동,6ff07b813a897b3b3a0eda6c01aaeb4e,2026-07-22,256,70917903407,31.832,,
climb,절벽배트,896b9db874ccf1947d0267dd171e4857efe8d04e6d233bd35cf2fabdeb93fb0d,2026-06-18,256,29837905440,13.393,1761757,
climb,절벽배트,896b9db874ccf1947d0267dd171e4857efe8d04e6d233bd35cf2fabdeb93fb0d,2026-06-19,256,29837905440,13.393,,
climb,절벽배트,896b9db874ccf1947d0267dd171e4857efe8d04e6d233bd35cf2fabdeb93fb0d,2026-06-20,256,29837905440,13.393,,
climb,절벽배트,896b9db874ccf1947d0267dd171e4857efe8d04e6d233bd35cf2fabdeb93fb0d,2026-06-21,256,29837905440,13.393,,
climb,절벽배트,896b9db874ccf1947d0267dd171e4857efe8d04e6d233bd35cf2fabdeb93fb0d,2026-06-22,256,29837905440,13.393,,
climb,절벽배트,896b9db874ccf1947d0267dd171e4857efe8d04e6d233bd35cf2fabdeb93fb0d,2026-06-23,256,29837905440,13.393,,
climb,절벽배트,896b9db874ccf1947d0267dd171e4857efe8d04e6d233bd35cf2fabdeb93fb0d,2026-06-24,256,29837905440,13.393,,
climb,절벽배트,896b9db874ccf1947d0267dd171e4857efe8d04e6d233bd35cf2fabdeb93fb0d,2026-06-25,256,29837905440,13.393,,
climb,절벽배트,896b9db874ccf1947d0267dd171e4857efe8d04e6d233bd35cf2fabdeb93fb0d,2026-06-26,256,29837905440,13.393,1761757,
climb,절벽배트,896b9db874ccf1947d0267dd171e4857efe8d04e6d233bd35cf2fabdeb93fb0d,2026-06-27,256,29837905440,13.393,,
climb,절벽배트,896b9db874ccf1947d0267dd171e4857efe8d04e6d233bd35cf2fabdeb93fb0d,2026-06-28,256,29837905440,13.393,,
climb,절벽배트,896b9db874ccf1947d0267dd171e4857efe8d04e6d233bd35cf2fabdeb93fb0d,2026-06-29,256,29837905440,13.393,,
climb,절벽배트,896b9db874ccf1947d0267dd171e4857efe8d04e6d233bd35cf2fabdeb93fb0d,2026-06-30,256,29837905440,13.393,,
climb,절벽배트,896b9db874ccf1947d0267dd171e4857efe8d04e6d233bd35cf2fabdeb93fb0d,2026-07-01,256,29837905440,13.393,,
climb,절벽배트,896b9db874ccf1947d0267dd171e4857efe8d04e6d233bd35cf2fabdeb93fb0d,2026-07-02,256,29837905440,13.393,,
climb,절벽배트,896b9db874ccf1947d0267dd171e4857efe8d04e6d233bd35cf2fabdeb93fb0d,2026-07-03,256,29837905440,13.393,,
climb,절벽배트,896b9db874ccf1947d0267dd171e4857efe8d04e6d233bd35cf2fabdeb93fb0d,2026-07-04,256,29837905440,13.393,1761757,
climb,절벽배트,896b9db874ccf1947d0267dd171e4857efe8d04e6d233bd35cf2fabdeb93fb0d,2026-07-05,256,29837905440,13.393,,
climb,절벽배트,896b9db874ccf1947d0267dd171e4857efe8d04e6d233bd35cf2fabdeb93fb0d,2026-07-06,256,29837905440,13.393,,
climb,절벽배트,896b9db874ccf1947d0267dd171e4857efe8d04e6d233bd35cf2fabdeb93fb0d,2026-07-07,256,29837905440,13.393,,
climb,절벽배트,896b9db874ccf1947d0267dd171e4857efe8d04e6d233bd35cf2fabdeb93fb0d,2026-07-08,256,29837905440,13.393,,
climb,절벽배트,896b9db874ccf1947d0267dd171e4857efe8d04e6d233bd35cf2fabdeb93fb0d,2026-07-09,256,29837905440,13.393,,
climb,절벽배트,896b9db874ccf1947d0267dd171e4857efe8d04e6d233bd35cf2fabdeb93fb0d,2026-07-10,256,29837905440,13.393,,
climb,절벽배트,896b9db874ccf1947d0267dd171e4857efe8d04e6d233bd35cf2fabdeb93fb0d,2026-07-11,256,29837905440,13.393,,
climb,절벽배트,896b9db874ccf1947d0267dd171e4857efe8d04e6d233bd35cf2fabdeb93fb0d,2026-07-12,256,29837905440,13.393,1761757,
climb,절벽배트,896b9db874ccf1947d0267dd171e4857efe8d04e6d233bd35cf2fabdeb93fb0d,2026-07-13,256,29837905440,13.393,,
climb,절벽배트,896b9db874ccf1947d0267dd171e4857efe8d04e6d233bd35cf2fabdeb93fb0d,2026-07-14,256,29837905440,13.393,,
climb,절벽배트,896b9db874ccf1947d0267dd171e4857efe8d04e6d233bd35cf2fabdeb93fb0d,2026-07-15,256,29837905440,13.393,,
climb,절벽배트,896b9db874ccf1947d0267dd171e4857efe8d04e6d233bd35cf2fabdeb93fb0d,2026-07-16,256,29837905440,13.393,,
climb,절벽배트,896b9db874ccf1947d0267dd171e4857efe8d04e6d233bd35cf2fabdeb93fb0d,2026-07-17,256,29837905440,13.393,,
climb,절벽배트,896b9db874ccf1947d0267dd171e4857efe8d04e6d233bd35cf2fabdeb93fb0d,2026-07-18,256,29837905440,13.393,,
climb,절벽배트,896b9db874ccf1947d0267dd171e4857efe8d04e6d233bd35cf2fabdeb93fb0d,2026-07-19,256,29837905440,13.393,,
climb,절벽배트,896b9db874ccf1947d0267dd171e4857efe8d04e6d233bd35cf2fabdeb93fb0d,2026-07-20,256,29837905440,13.393,1761757,
climb,절벽배트,896b9db874ccf1947d0267dd171e4857efe8d04e6d233bd35cf2fabdeb93fb0d,2026-07-21,256,29837905440,13.393,,
climb,절벽배트,896b9db874ccf1947d0267dd171e4857efe8d04e6d233bd35cf2fabdeb93fb0d,2026-07-22,256,29837905440,13.393,,
climb,김택쪽,39200c527c979d54ddc6bb1f5c10c2b53663933da92e7566c55104ec9ac2894d,2026-06-18,256,59555511725,26.732,1456772,
climb,김택쪽,39200c527c979d54ddc6bb1f5c10c2b53663933da92e7566c55104ec9ac2894d,2026-06-19,256,59555511725,26.732,,
climb,김택쪽,39200c527c979d54ddc6bb1f5c10c2b53663933da92e7566c55104ec9ac2894d,2026-06-20,256,59555511725,26.732,,
climb,김택쪽,39200c527c979d54ddc6bb1f5c10c2b53663933da92e7566c55104ec9ac2894d,2026-06-21,256,59555511725,26.732,,
climb,김택쪽,39200c527c979d54ddc6bb1f5c10c2b53663933da92e7566c55104ec9ac2894d,2026-06-22,256,59555511725,26.732,,
climb,김택쪽,39200c527c979d54ddc6bb1f5c10c2b53663933da92e7566c55104ec9ac2894d,2026-06-23,256,59555511725,26.732,,
climb,김택쪽,39200c527c979d54ddc6bb1f5c10c2b53663933da92e7566c55104ec9ac2894d,2026-06-24,256,59555511725,26.732,,
climb,김택쪽,39200c527c979d54ddc6bb1f5c10c2b53663933da92e7566c55104ec9ac2894d,2026-06-25,256,59555511725,26.732,,
climb,김택쪽,39200c527c979d54ddc6bb1f5c10c2b53663933da92e7566c55104ec9ac2894d,2026-06-26,256,59555511725,26.732,1456772,
climb,김택쪽,39200c527c979d54ddc6bb1f5c10c2b53663933da92e7566c55104ec9ac2894d,2026-06-27,256,59555511725,26.732,,
climb,김택쪽,39200c527c979d54ddc6bb1f5c10c2b53663933da92e7566c55104ec9ac2894d,2026-06-28,256,59555511725,26.732,,
climb,김택쪽,39200c527c979d54ddc6bb1f5c10c2b53663933da92e7566c55104ec9ac2894d,2026-06-29,256,59555511725,26.732,,
climb,김택쪽,39200c527c979d54ddc6bb1f5c10c2b53663933da92e7566c55104ec9ac2894d,2026-06-30,256,87236492180,39.157,,
climb,김택쪽,39200c527c979d54ddc6bb1f5c10c2b53663933da92e7566c55104ec9ac2894d,2026-07-01,256,114917472635,51.582,,
climb,김택쪽,39200c527c979d54ddc6bb1f5c10c2b53663933da92e7566c55104ec9ac2894d,2026-07-02,256,142598453090,64.007,,
climb,김택쪽,39200c527c979d54ddc6bb1f5c10c2b53663933da92e7566c55104ec9ac2894d,2026-07-03,256,170279433545,76.432,,
climb,김택쪽,39200c527c979d54ddc6bb1f5c10c2b53663933da92e7566c55104ec9ac2894d,2026-07-04,256,197960414000,88.857,1029045,
climb,김택쪽,39200c527c979d54ddc6bb1f5c10c2b53663933da92e7566c55104ec9ac2894d,2026-07-05,257,2855324966,1.244,,
climb,김택쪽,39200c527c979d54ddc6bb1f5c10c2b53663933da92e7566c55104ec9ac2894d,2026-07-06,257,30536305421,13.307,,
climb,김택쪽,39200c527c979d54ddc6bb1f5c10c2b53663933da92e7566c55104ec9ac2894d,2026-07-07,257,58217285876,25.370,,
climb,김택쪽,39200c527c979d54ddc6bb1f5c10c2b53663933da92e7566c55104ec9ac2894d,2026-07-08,257,85898266331,37.433,,
climb,김택쪽,39200c527c979d54ddc6bb1f5c10c2b53663933da92e7566c55104ec9ac2894d,2026-07-09,257,118110090740,51.471,,
climb,김택쪽,39200c527c979d54ddc6bb1f5c10c2b53663933da92e7566c55104ec9ac2894d,2026-07-10,257,150321915149,65.508,,
climb,김택쪽,39200c527c979d54ddc6bb1f5c10c2b53663933da92e7566c55104ec9ac2894d,2026-07-11,257,182533739558,79.546,,
climb,김택쪽,39200c527c979d54ddc6bb1f5c10c2b53663933da92e7566c55104ec9ac2894d,2026-07-12,257,221832165335,96.672,1265453,
climb,김택쪽,39200c527c979d54ddc6bb1f5c10c2b53663933da92e7566c55104ec9ac2894d,2026-07-13,258,31660939539,13.396,,
climb,김택쪽,39200c527c979d54ddc6bb1f5c10c2b53663933da92e7566c55104ec9ac2894d,2026-07-14,258,72121120176,30.514,,
climb,김택쪽,39200c527c979d54ddc6bb1f5c10c2b53663933da92e7566c55104ec9ac2894d,2026-07-15,258,111419545953,47.141,,
climb,김택쪽,39200c527c979d54ddc6bb1f5c10c2b53663933da92e7566c55104ec9ac2894d,2026-07-16,258,152006444706,64.313,,
climb,김택쪽,39200c527c979d54ddc6bb1f5c10c2b53663933da92e7566c55104ec9ac2894d,2026-07-17,258,192593343459,81.485,,
climb,김택쪽,39200c527c979d54ddc6bb1f5c10c2b53663933da92e7566c55104ec9ac2894d,2026-07-18,258,233180242212,98.657,,
climb,김택쪽,39200c527c979d54ddc6bb1f5c10c2b53663933da92e7566c55104ec9ac2894d,2026-07-19,259,37413399845,15.368,,
climb,김택쪽,39200c527c979d54ddc6bb1f5c10c2b53663933da92e7566c55104ec9ac2894d,2026-07-20,259,37413399845,15.368,1283374,
climb,김택쪽,39200c527c979d54ddc6bb1f5c10c2b53663933da92e7566c55104ec9ac2894d,2026-07-21,259,79162053458,32.518,,
climb,김택쪽,39200c527c979d54ddc6bb1f5c10c2b53663933da92e7566c55104ec9ac2894d,2026-07-22,259,119748952211,49.189,,
climb,풀먹는여우,20cf46d2324f864cd22b2c7ee55e5efe,2026-06-18,256,35859453431,16.096,3580462,
climb,풀먹는여우,20cf46d2324f864cd22b2c7ee55e5efe,2026-06-19,256,35859453431,16.096,,
climb,풀먹는여우,20cf46d2324f864cd22b2c7ee55e5efe,2026-06-20,256,35859453431,16.096,,
climb,풀먹는여우,20cf46d2324f864cd22b2c7ee55e5efe,2026-06-21,256,35859453431,16.096,,
climb,풀먹는여우,20cf46d2324f864cd22b2c7ee55e5efe,2026-06-22,256,35859453431,16.096,,
climb,풀먹는여우,20cf46d2324f864cd22b2c7ee55e5efe,2026-06-23,256,35859453431,16.096,,
climb,풀먹는여우,20cf46d2324f864cd22b2c7ee55e5efe,2026-06-24,256,35859453431,16.096,,
climb,풀먹는여우,20cf46d2324f864cd22b2c7ee55e5efe,2026-06-25,256,35859453431,16.096,,
climb,풀먹는여우,20cf46d2324f864cd22b2c7ee55e5efe,2026-06-26,256,35859453431,16.096,3580462,
climb,풀먹는여우,20cf46d2324f864cd22b2c7ee55e5efe,2026-06-27,256,35859453431,16.096,,
climb,풀먹는여우,20cf46d2324f864cd22b2c7ee55e5efe,2026-06-28,256,35859453431,16.096,,
climb,풀먹는여우,20cf46d2324f864cd22b2c7ee55e5efe,2026-06-29,256,35859453431,16.096,,
climb,풀먹는여우,20cf46d2324f864cd22b2c7ee55e5efe,2026-06-30,256,35859453431,16.096,,
climb,풀먹는여우,20cf46d2324f864cd22b2c7ee55e5efe,2026-07-01,256,35859453431,16.096,,
climb,풀먹는여우,20cf46d2324f864cd22b2c7ee55e5efe,2026-07-02,256,35859453431,16.096,,
climb,풀먹는여우,20cf46d2324f864cd22b2c7ee55e5efe,2026-07-03,256,35859453431,16.096,,
climb,풀먹는여우,20cf46d2324f864cd22b2c7ee55e5efe,2026-07-04,256,35859453431,16.096,3580462,
climb,풀먹는여우,20cf46d2324f864cd22b2c7ee55e5efe,2026-07-05,256,35859453431,16.096,,
climb,풀먹는여우,20cf46d2324f864cd22b2c7ee55e5efe,2026-07-06,256,35859453431,16.096,,
climb,풀먹는여우,20cf46d2324f864cd22b2c7ee55e5efe,2026-07-07,256,35859453431,16.096,,
climb,풀먹는여우,20cf46d2324f864cd22b2c7ee55e5efe,2026-07-08,256,35859453431,16.096,,
climb,풀먹는여우,20cf46d2324f864cd22b2c7ee55e5efe,2026-07-09,256,35859453431,16.096,,
climb,풀먹는여우,20cf46d2324f864cd22b2c7ee55e5efe,2026-07-10,256,35859453431,16.096,,
climb,풀먹는여우,20cf46d2324f864cd22b2c7ee55e5efe,2026-07-11,256,35859453431,16.096,,
climb,풀먹는여우,20cf46d2324f864cd22b2c7ee55e5efe,2026-07-12,256,35859453431,16.096,3580462,
climb,풀먹는여우,20cf46d2324f864cd22b2c7ee55e5efe,2026-07-13,256,35859453431,16.096,,
climb,풀먹는여우,20cf46d2324f864cd22b2c7ee55e5efe,2026-07-14,256,35859453431,16.096,,
climb,풀먹는여우,20cf46d2324f864cd22b2c7ee55e5efe,2026-07-15,256,35859453431,16.096,,
climb,풀먹는여우,20cf46d2324f864cd22b2c7ee55e5efe,2026-07-16,256,35859453431,16.096,,
climb,풀먹는여우,20cf46d2324f864cd22b2c7ee55e5efe,2026-07-17,256,35859453431,16.096,,
climb,풀먹는여우,20cf46d2324f864cd22b2c7ee55e5efe,2026-07-18,256,35859453431,16.096,,
climb,풀먹는여우,20cf46d2324f864cd22b2c7ee55e5efe,2026-07-19,256,35859453431,16.096,,
climb,풀먹는여우,20cf46d2324f864cd22b2c7ee55e5efe,2026-07-20,256,35859453431,16.096,3580462,
climb,풀먹는여우,20cf46d2324f864cd22b2c7ee55e5efe,2026-07-21,256,35859453431,16.096,,
climb,풀먹는여우,20cf46d2324f864cd22b2c7ee55e5efe,2026-07-22,256,35859453431,16.096,,
climb,루덴로,a66bafc6440c99aa97497b3ff273e52befe8d04e6d233bd35cf2fabdeb93fb0d,2026-06-18,256,95715744315,42.963,6931039,
climb,루덴로,a66bafc6440c99aa97497b3ff273e52befe8d04e6d233bd35cf2fabdeb93fb0d,2026-06-19,256,95862233637,43.029,,
climb,루덴로,a66bafc6440c99aa97497b3ff273e52befe8d04e6d233bd35cf2fabdeb93fb0d,2026-06-20,256,95862233637,43.029,,
climb,루덴로,a66bafc6440c99aa97497b3ff273e52befe8d04e6d233bd35cf2fabdeb93fb0d,2026-06-21,256,95862233637,43.029,,
climb,루덴로,a66bafc6440c99aa97497b3ff273e52befe8d04e6d233bd35cf2fabdeb93fb0d,2026-06-22,256,95862233637,43.029,,
climb,루덴로,a66bafc6440c99aa97497b3ff273e52befe8d04e6d233bd35cf2fabdeb93fb0d,2026-06-23,256,95862233637,43.029,,
climb,루덴로,a66bafc6440c99aa97497b3ff273e52befe8d04e6d233bd35cf2fabdeb93fb0d,2026-06-24,256,95862233637,43.029,,
climb,루덴로,a66bafc6440c99aa97497b3ff273e52befe8d04e6d233bd35cf2fabdeb93fb0d,2026-06-25,256,95862233637,43.029,,
climb,루덴로,a66bafc6440c99aa97497b3ff273e52befe8d04e6d233bd35cf2fabdeb93fb0d,2026-06-26,256,95862233637,43.029,11739273,
climb,루덴로,a66bafc6440c99aa97497b3ff273e52befe8d04e6d233bd35cf2fabdeb93fb0d,2026-06-27,256,95862233637,43.029,,
climb,루덴로,a66bafc6440c99aa97497b3ff273e52befe8d04e6d233bd35cf2fabdeb93fb0d,2026-06-28,256,95862233637,43.029,,
climb,루덴로,a66bafc6440c99aa97497b3ff273e52befe8d04e6d233bd35cf2fabdeb93fb0d,2026-06-29,256,95862233637,43.029,,
climb,루덴로,a66bafc6440c99aa97497b3ff273e52befe8d04e6d233bd35cf2fabdeb93fb0d,2026-06-30,256,95862233637,43.029,,
climb,루덴로,a66bafc6440c99aa97497b3ff273e52befe8d04e6d233bd35cf2fabdeb93fb0d,2026-07-01,256,95998852434,43.090,,
climb,루덴로,a66bafc6440c99aa97497b3ff273e52befe8d04e6d233bd35cf2fabdeb93fb0d,2026-07-02,256,95998852434,43.090,,
climb,루덴로,a66bafc6440c99aa97497b3ff273e52befe8d04e6d233bd35cf2fabdeb93fb0d,2026-07-03,256,95998852434,43.090,,
climb,루덴로,a66bafc6440c99aa97497b3ff273e52befe8d04e6d233bd35cf2fabdeb93fb0d,2026-07-04,256,95998852434,43.090,7192341,
climb,루덴로,a66bafc6440c99aa97497b3ff273e52befe8d04e6d233bd35cf2fabdeb93fb0d,2026-07-05,256,96135990981,43.152,,
climb,루덴로,a66bafc6440c99aa97497b3ff273e52befe8d04e6d233bd35cf2fabdeb93fb0d,2026-07-06,256,96135990981,43.152,,
climb,루덴로,a66bafc6440c99aa97497b3ff273e52befe8d04e6d233bd35cf2fabdeb93fb0d,2026-07-07,256,96135990981,43.152,,
climb,루덴로,a66bafc6440c99aa97497b3ff273e52befe8d04e6d233bd35cf2fabdeb93fb0d,2026-07-08,256,96135990981,43.152,,
climb,루덴로,a66bafc6440c99aa97497b3ff273e52befe8d04e6d233bd35cf2fabdeb93fb0d,2026-07-09,256,96135990981,43.152,,
climb,루덴로,a66bafc6440c99aa97497b3ff273e52befe8d04e6d233bd35cf2fabdeb93fb0d,2026-07-10,256,96135990981,43.152,,
climb,루덴로,a66bafc6440c99aa97497b3ff273e52befe8d04e6d233bd35cf2fabdeb93fb0d,2026-07-11,256,96135990981,43.152,,
climb,루덴로,a66bafc6440c99aa97497b3ff273e52befe8d04e6d233bd35cf2fabdeb93fb0d,2026-07-12,256,96135990981,43.152,7192341,
climb,루덴로,a66bafc6440c99aa97497b3ff273e52befe8d04e6d233bd35cf2fabdeb93fb0d,2026-07-13,256,96135990981,43.152,,
climb,루덴로,a66bafc6440c99aa97497b3ff273e52befe8d04e6d233bd35cf2fabdeb93fb0d,2026-07-14,256,96135990981,43.152,,
climb,루덴로,a66bafc6440c99aa97497b3ff273e52befe8d04e6d233bd35cf2fabdeb93fb0d,2026-07-15,256,96272609778,43.213,,
climb,루덴로,a66bafc6440c99aa97497b3ff273e52befe8d04e6d233bd35cf2fabdeb93fb0d,2026-07-16,256,96272609778,43.213,,
climb,루덴로,a66bafc6440c99aa97497b3ff273e52befe8d04e6d233bd35cf2fabdeb93fb0d,2026-07-17,256,96272609778,43.213,,
climb,루덴로,a66bafc6440c99aa97497b3ff273e52befe8d04e6d233bd35cf2fabdeb93fb0d,2026-07-18,256,96272609778,43.213,,
climb,루덴로,a66bafc6440c99aa97497b3ff273e52befe8d04e6d233bd35cf2fabdeb93fb0d,2026-07-19,256,96272609778,43.213,,
climb,루덴로,a66bafc6440c99aa97497b3ff273e52befe8d04e6d233bd35cf2fabdeb93fb0d,2026-07-20,256,96272609778,43.213,6673662,
climb,루덴로,a66bafc6440c99aa97497b3ff273e52befe8d04e6d233bd35cf2fabdeb93fb0d,2026-07-21,256,96272609778,43.213,,
climb,루덴로,a66bafc6440c99aa97497b3ff273e52befe8d04e6d233bd35cf2fabdeb93fb0d,2026-07-22,256,96272609778,43.213,,
climb,용숨듀블,c3397347898c8445afa71f0a30912599efe8d04e6d233bd35cf2fabdeb93fb0d,2026-06-18,256,90672288085,40.699,9129544,
climb,용숨듀블,c3397347898c8445afa71f0a30912599efe8d04e6d233bd35cf2fabdeb93fb0d,2026-06-19,256,120088375974,53.903,,
climb,용숨듀블,c3397347898c8445afa71f0a30912599efe8d04e6d233bd35cf2fabdeb93fb0d,2026-06-20,256,149475961288,67.094,,
climb,용숨듀블,c3397347898c8445afa71f0a30912599efe8d04e6d233bd35cf2fabdeb93fb0d,2026-06-21,256,205555460057,92.266,,
climb,용숨듀블,c3397347898c8445afa71f0a30912599efe8d04e6d233bd35cf2fabdeb93fb0d,2026-06-22,257,32115046440,13.995,,
climb,용숨듀블,c3397347898c8445afa71f0a30912599efe8d04e6d233bd35cf2fabdeb93fb0d,2026-06-23,257,81405237117,35.475,,
climb,용숨듀블,c3397347898c8445afa71f0a30912599efe8d04e6d233bd35cf2fabdeb93fb0d,2026-06-24,257,130494460584,56.868,,
climb,용숨듀블,c3397347898c8445afa71f0a30912599efe8d04e6d233bd35cf2fabdeb93fb0d,2026-06-25,257,163592178169,71.291,,
climb,용숨듀블,c3397347898c8445afa71f0a30912599efe8d04e6d233bd35cf2fabdeb93fb0d,2026-06-26,257,203115319486,88.515,8242041,
climb,용숨듀블,c3397347898c8445afa71f0a30912599efe8d04e6d233bd35cf2fabdeb93fb0d,2026-06-27,258,14107644283,5.969,,
climb,용숨듀블,c3397347898c8445afa71f0a30912599efe8d04e6d233bd35cf2fabdeb93fb0d,2026-06-28,258,49328673664,20.871,,
climb,용숨듀블,c3397347898c8445afa71f0a30912599efe8d04e6d233bd35cf2fabdeb93fb0d,2026-06-29,258,83287202842,35.238,,
climb,용숨듀블,c3397347898c8445afa71f0a30912599efe8d04e6d233bd35cf2fabdeb93fb0d,2026-06-30,258,120907786731,51.155,,
climb,용숨듀블,c3397347898c8445afa71f0a30912599efe8d04e6d233bd35cf2fabdeb93fb0d,2026-07-01,258,156263246269,66.114,,
climb,용숨듀블,c3397347898c8445afa71f0a30912599efe8d04e6d233bd35cf2fabdeb93fb0d,2026-07-02,258,190477097295,80.590,,
climb,용숨듀블,c3397347898c8445afa71f0a30912599efe8d04e6d233bd35cf2fabdeb93fb0d,2026-07-03,258,225816185582,95.542,,
climb,용숨듀블,c3397347898c8445afa71f0a30912599efe8d04e6d233bd35cf2fabdeb93fb0d,2026-07-04,259,23185447372,9.524,8289248,
climb,용숨듀블,c3397347898c8445afa71f0a30912599efe8d04e6d233bd35cf2fabdeb93fb0d,2026-07-05,259,58193546009,23.904,,
climb,용숨듀블,c3397347898c8445afa71f0a30912599efe8d04e6d233bd35cf2fabdeb93fb0d,2026-07-06,259,94463222579,38.803,,
climb,용숨듀블,c3397347898c8445afa71f0a30912599efe8d04e6d233bd35cf2fabdeb93fb0d,2026-07-07,259,128319189174,52.710,,
climb,용숨듀블,c3397347898c8445afa71f0a30912599efe8d04e6d233bd35cf2fabdeb93fb0d,2026-07-08,259,163591697532,67.199,,
climb,용숨듀블,c3397347898c8445afa71f0a30912599efe8d04e6d233bd35cf2fabdeb93fb0d,2026-07-09,259,197335468737,81.060,,
climb,용숨듀블,c3397347898c8445afa71f0a30912599efe8d04e6d233bd35cf2fabdeb93fb0d,2026-07-10,259,232460797252,95.488,,
climb,용숨듀블,c3397347898c8445afa71f0a30912599efe8d04e6d233bd35cf2fabdeb93fb0d,2026-07-11,260,24353922435,1.406,,
climb,용숨듀블,c3397347898c8445afa71f0a30912599efe8d04e6d233bd35cf2fabdeb93fb0d,2026-07-12,260,24353922435,1.406,8296477,
climb,용숨듀블,c3397347898c8445afa71f0a30912599efe8d04e6d233bd35cf2fabdeb93fb0d,2026-07-13,260,24353922435,1.406,,
climb,용숨듀블,c3397347898c8445afa71f0a30912599efe8d04e6d233bd35cf2fabdeb93fb0d,2026-07-14,260,24353922435,1.406,,
climb,용숨듀블,c3397347898c8445afa71f0a30912599efe8d04e6d233bd35cf2fabdeb93fb0d,2026-07-15,260,24353922435,1.406,,
climb,용숨듀블,c3397347898c8445afa71f0a30912599efe8d04e6d233bd35cf2fabdeb93fb0d,2026-07-16,260,24353922435,1.406,,
climb,용숨듀블,c3397347898c8445afa71f0a30912599efe8d04e6d233bd35cf2fabdeb93fb0d,2026-07-17,260,24353922435,1.406,,
climb,용숨듀블,c3397347898c8445afa71f0a30912599efe8d04e6d233bd35cf2fabdeb93fb0d,2026-07-18,260,24353922435,1.406,,
climb,용숨듀블,c3397347898c8445afa71f0a30912599efe8d04e6d233bd35cf2fabdeb93fb0d,2026-07-19,260,24353922435,1.406,,
climb,용숨듀블,c3397347898c8445afa71f0a30912599efe8d04e6d233bd35cf2fabdeb93fb0d,2026-07-20,260,24353922435,1.406,8296477,
climb,용숨듀블,c3397347898c8445afa71f0a30912599efe8d04e6d233bd35cf2fabdeb93fb0d,2026-07-21,260,24353922435,1.406,,
climb,용숨듀블,c3397347898c8445afa71f0a30912599efe8d04e6d233bd35cf2fabdeb93fb0d,2026-07-22,260,24353922435,1.406,,
climb,아내려와라이,beda5d5ec1545edf9a4d8e38b4dceeb6,2026-06-18,256,82555901210,37.056,1570372,
climb,아내려와라이,beda5d5ec1545edf9a4d8e38b4dceeb6,2026-06-19,256,82555901210,37.056,,
climb,아내려와라이,beda5d5ec1545edf9a4d8e38b4dceeb6,2026-06-20,256,82555901210,37.056,,
climb,아내려와라이,beda5d5ec1545edf9a4d8e38b4dceeb6,2026-06-21,256,82555901210,37.056,,
climb,아내려와라이,beda5d5ec1545edf9a4d8e38b4dceeb6,2026-06-22,256,82555901210,37.056,,
climb,아내려와라이,beda5d5ec1545edf9a4d8e38b4dceeb6,2026-06-23,256,82555901210,37.056,,
climb,아내려와라이,beda5d5ec1545edf9a4d8e38b4dceeb6,2026-06-24,256,82555901210,37.056,,
climb,아내려와라이,beda5d5ec1545edf9a4d8e38b4dceeb6,2026-06-25,256,82555901210,37.056,,
climb,아내려와라이,beda5d5ec1545edf9a4d8e38b4dceeb6,2026-06-26,256,82555901210,37.056,1570372,
climb,아내려와라이,beda5d5ec1545edf9a4d8e38b4dceeb6,2026-06-27,256,82555901210,37.056,,
climb,아내려와라이,beda5d5ec1545edf9a4d8e38b4dceeb6,2026-06-28,257,89016536321,38.792,,
climb,아내려와라이,beda5d5ec1545edf9a4d8e38b4dceeb6,2026-06-29,257,89016536321,38.792,,
climb,아내려와라이,beda5d5ec1545edf9a4d8e38b4dceeb6,2026-06-30,257,89016536321,38.792,,
climb,아내려와라이,beda5d5ec1545edf9a4d8e38b4dceeb6,2026-07-01,257,89016536321,38.792,,
climb,아내려와라이,beda5d5ec1545edf9a4d8e38b4dceeb6,2026-07-02,257,89016536321,38.792,,
climb,아내려와라이,beda5d5ec1545edf9a4d8e38b4dceeb6,2026-07-03,257,89016536321,38.792,,
climb,아내려와라이,beda5d5ec1545edf9a4d8e38b4dceeb6,2026-07-04,257,89016536321,38.792,1352685,
climb,아내려와라이,beda5d5ec1545edf9a4d8e38b4dceeb6,2026-07-05,257,89016536321,38.792,,
climb,아내려와라이,beda5d5ec1545edf9a4d8e38b4dceeb6,2026-07-06,257,89016536321,38.792,,
climb,아내려와라이,beda5d5ec1545edf9a4d8e38b4dceeb6,2026-07-07,257,89016536321,38.792,,
climb,아내려와라이,beda5d5ec1545edf9a4d8e38b4dceeb6,2026-07-08,257,89016536321,38.792,,
climb,아내려와라이,beda5d5ec1545edf9a4d8e38b4dceeb6,2026-07-09,257,89016536321,38.792,,
climb,아내려와라이,beda5d5ec1545edf9a4d8e38b4dceeb6,2026-07-10,257,176104777614,76.744,,
climb,아내려와라이,beda5d5ec1545edf9a4d8e38b4dceeb6,2026-07-11,257,213824077862,93.182,,
climb,아내려와라이,beda5d5ec1545edf9a4d8e38b4dceeb6,2026-07-12,258,38225360251,16.173,1453078,
climb,아내려와라이,beda5d5ec1545edf9a4d8e38b4dceeb6,2026-07-13,258,38225360251,16.173,,
climb,아내려와라이,beda5d5ec1545edf9a4d8e38b4dceeb6,2026-07-14,258,38225360251,16.173,,
climb,아내려와라이,beda5d5ec1545edf9a4d8e38b4dceeb6,2026-07-15,258,38225360251,16.173,,
climb,아내려와라이,beda5d5ec1545edf9a4d8e38b4dceeb6,2026-07-16,258,72013968592,30.469,,
climb,아내려와라이,beda5d5ec1545edf9a4d8e38b4dceeb6,2026-07-17,259,764033717,0.314,,
climb,아내려와라이,beda5d5ec1545edf9a4d8e38b4dceeb6,2026-07-18,259,764033717,0.314,,
climb,아내려와라이,beda5d5ec1545edf9a4d8e38b4dceeb6,2026-07-19,259,764033717,0.314,,
climb,아내려와라이,beda5d5ec1545edf9a4d8e38b4dceeb6,2026-07-20,259,764033717,0.314,1507895,
climb,아내려와라이,beda5d5ec1545edf9a4d8e38b4dceeb6,2026-07-21,259,764033717,0.314,,
climb,아내려와라이,beda5d5ec1545edf9a4d8e38b4dceeb6,2026-07-22,259,764033717,0.314,,
climb,i너울i,e2ec459eceb64b64eb195a9e1ddb7bd3,2026-06-18,256,59900137922,26.887,1118949,
climb,i너울i,e2ec459eceb64b64eb195a9e1ddb7bd3,2026-06-19,256,59900137922,26.887,,
climb,i너울i,e2ec459eceb64b64eb195a9e1ddb7bd3,2026-06-20,256,59900137922,26.887,,
climb,i너울i,e2ec459eceb64b64eb195a9e1ddb7bd3,2026-06-21,256,59900137922,26.887,,
climb,i너울i,e2ec459eceb64b64eb195a9e1ddb7bd3,2026-06-22,256,59900137922,26.887,,
climb,i너울i,e2ec459eceb64b64eb195a9e1ddb7bd3,2026-06-23,256,59900137922,26.887,,
climb,i너울i,e2ec459eceb64b64eb195a9e1ddb7bd3,2026-06-24,256,59900137922,26.887,,
climb,i너울i,e2ec459eceb64b64eb195a9e1ddb7bd3,2026-06-25,256,59900137922,26.887,,
climb,i너울i,e2ec459eceb64b64eb195a9e1ddb7bd3,2026-06-26,256,59900137922,26.887,1118949,
climb,i너울i,e2ec459eceb64b64eb195a9e1ddb7bd3,2026-06-27,256,59900137922,26.887,,
climb,i너울i,e2ec459eceb64b64eb195a9e1ddb7bd3,2026-06-28,256,59900137922,26.887,,
climb,i너울i,e2ec459eceb64b64eb195a9e1ddb7bd3,2026-06-29,256,59900137922,26.887,,
climb,i너울i,e2ec459eceb64b64eb195a9e1ddb7bd3,2026-06-30,256,59900137922,26.887,,
climb,i너울i,e2ec459eceb64b64eb195a9e1ddb7bd3,2026-07-01,256,59900137922,26.887,,
climb,i너울i,e2ec459eceb64b64eb195a9e1ddb7bd3,2026-07-02,256,59900137922,26.887,,
climb,i너울i,e2ec459eceb64b64eb195a9e1ddb7bd3,2026-07-03,256,59900137922,26.887,,
climb,i너울i,e2ec459eceb64b64eb195a9e1ddb7bd3,2026-07-04,256,59900137922,26.887,1118949,
climb,i너울i,e2ec459eceb64b64eb195a9e1ddb7bd3,2026-07-05,256,59900137922,26.887,,
climb,i너울i,e2ec459eceb64b64eb195a9e1ddb7bd3,2026-07-06,256,59900137922,26.887,,
climb,i너울i,e2ec459eceb64b64eb195a9e1ddb7bd3,2026-07-07,256,59900137922,26.887,,
climb,i너울i,e2ec459eceb64b64eb195a9e1ddb7bd3,2026-07-08,256,59900137922,26.887,,
climb,i너울i,e2ec459eceb64b64eb195a9e1ddb7bd3,2026-07-09,256,59900137922,26.887,,
climb,i너울i,e2ec459eceb64b64eb195a9e1ddb7bd3,2026-07-10,256,59900137922,26.887,,
climb,i너울i,e2ec459eceb64b64eb195a9e1ddb7bd3,2026-07-11,256,59900137922,26.887,,
climb,i너울i,e2ec459eceb64b64eb195a9e1ddb7bd3,2026-07-12,256,59900137922,26.887,1118949,
climb,i너울i,e2ec459eceb64b64eb195a9e1ddb7bd3,2026-07-13,256,59900137922,26.887,,
climb,i너울i,e2ec459eceb64b64eb195a9e1ddb7bd3,2026-07-14,256,59900137922,26.887,,
climb,i너울i,e2ec459eceb64b64eb195a9e1ddb7bd3,2026-07-15,256,59900137922,26.887,,
climb,i너울i,e2ec459eceb64b64eb195a9e1ddb7bd3,2026-07-16,256,59900137922,26.887,,
climb,i너울i,e2ec459eceb64b64eb195a9e1ddb7bd3,2026-07-17,256,59900137922,26.887,,
climb,i너울i,e2ec459eceb64b64eb195a9e1ddb7bd3,2026-07-18,256,59900137922,26.887,,
climb,i너울i,e2ec459eceb64b64eb195a9e1ddb7bd3,2026-07-19,256,59900137922,26.887,,
climb,i너울i,e2ec459eceb64b64eb195a9e1ddb7bd3,2026-07-20,256,59900137922,26.887,1118949,
climb,i너울i,e2ec459eceb64b64eb195a9e1ddb7bd3,2026-07-21,256,59900137922,26.887,,
climb,i너울i,e2ec459eceb64b64eb195a9e1ddb7bd3,2026-07-22,256,59900137922,26.887,,
climb,LuffCritical,c5fa76ba94f39703626159621e5c0d56,2026-06-18,256,59967762805,26.917,524214,
climb,LuffCritical,c5fa76ba94f39703626159621e5c0d56,2026-06-19,256,59967762805,26.917,,
climb,LuffCritical,c5fa76ba94f39703626159621e5c0d56,2026-06-20,256,59967762805,26.917,,
climb,LuffCritical,c5fa76ba94f39703626159621e5c0d56,2026-06-21,256,59967762805,26.917,,
climb,LuffCritical,c5fa76ba94f39703626159621e5c0d56,2026-06-22,256,59967762805,26.917,,
climb,LuffCritical,c5fa76ba94f39703626159621e5c0d56,2026-06-23,256,59967762805,26.917,,
climb,LuffCritical,c5fa76ba94f39703626159621e5c0d56,2026-06-24,256,59967762805,26.917,,
climb,LuffCritical,c5fa76ba94f39703626159621e5c0d56,2026-06-25,256,59967762805,26.917,,
climb,LuffCritical,c5fa76ba94f39703626159621e5c0d56,2026-06-26,256,59967762805,26.917,524214,
climb,LuffCritical,c5fa76ba94f39703626159621e5c0d56,2026-06-27,256,59967762805,26.917,,
climb,LuffCritical,c5fa76ba94f39703626159621e5c0d56,2026-06-28,256,59967762805,26.917,,
climb,LuffCritical,c5fa76ba94f39703626159621e5c0d56,2026-06-29,256,59967762805,26.917,,
climb,LuffCritical,c5fa76ba94f39703626159621e5c0d56,2026-06-30,256,59967762805,26.917,,
climb,LuffCritical,c5fa76ba94f39703626159621e5c0d56,2026-07-01,256,59967762805,26.917,,
climb,LuffCritical,c5fa76ba94f39703626159621e5c0d56,2026-07-02,256,59967762805,26.917,,
climb,LuffCritical,c5fa76ba94f39703626159621e5c0d56,2026-07-03,256,59967762805,26.917,,
climb,LuffCritical,c5fa76ba94f39703626159621e5c0d56,2026-07-04,256,59967762805,26.917,524214,
climb,LuffCritical,c5fa76ba94f39703626159621e5c0d56,2026-07-05,256,59967762805,26.917,,
climb,LuffCritical,c5fa76ba94f39703626159621e5c0d56,2026-07-06,256,59967762805,26.917,,
climb,LuffCritical,c5fa76ba94f39703626159621e5c0d56,2026-07-07,256,68896872924,30.925,,
climb,LuffCritical,c5fa76ba94f39703626159621e5c0d56,2026-07-08,256,105506963498,47.358,,
climb,LuffCritical,c5fa76ba94f39703626159621e5c0d56,2026-07-09,256,144406569487,64.818,,
climb,LuffCritical,c5fa76ba94f39703626159621e5c0d56,2026-07-10,256,184321847700,82.735,,
climb,LuffCritical,c5fa76ba94f39703626159621e5c0d56,2026-07-11,257,32556171224,14.188,,
climb,LuffCritical,c5fa76ba94f39703626159621e5c0d56,2026-07-12,257,202222665133,88.126,488339,
climb,LuffCritical,c5fa76ba94f39703626159621e5c0d56,2026-07-13,257,202222665133,88.126,,
climb,LuffCritical,c5fa76ba94f39703626159621e5c0d56,2026-07-14,258,17999048269,7.615,,
climb,LuffCritical,c5fa76ba94f39703626159621e5c0d56,2026-07-15,258,63977215236,27.068,,
climb,LuffCritical,c5fa76ba94f39703626159621e5c0d56,2026-07-16,258,63977215236,27.068,,
climb,LuffCritical,c5fa76ba94f39703626159621e5c0d56,2026-07-17,258,114646968488,48.507,,
climb,LuffCritical,c5fa76ba94f39703626159621e5c0d56,2026-07-18,258,191730250255,81.120,,
climb,LuffCritical,c5fa76ba94f39703626159621e5c0d56,2026-07-19,259,144605428782,59.400,,
climb,LuffCritical,c5fa76ba94f39703626159621e5c0d56,2026-07-20,259,190583595749,78.286,705409,
climb,LuffCritical,c5fa76ba94f39703626159621e5c0d56,2026-07-21,259,190583595749,78.286,,
climb,LuffCritical,c5fa76ba94f39703626159621e5c0d56,2026-07-22,260,8669966763,0.501,,
climb,만화창작과,968dcddc5d86513a350aab8d4d9140a4,2026-06-18,256,32904650705,14.770,5057827,
climb,만화창작과,968dcddc5d86513a350aab8d4d9140a4,2026-06-19,256,32904650705,14.770,,
climb,만화창작과,968dcddc5d86513a350aab8d4d9140a4,2026-06-20,256,32904650705,14.770,,
climb,만화창작과,968dcddc5d86513a350aab8d4d9140a4,2026-06-21,256,32904650705,14.770,,
climb,만화창작과,968dcddc5d86513a350aab8d4d9140a4,2026-06-22,256,32904650705,14.770,,
climb,만화창작과,968dcddc5d86513a350aab8d4d9140a4,2026-06-23,256,32904650705,14.770,,
climb,만화창작과,968dcddc5d86513a350aab8d4d9140a4,2026-06-24,256,32904650705,14.770,,
climb,만화창작과,968dcddc5d86513a350aab8d4d9140a4,2026-06-25,256,32904650705,14.770,,
climb,만화창작과,968dcddc5d86513a350aab8d4d9140a4,2026-06-26,256,32904650705,14.770,5057827,
climb,만화창작과,968dcddc5d86513a350aab8d4d9140a4,2026-06-27,256,32904650705,14.770,,
climb,만화창작과,968dcddc5d86513a350aab8d4d9140a4,2026-06-28,256,32904650705,14.770,,
climb,만화창작과,968dcddc5d86513a350aab8d4d9140a4,2026-06-29,256,32904650705,14.770,,
climb,만화창작과,968dcddc5d86513a350aab8d4d9140a4,2026-06-30,256,32904650705,14.770,,
climb,만화창작과,968dcddc5d86513a350aab8d4d9140a4,2026-07-01,256,32904650705,14.770,,
climb,만화창작과,968dcddc5d86513a350aab8d4d9140a4,2026-07-02,256,32904650705,14.770,,
climb,만화창작과,968dcddc5d86513a350aab8d4d9140a4,2026-07-03,256,32904650705,14.770,,
climb,만화창작과,968dcddc5d86513a350aab8d4d9140a4,2026-07-04,256,32904650705,14.770,5057827,
climb,만화창작과,968dcddc5d86513a350aab8d4d9140a4,2026-07-05,256,32904650705,14.770,,
climb,만화창작과,968dcddc5d86513a350aab8d4d9140a4,2026-07-06,256,32904650705,14.770,,
climb,만화창작과,968dcddc5d86513a350aab8d4d9140a4,2026-07-07,256,32904650705,14.770,,
climb,만화창작과,968dcddc5d86513a350aab8d4d9140a4,2026-07-08,256,32904650705,14.770,,
climb,만화창작과,968dcddc5d86513a350aab8d4d9140a4,2026-07-09,256,32904650705,14.770,,
climb,만화창작과,968dcddc5d86513a350aab8d4d9140a4,2026-07-10,256,32904650705,14.770,,
climb,만화창작과,968dcddc5d86513a350aab8d4d9140a4,2026-07-11,256,32904650705,14.770,,
climb,만화창작과,968dcddc5d86513a350aab8d4d9140a4,2026-07-12,256,32904650705,14.770,5057827,
climb,만화창작과,968dcddc5d86513a350aab8d4d9140a4,2026-07-13,256,32904650705,14.770,,
climb,만화창작과,968dcddc5d86513a350aab8d4d9140a4,2026-07-14,256,32904650705,14.770,,
climb,만화창작과,968dcddc5d86513a350aab8d4d9140a4,2026-07-15,256,32904650705,14.770,,
climb,만화창작과,968dcddc5d86513a350aab8d4d9140a4,2026-07-16,256,32904650705,14.770,,
climb,만화창작과,968dcddc5d86513a350aab8d4d9140a4,2026-07-17,256,32904650705,14.770,,
climb,만화창작과,968dcddc5d86513a350aab8d4d9140a4,2026-07-18,256,32904650705,14.770,,
climb,만화창작과,968dcddc5d86513a350aab8d4d9140a4,2026-07-19,256,32904650705,14.770,,
climb,만화창작과,968dcddc5d86513a350aab8d4d9140a4,2026-07-20,256,32904650705,14.770,5057827,
climb,만화창작과,968dcddc5d86513a350aab8d4d9140a4,2026-07-21,256,32904650705,14.770,,
climb,만화창작과,968dcddc5d86513a350aab8d4d9140a4,2026-07-22,256,32904650705,14.770,,
climb,녀괘,b174ae08ca7591d562a69eb6326ef5d1,2026-06-18,256,60730726741,27.260,2514292,
climb,녀괘,b174ae08ca7591d562a69eb6326ef5d1,2026-06-19,256,60730726741,27.260,,
climb,녀괘,b174ae08ca7591d562a69eb6326ef5d1,2026-06-20,256,60730726741,27.260,,
climb,녀괘,b174ae08ca7591d562a69eb6326ef5d1,2026-06-21,256,60730726741,27.260,,
climb,녀괘,b174ae08ca7591d562a69eb6326ef5d1,2026-06-22,256,60730726741,27.260,,
climb,녀괘,b174ae08ca7591d562a69eb6326ef5d1,2026-06-23,256,60730726741,27.260,,
climb,녀괘,b174ae08ca7591d562a69eb6326ef5d1,2026-06-24,256,60730726741,27.260,,
climb,녀괘,b174ae08ca7591d562a69eb6326ef5d1,2026-06-25,256,60730726741,27.260,,
climb,녀괘,b174ae08ca7591d562a69eb6326ef5d1,2026-06-26,256,60730726741,27.260,2514292,
climb,녀괘,b174ae08ca7591d562a69eb6326ef5d1,2026-06-27,256,60730726741,27.260,,
climb,녀괘,b174ae08ca7591d562a69eb6326ef5d1,2026-06-28,256,60730726741,27.260,,
climb,녀괘,b174ae08ca7591d562a69eb6326ef5d1,2026-06-29,256,60730726741,27.260,,
climb,녀괘,b174ae08ca7591d562a69eb6326ef5d1,2026-06-30,256,60730726741,27.260,,
climb,녀괘,b174ae08ca7591d562a69eb6326ef5d1,2026-07-01,256,60730726741,27.260,,
climb,녀괘,b174ae08ca7591d562a69eb6326ef5d1,2026-07-02,256,60730726741,27.260,,
climb,녀괘,b174ae08ca7591d562a69eb6326ef5d1,2026-07-03,256,60730726741,27.260,,
climb,녀괘,b174ae08ca7591d562a69eb6326ef5d1,2026-07-04,256,60730726741,27.260,2514292,
climb,녀괘,b174ae08ca7591d562a69eb6326ef5d1,2026-07-05,256,60730726741,27.260,,
climb,녀괘,b174ae08ca7591d562a69eb6326ef5d1,2026-07-06,256,60730726741,27.260,,
climb,녀괘,b174ae08ca7591d562a69eb6326ef5d1,2026-07-07,256,60730726741,27.260,,
climb,녀괘,b174ae08ca7591d562a69eb6326ef5d1,2026-07-08,256,60730726741,27.260,,
climb,녀괘,b174ae08ca7591d562a69eb6326ef5d1,2026-07-09,256,60730726741,27.260,,
climb,녀괘,b174ae08ca7591d562a69eb6326ef5d1,2026-07-10,256,60730726741,27.260,,
climb,녀괘,b174ae08ca7591d562a69eb6326ef5d1,2026-07-11,256,60730726741,27.260,,
climb,녀괘,b174ae08ca7591d562a69eb6326ef5d1,2026-07-12,256,60730726741,27.260,2514292,
climb,녀괘,b174ae08ca7591d562a69eb6326ef5d1,2026-07-13,256,60730726741,27.260,,
climb,녀괘,b174ae08ca7591d562a69eb6326ef5d1,2026-07-14,256,60730726741,27.260,,
climb,녀괘,b174ae08ca7591d562a69eb6326ef5d1,2026-07-15,256,60730726741,27.260,,
climb,녀괘,b174ae08ca7591d562a69eb6326ef5d1,2026-07-16,256,60730726741,27.260,,
climb,녀괘,b174ae08ca7591d562a69eb6326ef5d1,2026-07-17,256,60730726741,27.260,,
climb,녀괘,b174ae08ca7591d562a69eb6326ef5d1,2026-07-18,256,60730726741,27.260,,
climb,녀괘,b174ae08ca7591d562a69eb6326ef5d1,2026-07-19,256,60730726741,27.260,,
climb,녀괘,b174ae08ca7591d562a69eb6326ef5d1,2026-07-20,256,60730726741,27.260,2514292,
climb,녀괘,b174ae08ca7591d562a69eb6326ef5d1,2026-07-21,256,60730726741,27.260,,
climb,녀괘,b174ae08ca7591d562a69eb6326ef5d1,2026-07-22,256,60730726741,27.260,,
climb,black2025,fcd3e605e8765abae77694b421c6b9156fbb98200a15be5bcc73a64995849e9c,2026-06-18,256,45679278551,20.504,935260,
climb,black2025,fcd3e605e8765abae77694b421c6b9156fbb98200a15be5bcc73a64995849e9c,2026-06-19,256,45679278551,20.504,,
climb,black2025,fcd3e605e8765abae77694b421c6b9156fbb98200a15be5bcc73a64995849e9c,2026-06-20,256,45679278551,20.504,,
climb,black2025,fcd3e605e8765abae77694b421c6b9156fbb98200a15be5bcc73a64995849e9c,2026-06-21,256,45679278551,20.504,,
climb,black2025,fcd3e605e8765abae77694b421c6b9156fbb98200a15be5bcc73a64995849e9c,2026-06-22,256,45679278551,20.504,,
climb,black2025,fcd3e605e8765abae77694b421c6b9156fbb98200a15be5bcc73a64995849e9c,2026-06-23,256,45679278551,20.504,,
climb,black2025,fcd3e605e8765abae77694b421c6b9156fbb98200a15be5bcc73a64995849e9c,2026-06-24,256,45679278551,20.504,,
climb,black2025,fcd3e605e8765abae77694b421c6b9156fbb98200a15be5bcc73a64995849e9c,2026-06-25,256,45679278551,20.504,,
climb,black2025,fcd3e605e8765abae77694b421c6b9156fbb98200a15be5bcc73a64995849e9c,2026-06-26,256,45679278551,20.504,935260,
climb,black2025,fcd3e605e8765abae77694b421c6b9156fbb98200a15be5bcc73a64995849e9c,2026-06-27,256,45679278551,20.504,,
climb,black2025,fcd3e605e8765abae77694b421c6b9156fbb98200a15be5bcc73a64995849e9c,2026-06-28,256,45679278551,20.504,,
climb,black2025,fcd3e605e8765abae77694b421c6b9156fbb98200a15be5bcc73a64995849e9c,2026-06-29,256,45679278551,20.504,,
climb,black2025,fcd3e605e8765abae77694b421c6b9156fbb98200a15be5bcc73a64995849e9c,2026-06-30,256,45679278551,20.504,,
climb,black2025,fcd3e605e8765abae77694b421c6b9156fbb98200a15be5bcc73a64995849e9c,2026-07-01,256,45679278551,20.504,,
climb,black2025,fcd3e605e8765abae77694b421c6b9156fbb98200a15be5bcc73a64995849e9c,2026-07-02,256,45679278551,20.504,,
climb,black2025,fcd3e605e8765abae77694b421c6b9156fbb98200a15be5bcc73a64995849e9c,2026-07-03,256,45679278551,20.504,,
climb,black2025,fcd3e605e8765abae77694b421c6b9156fbb98200a15be5bcc73a64995849e9c,2026-07-04,256,45679278551,20.504,935260,
climb,black2025,fcd3e605e8765abae77694b421c6b9156fbb98200a15be5bcc73a64995849e9c,2026-07-05,256,45679278551,20.504,,
climb,black2025,fcd3e605e8765abae77694b421c6b9156fbb98200a15be5bcc73a64995849e9c,2026-07-06,256,45679278551,20.504,,
climb,black2025,fcd3e605e8765abae77694b421c6b9156fbb98200a15be5bcc73a64995849e9c,2026-07-07,256,45679278551,20.504,,
climb,black2025,fcd3e605e8765abae77694b421c6b9156fbb98200a15be5bcc73a64995849e9c,2026-07-08,256,45679278551,20.504,,
climb,black2025,fcd3e605e8765abae77694b421c6b9156fbb98200a15be5bcc73a64995849e9c,2026-07-09,256,45679278551,20.504,,
climb,black2025,fcd3e605e8765abae77694b421c6b9156fbb98200a15be5bcc73a64995849e9c,2026-07-10,256,45679278551,20.504,,
climb,black2025,fcd3e605e8765abae77694b421c6b9156fbb98200a15be5bcc73a64995849e9c,2026-07-11,256,45679278551,20.504,,
climb,black2025,fcd3e605e8765abae77694b421c6b9156fbb98200a15be5bcc73a64995849e9c,2026-07-12,256,45679278551,20.504,935260,
climb,black2025,fcd3e605e8765abae77694b421c6b9156fbb98200a15be5bcc73a64995849e9c,2026-07-13,256,45679278551,20.504,,
climb,black2025,fcd3e605e8765abae77694b421c6b9156fbb98200a15be5bcc73a64995849e9c,2026-07-14,256,45679278551,20.504,,
climb,black2025,fcd3e605e8765abae77694b421c6b9156fbb98200a15be5bcc73a64995849e9c,2026-07-15,256,45679278551,20.504,,
climb,black2025,fcd3e605e8765abae77694b421c6b9156fbb98200a15be5bcc73a64995849e9c,2026-07-16,256,45679278551,20.504,,
climb,black2025,fcd3e605e8765abae77694b421c6b9156fbb98200a15be5bcc73a64995849e9c,2026-07-17,256,45679278551,20.504,,
climb,black2025,fcd3e605e8765abae77694b421c6b9156fbb98200a15be5bcc73a64995849e9c,2026-07-18,256,45679278551,20.504,,
climb,black2025,fcd3e605e8765abae77694b421c6b9156fbb98200a15be5bcc73a64995849e9c,2026-07-19,256,45679278551,20.504,,
climb,black2025,fcd3e605e8765abae77694b421c6b9156fbb98200a15be5bcc73a64995849e9c,2026-07-20,256,45679278551,20.504,935260,
climb,black2025,fcd3e605e8765abae77694b421c6b9156fbb98200a15be5bcc73a64995849e9c,2026-07-21,256,45679278551,20.504,,
climb,black2025,fcd3e605e8765abae77694b421c6b9156fbb98200a15be5bcc73a64995849e9c,2026-07-22,256,45679278551,20.504,,
climb,나구임둥,4e6055098955915f155305928b5be928efe8d04e6d233bd35cf2fabdeb93fb0d,2026-06-18,256,86108748992,38.651,4888973,
climb,나구임둥,4e6055098955915f155305928b5be928efe8d04e6d233bd35cf2fabdeb93fb0d,2026-06-19,256,86108748992,38.651,,
climb,나구임둥,4e6055098955915f155305928b5be928efe8d04e6d233bd35cf2fabdeb93fb0d,2026-06-20,256,86108748992,38.651,,
climb,나구임둥,4e6055098955915f155305928b5be928efe8d04e6d233bd35cf2fabdeb93fb0d,2026-06-21,256,86108748992,38.651,,
climb,나구임둥,4e6055098955915f155305928b5be928efe8d04e6d233bd35cf2fabdeb93fb0d,2026-06-22,256,86108748992,38.651,,
climb,나구임둥,4e6055098955915f155305928b5be928efe8d04e6d233bd35cf2fabdeb93fb0d,2026-06-23,256,86161563200,38.675,,
climb,나구임둥,4e6055098955915f155305928b5be928efe8d04e6d233bd35cf2fabdeb93fb0d,2026-06-24,256,86161563200,38.675,,
climb,나구임둥,4e6055098955915f155305928b5be928efe8d04e6d233bd35cf2fabdeb93fb0d,2026-06-25,256,86161563200,38.675,,
climb,나구임둥,4e6055098955915f155305928b5be928efe8d04e6d233bd35cf2fabdeb93fb0d,2026-06-26,256,86161563200,38.675,5265408,
climb,나구임둥,4e6055098955915f155305928b5be928efe8d04e6d233bd35cf2fabdeb93fb0d,2026-06-27,256,86161563200,38.675,,
climb,나구임둥,4e6055098955915f155305928b5be928efe8d04e6d233bd35cf2fabdeb93fb0d,2026-06-28,256,86161563200,38.675,,
climb,나구임둥,4e6055098955915f155305928b5be928efe8d04e6d233bd35cf2fabdeb93fb0d,2026-06-29,256,86161563200,38.675,,
climb,나구임둥,4e6055098955915f155305928b5be928efe8d04e6d233bd35cf2fabdeb93fb0d,2026-06-30,256,86161563200,38.675,,
climb,나구임둥,4e6055098955915f155305928b5be928efe8d04e6d233bd35cf2fabdeb93fb0d,2026-07-01,256,86161563200,38.675,,
climb,나구임둥,4e6055098955915f155305928b5be928efe8d04e6d233bd35cf2fabdeb93fb0d,2026-07-02,256,86161563200,38.675,,
climb,나구임둥,4e6055098955915f155305928b5be928efe8d04e6d233bd35cf2fabdeb93fb0d,2026-07-03,256,86161563200,38.675,,
climb,나구임둥,4e6055098955915f155305928b5be928efe8d04e6d233bd35cf2fabdeb93fb0d,2026-07-04,256,86161563200,38.675,4481261,
climb,나구임둥,4e6055098955915f155305928b5be928efe8d04e6d233bd35cf2fabdeb93fb0d,2026-07-05,256,86237010568,38.708,,
climb,나구임둥,4e6055098955915f155305928b5be928efe8d04e6d233bd35cf2fabdeb93fb0d,2026-07-06,256,86237010568,38.708,,
climb,나구임둥,4e6055098955915f155305928b5be928efe8d04e6d233bd35cf2fabdeb93fb0d,2026-07-07,256,86237010568,38.708,,
climb,나구임둥,4e6055098955915f155305928b5be928efe8d04e6d233bd35cf2fabdeb93fb0d,2026-07-08,256,86237010568,38.708,,
climb,나구임둥,4e6055098955915f155305928b5be928efe8d04e6d233bd35cf2fabdeb93fb0d,2026-07-09,256,86237010568,38.708,,
climb,나구임둥,4e6055098955915f155305928b5be928efe8d04e6d233bd35cf2fabdeb93fb0d,2026-07-10,256,86237010568,38.708,,
climb,나구임둥,4e6055098955915f155305928b5be928efe8d04e6d233bd35cf2fabdeb93fb0d,2026-07-11,256,86237010568,38.708,,
climb,나구임둥,4e6055098955915f155305928b5be928efe8d04e6d233bd35cf2fabdeb93fb0d,2026-07-12,256,212322698098,95.303,5515713,
climb,나구임둥,4e6055098955915f155305928b5be928efe8d04e6d233bd35cf2fabdeb93fb0d,2026-07-13,256,212354975718,95.318,,
climb,나구임둥,4e6055098955915f155305928b5be928efe8d04e6d233bd35cf2fabdeb93fb0d,2026-07-14,256,212354975718,95.318,,
climb,나구임둥,4e6055098955915f155305928b5be928efe8d04e6d233bd35cf2fabdeb93fb0d,2026-07-15,256,212383575718,95.331,,
climb,나구임둥,4e6055098955915f155305928b5be928efe8d04e6d233bd35cf2fabdeb93fb0d,2026-07-16,256,212383575718,95.331,,
climb,나구임둥,4e6055098955915f155305928b5be928efe8d04e6d233bd35cf2fabdeb93fb0d,2026-07-17,256,212383575718,95.331,,
climb,나구임둥,4e6055098955915f155305928b5be928efe8d04e6d233bd35cf2fabdeb93fb0d,2026-07-18,256,212383575718,95.331,,
climb,나구임둥,4e6055098955915f155305928b5be928efe8d04e6d233bd35cf2fabdeb93fb0d,2026-07-19,256,212383575718,95.331,,
climb,나구임둥,4e6055098955915f155305928b5be928efe8d04e6d233bd35cf2fabdeb93fb0d,2026-07-20,256,212383575718,95.331,5537749,
climb,나구임둥,4e6055098955915f155305928b5be928efe8d04e6d233bd35cf2fabdeb93fb0d,2026-07-21,256,212383575718,95.331,,
climb,나구임둥,4e6055098955915f155305928b5be928efe8d04e6d233bd35cf2fabdeb93fb0d,2026-07-22,256,212461737138,95.366,,
climb,민레빛,d658a1d898410d9343f0d3c0c4cb0987efe8d04e6d233bd35cf2fabdeb93fb0d,2026-06-18,256,87870841620,39.442,2084245,
climb,민레빛,d658a1d898410d9343f0d3c0c4cb0987efe8d04e6d233bd35cf2fabdeb93fb0d,2026-06-19,256,87870841620,39.442,,
climb,민레빛,d658a1d898410d9343f0d3c0c4cb0987efe8d04e6d233bd35cf2fabdeb93fb0d,2026-06-20,256,87870841620,39.442,,
climb,민레빛,d658a1d898410d9343f0d3c0c4cb0987efe8d04e6d233bd35cf2fabdeb93fb0d,2026-06-21,256,87870841620,39.442,,
climb,민레빛,d658a1d898410d9343f0d3c0c4cb0987efe8d04e6d233bd35cf2fabdeb93fb0d,2026-06-22,256,165688366995,74.371,,
climb,민레빛,d658a1d898410d9343f0d3c0c4cb0987efe8d04e6d233bd35cf2fabdeb93fb0d,2026-06-23,256,165688366995,74.371,,
climb,민레빛,d658a1d898410d9343f0d3c0c4cb0987efe8d04e6d233bd35cf2fabdeb93fb0d,2026-06-24,256,165688366995,74.371,,
climb,민레빛,d658a1d898410d9343f0d3c0c4cb0987efe8d04e6d233bd35cf2fabdeb93fb0d,2026-06-25,256,165688366995,74.371,,
climb,민레빛,d658a1d898410d9343f0d3c0c4cb0987efe8d04e6d233bd35cf2fabdeb93fb0d,2026-06-26,256,165688366995,74.371,1956715,
climb,민레빛,d658a1d898410d9343f0d3c0c4cb0987efe8d04e6d233bd35cf2fabdeb93fb0d,2026-06-27,257,5156317806,2.247,,
climb,민레빛,d658a1d898410d9343f0d3c0c4cb0987efe8d04e6d233bd35cf2fabdeb93fb0d,2026-06-28,257,5156317806,2.247,,
climb,민레빛,d658a1d898410d9343f0d3c0c4cb0987efe8d04e6d233bd35cf2fabdeb93fb0d,2026-06-29,257,5156317806,2.247,,
climb,민레빛,d658a1d898410d9343f0d3c0c4cb0987efe8d04e6d233bd35cf2fabdeb93fb0d,2026-06-30,257,5156317806,2.247,,
climb,민레빛,d658a1d898410d9343f0d3c0c4cb0987efe8d04e6d233bd35cf2fabdeb93fb0d,2026-07-01,257,5156317806,2.247,,
climb,민레빛,d658a1d898410d9343f0d3c0c4cb0987efe8d04e6d233bd35cf2fabdeb93fb0d,2026-07-02,257,161012604720,70.167,,
climb,민레빛,d658a1d898410d9343f0d3c0c4cb0987efe8d04e6d233bd35cf2fabdeb93fb0d,2026-07-03,257,161012604720,70.167,,
climb,민레빛,d658a1d898410d9343f0d3c0c4cb0987efe8d04e6d233bd35cf2fabdeb93fb0d,2026-07-04,258,25130825210,10.633,2556950,
climb,민레빛,d658a1d898410d9343f0d3c0c4cb0987efe8d04e6d233bd35cf2fabdeb93fb0d,2026-07-05,258,25130825210,10.633,,
climb,민레빛,d658a1d898410d9343f0d3c0c4cb0987efe8d04e6d233bd35cf2fabdeb93fb0d,2026-07-06,258,25130825210,10.633,,
climb,민레빛,d658a1d898410d9343f0d3c0c4cb0987efe8d04e6d233bd35cf2fabdeb93fb0d,2026-07-07,258,25130825210,10.633,,
climb,민레빛,d658a1d898410d9343f0d3c0c4cb0987efe8d04e6d233bd35cf2fabdeb93fb0d,2026-07-08,258,147452301470,62.386,,
climb,민레빛,d658a1d898410d9343f0d3c0c4cb0987efe8d04e6d233bd35cf2fabdeb93fb0d,2026-07-09,258,147452301470,62.386,,
climb,민레빛,d658a1d898410d9343f0d3c0c4cb0987efe8d04e6d233bd35cf2fabdeb93fb0d,2026-07-10,258,167848604416,71.016,,
climb,민레빛,d658a1d898410d9343f0d3c0c4cb0987efe8d04e6d233bd35cf2fabdeb93fb0d,2026-07-11,259,9312388671,3.825,,
climb,민레빛,d658a1d898410d9343f0d3c0c4cb0987efe8d04e6d233bd35cf2fabdeb93fb0d,2026-07-12,259,9312388671,3.825,2840938,
climb,민레빛,d658a1d898410d9343f0d3c0c4cb0987efe8d04e6d233bd35cf2fabdeb93fb0d,2026-07-13,259,9312388671,3.825,,
climb,민레빛,d658a1d898410d9343f0d3c0c4cb0987efe8d04e6d233bd35cf2fabdeb93fb0d,2026-07-14,259,152395916751,62.600,,
climb,민레빛,d658a1d898410d9343f0d3c0c4cb0987efe8d04e6d233bd35cf2fabdeb93fb0d,2026-07-15,260,92966417750,5.368,,
climb,민레빛,d658a1d898410d9343f0d3c0c4cb0987efe8d04e6d233bd35cf2fabdeb93fb0d,2026-07-16,260,92966417750,5.368,,
climb,민레빛,d658a1d898410d9343f0d3c0c4cb0987efe8d04e6d233bd35cf2fabdeb93fb0d,2026-07-17,260,92966417750,5.368,,
climb,민레빛,d658a1d898410d9343f0d3c0c4cb0987efe8d04e6d233bd35cf2fabdeb93fb0d,2026-07-18,260,92966417750,5.368,,
climb,민레빛,d658a1d898410d9343f0d3c0c4cb0987efe8d04e6d233bd35cf2fabdeb93fb0d,2026-07-19,260,92966417750,5.368,,
climb,민레빛,d658a1d898410d9343f0d3c0c4cb0987efe8d04e6d233bd35cf2fabdeb93fb0d,2026-07-20,260,92966417750,5.368,3124146,
climb,민레빛,d658a1d898410d9343f0d3c0c4cb0987efe8d04e6d233bd35cf2fabdeb93fb0d,2026-07-21,260,92966417750,5.368,,
climb,민레빛,d658a1d898410d9343f0d3c0c4cb0987efe8d04e6d233bd35cf2fabdeb93fb0d,2026-07-22,260,92966417750,5.368,,
climb,메르아파양,a2d4e618901506e4263bd1667b607720,2026-06-18,256,107577563947,48.287,2819672,
climb,메르아파양,a2d4e618901506e4263bd1667b607720,2026-06-19,256,107577563947,48.287,,
climb,메르아파양,a2d4e618901506e4263bd1667b607720,2026-06-20,256,107577563947,48.287,,
climb,메르아파양,a2d4e618901506e4263bd1667b607720,2026-06-21,256,107577563947,48.287,,
climb,메르아파양,a2d4e618901506e4263bd1667b607720,2026-06-22,256,107577563947,48.287,,
climb,메르아파양,a2d4e618901506e4263bd1667b607720,2026-06-23,256,107577563947,48.287,,
climb,메르아파양,a2d4e618901506e4263bd1667b607720,2026-06-24,256,107577563947,48.287,,
climb,메르아파양,a2d4e618901506e4263bd1667b607720,2026-06-25,256,107577563947,48.287,,
climb,메르아파양,a2d4e618901506e4263bd1667b607720,2026-06-26,256,107577563947,48.287,2819672,
climb,메르아파양,a2d4e618901506e4263bd1667b607720,2026-06-27,256,107577563947,48.287,,
climb,메르아파양,a2d4e618901506e4263bd1667b607720,2026-06-28,256,107577563947,48.287,,
climb,메르아파양,a2d4e618901506e4263bd1667b607720,2026-06-29,256,107577563947,48.287,,
climb,메르아파양,a2d4e618901506e4263bd1667b607720,2026-06-30,256,107577563947,48.287,,
climb,메르아파양,a2d4e618901506e4263bd1667b607720,2026-07-01,256,107577563947,48.287,,
climb,메르아파양,a2d4e618901506e4263bd1667b607720,2026-07-02,256,107577563947,48.287,,
climb,메르아파양,a2d4e618901506e4263bd1667b607720,2026-07-03,256,107577563947,48.287,,
climb,메르아파양,a2d4e618901506e4263bd1667b607720,2026-07-04,256,107577563947,48.287,2819672,
climb,메르아파양,a2d4e618901506e4263bd1667b607720,2026-07-05,256,107577563947,48.287,,
climb,메르아파양,a2d4e618901506e4263bd1667b607720,2026-07-06,256,107577563947,48.287,,
climb,메르아파양,a2d4e618901506e4263bd1667b607720,2026-07-07,256,107577563947,48.287,,
climb,메르아파양,a2d4e618901506e4263bd1667b607720,2026-07-08,256,107577563947,48.287,,
climb,메르아파양,a2d4e618901506e4263bd1667b607720,2026-07-09,256,107577563947,48.287,,
climb,메르아파양,a2d4e618901506e4263bd1667b607720,2026-07-10,256,107577563947,48.287,,
climb,메르아파양,a2d4e618901506e4263bd1667b607720,2026-07-11,256,107577563947,48.287,,
climb,메르아파양,a2d4e618901506e4263bd1667b607720,2026-07-12,256,107577563947,48.287,2819672,
climb,메르아파양,a2d4e618901506e4263bd1667b607720,2026-07-13,256,107577563947,48.287,,
climb,메르아파양,a2d4e618901506e4263bd1667b607720,2026-07-14,256,107577563947,48.287,,
climb,메르아파양,a2d4e618901506e4263bd1667b607720,2026-07-15,256,107577563947,48.287,,
climb,메르아파양,a2d4e618901506e4263bd1667b607720,2026-07-16,256,107577563947,48.287,,
climb,메르아파양,a2d4e618901506e4263bd1667b607720,2026-07-17,256,107577563947,48.287,,
climb,메르아파양,a2d4e618901506e4263bd1667b607720,2026-07-18,256,107577563947,48.287,,
climb,메르아파양,a2d4e618901506e4263bd1667b607720,2026-07-19,256,107577563947,48.287,,
climb,메르아파양,a2d4e618901506e4263bd1667b607720,2026-07-20,256,107577563947,48.287,2819672,
climb,메르아파양,a2d4e618901506e4263bd1667b607720,2026-07-21,256,107577563947,48.287,,
climb,메르아파양,a2d4e618901506e4263bd1667b607720,2026-07-22,256,107577563947,48.287,,
climb,효주희,3396ac20ee6b13736f581ef2ba97e4b2efe8d04e6d233bd35cf2fabdeb93fb0d,2026-06-18,256,127088024339,57.045,2752807,
climb,효주희,3396ac20ee6b13736f581ef2ba97e4b2efe8d04e6d233bd35cf2fabdeb93fb0d,2026-06-19,256,197229847201,88.529,,
climb,효주희,3396ac20ee6b13736f581ef2ba97e4b2efe8d04e6d233bd35cf2fabdeb93fb0d,2026-06-20,257,44663764050,19.464,,
climb,효주희,3396ac20ee6b13736f581ef2ba97e4b2efe8d04e6d233bd35cf2fabdeb93fb0d,2026-06-21,257,115439500847,50.307,,
climb,효주희,3396ac20ee6b13736f581ef2ba97e4b2efe8d04e6d233bd35cf2fabdeb93fb0d,2026-06-22,257,186068054966,81.086,,
climb,효주희,3396ac20ee6b13736f581ef2ba97e4b2efe8d04e6d233bd35cf2fabdeb93fb0d,2026-06-23,258,31710652986,13.417,,
climb,효주희,3396ac20ee6b13736f581ef2ba97e4b2efe8d04e6d233bd35cf2fabdeb93fb0d,2026-06-24,258,101715799373,43.035,,
climb,효주희,3396ac20ee6b13736f581ef2ba97e4b2efe8d04e6d233bd35cf2fabdeb93fb0d,2026-06-25,258,158147201695,66.911,,
climb,효주희,3396ac20ee6b13736f581ef2ba97e4b2efe8d04e6d233bd35cf2fabdeb93fb0d,2026-06-26,258,217431366792,91.994,2898385,
climb,효주희,3396ac20ee6b13736f581ef2ba97e4b2efe8d04e6d233bd35cf2fabdeb93fb0d,2026-06-27,259,39210202093,16.106,,
climb,효주희,3396ac20ee6b13736f581ef2ba97e4b2efe8d04e6d233bd35cf2fabdeb93fb0d,2026-06-28,259,97837547194,40.189,,
climb,효주희,3396ac20ee6b13736f581ef2ba97e4b2efe8d04e6d233bd35cf2fabdeb93fb0d,2026-06-29,259,156113716221,64.127,,
climb,효주희,3396ac20ee6b13736f581ef2ba97e4b2efe8d04e6d233bd35cf2fabdeb93fb0d,2026-06-30,259,216354902629,88.872,,
climb,효주희,3396ac20ee6b13736f581ef2ba97e4b2efe8d04e6d233bd35cf2fabdeb93fb0d,2026-07-01,260,30370621341,1.754,,
climb,효주희,3396ac20ee6b13736f581ef2ba97e4b2efe8d04e6d233bd35cf2fabdeb93fb0d,2026-07-02,260,30370621341,1.754,,
climb,효주희,3396ac20ee6b13736f581ef2ba97e4b2efe8d04e6d233bd35cf2fabdeb93fb0d,2026-07-03,260,30370621341,1.754,,
climb,효주희,3396ac20ee6b13736f581ef2ba97e4b2efe8d04e6d233bd35cf2fabdeb93fb0d,2026-07-04,260,30370621341,1.754,2616877,
climb,효주희,3396ac20ee6b13736f581ef2ba97e4b2efe8d04e6d233bd35cf2fabdeb93fb0d,2026-07-05,260,30370621341,1.754,,
climb,효주희,3396ac20ee6b13736f581ef2ba97e4b2efe8d04e6d233bd35cf2fabdeb93fb0d,2026-07-06,260,30370621341,1.754,,
climb,효주희,3396ac20ee6b13736f581ef2ba97e4b2efe8d04e6d233bd35cf2fabdeb93fb0d,2026-07-07,260,30370621341,1.754,,
climb,효주희,3396ac20ee6b13736f581ef2ba97e4b2efe8d04e6d233bd35cf2fabdeb93fb0d,2026-07-08,260,30370621341,1.754,,
climb,효주희,3396ac20ee6b13736f581ef2ba97e4b2efe8d04e6d233bd35cf2fabdeb93fb0d,2026-07-09,260,30370621341,1.754,,
climb,효주희,3396ac20ee6b13736f581ef2ba97e4b2efe8d04e6d233bd35cf2fabdeb93fb0d,2026-07-10,260,30370621341,1.754,,
climb,효주희,3396ac20ee6b13736f581ef2ba97e4b2efe8d04e6d233bd35cf2fabdeb93fb0d,2026-07-11,260,30370621341,1.754,,
climb,효주희,3396ac20ee6b13736f581ef2ba97e4b2efe8d04e6d233bd35cf2fabdeb93fb0d,2026-07-12,260,30370621341,1.754,2616877,
climb,효주희,3396ac20ee6b13736f581ef2ba97e4b2efe8d04e6d233bd35cf2fabdeb93fb0d,2026-07-13,260,30370621341,1.754,,
climb,효주희,3396ac20ee6b13736f581ef2ba97e4b2efe8d04e6d233bd35cf2fabdeb93fb0d,2026-07-14,260,30370621341,1.754,,
climb,효주희,3396ac20ee6b13736f581ef2ba97e4b2efe8d04e6d233bd35cf2fabdeb93fb0d,2026-07-15,260,30370621341,1.754,,
climb,효주희,3396ac20ee6b13736f581ef2ba97e4b2efe8d04e6d233bd35cf2fabdeb93fb0d,2026-07-16,260,30370621341,1.754,,
climb,효주희,3396ac20ee6b13736f581ef2ba97e4b2efe8d04e6d233bd35cf2fabdeb93fb0d,2026-07-17,260,30370621341,1.754,,
climb,효주희,3396ac20ee6b13736f581ef2ba97e4b2efe8d04e6d233bd35cf2fabdeb93fb0d,2026-07-18,260,30370621341,1.754,,
climb,효주희,3396ac20ee6b13736f581ef2ba97e4b2efe8d04e6d233bd35cf2fabdeb93fb0d,2026-07-19,260,30370621341,1.754,,
climb,효주희,3396ac20ee6b13736f581ef2ba97e4b2efe8d04e6d233bd35cf2fabdeb93fb0d,2026-07-20,260,30370621341,1.754,2616877,
climb,효주희,3396ac20ee6b13736f581ef2ba97e4b2efe8d04e6d233bd35cf2fabdeb93fb0d,2026-07-21,260,30370621341,1.754,,
climb,효주희,3396ac20ee6b13736f581ef2ba97e4b2efe8d04e6d233bd35cf2fabdeb93fb0d,2026-07-22,260,30370621341,1.754,,
climb,네더다,837f90f46222cf8edc4aef21c6999da0,2026-06-18,256,40155171997,18.024,920575,
climb,네더다,837f90f46222cf8edc4aef21c6999da0,2026-06-19,256,40155171997,18.024,,
climb,네더다,837f90f46222cf8edc4aef21c6999da0,2026-06-20,256,40155171997,18.024,,
climb,네더다,837f90f46222cf8edc4aef21c6999da0,2026-06-21,256,40155171997,18.024,,
climb,네더다,837f90f46222cf8edc4aef21c6999da0,2026-06-22,256,40155171997,18.024,,
climb,네더다,837f90f46222cf8edc4aef21c6999da0,2026-06-23,256,40155171997,18.024,,
climb,네더다,837f90f46222cf8edc4aef21c6999da0,2026-06-24,256,40155171997,18.024,,
climb,네더다,837f90f46222cf8edc4aef21c6999da0,2026-06-25,256,40155171997,18.024,,
climb,네더다,837f90f46222cf8edc4aef21c6999da0,2026-06-26,256,40155171997,18.024,920575,
climb,네더다,837f90f46222cf8edc4aef21c6999da0,2026-06-27,256,40155171997,18.024,,
climb,네더다,837f90f46222cf8edc4aef21c6999da0,2026-06-28,256,40155171997,18.024,,
climb,네더다,837f90f46222cf8edc4aef21c6999da0,2026-06-29,256,40155171997,18.024,,
climb,네더다,837f90f46222cf8edc4aef21c6999da0,2026-06-30,256,40155171997,18.024,,
climb,네더다,837f90f46222cf8edc4aef21c6999da0,2026-07-01,256,40155171997,18.024,,
climb,네더다,837f90f46222cf8edc4aef21c6999da0,2026-07-02,256,40155171997,18.024,,
climb,네더다,837f90f46222cf8edc4aef21c6999da0,2026-07-03,256,40155171997,18.024,,
climb,네더다,837f90f46222cf8edc4aef21c6999da0,2026-07-04,256,40155171997,18.024,920575,
climb,네더다,837f90f46222cf8edc4aef21c6999da0,2026-07-05,256,40155171997,18.024,,
climb,네더다,837f90f46222cf8edc4aef21c6999da0,2026-07-06,256,40155171997,18.024,,
climb,네더다,837f90f46222cf8edc4aef21c6999da0,2026-07-07,256,40155171997,18.024,,
climb,네더다,837f90f46222cf8edc4aef21c6999da0,2026-07-08,256,40155171997,18.024,,
climb,네더다,837f90f46222cf8edc4aef21c6999da0,2026-07-09,256,40155171997,18.024,,
climb,네더다,837f90f46222cf8edc4aef21c6999da0,2026-07-10,256,40155171997,18.024,,
climb,네더다,837f90f46222cf8edc4aef21c6999da0,2026-07-11,256,40155171997,18.024,,
climb,네더다,837f90f46222cf8edc4aef21c6999da0,2026-07-12,256,40155171997,18.024,920575,
climb,네더다,837f90f46222cf8edc4aef21c6999da0,2026-07-13,256,40155171997,18.024,,
climb,네더다,837f90f46222cf8edc4aef21c6999da0,2026-07-14,256,40155171997,18.024,,
climb,네더다,837f90f46222cf8edc4aef21c6999da0,2026-07-15,256,40155171997,18.024,,
climb,네더다,837f90f46222cf8edc4aef21c6999da0,2026-07-16,256,40155171997,18.024,,
climb,네더다,837f90f46222cf8edc4aef21c6999da0,2026-07-17,256,40155171997,18.024,,
climb,네더다,837f90f46222cf8edc4aef21c6999da0,2026-07-18,256,40155171997,18.024,,
climb,네더다,837f90f46222cf8edc4aef21c6999da0,2026-07-19,256,40155171997,18.024,,
climb,네더다,837f90f46222cf8edc4aef21c6999da0,2026-07-20,256,40155171997,18.024,920575,
climb,네더다,837f90f46222cf8edc4aef21c6999da0,2026-07-21,256,40155171997,18.024,,
climb,네더다,837f90f46222cf8edc4aef21c6999da0,2026-07-22,256,40155171997,18.024,,
climb,아쿠마동키,cf61a62333f34ad11baf290733b388ce,2026-06-18,256,64055888242,28.752,433171,
climb,아쿠마동키,cf61a62333f34ad11baf290733b388ce,2026-06-19,256,64055888242,28.752,,
climb,아쿠마동키,cf61a62333f34ad11baf290733b388ce,2026-06-20,256,64055888242,28.752,,
climb,아쿠마동키,cf61a62333f34ad11baf290733b388ce,2026-06-21,256,64055888242,28.752,,
climb,아쿠마동키,cf61a62333f34ad11baf290733b388ce,2026-06-22,256,64055888242,28.752,,
climb,아쿠마동키,cf61a62333f34ad11baf290733b388ce,2026-06-23,256,64055888242,28.752,,
climb,아쿠마동키,cf61a62333f34ad11baf290733b388ce,2026-06-24,256,64055888242,28.752,,
climb,아쿠마동키,cf61a62333f34ad11baf290733b388ce,2026-06-25,256,64055888242,28.752,,
climb,아쿠마동키,cf61a62333f34ad11baf290733b388ce,2026-06-26,256,64055888242,28.752,433171,
climb,아쿠마동키,cf61a62333f34ad11baf290733b388ce,2026-06-27,256,64055888242,28.752,,
climb,아쿠마동키,cf61a62333f34ad11baf290733b388ce,2026-06-28,256,64055888242,28.752,,
climb,아쿠마동키,cf61a62333f34ad11baf290733b388ce,2026-06-29,256,64055888242,28.752,,
climb,아쿠마동키,cf61a62333f34ad11baf290733b388ce,2026-06-30,256,64055888242,28.752,,
climb,아쿠마동키,cf61a62333f34ad11baf290733b388ce,2026-07-01,256,64055888242,28.752,,
climb,아쿠마동키,cf61a62333f34ad11baf290733b388ce,2026-07-02,256,64055888242,28.752,,
climb,아쿠마동키,cf61a62333f34ad11baf290733b388ce,2026-07-03,256,64055888242,28.752,,
climb,아쿠마동키,cf61a62333f34ad11baf290733b388ce,2026-07-04,256,64055888242,28.752,433171,
climb,아쿠마동키,cf61a62333f34ad11baf290733b388ce,2026-07-05,256,64055888242,28.752,,
climb,아쿠마동키,cf61a62333f34ad11baf290733b388ce,2026-07-06,256,64055888242,28.752,,
climb,아쿠마동키,cf61a62333f34ad11baf290733b388ce,2026-07-07,256,64055888242,28.752,,
climb,아쿠마동키,cf61a62333f34ad11baf290733b388ce,2026-07-08,256,64055888242,28.752,,
climb,아쿠마동키,cf61a62333f34ad11baf290733b388ce,2026-07-09,256,64055888242,28.752,,
climb,아쿠마동키,cf61a62333f34ad11baf290733b388ce,2026-07-10,256,64055888242,28.752,,
climb,아쿠마동키,cf61a62333f34ad11baf290733b388ce,2026-07-11,256,64055888242,28.752,,
climb,아쿠마동키,cf61a62333f34ad11baf290733b388ce,2026-07-12,256,64055888242,28.752,433171,
climb,아쿠마동키,cf61a62333f34ad11baf290733b388ce,2026-07-13,256,64055888242,28.752,,
climb,아쿠마동키,cf61a62333f34ad11baf290733b388ce,2026-07-14,256,64055888242,28.752,,
climb,아쿠마동키,cf61a62333f34ad11baf290733b388ce,2026-07-15,256,64055888242,28.752,,
climb,아쿠마동키,cf61a62333f34ad11baf290733b388ce,2026-07-16,256,64055888242,28.752,,
climb,아쿠마동키,cf61a62333f34ad11baf290733b388ce,2026-07-17,256,64055888242,28.752,,
climb,아쿠마동키,cf61a62333f34ad11baf290733b388ce,2026-07-18,256,64055888242,28.752,,
climb,아쿠마동키,cf61a62333f34ad11baf290733b388ce,2026-07-19,256,64055888242,28.752,,
climb,아쿠마동키,cf61a62333f34ad11baf290733b388ce,2026-07-20,256,64055888242,28.752,407274,
climb,아쿠마동키,cf61a62333f34ad11baf290733b388ce,2026-07-21,256,64055888242,28.752,,
climb,아쿠마동키,cf61a62333f34ad11baf290733b388ce,2026-07-22,256,64055888242,28.752,,
climb,솜별스,ec1af074a1418657891c2473f1586447,2026-06-18,256,83460485363,37.462,1465698,
climb,솜별스,ec1af074a1418657891c2473f1586447,2026-06-19,256,83460485363,37.462,,
climb,솜별스,ec1af074a1418657891c2473f1586447,2026-06-20,256,83460485363,37.462,,
climb,솜별스,ec1af074a1418657891c2473f1586447,2026-06-21,256,83460485363,37.462,,
climb,솜별스,ec1af074a1418657891c2473f1586447,2026-06-22,256,83460485363,37.462,,
climb,솜별스,ec1af074a1418657891c2473f1586447,2026-06-23,256,83460485363,37.462,,
climb,솜별스,ec1af074a1418657891c2473f1586447,2026-06-24,256,83460485363,37.462,,
climb,솜별스,ec1af074a1418657891c2473f1586447,2026-06-25,256,83460485363,37.462,,
climb,솜별스,ec1af074a1418657891c2473f1586447,2026-06-26,256,83460485363,37.462,1465698,
climb,솜별스,ec1af074a1418657891c2473f1586447,2026-06-27,256,83460485363,37.462,,
climb,솜별스,ec1af074a1418657891c2473f1586447,2026-06-28,256,83460485363,37.462,,
climb,솜별스,ec1af074a1418657891c2473f1586447,2026-06-29,256,83460485363,37.462,,
climb,솜별스,ec1af074a1418657891c2473f1586447,2026-06-30,256,83460485363,37.462,,
climb,솜별스,ec1af074a1418657891c2473f1586447,2026-07-01,256,83460485363,37.462,,
climb,솜별스,ec1af074a1418657891c2473f1586447,2026-07-02,256,83460485363,37.462,,
climb,솜별스,ec1af074a1418657891c2473f1586447,2026-07-03,256,83460485363,37.462,,
climb,솜별스,ec1af074a1418657891c2473f1586447,2026-07-04,256,83460485363,37.462,1465698,
climb,솜별스,ec1af074a1418657891c2473f1586447,2026-07-05,256,83460485363,37.462,,
climb,솜별스,ec1af074a1418657891c2473f1586447,2026-07-06,256,83460485363,37.462,,
climb,솜별스,ec1af074a1418657891c2473f1586447,2026-07-07,256,83460485363,37.462,,
climb,솜별스,ec1af074a1418657891c2473f1586447,2026-07-08,256,83460485363,37.462,,
climb,솜별스,ec1af074a1418657891c2473f1586447,2026-07-09,256,83460485363,37.462,,
climb,솜별스,ec1af074a1418657891c2473f1586447,2026-07-10,256,83460485363,37.462,,
climb,솜별스,ec1af074a1418657891c2473f1586447,2026-07-11,256,83460485363,37.462,,
climb,솜별스,ec1af074a1418657891c2473f1586447,2026-07-12,256,83460485363,37.462,1465698,
climb,솜별스,ec1af074a1418657891c2473f1586447,2026-07-13,256,83460485363,37.462,,
climb,솜별스,ec1af074a1418657891c2473f1586447,2026-07-14,256,83460485363,37.462,,
climb,솜별스,ec1af074a1418657891c2473f1586447,2026-07-15,256,83460485363,37.462,,
climb,솜별스,ec1af074a1418657891c2473f1586447,2026-07-16,256,83460485363,37.462,,
climb,솜별스,ec1af074a1418657891c2473f1586447,2026-07-17,256,83460485363,37.462,,
climb,솜별스,ec1af074a1418657891c2473f1586447,2026-07-18,256,83460485363,37.462,,
climb,솜별스,ec1af074a1418657891c2473f1586447,2026-07-19,256,83460485363,37.462,,
climb,솜별스,ec1af074a1418657891c2473f1586447,2026-07-20,256,83460485363,37.462,1465698,
climb,솜별스,ec1af074a1418657891c2473f1586447,2026-07-21,256,83460485363,37.462,,
climb,솜별스,ec1af074a1418657891c2473f1586447,2026-07-22,256,83460485363,37.462,,
climb,와드이라,d75438f69108df549f523899a62cc71baae77432709819edb959e1fd5d1d77b4,2026-06-18,256,39097042741,17.549,2074333,
climb,와드이라,d75438f69108df549f523899a62cc71baae77432709819edb959e1fd5d1d77b4,2026-06-19,256,39097042741,17.549,,
climb,와드이라,d75438f69108df549f523899a62cc71baae77432709819edb959e1fd5d1d77b4,2026-06-20,256,39097042741,17.549,,
climb,와드이라,d75438f69108df549f523899a62cc71baae77432709819edb959e1fd5d1d77b4,2026-06-21,256,39097042741,17.549,,
climb,와드이라,d75438f69108df549f523899a62cc71baae77432709819edb959e1fd5d1d77b4,2026-06-22,256,39097042741,17.549,,
climb,와드이라,d75438f69108df549f523899a62cc71baae77432709819edb959e1fd5d1d77b4,2026-06-23,256,39097042741,17.549,,
climb,와드이라,d75438f69108df549f523899a62cc71baae77432709819edb959e1fd5d1d77b4,2026-06-24,256,39097042741,17.549,,
climb,와드이라,d75438f69108df549f523899a62cc71baae77432709819edb959e1fd5d1d77b4,2026-06-25,256,39097042741,17.549,,
climb,와드이라,d75438f69108df549f523899a62cc71baae77432709819edb959e1fd5d1d77b4,2026-06-26,256,39097042741,17.549,2074333,
climb,와드이라,d75438f69108df549f523899a62cc71baae77432709819edb959e1fd5d1d77b4,2026-06-27,256,39097042741,17.549,,
climb,와드이라,d75438f69108df549f523899a62cc71baae77432709819edb959e1fd5d1d77b4,2026-06-28,256,39097042741,17.549,,
climb,와드이라,d75438f69108df549f523899a62cc71baae77432709819edb959e1fd5d1d77b4,2026-06-29,256,39097042741,17.549,,
climb,와드이라,d75438f69108df549f523899a62cc71baae77432709819edb959e1fd5d1d77b4,2026-06-30,256,39097042741,17.549,,
climb,와드이라,d75438f69108df549f523899a62cc71baae77432709819edb959e1fd5d1d77b4,2026-07-01,256,39097042741,17.549,,
climb,와드이라,d75438f69108df549f523899a62cc71baae77432709819edb959e1fd5d1d77b4,2026-07-02,256,39097042741,17.549,,
climb,와드이라,d75438f69108df549f523899a62cc71baae77432709819edb959e1fd5d1d77b4,2026-07-03,256,39097042741,17.549,,
climb,와드이라,d75438f69108df549f523899a62cc71baae77432709819edb959e1fd5d1d77b4,2026-07-04,256,39097042741,17.549,2074333,
climb,와드이라,d75438f69108df549f523899a62cc71baae77432709819edb959e1fd5d1d77b4,2026-07-05,256,39097042741,17.549,,
climb,와드이라,d75438f69108df549f523899a62cc71baae77432709819edb959e1fd5d1d77b4,2026-07-06,256,39097042741,17.549,,
climb,와드이라,d75438f69108df549f523899a62cc71baae77432709819edb959e1fd5d1d77b4,2026-07-07,256,39097042741,17.549,,
climb,와드이라,d75438f69108df549f523899a62cc71baae77432709819edb959e1fd5d1d77b4,2026-07-08,256,39097042741,17.549,,
climb,와드이라,d75438f69108df549f523899a62cc71baae77432709819edb959e1fd5d1d77b4,2026-07-09,256,39097042741,17.549,,
climb,와드이라,d75438f69108df549f523899a62cc71baae77432709819edb959e1fd5d1d77b4,2026-07-10,256,39097042741,17.549,,
climb,와드이라,d75438f69108df549f523899a62cc71baae77432709819edb959e1fd5d1d77b4,2026-07-11,256,39097042741,17.549,,
climb,와드이라,d75438f69108df549f523899a62cc71baae77432709819edb959e1fd5d1d77b4,2026-07-12,256,39097042741,17.549,2074333,
climb,와드이라,d75438f69108df549f523899a62cc71baae77432709819edb959e1fd5d1d77b4,2026-07-13,256,39097042741,17.549,,
climb,와드이라,d75438f69108df549f523899a62cc71baae77432709819edb959e1fd5d1d77b4,2026-07-14,256,39097042741,17.549,,
climb,와드이라,d75438f69108df549f523899a62cc71baae77432709819edb959e1fd5d1d77b4,2026-07-15,256,39097042741,17.549,,
climb,와드이라,d75438f69108df549f523899a62cc71baae77432709819edb959e1fd5d1d77b4,2026-07-16,256,39097042741,17.549,,
climb,와드이라,d75438f69108df549f523899a62cc71baae77432709819edb959e1fd5d1d77b4,2026-07-17,256,39097042741,17.549,,
climb,와드이라,d75438f69108df549f523899a62cc71baae77432709819edb959e1fd5d1d77b4,2026-07-18,256,39097042741,17.549,,
climb,와드이라,d75438f69108df549f523899a62cc71baae77432709819edb959e1fd5d1d77b4,2026-07-19,256,39097042741,17.549,,
climb,와드이라,d75438f69108df549f523899a62cc71baae77432709819edb959e1fd5d1d77b4,2026-07-20,256,39097042741,17.549,2074333,
climb,와드이라,d75438f69108df549f523899a62cc71baae77432709819edb959e1fd5d1d77b4,2026-07-21,256,39097042741,17.549,,
climb,와드이라,d75438f69108df549f523899a62cc71baae77432709819edb959e1fd5d1d77b4,2026-07-22,256,39097042741,17.549,,
climb,훈훈7,a5435007ebe6f29258fba59a67b2ec28,2026-06-18,256,56133790009,25.196,184514,
climb,훈훈7,a5435007ebe6f29258fba59a67b2ec28,2026-06-19,256,56133790009,25.196,,
climb,훈훈7,a5435007ebe6f29258fba59a67b2ec28,2026-06-20,256,56133790009,25.196,,
climb,훈훈7,a5435007ebe6f29258fba59a67b2ec28,2026-06-21,256,56133790009,25.196,,
climb,훈훈7,a5435007ebe6f29258fba59a67b2ec28,2026-06-22,256,56133790009,25.196,,
climb,훈훈7,a5435007ebe6f29258fba59a67b2ec28,2026-06-23,256,56133790009,25.196,,
climb,훈훈7,a5435007ebe6f29258fba59a67b2ec28,2026-06-24,256,56133790009,25.196,,
climb,훈훈7,a5435007ebe6f29258fba59a67b2ec28,2026-06-25,256,56133790009,25.196,,
climb,훈훈7,a5435007ebe6f29258fba59a67b2ec28,2026-06-26,256,56133790009,25.196,184514,
climb,훈훈7,a5435007ebe6f29258fba59a67b2ec28,2026-06-27,256,56133790009,25.196,,
climb,훈훈7,a5435007ebe6f29258fba59a67b2ec28,2026-06-28,256,56133790009,25.196,,
climb,훈훈7,a5435007ebe6f29258fba59a67b2ec28,2026-06-29,256,56133790009,25.196,,
climb,훈훈7,a5435007ebe6f29258fba59a67b2ec28,2026-06-30,256,56133790009,25.196,,
climb,훈훈7,a5435007ebe6f29258fba59a67b2ec28,2026-07-01,256,56133790009,25.196,,
climb,훈훈7,a5435007ebe6f29258fba59a67b2ec28,2026-07-02,256,56133790009,25.196,,
climb,훈훈7,a5435007ebe6f29258fba59a67b2ec28,2026-07-03,256,56133790009,25.196,,
climb,훈훈7,a5435007ebe6f29258fba59a67b2ec28,2026-07-04,256,56133790009,25.196,184514,
climb,훈훈7,a5435007ebe6f29258fba59a67b2ec28,2026-07-05,256,56133790009,25.196,,
climb,훈훈7,a5435007ebe6f29258fba59a67b2ec28,2026-07-06,256,56133790009,25.196,,
climb,훈훈7,a5435007ebe6f29258fba59a67b2ec28,2026-07-07,256,56133790009,25.196,,
climb,훈훈7,a5435007ebe6f29258fba59a67b2ec28,2026-07-08,256,56133790009,25.196,,
climb,훈훈7,a5435007ebe6f29258fba59a67b2ec28,2026-07-09,256,56133790009,25.196,,
climb,훈훈7,a5435007ebe6f29258fba59a67b2ec28,2026-07-10,256,56133790009,25.196,,
climb,훈훈7,a5435007ebe6f29258fba59a67b2ec28,2026-07-11,256,56133790009,25.196,,
climb,훈훈7,a5435007ebe6f29258fba59a67b2ec28,2026-07-12,256,56133790009,25.196,184514,
climb,훈훈7,a5435007ebe6f29258fba59a67b2ec28,2026-07-13,256,56133790009,25.196,,
climb,훈훈7,a5435007ebe6f29258fba59a67b2ec28,2026-07-14,256,56133790009,25.196,,
climb,훈훈7,a5435007ebe6f29258fba59a67b2ec28,2026-07-15,256,56133790009,25.196,,
climb,훈훈7,a5435007ebe6f29258fba59a67b2ec28,2026-07-16,256,56133790009,25.196,,
climb,훈훈7,a5435007ebe6f29258fba59a67b2ec28,2026-07-17,256,56133790009,25.196,,
climb,훈훈7,a5435007ebe6f29258fba59a67b2ec28,2026-07-18,256,56133790009,25.196,,
climb,훈훈7,a5435007ebe6f29258fba59a67b2ec28,2026-07-19,256,56133790009,25.196,,
climb,훈훈7,a5435007ebe6f29258fba59a67b2ec28,2026-07-20,256,56133790009,25.196,184514,
climb,훈훈7,a5435007ebe6f29258fba59a67b2ec28,2026-07-21,256,56133790009,25.196,,
climb,훈훈7,a5435007ebe6f29258fba59a67b2ec28,2026-07-22,256,56133790009,25.196,,
climb,원근신,0bea9f99d918beda1764b637c4f640c1,2026-06-18,256,54466128974,24.448,3043,
climb,원근신,0bea9f99d918beda1764b637c4f640c1,2026-06-19,256,54466128974,24.448,,
climb,원근신,0bea9f99d918beda1764b637c4f640c1,2026-06-20,256,54466128974,24.448,,
climb,원근신,0bea9f99d918beda1764b637c4f640c1,2026-06-21,256,54466128974,24.448,,
climb,원근신,0bea9f99d918beda1764b637c4f640c1,2026-06-22,256,54466128974,24.448,,
climb,원근신,0bea9f99d918beda1764b637c4f640c1,2026-06-23,256,54466128974,24.448,,
climb,원근신,0bea9f99d918beda1764b637c4f640c1,2026-06-24,256,54466128974,24.448,,
climb,원근신,0bea9f99d918beda1764b637c4f640c1,2026-06-25,256,54466128974,24.448,,
climb,원근신,0bea9f99d918beda1764b637c4f640c1,2026-06-26,256,54466128974,24.448,3043,
climb,원근신,0bea9f99d918beda1764b637c4f640c1,2026-06-27,256,54466128974,24.448,,
climb,원근신,0bea9f99d918beda1764b637c4f640c1,2026-06-28,256,54466128974,24.448,,
climb,원근신,0bea9f99d918beda1764b637c4f640c1,2026-06-29,256,54466128974,24.448,,
climb,원근신,0bea9f99d918beda1764b637c4f640c1,2026-06-30,256,54466128974,24.448,,
climb,원근신,0bea9f99d918beda1764b637c4f640c1,2026-07-01,256,54466128974,24.448,,
climb,원근신,0bea9f99d918beda1764b637c4f640c1,2026-07-02,256,54466128974,24.448,,
climb,원근신,0bea9f99d918beda1764b637c4f640c1,2026-07-03,256,54466128974,24.448,,
climb,원근신,0bea9f99d918beda1764b637c4f640c1,2026-07-04,256,54466128974,24.448,3043,
climb,원근신,0bea9f99d918beda1764b637c4f640c1,2026-07-05,256,54466128974,24.448,,
climb,원근신,0bea9f99d918beda1764b637c4f640c1,2026-07-06,256,54466128974,24.448,,
climb,원근신,0bea9f99d918beda1764b637c4f640c1,2026-07-07,256,54466128974,24.448,,
climb,원근신,0bea9f99d918beda1764b637c4f640c1,2026-07-08,256,54466128974,24.448,,
climb,원근신,0bea9f99d918beda1764b637c4f640c1,2026-07-09,256,54466128974,24.448,,
climb,원근신,0bea9f99d918beda1764b637c4f640c1,2026-07-10,256,54466128974,24.448,,
climb,원근신,0bea9f99d918beda1764b637c4f640c1,2026-07-11,256,54466128974,24.448,,
climb,원근신,0bea9f99d918beda1764b637c4f640c1,2026-07-12,256,54466128974,24.448,3043,
climb,원근신,0bea9f99d918beda1764b637c4f640c1,2026-07-13,256,54466128974,24.448,,
climb,원근신,0bea9f99d918beda1764b637c4f640c1,2026-07-14,256,72763315486,32.661,,
climb,원근신,0bea9f99d918beda1764b637c4f640c1,2026-07-15,256,72763315486,32.661,,
climb,원근신,0bea9f99d918beda1764b637c4f640c1,2026-07-16,256,72763315486,32.661,,
climb,원근신,0bea9f99d918beda1764b637c4f640c1,2026-07-17,256,72763315486,32.661,,
climb,원근신,0bea9f99d918beda1764b637c4f640c1,2026-07-18,256,72763315486,32.661,,
climb,원근신,0bea9f99d918beda1764b637c4f640c1,2026-07-19,256,72763315486,32.661,,
climb,원근신,0bea9f99d918beda1764b637c4f640c1,2026-07-20,256,72763315486,32.661,2350,
climb,원근신,0bea9f99d918beda1764b637c4f640c1,2026-07-21,256,72763315486,32.661,,
climb,원근신,0bea9f99d918beda1764b637c4f640c1,2026-07-22,256,72763315486,32.661,,
climb,월야랑,454b382a78903c9eb796232986fa60a2efe8d04e6d233bd35cf2fabdeb93fb0d,2026-06-18,256,94825448061,42.563,5974355,
climb,월야랑,454b382a78903c9eb796232986fa60a2efe8d04e6d233bd35cf2fabdeb93fb0d,2026-06-19,256,94825448061,42.563,,
climb,월야랑,454b382a78903c9eb796232986fa60a2efe8d04e6d233bd35cf2fabdeb93fb0d,2026-06-20,256,94825448061,42.563,,
climb,월야랑,454b382a78903c9eb796232986fa60a2efe8d04e6d233bd35cf2fabdeb93fb0d,2026-06-21,256,94825448061,42.563,,
climb,월야랑,454b382a78903c9eb796232986fa60a2efe8d04e6d233bd35cf2fabdeb93fb0d,2026-06-22,256,94825448061,42.563,,
climb,월야랑,454b382a78903c9eb796232986fa60a2efe8d04e6d233bd35cf2fabdeb93fb0d,2026-06-23,256,94825448061,42.563,,
climb,월야랑,454b382a78903c9eb796232986fa60a2efe8d04e6d233bd35cf2fabdeb93fb0d,2026-06-24,256,94825448061,42.563,,
climb,월야랑,454b382a78903c9eb796232986fa60a2efe8d04e6d233bd35cf2fabdeb93fb0d,2026-06-25,256,94825448061,42.563,,
climb,월야랑,454b382a78903c9eb796232986fa60a2efe8d04e6d233bd35cf2fabdeb93fb0d,2026-06-26,256,94825448061,42.563,5974355,
climb,월야랑,454b382a78903c9eb796232986fa60a2efe8d04e6d233bd35cf2fabdeb93fb0d,2026-06-27,256,94825448061,42.563,,
climb,월야랑,454b382a78903c9eb796232986fa60a2efe8d04e6d233bd35cf2fabdeb93fb0d,2026-06-28,256,94825448061,42.563,,
climb,월야랑,454b382a78903c9eb796232986fa60a2efe8d04e6d233bd35cf2fabdeb93fb0d,2026-06-29,256,94825448061,42.563,,
climb,월야랑,454b382a78903c9eb796232986fa60a2efe8d04e6d233bd35cf2fabdeb93fb0d,2026-06-30,256,94825448061,42.563,,
climb,월야랑,454b382a78903c9eb796232986fa60a2efe8d04e6d233bd35cf2fabdeb93fb0d,2026-07-01,256,94825448061,42.563,,
climb,월야랑,454b382a78903c9eb796232986fa60a2efe8d04e6d233bd35cf2fabdeb93fb0d,2026-07-02,256,94825448061,42.563,,
climb,월야랑,454b382a78903c9eb796232986fa60a2efe8d04e6d233bd35cf2fabdeb93fb0d,2026-07-03,256,94825448061,42.563,,
climb,월야랑,454b382a78903c9eb796232986fa60a2efe8d04e6d233bd35cf2fabdeb93fb0d,2026-07-04,256,94825448061,42.563,5974355,
climb,월야랑,454b382a78903c9eb796232986fa60a2efe8d04e6d233bd35cf2fabdeb93fb0d,2026-07-05,256,94825448061,42.563,,
climb,월야랑,454b382a78903c9eb796232986fa60a2efe8d04e6d233bd35cf2fabdeb93fb0d,2026-07-06,256,94825448061,42.563,,
climb,월야랑,454b382a78903c9eb796232986fa60a2efe8d04e6d233bd35cf2fabdeb93fb0d,2026-07-07,256,94825448061,42.563,,
climb,월야랑,454b382a78903c9eb796232986fa60a2efe8d04e6d233bd35cf2fabdeb93fb0d,2026-07-08,256,94825448061,42.563,,
climb,월야랑,454b382a78903c9eb796232986fa60a2efe8d04e6d233bd35cf2fabdeb93fb0d,2026-07-09,256,94825448061,42.563,,
climb,월야랑,454b382a78903c9eb796232986fa60a2efe8d04e6d233bd35cf2fabdeb93fb0d,2026-07-10,256,94825448061,42.563,,
climb,월야랑,454b382a78903c9eb796232986fa60a2efe8d04e6d233bd35cf2fabdeb93fb0d,2026-07-11,256,94825448061,42.563,,
climb,월야랑,454b382a78903c9eb796232986fa60a2efe8d04e6d233bd35cf2fabdeb93fb0d,2026-07-12,256,94825448061,42.563,5974355,
climb,월야랑,454b382a78903c9eb796232986fa60a2efe8d04e6d233bd35cf2fabdeb93fb0d,2026-07-13,256,94825448061,42.563,,
climb,월야랑,454b382a78903c9eb796232986fa60a2efe8d04e6d233bd35cf2fabdeb93fb0d,2026-07-14,256,94825448061,42.563,,
climb,월야랑,454b382a78903c9eb796232986fa60a2efe8d04e6d233bd35cf2fabdeb93fb0d,2026-07-15,256,94825448061,42.563,,
climb,월야랑,454b382a78903c9eb796232986fa60a2efe8d04e6d233bd35cf2fabdeb93fb0d,2026-07-16,256,94825448061,42.563,,
climb,월야랑,454b382a78903c9eb796232986fa60a2efe8d04e6d233bd35cf2fabdeb93fb0d,2026-07-17,256,94825448061,42.563,,
climb,월야랑,454b382a78903c9eb796232986fa60a2efe8d04e6d233bd35cf2fabdeb93fb0d,2026-07-18,256,94825448061,42.563,,
climb,월야랑,454b382a78903c9eb796232986fa60a2efe8d04e6d233bd35cf2fabdeb93fb0d,2026-07-19,256,94825448061,42.563,,
climb,월야랑,454b382a78903c9eb796232986fa60a2efe8d04e6d233bd35cf2fabdeb93fb0d,2026-07-20,256,94825448061,42.563,5974355,
climb,월야랑,454b382a78903c9eb796232986fa60a2efe8d04e6d233bd35cf2fabdeb93fb0d,2026-07-21,256,94825448061,42.563,,
climb,월야랑,454b382a78903c9eb796232986fa60a2efe8d04e6d233bd35cf2fabdeb93fb0d,2026-07-22,256,94825448061,42.563,,
climb,JY9944,5f912e52724b77688cf02617853429bd,2026-06-18,256,70093680788,31.462,6604655,
climb,JY9944,5f912e52724b77688cf02617853429bd,2026-06-19,256,70093680788,31.462,,
climb,JY9944,5f912e52724b77688cf02617853429bd,2026-06-20,256,70139438621,31.483,,
climb,JY9944,5f912e52724b77688cf02617853429bd,2026-06-21,256,70139438621,31.483,,
climb,JY9944,5f912e52724b77688cf02617853429bd,2026-06-22,256,70139438621,31.483,,
climb,JY9944,5f912e52724b77688cf02617853429bd,2026-06-23,256,70139438621,31.483,,
climb,JY9944,5f912e52724b77688cf02617853429bd,2026-06-24,256,70139438621,31.483,,
climb,JY9944,5f912e52724b77688cf02617853429bd,2026-06-25,256,70139438621,31.483,,
climb,JY9944,5f912e52724b77688cf02617853429bd,2026-06-26,256,70139438621,31.483,7168909,
climb,JY9944,5f912e52724b77688cf02617853429bd,2026-06-27,256,70139438621,31.483,,
climb,JY9944,5f912e52724b77688cf02617853429bd,2026-06-28,256,70139438621,31.483,,
climb,JY9944,5f912e52724b77688cf02617853429bd,2026-06-29,256,70139438621,31.483,,
climb,JY9944,5f912e52724b77688cf02617853429bd,2026-06-30,256,70193691086,31.507,,
climb,JY9944,5f912e52724b77688cf02617853429bd,2026-07-01,256,70193691086,31.507,,
climb,JY9944,5f912e52724b77688cf02617853429bd,2026-07-02,256,70193691086,31.507,,
climb,JY9944,5f912e52724b77688cf02617853429bd,2026-07-03,256,70193691086,31.507,,
climb,JY9944,5f912e52724b77688cf02617853429bd,2026-07-04,256,70193691086,31.507,6701894,
climb,JY9944,5f912e52724b77688cf02617853429bd,2026-07-05,256,70193691086,31.507,,
climb,JY9944,5f912e52724b77688cf02617853429bd,2026-07-06,256,70193691086,31.507,,
climb,JY9944,5f912e52724b77688cf02617853429bd,2026-07-07,256,70193691086,31.507,,
climb,JY9944,5f912e52724b77688cf02617853429bd,2026-07-08,256,70193691086,31.507,,
climb,JY9944,5f912e52724b77688cf02617853429bd,2026-07-09,256,70193691086,31.507,,
climb,JY9944,5f912e52724b77688cf02617853429bd,2026-07-10,256,70193691086,31.507,,
climb,JY9944,5f912e52724b77688cf02617853429bd,2026-07-11,256,70193691086,31.507,,
climb,JY9944,5f912e52724b77688cf02617853429bd,2026-07-12,256,70193691086,31.507,6701894,
climb,JY9944,5f912e52724b77688cf02617853429bd,2026-07-13,256,70193691086,31.507,,
climb,JY9944,5f912e52724b77688cf02617853429bd,2026-07-14,256,70237248046,31.527,,
climb,JY9944,5f912e52724b77688cf02617853429bd,2026-07-15,256,70237248046,31.527,,
climb,JY9944,5f912e52724b77688cf02617853429bd,2026-07-16,256,70237248046,31.527,,
climb,JY9944,5f912e52724b77688cf02617853429bd,2026-07-17,256,70237248046,31.527,,
climb,JY9944,5f912e52724b77688cf02617853429bd,2026-07-18,256,70237248046,31.527,,
climb,JY9944,5f912e52724b77688cf02617853429bd,2026-07-19,256,70289278326,31.550,,
climb,JY9944,5f912e52724b77688cf02617853429bd,2026-07-20,256,70289278326,31.550,6555332,
climb,JY9944,5f912e52724b77688cf02617853429bd,2026-07-21,256,70289278326,31.550,,
climb,JY9944,5f912e52724b77688cf02617853429bd,2026-07-22,256,70289278326,31.550,,
climb,아라르데르,43244b5c3237480729e5feadd94312e9efe8d04e6d233bd35cf2fabdeb93fb0d,2026-06-18,256,108338285035,48.629,1022938,
climb,아라르데르,43244b5c3237480729e5feadd94312e9efe8d04e6d233bd35cf2fabdeb93fb0d,2026-06-19,256,108338285035,48.629,,
climb,아라르데르,43244b5c3237480729e5feadd94312e9efe8d04e6d233bd35cf2fabdeb93fb0d,2026-06-20,256,108338285035,48.629,,
climb,아라르데르,43244b5c3237480729e5feadd94312e9efe8d04e6d233bd35cf2fabdeb93fb0d,2026-06-21,256,108338285035,48.629,,
climb,아라르데르,43244b5c3237480729e5feadd94312e9efe8d04e6d233bd35cf2fabdeb93fb0d,2026-06-22,256,108338285035,48.629,,
climb,아라르데르,43244b5c3237480729e5feadd94312e9efe8d04e6d233bd35cf2fabdeb93fb0d,2026-06-23,256,108338285035,48.629,,
climb,아라르데르,43244b5c3237480729e5feadd94312e9efe8d04e6d233bd35cf2fabdeb93fb0d,2026-06-24,256,108338285035,48.629,,
climb,아라르데르,43244b5c3237480729e5feadd94312e9efe8d04e6d233bd35cf2fabdeb93fb0d,2026-06-25,256,108338285035,48.629,,
climb,아라르데르,43244b5c3237480729e5feadd94312e9efe8d04e6d233bd35cf2fabdeb93fb0d,2026-06-26,256,108338285035,48.629,1022938,
climb,아라르데르,43244b5c3237480729e5feadd94312e9efe8d04e6d233bd35cf2fabdeb93fb0d,2026-06-27,256,108338285035,48.629,,
climb,아라르데르,43244b5c3237480729e5feadd94312e9efe8d04e6d233bd35cf2fabdeb93fb0d,2026-06-28,256,108338285035,48.629,,
climb,아라르데르,43244b5c3237480729e5feadd94312e9efe8d04e6d233bd35cf2fabdeb93fb0d,2026-06-29,256,108338285035,48.629,,
climb,아라르데르,43244b5c3237480729e5feadd94312e9efe8d04e6d233bd35cf2fabdeb93fb0d,2026-06-30,256,108338285035,48.629,,
climb,아라르데르,43244b5c3237480729e5feadd94312e9efe8d04e6d233bd35cf2fabdeb93fb0d,2026-07-01,256,108338285035,48.629,,
climb,아라르데르,43244b5c3237480729e5feadd94312e9efe8d04e6d233bd35cf2fabdeb93fb0d,2026-07-02,256,108338285035,48.629,,
climb,아라르데르,43244b5c3237480729e5feadd94312e9efe8d04e6d233bd35cf2fabdeb93fb0d,2026-07-03,256,108338285035,48.629,,
climb,아라르데르,43244b5c3237480729e5feadd94312e9efe8d04e6d233bd35cf2fabdeb93fb0d,2026-07-04,256,108338285035,48.629,1022938,
climb,아라르데르,43244b5c3237480729e5feadd94312e9efe8d04e6d233bd35cf2fabdeb93fb0d,2026-07-05,256,108338285035,48.629,,
climb,아라르데르,43244b5c3237480729e5feadd94312e9efe8d04e6d233bd35cf2fabdeb93fb0d,2026-07-06,256,108338285035,48.629,,
climb,아라르데르,43244b5c3237480729e5feadd94312e9efe8d04e6d233bd35cf2fabdeb93fb0d,2026-07-07,256,108338285035,48.629,,
climb,아라르데르,43244b5c3237480729e5feadd94312e9efe8d04e6d233bd35cf2fabdeb93fb0d,2026-07-08,256,108338285035,48.629,,
climb,아라르데르,43244b5c3237480729e5feadd94312e9efe8d04e6d233bd35cf2fabdeb93fb0d,2026-07-09,256,108338285035,48.629,,
climb,아라르데르,43244b5c3237480729e5feadd94312e9efe8d04e6d233bd35cf2fabdeb93fb0d,2026-07-10,256,108338285035,48.629,,
climb,아라르데르,43244b5c3237480729e5feadd94312e9efe8d04e6d233bd35cf2fabdeb93fb0d,2026-07-11,256,108338285035,48.629,,
climb,아라르데르,43244b5c3237480729e5feadd94312e9efe8d04e6d233bd35cf2fabdeb93fb0d,2026-07-12,256,108338285035,48.629,1022938,
climb,아라르데르,43244b5c3237480729e5feadd94312e9efe8d04e6d233bd35cf2fabdeb93fb0d,2026-07-13,256,108338285035,48.629,,
climb,아라르데르,43244b5c3237480729e5feadd94312e9efe8d04e6d233bd35cf2fabdeb93fb0d,2026-07-14,256,108338285035,48.629,,
climb,아라르데르,43244b5c3237480729e5feadd94312e9efe8d04e6d233bd35cf2fabdeb93fb0d,2026-07-15,256,108338285035,48.629,,
climb,아라르데르,43244b5c3237480729e5feadd94312e9efe8d04e6d233bd35cf2fabdeb93fb0d,2026-07-16,256,108338285035,48.629,,
climb,아라르데르,43244b5c3237480729e5feadd94312e9efe8d04e6d233bd35cf2fabdeb93fb0d,2026-07-17,256,108338285035,48.629,,
climb,아라르데르,43244b5c3237480729e5feadd94312e9efe8d04e6d233bd35cf2fabdeb93fb0d,2026-07-18,256,108338285035,48.629,,
climb,아라르데르,43244b5c3237480729e5feadd94312e9efe8d04e6d233bd35cf2fabdeb93fb0d,2026-07-19,256,108338285035,48.629,,
climb,아라르데르,43244b5c3237480729e5feadd94312e9efe8d04e6d233bd35cf2fabdeb93fb0d,2026-07-20,256,108338285035,48.629,1022938,
climb,아라르데르,43244b5c3237480729e5feadd94312e9efe8d04e6d233bd35cf2fabdeb93fb0d,2026-07-21,256,108338285035,48.629,,
climb,아라르데르,43244b5c3237480729e5feadd94312e9efe8d04e6d233bd35cf2fabdeb93fb0d,2026-07-22,256,108338285035,48.629,,
climb,아렁낭나,1ecf7a16d8d6c62e0144659a9460ace9,2026-06-18,256,45235001589,20.304,42100,
climb,아렁낭나,1ecf7a16d8d6c62e0144659a9460ace9,2026-06-19,256,45235001589,20.304,,
climb,아렁낭나,1ecf7a16d8d6c62e0144659a9460ace9,2026-06-20,256,45235001589,20.304,,
climb,아렁낭나,1ecf7a16d8d6c62e0144659a9460ace9,2026-06-21,256,45235001589,20.304,,
climb,아렁낭나,1ecf7a16d8d6c62e0144659a9460ace9,2026-06-22,256,45235001589,20.304,,
climb,아렁낭나,1ecf7a16d8d6c62e0144659a9460ace9,2026-06-23,256,45235001589,20.304,,
climb,아렁낭나,1ecf7a16d8d6c62e0144659a9460ace9,2026-06-24,256,45235001589,20.304,,
climb,아렁낭나,1ecf7a16d8d6c62e0144659a9460ace9,2026-06-25,256,45235001589,20.304,,
climb,아렁낭나,1ecf7a16d8d6c62e0144659a9460ace9,2026-06-26,256,45235001589,20.304,42100,
climb,아렁낭나,1ecf7a16d8d6c62e0144659a9460ace9,2026-06-27,256,45235001589,20.304,,
climb,아렁낭나,1ecf7a16d8d6c62e0144659a9460ace9,2026-06-28,256,45235001589,20.304,,
climb,아렁낭나,1ecf7a16d8d6c62e0144659a9460ace9,2026-06-29,256,45235001589,20.304,,
climb,아렁낭나,1ecf7a16d8d6c62e0144659a9460ace9,2026-06-30,256,45235001589,20.304,,
climb,아렁낭나,1ecf7a16d8d6c62e0144659a9460ace9,2026-07-01,256,45235001589,20.304,,
climb,아렁낭나,1ecf7a16d8d6c62e0144659a9460ace9,2026-07-02,256,45235001589,20.304,,
climb,아렁낭나,1ecf7a16d8d6c62e0144659a9460ace9,2026-07-03,256,45235001589,20.304,,
climb,아렁낭나,1ecf7a16d8d6c62e0144659a9460ace9,2026-07-04,256,45235001589,20.304,42100,
climb,아렁낭나,1ecf7a16d8d6c62e0144659a9460ace9,2026-07-05,256,45235001589,20.304,,
climb,아렁낭나,1ecf7a16d8d6c62e0144659a9460ace9,2026-07-06,256,45235001589,20.304,,
climb,아렁낭나,1ecf7a16d8d6c62e0144659a9460ace9,2026-07-07,256,45235001589,20.304,,
climb,아렁낭나,1ecf7a16d8d6c62e0144659a9460ace9,2026-07-08,256,45235001589,20.304,,
climb,아렁낭나,1ecf7a16d8d6c62e0144659a9460ace9,2026-07-09,256,45235001589,20.304,,
climb,아렁낭나,1ecf7a16d8d6c62e0144659a9460ace9,2026-07-10,256,45235001589,20.304,,
climb,아렁낭나,1ecf7a16d8d6c62e0144659a9460ace9,2026-07-11,256,45235001589,20.304,,
climb,아렁낭나,1ecf7a16d8d6c62e0144659a9460ace9,2026-07-12,256,45235001589,20.304,42100,
climb,아렁낭나,1ecf7a16d8d6c62e0144659a9460ace9,2026-07-13,256,45235001589,20.304,,
climb,아렁낭나,1ecf7a16d8d6c62e0144659a9460ace9,2026-07-14,256,45235001589,20.304,,
climb,아렁낭나,1ecf7a16d8d6c62e0144659a9460ace9,2026-07-15,256,45235001589,20.304,,
climb,아렁낭나,1ecf7a16d8d6c62e0144659a9460ace9,2026-07-16,256,45235001589,20.304,,
climb,아렁낭나,1ecf7a16d8d6c62e0144659a9460ace9,2026-07-17,256,45235001589,20.304,,
climb,아렁낭나,1ecf7a16d8d6c62e0144659a9460ace9,2026-07-18,256,45235001589,20.304,,
climb,아렁낭나,1ecf7a16d8d6c62e0144659a9460ace9,2026-07-19,256,45235001589,20.304,,
climb,아렁낭나,1ecf7a16d8d6c62e0144659a9460ace9,2026-07-20,256,45235001589,20.304,42100,
climb,아렁낭나,1ecf7a16d8d6c62e0144659a9460ace9,2026-07-21,256,45235001589,20.304,,
climb,아렁낭나,1ecf7a16d8d6c62e0144659a9460ace9,2026-07-22,256,45235001589,20.304,,
climb,광명제일구슬,3c6681f716cedd680bf6b0bf8e077686e85e07f9d5d276f44440847eec04ba68,2026-06-18,256,89265545903,40.068,1805,
climb,광명제일구슬,3c6681f716cedd680bf6b0bf8e077686e85e07f9d5d276f44440847eec04ba68,2026-06-19,256,89265545903,40.068,,
climb,광명제일구슬,3c6681f716cedd680bf6b0bf8e077686e85e07f9d5d276f44440847eec04ba68,2026-06-20,256,89265545903,40.068,,
climb,광명제일구슬,3c6681f716cedd680bf6b0bf8e077686e85e07f9d5d276f44440847eec04ba68,2026-06-21,256,89265545903,40.068,,
climb,광명제일구슬,3c6681f716cedd680bf6b0bf8e077686e85e07f9d5d276f44440847eec04ba68,2026-06-22,256,89265545903,40.068,,
climb,광명제일구슬,3c6681f716cedd680bf6b0bf8e077686e85e07f9d5d276f44440847eec04ba68,2026-06-23,256,89265545903,40.068,,
climb,광명제일구슬,3c6681f716cedd680bf6b0bf8e077686e85e07f9d5d276f44440847eec04ba68,2026-06-24,256,89265545903,40.068,,
climb,광명제일구슬,3c6681f716cedd680bf6b0bf8e077686e85e07f9d5d276f44440847eec04ba68,2026-06-25,256,89265545903,40.068,,
climb,광명제일구슬,3c6681f716cedd680bf6b0bf8e077686e85e07f9d5d276f44440847eec04ba68,2026-06-26,256,89265545903,40.068,1805,
climb,광명제일구슬,3c6681f716cedd680bf6b0bf8e077686e85e07f9d5d276f44440847eec04ba68,2026-06-27,256,89265545903,40.068,,
climb,광명제일구슬,3c6681f716cedd680bf6b0bf8e077686e85e07f9d5d276f44440847eec04ba68,2026-06-28,256,89265545903,40.068,,
climb,광명제일구슬,3c6681f716cedd680bf6b0bf8e077686e85e07f9d5d276f44440847eec04ba68,2026-06-29,256,89265545903,40.068,,
climb,광명제일구슬,3c6681f716cedd680bf6b0bf8e077686e85e07f9d5d276f44440847eec04ba68,2026-06-30,256,89265545903,40.068,,
climb,광명제일구슬,3c6681f716cedd680bf6b0bf8e077686e85e07f9d5d276f44440847eec04ba68,2026-07-01,256,89265545903,40.068,,
climb,광명제일구슬,3c6681f716cedd680bf6b0bf8e077686e85e07f9d5d276f44440847eec04ba68,2026-07-02,256,89265545903,40.068,,
climb,광명제일구슬,3c6681f716cedd680bf6b0bf8e077686e85e07f9d5d276f44440847eec04ba68,2026-07-03,256,89265545903,40.068,,
climb,광명제일구슬,3c6681f716cedd680bf6b0bf8e077686e85e07f9d5d276f44440847eec04ba68,2026-07-04,256,89265545903,40.068,1805,
climb,광명제일구슬,3c6681f716cedd680bf6b0bf8e077686e85e07f9d5d276f44440847eec04ba68,2026-07-05,256,89265545903,40.068,,
climb,광명제일구슬,3c6681f716cedd680bf6b0bf8e077686e85e07f9d5d276f44440847eec04ba68,2026-07-06,256,89265545903,40.068,,
climb,광명제일구슬,3c6681f716cedd680bf6b0bf8e077686e85e07f9d5d276f44440847eec04ba68,2026-07-07,256,89265545903,40.068,,
climb,광명제일구슬,3c6681f716cedd680bf6b0bf8e077686e85e07f9d5d276f44440847eec04ba68,2026-07-08,256,89265545903,40.068,,
climb,광명제일구슬,3c6681f716cedd680bf6b0bf8e077686e85e07f9d5d276f44440847eec04ba68,2026-07-09,256,89265545903,40.068,,
climb,광명제일구슬,3c6681f716cedd680bf6b0bf8e077686e85e07f9d5d276f44440847eec04ba68,2026-07-10,256,89265545903,40.068,,
climb,광명제일구슬,3c6681f716cedd680bf6b0bf8e077686e85e07f9d5d276f44440847eec04ba68,2026-07-11,256,89265545903,40.068,,
climb,광명제일구슬,3c6681f716cedd680bf6b0bf8e077686e85e07f9d5d276f44440847eec04ba68,2026-07-12,256,89265545903,40.068,1805,
climb,광명제일구슬,3c6681f716cedd680bf6b0bf8e077686e85e07f9d5d276f44440847eec04ba68,2026-07-13,256,89265545903,40.068,,
climb,광명제일구슬,3c6681f716cedd680bf6b0bf8e077686e85e07f9d5d276f44440847eec04ba68,2026-07-14,256,89265545903,40.068,,
climb,광명제일구슬,3c6681f716cedd680bf6b0bf8e077686e85e07f9d5d276f44440847eec04ba68,2026-07-15,256,89265545903,40.068,,
climb,광명제일구슬,3c6681f716cedd680bf6b0bf8e077686e85e07f9d5d276f44440847eec04ba68,2026-07-16,256,89265545903,40.068,,
climb,광명제일구슬,3c6681f716cedd680bf6b0bf8e077686e85e07f9d5d276f44440847eec04ba68,2026-07-17,256,89265545903,40.068,,
climb,광명제일구슬,3c6681f716cedd680bf6b0bf8e077686e85e07f9d5d276f44440847eec04ba68,2026-07-18,256,89265545903,40.068,,
climb,광명제일구슬,3c6681f716cedd680bf6b0bf8e077686e85e07f9d5d276f44440847eec04ba68,2026-07-19,256,89265545903,40.068,,
climb,광명제일구슬,3c6681f716cedd680bf6b0bf8e077686e85e07f9d5d276f44440847eec04ba68,2026-07-20,256,89265545903,40.068,1805,
climb,광명제일구슬,3c6681f716cedd680bf6b0bf8e077686e85e07f9d5d276f44440847eec04ba68,2026-07-21,256,89265545903,40.068,,
climb,광명제일구슬,3c6681f716cedd680bf6b0bf8e077686e85e07f9d5d276f44440847eec04ba68,2026-07-22,256,89265545903,40.068,,
climb,우빠쁘뿌,efed4bdca099185b6fb399e8e64464f8,2026-06-18,256,53696067884,24.102,1389204,
climb,우빠쁘뿌,efed4bdca099185b6fb399e8e64464f8,2026-06-19,256,79878926046,35.855,,
climb,우빠쁘뿌,efed4bdca099185b6fb399e8e64464f8,2026-06-20,256,121400396728,54.492,,
climb,우빠쁘뿌,efed4bdca099185b6fb399e8e64464f8,2026-06-21,256,162921867410,73.129,,
climb,우빠쁘뿌,efed4bdca099185b6fb399e8e64464f8,2026-06-22,256,204443338092,91.767,,
climb,우빠쁘뿌,efed4bdca099185b6fb399e8e64464f8,2026-06-23,257,23178739285,10.101,,
climb,우빠쁘뿌,efed4bdca099185b6fb399e8e64464f8,2026-06-24,257,64700209967,28.196,,
climb,우빠쁘뿌,efed4bdca099185b6fb399e8e64464f8,2026-06-25,257,92381190422,40.259,,
climb,우빠쁘뿌,efed4bdca099185b6fb399e8e64464f8,2026-06-26,257,120062170877,52.322,1331706,
climb,우빠쁘뿌,efed4bdca099185b6fb399e8e64464f8,2026-06-27,257,147743151332,64.385,,
climb,우빠쁘뿌,efed4bdca099185b6fb399e8e64464f8,2026-06-28,257,175424131787,76.448,,
climb,우빠쁘뿌,efed4bdca099185b6fb399e8e64464f8,2026-06-29,257,203105112242,88.511,,
climb,우빠쁘뿌,efed4bdca099185b6fb399e8e64464f8,2026-06-30,258,1316441124,0.557,,
climb,우빠쁘뿌,efed4bdca099185b6fb399e8e64464f8,2026-07-01,258,28997421579,12.269,,
climb,우빠쁘뿌,efed4bdca099185b6fb399e8e64464f8,2026-07-02,258,56678402034,23.980,,
climb,우빠쁘뿌,efed4bdca099185b6fb399e8e64464f8,2026-07-03,258,84359382489,35.692,,
climb,우빠쁘뿌,efed4bdca099185b6fb399e8e64464f8,2026-07-04,258,112040362944,47.404,1126160,
climb,우빠쁘뿌,efed4bdca099185b6fb399e8e64464f8,2026-07-05,258,139721343399,59.115,,
climb,우빠쁘뿌,efed4bdca099185b6fb399e8e64464f8,2026-07-06,258,167402323854,70.827,,
climb,우빠쁘뿌,efed4bdca099185b6fb399e8e64464f8,2026-07-07,258,195083304309,82.539,,
climb,우빠쁘뿌,efed4bdca099185b6fb399e8e64464f8,2026-07-08,258,222764284764,94.250,,
climb,우빠쁘뿌,efed4bdca099185b6fb399e8e64464f8,2026-07-09,259,14091524099,5.788,,
climb,우빠쁘뿌,efed4bdca099185b6fb399e8e64464f8,2026-07-10,259,14091524099,5.788,,
climb,우빠쁘뿌,efed4bdca099185b6fb399e8e64464f8,2026-07-11,259,41772504554,17.159,,
climb,우빠쁘뿌,efed4bdca099185b6fb399e8e64464f8,2026-07-12,259,69453485009,28.530,1258653,
climb,우빠쁘뿌,efed4bdca099185b6fb399e8e64464f8,2026-07-13,259,97134465464,39.900,,
climb,우빠쁘뿌,efed4bdca099185b6fb399e8e64464f8,2026-07-14,259,124815445919,51.271,,
climb,우빠쁘뿌,efed4bdca099185b6fb399e8e64464f8,2026-07-15,259,152496426374,62.641,,
climb,우빠쁘뿌,efed4bdca099185b6fb399e8e64464f8,2026-07-16,259,180177406829,74.012,,
climb,우빠쁘뿌,efed4bdca099185b6fb399e8e64464f8,2026-07-17,259,207858387284,85.382,,
climb,우빠쁘뿌,efed4bdca099185b6fb399e8e64464f8,2026-07-18,259,235539367739,96.753,,
climb,우빠쁘뿌,efed4bdca099185b6fb399e8e64464f8,2026-07-19,260,2320756066,0.134,,
climb,우빠쁘뿌,efed4bdca099185b6fb399e8e64464f8,2026-07-20,260,2320756066,0.134,1129315,
climb,우빠쁘뿌,efed4bdca099185b6fb399e8e64464f8,2026-07-21,260,2320756066,0.134,,
climb,우빠쁘뿌,efed4bdca099185b6fb399e8e64464f8,2026-07-22,260,10718304841,0.619,,
climb,어제먹던반찬,2082507b9bc81ffd3304eb7d32c886aa,2026-06-18,256,71497808276,32.093,3031918,
climb,어제먹던반찬,2082507b9bc81ffd3304eb7d32c886aa,2026-06-19,256,71497808276,32.093,,
climb,어제먹던반찬,2082507b9bc81ffd3304eb7d32c886aa,2026-06-20,256,71497808276,32.093,,
climb,어제먹던반찬,2082507b9bc81ffd3304eb7d32c886aa,2026-06-21,256,71497808276,32.093,,
climb,어제먹던반찬,2082507b9bc81ffd3304eb7d32c886aa,2026-06-22,256,71497808276,32.093,,
climb,어제먹던반찬,2082507b9bc81ffd3304eb7d32c886aa,2026-06-23,256,71497808276,32.093,,
climb,어제먹던반찬,2082507b9bc81ffd3304eb7d32c886aa,2026-06-24,256,71497808276,32.093,,
climb,어제먹던반찬,2082507b9bc81ffd3304eb7d32c886aa,2026-06-25,256,71497808276,32.093,,
climb,어제먹던반찬,2082507b9bc81ffd3304eb7d32c886aa,2026-06-26,256,71497808276,32.093,3031918,
climb,어제먹던반찬,2082507b9bc81ffd3304eb7d32c886aa,2026-06-27,256,71497808276,32.093,,
climb,어제먹던반찬,2082507b9bc81ffd3304eb7d32c886aa,2026-06-28,256,71497808276,32.093,,
climb,어제먹던반찬,2082507b9bc81ffd3304eb7d32c886aa,2026-06-29,256,71497808276,32.093,,
climb,어제먹던반찬,2082507b9bc81ffd3304eb7d32c886aa,2026-06-30,256,71497808276,32.093,,
climb,어제먹던반찬,2082507b9bc81ffd3304eb7d32c886aa,2026-07-01,256,71497808276,32.093,,
climb,어제먹던반찬,2082507b9bc81ffd3304eb7d32c886aa,2026-07-02,256,71497808276,32.093,,
climb,어제먹던반찬,2082507b9bc81ffd3304eb7d32c886aa,2026-07-03,256,71497808276,32.093,,
climb,어제먹던반찬,2082507b9bc81ffd3304eb7d32c886aa,2026-07-04,256,71497808276,32.093,3094564,
climb,어제먹던반찬,2082507b9bc81ffd3304eb7d32c886aa,2026-07-05,256,71497808276,32.093,,
climb,어제먹던반찬,2082507b9bc81ffd3304eb7d32c886aa,2026-07-06,256,71497808276,32.093,,
climb,어제먹던반찬,2082507b9bc81ffd3304eb7d32c886aa,2026-07-07,256,71497808276,32.093,,
climb,어제먹던반찬,2082507b9bc81ffd3304eb7d32c886aa,2026-07-08,256,71497808276,32.093,,
climb,어제먹던반찬,2082507b9bc81ffd3304eb7d32c886aa,2026-07-09,256,71497808276,32.093,,
climb,어제먹던반찬,2082507b9bc81ffd3304eb7d32c886aa,2026-07-10,256,71497808276,32.093,,
climb,어제먹던반찬,2082507b9bc81ffd3304eb7d32c886aa,2026-07-11,256,71497808276,32.093,,
climb,어제먹던반찬,2082507b9bc81ffd3304eb7d32c886aa,2026-07-12,256,71497808276,32.093,3009603,
climb,어제먹던반찬,2082507b9bc81ffd3304eb7d32c886aa,2026-07-13,256,71497808276,32.093,,
climb,어제먹던반찬,2082507b9bc81ffd3304eb7d32c886aa,2026-07-14,256,71497808276,32.093,,
climb,어제먹던반찬,2082507b9bc81ffd3304eb7d32c886aa,2026-07-15,256,71497808276,32.093,,
climb,어제먹던반찬,2082507b9bc81ffd3304eb7d32c886aa,2026-07-16,256,71497808276,32.093,,
climb,어제먹던반찬,2082507b9bc81ffd3304eb7d32c886aa,2026-07-17,256,71497808276,32.093,,
climb,어제먹던반찬,2082507b9bc81ffd3304eb7d32c886aa,2026-07-18,256,71497808276,32.093,,
climb,어제먹던반찬,2082507b9bc81ffd3304eb7d32c886aa,2026-07-19,256,71497808276,32.093,,
climb,어제먹던반찬,2082507b9bc81ffd3304eb7d32c886aa,2026-07-20,256,71497808276,32.093,3009603,
climb,어제먹던반찬,2082507b9bc81ffd3304eb7d32c886aa,2026-07-21,256,71497808276,32.093,,
climb,어제먹던반찬,2082507b9bc81ffd3304eb7d32c886aa,2026-07-22,256,71497808276,32.093,,
climb,이거니꺼니,989544eacbf112b0606e50a5614181b8,2026-06-18,256,98111043326,44.038,224902,
climb,이거니꺼니,989544eacbf112b0606e50a5614181b8,2026-06-19,256,108336785006,48.628,,
climb,이거니꺼니,989544eacbf112b0606e50a5614181b8,2026-06-20,256,118562526686,53.218,,
climb,이거니꺼니,989544eacbf112b0606e50a5614181b8,2026-06-21,256,128788268366,57.808,,
climb,이거니꺼니,989544eacbf112b0606e50a5614181b8,2026-06-22,256,139014010046,62.398,,
climb,이거니꺼니,989544eacbf112b0606e50a5614181b8,2026-06-23,256,149239751726,66.988,,
climb,이거니꺼니,989544eacbf112b0606e50a5614181b8,2026-06-24,256,159465493406,71.578,,
climb,이거니꺼니,989544eacbf112b0606e50a5614181b8,2026-06-25,256,159465493406,71.578,,
climb,이거니꺼니,989544eacbf112b0606e50a5614181b8,2026-06-26,256,169691235086,76.168,282370,
climb,이거니꺼니,989544eacbf112b0606e50a5614181b8,2026-06-27,256,169691235086,76.168,,
climb,이거니꺼니,989544eacbf112b0606e50a5614181b8,2026-06-28,256,179916976766,80.758,,
climb,이거니꺼니,989544eacbf112b0606e50a5614181b8,2026-06-29,256,190142718446,85.348,,
climb,이거니꺼니,989544eacbf112b0606e50a5614181b8,2026-06-30,256,200368460126,89.938,,
climb,이거니꺼니,989544eacbf112b0606e50a5614181b8,2026-07-01,256,210594201806,94.528,,
climb,이거니꺼니,989544eacbf112b0606e50a5614181b8,2026-07-02,256,220819943486,99.117,,
climb,이거니꺼니,989544eacbf112b0606e50a5614181b8,2026-07-03,256,220819943486,99.117,,
climb,이거니꺼니,989544eacbf112b0606e50a5614181b8,2026-07-04,257,8259615677,3.599,282370,
climb,이거니꺼니,989544eacbf112b0606e50a5614181b8,2026-07-05,257,18485357357,8.056,,
climb,이거니꺼니,989544eacbf112b0606e50a5614181b8,2026-07-06,257,28711099037,12.512,,
climb,이거니꺼니,989544eacbf112b0606e50a5614181b8,2026-07-07,257,38936840717,16.968,,
climb,이거니꺼니,989544eacbf112b0606e50a5614181b8,2026-07-08,257,49162582397,21.424,,
climb,이거니꺼니,989544eacbf112b0606e50a5614181b8,2026-07-09,257,59388324077,25.881,,
climb,이거니꺼니,989544eacbf112b0606e50a5614181b8,2026-07-10,257,69614065757,30.337,,
climb,이거니꺼니,989544eacbf112b0606e50a5614181b8,2026-07-11,257,79839807437,34.793,,
climb,이거니꺼니,989544eacbf112b0606e50a5614181b8,2026-07-12,257,90065549117,39.249,282370,
climb,이거니꺼니,989544eacbf112b0606e50a5614181b8,2026-07-13,257,100291290797,43.706,,
climb,이거니꺼니,989544eacbf112b0606e50a5614181b8,2026-07-14,257,110517032477,48.162,,
climb,이거니꺼니,989544eacbf112b0606e50a5614181b8,2026-07-15,257,120742774157,52.618,,
climb,이거니꺼니,989544eacbf112b0606e50a5614181b8,2026-07-16,257,130968515837,57.074,,
climb,이거니꺼니,989544eacbf112b0606e50a5614181b8,2026-07-17,257,141194257517,61.531,,
climb,이거니꺼니,989544eacbf112b0606e50a5614181b8,2026-07-18,257,151419999197,65.987,,
climb,이거니꺼니,989544eacbf112b0606e50a5614181b8,2026-07-19,257,161645740877,70.443,,
climb,이거니꺼니,989544eacbf112b0606e50a5614181b8,2026-07-20,257,171871482557,74.899,282370,
climb,이거니꺼니,989544eacbf112b0606e50a5614181b8,2026-07-21,257,182097224237,79.356,,
climb,이거니꺼니,989544eacbf112b0606e50a5614181b8,2026-07-22,257,192322965917,83.812,,
climb,나한테맞아볼,021d71c6c5fce78fcc38720dc5ff520a,2026-06-18,256,92538235498,41.537,1599609,
climb,나한테맞아볼,021d71c6c5fce78fcc38720dc5ff520a,2026-06-19,256,92538235498,41.537,,
climb,나한테맞아볼,021d71c6c5fce78fcc38720dc5ff520a,2026-06-20,256,92538235498,41.537,,
climb,나한테맞아볼,021d71c6c5fce78fcc38720dc5ff520a,2026-06-21,256,120219215953,53.962,,
climb,나한테맞아볼,021d71c6c5fce78fcc38720dc5ff520a,2026-06-22,256,120219215953,53.962,,
climb,나한테맞아볼,021d71c6c5fce78fcc38720dc5ff520a,2026-06-23,256,120219215953,53.962,,
climb,나한테맞아볼,021d71c6c5fce78fcc38720dc5ff520a,2026-06-24,256,147900196408,66.387,,
climb,나한테맞아볼,021d71c6c5fce78fcc38720dc5ff520a,2026-06-25,256,175581176863,78.812,,
climb,나한테맞아볼,021d71c6c5fce78fcc38720dc5ff520a,2026-06-26,256,203262157318,91.236,1902267,
climb,나한테맞아볼,021d71c6c5fce78fcc38720dc5ff520a,2026-06-27,256,203262157318,91.236,,
climb,나한테맞아볼,021d71c6c5fce78fcc38720dc5ff520a,2026-06-28,256,203262157318,91.236,,
climb,나한테맞아볼,021d71c6c5fce78fcc38720dc5ff520a,2026-06-29,256,203262157318,91.236,,
climb,나한테맞아볼,021d71c6c5fce78fcc38720dc5ff520a,2026-06-30,256,203262157318,91.236,,
climb,나한테맞아볼,021d71c6c5fce78fcc38720dc5ff520a,2026-07-01,257,8157068284,3.555,,
climb,나한테맞아볼,021d71c6c5fce78fcc38720dc5ff520a,2026-07-02,257,27440499964,11.958,,
climb,나한테맞아볼,021d71c6c5fce78fcc38720dc5ff520a,2026-07-03,257,46723931644,20.362,,
climb,나한테맞아볼,021d71c6c5fce78fcc38720dc5ff520a,2026-07-04,257,66007363324,28.765,1905167,
climb,나한테맞아볼,021d71c6c5fce78fcc38720dc5ff520a,2026-07-05,257,93688343779,40.828,,
climb,나한테맞아볼,021d71c6c5fce78fcc38720dc5ff520a,2026-07-06,257,121369324234,52.891,,
climb,나한테맞아볼,021d71c6c5fce78fcc38720dc5ff520a,2026-07-07,257,149050304689,64.954,,
climb,나한테맞아볼,021d71c6c5fce78fcc38720dc5ff520a,2026-07-08,257,190497627702,83.016,,
climb,나한테맞아볼,021d71c6c5fce78fcc38720dc5ff520a,2026-07-09,258,11697729381,4.949,,
climb,나한테맞아볼,021d71c6c5fce78fcc38720dc5ff520a,2026-07-10,258,11697729381,4.949,,
climb,나한테맞아볼,021d71c6c5fce78fcc38720dc5ff520a,2026-07-11,258,11697729381,4.949,,
climb,나한테맞아볼,021d71c6c5fce78fcc38720dc5ff520a,2026-07-12,258,57675896348,24.402,1911309,
climb,나한테맞아볼,021d71c6c5fce78fcc38720dc5ff520a,2026-07-13,258,99123219361,41.939,,
climb,나한테맞아볼,021d71c6c5fce78fcc38720dc5ff520a,2026-07-14,258,145101386328,61.392,,
climb,나한테맞아볼,021d71c6c5fce78fcc38720dc5ff520a,2026-07-15,258,191079553295,80.845,,
climb,나한테맞아볼,021d71c6c5fce78fcc38720dc5ff520a,2026-07-16,258,232820196428,98.505,,
climb,나한테맞아볼,021d71c6c5fce78fcc38720dc5ff520a,2026-07-17,259,36381733521,14.945,,
climb,나한테맞아볼,021d71c6c5fce78fcc38720dc5ff520a,2026-07-18,259,79486109984,32.651,,
climb,나한테맞아볼,021d71c6c5fce78fcc38720dc5ff520a,2026-07-19,259,125464276951,51.537,,
climb,나한테맞아볼,021d71c6c5fce78fcc38720dc5ff520a,2026-07-20,259,171442443918,70.424,1914038,
climb,나한테맞아볼,021d71c6c5fce78fcc38720dc5ff520a,2026-07-21,259,200010556164,82.159,,
climb,나한테맞아볼,021d71c6c5fce78fcc38720dc5ff520a,2026-07-22,260,2909492432,0.168,,
climb,찬수왕,a307f0e1794fb34edaa52da9339fcf75,2026-06-18,256,52571515236,23.597,9236710,
climb,찬수왕,a307f0e1794fb34edaa52da9339fcf75,2026-06-19,256,52571515236,23.597,,
climb,찬수왕,a307f0e1794fb34edaa52da9339fcf75,2026-06-20,256,52571515236,23.597,,
climb,찬수왕,a307f0e1794fb34edaa52da9339fcf75,2026-06-21,256,52571515236,23.597,,
climb,찬수왕,a307f0e1794fb34edaa52da9339fcf75,2026-06-22,256,52571515236,23.597,,
climb,찬수왕,a307f0e1794fb34edaa52da9339fcf75,2026-06-23,256,52571515236,23.597,,
climb,찬수왕,a307f0e1794fb34edaa52da9339fcf75,2026-06-24,256,52571515236,23.597,,
climb,찬수왕,a307f0e1794fb34edaa52da9339fcf75,2026-06-25,256,52571515236,23.597,,
climb,찬수왕,a307f0e1794fb34edaa52da9339fcf75,2026-06-26,256,52571515236,23.597,9236710,
climb,찬수왕,a307f0e1794fb34edaa52da9339fcf75,2026-06-27,256,52571515236,23.597,,
climb,찬수왕,a307f0e1794fb34edaa52da9339fcf75,2026-06-28,256,52571515236,23.597,,
climb,찬수왕,a307f0e1794fb34edaa52da9339fcf75,2026-06-29,256,52571515236,23.597,,
climb,찬수왕,a307f0e1794fb34edaa52da9339fcf75,2026-06-30,256,52571515236,23.597,,
climb,찬수왕,a307f0e1794fb34edaa52da9339fcf75,2026-07-01,256,52571515236,23.597,,
climb,찬수왕,a307f0e1794fb34edaa52da9339fcf75,2026-07-02,256,52571515236,23.597,,
climb,찬수왕,a307f0e1794fb34edaa52da9339fcf75,2026-07-03,256,52571515236,23.597,,
climb,찬수왕,a307f0e1794fb34edaa52da9339fcf75,2026-07-04,256,52571515236,23.597,9236710,
climb,찬수왕,a307f0e1794fb34edaa52da9339fcf75,2026-07-05,256,52571515236,23.597,,
climb,찬수왕,a307f0e1794fb34edaa52da9339fcf75,2026-07-06,256,52571515236,23.597,,
climb,찬수왕,a307f0e1794fb34edaa52da9339fcf75,2026-07-07,256,80252495691,36.022,,
climb,찬수왕,a307f0e1794fb34edaa52da9339fcf75,2026-07-08,256,107933476146,48.447,,
climb,찬수왕,a307f0e1794fb34edaa52da9339fcf75,2026-07-09,256,107933476146,48.447,,
climb,찬수왕,a307f0e1794fb34edaa52da9339fcf75,2026-07-10,256,107933476146,48.447,,
climb,찬수왕,a307f0e1794fb34edaa52da9339fcf75,2026-07-11,256,140145300555,62.906,,
climb,찬수왕,a307f0e1794fb34edaa52da9339fcf75,2026-07-12,256,140145300555,62.906,9300638,
climb,찬수왕,a307f0e1794fb34edaa52da9339fcf75,2026-07-13,256,140145300555,62.906,,
climb,찬수왕,a307f0e1794fb34edaa52da9339fcf75,2026-07-14,256,140145300555,62.906,,
climb,찬수왕,a307f0e1794fb34edaa52da9339fcf75,2026-07-15,256,140145300555,62.906,,
climb,찬수왕,a307f0e1794fb34edaa52da9339fcf75,2026-07-16,256,140145300555,62.906,,
climb,찬수왕,a307f0e1794fb34edaa52da9339fcf75,2026-07-17,256,190815053807,85.649,,
climb,찬수왕,a307f0e1794fb34edaa52da9339fcf75,2026-07-18,256,190815053807,85.649,,
climb,찬수왕,a307f0e1794fb34edaa52da9339fcf75,2026-07-19,256,190815053807,85.649,,
climb,찬수왕,a307f0e1794fb34edaa52da9339fcf75,2026-07-20,256,190815053807,85.649,9300638,
climb,찬수왕,a307f0e1794fb34edaa52da9339fcf75,2026-07-21,256,190815053807,85.649,,
climb,찬수왕,a307f0e1794fb34edaa52da9339fcf75,2026-07-22,257,14007151285,6.104,,
climb,나였로,360ad732fa6f5497225cfac894d3bdfe8295750b1f4857867454debc45ec9c8a,2026-06-18,256,180186348483,80.879,7422990,
climb,나였로,360ad732fa6f5497225cfac894d3bdfe8295750b1f4857867454debc45ec9c8a,2026-06-19,257,103403707584,45.062,,
climb,나였로,360ad732fa6f5497225cfac894d3bdfe8295750b1f4857867454debc45ec9c8a,2026-06-20,258,17446264513,7.381,,
climb,나였로,360ad732fa6f5497225cfac894d3bdfe8295750b1f4857867454debc45ec9c8a,2026-06-21,260,950416528297,54.876,,
climb,나였로,360ad732fa6f5497225cfac894d3bdfe8295750b1f4857867454debc45ec9c8a,2026-06-22,260,950416528297,54.876,,
climb,나였로,360ad732fa6f5497225cfac894d3bdfe8295750b1f4857867454debc45ec9c8a,2026-06-23,260,950416528297,54.876,,
climb,나였로,360ad732fa6f5497225cfac894d3bdfe8295750b1f4857867454debc45ec9c8a,2026-06-24,260,1202062040882,69.406,,
climb,나였로,360ad732fa6f5497225cfac894d3bdfe8295750b1f4857867454debc45ec9c8a,2026-06-25,260,1388400373004,80.165,,
climb,나였로,360ad732fa6f5497225cfac894d3bdfe8295750b1f4857867454debc45ec9c8a,2026-06-26,260,1388400373004,80.165,8455176,
climb,나였로,360ad732fa6f5497225cfac894d3bdfe8295750b1f4857867454debc45ec9c8a,2026-06-27,261,15708098359,0.898,,
climb,나였로,360ad732fa6f5497225cfac894d3bdfe8295750b1f4857867454debc45ec9c8a,2026-06-28,261,500164166506,28.593,,
climb,나였로,360ad732fa6f5497225cfac894d3bdfe8295750b1f4857867454debc45ec9c8a,2026-06-29,261,500164166506,28.593,,
climb,나였로,360ad732fa6f5497225cfac894d3bdfe8295750b1f4857867454debc45ec9c8a,2026-06-30,261,500164166506,28.593,,
climb,나였로,360ad732fa6f5497225cfac894d3bdfe8295750b1f4857867454debc45ec9c8a,2026-07-01,261,694356464154,39.695,,
climb,나였로,360ad732fa6f5497225cfac894d3bdfe8295750b1f4857867454debc45ec9c8a,2026-07-02,261,694356464154,39.695,,
climb,나였로,360ad732fa6f5497225cfac894d3bdfe8295750b1f4857867454debc45ec9c8a,2026-07-03,261,792723450153,45.318,,
climb,나였로,360ad732fa6f5497225cfac894d3bdfe8295750b1f4857867454debc45ec9c8a,2026-07-04,261,792723450153,45.318,10987318,
climb,나였로,360ad732fa6f5497225cfac894d3bdfe8295750b1f4857867454debc45ec9c8a,2026-07-05,261,965469952044,55.194,,
climb,나였로,360ad732fa6f5497225cfac894d3bdfe8295750b1f4857867454debc45ec9c8a,2026-07-06,261,965469952044,55.194,,
climb,나였로,360ad732fa6f5497225cfac894d3bdfe8295750b1f4857867454debc45ec9c8a,2026-07-07,261,1446518536620,82.694,,
climb,나였로,360ad732fa6f5497225cfac894d3bdfe8295750b1f4857867454debc45ec9c8a,2026-07-08,261,1446518536620,82.694,,
climb,나였로,360ad732fa6f5497225cfac894d3bdfe8295750b1f4857867454debc45ec9c8a,2026-07-09,261,1446702184403,82.705,,
climb,나였로,360ad732fa6f5497225cfac894d3bdfe8295750b1f4857867454debc45ec9c8a,2026-07-10,261,1574865331655,90.031,,
climb,나였로,360ad732fa6f5497225cfac894d3bdfe8295750b1f4857867454debc45ec9c8a,2026-07-11,262,321611720994,18.204,,
climb,나였로,360ad732fa6f5497225cfac894d3bdfe8295750b1f4857867454debc45ec9c8a,2026-07-12,263,276184026599,15.478,16443968,
climb,나였로,360ad732fa6f5497225cfac894d3bdfe8295750b1f4857867454debc45ec9c8a,2026-07-13,263,999412627140,56.008,,
climb,나였로,360ad732fa6f5497225cfac894d3bdfe8295750b1f4857867454debc45ec9c8a,2026-07-14,263,1229936041540,68.927,,
climb,나였로,360ad732fa6f5497225cfac894d3bdfe8295750b1f4857867454debc45ec9c8a,2026-07-15,263,1454564150385,81.516,,
climb,나였로,360ad732fa6f5497225cfac894d3bdfe8295750b1f4857867454debc45ec9c8a,2026-07-16,263,1680105825717,94.155,,
climb,나였로,360ad732fa6f5497225cfac894d3bdfe8295750b1f4857867454debc45ec9c8a,2026-07-17,264,402532482338,22.335,,
climb,나였로,360ad732fa6f5497225cfac894d3bdfe8295750b1f4857867454debc45ec9c8a,2026-07-18,264,1088490618540,60.396,,
climb,나였로,360ad732fa6f5497225cfac894d3bdfe8295750b1f4857867454debc45ec9c8a,2026-07-19,265,323864579357,13.823,,
climb,나였로,360ad732fa6f5497225cfac894d3bdfe8295750b1f4857867454debc45ec9c8a,2026-07-20,265,398230602885,16.997,18356866,
climb,나였로,360ad732fa6f5497225cfac894d3bdfe8295750b1f4857867454debc45ec9c8a,2026-07-21,265,398230602885,16.997,,
climb,나였로,360ad732fa6f5497225cfac894d3bdfe8295750b1f4857867454debc45ec9c8a,2026-07-22,265,398230602885,16.997,,
climb,칼리vs에반,8c22c0718d29c49a35840b47888fcab3efe8d04e6d233bd35cf2fabdeb93fb0d,2026-06-18,256,154019186952,69.133,3975068,
climb,칼리vs에반,8c22c0718d29c49a35840b47888fcab3efe8d04e6d233bd35cf2fabdeb93fb0d,2026-06-19,256,154019186952,69.133,,
climb,칼리vs에반,8c22c0718d29c49a35840b47888fcab3efe8d04e6d233bd35cf2fabdeb93fb0d,2026-06-20,256,172316373464,77.346,,
climb,칼리vs에반,8c22c0718d29c49a35840b47888fcab3efe8d04e6d233bd35cf2fabdeb93fb0d,2026-06-21,256,172316373464,77.346,,
climb,칼리vs에반,8c22c0718d29c49a35840b47888fcab3efe8d04e6d233bd35cf2fabdeb93fb0d,2026-06-22,256,172316373464,77.346,,
climb,칼리vs에반,8c22c0718d29c49a35840b47888fcab3efe8d04e6d233bd35cf2fabdeb93fb0d,2026-06-23,256,199997353919,89.771,,
climb,칼리vs에반,8c22c0718d29c49a35840b47888fcab3efe8d04e6d233bd35cf2fabdeb93fb0d,2026-06-24,257,4892264885,2.132,,
climb,칼리vs에반,8c22c0718d29c49a35840b47888fcab3efe8d04e6d233bd35cf2fabdeb93fb0d,2026-06-25,257,32573245340,14.195,,
climb,칼리vs에반,8c22c0718d29c49a35840b47888fcab3efe8d04e6d233bd35cf2fabdeb93fb0d,2026-06-26,257,60254225795,26.258,3524910,
climb,칼리vs에반,8c22c0718d29c49a35840b47888fcab3efe8d04e6d233bd35cf2fabdeb93fb0d,2026-06-27,257,87935206250,38.321,,
climb,칼리vs에반,8c22c0718d29c49a35840b47888fcab3efe8d04e6d233bd35cf2fabdeb93fb0d,2026-06-28,257,115616186705,50.384,,
climb,칼리vs에반,8c22c0718d29c49a35840b47888fcab3efe8d04e6d233bd35cf2fabdeb93fb0d,2026-06-29,257,143297167160,62.447,,
climb,칼리vs에반,8c22c0718d29c49a35840b47888fcab3efe8d04e6d233bd35cf2fabdeb93fb0d,2026-06-30,257,170978147615,74.510,,
climb,칼리vs에반,8c22c0718d29c49a35840b47888fcab3efe8d04e6d233bd35cf2fabdeb93fb0d,2026-07-01,257,198659128070,86.573,,
climb,칼리vs에반,8c22c0718d29c49a35840b47888fcab3efe8d04e6d233bd35cf2fabdeb93fb0d,2026-07-02,257,226340108525,98.636,,
climb,칼리vs에반,8c22c0718d29c49a35840b47888fcab3efe8d04e6d233bd35cf2fabdeb93fb0d,2026-07-03,258,24551437407,10.388,,
climb,칼리vs에반,8c22c0718d29c49a35840b47888fcab3efe8d04e6d233bd35cf2fabdeb93fb0d,2026-07-04,258,52232417862,22.099,3982514,
climb,칼리vs에반,8c22c0718d29c49a35840b47888fcab3efe8d04e6d233bd35cf2fabdeb93fb0d,2026-07-05,258,79913398317,33.811,,
climb,칼리vs에반,8c22c0718d29c49a35840b47888fcab3efe8d04e6d233bd35cf2fabdeb93fb0d,2026-07-06,258,107594378772,45.523,,
climb,칼리vs에반,8c22c0718d29c49a35840b47888fcab3efe8d04e6d233bd35cf2fabdeb93fb0d,2026-07-07,258,135275359227,57.234,,
climb,칼리vs에반,8c22c0718d29c49a35840b47888fcab3efe8d04e6d233bd35cf2fabdeb93fb0d,2026-07-08,258,162956339682,68.946,,
climb,칼리vs에반,8c22c0718d29c49a35840b47888fcab3efe8d04e6d233bd35cf2fabdeb93fb0d,2026-07-09,258,190637320137,80.658,,
climb,칼리vs에반,8c22c0718d29c49a35840b47888fcab3efe8d04e6d233bd35cf2fabdeb93fb0d,2026-07-10,258,218318300592,92.369,,
climb,칼리vs에반,8c22c0718d29c49a35840b47888fcab3efe8d04e6d233bd35cf2fabdeb93fb0d,2026-07-11,259,27942726439,11.478,,
climb,칼리vs에반,8c22c0718d29c49a35840b47888fcab3efe8d04e6d233bd35cf2fabdeb93fb0d,2026-07-12,259,73920893406,30.365,3531434,
climb,칼리vs에반,8c22c0718d29c49a35840b47888fcab3efe8d04e6d233bd35cf2fabdeb93fb0d,2026-07-13,259,119899060373,49.251,,
climb,칼리vs에반,8c22c0718d29c49a35840b47888fcab3efe8d04e6d233bd35cf2fabdeb93fb0d,2026-07-14,259,165877227340,68.138,,
climb,칼리vs에반,8c22c0718d29c49a35840b47888fcab3efe8d04e6d233bd35cf2fabdeb93fb0d,2026-07-15,259,211855394307,87.024,,
climb,칼리vs에반,8c22c0718d29c49a35840b47888fcab3efe8d04e6d233bd35cf2fabdeb93fb0d,2026-07-16,260,19080794206,1.102,,
climb,칼리vs에반,8c22c0718d29c49a35840b47888fcab3efe8d04e6d233bd35cf2fabdeb93fb0d,2026-07-17,260,19080794206,1.102,,
climb,칼리vs에반,8c22c0718d29c49a35840b47888fcab3efe8d04e6d233bd35cf2fabdeb93fb0d,2026-07-18,260,19080794206,1.102,,
climb,칼리vs에반,8c22c0718d29c49a35840b47888fcab3efe8d04e6d233bd35cf2fabdeb93fb0d,2026-07-19,260,19080794206,1.102,,
climb,칼리vs에반,8c22c0718d29c49a35840b47888fcab3efe8d04e6d233bd35cf2fabdeb93fb0d,2026-07-20,260,19080794206,1.102,3534597,
climb,칼리vs에반,8c22c0718d29c49a35840b47888fcab3efe8d04e6d233bd35cf2fabdeb93fb0d,2026-07-21,260,19080794206,1.102,,
climb,칼리vs에반,8c22c0718d29c49a35840b47888fcab3efe8d04e6d233bd35cf2fabdeb93fb0d,2026-07-22,260,19080794206,1.102,,
climb,애기차콩,740b9340e7b0e51ffa8efd68094df804,2026-06-18,256,94568325483,42.448,294684,
climb,애기차콩,740b9340e7b0e51ffa8efd68094df804,2026-06-19,256,94568325483,42.448,,
climb,애기차콩,740b9340e7b0e51ffa8efd68094df804,2026-06-20,256,94568325483,42.448,,
climb,애기차콩,740b9340e7b0e51ffa8efd68094df804,2026-06-21,256,94568325483,42.448,,
climb,애기차콩,740b9340e7b0e51ffa8efd68094df804,2026-06-22,256,94568325483,42.448,,
climb,애기차콩,740b9340e7b0e51ffa8efd68094df804,2026-06-23,256,94568325483,42.448,,
climb,애기차콩,740b9340e7b0e51ffa8efd68094df804,2026-06-24,256,94568325483,42.448,,
climb,애기차콩,740b9340e7b0e51ffa8efd68094df804,2026-06-25,256,94568325483,42.448,,
climb,애기차콩,740b9340e7b0e51ffa8efd68094df804,2026-06-26,256,94568325483,42.448,294684,
climb,애기차콩,740b9340e7b0e51ffa8efd68094df804,2026-06-27,256,94568325483,42.448,,
climb,애기차콩,740b9340e7b0e51ffa8efd68094df804,2026-06-28,256,94568325483,42.448,,
climb,애기차콩,740b9340e7b0e51ffa8efd68094df804,2026-06-29,256,94568325483,42.448,,
climb,애기차콩,740b9340e7b0e51ffa8efd68094df804,2026-06-30,256,94568325483,42.448,,
climb,애기차콩,740b9340e7b0e51ffa8efd68094df804,2026-07-01,256,94568325483,42.448,,
climb,애기차콩,740b9340e7b0e51ffa8efd68094df804,2026-07-02,256,94568325483,42.448,,
climb,애기차콩,740b9340e7b0e51ffa8efd68094df804,2026-07-03,256,94568325483,42.448,,
climb,애기차콩,740b9340e7b0e51ffa8efd68094df804,2026-07-04,256,94568325483,42.448,294684,
climb,애기차콩,740b9340e7b0e51ffa8efd68094df804,2026-07-05,256,94568325483,42.448,,
climb,애기차콩,740b9340e7b0e51ffa8efd68094df804,2026-07-06,256,94568325483,42.448,,
climb,애기차콩,740b9340e7b0e51ffa8efd68094df804,2026-07-07,256,131178416057,58.881,,
climb,애기차콩,740b9340e7b0e51ffa8efd68094df804,2026-07-08,256,131178416057,58.881,,
climb,애기차콩,740b9340e7b0e51ffa8efd68094df804,2026-07-09,256,140107526176,62.889,,
climb,애기차콩,740b9340e7b0e51ffa8efd68094df804,2026-07-10,256,140107526176,62.889,,
climb,애기차콩,740b9340e7b0e51ffa8efd68094df804,2026-07-11,256,150180185497,67.410,,
climb,애기차콩,740b9340e7b0e51ffa8efd68094df804,2026-07-12,256,196308899617,88.115,268595,
climb,애기차콩,740b9340e7b0e51ffa8efd68094df804,2026-07-13,257,19651544248,8.564,,
climb,애기차콩,740b9340e7b0e51ffa8efd68094df804,2026-07-14,257,68069773783,29.664,,
climb,애기차콩,740b9340e7b0e51ffa8efd68094df804,2026-07-15,257,114198487903,49.766,,
climb,애기차콩,740b9340e7b0e51ffa8efd68094df804,2026-07-16,257,160327202023,69.869,,
climb,애기차콩,740b9340e7b0e51ffa8efd68094df804,2026-07-17,257,206455916143,89.971,,
climb,애기차콩,740b9340e7b0e51ffa8efd68094df804,2026-07-18,258,23114978690,9.780,,
climb,애기차콩,740b9340e7b0e51ffa8efd68094df804,2026-07-19,258,69243692810,29.297,,
climb,애기차콩,740b9340e7b0e51ffa8efd68094df804,2026-07-20,258,115372406930,48.813,336426,
climb,애기차콩,740b9340e7b0e51ffa8efd68094df804,2026-07-21,258,155959305683,65.986,,
climb,애기차콩,740b9340e7b0e51ffa8efd68094df804,2026-07-22,258,197707959296,83.649,,
climb,렌립립,1477ca4a945ce2ea3550bf7674101518efe8d04e6d233bd35cf2fabdeb93fb0d,2026-06-18,256,104909866751,47.090,0,
climb,렌립립,1477ca4a945ce2ea3550bf7674101518efe8d04e6d233bd35cf2fabdeb93fb0d,2026-06-19,256,104909866751,47.090,,
climb,렌립립,1477ca4a945ce2ea3550bf7674101518efe8d04e6d233bd35cf2fabdeb93fb0d,2026-06-20,256,104909866751,47.090,,
climb,렌립립,1477ca4a945ce2ea3550bf7674101518efe8d04e6d233bd35cf2fabdeb93fb0d,2026-06-21,256,104909866751,47.090,,
climb,렌립립,1477ca4a945ce2ea3550bf7674101518efe8d04e6d233bd35cf2fabdeb93fb0d,2026-06-22,256,104909866751,47.090,,
climb,렌립립,1477ca4a945ce2ea3550bf7674101518efe8d04e6d233bd35cf2fabdeb93fb0d,2026-06-23,256,104909866751,47.090,,
climb,렌립립,1477ca4a945ce2ea3550bf7674101518efe8d04e6d233bd35cf2fabdeb93fb0d,2026-06-24,256,104909866751,47.090,,
climb,렌립립,1477ca4a945ce2ea3550bf7674101518efe8d04e6d233bd35cf2fabdeb93fb0d,2026-06-25,256,104909866751,47.090,,
climb,렌립립,1477ca4a945ce2ea3550bf7674101518efe8d04e6d233bd35cf2fabdeb93fb0d,2026-06-26,256,104909866751,47.090,0,
climb,렌립립,1477ca4a945ce2ea3550bf7674101518efe8d04e6d233bd35cf2fabdeb93fb0d,2026-06-27,256,104909866751,47.090,,
climb,렌립립,1477ca4a945ce2ea3550bf7674101518efe8d04e6d233bd35cf2fabdeb93fb0d,2026-06-28,256,104909866751,47.090,,
climb,렌립립,1477ca4a945ce2ea3550bf7674101518efe8d04e6d233bd35cf2fabdeb93fb0d,2026-06-29,256,104909866751,47.090,,
climb,렌립립,1477ca4a945ce2ea3550bf7674101518efe8d04e6d233bd35cf2fabdeb93fb0d,2026-06-30,256,104909866751,47.090,,
climb,렌립립,1477ca4a945ce2ea3550bf7674101518efe8d04e6d233bd35cf2fabdeb93fb0d,2026-07-01,256,104909866751,47.090,,
climb,렌립립,1477ca4a945ce2ea3550bf7674101518efe8d04e6d233bd35cf2fabdeb93fb0d,2026-07-02,256,104909866751,47.090,,
climb,렌립립,1477ca4a945ce2ea3550bf7674101518efe8d04e6d233bd35cf2fabdeb93fb0d,2026-07-03,256,104909866751,47.090,,
climb,렌립립,1477ca4a945ce2ea3550bf7674101518efe8d04e6d233bd35cf2fabdeb93fb0d,2026-07-04,256,104909866751,47.090,0,
climb,렌립립,1477ca4a945ce2ea3550bf7674101518efe8d04e6d233bd35cf2fabdeb93fb0d,2026-07-05,256,104909866751,47.090,,
climb,렌립립,1477ca4a945ce2ea3550bf7674101518efe8d04e6d233bd35cf2fabdeb93fb0d,2026-07-06,256,104909866751,47.090,,
climb,렌립립,1477ca4a945ce2ea3550bf7674101518efe8d04e6d233bd35cf2fabdeb93fb0d,2026-07-07,256,104909866751,47.090,,
climb,렌립립,1477ca4a945ce2ea3550bf7674101518efe8d04e6d233bd35cf2fabdeb93fb0d,2026-07-08,256,104909866751,47.090,,
climb,렌립립,1477ca4a945ce2ea3550bf7674101518efe8d04e6d233bd35cf2fabdeb93fb0d,2026-07-09,256,104909866751,47.090,,
climb,렌립립,1477ca4a945ce2ea3550bf7674101518efe8d04e6d233bd35cf2fabdeb93fb0d,2026-07-10,256,104909866751,47.090,,
climb,렌립립,1477ca4a945ce2ea3550bf7674101518efe8d04e6d233bd35cf2fabdeb93fb0d,2026-07-11,256,104909866751,47.090,,
climb,렌립립,1477ca4a945ce2ea3550bf7674101518efe8d04e6d233bd35cf2fabdeb93fb0d,2026-07-12,256,104909866751,47.090,0,
climb,렌립립,1477ca4a945ce2ea3550bf7674101518efe8d04e6d233bd35cf2fabdeb93fb0d,2026-07-13,256,104909866751,47.090,,
climb,렌립립,1477ca4a945ce2ea3550bf7674101518efe8d04e6d233bd35cf2fabdeb93fb0d,2026-07-14,256,104909866751,47.090,,
climb,렌립립,1477ca4a945ce2ea3550bf7674101518efe8d04e6d233bd35cf2fabdeb93fb0d,2026-07-15,256,104909866751,47.090,,
climb,렌립립,1477ca4a945ce2ea3550bf7674101518efe8d04e6d233bd35cf2fabdeb93fb0d,2026-07-16,256,104909866751,47.090,,
climb,렌립립,1477ca4a945ce2ea3550bf7674101518efe8d04e6d233bd35cf2fabdeb93fb0d,2026-07-17,256,104909866751,47.090,,
climb,렌립립,1477ca4a945ce2ea3550bf7674101518efe8d04e6d233bd35cf2fabdeb93fb0d,2026-07-18,256,104909866751,47.090,,
climb,렌립립,1477ca4a945ce2ea3550bf7674101518efe8d04e6d233bd35cf2fabdeb93fb0d,2026-07-19,256,104909866751,47.090,,
climb,렌립립,1477ca4a945ce2ea3550bf7674101518efe8d04e6d233bd35cf2fabdeb93fb0d,2026-07-20,256,104909866751,47.090,0,
climb,렌립립,1477ca4a945ce2ea3550bf7674101518efe8d04e6d233bd35cf2fabdeb93fb0d,2026-07-21,256,104909866751,47.090,,
climb,렌립립,1477ca4a945ce2ea3550bf7674101518efe8d04e6d233bd35cf2fabdeb93fb0d,2026-07-22,256,104909866751,47.090,,
climb,미당은월,8c845c870579bcdb5a2d5fb978711851,2026-06-18,256,65704797192,29.492,1120916,
climb,미당은월,8c845c870579bcdb5a2d5fb978711851,2026-06-19,256,65704797192,29.492,,
climb,미당은월,8c845c870579bcdb5a2d5fb978711851,2026-06-20,256,65704797192,29.492,,
climb,미당은월,8c845c870579bcdb5a2d5fb978711851,2026-06-21,256,65704797192,29.492,,
climb,미당은월,8c845c870579bcdb5a2d5fb978711851,2026-06-22,256,65704797192,29.492,,
climb,미당은월,8c845c870579bcdb5a2d5fb978711851,2026-06-23,256,65704797192,29.492,,
climb,미당은월,8c845c870579bcdb5a2d5fb978711851,2026-06-24,256,65704797192,29.492,,
climb,미당은월,8c845c870579bcdb5a2d5fb978711851,2026-06-25,256,65704797192,29.492,,
climb,미당은월,8c845c870579bcdb5a2d5fb978711851,2026-06-26,256,65704797192,29.492,1120916,
climb,미당은월,8c845c870579bcdb5a2d5fb978711851,2026-06-27,256,65704797192,29.492,,
climb,미당은월,8c845c870579bcdb5a2d5fb978711851,2026-06-28,256,65704797192,29.492,,
climb,미당은월,8c845c870579bcdb5a2d5fb978711851,2026-06-29,256,65704797192,29.492,,
climb,미당은월,8c845c870579bcdb5a2d5fb978711851,2026-06-30,256,65704797192,29.492,,
climb,미당은월,8c845c870579bcdb5a2d5fb978711851,2026-07-01,256,65704797192,29.492,,
climb,미당은월,8c845c870579bcdb5a2d5fb978711851,2026-07-02,256,65704797192,29.492,,
climb,미당은월,8c845c870579bcdb5a2d5fb978711851,2026-07-03,256,65704797192,29.492,,
climb,미당은월,8c845c870579bcdb5a2d5fb978711851,2026-07-04,256,65704797192,29.492,1120916,
climb,미당은월,8c845c870579bcdb5a2d5fb978711851,2026-07-05,256,65704797192,29.492,,
climb,미당은월,8c845c870579bcdb5a2d5fb978711851,2026-07-06,256,65704797192,29.492,,
climb,미당은월,8c845c870579bcdb5a2d5fb978711851,2026-07-07,256,65704797192,29.492,,
climb,미당은월,8c845c870579bcdb5a2d5fb978711851,2026-07-08,256,65704797192,29.492,,
climb,미당은월,8c845c870579bcdb5a2d5fb978711851,2026-07-09,256,65704797192,29.492,,
climb,미당은월,8c845c870579bcdb5a2d5fb978711851,2026-07-10,256,65704797192,29.492,,
climb,미당은월,8c845c870579bcdb5a2d5fb978711851,2026-07-11,256,65704797192,29.492,,
climb,미당은월,8c845c870579bcdb5a2d5fb978711851,2026-07-12,256,65704797192,29.492,1120916,
climb,미당은월,8c845c870579bcdb5a2d5fb978711851,2026-07-13,256,65704797192,29.492,,
climb,미당은월,8c845c870579bcdb5a2d5fb978711851,2026-07-14,256,65704797192,29.492,,
climb,미당은월,8c845c870579bcdb5a2d5fb978711851,2026-07-15,256,65704797192,29.492,,
climb,미당은월,8c845c870579bcdb5a2d5fb978711851,2026-07-16,256,65704797192,29.492,,
climb,미당은월,8c845c870579bcdb5a2d5fb978711851,2026-07-17,256,65704797192,29.492,,
climb,미당은월,8c845c870579bcdb5a2d5fb978711851,2026-07-18,256,65704797192,29.492,,
climb,미당은월,8c845c870579bcdb5a2d5fb978711851,2026-07-19,256,65704797192,29.492,,
climb,미당은월,8c845c870579bcdb5a2d5fb978711851,2026-07-20,256,65704797192,29.492,1120916,
climb,미당은월,8c845c870579bcdb5a2d5fb978711851,2026-07-21,256,65704797192,29.492,,
climb,미당은월,8c845c870579bcdb5a2d5fb978711851,2026-07-22,256,65704797192,29.492,,
climb,덜덜oi,4ac81086ec4ece1a2b937c935fc7153f,2026-06-18,256,30400394134,13.646,4967271,
climb,덜덜oi,4ac81086ec4ece1a2b937c935fc7153f,2026-06-19,256,30400394134,13.646,,
climb,덜덜oi,4ac81086ec4ece1a2b937c935fc7153f,2026-06-20,256,30400394134,13.646,,
climb,덜덜oi,4ac81086ec4ece1a2b937c935fc7153f,2026-06-21,256,30400394134,13.646,,
climb,덜덜oi,4ac81086ec4ece1a2b937c935fc7153f,2026-06-22,256,30400394134,13.646,,
climb,덜덜oi,4ac81086ec4ece1a2b937c935fc7153f,2026-06-23,256,30400394134,13.646,,
climb,덜덜oi,4ac81086ec4ece1a2b937c935fc7153f,2026-06-24,256,30400394134,13.646,,
climb,덜덜oi,4ac81086ec4ece1a2b937c935fc7153f,2026-06-25,256,30400394134,13.646,,
climb,덜덜oi,4ac81086ec4ece1a2b937c935fc7153f,2026-06-26,256,30400394134,13.646,4967271,
climb,덜덜oi,4ac81086ec4ece1a2b937c935fc7153f,2026-06-27,256,30400394134,13.646,,
climb,덜덜oi,4ac81086ec4ece1a2b937c935fc7153f,2026-06-28,256,30400394134,13.646,,
climb,덜덜oi,4ac81086ec4ece1a2b937c935fc7153f,2026-06-29,256,30400394134,13.646,,
climb,덜덜oi,4ac81086ec4ece1a2b937c935fc7153f,2026-06-30,256,30400394134,13.646,,
climb,덜덜oi,4ac81086ec4ece1a2b937c935fc7153f,2026-07-01,256,30400394134,13.646,,
climb,덜덜oi,4ac81086ec4ece1a2b937c935fc7153f,2026-07-02,256,30400394134,13.646,,
climb,덜덜oi,4ac81086ec4ece1a2b937c935fc7153f,2026-07-03,256,30400394134,13.646,,
climb,덜덜oi,4ac81086ec4ece1a2b937c935fc7153f,2026-07-04,256,30400394134,13.646,4967271,
climb,덜덜oi,4ac81086ec4ece1a2b937c935fc7153f,2026-07-05,256,30400394134,13.646,,
climb,덜덜oi,4ac81086ec4ece1a2b937c935fc7153f,2026-07-06,256,30400394134,13.646,,
climb,덜덜oi,4ac81086ec4ece1a2b937c935fc7153f,2026-07-07,256,30400394134,13.646,,
climb,덜덜oi,4ac81086ec4ece1a2b937c935fc7153f,2026-07-08,256,30400394134,13.646,,
climb,덜덜oi,4ac81086ec4ece1a2b937c935fc7153f,2026-07-09,256,30400394134,13.646,,
climb,덜덜oi,4ac81086ec4ece1a2b937c935fc7153f,2026-07-10,256,30400394134,13.646,,
climb,덜덜oi,4ac81086ec4ece1a2b937c935fc7153f,2026-07-11,256,30400394134,13.646,,
climb,덜덜oi,4ac81086ec4ece1a2b937c935fc7153f,2026-07-12,256,30400394134,13.646,4967271,
climb,덜덜oi,4ac81086ec4ece1a2b937c935fc7153f,2026-07-13,256,30400394134,13.646,,
climb,덜덜oi,4ac81086ec4ece1a2b937c935fc7153f,2026-07-14,256,30400394134,13.646,,
climb,덜덜oi,4ac81086ec4ece1a2b937c935fc7153f,2026-07-15,256,30400394134,13.646,,
climb,덜덜oi,4ac81086ec4ece1a2b937c935fc7153f,2026-07-16,256,30400394134,13.646,,
climb,덜덜oi,4ac81086ec4ece1a2b937c935fc7153f,2026-07-17,256,30400394134,13.646,,
climb,덜덜oi,4ac81086ec4ece1a2b937c935fc7153f,2026-07-18,256,30400394134,13.646,,
climb,덜덜oi,4ac81086ec4ece1a2b937c935fc7153f,2026-07-19,256,30400394134,13.646,,
climb,덜덜oi,4ac81086ec4ece1a2b937c935fc7153f,2026-07-20,256,30400394134,13.646,4967271,
climb,덜덜oi,4ac81086ec4ece1a2b937c935fc7153f,2026-07-21,256,30400394134,13.646,,
climb,덜덜oi,4ac81086ec4ece1a2b937c935fc7153f,2026-07-22,256,30400394134,13.646,,
climb,순간이동뿅,e4079ef2f9baeb2ae7dfe327a2f417f1efe8d04e6d233bd35cf2fabdeb93fb0d,2026-06-18,256,83056444014,37.281,2092686,
climb,순간이동뿅,e4079ef2f9baeb2ae7dfe327a2f417f1efe8d04e6d233bd35cf2fabdeb93fb0d,2026-06-19,256,83056444014,37.281,,
climb,순간이동뿅,e4079ef2f9baeb2ae7dfe327a2f417f1efe8d04e6d233bd35cf2fabdeb93fb0d,2026-06-20,256,83056444014,37.281,,
climb,순간이동뿅,e4079ef2f9baeb2ae7dfe327a2f417f1efe8d04e6d233bd35cf2fabdeb93fb0d,2026-06-21,256,83056444014,37.281,,
climb,순간이동뿅,e4079ef2f9baeb2ae7dfe327a2f417f1efe8d04e6d233bd35cf2fabdeb93fb0d,2026-06-22,256,83056444014,37.281,,
climb,순간이동뿅,e4079ef2f9baeb2ae7dfe327a2f417f1efe8d04e6d233bd35cf2fabdeb93fb0d,2026-06-23,256,83056444014,37.281,,
climb,순간이동뿅,e4079ef2f9baeb2ae7dfe327a2f417f1efe8d04e6d233bd35cf2fabdeb93fb0d,2026-06-24,256,83056444014,37.281,,
climb,순간이동뿅,e4079ef2f9baeb2ae7dfe327a2f417f1efe8d04e6d233bd35cf2fabdeb93fb0d,2026-06-25,256,83056444014,37.281,,
climb,순간이동뿅,e4079ef2f9baeb2ae7dfe327a2f417f1efe8d04e6d233bd35cf2fabdeb93fb0d,2026-06-26,256,83056444014,37.281,2092686,
climb,순간이동뿅,e4079ef2f9baeb2ae7dfe327a2f417f1efe8d04e6d233bd35cf2fabdeb93fb0d,2026-06-27,256,83056444014,37.281,,
climb,순간이동뿅,e4079ef2f9baeb2ae7dfe327a2f417f1efe8d04e6d233bd35cf2fabdeb93fb0d,2026-06-28,256,83056444014,37.281,,
climb,순간이동뿅,e4079ef2f9baeb2ae7dfe327a2f417f1efe8d04e6d233bd35cf2fabdeb93fb0d,2026-06-29,256,83056444014,37.281,,
climb,순간이동뿅,e4079ef2f9baeb2ae7dfe327a2f417f1efe8d04e6d233bd35cf2fabdeb93fb0d,2026-06-30,256,83056444014,37.281,,
climb,순간이동뿅,e4079ef2f9baeb2ae7dfe327a2f417f1efe8d04e6d233bd35cf2fabdeb93fb0d,2026-07-01,256,83056444014,37.281,,
climb,순간이동뿅,e4079ef2f9baeb2ae7dfe327a2f417f1efe8d04e6d233bd35cf2fabdeb93fb0d,2026-07-02,256,83056444014,37.281,,
climb,순간이동뿅,e4079ef2f9baeb2ae7dfe327a2f417f1efe8d04e6d233bd35cf2fabdeb93fb0d,2026-07-03,256,83056444014,37.281,,
climb,순간이동뿅,e4079ef2f9baeb2ae7dfe327a2f417f1efe8d04e6d233bd35cf2fabdeb93fb0d,2026-07-04,256,83056444014,37.281,2092686,
climb,순간이동뿅,e4079ef2f9baeb2ae7dfe327a2f417f1efe8d04e6d233bd35cf2fabdeb93fb0d,2026-07-05,256,83056444014,37.281,,
climb,순간이동뿅,e4079ef2f9baeb2ae7dfe327a2f417f1efe8d04e6d233bd35cf2fabdeb93fb0d,2026-07-06,256,83056444014,37.281,,
climb,순간이동뿅,e4079ef2f9baeb2ae7dfe327a2f417f1efe8d04e6d233bd35cf2fabdeb93fb0d,2026-07-07,256,83056444014,37.281,,
climb,순간이동뿅,e4079ef2f9baeb2ae7dfe327a2f417f1efe8d04e6d233bd35cf2fabdeb93fb0d,2026-07-08,256,83056444014,37.281,,
climb,순간이동뿅,e4079ef2f9baeb2ae7dfe327a2f417f1efe8d04e6d233bd35cf2fabdeb93fb0d,2026-07-09,256,83056444014,37.281,,
climb,순간이동뿅,e4079ef2f9baeb2ae7dfe327a2f417f1efe8d04e6d233bd35cf2fabdeb93fb0d,2026-07-10,256,83056444014,37.281,,
climb,순간이동뿅,e4079ef2f9baeb2ae7dfe327a2f417f1efe8d04e6d233bd35cf2fabdeb93fb0d,2026-07-11,256,83056444014,37.281,,
climb,순간이동뿅,e4079ef2f9baeb2ae7dfe327a2f417f1efe8d04e6d233bd35cf2fabdeb93fb0d,2026-07-12,256,83056444014,37.281,2092686,
climb,순간이동뿅,e4079ef2f9baeb2ae7dfe327a2f417f1efe8d04e6d233bd35cf2fabdeb93fb0d,2026-07-13,256,83056444014,37.281,,
climb,순간이동뿅,e4079ef2f9baeb2ae7dfe327a2f417f1efe8d04e6d233bd35cf2fabdeb93fb0d,2026-07-14,256,83056444014,37.281,,
climb,순간이동뿅,e4079ef2f9baeb2ae7dfe327a2f417f1efe8d04e6d233bd35cf2fabdeb93fb0d,2026-07-15,256,83056444014,37.281,,
climb,순간이동뿅,e4079ef2f9baeb2ae7dfe327a2f417f1efe8d04e6d233bd35cf2fabdeb93fb0d,2026-07-16,256,83056444014,37.281,,
climb,순간이동뿅,e4079ef2f9baeb2ae7dfe327a2f417f1efe8d04e6d233bd35cf2fabdeb93fb0d,2026-07-17,256,83056444014,37.281,,
climb,순간이동뿅,e4079ef2f9baeb2ae7dfe327a2f417f1efe8d04e6d233bd35cf2fabdeb93fb0d,2026-07-18,256,83056444014,37.281,,
climb,순간이동뿅,e4079ef2f9baeb2ae7dfe327a2f417f1efe8d04e6d233bd35cf2fabdeb93fb0d,2026-07-19,256,83056444014,37.281,,
climb,순간이동뿅,e4079ef2f9baeb2ae7dfe327a2f417f1efe8d04e6d233bd35cf2fabdeb93fb0d,2026-07-20,256,83056444014,37.281,2092686,
climb,순간이동뿅,e4079ef2f9baeb2ae7dfe327a2f417f1efe8d04e6d233bd35cf2fabdeb93fb0d,2026-07-21,256,83056444014,37.281,,
climb,순간이동뿅,e4079ef2f9baeb2ae7dfe327a2f417f1efe8d04e6d233bd35cf2fabdeb93fb0d,2026-07-22,256,83056444014,37.281,,
climb,헤이호형,805ed58fa24f956a37337016186a5f52efe8d04e6d233bd35cf2fabdeb93fb0d,2026-06-18,256,166172577767,74.588,4761637,
climb,헤이호형,805ed58fa24f956a37337016186a5f52efe8d04e6d233bd35cf2fabdeb93fb0d,2026-06-19,257,26267083976,11.447,,
climb,헤이호형,805ed58fa24f956a37337016186a5f52efe8d04e6d233bd35cf2fabdeb93fb0d,2026-06-20,257,110497816996,48.154,,
climb,헤이호형,805ed58fa24f956a37337016186a5f52efe8d04e6d233bd35cf2fabdeb93fb0d,2026-06-21,257,195252517856,85.089,,
climb,헤이호형,805ed58fa24f956a37337016186a5f52efe8d04e6d233bd35cf2fabdeb93fb0d,2026-06-22,258,49072726214,20.762,,
climb,헤이호형,805ed58fa24f956a37337016186a5f52efe8d04e6d233bd35cf2fabdeb93fb0d,2026-06-23,258,133938840145,56.669,,
climb,헤이호형,805ed58fa24f956a37337016186a5f52efe8d04e6d233bd35cf2fabdeb93fb0d,2026-06-24,258,218533071406,92.460,,
climb,헤이호형,805ed58fa24f956a37337016186a5f52efe8d04e6d233bd35cf2fabdeb93fb0d,2026-06-25,259,44155886880,18.138,,
climb,헤이호형,805ed58fa24f956a37337016186a5f52efe8d04e6d233bd35cf2fabdeb93fb0d,2026-06-26,259,109645790458,45.039,5036567,
climb,헤이호형,805ed58fa24f956a37337016186a5f52efe8d04e6d233bd35cf2fabdeb93fb0d,2026-06-27,259,180789008133,74.263,,
climb,헤이호형,805ed58fa24f956a37337016186a5f52efe8d04e6d233bd35cf2fabdeb93fb0d,2026-06-28,260,460527908876,26.591,,
climb,헤이호형,805ed58fa24f956a37337016186a5f52efe8d04e6d233bd35cf2fabdeb93fb0d,2026-06-29,260,460527908876,26.591,,
climb,헤이호형,805ed58fa24f956a37337016186a5f52efe8d04e6d233bd35cf2fabdeb93fb0d,2026-06-30,260,460527908876,26.591,,
climb,헤이호형,805ed58fa24f956a37337016186a5f52efe8d04e6d233bd35cf2fabdeb93fb0d,2026-07-01,260,460527908876,26.591,,
climb,헤이호형,805ed58fa24f956a37337016186a5f52efe8d04e6d233bd35cf2fabdeb93fb0d,2026-07-02,260,460527908876,26.591,,
climb,헤이호형,805ed58fa24f956a37337016186a5f52efe8d04e6d233bd35cf2fabdeb93fb0d,2026-07-03,260,460527908876,26.591,,
climb,헤이호형,805ed58fa24f956a37337016186a5f52efe8d04e6d233bd35cf2fabdeb93fb0d,2026-07-04,260,460527908876,26.591,5420129,
climb,헤이호형,805ed58fa24f956a37337016186a5f52efe8d04e6d233bd35cf2fabdeb93fb0d,2026-07-05,260,460527908876,26.591,,
climb,헤이호형,805ed58fa24f956a37337016186a5f52efe8d04e6d233bd35cf2fabdeb93fb0d,2026-07-06,260,460527908876,26.591,,
climb,헤이호형,805ed58fa24f956a37337016186a5f52efe8d04e6d233bd35cf2fabdeb93fb0d,2026-07-07,260,460527908876,26.591,,
climb,헤이호형,805ed58fa24f956a37337016186a5f52efe8d04e6d233bd35cf2fabdeb93fb0d,2026-07-08,260,460527908876,26.591,,
climb,헤이호형,805ed58fa24f956a37337016186a5f52efe8d04e6d233bd35cf2fabdeb93fb0d,2026-07-09,260,460527908876,26.591,,
climb,헤이호형,805ed58fa24f956a37337016186a5f52efe8d04e6d233bd35cf2fabdeb93fb0d,2026-07-10,260,460527908876,26.591,,
climb,헤이호형,805ed58fa24f956a37337016186a5f52efe8d04e6d233bd35cf2fabdeb93fb0d,2026-07-11,260,460527908876,26.591,,
climb,헤이호형,805ed58fa24f956a37337016186a5f52efe8d04e6d233bd35cf2fabdeb93fb0d,2026-07-12,260,460527908876,26.591,5420129,
climb,헤이호형,805ed58fa24f956a37337016186a5f52efe8d04e6d233bd35cf2fabdeb93fb0d,2026-07-13,260,460527908876,26.591,,
climb,헤이호형,805ed58fa24f956a37337016186a5f52efe8d04e6d233bd35cf2fabdeb93fb0d,2026-07-14,260,460527908876,26.591,,
climb,헤이호형,805ed58fa24f956a37337016186a5f52efe8d04e6d233bd35cf2fabdeb93fb0d,2026-07-15,260,460527908876,26.591,,
climb,헤이호형,805ed58fa24f956a37337016186a5f52efe8d04e6d233bd35cf2fabdeb93fb0d,2026-07-16,260,460527908876,26.591,,
climb,헤이호형,805ed58fa24f956a37337016186a5f52efe8d04e6d233bd35cf2fabdeb93fb0d,2026-07-17,260,460527908876,26.591,,
climb,헤이호형,805ed58fa24f956a37337016186a5f52efe8d04e6d233bd35cf2fabdeb93fb0d,2026-07-18,260,460527908876,26.591,,
climb,헤이호형,805ed58fa24f956a37337016186a5f52efe8d04e6d233bd35cf2fabdeb93fb0d,2026-07-19,260,460527908876,26.591,,
climb,헤이호형,805ed58fa24f956a37337016186a5f52efe8d04e6d233bd35cf2fabdeb93fb0d,2026-07-20,260,460527908876,26.591,5420129,
climb,헤이호형,805ed58fa24f956a37337016186a5f52efe8d04e6d233bd35cf2fabdeb93fb0d,2026-07-21,260,460527908876,26.591,,
climb,헤이호형,805ed58fa24f956a37337016186a5f52efe8d04e6d233bd35cf2fabdeb93fb0d,2026-07-22,260,460527908876,26.591,,
climb,뚜악리링,7044a88de535c0a0fee68cfa02f8ca4b,2026-06-18,256,33019359120,14.821,484208,
climb,뚜악리링,7044a88de535c0a0fee68cfa02f8ca4b,2026-06-19,256,33019359120,14.821,,
climb,뚜악리링,7044a88de535c0a0fee68cfa02f8ca4b,2026-06-20,256,33019359120,14.821,,
climb,뚜악리링,7044a88de535c0a0fee68cfa02f8ca4b,2026-06-21,256,33019359120,14.821,,
climb,뚜악리링,7044a88de535c0a0fee68cfa02f8ca4b,2026-06-22,256,33019359120,14.821,,
climb,뚜악리링,7044a88de535c0a0fee68cfa02f8ca4b,2026-06-23,256,33019359120,14.821,,
climb,뚜악리링,7044a88de535c0a0fee68cfa02f8ca4b,2026-06-24,256,33019359120,14.821,,
climb,뚜악리링,7044a88de535c0a0fee68cfa02f8ca4b,2026-06-25,256,33019359120,14.821,,
climb,뚜악리링,7044a88de535c0a0fee68cfa02f8ca4b,2026-06-26,256,33019359120,14.821,484208,
climb,뚜악리링,7044a88de535c0a0fee68cfa02f8ca4b,2026-06-27,256,33019359120,14.821,,
climb,뚜악리링,7044a88de535c0a0fee68cfa02f8ca4b,2026-06-28,257,39479994231,17.205,,
climb,뚜악리링,7044a88de535c0a0fee68cfa02f8ca4b,2026-06-29,257,39479994231,17.205,,
climb,뚜악리링,7044a88de535c0a0fee68cfa02f8ca4b,2026-06-30,257,39479994231,17.205,,
climb,뚜악리링,7044a88de535c0a0fee68cfa02f8ca4b,2026-07-01,257,39479994231,17.205,,
climb,뚜악리링,7044a88de535c0a0fee68cfa02f8ca4b,2026-07-02,257,39479994231,17.205,,
climb,뚜악리링,7044a88de535c0a0fee68cfa02f8ca4b,2026-07-03,257,39479994231,17.205,,
climb,뚜악리링,7044a88de535c0a0fee68cfa02f8ca4b,2026-07-04,257,39479994231,17.205,376175,
climb,뚜악리링,7044a88de535c0a0fee68cfa02f8ca4b,2026-07-05,257,39479994231,17.205,,
climb,뚜악리링,7044a88de535c0a0fee68cfa02f8ca4b,2026-07-06,257,39479994231,17.205,,
climb,뚜악리링,7044a88de535c0a0fee68cfa02f8ca4b,2026-07-07,257,39479994231,17.205,,
climb,뚜악리링,7044a88de535c0a0fee68cfa02f8ca4b,2026-07-08,257,39479994231,17.205,,
climb,뚜악리링,7044a88de535c0a0fee68cfa02f8ca4b,2026-07-09,257,39479994231,17.205,,
climb,뚜악리링,7044a88de535c0a0fee68cfa02f8ca4b,2026-07-10,257,39479994231,17.205,,
climb,뚜악리링,7044a88de535c0a0fee68cfa02f8ca4b,2026-07-11,257,39479994231,17.205,,
climb,뚜악리링,7044a88de535c0a0fee68cfa02f8ca4b,2026-07-12,257,39479994231,17.205,376175,
climb,뚜악리링,7044a88de535c0a0fee68cfa02f8ca4b,2026-07-13,257,39479994231,17.205,,
climb,뚜악리링,7044a88de535c0a0fee68cfa02f8ca4b,2026-07-14,257,39479994231,17.205,,
climb,뚜악리링,7044a88de535c0a0fee68cfa02f8ca4b,2026-07-15,257,39479994231,17.205,,
climb,뚜악리링,7044a88de535c0a0fee68cfa02f8ca4b,2026-07-16,257,39479994231,17.205,,
climb,뚜악리링,7044a88de535c0a0fee68cfa02f8ca4b,2026-07-17,257,39479994231,17.205,,
climb,뚜악리링,7044a88de535c0a0fee68cfa02f8ca4b,2026-07-18,257,39479994231,17.205,,
climb,뚜악리링,7044a88de535c0a0fee68cfa02f8ca4b,2026-07-19,257,39479994231,17.205,,
climb,뚜악리링,7044a88de535c0a0fee68cfa02f8ca4b,2026-07-20,257,39479994231,17.205,376175,
climb,뚜악리링,7044a88de535c0a0fee68cfa02f8ca4b,2026-07-21,257,39479994231,17.205,,
climb,뚜악리링,7044a88de535c0a0fee68cfa02f8ca4b,2026-07-22,257,39479994231,17.205,,
climb,o이유oA,5178787b2127e17de717350b25b376b4,2026-06-18,256,32362450323,14.526,111016,
climb,o이유oA,5178787b2127e17de717350b25b376b4,2026-06-19,256,32362450323,14.526,,
climb,o이유oA,5178787b2127e17de717350b25b376b4,2026-06-20,256,32362450323,14.526,,
climb,o이유oA,5178787b2127e17de717350b25b376b4,2026-06-21,256,32362450323,14.526,,
climb,o이유oA,5178787b2127e17de717350b25b376b4,2026-06-22,256,32362450323,14.526,,
climb,o이유oA,5178787b2127e17de717350b25b376b4,2026-06-23,256,32362450323,14.526,,
climb,o이유oA,5178787b2127e17de717350b25b376b4,2026-06-24,256,32362450323,14.526,,
climb,o이유oA,5178787b2127e17de717350b25b376b4,2026-06-25,256,32362450323,14.526,,
climb,o이유oA,5178787b2127e17de717350b25b376b4,2026-06-26,256,32362450323,14.526,111016,
climb,o이유oA,5178787b2127e17de717350b25b376b4,2026-06-27,256,32362450323,14.526,,
climb,o이유oA,5178787b2127e17de717350b25b376b4,2026-06-28,256,32362450323,14.526,,
climb,o이유oA,5178787b2127e17de717350b25b376b4,2026-06-29,256,32362450323,14.526,,
climb,o이유oA,5178787b2127e17de717350b25b376b4,2026-06-30,256,32362450323,14.526,,
climb,o이유oA,5178787b2127e17de717350b25b376b4,2026-07-01,256,32362450323,14.526,,
climb,o이유oA,5178787b2127e17de717350b25b376b4,2026-07-02,256,32362450323,14.526,,
climb,o이유oA,5178787b2127e17de717350b25b376b4,2026-07-03,256,32362450323,14.526,,
climb,o이유oA,5178787b2127e17de717350b25b376b4,2026-07-04,256,32362450323,14.526,111016,
climb,o이유oA,5178787b2127e17de717350b25b376b4,2026-07-05,256,32362450323,14.526,,
climb,o이유oA,5178787b2127e17de717350b25b376b4,2026-07-06,256,32362450323,14.526,,
climb,o이유oA,5178787b2127e17de717350b25b376b4,2026-07-07,256,32362450323,14.526,,
climb,o이유oA,5178787b2127e17de717350b25b376b4,2026-07-08,256,32362450323,14.526,,
climb,o이유oA,5178787b2127e17de717350b25b376b4,2026-07-09,256,32362450323,14.526,,
climb,o이유oA,5178787b2127e17de717350b25b376b4,2026-07-10,256,32362450323,14.526,,
climb,o이유oA,5178787b2127e17de717350b25b376b4,2026-07-11,256,32362450323,14.526,,
climb,o이유oA,5178787b2127e17de717350b25b376b4,2026-07-12,256,32362450323,14.526,111016,
climb,o이유oA,5178787b2127e17de717350b25b376b4,2026-07-13,256,32362450323,14.526,,
climb,o이유oA,5178787b2127e17de717350b25b376b4,2026-07-14,256,32362450323,14.526,,
climb,o이유oA,5178787b2127e17de717350b25b376b4,2026-07-15,256,32362450323,14.526,,
climb,o이유oA,5178787b2127e17de717350b25b376b4,2026-07-16,256,32362450323,14.526,,
climb,o이유oA,5178787b2127e17de717350b25b376b4,2026-07-17,256,32362450323,14.526,,
climb,o이유oA,5178787b2127e17de717350b25b376b4,2026-07-18,256,32362450323,14.526,,
climb,o이유oA,5178787b2127e17de717350b25b376b4,2026-07-19,256,32362450323,14.526,,
climb,o이유oA,5178787b2127e17de717350b25b376b4,2026-07-20,256,32362450323,14.526,111016,
climb,o이유oA,5178787b2127e17de717350b25b376b4,2026-07-21,256,32362450323,14.526,,
climb,o이유oA,5178787b2127e17de717350b25b376b4,2026-07-22,256,32362450323,14.526,,
climb,리레내놔,103a9290d5493a904447b49780010a43,2026-06-18,256,54891657201,24.639,1755801,
climb,리레내놔,103a9290d5493a904447b49780010a43,2026-06-19,256,54891657201,24.639,,
climb,리레내놔,103a9290d5493a904447b49780010a43,2026-06-20,256,54891657201,24.639,,
climb,리레내놔,103a9290d5493a904447b49780010a43,2026-06-21,256,54891657201,24.639,,
climb,리레내놔,103a9290d5493a904447b49780010a43,2026-06-22,256,54891657201,24.639,,
climb,리레내놔,103a9290d5493a904447b49780010a43,2026-06-23,256,54891657201,24.639,,
climb,리레내놔,103a9290d5493a904447b49780010a43,2026-06-24,256,54891657201,24.639,,
climb,리레내놔,103a9290d5493a904447b49780010a43,2026-06-25,256,54891657201,24.639,,
climb,리레내놔,103a9290d5493a904447b49780010a43,2026-06-26,256,54891657201,24.639,1755801,
climb,리레내놔,103a9290d5493a904447b49780010a43,2026-06-27,256,54891657201,24.639,,
climb,리레내놔,103a9290d5493a904447b49780010a43,2026-06-28,256,54891657201,24.639,,
climb,리레내놔,103a9290d5493a904447b49780010a43,2026-06-29,256,54891657201,24.639,,
climb,리레내놔,103a9290d5493a904447b49780010a43,2026-06-30,256,54891657201,24.639,,
climb,리레내놔,103a9290d5493a904447b49780010a43,2026-07-01,256,54891657201,24.639,,
climb,리레내놔,103a9290d5493a904447b49780010a43,2026-07-02,256,54891657201,24.639,,
climb,리레내놔,103a9290d5493a904447b49780010a43,2026-07-03,256,54891657201,24.639,,
climb,리레내놔,103a9290d5493a904447b49780010a43,2026-07-04,256,54891657201,24.639,1755801,
climb,리레내놔,103a9290d5493a904447b49780010a43,2026-07-05,256,54891657201,24.639,,
climb,리레내놔,103a9290d5493a904447b49780010a43,2026-07-06,256,54891657201,24.639,,
climb,리레내놔,103a9290d5493a904447b49780010a43,2026-07-07,256,54891657201,24.639,,
climb,리레내놔,103a9290d5493a904447b49780010a43,2026-07-08,256,54891657201,24.639,,
climb,리레내놔,103a9290d5493a904447b49780010a43,2026-07-09,256,54891657201,24.639,,
climb,리레내놔,103a9290d5493a904447b49780010a43,2026-07-10,256,54891657201,24.639,,
climb,리레내놔,103a9290d5493a904447b49780010a43,2026-07-11,256,54891657201,24.639,,
climb,리레내놔,103a9290d5493a904447b49780010a43,2026-07-12,256,54891657201,24.639,1755801,
climb,리레내놔,103a9290d5493a904447b49780010a43,2026-07-13,256,54891657201,24.639,,
climb,리레내놔,103a9290d5493a904447b49780010a43,2026-07-14,256,54891657201,24.639,,
climb,리레내놔,103a9290d5493a904447b49780010a43,2026-07-15,256,54891657201,24.639,,
climb,리레내놔,103a9290d5493a904447b49780010a43,2026-07-16,256,54891657201,24.639,,
climb,리레내놔,103a9290d5493a904447b49780010a43,2026-07-17,256,54891657201,24.639,,
climb,리레내놔,103a9290d5493a904447b49780010a43,2026-07-18,256,54891657201,24.639,,
climb,리레내놔,103a9290d5493a904447b49780010a43,2026-07-19,256,54891657201,24.639,,
climb,리레내놔,103a9290d5493a904447b49780010a43,2026-07-20,256,54891657201,24.639,1755801,
climb,리레내놔,103a9290d5493a904447b49780010a43,2026-07-21,256,54891657201,24.639,,
climb,리레내놔,103a9290d5493a904447b49780010a43,2026-07-22,256,54891657201,24.639,,
climb,달2된따나,63bf708b6c9548143e844fdc5753878e,2026-06-18,256,31303416136,14.051,7395925,
climb,달2된따나,63bf708b6c9548143e844fdc5753878e,2026-06-19,256,31303416136,14.051,,
climb,달2된따나,63bf708b6c9548143e844fdc5753878e,2026-06-20,256,31303416136,14.051,,
climb,달2된따나,63bf708b6c9548143e844fdc5753878e,2026-06-21,256,31303416136,14.051,,
climb,달2된따나,63bf708b6c9548143e844fdc5753878e,2026-06-22,256,31303416136,14.051,,
climb,달2된따나,63bf708b6c9548143e844fdc5753878e,2026-06-23,256,31303416136,14.051,,
climb,달2된따나,63bf708b6c9548143e844fdc5753878e,2026-06-24,256,31303416136,14.051,,
climb,달2된따나,63bf708b6c9548143e844fdc5753878e,2026-06-25,256,31303416136,14.051,,
climb,달2된따나,63bf708b6c9548143e844fdc5753878e,2026-06-26,256,31303416136,14.051,7395925,
climb,달2된따나,63bf708b6c9548143e844fdc5753878e,2026-06-27,256,31303416136,14.051,,
climb,달2된따나,63bf708b6c9548143e844fdc5753878e,2026-06-28,256,31303416136,14.051,,
climb,달2된따나,63bf708b6c9548143e844fdc5753878e,2026-06-29,256,31303416136,14.051,,
climb,달2된따나,63bf708b6c9548143e844fdc5753878e,2026-06-30,256,31303416136,14.051,,
climb,달2된따나,63bf708b6c9548143e844fdc5753878e,2026-07-01,256,31303416136,14.051,,
climb,달2된따나,63bf708b6c9548143e844fdc5753878e,2026-07-02,256,31303416136,14.051,,
climb,달2된따나,63bf708b6c9548143e844fdc5753878e,2026-07-03,256,31303416136,14.051,,
climb,달2된따나,63bf708b6c9548143e844fdc5753878e,2026-07-04,256,31303416136,14.051,7395925,
climb,달2된따나,63bf708b6c9548143e844fdc5753878e,2026-07-05,256,31303416136,14.051,,
climb,달2된따나,63bf708b6c9548143e844fdc5753878e,2026-07-06,256,31303416136,14.051,,
climb,달2된따나,63bf708b6c9548143e844fdc5753878e,2026-07-07,256,31303416136,14.051,,
climb,달2된따나,63bf708b6c9548143e844fdc5753878e,2026-07-08,256,31303416136,14.051,,
climb,달2된따나,63bf708b6c9548143e844fdc5753878e,2026-07-09,256,31303416136,14.051,,
climb,달2된따나,63bf708b6c9548143e844fdc5753878e,2026-07-10,256,31303416136,14.051,,
climb,달2된따나,63bf708b6c9548143e844fdc5753878e,2026-07-11,256,31303416136,14.051,,
climb,달2된따나,63bf708b6c9548143e844fdc5753878e,2026-07-12,256,31303416136,14.051,7395925,
climb,달2된따나,63bf708b6c9548143e844fdc5753878e,2026-07-13,256,31303416136,14.051,,
climb,달2된따나,63bf708b6c9548143e844fdc5753878e,2026-07-14,256,31303416136,14.051,,
climb,달2된따나,63bf708b6c9548143e844fdc5753878e,2026-07-15,256,31303416136,14.051,,
climb,달2된따나,63bf708b6c9548143e844fdc5753878e,2026-07-16,256,31303416136,14.051,,
climb,달2된따나,63bf708b6c9548143e844fdc5753878e,2026-07-17,256,31303416136,14.051,,
climb,달2된따나,63bf708b6c9548143e844fdc5753878e,2026-07-18,256,31303416136,14.051,,
climb,달2된따나,63bf708b6c9548143e844fdc5753878e,2026-07-19,256,31303416136,14.051,,
climb,달2된따나,63bf708b6c9548143e844fdc5753878e,2026-07-20,256,31303416136,14.051,7395925,
climb,달2된따나,63bf708b6c9548143e844fdc5753878e,2026-07-21,256,31303416136,14.051,,
climb,달2된따나,63bf708b6c9548143e844fdc5753878e,2026-07-22,256,31303416136,14.051,,
climb,듀얼눈곰,a1cf41d37e6e4899db253d1f5ce46170,2026-06-18,256,47966158237,21.530,2876086,
climb,듀얼눈곰,a1cf41d37e6e4899db253d1f5ce46170,2026-06-19,256,47966158237,21.530,,
climb,듀얼눈곰,a1cf41d37e6e4899db253d1f5ce46170,2026-06-20,256,47966158237,21.530,,
climb,듀얼눈곰,a1cf41d37e6e4899db253d1f5ce46170,2026-06-21,256,47966158237,21.530,,
climb,듀얼눈곰,a1cf41d37e6e4899db253d1f5ce46170,2026-06-22,256,47966158237,21.530,,
climb,듀얼눈곰,a1cf41d37e6e4899db253d1f5ce46170,2026-06-23,256,47966158237,21.530,,
climb,듀얼눈곰,a1cf41d37e6e4899db253d1f5ce46170,2026-06-24,256,47966158237,21.530,,
climb,듀얼눈곰,a1cf41d37e6e4899db253d1f5ce46170,2026-06-25,256,47966158237,21.530,,
climb,듀얼눈곰,a1cf41d37e6e4899db253d1f5ce46170,2026-06-26,256,47966158237,21.530,2876086,
climb,듀얼눈곰,a1cf41d37e6e4899db253d1f5ce46170,2026-06-27,256,47966158237,21.530,,
climb,듀얼눈곰,a1cf41d37e6e4899db253d1f5ce46170,2026-06-28,256,47966158237,21.530,,
climb,듀얼눈곰,a1cf41d37e6e4899db253d1f5ce46170,2026-06-29,256,47966158237,21.530,,
climb,듀얼눈곰,a1cf41d37e6e4899db253d1f5ce46170,2026-06-30,256,47966158237,21.530,,
climb,듀얼눈곰,a1cf41d37e6e4899db253d1f5ce46170,2026-07-01,256,47966158237,21.530,,
climb,듀얼눈곰,a1cf41d37e6e4899db253d1f5ce46170,2026-07-02,256,47966158237,21.530,,
climb,듀얼눈곰,a1cf41d37e6e4899db253d1f5ce46170,2026-07-03,256,47966158237,21.530,,
climb,듀얼눈곰,a1cf41d37e6e4899db253d1f5ce46170,2026-07-04,256,47966158237,21.530,2876086,
climb,듀얼눈곰,a1cf41d37e6e4899db253d1f5ce46170,2026-07-05,256,47966158237,21.530,,
climb,듀얼눈곰,a1cf41d37e6e4899db253d1f5ce46170,2026-07-06,256,47966158237,21.530,,
climb,듀얼눈곰,a1cf41d37e6e4899db253d1f5ce46170,2026-07-07,256,47966158237,21.530,,
climb,듀얼눈곰,a1cf41d37e6e4899db253d1f5ce46170,2026-07-08,256,47966158237,21.530,,
climb,듀얼눈곰,a1cf41d37e6e4899db253d1f5ce46170,2026-07-09,256,47966158237,21.530,,
climb,듀얼눈곰,a1cf41d37e6e4899db253d1f5ce46170,2026-07-10,256,47966158237,21.530,,
climb,듀얼눈곰,a1cf41d37e6e4899db253d1f5ce46170,2026-07-11,256,47966158237,21.530,,
climb,듀얼눈곰,a1cf41d37e6e4899db253d1f5ce46170,2026-07-12,256,47966158237,21.530,2876086,
climb,듀얼눈곰,a1cf41d37e6e4899db253d1f5ce46170,2026-07-13,256,47966158237,21.530,,
climb,듀얼눈곰,a1cf41d37e6e4899db253d1f5ce46170,2026-07-14,256,47966158237,21.530,,
climb,듀얼눈곰,a1cf41d37e6e4899db253d1f5ce46170,2026-07-15,256,47966158237,21.530,,
climb,듀얼눈곰,a1cf41d37e6e4899db253d1f5ce46170,2026-07-16,256,47966158237,21.530,,
climb,듀얼눈곰,a1cf41d37e6e4899db253d1f5ce46170,2026-07-17,256,47966158237,21.530,,
climb,듀얼눈곰,a1cf41d37e6e4899db253d1f5ce46170,2026-07-18,256,47966158237,21.530,,
climb,듀얼눈곰,a1cf41d37e6e4899db253d1f5ce46170,2026-07-19,256,47966158237,21.530,,
climb,듀얼눈곰,a1cf41d37e6e4899db253d1f5ce46170,2026-07-20,256,47966158237,21.530,2876086,
climb,듀얼눈곰,a1cf41d37e6e4899db253d1f5ce46170,2026-07-21,256,47966158237,21.530,,
climb,듀얼눈곰,a1cf41d37e6e4899db253d1f5ce46170,2026-07-22,256,47966158237,21.530,,
climb,얄루크뎀,aefa01d3f2ac969d9f2c5ae6b7ffb248,2026-06-18,256,56725258432,25.462,1676004,
climb,얄루크뎀,aefa01d3f2ac969d9f2c5ae6b7ffb248,2026-06-19,256,56725258432,25.462,,
climb,얄루크뎀,aefa01d3f2ac969d9f2c5ae6b7ffb248,2026-06-20,256,56725258432,25.462,,
climb,얄루크뎀,aefa01d3f2ac969d9f2c5ae6b7ffb248,2026-06-21,256,56725258432,25.462,,
climb,얄루크뎀,aefa01d3f2ac969d9f2c5ae6b7ffb248,2026-06-22,256,56725258432,25.462,,
climb,얄루크뎀,aefa01d3f2ac969d9f2c5ae6b7ffb248,2026-06-23,256,56725258432,25.462,,
climb,얄루크뎀,aefa01d3f2ac969d9f2c5ae6b7ffb248,2026-06-24,256,56725258432,25.462,,
climb,얄루크뎀,aefa01d3f2ac969d9f2c5ae6b7ffb248,2026-06-25,256,56725258432,25.462,,
climb,얄루크뎀,aefa01d3f2ac969d9f2c5ae6b7ffb248,2026-06-26,256,56725258432,25.462,1676004,
climb,얄루크뎀,aefa01d3f2ac969d9f2c5ae6b7ffb248,2026-06-27,256,56725258432,25.462,,
climb,얄루크뎀,aefa01d3f2ac969d9f2c5ae6b7ffb248,2026-06-28,256,56725258432,25.462,,
climb,얄루크뎀,aefa01d3f2ac969d9f2c5ae6b7ffb248,2026-06-29,256,56725258432,25.462,,
climb,얄루크뎀,aefa01d3f2ac969d9f2c5ae6b7ffb248,2026-06-30,256,56725258432,25.462,,
climb,얄루크뎀,aefa01d3f2ac969d9f2c5ae6b7ffb248,2026-07-01,256,56725258432,25.462,,
climb,얄루크뎀,aefa01d3f2ac969d9f2c5ae6b7ffb248,2026-07-02,256,56725258432,25.462,,
climb,얄루크뎀,aefa01d3f2ac969d9f2c5ae6b7ffb248,2026-07-03,256,56725258432,25.462,,
climb,얄루크뎀,aefa01d3f2ac969d9f2c5ae6b7ffb248,2026-07-04,256,56725258432,25.462,2083136,
climb,얄루크뎀,aefa01d3f2ac969d9f2c5ae6b7ffb248,2026-07-05,256,56725258432,25.462,,
climb,얄루크뎀,aefa01d3f2ac969d9f2c5ae6b7ffb248,2026-07-06,256,56725258432,25.462,,
climb,얄루크뎀,aefa01d3f2ac969d9f2c5ae6b7ffb248,2026-07-07,256,56725258432,25.462,,
climb,얄루크뎀,aefa01d3f2ac969d9f2c5ae6b7ffb248,2026-07-08,256,56725258432,25.462,,
climb,얄루크뎀,aefa01d3f2ac969d9f2c5ae6b7ffb248,2026-07-09,256,56725258432,25.462,,
climb,얄루크뎀,aefa01d3f2ac969d9f2c5ae6b7ffb248,2026-07-10,256,56725258432,25.462,,
climb,얄루크뎀,aefa01d3f2ac969d9f2c5ae6b7ffb248,2026-07-11,256,56725258432,25.462,,
climb,얄루크뎀,aefa01d3f2ac969d9f2c5ae6b7ffb248,2026-07-12,256,56725258432,25.462,2083136,
climb,얄루크뎀,aefa01d3f2ac969d9f2c5ae6b7ffb248,2026-07-13,256,56725258432,25.462,,
climb,얄루크뎀,aefa01d3f2ac969d9f2c5ae6b7ffb248,2026-07-14,256,56764615884,25.479,,
climb,얄루크뎀,aefa01d3f2ac969d9f2c5ae6b7ffb248,2026-07-15,256,56764615884,25.479,,
climb,얄루크뎀,aefa01d3f2ac969d9f2c5ae6b7ffb248,2026-07-16,256,56764615884,25.479,,
climb,얄루크뎀,aefa01d3f2ac969d9f2c5ae6b7ffb248,2026-07-17,256,56764615884,25.479,,
climb,얄루크뎀,aefa01d3f2ac969d9f2c5ae6b7ffb248,2026-07-18,256,56764615884,25.479,,
climb,얄루크뎀,aefa01d3f2ac969d9f2c5ae6b7ffb248,2026-07-19,256,56764615884,25.479,,
climb,얄루크뎀,aefa01d3f2ac969d9f2c5ae6b7ffb248,2026-07-20,256,56764615884,25.479,2143490,
climb,얄루크뎀,aefa01d3f2ac969d9f2c5ae6b7ffb248,2026-07-21,256,56764615884,25.479,,
climb,얄루크뎀,aefa01d3f2ac969d9f2c5ae6b7ffb248,2026-07-22,256,56764615884,25.479,,
climb,거의엘사급,71436fb1131c46acbed3be2b6525b6ddefe8d04e6d233bd35cf2fabdeb93fb0d,2026-06-18,256,42438385196,19.049,2314664,
climb,거의엘사급,71436fb1131c46acbed3be2b6525b6ddefe8d04e6d233bd35cf2fabdeb93fb0d,2026-06-19,256,42438385196,19.049,,
climb,거의엘사급,71436fb1131c46acbed3be2b6525b6ddefe8d04e6d233bd35cf2fabdeb93fb0d,2026-06-20,256,42438385196,19.049,,
climb,거의엘사급,71436fb1131c46acbed3be2b6525b6ddefe8d04e6d233bd35cf2fabdeb93fb0d,2026-06-21,256,42438385196,19.049,,
climb,거의엘사급,71436fb1131c46acbed3be2b6525b6ddefe8d04e6d233bd35cf2fabdeb93fb0d,2026-06-22,256,42438385196,19.049,,
climb,거의엘사급,71436fb1131c46acbed3be2b6525b6ddefe8d04e6d233bd35cf2fabdeb93fb0d,2026-06-23,256,42438385196,19.049,,
climb,거의엘사급,71436fb1131c46acbed3be2b6525b6ddefe8d04e6d233bd35cf2fabdeb93fb0d,2026-06-24,256,42438385196,19.049,,
climb,거의엘사급,71436fb1131c46acbed3be2b6525b6ddefe8d04e6d233bd35cf2fabdeb93fb0d,2026-06-25,256,42438385196,19.049,,
climb,거의엘사급,71436fb1131c46acbed3be2b6525b6ddefe8d04e6d233bd35cf2fabdeb93fb0d,2026-06-26,256,42438385196,19.049,2314664,
climb,거의엘사급,71436fb1131c46acbed3be2b6525b6ddefe8d04e6d233bd35cf2fabdeb93fb0d,2026-06-27,256,42438385196,19.049,,
climb,거의엘사급,71436fb1131c46acbed3be2b6525b6ddefe8d04e6d233bd35cf2fabdeb93fb0d,2026-06-28,256,42438385196,19.049,,
climb,거의엘사급,71436fb1131c46acbed3be2b6525b6ddefe8d04e6d233bd35cf2fabdeb93fb0d,2026-06-29,256,42438385196,19.049,,
climb,거의엘사급,71436fb1131c46acbed3be2b6525b6ddefe8d04e6d233bd35cf2fabdeb93fb0d,2026-06-30,256,42438385196,19.049,,
climb,거의엘사급,71436fb1131c46acbed3be2b6525b6ddefe8d04e6d233bd35cf2fabdeb93fb0d,2026-07-01,256,42438385196,19.049,,
climb,거의엘사급,71436fb1131c46acbed3be2b6525b6ddefe8d04e6d233bd35cf2fabdeb93fb0d,2026-07-02,256,42438385196,19.049,,
climb,거의엘사급,71436fb1131c46acbed3be2b6525b6ddefe8d04e6d233bd35cf2fabdeb93fb0d,2026-07-03,256,42438385196,19.049,,
climb,거의엘사급,71436fb1131c46acbed3be2b6525b6ddefe8d04e6d233bd35cf2fabdeb93fb0d,2026-07-04,256,42438385196,19.049,2314664,
climb,거의엘사급,71436fb1131c46acbed3be2b6525b6ddefe8d04e6d233bd35cf2fabdeb93fb0d,2026-07-05,256,42438385196,19.049,,
climb,거의엘사급,71436fb1131c46acbed3be2b6525b6ddefe8d04e6d233bd35cf2fabdeb93fb0d,2026-07-06,256,42438385196,19.049,,
climb,거의엘사급,71436fb1131c46acbed3be2b6525b6ddefe8d04e6d233bd35cf2fabdeb93fb0d,2026-07-07,256,42438385196,19.049,,
climb,거의엘사급,71436fb1131c46acbed3be2b6525b6ddefe8d04e6d233bd35cf2fabdeb93fb0d,2026-07-08,256,42438385196,19.049,,
climb,거의엘사급,71436fb1131c46acbed3be2b6525b6ddefe8d04e6d233bd35cf2fabdeb93fb0d,2026-07-09,256,42438385196,19.049,,
climb,거의엘사급,71436fb1131c46acbed3be2b6525b6ddefe8d04e6d233bd35cf2fabdeb93fb0d,2026-07-10,256,42438385196,19.049,,
climb,거의엘사급,71436fb1131c46acbed3be2b6525b6ddefe8d04e6d233bd35cf2fabdeb93fb0d,2026-07-11,256,42438385196,19.049,,
climb,거의엘사급,71436fb1131c46acbed3be2b6525b6ddefe8d04e6d233bd35cf2fabdeb93fb0d,2026-07-12,256,42438385196,19.049,2314664,
climb,거의엘사급,71436fb1131c46acbed3be2b6525b6ddefe8d04e6d233bd35cf2fabdeb93fb0d,2026-07-13,256,42438385196,19.049,,
climb,거의엘사급,71436fb1131c46acbed3be2b6525b6ddefe8d04e6d233bd35cf2fabdeb93fb0d,2026-07-14,256,42438385196,19.049,,
climb,거의엘사급,71436fb1131c46acbed3be2b6525b6ddefe8d04e6d233bd35cf2fabdeb93fb0d,2026-07-15,256,42438385196,19.049,,
climb,거의엘사급,71436fb1131c46acbed3be2b6525b6ddefe8d04e6d233bd35cf2fabdeb93fb0d,2026-07-16,256,42438385196,19.049,,
climb,거의엘사급,71436fb1131c46acbed3be2b6525b6ddefe8d04e6d233bd35cf2fabdeb93fb0d,2026-07-17,256,42438385196,19.049,,
climb,거의엘사급,71436fb1131c46acbed3be2b6525b6ddefe8d04e6d233bd35cf2fabdeb93fb0d,2026-07-18,256,42438385196,19.049,,
climb,거의엘사급,71436fb1131c46acbed3be2b6525b6ddefe8d04e6d233bd35cf2fabdeb93fb0d,2026-07-19,256,42438385196,19.049,,
climb,거의엘사급,71436fb1131c46acbed3be2b6525b6ddefe8d04e6d233bd35cf2fabdeb93fb0d,2026-07-20,256,42438385196,19.049,2314664,
climb,거의엘사급,71436fb1131c46acbed3be2b6525b6ddefe8d04e6d233bd35cf2fabdeb93fb0d,2026-07-21,256,42438385196,19.049,,
climb,거의엘사급,71436fb1131c46acbed3be2b6525b6ddefe8d04e6d233bd35cf2fabdeb93fb0d,2026-07-22,256,42438385196,19.049,,
climb,아일드스웨트,5103fd5a5e561ede03df93d883dcec2d,2026-06-18,256,32368948780,14.529,295519,
climb,아일드스웨트,5103fd5a5e561ede03df93d883dcec2d,2026-06-19,256,32368948780,14.529,,
climb,아일드스웨트,5103fd5a5e561ede03df93d883dcec2d,2026-06-20,256,32368948780,14.529,,
climb,아일드스웨트,5103fd5a5e561ede03df93d883dcec2d,2026-06-21,256,32368948780,14.529,,
climb,아일드스웨트,5103fd5a5e561ede03df93d883dcec2d,2026-06-22,256,32368948780,14.529,,
climb,아일드스웨트,5103fd5a5e561ede03df93d883dcec2d,2026-06-23,256,32368948780,14.529,,
climb,아일드스웨트,5103fd5a5e561ede03df93d883dcec2d,2026-06-24,256,32368948780,14.529,,
climb,아일드스웨트,5103fd5a5e561ede03df93d883dcec2d,2026-06-25,256,32368948780,14.529,,
climb,아일드스웨트,5103fd5a5e561ede03df93d883dcec2d,2026-06-26,256,32368948780,14.529,295519,
climb,아일드스웨트,5103fd5a5e561ede03df93d883dcec2d,2026-06-27,256,32368948780,14.529,,
climb,아일드스웨트,5103fd5a5e561ede03df93d883dcec2d,2026-06-28,256,32368948780,14.529,,
climb,아일드스웨트,5103fd5a5e561ede03df93d883dcec2d,2026-06-29,256,32368948780,14.529,,
climb,아일드스웨트,5103fd5a5e561ede03df93d883dcec2d,2026-06-30,256,32368948780,14.529,,
climb,아일드스웨트,5103fd5a5e561ede03df93d883dcec2d,2026-07-01,256,32368948780,14.529,,
climb,아일드스웨트,5103fd5a5e561ede03df93d883dcec2d,2026-07-02,256,32368948780,14.529,,
climb,아일드스웨트,5103fd5a5e561ede03df93d883dcec2d,2026-07-03,256,32368948780,14.529,,
climb,아일드스웨트,5103fd5a5e561ede03df93d883dcec2d,2026-07-04,256,32368948780,14.529,295519,
climb,아일드스웨트,5103fd5a5e561ede03df93d883dcec2d,2026-07-05,256,32368948780,14.529,,
climb,아일드스웨트,5103fd5a5e561ede03df93d883dcec2d,2026-07-06,256,32368948780,14.529,,
climb,아일드스웨트,5103fd5a5e561ede03df93d883dcec2d,2026-07-07,256,32368948780,14.529,,
climb,아일드스웨트,5103fd5a5e561ede03df93d883dcec2d,2026-07-08,256,32368948780,14.529,,
climb,아일드스웨트,5103fd5a5e561ede03df93d883dcec2d,2026-07-09,256,32368948780,14.529,,
climb,아일드스웨트,5103fd5a5e561ede03df93d883dcec2d,2026-07-10,256,32368948780,14.529,,
climb,아일드스웨트,5103fd5a5e561ede03df93d883dcec2d,2026-07-11,256,32368948780,14.529,,
climb,아일드스웨트,5103fd5a5e561ede03df93d883dcec2d,2026-07-12,256,32368948780,14.529,295519,
climb,아일드스웨트,5103fd5a5e561ede03df93d883dcec2d,2026-07-13,256,32368948780,14.529,,
climb,아일드스웨트,5103fd5a5e561ede03df93d883dcec2d,2026-07-14,256,32368948780,14.529,,
climb,아일드스웨트,5103fd5a5e561ede03df93d883dcec2d,2026-07-15,256,32368948780,14.529,,
climb,아일드스웨트,5103fd5a5e561ede03df93d883dcec2d,2026-07-16,256,32368948780,14.529,,
climb,아일드스웨트,5103fd5a5e561ede03df93d883dcec2d,2026-07-17,256,32368948780,14.529,,
climb,아일드스웨트,5103fd5a5e561ede03df93d883dcec2d,2026-07-18,256,32368948780,14.529,,
climb,아일드스웨트,5103fd5a5e561ede03df93d883dcec2d,2026-07-19,256,32368948780,14.529,,
climb,아일드스웨트,5103fd5a5e561ede03df93d883dcec2d,2026-07-20,256,32368948780,14.529,295519,
climb,아일드스웨트,5103fd5a5e561ede03df93d883dcec2d,2026-07-21,256,32368948780,14.529,,
climb,아일드스웨트,5103fd5a5e561ede03df93d883dcec2d,2026-07-22,256,32368948780,14.529,,
climb,전국장궁연합,171462963ac5eb26b59050ec09270344,2026-06-18,256,57622665880,25.865,43264,
climb,전국장궁연합,171462963ac5eb26b59050ec09270344,2026-06-19,256,57622665880,25.865,,
climb,전국장궁연합,171462963ac5eb26b59050ec09270344,2026-06-20,256,57622665880,25.865,,
climb,전국장궁연합,171462963ac5eb26b59050ec09270344,2026-06-21,256,57622665880,25.865,,
climb,전국장궁연합,171462963ac5eb26b59050ec09270344,2026-06-22,256,57622665880,25.865,,
climb,전국장궁연합,171462963ac5eb26b59050ec09270344,2026-06-23,256,57622665880,25.865,,
climb,전국장궁연합,171462963ac5eb26b59050ec09270344,2026-06-24,256,57622665880,25.865,,
climb,전국장궁연합,171462963ac5eb26b59050ec09270344,2026-06-25,256,57622665880,25.865,,
climb,전국장궁연합,171462963ac5eb26b59050ec09270344,2026-06-26,256,57622665880,25.865,43264,
climb,전국장궁연합,171462963ac5eb26b59050ec09270344,2026-06-27,256,57622665880,25.865,,
climb,전국장궁연합,171462963ac5eb26b59050ec09270344,2026-06-28,256,57622665880,25.865,,
climb,전국장궁연합,171462963ac5eb26b59050ec09270344,2026-06-29,256,57622665880,25.865,,
climb,전국장궁연합,171462963ac5eb26b59050ec09270344,2026-06-30,256,57622665880,25.865,,
climb,전국장궁연합,171462963ac5eb26b59050ec09270344,2026-07-01,256,57622665880,25.865,,
climb,전국장궁연합,171462963ac5eb26b59050ec09270344,2026-07-02,256,57622665880,25.865,,
climb,전국장궁연합,171462963ac5eb26b59050ec09270344,2026-07-03,256,57622665880,25.865,,
climb,전국장궁연합,171462963ac5eb26b59050ec09270344,2026-07-04,256,57622665880,25.865,43264,
climb,전국장궁연합,171462963ac5eb26b59050ec09270344,2026-07-05,256,57622665880,25.865,,
climb,전국장궁연합,171462963ac5eb26b59050ec09270344,2026-07-06,256,57622665880,25.865,,
climb,전국장궁연합,171462963ac5eb26b59050ec09270344,2026-07-07,256,57622665880,25.865,,
climb,전국장궁연합,171462963ac5eb26b59050ec09270344,2026-07-08,256,57622665880,25.865,,
climb,전국장궁연합,171462963ac5eb26b59050ec09270344,2026-07-09,256,57622665880,25.865,,
climb,전국장궁연합,171462963ac5eb26b59050ec09270344,2026-07-10,256,57622665880,25.865,,
climb,전국장궁연합,171462963ac5eb26b59050ec09270344,2026-07-11,256,57622665880,25.865,,
climb,전국장궁연합,171462963ac5eb26b59050ec09270344,2026-07-12,256,57622665880,25.865,43264,
climb,전국장궁연합,171462963ac5eb26b59050ec09270344,2026-07-13,256,57622665880,25.865,,
climb,전국장궁연합,171462963ac5eb26b59050ec09270344,2026-07-14,256,57622665880,25.865,,
climb,전국장궁연합,171462963ac5eb26b59050ec09270344,2026-07-15,256,57622665880,25.865,,
climb,전국장궁연합,171462963ac5eb26b59050ec09270344,2026-07-16,256,57622665880,25.865,,
climb,전국장궁연합,171462963ac5eb26b59050ec09270344,2026-07-17,256,57622665880,25.865,,
climb,전국장궁연합,171462963ac5eb26b59050ec09270344,2026-07-18,256,57622665880,25.865,,
climb,전국장궁연합,171462963ac5eb26b59050ec09270344,2026-07-19,256,57622665880,25.865,,
climb,전국장궁연합,171462963ac5eb26b59050ec09270344,2026-07-20,256,57622665880,25.865,43264,
climb,전국장궁연합,171462963ac5eb26b59050ec09270344,2026-07-21,256,57622665880,25.865,,
climb,전국장궁연합,171462963ac5eb26b59050ec09270344,2026-07-22,256,57622665880,25.865,,
climb,레퓨예,1b47aa75e9ad84cc38dd090eec82efdb,2026-06-18,256,92493796513,41.517,7140326,
climb,레퓨예,1b47aa75e9ad84cc38dd090eec82efdb,2026-06-19,256,121418944033,54.500,,
climb,레퓨예,1b47aa75e9ad84cc38dd090eec82efdb,2026-06-20,256,154200777889,69.215,,
climb,레퓨예,1b47aa75e9ad84cc38dd090eec82efdb,2026-06-21,256,186982611745,83.929,,
climb,레퓨예,1b47aa75e9ad84cc38dd090eec82efdb,2026-06-22,256,219764445601,98.644,,
climb,레퓨예,1b47aa75e9ad84cc38dd090eec82efdb,2026-06-23,257,29760209968,12.969,,
climb,레퓨예,1b47aa75e9ad84cc38dd090eec82efdb,2026-06-24,257,62542043824,27.255,,
climb,레퓨예,1b47aa75e9ad84cc38dd090eec82efdb,2026-06-25,257,85682161840,37.339,,
climb,레퓨예,1b47aa75e9ad84cc38dd090eec82efdb,2026-06-26,257,114607309360,49.944,6465959,
climb,레퓨예,1b47aa75e9ad84cc38dd090eec82efdb,2026-06-27,257,143532456880,62.550,,
climb,레퓨예,1b47aa75e9ad84cc38dd090eec82efdb,2026-06-28,257,172457604400,75.155,,
climb,레퓨예,1b47aa75e9ad84cc38dd090eec82efdb,2026-06-29,257,201382751920,87.760,,
climb,레퓨예,1b47aa75e9ad84cc38dd090eec82efdb,2026-06-30,258,838247867,0.355,,
climb,레퓨예,1b47aa75e9ad84cc38dd090eec82efdb,2026-07-01,258,16176860387,6.844,,
climb,레퓨예,1b47aa75e9ad84cc38dd090eec82efdb,2026-07-02,258,31515472907,13.334,,
climb,레퓨예,1b47aa75e9ad84cc38dd090eec82efdb,2026-07-03,258,46854085427,19.824,,
climb,레퓨예,1b47aa75e9ad84cc38dd090eec82efdb,2026-07-04,258,62192697947,26.313,6393505,
climb,레퓨예,1b47aa75e9ad84cc38dd090eec82efdb,2026-07-05,258,77531310467,32.803,,
climb,레퓨예,1b47aa75e9ad84cc38dd090eec82efdb,2026-07-06,258,92869922987,39.293,,
climb,레퓨예,1b47aa75e9ad84cc38dd090eec82efdb,2026-07-07,258,108208535507,45.782,,
climb,레퓨예,1b47aa75e9ad84cc38dd090eec82efdb,2026-07-08,258,123547148027,52.272,,
climb,레퓨예,1b47aa75e9ad84cc38dd090eec82efdb,2026-07-09,258,138885760547,58.762,,
climb,레퓨예,1b47aa75e9ad84cc38dd090eec82efdb,2026-07-10,258,154224373067,65.252,,
climb,레퓨예,1b47aa75e9ad84cc38dd090eec82efdb,2026-07-11,258,169562985587,71.741,,
climb,레퓨예,1b47aa75e9ad84cc38dd090eec82efdb,2026-07-12,258,184901598107,78.231,6393505,
climb,레퓨예,1b47aa75e9ad84cc38dd090eec82efdb,2026-07-13,258,200240210627,84.721,,
climb,레퓨예,1b47aa75e9ad84cc38dd090eec82efdb,2026-07-14,258,215578823147,91.210,,
climb,레퓨예,1b47aa75e9ad84cc38dd090eec82efdb,2026-07-15,258,230917435667,97.700,,
climb,레퓨예,1b47aa75e9ad84cc38dd090eec82efdb,2026-07-16,259,9902307067,4.068,,
climb,레퓨예,1b47aa75e9ad84cc38dd090eec82efdb,2026-07-17,259,25240919587,10.368,,
climb,레퓨예,1b47aa75e9ad84cc38dd090eec82efdb,2026-07-18,259,40579532107,16.669,,
climb,레퓨예,1b47aa75e9ad84cc38dd090eec82efdb,2026-07-19,259,55918144627,22.970,,
climb,레퓨예,1b47aa75e9ad84cc38dd090eec82efdb,2026-07-20,259,71256757147,29.270,7372154,
climb,레퓨예,1b47aa75e9ad84cc38dd090eec82efdb,2026-07-21,259,86595369667,35.571,,
climb,레퓨예,1b47aa75e9ad84cc38dd090eec82efdb,2026-07-22,259,101933982187,41.872,,
climb,유뇬의고트,2be60a34075b01aa7295c66d2c7dde5e,2026-06-18,256,52571513495,23.597,26964,
climb,유뇬의고트,2be60a34075b01aa7295c66d2c7dde5e,2026-06-19,256,52571513495,23.597,,
climb,유뇬의고트,2be60a34075b01aa7295c66d2c7dde5e,2026-06-20,256,52571513495,23.597,,
climb,유뇬의고트,2be60a34075b01aa7295c66d2c7dde5e,2026-06-21,256,52571513495,23.597,,
climb,유뇬의고트,2be60a34075b01aa7295c66d2c7dde5e,2026-06-22,256,52571513495,23.597,,
climb,유뇬의고트,2be60a34075b01aa7295c66d2c7dde5e,2026-06-23,256,52571513495,23.597,,
climb,유뇬의고트,2be60a34075b01aa7295c66d2c7dde5e,2026-06-24,256,52571513495,23.597,,
climb,유뇬의고트,2be60a34075b01aa7295c66d2c7dde5e,2026-06-25,256,52571513495,23.597,,
climb,유뇬의고트,2be60a34075b01aa7295c66d2c7dde5e,2026-06-26,256,52571513495,23.597,26964,
climb,유뇬의고트,2be60a34075b01aa7295c66d2c7dde5e,2026-06-27,256,52571513495,23.597,,
climb,유뇬의고트,2be60a34075b01aa7295c66d2c7dde5e,2026-06-28,256,52571513495,23.597,,
climb,유뇬의고트,2be60a34075b01aa7295c66d2c7dde5e,2026-06-29,256,52571513495,23.597,,
climb,유뇬의고트,2be60a34075b01aa7295c66d2c7dde5e,2026-06-30,256,52571513495,23.597,,
climb,유뇬의고트,2be60a34075b01aa7295c66d2c7dde5e,2026-07-01,256,52571513495,23.597,,
climb,유뇬의고트,2be60a34075b01aa7295c66d2c7dde5e,2026-07-02,256,52571513495,23.597,,
climb,유뇬의고트,2be60a34075b01aa7295c66d2c7dde5e,2026-07-03,256,52571513495,23.597,,
climb,유뇬의고트,2be60a34075b01aa7295c66d2c7dde5e,2026-07-04,256,52571513495,23.597,26964,
climb,유뇬의고트,2be60a34075b01aa7295c66d2c7dde5e,2026-07-05,256,52571513495,23.597,,
climb,유뇬의고트,2be60a34075b01aa7295c66d2c7dde5e,2026-07-06,256,52571513495,23.597,,
climb,유뇬의고트,2be60a34075b01aa7295c66d2c7dde5e,2026-07-07,256,52571513495,23.597,,
climb,유뇬의고트,2be60a34075b01aa7295c66d2c7dde5e,2026-07-08,256,52571513495,23.597,,
climb,유뇬의고트,2be60a34075b01aa7295c66d2c7dde5e,2026-07-09,256,52571513495,23.597,,
climb,유뇬의고트,2be60a34075b01aa7295c66d2c7dde5e,2026-07-10,256,52571513495,23.597,,
climb,유뇬의고트,2be60a34075b01aa7295c66d2c7dde5e,2026-07-11,256,52571513495,23.597,,
climb,유뇬의고트,2be60a34075b01aa7295c66d2c7dde5e,2026-07-12,256,52571513495,23.597,26964,
climb,유뇬의고트,2be60a34075b01aa7295c66d2c7dde5e,2026-07-13,256,52571513495,23.597,,
climb,유뇬의고트,2be60a34075b01aa7295c66d2c7dde5e,2026-07-14,256,52571513495,23.597,,
climb,유뇬의고트,2be60a34075b01aa7295c66d2c7dde5e,2026-07-15,256,52571513495,23.597,,
climb,유뇬의고트,2be60a34075b01aa7295c66d2c7dde5e,2026-07-16,256,52571513495,23.597,,
climb,유뇬의고트,2be60a34075b01aa7295c66d2c7dde5e,2026-07-17,256,52571513495,23.597,,
climb,유뇬의고트,2be60a34075b01aa7295c66d2c7dde5e,2026-07-18,256,52571513495,23.597,,
climb,유뇬의고트,2be60a34075b01aa7295c66d2c7dde5e,2026-07-19,256,52571513495,23.597,,
climb,유뇬의고트,2be60a34075b01aa7295c66d2c7dde5e,2026-07-20,256,52571513495,23.597,26964,
climb,유뇬의고트,2be60a34075b01aa7295c66d2c7dde5e,2026-07-21,256,52571513495,23.597,,
climb,유뇬의고트,2be60a34075b01aa7295c66d2c7dde5e,2026-07-22,256,52571513495,23.597,,
climb,통화가,8d122603cc2db91e6207422778417b75efe8d04e6d233bd35cf2fabdeb93fb0d,2026-06-18,256,100798759657,45.245,1101215,
climb,통화가,8d122603cc2db91e6207422778417b75efe8d04e6d233bd35cf2fabdeb93fb0d,2026-06-19,256,147856426430,66.367,,
climb,통화가,8d122603cc2db91e6207422778417b75efe8d04e6d233bd35cf2fabdeb93fb0d,2026-06-20,256,194914093203,87.489,,
climb,통화가,8d122603cc2db91e6207422778417b75efe8d04e6d233bd35cf2fabdeb93fb0d,2026-06-21,257,19185690487,8.361,,
climb,통화가,8d122603cc2db91e6207422778417b75efe8d04e6d233bd35cf2fabdeb93fb0d,2026-06-22,257,66243357260,28.868,,
climb,통화가,8d122603cc2db91e6207422778417b75efe8d04e6d233bd35cf2fabdeb93fb0d,2026-06-23,257,113301024033,49.375,,
climb,통화가,8d122603cc2db91e6207422778417b75efe8d04e6d233bd35cf2fabdeb93fb0d,2026-06-24,257,160358690806,69.882,,
climb,통화가,8d122603cc2db91e6207422778417b75efe8d04e6d233bd35cf2fabdeb93fb0d,2026-06-25,257,193575867352,84.358,,
climb,통화가,8d122603cc2db91e6207422778417b75efe8d04e6d233bd35cf2fabdeb93fb0d,2026-06-26,257,226793043898,98.834,1116670,
climb,통화가,8d122603cc2db91e6207422778417b75efe8d04e6d233bd35cf2fabdeb93fb0d,2026-06-27,258,30540568871,12.922,,
climb,통화가,8d122603cc2db91e6207422778417b75efe8d04e6d233bd35cf2fabdeb93fb0d,2026-06-28,258,63757745417,26.976,,
climb,통화가,8d122603cc2db91e6207422778417b75efe8d04e6d233bd35cf2fabdeb93fb0d,2026-06-29,258,96974921963,41.030,,
climb,통화가,8d122603cc2db91e6207422778417b75efe8d04e6d233bd35cf2fabdeb93fb0d,2026-06-30,258,130192098509,55.084,,
climb,통화가,8d122603cc2db91e6207422778417b75efe8d04e6d233bd35cf2fabdeb93fb0d,2026-07-01,258,142462988525,60.275,,
climb,통화가,8d122603cc2db91e6207422778417b75efe8d04e6d233bd35cf2fabdeb93fb0d,2026-07-02,258,154733878541,65.467,,
climb,통화가,8d122603cc2db91e6207422778417b75efe8d04e6d233bd35cf2fabdeb93fb0d,2026-07-03,258,167004768557,70.659,,
climb,통화가,8d122603cc2db91e6207422778417b75efe8d04e6d233bd35cf2fabdeb93fb0d,2026-07-04,258,179275658573,75.851,1155547,
climb,통화가,8d122603cc2db91e6207422778417b75efe8d04e6d233bd35cf2fabdeb93fb0d,2026-07-05,258,191546548589,81.042,,
climb,통화가,8d122603cc2db91e6207422778417b75efe8d04e6d233bd35cf2fabdeb93fb0d,2026-07-06,258,203817438605,86.234,,
climb,통화가,8d122603cc2db91e6207422778417b75efe8d04e6d233bd35cf2fabdeb93fb0d,2026-07-07,258,216088328621,91.426,,
climb,통화가,8d122603cc2db91e6207422778417b75efe8d04e6d233bd35cf2fabdeb93fb0d,2026-07-08,258,228359218637,96.618,,
climb,통화가,8d122603cc2db91e6207422778417b75efe8d04e6d233bd35cf2fabdeb93fb0d,2026-07-09,259,4889912033,2.009,,
climb,통화가,8d122603cc2db91e6207422778417b75efe8d04e6d233bd35cf2fabdeb93fb0d,2026-07-10,259,17774346549,7.301,,
climb,통화가,8d122603cc2db91e6207422778417b75efe8d04e6d233bd35cf2fabdeb93fb0d,2026-07-11,259,30658781065,12.594,,
climb,통화가,8d122603cc2db91e6207422778417b75efe8d04e6d233bd35cf2fabdeb93fb0d,2026-07-12,259,43543215581,17.886,1157297,
climb,통화가,8d122603cc2db91e6207422778417b75efe8d04e6d233bd35cf2fabdeb93fb0d,2026-07-13,259,56427650097,23.179,,
climb,통화가,8d122603cc2db91e6207422778417b75efe8d04e6d233bd35cf2fabdeb93fb0d,2026-07-14,259,69312084613,28.471,,
climb,통화가,8d122603cc2db91e6207422778417b75efe8d04e6d233bd35cf2fabdeb93fb0d,2026-07-15,259,82196519129,33.764,,
climb,통화가,8d122603cc2db91e6207422778417b75efe8d04e6d233bd35cf2fabdeb93fb0d,2026-07-16,259,95080953645,39.057,,
climb,통화가,8d122603cc2db91e6207422778417b75efe8d04e6d233bd35cf2fabdeb93fb0d,2026-07-17,259,107965388161,44.349,,
climb,통화가,8d122603cc2db91e6207422778417b75efe8d04e6d233bd35cf2fabdeb93fb0d,2026-07-18,259,120849822677,49.642,,
climb,통화가,8d122603cc2db91e6207422778417b75efe8d04e6d233bd35cf2fabdeb93fb0d,2026-07-19,259,133734257193,54.934,,
climb,통화가,8d122603cc2db91e6207422778417b75efe8d04e6d233bd35cf2fabdeb93fb0d,2026-07-20,259,146618691709,60.227,1167882,
climb,통화가,8d122603cc2db91e6207422778417b75efe8d04e6d233bd35cf2fabdeb93fb0d,2026-07-21,259,159503126225,65.519,,
climb,통화가,8d122603cc2db91e6207422778417b75efe8d04e6d233bd35cf2fabdeb93fb0d,2026-07-22,259,172387560741,70.812,,
climb,윈국브,cb101b65ee0e5bc06bf046ed1d47059e,2026-06-18,256,39838371454,17.882,354490,
climb,윈국브,cb101b65ee0e5bc06bf046ed1d47059e,2026-06-19,256,39838371454,17.882,,
climb,윈국브,cb101b65ee0e5bc06bf046ed1d47059e,2026-06-20,256,39838371454,17.882,,
climb,윈국브,cb101b65ee0e5bc06bf046ed1d47059e,2026-06-21,256,39838371454,17.882,,
climb,윈국브,cb101b65ee0e5bc06bf046ed1d47059e,2026-06-22,256,39838371454,17.882,,
climb,윈국브,cb101b65ee0e5bc06bf046ed1d47059e,2026-06-23,256,39838371454,17.882,,
climb,윈국브,cb101b65ee0e5bc06bf046ed1d47059e,2026-06-24,256,39838371454,17.882,,
climb,윈국브,cb101b65ee0e5bc06bf046ed1d47059e,2026-06-25,256,39838371454,17.882,,
climb,윈국브,cb101b65ee0e5bc06bf046ed1d47059e,2026-06-26,256,39838371454,17.882,354490,
climb,윈국브,cb101b65ee0e5bc06bf046ed1d47059e,2026-06-27,256,39838371454,17.882,,
climb,윈국브,cb101b65ee0e5bc06bf046ed1d47059e,2026-06-28,256,39838371454,17.882,,
climb,윈국브,cb101b65ee0e5bc06bf046ed1d47059e,2026-06-29,256,39838371454,17.882,,
climb,윈국브,cb101b65ee0e5bc06bf046ed1d47059e,2026-06-30,256,39838371454,17.882,,
climb,윈국브,cb101b65ee0e5bc06bf046ed1d47059e,2026-07-01,256,39838371454,17.882,,
climb,윈국브,cb101b65ee0e5bc06bf046ed1d47059e,2026-07-02,256,39838371454,17.882,,
climb,윈국브,cb101b65ee0e5bc06bf046ed1d47059e,2026-07-03,256,39838371454,17.882,,
climb,윈국브,cb101b65ee0e5bc06bf046ed1d47059e,2026-07-04,256,39838371454,17.882,354490,
climb,윈국브,cb101b65ee0e5bc06bf046ed1d47059e,2026-07-05,256,39838371454,17.882,,
climb,윈국브,cb101b65ee0e5bc06bf046ed1d47059e,2026-07-06,256,39838371454,17.882,,
climb,윈국브,cb101b65ee0e5bc06bf046ed1d47059e,2026-07-07,256,39838371454,17.882,,
climb,윈국브,cb101b65ee0e5bc06bf046ed1d47059e,2026-07-08,256,39838371454,17.882,,
climb,윈국브,cb101b65ee0e5bc06bf046ed1d47059e,2026-07-09,256,39838371454,17.882,,
climb,윈국브,cb101b65ee0e5bc06bf046ed1d47059e,2026-07-10,256,39838371454,17.882,,
climb,윈국브,cb101b65ee0e5bc06bf046ed1d47059e,2026-07-11,256,39838371454,17.882,,
climb,윈국브,cb101b65ee0e5bc06bf046ed1d47059e,2026-07-12,256,39838371454,17.882,354490,
climb,윈국브,cb101b65ee0e5bc06bf046ed1d47059e,2026-07-13,256,39838371454,17.882,,
climb,윈국브,cb101b65ee0e5bc06bf046ed1d47059e,2026-07-14,256,39838371454,17.882,,
climb,윈국브,cb101b65ee0e5bc06bf046ed1d47059e,2026-07-15,256,39838371454,17.882,,
climb,윈국브,cb101b65ee0e5bc06bf046ed1d47059e,2026-07-16,256,39838371454,17.882,,
climb,윈국브,cb101b65ee0e5bc06bf046ed1d47059e,2026-07-17,256,48767481573,21.890,,
climb,윈국브,cb101b65ee0e5bc06bf046ed1d47059e,2026-07-18,256,85377572147,38.323,,
climb,윈국브,cb101b65ee0e5bc06bf046ed1d47059e,2026-07-19,256,121987662721,54.756,,
climb,윈국브,cb101b65ee0e5bc06bf046ed1d47059e,2026-07-20,256,158597753295,71.188,232877,
climb,윈국브,cb101b65ee0e5bc06bf046ed1d47059e,2026-07-21,256,195207843869,87.621,,
climb,윈국브,cb101b65ee0e5bc06bf046ed1d47059e,2026-07-22,257,9031864954,3.936,,
climb,신궁멋,5f779bea0f4e019a5a9571d7edf81ad8,2026-06-18,256,102881387057,46.179,29280,
climb,신궁멋,5f779bea0f4e019a5a9571d7edf81ad8,2026-06-19,256,102881387057,46.179,,
climb,신궁멋,5f779bea0f4e019a5a9571d7edf81ad8,2026-06-20,256,102881387057,46.179,,
climb,신궁멋,5f779bea0f4e019a5a9571d7edf81ad8,2026-06-21,256,102881387057,46.179,,
climb,신궁멋,5f779bea0f4e019a5a9571d7edf81ad8,2026-06-22,256,102881387057,46.179,,
climb,신궁멋,5f779bea0f4e019a5a9571d7edf81ad8,2026-06-23,256,102881387057,46.179,,
climb,신궁멋,5f779bea0f4e019a5a9571d7edf81ad8,2026-06-24,256,102881387057,46.179,,
climb,신궁멋,5f779bea0f4e019a5a9571d7edf81ad8,2026-06-25,256,102881387057,46.179,,
climb,신궁멋,5f779bea0f4e019a5a9571d7edf81ad8,2026-06-26,256,102881387057,46.179,29280,
climb,신궁멋,5f779bea0f4e019a5a9571d7edf81ad8,2026-06-27,256,102881387057,46.179,,
climb,신궁멋,5f779bea0f4e019a5a9571d7edf81ad8,2026-06-28,256,102881387057,46.179,,
climb,신궁멋,5f779bea0f4e019a5a9571d7edf81ad8,2026-06-29,256,102881387057,46.179,,
climb,신궁멋,5f779bea0f4e019a5a9571d7edf81ad8,2026-06-30,256,102881387057,46.179,,
climb,신궁멋,5f779bea0f4e019a5a9571d7edf81ad8,2026-07-01,256,102881387057,46.179,,
climb,신궁멋,5f779bea0f4e019a5a9571d7edf81ad8,2026-07-02,256,102881387057,46.179,,
climb,신궁멋,5f779bea0f4e019a5a9571d7edf81ad8,2026-07-03,256,102881387057,46.179,,
climb,신궁멋,5f779bea0f4e019a5a9571d7edf81ad8,2026-07-04,256,102881387057,46.179,29280,
climb,신궁멋,5f779bea0f4e019a5a9571d7edf81ad8,2026-07-05,256,102881387057,46.179,,
climb,신궁멋,5f779bea0f4e019a5a9571d7edf81ad8,2026-07-06,256,102881387057,46.179,,
climb,신궁멋,5f779bea0f4e019a5a9571d7edf81ad8,2026-07-07,256,102881387057,46.179,,
climb,신궁멋,5f779bea0f4e019a5a9571d7edf81ad8,2026-07-08,256,102881387057,46.179,,
climb,신궁멋,5f779bea0f4e019a5a9571d7edf81ad8,2026-07-09,256,102881387057,46.179,,
climb,신궁멋,5f779bea0f4e019a5a9571d7edf81ad8,2026-07-10,256,102881387057,46.179,,
climb,신궁멋,5f779bea0f4e019a5a9571d7edf81ad8,2026-07-11,256,102881387057,46.179,,
climb,신궁멋,5f779bea0f4e019a5a9571d7edf81ad8,2026-07-12,256,102881387057,46.179,29280,
climb,신궁멋,5f779bea0f4e019a5a9571d7edf81ad8,2026-07-13,256,102881387057,46.179,,
climb,신궁멋,5f779bea0f4e019a5a9571d7edf81ad8,2026-07-14,256,102881387057,46.179,,
climb,신궁멋,5f779bea0f4e019a5a9571d7edf81ad8,2026-07-15,256,102881387057,46.179,,
climb,신궁멋,5f779bea0f4e019a5a9571d7edf81ad8,2026-07-16,256,102881387057,46.179,,
climb,신궁멋,5f779bea0f4e019a5a9571d7edf81ad8,2026-07-17,256,102881387057,46.179,,
climb,신궁멋,5f779bea0f4e019a5a9571d7edf81ad8,2026-07-18,256,102881387057,46.179,,
climb,신궁멋,5f779bea0f4e019a5a9571d7edf81ad8,2026-07-19,256,102881387057,46.179,,
climb,신궁멋,5f779bea0f4e019a5a9571d7edf81ad8,2026-07-20,256,102881387057,46.179,29280,
climb,신궁멋,5f779bea0f4e019a5a9571d7edf81ad8,2026-07-21,256,102881387057,46.179,,
climb,신궁멋,5f779bea0f4e019a5a9571d7edf81ad8,2026-07-22,256,102881387057,46.179,,
climb,신살자푸실,e2bb591e33b9dd186ec860fe60296a6e,2026-06-18,256,100671861841,45.188,1486903,
climb,신살자푸실,e2bb591e33b9dd186ec860fe60296a6e,2026-06-19,256,100671861841,45.188,,
climb,신살자푸실,e2bb591e33b9dd186ec860fe60296a6e,2026-06-20,256,100671861841,45.188,,
climb,신살자푸실,e2bb591e33b9dd186ec860fe60296a6e,2026-06-21,256,100671861841,45.188,,
climb,신살자푸실,e2bb591e33b9dd186ec860fe60296a6e,2026-06-22,256,100671861841,45.188,,
climb,신살자푸실,e2bb591e33b9dd186ec860fe60296a6e,2026-06-23,256,100671861841,45.188,,
climb,신살자푸실,e2bb591e33b9dd186ec860fe60296a6e,2026-06-24,256,100671861841,45.188,,
climb,신살자푸실,e2bb591e33b9dd186ec860fe60296a6e,2026-06-25,256,100671861841,45.188,,
climb,신살자푸실,e2bb591e33b9dd186ec860fe60296a6e,2026-06-26,256,100671861841,45.188,1486903,
climb,신살자푸실,e2bb591e33b9dd186ec860fe60296a6e,2026-06-27,256,100671861841,45.188,,
climb,신살자푸실,e2bb591e33b9dd186ec860fe60296a6e,2026-06-28,256,100671861841,45.188,,
climb,신살자푸실,e2bb591e33b9dd186ec860fe60296a6e,2026-06-29,256,100671861841,45.188,,
climb,신살자푸실,e2bb591e33b9dd186ec860fe60296a6e,2026-06-30,256,100671861841,45.188,,
climb,신살자푸실,e2bb591e33b9dd186ec860fe60296a6e,2026-07-01,256,100671861841,45.188,,
climb,신살자푸실,e2bb591e33b9dd186ec860fe60296a6e,2026-07-02,256,100671861841,45.188,,
climb,신살자푸실,e2bb591e33b9dd186ec860fe60296a6e,2026-07-03,256,100671861841,45.188,,
climb,신살자푸실,e2bb591e33b9dd186ec860fe60296a6e,2026-07-04,256,100671861841,45.188,1486903,
climb,신살자푸실,e2bb591e33b9dd186ec860fe60296a6e,2026-07-05,256,100671861841,45.188,,
climb,신살자푸실,e2bb591e33b9dd186ec860fe60296a6e,2026-07-06,256,100671861841,45.188,,
climb,신살자푸실,e2bb591e33b9dd186ec860fe60296a6e,2026-07-07,256,100671861841,45.188,,
climb,신살자푸실,e2bb591e33b9dd186ec860fe60296a6e,2026-07-08,256,100671861841,45.188,,
climb,신살자푸실,e2bb591e33b9dd186ec860fe60296a6e,2026-07-09,256,100671861841,45.188,,
climb,신살자푸실,e2bb591e33b9dd186ec860fe60296a6e,2026-07-10,256,100671861841,45.188,,
climb,신살자푸실,e2bb591e33b9dd186ec860fe60296a6e,2026-07-11,256,100671861841,45.188,,
climb,신살자푸실,e2bb591e33b9dd186ec860fe60296a6e,2026-07-12,256,100671861841,45.188,1486903,
climb,신살자푸실,e2bb591e33b9dd186ec860fe60296a6e,2026-07-13,256,100671861841,45.188,,
climb,신살자푸실,e2bb591e33b9dd186ec860fe60296a6e,2026-07-14,256,100671861841,45.188,,
climb,신살자푸실,e2bb591e33b9dd186ec860fe60296a6e,2026-07-15,256,100671861841,45.188,,
climb,신살자푸실,e2bb591e33b9dd186ec860fe60296a6e,2026-07-16,256,100671861841,45.188,,
climb,신살자푸실,e2bb591e33b9dd186ec860fe60296a6e,2026-07-17,256,100671861841,45.188,,
climb,신살자푸실,e2bb591e33b9dd186ec860fe60296a6e,2026-07-18,256,100671861841,45.188,,
climb,신살자푸실,e2bb591e33b9dd186ec860fe60296a6e,2026-07-19,256,100671861841,45.188,,
climb,신살자푸실,e2bb591e33b9dd186ec860fe60296a6e,2026-07-20,256,100671861841,45.188,1486903,
climb,신살자푸실,e2bb591e33b9dd186ec860fe60296a6e,2026-07-21,256,100671861841,45.188,,
climb,신살자푸실,e2bb591e33b9dd186ec860fe60296a6e,2026-07-22,256,100671861841,45.188,,
climb,키위의그림자,5b3bd7bed4346c9e767ec5e89d6aaa51efe8d04e6d233bd35cf2fabdeb93fb0d,2026-06-18,256,211066268713,94.739,4042713,
climb,키위의그림자,5b3bd7bed4346c9e767ec5e89d6aaa51efe8d04e6d233bd35cf2fabdeb93fb0d,2026-06-19,257,106175097194,46.270,,
climb,키위의그림자,5b3bd7bed4346c9e767ec5e89d6aaa51efe8d04e6d233bd35cf2fabdeb93fb0d,2026-06-20,257,106192190094,46.277,,
climb,키위의그림자,5b3bd7bed4346c9e767ec5e89d6aaa51efe8d04e6d233bd35cf2fabdeb93fb0d,2026-06-21,257,106192190094,46.277,,
climb,키위의그림자,5b3bd7bed4346c9e767ec5e89d6aaa51efe8d04e6d233bd35cf2fabdeb93fb0d,2026-06-22,257,106192190094,46.277,,
climb,키위의그림자,5b3bd7bed4346c9e767ec5e89d6aaa51efe8d04e6d233bd35cf2fabdeb93fb0d,2026-06-23,257,106306140374,46.327,,
climb,키위의그림자,5b3bd7bed4346c9e767ec5e89d6aaa51efe8d04e6d233bd35cf2fabdeb93fb0d,2026-06-24,257,106360869826,46.351,,
climb,키위의그림자,5b3bd7bed4346c9e767ec5e89d6aaa51efe8d04e6d233bd35cf2fabdeb93fb0d,2026-06-25,257,106360869826,46.351,,
climb,키위의그림자,5b3bd7bed4346c9e767ec5e89d6aaa51efe8d04e6d233bd35cf2fabdeb93fb0d,2026-06-26,257,106360869826,46.351,3717651,
climb,키위의그림자,5b3bd7bed4346c9e767ec5e89d6aaa51efe8d04e6d233bd35cf2fabdeb93fb0d,2026-06-27,257,106360869826,46.351,,
climb,키위의그림자,5b3bd7bed4346c9e767ec5e89d6aaa51efe8d04e6d233bd35cf2fabdeb93fb0d,2026-06-28,257,106470130961,46.398,,
climb,키위의그림자,5b3bd7bed4346c9e767ec5e89d6aaa51efe8d04e6d233bd35cf2fabdeb93fb0d,2026-06-29,257,106470130961,46.398,,
climb,키위의그림자,5b3bd7bed4346c9e767ec5e89d6aaa51efe8d04e6d233bd35cf2fabdeb93fb0d,2026-06-30,257,106470130961,46.398,,
climb,키위의그림자,5b3bd7bed4346c9e767ec5e89d6aaa51efe8d04e6d233bd35cf2fabdeb93fb0d,2026-07-01,257,106522797313,46.421,,
climb,키위의그림자,5b3bd7bed4346c9e767ec5e89d6aaa51efe8d04e6d233bd35cf2fabdeb93fb0d,2026-07-02,257,106522797313,46.421,,
climb,키위의그림자,5b3bd7bed4346c9e767ec5e89d6aaa51efe8d04e6d233bd35cf2fabdeb93fb0d,2026-07-03,257,106533606673,46.426,,
climb,키위의그림자,5b3bd7bed4346c9e767ec5e89d6aaa51efe8d04e6d233bd35cf2fabdeb93fb0d,2026-07-04,257,106594781233,46.453,4095557,
climb,키위의그림자,5b3bd7bed4346c9e767ec5e89d6aaa51efe8d04e6d233bd35cf2fabdeb93fb0d,2026-07-05,257,106594781233,46.453,,
climb,키위의그림자,5b3bd7bed4346c9e767ec5e89d6aaa51efe8d04e6d233bd35cf2fabdeb93fb0d,2026-07-06,257,221973446638,96.733,,
climb,키위의그림자,5b3bd7bed4346c9e767ec5e89d6aaa51efe8d04e6d233bd35cf2fabdeb93fb0d,2026-07-07,258,108242652538,45.797,,
climb,키위의그림자,5b3bd7bed4346c9e767ec5e89d6aaa51efe8d04e6d233bd35cf2fabdeb93fb0d,2026-07-08,258,224458482168,94.967,,
climb,키위의그림자,5b3bd7bed4346c9e767ec5e89d6aaa51efe8d04e6d233bd35cf2fabdeb93fb0d,2026-07-09,258,224458482168,94.967,,
climb,키위의그림자,5b3bd7bed4346c9e767ec5e89d6aaa51efe8d04e6d233bd35cf2fabdeb93fb0d,2026-07-10,258,224458482168,94.967,,
climb,키위의그림자,5b3bd7bed4346c9e767ec5e89d6aaa51efe8d04e6d233bd35cf2fabdeb93fb0d,2026-07-11,258,224458482168,94.967,,
climb,키위의그림자,5b3bd7bed4346c9e767ec5e89d6aaa51efe8d04e6d233bd35cf2fabdeb93fb0d,2026-07-12,258,224458482168,94.967,4059128,
climb,키위의그림자,5b3bd7bed4346c9e767ec5e89d6aaa51efe8d04e6d233bd35cf2fabdeb93fb0d,2026-07-13,259,101466809385,41.680,,
climb,키위의그림자,5b3bd7bed4346c9e767ec5e89d6aaa51efe8d04e6d233bd35cf2fabdeb93fb0d,2026-07-14,259,218350640856,89.692,,
climb,키위의그림자,5b3bd7bed4346c9e767ec5e89d6aaa51efe8d04e6d233bd35cf2fabdeb93fb0d,2026-07-15,260,63004903,0.004,,
climb,키위의그림자,5b3bd7bed4346c9e767ec5e89d6aaa51efe8d04e6d233bd35cf2fabdeb93fb0d,2026-07-16,260,63004903,0.004,,
climb,키위의그림자,5b3bd7bed4346c9e767ec5e89d6aaa51efe8d04e6d233bd35cf2fabdeb93fb0d,2026-07-17,260,10477517384,0.605,,
climb,키위의그림자,5b3bd7bed4346c9e767ec5e89d6aaa51efe8d04e6d233bd35cf2fabdeb93fb0d,2026-07-18,260,10477517384,0.605,,
climb,키위의그림자,5b3bd7bed4346c9e767ec5e89d6aaa51efe8d04e6d233bd35cf2fabdeb93fb0d,2026-07-19,260,10477517384,0.605,,
climb,키위의그림자,5b3bd7bed4346c9e767ec5e89d6aaa51efe8d04e6d233bd35cf2fabdeb93fb0d,2026-07-20,260,460573129008,26.593,4288703,
climb,키위의그림자,5b3bd7bed4346c9e767ec5e89d6aaa51efe8d04e6d233bd35cf2fabdeb93fb0d,2026-07-21,260,460573129008,26.593,,
climb,키위의그림자,5b3bd7bed4346c9e767ec5e89d6aaa51efe8d04e6d233bd35cf2fabdeb93fb0d,2026-07-22,260,460618903372,26.596,,
climb,앞동메카,9e2f68e5cb73f579758e037ce040cb78,2026-06-18,256,124951757474,56.086,668458,
climb,앞동메카,9e2f68e5cb73f579758e037ce040cb78,2026-06-19,256,142335518330,63.889,,
climb,앞동메카,9e2f68e5cb73f579758e037ce040cb78,2026-06-20,256,159719279186,71.692,,
climb,앞동메카,9e2f68e5cb73f579758e037ce040cb78,2026-06-21,256,177103040042,79.495,,
climb,앞동메카,9e2f68e5cb73f579758e037ce040cb78,2026-06-22,256,194486800898,87.298,,
climb,앞동메카,9e2f68e5cb73f579758e037ce040cb78,2026-06-23,256,211870561754,95.100,,
climb,앞동메카,9e2f68e5cb73f579758e037ce040cb78,2026-06-24,257,6468253121,2.819,,
climb,앞동메카,9e2f68e5cb73f579758e037ce040cb78,2026-06-25,257,18739143137,8.166,,
climb,앞동메카,9e2f68e5cb73f579758e037ce040cb78,2026-06-26,257,31010033153,13.514,568635,
climb,앞동메카,9e2f68e5cb73f579758e037ce040cb78,2026-06-27,257,43280923169,18.861,,
climb,앞동메카,9e2f68e5cb73f579758e037ce040cb78,2026-06-28,257,55551813185,24.209,,
climb,앞동메카,9e2f68e5cb73f579758e037ce040cb78,2026-06-29,257,67822703201,29.556,,
climb,앞동메카,9e2f68e5cb73f579758e037ce040cb78,2026-06-30,257,80093593217,34.904,,
climb,앞동메카,9e2f68e5cb73f579758e037ce040cb78,2026-07-01,257,92364483233,40.251,,
climb,앞동메카,9e2f68e5cb73f579758e037ce040cb78,2026-07-02,257,104635373249,45.599,,
climb,앞동메카,9e2f68e5cb73f579758e037ce040cb78,2026-07-03,257,116906263265,50.946,,
climb,앞동메카,9e2f68e5cb73f579758e037ce040cb78,2026-07-04,257,129177153281,56.294,541447,
climb,앞동메카,9e2f68e5cb73f579758e037ce040cb78,2026-07-05,257,141448043297,61.641,,
climb,앞동메카,9e2f68e5cb73f579758e037ce040cb78,2026-07-06,257,153718933313,66.989,,
climb,앞동메카,9e2f68e5cb73f579758e037ce040cb78,2026-07-07,257,165989823329,72.336,,
climb,앞동메카,9e2f68e5cb73f579758e037ce040cb78,2026-07-08,257,178260713345,77.684,,
climb,앞동메카,9e2f68e5cb73f579758e037ce040cb78,2026-07-09,257,192576751697,83.923,,
climb,앞동메카,9e2f68e5cb73f579758e037ce040cb78,2026-07-10,257,206892790049,90.161,,
climb,앞동메카,9e2f68e5cb73f579758e037ce040cb78,2026-07-11,257,221208828401,96.400,,
climb,앞동메카,9e2f68e5cb73f579758e037ce040cb78,2026-07-12,258,6055215180,2.562,561029,
climb,앞동메카,9e2f68e5cb73f579758e037ce040cb78,2026-07-13,258,20371253532,8.619,,
climb,앞동메카,9e2f68e5cb73f579758e037ce040cb78,2026-07-14,258,34687291884,14.676,,
climb,앞동메카,9e2f68e5cb73f579758e037ce040cb78,2026-07-15,258,49003330236,20.733,,
climb,앞동메카,9e2f68e5cb73f579758e037ce040cb78,2026-07-16,258,63319368588,26.790,,
climb,앞동메카,9e2f68e5cb73f579758e037ce040cb78,2026-07-17,258,77635406940,32.847,,
climb,앞동메카,9e2f68e5cb73f579758e037ce040cb78,2026-07-18,258,91951445292,38.904,,
climb,앞동메카,9e2f68e5cb73f579758e037ce040cb78,2026-07-19,258,106267483644,44.961,,
climb,앞동메카,9e2f68e5cb73f579758e037ce040cb78,2026-07-20,258,120583521996,51.018,553564,
climb,앞동메카,9e2f68e5cb73f579758e037ce040cb78,2026-07-21,258,134899560348,57.075,,
climb,앞동메카,9e2f68e5cb73f579758e037ce040cb78,2026-07-22,258,149215598700,63.132,,
climb,n2wBlack,a5a47e3c6d3418b88d1a4584b35a5a98,2026-06-18,256,37911094234,17.017,886770,
climb,n2wBlack,a5a47e3c6d3418b88d1a4584b35a5a98,2026-06-19,256,37911094234,17.017,,
climb,n2wBlack,a5a47e3c6d3418b88d1a4584b35a5a98,2026-06-20,256,37911094234,17.017,,
climb,n2wBlack,a5a47e3c6d3418b88d1a4584b35a5a98,2026-06-21,256,37911094234,17.017,,
climb,n2wBlack,a5a47e3c6d3418b88d1a4584b35a5a98,2026-06-22,256,37911094234,17.017,,
climb,n2wBlack,a5a47e3c6d3418b88d1a4584b35a5a98,2026-06-23,256,37911094234,17.017,,
climb,n2wBlack,a5a47e3c6d3418b88d1a4584b35a5a98,2026-06-24,256,37911094234,17.017,,
climb,n2wBlack,a5a47e3c6d3418b88d1a4584b35a5a98,2026-06-25,256,37911094234,17.017,,
climb,n2wBlack,a5a47e3c6d3418b88d1a4584b35a5a98,2026-06-26,256,37911094234,17.017,886770,
climb,n2wBlack,a5a47e3c6d3418b88d1a4584b35a5a98,2026-06-27,256,37911094234,17.017,,
climb,n2wBlack,a5a47e3c6d3418b88d1a4584b35a5a98,2026-06-28,256,37911094234,17.017,,
climb,n2wBlack,a5a47e3c6d3418b88d1a4584b35a5a98,2026-06-29,256,37911094234,17.017,,
climb,n2wBlack,a5a47e3c6d3418b88d1a4584b35a5a98,2026-06-30,256,37911094234,17.017,,
climb,n2wBlack,a5a47e3c6d3418b88d1a4584b35a5a98,2026-07-01,256,37911094234,17.017,,
climb,n2wBlack,a5a47e3c6d3418b88d1a4584b35a5a98,2026-07-02,256,37911094234,17.017,,
climb,n2wBlack,a5a47e3c6d3418b88d1a4584b35a5a98,2026-07-03,256,37911094234,17.017,,
climb,n2wBlack,a5a47e3c6d3418b88d1a4584b35a5a98,2026-07-04,256,37911094234,17.017,886770,
climb,n2wBlack,a5a47e3c6d3418b88d1a4584b35a5a98,2026-07-05,256,37911094234,17.017,,
climb,n2wBlack,a5a47e3c6d3418b88d1a4584b35a5a98,2026-07-06,256,37911094234,17.017,,
climb,n2wBlack,a5a47e3c6d3418b88d1a4584b35a5a98,2026-07-07,256,37911094234,17.017,,
climb,n2wBlack,a5a47e3c6d3418b88d1a4584b35a5a98,2026-07-08,256,37911094234,17.017,,
climb,n2wBlack,a5a47e3c6d3418b88d1a4584b35a5a98,2026-07-09,256,37911094234,17.017,,
climb,n2wBlack,a5a47e3c6d3418b88d1a4584b35a5a98,2026-07-10,256,37911094234,17.017,,
climb,n2wBlack,a5a47e3c6d3418b88d1a4584b35a5a98,2026-07-11,256,37911094234,17.017,,
climb,n2wBlack,a5a47e3c6d3418b88d1a4584b35a5a98,2026-07-12,256,37911094234,17.017,886770,
climb,n2wBlack,a5a47e3c6d3418b88d1a4584b35a5a98,2026-07-13,256,37911094234,17.017,,
climb,n2wBlack,a5a47e3c6d3418b88d1a4584b35a5a98,2026-07-14,256,37911094234,17.017,,
climb,n2wBlack,a5a47e3c6d3418b88d1a4584b35a5a98,2026-07-15,256,37911094234,17.017,,
climb,n2wBlack,a5a47e3c6d3418b88d1a4584b35a5a98,2026-07-16,256,37911094234,17.017,,
climb,n2wBlack,a5a47e3c6d3418b88d1a4584b35a5a98,2026-07-17,256,37911094234,17.017,,
climb,n2wBlack,a5a47e3c6d3418b88d1a4584b35a5a98,2026-07-18,256,37911094234,17.017,,
climb,n2wBlack,a5a47e3c6d3418b88d1a4584b35a5a98,2026-07-19,256,37911094234,17.017,,
climb,n2wBlack,a5a47e3c6d3418b88d1a4584b35a5a98,2026-07-20,256,37911094234,17.017,886770,
climb,n2wBlack,a5a47e3c6d3418b88d1a4584b35a5a98,2026-07-21,256,37911094234,17.017,,
climb,n2wBlack,a5a47e3c6d3418b88d1a4584b35a5a98,2026-07-22,256,37911094234,17.017,,
climb,쏭잇,dffe2851404a3935a71ff363d53d4086,2026-06-18,256,98774270977,44.336,524694,
climb,쏭잇,dffe2851404a3935a71ff363d53d4086,2026-06-19,256,98774270977,44.336,,
climb,쏭잇,dffe2851404a3935a71ff363d53d4086,2026-06-20,256,98774270977,44.336,,
climb,쏭잇,dffe2851404a3935a71ff363d53d4086,2026-06-21,256,98774270977,44.336,,
climb,쏭잇,dffe2851404a3935a71ff363d53d4086,2026-06-22,256,98774270977,44.336,,
climb,쏭잇,dffe2851404a3935a71ff363d53d4086,2026-06-23,256,98774270977,44.336,,
climb,쏭잇,dffe2851404a3935a71ff363d53d4086,2026-06-24,256,98774270977,44.336,,
climb,쏭잇,dffe2851404a3935a71ff363d53d4086,2026-06-25,256,98774270977,44.336,,
climb,쏭잇,dffe2851404a3935a71ff363d53d4086,2026-06-26,256,98774270977,44.336,524694,
climb,쏭잇,dffe2851404a3935a71ff363d53d4086,2026-06-27,256,98774270977,44.336,,
climb,쏭잇,dffe2851404a3935a71ff363d53d4086,2026-06-28,256,98774270977,44.336,,
climb,쏭잇,dffe2851404a3935a71ff363d53d4086,2026-06-29,256,98774270977,44.336,,
climb,쏭잇,dffe2851404a3935a71ff363d53d4086,2026-06-30,256,98774270977,44.336,,
climb,쏭잇,dffe2851404a3935a71ff363d53d4086,2026-07-01,256,98774270977,44.336,,
climb,쏭잇,dffe2851404a3935a71ff363d53d4086,2026-07-02,256,98774270977,44.336,,
climb,쏭잇,dffe2851404a3935a71ff363d53d4086,2026-07-03,256,98774270977,44.336,,
climb,쏭잇,dffe2851404a3935a71ff363d53d4086,2026-07-04,256,98774270977,44.336,524694,
climb,쏭잇,dffe2851404a3935a71ff363d53d4086,2026-07-05,256,98774270977,44.336,,
climb,쏭잇,dffe2851404a3935a71ff363d53d4086,2026-07-06,256,98774270977,44.336,,
climb,쏭잇,dffe2851404a3935a71ff363d53d4086,2026-07-07,256,98774270977,44.336,,
climb,쏭잇,dffe2851404a3935a71ff363d53d4086,2026-07-08,256,98774270977,44.336,,
climb,쏭잇,dffe2851404a3935a71ff363d53d4086,2026-07-09,256,98774270977,44.336,,
climb,쏭잇,dffe2851404a3935a71ff363d53d4086,2026-07-10,256,98774270977,44.336,,
climb,쏭잇,dffe2851404a3935a71ff363d53d4086,2026-07-11,256,98774270977,44.336,,
climb,쏭잇,dffe2851404a3935a71ff363d53d4086,2026-07-12,256,98774270977,44.336,524694,
climb,쏭잇,dffe2851404a3935a71ff363d53d4086,2026-07-13,256,98774270977,44.336,,
climb,쏭잇,dffe2851404a3935a71ff363d53d4086,2026-07-14,256,98774270977,44.336,,
climb,쏭잇,dffe2851404a3935a71ff363d53d4086,2026-07-15,256,98774270977,44.336,,
climb,쏭잇,dffe2851404a3935a71ff363d53d4086,2026-07-16,256,98774270977,44.336,,
climb,쏭잇,dffe2851404a3935a71ff363d53d4086,2026-07-17,256,98774270977,44.336,,
climb,쏭잇,dffe2851404a3935a71ff363d53d4086,2026-07-18,256,98774270977,44.336,,
climb,쏭잇,dffe2851404a3935a71ff363d53d4086,2026-07-19,256,98774270977,44.336,,
climb,쏭잇,dffe2851404a3935a71ff363d53d4086,2026-07-20,256,98774270977,44.336,524694,
climb,쏭잇,dffe2851404a3935a71ff363d53d4086,2026-07-21,256,98774270977,44.336,,
climb,쏭잇,dffe2851404a3935a71ff363d53d4086,2026-07-22,256,98774270977,44.336,,
climb,제롱인듯,34cf247e2b7e11601f7c9b65cadb6a60efe8d04e6d233bd35cf2fabdeb93fb0d,2026-06-18,256,143031237679,64.201,1973639,
climb,제롱인듯,34cf247e2b7e11601f7c9b65cadb6a60efe8d04e6d233bd35cf2fabdeb93fb0d,2026-06-19,256,143031237679,64.201,,
climb,제롱인듯,34cf247e2b7e11601f7c9b65cadb6a60efe8d04e6d233bd35cf2fabdeb93fb0d,2026-06-20,256,143031237679,64.201,,
climb,제롱인듯,34cf247e2b7e11601f7c9b65cadb6a60efe8d04e6d233bd35cf2fabdeb93fb0d,2026-06-21,256,143031237679,64.201,,
climb,제롱인듯,34cf247e2b7e11601f7c9b65cadb6a60efe8d04e6d233bd35cf2fabdeb93fb0d,2026-06-22,256,143031237679,64.201,,
climb,제롱인듯,34cf247e2b7e11601f7c9b65cadb6a60efe8d04e6d233bd35cf2fabdeb93fb0d,2026-06-23,256,143031237679,64.201,,
climb,제롱인듯,34cf247e2b7e11601f7c9b65cadb6a60efe8d04e6d233bd35cf2fabdeb93fb0d,2026-06-24,256,143031237679,64.201,,
climb,제롱인듯,34cf247e2b7e11601f7c9b65cadb6a60efe8d04e6d233bd35cf2fabdeb93fb0d,2026-06-25,256,143031237679,64.201,,
climb,제롱인듯,34cf247e2b7e11601f7c9b65cadb6a60efe8d04e6d233bd35cf2fabdeb93fb0d,2026-06-26,256,143031237679,64.201,1973639,
climb,제롱인듯,34cf247e2b7e11601f7c9b65cadb6a60efe8d04e6d233bd35cf2fabdeb93fb0d,2026-06-27,256,143031237679,64.201,,
climb,제롱인듯,34cf247e2b7e11601f7c9b65cadb6a60efe8d04e6d233bd35cf2fabdeb93fb0d,2026-06-28,256,143031237679,64.201,,
climb,제롱인듯,34cf247e2b7e11601f7c9b65cadb6a60efe8d04e6d233bd35cf2fabdeb93fb0d,2026-06-29,256,143031237679,64.201,,
climb,제롱인듯,34cf247e2b7e11601f7c9b65cadb6a60efe8d04e6d233bd35cf2fabdeb93fb0d,2026-06-30,256,143031237679,64.201,,
climb,제롱인듯,34cf247e2b7e11601f7c9b65cadb6a60efe8d04e6d233bd35cf2fabdeb93fb0d,2026-07-01,256,143031237679,64.201,,
climb,제롱인듯,34cf247e2b7e11601f7c9b65cadb6a60efe8d04e6d233bd35cf2fabdeb93fb0d,2026-07-02,256,143031237679,64.201,,
climb,제롱인듯,34cf247e2b7e11601f7c9b65cadb6a60efe8d04e6d233bd35cf2fabdeb93fb0d,2026-07-03,256,143031237679,64.201,,
climb,제롱인듯,34cf247e2b7e11601f7c9b65cadb6a60efe8d04e6d233bd35cf2fabdeb93fb0d,2026-07-04,256,143031237679,64.201,1973639,
climb,제롱인듯,34cf247e2b7e11601f7c9b65cadb6a60efe8d04e6d233bd35cf2fabdeb93fb0d,2026-07-05,256,143031237679,64.201,,
climb,제롱인듯,34cf247e2b7e11601f7c9b65cadb6a60efe8d04e6d233bd35cf2fabdeb93fb0d,2026-07-06,256,143031237679,64.201,,
climb,제롱인듯,34cf247e2b7e11601f7c9b65cadb6a60efe8d04e6d233bd35cf2fabdeb93fb0d,2026-07-07,256,143031237679,64.201,,
climb,제롱인듯,34cf247e2b7e11601f7c9b65cadb6a60efe8d04e6d233bd35cf2fabdeb93fb0d,2026-07-08,256,143031237679,64.201,,
climb,제롱인듯,34cf247e2b7e11601f7c9b65cadb6a60efe8d04e6d233bd35cf2fabdeb93fb0d,2026-07-09,256,143031237679,64.201,,
climb,제롱인듯,34cf247e2b7e11601f7c9b65cadb6a60efe8d04e6d233bd35cf2fabdeb93fb0d,2026-07-10,256,143031237679,64.201,,
climb,제롱인듯,34cf247e2b7e11601f7c9b65cadb6a60efe8d04e6d233bd35cf2fabdeb93fb0d,2026-07-11,256,143031237679,64.201,,
climb,제롱인듯,34cf247e2b7e11601f7c9b65cadb6a60efe8d04e6d233bd35cf2fabdeb93fb0d,2026-07-12,256,143031237679,64.201,1973639,
climb,제롱인듯,34cf247e2b7e11601f7c9b65cadb6a60efe8d04e6d233bd35cf2fabdeb93fb0d,2026-07-13,256,143031237679,64.201,,
climb,제롱인듯,34cf247e2b7e11601f7c9b65cadb6a60efe8d04e6d233bd35cf2fabdeb93fb0d,2026-07-14,256,143031237679,64.201,,
climb,제롱인듯,34cf247e2b7e11601f7c9b65cadb6a60efe8d04e6d233bd35cf2fabdeb93fb0d,2026-07-15,256,143031237679,64.201,,
climb,제롱인듯,34cf247e2b7e11601f7c9b65cadb6a60efe8d04e6d233bd35cf2fabdeb93fb0d,2026-07-16,256,143031237679,64.201,,
climb,제롱인듯,34cf247e2b7e11601f7c9b65cadb6a60efe8d04e6d233bd35cf2fabdeb93fb0d,2026-07-17,256,143031237679,64.201,,
climb,제롱인듯,34cf247e2b7e11601f7c9b65cadb6a60efe8d04e6d233bd35cf2fabdeb93fb0d,2026-07-18,256,143031237679,64.201,,
climb,제롱인듯,34cf247e2b7e11601f7c9b65cadb6a60efe8d04e6d233bd35cf2fabdeb93fb0d,2026-07-19,256,143031237679,64.201,,
climb,제롱인듯,34cf247e2b7e11601f7c9b65cadb6a60efe8d04e6d233bd35cf2fabdeb93fb0d,2026-07-20,256,143031237679,64.201,1973639,
climb,제롱인듯,34cf247e2b7e11601f7c9b65cadb6a60efe8d04e6d233bd35cf2fabdeb93fb0d,2026-07-21,256,143031237679,64.201,,
climb,제롱인듯,34cf247e2b7e11601f7c9b65cadb6a60efe8d04e6d233bd35cf2fabdeb93fb0d,2026-07-22,256,143031237679,64.201,,
climb,퇘쿼,58567c20a9b9264c55b7974a507d649e,2026-06-18,256,63797445306,28.636,3585624,
climb,퇘쿼,58567c20a9b9264c55b7974a507d649e,2026-06-19,256,63797445306,28.636,,
climb,퇘쿼,58567c20a9b9264c55b7974a507d649e,2026-06-20,256,63797445306,28.636,,
climb,퇘쿼,58567c20a9b9264c55b7974a507d649e,2026-06-21,256,63797445306,28.636,,
climb,퇘쿼,58567c20a9b9264c55b7974a507d649e,2026-06-22,256,63797445306,28.636,,
climb,퇘쿼,58567c20a9b9264c55b7974a507d649e,2026-06-23,256,63797445306,28.636,,
climb,퇘쿼,58567c20a9b9264c55b7974a507d649e,2026-06-24,256,63797445306,28.636,,
climb,퇘쿼,58567c20a9b9264c55b7974a507d649e,2026-06-25,256,63797445306,28.636,,
climb,퇘쿼,58567c20a9b9264c55b7974a507d649e,2026-06-26,256,63797445306,28.636,3585624,
climb,퇘쿼,58567c20a9b9264c55b7974a507d649e,2026-06-27,256,63797445306,28.636,,
climb,퇘쿼,58567c20a9b9264c55b7974a507d649e,2026-06-28,256,63797445306,28.636,,
climb,퇘쿼,58567c20a9b9264c55b7974a507d649e,2026-06-29,256,63797445306,28.636,,
climb,퇘쿼,58567c20a9b9264c55b7974a507d649e,2026-06-30,256,63797445306,28.636,,
climb,퇘쿼,58567c20a9b9264c55b7974a507d649e,2026-07-01,256,63797445306,28.636,,
climb,퇘쿼,58567c20a9b9264c55b7974a507d649e,2026-07-02,256,63797445306,28.636,,
climb,퇘쿼,58567c20a9b9264c55b7974a507d649e,2026-07-03,256,63797445306,28.636,,
climb,퇘쿼,58567c20a9b9264c55b7974a507d649e,2026-07-04,256,63797445306,28.636,3253621,
climb,퇘쿼,58567c20a9b9264c55b7974a507d649e,2026-07-05,256,63797445306,28.636,,
climb,퇘쿼,58567c20a9b9264c55b7974a507d649e,2026-07-06,256,63797445306,28.636,,
climb,퇘쿼,58567c20a9b9264c55b7974a507d649e,2026-07-07,256,63797445306,28.636,,
climb,퇘쿼,58567c20a9b9264c55b7974a507d649e,2026-07-08,256,63797445306,28.636,,
climb,퇘쿼,58567c20a9b9264c55b7974a507d649e,2026-07-09,256,63797445306,28.636,,
climb,퇘쿼,58567c20a9b9264c55b7974a507d649e,2026-07-10,256,63797445306,28.636,,
climb,퇘쿼,58567c20a9b9264c55b7974a507d649e,2026-07-11,256,63797445306,28.636,,
climb,퇘쿼,58567c20a9b9264c55b7974a507d649e,2026-07-12,256,63797445306,28.636,3253621,
climb,퇘쿼,58567c20a9b9264c55b7974a507d649e,2026-07-13,256,63797445306,28.636,,
climb,퇘쿼,58567c20a9b9264c55b7974a507d649e,2026-07-14,256,63797445306,28.636,,
climb,퇘쿼,58567c20a9b9264c55b7974a507d649e,2026-07-15,256,63797445306,28.636,,
climb,퇘쿼,58567c20a9b9264c55b7974a507d649e,2026-07-16,256,63797445306,28.636,,
climb,퇘쿼,58567c20a9b9264c55b7974a507d649e,2026-07-17,256,63797445306,28.636,,
climb,퇘쿼,58567c20a9b9264c55b7974a507d649e,2026-07-18,256,63797445306,28.636,,
climb,퇘쿼,58567c20a9b9264c55b7974a507d649e,2026-07-19,256,63797445306,28.636,,
climb,퇘쿼,58567c20a9b9264c55b7974a507d649e,2026-07-20,256,63797445306,28.636,3154021,
climb,퇘쿼,58567c20a9b9264c55b7974a507d649e,2026-07-21,256,63797445306,28.636,,
climb,퇘쿼,58567c20a9b9264c55b7974a507d649e,2026-07-22,256,63797445306,28.636,,
climb,진량읍칼잡이,8a10ee6787855c9bd8f8985da5c581463663933da92e7566c55104ec9ac2894d,2026-06-18,256,39078965922,17.541,482793,
climb,진량읍칼잡이,8a10ee6787855c9bd8f8985da5c581463663933da92e7566c55104ec9ac2894d,2026-06-19,256,39078965922,17.541,,
climb,진량읍칼잡이,8a10ee6787855c9bd8f8985da5c581463663933da92e7566c55104ec9ac2894d,2026-06-20,256,39078965922,17.541,,
climb,진량읍칼잡이,8a10ee6787855c9bd8f8985da5c581463663933da92e7566c55104ec9ac2894d,2026-06-21,256,39078965922,17.541,,
climb,진량읍칼잡이,8a10ee6787855c9bd8f8985da5c581463663933da92e7566c55104ec9ac2894d,2026-06-22,256,39078965922,17.541,,
climb,진량읍칼잡이,8a10ee6787855c9bd8f8985da5c581463663933da92e7566c55104ec9ac2894d,2026-06-23,256,39078965922,17.541,,
climb,진량읍칼잡이,8a10ee6787855c9bd8f8985da5c581463663933da92e7566c55104ec9ac2894d,2026-06-24,256,39078965922,17.541,,
climb,진량읍칼잡이,8a10ee6787855c9bd8f8985da5c581463663933da92e7566c55104ec9ac2894d,2026-06-25,256,39078965922,17.541,,
climb,진량읍칼잡이,8a10ee6787855c9bd8f8985da5c581463663933da92e7566c55104ec9ac2894d,2026-06-26,256,39078965922,17.541,482793,
climb,진량읍칼잡이,8a10ee6787855c9bd8f8985da5c581463663933da92e7566c55104ec9ac2894d,2026-06-27,256,56504595762,25.363,,
climb,진량읍칼잡이,8a10ee6787855c9bd8f8985da5c581463663933da92e7566c55104ec9ac2894d,2026-06-28,256,110984942341,49.817,,
climb,진량읍칼잡이,8a10ee6787855c9bd8f8985da5c581463663933da92e7566c55104ec9ac2894d,2026-06-29,256,147972627204,66.419,,
climb,진량읍칼잡이,8a10ee6787855c9bd8f8985da5c581463663933da92e7566c55104ec9ac2894d,2026-06-30,256,166709741216,74.830,,
climb,진량읍칼잡이,8a10ee6787855c9bd8f8985da5c581463663933da92e7566c55104ec9ac2894d,2026-07-01,256,218473134347,98.064,,
climb,진량읍칼잡이,8a10ee6787855c9bd8f8985da5c581463663933da92e7566c55104ec9ac2894d,2026-07-02,257,39035776626,17.011,,
climb,진량읍칼잡이,8a10ee6787855c9bd8f8985da5c581463663933da92e7566c55104ec9ac2894d,2026-07-03,257,57837760196,25.205,,
climb,진량읍칼잡이,8a10ee6787855c9bd8f8985da5c581463663933da92e7566c55104ec9ac2894d,2026-07-04,257,57837760196,25.205,568745,
climb,진량읍칼잡이,8a10ee6787855c9bd8f8985da5c581463663933da92e7566c55104ec9ac2894d,2026-07-05,257,57837760196,25.205,,
climb,진량읍칼잡이,8a10ee6787855c9bd8f8985da5c581463663933da92e7566c55104ec9ac2894d,2026-07-06,257,57837760196,25.205,,
climb,진량읍칼잡이,8a10ee6787855c9bd8f8985da5c581463663933da92e7566c55104ec9ac2894d,2026-07-07,257,57837760196,25.205,,
climb,진량읍칼잡이,8a10ee6787855c9bd8f8985da5c581463663933da92e7566c55104ec9ac2894d,2026-07-08,257,57837760196,25.205,,
climb,진량읍칼잡이,8a10ee6787855c9bd8f8985da5c581463663933da92e7566c55104ec9ac2894d,2026-07-09,257,57837760196,25.205,,
climb,진량읍칼잡이,8a10ee6787855c9bd8f8985da5c581463663933da92e7566c55104ec9ac2894d,2026-07-10,257,57837760196,25.205,,
climb,진량읍칼잡이,8a10ee6787855c9bd8f8985da5c581463663933da92e7566c55104ec9ac2894d,2026-07-11,257,57837760196,25.205,,
climb,진량읍칼잡이,8a10ee6787855c9bd8f8985da5c581463663933da92e7566c55104ec9ac2894d,2026-07-12,257,57837760196,25.205,568745,
climb,진량읍칼잡이,8a10ee6787855c9bd8f8985da5c581463663933da92e7566c55104ec9ac2894d,2026-07-13,257,57837760196,25.205,,
climb,진량읍칼잡이,8a10ee6787855c9bd8f8985da5c581463663933da92e7566c55104ec9ac2894d,2026-07-14,257,57837760196,25.205,,
climb,진량읍칼잡이,8a10ee6787855c9bd8f8985da5c581463663933da92e7566c55104ec9ac2894d,2026-07-15,257,57837760196,25.205,,
climb,진량읍칼잡이,8a10ee6787855c9bd8f8985da5c581463663933da92e7566c55104ec9ac2894d,2026-07-16,257,57837760196,25.205,,
climb,진량읍칼잡이,8a10ee6787855c9bd8f8985da5c581463663933da92e7566c55104ec9ac2894d,2026-07-17,257,57837760196,25.205,,
climb,진량읍칼잡이,8a10ee6787855c9bd8f8985da5c581463663933da92e7566c55104ec9ac2894d,2026-07-18,257,57837760196,25.205,,
climb,진량읍칼잡이,8a10ee6787855c9bd8f8985da5c581463663933da92e7566c55104ec9ac2894d,2026-07-19,257,218236368490,95.105,,
climb,진량읍칼잡이,8a10ee6787855c9bd8f8985da5c581463663933da92e7566c55104ec9ac2894d,2026-07-20,257,218236368490,95.105,591470,
climb,진량읍칼잡이,8a10ee6787855c9bd8f8985da5c581463663933da92e7566c55104ec9ac2894d,2026-07-21,257,218236368490,95.105,,
climb,진량읍칼잡이,8a10ee6787855c9bd8f8985da5c581463663933da92e7566c55104ec9ac2894d,2026-07-22,257,218236368490,95.105,,
climb,본버블,c74bf8fdcc7b61ac8313c642bcdd950a,2026-06-18,256,44607639001,20.023,2542465,
climb,본버블,c74bf8fdcc7b61ac8313c642bcdd950a,2026-06-19,256,44607639001,20.023,,
climb,본버블,c74bf8fdcc7b61ac8313c642bcdd950a,2026-06-20,256,44607639001,20.023,,
climb,본버블,c74bf8fdcc7b61ac8313c642bcdd950a,2026-06-21,256,44607639001,20.023,,
climb,본버블,c74bf8fdcc7b61ac8313c642bcdd950a,2026-06-22,256,44607639001,20.023,,
climb,본버블,c74bf8fdcc7b61ac8313c642bcdd950a,2026-06-23,256,44607639001,20.023,,
climb,본버블,c74bf8fdcc7b61ac8313c642bcdd950a,2026-06-24,256,44607639001,20.023,,
climb,본버블,c74bf8fdcc7b61ac8313c642bcdd950a,2026-06-25,256,44607639001,20.023,,
climb,본버블,c74bf8fdcc7b61ac8313c642bcdd950a,2026-06-26,256,44607639001,20.023,2643772,
climb,본버블,c74bf8fdcc7b61ac8313c642bcdd950a,2026-06-27,256,44607639001,20.023,,
climb,본버블,c74bf8fdcc7b61ac8313c642bcdd950a,2026-06-28,256,44607639001,20.023,,
climb,본버블,c74bf8fdcc7b61ac8313c642bcdd950a,2026-06-29,256,44607639001,20.023,,
climb,본버블,c74bf8fdcc7b61ac8313c642bcdd950a,2026-06-30,256,44607639001,20.023,,
climb,본버블,c74bf8fdcc7b61ac8313c642bcdd950a,2026-07-01,256,44607639001,20.023,,
climb,본버블,c74bf8fdcc7b61ac8313c642bcdd950a,2026-07-02,256,44607639001,20.023,,
climb,본버블,c74bf8fdcc7b61ac8313c642bcdd950a,2026-07-03,256,44607639001,20.023,,
climb,본버블,c74bf8fdcc7b61ac8313c642bcdd950a,2026-07-04,256,44607639001,20.023,2643772,
climb,본버블,c74bf8fdcc7b61ac8313c642bcdd950a,2026-07-05,256,44607639001,20.023,,
climb,본버블,c74bf8fdcc7b61ac8313c642bcdd950a,2026-07-06,256,44607639001,20.023,,
climb,본버블,c74bf8fdcc7b61ac8313c642bcdd950a,2026-07-07,256,44607639001,20.023,,
climb,본버블,c74bf8fdcc7b61ac8313c642bcdd950a,2026-07-08,256,44607639001,20.023,,
climb,본버블,c74bf8fdcc7b61ac8313c642bcdd950a,2026-07-09,256,44607639001,20.023,,
climb,본버블,c74bf8fdcc7b61ac8313c642bcdd950a,2026-07-10,256,44607639001,20.023,,
climb,본버블,c74bf8fdcc7b61ac8313c642bcdd950a,2026-07-11,256,44607639001,20.023,,
climb,본버블,c74bf8fdcc7b61ac8313c642bcdd950a,2026-07-12,256,44607639001,20.023,2643772,
climb,본버블,c74bf8fdcc7b61ac8313c642bcdd950a,2026-07-13,256,44607639001,20.023,,
climb,본버블,c74bf8fdcc7b61ac8313c642bcdd950a,2026-07-14,256,44607639001,20.023,,
climb,본버블,c74bf8fdcc7b61ac8313c642bcdd950a,2026-07-15,256,44607639001,20.023,,
climb,본버블,c74bf8fdcc7b61ac8313c642bcdd950a,2026-07-16,256,44607639001,20.023,,
climb,본버블,c74bf8fdcc7b61ac8313c642bcdd950a,2026-07-17,256,44607639001,20.023,,
climb,본버블,c74bf8fdcc7b61ac8313c642bcdd950a,2026-07-18,256,44607639001,20.023,,
climb,본버블,c74bf8fdcc7b61ac8313c642bcdd950a,2026-07-19,256,44607639001,20.023,,
climb,본버블,c74bf8fdcc7b61ac8313c642bcdd950a,2026-07-20,256,44607639001,20.023,2643772,
climb,본버블,c74bf8fdcc7b61ac8313c642bcdd950a,2026-07-21,256,44607639001,20.023,,
climb,본버블,c74bf8fdcc7b61ac8313c642bcdd950a,2026-07-22,256,44607639001,20.023,,
climb,칼잡이윈브,e26d049a0e6ea4b1e5e7b7717ee316d0,2026-06-18,256,59463848102,26.691,0,
climb,칼잡이윈브,e26d049a0e6ea4b1e5e7b7717ee316d0,2026-06-19,256,59463848102,26.691,,
climb,칼잡이윈브,e26d049a0e6ea4b1e5e7b7717ee316d0,2026-06-20,256,59463848102,26.691,,
climb,칼잡이윈브,e26d049a0e6ea4b1e5e7b7717ee316d0,2026-06-21,256,59463848102,26.691,,
climb,칼잡이윈브,e26d049a0e6ea4b1e5e7b7717ee316d0,2026-06-22,256,59463848102,26.691,,
climb,칼잡이윈브,e26d049a0e6ea4b1e5e7b7717ee316d0,2026-06-23,256,59463848102,26.691,,
climb,칼잡이윈브,e26d049a0e6ea4b1e5e7b7717ee316d0,2026-06-24,256,59463848102,26.691,,
climb,칼잡이윈브,e26d049a0e6ea4b1e5e7b7717ee316d0,2026-06-25,256,59463848102,26.691,,
climb,칼잡이윈브,e26d049a0e6ea4b1e5e7b7717ee316d0,2026-06-26,256,59463848102,26.691,0,
climb,칼잡이윈브,e26d049a0e6ea4b1e5e7b7717ee316d0,2026-06-27,256,59463848102,26.691,,
climb,칼잡이윈브,e26d049a0e6ea4b1e5e7b7717ee316d0,2026-06-28,256,59463848102,26.691,,
climb,칼잡이윈브,e26d049a0e6ea4b1e5e7b7717ee316d0,2026-06-29,256,59463848102,26.691,,
climb,칼잡이윈브,e26d049a0e6ea4b1e5e7b7717ee316d0,2026-06-30,256,59463848102,26.691,,
climb,칼잡이윈브,e26d049a0e6ea4b1e5e7b7717ee316d0,2026-07-01,256,59463848102,26.691,,
climb,칼잡이윈브,e26d049a0e6ea4b1e5e7b7717ee316d0,2026-07-02,256,59463848102,26.691,,
climb,칼잡이윈브,e26d049a0e6ea4b1e5e7b7717ee316d0,2026-07-03,256,59463848102,26.691,,
climb,칼잡이윈브,e26d049a0e6ea4b1e5e7b7717ee316d0,2026-07-04,256,59463848102,26.691,0,
climb,칼잡이윈브,e26d049a0e6ea4b1e5e7b7717ee316d0,2026-07-05,256,59463848102,26.691,,
climb,칼잡이윈브,e26d049a0e6ea4b1e5e7b7717ee316d0,2026-07-06,256,59463848102,26.691,,
climb,칼잡이윈브,e26d049a0e6ea4b1e5e7b7717ee316d0,2026-07-07,256,59463848102,26.691,,
climb,칼잡이윈브,e26d049a0e6ea4b1e5e7b7717ee316d0,2026-07-08,256,59463848102,26.691,,
climb,칼잡이윈브,e26d049a0e6ea4b1e5e7b7717ee316d0,2026-07-09,256,59463848102,26.691,,
climb,칼잡이윈브,e26d049a0e6ea4b1e5e7b7717ee316d0,2026-07-10,256,59463848102,26.691,,
climb,칼잡이윈브,e26d049a0e6ea4b1e5e7b7717ee316d0,2026-07-11,256,59463848102,26.691,,
climb,칼잡이윈브,e26d049a0e6ea4b1e5e7b7717ee316d0,2026-07-12,256,59463848102,26.691,0,
climb,칼잡이윈브,e26d049a0e6ea4b1e5e7b7717ee316d0,2026-07-13,256,59463848102,26.691,,
climb,칼잡이윈브,e26d049a0e6ea4b1e5e7b7717ee316d0,2026-07-14,256,59463848102,26.691,,
climb,칼잡이윈브,e26d049a0e6ea4b1e5e7b7717ee316d0,2026-07-15,256,59463848102,26.691,,
climb,칼잡이윈브,e26d049a0e6ea4b1e5e7b7717ee316d0,2026-07-16,256,59463848102,26.691,,
climb,칼잡이윈브,e26d049a0e6ea4b1e5e7b7717ee316d0,2026-07-17,256,59463848102,26.691,,
climb,칼잡이윈브,e26d049a0e6ea4b1e5e7b7717ee316d0,2026-07-18,256,59463848102,26.691,,
climb,칼잡이윈브,e26d049a0e6ea4b1e5e7b7717ee316d0,2026-07-19,256,59463848102,26.691,,
climb,칼잡이윈브,e26d049a0e6ea4b1e5e7b7717ee316d0,2026-07-20,256,59463848102,26.691,0,
climb,칼잡이윈브,e26d049a0e6ea4b1e5e7b7717ee316d0,2026-07-21,256,59463848102,26.691,,
climb,칼잡이윈브,e26d049a0e6ea4b1e5e7b7717ee316d0,2026-07-22,256,59463848102,26.691,,
climb,sinabr0,b637d1921a102e1a012694e179449cc5efe8d04e6d233bd35cf2fabdeb93fb0d,2026-06-18,256,31950980033,14.342,3626120,
climb,sinabr0,b637d1921a102e1a012694e179449cc5efe8d04e6d233bd35cf2fabdeb93fb0d,2026-06-19,256,31950980033,14.342,,
climb,sinabr0,b637d1921a102e1a012694e179449cc5efe8d04e6d233bd35cf2fabdeb93fb0d,2026-06-20,256,31950980033,14.342,,
climb,sinabr0,b637d1921a102e1a012694e179449cc5efe8d04e6d233bd35cf2fabdeb93fb0d,2026-06-21,256,31950980033,14.342,,
climb,sinabr0,b637d1921a102e1a012694e179449cc5efe8d04e6d233bd35cf2fabdeb93fb0d,2026-06-22,256,31950980033,14.342,,
climb,sinabr0,b637d1921a102e1a012694e179449cc5efe8d04e6d233bd35cf2fabdeb93fb0d,2026-06-23,256,31950980033,14.342,,
climb,sinabr0,b637d1921a102e1a012694e179449cc5efe8d04e6d233bd35cf2fabdeb93fb0d,2026-06-24,256,31950980033,14.342,,
climb,sinabr0,b637d1921a102e1a012694e179449cc5efe8d04e6d233bd35cf2fabdeb93fb0d,2026-06-25,256,31950980033,14.342,,
climb,sinabr0,b637d1921a102e1a012694e179449cc5efe8d04e6d233bd35cf2fabdeb93fb0d,2026-06-26,256,31950980033,14.342,2336331,
climb,sinabr0,b637d1921a102e1a012694e179449cc5efe8d04e6d233bd35cf2fabdeb93fb0d,2026-06-27,256,31950980033,14.342,,
climb,sinabr0,b637d1921a102e1a012694e179449cc5efe8d04e6d233bd35cf2fabdeb93fb0d,2026-06-28,256,31950980033,14.342,,
climb,sinabr0,b637d1921a102e1a012694e179449cc5efe8d04e6d233bd35cf2fabdeb93fb0d,2026-06-29,256,31950980033,14.342,,
climb,sinabr0,b637d1921a102e1a012694e179449cc5efe8d04e6d233bd35cf2fabdeb93fb0d,2026-06-30,256,31950980033,14.342,,
climb,sinabr0,b637d1921a102e1a012694e179449cc5efe8d04e6d233bd35cf2fabdeb93fb0d,2026-07-01,256,31950980033,14.342,,
climb,sinabr0,b637d1921a102e1a012694e179449cc5efe8d04e6d233bd35cf2fabdeb93fb0d,2026-07-02,256,31950980033,14.342,,
climb,sinabr0,b637d1921a102e1a012694e179449cc5efe8d04e6d233bd35cf2fabdeb93fb0d,2026-07-03,256,31950980033,14.342,,
climb,sinabr0,b637d1921a102e1a012694e179449cc5efe8d04e6d233bd35cf2fabdeb93fb0d,2026-07-04,256,31950980033,14.342,2336331,
climb,sinabr0,b637d1921a102e1a012694e179449cc5efe8d04e6d233bd35cf2fabdeb93fb0d,2026-07-05,256,31950980033,14.342,,
climb,sinabr0,b637d1921a102e1a012694e179449cc5efe8d04e6d233bd35cf2fabdeb93fb0d,2026-07-06,256,31950980033,14.342,,
climb,sinabr0,b637d1921a102e1a012694e179449cc5efe8d04e6d233bd35cf2fabdeb93fb0d,2026-07-07,256,31950980033,14.342,,
climb,sinabr0,b637d1921a102e1a012694e179449cc5efe8d04e6d233bd35cf2fabdeb93fb0d,2026-07-08,256,31950980033,14.342,,
climb,sinabr0,b637d1921a102e1a012694e179449cc5efe8d04e6d233bd35cf2fabdeb93fb0d,2026-07-09,256,31950980033,14.342,,
climb,sinabr0,b637d1921a102e1a012694e179449cc5efe8d04e6d233bd35cf2fabdeb93fb0d,2026-07-10,256,31950980033,14.342,,
climb,sinabr0,b637d1921a102e1a012694e179449cc5efe8d04e6d233bd35cf2fabdeb93fb0d,2026-07-11,256,31950980033,14.342,,
climb,sinabr0,b637d1921a102e1a012694e179449cc5efe8d04e6d233bd35cf2fabdeb93fb0d,2026-07-12,256,31950980033,14.342,2336331,
climb,sinabr0,b637d1921a102e1a012694e179449cc5efe8d04e6d233bd35cf2fabdeb93fb0d,2026-07-13,256,31950980033,14.342,,
climb,sinabr0,b637d1921a102e1a012694e179449cc5efe8d04e6d233bd35cf2fabdeb93fb0d,2026-07-14,256,31950980033,14.342,,
climb,sinabr0,b637d1921a102e1a012694e179449cc5efe8d04e6d233bd35cf2fabdeb93fb0d,2026-07-15,256,31950980033,14.342,,
climb,sinabr0,b637d1921a102e1a012694e179449cc5efe8d04e6d233bd35cf2fabdeb93fb0d,2026-07-16,256,31950980033,14.342,,
climb,sinabr0,b637d1921a102e1a012694e179449cc5efe8d04e6d233bd35cf2fabdeb93fb0d,2026-07-17,256,31950980033,14.342,,
climb,sinabr0,b637d1921a102e1a012694e179449cc5efe8d04e6d233bd35cf2fabdeb93fb0d,2026-07-18,256,31950980033,14.342,,
climb,sinabr0,b637d1921a102e1a012694e179449cc5efe8d04e6d233bd35cf2fabdeb93fb0d,2026-07-19,256,31950980033,14.342,,
climb,sinabr0,b637d1921a102e1a012694e179449cc5efe8d04e6d233bd35cf2fabdeb93fb0d,2026-07-20,256,31950980033,14.342,2336331,
climb,sinabr0,b637d1921a102e1a012694e179449cc5efe8d04e6d233bd35cf2fabdeb93fb0d,2026-07-21,256,31950980033,14.342,,
climb,sinabr0,b637d1921a102e1a012694e179449cc5efe8d04e6d233bd35cf2fabdeb93fb0d,2026-07-22,256,31950980033,14.342,,
climb,인카누나원툴,50f9cb8a98a8746f77e68fa1a7504815,2026-06-18,256,57453448691,25.789,3215338,
climb,인카누나원툴,50f9cb8a98a8746f77e68fa1a7504815,2026-06-19,256,57453448691,25.789,,
climb,인카누나원툴,50f9cb8a98a8746f77e68fa1a7504815,2026-06-20,256,57453448691,25.789,,
climb,인카누나원툴,50f9cb8a98a8746f77e68fa1a7504815,2026-06-21,256,57453448691,25.789,,
climb,인카누나원툴,50f9cb8a98a8746f77e68fa1a7504815,2026-06-22,256,57453448691,25.789,,
climb,인카누나원툴,50f9cb8a98a8746f77e68fa1a7504815,2026-06-23,256,57453448691,25.789,,
climb,인카누나원툴,50f9cb8a98a8746f77e68fa1a7504815,2026-06-24,256,57453448691,25.789,,
climb,인카누나원툴,50f9cb8a98a8746f77e68fa1a7504815,2026-06-25,256,57453448691,25.789,,
climb,인카누나원툴,50f9cb8a98a8746f77e68fa1a7504815,2026-06-26,256,57453448691,25.789,3215338,
climb,인카누나원툴,50f9cb8a98a8746f77e68fa1a7504815,2026-06-27,256,57453448691,25.789,,
climb,인카누나원툴,50f9cb8a98a8746f77e68fa1a7504815,2026-06-28,256,57453448691,25.789,,
climb,인카누나원툴,50f9cb8a98a8746f77e68fa1a7504815,2026-06-29,256,57453448691,25.789,,
climb,인카누나원툴,50f9cb8a98a8746f77e68fa1a7504815,2026-06-30,256,57453448691,25.789,,
climb,인카누나원툴,50f9cb8a98a8746f77e68fa1a7504815,2026-07-01,256,57453448691,25.789,,
climb,인카누나원툴,50f9cb8a98a8746f77e68fa1a7504815,2026-07-02,256,57453448691,25.789,,
climb,인카누나원툴,50f9cb8a98a8746f77e68fa1a7504815,2026-07-03,256,57453448691,25.789,,
climb,인카누나원툴,50f9cb8a98a8746f77e68fa1a7504815,2026-07-04,256,57453448691,25.789,3215338,
climb,인카누나원툴,50f9cb8a98a8746f77e68fa1a7504815,2026-07-05,256,57453448691,25.789,,
climb,인카누나원툴,50f9cb8a98a8746f77e68fa1a7504815,2026-07-06,256,57453448691,25.789,,
climb,인카누나원툴,50f9cb8a98a8746f77e68fa1a7504815,2026-07-07,256,57453448691,25.789,,
climb,인카누나원툴,50f9cb8a98a8746f77e68fa1a7504815,2026-07-08,256,57453448691,25.789,,
climb,인카누나원툴,50f9cb8a98a8746f77e68fa1a7504815,2026-07-09,256,57453448691,25.789,,
climb,인카누나원툴,50f9cb8a98a8746f77e68fa1a7504815,2026-07-10,256,57453448691,25.789,,
climb,인카누나원툴,50f9cb8a98a8746f77e68fa1a7504815,2026-07-11,256,57453448691,25.789,,
climb,인카누나원툴,50f9cb8a98a8746f77e68fa1a7504815,2026-07-12,256,57453448691,25.789,3215338,
climb,인카누나원툴,50f9cb8a98a8746f77e68fa1a7504815,2026-07-13,256,57453448691,25.789,,
climb,인카누나원툴,50f9cb8a98a8746f77e68fa1a7504815,2026-07-14,256,57453448691,25.789,,
climb,인카누나원툴,50f9cb8a98a8746f77e68fa1a7504815,2026-07-15,256,57453448691,25.789,,
climb,인카누나원툴,50f9cb8a98a8746f77e68fa1a7504815,2026-07-16,256,57453448691,25.789,,
climb,인카누나원툴,50f9cb8a98a8746f77e68fa1a7504815,2026-07-17,256,57453448691,25.789,,
climb,인카누나원툴,50f9cb8a98a8746f77e68fa1a7504815,2026-07-18,256,57453448691,25.789,,
climb,인카누나원툴,50f9cb8a98a8746f77e68fa1a7504815,2026-07-19,256,57453448691,25.789,,
climb,인카누나원툴,50f9cb8a98a8746f77e68fa1a7504815,2026-07-20,256,57453448691,25.789,3215338,
climb,인카누나원툴,50f9cb8a98a8746f77e68fa1a7504815,2026-07-21,256,57453448691,25.789,,
climb,인카누나원툴,50f9cb8a98a8746f77e68fa1a7504815,2026-07-22,256,57453448691,25.789,,
climb,플레어세데스,a5a03e31e36216fc706a3dbf6f635381,2026-06-18,256,55831085583,25.060,7415427,
climb,플레어세데스,a5a03e31e36216fc706a3dbf6f635381,2026-06-19,256,55831085583,25.060,,
climb,플레어세데스,a5a03e31e36216fc706a3dbf6f635381,2026-06-20,256,55831085583,25.060,,
climb,플레어세데스,a5a03e31e36216fc706a3dbf6f635381,2026-06-21,256,55831085583,25.060,,
climb,플레어세데스,a5a03e31e36216fc706a3dbf6f635381,2026-06-22,256,55831085583,25.060,,
climb,플레어세데스,a5a03e31e36216fc706a3dbf6f635381,2026-06-23,256,55831085583,25.060,,
climb,플레어세데스,a5a03e31e36216fc706a3dbf6f635381,2026-06-24,256,55831085583,25.060,,
climb,플레어세데스,a5a03e31e36216fc706a3dbf6f635381,2026-06-25,256,55831085583,25.060,,
climb,플레어세데스,a5a03e31e36216fc706a3dbf6f635381,2026-06-26,256,55831085583,25.060,7415427,
climb,플레어세데스,a5a03e31e36216fc706a3dbf6f635381,2026-06-27,256,55831085583,25.060,,
climb,플레어세데스,a5a03e31e36216fc706a3dbf6f635381,2026-06-28,256,55831085583,25.060,,
climb,플레어세데스,a5a03e31e36216fc706a3dbf6f635381,2026-06-29,256,55831085583,25.060,,
climb,플레어세데스,a5a03e31e36216fc706a3dbf6f635381,2026-06-30,256,55831085583,25.060,,
climb,플레어세데스,a5a03e31e36216fc706a3dbf6f635381,2026-07-01,256,55831085583,25.060,,
climb,플레어세데스,a5a03e31e36216fc706a3dbf6f635381,2026-07-02,256,55831085583,25.060,,
climb,플레어세데스,a5a03e31e36216fc706a3dbf6f635381,2026-07-03,256,55831085583,25.060,,
climb,플레어세데스,a5a03e31e36216fc706a3dbf6f635381,2026-07-04,256,55831085583,25.060,7415427,
climb,플레어세데스,a5a03e31e36216fc706a3dbf6f635381,2026-07-05,256,55831085583,25.060,,
climb,플레어세데스,a5a03e31e36216fc706a3dbf6f635381,2026-07-06,256,55831085583,25.060,,
climb,플레어세데스,a5a03e31e36216fc706a3dbf6f635381,2026-07-07,256,55831085583,25.060,,
climb,플레어세데스,a5a03e31e36216fc706a3dbf6f635381,2026-07-08,256,55831085583,25.060,,
climb,플레어세데스,a5a03e31e36216fc706a3dbf6f635381,2026-07-09,256,55831085583,25.060,,
climb,플레어세데스,a5a03e31e36216fc706a3dbf6f635381,2026-07-10,256,55831085583,25.060,,
climb,플레어세데스,a5a03e31e36216fc706a3dbf6f635381,2026-07-11,256,55831085583,25.060,,
climb,플레어세데스,a5a03e31e36216fc706a3dbf6f635381,2026-07-12,256,55831085583,25.060,7415427,
climb,플레어세데스,a5a03e31e36216fc706a3dbf6f635381,2026-07-13,256,55831085583,25.060,,
climb,플레어세데스,a5a03e31e36216fc706a3dbf6f635381,2026-07-14,256,55831085583,25.060,,
climb,플레어세데스,a5a03e31e36216fc706a3dbf6f635381,2026-07-15,256,55831085583,25.060,,
climb,플레어세데스,a5a03e31e36216fc706a3dbf6f635381,2026-07-16,256,55831085583,25.060,,
climb,플레어세데스,a5a03e31e36216fc706a3dbf6f635381,2026-07-17,256,55831085583,25.060,,
climb,플레어세데스,a5a03e31e36216fc706a3dbf6f635381,2026-07-18,256,55831085583,25.060,,
climb,플레어세데스,a5a03e31e36216fc706a3dbf6f635381,2026-07-19,256,55831085583,25.060,,
climb,플레어세데스,a5a03e31e36216fc706a3dbf6f635381,2026-07-20,256,55831085583,25.060,7415427,
climb,플레어세데스,a5a03e31e36216fc706a3dbf6f635381,2026-07-21,256,55831085583,25.060,,
climb,플레어세데스,a5a03e31e36216fc706a3dbf6f635381,2026-07-22,256,55831085583,25.060,,
climb,새로이음,54b2719a4e5402ac2d095673e577079fefe8d04e6d233bd35cf2fabdeb93fb0d,2026-06-18,256,73155284388,32.837,1138378,
climb,새로이음,54b2719a4e5402ac2d095673e577079fefe8d04e6d233bd35cf2fabdeb93fb0d,2026-06-19,256,73155284388,32.837,,
climb,새로이음,54b2719a4e5402ac2d095673e577079fefe8d04e6d233bd35cf2fabdeb93fb0d,2026-06-20,256,73155284388,32.837,,
climb,새로이음,54b2719a4e5402ac2d095673e577079fefe8d04e6d233bd35cf2fabdeb93fb0d,2026-06-21,256,73155284388,32.837,,
climb,새로이음,54b2719a4e5402ac2d095673e577079fefe8d04e6d233bd35cf2fabdeb93fb0d,2026-06-22,256,73155284388,32.837,,
climb,새로이음,54b2719a4e5402ac2d095673e577079fefe8d04e6d233bd35cf2fabdeb93fb0d,2026-06-23,256,73155284388,32.837,,
climb,새로이음,54b2719a4e5402ac2d095673e577079fefe8d04e6d233bd35cf2fabdeb93fb0d,2026-06-24,256,73155284388,32.837,,
climb,새로이음,54b2719a4e5402ac2d095673e577079fefe8d04e6d233bd35cf2fabdeb93fb0d,2026-06-25,256,73155284388,32.837,,
climb,새로이음,54b2719a4e5402ac2d095673e577079fefe8d04e6d233bd35cf2fabdeb93fb0d,2026-06-26,256,73155284388,32.837,1138378,
climb,새로이음,54b2719a4e5402ac2d095673e577079fefe8d04e6d233bd35cf2fabdeb93fb0d,2026-06-27,256,73155284388,32.837,,
climb,새로이음,54b2719a4e5402ac2d095673e577079fefe8d04e6d233bd35cf2fabdeb93fb0d,2026-06-28,256,73155284388,32.837,,
climb,새로이음,54b2719a4e5402ac2d095673e577079fefe8d04e6d233bd35cf2fabdeb93fb0d,2026-06-29,256,73155284388,32.837,,
climb,새로이음,54b2719a4e5402ac2d095673e577079fefe8d04e6d233bd35cf2fabdeb93fb0d,2026-06-30,256,73155284388,32.837,,
climb,새로이음,54b2719a4e5402ac2d095673e577079fefe8d04e6d233bd35cf2fabdeb93fb0d,2026-07-01,256,73155284388,32.837,,
climb,새로이음,54b2719a4e5402ac2d095673e577079fefe8d04e6d233bd35cf2fabdeb93fb0d,2026-07-02,256,73155284388,32.837,,
climb,새로이음,54b2719a4e5402ac2d095673e577079fefe8d04e6d233bd35cf2fabdeb93fb0d,2026-07-03,256,73155284388,32.837,,
climb,새로이음,54b2719a4e5402ac2d095673e577079fefe8d04e6d233bd35cf2fabdeb93fb0d,2026-07-04,256,73155284388,32.837,1138378,
climb,새로이음,54b2719a4e5402ac2d095673e577079fefe8d04e6d233bd35cf2fabdeb93fb0d,2026-07-05,256,73155284388,32.837,,
climb,새로이음,54b2719a4e5402ac2d095673e577079fefe8d04e6d233bd35cf2fabdeb93fb0d,2026-07-06,256,73155284388,32.837,,
climb,새로이음,54b2719a4e5402ac2d095673e577079fefe8d04e6d233bd35cf2fabdeb93fb0d,2026-07-07,256,73155284388,32.837,,
climb,새로이음,54b2719a4e5402ac2d095673e577079fefe8d04e6d233bd35cf2fabdeb93fb0d,2026-07-08,256,73155284388,32.837,,
climb,새로이음,54b2719a4e5402ac2d095673e577079fefe8d04e6d233bd35cf2fabdeb93fb0d,2026-07-09,256,73155284388,32.837,,
climb,새로이음,54b2719a4e5402ac2d095673e577079fefe8d04e6d233bd35cf2fabdeb93fb0d,2026-07-10,256,73155284388,32.837,,
climb,새로이음,54b2719a4e5402ac2d095673e577079fefe8d04e6d233bd35cf2fabdeb93fb0d,2026-07-11,256,73155284388,32.837,,
climb,새로이음,54b2719a4e5402ac2d095673e577079fefe8d04e6d233bd35cf2fabdeb93fb0d,2026-07-12,256,73155284388,32.837,1138378,
climb,새로이음,54b2719a4e5402ac2d095673e577079fefe8d04e6d233bd35cf2fabdeb93fb0d,2026-07-13,256,73155284388,32.837,,
climb,새로이음,54b2719a4e5402ac2d095673e577079fefe8d04e6d233bd35cf2fabdeb93fb0d,2026-07-14,256,73155284388,32.837,,
climb,새로이음,54b2719a4e5402ac2d095673e577079fefe8d04e6d233bd35cf2fabdeb93fb0d,2026-07-15,256,73155284388,32.837,,
climb,새로이음,54b2719a4e5402ac2d095673e577079fefe8d04e6d233bd35cf2fabdeb93fb0d,2026-07-16,256,73155284388,32.837,,
climb,새로이음,54b2719a4e5402ac2d095673e577079fefe8d04e6d233bd35cf2fabdeb93fb0d,2026-07-17,256,73155284388,32.837,,
climb,새로이음,54b2719a4e5402ac2d095673e577079fefe8d04e6d233bd35cf2fabdeb93fb0d,2026-07-18,256,73155284388,32.837,,
climb,새로이음,54b2719a4e5402ac2d095673e577079fefe8d04e6d233bd35cf2fabdeb93fb0d,2026-07-19,256,73155284388,32.837,,
climb,새로이음,54b2719a4e5402ac2d095673e577079fefe8d04e6d233bd35cf2fabdeb93fb0d,2026-07-20,256,73155284388,32.837,1138378,
climb,새로이음,54b2719a4e5402ac2d095673e577079fefe8d04e6d233bd35cf2fabdeb93fb0d,2026-07-21,256,73155284388,32.837,,
climb,새로이음,54b2719a4e5402ac2d095673e577079fefe8d04e6d233bd35cf2fabdeb93fb0d,2026-07-22,256,73155284388,32.837,,
climb,벚꽃같은비숍,9c5f2f8d67c23852d45da9de103e365eefe8d04e6d233bd35cf2fabdeb93fb0d,2026-06-18,256,142079711012,63.774,3317658,
climb,벚꽃같은비숍,9c5f2f8d67c23852d45da9de103e365eefe8d04e6d233bd35cf2fabdeb93fb0d,2026-06-19,256,192000928468,86.182,,
climb,벚꽃같은비숍,9c5f2f8d67c23852d45da9de103e365eefe8d04e6d233bd35cf2fabdeb93fb0d,2026-06-20,257,18932439875,8.251,,
climb,벚꽃같은비숍,9c5f2f8d67c23852d45da9de103e365eefe8d04e6d233bd35cf2fabdeb93fb0d,2026-06-21,257,72156286252,31.445,,
climb,벚꽃같은비숍,9c5f2f8d67c23852d45da9de103e365eefe8d04e6d233bd35cf2fabdeb93fb0d,2026-06-22,257,121341595405,52.879,,
climb,벚꽃같은비숍,9c5f2f8d67c23852d45da9de103e365eefe8d04e6d233bd35cf2fabdeb93fb0d,2026-06-23,257,170484089181,74.295,,
climb,벚꽃같은비숍,9c5f2f8d67c23852d45da9de103e365eefe8d04e6d233bd35cf2fabdeb93fb0d,2026-06-24,257,218520792400,95.229,,
climb,벚꽃같은비숍,9c5f2f8d67c23852d45da9de103e365eefe8d04e6d233bd35cf2fabdeb93fb0d,2026-06-25,258,24530764270,10.379,,
climb,벚꽃같은비숍,9c5f2f8d67c23852d45da9de103e365eefe8d04e6d233bd35cf2fabdeb93fb0d,2026-06-26,258,58705187434,24.838,3226676,
climb,벚꽃같은비숍,9c5f2f8d67c23852d45da9de103e365eefe8d04e6d233bd35cf2fabdeb93fb0d,2026-06-27,258,94280921695,39.890,,
climb,벚꽃같은비숍,9c5f2f8d67c23852d45da9de103e365eefe8d04e6d233bd35cf2fabdeb93fb0d,2026-06-28,258,132051181509,55.870,,
climb,벚꽃같은비숍,9c5f2f8d67c23852d45da9de103e365eefe8d04e6d233bd35cf2fabdeb93fb0d,2026-06-29,258,166037895103,70.250,,
climb,벚꽃같은비숍,9c5f2f8d67c23852d45da9de103e365eefe8d04e6d233bd35cf2fabdeb93fb0d,2026-06-30,258,201703974640,85.340,,
climb,벚꽃같은비숍,9c5f2f8d67c23852d45da9de103e365eefe8d04e6d233bd35cf2fabdeb93fb0d,2026-07-01,258,214093416825,90.582,,
climb,벚꽃같은비숍,9c5f2f8d67c23852d45da9de103e365eefe8d04e6d233bd35cf2fabdeb93fb0d,2026-07-02,258,226504719383,95.833,,
climb,벚꽃같은비숍,9c5f2f8d67c23852d45da9de103e365eefe8d04e6d233bd35cf2fabdeb93fb0d,2026-07-03,259,4328196339,1.778,,
climb,벚꽃같은비숍,9c5f2f8d67c23852d45da9de103e365eefe8d04e6d233bd35cf2fabdeb93fb0d,2026-07-04,259,16719342480,6.868,2687933,
climb,벚꽃같은비숍,9c5f2f8d67c23852d45da9de103e365eefe8d04e6d233bd35cf2fabdeb93fb0d,2026-07-05,259,29101432754,11.954,,
climb,벚꽃같은비숍,9c5f2f8d67c23852d45da9de103e365eefe8d04e6d233bd35cf2fabdeb93fb0d,2026-07-06,259,41567498310,17.075,,
climb,벚꽃같은비숍,9c5f2f8d67c23852d45da9de103e365eefe8d04e6d233bd35cf2fabdeb93fb0d,2026-07-07,259,53964708800,22.167,,
climb,벚꽃같은비숍,9c5f2f8d67c23852d45da9de103e365eefe8d04e6d233bd35cf2fabdeb93fb0d,2026-07-08,259,67802773379,27.851,,
climb,벚꽃같은비숍,9c5f2f8d67c23852d45da9de103e365eefe8d04e6d233bd35cf2fabdeb93fb0d,2026-07-09,259,109988029115,45.180,,
climb,벚꽃같은비숍,9c5f2f8d67c23852d45da9de103e365eefe8d04e6d233bd35cf2fabdeb93fb0d,2026-07-10,259,153724749401,63.146,,
climb,벚꽃같은비숍,9c5f2f8d67c23852d45da9de103e365eefe8d04e6d233bd35cf2fabdeb93fb0d,2026-07-11,259,211646802660,86.938,,
climb,벚꽃같은비숍,9c5f2f8d67c23852d45da9de103e365eefe8d04e6d233bd35cf2fabdeb93fb0d,2026-07-12,260,2258742311,0.130,3196842,
climb,벚꽃같은비숍,9c5f2f8d67c23852d45da9de103e365eefe8d04e6d233bd35cf2fabdeb93fb0d,2026-07-13,260,2258742311,0.130,,
climb,벚꽃같은비숍,9c5f2f8d67c23852d45da9de103e365eefe8d04e6d233bd35cf2fabdeb93fb0d,2026-07-14,260,2258742311,0.130,,
climb,벚꽃같은비숍,9c5f2f8d67c23852d45da9de103e365eefe8d04e6d233bd35cf2fabdeb93fb0d,2026-07-15,260,2258742311,0.130,,
climb,벚꽃같은비숍,9c5f2f8d67c23852d45da9de103e365eefe8d04e6d233bd35cf2fabdeb93fb0d,2026-07-16,260,2258742311,0.130,,
climb,벚꽃같은비숍,9c5f2f8d67c23852d45da9de103e365eefe8d04e6d233bd35cf2fabdeb93fb0d,2026-07-17,260,2258742311,0.130,,
climb,벚꽃같은비숍,9c5f2f8d67c23852d45da9de103e365eefe8d04e6d233bd35cf2fabdeb93fb0d,2026-07-18,260,2258742311,0.130,,
climb,벚꽃같은비숍,9c5f2f8d67c23852d45da9de103e365eefe8d04e6d233bd35cf2fabdeb93fb0d,2026-07-19,260,2258742311,0.130,,
climb,벚꽃같은비숍,9c5f2f8d67c23852d45da9de103e365eefe8d04e6d233bd35cf2fabdeb93fb0d,2026-07-20,260,2258742311,0.130,3196842,
climb,벚꽃같은비숍,9c5f2f8d67c23852d45da9de103e365eefe8d04e6d233bd35cf2fabdeb93fb0d,2026-07-21,260,2258742311,0.130,,
climb,벚꽃같은비숍,9c5f2f8d67c23852d45da9de103e365eefe8d04e6d233bd35cf2fabdeb93fb0d,2026-07-22,260,2258742311,0.130,,
climb,적발백녀,a016a368d1aec084d93fd673a932e451,2026-06-18,256,99888999244,44.836,11133599,
climb,적발백녀,a016a368d1aec084d93fd673a932e451,2026-06-19,256,128814146764,57.820,,
climb,적발백녀,a016a368d1aec084d93fd673a932e451,2026-06-20,256,161595980620,72.534,,
climb,적발백녀,a016a368d1aec084d93fd673a932e451,2026-06-21,256,194377814476,87.249,,
climb,적발백녀,a016a368d1aec084d93fd673a932e451,2026-06-22,257,4373578843,1.906,,
climb,적발백녀,a016a368d1aec084d93fd673a932e451,2026-06-23,257,52334899900,22.807,,
climb,적발백녀,a016a368d1aec084d93fd673a932e451,2026-06-24,257,114572053874,49.929,,
climb,적발백녀,a016a368d1aec084d93fd673a932e451,2026-06-25,257,158504162562,69.074,,
climb,적발백녀,a016a368d1aec084d93fd673a932e451,2026-06-26,257,202436271250,88.219,10521139,
climb,적발백녀,a016a368d1aec084d93fd673a932e451,2026-06-27,258,16898728365,7.150,,
climb,적발백녀,a016a368d1aec084d93fd673a932e451,2026-06-28,258,60830837053,25.737,,
climb,적발백녀,a016a368d1aec084d93fd673a932e451,2026-06-29,258,104762945741,44.325,,
climb,적발백녀,a016a368d1aec084d93fd673a932e451,2026-06-30,258,148695054429,62.912,,
climb,적발백녀,a016a368d1aec084d93fd673a932e451,2026-07-01,258,181912230975,76.966,,
climb,적발백녀,a016a368d1aec084d93fd673a932e451,2026-07-02,258,215129407521,91.020,,
climb,적발백녀,a016a368d1aec084d93fd673a932e451,2026-07-03,259,17429855691,7.160,,
climb,적발백녀,a016a368d1aec084d93fd673a932e451,2026-07-04,259,50647032237,20.804,10182465,
climb,적발백녀,a016a368d1aec084d93fd673a932e451,2026-07-05,259,83864208783,34.449,,
climb,적발백녀,a016a368d1aec084d93fd673a932e451,2026-07-06,259,117081385329,48.094,,
climb,적발백녀,a016a368d1aec084d93fd673a932e451,2026-07-07,259,150298561875,61.738,,
climb,적발백녀,a016a368d1aec084d93fd673a932e451,2026-07-08,259,183515738421,75.383,,
climb,적발백녀,a016a368d1aec084d93fd673a932e451,2026-07-09,259,216732914967,89.028,,
climb,적발백녀,a016a368d1aec084d93fd673a932e451,2026-07-10,260,6505738160,0.376,,
climb,적발백녀,a016a368d1aec084d93fd673a932e451,2026-07-11,260,6505738160,0.376,,
climb,적발백녀,a016a368d1aec084d93fd673a932e451,2026-07-12,260,6505738160,0.376,10166073,
climb,적발백녀,a016a368d1aec084d93fd673a932e451,2026-07-13,260,6505738160,0.376,,
climb,적발백녀,a016a368d1aec084d93fd673a932e451,2026-07-14,260,6505738160,0.376,,
climb,적발백녀,a016a368d1aec084d93fd673a932e451,2026-07-15,260,6505738160,0.376,,
climb,적발백녀,a016a368d1aec084d93fd673a932e451,2026-07-16,260,6505738160,0.376,,
climb,적발백녀,a016a368d1aec084d93fd673a932e451,2026-07-17,260,6505738160,0.376,,
climb,적발백녀,a016a368d1aec084d93fd673a932e451,2026-07-18,260,6505738160,0.376,,
climb,적발백녀,a016a368d1aec084d93fd673a932e451,2026-07-19,260,6505738160,0.376,,
climb,적발백녀,a016a368d1aec084d93fd673a932e451,2026-07-20,260,6505738160,0.376,10166073,
climb,적발백녀,a016a368d1aec084d93fd673a932e451,2026-07-21,260,6505738160,0.376,,
climb,적발백녀,a016a368d1aec084d93fd673a932e451,2026-07-22,260,6505738160,0.376,,
climb,메르퀸영웅,7e2ba975a651d14d0ea512badf3404e1efe8d04e6d233bd35cf2fabdeb93fb0d,2026-06-18,256,141291898133,63.420,2609025,
climb,메르퀸영웅,7e2ba975a651d14d0ea512badf3404e1efe8d04e6d233bd35cf2fabdeb93fb0d,2026-06-19,256,187437415949,84.133,,
climb,메르퀸영웅,7e2ba975a651d14d0ea512badf3404e1efe8d04e6d233bd35cf2fabdeb93fb0d,2026-06-20,257,18347691031,7.996,,
climb,메르퀸영웅,7e2ba975a651d14d0ea512badf3404e1efe8d04e6d233bd35cf2fabdeb93fb0d,2026-06-21,257,18356574095,8.000,,
climb,메르퀸영웅,7e2ba975a651d14d0ea512badf3404e1efe8d04e6d233bd35cf2fabdeb93fb0d,2026-06-22,257,18365199095,8.003,,
climb,메르퀸영웅,7e2ba975a651d14d0ea512badf3404e1efe8d04e6d233bd35cf2fabdeb93fb0d,2026-06-23,257,77373201784,33.718,,
climb,메르퀸영웅,7e2ba975a651d14d0ea512badf3404e1efe8d04e6d233bd35cf2fabdeb93fb0d,2026-06-24,257,139172441120,60.650,,
climb,메르퀸영웅,7e2ba975a651d14d0ea512badf3404e1efe8d04e6d233bd35cf2fabdeb93fb0d,2026-06-25,257,198657024515,86.572,,
climb,메르퀸영웅,7e2ba975a651d14d0ea512badf3404e1efe8d04e6d233bd35cf2fabdeb93fb0d,2026-06-26,258,25247105772,10.682,3121518,
climb,메르퀸영웅,7e2ba975a651d14d0ea512badf3404e1efe8d04e6d233bd35cf2fabdeb93fb0d,2026-06-27,258,87301351273,36.937,,
climb,메르퀸영웅,7e2ba975a651d14d0ea512badf3404e1efe8d04e6d233bd35cf2fabdeb93fb0d,2026-06-28,258,145673022181,61.633,,
climb,메르퀸영웅,7e2ba975a651d14d0ea512badf3404e1efe8d04e6d233bd35cf2fabdeb93fb0d,2026-06-29,258,209327463320,88.565,,
climb,메르퀸영웅,7e2ba975a651d14d0ea512badf3404e1efe8d04e6d233bd35cf2fabdeb93fb0d,2026-06-30,259,31286998002,12.852,,
climb,메르퀸영웅,7e2ba975a651d14d0ea512badf3404e1efe8d04e6d233bd35cf2fabdeb93fb0d,2026-07-01,259,90813137517,37.303,,
climb,메르퀸영웅,7e2ba975a651d14d0ea512badf3404e1efe8d04e6d233bd35cf2fabdeb93fb0d,2026-07-02,259,150302900118,61.740,,
climb,메르퀸영웅,7e2ba975a651d14d0ea512badf3404e1efe8d04e6d233bd35cf2fabdeb93fb0d,2026-07-03,259,209039697490,85.868,,
climb,메르퀸영웅,7e2ba975a651d14d0ea512badf3404e1efe8d04e6d233bd35cf2fabdeb93fb0d,2026-07-04,260,463768613758,26.778,2945007,
climb,메르퀸영웅,7e2ba975a651d14d0ea512badf3404e1efe8d04e6d233bd35cf2fabdeb93fb0d,2026-07-05,260,463768613758,26.778,,
climb,메르퀸영웅,7e2ba975a651d14d0ea512badf3404e1efe8d04e6d233bd35cf2fabdeb93fb0d,2026-07-06,260,463768613758,26.778,,
climb,메르퀸영웅,7e2ba975a651d14d0ea512badf3404e1efe8d04e6d233bd35cf2fabdeb93fb0d,2026-07-07,260,463768613758,26.778,,
climb,메르퀸영웅,7e2ba975a651d14d0ea512badf3404e1efe8d04e6d233bd35cf2fabdeb93fb0d,2026-07-08,260,463768613758,26.778,,
climb,메르퀸영웅,7e2ba975a651d14d0ea512badf3404e1efe8d04e6d233bd35cf2fabdeb93fb0d,2026-07-09,260,463768613758,26.778,,
climb,메르퀸영웅,7e2ba975a651d14d0ea512badf3404e1efe8d04e6d233bd35cf2fabdeb93fb0d,2026-07-10,260,463768613758,26.778,,
climb,메르퀸영웅,7e2ba975a651d14d0ea512badf3404e1efe8d04e6d233bd35cf2fabdeb93fb0d,2026-07-11,260,463768613758,26.778,,
climb,메르퀸영웅,7e2ba975a651d14d0ea512badf3404e1efe8d04e6d233bd35cf2fabdeb93fb0d,2026-07-12,260,463768613758,26.778,2945007,
climb,메르퀸영웅,7e2ba975a651d14d0ea512badf3404e1efe8d04e6d233bd35cf2fabdeb93fb0d,2026-07-13,260,463768613758,26.778,,
climb,메르퀸영웅,7e2ba975a651d14d0ea512badf3404e1efe8d04e6d233bd35cf2fabdeb93fb0d,2026-07-14,260,463768613758,26.778,,
climb,메르퀸영웅,7e2ba975a651d14d0ea512badf3404e1efe8d04e6d233bd35cf2fabdeb93fb0d,2026-07-15,260,463768613758,26.778,,
climb,메르퀸영웅,7e2ba975a651d14d0ea512badf3404e1efe8d04e6d233bd35cf2fabdeb93fb0d,2026-07-16,260,463768613758,26.778,,
climb,메르퀸영웅,7e2ba975a651d14d0ea512badf3404e1efe8d04e6d233bd35cf2fabdeb93fb0d,2026-07-17,260,463768613758,26.778,,
climb,메르퀸영웅,7e2ba975a651d14d0ea512badf3404e1efe8d04e6d233bd35cf2fabdeb93fb0d,2026-07-18,260,463768613758,26.778,,
climb,메르퀸영웅,7e2ba975a651d14d0ea512badf3404e1efe8d04e6d233bd35cf2fabdeb93fb0d,2026-07-19,260,463768613758,26.778,,
climb,메르퀸영웅,7e2ba975a651d14d0ea512badf3404e1efe8d04e6d233bd35cf2fabdeb93fb0d,2026-07-20,260,463768613758,26.778,2945007,
climb,메르퀸영웅,7e2ba975a651d14d0ea512badf3404e1efe8d04e6d233bd35cf2fabdeb93fb0d,2026-07-21,260,463768613758,26.778,,
climb,메르퀸영웅,7e2ba975a651d14d0ea512badf3404e1efe8d04e6d233bd35cf2fabdeb93fb0d,2026-07-22,260,463768613758,26.778,,
climb,은둔서민,f55450faaa9eb0208142e444d433c985efe8d04e6d233bd35cf2fabdeb93fb0d,2026-06-18,256,33607776973,15.085,83611,
climb,은둔서민,f55450faaa9eb0208142e444d433c985efe8d04e6d233bd35cf2fabdeb93fb0d,2026-06-19,256,33607776973,15.085,,
climb,은둔서민,f55450faaa9eb0208142e444d433c985efe8d04e6d233bd35cf2fabdeb93fb0d,2026-06-20,256,33607776973,15.085,,
climb,은둔서민,f55450faaa9eb0208142e444d433c985efe8d04e6d233bd35cf2fabdeb93fb0d,2026-06-21,256,33607776973,15.085,,
climb,은둔서민,f55450faaa9eb0208142e444d433c985efe8d04e6d233bd35cf2fabdeb93fb0d,2026-06-22,256,33607776973,15.085,,
climb,은둔서민,f55450faaa9eb0208142e444d433c985efe8d04e6d233bd35cf2fabdeb93fb0d,2026-06-23,256,33607776973,15.085,,
climb,은둔서민,f55450faaa9eb0208142e444d433c985efe8d04e6d233bd35cf2fabdeb93fb0d,2026-06-24,256,33607776973,15.085,,
climb,은둔서민,f55450faaa9eb0208142e444d433c985efe8d04e6d233bd35cf2fabdeb93fb0d,2026-06-25,256,33607776973,15.085,,
climb,은둔서민,f55450faaa9eb0208142e444d433c985efe8d04e6d233bd35cf2fabdeb93fb0d,2026-06-26,256,33607776973,15.085,162343,
climb,은둔서민,f55450faaa9eb0208142e444d433c985efe8d04e6d233bd35cf2fabdeb93fb0d,2026-06-27,256,33607776973,15.085,,
climb,은둔서민,f55450faaa9eb0208142e444d433c985efe8d04e6d233bd35cf2fabdeb93fb0d,2026-06-28,256,33607776973,15.085,,
climb,은둔서민,f55450faaa9eb0208142e444d433c985efe8d04e6d233bd35cf2fabdeb93fb0d,2026-06-29,256,33607776973,15.085,,
climb,은둔서민,f55450faaa9eb0208142e444d433c985efe8d04e6d233bd35cf2fabdeb93fb0d,2026-06-30,256,33607776973,15.085,,
climb,은둔서민,f55450faaa9eb0208142e444d433c985efe8d04e6d233bd35cf2fabdeb93fb0d,2026-07-01,256,33607776973,15.085,,
climb,은둔서민,f55450faaa9eb0208142e444d433c985efe8d04e6d233bd35cf2fabdeb93fb0d,2026-07-02,256,33607776973,15.085,,
climb,은둔서민,f55450faaa9eb0208142e444d433c985efe8d04e6d233bd35cf2fabdeb93fb0d,2026-07-03,256,33607776973,15.085,,
climb,은둔서민,f55450faaa9eb0208142e444d433c985efe8d04e6d233bd35cf2fabdeb93fb0d,2026-07-04,256,33607776973,15.085,169030,
climb,은둔서민,f55450faaa9eb0208142e444d433c985efe8d04e6d233bd35cf2fabdeb93fb0d,2026-07-05,256,33607776973,15.085,,
climb,은둔서민,f55450faaa9eb0208142e444d433c985efe8d04e6d233bd35cf2fabdeb93fb0d,2026-07-06,256,33607776973,15.085,,
climb,은둔서민,f55450faaa9eb0208142e444d433c985efe8d04e6d233bd35cf2fabdeb93fb0d,2026-07-07,256,33607776973,15.085,,
climb,은둔서민,f55450faaa9eb0208142e444d433c985efe8d04e6d233bd35cf2fabdeb93fb0d,2026-07-08,256,33607776973,15.085,,
climb,은둔서민,f55450faaa9eb0208142e444d433c985efe8d04e6d233bd35cf2fabdeb93fb0d,2026-07-09,256,33607776973,15.085,,
climb,은둔서민,f55450faaa9eb0208142e444d433c985efe8d04e6d233bd35cf2fabdeb93fb0d,2026-07-10,256,33607776973,15.085,,
climb,은둔서민,f55450faaa9eb0208142e444d433c985efe8d04e6d233bd35cf2fabdeb93fb0d,2026-07-11,256,33607776973,15.085,,
climb,은둔서민,f55450faaa9eb0208142e444d433c985efe8d04e6d233bd35cf2fabdeb93fb0d,2026-07-12,256,33607776973,15.085,243779,
climb,은둔서민,f55450faaa9eb0208142e444d433c985efe8d04e6d233bd35cf2fabdeb93fb0d,2026-07-13,256,33607776973,15.085,,
climb,은둔서민,f55450faaa9eb0208142e444d433c985efe8d04e6d233bd35cf2fabdeb93fb0d,2026-07-14,256,33607776973,15.085,,
climb,은둔서민,f55450faaa9eb0208142e444d433c985efe8d04e6d233bd35cf2fabdeb93fb0d,2026-07-15,256,33653924641,15.106,,
climb,은둔서민,f55450faaa9eb0208142e444d433c985efe8d04e6d233bd35cf2fabdeb93fb0d,2026-07-16,256,33695821601,15.125,,
climb,은둔서민,f55450faaa9eb0208142e444d433c985efe8d04e6d233bd35cf2fabdeb93fb0d,2026-07-17,256,33704903905,15.129,,
climb,은둔서민,f55450faaa9eb0208142e444d433c985efe8d04e6d233bd35cf2fabdeb93fb0d,2026-07-18,256,33704903905,15.129,,
climb,은둔서민,f55450faaa9eb0208142e444d433c985efe8d04e6d233bd35cf2fabdeb93fb0d,2026-07-19,256,33704903905,15.129,,
climb,은둔서민,f55450faaa9eb0208142e444d433c985efe8d04e6d233bd35cf2fabdeb93fb0d,2026-07-20,256,33704903905,15.129,1548776,
climb,은둔서민,f55450faaa9eb0208142e444d433c985efe8d04e6d233bd35cf2fabdeb93fb0d,2026-07-21,256,33704903905,15.129,,
climb,은둔서민,f55450faaa9eb0208142e444d433c985efe8d04e6d233bd35cf2fabdeb93fb0d,2026-07-22,256,33704903905,15.129,,
climb,캡틴도로루,a9dbc7d16754be8d4006c48d3ff9c5f0efe8d04e6d233bd35cf2fabdeb93fb0d,2026-06-18,256,40726288086,18.280,280395,
climb,캡틴도로루,a9dbc7d16754be8d4006c48d3ff9c5f0efe8d04e6d233bd35cf2fabdeb93fb0d,2026-06-19,256,40726288086,18.280,,
climb,캡틴도로루,a9dbc7d16754be8d4006c48d3ff9c5f0efe8d04e6d233bd35cf2fabdeb93fb0d,2026-06-20,256,40726288086,18.280,,
climb,캡틴도로루,a9dbc7d16754be8d4006c48d3ff9c5f0efe8d04e6d233bd35cf2fabdeb93fb0d,2026-06-21,256,40726288086,18.280,,
climb,캡틴도로루,a9dbc7d16754be8d4006c48d3ff9c5f0efe8d04e6d233bd35cf2fabdeb93fb0d,2026-06-22,256,40726288086,18.280,,
climb,캡틴도로루,a9dbc7d16754be8d4006c48d3ff9c5f0efe8d04e6d233bd35cf2fabdeb93fb0d,2026-06-23,256,40726288086,18.280,,
climb,캡틴도로루,a9dbc7d16754be8d4006c48d3ff9c5f0efe8d04e6d233bd35cf2fabdeb93fb0d,2026-06-24,256,40726288086,18.280,,
climb,캡틴도로루,a9dbc7d16754be8d4006c48d3ff9c5f0efe8d04e6d233bd35cf2fabdeb93fb0d,2026-06-25,256,40726288086,18.280,,
climb,캡틴도로루,a9dbc7d16754be8d4006c48d3ff9c5f0efe8d04e6d233bd35cf2fabdeb93fb0d,2026-06-26,256,40726288086,18.280,280395,
climb,캡틴도로루,a9dbc7d16754be8d4006c48d3ff9c5f0efe8d04e6d233bd35cf2fabdeb93fb0d,2026-06-27,256,40726288086,18.280,,
climb,캡틴도로루,a9dbc7d16754be8d4006c48d3ff9c5f0efe8d04e6d233bd35cf2fabdeb93fb0d,2026-06-28,256,40726288086,18.280,,
climb,캡틴도로루,a9dbc7d16754be8d4006c48d3ff9c5f0efe8d04e6d233bd35cf2fabdeb93fb0d,2026-06-29,256,40726288086,18.280,,
climb,캡틴도로루,a9dbc7d16754be8d4006c48d3ff9c5f0efe8d04e6d233bd35cf2fabdeb93fb0d,2026-06-30,256,40726288086,18.280,,
climb,캡틴도로루,a9dbc7d16754be8d4006c48d3ff9c5f0efe8d04e6d233bd35cf2fabdeb93fb0d,2026-07-01,256,40726288086,18.280,,
climb,캡틴도로루,a9dbc7d16754be8d4006c48d3ff9c5f0efe8d04e6d233bd35cf2fabdeb93fb0d,2026-07-02,256,40726288086,18.280,,
climb,캡틴도로루,a9dbc7d16754be8d4006c48d3ff9c5f0efe8d04e6d233bd35cf2fabdeb93fb0d,2026-07-03,256,40726288086,18.280,,
climb,캡틴도로루,a9dbc7d16754be8d4006c48d3ff9c5f0efe8d04e6d233bd35cf2fabdeb93fb0d,2026-07-04,256,40726288086,18.280,280395,
climb,캡틴도로루,a9dbc7d16754be8d4006c48d3ff9c5f0efe8d04e6d233bd35cf2fabdeb93fb0d,2026-07-05,256,40726288086,18.280,,
climb,캡틴도로루,a9dbc7d16754be8d4006c48d3ff9c5f0efe8d04e6d233bd35cf2fabdeb93fb0d,2026-07-06,256,40726288086,18.280,,
climb,캡틴도로루,a9dbc7d16754be8d4006c48d3ff9c5f0efe8d04e6d233bd35cf2fabdeb93fb0d,2026-07-07,256,40726288086,18.280,,
climb,캡틴도로루,a9dbc7d16754be8d4006c48d3ff9c5f0efe8d04e6d233bd35cf2fabdeb93fb0d,2026-07-08,256,40726288086,18.280,,
climb,캡틴도로루,a9dbc7d16754be8d4006c48d3ff9c5f0efe8d04e6d233bd35cf2fabdeb93fb0d,2026-07-09,256,40726288086,18.280,,
climb,캡틴도로루,a9dbc7d16754be8d4006c48d3ff9c5f0efe8d04e6d233bd35cf2fabdeb93fb0d,2026-07-10,256,40726288086,18.280,,
climb,캡틴도로루,a9dbc7d16754be8d4006c48d3ff9c5f0efe8d04e6d233bd35cf2fabdeb93fb0d,2026-07-11,256,40726288086,18.280,,
climb,캡틴도로루,a9dbc7d16754be8d4006c48d3ff9c5f0efe8d04e6d233bd35cf2fabdeb93fb0d,2026-07-12,256,40726288086,18.280,280395,
climb,캡틴도로루,a9dbc7d16754be8d4006c48d3ff9c5f0efe8d04e6d233bd35cf2fabdeb93fb0d,2026-07-13,256,40726288086,18.280,,
climb,캡틴도로루,a9dbc7d16754be8d4006c48d3ff9c5f0efe8d04e6d233bd35cf2fabdeb93fb0d,2026-07-14,256,40726288086,18.280,,
climb,캡틴도로루,a9dbc7d16754be8d4006c48d3ff9c5f0efe8d04e6d233bd35cf2fabdeb93fb0d,2026-07-15,256,40726288086,18.280,,
climb,캡틴도로루,a9dbc7d16754be8d4006c48d3ff9c5f0efe8d04e6d233bd35cf2fabdeb93fb0d,2026-07-16,256,40726288086,18.280,,
climb,캡틴도로루,a9dbc7d16754be8d4006c48d3ff9c5f0efe8d04e6d233bd35cf2fabdeb93fb0d,2026-07-17,256,40726288086,18.280,,
climb,캡틴도로루,a9dbc7d16754be8d4006c48d3ff9c5f0efe8d04e6d233bd35cf2fabdeb93fb0d,2026-07-18,256,40726288086,18.280,,
climb,캡틴도로루,a9dbc7d16754be8d4006c48d3ff9c5f0efe8d04e6d233bd35cf2fabdeb93fb0d,2026-07-19,256,40726288086,18.280,,
climb,캡틴도로루,a9dbc7d16754be8d4006c48d3ff9c5f0efe8d04e6d233bd35cf2fabdeb93fb0d,2026-07-20,256,40726288086,18.280,280395,
climb,캡틴도로루,a9dbc7d16754be8d4006c48d3ff9c5f0efe8d04e6d233bd35cf2fabdeb93fb0d,2026-07-21,256,40726288086,18.280,,
climb,캡틴도로루,a9dbc7d16754be8d4006c48d3ff9c5f0efe8d04e6d233bd35cf2fabdeb93fb0d,2026-07-22,256,40726288086,18.280,,
climb,코돌이용아델,4a634a440954e8bc520fa11bdd0cbd6aefe8d04e6d233bd35cf2fabdeb93fb0d,2026-06-18,256,30653806666,13.759,804651,
climb,코돌이용아델,4a634a440954e8bc520fa11bdd0cbd6aefe8d04e6d233bd35cf2fabdeb93fb0d,2026-06-19,256,30653806666,13.759,,
climb,코돌이용아델,4a634a440954e8bc520fa11bdd0cbd6aefe8d04e6d233bd35cf2fabdeb93fb0d,2026-06-20,256,30653806666,13.759,,
climb,코돌이용아델,4a634a440954e8bc520fa11bdd0cbd6aefe8d04e6d233bd35cf2fabdeb93fb0d,2026-06-21,256,30653806666,13.759,,
climb,코돌이용아델,4a634a440954e8bc520fa11bdd0cbd6aefe8d04e6d233bd35cf2fabdeb93fb0d,2026-06-22,256,30653806666,13.759,,
climb,코돌이용아델,4a634a440954e8bc520fa11bdd0cbd6aefe8d04e6d233bd35cf2fabdeb93fb0d,2026-06-23,256,30653806666,13.759,,
climb,코돌이용아델,4a634a440954e8bc520fa11bdd0cbd6aefe8d04e6d233bd35cf2fabdeb93fb0d,2026-06-24,256,30653806666,13.759,,
climb,코돌이용아델,4a634a440954e8bc520fa11bdd0cbd6aefe8d04e6d233bd35cf2fabdeb93fb0d,2026-06-25,256,30653806666,13.759,,
climb,코돌이용아델,4a634a440954e8bc520fa11bdd0cbd6aefe8d04e6d233bd35cf2fabdeb93fb0d,2026-06-26,256,30653806666,13.759,804651,
climb,코돌이용아델,4a634a440954e8bc520fa11bdd0cbd6aefe8d04e6d233bd35cf2fabdeb93fb0d,2026-06-27,256,30653806666,13.759,,
climb,코돌이용아델,4a634a440954e8bc520fa11bdd0cbd6aefe8d04e6d233bd35cf2fabdeb93fb0d,2026-06-28,256,30653806666,13.759,,
climb,코돌이용아델,4a634a440954e8bc520fa11bdd0cbd6aefe8d04e6d233bd35cf2fabdeb93fb0d,2026-06-29,256,30653806666,13.759,,
climb,코돌이용아델,4a634a440954e8bc520fa11bdd0cbd6aefe8d04e6d233bd35cf2fabdeb93fb0d,2026-06-30,256,30653806666,13.759,,
climb,코돌이용아델,4a634a440954e8bc520fa11bdd0cbd6aefe8d04e6d233bd35cf2fabdeb93fb0d,2026-07-01,256,30653806666,13.759,,
climb,코돌이용아델,4a634a440954e8bc520fa11bdd0cbd6aefe8d04e6d233bd35cf2fabdeb93fb0d,2026-07-02,256,30653806666,13.759,,
climb,코돌이용아델,4a634a440954e8bc520fa11bdd0cbd6aefe8d04e6d233bd35cf2fabdeb93fb0d,2026-07-03,256,30653806666,13.759,,
climb,코돌이용아델,4a634a440954e8bc520fa11bdd0cbd6aefe8d04e6d233bd35cf2fabdeb93fb0d,2026-07-04,256,30653806666,13.759,804651,
climb,코돌이용아델,4a634a440954e8bc520fa11bdd0cbd6aefe8d04e6d233bd35cf2fabdeb93fb0d,2026-07-05,256,30653806666,13.759,,
climb,코돌이용아델,4a634a440954e8bc520fa11bdd0cbd6aefe8d04e6d233bd35cf2fabdeb93fb0d,2026-07-06,256,30653806666,13.759,,
climb,코돌이용아델,4a634a440954e8bc520fa11bdd0cbd6aefe8d04e6d233bd35cf2fabdeb93fb0d,2026-07-07,256,30653806666,13.759,,
climb,코돌이용아델,4a634a440954e8bc520fa11bdd0cbd6aefe8d04e6d233bd35cf2fabdeb93fb0d,2026-07-08,256,30653806666,13.759,,
climb,코돌이용아델,4a634a440954e8bc520fa11bdd0cbd6aefe8d04e6d233bd35cf2fabdeb93fb0d,2026-07-09,256,30653806666,13.759,,
climb,코돌이용아델,4a634a440954e8bc520fa11bdd0cbd6aefe8d04e6d233bd35cf2fabdeb93fb0d,2026-07-10,256,30653806666,13.759,,
climb,코돌이용아델,4a634a440954e8bc520fa11bdd0cbd6aefe8d04e6d233bd35cf2fabdeb93fb0d,2026-07-11,256,30653806666,13.759,,
climb,코돌이용아델,4a634a440954e8bc520fa11bdd0cbd6aefe8d04e6d233bd35cf2fabdeb93fb0d,2026-07-12,256,30653806666,13.759,804651,
climb,코돌이용아델,4a634a440954e8bc520fa11bdd0cbd6aefe8d04e6d233bd35cf2fabdeb93fb0d,2026-07-13,256,30653806666,13.759,,
climb,코돌이용아델,4a634a440954e8bc520fa11bdd0cbd6aefe8d04e6d233bd35cf2fabdeb93fb0d,2026-07-14,256,30653806666,13.759,,
climb,코돌이용아델,4a634a440954e8bc520fa11bdd0cbd6aefe8d04e6d233bd35cf2fabdeb93fb0d,2026-07-15,256,30653806666,13.759,,
climb,코돌이용아델,4a634a440954e8bc520fa11bdd0cbd6aefe8d04e6d233bd35cf2fabdeb93fb0d,2026-07-16,256,30653806666,13.759,,
climb,코돌이용아델,4a634a440954e8bc520fa11bdd0cbd6aefe8d04e6d233bd35cf2fabdeb93fb0d,2026-07-17,256,30653806666,13.759,,
climb,코돌이용아델,4a634a440954e8bc520fa11bdd0cbd6aefe8d04e6d233bd35cf2fabdeb93fb0d,2026-07-18,256,30653806666,13.759,,
climb,코돌이용아델,4a634a440954e8bc520fa11bdd0cbd6aefe8d04e6d233bd35cf2fabdeb93fb0d,2026-07-19,256,30653806666,13.759,,
climb,코돌이용아델,4a634a440954e8bc520fa11bdd0cbd6aefe8d04e6d233bd35cf2fabdeb93fb0d,2026-07-20,256,30653806666,13.759,804651,
climb,코돌이용아델,4a634a440954e8bc520fa11bdd0cbd6aefe8d04e6d233bd35cf2fabdeb93fb0d,2026-07-21,256,30653806666,13.759,,
climb,코돌이용아델,4a634a440954e8bc520fa11bdd0cbd6aefe8d04e6d233bd35cf2fabdeb93fb0d,2026-07-22,256,30653806666,13.759,,
climb,금색꾸름,8dec3a401e604d54e2b3e0455fda017befe8d04e6d233bd35cf2fabdeb93fb0d,2026-06-18,256,97818707063,43.907,0,
climb,금색꾸름,8dec3a401e604d54e2b3e0455fda017befe8d04e6d233bd35cf2fabdeb93fb0d,2026-06-19,256,97818707063,43.907,,
climb,금색꾸름,8dec3a401e604d54e2b3e0455fda017befe8d04e6d233bd35cf2fabdeb93fb0d,2026-06-20,256,97818707063,43.907,,
climb,금색꾸름,8dec3a401e604d54e2b3e0455fda017befe8d04e6d233bd35cf2fabdeb93fb0d,2026-06-21,256,97818707063,43.907,,
climb,금색꾸름,8dec3a401e604d54e2b3e0455fda017befe8d04e6d233bd35cf2fabdeb93fb0d,2026-06-22,256,97818707063,43.907,,
climb,금색꾸름,8dec3a401e604d54e2b3e0455fda017befe8d04e6d233bd35cf2fabdeb93fb0d,2026-06-23,256,97818707063,43.907,,
climb,금색꾸름,8dec3a401e604d54e2b3e0455fda017befe8d04e6d233bd35cf2fabdeb93fb0d,2026-06-24,256,97818707063,43.907,,
climb,금색꾸름,8dec3a401e604d54e2b3e0455fda017befe8d04e6d233bd35cf2fabdeb93fb0d,2026-06-25,256,97818707063,43.907,,
climb,금색꾸름,8dec3a401e604d54e2b3e0455fda017befe8d04e6d233bd35cf2fabdeb93fb0d,2026-06-26,256,97818707063,43.907,0,
climb,금색꾸름,8dec3a401e604d54e2b3e0455fda017befe8d04e6d233bd35cf2fabdeb93fb0d,2026-06-27,256,97818707063,43.907,,
climb,금색꾸름,8dec3a401e604d54e2b3e0455fda017befe8d04e6d233bd35cf2fabdeb93fb0d,2026-06-28,256,97818707063,43.907,,
climb,금색꾸름,8dec3a401e604d54e2b3e0455fda017befe8d04e6d233bd35cf2fabdeb93fb0d,2026-06-29,256,97818707063,43.907,,
climb,금색꾸름,8dec3a401e604d54e2b3e0455fda017befe8d04e6d233bd35cf2fabdeb93fb0d,2026-06-30,256,97818707063,43.907,,
climb,금색꾸름,8dec3a401e604d54e2b3e0455fda017befe8d04e6d233bd35cf2fabdeb93fb0d,2026-07-01,256,97818707063,43.907,,
climb,금색꾸름,8dec3a401e604d54e2b3e0455fda017befe8d04e6d233bd35cf2fabdeb93fb0d,2026-07-02,256,97818707063,43.907,,
climb,금색꾸름,8dec3a401e604d54e2b3e0455fda017befe8d04e6d233bd35cf2fabdeb93fb0d,2026-07-03,256,97818707063,43.907,,
climb,금색꾸름,8dec3a401e604d54e2b3e0455fda017befe8d04e6d233bd35cf2fabdeb93fb0d,2026-07-04,256,97818707063,43.907,0,
climb,금색꾸름,8dec3a401e604d54e2b3e0455fda017befe8d04e6d233bd35cf2fabdeb93fb0d,2026-07-05,256,97818707063,43.907,,
climb,금색꾸름,8dec3a401e604d54e2b3e0455fda017befe8d04e6d233bd35cf2fabdeb93fb0d,2026-07-06,256,97818707063,43.907,,
climb,금색꾸름,8dec3a401e604d54e2b3e0455fda017befe8d04e6d233bd35cf2fabdeb93fb0d,2026-07-07,256,97818707063,43.907,,
climb,금색꾸름,8dec3a401e604d54e2b3e0455fda017befe8d04e6d233bd35cf2fabdeb93fb0d,2026-07-08,256,97818707063,43.907,,
climb,금색꾸름,8dec3a401e604d54e2b3e0455fda017befe8d04e6d233bd35cf2fabdeb93fb0d,2026-07-09,256,97818707063,43.907,,
climb,금색꾸름,8dec3a401e604d54e2b3e0455fda017befe8d04e6d233bd35cf2fabdeb93fb0d,2026-07-10,256,97818707063,43.907,,
climb,금색꾸름,8dec3a401e604d54e2b3e0455fda017befe8d04e6d233bd35cf2fabdeb93fb0d,2026-07-11,256,97818707063,43.907,,
climb,금색꾸름,8dec3a401e604d54e2b3e0455fda017befe8d04e6d233bd35cf2fabdeb93fb0d,2026-07-12,256,97818707063,43.907,0,
climb,금색꾸름,8dec3a401e604d54e2b3e0455fda017befe8d04e6d233bd35cf2fabdeb93fb0d,2026-07-13,256,97818707063,43.907,,
climb,금색꾸름,8dec3a401e604d54e2b3e0455fda017befe8d04e6d233bd35cf2fabdeb93fb0d,2026-07-14,256,97818707063,43.907,,
climb,금색꾸름,8dec3a401e604d54e2b3e0455fda017befe8d04e6d233bd35cf2fabdeb93fb0d,2026-07-15,256,97818707063,43.907,,
climb,금색꾸름,8dec3a401e604d54e2b3e0455fda017befe8d04e6d233bd35cf2fabdeb93fb0d,2026-07-16,256,97818707063,43.907,,
climb,금색꾸름,8dec3a401e604d54e2b3e0455fda017befe8d04e6d233bd35cf2fabdeb93fb0d,2026-07-17,256,97818707063,43.907,,
climb,금색꾸름,8dec3a401e604d54e2b3e0455fda017befe8d04e6d233bd35cf2fabdeb93fb0d,2026-07-18,256,97818707063,43.907,,
climb,금색꾸름,8dec3a401e604d54e2b3e0455fda017befe8d04e6d233bd35cf2fabdeb93fb0d,2026-07-19,256,97818707063,43.907,,
climb,금색꾸름,8dec3a401e604d54e2b3e0455fda017befe8d04e6d233bd35cf2fabdeb93fb0d,2026-07-20,256,97818707063,43.907,0,
climb,금색꾸름,8dec3a401e604d54e2b3e0455fda017befe8d04e6d233bd35cf2fabdeb93fb0d,2026-07-21,256,97818707063,43.907,,
climb,금색꾸름,8dec3a401e604d54e2b3e0455fda017befe8d04e6d233bd35cf2fabdeb93fb0d,2026-07-22,256,97818707063,43.907,,
climb,10접시,7cdad52cb1d4be12f2a54d9c4fa9d455,2026-06-18,256,100976618003,45.324,73971,
climb,10접시,7cdad52cb1d4be12f2a54d9c4fa9d455,2026-06-19,256,100976618003,45.324,,
climb,10접시,7cdad52cb1d4be12f2a54d9c4fa9d455,2026-06-20,256,100976618003,45.324,,
climb,10접시,7cdad52cb1d4be12f2a54d9c4fa9d455,2026-06-21,256,100976618003,45.324,,
climb,10접시,7cdad52cb1d4be12f2a54d9c4fa9d455,2026-06-22,256,100976618003,45.324,,
climb,10접시,7cdad52cb1d4be12f2a54d9c4fa9d455,2026-06-23,256,100976618003,45.324,,
climb,10접시,7cdad52cb1d4be12f2a54d9c4fa9d455,2026-06-24,256,100976618003,45.324,,
climb,10접시,7cdad52cb1d4be12f2a54d9c4fa9d455,2026-06-25,256,100976618003,45.324,,
climb,10접시,7cdad52cb1d4be12f2a54d9c4fa9d455,2026-06-26,256,100976618003,45.324,73971,
climb,10접시,7cdad52cb1d4be12f2a54d9c4fa9d455,2026-06-27,256,100976618003,45.324,,
climb,10접시,7cdad52cb1d4be12f2a54d9c4fa9d455,2026-06-28,256,100976618003,45.324,,
climb,10접시,7cdad52cb1d4be12f2a54d9c4fa9d455,2026-06-29,256,100976618003,45.324,,
climb,10접시,7cdad52cb1d4be12f2a54d9c4fa9d455,2026-06-30,256,100976618003,45.324,,
climb,10접시,7cdad52cb1d4be12f2a54d9c4fa9d455,2026-07-01,256,100976618003,45.324,,
climb,10접시,7cdad52cb1d4be12f2a54d9c4fa9d455,2026-07-02,256,100976618003,45.324,,
climb,10접시,7cdad52cb1d4be12f2a54d9c4fa9d455,2026-07-03,256,100976618003,45.324,,
climb,10접시,7cdad52cb1d4be12f2a54d9c4fa9d455,2026-07-04,256,100976618003,45.324,73971,
climb,10접시,7cdad52cb1d4be12f2a54d9c4fa9d455,2026-07-05,256,100976618003,45.324,,
climb,10접시,7cdad52cb1d4be12f2a54d9c4fa9d455,2026-07-06,256,100976618003,45.324,,
climb,10접시,7cdad52cb1d4be12f2a54d9c4fa9d455,2026-07-07,256,100976618003,45.324,,
climb,10접시,7cdad52cb1d4be12f2a54d9c4fa9d455,2026-07-08,256,100976618003,45.324,,
climb,10접시,7cdad52cb1d4be12f2a54d9c4fa9d455,2026-07-09,256,100976618003,45.324,,
climb,10접시,7cdad52cb1d4be12f2a54d9c4fa9d455,2026-07-10,256,100976618003,45.324,,
climb,10접시,7cdad52cb1d4be12f2a54d9c4fa9d455,2026-07-11,256,100976618003,45.324,,
climb,10접시,7cdad52cb1d4be12f2a54d9c4fa9d455,2026-07-12,257,107437253114,46.820,52819,
climb,10접시,7cdad52cb1d4be12f2a54d9c4fa9d455,2026-07-13,257,107437253114,46.820,,
climb,10접시,7cdad52cb1d4be12f2a54d9c4fa9d455,2026-07-14,257,107437253114,46.820,,
climb,10접시,7cdad52cb1d4be12f2a54d9c4fa9d455,2026-07-15,257,107437253114,46.820,,
climb,10접시,7cdad52cb1d4be12f2a54d9c4fa9d455,2026-07-16,257,107437253114,46.820,,
climb,10접시,7cdad52cb1d4be12f2a54d9c4fa9d455,2026-07-17,257,107437253114,46.820,,
climb,10접시,7cdad52cb1d4be12f2a54d9c4fa9d455,2026-07-18,257,107437253114,46.820,,
climb,10접시,7cdad52cb1d4be12f2a54d9c4fa9d455,2026-07-19,257,107437253114,46.820,,
climb,10접시,7cdad52cb1d4be12f2a54d9c4fa9d455,2026-07-20,257,107437253114,46.820,52819,
climb,10접시,7cdad52cb1d4be12f2a54d9c4fa9d455,2026-07-21,257,107437253114,46.820,,
climb,10접시,7cdad52cb1d4be12f2a54d9c4fa9d455,2026-07-22,257,107437253114,46.820,,
climb,찌째훈,cb79ede2f712fb7aed10eac32171fbbb,2026-06-18,256,53056639939,23.815,6170230,
climb,찌째훈,cb79ede2f712fb7aed10eac32171fbbb,2026-06-19,256,53056639939,23.815,,
climb,찌째훈,cb79ede2f712fb7aed10eac32171fbbb,2026-06-20,256,53056639939,23.815,,
climb,찌째훈,cb79ede2f712fb7aed10eac32171fbbb,2026-06-21,256,53056639939,23.815,,
climb,찌째훈,cb79ede2f712fb7aed10eac32171fbbb,2026-06-22,256,53056639939,23.815,,
climb,찌째훈,cb79ede2f712fb7aed10eac32171fbbb,2026-06-23,256,53056639939,23.815,,
climb,찌째훈,cb79ede2f712fb7aed10eac32171fbbb,2026-06-24,256,53056639939,23.815,,
climb,찌째훈,cb79ede2f712fb7aed10eac32171fbbb,2026-06-25,256,53056639939,23.815,,
climb,찌째훈,cb79ede2f712fb7aed10eac32171fbbb,2026-06-26,256,53056639939,23.815,6170230,
climb,찌째훈,cb79ede2f712fb7aed10eac32171fbbb,2026-06-27,256,53056639939,23.815,,
climb,찌째훈,cb79ede2f712fb7aed10eac32171fbbb,2026-06-28,256,53056639939,23.815,,
climb,찌째훈,cb79ede2f712fb7aed10eac32171fbbb,2026-06-29,256,53056639939,23.815,,
climb,찌째훈,cb79ede2f712fb7aed10eac32171fbbb,2026-06-30,256,53056639939,23.815,,
climb,찌째훈,cb79ede2f712fb7aed10eac32171fbbb,2026-07-01,256,53056639939,23.815,,
climb,찌째훈,cb79ede2f712fb7aed10eac32171fbbb,2026-07-02,256,53056639939,23.815,,
climb,찌째훈,cb79ede2f712fb7aed10eac32171fbbb,2026-07-03,256,53056639939,23.815,,
climb,찌째훈,cb79ede2f712fb7aed10eac32171fbbb,2026-07-04,256,53056639939,23.815,6170230,
climb,찌째훈,cb79ede2f712fb7aed10eac32171fbbb,2026-07-05,256,53056639939,23.815,,
climb,찌째훈,cb79ede2f712fb7aed10eac32171fbbb,2026-07-06,256,53056639939,23.815,,
climb,찌째훈,cb79ede2f712fb7aed10eac32171fbbb,2026-07-07,256,53056639939,23.815,,
climb,찌째훈,cb79ede2f712fb7aed10eac32171fbbb,2026-07-08,256,53056639939,23.815,,
climb,찌째훈,cb79ede2f712fb7aed10eac32171fbbb,2026-07-09,256,53056639939,23.815,,
climb,찌째훈,cb79ede2f712fb7aed10eac32171fbbb,2026-07-10,256,53056639939,23.815,,
climb,찌째훈,cb79ede2f712fb7aed10eac32171fbbb,2026-07-11,256,53056639939,23.815,,
climb,찌째훈,cb79ede2f712fb7aed10eac32171fbbb,2026-07-12,256,53056639939,23.815,6170230,
climb,찌째훈,cb79ede2f712fb7aed10eac32171fbbb,2026-07-13,256,53056639939,23.815,,
climb,찌째훈,cb79ede2f712fb7aed10eac32171fbbb,2026-07-14,256,53056639939,23.815,,
climb,찌째훈,cb79ede2f712fb7aed10eac32171fbbb,2026-07-15,256,53056639939,23.815,,
climb,찌째훈,cb79ede2f712fb7aed10eac32171fbbb,2026-07-16,256,53056639939,23.815,,
climb,찌째훈,cb79ede2f712fb7aed10eac32171fbbb,2026-07-17,256,53056639939,23.815,,
climb,찌째훈,cb79ede2f712fb7aed10eac32171fbbb,2026-07-18,256,53056639939,23.815,,
climb,찌째훈,cb79ede2f712fb7aed10eac32171fbbb,2026-07-19,256,53056639939,23.815,,
climb,찌째훈,cb79ede2f712fb7aed10eac32171fbbb,2026-07-20,256,53056639939,23.815,6170230,
climb,찌째훈,cb79ede2f712fb7aed10eac32171fbbb,2026-07-21,256,53056639939,23.815,,
climb,찌째훈,cb79ede2f712fb7aed10eac32171fbbb,2026-07-22,256,53056639939,23.815,,
climb,Pururin,865173c6694a10e4498571ebd3027847,2026-06-18,256,145592221115,65.351,10809111,
climb,Pururin,865173c6694a10e4498571ebd3027847,2026-06-19,256,218869661099,98.242,,
climb,Pururin,865173c6694a10e4498571ebd3027847,2026-06-20,257,69361031594,30.227,,
climb,Pururin,865173c6694a10e4498571ebd3027847,2026-06-21,257,142638471578,62.160,,
climb,Pururin,865173c6694a10e4498571ebd3027847,2026-06-22,257,215915911562,94.093,,
climb,Pururin,865173c6694a10e4498571ebd3027847,2026-06-23,258,59723699973,25.269,,
climb,Pururin,865173c6694a10e4498571ebd3027847,2026-06-24,258,133001139957,56.272,,
climb,Pururin,865173c6694a10e4498571ebd3027847,2026-06-25,258,184726391711,78.157,,
climb,Pururin,865173c6694a10e4498571ebd3027847,2026-06-26,259,97902345,0.040,9747776,
climb,Pururin,865173c6694a10e4498571ebd3027847,2026-06-27,259,97902345,0.040,,
climb,Pururin,865173c6694a10e4498571ebd3027847,2026-06-28,259,51823154099,21.287,,
climb,Pururin,865173c6694a10e4498571ebd3027847,2026-06-29,259,102858487378,42.251,,
climb,Pururin,865173c6694a10e4498571ebd3027847,2026-06-30,259,150756821232,61.927,,
climb,Pururin,865173c6694a10e4498571ebd3027847,2026-07-01,259,198655155086,81.602,,
climb,Pururin,865173c6694a10e4498571ebd3027847,2026-07-02,260,6246135012,0.361,,
climb,Pururin,865173c6694a10e4498571ebd3027847,2026-07-03,260,6246135012,0.361,,
climb,Pururin,865173c6694a10e4498571ebd3027847,2026-07-04,260,6246135012,0.361,9518028,
climb,Pururin,865173c6694a10e4498571ebd3027847,2026-07-05,260,6246135012,0.361,,
climb,Pururin,865173c6694a10e4498571ebd3027847,2026-07-06,260,6246135012,0.361,,
climb,Pururin,865173c6694a10e4498571ebd3027847,2026-07-07,260,6246135012,0.361,,
climb,Pururin,865173c6694a10e4498571ebd3027847,2026-07-08,260,6246135012,0.361,,
climb,Pururin,865173c6694a10e4498571ebd3027847,2026-07-09,260,6246135012,0.361,,
climb,Pururin,865173c6694a10e4498571ebd3027847,2026-07-10,260,6246135012,0.361,,
climb,Pururin,865173c6694a10e4498571ebd3027847,2026-07-11,260,6246135012,0.361,,
climb,Pururin,865173c6694a10e4498571ebd3027847,2026-07-12,260,6246135012,0.361,9518028,
climb,Pururin,865173c6694a10e4498571ebd3027847,2026-07-13,260,6246135012,0.361,,
climb,Pururin,865173c6694a10e4498571ebd3027847,2026-07-14,260,6246135012,0.361,,
climb,Pururin,865173c6694a10e4498571ebd3027847,2026-07-15,260,6246135012,0.361,,
climb,Pururin,865173c6694a10e4498571ebd3027847,2026-07-16,260,6246135012,0.361,,
climb,Pururin,865173c6694a10e4498571ebd3027847,2026-07-17,260,6246135012,0.361,,
climb,Pururin,865173c6694a10e4498571ebd3027847,2026-07-18,260,6246135012,0.361,,
climb,Pururin,865173c6694a10e4498571ebd3027847,2026-07-19,260,6246135012,0.361,,
climb,Pururin,865173c6694a10e4498571ebd3027847,2026-07-20,260,6246135012,0.361,9518028,
climb,Pururin,865173c6694a10e4498571ebd3027847,2026-07-21,260,6246135012,0.361,,
climb,Pururin,865173c6694a10e4498571ebd3027847,2026-07-22,260,6246135012,0.361,,
climb,일렉옹,9b60a85137c2f44284697ed77742d8a2,2026-06-18,256,175643063187,78.839,1255535,
climb,일렉옹,9b60a85137c2f44284697ed77742d8a2,2026-06-19,257,21824244147,9.511,,
climb,일렉옹,9b60a85137c2f44284697ed77742d8a2,2026-06-20,257,90791494596,39.566,,
climb,일렉옹,9b60a85137c2f44284697ed77742d8a2,2026-06-21,257,159758745045,69.621,,
climb,일렉옹,9b60a85137c2f44284697ed77742d8a2,2026-06-22,257,228725995494,99.676,,
climb,일렉옹,9b60a85137c2f44284697ed77742d8a2,2026-06-23,258,68223594370,28.865,,
climb,일렉옹,9b60a85137c2f44284697ed77742d8a2,2026-06-24,258,137190844819,58.045,,
climb,일렉옹,9b60a85137c2f44284697ed77742d8a2,2026-06-25,258,164871825274,69.756,,
climb,일렉옹,9b60a85137c2f44284697ed77742d8a2,2026-06-26,258,210849992241,89.210,999564,
climb,일렉옹,9b60a85137c2f44284697ed77742d8a2,2026-06-27,259,20474418088,8.410,,
climb,일렉옹,9b60a85137c2f44284697ed77742d8a2,2026-06-28,259,75648218446,31.074,,
climb,일렉옹,9b60a85137c2f44284697ed77742d8a2,2026-06-29,259,130822018804,53.738,,
climb,일렉옹,9b60a85137c2f44284697ed77742d8a2,2026-06-30,259,185995819162,76.402,,
climb,일렉옹,9b60a85137c2f44284697ed77742d8a2,2026-07-01,259,241169619520,99.066,,
climb,일렉옹,9b60a85137c2f44284697ed77742d8a2,2026-07-02,260,19681889979,1.136,,
climb,일렉옹,9b60a85137c2f44284697ed77742d8a2,2026-07-03,260,41638513791,2.404,,
climb,일렉옹,9b60a85137c2f44284697ed77742d8a2,2026-07-04,260,41638513791,2.404,1167558,
climb,일렉옹,9b60a85137c2f44284697ed77742d8a2,2026-07-05,260,41638513791,2.404,,
climb,일렉옹,9b60a85137c2f44284697ed77742d8a2,2026-07-06,260,41638513791,2.404,,
climb,일렉옹,9b60a85137c2f44284697ed77742d8a2,2026-07-07,260,41638513791,2.404,,
climb,일렉옹,9b60a85137c2f44284697ed77742d8a2,2026-07-08,260,41638513791,2.404,,
climb,일렉옹,9b60a85137c2f44284697ed77742d8a2,2026-07-09,260,41638513791,2.404,,
climb,일렉옹,9b60a85137c2f44284697ed77742d8a2,2026-07-10,260,41638513791,2.404,,
climb,일렉옹,9b60a85137c2f44284697ed77742d8a2,2026-07-11,260,41638513791,2.404,,
climb,일렉옹,9b60a85137c2f44284697ed77742d8a2,2026-07-12,260,41638513791,2.404,1167558,
climb,일렉옹,9b60a85137c2f44284697ed77742d8a2,2026-07-13,260,41638513791,2.404,,
climb,일렉옹,9b60a85137c2f44284697ed77742d8a2,2026-07-14,260,41638513791,2.404,,
climb,일렉옹,9b60a85137c2f44284697ed77742d8a2,2026-07-15,260,41638513791,2.404,,
climb,일렉옹,9b60a85137c2f44284697ed77742d8a2,2026-07-16,260,41638513791,2.404,,
climb,일렉옹,9b60a85137c2f44284697ed77742d8a2,2026-07-17,260,41638513791,2.404,,
climb,일렉옹,9b60a85137c2f44284697ed77742d8a2,2026-07-18,260,41638513791,2.404,,
climb,일렉옹,9b60a85137c2f44284697ed77742d8a2,2026-07-19,260,41638513791,2.404,,
climb,일렉옹,9b60a85137c2f44284697ed77742d8a2,2026-07-20,260,41638513791,2.404,1167558,
climb,일렉옹,9b60a85137c2f44284697ed77742d8a2,2026-07-21,260,41638513791,2.404,,
climb,일렉옹,9b60a85137c2f44284697ed77742d8a2,2026-07-22,260,41638513791,2.404,,
climb,병재욤,df04a92f3f23f465bae7e6941a0d1fe5efe8d04e6d233bd35cf2fabdeb93fb0d,2026-06-18,256,36287865814,16.288,301030,
climb,병재욤,df04a92f3f23f465bae7e6941a0d1fe5efe8d04e6d233bd35cf2fabdeb93fb0d,2026-06-19,256,36287865814,16.288,,
climb,병재욤,df04a92f3f23f465bae7e6941a0d1fe5efe8d04e6d233bd35cf2fabdeb93fb0d,2026-06-20,256,36287865814,16.288,,
climb,병재욤,df04a92f3f23f465bae7e6941a0d1fe5efe8d04e6d233bd35cf2fabdeb93fb0d,2026-06-21,256,36287865814,16.288,,
climb,병재욤,df04a92f3f23f465bae7e6941a0d1fe5efe8d04e6d233bd35cf2fabdeb93fb0d,2026-06-22,256,36287865814,16.288,,
climb,병재욤,df04a92f3f23f465bae7e6941a0d1fe5efe8d04e6d233bd35cf2fabdeb93fb0d,2026-06-23,256,36287865814,16.288,,
climb,병재욤,df04a92f3f23f465bae7e6941a0d1fe5efe8d04e6d233bd35cf2fabdeb93fb0d,2026-06-24,256,36287865814,16.288,,
climb,병재욤,df04a92f3f23f465bae7e6941a0d1fe5efe8d04e6d233bd35cf2fabdeb93fb0d,2026-06-25,256,36287865814,16.288,,
climb,병재욤,df04a92f3f23f465bae7e6941a0d1fe5efe8d04e6d233bd35cf2fabdeb93fb0d,2026-06-26,256,36287865814,16.288,301030,
climb,병재욤,df04a92f3f23f465bae7e6941a0d1fe5efe8d04e6d233bd35cf2fabdeb93fb0d,2026-06-27,256,36287865814,16.288,,
climb,병재욤,df04a92f3f23f465bae7e6941a0d1fe5efe8d04e6d233bd35cf2fabdeb93fb0d,2026-06-28,256,36287865814,16.288,,
climb,병재욤,df04a92f3f23f465bae7e6941a0d1fe5efe8d04e6d233bd35cf2fabdeb93fb0d,2026-06-29,256,36287865814,16.288,,
climb,병재욤,df04a92f3f23f465bae7e6941a0d1fe5efe8d04e6d233bd35cf2fabdeb93fb0d,2026-06-30,256,36287865814,16.288,,
climb,병재욤,df04a92f3f23f465bae7e6941a0d1fe5efe8d04e6d233bd35cf2fabdeb93fb0d,2026-07-01,256,36287865814,16.288,,
climb,병재욤,df04a92f3f23f465bae7e6941a0d1fe5efe8d04e6d233bd35cf2fabdeb93fb0d,2026-07-02,256,36287865814,16.288,,
climb,병재욤,df04a92f3f23f465bae7e6941a0d1fe5efe8d04e6d233bd35cf2fabdeb93fb0d,2026-07-03,256,36287865814,16.288,,
climb,병재욤,df04a92f3f23f465bae7e6941a0d1fe5efe8d04e6d233bd35cf2fabdeb93fb0d,2026-07-04,256,36287865814,16.288,301030,
climb,병재욤,df04a92f3f23f465bae7e6941a0d1fe5efe8d04e6d233bd35cf2fabdeb93fb0d,2026-07-05,256,36287865814,16.288,,
climb,병재욤,df04a92f3f23f465bae7e6941a0d1fe5efe8d04e6d233bd35cf2fabdeb93fb0d,2026-07-06,256,36287865814,16.288,,
climb,병재욤,df04a92f3f23f465bae7e6941a0d1fe5efe8d04e6d233bd35cf2fabdeb93fb0d,2026-07-07,256,36287865814,16.288,,
climb,병재욤,df04a92f3f23f465bae7e6941a0d1fe5efe8d04e6d233bd35cf2fabdeb93fb0d,2026-07-08,256,36287865814,16.288,,
climb,병재욤,df04a92f3f23f465bae7e6941a0d1fe5efe8d04e6d233bd35cf2fabdeb93fb0d,2026-07-09,256,36287865814,16.288,,
climb,병재욤,df04a92f3f23f465bae7e6941a0d1fe5efe8d04e6d233bd35cf2fabdeb93fb0d,2026-07-10,256,36287865814,16.288,,
climb,병재욤,df04a92f3f23f465bae7e6941a0d1fe5efe8d04e6d233bd35cf2fabdeb93fb0d,2026-07-11,256,36287865814,16.288,,
climb,병재욤,df04a92f3f23f465bae7e6941a0d1fe5efe8d04e6d233bd35cf2fabdeb93fb0d,2026-07-12,256,36287865814,16.288,301030,
climb,병재욤,df04a92f3f23f465bae7e6941a0d1fe5efe8d04e6d233bd35cf2fabdeb93fb0d,2026-07-13,256,36287865814,16.288,,
climb,병재욤,df04a92f3f23f465bae7e6941a0d1fe5efe8d04e6d233bd35cf2fabdeb93fb0d,2026-07-14,256,36287865814,16.288,,
climb,병재욤,df04a92f3f23f465bae7e6941a0d1fe5efe8d04e6d233bd35cf2fabdeb93fb0d,2026-07-15,256,36287865814,16.288,,
climb,병재욤,df04a92f3f23f465bae7e6941a0d1fe5efe8d04e6d233bd35cf2fabdeb93fb0d,2026-07-16,256,36287865814,16.288,,
climb,병재욤,df04a92f3f23f465bae7e6941a0d1fe5efe8d04e6d233bd35cf2fabdeb93fb0d,2026-07-17,256,36287865814,16.288,,
climb,병재욤,df04a92f3f23f465bae7e6941a0d1fe5efe8d04e6d233bd35cf2fabdeb93fb0d,2026-07-18,256,36287865814,16.288,,
climb,병재욤,df04a92f3f23f465bae7e6941a0d1fe5efe8d04e6d233bd35cf2fabdeb93fb0d,2026-07-19,256,36287865814,16.288,,
climb,병재욤,df04a92f3f23f465bae7e6941a0d1fe5efe8d04e6d233bd35cf2fabdeb93fb0d,2026-07-20,256,36287865814,16.288,301030,
climb,병재욤,df04a92f3f23f465bae7e6941a0d1fe5efe8d04e6d233bd35cf2fabdeb93fb0d,2026-07-21,256,36287865814,16.288,,
climb,병재욤,df04a92f3f23f465bae7e6941a0d1fe5efe8d04e6d233bd35cf2fabdeb93fb0d,2026-07-22,256,36287865814,16.288,,
climb,그러할때,b69abd490e3a34a6110016fd401bbab8efe8d04e6d233bd35cf2fabdeb93fb0d,2026-06-18,256,164203687852,73.705,7269536,
climb,그러할때,b69abd490e3a34a6110016fd401bbab8efe8d04e6d233bd35cf2fabdeb93fb0d,2026-06-19,257,22223316012,9.685,,
climb,그러할때,b69abd490e3a34a6110016fd401bbab8efe8d04e6d233bd35cf2fabdeb93fb0d,2026-06-20,257,102914143009,44.849,,
climb,그러할때,b69abd490e3a34a6110016fd401bbab8efe8d04e6d233bd35cf2fabdeb93fb0d,2026-06-21,257,177773078864,77.471,,
climb,그러할때,b69abd490e3a34a6110016fd401bbab8efe8d04e6d233bd35cf2fabdeb93fb0d,2026-06-22,258,29516129864,12.488,,
climb,그러할때,b69abd490e3a34a6110016fd401bbab8efe8d04e6d233bd35cf2fabdeb93fb0d,2026-06-23,258,29516129864,12.488,,
climb,그러할때,b69abd490e3a34a6110016fd401bbab8efe8d04e6d233bd35cf2fabdeb93fb0d,2026-06-24,258,110515532368,46.759,,
climb,그러할때,b69abd490e3a34a6110016fd401bbab8efe8d04e6d233bd35cf2fabdeb93fb0d,2026-06-25,258,168171919639,71.153,,
climb,그러할때,b69abd490e3a34a6110016fd401bbab8efe8d04e6d233bd35cf2fabdeb93fb0d,2026-06-26,258,226261184586,95.730,5030212,
climb,그러할때,b69abd490e3a34a6110016fd401bbab8efe8d04e6d233bd35cf2fabdeb93fb0d,2026-06-27,258,226261184586,95.730,,
climb,그러할때,b69abd490e3a34a6110016fd401bbab8efe8d04e6d233bd35cf2fabdeb93fb0d,2026-06-28,259,47720457546,19.602,,
climb,그러할때,b69abd490e3a34a6110016fd401bbab8efe8d04e6d233bd35cf2fabdeb93fb0d,2026-06-29,259,105578637205,43.369,,
climb,그러할때,b69abd490e3a34a6110016fd401bbab8efe8d04e6d233bd35cf2fabdeb93fb0d,2026-06-30,259,163294924591,67.077,,
climb,그러할때,b69abd490e3a34a6110016fd401bbab8efe8d04e6d233bd35cf2fabdeb93fb0d,2026-07-01,259,220811710534,90.703,,
climb,그러할때,b69abd490e3a34a6110016fd401bbab8efe8d04e6d233bd35cf2fabdeb93fb0d,2026-07-02,259,220811710534,90.703,,
climb,그러할때,b69abd490e3a34a6110016fd401bbab8efe8d04e6d233bd35cf2fabdeb93fb0d,2026-07-03,260,34943238239,2.018,,
climb,그러할때,b69abd490e3a34a6110016fd401bbab8efe8d04e6d233bd35cf2fabdeb93fb0d,2026-07-04,260,92318753133,5.330,5228510,
climb,그러할때,b69abd490e3a34a6110016fd401bbab8efe8d04e6d233bd35cf2fabdeb93fb0d,2026-07-05,260,150091933815,8.666,,
climb,그러할때,b69abd490e3a34a6110016fd401bbab8efe8d04e6d233bd35cf2fabdeb93fb0d,2026-07-06,260,208417037377,12.034,,
climb,그러할때,b69abd490e3a34a6110016fd401bbab8efe8d04e6d233bd35cf2fabdeb93fb0d,2026-07-07,260,265997339192,15.359,,
climb,그러할때,b69abd490e3a34a6110016fd401bbab8efe8d04e6d233bd35cf2fabdeb93fb0d,2026-07-08,260,323849849502,18.699,,
climb,그러할때,b69abd490e3a34a6110016fd401bbab8efe8d04e6d233bd35cf2fabdeb93fb0d,2026-07-09,260,381492369927,22.027,,
climb,그러할때,b69abd490e3a34a6110016fd401bbab8efe8d04e6d233bd35cf2fabdeb93fb0d,2026-07-10,260,437618677969,25.268,,
climb,그러할때,b69abd490e3a34a6110016fd401bbab8efe8d04e6d233bd35cf2fabdeb93fb0d,2026-07-11,260,494635035086,28.560,,
climb,그러할때,b69abd490e3a34a6110016fd401bbab8efe8d04e6d233bd35cf2fabdeb93fb0d,2026-07-12,260,551959574641,31.870,5569503,
climb,그러할때,b69abd490e3a34a6110016fd401bbab8efe8d04e6d233bd35cf2fabdeb93fb0d,2026-07-13,260,609026548927,35.165,,
climb,그러할때,b69abd490e3a34a6110016fd401bbab8efe8d04e6d233bd35cf2fabdeb93fb0d,2026-07-14,260,668133061058,38.578,,
climb,그러할때,b69abd490e3a34a6110016fd401bbab8efe8d04e6d233bd35cf2fabdeb93fb0d,2026-07-15,260,668141411058,38.578,,
climb,그러할때,b69abd490e3a34a6110016fd401bbab8efe8d04e6d233bd35cf2fabdeb93fb0d,2026-07-16,260,668141411058,38.578,,
climb,그러할때,b69abd490e3a34a6110016fd401bbab8efe8d04e6d233bd35cf2fabdeb93fb0d,2026-07-17,260,668141411058,38.578,,
climb,그러할때,b69abd490e3a34a6110016fd401bbab8efe8d04e6d233bd35cf2fabdeb93fb0d,2026-07-18,260,668141411058,38.578,,
climb,그러할때,b69abd490e3a34a6110016fd401bbab8efe8d04e6d233bd35cf2fabdeb93fb0d,2026-07-19,260,725098342778,41.867,,
climb,그러할때,b69abd490e3a34a6110016fd401bbab8efe8d04e6d233bd35cf2fabdeb93fb0d,2026-07-20,260,782610847180,45.187,1572913,
climb,그러할때,b69abd490e3a34a6110016fd401bbab8efe8d04e6d233bd35cf2fabdeb93fb0d,2026-07-21,260,782655309397,45.190,,
climb,그러할때,b69abd490e3a34a6110016fd401bbab8efe8d04e6d233bd35cf2fabdeb93fb0d,2026-07-22,260,782655309397,45.190,,
climb,두불2,9bdb9dbd303c0d710a0d1d2e198c3dd9,2026-06-18,256,71007707144,31.873,5074452,
climb,두불2,9bdb9dbd303c0d710a0d1d2e198c3dd9,2026-06-19,256,71007707144,31.873,,
climb,두불2,9bdb9dbd303c0d710a0d1d2e198c3dd9,2026-06-20,256,71007707144,31.873,,
climb,두불2,9bdb9dbd303c0d710a0d1d2e198c3dd9,2026-06-21,256,71007707144,31.873,,
climb,두불2,9bdb9dbd303c0d710a0d1d2e198c3dd9,2026-06-22,256,71007707144,31.873,,
climb,두불2,9bdb9dbd303c0d710a0d1d2e198c3dd9,2026-06-23,256,71007707144,31.873,,
climb,두불2,9bdb9dbd303c0d710a0d1d2e198c3dd9,2026-06-24,256,71007707144,31.873,,
climb,두불2,9bdb9dbd303c0d710a0d1d2e198c3dd9,2026-06-25,256,71007707144,31.873,,
climb,두불2,9bdb9dbd303c0d710a0d1d2e198c3dd9,2026-06-26,256,71007707144,31.873,5074452,
climb,두불2,9bdb9dbd303c0d710a0d1d2e198c3dd9,2026-06-27,256,71007707144,31.873,,
climb,두불2,9bdb9dbd303c0d710a0d1d2e198c3dd9,2026-06-28,256,71007707144,31.873,,
climb,두불2,9bdb9dbd303c0d710a0d1d2e198c3dd9,2026-06-29,256,71007707144,31.873,,
climb,두불2,9bdb9dbd303c0d710a0d1d2e198c3dd9,2026-06-30,256,71007707144,31.873,,
climb,두불2,9bdb9dbd303c0d710a0d1d2e198c3dd9,2026-07-01,256,71007707144,31.873,,
climb,두불2,9bdb9dbd303c0d710a0d1d2e198c3dd9,2026-07-02,256,71007707144,31.873,,
climb,두불2,9bdb9dbd303c0d710a0d1d2e198c3dd9,2026-07-03,256,71007707144,31.873,,
climb,두불2,9bdb9dbd303c0d710a0d1d2e198c3dd9,2026-07-04,256,71007707144,31.873,5074452,
climb,두불2,9bdb9dbd303c0d710a0d1d2e198c3dd9,2026-07-05,256,71007707144,31.873,,
climb,두불2,9bdb9dbd303c0d710a0d1d2e198c3dd9,2026-07-06,256,71007707144,31.873,,
climb,두불2,9bdb9dbd303c0d710a0d1d2e198c3dd9,2026-07-07,256,71007707144,31.873,,
climb,두불2,9bdb9dbd303c0d710a0d1d2e198c3dd9,2026-07-08,256,71007707144,31.873,,
climb,두불2,9bdb9dbd303c0d710a0d1d2e198c3dd9,2026-07-09,256,71007707144,31.873,,
climb,두불2,9bdb9dbd303c0d710a0d1d2e198c3dd9,2026-07-10,256,71007707144,31.873,,
climb,두불2,9bdb9dbd303c0d710a0d1d2e198c3dd9,2026-07-11,256,71007707144,31.873,,
climb,두불2,9bdb9dbd303c0d710a0d1d2e198c3dd9,2026-07-12,256,71007707144,31.873,3702167,
climb,두불2,9bdb9dbd303c0d710a0d1d2e198c3dd9,2026-07-13,256,71007707144,31.873,,
climb,두불2,9bdb9dbd303c0d710a0d1d2e198c3dd9,2026-07-14,256,71007707144,31.873,,
climb,두불2,9bdb9dbd303c0d710a0d1d2e198c3dd9,2026-07-15,256,71007707144,31.873,,
climb,두불2,9bdb9dbd303c0d710a0d1d2e198c3dd9,2026-07-16,256,71007707144,31.873,,
climb,두불2,9bdb9dbd303c0d710a0d1d2e198c3dd9,2026-07-17,256,71007707144,31.873,,
climb,두불2,9bdb9dbd303c0d710a0d1d2e198c3dd9,2026-07-18,256,71007707144,31.873,,
climb,두불2,9bdb9dbd303c0d710a0d1d2e198c3dd9,2026-07-19,256,71007707144,31.873,,
climb,두불2,9bdb9dbd303c0d710a0d1d2e198c3dd9,2026-07-20,256,71007707144,31.873,3702167,
climb,두불2,9bdb9dbd303c0d710a0d1d2e198c3dd9,2026-07-21,256,71007707144,31.873,,
climb,두불2,9bdb9dbd303c0d710a0d1d2e198c3dd9,2026-07-22,256,71007707144,31.873,,
climb,아로와마루,8dd48d6f409dbbc6bf544c64d9bbf521efe8d04e6d233bd35cf2fabdeb93fb0d,2026-06-18,256,95804926688,43.003,3262281,
climb,아로와마루,8dd48d6f409dbbc6bf544c64d9bbf521efe8d04e6d233bd35cf2fabdeb93fb0d,2026-06-19,256,95804926688,43.003,,
climb,아로와마루,8dd48d6f409dbbc6bf544c64d9bbf521efe8d04e6d233bd35cf2fabdeb93fb0d,2026-06-20,256,95804926688,43.003,,
climb,아로와마루,8dd48d6f409dbbc6bf544c64d9bbf521efe8d04e6d233bd35cf2fabdeb93fb0d,2026-06-21,256,95804926688,43.003,,
climb,아로와마루,8dd48d6f409dbbc6bf544c64d9bbf521efe8d04e6d233bd35cf2fabdeb93fb0d,2026-06-22,256,123485907143,55.428,,
climb,아로와마루,8dd48d6f409dbbc6bf544c64d9bbf521efe8d04e6d233bd35cf2fabdeb93fb0d,2026-06-23,256,151166887598,67.853,,
climb,아로와마루,8dd48d6f409dbbc6bf544c64d9bbf521efe8d04e6d233bd35cf2fabdeb93fb0d,2026-06-24,256,178847868053,80.278,,
climb,아로와마루,8dd48d6f409dbbc6bf544c64d9bbf521efe8d04e6d233bd35cf2fabdeb93fb0d,2026-06-25,256,206528848508,92.703,,
climb,아로와마루,8dd48d6f409dbbc6bf544c64d9bbf521efe8d04e6d233bd35cf2fabdeb93fb0d,2026-06-26,256,206528848508,92.703,2706109,
climb,아로와마루,8dd48d6f409dbbc6bf544c64d9bbf521efe8d04e6d233bd35cf2fabdeb93fb0d,2026-06-27,257,18449606707,8.040,,
climb,아로와마루,8dd48d6f409dbbc6bf544c64d9bbf521efe8d04e6d233bd35cf2fabdeb93fb0d,2026-06-28,257,58364884920,25.435,,
climb,아로와마루,8dd48d6f409dbbc6bf544c64d9bbf521efe8d04e6d233bd35cf2fabdeb93fb0d,2026-06-29,257,86045865375,37.498,,
climb,아로와마루,8dd48d6f409dbbc6bf544c64d9bbf521efe8d04e6d233bd35cf2fabdeb93fb0d,2026-06-30,257,113726845830,49.561,,
climb,아로와마루,8dd48d6f409dbbc6bf544c64d9bbf521efe8d04e6d233bd35cf2fabdeb93fb0d,2026-07-01,257,141407826285,61.624,,
climb,아로와마루,8dd48d6f409dbbc6bf544c64d9bbf521efe8d04e6d233bd35cf2fabdeb93fb0d,2026-07-02,257,169088806740,73.687,,
climb,아로와마루,8dd48d6f409dbbc6bf544c64d9bbf521efe8d04e6d233bd35cf2fabdeb93fb0d,2026-07-03,257,196769787195,85.750,,
climb,아로와마루,8dd48d6f409dbbc6bf544c64d9bbf521efe8d04e6d233bd35cf2fabdeb93fb0d,2026-07-04,258,10533673477,4.457,2547139,
climb,아로와마루,8dd48d6f409dbbc6bf544c64d9bbf521efe8d04e6d233bd35cf2fabdeb93fb0d,2026-07-05,258,38214653932,16.168,,
climb,아로와마루,8dd48d6f409dbbc6bf544c64d9bbf521efe8d04e6d233bd35cf2fabdeb93fb0d,2026-07-06,258,65895634387,27.880,,
climb,아로와마루,8dd48d6f409dbbc6bf544c64d9bbf521efe8d04e6d233bd35cf2fabdeb93fb0d,2026-07-07,258,93576614842,39.592,,
climb,아로와마루,8dd48d6f409dbbc6bf544c64d9bbf521efe8d04e6d233bd35cf2fabdeb93fb0d,2026-07-08,258,121257595297,51.303,,
climb,아로와마루,8dd48d6f409dbbc6bf544c64d9bbf521efe8d04e6d233bd35cf2fabdeb93fb0d,2026-07-09,258,121257595297,51.303,,
climb,아로와마루,8dd48d6f409dbbc6bf544c64d9bbf521efe8d04e6d233bd35cf2fabdeb93fb0d,2026-07-10,258,121257595297,51.303,,
climb,아로와마루,8dd48d6f409dbbc6bf544c64d9bbf521efe8d04e6d233bd35cf2fabdeb93fb0d,2026-07-11,258,121257595297,51.303,,
climb,아로와마루,8dd48d6f409dbbc6bf544c64d9bbf521efe8d04e6d233bd35cf2fabdeb93fb0d,2026-07-12,258,121257595297,51.303,2221626,
climb,아로와마루,8dd48d6f409dbbc6bf544c64d9bbf521efe8d04e6d233bd35cf2fabdeb93fb0d,2026-07-13,258,121257595297,51.303,,
climb,아로와마루,8dd48d6f409dbbc6bf544c64d9bbf521efe8d04e6d233bd35cf2fabdeb93fb0d,2026-07-14,258,121257595297,51.303,,
climb,아로와마루,8dd48d6f409dbbc6bf544c64d9bbf521efe8d04e6d233bd35cf2fabdeb93fb0d,2026-07-15,258,121257595297,51.303,,
climb,아로와마루,8dd48d6f409dbbc6bf544c64d9bbf521efe8d04e6d233bd35cf2fabdeb93fb0d,2026-07-16,258,121257595297,51.303,,
climb,아로와마루,8dd48d6f409dbbc6bf544c64d9bbf521efe8d04e6d233bd35cf2fabdeb93fb0d,2026-07-17,258,121257595297,51.303,,
climb,아로와마루,8dd48d6f409dbbc6bf544c64d9bbf521efe8d04e6d233bd35cf2fabdeb93fb0d,2026-07-18,258,121257595297,51.303,,
climb,아로와마루,8dd48d6f409dbbc6bf544c64d9bbf521efe8d04e6d233bd35cf2fabdeb93fb0d,2026-07-19,258,121257595297,51.303,,
climb,아로와마루,8dd48d6f409dbbc6bf544c64d9bbf521efe8d04e6d233bd35cf2fabdeb93fb0d,2026-07-20,258,121257595297,51.303,2221626,
climb,아로와마루,8dd48d6f409dbbc6bf544c64d9bbf521efe8d04e6d233bd35cf2fabdeb93fb0d,2026-07-21,258,121257595297,51.303,,
climb,아로와마루,8dd48d6f409dbbc6bf544c64d9bbf521efe8d04e6d233bd35cf2fabdeb93fb0d,2026-07-22,258,121257595297,51.303,,
climb,영도목장,770d499316e1306b2dea46a622ef177b,2026-06-18,256,39441029037,17.704,1175937,
climb,영도목장,770d499316e1306b2dea46a622ef177b,2026-06-19,256,39441029037,17.704,,
climb,영도목장,770d499316e1306b2dea46a622ef177b,2026-06-20,256,39441029037,17.704,,
climb,영도목장,770d499316e1306b2dea46a622ef177b,2026-06-21,256,39441029037,17.704,,
climb,영도목장,770d499316e1306b2dea46a622ef177b,2026-06-22,256,39441029037,17.704,,
climb,영도목장,770d499316e1306b2dea46a622ef177b,2026-06-23,256,39441029037,17.704,,
climb,영도목장,770d499316e1306b2dea46a622ef177b,2026-06-24,256,39441029037,17.704,,
climb,영도목장,770d499316e1306b2dea46a622ef177b,2026-06-25,256,39441029037,17.704,,
climb,영도목장,770d499316e1306b2dea46a622ef177b,2026-06-26,256,39441029037,17.704,1175937,
climb,영도목장,770d499316e1306b2dea46a622ef177b,2026-06-27,256,39441029037,17.704,,
climb,영도목장,770d499316e1306b2dea46a622ef177b,2026-06-28,256,39441029037,17.704,,
climb,영도목장,770d499316e1306b2dea46a622ef177b,2026-06-29,256,39441029037,17.704,,
climb,영도목장,770d499316e1306b2dea46a622ef177b,2026-06-30,256,39441029037,17.704,,
climb,영도목장,770d499316e1306b2dea46a622ef177b,2026-07-01,256,39441029037,17.704,,
climb,영도목장,770d499316e1306b2dea46a622ef177b,2026-07-02,256,39441029037,17.704,,
climb,영도목장,770d499316e1306b2dea46a622ef177b,2026-07-03,256,39441029037,17.704,,
climb,영도목장,770d499316e1306b2dea46a622ef177b,2026-07-04,256,39441029037,17.704,1175937,
climb,영도목장,770d499316e1306b2dea46a622ef177b,2026-07-05,256,39441029037,17.704,,
climb,영도목장,770d499316e1306b2dea46a622ef177b,2026-07-06,256,39441029037,17.704,,
climb,영도목장,770d499316e1306b2dea46a622ef177b,2026-07-07,256,39441029037,17.704,,
climb,영도목장,770d499316e1306b2dea46a622ef177b,2026-07-08,256,39441029037,17.704,,
climb,영도목장,770d499316e1306b2dea46a622ef177b,2026-07-09,256,39441029037,17.704,,
climb,영도목장,770d499316e1306b2dea46a622ef177b,2026-07-10,256,39441029037,17.704,,
climb,영도목장,770d499316e1306b2dea46a622ef177b,2026-07-11,256,39441029037,17.704,,
climb,영도목장,770d499316e1306b2dea46a622ef177b,2026-07-12,256,39441029037,17.704,1175937,
climb,영도목장,770d499316e1306b2dea46a622ef177b,2026-07-13,256,39441029037,17.704,,
climb,영도목장,770d499316e1306b2dea46a622ef177b,2026-07-14,256,39441029037,17.704,,
climb,영도목장,770d499316e1306b2dea46a622ef177b,2026-07-15,256,39441029037,17.704,,
climb,영도목장,770d499316e1306b2dea46a622ef177b,2026-07-16,256,39441029037,17.704,,
climb,영도목장,770d499316e1306b2dea46a622ef177b,2026-07-17,256,39441029037,17.704,,
climb,영도목장,770d499316e1306b2dea46a622ef177b,2026-07-18,256,39441029037,17.704,,
climb,영도목장,770d499316e1306b2dea46a622ef177b,2026-07-19,256,39441029037,17.704,,
climb,영도목장,770d499316e1306b2dea46a622ef177b,2026-07-20,256,39441029037,17.704,1175937,
climb,영도목장,770d499316e1306b2dea46a622ef177b,2026-07-21,256,39441029037,17.704,,
climb,영도목장,770d499316e1306b2dea46a622ef177b,2026-07-22,256,39441029037,17.704,,
climb,보물수호자,14ecef4e80ac828a81232a18f681f5b4,2026-06-18,256,56612653865,25.411,990936,
climb,보물수호자,14ecef4e80ac828a81232a18f681f5b4,2026-06-19,256,56612653865,25.411,,
climb,보물수호자,14ecef4e80ac828a81232a18f681f5b4,2026-06-20,256,56612653865,25.411,,
climb,보물수호자,14ecef4e80ac828a81232a18f681f5b4,2026-06-21,256,56612653865,25.411,,
climb,보물수호자,14ecef4e80ac828a81232a18f681f5b4,2026-06-22,256,125579904314,56.368,,
climb,보물수호자,14ecef4e80ac828a81232a18f681f5b4,2026-06-23,256,125579904314,56.368,,
climb,보물수호자,14ecef4e80ac828a81232a18f681f5b4,2026-06-24,256,125579904314,56.368,,
climb,보물수호자,14ecef4e80ac828a81232a18f681f5b4,2026-06-25,256,125579904314,56.368,,
climb,보물수호자,14ecef4e80ac828a81232a18f681f5b4,2026-06-26,256,125579904314,56.368,941081,
climb,보물수호자,14ecef4e80ac828a81232a18f681f5b4,2026-06-27,256,125579904314,56.368,,
climb,보물수호자,14ecef4e80ac828a81232a18f681f5b4,2026-06-28,256,125579904314,56.368,,
climb,보물수호자,14ecef4e80ac828a81232a18f681f5b4,2026-06-29,256,125579904314,56.368,,
climb,보물수호자,14ecef4e80ac828a81232a18f681f5b4,2026-06-30,256,125579904314,56.368,,
climb,보물수호자,14ecef4e80ac828a81232a18f681f5b4,2026-07-01,256,125579904314,56.368,,
climb,보물수호자,14ecef4e80ac828a81232a18f681f5b4,2026-07-02,256,125579904314,56.368,,
climb,보물수호자,14ecef4e80ac828a81232a18f681f5b4,2026-07-03,256,125579904314,56.368,,
climb,보물수호자,14ecef4e80ac828a81232a18f681f5b4,2026-07-04,256,125579904314,56.368,941081,
climb,보물수호자,14ecef4e80ac828a81232a18f681f5b4,2026-07-05,256,125579904314,56.368,,
climb,보물수호자,14ecef4e80ac828a81232a18f681f5b4,2026-07-06,256,125579904314,56.368,,
climb,보물수호자,14ecef4e80ac828a81232a18f681f5b4,2026-07-07,256,125579904314,56.368,,
climb,보물수호자,14ecef4e80ac828a81232a18f681f5b4,2026-07-08,256,125579904314,56.368,,
climb,보물수호자,14ecef4e80ac828a81232a18f681f5b4,2026-07-09,256,125579904314,56.368,,
climb,보물수호자,14ecef4e80ac828a81232a18f681f5b4,2026-07-10,256,125579904314,56.368,,
climb,보물수호자,14ecef4e80ac828a81232a18f681f5b4,2026-07-11,256,125579904314,56.368,,
climb,보물수호자,14ecef4e80ac828a81232a18f681f5b4,2026-07-12,256,125579904314,56.368,941081,
climb,보물수호자,14ecef4e80ac828a81232a18f681f5b4,2026-07-13,256,125579904314,56.368,,
climb,보물수호자,14ecef4e80ac828a81232a18f681f5b4,2026-07-14,256,125579904314,56.368,,
climb,보물수호자,14ecef4e80ac828a81232a18f681f5b4,2026-07-15,256,125579904314,56.368,,
climb,보물수호자,14ecef4e80ac828a81232a18f681f5b4,2026-07-16,256,125579904314,56.368,,
climb,보물수호자,14ecef4e80ac828a81232a18f681f5b4,2026-07-17,256,125579904314,56.368,,
climb,보물수호자,14ecef4e80ac828a81232a18f681f5b4,2026-07-18,256,125579904314,56.368,,
climb,보물수호자,14ecef4e80ac828a81232a18f681f5b4,2026-07-19,256,125579904314,56.368,,
climb,보물수호자,14ecef4e80ac828a81232a18f681f5b4,2026-07-20,256,125579904314,56.368,941081,
climb,보물수호자,14ecef4e80ac828a81232a18f681f5b4,2026-07-21,256,125579904314,56.368,,
climb,보물수호자,14ecef4e80ac828a81232a18f681f5b4,2026-07-22,256,125579904314,56.368,,
climb,유니언14754,3ed5be017ba88cbb2f3d1524988ae121,2026-06-18,256,45502661171,20.424,1617400,
climb,유니언14754,3ed5be017ba88cbb2f3d1524988ae121,2026-06-19,256,45502661171,20.424,,
climb,유니언14754,3ed5be017ba88cbb2f3d1524988ae121,2026-06-20,256,45502661171,20.424,,
climb,유니언14754,3ed5be017ba88cbb2f3d1524988ae121,2026-06-21,256,45502661171,20.424,,
climb,유니언14754,3ed5be017ba88cbb2f3d1524988ae121,2026-06-22,256,45502661171,20.424,,
climb,유니언14754,3ed5be017ba88cbb2f3d1524988ae121,2026-06-23,256,45502661171,20.424,,
climb,유니언14754,3ed5be017ba88cbb2f3d1524988ae121,2026-06-24,256,45502661171,20.424,,
climb,유니언14754,3ed5be017ba88cbb2f3d1524988ae121,2026-06-25,256,45536541171,20.440,,
climb,유니언14754,3ed5be017ba88cbb2f3d1524988ae121,2026-06-26,256,45536541171,20.440,1717243,
climb,유니언14754,3ed5be017ba88cbb2f3d1524988ae121,2026-06-27,256,45536541171,20.440,,
climb,유니언14754,3ed5be017ba88cbb2f3d1524988ae121,2026-06-28,256,45536541171,20.440,,
climb,유니언14754,3ed5be017ba88cbb2f3d1524988ae121,2026-06-29,256,45536541171,20.440,,
climb,유니언14754,3ed5be017ba88cbb2f3d1524988ae121,2026-06-30,256,45536541171,20.440,,
climb,유니언14754,3ed5be017ba88cbb2f3d1524988ae121,2026-07-01,256,45536541171,20.440,,
climb,유니언14754,3ed5be017ba88cbb2f3d1524988ae121,2026-07-02,256,45536541171,20.440,,
climb,유니언14754,3ed5be017ba88cbb2f3d1524988ae121,2026-07-03,256,45536541171,20.440,,
climb,유니언14754,3ed5be017ba88cbb2f3d1524988ae121,2026-07-04,256,45536541171,20.440,1717243,
climb,유니언14754,3ed5be017ba88cbb2f3d1524988ae121,2026-07-05,256,45536541171,20.440,,
climb,유니언14754,3ed5be017ba88cbb2f3d1524988ae121,2026-07-06,256,45536541171,20.440,,
climb,유니언14754,3ed5be017ba88cbb2f3d1524988ae121,2026-07-07,256,45536541171,20.440,,
climb,유니언14754,3ed5be017ba88cbb2f3d1524988ae121,2026-07-08,256,45536541171,20.440,,
climb,유니언14754,3ed5be017ba88cbb2f3d1524988ae121,2026-07-09,256,45536541171,20.440,,
climb,유니언14754,3ed5be017ba88cbb2f3d1524988ae121,2026-07-10,256,45536541171,20.440,,
climb,유니언14754,3ed5be017ba88cbb2f3d1524988ae121,2026-07-11,256,45536541171,20.440,,
climb,유니언14754,3ed5be017ba88cbb2f3d1524988ae121,2026-07-12,256,45536541171,20.440,1628726,
climb,유니언14754,3ed5be017ba88cbb2f3d1524988ae121,2026-07-13,256,45536541171,20.440,,
climb,유니언14754,3ed5be017ba88cbb2f3d1524988ae121,2026-07-14,256,45536541171,20.440,,
climb,유니언14754,3ed5be017ba88cbb2f3d1524988ae121,2026-07-15,256,45536541171,20.440,,
climb,유니언14754,3ed5be017ba88cbb2f3d1524988ae121,2026-07-16,256,45536541171,20.440,,
climb,유니언14754,3ed5be017ba88cbb2f3d1524988ae121,2026-07-17,256,45536541171,20.440,,
climb,유니언14754,3ed5be017ba88cbb2f3d1524988ae121,2026-07-18,256,45536541171,20.440,,
climb,유니언14754,3ed5be017ba88cbb2f3d1524988ae121,2026-07-19,256,45536541171,20.440,,
climb,유니언14754,3ed5be017ba88cbb2f3d1524988ae121,2026-07-20,256,45536541171,20.440,1628726,
climb,유니언14754,3ed5be017ba88cbb2f3d1524988ae121,2026-07-21,256,45536541171,20.440,,
climb,유니언14754,3ed5be017ba88cbb2f3d1524988ae121,2026-07-22,256,45536541171,20.440,,
climb,삼각비섹,e1867cbb6dea38527b6c1b9c5e1e2ba9,2026-06-18,256,44165558324,19.824,610568,
climb,삼각비섹,e1867cbb6dea38527b6c1b9c5e1e2ba9,2026-06-19,256,54467366921,24.448,,
climb,삼각비섹,e1867cbb6dea38527b6c1b9c5e1e2ba9,2026-06-20,256,54467366921,24.448,,
climb,삼각비섹,e1867cbb6dea38527b6c1b9c5e1e2ba9,2026-06-21,256,64715553350,29.048,,
climb,삼각비섹,e1867cbb6dea38527b6c1b9c5e1e2ba9,2026-06-22,256,64715553350,29.048,,
climb,삼각비섹,e1867cbb6dea38527b6c1b9c5e1e2ba9,2026-06-23,256,64715553350,29.048,,
climb,삼각비섹,e1867cbb6dea38527b6c1b9c5e1e2ba9,2026-06-24,256,64715553350,29.048,,
climb,삼각비섹,e1867cbb6dea38527b6c1b9c5e1e2ba9,2026-06-25,256,64715553350,29.048,,
climb,삼각비섹,e1867cbb6dea38527b6c1b9c5e1e2ba9,2026-06-26,256,64715553350,29.048,493331,
climb,삼각비섹,e1867cbb6dea38527b6c1b9c5e1e2ba9,2026-06-27,256,77010045994,34.567,,
climb,삼각비섹,e1867cbb6dea38527b6c1b9c5e1e2ba9,2026-06-28,256,77010045994,34.567,,
climb,삼각비섹,e1867cbb6dea38527b6c1b9c5e1e2ba9,2026-06-29,256,89313873238,40.090,,
climb,삼각비섹,e1867cbb6dea38527b6c1b9c5e1e2ba9,2026-06-30,256,105191942413,47.217,,
climb,삼각비섹,e1867cbb6dea38527b6c1b9c5e1e2ba9,2026-07-01,256,105191942413,47.217,,
climb,삼각비섹,e1867cbb6dea38527b6c1b9c5e1e2ba9,2026-07-02,256,121197253273,54.401,,
climb,삼각비섹,e1867cbb6dea38527b6c1b9c5e1e2ba9,2026-07-03,256,121197253273,54.401,,
climb,삼각비섹,e1867cbb6dea38527b6c1b9c5e1e2ba9,2026-07-04,256,121197253273,54.401,618702,
climb,삼각비섹,e1867cbb6dea38527b6c1b9c5e1e2ba9,2026-07-05,256,133617463492,59.976,,
climb,삼각비섹,e1867cbb6dea38527b6c1b9c5e1e2ba9,2026-07-06,256,147659591201,66.279,,
climb,삼각비섹,e1867cbb6dea38527b6c1b9c5e1e2ba9,2026-07-07,256,160041470326,71.836,,
climb,삼각비섹,e1867cbb6dea38527b6c1b9c5e1e2ba9,2026-07-08,256,172499141166,77.428,,
climb,삼각비섹,e1867cbb6dea38527b6c1b9c5e1e2ba9,2026-07-09,256,184895504623,82.992,,
climb,삼각비섹,e1867cbb6dea38527b6c1b9c5e1e2ba9,2026-07-10,256,202659925795,90.966,,
climb,삼각비섹,e1867cbb6dea38527b6c1b9c5e1e2ba9,2026-07-11,256,218586670842,98.115,,
climb,삼각비섹,e1867cbb6dea38527b6c1b9c5e1e2ba9,2026-07-12,257,11812185571,5.148,582772,
climb,삼각비섹,e1867cbb6dea38527b6c1b9c5e1e2ba9,2026-07-13,257,27724690942,12.082,,
climb,삼각비섹,e1867cbb6dea38527b6c1b9c5e1e2ba9,2026-07-14,257,43638942456,19.017,,
climb,삼각비섹,e1867cbb6dea38527b6c1b9c5e1e2ba9,2026-07-15,257,61157761128,26.652,,
climb,삼각비섹,e1867cbb6dea38527b6c1b9c5e1e2ba9,2026-07-16,257,77126322395,33.611,,
climb,삼각비섹,e1867cbb6dea38527b6c1b9c5e1e2ba9,2026-07-17,257,93150528458,40.594,,
climb,삼각비섹,e1867cbb6dea38527b6c1b9c5e1e2ba9,2026-07-18,257,109079545170,47.535,,
climb,삼각비섹,e1867cbb6dea38527b6c1b9c5e1e2ba9,2026-07-19,257,126500250041,55.127,,
climb,삼각비섹,e1867cbb6dea38527b6c1b9c5e1e2ba9,2026-07-20,257,142614909044,62.150,582772,
climb,삼각비섹,e1867cbb6dea38527b6c1b9c5e1e2ba9,2026-07-21,257,158552071321,69.095,,
climb,삼각비섹,e1867cbb6dea38527b6c1b9c5e1e2ba9,2026-07-22,257,174600229757,76.089,,
climb,Whavle15,266a1f7f1a8b5e42721635dd7d7ab55e,2026-06-18,256,46982827288,21.089,1151814,
climb,Whavle15,266a1f7f1a8b5e42721635dd7d7ab55e,2026-06-19,256,46982827288,21.089,,
climb,Whavle15,266a1f7f1a8b5e42721635dd7d7ab55e,2026-06-20,256,46982827288,21.089,,
climb,Whavle15,266a1f7f1a8b5e42721635dd7d7ab55e,2026-06-21,256,46982827288,21.089,,
climb,Whavle15,266a1f7f1a8b5e42721635dd7d7ab55e,2026-06-22,256,46982827288,21.089,,
climb,Whavle15,266a1f7f1a8b5e42721635dd7d7ab55e,2026-06-23,256,46982827288,21.089,,
climb,Whavle15,266a1f7f1a8b5e42721635dd7d7ab55e,2026-06-24,256,46982827288,21.089,,
climb,Whavle15,266a1f7f1a8b5e42721635dd7d7ab55e,2026-06-25,256,46982827288,21.089,,
climb,Whavle15,266a1f7f1a8b5e42721635dd7d7ab55e,2026-06-26,256,46982827288,21.089,1146495,
climb,Whavle15,266a1f7f1a8b5e42721635dd7d7ab55e,2026-06-27,256,46982827288,21.089,,
climb,Whavle15,266a1f7f1a8b5e42721635dd7d7ab55e,2026-06-28,256,46982827288,21.089,,
climb,Whavle15,266a1f7f1a8b5e42721635dd7d7ab55e,2026-06-29,256,46982827288,21.089,,
climb,Whavle15,266a1f7f1a8b5e42721635dd7d7ab55e,2026-06-30,256,46982827288,21.089,,
climb,Whavle15,266a1f7f1a8b5e42721635dd7d7ab55e,2026-07-01,256,46982827288,21.089,,
climb,Whavle15,266a1f7f1a8b5e42721635dd7d7ab55e,2026-07-02,256,46982827288,21.089,,
climb,Whavle15,266a1f7f1a8b5e42721635dd7d7ab55e,2026-07-03,256,46982827288,21.089,,
climb,Whavle15,266a1f7f1a8b5e42721635dd7d7ab55e,2026-07-04,256,46982827288,21.089,1146495,
climb,Whavle15,266a1f7f1a8b5e42721635dd7d7ab55e,2026-07-05,256,46982827288,21.089,,
climb,Whavle15,266a1f7f1a8b5e42721635dd7d7ab55e,2026-07-06,256,46982827288,21.089,,
climb,Whavle15,266a1f7f1a8b5e42721635dd7d7ab55e,2026-07-07,256,46982827288,21.089,,
climb,Whavle15,266a1f7f1a8b5e42721635dd7d7ab55e,2026-07-08,257,53443462399,23.290,,
climb,Whavle15,266a1f7f1a8b5e42721635dd7d7ab55e,2026-07-09,257,53443462399,23.290,,
climb,Whavle15,266a1f7f1a8b5e42721635dd7d7ab55e,2026-07-10,257,53443462399,23.290,,
climb,Whavle15,266a1f7f1a8b5e42721635dd7d7ab55e,2026-07-11,257,53443462399,23.290,,
climb,Whavle15,266a1f7f1a8b5e42721635dd7d7ab55e,2026-07-12,257,53443462399,23.290,1008765,
climb,Whavle15,266a1f7f1a8b5e42721635dd7d7ab55e,2026-07-13,257,53443462399,23.290,,
climb,Whavle15,266a1f7f1a8b5e42721635dd7d7ab55e,2026-07-14,257,53443462399,23.290,,
climb,Whavle15,266a1f7f1a8b5e42721635dd7d7ab55e,2026-07-15,257,53443462399,23.290,,
climb,Whavle15,266a1f7f1a8b5e42721635dd7d7ab55e,2026-07-16,257,53443462399,23.290,,
climb,Whavle15,266a1f7f1a8b5e42721635dd7d7ab55e,2026-07-17,257,53443462399,23.290,,
climb,Whavle15,266a1f7f1a8b5e42721635dd7d7ab55e,2026-07-18,257,53443462399,23.290,,
climb,Whavle15,266a1f7f1a8b5e42721635dd7d7ab55e,2026-07-19,257,53443462399,23.290,,
climb,Whavle15,266a1f7f1a8b5e42721635dd7d7ab55e,2026-07-20,257,53443462399,23.290,1008765,
climb,Whavle15,266a1f7f1a8b5e42721635dd7d7ab55e,2026-07-21,257,53443462399,23.290,,
climb,Whavle15,266a1f7f1a8b5e42721635dd7d7ab55e,2026-07-22,257,53443462399,23.290,,
climb,상sangs,46c07212fc25a60ef3bc02c5489c79f5,2026-06-18,256,30572721147,13.723,2767139,
climb,상sangs,46c07212fc25a60ef3bc02c5489c79f5,2026-06-19,256,30572721147,13.723,,
climb,상sangs,46c07212fc25a60ef3bc02c5489c79f5,2026-06-20,256,30572721147,13.723,,
climb,상sangs,46c07212fc25a60ef3bc02c5489c79f5,2026-06-21,256,30572721147,13.723,,
climb,상sangs,46c07212fc25a60ef3bc02c5489c79f5,2026-06-22,256,30572721147,13.723,,
climb,상sangs,46c07212fc25a60ef3bc02c5489c79f5,2026-06-23,256,30572721147,13.723,,
climb,상sangs,46c07212fc25a60ef3bc02c5489c79f5,2026-06-24,256,30572721147,13.723,,
climb,상sangs,46c07212fc25a60ef3bc02c5489c79f5,2026-06-25,256,30572721147,13.723,,
climb,상sangs,46c07212fc25a60ef3bc02c5489c79f5,2026-06-26,256,30572721147,13.723,2767139,
climb,상sangs,46c07212fc25a60ef3bc02c5489c79f5,2026-06-27,256,30572721147,13.723,,
climb,상sangs,46c07212fc25a60ef3bc02c5489c79f5,2026-06-28,256,30572721147,13.723,,
climb,상sangs,46c07212fc25a60ef3bc02c5489c79f5,2026-06-29,256,30572721147,13.723,,
climb,상sangs,46c07212fc25a60ef3bc02c5489c79f5,2026-06-30,256,30572721147,13.723,,
climb,상sangs,46c07212fc25a60ef3bc02c5489c79f5,2026-07-01,256,30572721147,13.723,,
climb,상sangs,46c07212fc25a60ef3bc02c5489c79f5,2026-07-02,256,30572721147,13.723,,
climb,상sangs,46c07212fc25a60ef3bc02c5489c79f5,2026-07-03,256,30572721147,13.723,,
climb,상sangs,46c07212fc25a60ef3bc02c5489c79f5,2026-07-04,256,30572721147,13.723,2767139,
climb,상sangs,46c07212fc25a60ef3bc02c5489c79f5,2026-07-05,256,30572721147,13.723,,
climb,상sangs,46c07212fc25a60ef3bc02c5489c79f5,2026-07-06,256,30572721147,13.723,,
climb,상sangs,46c07212fc25a60ef3bc02c5489c79f5,2026-07-07,256,30572721147,13.723,,
climb,상sangs,46c07212fc25a60ef3bc02c5489c79f5,2026-07-08,256,30572721147,13.723,,
climb,상sangs,46c07212fc25a60ef3bc02c5489c79f5,2026-07-09,256,30572721147,13.723,,
climb,상sangs,46c07212fc25a60ef3bc02c5489c79f5,2026-07-10,256,30572721147,13.723,,
climb,상sangs,46c07212fc25a60ef3bc02c5489c79f5,2026-07-11,256,30572721147,13.723,,
climb,상sangs,46c07212fc25a60ef3bc02c5489c79f5,2026-07-12,256,30572721147,13.723,2664518,
climb,상sangs,46c07212fc25a60ef3bc02c5489c79f5,2026-07-13,256,30572721147,13.723,,
climb,상sangs,46c07212fc25a60ef3bc02c5489c79f5,2026-07-14,256,30572721147,13.723,,
climb,상sangs,46c07212fc25a60ef3bc02c5489c79f5,2026-07-15,256,30572721147,13.723,,
climb,상sangs,46c07212fc25a60ef3bc02c5489c79f5,2026-07-16,256,30572721147,13.723,,
climb,상sangs,46c07212fc25a60ef3bc02c5489c79f5,2026-07-17,256,30572721147,13.723,,
climb,상sangs,46c07212fc25a60ef3bc02c5489c79f5,2026-07-18,256,30572721147,13.723,,
climb,상sangs,46c07212fc25a60ef3bc02c5489c79f5,2026-07-19,256,30572721147,13.723,,
climb,상sangs,46c07212fc25a60ef3bc02c5489c79f5,2026-07-20,256,30572721147,13.723,2664518,
climb,상sangs,46c07212fc25a60ef3bc02c5489c79f5,2026-07-21,256,30572721147,13.723,,
climb,상sangs,46c07212fc25a60ef3bc02c5489c79f5,2026-07-22,256,30572721147,13.723,,
climb,어벙한창기사,02218ed331e0b37be1177e4daa465c7befe8d04e6d233bd35cf2fabdeb93fb0d,2026-06-18,256,124901745541,56.064,8460842,
climb,어벙한창기사,02218ed331e0b37be1177e4daa465c7befe8d04e6d233bd35cf2fabdeb93fb0d,2026-06-19,257,40859951044,17.806,,
climb,어벙한창기사,02218ed331e0b37be1177e4daa465c7befe8d04e6d233bd35cf2fabdeb93fb0d,2026-06-20,258,54284819817,22.968,,
climb,어벙한창기사,02218ed331e0b37be1177e4daa465c7befe8d04e6d233bd35cf2fabdeb93fb0d,2026-06-21,260,462749280007,26.719,,
climb,어벙한창기사,02218ed331e0b37be1177e4daa465c7befe8d04e6d233bd35cf2fabdeb93fb0d,2026-06-22,260,462999317542,26.733,,
climb,어벙한창기사,02218ed331e0b37be1177e4daa465c7befe8d04e6d233bd35cf2fabdeb93fb0d,2026-06-23,260,462999317542,26.733,,
climb,어벙한창기사,02218ed331e0b37be1177e4daa465c7befe8d04e6d233bd35cf2fabdeb93fb0d,2026-06-24,260,462999317542,26.733,,
climb,어벙한창기사,02218ed331e0b37be1177e4daa465c7befe8d04e6d233bd35cf2fabdeb93fb0d,2026-06-25,260,462999317542,26.733,,
climb,어벙한창기사,02218ed331e0b37be1177e4daa465c7befe8d04e6d233bd35cf2fabdeb93fb0d,2026-06-26,260,463235649177,26.747,9892499,
climb,어벙한창기사,02218ed331e0b37be1177e4daa465c7befe8d04e6d233bd35cf2fabdeb93fb0d,2026-06-27,260,463235649177,26.747,,
climb,어벙한창기사,02218ed331e0b37be1177e4daa465c7befe8d04e6d233bd35cf2fabdeb93fb0d,2026-06-28,260,463235649177,26.747,,
climb,어벙한창기사,02218ed331e0b37be1177e4daa465c7befe8d04e6d233bd35cf2fabdeb93fb0d,2026-06-29,260,463235649177,26.747,,
climb,어벙한창기사,02218ed331e0b37be1177e4daa465c7befe8d04e6d233bd35cf2fabdeb93fb0d,2026-06-30,260,463235649177,26.747,,
climb,어벙한창기사,02218ed331e0b37be1177e4daa465c7befe8d04e6d233bd35cf2fabdeb93fb0d,2026-07-01,260,463235649177,26.747,,
climb,어벙한창기사,02218ed331e0b37be1177e4daa465c7befe8d04e6d233bd35cf2fabdeb93fb0d,2026-07-02,260,463235649177,26.747,,
climb,어벙한창기사,02218ed331e0b37be1177e4daa465c7befe8d04e6d233bd35cf2fabdeb93fb0d,2026-07-03,260,463457893872,26.760,,
climb,어벙한창기사,02218ed331e0b37be1177e4daa465c7befe8d04e6d233bd35cf2fabdeb93fb0d,2026-07-04,260,463457893872,26.760,9828033,
climb,어벙한창기사,02218ed331e0b37be1177e4daa465c7befe8d04e6d233bd35cf2fabdeb93fb0d,2026-07-05,260,463457893872,26.760,,
climb,어벙한창기사,02218ed331e0b37be1177e4daa465c7befe8d04e6d233bd35cf2fabdeb93fb0d,2026-07-06,260,463457893872,26.760,,
climb,어벙한창기사,02218ed331e0b37be1177e4daa465c7befe8d04e6d233bd35cf2fabdeb93fb0d,2026-07-07,260,463457893872,26.760,,
climb,어벙한창기사,02218ed331e0b37be1177e4daa465c7befe8d04e6d233bd35cf2fabdeb93fb0d,2026-07-08,260,463457893872,26.760,,
climb,어벙한창기사,02218ed331e0b37be1177e4daa465c7befe8d04e6d233bd35cf2fabdeb93fb0d,2026-07-09,260,463457893872,26.760,,
climb,어벙한창기사,02218ed331e0b37be1177e4daa465c7befe8d04e6d233bd35cf2fabdeb93fb0d,2026-07-10,260,463457893872,26.760,,
climb,어벙한창기사,02218ed331e0b37be1177e4daa465c7befe8d04e6d233bd35cf2fabdeb93fb0d,2026-07-11,260,463680138567,26.773,,
climb,어벙한창기사,02218ed331e0b37be1177e4daa465c7befe8d04e6d233bd35cf2fabdeb93fb0d,2026-07-12,260,463680138567,26.773,9829167,
climb,어벙한창기사,02218ed331e0b37be1177e4daa465c7befe8d04e6d233bd35cf2fabdeb93fb0d,2026-07-13,260,463680138567,26.773,,
climb,어벙한창기사,02218ed331e0b37be1177e4daa465c7befe8d04e6d233bd35cf2fabdeb93fb0d,2026-07-14,260,463680138567,26.773,,
climb,어벙한창기사,02218ed331e0b37be1177e4daa465c7befe8d04e6d233bd35cf2fabdeb93fb0d,2026-07-15,260,463680138567,26.773,,
climb,어벙한창기사,02218ed331e0b37be1177e4daa465c7befe8d04e6d233bd35cf2fabdeb93fb0d,2026-07-16,260,463902383262,26.785,,
climb,어벙한창기사,02218ed331e0b37be1177e4daa465c7befe8d04e6d233bd35cf2fabdeb93fb0d,2026-07-17,260,463902383262,26.785,,
climb,어벙한창기사,02218ed331e0b37be1177e4daa465c7befe8d04e6d233bd35cf2fabdeb93fb0d,2026-07-18,260,463902383262,26.785,,
climb,어벙한창기사,02218ed331e0b37be1177e4daa465c7befe8d04e6d233bd35cf2fabdeb93fb0d,2026-07-19,260,463902383262,26.785,,
climb,어벙한창기사,02218ed331e0b37be1177e4daa465c7befe8d04e6d233bd35cf2fabdeb93fb0d,2026-07-20,260,463902383262,26.785,10045205,
climb,어벙한창기사,02218ed331e0b37be1177e4daa465c7befe8d04e6d233bd35cf2fabdeb93fb0d,2026-07-21,260,463902383262,26.785,,
climb,어벙한창기사,02218ed331e0b37be1177e4daa465c7befe8d04e6d233bd35cf2fabdeb93fb0d,2026-07-22,260,463902383262,26.785,,
climb,크로캅링크1,365fb73936baca8e26a83137044c31b8,2026-06-18,256,54776141636,24.587,8834736,
climb,크로캅링크1,365fb73936baca8e26a83137044c31b8,2026-06-19,256,70114754156,31.472,,
climb,크로캅링크1,365fb73936baca8e26a83137044c31b8,2026-06-20,256,85453366676,38.357,,
climb,크로캅링크1,365fb73936baca8e26a83137044c31b8,2026-06-21,256,102837127532,46.160,,
climb,크로캅링크1,365fb73936baca8e26a83137044c31b8,2026-06-22,256,120220888388,53.962,,
climb,크로캅링크1,365fb73936baca8e26a83137044c31b8,2026-06-23,256,137604649244,61.765,,
climb,크로캅링크1,365fb73936baca8e26a83137044c31b8,2026-06-24,256,154988410100,69.568,,
climb,크로캅링크1,365fb73936baca8e26a83137044c31b8,2026-06-25,256,167259300116,75.076,,
climb,크로캅링크1,365fb73936baca8e26a83137044c31b8,2026-06-26,256,179530190132,80.584,9903567,
climb,크로캅링크1,365fb73936baca8e26a83137044c31b8,2026-06-27,256,191801080148,86.092,,
climb,크로캅링크1,365fb73936baca8e26a83137044c31b8,2026-06-28,256,204071970164,91.600,,
climb,크로캅링크1,365fb73936baca8e26a83137044c31b8,2026-06-29,256,216342860180,97.108,,
climb,크로캅링크1,365fb73936baca8e26a83137044c31b8,2026-06-30,257,5827680707,2.540,,
climb,크로캅링크1,365fb73936baca8e26a83137044c31b8,2026-07-01,257,18098570723,7.887,,
climb,크로캅링크1,365fb73936baca8e26a83137044c31b8,2026-07-02,257,30369460739,13.235,,
climb,크로캅링크1,365fb73936baca8e26a83137044c31b8,2026-07-03,257,42640350755,18.582,,
climb,크로캅링크1,365fb73936baca8e26a83137044c31b8,2026-07-04,257,54911240771,23.930,10611335,
climb,크로캅링크1,365fb73936baca8e26a83137044c31b8,2026-07-05,257,67182130787,29.277,,
climb,크로캅링크1,365fb73936baca8e26a83137044c31b8,2026-07-06,257,79453020803,34.625,,
climb,크로캅링크1,365fb73936baca8e26a83137044c31b8,2026-07-07,257,91723910819,39.972,,
climb,크로캅링크1,365fb73936baca8e26a83137044c31b8,2026-07-08,257,103994800835,45.320,,
climb,크로캅링크1,365fb73936baca8e26a83137044c31b8,2026-07-09,257,103994800835,45.320,,
climb,크로캅링크1,365fb73936baca8e26a83137044c31b8,2026-07-10,257,103994800835,45.320,,
climb,크로캅링크1,365fb73936baca8e26a83137044c31b8,2026-07-11,257,103994800835,45.320,,
climb,크로캅링크1,365fb73936baca8e26a83137044c31b8,2026-07-12,257,103994800835,45.320,9607899,
climb,크로캅링크1,365fb73936baca8e26a83137044c31b8,2026-07-13,257,103994800835,45.320,,
climb,크로캅링크1,365fb73936baca8e26a83137044c31b8,2026-07-14,257,103994800835,45.320,,
climb,크로캅링크1,365fb73936baca8e26a83137044c31b8,2026-07-15,257,103994800835,45.320,,
climb,크로캅링크1,365fb73936baca8e26a83137044c31b8,2026-07-16,257,103994800835,45.320,,
climb,크로캅링크1,365fb73936baca8e26a83137044c31b8,2026-07-17,257,103994800835,45.320,,
climb,크로캅링크1,365fb73936baca8e26a83137044c31b8,2026-07-18,257,103994800835,45.320,,
climb,크로캅링크1,365fb73936baca8e26a83137044c31b8,2026-07-19,257,120355987523,52.450,,
climb,크로캅링크1,365fb73936baca8e26a83137044c31b8,2026-07-20,257,136717174211,59.580,9899934,
climb,크로캅링크1,365fb73936baca8e26a83137044c31b8,2026-07-21,257,153078360899,66.710,,
climb,크로캅링크1,365fb73936baca8e26a83137044c31b8,2026-07-22,257,169439547587,73.840,,
climb,1candlelight,547b6f2aa500f7d92a8224c18ef87d74,2026-06-18,256,42213851845,18.948,6517769,
climb,1candlelight,547b6f2aa500f7d92a8224c18ef87d74,2026-06-19,256,42213851845,18.948,,
climb,1candlelight,547b6f2aa500f7d92a8224c18ef87d74,2026-06-20,256,42213851845,18.948,,
climb,1candlelight,547b6f2aa500f7d92a8224c18ef87d74,2026-06-21,256,84388567784,37.879,,
climb,1candlelight,547b6f2aa500f7d92a8224c18ef87d74,2026-06-22,256,84388567784,37.879,,
climb,1candlelight,547b6f2aa500f7d92a8224c18ef87d74,2026-06-23,256,84388567784,37.879,,
climb,1candlelight,547b6f2aa500f7d92a8224c18ef87d74,2026-06-24,256,84388567784,37.879,,
climb,1candlelight,547b6f2aa500f7d92a8224c18ef87d74,2026-06-25,256,84388567784,37.879,,
climb,1candlelight,547b6f2aa500f7d92a8224c18ef87d74,2026-06-26,256,84388567784,37.879,7439499,
climb,1candlelight,547b6f2aa500f7d92a8224c18ef87d74,2026-06-27,256,84388567784,37.879,,
climb,1candlelight,547b6f2aa500f7d92a8224c18ef87d74,2026-06-28,256,84388567784,37.879,,
climb,1candlelight,547b6f2aa500f7d92a8224c18ef87d74,2026-06-29,256,84388567784,37.879,,
climb,1candlelight,547b6f2aa500f7d92a8224c18ef87d74,2026-06-30,256,84388567784,37.879,,
climb,1candlelight,547b6f2aa500f7d92a8224c18ef87d74,2026-07-01,256,84388567784,37.879,,
climb,1candlelight,547b6f2aa500f7d92a8224c18ef87d74,2026-07-02,256,84388567784,37.879,,
climb,1candlelight,547b6f2aa500f7d92a8224c18ef87d74,2026-07-03,256,84388567784,37.879,,
climb,1candlelight,547b6f2aa500f7d92a8224c18ef87d74,2026-07-04,256,84388567784,37.879,7439499,
climb,1candlelight,547b6f2aa500f7d92a8224c18ef87d74,2026-07-05,256,84388567784,37.879,,
climb,1candlelight,547b6f2aa500f7d92a8224c18ef87d74,2026-07-06,256,84388567784,37.879,,
climb,1candlelight,547b6f2aa500f7d92a8224c18ef87d74,2026-07-07,256,84388567784,37.879,,
climb,1candlelight,547b6f2aa500f7d92a8224c18ef87d74,2026-07-08,256,84388567784,37.879,,
climb,1candlelight,547b6f2aa500f7d92a8224c18ef87d74,2026-07-09,256,84388567784,37.879,,
climb,1candlelight,547b6f2aa500f7d92a8224c18ef87d74,2026-07-10,256,84388567784,37.879,,
climb,1candlelight,547b6f2aa500f7d92a8224c18ef87d74,2026-07-11,256,84388567784,37.879,,
climb,1candlelight,547b6f2aa500f7d92a8224c18ef87d74,2026-07-12,256,84388567784,37.879,7439499,
climb,1candlelight,547b6f2aa500f7d92a8224c18ef87d74,2026-07-13,256,84388567784,37.879,,
climb,1candlelight,547b6f2aa500f7d92a8224c18ef87d74,2026-07-14,256,84388567784,37.879,,
climb,1candlelight,547b6f2aa500f7d92a8224c18ef87d74,2026-07-15,256,84388567784,37.879,,
climb,1candlelight,547b6f2aa500f7d92a8224c18ef87d74,2026-07-16,256,84388567784,37.879,,
climb,1candlelight,547b6f2aa500f7d92a8224c18ef87d74,2026-07-17,256,84388567784,37.879,,
climb,1candlelight,547b6f2aa500f7d92a8224c18ef87d74,2026-07-18,256,84388567784,37.879,,
climb,1candlelight,547b6f2aa500f7d92a8224c18ef87d74,2026-07-19,256,84388567784,37.879,,
climb,1candlelight,547b6f2aa500f7d92a8224c18ef87d74,2026-07-20,256,84388567784,37.879,7439499,
climb,1candlelight,547b6f2aa500f7d92a8224c18ef87d74,2026-07-21,256,84388567784,37.879,,
climb,1candlelight,547b6f2aa500f7d92a8224c18ef87d74,2026-07-22,256,84388567784,37.879,,
climb,llenne,dbecf99426dc8b5a18a890f9e2e8d867,2026-06-18,256,34692473071,15.572,974241,
climb,llenne,dbecf99426dc8b5a18a890f9e2e8d867,2026-06-19,256,34692473071,15.572,,
climb,llenne,dbecf99426dc8b5a18a890f9e2e8d867,2026-06-20,256,34692473071,15.572,,
climb,llenne,dbecf99426dc8b5a18a890f9e2e8d867,2026-06-21,256,34692473071,15.572,,
climb,llenne,dbecf99426dc8b5a18a890f9e2e8d867,2026-06-22,256,34692473071,15.572,,
climb,llenne,dbecf99426dc8b5a18a890f9e2e8d867,2026-06-23,256,34692473071,15.572,,
climb,llenne,dbecf99426dc8b5a18a890f9e2e8d867,2026-06-24,256,34692473071,15.572,,
climb,llenne,dbecf99426dc8b5a18a890f9e2e8d867,2026-06-25,256,34692473071,15.572,,
climb,llenne,dbecf99426dc8b5a18a890f9e2e8d867,2026-06-26,256,34692473071,15.572,300030,
climb,llenne,dbecf99426dc8b5a18a890f9e2e8d867,2026-06-27,256,34692473071,15.572,,
climb,llenne,dbecf99426dc8b5a18a890f9e2e8d867,2026-06-28,256,34692473071,15.572,,
climb,llenne,dbecf99426dc8b5a18a890f9e2e8d867,2026-06-29,256,34692473071,15.572,,
climb,llenne,dbecf99426dc8b5a18a890f9e2e8d867,2026-06-30,256,34692473071,15.572,,
climb,llenne,dbecf99426dc8b5a18a890f9e2e8d867,2026-07-01,256,34692473071,15.572,,
climb,llenne,dbecf99426dc8b5a18a890f9e2e8d867,2026-07-02,256,34692473071,15.572,,
climb,llenne,dbecf99426dc8b5a18a890f9e2e8d867,2026-07-03,256,34692473071,15.572,,
climb,llenne,dbecf99426dc8b5a18a890f9e2e8d867,2026-07-04,256,34692473071,15.572,300030,
climb,llenne,dbecf99426dc8b5a18a890f9e2e8d867,2026-07-05,256,34692473071,15.572,,
climb,llenne,dbecf99426dc8b5a18a890f9e2e8d867,2026-07-06,256,34692473071,15.572,,
climb,llenne,dbecf99426dc8b5a18a890f9e2e8d867,2026-07-07,256,34692473071,15.572,,
climb,llenne,dbecf99426dc8b5a18a890f9e2e8d867,2026-07-08,256,34692473071,15.572,,
climb,llenne,dbecf99426dc8b5a18a890f9e2e8d867,2026-07-09,256,34692473071,15.572,,
climb,llenne,dbecf99426dc8b5a18a890f9e2e8d867,2026-07-10,256,34692473071,15.572,,
climb,llenne,dbecf99426dc8b5a18a890f9e2e8d867,2026-07-11,256,34692473071,15.572,,
climb,llenne,dbecf99426dc8b5a18a890f9e2e8d867,2026-07-12,256,34692473071,15.572,300030,
climb,llenne,dbecf99426dc8b5a18a890f9e2e8d867,2026-07-13,256,34692473071,15.572,,
climb,llenne,dbecf99426dc8b5a18a890f9e2e8d867,2026-07-14,256,34692473071,15.572,,
climb,llenne,dbecf99426dc8b5a18a890f9e2e8d867,2026-07-15,256,34692473071,15.572,,
climb,llenne,dbecf99426dc8b5a18a890f9e2e8d867,2026-07-16,256,34692473071,15.572,,
climb,llenne,dbecf99426dc8b5a18a890f9e2e8d867,2026-07-17,256,34692473071,15.572,,
climb,llenne,dbecf99426dc8b5a18a890f9e2e8d867,2026-07-18,256,34692473071,15.572,,
climb,llenne,dbecf99426dc8b5a18a890f9e2e8d867,2026-07-19,256,34692473071,15.572,,
climb,llenne,dbecf99426dc8b5a18a890f9e2e8d867,2026-07-20,256,34692473071,15.572,300030,
climb,llenne,dbecf99426dc8b5a18a890f9e2e8d867,2026-07-21,256,34692473071,15.572,,
climb,llenne,dbecf99426dc8b5a18a890f9e2e8d867,2026-07-22,256,34692473071,15.572,,
climb,해협야서희,c985316424c571bf1a5d9d13ab3aa7d4efe8d04e6d233bd35cf2fabdeb93fb0d,2026-06-18,256,48953899085,21.974,8032485,
climb,해협야서희,c985316424c571bf1a5d9d13ab3aa7d4efe8d04e6d233bd35cf2fabdeb93fb0d,2026-06-19,256,48953899085,21.974,,
climb,해협야서희,c985316424c571bf1a5d9d13ab3aa7d4efe8d04e6d233bd35cf2fabdeb93fb0d,2026-06-20,256,48953899085,21.974,,
climb,해협야서희,c985316424c571bf1a5d9d13ab3aa7d4efe8d04e6d233bd35cf2fabdeb93fb0d,2026-06-21,256,48953899085,21.974,,
climb,해협야서희,c985316424c571bf1a5d9d13ab3aa7d4efe8d04e6d233bd35cf2fabdeb93fb0d,2026-06-22,256,48953899085,21.974,,
climb,해협야서희,c985316424c571bf1a5d9d13ab3aa7d4efe8d04e6d233bd35cf2fabdeb93fb0d,2026-06-23,256,48953899085,21.974,,
climb,해협야서희,c985316424c571bf1a5d9d13ab3aa7d4efe8d04e6d233bd35cf2fabdeb93fb0d,2026-06-24,256,48953899085,21.974,,
climb,해협야서희,c985316424c571bf1a5d9d13ab3aa7d4efe8d04e6d233bd35cf2fabdeb93fb0d,2026-06-25,256,48953899085,21.974,,
climb,해협야서희,c985316424c571bf1a5d9d13ab3aa7d4efe8d04e6d233bd35cf2fabdeb93fb0d,2026-06-26,256,48953899085,21.974,8032485,
climb,해협야서희,c985316424c571bf1a5d9d13ab3aa7d4efe8d04e6d233bd35cf2fabdeb93fb0d,2026-06-27,256,48953899085,21.974,,
climb,해협야서희,c985316424c571bf1a5d9d13ab3aa7d4efe8d04e6d233bd35cf2fabdeb93fb0d,2026-06-28,256,48953899085,21.974,,
climb,해협야서희,c985316424c571bf1a5d9d13ab3aa7d4efe8d04e6d233bd35cf2fabdeb93fb0d,2026-06-29,256,48953899085,21.974,,
climb,해협야서희,c985316424c571bf1a5d9d13ab3aa7d4efe8d04e6d233bd35cf2fabdeb93fb0d,2026-06-30,256,48953899085,21.974,,
climb,해협야서희,c985316424c571bf1a5d9d13ab3aa7d4efe8d04e6d233bd35cf2fabdeb93fb0d,2026-07-01,256,48953899085,21.974,,
climb,해협야서희,c985316424c571bf1a5d9d13ab3aa7d4efe8d04e6d233bd35cf2fabdeb93fb0d,2026-07-02,256,48953899085,21.974,,
climb,해협야서희,c985316424c571bf1a5d9d13ab3aa7d4efe8d04e6d233bd35cf2fabdeb93fb0d,2026-07-03,256,48953899085,21.974,,
climb,해협야서희,c985316424c571bf1a5d9d13ab3aa7d4efe8d04e6d233bd35cf2fabdeb93fb0d,2026-07-04,256,48953899085,21.974,8032485,
climb,해협야서희,c985316424c571bf1a5d9d13ab3aa7d4efe8d04e6d233bd35cf2fabdeb93fb0d,2026-07-05,256,48953899085,21.974,,
climb,해협야서희,c985316424c571bf1a5d9d13ab3aa7d4efe8d04e6d233bd35cf2fabdeb93fb0d,2026-07-06,256,48953899085,21.974,,
climb,해협야서희,c985316424c571bf1a5d9d13ab3aa7d4efe8d04e6d233bd35cf2fabdeb93fb0d,2026-07-07,256,48953899085,21.974,,
climb,해협야서희,c985316424c571bf1a5d9d13ab3aa7d4efe8d04e6d233bd35cf2fabdeb93fb0d,2026-07-08,256,48953899085,21.974,,
climb,해협야서희,c985316424c571bf1a5d9d13ab3aa7d4efe8d04e6d233bd35cf2fabdeb93fb0d,2026-07-09,256,48953899085,21.974,,
climb,해협야서희,c985316424c571bf1a5d9d13ab3aa7d4efe8d04e6d233bd35cf2fabdeb93fb0d,2026-07-10,256,48953899085,21.974,,
climb,해협야서희,c985316424c571bf1a5d9d13ab3aa7d4efe8d04e6d233bd35cf2fabdeb93fb0d,2026-07-11,256,48953899085,21.974,,
climb,해협야서희,c985316424c571bf1a5d9d13ab3aa7d4efe8d04e6d233bd35cf2fabdeb93fb0d,2026-07-12,256,48953899085,21.974,8032485,
climb,해협야서희,c985316424c571bf1a5d9d13ab3aa7d4efe8d04e6d233bd35cf2fabdeb93fb0d,2026-07-13,256,48953899085,21.974,,
climb,해협야서희,c985316424c571bf1a5d9d13ab3aa7d4efe8d04e6d233bd35cf2fabdeb93fb0d,2026-07-14,256,48953899085,21.974,,
climb,해협야서희,c985316424c571bf1a5d9d13ab3aa7d4efe8d04e6d233bd35cf2fabdeb93fb0d,2026-07-15,256,48953899085,21.974,,
climb,해협야서희,c985316424c571bf1a5d9d13ab3aa7d4efe8d04e6d233bd35cf2fabdeb93fb0d,2026-07-16,256,48953899085,21.974,,
climb,해협야서희,c985316424c571bf1a5d9d13ab3aa7d4efe8d04e6d233bd35cf2fabdeb93fb0d,2026-07-17,256,48953899085,21.974,,
climb,해협야서희,c985316424c571bf1a5d9d13ab3aa7d4efe8d04e6d233bd35cf2fabdeb93fb0d,2026-07-18,256,48953899085,21.974,,
climb,해협야서희,c985316424c571bf1a5d9d13ab3aa7d4efe8d04e6d233bd35cf2fabdeb93fb0d,2026-07-19,256,48953899085,21.974,,
climb,해협야서희,c985316424c571bf1a5d9d13ab3aa7d4efe8d04e6d233bd35cf2fabdeb93fb0d,2026-07-20,256,48953899085,21.974,8032485,
climb,해협야서희,c985316424c571bf1a5d9d13ab3aa7d4efe8d04e6d233bd35cf2fabdeb93fb0d,2026-07-21,256,48953899085,21.974,,
climb,해협야서희,c985316424c571bf1a5d9d13ab3aa7d4efe8d04e6d233bd35cf2fabdeb93fb0d,2026-07-22,256,48953899085,21.974,,
climb,산펏,cec62bdfdfe39ff25faabd8f9469afd5,2026-06-18,256,30449415455,13.668,416228,
climb,산펏,cec62bdfdfe39ff25faabd8f9469afd5,2026-06-19,256,30449415455,13.668,,
climb,산펏,cec62bdfdfe39ff25faabd8f9469afd5,2026-06-20,256,30449415455,13.668,,
climb,산펏,cec62bdfdfe39ff25faabd8f9469afd5,2026-06-21,256,30449415455,13.668,,
climb,산펏,cec62bdfdfe39ff25faabd8f9469afd5,2026-06-22,256,30449415455,13.668,,
climb,산펏,cec62bdfdfe39ff25faabd8f9469afd5,2026-06-23,256,30449415455,13.668,,
climb,산펏,cec62bdfdfe39ff25faabd8f9469afd5,2026-06-24,256,30449415455,13.668,,
climb,산펏,cec62bdfdfe39ff25faabd8f9469afd5,2026-06-25,256,30449415455,13.668,,
climb,산펏,cec62bdfdfe39ff25faabd8f9469afd5,2026-06-26,256,30449415455,13.668,416228,
climb,산펏,cec62bdfdfe39ff25faabd8f9469afd5,2026-06-27,256,30449415455,13.668,,
climb,산펏,cec62bdfdfe39ff25faabd8f9469afd5,2026-06-28,256,30449415455,13.668,,
climb,산펏,cec62bdfdfe39ff25faabd8f9469afd5,2026-06-29,256,30449415455,13.668,,
climb,산펏,cec62bdfdfe39ff25faabd8f9469afd5,2026-06-30,256,30449415455,13.668,,
climb,산펏,cec62bdfdfe39ff25faabd8f9469afd5,2026-07-01,256,30449415455,13.668,,
climb,산펏,cec62bdfdfe39ff25faabd8f9469afd5,2026-07-02,256,30449415455,13.668,,
climb,산펏,cec62bdfdfe39ff25faabd8f9469afd5,2026-07-03,256,30449415455,13.668,,
climb,산펏,cec62bdfdfe39ff25faabd8f9469afd5,2026-07-04,256,30449415455,13.668,416228,
climb,산펏,cec62bdfdfe39ff25faabd8f9469afd5,2026-07-05,256,30449415455,13.668,,
climb,산펏,cec62bdfdfe39ff25faabd8f9469afd5,2026-07-06,256,30449415455,13.668,,
climb,산펏,cec62bdfdfe39ff25faabd8f9469afd5,2026-07-07,256,30449415455,13.668,,
climb,산펏,cec62bdfdfe39ff25faabd8f9469afd5,2026-07-08,256,30449415455,13.668,,
climb,산펏,cec62bdfdfe39ff25faabd8f9469afd5,2026-07-09,256,30449415455,13.668,,
climb,산펏,cec62bdfdfe39ff25faabd8f9469afd5,2026-07-10,256,30449415455,13.668,,
climb,산펏,cec62bdfdfe39ff25faabd8f9469afd5,2026-07-11,256,30449415455,13.668,,
climb,산펏,cec62bdfdfe39ff25faabd8f9469afd5,2026-07-12,256,30449415455,13.668,416228,
climb,산펏,cec62bdfdfe39ff25faabd8f9469afd5,2026-07-13,256,30449415455,13.668,,
climb,산펏,cec62bdfdfe39ff25faabd8f9469afd5,2026-07-14,256,30449415455,13.668,,
climb,산펏,cec62bdfdfe39ff25faabd8f9469afd5,2026-07-15,256,30449415455,13.668,,
climb,산펏,cec62bdfdfe39ff25faabd8f9469afd5,2026-07-16,256,30449415455,13.668,,
climb,산펏,cec62bdfdfe39ff25faabd8f9469afd5,2026-07-17,256,30449415455,13.668,,
climb,산펏,cec62bdfdfe39ff25faabd8f9469afd5,2026-07-18,256,30449415455,13.668,,
climb,산펏,cec62bdfdfe39ff25faabd8f9469afd5,2026-07-19,256,30449415455,13.668,,
climb,산펏,cec62bdfdfe39ff25faabd8f9469afd5,2026-07-20,256,30449415455,13.668,416228,
climb,산펏,cec62bdfdfe39ff25faabd8f9469afd5,2026-07-21,256,30449415455,13.668,,
climb,산펏,cec62bdfdfe39ff25faabd8f9469afd5,2026-07-22,256,30449415455,13.668,,
climb,구르메소,7b5259eee93655002a88ee05119b5a90,2026-06-18,256,75697568225,33.978,816260,
climb,구르메소,7b5259eee93655002a88ee05119b5a90,2026-06-19,256,75697568225,33.978,,
climb,구르메소,7b5259eee93655002a88ee05119b5a90,2026-06-20,256,75697568225,33.978,,
climb,구르메소,7b5259eee93655002a88ee05119b5a90,2026-06-21,256,75697568225,33.978,,
climb,구르메소,7b5259eee93655002a88ee05119b5a90,2026-06-22,256,75697568225,33.978,,
climb,구르메소,7b5259eee93655002a88ee05119b5a90,2026-06-23,256,75697568225,33.978,,
climb,구르메소,7b5259eee93655002a88ee05119b5a90,2026-06-24,256,75697568225,33.978,,
climb,구르메소,7b5259eee93655002a88ee05119b5a90,2026-06-25,256,75697568225,33.978,,
climb,구르메소,7b5259eee93655002a88ee05119b5a90,2026-06-26,256,75697568225,33.978,816260,
climb,구르메소,7b5259eee93655002a88ee05119b5a90,2026-06-27,256,75697568225,33.978,,
climb,구르메소,7b5259eee93655002a88ee05119b5a90,2026-06-28,256,75697568225,33.978,,
climb,구르메소,7b5259eee93655002a88ee05119b5a90,2026-06-29,256,75697568225,33.978,,
climb,구르메소,7b5259eee93655002a88ee05119b5a90,2026-06-30,256,75697568225,33.978,,
climb,구르메소,7b5259eee93655002a88ee05119b5a90,2026-07-01,256,75697568225,33.978,,
climb,구르메소,7b5259eee93655002a88ee05119b5a90,2026-07-02,256,75697568225,33.978,,
climb,구르메소,7b5259eee93655002a88ee05119b5a90,2026-07-03,256,75697568225,33.978,,
climb,구르메소,7b5259eee93655002a88ee05119b5a90,2026-07-04,256,75697568225,33.978,816260,
climb,구르메소,7b5259eee93655002a88ee05119b5a90,2026-07-05,256,75697568225,33.978,,
climb,구르메소,7b5259eee93655002a88ee05119b5a90,2026-07-06,256,75697568225,33.978,,
climb,구르메소,7b5259eee93655002a88ee05119b5a90,2026-07-07,256,75697568225,33.978,,
climb,구르메소,7b5259eee93655002a88ee05119b5a90,2026-07-08,256,75697568225,33.978,,
climb,구르메소,7b5259eee93655002a88ee05119b5a90,2026-07-09,256,75697568225,33.978,,
climb,구르메소,7b5259eee93655002a88ee05119b5a90,2026-07-10,256,75697568225,33.978,,
climb,구르메소,7b5259eee93655002a88ee05119b5a90,2026-07-11,256,75697568225,33.978,,
climb,구르메소,7b5259eee93655002a88ee05119b5a90,2026-07-12,256,75697568225,33.978,816260,
climb,구르메소,7b5259eee93655002a88ee05119b5a90,2026-07-13,256,75697568225,33.978,,
climb,구르메소,7b5259eee93655002a88ee05119b5a90,2026-07-14,256,75697568225,33.978,,
climb,구르메소,7b5259eee93655002a88ee05119b5a90,2026-07-15,256,75697568225,33.978,,
climb,구르메소,7b5259eee93655002a88ee05119b5a90,2026-07-16,256,75697568225,33.978,,
climb,구르메소,7b5259eee93655002a88ee05119b5a90,2026-07-17,256,75697568225,33.978,,
climb,구르메소,7b5259eee93655002a88ee05119b5a90,2026-07-18,256,75697568225,33.978,,
climb,구르메소,7b5259eee93655002a88ee05119b5a90,2026-07-19,256,75697568225,33.978,,
climb,구르메소,7b5259eee93655002a88ee05119b5a90,2026-07-20,256,75697568225,33.978,816260,
climb,구르메소,7b5259eee93655002a88ee05119b5a90,2026-07-21,256,75697568225,33.978,,
climb,구르메소,7b5259eee93655002a88ee05119b5a90,2026-07-22,256,75697568225,33.978,,
climb,스커이혜원,7cdf24f9917c7484c588d6e5f8570695,2026-06-18,256,59692642105,26.794,8525931,
climb,스커이혜원,7cdf24f9917c7484c588d6e5f8570695,2026-06-19,256,59692642105,26.794,,
climb,스커이혜원,7cdf24f9917c7484c588d6e5f8570695,2026-06-20,256,59692642105,26.794,,
climb,스커이혜원,7cdf24f9917c7484c588d6e5f8570695,2026-06-21,256,59692642105,26.794,,
climb,스커이혜원,7cdf24f9917c7484c588d6e5f8570695,2026-06-22,256,59692642105,26.794,,
climb,스커이혜원,7cdf24f9917c7484c588d6e5f8570695,2026-06-23,256,59917012260,26.894,,
climb,스커이혜원,7cdf24f9917c7484c588d6e5f8570695,2026-06-24,256,59917012260,26.894,,
climb,스커이혜원,7cdf24f9917c7484c588d6e5f8570695,2026-06-25,256,60057370705,26.957,,
climb,스커이혜원,7cdf24f9917c7484c588d6e5f8570695,2026-06-26,256,110577931882,49.634,9086945,
climb,스커이혜원,7cdf24f9917c7484c588d6e5f8570695,2026-06-27,256,158476265736,71.134,,
climb,스커이혜원,7cdf24f9917c7484c588d6e5f8570695,2026-06-28,256,206374599590,92.634,,
climb,스커이혜원,7cdf24f9917c7484c588d6e5f8570695,2026-06-29,257,31486863955,13.722,,
climb,스커이혜원,7cdf24f9917c7484c588d6e5f8570695,2026-06-30,257,79385197809,34.595,,
climb,스커이혜원,7cdf24f9917c7484c588d6e5f8570695,2026-07-01,257,127283531663,55.469,,
climb,스커이혜원,7cdf24f9917c7484c588d6e5f8570695,2026-07-02,257,175181865517,76.342,,
climb,스커이혜원,7cdf24f9917c7484c588d6e5f8570695,2026-07-03,257,223080199371,97.216,,
climb,스커이혜원,7cdf24f9917c7484c588d6e5f8570695,2026-07-04,258,41508881652,17.562,9822560,
climb,스커이혜원,7cdf24f9917c7484c588d6e5f8570695,2026-07-05,258,85733430053,36.273,,
climb,스커이혜원,7cdf24f9917c7484c588d6e5f8570695,2026-07-06,258,129665538741,54.861,,
climb,스커이혜원,7cdf24f9917c7484c588d6e5f8570695,2026-07-07,258,173597647429,73.448,,
climb,스커이혜원,7cdf24f9917c7484c588d6e5f8570695,2026-07-08,258,217529756117,92.036,,
climb,스커이혜원,7cdf24f9917c7484c588d6e5f8570695,2026-07-09,259,26938628212,11.066,,
climb,스커이혜원,7cdf24f9917c7484c588d6e5f8570695,2026-07-10,260,31751185422,1.833,,
climb,스커이혜원,7cdf24f9917c7484c588d6e5f8570695,2026-07-11,260,79344303166,4.581,,
climb,스커이혜원,7cdf24f9917c7484c588d6e5f8570695,2026-07-12,260,79344303166,4.581,10191471,
climb,스커이혜원,7cdf24f9917c7484c588d6e5f8570695,2026-07-13,260,126937420910,7.329,,
climb,스커이혜원,7cdf24f9917c7484c588d6e5f8570695,2026-07-14,260,589339701979,34.028,,
climb,스커이혜원,7cdf24f9917c7484c588d6e5f8570695,2026-07-15,260,637225259436,36.793,,
climb,스커이혜원,7cdf24f9917c7484c588d6e5f8570695,2026-07-16,260,680262386026,39.278,,
climb,스커이혜원,7cdf24f9917c7484c588d6e5f8570695,2026-07-17,260,748466849084,43.216,,
climb,스커이혜원,7cdf24f9917c7484c588d6e5f8570695,2026-07-18,260,790342220814,45.634,,
climb,스커이혜원,7cdf24f9917c7484c588d6e5f8570695,2026-07-19,260,832217592544,48.052,,
climb,스커이혜원,7cdf24f9917c7484c588d6e5f8570695,2026-07-20,260,874092964274,50.470,13821477,
climb,스커이혜원,7cdf24f9917c7484c588d6e5f8570695,2026-07-21,260,915968336004,52.887,,
climb,스커이혜원,7cdf24f9917c7484c588d6e5f8570695,2026-07-22,260,958139147447,55.322,,
climb,직깜OI,a8da36c849d00782dd68544b75d4033c,2026-06-18,256,40175774204,18.033,2368186,
climb,직깜OI,a8da36c849d00782dd68544b75d4033c,2026-06-19,256,40175774204,18.033,,
climb,직깜OI,a8da36c849d00782dd68544b75d4033c,2026-06-20,256,40175774204,18.033,,
climb,직깜OI,a8da36c849d00782dd68544b75d4033c,2026-06-21,256,40175774204,18.033,,
climb,직깜OI,a8da36c849d00782dd68544b75d4033c,2026-06-22,256,40175774204,18.033,,
climb,직깜OI,a8da36c849d00782dd68544b75d4033c,2026-06-23,256,40175774204,18.033,,
climb,직깜OI,a8da36c849d00782dd68544b75d4033c,2026-06-24,256,40175774204,18.033,,
climb,직깜OI,a8da36c849d00782dd68544b75d4033c,2026-06-25,256,40175774204,18.033,,
climb,직깜OI,a8da36c849d00782dd68544b75d4033c,2026-06-26,256,40175774204,18.033,2368186,
climb,직깜OI,a8da36c849d00782dd68544b75d4033c,2026-06-27,256,40175774204,18.033,,
climb,직깜OI,a8da36c849d00782dd68544b75d4033c,2026-06-28,256,40175774204,18.033,,
climb,직깜OI,a8da36c849d00782dd68544b75d4033c,2026-06-29,256,40175774204,18.033,,
climb,직깜OI,a8da36c849d00782dd68544b75d4033c,2026-06-30,256,40175774204,18.033,,
climb,직깜OI,a8da36c849d00782dd68544b75d4033c,2026-07-01,256,40175774204,18.033,,
climb,직깜OI,a8da36c849d00782dd68544b75d4033c,2026-07-02,256,40175774204,18.033,,
climb,직깜OI,a8da36c849d00782dd68544b75d4033c,2026-07-03,256,40175774204,18.033,,
climb,직깜OI,a8da36c849d00782dd68544b75d4033c,2026-07-04,256,40175774204,18.033,2368186,
climb,직깜OI,a8da36c849d00782dd68544b75d4033c,2026-07-05,256,40175774204,18.033,,
climb,직깜OI,a8da36c849d00782dd68544b75d4033c,2026-07-06,256,40175774204,18.033,,
climb,직깜OI,a8da36c849d00782dd68544b75d4033c,2026-07-07,256,40175774204,18.033,,
climb,직깜OI,a8da36c849d00782dd68544b75d4033c,2026-07-08,256,40175774204,18.033,,
climb,직깜OI,a8da36c849d00782dd68544b75d4033c,2026-07-09,256,40175774204,18.033,,
climb,직깜OI,a8da36c849d00782dd68544b75d4033c,2026-07-10,256,40175774204,18.033,,
climb,직깜OI,a8da36c849d00782dd68544b75d4033c,2026-07-11,256,40175774204,18.033,,
climb,직깜OI,a8da36c849d00782dd68544b75d4033c,2026-07-12,256,40175774204,18.033,2368186,
climb,직깜OI,a8da36c849d00782dd68544b75d4033c,2026-07-13,256,40175774204,18.033,,
climb,직깜OI,a8da36c849d00782dd68544b75d4033c,2026-07-14,256,40175774204,18.033,,
climb,직깜OI,a8da36c849d00782dd68544b75d4033c,2026-07-15,256,40175774204,18.033,,
climb,직깜OI,a8da36c849d00782dd68544b75d4033c,2026-07-16,256,40175774204,18.033,,
climb,직깜OI,a8da36c849d00782dd68544b75d4033c,2026-07-17,256,40175774204,18.033,,
climb,직깜OI,a8da36c849d00782dd68544b75d4033c,2026-07-18,256,40175774204,18.033,,
climb,직깜OI,a8da36c849d00782dd68544b75d4033c,2026-07-19,256,40175774204,18.033,,
climb,직깜OI,a8da36c849d00782dd68544b75d4033c,2026-07-20,256,40175774204,18.033,2368186,
climb,직깜OI,a8da36c849d00782dd68544b75d4033c,2026-07-21,256,40175774204,18.033,,
climb,직깜OI,a8da36c849d00782dd68544b75d4033c,2026-07-22,256,40175774204,18.033,,
climb,한고개,af29a70e3157067dc92eab193a6b498f,2026-06-18,256,42170338991,18.929,3149761,
climb,한고개,af29a70e3157067dc92eab193a6b498f,2026-06-19,256,42170338991,18.929,,
climb,한고개,af29a70e3157067dc92eab193a6b498f,2026-06-20,256,42170338991,18.929,,
climb,한고개,af29a70e3157067dc92eab193a6b498f,2026-06-21,256,42170338991,18.929,,
climb,한고개,af29a70e3157067dc92eab193a6b498f,2026-06-22,256,42170338991,18.929,,
climb,한고개,af29a70e3157067dc92eab193a6b498f,2026-06-23,256,42170338991,18.929,,
climb,한고개,af29a70e3157067dc92eab193a6b498f,2026-06-24,256,42170338991,18.929,,
climb,한고개,af29a70e3157067dc92eab193a6b498f,2026-06-25,256,42170338991,18.929,,
climb,한고개,af29a70e3157067dc92eab193a6b498f,2026-06-26,256,42170338991,18.929,3158373,
climb,한고개,af29a70e3157067dc92eab193a6b498f,2026-06-27,256,42170338991,18.929,,
climb,한고개,af29a70e3157067dc92eab193a6b498f,2026-06-28,256,42170338991,18.929,,
climb,한고개,af29a70e3157067dc92eab193a6b498f,2026-06-29,256,42170338991,18.929,,
climb,한고개,af29a70e3157067dc92eab193a6b498f,2026-06-30,256,42170338991,18.929,,
climb,한고개,af29a70e3157067dc92eab193a6b498f,2026-07-01,256,42170338991,18.929,,
climb,한고개,af29a70e3157067dc92eab193a6b498f,2026-07-02,256,42170338991,18.929,,
climb,한고개,af29a70e3157067dc92eab193a6b498f,2026-07-03,256,42170338991,18.929,,
climb,한고개,af29a70e3157067dc92eab193a6b498f,2026-07-04,256,42170338991,18.929,3158373,
climb,한고개,af29a70e3157067dc92eab193a6b498f,2026-07-05,256,42170338991,18.929,,
climb,한고개,af29a70e3157067dc92eab193a6b498f,2026-07-06,256,42170338991,18.929,,
climb,한고개,af29a70e3157067dc92eab193a6b498f,2026-07-07,256,42170338991,18.929,,
climb,한고개,af29a70e3157067dc92eab193a6b498f,2026-07-08,256,42170338991,18.929,,
climb,한고개,af29a70e3157067dc92eab193a6b498f,2026-07-09,256,42170338991,18.929,,
climb,한고개,af29a70e3157067dc92eab193a6b498f,2026-07-10,256,42170338991,18.929,,
climb,한고개,af29a70e3157067dc92eab193a6b498f,2026-07-11,256,42170338991,18.929,,
climb,한고개,af29a70e3157067dc92eab193a6b498f,2026-07-12,256,42170338991,18.929,3158373,
climb,한고개,af29a70e3157067dc92eab193a6b498f,2026-07-13,256,42170338991,18.929,,
climb,한고개,af29a70e3157067dc92eab193a6b498f,2026-07-14,256,42170338991,18.929,,
climb,한고개,af29a70e3157067dc92eab193a6b498f,2026-07-15,256,42170338991,18.929,,
climb,한고개,af29a70e3157067dc92eab193a6b498f,2026-07-16,256,42170338991,18.929,,
climb,한고개,af29a70e3157067dc92eab193a6b498f,2026-07-17,256,42170338991,18.929,,
climb,한고개,af29a70e3157067dc92eab193a6b498f,2026-07-18,256,42170338991,18.929,,
climb,한고개,af29a70e3157067dc92eab193a6b498f,2026-07-19,256,42170338991,18.929,,
climb,한고개,af29a70e3157067dc92eab193a6b498f,2026-07-20,256,42170338991,18.929,3158373,
climb,한고개,af29a70e3157067dc92eab193a6b498f,2026-07-21,256,42170338991,18.929,,
climb,한고개,af29a70e3157067dc92eab193a6b498f,2026-07-22,256,42170338991,18.929,,
climb,딴딴안,9c22a3b061f2cc68d0046e9ff12010b7efe8d04e6d233bd35cf2fabdeb93fb0d,2026-06-18,256,70753998958,31.759,6227446,
climb,딴딴안,9c22a3b061f2cc68d0046e9ff12010b7efe8d04e6d233bd35cf2fabdeb93fb0d,2026-06-19,256,70753998958,31.759,,
climb,딴딴안,9c22a3b061f2cc68d0046e9ff12010b7efe8d04e6d233bd35cf2fabdeb93fb0d,2026-06-20,256,70753998958,31.759,,
climb,딴딴안,9c22a3b061f2cc68d0046e9ff12010b7efe8d04e6d233bd35cf2fabdeb93fb0d,2026-06-21,256,70753998958,31.759,,
climb,딴딴안,9c22a3b061f2cc68d0046e9ff12010b7efe8d04e6d233bd35cf2fabdeb93fb0d,2026-06-22,256,70753998958,31.759,,
climb,딴딴안,9c22a3b061f2cc68d0046e9ff12010b7efe8d04e6d233bd35cf2fabdeb93fb0d,2026-06-23,256,70753998958,31.759,,
climb,딴딴안,9c22a3b061f2cc68d0046e9ff12010b7efe8d04e6d233bd35cf2fabdeb93fb0d,2026-06-24,256,70753998958,31.759,,
climb,딴딴안,9c22a3b061f2cc68d0046e9ff12010b7efe8d04e6d233bd35cf2fabdeb93fb0d,2026-06-25,256,70753998958,31.759,,
climb,딴딴안,9c22a3b061f2cc68d0046e9ff12010b7efe8d04e6d233bd35cf2fabdeb93fb0d,2026-06-26,256,70753998958,31.759,6227446,
climb,딴딴안,9c22a3b061f2cc68d0046e9ff12010b7efe8d04e6d233bd35cf2fabdeb93fb0d,2026-06-27,256,70753998958,31.759,,
climb,딴딴안,9c22a3b061f2cc68d0046e9ff12010b7efe8d04e6d233bd35cf2fabdeb93fb0d,2026-06-28,256,70753998958,31.759,,
climb,딴딴안,9c22a3b061f2cc68d0046e9ff12010b7efe8d04e6d233bd35cf2fabdeb93fb0d,2026-06-29,256,70753998958,31.759,,
climb,딴딴안,9c22a3b061f2cc68d0046e9ff12010b7efe8d04e6d233bd35cf2fabdeb93fb0d,2026-06-30,256,70753998958,31.759,,
climb,딴딴안,9c22a3b061f2cc68d0046e9ff12010b7efe8d04e6d233bd35cf2fabdeb93fb0d,2026-07-01,256,70753998958,31.759,,
climb,딴딴안,9c22a3b061f2cc68d0046e9ff12010b7efe8d04e6d233bd35cf2fabdeb93fb0d,2026-07-02,256,70753998958,31.759,,
climb,딴딴안,9c22a3b061f2cc68d0046e9ff12010b7efe8d04e6d233bd35cf2fabdeb93fb0d,2026-07-03,256,70753998958,31.759,,
climb,딴딴안,9c22a3b061f2cc68d0046e9ff12010b7efe8d04e6d233bd35cf2fabdeb93fb0d,2026-07-04,256,70753998958,31.759,5228592,
climb,딴딴안,9c22a3b061f2cc68d0046e9ff12010b7efe8d04e6d233bd35cf2fabdeb93fb0d,2026-07-05,256,70753998958,31.759,,
climb,딴딴안,9c22a3b061f2cc68d0046e9ff12010b7efe8d04e6d233bd35cf2fabdeb93fb0d,2026-07-06,256,70753998958,31.759,,
climb,딴딴안,9c22a3b061f2cc68d0046e9ff12010b7efe8d04e6d233bd35cf2fabdeb93fb0d,2026-07-07,256,70753998958,31.759,,
climb,딴딴안,9c22a3b061f2cc68d0046e9ff12010b7efe8d04e6d233bd35cf2fabdeb93fb0d,2026-07-08,256,70753998958,31.759,,
climb,딴딴안,9c22a3b061f2cc68d0046e9ff12010b7efe8d04e6d233bd35cf2fabdeb93fb0d,2026-07-09,256,70753998958,31.759,,
climb,딴딴안,9c22a3b061f2cc68d0046e9ff12010b7efe8d04e6d233bd35cf2fabdeb93fb0d,2026-07-10,256,70753998958,31.759,,
climb,딴딴안,9c22a3b061f2cc68d0046e9ff12010b7efe8d04e6d233bd35cf2fabdeb93fb0d,2026-07-11,256,70753998958,31.759,,
climb,딴딴안,9c22a3b061f2cc68d0046e9ff12010b7efe8d04e6d233bd35cf2fabdeb93fb0d,2026-07-12,256,70753998958,31.759,6545502,
climb,딴딴안,9c22a3b061f2cc68d0046e9ff12010b7efe8d04e6d233bd35cf2fabdeb93fb0d,2026-07-13,256,70753998958,31.759,,
climb,딴딴안,9c22a3b061f2cc68d0046e9ff12010b7efe8d04e6d233bd35cf2fabdeb93fb0d,2026-07-14,256,70753998958,31.759,,
climb,딴딴안,9c22a3b061f2cc68d0046e9ff12010b7efe8d04e6d233bd35cf2fabdeb93fb0d,2026-07-15,256,70753998958,31.759,,
climb,딴딴안,9c22a3b061f2cc68d0046e9ff12010b7efe8d04e6d233bd35cf2fabdeb93fb0d,2026-07-16,256,70753998958,31.759,,
climb,딴딴안,9c22a3b061f2cc68d0046e9ff12010b7efe8d04e6d233bd35cf2fabdeb93fb0d,2026-07-17,256,70753998958,31.759,,
climb,딴딴안,9c22a3b061f2cc68d0046e9ff12010b7efe8d04e6d233bd35cf2fabdeb93fb0d,2026-07-18,256,70753998958,31.759,,
climb,딴딴안,9c22a3b061f2cc68d0046e9ff12010b7efe8d04e6d233bd35cf2fabdeb93fb0d,2026-07-19,256,70753998958,31.759,,
climb,딴딴안,9c22a3b061f2cc68d0046e9ff12010b7efe8d04e6d233bd35cf2fabdeb93fb0d,2026-07-20,256,70753998958,31.759,6545502,
climb,딴딴안,9c22a3b061f2cc68d0046e9ff12010b7efe8d04e6d233bd35cf2fabdeb93fb0d,2026-07-21,256,70753998958,31.759,,
climb,딴딴안,9c22a3b061f2cc68d0046e9ff12010b7efe8d04e6d233bd35cf2fabdeb93fb0d,2026-07-22,256,70753998958,31.759,,
climb,스커쭈냐,911dc910e299fb5505bfc67e0c3108beefe8d04e6d233bd35cf2fabdeb93fb0d,2026-06-18,256,58510963425,26.263,1065553,
climb,스커쭈냐,911dc910e299fb5505bfc67e0c3108beefe8d04e6d233bd35cf2fabdeb93fb0d,2026-06-19,256,58510963425,26.263,,
climb,스커쭈냐,911dc910e299fb5505bfc67e0c3108beefe8d04e6d233bd35cf2fabdeb93fb0d,2026-06-20,256,58510963425,26.263,,
climb,스커쭈냐,911dc910e299fb5505bfc67e0c3108beefe8d04e6d233bd35cf2fabdeb93fb0d,2026-06-21,256,58510963425,26.263,,
climb,스커쭈냐,911dc910e299fb5505bfc67e0c3108beefe8d04e6d233bd35cf2fabdeb93fb0d,2026-06-22,256,58510963425,26.263,,
climb,스커쭈냐,911dc910e299fb5505bfc67e0c3108beefe8d04e6d233bd35cf2fabdeb93fb0d,2026-06-23,256,58510963425,26.263,,
climb,스커쭈냐,911dc910e299fb5505bfc67e0c3108beefe8d04e6d233bd35cf2fabdeb93fb0d,2026-06-24,256,58510963425,26.263,,
climb,스커쭈냐,911dc910e299fb5505bfc67e0c3108beefe8d04e6d233bd35cf2fabdeb93fb0d,2026-06-25,256,58510963425,26.263,,
climb,스커쭈냐,911dc910e299fb5505bfc67e0c3108beefe8d04e6d233bd35cf2fabdeb93fb0d,2026-06-26,256,58510963425,26.263,1065553,
climb,스커쭈냐,911dc910e299fb5505bfc67e0c3108beefe8d04e6d233bd35cf2fabdeb93fb0d,2026-06-27,256,58510963425,26.263,,
climb,스커쭈냐,911dc910e299fb5505bfc67e0c3108beefe8d04e6d233bd35cf2fabdeb93fb0d,2026-06-28,256,58510963425,26.263,,
climb,스커쭈냐,911dc910e299fb5505bfc67e0c3108beefe8d04e6d233bd35cf2fabdeb93fb0d,2026-06-29,256,58510963425,26.263,,
climb,스커쭈냐,911dc910e299fb5505bfc67e0c3108beefe8d04e6d233bd35cf2fabdeb93fb0d,2026-06-30,256,58510963425,26.263,,
climb,스커쭈냐,911dc910e299fb5505bfc67e0c3108beefe8d04e6d233bd35cf2fabdeb93fb0d,2026-07-01,256,58510963425,26.263,,
climb,스커쭈냐,911dc910e299fb5505bfc67e0c3108beefe8d04e6d233bd35cf2fabdeb93fb0d,2026-07-02,256,58510963425,26.263,,
climb,스커쭈냐,911dc910e299fb5505bfc67e0c3108beefe8d04e6d233bd35cf2fabdeb93fb0d,2026-07-03,256,58510963425,26.263,,
climb,스커쭈냐,911dc910e299fb5505bfc67e0c3108beefe8d04e6d233bd35cf2fabdeb93fb0d,2026-07-04,256,58510963425,26.263,1065553,
climb,스커쭈냐,911dc910e299fb5505bfc67e0c3108beefe8d04e6d233bd35cf2fabdeb93fb0d,2026-07-05,256,58510963425,26.263,,
climb,스커쭈냐,911dc910e299fb5505bfc67e0c3108beefe8d04e6d233bd35cf2fabdeb93fb0d,2026-07-06,256,58510963425,26.263,,
climb,스커쭈냐,911dc910e299fb5505bfc67e0c3108beefe8d04e6d233bd35cf2fabdeb93fb0d,2026-07-07,256,58510963425,26.263,,
climb,스커쭈냐,911dc910e299fb5505bfc67e0c3108beefe8d04e6d233bd35cf2fabdeb93fb0d,2026-07-08,256,58510963425,26.263,,
climb,스커쭈냐,911dc910e299fb5505bfc67e0c3108beefe8d04e6d233bd35cf2fabdeb93fb0d,2026-07-09,256,58510963425,26.263,,
climb,스커쭈냐,911dc910e299fb5505bfc67e0c3108beefe8d04e6d233bd35cf2fabdeb93fb0d,2026-07-10,256,58510963425,26.263,,
climb,스커쭈냐,911dc910e299fb5505bfc67e0c3108beefe8d04e6d233bd35cf2fabdeb93fb0d,2026-07-11,256,58510963425,26.263,,
climb,스커쭈냐,911dc910e299fb5505bfc67e0c3108beefe8d04e6d233bd35cf2fabdeb93fb0d,2026-07-12,256,58510963425,26.263,1065553,
climb,스커쭈냐,911dc910e299fb5505bfc67e0c3108beefe8d04e6d233bd35cf2fabdeb93fb0d,2026-07-13,256,58510963425,26.263,,
climb,스커쭈냐,911dc910e299fb5505bfc67e0c3108beefe8d04e6d233bd35cf2fabdeb93fb0d,2026-07-14,256,58510963425,26.263,,
climb,스커쭈냐,911dc910e299fb5505bfc67e0c3108beefe8d04e6d233bd35cf2fabdeb93fb0d,2026-07-15,256,58510963425,26.263,,
climb,스커쭈냐,911dc910e299fb5505bfc67e0c3108beefe8d04e6d233bd35cf2fabdeb93fb0d,2026-07-16,256,58510963425,26.263,,
climb,스커쭈냐,911dc910e299fb5505bfc67e0c3108beefe8d04e6d233bd35cf2fabdeb93fb0d,2026-07-17,256,58510963425,26.263,,
climb,스커쭈냐,911dc910e299fb5505bfc67e0c3108beefe8d04e6d233bd35cf2fabdeb93fb0d,2026-07-18,256,66908512200,30.033,,
climb,스커쭈냐,911dc910e299fb5505bfc67e0c3108beefe8d04e6d233bd35cf2fabdeb93fb0d,2026-07-19,256,75306060975,33.802,,
climb,스커쭈냐,911dc910e299fb5505bfc67e0c3108beefe8d04e6d233bd35cf2fabdeb93fb0d,2026-07-20,256,102987041430,46.227,851022,
climb,스커쭈냐,911dc910e299fb5505bfc67e0c3108beefe8d04e6d233bd35cf2fabdeb93fb0d,2026-07-21,256,113064099960,50.750,,
climb,스커쭈냐,911dc910e299fb5505bfc67e0c3108beefe8d04e6d233bd35cf2fabdeb93fb0d,2026-07-22,256,134010386490,60.152,,
climb,자가용때껄룩,55c0469be4d7b85ea2556ca16f8b05f7efe8d04e6d233bd35cf2fabdeb93fb0d,2026-06-18,256,55840035176,25.064,1056080,
climb,자가용때껄룩,55c0469be4d7b85ea2556ca16f8b05f7efe8d04e6d233bd35cf2fabdeb93fb0d,2026-06-19,256,55840035176,25.064,,
climb,자가용때껄룩,55c0469be4d7b85ea2556ca16f8b05f7efe8d04e6d233bd35cf2fabdeb93fb0d,2026-06-20,256,55840035176,25.064,,
climb,자가용때껄룩,55c0469be4d7b85ea2556ca16f8b05f7efe8d04e6d233bd35cf2fabdeb93fb0d,2026-06-21,256,55840035176,25.064,,
climb,자가용때껄룩,55c0469be4d7b85ea2556ca16f8b05f7efe8d04e6d233bd35cf2fabdeb93fb0d,2026-06-22,256,55840035176,25.064,,
climb,자가용때껄룩,55c0469be4d7b85ea2556ca16f8b05f7efe8d04e6d233bd35cf2fabdeb93fb0d,2026-06-23,256,55840035176,25.064,,
climb,자가용때껄룩,55c0469be4d7b85ea2556ca16f8b05f7efe8d04e6d233bd35cf2fabdeb93fb0d,2026-06-24,256,55840035176,25.064,,
climb,자가용때껄룩,55c0469be4d7b85ea2556ca16f8b05f7efe8d04e6d233bd35cf2fabdeb93fb0d,2026-06-25,256,55840035176,25.064,,
climb,자가용때껄룩,55c0469be4d7b85ea2556ca16f8b05f7efe8d04e6d233bd35cf2fabdeb93fb0d,2026-06-26,256,55840035176,25.064,1056080,
climb,자가용때껄룩,55c0469be4d7b85ea2556ca16f8b05f7efe8d04e6d233bd35cf2fabdeb93fb0d,2026-06-27,256,55840035176,25.064,,
climb,자가용때껄룩,55c0469be4d7b85ea2556ca16f8b05f7efe8d04e6d233bd35cf2fabdeb93fb0d,2026-06-28,256,55840035176,25.064,,
climb,자가용때껄룩,55c0469be4d7b85ea2556ca16f8b05f7efe8d04e6d233bd35cf2fabdeb93fb0d,2026-06-29,256,55840035176,25.064,,
climb,자가용때껄룩,55c0469be4d7b85ea2556ca16f8b05f7efe8d04e6d233bd35cf2fabdeb93fb0d,2026-06-30,256,55840035176,25.064,,
climb,자가용때껄룩,55c0469be4d7b85ea2556ca16f8b05f7efe8d04e6d233bd35cf2fabdeb93fb0d,2026-07-01,256,55840035176,25.064,,
climb,자가용때껄룩,55c0469be4d7b85ea2556ca16f8b05f7efe8d04e6d233bd35cf2fabdeb93fb0d,2026-07-02,256,55840035176,25.064,,
climb,자가용때껄룩,55c0469be4d7b85ea2556ca16f8b05f7efe8d04e6d233bd35cf2fabdeb93fb0d,2026-07-03,256,55840035176,25.064,,
climb,자가용때껄룩,55c0469be4d7b85ea2556ca16f8b05f7efe8d04e6d233bd35cf2fabdeb93fb0d,2026-07-04,256,55840035176,25.064,1056080,
climb,자가용때껄룩,55c0469be4d7b85ea2556ca16f8b05f7efe8d04e6d233bd35cf2fabdeb93fb0d,2026-07-05,256,55840035176,25.064,,
climb,자가용때껄룩,55c0469be4d7b85ea2556ca16f8b05f7efe8d04e6d233bd35cf2fabdeb93fb0d,2026-07-06,256,55840035176,25.064,,
climb,자가용때껄룩,55c0469be4d7b85ea2556ca16f8b05f7efe8d04e6d233bd35cf2fabdeb93fb0d,2026-07-07,256,55840035176,25.064,,
climb,자가용때껄룩,55c0469be4d7b85ea2556ca16f8b05f7efe8d04e6d233bd35cf2fabdeb93fb0d,2026-07-08,256,55840035176,25.064,,
climb,자가용때껄룩,55c0469be4d7b85ea2556ca16f8b05f7efe8d04e6d233bd35cf2fabdeb93fb0d,2026-07-09,256,55840035176,25.064,,
climb,자가용때껄룩,55c0469be4d7b85ea2556ca16f8b05f7efe8d04e6d233bd35cf2fabdeb93fb0d,2026-07-10,256,55840035176,25.064,,
climb,자가용때껄룩,55c0469be4d7b85ea2556ca16f8b05f7efe8d04e6d233bd35cf2fabdeb93fb0d,2026-07-11,256,55840035176,25.064,,
climb,자가용때껄룩,55c0469be4d7b85ea2556ca16f8b05f7efe8d04e6d233bd35cf2fabdeb93fb0d,2026-07-12,256,55840035176,25.064,1056080,
climb,자가용때껄룩,55c0469be4d7b85ea2556ca16f8b05f7efe8d04e6d233bd35cf2fabdeb93fb0d,2026-07-13,256,55840035176,25.064,,
climb,자가용때껄룩,55c0469be4d7b85ea2556ca16f8b05f7efe8d04e6d233bd35cf2fabdeb93fb0d,2026-07-14,256,55840035176,25.064,,
climb,자가용때껄룩,55c0469be4d7b85ea2556ca16f8b05f7efe8d04e6d233bd35cf2fabdeb93fb0d,2026-07-15,256,55840035176,25.064,,
climb,자가용때껄룩,55c0469be4d7b85ea2556ca16f8b05f7efe8d04e6d233bd35cf2fabdeb93fb0d,2026-07-16,256,55840035176,25.064,,
climb,자가용때껄룩,55c0469be4d7b85ea2556ca16f8b05f7efe8d04e6d233bd35cf2fabdeb93fb0d,2026-07-17,256,55840035176,25.064,,
climb,자가용때껄룩,55c0469be4d7b85ea2556ca16f8b05f7efe8d04e6d233bd35cf2fabdeb93fb0d,2026-07-18,256,55840035176,25.064,,
climb,자가용때껄룩,55c0469be4d7b85ea2556ca16f8b05f7efe8d04e6d233bd35cf2fabdeb93fb0d,2026-07-19,256,55840035176,25.064,,
climb,자가용때껄룩,55c0469be4d7b85ea2556ca16f8b05f7efe8d04e6d233bd35cf2fabdeb93fb0d,2026-07-20,256,55840035176,25.064,1056080,
climb,자가용때껄룩,55c0469be4d7b85ea2556ca16f8b05f7efe8d04e6d233bd35cf2fabdeb93fb0d,2026-07-21,256,55840035176,25.064,,
climb,자가용때껄룩,55c0469be4d7b85ea2556ca16f8b05f7efe8d04e6d233bd35cf2fabdeb93fb0d,2026-07-22,256,55840035176,25.064,,
climb,여왕벌건주,6f2dec7f823dcf1256d7e70f9bde8340efe8d04e6d233bd35cf2fabdeb93fb0d,2026-06-18,256,90393754308,40.574,0,
climb,여왕벌건주,6f2dec7f823dcf1256d7e70f9bde8340efe8d04e6d233bd35cf2fabdeb93fb0d,2026-06-19,256,90393754308,40.574,,
climb,여왕벌건주,6f2dec7f823dcf1256d7e70f9bde8340efe8d04e6d233bd35cf2fabdeb93fb0d,2026-06-20,256,90393754308,40.574,,
climb,여왕벌건주,6f2dec7f823dcf1256d7e70f9bde8340efe8d04e6d233bd35cf2fabdeb93fb0d,2026-06-21,256,90393754308,40.574,,
climb,여왕벌건주,6f2dec7f823dcf1256d7e70f9bde8340efe8d04e6d233bd35cf2fabdeb93fb0d,2026-06-22,256,90393754308,40.574,,
climb,여왕벌건주,6f2dec7f823dcf1256d7e70f9bde8340efe8d04e6d233bd35cf2fabdeb93fb0d,2026-06-23,256,90393754308,40.574,,
climb,여왕벌건주,6f2dec7f823dcf1256d7e70f9bde8340efe8d04e6d233bd35cf2fabdeb93fb0d,2026-06-24,256,90393754308,40.574,,
climb,여왕벌건주,6f2dec7f823dcf1256d7e70f9bde8340efe8d04e6d233bd35cf2fabdeb93fb0d,2026-06-25,256,90393754308,40.574,,
climb,여왕벌건주,6f2dec7f823dcf1256d7e70f9bde8340efe8d04e6d233bd35cf2fabdeb93fb0d,2026-06-26,256,90393754308,40.574,0,
climb,여왕벌건주,6f2dec7f823dcf1256d7e70f9bde8340efe8d04e6d233bd35cf2fabdeb93fb0d,2026-06-27,256,90393754308,40.574,,
climb,여왕벌건주,6f2dec7f823dcf1256d7e70f9bde8340efe8d04e6d233bd35cf2fabdeb93fb0d,2026-06-28,256,90393754308,40.574,,
climb,여왕벌건주,6f2dec7f823dcf1256d7e70f9bde8340efe8d04e6d233bd35cf2fabdeb93fb0d,2026-06-29,256,90393754308,40.574,,
climb,여왕벌건주,6f2dec7f823dcf1256d7e70f9bde8340efe8d04e6d233bd35cf2fabdeb93fb0d,2026-06-30,256,90393754308,40.574,,
climb,여왕벌건주,6f2dec7f823dcf1256d7e70f9bde8340efe8d04e6d233bd35cf2fabdeb93fb0d,2026-07-01,256,90393754308,40.574,,
climb,여왕벌건주,6f2dec7f823dcf1256d7e70f9bde8340efe8d04e6d233bd35cf2fabdeb93fb0d,2026-07-02,256,90393754308,40.574,,
climb,여왕벌건주,6f2dec7f823dcf1256d7e70f9bde8340efe8d04e6d233bd35cf2fabdeb93fb0d,2026-07-03,256,90393754308,40.574,,
climb,여왕벌건주,6f2dec7f823dcf1256d7e70f9bde8340efe8d04e6d233bd35cf2fabdeb93fb0d,2026-07-04,256,90393754308,40.574,0,
climb,여왕벌건주,6f2dec7f823dcf1256d7e70f9bde8340efe8d04e6d233bd35cf2fabdeb93fb0d,2026-07-05,256,90393754308,40.574,,
climb,여왕벌건주,6f2dec7f823dcf1256d7e70f9bde8340efe8d04e6d233bd35cf2fabdeb93fb0d,2026-07-06,256,90393754308,40.574,,
climb,여왕벌건주,6f2dec7f823dcf1256d7e70f9bde8340efe8d04e6d233bd35cf2fabdeb93fb0d,2026-07-07,256,90393754308,40.574,,
climb,여왕벌건주,6f2dec7f823dcf1256d7e70f9bde8340efe8d04e6d233bd35cf2fabdeb93fb0d,2026-07-08,256,90393754308,40.574,,
climb,여왕벌건주,6f2dec7f823dcf1256d7e70f9bde8340efe8d04e6d233bd35cf2fabdeb93fb0d,2026-07-09,256,90393754308,40.574,,
climb,여왕벌건주,6f2dec7f823dcf1256d7e70f9bde8340efe8d04e6d233bd35cf2fabdeb93fb0d,2026-07-10,256,90393754308,40.574,,
climb,여왕벌건주,6f2dec7f823dcf1256d7e70f9bde8340efe8d04e6d233bd35cf2fabdeb93fb0d,2026-07-11,256,90393754308,40.574,,
climb,여왕벌건주,6f2dec7f823dcf1256d7e70f9bde8340efe8d04e6d233bd35cf2fabdeb93fb0d,2026-07-12,256,90393754308,40.574,0,
climb,여왕벌건주,6f2dec7f823dcf1256d7e70f9bde8340efe8d04e6d233bd35cf2fabdeb93fb0d,2026-07-13,256,90393754308,40.574,,
climb,여왕벌건주,6f2dec7f823dcf1256d7e70f9bde8340efe8d04e6d233bd35cf2fabdeb93fb0d,2026-07-14,256,90393754308,40.574,,
climb,여왕벌건주,6f2dec7f823dcf1256d7e70f9bde8340efe8d04e6d233bd35cf2fabdeb93fb0d,2026-07-15,256,90393754308,40.574,,
climb,여왕벌건주,6f2dec7f823dcf1256d7e70f9bde8340efe8d04e6d233bd35cf2fabdeb93fb0d,2026-07-16,256,90393754308,40.574,,
climb,여왕벌건주,6f2dec7f823dcf1256d7e70f9bde8340efe8d04e6d233bd35cf2fabdeb93fb0d,2026-07-17,256,90393754308,40.574,,
climb,여왕벌건주,6f2dec7f823dcf1256d7e70f9bde8340efe8d04e6d233bd35cf2fabdeb93fb0d,2026-07-18,256,90393754308,40.574,,
climb,여왕벌건주,6f2dec7f823dcf1256d7e70f9bde8340efe8d04e6d233bd35cf2fabdeb93fb0d,2026-07-19,256,90393754308,40.574,,
climb,여왕벌건주,6f2dec7f823dcf1256d7e70f9bde8340efe8d04e6d233bd35cf2fabdeb93fb0d,2026-07-20,256,90393754308,40.574,0,
climb,여왕벌건주,6f2dec7f823dcf1256d7e70f9bde8340efe8d04e6d233bd35cf2fabdeb93fb0d,2026-07-21,256,90393754308,40.574,,
climb,여왕벌건주,6f2dec7f823dcf1256d7e70f9bde8340efe8d04e6d233bd35cf2fabdeb93fb0d,2026-07-22,256,90393754308,40.574,,
climb,처제전용04,22ee27f94fa8c1ec968e51e6fcdf1e50,2026-06-18,256,101499756306,45.559,1508678,
climb,처제전용04,22ee27f94fa8c1ec968e51e6fcdf1e50,2026-06-19,256,101499756306,45.559,,
climb,처제전용04,22ee27f94fa8c1ec968e51e6fcdf1e50,2026-06-20,256,101499756306,45.559,,
climb,처제전용04,22ee27f94fa8c1ec968e51e6fcdf1e50,2026-06-21,256,101499756306,45.559,,
climb,처제전용04,22ee27f94fa8c1ec968e51e6fcdf1e50,2026-06-22,256,101499756306,45.559,,
climb,처제전용04,22ee27f94fa8c1ec968e51e6fcdf1e50,2026-06-23,256,101499756306,45.559,,
climb,처제전용04,22ee27f94fa8c1ec968e51e6fcdf1e50,2026-06-24,256,101499756306,45.559,,
climb,처제전용04,22ee27f94fa8c1ec968e51e6fcdf1e50,2026-06-25,256,101499756306,45.559,,
climb,처제전용04,22ee27f94fa8c1ec968e51e6fcdf1e50,2026-06-26,256,101499756306,45.559,1508678,
climb,처제전용04,22ee27f94fa8c1ec968e51e6fcdf1e50,2026-06-27,256,101499756306,45.559,,
climb,처제전용04,22ee27f94fa8c1ec968e51e6fcdf1e50,2026-06-28,256,101499756306,45.559,,
climb,처제전용04,22ee27f94fa8c1ec968e51e6fcdf1e50,2026-06-29,256,101499756306,45.559,,
climb,처제전용04,22ee27f94fa8c1ec968e51e6fcdf1e50,2026-06-30,256,101499756306,45.559,,
climb,처제전용04,22ee27f94fa8c1ec968e51e6fcdf1e50,2026-07-01,256,101499756306,45.559,,
climb,처제전용04,22ee27f94fa8c1ec968e51e6fcdf1e50,2026-07-02,256,101499756306,45.559,,
climb,처제전용04,22ee27f94fa8c1ec968e51e6fcdf1e50,2026-07-03,256,101499756306,45.559,,
climb,처제전용04,22ee27f94fa8c1ec968e51e6fcdf1e50,2026-07-04,256,101499756306,45.559,1508678,
climb,처제전용04,22ee27f94fa8c1ec968e51e6fcdf1e50,2026-07-05,256,101499756306,45.559,,
climb,처제전용04,22ee27f94fa8c1ec968e51e6fcdf1e50,2026-07-06,256,101499756306,45.559,,
climb,처제전용04,22ee27f94fa8c1ec968e51e6fcdf1e50,2026-07-07,256,101499756306,45.559,,
climb,처제전용04,22ee27f94fa8c1ec968e51e6fcdf1e50,2026-07-08,256,101499756306,45.559,,
climb,처제전용04,22ee27f94fa8c1ec968e51e6fcdf1e50,2026-07-09,256,101499756306,45.559,,
climb,처제전용04,22ee27f94fa8c1ec968e51e6fcdf1e50,2026-07-10,256,101499756306,45.559,,
climb,처제전용04,22ee27f94fa8c1ec968e51e6fcdf1e50,2026-07-11,256,101499756306,45.559,,
climb,처제전용04,22ee27f94fa8c1ec968e51e6fcdf1e50,2026-07-12,256,101499756306,45.559,1508678,
climb,처제전용04,22ee27f94fa8c1ec968e51e6fcdf1e50,2026-07-13,256,101499756306,45.559,,
climb,처제전용04,22ee27f94fa8c1ec968e51e6fcdf1e50,2026-07-14,256,101499756306,45.559,,
climb,처제전용04,22ee27f94fa8c1ec968e51e6fcdf1e50,2026-07-15,256,101499756306,45.559,,
climb,처제전용04,22ee27f94fa8c1ec968e51e6fcdf1e50,2026-07-16,256,101499756306,45.559,,
climb,처제전용04,22ee27f94fa8c1ec968e51e6fcdf1e50,2026-07-17,256,101499756306,45.559,,
climb,처제전용04,22ee27f94fa8c1ec968e51e6fcdf1e50,2026-07-18,256,101499756306,45.559,,
climb,처제전용04,22ee27f94fa8c1ec968e51e6fcdf1e50,2026-07-19,256,101499756306,45.559,,
climb,처제전용04,22ee27f94fa8c1ec968e51e6fcdf1e50,2026-07-20,256,101499756306,45.559,1521248,
climb,처제전용04,22ee27f94fa8c1ec968e51e6fcdf1e50,2026-07-21,256,101499756306,45.559,,
climb,처제전용04,22ee27f94fa8c1ec968e51e6fcdf1e50,2026-07-22,256,101499756306,45.559,,
climb,민선영585,6bca448fe48ca75d1fece04eff4801e2,2026-06-18,256,84496972708,37.927,5936593,
climb,민선영585,6bca448fe48ca75d1fece04eff4801e2,2026-06-19,256,87443765063,39.250,,
climb,민선영585,6bca448fe48ca75d1fece04eff4801e2,2026-06-20,256,89592074152,40.214,,
climb,민선영585,6bca448fe48ca75d1fece04eff4801e2,2026-06-21,256,91667807760,41.146,,
climb,민선영585,6bca448fe48ca75d1fece04eff4801e2,2026-06-22,256,93550840519,41.991,,
climb,민선영585,6bca448fe48ca75d1fece04eff4801e2,2026-06-23,256,96983825727,43.532,,
climb,민선영585,6bca448fe48ca75d1fece04eff4801e2,2026-06-24,256,99259036835,44.554,,
climb,민선영585,6bca448fe48ca75d1fece04eff4801e2,2026-06-25,256,100303946107,45.023,,
climb,민선영585,6bca448fe48ca75d1fece04eff4801e2,2026-06-26,256,107070573559,48.060,5304782,
climb,민선영585,6bca448fe48ca75d1fece04eff4801e2,2026-06-27,256,109311683749,49.066,,
climb,민선영585,6bca448fe48ca75d1fece04eff4801e2,2026-06-28,256,123421866830,55.399,,
climb,민선영585,6bca448fe48ca75d1fece04eff4801e2,2026-06-29,256,126621235513,56.835,,
climb,민선영585,6bca448fe48ca75d1fece04eff4801e2,2026-06-30,256,128785320261,57.807,,
climb,민선영585,6bca448fe48ca75d1fece04eff4801e2,2026-07-01,256,130719497337,58.675,,
climb,민선영585,6bca448fe48ca75d1fece04eff4801e2,2026-07-02,256,131537012388,59.042,,
climb,민선영585,6bca448fe48ca75d1fece04eff4801e2,2026-07-03,256,133575054034,59.957,,
climb,민선영585,6bca448fe48ca75d1fece04eff4801e2,2026-07-04,256,140169946423,62.917,5165183,
climb,민선영585,6bca448fe48ca75d1fece04eff4801e2,2026-07-05,256,143232009286,64.291,,
climb,민선영585,6bca448fe48ca75d1fece04eff4801e2,2026-07-06,256,145860029854,65.471,,
climb,민선영585,6bca448fe48ca75d1fece04eff4801e2,2026-07-07,256,147982980477,66.424,,
climb,민선영585,6bca448fe48ca75d1fece04eff4801e2,2026-07-08,256,149927557706,67.297,,
climb,민선영585,6bca448fe48ca75d1fece04eff4801e2,2026-07-09,256,155522102848,69.808,,
climb,민선영585,6bca448fe48ca75d1fece04eff4801e2,2026-07-10,256,159031785506,71.383,,
climb,민선영585,6bca448fe48ca75d1fece04eff4801e2,2026-07-11,256,161193283653,72.353,,
climb,민선영585,6bca448fe48ca75d1fece04eff4801e2,2026-07-12,257,14044036754,6.120,5168172,
climb,민선영585,6bca448fe48ca75d1fece04eff4801e2,2026-07-13,257,15936561436,6.945,,
climb,민선영585,6bca448fe48ca75d1fece04eff4801e2,2026-07-14,257,19504221924,8.500,,
climb,민선영585,6bca448fe48ca75d1fece04eff4801e2,2026-07-15,257,21686426039,9.451,,
climb,민선영585,6bca448fe48ca75d1fece04eff4801e2,2026-07-16,257,22621245283,9.858,,
climb,민선영585,6bca448fe48ca75d1fece04eff4801e2,2026-07-17,257,30735454757,13.394,,
climb,민선영585,6bca448fe48ca75d1fece04eff4801e2,2026-07-18,257,32763357269,14.278,,
climb,민선영585,6bca448fe48ca75d1fece04eff4801e2,2026-07-19,257,113385447100,49.412,,
climb,민선영585,6bca448fe48ca75d1fece04eff4801e2,2026-07-20,257,115781101987,50.456,5203595,
climb,민선영585,6bca448fe48ca75d1fece04eff4801e2,2026-07-21,257,117882318570,51.372,,
climb,민선영585,6bca448fe48ca75d1fece04eff4801e2,2026-07-22,257,119828624862,52.220,,
climb,진과일박쥐,a4e3f084fc9031d7eefb9b4d8688be08,2026-06-18,256,95403362019,42.823,0,
climb,진과일박쥐,a4e3f084fc9031d7eefb9b4d8688be08,2026-06-19,256,95403362019,42.823,,
climb,진과일박쥐,a4e3f084fc9031d7eefb9b4d8688be08,2026-06-20,256,95403362019,42.823,,
climb,진과일박쥐,a4e3f084fc9031d7eefb9b4d8688be08,2026-06-21,256,95403362019,42.823,,
climb,진과일박쥐,a4e3f084fc9031d7eefb9b4d8688be08,2026-06-22,256,95403362019,42.823,,
climb,진과일박쥐,a4e3f084fc9031d7eefb9b4d8688be08,2026-06-23,256,95403362019,42.823,,
climb,진과일박쥐,a4e3f084fc9031d7eefb9b4d8688be08,2026-06-24,256,95403362019,42.823,,
climb,진과일박쥐,a4e3f084fc9031d7eefb9b4d8688be08,2026-06-25,256,95403362019,42.823,,
climb,진과일박쥐,a4e3f084fc9031d7eefb9b4d8688be08,2026-06-26,256,95403362019,42.823,0,
climb,진과일박쥐,a4e3f084fc9031d7eefb9b4d8688be08,2026-06-27,256,95403362019,42.823,,
climb,진과일박쥐,a4e3f084fc9031d7eefb9b4d8688be08,2026-06-28,256,95403362019,42.823,,
climb,진과일박쥐,a4e3f084fc9031d7eefb9b4d8688be08,2026-06-29,256,95403362019,42.823,,
climb,진과일박쥐,a4e3f084fc9031d7eefb9b4d8688be08,2026-06-30,256,95403362019,42.823,,
climb,진과일박쥐,a4e3f084fc9031d7eefb9b4d8688be08,2026-07-01,256,95403362019,42.823,,
climb,진과일박쥐,a4e3f084fc9031d7eefb9b4d8688be08,2026-07-02,256,95403362019,42.823,,
climb,진과일박쥐,a4e3f084fc9031d7eefb9b4d8688be08,2026-07-03,256,95403362019,42.823,,
climb,진과일박쥐,a4e3f084fc9031d7eefb9b4d8688be08,2026-07-04,256,95403362019,42.823,0,
climb,진과일박쥐,a4e3f084fc9031d7eefb9b4d8688be08,2026-07-05,256,95403362019,42.823,,
climb,진과일박쥐,a4e3f084fc9031d7eefb9b4d8688be08,2026-07-06,256,95403362019,42.823,,
climb,진과일박쥐,a4e3f084fc9031d7eefb9b4d8688be08,2026-07-07,256,95403362019,42.823,,
climb,진과일박쥐,a4e3f084fc9031d7eefb9b4d8688be08,2026-07-08,256,95403362019,42.823,,
climb,진과일박쥐,a4e3f084fc9031d7eefb9b4d8688be08,2026-07-09,256,95403362019,42.823,,
climb,진과일박쥐,a4e3f084fc9031d7eefb9b4d8688be08,2026-07-10,256,95403362019,42.823,,
climb,진과일박쥐,a4e3f084fc9031d7eefb9b4d8688be08,2026-07-11,256,95403362019,42.823,,
climb,진과일박쥐,a4e3f084fc9031d7eefb9b4d8688be08,2026-07-12,256,95403362019,42.823,0,
climb,진과일박쥐,a4e3f084fc9031d7eefb9b4d8688be08,2026-07-13,256,95403362019,42.823,,
climb,진과일박쥐,a4e3f084fc9031d7eefb9b4d8688be08,2026-07-14,256,95403362019,42.823,,
climb,진과일박쥐,a4e3f084fc9031d7eefb9b4d8688be08,2026-07-15,256,95403362019,42.823,,
climb,진과일박쥐,a4e3f084fc9031d7eefb9b4d8688be08,2026-07-16,256,95403362019,42.823,,
climb,진과일박쥐,a4e3f084fc9031d7eefb9b4d8688be08,2026-07-17,256,95403362019,42.823,,
climb,진과일박쥐,a4e3f084fc9031d7eefb9b4d8688be08,2026-07-18,256,95403362019,42.823,,
climb,진과일박쥐,a4e3f084fc9031d7eefb9b4d8688be08,2026-07-19,256,95403362019,42.823,,
climb,진과일박쥐,a4e3f084fc9031d7eefb9b4d8688be08,2026-07-20,256,95403362019,42.823,0,
climb,진과일박쥐,a4e3f084fc9031d7eefb9b4d8688be08,2026-07-21,256,95403362019,42.823,,
climb,진과일박쥐,a4e3f084fc9031d7eefb9b4d8688be08,2026-07-22,256,95403362019,42.823,,
climb,킹갓전룡,8a0708286b479aaf6798fa54ce4dac60efe8d04e6d233bd35cf2fabdeb93fb0d,2026-06-18,256,94687036214,42.501,5690950,
climb,킹갓전룡,8a0708286b479aaf6798fa54ce4dac60efe8d04e6d233bd35cf2fabdeb93fb0d,2026-06-19,256,94687036214,42.501,,
climb,킹갓전룡,8a0708286b479aaf6798fa54ce4dac60efe8d04e6d233bd35cf2fabdeb93fb0d,2026-06-20,256,94687036214,42.501,,
climb,킹갓전룡,8a0708286b479aaf6798fa54ce4dac60efe8d04e6d233bd35cf2fabdeb93fb0d,2026-06-21,256,94687036214,42.501,,
climb,킹갓전룡,8a0708286b479aaf6798fa54ce4dac60efe8d04e6d233bd35cf2fabdeb93fb0d,2026-06-22,256,94687036214,42.501,,
climb,킹갓전룡,8a0708286b479aaf6798fa54ce4dac60efe8d04e6d233bd35cf2fabdeb93fb0d,2026-06-23,256,94687036214,42.501,,
climb,킹갓전룡,8a0708286b479aaf6798fa54ce4dac60efe8d04e6d233bd35cf2fabdeb93fb0d,2026-06-24,256,94687036214,42.501,,
climb,킹갓전룡,8a0708286b479aaf6798fa54ce4dac60efe8d04e6d233bd35cf2fabdeb93fb0d,2026-06-25,256,94687036214,42.501,,
climb,킹갓전룡,8a0708286b479aaf6798fa54ce4dac60efe8d04e6d233bd35cf2fabdeb93fb0d,2026-06-26,256,94687036214,42.501,5690950,
climb,킹갓전룡,8a0708286b479aaf6798fa54ce4dac60efe8d04e6d233bd35cf2fabdeb93fb0d,2026-06-27,256,94687036214,42.501,,
climb,킹갓전룡,8a0708286b479aaf6798fa54ce4dac60efe8d04e6d233bd35cf2fabdeb93fb0d,2026-06-28,256,94687036214,42.501,,
climb,킹갓전룡,8a0708286b479aaf6798fa54ce4dac60efe8d04e6d233bd35cf2fabdeb93fb0d,2026-06-29,256,94687036214,42.501,,
climb,킹갓전룡,8a0708286b479aaf6798fa54ce4dac60efe8d04e6d233bd35cf2fabdeb93fb0d,2026-06-30,256,94687036214,42.501,,
climb,킹갓전룡,8a0708286b479aaf6798fa54ce4dac60efe8d04e6d233bd35cf2fabdeb93fb0d,2026-07-01,256,94687036214,42.501,,
climb,킹갓전룡,8a0708286b479aaf6798fa54ce4dac60efe8d04e6d233bd35cf2fabdeb93fb0d,2026-07-02,256,94687036214,42.501,,
climb,킹갓전룡,8a0708286b479aaf6798fa54ce4dac60efe8d04e6d233bd35cf2fabdeb93fb0d,2026-07-03,256,94687036214,42.501,,
climb,킹갓전룡,8a0708286b479aaf6798fa54ce4dac60efe8d04e6d233bd35cf2fabdeb93fb0d,2026-07-04,256,94687036214,42.501,5690950,
climb,킹갓전룡,8a0708286b479aaf6798fa54ce4dac60efe8d04e6d233bd35cf2fabdeb93fb0d,2026-07-05,256,94687036214,42.501,,
climb,킹갓전룡,8a0708286b479aaf6798fa54ce4dac60efe8d04e6d233bd35cf2fabdeb93fb0d,2026-07-06,256,94687036214,42.501,,
climb,킹갓전룡,8a0708286b479aaf6798fa54ce4dac60efe8d04e6d233bd35cf2fabdeb93fb0d,2026-07-07,256,94687036214,42.501,,
climb,킹갓전룡,8a0708286b479aaf6798fa54ce4dac60efe8d04e6d233bd35cf2fabdeb93fb0d,2026-07-08,256,94687036214,42.501,,
climb,킹갓전룡,8a0708286b479aaf6798fa54ce4dac60efe8d04e6d233bd35cf2fabdeb93fb0d,2026-07-09,256,94687036214,42.501,,
climb,킹갓전룡,8a0708286b479aaf6798fa54ce4dac60efe8d04e6d233bd35cf2fabdeb93fb0d,2026-07-10,256,94687036214,42.501,,
climb,킹갓전룡,8a0708286b479aaf6798fa54ce4dac60efe8d04e6d233bd35cf2fabdeb93fb0d,2026-07-11,256,94687036214,42.501,,
climb,킹갓전룡,8a0708286b479aaf6798fa54ce4dac60efe8d04e6d233bd35cf2fabdeb93fb0d,2026-07-12,256,94687036214,42.501,5690950,
climb,킹갓전룡,8a0708286b479aaf6798fa54ce4dac60efe8d04e6d233bd35cf2fabdeb93fb0d,2026-07-13,256,94687036214,42.501,,
climb,킹갓전룡,8a0708286b479aaf6798fa54ce4dac60efe8d04e6d233bd35cf2fabdeb93fb0d,2026-07-14,256,94687036214,42.501,,
climb,킹갓전룡,8a0708286b479aaf6798fa54ce4dac60efe8d04e6d233bd35cf2fabdeb93fb0d,2026-07-15,256,94687036214,42.501,,
climb,킹갓전룡,8a0708286b479aaf6798fa54ce4dac60efe8d04e6d233bd35cf2fabdeb93fb0d,2026-07-16,256,94687036214,42.501,,
climb,킹갓전룡,8a0708286b479aaf6798fa54ce4dac60efe8d04e6d233bd35cf2fabdeb93fb0d,2026-07-17,256,94687036214,42.501,,
climb,킹갓전룡,8a0708286b479aaf6798fa54ce4dac60efe8d04e6d233bd35cf2fabdeb93fb0d,2026-07-18,256,94687036214,42.501,,
climb,킹갓전룡,8a0708286b479aaf6798fa54ce4dac60efe8d04e6d233bd35cf2fabdeb93fb0d,2026-07-19,256,94687036214,42.501,,
climb,킹갓전룡,8a0708286b479aaf6798fa54ce4dac60efe8d04e6d233bd35cf2fabdeb93fb0d,2026-07-20,256,94687036214,42.501,5690950,
climb,킹갓전룡,8a0708286b479aaf6798fa54ce4dac60efe8d04e6d233bd35cf2fabdeb93fb0d,2026-07-21,256,94687036214,42.501,,
climb,킹갓전룡,8a0708286b479aaf6798fa54ce4dac60efe8d04e6d233bd35cf2fabdeb93fb0d,2026-07-22,256,94687036214,42.501,,
climb,히스이야캐요,313e6abcc43d56084f4443a5f2c8d4dd,2026-06-18,256,71010838641,31.874,0,
climb,히스이야캐요,313e6abcc43d56084f4443a5f2c8d4dd,2026-06-19,256,71010838641,31.874,,
climb,히스이야캐요,313e6abcc43d56084f4443a5f2c8d4dd,2026-06-20,256,71010838641,31.874,,
climb,히스이야캐요,313e6abcc43d56084f4443a5f2c8d4dd,2026-06-21,256,71010838641,31.874,,
climb,히스이야캐요,313e6abcc43d56084f4443a5f2c8d4dd,2026-06-22,256,71010838641,31.874,,
climb,히스이야캐요,313e6abcc43d56084f4443a5f2c8d4dd,2026-06-23,256,71010838641,31.874,,
climb,히스이야캐요,313e6abcc43d56084f4443a5f2c8d4dd,2026-06-24,256,71010838641,31.874,,
climb,히스이야캐요,313e6abcc43d56084f4443a5f2c8d4dd,2026-06-25,256,71010838641,31.874,,
climb,히스이야캐요,313e6abcc43d56084f4443a5f2c8d4dd,2026-06-26,256,71010838641,31.874,0,
climb,히스이야캐요,313e6abcc43d56084f4443a5f2c8d4dd,2026-06-27,256,71010838641,31.874,,
climb,히스이야캐요,313e6abcc43d56084f4443a5f2c8d4dd,2026-06-28,256,71010838641,31.874,,
climb,히스이야캐요,313e6abcc43d56084f4443a5f2c8d4dd,2026-06-29,256,71010838641,31.874,,
climb,히스이야캐요,313e6abcc43d56084f4443a5f2c8d4dd,2026-06-30,256,71010838641,31.874,,
climb,히스이야캐요,313e6abcc43d56084f4443a5f2c8d4dd,2026-07-01,256,71010838641,31.874,,
climb,히스이야캐요,313e6abcc43d56084f4443a5f2c8d4dd,2026-07-02,256,71010838641,31.874,,
climb,히스이야캐요,313e6abcc43d56084f4443a5f2c8d4dd,2026-07-03,256,71010838641,31.874,,
climb,히스이야캐요,313e6abcc43d56084f4443a5f2c8d4dd,2026-07-04,256,71010838641,31.874,0,
climb,히스이야캐요,313e6abcc43d56084f4443a5f2c8d4dd,2026-07-05,256,71010838641,31.874,,
climb,히스이야캐요,313e6abcc43d56084f4443a5f2c8d4dd,2026-07-06,256,71010838641,31.874,,
climb,히스이야캐요,313e6abcc43d56084f4443a5f2c8d4dd,2026-07-07,256,71010838641,31.874,,
climb,히스이야캐요,313e6abcc43d56084f4443a5f2c8d4dd,2026-07-08,256,71010838641,31.874,,
climb,히스이야캐요,313e6abcc43d56084f4443a5f2c8d4dd,2026-07-09,256,71010838641,31.874,,
climb,히스이야캐요,313e6abcc43d56084f4443a5f2c8d4dd,2026-07-10,256,71010838641,31.874,,
climb,히스이야캐요,313e6abcc43d56084f4443a5f2c8d4dd,2026-07-11,256,71010838641,31.874,,
climb,히스이야캐요,313e6abcc43d56084f4443a5f2c8d4dd,2026-07-12,256,71010838641,31.874,0,
climb,히스이야캐요,313e6abcc43d56084f4443a5f2c8d4dd,2026-07-13,256,71010838641,31.874,,
climb,히스이야캐요,313e6abcc43d56084f4443a5f2c8d4dd,2026-07-14,256,71010838641,31.874,,
climb,히스이야캐요,313e6abcc43d56084f4443a5f2c8d4dd,2026-07-15,256,71010838641,31.874,,
climb,히스이야캐요,313e6abcc43d56084f4443a5f2c8d4dd,2026-07-16,256,71010838641,31.874,,
climb,히스이야캐요,313e6abcc43d56084f4443a5f2c8d4dd,2026-07-17,256,71010838641,31.874,,
climb,히스이야캐요,313e6abcc43d56084f4443a5f2c8d4dd,2026-07-18,256,71010838641,31.874,,
climb,히스이야캐요,313e6abcc43d56084f4443a5f2c8d4dd,2026-07-19,256,71010838641,31.874,,
climb,히스이야캐요,313e6abcc43d56084f4443a5f2c8d4dd,2026-07-20,256,71010838641,31.874,0,
climb,히스이야캐요,313e6abcc43d56084f4443a5f2c8d4dd,2026-07-21,256,71010838641,31.874,,
climb,히스이야캐요,313e6abcc43d56084f4443a5f2c8d4dd,2026-07-22,256,71010838641,31.874,,
climb,OVYIYVO,478d94813ab5ff62c54d06e04b2aa027,2026-06-18,256,84079514566,37.740,36449,
climb,OVYIYVO,478d94813ab5ff62c54d06e04b2aa027,2026-06-19,256,84079514566,37.740,,
climb,OVYIYVO,478d94813ab5ff62c54d06e04b2aa027,2026-06-20,256,84079514566,37.740,,
climb,OVYIYVO,478d94813ab5ff62c54d06e04b2aa027,2026-06-21,256,84079514566,37.740,,
climb,OVYIYVO,478d94813ab5ff62c54d06e04b2aa027,2026-06-22,256,84079514566,37.740,,
climb,OVYIYVO,478d94813ab5ff62c54d06e04b2aa027,2026-06-23,256,84079514566,37.740,,
climb,OVYIYVO,478d94813ab5ff62c54d06e04b2aa027,2026-06-24,256,84079514566,37.740,,
climb,OVYIYVO,478d94813ab5ff62c54d06e04b2aa027,2026-06-25,256,84079514566,37.740,,
climb,OVYIYVO,478d94813ab5ff62c54d06e04b2aa027,2026-06-26,256,84079514566,37.740,36449,
climb,OVYIYVO,478d94813ab5ff62c54d06e04b2aa027,2026-06-27,256,84079514566,37.740,,
climb,OVYIYVO,478d94813ab5ff62c54d06e04b2aa027,2026-06-28,256,84079514566,37.740,,
climb,OVYIYVO,478d94813ab5ff62c54d06e04b2aa027,2026-06-29,256,84079514566,37.740,,
climb,OVYIYVO,478d94813ab5ff62c54d06e04b2aa027,2026-06-30,256,84079514566,37.740,,
climb,OVYIYVO,478d94813ab5ff62c54d06e04b2aa027,2026-07-01,256,84079514566,37.740,,
climb,OVYIYVO,478d94813ab5ff62c54d06e04b2aa027,2026-07-02,256,84079514566,37.740,,
climb,OVYIYVO,478d94813ab5ff62c54d06e04b2aa027,2026-07-03,256,84079514566,37.740,,
climb,OVYIYVO,478d94813ab5ff62c54d06e04b2aa027,2026-07-04,256,84079514566,37.740,36449,
climb,OVYIYVO,478d94813ab5ff62c54d06e04b2aa027,2026-07-05,256,84079514566,37.740,,
climb,OVYIYVO,478d94813ab5ff62c54d06e04b2aa027,2026-07-06,256,84079514566,37.740,,
climb,OVYIYVO,478d94813ab5ff62c54d06e04b2aa027,2026-07-07,256,84079514566,37.740,,
climb,OVYIYVO,478d94813ab5ff62c54d06e04b2aa027,2026-07-08,256,84079514566,37.740,,
climb,OVYIYVO,478d94813ab5ff62c54d06e04b2aa027,2026-07-09,256,84079514566,37.740,,
climb,OVYIYVO,478d94813ab5ff62c54d06e04b2aa027,2026-07-10,256,84079514566,37.740,,
climb,OVYIYVO,478d94813ab5ff62c54d06e04b2aa027,2026-07-11,256,84079514566,37.740,,
climb,OVYIYVO,478d94813ab5ff62c54d06e04b2aa027,2026-07-12,256,84079514566,37.740,36449,
climb,OVYIYVO,478d94813ab5ff62c54d06e04b2aa027,2026-07-13,256,84079514566,37.740,,
climb,OVYIYVO,478d94813ab5ff62c54d06e04b2aa027,2026-07-14,256,84079514566,37.740,,
climb,OVYIYVO,478d94813ab5ff62c54d06e04b2aa027,2026-07-15,256,84079514566,37.740,,
climb,OVYIYVO,478d94813ab5ff62c54d06e04b2aa027,2026-07-16,256,84079514566,37.740,,
climb,OVYIYVO,478d94813ab5ff62c54d06e04b2aa027,2026-07-17,256,84079514566,37.740,,
climb,OVYIYVO,478d94813ab5ff62c54d06e04b2aa027,2026-07-18,256,84079514566,37.740,,
climb,OVYIYVO,478d94813ab5ff62c54d06e04b2aa027,2026-07-19,256,84079514566,37.740,,
climb,OVYIYVO,478d94813ab5ff62c54d06e04b2aa027,2026-07-20,256,84079514566,37.740,36449,
climb,OVYIYVO,478d94813ab5ff62c54d06e04b2aa027,2026-07-21,256,84079514566,37.740,,
climb,OVYIYVO,478d94813ab5ff62c54d06e04b2aa027,2026-07-22,256,84079514566,37.740,,
climb,제논여유삼촌,b4e6f053b4f84352282325d587deeff5efe8d04e6d233bd35cf2fabdeb93fb0d,2026-06-18,256,45938493328,20.620,5592783,
climb,제논여유삼촌,b4e6f053b4f84352282325d587deeff5efe8d04e6d233bd35cf2fabdeb93fb0d,2026-06-19,256,125390736952,56.283,,
climb,제논여유삼촌,b4e6f053b4f84352282325d587deeff5efe8d04e6d233bd35cf2fabdeb93fb0d,2026-06-20,256,163445934916,73.365,,
climb,제논여유삼촌,b4e6f053b4f84352282325d587deeff5efe8d04e6d233bd35cf2fabdeb93fb0d,2026-06-21,256,201941760603,90.644,,
climb,제논여유삼촌,b4e6f053b4f84352282325d587deeff5efe8d04e6d233bd35cf2fabdeb93fb0d,2026-06-22,257,16983508476,7.401,,
climb,제논여유삼촌,b4e6f053b4f84352282325d587deeff5efe8d04e6d233bd35cf2fabdeb93fb0d,2026-06-23,257,45291259837,19.737,,
climb,제논여유삼촌,b4e6f053b4f84352282325d587deeff5efe8d04e6d233bd35cf2fabdeb93fb0d,2026-06-24,257,73688752753,32.113,,
climb,제논여유삼촌,b4e6f053b4f84352282325d587deeff5efe8d04e6d233bd35cf2fabdeb93fb0d,2026-06-25,257,105114867242,45.808,,
climb,제논여유삼촌,b4e6f053b4f84352282325d587deeff5efe8d04e6d233bd35cf2fabdeb93fb0d,2026-06-26,257,133564831007,58.206,7785837,
climb,제논여유삼촌,b4e6f053b4f84352282325d587deeff5efe8d04e6d233bd35cf2fabdeb93fb0d,2026-06-27,257,162093960925,70.639,,
climb,제논여유삼촌,b4e6f053b4f84352282325d587deeff5efe8d04e6d233bd35cf2fabdeb93fb0d,2026-06-28,257,196509262087,85.636,,
climb,제논여유삼촌,b4e6f053b4f84352282325d587deeff5efe8d04e6d233bd35cf2fabdeb93fb0d,2026-06-29,258,2542470962,1.076,,
climb,제논여유삼촌,b4e6f053b4f84352282325d587deeff5efe8d04e6d233bd35cf2fabdeb93fb0d,2026-06-30,258,38359112171,16.230,,
climb,제논여유삼촌,b4e6f053b4f84352282325d587deeff5efe8d04e6d233bd35cf2fabdeb93fb0d,2026-07-01,258,72448357452,30.653,,
climb,제논여유삼촌,b4e6f053b4f84352282325d587deeff5efe8d04e6d233bd35cf2fabdeb93fb0d,2026-07-02,258,108399310851,45.863,,
climb,제논여유삼촌,b4e6f053b4f84352282325d587deeff5efe8d04e6d233bd35cf2fabdeb93fb0d,2026-07-03,258,144649854798,61.201,,
climb,제논여유삼촌,b4e6f053b4f84352282325d587deeff5efe8d04e6d233bd35cf2fabdeb93fb0d,2026-07-04,258,178559289458,75.547,7603558,
climb,제논여유삼촌,b4e6f053b4f84352282325d587deeff5efe8d04e6d233bd35cf2fabdeb93fb0d,2026-07-05,258,214693436920,90.836,,
climb,제논여유삼촌,b4e6f053b4f84352282325d587deeff5efe8d04e6d233bd35cf2fabdeb93fb0d,2026-07-06,259,14111553972,5.797,,
climb,제논여유삼촌,b4e6f053b4f84352282325d587deeff5efe8d04e6d233bd35cf2fabdeb93fb0d,2026-07-07,259,48005590650,19.719,,
climb,제논여유삼촌,b4e6f053b4f84352282325d587deeff5efe8d04e6d233bd35cf2fabdeb93fb0d,2026-07-08,259,84012804164,34.510,,
climb,제논여유삼촌,b4e6f053b4f84352282325d587deeff5efe8d04e6d233bd35cf2fabdeb93fb0d,2026-07-09,259,120026179169,49.303,,
climb,제논여유삼촌,b4e6f053b4f84352282325d587deeff5efe8d04e6d233bd35cf2fabdeb93fb0d,2026-07-10,259,155591194254,63.912,,
climb,제논여유삼촌,b4e6f053b4f84352282325d587deeff5efe8d04e6d233bd35cf2fabdeb93fb0d,2026-07-11,259,192872242228,79.226,,
climb,제논여유삼촌,b4e6f053b4f84352282325d587deeff5efe8d04e6d233bd35cf2fabdeb93fb0d,2026-07-12,259,192872242228,79.226,7605413,
climb,제논여유삼촌,b4e6f053b4f84352282325d587deeff5efe8d04e6d233bd35cf2fabdeb93fb0d,2026-07-13,259,230505008138,94.685,,
climb,제논여유삼촌,b4e6f053b4f84352282325d587deeff5efe8d04e6d233bd35cf2fabdeb93fb0d,2026-07-14,260,517171971213,29.861,,
climb,제논여유삼촌,b4e6f053b4f84352282325d587deeff5efe8d04e6d233bd35cf2fabdeb93fb0d,2026-07-15,260,543741970857,31.395,,
climb,제논여유삼촌,b4e6f053b4f84352282325d587deeff5efe8d04e6d233bd35cf2fabdeb93fb0d,2026-07-16,260,570921197780,32.965,,
climb,제논여유삼촌,b4e6f053b4f84352282325d587deeff5efe8d04e6d233bd35cf2fabdeb93fb0d,2026-07-17,260,598718990792,34.570,,
climb,제논여유삼촌,b4e6f053b4f84352282325d587deeff5efe8d04e6d233bd35cf2fabdeb93fb0d,2026-07-18,260,598718990792,34.570,,
climb,제논여유삼촌,b4e6f053b4f84352282325d587deeff5efe8d04e6d233bd35cf2fabdeb93fb0d,2026-07-19,260,631789798681,36.479,,
climb,제논여유삼촌,b4e6f053b4f84352282325d587deeff5efe8d04e6d233bd35cf2fabdeb93fb0d,2026-07-20,260,659617627586,38.086,8615979,
climb,제논여유삼촌,b4e6f053b4f84352282325d587deeff5efe8d04e6d233bd35cf2fabdeb93fb0d,2026-07-21,260,751833708803,43.410,,
climb,제논여유삼촌,b4e6f053b4f84352282325d587deeff5efe8d04e6d233bd35cf2fabdeb93fb0d,2026-07-22,260,784383993757,45.290,,
climb,보보보봅보복,18b1dd243f649e4d29e24c8b4aa96c21,2026-06-18,256,81434252126,36.553,31619,
climb,보보보봅보복,18b1dd243f649e4d29e24c8b4aa96c21,2026-06-19,256,81434252126,36.553,,
climb,보보보봅보복,18b1dd243f649e4d29e24c8b4aa96c21,2026-06-20,256,81434252126,36.553,,
climb,보보보봅보복,18b1dd243f649e4d29e24c8b4aa96c21,2026-06-21,256,81434252126,36.553,,
climb,보보보봅보복,18b1dd243f649e4d29e24c8b4aa96c21,2026-06-22,256,81434252126,36.553,,
climb,보보보봅보복,18b1dd243f649e4d29e24c8b4aa96c21,2026-06-23,256,81434252126,36.553,,
climb,보보보봅보복,18b1dd243f649e4d29e24c8b4aa96c21,2026-06-24,256,81434252126,36.553,,
climb,보보보봅보복,18b1dd243f649e4d29e24c8b4aa96c21,2026-06-25,256,81434252126,36.553,,
climb,보보보봅보복,18b1dd243f649e4d29e24c8b4aa96c21,2026-06-26,256,81434252126,36.553,31619,
climb,보보보봅보복,18b1dd243f649e4d29e24c8b4aa96c21,2026-06-27,256,81434252126,36.553,,
climb,보보보봅보복,18b1dd243f649e4d29e24c8b4aa96c21,2026-06-28,256,81434252126,36.553,,
climb,보보보봅보복,18b1dd243f649e4d29e24c8b4aa96c21,2026-06-29,256,81434252126,36.553,,
climb,보보보봅보복,18b1dd243f649e4d29e24c8b4aa96c21,2026-06-30,256,81434252126,36.553,,
climb,보보보봅보복,18b1dd243f649e4d29e24c8b4aa96c21,2026-07-01,256,81434252126,36.553,,
climb,보보보봅보복,18b1dd243f649e4d29e24c8b4aa96c21,2026-07-02,256,81434252126,36.553,,
climb,보보보봅보복,18b1dd243f649e4d29e24c8b4aa96c21,2026-07-03,256,81434252126,36.553,,
climb,보보보봅보복,18b1dd243f649e4d29e24c8b4aa96c21,2026-07-04,256,81434252126,36.553,31619,
climb,보보보봅보복,18b1dd243f649e4d29e24c8b4aa96c21,2026-07-05,256,81434252126,36.553,,
climb,보보보봅보복,18b1dd243f649e4d29e24c8b4aa96c21,2026-07-06,256,81434252126,36.553,,
climb,보보보봅보복,18b1dd243f649e4d29e24c8b4aa96c21,2026-07-07,256,81434252126,36.553,,
climb,보보보봅보복,18b1dd243f649e4d29e24c8b4aa96c21,2026-07-08,256,81434252126,36.553,,
climb,보보보봅보복,18b1dd243f649e4d29e24c8b4aa96c21,2026-07-09,256,81434252126,36.553,,
climb,보보보봅보복,18b1dd243f649e4d29e24c8b4aa96c21,2026-07-10,256,81434252126,36.553,,
climb,보보보봅보복,18b1dd243f649e4d29e24c8b4aa96c21,2026-07-11,256,81434252126,36.553,,
climb,보보보봅보복,18b1dd243f649e4d29e24c8b4aa96c21,2026-07-12,256,81434252126,36.553,31619,
climb,보보보봅보복,18b1dd243f649e4d29e24c8b4aa96c21,2026-07-13,256,81434252126,36.553,,
climb,보보보봅보복,18b1dd243f649e4d29e24c8b4aa96c21,2026-07-14,256,81434252126,36.553,,
climb,보보보봅보복,18b1dd243f649e4d29e24c8b4aa96c21,2026-07-15,256,81434252126,36.553,,
climb,보보보봅보복,18b1dd243f649e4d29e24c8b4aa96c21,2026-07-16,256,81434252126,36.553,,
climb,보보보봅보복,18b1dd243f649e4d29e24c8b4aa96c21,2026-07-17,256,81434252126,36.553,,
climb,보보보봅보복,18b1dd243f649e4d29e24c8b4aa96c21,2026-07-18,256,81434252126,36.553,,
climb,보보보봅보복,18b1dd243f649e4d29e24c8b4aa96c21,2026-07-19,256,81434252126,36.553,,
climb,보보보봅보복,18b1dd243f649e4d29e24c8b4aa96c21,2026-07-20,256,81434252126,36.553,31619,
climb,보보보봅보복,18b1dd243f649e4d29e24c8b4aa96c21,2026-07-21,256,81434252126,36.553,,
climb,보보보봅보복,18b1dd243f649e4d29e24c8b4aa96c21,2026-07-22,256,81434252126,36.553,,
climb,베이컨치즈X,f27443bc659d451340df33a884a26d7c,2026-06-18,256,75112472657,33.715,2861847,
climb,베이컨치즈X,f27443bc659d451340df33a884a26d7c,2026-06-19,256,75112472657,33.715,,
climb,베이컨치즈X,f27443bc659d451340df33a884a26d7c,2026-06-20,256,75112472657,33.715,,
climb,베이컨치즈X,f27443bc659d451340df33a884a26d7c,2026-06-21,256,75112472657,33.715,,
climb,베이컨치즈X,f27443bc659d451340df33a884a26d7c,2026-06-22,256,75112472657,33.715,,
climb,베이컨치즈X,f27443bc659d451340df33a884a26d7c,2026-06-23,256,75112472657,33.715,,
climb,베이컨치즈X,f27443bc659d451340df33a884a26d7c,2026-06-24,256,75112472657,33.715,,
climb,베이컨치즈X,f27443bc659d451340df33a884a26d7c,2026-06-25,256,75112472657,33.715,,
climb,베이컨치즈X,f27443bc659d451340df33a884a26d7c,2026-06-26,256,75112472657,33.715,2861847,
climb,베이컨치즈X,f27443bc659d451340df33a884a26d7c,2026-06-27,256,75112472657,33.715,,
climb,베이컨치즈X,f27443bc659d451340df33a884a26d7c,2026-06-28,256,75112472657,33.715,,
climb,베이컨치즈X,f27443bc659d451340df33a884a26d7c,2026-06-29,256,75112472657,33.715,,
climb,베이컨치즈X,f27443bc659d451340df33a884a26d7c,2026-06-30,256,75112472657,33.715,,
climb,베이컨치즈X,f27443bc659d451340df33a884a26d7c,2026-07-01,256,75112472657,33.715,,
climb,베이컨치즈X,f27443bc659d451340df33a884a26d7c,2026-07-02,256,75112472657,33.715,,
climb,베이컨치즈X,f27443bc659d451340df33a884a26d7c,2026-07-03,256,75112472657,33.715,,
climb,베이컨치즈X,f27443bc659d451340df33a884a26d7c,2026-07-04,256,75112472657,33.715,2861847,
climb,베이컨치즈X,f27443bc659d451340df33a884a26d7c,2026-07-05,256,75112472657,33.715,,
climb,베이컨치즈X,f27443bc659d451340df33a884a26d7c,2026-07-06,256,75112472657,33.715,,
climb,베이컨치즈X,f27443bc659d451340df33a884a26d7c,2026-07-07,256,75112472657,33.715,,
climb,베이컨치즈X,f27443bc659d451340df33a884a26d7c,2026-07-08,256,75112472657,33.715,,
climb,베이컨치즈X,f27443bc659d451340df33a884a26d7c,2026-07-09,256,75112472657,33.715,,
climb,베이컨치즈X,f27443bc659d451340df33a884a26d7c,2026-07-10,256,75112472657,33.715,,
climb,베이컨치즈X,f27443bc659d451340df33a884a26d7c,2026-07-11,256,75112472657,33.715,,
climb,베이컨치즈X,f27443bc659d451340df33a884a26d7c,2026-07-12,256,75112472657,33.715,2861847,
climb,베이컨치즈X,f27443bc659d451340df33a884a26d7c,2026-07-13,256,75112472657,33.715,,
climb,베이컨치즈X,f27443bc659d451340df33a884a26d7c,2026-07-14,256,75112472657,33.715,,
climb,베이컨치즈X,f27443bc659d451340df33a884a26d7c,2026-07-15,256,75112472657,33.715,,
climb,베이컨치즈X,f27443bc659d451340df33a884a26d7c,2026-07-16,256,75112472657,33.715,,
climb,베이컨치즈X,f27443bc659d451340df33a884a26d7c,2026-07-17,256,75112472657,33.715,,
climb,베이컨치즈X,f27443bc659d451340df33a884a26d7c,2026-07-18,256,75112472657,33.715,,
climb,베이컨치즈X,f27443bc659d451340df33a884a26d7c,2026-07-19,256,75112472657,33.715,,
climb,베이컨치즈X,f27443bc659d451340df33a884a26d7c,2026-07-20,256,75112472657,33.715,2861847,
climb,베이컨치즈X,f27443bc659d451340df33a884a26d7c,2026-07-21,256,75112472657,33.715,,
climb,베이컨치즈X,f27443bc659d451340df33a884a26d7c,2026-07-22,256,75112472657,33.715,,
climb,Wiae플위,7d41d32f5f8616ad2a4c3799ad0702c7,2026-06-18,256,95230895354,42.745,25490975,
climb,Wiae플위,7d41d32f5f8616ad2a4c3799ad0702c7,2026-06-19,256,95230895354,42.745,,
climb,Wiae플위,7d41d32f5f8616ad2a4c3799ad0702c7,2026-06-20,256,95315999714,42.784,,
climb,Wiae플위,7d41d32f5f8616ad2a4c3799ad0702c7,2026-06-21,256,95401104074,42.822,,
climb,Wiae플위,7d41d32f5f8616ad2a4c3799ad0702c7,2026-06-22,256,95486208434,42.860,,
climb,Wiae플위,7d41d32f5f8616ad2a4c3799ad0702c7,2026-06-23,256,95571312794,42.898,,
climb,Wiae플위,7d41d32f5f8616ad2a4c3799ad0702c7,2026-06-24,256,95705084096,42.958,,
climb,Wiae플위,7d41d32f5f8616ad2a4c3799ad0702c7,2026-06-25,256,95705084096,42.958,,
climb,Wiae플위,7d41d32f5f8616ad2a4c3799ad0702c7,2026-06-26,256,95705084096,42.958,26421282,
climb,Wiae플위,7d41d32f5f8616ad2a4c3799ad0702c7,2026-06-27,256,95705084096,42.958,,
climb,Wiae플위,7d41d32f5f8616ad2a4c3799ad0702c7,2026-06-28,256,95795284098,42.999,,
climb,Wiae플위,7d41d32f5f8616ad2a4c3799ad0702c7,2026-06-29,256,95795284098,42.999,,
climb,Wiae플위,7d41d32f5f8616ad2a4c3799ad0702c7,2026-06-30,256,95795284098,42.999,,
climb,Wiae플위,7d41d32f5f8616ad2a4c3799ad0702c7,2026-07-01,256,95833593688,43.016,,
climb,Wiae플위,7d41d32f5f8616ad2a4c3799ad0702c7,2026-07-02,256,95833593688,43.016,,
climb,Wiae플위,7d41d32f5f8616ad2a4c3799ad0702c7,2026-07-03,256,95833593688,43.016,,
climb,Wiae플위,7d41d32f5f8616ad2a4c3799ad0702c7,2026-07-04,256,95833593688,43.016,25491668,
climb,Wiae플위,7d41d32f5f8616ad2a4c3799ad0702c7,2026-07-05,256,95833593688,43.016,,
climb,Wiae플위,7d41d32f5f8616ad2a4c3799ad0702c7,2026-07-06,256,95833593688,43.016,,
climb,Wiae플위,7d41d32f5f8616ad2a4c3799ad0702c7,2026-07-07,256,99865670480,44.826,,
climb,Wiae플위,7d41d32f5f8616ad2a4c3799ad0702c7,2026-07-08,256,99865670480,44.826,,
climb,Wiae플위,7d41d32f5f8616ad2a4c3799ad0702c7,2026-07-09,256,99865670480,44.826,,
climb,Wiae플위,7d41d32f5f8616ad2a4c3799ad0702c7,2026-07-10,256,99865670480,44.826,,
climb,Wiae플위,7d41d32f5f8616ad2a4c3799ad0702c7,2026-07-11,256,99865670480,44.826,,
climb,Wiae플위,7d41d32f5f8616ad2a4c3799ad0702c7,2026-07-12,258,165821161986,70.158,28037107,
climb,Wiae플위,7d41d32f5f8616ad2a4c3799ad0702c7,2026-07-13,258,165821161986,70.158,,
climb,Wiae플위,7d41d32f5f8616ad2a4c3799ad0702c7,2026-07-14,258,223676675514,94.636,,
climb,Wiae플위,7d41d32f5f8616ad2a4c3799ad0702c7,2026-07-15,259,153602022939,63.095,,
climb,Wiae플위,7d41d32f5f8616ad2a4c3799ad0702c7,2026-07-16,260,105795487919,6.109,,
climb,Wiae플위,7d41d32f5f8616ad2a4c3799ad0702c7,2026-07-17,260,853625541308,49.288,,
climb,Wiae플위,7d41d32f5f8616ad2a4c3799ad0702c7,2026-07-18,260,954287784671,55.100,,
climb,Wiae플위,7d41d32f5f8616ad2a4c3799ad0702c7,2026-07-19,261,1481119812945,84.672,,
climb,Wiae플위,7d41d32f5f8616ad2a4c3799ad0702c7,2026-07-20,261,1661826870571,95.003,25484444,
climb,Wiae플위,7d41d32f5f8616ad2a4c3799ad0702c7,2026-07-21,262,51993215259,2.943,,
climb,Wiae플위,7d41d32f5f8616ad2a4c3799ad0702c7,2026-07-22,262,191398743849,10.833,,
climb,현스얼,40fa376d4fb33d596dc2acde45cec068,2026-06-18,256,107184505497,48.111,2021386,
climb,현스얼,40fa376d4fb33d596dc2acde45cec068,2026-06-19,256,107184505497,48.111,,
climb,현스얼,40fa376d4fb33d596dc2acde45cec068,2026-06-20,256,107184505497,48.111,,
climb,현스얼,40fa376d4fb33d596dc2acde45cec068,2026-06-21,256,107184505497,48.111,,
climb,현스얼,40fa376d4fb33d596dc2acde45cec068,2026-06-22,256,107184505497,48.111,,
climb,현스얼,40fa376d4fb33d596dc2acde45cec068,2026-06-23,256,107184505497,48.111,,
climb,현스얼,40fa376d4fb33d596dc2acde45cec068,2026-06-24,256,107184505497,48.111,,
climb,현스얼,40fa376d4fb33d596dc2acde45cec068,2026-06-25,256,107184505497,48.111,,
climb,현스얼,40fa376d4fb33d596dc2acde45cec068,2026-06-26,256,107184505497,48.111,2021386,
climb,현스얼,40fa376d4fb33d596dc2acde45cec068,2026-06-27,256,107184505497,48.111,,
climb,현스얼,40fa376d4fb33d596dc2acde45cec068,2026-06-28,256,107184505497,48.111,,
climb,현스얼,40fa376d4fb33d596dc2acde45cec068,2026-06-29,256,107184505497,48.111,,
climb,현스얼,40fa376d4fb33d596dc2acde45cec068,2026-06-30,256,107184505497,48.111,,
climb,현스얼,40fa376d4fb33d596dc2acde45cec068,2026-07-01,256,107184505497,48.111,,
climb,현스얼,40fa376d4fb33d596dc2acde45cec068,2026-07-02,256,107184505497,48.111,,
climb,현스얼,40fa376d4fb33d596dc2acde45cec068,2026-07-03,256,107184505497,48.111,,
climb,현스얼,40fa376d4fb33d596dc2acde45cec068,2026-07-04,256,107184505497,48.111,2021386,
climb,현스얼,40fa376d4fb33d596dc2acde45cec068,2026-07-05,256,107184505497,48.111,,
climb,현스얼,40fa376d4fb33d596dc2acde45cec068,2026-07-06,256,107184505497,48.111,,
climb,현스얼,40fa376d4fb33d596dc2acde45cec068,2026-07-07,256,107184505497,48.111,,
climb,현스얼,40fa376d4fb33d596dc2acde45cec068,2026-07-08,256,107184505497,48.111,,
climb,현스얼,40fa376d4fb33d596dc2acde45cec068,2026-07-09,256,107184505497,48.111,,
climb,현스얼,40fa376d4fb33d596dc2acde45cec068,2026-07-10,256,107184505497,48.111,,
climb,현스얼,40fa376d4fb33d596dc2acde45cec068,2026-07-11,256,107184505497,48.111,,
climb,현스얼,40fa376d4fb33d596dc2acde45cec068,2026-07-12,256,107184505497,48.111,2021386,
climb,현스얼,40fa376d4fb33d596dc2acde45cec068,2026-07-13,256,107184505497,48.111,,
climb,현스얼,40fa376d4fb33d596dc2acde45cec068,2026-07-14,256,107184505497,48.111,,
climb,현스얼,40fa376d4fb33d596dc2acde45cec068,2026-07-15,256,107184505497,48.111,,
climb,현스얼,40fa376d4fb33d596dc2acde45cec068,2026-07-16,256,107184505497,48.111,,
climb,현스얼,40fa376d4fb33d596dc2acde45cec068,2026-07-17,256,107184505497,48.111,,
climb,현스얼,40fa376d4fb33d596dc2acde45cec068,2026-07-18,256,107184505497,48.111,,
climb,현스얼,40fa376d4fb33d596dc2acde45cec068,2026-07-19,256,107184505497,48.111,,
climb,현스얼,40fa376d4fb33d596dc2acde45cec068,2026-07-20,256,107184505497,48.111,2021386,
climb,현스얼,40fa376d4fb33d596dc2acde45cec068,2026-07-21,256,107184505497,48.111,,
climb,현스얼,40fa376d4fb33d596dc2acde45cec068,2026-07-22,256,107184505497,48.111,,
climb,블래블랴블루,1214f332b95d0b753733d2bad3f76b1eefe8d04e6d233bd35cf2fabdeb93fb0d,2026-06-18,256,96214787520,43.187,41228,
climb,블래블랴블루,1214f332b95d0b753733d2bad3f76b1eefe8d04e6d233bd35cf2fabdeb93fb0d,2026-06-19,256,96214787520,43.187,,
climb,블래블랴블루,1214f332b95d0b753733d2bad3f76b1eefe8d04e6d233bd35cf2fabdeb93fb0d,2026-06-20,256,96214787520,43.187,,
climb,블래블랴블루,1214f332b95d0b753733d2bad3f76b1eefe8d04e6d233bd35cf2fabdeb93fb0d,2026-06-21,256,96214787520,43.187,,
climb,블래블랴블루,1214f332b95d0b753733d2bad3f76b1eefe8d04e6d233bd35cf2fabdeb93fb0d,2026-06-22,256,96214787520,43.187,,
climb,블래블랴블루,1214f332b95d0b753733d2bad3f76b1eefe8d04e6d233bd35cf2fabdeb93fb0d,2026-06-23,256,96214787520,43.187,,
climb,블래블랴블루,1214f332b95d0b753733d2bad3f76b1eefe8d04e6d233bd35cf2fabdeb93fb0d,2026-06-24,256,96214787520,43.187,,
climb,블래블랴블루,1214f332b95d0b753733d2bad3f76b1eefe8d04e6d233bd35cf2fabdeb93fb0d,2026-06-25,256,96214787520,43.187,,
climb,블래블랴블루,1214f332b95d0b753733d2bad3f76b1eefe8d04e6d233bd35cf2fabdeb93fb0d,2026-06-26,256,96214787520,43.187,41228,
climb,블래블랴블루,1214f332b95d0b753733d2bad3f76b1eefe8d04e6d233bd35cf2fabdeb93fb0d,2026-06-27,256,96214787520,43.187,,
climb,블래블랴블루,1214f332b95d0b753733d2bad3f76b1eefe8d04e6d233bd35cf2fabdeb93fb0d,2026-06-28,256,96214787520,43.187,,
climb,블래블랴블루,1214f332b95d0b753733d2bad3f76b1eefe8d04e6d233bd35cf2fabdeb93fb0d,2026-06-29,256,96214787520,43.187,,
climb,블래블랴블루,1214f332b95d0b753733d2bad3f76b1eefe8d04e6d233bd35cf2fabdeb93fb0d,2026-06-30,256,96214787520,43.187,,
climb,블래블랴블루,1214f332b95d0b753733d2bad3f76b1eefe8d04e6d233bd35cf2fabdeb93fb0d,2026-07-01,256,96214787520,43.187,,
climb,블래블랴블루,1214f332b95d0b753733d2bad3f76b1eefe8d04e6d233bd35cf2fabdeb93fb0d,2026-07-02,256,96214787520,43.187,,
climb,블래블랴블루,1214f332b95d0b753733d2bad3f76b1eefe8d04e6d233bd35cf2fabdeb93fb0d,2026-07-03,256,96214787520,43.187,,
climb,블래블랴블루,1214f332b95d0b753733d2bad3f76b1eefe8d04e6d233bd35cf2fabdeb93fb0d,2026-07-04,256,96214787520,43.187,41228,
climb,블래블랴블루,1214f332b95d0b753733d2bad3f76b1eefe8d04e6d233bd35cf2fabdeb93fb0d,2026-07-05,256,96214787520,43.187,,
climb,블래블랴블루,1214f332b95d0b753733d2bad3f76b1eefe8d04e6d233bd35cf2fabdeb93fb0d,2026-07-06,256,96214787520,43.187,,
climb,블래블랴블루,1214f332b95d0b753733d2bad3f76b1eefe8d04e6d233bd35cf2fabdeb93fb0d,2026-07-07,256,96214787520,43.187,,
climb,블래블랴블루,1214f332b95d0b753733d2bad3f76b1eefe8d04e6d233bd35cf2fabdeb93fb0d,2026-07-08,256,96214787520,43.187,,
climb,블래블랴블루,1214f332b95d0b753733d2bad3f76b1eefe8d04e6d233bd35cf2fabdeb93fb0d,2026-07-09,256,96214787520,43.187,,
climb,블래블랴블루,1214f332b95d0b753733d2bad3f76b1eefe8d04e6d233bd35cf2fabdeb93fb0d,2026-07-10,256,96214787520,43.187,,
climb,블래블랴블루,1214f332b95d0b753733d2bad3f76b1eefe8d04e6d233bd35cf2fabdeb93fb0d,2026-07-11,256,96214787520,43.187,,
climb,블래블랴블루,1214f332b95d0b753733d2bad3f76b1eefe8d04e6d233bd35cf2fabdeb93fb0d,2026-07-12,256,96214787520,43.187,41228,
climb,블래블랴블루,1214f332b95d0b753733d2bad3f76b1eefe8d04e6d233bd35cf2fabdeb93fb0d,2026-07-13,256,96214787520,43.187,,
climb,블래블랴블루,1214f332b95d0b753733d2bad3f76b1eefe8d04e6d233bd35cf2fabdeb93fb0d,2026-07-14,256,96214787520,43.187,,
climb,블래블랴블루,1214f332b95d0b753733d2bad3f76b1eefe8d04e6d233bd35cf2fabdeb93fb0d,2026-07-15,256,96214787520,43.187,,
climb,블래블랴블루,1214f332b95d0b753733d2bad3f76b1eefe8d04e6d233bd35cf2fabdeb93fb0d,2026-07-16,256,96214787520,43.187,,
climb,블래블랴블루,1214f332b95d0b753733d2bad3f76b1eefe8d04e6d233bd35cf2fabdeb93fb0d,2026-07-17,256,96214787520,43.187,,
climb,블래블랴블루,1214f332b95d0b753733d2bad3f76b1eefe8d04e6d233bd35cf2fabdeb93fb0d,2026-07-18,256,96214787520,43.187,,
climb,블래블랴블루,1214f332b95d0b753733d2bad3f76b1eefe8d04e6d233bd35cf2fabdeb93fb0d,2026-07-19,256,96214787520,43.187,,
climb,블래블랴블루,1214f332b95d0b753733d2bad3f76b1eefe8d04e6d233bd35cf2fabdeb93fb0d,2026-07-20,256,96214787520,43.187,41228,
climb,블래블랴블루,1214f332b95d0b753733d2bad3f76b1eefe8d04e6d233bd35cf2fabdeb93fb0d,2026-07-21,256,96214787520,43.187,,
climb,블래블랴블루,1214f332b95d0b753733d2bad3f76b1eefe8d04e6d233bd35cf2fabdeb93fb0d,2026-07-22,256,96214787520,43.187,,
climb,에반용연습생,fe44d17af9e06a9410f047657232139a,2026-06-18,256,40489429360,18.174,681530,
climb,에반용연습생,fe44d17af9e06a9410f047657232139a,2026-06-19,256,40489429360,18.174,,
climb,에반용연습생,fe44d17af9e06a9410f047657232139a,2026-06-20,256,40489429360,18.174,,
climb,에반용연습생,fe44d17af9e06a9410f047657232139a,2026-06-21,256,40489429360,18.174,,
climb,에반용연습생,fe44d17af9e06a9410f047657232139a,2026-06-22,256,40489429360,18.174,,
climb,에반용연습생,fe44d17af9e06a9410f047657232139a,2026-06-23,256,40489429360,18.174,,
climb,에반용연습생,fe44d17af9e06a9410f047657232139a,2026-06-24,256,40489429360,18.174,,
climb,에반용연습생,fe44d17af9e06a9410f047657232139a,2026-06-25,256,40489429360,18.174,,
climb,에반용연습생,fe44d17af9e06a9410f047657232139a,2026-06-26,256,40489429360,18.174,681530,
climb,에반용연습생,fe44d17af9e06a9410f047657232139a,2026-06-27,256,40489429360,18.174,,
climb,에반용연습생,fe44d17af9e06a9410f047657232139a,2026-06-28,256,40489429360,18.174,,
climb,에반용연습생,fe44d17af9e06a9410f047657232139a,2026-06-29,256,40489429360,18.174,,
climb,에반용연습생,fe44d17af9e06a9410f047657232139a,2026-06-30,256,40489429360,18.174,,
climb,에반용연습생,fe44d17af9e06a9410f047657232139a,2026-07-01,256,40489429360,18.174,,
climb,에반용연습생,fe44d17af9e06a9410f047657232139a,2026-07-02,256,40489429360,18.174,,
climb,에반용연습생,fe44d17af9e06a9410f047657232139a,2026-07-03,256,40489429360,18.174,,
climb,에반용연습생,fe44d17af9e06a9410f047657232139a,2026-07-04,256,40489429360,18.174,681530,
climb,에반용연습생,fe44d17af9e06a9410f047657232139a,2026-07-05,256,40489429360,18.174,,
climb,에반용연습생,fe44d17af9e06a9410f047657232139a,2026-07-06,256,40489429360,18.174,,
climb,에반용연습생,fe44d17af9e06a9410f047657232139a,2026-07-07,256,40489429360,18.174,,
climb,에반용연습생,fe44d17af9e06a9410f047657232139a,2026-07-08,256,40489429360,18.174,,
climb,에반용연습생,fe44d17af9e06a9410f047657232139a,2026-07-09,256,40489429360,18.174,,
climb,에반용연습생,fe44d17af9e06a9410f047657232139a,2026-07-10,256,40489429360,18.174,,
climb,에반용연습생,fe44d17af9e06a9410f047657232139a,2026-07-11,256,40489429360,18.174,,
climb,에반용연습생,fe44d17af9e06a9410f047657232139a,2026-07-12,256,40489429360,18.174,681530,
climb,에반용연습생,fe44d17af9e06a9410f047657232139a,2026-07-13,256,40489429360,18.174,,
climb,에반용연습생,fe44d17af9e06a9410f047657232139a,2026-07-14,256,40489429360,18.174,,
climb,에반용연습생,fe44d17af9e06a9410f047657232139a,2026-07-15,256,40489429360,18.174,,
climb,에반용연습생,fe44d17af9e06a9410f047657232139a,2026-07-16,256,40489429360,18.174,,
climb,에반용연습생,fe44d17af9e06a9410f047657232139a,2026-07-17,256,40489429360,18.174,,
climb,에반용연습생,fe44d17af9e06a9410f047657232139a,2026-07-18,256,40489429360,18.174,,
climb,에반용연습생,fe44d17af9e06a9410f047657232139a,2026-07-19,256,40489429360,18.174,,
climb,에반용연습생,fe44d17af9e06a9410f047657232139a,2026-07-20,256,40489429360,18.174,681530,
climb,에반용연습생,fe44d17af9e06a9410f047657232139a,2026-07-21,256,40489429360,18.174,,
climb,에반용연습생,fe44d17af9e06a9410f047657232139a,2026-07-22,256,40489429360,18.174,,
climb,펄슨,3aa2b3e54842fe8959ef6b7bf5bff858efe8d04e6d233bd35cf2fabdeb93fb0d,2026-06-18,256,100791847331,45.242,10486360,
climb,펄슨,3aa2b3e54842fe8959ef6b7bf5bff858efe8d04e6d233bd35cf2fabdeb93fb0d,2026-06-19,256,118175608187,53.044,,
climb,펄슨,3aa2b3e54842fe8959ef6b7bf5bff858efe8d04e6d233bd35cf2fabdeb93fb0d,2026-06-20,256,135559369043,60.847,,
climb,펄슨,3aa2b3e54842fe8959ef6b7bf5bff858efe8d04e6d233bd35cf2fabdeb93fb0d,2026-06-21,256,152943129899,68.650,,
climb,펄슨,3aa2b3e54842fe8959ef6b7bf5bff858efe8d04e6d233bd35cf2fabdeb93fb0d,2026-06-22,256,170326890755,76.453,,
climb,펄슨,3aa2b3e54842fe8959ef6b7bf5bff858efe8d04e6d233bd35cf2fabdeb93fb0d,2026-06-23,256,187710651611,84.256,,
climb,펄슨,3aa2b3e54842fe8959ef6b7bf5bff858efe8d04e6d233bd35cf2fabdeb93fb0d,2026-06-24,256,205094412467,92.059,,
climb,펄슨,3aa2b3e54842fe8959ef6b7bf5bff858efe8d04e6d233bd35cf2fabdeb93fb0d,2026-06-25,256,217365302483,97.567,,
climb,펄슨,3aa2b3e54842fe8959ef6b7bf5bff858efe8d04e6d233bd35cf2fabdeb93fb0d,2026-06-26,257,6864989052,2.992,9595161,
climb,펄슨,3aa2b3e54842fe8959ef6b7bf5bff858efe8d04e6d233bd35cf2fabdeb93fb0d,2026-06-27,257,19150745110,8.346,,
climb,펄슨,3aa2b3e54842fe8959ef6b7bf5bff858efe8d04e6d233bd35cf2fabdeb93fb0d,2026-06-28,257,31436501168,13.700,,
climb,펄슨,3aa2b3e54842fe8959ef6b7bf5bff858efe8d04e6d233bd35cf2fabdeb93fb0d,2026-06-29,257,43707391184,19.047,,
climb,펄슨,3aa2b3e54842fe8959ef6b7bf5bff858efe8d04e6d233bd35cf2fabdeb93fb0d,2026-06-30,257,55978281200,24.395,,
climb,펄슨,3aa2b3e54842fe8959ef6b7bf5bff858efe8d04e6d233bd35cf2fabdeb93fb0d,2026-07-01,257,68249171216,29.742,,
climb,펄슨,3aa2b3e54842fe8959ef6b7bf5bff858efe8d04e6d233bd35cf2fabdeb93fb0d,2026-07-02,257,80520061232,35.090,,
climb,펄슨,3aa2b3e54842fe8959ef6b7bf5bff858efe8d04e6d233bd35cf2fabdeb93fb0d,2026-07-03,257,92803564030,40.443,,
climb,펄슨,3aa2b3e54842fe8959ef6b7bf5bff858efe8d04e6d233bd35cf2fabdeb93fb0d,2026-07-04,257,105087066828,45.796,9335025,
climb,펄슨,3aa2b3e54842fe8959ef6b7bf5bff858efe8d04e6d233bd35cf2fabdeb93fb0d,2026-07-05,257,117357956844,51.143,,
climb,펄슨,3aa2b3e54842fe8959ef6b7bf5bff858efe8d04e6d233bd35cf2fabdeb93fb0d,2026-07-06,257,129628846860,56.491,,
climb,펄슨,3aa2b3e54842fe8959ef6b7bf5bff858efe8d04e6d233bd35cf2fabdeb93fb0d,2026-07-07,257,141899736876,61.838,,
climb,펄슨,3aa2b3e54842fe8959ef6b7bf5bff858efe8d04e6d233bd35cf2fabdeb93fb0d,2026-07-08,257,154170626892,67.186,,
climb,펄슨,3aa2b3e54842fe8959ef6b7bf5bff858efe8d04e6d233bd35cf2fabdeb93fb0d,2026-07-09,257,168486665244,73.424,,
climb,펄슨,3aa2b3e54842fe8959ef6b7bf5bff858efe8d04e6d233bd35cf2fabdeb93fb0d,2026-07-10,257,182802703596,79.663,,
climb,펄슨,3aa2b3e54842fe8959ef6b7bf5bff858efe8d04e6d233bd35cf2fabdeb93fb0d,2026-07-11,257,197118741948,85.902,,
climb,펄슨,3aa2b3e54842fe8959ef6b7bf5bff858efe8d04e6d233bd35cf2fabdeb93fb0d,2026-07-12,257,211434780300,92.141,9405056,
climb,펄슨,3aa2b3e54842fe8959ef6b7bf5bff858efe8d04e6d233bd35cf2fabdeb93fb0d,2026-07-13,257,225750818652,98.379,,
climb,펄슨,3aa2b3e54842fe8959ef6b7bf5bff858efe8d04e6d233bd35cf2fabdeb93fb0d,2026-07-14,258,10597205431,4.484,,
climb,펄슨,3aa2b3e54842fe8959ef6b7bf5bff858efe8d04e6d233bd35cf2fabdeb93fb0d,2026-07-15,258,24913243783,10.541,,
climb,펄슨,3aa2b3e54842fe8959ef6b7bf5bff858efe8d04e6d233bd35cf2fabdeb93fb0d,2026-07-16,258,39229282135,16.598,,
climb,펄슨,3aa2b3e54842fe8959ef6b7bf5bff858efe8d04e6d233bd35cf2fabdeb93fb0d,2026-07-17,258,53545320487,22.655,,
climb,펄슨,3aa2b3e54842fe8959ef6b7bf5bff858efe8d04e6d233bd35cf2fabdeb93fb0d,2026-07-18,258,67861358839,28.712,,
climb,펄슨,3aa2b3e54842fe8959ef6b7bf5bff858efe8d04e6d233bd35cf2fabdeb93fb0d,2026-07-19,258,82177397191,34.769,,
climb,펄슨,3aa2b3e54842fe8959ef6b7bf5bff858efe8d04e6d233bd35cf2fabdeb93fb0d,2026-07-20,258,96493435543,40.826,9492806,
climb,펄슨,3aa2b3e54842fe8959ef6b7bf5bff858efe8d04e6d233bd35cf2fabdeb93fb0d,2026-07-21,258,110809473895,46.883,,
climb,펄슨,3aa2b3e54842fe8959ef6b7bf5bff858efe8d04e6d233bd35cf2fabdeb93fb0d,2026-07-22,258,125125512247,52.940,,
climb,REETOREE,69f23d1fd1e4f77b9e6cb77dcf3850ad,2026-06-18,256,110836855085,49.750,1860494,
climb,REETOREE,69f23d1fd1e4f77b9e6cb77dcf3850ad,2026-06-19,256,143618688941,64.465,,
climb,REETOREE,69f23d1fd1e4f77b9e6cb77dcf3850ad,2026-06-20,256,176400522797,79.179,,
climb,REETOREE,69f23d1fd1e4f77b9e6cb77dcf3850ad,2026-06-21,256,209182356653,93.894,,
climb,REETOREE,69f23d1fd1e4f77b9e6cb77dcf3850ad,2026-06-22,257,19178121020,8.358,,
climb,REETOREE,69f23d1fd1e4f77b9e6cb77dcf3850ad,2026-06-23,257,19178121020,8.358,,
climb,REETOREE,69f23d1fd1e4f77b9e6cb77dcf3850ad,2026-06-24,257,51959954876,22.643,,
climb,REETOREE,69f23d1fd1e4f77b9e6cb77dcf3850ad,2026-06-25,257,99858288730,43.517,,
climb,REETOREE,69f23d1fd1e4f77b9e6cb77dcf3850ad,2026-06-26,257,147756622584,64.390,1625036,
climb,REETOREE,69f23d1fd1e4f77b9e6cb77dcf3850ad,2026-06-27,257,195654956438,85.264,,
climb,REETOREE,69f23d1fd1e4f77b9e6cb77dcf3850ad,2026-06-28,258,14083638719,5.959,,
climb,REETOREE,69f23d1fd1e4f77b9e6cb77dcf3850ad,2026-06-29,258,61981972573,26.224,,
climb,REETOREE,69f23d1fd1e4f77b9e6cb77dcf3850ad,2026-06-30,258,109880306427,46.490,,
climb,REETOREE,69f23d1fd1e4f77b9e6cb77dcf3850ad,2026-07-01,258,157778640281,66.755,,
climb,REETOREE,69f23d1fd1e4f77b9e6cb77dcf3850ad,2026-07-02,258,205676974135,87.021,,
climb,REETOREE,69f23d1fd1e4f77b9e6cb77dcf3850ad,2026-07-03,259,21213094688,8.714,,
climb,REETOREE,69f23d1fd1e4f77b9e6cb77dcf3850ad,2026-07-04,259,73102956361,30.029,1592088,
climb,REETOREE,69f23d1fd1e4f77b9e6cb77dcf3850ad,2026-07-05,259,124992818034,51.343,,
climb,REETOREE,69f23d1fd1e4f77b9e6cb77dcf3850ad,2026-07-06,259,176882679707,72.658,,
climb,REETOREE,69f23d1fd1e4f77b9e6cb77dcf3850ad,2026-07-07,259,228772541380,93.973,,
climb,REETOREE,69f23d1fd1e4f77b9e6cb77dcf3850ad,2026-07-08,260,10396649211,0.600,,
climb,REETOREE,69f23d1fd1e4f77b9e6cb77dcf3850ad,2026-07-09,260,10396649211,0.600,,
climb,REETOREE,69f23d1fd1e4f77b9e6cb77dcf3850ad,2026-07-10,260,10396649211,0.600,,
climb,REETOREE,69f23d1fd1e4f77b9e6cb77dcf3850ad,2026-07-11,260,10396649211,0.600,,
climb,REETOREE,69f23d1fd1e4f77b9e6cb77dcf3850ad,2026-07-12,260,10396649211,0.600,1593746,
climb,REETOREE,69f23d1fd1e4f77b9e6cb77dcf3850ad,2026-07-13,260,10396649211,0.600,,
climb,REETOREE,69f23d1fd1e4f77b9e6cb77dcf3850ad,2026-07-14,260,10396649211,0.600,,
climb,REETOREE,69f23d1fd1e4f77b9e6cb77dcf3850ad,2026-07-15,260,10396649211,0.600,,
climb,REETOREE,69f23d1fd1e4f77b9e6cb77dcf3850ad,2026-07-16,260,10396649211,0.600,,
climb,REETOREE,69f23d1fd1e4f77b9e6cb77dcf3850ad,2026-07-17,260,10396649211,0.600,,
climb,REETOREE,69f23d1fd1e4f77b9e6cb77dcf3850ad,2026-07-18,260,10396649211,0.600,,
climb,REETOREE,69f23d1fd1e4f77b9e6cb77dcf3850ad,2026-07-19,260,10396649211,0.600,,
climb,REETOREE,69f23d1fd1e4f77b9e6cb77dcf3850ad,2026-07-20,260,10396649211,0.600,1593746,
climb,REETOREE,69f23d1fd1e4f77b9e6cb77dcf3850ad,2026-07-21,260,10396649211,0.600,,
climb,REETOREE,69f23d1fd1e4f77b9e6cb77dcf3850ad,2026-07-22,260,10396649211,0.600,,
climb,사과맛마스터,d05362eb4bf824e5b6abc339caec40fe,2026-06-18,256,37558900139,16.859,4205682,
climb,사과맛마스터,d05362eb4bf824e5b6abc339caec40fe,2026-06-19,256,37558900139,16.859,,
climb,사과맛마스터,d05362eb4bf824e5b6abc339caec40fe,2026-06-20,256,37558900139,16.859,,
climb,사과맛마스터,d05362eb4bf824e5b6abc339caec40fe,2026-06-21,256,37558900139,16.859,,
climb,사과맛마스터,d05362eb4bf824e5b6abc339caec40fe,2026-06-22,256,37558900139,16.859,,
climb,사과맛마스터,d05362eb4bf824e5b6abc339caec40fe,2026-06-23,256,37558900139,16.859,,
climb,사과맛마스터,d05362eb4bf824e5b6abc339caec40fe,2026-06-24,256,37558900139,16.859,,
climb,사과맛마스터,d05362eb4bf824e5b6abc339caec40fe,2026-06-25,256,37558900139,16.859,,
climb,사과맛마스터,d05362eb4bf824e5b6abc339caec40fe,2026-06-26,256,37558900139,16.859,4205682,
climb,사과맛마스터,d05362eb4bf824e5b6abc339caec40fe,2026-06-27,256,37558900139,16.859,,
climb,사과맛마스터,d05362eb4bf824e5b6abc339caec40fe,2026-06-28,256,37558900139,16.859,,
climb,사과맛마스터,d05362eb4bf824e5b6abc339caec40fe,2026-06-29,256,37558900139,16.859,,
climb,사과맛마스터,d05362eb4bf824e5b6abc339caec40fe,2026-06-30,256,37558900139,16.859,,
climb,사과맛마스터,d05362eb4bf824e5b6abc339caec40fe,2026-07-01,256,37558900139,16.859,,
climb,사과맛마스터,d05362eb4bf824e5b6abc339caec40fe,2026-07-02,256,37558900139,16.859,,
climb,사과맛마스터,d05362eb4bf824e5b6abc339caec40fe,2026-07-03,256,37558900139,16.859,,
climb,사과맛마스터,d05362eb4bf824e5b6abc339caec40fe,2026-07-04,256,37558900139,16.859,4205682,
climb,사과맛마스터,d05362eb4bf824e5b6abc339caec40fe,2026-07-05,256,37558900139,16.859,,
climb,사과맛마스터,d05362eb4bf824e5b6abc339caec40fe,2026-07-06,256,37558900139,16.859,,
climb,사과맛마스터,d05362eb4bf824e5b6abc339caec40fe,2026-07-07,256,37558900139,16.859,,
climb,사과맛마스터,d05362eb4bf824e5b6abc339caec40fe,2026-07-08,256,37558900139,16.859,,
climb,사과맛마스터,d05362eb4bf824e5b6abc339caec40fe,2026-07-09,256,37558900139,16.859,,
climb,사과맛마스터,d05362eb4bf824e5b6abc339caec40fe,2026-07-10,256,37558900139,16.859,,
climb,사과맛마스터,d05362eb4bf824e5b6abc339caec40fe,2026-07-11,256,37558900139,16.859,,
climb,사과맛마스터,d05362eb4bf824e5b6abc339caec40fe,2026-07-12,256,38701131275,17.371,3010248,
climb,사과맛마스터,d05362eb4bf824e5b6abc339caec40fe,2026-07-13,256,38701131275,17.371,,
climb,사과맛마스터,d05362eb4bf824e5b6abc339caec40fe,2026-07-14,256,38701131275,17.371,,
climb,사과맛마스터,d05362eb4bf824e5b6abc339caec40fe,2026-07-15,256,38701131275,17.371,,
climb,사과맛마스터,d05362eb4bf824e5b6abc339caec40fe,2026-07-16,256,38701131275,17.371,,
climb,사과맛마스터,d05362eb4bf824e5b6abc339caec40fe,2026-07-17,256,38701131275,17.371,,
climb,사과맛마스터,d05362eb4bf824e5b6abc339caec40fe,2026-07-18,256,38701131275,17.371,,
climb,사과맛마스터,d05362eb4bf824e5b6abc339caec40fe,2026-07-19,256,38701131275,17.371,,
climb,사과맛마스터,d05362eb4bf824e5b6abc339caec40fe,2026-07-20,256,38701131275,17.371,3010248,
climb,사과맛마스터,d05362eb4bf824e5b6abc339caec40fe,2026-07-21,256,38701131275,17.371,,
climb,사과맛마스터,d05362eb4bf824e5b6abc339caec40fe,2026-07-22,256,38701131275,17.371,,
climb,튜덩,afc54144137f5bba7ea0fe16e91574a7,2026-06-18,256,86771015807,38.948,5604312,
climb,튜덩,afc54144137f5bba7ea0fe16e91574a7,2026-06-19,256,86771015807,38.948,,
climb,튜덩,afc54144137f5bba7ea0fe16e91574a7,2026-06-20,256,86771015807,38.948,,
climb,튜덩,afc54144137f5bba7ea0fe16e91574a7,2026-06-21,256,86771015807,38.948,,
climb,튜덩,afc54144137f5bba7ea0fe16e91574a7,2026-06-22,256,86771015807,38.948,,
climb,튜덩,afc54144137f5bba7ea0fe16e91574a7,2026-06-23,256,86771015807,38.948,,
climb,튜덩,afc54144137f5bba7ea0fe16e91574a7,2026-06-24,256,86771015807,38.948,,
climb,튜덩,afc54144137f5bba7ea0fe16e91574a7,2026-06-25,256,86771015807,38.948,,
climb,튜덩,afc54144137f5bba7ea0fe16e91574a7,2026-06-26,256,86771015807,38.948,5604312,
climb,튜덩,afc54144137f5bba7ea0fe16e91574a7,2026-06-27,256,86771015807,38.948,,
climb,튜덩,afc54144137f5bba7ea0fe16e91574a7,2026-06-28,256,86771015807,38.948,,
climb,튜덩,afc54144137f5bba7ea0fe16e91574a7,2026-06-29,256,86771015807,38.948,,
climb,튜덩,afc54144137f5bba7ea0fe16e91574a7,2026-06-30,256,86771015807,38.948,,
climb,튜덩,afc54144137f5bba7ea0fe16e91574a7,2026-07-01,256,86771015807,38.948,,
climb,튜덩,afc54144137f5bba7ea0fe16e91574a7,2026-07-02,256,86771015807,38.948,,
climb,튜덩,afc54144137f5bba7ea0fe16e91574a7,2026-07-03,256,86771015807,38.948,,
climb,튜덩,afc54144137f5bba7ea0fe16e91574a7,2026-07-04,256,86771015807,38.948,5259733,
climb,튜덩,afc54144137f5bba7ea0fe16e91574a7,2026-07-05,256,86771015807,38.948,,
climb,튜덩,afc54144137f5bba7ea0fe16e91574a7,2026-07-06,256,86771015807,38.948,,
climb,튜덩,afc54144137f5bba7ea0fe16e91574a7,2026-07-07,256,86771015807,38.948,,
climb,튜덩,afc54144137f5bba7ea0fe16e91574a7,2026-07-08,256,86771015807,38.948,,
climb,튜덩,afc54144137f5bba7ea0fe16e91574a7,2026-07-09,256,86771015807,38.948,,
climb,튜덩,afc54144137f5bba7ea0fe16e91574a7,2026-07-10,256,86771015807,38.948,,
climb,튜덩,afc54144137f5bba7ea0fe16e91574a7,2026-07-11,256,86771015807,38.948,,
climb,튜덩,afc54144137f5bba7ea0fe16e91574a7,2026-07-12,256,86771015807,38.948,5259733,
climb,튜덩,afc54144137f5bba7ea0fe16e91574a7,2026-07-13,256,86771015807,38.948,,
climb,튜덩,afc54144137f5bba7ea0fe16e91574a7,2026-07-14,256,86771015807,38.948,,
climb,튜덩,afc54144137f5bba7ea0fe16e91574a7,2026-07-15,256,86771015807,38.948,,
climb,튜덩,afc54144137f5bba7ea0fe16e91574a7,2026-07-16,256,86771015807,38.948,,
climb,튜덩,afc54144137f5bba7ea0fe16e91574a7,2026-07-17,256,86771015807,38.948,,
climb,튜덩,afc54144137f5bba7ea0fe16e91574a7,2026-07-18,256,86771015807,38.948,,
climb,튜덩,afc54144137f5bba7ea0fe16e91574a7,2026-07-19,256,86771015807,38.948,,
climb,튜덩,afc54144137f5bba7ea0fe16e91574a7,2026-07-20,256,86771015807,38.948,4898885,
climb,튜덩,afc54144137f5bba7ea0fe16e91574a7,2026-07-21,256,86771015807,38.948,,
climb,튜덩,afc54144137f5bba7ea0fe16e91574a7,2026-07-22,256,86771015807,38.948,,
climb,오단은월,019b9c1293fd72d14c15318d479ac66e,2026-06-18,256,50004006803,22.445,274008,
climb,오단은월,019b9c1293fd72d14c15318d479ac66e,2026-06-19,256,95982173770,43.083,,
climb,오단은월,019b9c1293fd72d14c15318d479ac66e,2026-06-20,256,95982173770,43.083,,
climb,오단은월,019b9c1293fd72d14c15318d479ac66e,2026-06-21,256,95982173770,43.083,,
climb,오단은월,019b9c1293fd72d14c15318d479ac66e,2026-06-22,256,123663154225,55.508,,
climb,오단은월,019b9c1293fd72d14c15318d479ac66e,2026-06-23,256,151344134680,67.932,,
climb,오단은월,019b9c1293fd72d14c15318d479ac66e,2026-06-24,256,179025115135,80.357,,
climb,오단은월,019b9c1293fd72d14c15318d479ac66e,2026-06-25,256,206706095590,92.782,,
climb,오단은월,019b9c1293fd72d14c15318d479ac66e,2026-06-26,256,206706095590,92.782,276344,
climb,오단은월,019b9c1293fd72d14c15318d479ac66e,2026-06-27,256,206706095590,92.782,,
climb,오단은월,019b9c1293fd72d14c15318d479ac66e,2026-06-28,257,11601006556,5.056,,
climb,오단은월,019b9c1293fd72d14c15318d479ac66e,2026-06-29,257,11601006556,5.056,,
climb,오단은월,019b9c1293fd72d14c15318d479ac66e,2026-06-30,257,11601006556,5.056,,
climb,오단은월,019b9c1293fd72d14c15318d479ac66e,2026-07-01,257,39281987011,17.119,,
climb,오단은월,019b9c1293fd72d14c15318d479ac66e,2026-07-02,257,39281987011,17.119,,
climb,오단은월,019b9c1293fd72d14c15318d479ac66e,2026-07-03,257,66962967466,29.182,,
climb,오단은월,019b9c1293fd72d14c15318d479ac66e,2026-07-04,257,94643947921,41.245,276344,
climb,오단은월,019b9c1293fd72d14c15318d479ac66e,2026-07-05,257,122324928376,53.308,,
climb,오단은월,019b9c1293fd72d14c15318d479ac66e,2026-07-06,257,150005908831,65.371,,
climb,오단은월,019b9c1293fd72d14c15318d479ac66e,2026-07-07,257,177686889286,77.434,,
climb,오단은월,019b9c1293fd72d14c15318d479ac66e,2026-07-08,257,177686889286,77.434,,
climb,오단은월,019b9c1293fd72d14c15318d479ac66e,2026-07-09,257,205367869741,89.497,,
climb,오단은월,019b9c1293fd72d14c15318d479ac66e,2026-07-10,257,205367869741,89.497,,
climb,오단은월,019b9c1293fd72d14c15318d479ac66e,2026-07-11,257,224651301421,97.900,,
climb,오단은월,019b9c1293fd72d14c15318d479ac66e,2026-07-12,258,12636888623,5.347,276344,
climb,오단은월,019b9c1293fd72d14c15318d479ac66e,2026-07-13,258,12636888623,5.347,,
climb,오단은월,019b9c1293fd72d14c15318d479ac66e,2026-07-14,258,40317869078,17.058,,
climb,오단은월,019b9c1293fd72d14c15318d479ac66e,2026-07-15,258,67998849533,28.770,,
climb,오단은월,019b9c1293fd72d14c15318d479ac66e,2026-07-16,258,67998849533,28.770,,
climb,오단은월,019b9c1293fd72d14c15318d479ac66e,2026-07-17,258,95679829988,40.482,,
climb,오단은월,019b9c1293fd72d14c15318d479ac66e,2026-07-18,258,123360810443,52.193,,
climb,오단은월,019b9c1293fd72d14c15318d479ac66e,2026-07-19,258,169338977410,71.646,,
climb,오단은월,019b9c1293fd72d14c15318d479ac66e,2026-07-20,258,215317144377,91.100,276344,
climb,오단은월,019b9c1293fd72d14c15318d479ac66e,2026-07-21,259,24941570224,10.245,,
climb,오단은월,019b9c1293fd72d14c15318d479ac66e,2026-07-22,259,70919737191,29.132,,
climb,카이저일사,f819509cff0bdac0ed52ee4dcc7057e5,2026-06-18,256,81281597114,36.484,558964,
climb,카이저일사,f819509cff0bdac0ed52ee4dcc7057e5,2026-06-19,256,96620209634,43.369,,
climb,카이저일사,f819509cff0bdac0ed52ee4dcc7057e5,2026-06-20,256,114003970490,51.172,,
climb,카이저일사,f819509cff0bdac0ed52ee4dcc7057e5,2026-06-21,256,114003970490,51.172,,
climb,카이저일사,f819509cff0bdac0ed52ee4dcc7057e5,2026-06-22,256,131387731346,58.975,,
climb,카이저일사,f819509cff0bdac0ed52ee4dcc7057e5,2026-06-23,256,148771492202,66.778,,
climb,카이저일사,f819509cff0bdac0ed52ee4dcc7057e5,2026-06-24,256,166155253058,74.581,,
climb,카이저일사,f819509cff0bdac0ed52ee4dcc7057e5,2026-06-25,256,178426143074,80.089,,
climb,카이저일사,f819509cff0bdac0ed52ee4dcc7057e5,2026-06-26,256,190697033090,85.596,524012,
climb,카이저일사,f819509cff0bdac0ed52ee4dcc7057e5,2026-06-27,256,202967923106,91.104,,
climb,카이저일사,f819509cff0bdac0ed52ee4dcc7057e5,2026-06-28,256,215238813122,96.612,,
climb,카이저일사,f819509cff0bdac0ed52ee4dcc7057e5,2026-06-29,257,4723633649,2.059,,
climb,카이저일사,f819509cff0bdac0ed52ee4dcc7057e5,2026-06-30,257,16994523665,7.406,,
climb,카이저일사,f819509cff0bdac0ed52ee4dcc7057e5,2026-07-01,257,29265413681,12.754,,
climb,카이저일사,f819509cff0bdac0ed52ee4dcc7057e5,2026-07-02,257,41536303697,18.101,,
climb,카이저일사,f819509cff0bdac0ed52ee4dcc7057e5,2026-07-03,257,53807193713,23.449,,
climb,카이저일사,f819509cff0bdac0ed52ee4dcc7057e5,2026-07-04,257,66078083729,28.796,504957,
climb,카이저일사,f819509cff0bdac0ed52ee4dcc7057e5,2026-07-05,257,78348973745,34.144,,
climb,카이저일사,f819509cff0bdac0ed52ee4dcc7057e5,2026-07-06,257,90619863761,39.491,,
climb,카이저일사,f819509cff0bdac0ed52ee4dcc7057e5,2026-07-07,257,102890753777,44.839,,
climb,카이저일사,f819509cff0bdac0ed52ee4dcc7057e5,2026-07-08,257,115161643793,50.186,,
climb,카이저일사,f819509cff0bdac0ed52ee4dcc7057e5,2026-07-09,257,127432533809,55.534,,
climb,카이저일사,f819509cff0bdac0ed52ee4dcc7057e5,2026-07-10,257,139703423825,60.881,,
climb,카이저일사,f819509cff0bdac0ed52ee4dcc7057e5,2026-07-11,257,151974313841,66.229,,
climb,카이저일사,f819509cff0bdac0ed52ee4dcc7057e5,2026-07-12,257,164245203857,71.576,506883,
climb,카이저일사,f819509cff0bdac0ed52ee4dcc7057e5,2026-07-13,257,176516093873,76.924,,
climb,카이저일사,f819509cff0bdac0ed52ee4dcc7057e5,2026-07-14,257,188786983889,82.271,,
climb,카이저일사,f819509cff0bdac0ed52ee4dcc7057e5,2026-07-15,257,201057873905,87.619,,
climb,카이저일사,f819509cff0bdac0ed52ee4dcc7057e5,2026-07-16,257,213328763921,92.966,,
climb,카이저일사,f819509cff0bdac0ed52ee4dcc7057e5,2026-07-17,257,225599653937,98.314,,
climb,카이저일사,f819509cff0bdac0ed52ee4dcc7057e5,2026-07-18,258,8400892380,3.554,,
climb,카이저일사,f819509cff0bdac0ed52ee4dcc7057e5,2026-07-19,258,20671782396,8.746,,
climb,카이저일사,f819509cff0bdac0ed52ee4dcc7057e5,2026-07-20,258,32942672412,13.938,506883,
climb,카이저일사,f819509cff0bdac0ed52ee4dcc7057e5,2026-07-21,258,45213562428,19.130,,
climb,카이저일사,f819509cff0bdac0ed52ee4dcc7057e5,2026-07-22,258,57484452444,24.321,,
climb,4월의행운,eb5d55dcb9727f9c729234002201d269,2026-06-18,256,32774850931,14.711,724884,
climb,4월의행운,eb5d55dcb9727f9c729234002201d269,2026-06-19,256,32774850931,14.711,,
climb,4월의행운,eb5d55dcb9727f9c729234002201d269,2026-06-20,256,32774850931,14.711,,
climb,4월의행운,eb5d55dcb9727f9c729234002201d269,2026-06-21,256,32774850931,14.711,,
climb,4월의행운,eb5d55dcb9727f9c729234002201d269,2026-06-22,256,32774850931,14.711,,
climb,4월의행운,eb5d55dcb9727f9c729234002201d269,2026-06-23,256,32774850931,14.711,,
climb,4월의행운,eb5d55dcb9727f9c729234002201d269,2026-06-24,256,32774850931,14.711,,
climb,4월의행운,eb5d55dcb9727f9c729234002201d269,2026-06-25,256,32774850931,14.711,,
climb,4월의행운,eb5d55dcb9727f9c729234002201d269,2026-06-26,256,32774850931,14.711,724884,
climb,4월의행운,eb5d55dcb9727f9c729234002201d269,2026-06-27,256,32774850931,14.711,,
climb,4월의행운,eb5d55dcb9727f9c729234002201d269,2026-06-28,256,32774850931,14.711,,
climb,4월의행운,eb5d55dcb9727f9c729234002201d269,2026-06-29,256,32774850931,14.711,,
climb,4월의행운,eb5d55dcb9727f9c729234002201d269,2026-06-30,256,32774850931,14.711,,
climb,4월의행운,eb5d55dcb9727f9c729234002201d269,2026-07-01,256,32774850931,14.711,,
climb,4월의행운,eb5d55dcb9727f9c729234002201d269,2026-07-02,256,32774850931,14.711,,
climb,4월의행운,eb5d55dcb9727f9c729234002201d269,2026-07-03,256,32774850931,14.711,,
climb,4월의행운,eb5d55dcb9727f9c729234002201d269,2026-07-04,256,32774850931,14.711,724884,
climb,4월의행운,eb5d55dcb9727f9c729234002201d269,2026-07-05,256,32774850931,14.711,,
climb,4월의행운,eb5d55dcb9727f9c729234002201d269,2026-07-06,256,32774850931,14.711,,
climb,4월의행운,eb5d55dcb9727f9c729234002201d269,2026-07-07,256,32774850931,14.711,,
climb,4월의행운,eb5d55dcb9727f9c729234002201d269,2026-07-08,256,32774850931,14.711,,
climb,4월의행운,eb5d55dcb9727f9c729234002201d269,2026-07-09,256,32774850931,14.711,,
climb,4월의행운,eb5d55dcb9727f9c729234002201d269,2026-07-10,256,32774850931,14.711,,
climb,4월의행운,eb5d55dcb9727f9c729234002201d269,2026-07-11,256,32774850931,14.711,,
climb,4월의행운,eb5d55dcb9727f9c729234002201d269,2026-07-12,256,32774850931,14.711,724884,
climb,4월의행운,eb5d55dcb9727f9c729234002201d269,2026-07-13,256,32774850931,14.711,,
climb,4월의행운,eb5d55dcb9727f9c729234002201d269,2026-07-14,256,32774850931,14.711,,
climb,4월의행운,eb5d55dcb9727f9c729234002201d269,2026-07-15,256,32774850931,14.711,,
climb,4월의행운,eb5d55dcb9727f9c729234002201d269,2026-07-16,256,32774850931,14.711,,
climb,4월의행운,eb5d55dcb9727f9c729234002201d269,2026-07-17,256,32774850931,14.711,,
climb,4월의행운,eb5d55dcb9727f9c729234002201d269,2026-07-18,256,32774850931,14.711,,
climb,4월의행운,eb5d55dcb9727f9c729234002201d269,2026-07-19,256,32774850931,14.711,,
climb,4월의행운,eb5d55dcb9727f9c729234002201d269,2026-07-20,256,32774850931,14.711,724884,
climb,4월의행운,eb5d55dcb9727f9c729234002201d269,2026-07-21,256,32774850931,14.711,,
climb,4월의행운,eb5d55dcb9727f9c729234002201d269,2026-07-22,256,32774850931,14.711,,
climb,채소먹는토끼,a76fe5409d471f2477e888e9ba09b48d6fbb98200a15be5bcc73a64995849e9c,2026-06-18,256,64162630897,28.800,1475395,
climb,채소먹는토끼,a76fe5409d471f2477e888e9ba09b48d6fbb98200a15be5bcc73a64995849e9c,2026-06-19,256,64162630897,28.800,,
climb,채소먹는토끼,a76fe5409d471f2477e888e9ba09b48d6fbb98200a15be5bcc73a64995849e9c,2026-06-20,256,122540845197,55.004,,
climb,채소먹는토끼,a76fe5409d471f2477e888e9ba09b48d6fbb98200a15be5bcc73a64995849e9c,2026-06-21,256,122540845197,55.004,,
climb,채소먹는토끼,a76fe5409d471f2477e888e9ba09b48d6fbb98200a15be5bcc73a64995849e9c,2026-06-22,256,122540845197,55.004,,
climb,채소먹는토끼,a76fe5409d471f2477e888e9ba09b48d6fbb98200a15be5bcc73a64995849e9c,2026-06-23,256,122540845197,55.004,,
climb,채소먹는토끼,a76fe5409d471f2477e888e9ba09b48d6fbb98200a15be5bcc73a64995849e9c,2026-06-24,256,122540845197,55.004,,
climb,채소먹는토끼,a76fe5409d471f2477e888e9ba09b48d6fbb98200a15be5bcc73a64995849e9c,2026-06-25,256,122540845197,55.004,,
climb,채소먹는토끼,a76fe5409d471f2477e888e9ba09b48d6fbb98200a15be5bcc73a64995849e9c,2026-06-26,256,122540845197,55.004,1458485,
climb,채소먹는토끼,a76fe5409d471f2477e888e9ba09b48d6fbb98200a15be5bcc73a64995849e9c,2026-06-27,256,122740258397,55.093,,
climb,채소먹는토끼,a76fe5409d471f2477e888e9ba09b48d6fbb98200a15be5bcc73a64995849e9c,2026-06-28,256,122740258397,55.093,,
climb,채소먹는토끼,a76fe5409d471f2477e888e9ba09b48d6fbb98200a15be5bcc73a64995849e9c,2026-06-29,256,122740258397,55.093,,
climb,채소먹는토끼,a76fe5409d471f2477e888e9ba09b48d6fbb98200a15be5bcc73a64995849e9c,2026-06-30,256,122740258397,55.093,,
climb,채소먹는토끼,a76fe5409d471f2477e888e9ba09b48d6fbb98200a15be5bcc73a64995849e9c,2026-07-01,256,122740258397,55.093,,
climb,채소먹는토끼,a76fe5409d471f2477e888e9ba09b48d6fbb98200a15be5bcc73a64995849e9c,2026-07-02,256,122740258397,55.093,,
climb,채소먹는토끼,a76fe5409d471f2477e888e9ba09b48d6fbb98200a15be5bcc73a64995849e9c,2026-07-03,256,122740258397,55.093,,
climb,채소먹는토끼,a76fe5409d471f2477e888e9ba09b48d6fbb98200a15be5bcc73a64995849e9c,2026-07-04,256,122740258397,55.093,1255189,
climb,채소먹는토끼,a76fe5409d471f2477e888e9ba09b48d6fbb98200a15be5bcc73a64995849e9c,2026-07-05,256,122740258397,55.093,,
climb,채소먹는토끼,a76fe5409d471f2477e888e9ba09b48d6fbb98200a15be5bcc73a64995849e9c,2026-07-06,256,122740258397,55.093,,
climb,채소먹는토끼,a76fe5409d471f2477e888e9ba09b48d6fbb98200a15be5bcc73a64995849e9c,2026-07-07,256,122740258397,55.093,,
climb,채소먹는토끼,a76fe5409d471f2477e888e9ba09b48d6fbb98200a15be5bcc73a64995849e9c,2026-07-08,256,122740258397,55.093,,
climb,채소먹는토끼,a76fe5409d471f2477e888e9ba09b48d6fbb98200a15be5bcc73a64995849e9c,2026-07-09,256,122740258397,55.093,,
climb,채소먹는토끼,a76fe5409d471f2477e888e9ba09b48d6fbb98200a15be5bcc73a64995849e9c,2026-07-10,256,122740258397,55.093,,
climb,채소먹는토끼,a76fe5409d471f2477e888e9ba09b48d6fbb98200a15be5bcc73a64995849e9c,2026-07-11,256,122740258397,55.093,,
climb,채소먹는토끼,a76fe5409d471f2477e888e9ba09b48d6fbb98200a15be5bcc73a64995849e9c,2026-07-12,256,122740258397,55.093,1255189,
climb,채소먹는토끼,a76fe5409d471f2477e888e9ba09b48d6fbb98200a15be5bcc73a64995849e9c,2026-07-13,256,122740258397,55.093,,
climb,채소먹는토끼,a76fe5409d471f2477e888e9ba09b48d6fbb98200a15be5bcc73a64995849e9c,2026-07-14,256,122740258397,55.093,,
climb,채소먹는토끼,a76fe5409d471f2477e888e9ba09b48d6fbb98200a15be5bcc73a64995849e9c,2026-07-15,256,122740258397,55.093,,
climb,채소먹는토끼,a76fe5409d471f2477e888e9ba09b48d6fbb98200a15be5bcc73a64995849e9c,2026-07-16,256,122740258397,55.093,,
climb,채소먹는토끼,a76fe5409d471f2477e888e9ba09b48d6fbb98200a15be5bcc73a64995849e9c,2026-07-17,256,122740258397,55.093,,
climb,채소먹는토끼,a76fe5409d471f2477e888e9ba09b48d6fbb98200a15be5bcc73a64995849e9c,2026-07-18,256,122740258397,55.093,,
climb,채소먹는토끼,a76fe5409d471f2477e888e9ba09b48d6fbb98200a15be5bcc73a64995849e9c,2026-07-19,256,122740258397,55.093,,
climb,채소먹는토끼,a76fe5409d471f2477e888e9ba09b48d6fbb98200a15be5bcc73a64995849e9c,2026-07-20,256,122740258397,55.093,1255189,
climb,채소먹는토끼,a76fe5409d471f2477e888e9ba09b48d6fbb98200a15be5bcc73a64995849e9c,2026-07-21,256,122740258397,55.093,,
climb,채소먹는토끼,a76fe5409d471f2477e888e9ba09b48d6fbb98200a15be5bcc73a64995849e9c,2026-07-22,256,122740258397,55.093,,
climb,지표도존v2,35614b586f49b33b5ca2f9d69bcb900c,2026-06-18,256,130658734226,58.648,3309220,
climb,지표도존v2,35614b586f49b33b5ca2f9d69bcb900c,2026-06-19,256,172707980668,77.522,,
climb,지표도존v2,35614b586f49b33b5ca2f9d69bcb900c,2026-06-20,257,967894810,0.422,,
climb,지표도존v2,35614b586f49b33b5ca2f9d69bcb900c,2026-06-21,257,50341540400,21.938,,
climb,지표도존v2,35614b586f49b33b5ca2f9d69bcb900c,2026-06-22,257,86225156852,37.576,,
climb,지표도존v2,35614b586f49b33b5ca2f9d69bcb900c,2026-06-23,257,120467242253,52.498,,
climb,지표도존v2,35614b586f49b33b5ca2f9d69bcb900c,2026-06-24,257,156275553756,68.103,,
climb,지표도존v2,35614b586f49b33b5ca2f9d69bcb900c,2026-06-25,257,180664783700,78.731,,
climb,지표도존v2,35614b586f49b33b5ca2f9d69bcb900c,2026-06-26,257,206764236185,90.105,3238848,
climb,지표도존v2,35614b586f49b33b5ca2f9d69bcb900c,2026-06-27,258,1701347615,0.720,,
climb,지표도존v2,35614b586f49b33b5ca2f9d69bcb900c,2026-06-28,258,26619656072,11.263,,
climb,지표도존v2,35614b586f49b33b5ca2f9d69bcb900c,2026-06-29,258,52868348950,22.368,,
climb,지표도존v2,35614b586f49b33b5ca2f9d69bcb900c,2026-06-30,258,77299532590,32.705,,
climb,지표도존v2,35614b586f49b33b5ca2f9d69bcb900c,2026-07-01,258,105219874257,44.518,,
climb,지표도존v2,35614b586f49b33b5ca2f9d69bcb900c,2026-07-02,258,129670848473,54.863,,
climb,지표도존v2,35614b586f49b33b5ca2f9d69bcb900c,2026-07-03,258,155546222194,65.811,,
climb,지표도존v2,35614b586f49b33b5ca2f9d69bcb900c,2026-07-04,258,179995349707,76.155,3820103,
climb,지표도존v2,35614b586f49b33b5ca2f9d69bcb900c,2026-07-05,258,204552348549,86.545,,
climb,지표도존v2,35614b586f49b33b5ca2f9d69bcb900c,2026-07-06,258,230562676869,97.550,,
climb,지표도존v2,35614b586f49b33b5ca2f9d69bcb900c,2026-07-07,259,18676739911,7.672,,
climb,지표도존v2,35614b586f49b33b5ca2f9d69bcb900c,2026-07-08,259,44729860828,18.374,,
climb,지표도존v2,35614b586f49b33b5ca2f9d69bcb900c,2026-07-09,259,69748853146,28.651,,
climb,지표도존v2,35614b586f49b33b5ca2f9d69bcb900c,2026-07-10,259,97450481187,40.030,,
climb,지표도존v2,35614b586f49b33b5ca2f9d69bcb900c,2026-07-11,259,121908569513,50.077,,
climb,지표도존v2,35614b586f49b33b5ca2f9d69bcb900c,2026-07-12,259,146454720392,60.159,3361432,
climb,지표도존v2,35614b586f49b33b5ca2f9d69bcb900c,2026-07-13,259,172797527775,70.980,,
climb,지표도존v2,35614b586f49b33b5ca2f9d69bcb900c,2026-07-14,259,198681195300,81.613,,
climb,지표도존v2,35614b586f49b33b5ca2f9d69bcb900c,2026-07-15,259,223305477358,91.728,,
climb,지표도존v2,35614b586f49b33b5ca2f9d69bcb900c,2026-07-16,260,5879659640,0.339,,
climb,지표도존v2,35614b586f49b33b5ca2f9d69bcb900c,2026-07-17,260,5879659640,0.339,,
climb,지표도존v2,35614b586f49b33b5ca2f9d69bcb900c,2026-07-18,260,5879659640,0.339,,
climb,지표도존v2,35614b586f49b33b5ca2f9d69bcb900c,2026-07-19,260,5879659640,0.339,,
climb,지표도존v2,35614b586f49b33b5ca2f9d69bcb900c,2026-07-20,260,5879659640,0.339,3544302,
climb,지표도존v2,35614b586f49b33b5ca2f9d69bcb900c,2026-07-21,260,5879659640,0.339,,
climb,지표도존v2,35614b586f49b33b5ca2f9d69bcb900c,2026-07-22,260,5879659640,0.339,,
climb,그레이엄법칙,0abec384720efa340fa1dec337df8780,2026-06-18,256,163082966215,73.202,119805,
climb,그레이엄법칙,0abec384720efa340fa1dec337df8780,2026-06-19,257,9264147175,4.037,,
climb,그레이엄법칙,0abec384720efa340fa1dec337df8780,2026-06-20,257,9264147175,4.037,,
climb,그레이엄법칙,0abec384720efa340fa1dec337df8780,2026-06-21,257,78231397624,34.092,,
climb,그레이엄법칙,0abec384720efa340fa1dec337df8780,2026-06-22,257,78231397624,34.092,,
climb,그레이엄법칙,0abec384720efa340fa1dec337df8780,2026-06-23,257,147198648073,64.147,,
climb,그레이엄법칙,0abec384720efa340fa1dec337df8780,2026-06-24,257,216165898522,94.202,,
climb,그레이엄법칙,0abec384720efa340fa1dec337df8780,2026-06-25,257,216165898522,94.202,,
climb,그레이엄법칙,0abec384720efa340fa1dec337df8780,2026-06-26,258,32674413916,13.824,128518,
climb,그레이엄법칙,0abec384720efa340fa1dec337df8780,2026-06-27,258,78652580883,33.277,,
climb,그레이엄법칙,0abec384720efa340fa1dec337df8780,2026-06-28,258,116233199075,49.178,,
climb,그레이엄법칙,0abec384720efa340fa1dec337df8780,2026-06-29,258,116233199075,49.178,,
climb,그레이엄법칙,0abec384720efa340fa1dec337df8780,2026-06-30,258,152843289649,64.667,,
climb,그레이엄법칙,0abec384720efa340fa1dec337df8780,2026-07-01,258,198821456616,84.120,,
climb,그레이엄법칙,0abec384720efa340fa1dec337df8780,2026-07-02,258,198821456616,84.120,,
climb,그레이엄법칙,0abec384720efa340fa1dec337df8780,2026-07-03,259,8445882463,3.469,,
climb,그레이엄법칙,0abec384720efa340fa1dec337df8780,2026-07-04,259,54424049430,22.356,111203,
climb,그레이엄법칙,0abec384720efa340fa1dec337df8780,2026-07-05,259,100402216397,41.242,,
climb,그레이엄법칙,0abec384720efa340fa1dec337df8780,2026-07-06,259,110627958077,45.443,,
climb,그레이엄법칙,0abec384720efa340fa1dec337df8780,2026-07-07,259,120853699757,49.643,,
climb,그레이엄법칙,0abec384720efa340fa1dec337df8780,2026-07-08,259,131079441437,53.844,,
climb,그레이엄법칙,0abec384720efa340fa1dec337df8780,2026-07-09,259,141305183117,58.044,,
climb,그레이엄법칙,0abec384720efa340fa1dec337df8780,2026-07-10,259,151530924797,62.245,,
climb,그레이엄법칙,0abec384720efa340fa1dec337df8780,2026-07-11,259,161756666477,66.445,,
climb,그레이엄법칙,0abec384720efa340fa1dec337df8780,2026-07-12,259,171982408157,70.645,111203,
climb,그레이엄법칙,0abec384720efa340fa1dec337df8780,2026-07-13,259,182208149837,74.846,,
climb,그레이엄법칙,0abec384720efa340fa1dec337df8780,2026-07-14,259,192433891517,79.046,,
climb,그레이엄법칙,0abec384720efa340fa1dec337df8780,2026-07-15,259,202659633197,83.247,,
climb,그레이엄법칙,0abec384720efa340fa1dec337df8780,2026-07-16,259,212885374877,87.447,,
climb,그레이엄법칙,0abec384720efa340fa1dec337df8780,2026-07-17,259,223111116557,91.648,,
climb,그레이엄법칙,0abec384720efa340fa1dec337df8780,2026-07-18,259,233336858237,95.848,,
climb,그레이엄법칙,0abec384720efa340fa1dec337df8780,2026-07-19,260,118246564,0.007,,
climb,그레이엄법칙,0abec384720efa340fa1dec337df8780,2026-07-20,260,118246564,0.007,116498,
climb,그레이엄법칙,0abec384720efa340fa1dec337df8780,2026-07-21,260,118246564,0.007,,
climb,그레이엄법칙,0abec384720efa340fa1dec337df8780,2026-07-22,260,118246564,0.007,,
climb,본얼터,f8559ed1108e1f5c4f762d2d882a4af7,2026-06-18,256,67073984547,30.107,6882407,
climb,본얼터,f8559ed1108e1f5c4f762d2d882a4af7,2026-06-19,256,67073984547,30.107,,
climb,본얼터,f8559ed1108e1f5c4f762d2d882a4af7,2026-06-20,256,67073984547,30.107,,
climb,본얼터,f8559ed1108e1f5c4f762d2d882a4af7,2026-06-21,256,67073984547,30.107,,
climb,본얼터,f8559ed1108e1f5c4f762d2d882a4af7,2026-06-22,256,67073984547,30.107,,
climb,본얼터,f8559ed1108e1f5c4f762d2d882a4af7,2026-06-23,256,67073984547,30.107,,
climb,본얼터,f8559ed1108e1f5c4f762d2d882a4af7,2026-06-24,256,67073984547,30.107,,
climb,본얼터,f8559ed1108e1f5c4f762d2d882a4af7,2026-06-25,256,67073984547,30.107,,
climb,본얼터,f8559ed1108e1f5c4f762d2d882a4af7,2026-06-26,256,67073984547,30.107,6882407,
climb,본얼터,f8559ed1108e1f5c4f762d2d882a4af7,2026-06-27,256,67073984547,30.107,,
climb,본얼터,f8559ed1108e1f5c4f762d2d882a4af7,2026-06-28,256,67073984547,30.107,,
climb,본얼터,f8559ed1108e1f5c4f762d2d882a4af7,2026-06-29,256,67073984547,30.107,,
climb,본얼터,f8559ed1108e1f5c4f762d2d882a4af7,2026-06-30,256,67073984547,30.107,,
climb,본얼터,f8559ed1108e1f5c4f762d2d882a4af7,2026-07-01,256,67073984547,30.107,,
climb,본얼터,f8559ed1108e1f5c4f762d2d882a4af7,2026-07-02,256,67073984547,30.107,,
climb,본얼터,f8559ed1108e1f5c4f762d2d882a4af7,2026-07-03,256,67073984547,30.107,,
climb,본얼터,f8559ed1108e1f5c4f762d2d882a4af7,2026-07-04,256,67073984547,30.107,6882407,
climb,본얼터,f8559ed1108e1f5c4f762d2d882a4af7,2026-07-05,256,67073984547,30.107,,
climb,본얼터,f8559ed1108e1f5c4f762d2d882a4af7,2026-07-06,256,67073984547,30.107,,
climb,본얼터,f8559ed1108e1f5c4f762d2d882a4af7,2026-07-07,256,67073984547,30.107,,
climb,본얼터,f8559ed1108e1f5c4f762d2d882a4af7,2026-07-08,256,67073984547,30.107,,
climb,본얼터,f8559ed1108e1f5c4f762d2d882a4af7,2026-07-09,256,67073984547,30.107,,
climb,본얼터,f8559ed1108e1f5c4f762d2d882a4af7,2026-07-10,256,67073984547,30.107,,
climb,본얼터,f8559ed1108e1f5c4f762d2d882a4af7,2026-07-11,256,67073984547,30.107,,
climb,본얼터,f8559ed1108e1f5c4f762d2d882a4af7,2026-07-12,256,67073984547,30.107,6882407,
climb,본얼터,f8559ed1108e1f5c4f762d2d882a4af7,2026-07-13,256,67073984547,30.107,,
climb,본얼터,f8559ed1108e1f5c4f762d2d882a4af7,2026-07-14,256,67073984547,30.107,,
climb,본얼터,f8559ed1108e1f5c4f762d2d882a4af7,2026-07-15,256,67073984547,30.107,,
climb,본얼터,f8559ed1108e1f5c4f762d2d882a4af7,2026-07-16,256,67073984547,30.107,,
climb,본얼터,f8559ed1108e1f5c4f762d2d882a4af7,2026-07-17,256,67073984547,30.107,,
climb,본얼터,f8559ed1108e1f5c4f762d2d882a4af7,2026-07-18,256,67073984547,30.107,,
climb,본얼터,f8559ed1108e1f5c4f762d2d882a4af7,2026-07-19,256,67073984547,30.107,,
climb,본얼터,f8559ed1108e1f5c4f762d2d882a4af7,2026-07-20,256,67073984547,30.107,6882407,
climb,본얼터,f8559ed1108e1f5c4f762d2d882a4af7,2026-07-21,256,67073984547,30.107,,
climb,본얼터,f8559ed1108e1f5c4f762d2d882a4af7,2026-07-22,256,67073984547,30.107,,
climb,패파해yo,c77fe41e5707841508f47c86e1bed079,2026-06-18,256,102148434272,45.850,4255074,
climb,패파해yo,c77fe41e5707841508f47c86e1bed079,2026-06-19,256,102148434272,45.850,,
climb,패파해yo,c77fe41e5707841508f47c86e1bed079,2026-06-20,256,102148434272,45.850,,
climb,패파해yo,c77fe41e5707841508f47c86e1bed079,2026-06-21,256,102148434272,45.850,,
climb,패파해yo,c77fe41e5707841508f47c86e1bed079,2026-06-22,256,102148434272,45.850,,
climb,패파해yo,c77fe41e5707841508f47c86e1bed079,2026-06-23,256,102148434272,45.850,,
climb,패파해yo,c77fe41e5707841508f47c86e1bed079,2026-06-24,256,102148434272,45.850,,
climb,패파해yo,c77fe41e5707841508f47c86e1bed079,2026-06-25,256,102148434272,45.850,,
climb,패파해yo,c77fe41e5707841508f47c86e1bed079,2026-06-26,256,102148434272,45.850,4255074,
climb,패파해yo,c77fe41e5707841508f47c86e1bed079,2026-06-27,256,102148434272,45.850,,
climb,패파해yo,c77fe41e5707841508f47c86e1bed079,2026-06-28,256,102148434272,45.850,,
climb,패파해yo,c77fe41e5707841508f47c86e1bed079,2026-06-29,256,102148434272,45.850,,
climb,패파해yo,c77fe41e5707841508f47c86e1bed079,2026-06-30,256,102148434272,45.850,,
climb,패파해yo,c77fe41e5707841508f47c86e1bed079,2026-07-01,256,102148434272,45.850,,
climb,패파해yo,c77fe41e5707841508f47c86e1bed079,2026-07-02,256,102148434272,45.850,,
climb,패파해yo,c77fe41e5707841508f47c86e1bed079,2026-07-03,256,102148434272,45.850,,
climb,패파해yo,c77fe41e5707841508f47c86e1bed079,2026-07-04,256,102148434272,45.850,4255074,
climb,패파해yo,c77fe41e5707841508f47c86e1bed079,2026-07-05,256,102148434272,45.850,,
climb,패파해yo,c77fe41e5707841508f47c86e1bed079,2026-07-06,256,102148434272,45.850,,
climb,패파해yo,c77fe41e5707841508f47c86e1bed079,2026-07-07,256,102148434272,45.850,,
climb,패파해yo,c77fe41e5707841508f47c86e1bed079,2026-07-08,256,102148434272,45.850,,
climb,패파해yo,c77fe41e5707841508f47c86e1bed079,2026-07-09,256,102148434272,45.850,,
climb,패파해yo,c77fe41e5707841508f47c86e1bed079,2026-07-10,256,102148434272,45.850,,
climb,패파해yo,c77fe41e5707841508f47c86e1bed079,2026-07-11,256,102148434272,45.850,,
climb,패파해yo,c77fe41e5707841508f47c86e1bed079,2026-07-12,256,102148434272,45.850,4255074,
climb,패파해yo,c77fe41e5707841508f47c86e1bed079,2026-07-13,256,102148434272,45.850,,
climb,패파해yo,c77fe41e5707841508f47c86e1bed079,2026-07-14,256,102148434272,45.850,,
climb,패파해yo,c77fe41e5707841508f47c86e1bed079,2026-07-15,256,102148434272,45.850,,
climb,패파해yo,c77fe41e5707841508f47c86e1bed079,2026-07-16,256,102148434272,45.850,,
climb,패파해yo,c77fe41e5707841508f47c86e1bed079,2026-07-17,256,102148434272,45.850,,
climb,패파해yo,c77fe41e5707841508f47c86e1bed079,2026-07-18,256,102148434272,45.850,,
climb,패파해yo,c77fe41e5707841508f47c86e1bed079,2026-07-19,256,102148434272,45.850,,
climb,패파해yo,c77fe41e5707841508f47c86e1bed079,2026-07-20,256,102148434272,45.850,4255074,
climb,패파해yo,c77fe41e5707841508f47c86e1bed079,2026-07-21,256,102148434272,45.850,,
climb,패파해yo,c77fe41e5707841508f47c86e1bed079,2026-07-22,256,102148434272,45.850,,
climb,무요SG,d0ad15ef68ae8d071839d13db145ce61,2026-06-18,256,76915938214,34.525,8324342,
climb,무요SG,d0ad15ef68ae8d071839d13db145ce61,2026-06-19,256,76915938214,34.525,,
climb,무요SG,d0ad15ef68ae8d071839d13db145ce61,2026-06-20,256,76915938214,34.525,,
climb,무요SG,d0ad15ef68ae8d071839d13db145ce61,2026-06-21,256,76915938214,34.525,,
climb,무요SG,d0ad15ef68ae8d071839d13db145ce61,2026-06-22,256,76915938214,34.525,,
climb,무요SG,d0ad15ef68ae8d071839d13db145ce61,2026-06-23,256,76915938214,34.525,,
climb,무요SG,d0ad15ef68ae8d071839d13db145ce61,2026-06-24,256,76915938214,34.525,,
climb,무요SG,d0ad15ef68ae8d071839d13db145ce61,2026-06-25,256,76915938214,34.525,,
climb,무요SG,d0ad15ef68ae8d071839d13db145ce61,2026-06-26,256,76915938214,34.525,8324342,
climb,무요SG,d0ad15ef68ae8d071839d13db145ce61,2026-06-27,256,76915938214,34.525,,
climb,무요SG,d0ad15ef68ae8d071839d13db145ce61,2026-06-28,256,76915938214,34.525,,
climb,무요SG,d0ad15ef68ae8d071839d13db145ce61,2026-06-29,256,76915938214,34.525,,
climb,무요SG,d0ad15ef68ae8d071839d13db145ce61,2026-06-30,256,76915938214,34.525,,
climb,무요SG,d0ad15ef68ae8d071839d13db145ce61,2026-07-01,256,76915938214,34.525,,
climb,무요SG,d0ad15ef68ae8d071839d13db145ce61,2026-07-02,256,76915938214,34.525,,
climb,무요SG,d0ad15ef68ae8d071839d13db145ce61,2026-07-03,256,76915938214,34.525,,
climb,무요SG,d0ad15ef68ae8d071839d13db145ce61,2026-07-04,256,76915938214,34.525,8324342,
climb,무요SG,d0ad15ef68ae8d071839d13db145ce61,2026-07-05,256,76915938214,34.525,,
climb,무요SG,d0ad15ef68ae8d071839d13db145ce61,2026-07-06,256,76915938214,34.525,,
climb,무요SG,d0ad15ef68ae8d071839d13db145ce61,2026-07-07,256,76915938214,34.525,,
climb,무요SG,d0ad15ef68ae8d071839d13db145ce61,2026-07-08,256,76915938214,34.525,,
climb,무요SG,d0ad15ef68ae8d071839d13db145ce61,2026-07-09,256,76915938214,34.525,,
climb,무요SG,d0ad15ef68ae8d071839d13db145ce61,2026-07-10,256,76915938214,34.525,,
climb,무요SG,d0ad15ef68ae8d071839d13db145ce61,2026-07-11,256,76915938214,34.525,,
climb,무요SG,d0ad15ef68ae8d071839d13db145ce61,2026-07-12,256,76915938214,34.525,7008728,
climb,무요SG,d0ad15ef68ae8d071839d13db145ce61,2026-07-13,256,76915938214,34.525,,
climb,무요SG,d0ad15ef68ae8d071839d13db145ce61,2026-07-14,256,76915938214,34.525,,
climb,무요SG,d0ad15ef68ae8d071839d13db145ce61,2026-07-15,256,76915938214,34.525,,
climb,무요SG,d0ad15ef68ae8d071839d13db145ce61,2026-07-16,256,76917468622,34.525,,
climb,무요SG,d0ad15ef68ae8d071839d13db145ce61,2026-07-17,256,76917468622,34.525,,
climb,무요SG,d0ad15ef68ae8d071839d13db145ce61,2026-07-18,256,76917468622,34.525,,
climb,무요SG,d0ad15ef68ae8d071839d13db145ce61,2026-07-19,256,76917468622,34.525,,
climb,무요SG,d0ad15ef68ae8d071839d13db145ce61,2026-07-20,256,76917468622,34.525,7008728,
climb,무요SG,d0ad15ef68ae8d071839d13db145ce61,2026-07-21,256,76917468622,34.525,,
climb,무요SG,d0ad15ef68ae8d071839d13db145ce61,2026-07-22,256,76917468622,34.525,,
climb,쁘띠데나,0c99b7e9b37bdcb557a3e4361ea56708efe8d04e6d233bd35cf2fabdeb93fb0d,2026-06-18,256,38391510981,17.232,3732308,
climb,쁘띠데나,0c99b7e9b37bdcb557a3e4361ea56708efe8d04e6d233bd35cf2fabdeb93fb0d,2026-06-19,256,38391510981,17.232,,
climb,쁘띠데나,0c99b7e9b37bdcb557a3e4361ea56708efe8d04e6d233bd35cf2fabdeb93fb0d,2026-06-20,256,38478780790,17.272,,
climb,쁘띠데나,0c99b7e9b37bdcb557a3e4361ea56708efe8d04e6d233bd35cf2fabdeb93fb0d,2026-06-21,256,38478780790,17.272,,
climb,쁘띠데나,0c99b7e9b37bdcb557a3e4361ea56708efe8d04e6d233bd35cf2fabdeb93fb0d,2026-06-22,256,38478780790,17.272,,
climb,쁘띠데나,0c99b7e9b37bdcb557a3e4361ea56708efe8d04e6d233bd35cf2fabdeb93fb0d,2026-06-23,256,38479704790,17.272,,
climb,쁘띠데나,0c99b7e9b37bdcb557a3e4361ea56708efe8d04e6d233bd35cf2fabdeb93fb0d,2026-06-24,256,38479704790,17.272,,
climb,쁘띠데나,0c99b7e9b37bdcb557a3e4361ea56708efe8d04e6d233bd35cf2fabdeb93fb0d,2026-06-25,256,38479704790,17.272,,
climb,쁘띠데나,0c99b7e9b37bdcb557a3e4361ea56708efe8d04e6d233bd35cf2fabdeb93fb0d,2026-06-26,256,38479704790,17.272,3767672,
climb,쁘띠데나,0c99b7e9b37bdcb557a3e4361ea56708efe8d04e6d233bd35cf2fabdeb93fb0d,2026-06-27,256,38479704790,17.272,,
climb,쁘띠데나,0c99b7e9b37bdcb557a3e4361ea56708efe8d04e6d233bd35cf2fabdeb93fb0d,2026-06-28,256,38479704790,17.272,,
climb,쁘띠데나,0c99b7e9b37bdcb557a3e4361ea56708efe8d04e6d233bd35cf2fabdeb93fb0d,2026-06-29,256,38479704790,17.272,,
climb,쁘띠데나,0c99b7e9b37bdcb557a3e4361ea56708efe8d04e6d233bd35cf2fabdeb93fb0d,2026-06-30,256,38479924790,17.272,,
climb,쁘띠데나,0c99b7e9b37bdcb557a3e4361ea56708efe8d04e6d233bd35cf2fabdeb93fb0d,2026-07-01,256,38479924790,17.272,,
climb,쁘띠데나,0c99b7e9b37bdcb557a3e4361ea56708efe8d04e6d233bd35cf2fabdeb93fb0d,2026-07-02,256,38479924790,17.272,,
climb,쁘띠데나,0c99b7e9b37bdcb557a3e4361ea56708efe8d04e6d233bd35cf2fabdeb93fb0d,2026-07-03,256,38479924790,17.272,,
climb,쁘띠데나,0c99b7e9b37bdcb557a3e4361ea56708efe8d04e6d233bd35cf2fabdeb93fb0d,2026-07-04,256,38479924790,17.272,3887124,
climb,쁘띠데나,0c99b7e9b37bdcb557a3e4361ea56708efe8d04e6d233bd35cf2fabdeb93fb0d,2026-07-05,256,38479924790,17.272,,
climb,쁘띠데나,0c99b7e9b37bdcb557a3e4361ea56708efe8d04e6d233bd35cf2fabdeb93fb0d,2026-07-06,256,38479924790,17.272,,
climb,쁘띠데나,0c99b7e9b37bdcb557a3e4361ea56708efe8d04e6d233bd35cf2fabdeb93fb0d,2026-07-07,256,38479924790,17.272,,
climb,쁘띠데나,0c99b7e9b37bdcb557a3e4361ea56708efe8d04e6d233bd35cf2fabdeb93fb0d,2026-07-08,256,38479924790,17.272,,
climb,쁘띠데나,0c99b7e9b37bdcb557a3e4361ea56708efe8d04e6d233bd35cf2fabdeb93fb0d,2026-07-09,256,38479924790,17.272,,
climb,쁘띠데나,0c99b7e9b37bdcb557a3e4361ea56708efe8d04e6d233bd35cf2fabdeb93fb0d,2026-07-10,256,38479924790,17.272,,
climb,쁘띠데나,0c99b7e9b37bdcb557a3e4361ea56708efe8d04e6d233bd35cf2fabdeb93fb0d,2026-07-11,256,38479924790,17.272,,
climb,쁘띠데나,0c99b7e9b37bdcb557a3e4361ea56708efe8d04e6d233bd35cf2fabdeb93fb0d,2026-07-12,256,38479924790,17.272,3912866,
climb,쁘띠데나,0c99b7e9b37bdcb557a3e4361ea56708efe8d04e6d233bd35cf2fabdeb93fb0d,2026-07-13,256,38479924790,17.272,,
climb,쁘띠데나,0c99b7e9b37bdcb557a3e4361ea56708efe8d04e6d233bd35cf2fabdeb93fb0d,2026-07-14,256,38479924790,17.272,,
climb,쁘띠데나,0c99b7e9b37bdcb557a3e4361ea56708efe8d04e6d233bd35cf2fabdeb93fb0d,2026-07-15,256,38479924790,17.272,,
climb,쁘띠데나,0c99b7e9b37bdcb557a3e4361ea56708efe8d04e6d233bd35cf2fabdeb93fb0d,2026-07-16,256,38479924790,17.272,,
climb,쁘띠데나,0c99b7e9b37bdcb557a3e4361ea56708efe8d04e6d233bd35cf2fabdeb93fb0d,2026-07-17,256,38479924790,17.272,,
climb,쁘띠데나,0c99b7e9b37bdcb557a3e4361ea56708efe8d04e6d233bd35cf2fabdeb93fb0d,2026-07-18,256,38479924790,17.272,,
climb,쁘띠데나,0c99b7e9b37bdcb557a3e4361ea56708efe8d04e6d233bd35cf2fabdeb93fb0d,2026-07-19,256,38479924790,17.272,,
climb,쁘띠데나,0c99b7e9b37bdcb557a3e4361ea56708efe8d04e6d233bd35cf2fabdeb93fb0d,2026-07-20,256,38479924790,17.272,3912866,
climb,쁘띠데나,0c99b7e9b37bdcb557a3e4361ea56708efe8d04e6d233bd35cf2fabdeb93fb0d,2026-07-21,256,38479924790,17.272,,
climb,쁘띠데나,0c99b7e9b37bdcb557a3e4361ea56708efe8d04e6d233bd35cf2fabdeb93fb0d,2026-07-22,256,38479924790,17.272,,
climb,쫑사리,392f79ad92d9734d0606606ba41768b2,2026-06-18,256,58550499745,26.281,6066817,
climb,쫑사리,392f79ad92d9734d0606606ba41768b2,2026-06-19,256,58591350360,26.299,,
climb,쫑사리,392f79ad92d9734d0606606ba41768b2,2026-06-20,256,58591350360,26.299,,
climb,쫑사리,392f79ad92d9734d0606606ba41768b2,2026-06-21,256,58591350360,26.299,,
climb,쫑사리,392f79ad92d9734d0606606ba41768b2,2026-06-22,256,58591350360,26.299,,
climb,쫑사리,392f79ad92d9734d0606606ba41768b2,2026-06-23,256,58591350360,26.299,,
climb,쫑사리,392f79ad92d9734d0606606ba41768b2,2026-06-24,256,58591350360,26.299,,
climb,쫑사리,392f79ad92d9734d0606606ba41768b2,2026-06-25,256,58591350360,26.299,,
climb,쫑사리,392f79ad92d9734d0606606ba41768b2,2026-06-26,256,58591350360,26.299,4995751,
climb,쫑사리,392f79ad92d9734d0606606ba41768b2,2026-06-27,256,58591350360,26.299,,
climb,쫑사리,392f79ad92d9734d0606606ba41768b2,2026-06-28,256,58591350360,26.299,,
climb,쫑사리,392f79ad92d9734d0606606ba41768b2,2026-06-29,256,58591350360,26.299,,
climb,쫑사리,392f79ad92d9734d0606606ba41768b2,2026-06-30,256,58591350360,26.299,,
climb,쫑사리,392f79ad92d9734d0606606ba41768b2,2026-07-01,256,58591350360,26.299,,
climb,쫑사리,392f79ad92d9734d0606606ba41768b2,2026-07-02,256,58591350360,26.299,,
climb,쫑사리,392f79ad92d9734d0606606ba41768b2,2026-07-03,256,58591350360,26.299,,
climb,쫑사리,392f79ad92d9734d0606606ba41768b2,2026-07-04,256,58591350360,26.299,4995751,
climb,쫑사리,392f79ad92d9734d0606606ba41768b2,2026-07-05,256,58591350360,26.299,,
climb,쫑사리,392f79ad92d9734d0606606ba41768b2,2026-07-06,256,58591350360,26.299,,
climb,쫑사리,392f79ad92d9734d0606606ba41768b2,2026-07-07,256,58591350360,26.299,,
climb,쫑사리,392f79ad92d9734d0606606ba41768b2,2026-07-08,256,58591350360,26.299,,
climb,쫑사리,392f79ad92d9734d0606606ba41768b2,2026-07-09,256,58591350360,26.299,,
climb,쫑사리,392f79ad92d9734d0606606ba41768b2,2026-07-10,256,58591350360,26.299,,
climb,쫑사리,392f79ad92d9734d0606606ba41768b2,2026-07-11,256,58591350360,26.299,,
climb,쫑사리,392f79ad92d9734d0606606ba41768b2,2026-07-12,256,58591350360,26.299,4995751,
climb,쫑사리,392f79ad92d9734d0606606ba41768b2,2026-07-13,256,58591350360,26.299,,
climb,쫑사리,392f79ad92d9734d0606606ba41768b2,2026-07-14,256,58591350360,26.299,,
climb,쫑사리,392f79ad92d9734d0606606ba41768b2,2026-07-15,256,58591350360,26.299,,
climb,쫑사리,392f79ad92d9734d0606606ba41768b2,2026-07-16,256,58591350360,26.299,,
climb,쫑사리,392f79ad92d9734d0606606ba41768b2,2026-07-17,256,58591350360,26.299,,
climb,쫑사리,392f79ad92d9734d0606606ba41768b2,2026-07-18,256,58591350360,26.299,,
climb,쫑사리,392f79ad92d9734d0606606ba41768b2,2026-07-19,256,58591350360,26.299,,
climb,쫑사리,392f79ad92d9734d0606606ba41768b2,2026-07-20,256,58591350360,26.299,4995751,
climb,쫑사리,392f79ad92d9734d0606606ba41768b2,2026-07-21,256,58591350360,26.299,,
climb,쫑사리,392f79ad92d9734d0606606ba41768b2,2026-07-22,256,58591350360,26.299,,
climb,쇼무융,25594b2b03c528a394beb3bd6d37f20d,2026-06-18,256,67488643978,30.293,1891449,
climb,쇼무융,25594b2b03c528a394beb3bd6d37f20d,2026-06-19,256,67488643978,30.293,,
climb,쇼무융,25594b2b03c528a394beb3bd6d37f20d,2026-06-20,256,67488643978,30.293,,
climb,쇼무융,25594b2b03c528a394beb3bd6d37f20d,2026-06-21,256,67488643978,30.293,,
climb,쇼무융,25594b2b03c528a394beb3bd6d37f20d,2026-06-22,256,67488643978,30.293,,
climb,쇼무융,25594b2b03c528a394beb3bd6d37f20d,2026-06-23,256,67488643978,30.293,,
climb,쇼무융,25594b2b03c528a394beb3bd6d37f20d,2026-06-24,256,67488643978,30.293,,
climb,쇼무융,25594b2b03c528a394beb3bd6d37f20d,2026-06-25,256,67488643978,30.293,,
climb,쇼무융,25594b2b03c528a394beb3bd6d37f20d,2026-06-26,256,67488643978,30.293,1891449,
climb,쇼무융,25594b2b03c528a394beb3bd6d37f20d,2026-06-27,256,67488643978,30.293,,
climb,쇼무융,25594b2b03c528a394beb3bd6d37f20d,2026-06-28,256,67488643978,30.293,,
climb,쇼무융,25594b2b03c528a394beb3bd6d37f20d,2026-06-29,256,67488643978,30.293,,
climb,쇼무융,25594b2b03c528a394beb3bd6d37f20d,2026-06-30,256,67488643978,30.293,,
climb,쇼무융,25594b2b03c528a394beb3bd6d37f20d,2026-07-01,256,67488643978,30.293,,
climb,쇼무융,25594b2b03c528a394beb3bd6d37f20d,2026-07-02,256,67488643978,30.293,,
climb,쇼무융,25594b2b03c528a394beb3bd6d37f20d,2026-07-03,256,67488643978,30.293,,
climb,쇼무융,25594b2b03c528a394beb3bd6d37f20d,2026-07-04,256,67488643978,30.293,1891449,
climb,쇼무융,25594b2b03c528a394beb3bd6d37f20d,2026-07-05,256,67488643978,30.293,,
climb,쇼무융,25594b2b03c528a394beb3bd6d37f20d,2026-07-06,256,67488643978,30.293,,
climb,쇼무융,25594b2b03c528a394beb3bd6d37f20d,2026-07-07,256,67488643978,30.293,,
climb,쇼무융,25594b2b03c528a394beb3bd6d37f20d,2026-07-08,256,67488643978,30.293,,
climb,쇼무융,25594b2b03c528a394beb3bd6d37f20d,2026-07-09,256,67488643978,30.293,,
climb,쇼무융,25594b2b03c528a394beb3bd6d37f20d,2026-07-10,256,67488643978,30.293,,
climb,쇼무융,25594b2b03c528a394beb3bd6d37f20d,2026-07-11,256,67488643978,30.293,,
climb,쇼무융,25594b2b03c528a394beb3bd6d37f20d,2026-07-12,256,67488643978,30.293,1891449,
climb,쇼무융,25594b2b03c528a394beb3bd6d37f20d,2026-07-13,256,67488643978,30.293,,
climb,쇼무융,25594b2b03c528a394beb3bd6d37f20d,2026-07-14,256,67488643978,30.293,,
climb,쇼무융,25594b2b03c528a394beb3bd6d37f20d,2026-07-15,256,67488643978,30.293,,
climb,쇼무융,25594b2b03c528a394beb3bd6d37f20d,2026-07-16,256,67488643978,30.293,,
climb,쇼무융,25594b2b03c528a394beb3bd6d37f20d,2026-07-17,256,67488643978,30.293,,
climb,쇼무융,25594b2b03c528a394beb3bd6d37f20d,2026-07-18,256,67488643978,30.293,,
climb,쇼무융,25594b2b03c528a394beb3bd6d37f20d,2026-07-19,256,67488643978,30.293,,
climb,쇼무융,25594b2b03c528a394beb3bd6d37f20d,2026-07-20,256,67488643978,30.293,1891449,
climb,쇼무융,25594b2b03c528a394beb3bd6d37f20d,2026-07-21,256,67488643978,30.293,,
climb,쇼무융,25594b2b03c528a394beb3bd6d37f20d,2026-07-22,256,67488643978,30.293,,
climb,와헌유뇬1236,4bd8876854a34d9e2ba5c25e93829c47efe8d04e6d233bd35cf2fabdeb93fb0d,2026-06-18,256,47107530898,21.145,0,
climb,와헌유뇬1236,4bd8876854a34d9e2ba5c25e93829c47efe8d04e6d233bd35cf2fabdeb93fb0d,2026-06-19,256,47107530898,21.145,,
climb,와헌유뇬1236,4bd8876854a34d9e2ba5c25e93829c47efe8d04e6d233bd35cf2fabdeb93fb0d,2026-06-20,256,47107530898,21.145,,
climb,와헌유뇬1236,4bd8876854a34d9e2ba5c25e93829c47efe8d04e6d233bd35cf2fabdeb93fb0d,2026-06-21,256,47107530898,21.145,,
climb,와헌유뇬1236,4bd8876854a34d9e2ba5c25e93829c47efe8d04e6d233bd35cf2fabdeb93fb0d,2026-06-22,256,47107530898,21.145,,
climb,와헌유뇬1236,4bd8876854a34d9e2ba5c25e93829c47efe8d04e6d233bd35cf2fabdeb93fb0d,2026-06-23,256,47107530898,21.145,,
climb,와헌유뇬1236,4bd8876854a34d9e2ba5c25e93829c47efe8d04e6d233bd35cf2fabdeb93fb0d,2026-06-24,256,47107530898,21.145,,
climb,와헌유뇬1236,4bd8876854a34d9e2ba5c25e93829c47efe8d04e6d233bd35cf2fabdeb93fb0d,2026-06-25,256,47107530898,21.145,,
climb,와헌유뇬1236,4bd8876854a34d9e2ba5c25e93829c47efe8d04e6d233bd35cf2fabdeb93fb0d,2026-06-26,256,47107530898,21.145,0,
climb,와헌유뇬1236,4bd8876854a34d9e2ba5c25e93829c47efe8d04e6d233bd35cf2fabdeb93fb0d,2026-06-27,256,47107530898,21.145,,
climb,와헌유뇬1236,4bd8876854a34d9e2ba5c25e93829c47efe8d04e6d233bd35cf2fabdeb93fb0d,2026-06-28,256,47107530898,21.145,,
climb,와헌유뇬1236,4bd8876854a34d9e2ba5c25e93829c47efe8d04e6d233bd35cf2fabdeb93fb0d,2026-06-29,256,47107530898,21.145,,
climb,와헌유뇬1236,4bd8876854a34d9e2ba5c25e93829c47efe8d04e6d233bd35cf2fabdeb93fb0d,2026-06-30,256,47107530898,21.145,,
climb,와헌유뇬1236,4bd8876854a34d9e2ba5c25e93829c47efe8d04e6d233bd35cf2fabdeb93fb0d,2026-07-01,256,47107530898,21.145,,
climb,와헌유뇬1236,4bd8876854a34d9e2ba5c25e93829c47efe8d04e6d233bd35cf2fabdeb93fb0d,2026-07-02,256,47107530898,21.145,,
climb,와헌유뇬1236,4bd8876854a34d9e2ba5c25e93829c47efe8d04e6d233bd35cf2fabdeb93fb0d,2026-07-03,256,47107530898,21.145,,
climb,와헌유뇬1236,4bd8876854a34d9e2ba5c25e93829c47efe8d04e6d233bd35cf2fabdeb93fb0d,2026-07-04,256,47107530898,21.145,0,
climb,와헌유뇬1236,4bd8876854a34d9e2ba5c25e93829c47efe8d04e6d233bd35cf2fabdeb93fb0d,2026-07-05,256,47107530898,21.145,,
climb,와헌유뇬1236,4bd8876854a34d9e2ba5c25e93829c47efe8d04e6d233bd35cf2fabdeb93fb0d,2026-07-06,256,47107530898,21.145,,
climb,와헌유뇬1236,4bd8876854a34d9e2ba5c25e93829c47efe8d04e6d233bd35cf2fabdeb93fb0d,2026-07-07,256,47107530898,21.145,,
climb,와헌유뇬1236,4bd8876854a34d9e2ba5c25e93829c47efe8d04e6d233bd35cf2fabdeb93fb0d,2026-07-08,256,47107530898,21.145,,
climb,와헌유뇬1236,4bd8876854a34d9e2ba5c25e93829c47efe8d04e6d233bd35cf2fabdeb93fb0d,2026-07-09,256,47107530898,21.145,,
climb,와헌유뇬1236,4bd8876854a34d9e2ba5c25e93829c47efe8d04e6d233bd35cf2fabdeb93fb0d,2026-07-10,256,47107530898,21.145,,
climb,와헌유뇬1236,4bd8876854a34d9e2ba5c25e93829c47efe8d04e6d233bd35cf2fabdeb93fb0d,2026-07-11,256,47107530898,21.145,,
climb,와헌유뇬1236,4bd8876854a34d9e2ba5c25e93829c47efe8d04e6d233bd35cf2fabdeb93fb0d,2026-07-12,256,47107530898,21.145,0,
climb,와헌유뇬1236,4bd8876854a34d9e2ba5c25e93829c47efe8d04e6d233bd35cf2fabdeb93fb0d,2026-07-13,256,47107530898,21.145,,
climb,와헌유뇬1236,4bd8876854a34d9e2ba5c25e93829c47efe8d04e6d233bd35cf2fabdeb93fb0d,2026-07-14,256,47107530898,21.145,,
climb,와헌유뇬1236,4bd8876854a34d9e2ba5c25e93829c47efe8d04e6d233bd35cf2fabdeb93fb0d,2026-07-15,256,47107530898,21.145,,
climb,와헌유뇬1236,4bd8876854a34d9e2ba5c25e93829c47efe8d04e6d233bd35cf2fabdeb93fb0d,2026-07-16,256,47107530898,21.145,,
climb,와헌유뇬1236,4bd8876854a34d9e2ba5c25e93829c47efe8d04e6d233bd35cf2fabdeb93fb0d,2026-07-17,256,47107530898,21.145,,
climb,와헌유뇬1236,4bd8876854a34d9e2ba5c25e93829c47efe8d04e6d233bd35cf2fabdeb93fb0d,2026-07-18,256,47107530898,21.145,,
climb,와헌유뇬1236,4bd8876854a34d9e2ba5c25e93829c47efe8d04e6d233bd35cf2fabdeb93fb0d,2026-07-19,256,47107530898,21.145,,
climb,와헌유뇬1236,4bd8876854a34d9e2ba5c25e93829c47efe8d04e6d233bd35cf2fabdeb93fb0d,2026-07-20,256,47107530898,21.145,0,
climb,와헌유뇬1236,4bd8876854a34d9e2ba5c25e93829c47efe8d04e6d233bd35cf2fabdeb93fb0d,2026-07-21,256,47107530898,21.145,,
climb,와헌유뇬1236,4bd8876854a34d9e2ba5c25e93829c47efe8d04e6d233bd35cf2fabdeb93fb0d,2026-07-22,256,47107530898,21.145,,
climb,10년정지당함,9fcdde3c17dc79233948750751d288d5efe8d04e6d233bd35cf2fabdeb93fb0d,2026-06-18,256,43749966394,19.638,501777,
climb,10년정지당함,9fcdde3c17dc79233948750751d288d5efe8d04e6d233bd35cf2fabdeb93fb0d,2026-06-19,256,43749966394,19.638,,
climb,10년정지당함,9fcdde3c17dc79233948750751d288d5efe8d04e6d233bd35cf2fabdeb93fb0d,2026-06-20,256,43749966394,19.638,,
climb,10년정지당함,9fcdde3c17dc79233948750751d288d5efe8d04e6d233bd35cf2fabdeb93fb0d,2026-06-21,256,43749966394,19.638,,
climb,10년정지당함,9fcdde3c17dc79233948750751d288d5efe8d04e6d233bd35cf2fabdeb93fb0d,2026-06-22,256,43749966394,19.638,,
climb,10년정지당함,9fcdde3c17dc79233948750751d288d5efe8d04e6d233bd35cf2fabdeb93fb0d,2026-06-23,256,43749966394,19.638,,
climb,10년정지당함,9fcdde3c17dc79233948750751d288d5efe8d04e6d233bd35cf2fabdeb93fb0d,2026-06-24,256,43749966394,19.638,,
climb,10년정지당함,9fcdde3c17dc79233948750751d288d5efe8d04e6d233bd35cf2fabdeb93fb0d,2026-06-25,256,43749966394,19.638,,
climb,10년정지당함,9fcdde3c17dc79233948750751d288d5efe8d04e6d233bd35cf2fabdeb93fb0d,2026-06-26,256,43749966394,19.638,501777,
climb,10년정지당함,9fcdde3c17dc79233948750751d288d5efe8d04e6d233bd35cf2fabdeb93fb0d,2026-06-27,256,43749966394,19.638,,
climb,10년정지당함,9fcdde3c17dc79233948750751d288d5efe8d04e6d233bd35cf2fabdeb93fb0d,2026-06-28,256,43749966394,19.638,,
climb,10년정지당함,9fcdde3c17dc79233948750751d288d5efe8d04e6d233bd35cf2fabdeb93fb0d,2026-06-29,256,43749966394,19.638,,
climb,10년정지당함,9fcdde3c17dc79233948750751d288d5efe8d04e6d233bd35cf2fabdeb93fb0d,2026-06-30,256,43749966394,19.638,,
climb,10년정지당함,9fcdde3c17dc79233948750751d288d5efe8d04e6d233bd35cf2fabdeb93fb0d,2026-07-01,256,43749966394,19.638,,
climb,10년정지당함,9fcdde3c17dc79233948750751d288d5efe8d04e6d233bd35cf2fabdeb93fb0d,2026-07-02,256,43749966394,19.638,,
climb,10년정지당함,9fcdde3c17dc79233948750751d288d5efe8d04e6d233bd35cf2fabdeb93fb0d,2026-07-03,256,43749966394,19.638,,
climb,10년정지당함,9fcdde3c17dc79233948750751d288d5efe8d04e6d233bd35cf2fabdeb93fb0d,2026-07-04,256,43749966394,19.638,501777,
climb,10년정지당함,9fcdde3c17dc79233948750751d288d5efe8d04e6d233bd35cf2fabdeb93fb0d,2026-07-05,256,98923766752,44.403,,
climb,10년정지당함,9fcdde3c17dc79233948750751d288d5efe8d04e6d233bd35cf2fabdeb93fb0d,2026-07-06,256,154097567110,69.168,,
climb,10년정지당함,9fcdde3c17dc79233948750751d288d5efe8d04e6d233bd35cf2fabdeb93fb0d,2026-07-07,256,209271367468,93.934,,
climb,10년정지당함,9fcdde3c17dc79233948750751d288d5efe8d04e6d233bd35cf2fabdeb93fb0d,2026-07-08,257,41659098337,18.155,,
climb,10년정지당함,9fcdde3c17dc79233948750751d288d5efe8d04e6d233bd35cf2fabdeb93fb0d,2026-07-09,257,99131807039,43.200,,
climb,10년정지당함,9fcdde3c17dc79233948750751d288d5efe8d04e6d233bd35cf2fabdeb93fb0d,2026-07-10,257,156604515741,68.246,,
climb,10년정지당함,9fcdde3c17dc79233948750751d288d5efe8d04e6d233bd35cf2fabdeb93fb0d,2026-07-11,257,214077224443,93.292,,
climb,10년정지당함,9fcdde3c17dc79233948750751d288d5efe8d04e6d233bd35cf2fabdeb93fb0d,2026-07-12,258,42080281572,17.804,419433,
climb,10년정지당함,9fcdde3c17dc79233948750751d288d5efe8d04e6d233bd35cf2fabdeb93fb0d,2026-07-13,258,100695221410,42.604,,
climb,10년정지당함,9fcdde3c17dc79233948750751d288d5efe8d04e6d233bd35cf2fabdeb93fb0d,2026-07-14,258,158167930112,66.920,,
climb,10년정지당함,9fcdde3c17dc79233948750751d288d5efe8d04e6d233bd35cf2fabdeb93fb0d,2026-07-15,258,215640638814,91.236,,
climb,10년정지당함,9fcdde3c17dc79233948750751d288d5efe8d04e6d233bd35cf2fabdeb93fb0d,2026-07-16,259,36759606396,15.100,,
climb,10년정지당함,9fcdde3c17dc79233948750751d288d5efe8d04e6d233bd35cf2fabdeb93fb0d,2026-07-17,259,94232315098,38.708,,
climb,10년정지당함,9fcdde3c17dc79233948750751d288d5efe8d04e6d233bd35cf2fabdeb93fb0d,2026-07-18,259,151705023800,62.316,,
climb,10년정지당함,9fcdde3c17dc79233948750751d288d5efe8d04e6d233bd35cf2fabdeb93fb0d,2026-07-19,259,209177732502,85.924,,
climb,10년정지당함,9fcdde3c17dc79233948750751d288d5efe8d04e6d233bd35cf2fabdeb93fb0d,2026-07-20,260,334604717,0.019,420709,
climb,10년정지당함,9fcdde3c17dc79233948750751d288d5efe8d04e6d233bd35cf2fabdeb93fb0d,2026-07-21,260,334604717,0.019,,
climb,10년정지당함,9fcdde3c17dc79233948750751d288d5efe8d04e6d233bd35cf2fabdeb93fb0d,2026-07-22,260,334604717,0.019,,
climb,쟈나나,3631a142bdffd59e647a6eb1cdb62d05,2026-06-18,256,38709201290,17.375,110764,
climb,쟈나나,3631a142bdffd59e647a6eb1cdb62d05,2026-06-19,256,38709201290,17.375,,
climb,쟈나나,3631a142bdffd59e647a6eb1cdb62d05,2026-06-20,256,38709201290,17.375,,
climb,쟈나나,3631a142bdffd59e647a6eb1cdb62d05,2026-06-21,256,38709201290,17.375,,
climb,쟈나나,3631a142bdffd59e647a6eb1cdb62d05,2026-06-22,256,38709201290,17.375,,
climb,쟈나나,3631a142bdffd59e647a6eb1cdb62d05,2026-06-23,256,38709201290,17.375,,
climb,쟈나나,3631a142bdffd59e647a6eb1cdb62d05,2026-06-24,256,38709201290,17.375,,
climb,쟈나나,3631a142bdffd59e647a6eb1cdb62d05,2026-06-25,256,38709201290,17.375,,
climb,쟈나나,3631a142bdffd59e647a6eb1cdb62d05,2026-06-26,256,38709201290,17.375,110764,
climb,쟈나나,3631a142bdffd59e647a6eb1cdb62d05,2026-06-27,256,38709201290,17.375,,
climb,쟈나나,3631a142bdffd59e647a6eb1cdb62d05,2026-06-28,256,38709201290,17.375,,
climb,쟈나나,3631a142bdffd59e647a6eb1cdb62d05,2026-06-29,256,38709201290,17.375,,
climb,쟈나나,3631a142bdffd59e647a6eb1cdb62d05,2026-06-30,256,38709201290,17.375,,
climb,쟈나나,3631a142bdffd59e647a6eb1cdb62d05,2026-07-01,256,38709201290,17.375,,
climb,쟈나나,3631a142bdffd59e647a6eb1cdb62d05,2026-07-02,256,38709201290,17.375,,
climb,쟈나나,3631a142bdffd59e647a6eb1cdb62d05,2026-07-03,256,38709201290,17.375,,
climb,쟈나나,3631a142bdffd59e647a6eb1cdb62d05,2026-07-04,256,38709201290,17.375,110764,
climb,쟈나나,3631a142bdffd59e647a6eb1cdb62d05,2026-07-05,256,38709201290,17.375,,
climb,쟈나나,3631a142bdffd59e647a6eb1cdb62d05,2026-07-06,256,38709201290,17.375,,
climb,쟈나나,3631a142bdffd59e647a6eb1cdb62d05,2026-07-07,256,38709201290,17.375,,
climb,쟈나나,3631a142bdffd59e647a6eb1cdb62d05,2026-07-08,256,38709201290,17.375,,
climb,쟈나나,3631a142bdffd59e647a6eb1cdb62d05,2026-07-09,256,38709201290,17.375,,
climb,쟈나나,3631a142bdffd59e647a6eb1cdb62d05,2026-07-10,256,38709201290,17.375,,
climb,쟈나나,3631a142bdffd59e647a6eb1cdb62d05,2026-07-11,256,38709201290,17.375,,
climb,쟈나나,3631a142bdffd59e647a6eb1cdb62d05,2026-07-12,256,38709201290,17.375,110764,
climb,쟈나나,3631a142bdffd59e647a6eb1cdb62d05,2026-07-13,256,38709201290,17.375,,
climb,쟈나나,3631a142bdffd59e647a6eb1cdb62d05,2026-07-14,256,38709201290,17.375,,
climb,쟈나나,3631a142bdffd59e647a6eb1cdb62d05,2026-07-15,256,38709201290,17.375,,
climb,쟈나나,3631a142bdffd59e647a6eb1cdb62d05,2026-07-16,256,38709201290,17.375,,
climb,쟈나나,3631a142bdffd59e647a6eb1cdb62d05,2026-07-17,256,38709201290,17.375,,
climb,쟈나나,3631a142bdffd59e647a6eb1cdb62d05,2026-07-18,256,38709201290,17.375,,
climb,쟈나나,3631a142bdffd59e647a6eb1cdb62d05,2026-07-19,256,38709201290,17.375,,
climb,쟈나나,3631a142bdffd59e647a6eb1cdb62d05,2026-07-20,256,38709201290,17.375,110764,
climb,쟈나나,3631a142bdffd59e647a6eb1cdb62d05,2026-07-21,256,38709201290,17.375,,
climb,쟈나나,3631a142bdffd59e647a6eb1cdb62d05,2026-07-22,256,38709201290,17.375,,
climb,으아하기실헝,d947e36c1eeb2133c18c016536634ae1,2026-06-18,256,45846130577,20.579,137934,
climb,으아하기실헝,d947e36c1eeb2133c18c016536634ae1,2026-06-19,256,45846130577,20.579,,
climb,으아하기실헝,d947e36c1eeb2133c18c016536634ae1,2026-06-20,256,45846130577,20.579,,
climb,으아하기실헝,d947e36c1eeb2133c18c016536634ae1,2026-06-21,256,45846130577,20.579,,
climb,으아하기실헝,d947e36c1eeb2133c18c016536634ae1,2026-06-22,256,45846130577,20.579,,
climb,으아하기실헝,d947e36c1eeb2133c18c016536634ae1,2026-06-23,256,45846130577,20.579,,
climb,으아하기실헝,d947e36c1eeb2133c18c016536634ae1,2026-06-24,256,45846130577,20.579,,
climb,으아하기실헝,d947e36c1eeb2133c18c016536634ae1,2026-06-25,256,45846130577,20.579,,
climb,으아하기실헝,d947e36c1eeb2133c18c016536634ae1,2026-06-26,256,45846130577,20.579,137934,
climb,으아하기실헝,d947e36c1eeb2133c18c016536634ae1,2026-06-27,256,45846130577,20.579,,
climb,으아하기실헝,d947e36c1eeb2133c18c016536634ae1,2026-06-28,256,45846130577,20.579,,
climb,으아하기실헝,d947e36c1eeb2133c18c016536634ae1,2026-06-29,256,45846130577,20.579,,
climb,으아하기실헝,d947e36c1eeb2133c18c016536634ae1,2026-06-30,256,45846130577,20.579,,
climb,으아하기실헝,d947e36c1eeb2133c18c016536634ae1,2026-07-01,256,45846130577,20.579,,
climb,으아하기실헝,d947e36c1eeb2133c18c016536634ae1,2026-07-02,256,45846130577,20.579,,
climb,으아하기실헝,d947e36c1eeb2133c18c016536634ae1,2026-07-03,256,45846130577,20.579,,
climb,으아하기실헝,d947e36c1eeb2133c18c016536634ae1,2026-07-04,256,45846130577,20.579,137934,
climb,으아하기실헝,d947e36c1eeb2133c18c016536634ae1,2026-07-05,256,45846130577,20.579,,
climb,으아하기실헝,d947e36c1eeb2133c18c016536634ae1,2026-07-06,256,45846130577,20.579,,
climb,으아하기실헝,d947e36c1eeb2133c18c016536634ae1,2026-07-07,256,45846130577,20.579,,
climb,으아하기실헝,d947e36c1eeb2133c18c016536634ae1,2026-07-08,256,45846130577,20.579,,
climb,으아하기실헝,d947e36c1eeb2133c18c016536634ae1,2026-07-09,256,45846130577,20.579,,
climb,으아하기실헝,d947e36c1eeb2133c18c016536634ae1,2026-07-10,256,45846130577,20.579,,
climb,으아하기실헝,d947e36c1eeb2133c18c016536634ae1,2026-07-11,256,45846130577,20.579,,
climb,으아하기실헝,d947e36c1eeb2133c18c016536634ae1,2026-07-12,256,45846130577,20.579,137934,
climb,으아하기실헝,d947e36c1eeb2133c18c016536634ae1,2026-07-13,256,45846130577,20.579,,
climb,으아하기실헝,d947e36c1eeb2133c18c016536634ae1,2026-07-14,256,45846130577,20.579,,
climb,으아하기실헝,d947e36c1eeb2133c18c016536634ae1,2026-07-15,256,45846130577,20.579,,
climb,으아하기실헝,d947e36c1eeb2133c18c016536634ae1,2026-07-16,256,45846130577,20.579,,
climb,으아하기실헝,d947e36c1eeb2133c18c016536634ae1,2026-07-17,256,45846130577,20.579,,
climb,으아하기실헝,d947e36c1eeb2133c18c016536634ae1,2026-07-18,256,45846130577,20.579,,
climb,으아하기실헝,d947e36c1eeb2133c18c016536634ae1,2026-07-19,256,45846130577,20.579,,
climb,으아하기실헝,d947e36c1eeb2133c18c016536634ae1,2026-07-20,256,45846130577,20.579,137934,
climb,으아하기실헝,d947e36c1eeb2133c18c016536634ae1,2026-07-21,256,45846130577,20.579,,
climb,으아하기실헝,d947e36c1eeb2133c18c016536634ae1,2026-07-22,256,45846130577,20.579,,
climb,상냥한춘식이,f868f2a6722a314fd07c83e10cf65ca1,2026-06-18,256,42783720938,19.204,684869,
climb,상냥한춘식이,f868f2a6722a314fd07c83e10cf65ca1,2026-06-19,256,42783720938,19.204,,
climb,상냥한춘식이,f868f2a6722a314fd07c83e10cf65ca1,2026-06-20,256,42783720938,19.204,,
climb,상냥한춘식이,f868f2a6722a314fd07c83e10cf65ca1,2026-06-21,256,42783720938,19.204,,
climb,상냥한춘식이,f868f2a6722a314fd07c83e10cf65ca1,2026-06-22,256,42783720938,19.204,,
climb,상냥한춘식이,f868f2a6722a314fd07c83e10cf65ca1,2026-06-23,256,42783720938,19.204,,
climb,상냥한춘식이,f868f2a6722a314fd07c83e10cf65ca1,2026-06-24,256,42783720938,19.204,,
climb,상냥한춘식이,f868f2a6722a314fd07c83e10cf65ca1,2026-06-25,256,42783720938,19.204,,
climb,상냥한춘식이,f868f2a6722a314fd07c83e10cf65ca1,2026-06-26,256,42783720938,19.204,684869,
climb,상냥한춘식이,f868f2a6722a314fd07c83e10cf65ca1,2026-06-27,256,42783720938,19.204,,
climb,상냥한춘식이,f868f2a6722a314fd07c83e10cf65ca1,2026-06-28,256,42783720938,19.204,,
climb,상냥한춘식이,f868f2a6722a314fd07c83e10cf65ca1,2026-06-29,256,42783720938,19.204,,
climb,상냥한춘식이,f868f2a6722a314fd07c83e10cf65ca1,2026-06-30,256,42783720938,19.204,,
climb,상냥한춘식이,f868f2a6722a314fd07c83e10cf65ca1,2026-07-01,256,42783720938,19.204,,
climb,상냥한춘식이,f868f2a6722a314fd07c83e10cf65ca1,2026-07-02,256,42783720938,19.204,,
climb,상냥한춘식이,f868f2a6722a314fd07c83e10cf65ca1,2026-07-03,256,42783720938,19.204,,
climb,상냥한춘식이,f868f2a6722a314fd07c83e10cf65ca1,2026-07-04,256,42783720938,19.204,684869,
climb,상냥한춘식이,f868f2a6722a314fd07c83e10cf65ca1,2026-07-05,256,42783720938,19.204,,
climb,상냥한춘식이,f868f2a6722a314fd07c83e10cf65ca1,2026-07-06,256,42783720938,19.204,,
climb,상냥한춘식이,f868f2a6722a314fd07c83e10cf65ca1,2026-07-07,256,42783720938,19.204,,
climb,상냥한춘식이,f868f2a6722a314fd07c83e10cf65ca1,2026-07-08,256,42783720938,19.204,,
climb,상냥한춘식이,f868f2a6722a314fd07c83e10cf65ca1,2026-07-09,256,42783720938,19.204,,
climb,상냥한춘식이,f868f2a6722a314fd07c83e10cf65ca1,2026-07-10,256,42783720938,19.204,,
climb,상냥한춘식이,f868f2a6722a314fd07c83e10cf65ca1,2026-07-11,256,42783720938,19.204,,
climb,상냥한춘식이,f868f2a6722a314fd07c83e10cf65ca1,2026-07-12,256,42783720938,19.204,684869,
climb,상냥한춘식이,f868f2a6722a314fd07c83e10cf65ca1,2026-07-13,256,42783720938,19.204,,
climb,상냥한춘식이,f868f2a6722a314fd07c83e10cf65ca1,2026-07-14,256,42783720938,19.204,,
climb,상냥한춘식이,f868f2a6722a314fd07c83e10cf65ca1,2026-07-15,256,42783720938,19.204,,
climb,상냥한춘식이,f868f2a6722a314fd07c83e10cf65ca1,2026-07-16,256,42783720938,19.204,,
climb,상냥한춘식이,f868f2a6722a314fd07c83e10cf65ca1,2026-07-17,256,42783720938,19.204,,
climb,상냥한춘식이,f868f2a6722a314fd07c83e10cf65ca1,2026-07-18,256,42783720938,19.204,,
climb,상냥한춘식이,f868f2a6722a314fd07c83e10cf65ca1,2026-07-19,256,42783720938,19.204,,
climb,상냥한춘식이,f868f2a6722a314fd07c83e10cf65ca1,2026-07-20,256,42783720938,19.204,684869,
climb,상냥한춘식이,f868f2a6722a314fd07c83e10cf65ca1,2026-07-21,256,42783720938,19.204,,
climb,상냥한춘식이,f868f2a6722a314fd07c83e10cf65ca1,2026-07-22,256,42783720938,19.204,,
climb,꼬르물,6936d23e5b13ea9c639e504bcaf31769,2026-06-18,256,106697387139,47.892,469,
climb,꼬르물,6936d23e5b13ea9c639e504bcaf31769,2026-06-19,256,106697387139,47.892,,
climb,꼬르물,6936d23e5b13ea9c639e504bcaf31769,2026-06-20,256,106697387139,47.892,,
climb,꼬르물,6936d23e5b13ea9c639e504bcaf31769,2026-06-21,256,106697387139,47.892,,
climb,꼬르물,6936d23e5b13ea9c639e504bcaf31769,2026-06-22,256,106697387139,47.892,,
climb,꼬르물,6936d23e5b13ea9c639e504bcaf31769,2026-06-23,256,106697387139,47.892,,
climb,꼬르물,6936d23e5b13ea9c639e504bcaf31769,2026-06-24,256,106697387139,47.892,,
climb,꼬르물,6936d23e5b13ea9c639e504bcaf31769,2026-06-25,256,106697387139,47.892,,
climb,꼬르물,6936d23e5b13ea9c639e504bcaf31769,2026-06-26,256,106697387139,47.892,469,
climb,꼬르물,6936d23e5b13ea9c639e504bcaf31769,2026-06-27,256,106697387139,47.892,,
climb,꼬르물,6936d23e5b13ea9c639e504bcaf31769,2026-06-28,256,106697387139,47.892,,
climb,꼬르물,6936d23e5b13ea9c639e504bcaf31769,2026-06-29,256,106697387139,47.892,,
climb,꼬르물,6936d23e5b13ea9c639e504bcaf31769,2026-06-30,256,106697387139,47.892,,
climb,꼬르물,6936d23e5b13ea9c639e504bcaf31769,2026-07-01,256,106697387139,47.892,,
climb,꼬르물,6936d23e5b13ea9c639e504bcaf31769,2026-07-02,256,106697387139,47.892,,
climb,꼬르물,6936d23e5b13ea9c639e504bcaf31769,2026-07-03,256,106697387139,47.892,,
climb,꼬르물,6936d23e5b13ea9c639e504bcaf31769,2026-07-04,256,106697387139,47.892,469,
climb,꼬르물,6936d23e5b13ea9c639e504bcaf31769,2026-07-05,256,106697387139,47.892,,
climb,꼬르물,6936d23e5b13ea9c639e504bcaf31769,2026-07-06,256,106697387139,47.892,,
climb,꼬르물,6936d23e5b13ea9c639e504bcaf31769,2026-07-07,256,106697387139,47.892,,
climb,꼬르물,6936d23e5b13ea9c639e504bcaf31769,2026-07-08,256,106697387139,47.892,,
climb,꼬르물,6936d23e5b13ea9c639e504bcaf31769,2026-07-09,256,106697387139,47.892,,
climb,꼬르물,6936d23e5b13ea9c639e504bcaf31769,2026-07-10,256,106697387139,47.892,,
climb,꼬르물,6936d23e5b13ea9c639e504bcaf31769,2026-07-11,256,106697387139,47.892,,
climb,꼬르물,6936d23e5b13ea9c639e504bcaf31769,2026-07-12,256,106697387139,47.892,469,
climb,꼬르물,6936d23e5b13ea9c639e504bcaf31769,2026-07-13,256,106697387139,47.892,,
climb,꼬르물,6936d23e5b13ea9c639e504bcaf31769,2026-07-14,256,106697387139,47.892,,
climb,꼬르물,6936d23e5b13ea9c639e504bcaf31769,2026-07-15,256,106697387139,47.892,,
climb,꼬르물,6936d23e5b13ea9c639e504bcaf31769,2026-07-16,256,106697387139,47.892,,
climb,꼬르물,6936d23e5b13ea9c639e504bcaf31769,2026-07-17,256,106697387139,47.892,,
climb,꼬르물,6936d23e5b13ea9c639e504bcaf31769,2026-07-18,256,106697387139,47.892,,
climb,꼬르물,6936d23e5b13ea9c639e504bcaf31769,2026-07-19,256,106697387139,47.892,,
climb,꼬르물,6936d23e5b13ea9c639e504bcaf31769,2026-07-20,256,106697387139,47.892,469,
climb,꼬르물,6936d23e5b13ea9c639e504bcaf31769,2026-07-21,256,106697387139,47.892,,
climb,꼬르물,6936d23e5b13ea9c639e504bcaf31769,2026-07-22,256,106697387139,47.892,,
climb,셨싯,b1b9017e2452ecaf2eb4fcfa39187370efe8d04e6d233bd35cf2fabdeb93fb0d,2026-06-18,256,40716021810,18.276,3594460,
climb,셨싯,b1b9017e2452ecaf2eb4fcfa39187370efe8d04e6d233bd35cf2fabdeb93fb0d,2026-06-19,256,40716021810,18.276,,
climb,셨싯,b1b9017e2452ecaf2eb4fcfa39187370efe8d04e6d233bd35cf2fabdeb93fb0d,2026-06-20,256,40716021810,18.276,,
climb,셨싯,b1b9017e2452ecaf2eb4fcfa39187370efe8d04e6d233bd35cf2fabdeb93fb0d,2026-06-21,256,40716021810,18.276,,
climb,셨싯,b1b9017e2452ecaf2eb4fcfa39187370efe8d04e6d233bd35cf2fabdeb93fb0d,2026-06-22,256,40716021810,18.276,,
climb,셨싯,b1b9017e2452ecaf2eb4fcfa39187370efe8d04e6d233bd35cf2fabdeb93fb0d,2026-06-23,256,40716021810,18.276,,
climb,셨싯,b1b9017e2452ecaf2eb4fcfa39187370efe8d04e6d233bd35cf2fabdeb93fb0d,2026-06-24,256,40716021810,18.276,,
climb,셨싯,b1b9017e2452ecaf2eb4fcfa39187370efe8d04e6d233bd35cf2fabdeb93fb0d,2026-06-25,256,40716021810,18.276,,
climb,셨싯,b1b9017e2452ecaf2eb4fcfa39187370efe8d04e6d233bd35cf2fabdeb93fb0d,2026-06-26,256,40716021810,18.276,3594460,
climb,셨싯,b1b9017e2452ecaf2eb4fcfa39187370efe8d04e6d233bd35cf2fabdeb93fb0d,2026-06-27,256,40716021810,18.276,,
climb,셨싯,b1b9017e2452ecaf2eb4fcfa39187370efe8d04e6d233bd35cf2fabdeb93fb0d,2026-06-28,256,40716021810,18.276,,
climb,셨싯,b1b9017e2452ecaf2eb4fcfa39187370efe8d04e6d233bd35cf2fabdeb93fb0d,2026-06-29,256,40716021810,18.276,,
climb,셨싯,b1b9017e2452ecaf2eb4fcfa39187370efe8d04e6d233bd35cf2fabdeb93fb0d,2026-06-30,256,40716021810,18.276,,
climb,셨싯,b1b9017e2452ecaf2eb4fcfa39187370efe8d04e6d233bd35cf2fabdeb93fb0d,2026-07-01,256,40716021810,18.276,,
climb,셨싯,b1b9017e2452ecaf2eb4fcfa39187370efe8d04e6d233bd35cf2fabdeb93fb0d,2026-07-02,256,40716021810,18.276,,
climb,셨싯,b1b9017e2452ecaf2eb4fcfa39187370efe8d04e6d233bd35cf2fabdeb93fb0d,2026-07-03,256,40716021810,18.276,,
climb,셨싯,b1b9017e2452ecaf2eb4fcfa39187370efe8d04e6d233bd35cf2fabdeb93fb0d,2026-07-04,256,40716021810,18.276,3594460,
climb,셨싯,b1b9017e2452ecaf2eb4fcfa39187370efe8d04e6d233bd35cf2fabdeb93fb0d,2026-07-05,256,40716021810,18.276,,
climb,셨싯,b1b9017e2452ecaf2eb4fcfa39187370efe8d04e6d233bd35cf2fabdeb93fb0d,2026-07-06,256,40716021810,18.276,,
climb,셨싯,b1b9017e2452ecaf2eb4fcfa39187370efe8d04e6d233bd35cf2fabdeb93fb0d,2026-07-07,256,40716021810,18.276,,
climb,셨싯,b1b9017e2452ecaf2eb4fcfa39187370efe8d04e6d233bd35cf2fabdeb93fb0d,2026-07-08,256,40716021810,18.276,,
climb,셨싯,b1b9017e2452ecaf2eb4fcfa39187370efe8d04e6d233bd35cf2fabdeb93fb0d,2026-07-09,256,40716021810,18.276,,
climb,셨싯,b1b9017e2452ecaf2eb4fcfa39187370efe8d04e6d233bd35cf2fabdeb93fb0d,2026-07-10,256,40716021810,18.276,,
climb,셨싯,b1b9017e2452ecaf2eb4fcfa39187370efe8d04e6d233bd35cf2fabdeb93fb0d,2026-07-11,256,40716021810,18.276,,
climb,셨싯,b1b9017e2452ecaf2eb4fcfa39187370efe8d04e6d233bd35cf2fabdeb93fb0d,2026-07-12,256,40716021810,18.276,3594460,
climb,셨싯,b1b9017e2452ecaf2eb4fcfa39187370efe8d04e6d233bd35cf2fabdeb93fb0d,2026-07-13,256,40716021810,18.276,,
climb,셨싯,b1b9017e2452ecaf2eb4fcfa39187370efe8d04e6d233bd35cf2fabdeb93fb0d,2026-07-14,256,40716021810,18.276,,
climb,셨싯,b1b9017e2452ecaf2eb4fcfa39187370efe8d04e6d233bd35cf2fabdeb93fb0d,2026-07-15,256,40716021810,18.276,,
climb,셨싯,b1b9017e2452ecaf2eb4fcfa39187370efe8d04e6d233bd35cf2fabdeb93fb0d,2026-07-16,256,40716021810,18.276,,
climb,셨싯,b1b9017e2452ecaf2eb4fcfa39187370efe8d04e6d233bd35cf2fabdeb93fb0d,2026-07-17,256,40716021810,18.276,,
climb,셨싯,b1b9017e2452ecaf2eb4fcfa39187370efe8d04e6d233bd35cf2fabdeb93fb0d,2026-07-18,256,40716021810,18.276,,
climb,셨싯,b1b9017e2452ecaf2eb4fcfa39187370efe8d04e6d233bd35cf2fabdeb93fb0d,2026-07-19,256,40716021810,18.276,,
climb,셨싯,b1b9017e2452ecaf2eb4fcfa39187370efe8d04e6d233bd35cf2fabdeb93fb0d,2026-07-20,256,40716021810,18.276,3594460,
climb,셨싯,b1b9017e2452ecaf2eb4fcfa39187370efe8d04e6d233bd35cf2fabdeb93fb0d,2026-07-21,256,40716021810,18.276,,
climb,셨싯,b1b9017e2452ecaf2eb4fcfa39187370efe8d04e6d233bd35cf2fabdeb93fb0d,2026-07-22,256,40716021810,18.276,,
climb,달콤살벌봇,9bfb71e0daa0ab4d4faa956cf75dcd4c,2026-06-18,256,102717913478,46.106,685212,
climb,달콤살벌봇,9bfb71e0daa0ab4d4faa956cf75dcd4c,2026-06-19,256,102717913478,46.106,,
climb,달콤살벌봇,9bfb71e0daa0ab4d4faa956cf75dcd4c,2026-06-20,256,102717913478,46.106,,
climb,달콤살벌봇,9bfb71e0daa0ab4d4faa956cf75dcd4c,2026-06-21,256,102717913478,46.106,,
climb,달콤살벌봇,9bfb71e0daa0ab4d4faa956cf75dcd4c,2026-06-22,256,102717913478,46.106,,
climb,달콤살벌봇,9bfb71e0daa0ab4d4faa956cf75dcd4c,2026-06-23,256,102717913478,46.106,,
climb,달콤살벌봇,9bfb71e0daa0ab4d4faa956cf75dcd4c,2026-06-24,256,102717913478,46.106,,
climb,달콤살벌봇,9bfb71e0daa0ab4d4faa956cf75dcd4c,2026-06-25,256,102717913478,46.106,,
climb,달콤살벌봇,9bfb71e0daa0ab4d4faa956cf75dcd4c,2026-06-26,256,102717913478,46.106,685212,
climb,달콤살벌봇,9bfb71e0daa0ab4d4faa956cf75dcd4c,2026-06-27,256,102717913478,46.106,,
climb,달콤살벌봇,9bfb71e0daa0ab4d4faa956cf75dcd4c,2026-06-28,256,102717913478,46.106,,
climb,달콤살벌봇,9bfb71e0daa0ab4d4faa956cf75dcd4c,2026-06-29,256,102717913478,46.106,,
climb,달콤살벌봇,9bfb71e0daa0ab4d4faa956cf75dcd4c,2026-06-30,256,102717913478,46.106,,
climb,달콤살벌봇,9bfb71e0daa0ab4d4faa956cf75dcd4c,2026-07-01,256,102717913478,46.106,,
climb,달콤살벌봇,9bfb71e0daa0ab4d4faa956cf75dcd4c,2026-07-02,256,102717913478,46.106,,
climb,달콤살벌봇,9bfb71e0daa0ab4d4faa956cf75dcd4c,2026-07-03,256,102717913478,46.106,,
climb,달콤살벌봇,9bfb71e0daa0ab4d4faa956cf75dcd4c,2026-07-04,256,102717913478,46.106,685212,
climb,달콤살벌봇,9bfb71e0daa0ab4d4faa956cf75dcd4c,2026-07-05,256,102717913478,46.106,,
climb,달콤살벌봇,9bfb71e0daa0ab4d4faa956cf75dcd4c,2026-07-06,256,102717913478,46.106,,
climb,달콤살벌봇,9bfb71e0daa0ab4d4faa956cf75dcd4c,2026-07-07,256,102717913478,46.106,,
climb,달콤살벌봇,9bfb71e0daa0ab4d4faa956cf75dcd4c,2026-07-08,256,102717913478,46.106,,
climb,달콤살벌봇,9bfb71e0daa0ab4d4faa956cf75dcd4c,2026-07-09,256,102717913478,46.106,,
climb,달콤살벌봇,9bfb71e0daa0ab4d4faa956cf75dcd4c,2026-07-10,256,102717913478,46.106,,
climb,달콤살벌봇,9bfb71e0daa0ab4d4faa956cf75dcd4c,2026-07-11,256,102717913478,46.106,,
climb,달콤살벌봇,9bfb71e0daa0ab4d4faa956cf75dcd4c,2026-07-12,256,102717913478,46.106,685212,
climb,달콤살벌봇,9bfb71e0daa0ab4d4faa956cf75dcd4c,2026-07-13,256,102717913478,46.106,,
climb,달콤살벌봇,9bfb71e0daa0ab4d4faa956cf75dcd4c,2026-07-14,256,102717913478,46.106,,
climb,달콤살벌봇,9bfb71e0daa0ab4d4faa956cf75dcd4c,2026-07-15,256,102717913478,46.106,,
climb,달콤살벌봇,9bfb71e0daa0ab4d4faa956cf75dcd4c,2026-07-16,256,102717913478,46.106,,
climb,달콤살벌봇,9bfb71e0daa0ab4d4faa956cf75dcd4c,2026-07-17,256,102717913478,46.106,,
climb,달콤살벌봇,9bfb71e0daa0ab4d4faa956cf75dcd4c,2026-07-18,256,102717913478,46.106,,
climb,달콤살벌봇,9bfb71e0daa0ab4d4faa956cf75dcd4c,2026-07-19,256,102717913478,46.106,,
climb,달콤살벌봇,9bfb71e0daa0ab4d4faa956cf75dcd4c,2026-07-20,256,102717913478,46.106,685212,
climb,달콤살벌봇,9bfb71e0daa0ab4d4faa956cf75dcd4c,2026-07-21,256,102717913478,46.106,,
climb,달콤살벌봇,9bfb71e0daa0ab4d4faa956cf75dcd4c,2026-07-22,256,102717913478,46.106,,
climb,김정빈123,84cee694e5ac968b6e636aaedc36a8dd,2026-06-18,256,95722219034,42.966,45188,
climb,김정빈123,84cee694e5ac968b6e636aaedc36a8dd,2026-06-19,256,95722219034,42.966,,
climb,김정빈123,84cee694e5ac968b6e636aaedc36a8dd,2026-06-20,256,95722219034,42.966,,
climb,김정빈123,84cee694e5ac968b6e636aaedc36a8dd,2026-06-21,256,95722219034,42.966,,
climb,김정빈123,84cee694e5ac968b6e636aaedc36a8dd,2026-06-22,256,95722219034,42.966,,
climb,김정빈123,84cee694e5ac968b6e636aaedc36a8dd,2026-06-23,256,95722219034,42.966,,
climb,김정빈123,84cee694e5ac968b6e636aaedc36a8dd,2026-06-24,256,95722219034,42.966,,
climb,김정빈123,84cee694e5ac968b6e636aaedc36a8dd,2026-06-25,256,95722219034,42.966,,
climb,김정빈123,84cee694e5ac968b6e636aaedc36a8dd,2026-06-26,256,95722219034,42.966,45188,
climb,김정빈123,84cee694e5ac968b6e636aaedc36a8dd,2026-06-27,256,95722219034,42.966,,
climb,김정빈123,84cee694e5ac968b6e636aaedc36a8dd,2026-06-28,256,95722219034,42.966,,
climb,김정빈123,84cee694e5ac968b6e636aaedc36a8dd,2026-06-29,256,95722219034,42.966,,
climb,김정빈123,84cee694e5ac968b6e636aaedc36a8dd,2026-06-30,256,95722219034,42.966,,
climb,김정빈123,84cee694e5ac968b6e636aaedc36a8dd,2026-07-01,256,95722219034,42.966,,
climb,김정빈123,84cee694e5ac968b6e636aaedc36a8dd,2026-07-02,256,95722219034,42.966,,
climb,김정빈123,84cee694e5ac968b6e636aaedc36a8dd,2026-07-03,256,95722219034,42.966,,
climb,김정빈123,84cee694e5ac968b6e636aaedc36a8dd,2026-07-04,256,95722219034,42.966,45188,
climb,김정빈123,84cee694e5ac968b6e636aaedc36a8dd,2026-07-05,256,95722219034,42.966,,
climb,김정빈123,84cee694e5ac968b6e636aaedc36a8dd,2026-07-06,256,95722219034,42.966,,
climb,김정빈123,84cee694e5ac968b6e636aaedc36a8dd,2026-07-07,256,95722219034,42.966,,
climb,김정빈123,84cee694e5ac968b6e636aaedc36a8dd,2026-07-08,256,95722219034,42.966,,
climb,김정빈123,84cee694e5ac968b6e636aaedc36a8dd,2026-07-09,256,95722219034,42.966,,
climb,김정빈123,84cee694e5ac968b6e636aaedc36a8dd,2026-07-10,256,95722219034,42.966,,
climb,김정빈123,84cee694e5ac968b6e636aaedc36a8dd,2026-07-11,256,95722219034,42.966,,
climb,김정빈123,84cee694e5ac968b6e636aaedc36a8dd,2026-07-12,256,95722219034,42.966,45188,
climb,김정빈123,84cee694e5ac968b6e636aaedc36a8dd,2026-07-13,256,95722219034,42.966,,
climb,김정빈123,84cee694e5ac968b6e636aaedc36a8dd,2026-07-14,256,95722219034,42.966,,
climb,김정빈123,84cee694e5ac968b6e636aaedc36a8dd,2026-07-15,256,95722219034,42.966,,
climb,김정빈123,84cee694e5ac968b6e636aaedc36a8dd,2026-07-16,256,95722219034,42.966,,
climb,김정빈123,84cee694e5ac968b6e636aaedc36a8dd,2026-07-17,256,95722219034,42.966,,
climb,김정빈123,84cee694e5ac968b6e636aaedc36a8dd,2026-07-18,256,95722219034,42.966,,
climb,김정빈123,84cee694e5ac968b6e636aaedc36a8dd,2026-07-19,256,95722219034,42.966,,
climb,김정빈123,84cee694e5ac968b6e636aaedc36a8dd,2026-07-20,256,95722219034,42.966,45188,
climb,김정빈123,84cee694e5ac968b6e636aaedc36a8dd,2026-07-21,256,95722219034,42.966,,
climb,김정빈123,84cee694e5ac968b6e636aaedc36a8dd,2026-07-22,256,95722219034,42.966,,
climb,허태율희,aa467c943d72808b794f7b3830d191adefe8d04e6d233bd35cf2fabdeb93fb0d,2026-06-18,256,88643058717,39.788,0,
climb,허태율희,aa467c943d72808b794f7b3830d191adefe8d04e6d233bd35cf2fabdeb93fb0d,2026-06-19,256,88643058717,39.788,,
climb,허태율희,aa467c943d72808b794f7b3830d191adefe8d04e6d233bd35cf2fabdeb93fb0d,2026-06-20,256,88643058717,39.788,,
climb,허태율희,aa467c943d72808b794f7b3830d191adefe8d04e6d233bd35cf2fabdeb93fb0d,2026-06-21,256,88643058717,39.788,,
climb,허태율희,aa467c943d72808b794f7b3830d191adefe8d04e6d233bd35cf2fabdeb93fb0d,2026-06-22,256,88643058717,39.788,,
climb,허태율희,aa467c943d72808b794f7b3830d191adefe8d04e6d233bd35cf2fabdeb93fb0d,2026-06-23,256,88643058717,39.788,,
climb,허태율희,aa467c943d72808b794f7b3830d191adefe8d04e6d233bd35cf2fabdeb93fb0d,2026-06-24,256,88643058717,39.788,,
climb,허태율희,aa467c943d72808b794f7b3830d191adefe8d04e6d233bd35cf2fabdeb93fb0d,2026-06-25,256,88643058717,39.788,,
climb,허태율희,aa467c943d72808b794f7b3830d191adefe8d04e6d233bd35cf2fabdeb93fb0d,2026-06-26,256,88643058717,39.788,0,
climb,허태율희,aa467c943d72808b794f7b3830d191adefe8d04e6d233bd35cf2fabdeb93fb0d,2026-06-27,256,88643058717,39.788,,
climb,허태율희,aa467c943d72808b794f7b3830d191adefe8d04e6d233bd35cf2fabdeb93fb0d,2026-06-28,256,88643058717,39.788,,
climb,허태율희,aa467c943d72808b794f7b3830d191adefe8d04e6d233bd35cf2fabdeb93fb0d,2026-06-29,256,88643058717,39.788,,
climb,허태율희,aa467c943d72808b794f7b3830d191adefe8d04e6d233bd35cf2fabdeb93fb0d,2026-06-30,256,88643058717,39.788,,
climb,허태율희,aa467c943d72808b794f7b3830d191adefe8d04e6d233bd35cf2fabdeb93fb0d,2026-07-01,256,88643058717,39.788,,
climb,허태율희,aa467c943d72808b794f7b3830d191adefe8d04e6d233bd35cf2fabdeb93fb0d,2026-07-02,256,88643058717,39.788,,
climb,허태율희,aa467c943d72808b794f7b3830d191adefe8d04e6d233bd35cf2fabdeb93fb0d,2026-07-03,256,88643058717,39.788,,
climb,허태율희,aa467c943d72808b794f7b3830d191adefe8d04e6d233bd35cf2fabdeb93fb0d,2026-07-04,256,88643058717,39.788,0,
climb,허태율희,aa467c943d72808b794f7b3830d191adefe8d04e6d233bd35cf2fabdeb93fb0d,2026-07-05,256,88643058717,39.788,,
climb,허태율희,aa467c943d72808b794f7b3830d191adefe8d04e6d233bd35cf2fabdeb93fb0d,2026-07-06,256,88643058717,39.788,,
climb,허태율희,aa467c943d72808b794f7b3830d191adefe8d04e6d233bd35cf2fabdeb93fb0d,2026-07-07,256,88643058717,39.788,,
climb,허태율희,aa467c943d72808b794f7b3830d191adefe8d04e6d233bd35cf2fabdeb93fb0d,2026-07-08,256,88643058717,39.788,,
climb,허태율희,aa467c943d72808b794f7b3830d191adefe8d04e6d233bd35cf2fabdeb93fb0d,2026-07-09,256,88643058717,39.788,,
climb,허태율희,aa467c943d72808b794f7b3830d191adefe8d04e6d233bd35cf2fabdeb93fb0d,2026-07-10,256,88643058717,39.788,,
climb,허태율희,aa467c943d72808b794f7b3830d191adefe8d04e6d233bd35cf2fabdeb93fb0d,2026-07-11,256,88643058717,39.788,,
climb,허태율희,aa467c943d72808b794f7b3830d191adefe8d04e6d233bd35cf2fabdeb93fb0d,2026-07-12,256,88643058717,39.788,0,
climb,허태율희,aa467c943d72808b794f7b3830d191adefe8d04e6d233bd35cf2fabdeb93fb0d,2026-07-13,256,88643058717,39.788,,
climb,허태율희,aa467c943d72808b794f7b3830d191adefe8d04e6d233bd35cf2fabdeb93fb0d,2026-07-14,256,88643058717,39.788,,
climb,허태율희,aa467c943d72808b794f7b3830d191adefe8d04e6d233bd35cf2fabdeb93fb0d,2026-07-15,256,88643058717,39.788,,
climb,허태율희,aa467c943d72808b794f7b3830d191adefe8d04e6d233bd35cf2fabdeb93fb0d,2026-07-16,256,88643058717,39.788,,
climb,허태율희,aa467c943d72808b794f7b3830d191adefe8d04e6d233bd35cf2fabdeb93fb0d,2026-07-17,256,88643058717,39.788,,
climb,허태율희,aa467c943d72808b794f7b3830d191adefe8d04e6d233bd35cf2fabdeb93fb0d,2026-07-18,256,88643058717,39.788,,
climb,허태율희,aa467c943d72808b794f7b3830d191adefe8d04e6d233bd35cf2fabdeb93fb0d,2026-07-19,256,88643058717,39.788,,
climb,허태율희,aa467c943d72808b794f7b3830d191adefe8d04e6d233bd35cf2fabdeb93fb0d,2026-07-20,256,88643058717,39.788,0,
climb,허태율희,aa467c943d72808b794f7b3830d191adefe8d04e6d233bd35cf2fabdeb93fb0d,2026-07-21,256,88643058717,39.788,,
climb,허태율희,aa467c943d72808b794f7b3830d191adefe8d04e6d233bd35cf2fabdeb93fb0d,2026-07-22,256,88643058717,39.788,,
climb,의정부무잔,84b1221e97e32100170801699d56f048,2026-06-18,256,39166453442,17.580,1227489,
climb,의정부무잔,84b1221e97e32100170801699d56f048,2026-06-19,256,39166453442,17.580,,
climb,의정부무잔,84b1221e97e32100170801699d56f048,2026-06-20,256,39166453442,17.580,,
climb,의정부무잔,84b1221e97e32100170801699d56f048,2026-06-21,256,39166453442,17.580,,
climb,의정부무잔,84b1221e97e32100170801699d56f048,2026-06-22,256,39166453442,17.580,,
climb,의정부무잔,84b1221e97e32100170801699d56f048,2026-06-23,256,39166453442,17.580,,
climb,의정부무잔,84b1221e97e32100170801699d56f048,2026-06-24,256,39166453442,17.580,,
climb,의정부무잔,84b1221e97e32100170801699d56f048,2026-06-25,256,39166453442,17.580,,
climb,의정부무잔,84b1221e97e32100170801699d56f048,2026-06-26,256,39166453442,17.580,1227489,
climb,의정부무잔,84b1221e97e32100170801699d56f048,2026-06-27,256,39166453442,17.580,,
climb,의정부무잔,84b1221e97e32100170801699d56f048,2026-06-28,256,39166453442,17.580,,
climb,의정부무잔,84b1221e97e32100170801699d56f048,2026-06-29,256,39166453442,17.580,,
climb,의정부무잔,84b1221e97e32100170801699d56f048,2026-06-30,256,39166453442,17.580,,
climb,의정부무잔,84b1221e97e32100170801699d56f048,2026-07-01,256,39166453442,17.580,,
climb,의정부무잔,84b1221e97e32100170801699d56f048,2026-07-02,256,39166453442,17.580,,
climb,의정부무잔,84b1221e97e32100170801699d56f048,2026-07-03,256,39166453442,17.580,,
climb,의정부무잔,84b1221e97e32100170801699d56f048,2026-07-04,256,39166453442,17.580,1227489,
climb,의정부무잔,84b1221e97e32100170801699d56f048,2026-07-05,256,39166453442,17.580,,
climb,의정부무잔,84b1221e97e32100170801699d56f048,2026-07-06,256,39166453442,17.580,,
climb,의정부무잔,84b1221e97e32100170801699d56f048,2026-07-07,256,39166453442,17.580,,
climb,의정부무잔,84b1221e97e32100170801699d56f048,2026-07-08,256,39166453442,17.580,,
climb,의정부무잔,84b1221e97e32100170801699d56f048,2026-07-09,256,39166453442,17.580,,
climb,의정부무잔,84b1221e97e32100170801699d56f048,2026-07-10,256,39166453442,17.580,,
climb,의정부무잔,84b1221e97e32100170801699d56f048,2026-07-11,256,39166453442,17.580,,
climb,의정부무잔,84b1221e97e32100170801699d56f048,2026-07-12,256,39166453442,17.580,1227489,
climb,의정부무잔,84b1221e97e32100170801699d56f048,2026-07-13,256,39166453442,17.580,,
climb,의정부무잔,84b1221e97e32100170801699d56f048,2026-07-14,256,39166453442,17.580,,
climb,의정부무잔,84b1221e97e32100170801699d56f048,2026-07-15,256,39166453442,17.580,,
climb,의정부무잔,84b1221e97e32100170801699d56f048,2026-07-16,256,39166453442,17.580,,
climb,의정부무잔,84b1221e97e32100170801699d56f048,2026-07-17,256,39166453442,17.580,,
climb,의정부무잔,84b1221e97e32100170801699d56f048,2026-07-18,256,39166453442,17.580,,
climb,의정부무잔,84b1221e97e32100170801699d56f048,2026-07-19,256,39166453442,17.580,,
climb,의정부무잔,84b1221e97e32100170801699d56f048,2026-07-20,256,39166453442,17.580,1227489,
climb,의정부무잔,84b1221e97e32100170801699d56f048,2026-07-21,256,39166453442,17.580,,
climb,의정부무잔,84b1221e97e32100170801699d56f048,2026-07-22,256,39166453442,17.580,,
climb,썹09,8d893813cde07856036c1f3eba9df34e,2026-06-18,256,40162395741,18.027,346341,
climb,썹09,8d893813cde07856036c1f3eba9df34e,2026-06-19,256,40162395741,18.027,,
climb,썹09,8d893813cde07856036c1f3eba9df34e,2026-06-20,256,40162395741,18.027,,
climb,썹09,8d893813cde07856036c1f3eba9df34e,2026-06-21,256,40162395741,18.027,,
climb,썹09,8d893813cde07856036c1f3eba9df34e,2026-06-22,256,40162395741,18.027,,
climb,썹09,8d893813cde07856036c1f3eba9df34e,2026-06-23,256,40162395741,18.027,,
climb,썹09,8d893813cde07856036c1f3eba9df34e,2026-06-24,256,40162395741,18.027,,
climb,썹09,8d893813cde07856036c1f3eba9df34e,2026-06-25,256,40162395741,18.027,,
climb,썹09,8d893813cde07856036c1f3eba9df34e,2026-06-26,256,40162395741,18.027,346341,
climb,썹09,8d893813cde07856036c1f3eba9df34e,2026-06-27,256,40162395741,18.027,,
climb,썹09,8d893813cde07856036c1f3eba9df34e,2026-06-28,256,40162395741,18.027,,
climb,썹09,8d893813cde07856036c1f3eba9df34e,2026-06-29,256,40162395741,18.027,,
climb,썹09,8d893813cde07856036c1f3eba9df34e,2026-06-30,256,40162395741,18.027,,
climb,썹09,8d893813cde07856036c1f3eba9df34e,2026-07-01,256,40162395741,18.027,,
climb,썹09,8d893813cde07856036c1f3eba9df34e,2026-07-02,256,40162395741,18.027,,
climb,썹09,8d893813cde07856036c1f3eba9df34e,2026-07-03,256,40162395741,18.027,,
climb,썹09,8d893813cde07856036c1f3eba9df34e,2026-07-04,256,40162395741,18.027,346341,
climb,썹09,8d893813cde07856036c1f3eba9df34e,2026-07-05,256,40162395741,18.027,,
climb,썹09,8d893813cde07856036c1f3eba9df34e,2026-07-06,256,40162395741,18.027,,
climb,썹09,8d893813cde07856036c1f3eba9df34e,2026-07-07,256,40162395741,18.027,,
climb,썹09,8d893813cde07856036c1f3eba9df34e,2026-07-08,256,40162395741,18.027,,
climb,썹09,8d893813cde07856036c1f3eba9df34e,2026-07-09,256,40162395741,18.027,,
climb,썹09,8d893813cde07856036c1f3eba9df34e,2026-07-10,256,40162395741,18.027,,
climb,썹09,8d893813cde07856036c1f3eba9df34e,2026-07-11,256,40162395741,18.027,,
climb,썹09,8d893813cde07856036c1f3eba9df34e,2026-07-12,256,40162395741,18.027,346341,
climb,썹09,8d893813cde07856036c1f3eba9df34e,2026-07-13,256,40162395741,18.027,,
climb,썹09,8d893813cde07856036c1f3eba9df34e,2026-07-14,256,40162395741,18.027,,
climb,썹09,8d893813cde07856036c1f3eba9df34e,2026-07-15,256,40162395741,18.027,,
climb,썹09,8d893813cde07856036c1f3eba9df34e,2026-07-16,256,40162395741,18.027,,
climb,썹09,8d893813cde07856036c1f3eba9df34e,2026-07-17,256,40162395741,18.027,,
climb,썹09,8d893813cde07856036c1f3eba9df34e,2026-07-18,256,40162395741,18.027,,
climb,썹09,8d893813cde07856036c1f3eba9df34e,2026-07-19,256,40162395741,18.027,,
climb,썹09,8d893813cde07856036c1f3eba9df34e,2026-07-20,256,40162395741,18.027,346341,
climb,썹09,8d893813cde07856036c1f3eba9df34e,2026-07-21,256,40162395741,18.027,,
climb,썹09,8d893813cde07856036c1f3eba9df34e,2026-07-22,256,40162395741,18.027,,
climb,메르챙제스,14c5f43fdcf769658c1d4aabdaf8a41defe8d04e6d233bd35cf2fabdeb93fb0d,2026-06-18,256,108465778590,48.686,578508,
climb,메르챙제스,14c5f43fdcf769658c1d4aabdaf8a41defe8d04e6d233bd35cf2fabdeb93fb0d,2026-06-19,256,108465778590,48.686,,
climb,메르챙제스,14c5f43fdcf769658c1d4aabdaf8a41defe8d04e6d233bd35cf2fabdeb93fb0d,2026-06-20,256,108465778590,48.686,,
climb,메르챙제스,14c5f43fdcf769658c1d4aabdaf8a41defe8d04e6d233bd35cf2fabdeb93fb0d,2026-06-21,256,108465778590,48.686,,
climb,메르챙제스,14c5f43fdcf769658c1d4aabdaf8a41defe8d04e6d233bd35cf2fabdeb93fb0d,2026-06-22,256,108465778590,48.686,,
climb,메르챙제스,14c5f43fdcf769658c1d4aabdaf8a41defe8d04e6d233bd35cf2fabdeb93fb0d,2026-06-23,256,108465778590,48.686,,
climb,메르챙제스,14c5f43fdcf769658c1d4aabdaf8a41defe8d04e6d233bd35cf2fabdeb93fb0d,2026-06-24,256,108465778590,48.686,,
climb,메르챙제스,14c5f43fdcf769658c1d4aabdaf8a41defe8d04e6d233bd35cf2fabdeb93fb0d,2026-06-25,256,108465778590,48.686,,
climb,메르챙제스,14c5f43fdcf769658c1d4aabdaf8a41defe8d04e6d233bd35cf2fabdeb93fb0d,2026-06-26,256,108465778590,48.686,578508,
climb,메르챙제스,14c5f43fdcf769658c1d4aabdaf8a41defe8d04e6d233bd35cf2fabdeb93fb0d,2026-06-27,256,108465778590,48.686,,
climb,메르챙제스,14c5f43fdcf769658c1d4aabdaf8a41defe8d04e6d233bd35cf2fabdeb93fb0d,2026-06-28,256,108465778590,48.686,,
climb,메르챙제스,14c5f43fdcf769658c1d4aabdaf8a41defe8d04e6d233bd35cf2fabdeb93fb0d,2026-06-29,256,108465778590,48.686,,
climb,메르챙제스,14c5f43fdcf769658c1d4aabdaf8a41defe8d04e6d233bd35cf2fabdeb93fb0d,2026-06-30,256,108465778590,48.686,,
climb,메르챙제스,14c5f43fdcf769658c1d4aabdaf8a41defe8d04e6d233bd35cf2fabdeb93fb0d,2026-07-01,256,108465778590,48.686,,
climb,메르챙제스,14c5f43fdcf769658c1d4aabdaf8a41defe8d04e6d233bd35cf2fabdeb93fb0d,2026-07-02,256,108465778590,48.686,,
climb,메르챙제스,14c5f43fdcf769658c1d4aabdaf8a41defe8d04e6d233bd35cf2fabdeb93fb0d,2026-07-03,256,108465778590,48.686,,
climb,메르챙제스,14c5f43fdcf769658c1d4aabdaf8a41defe8d04e6d233bd35cf2fabdeb93fb0d,2026-07-04,256,108465778590,48.686,578508,
climb,메르챙제스,14c5f43fdcf769658c1d4aabdaf8a41defe8d04e6d233bd35cf2fabdeb93fb0d,2026-07-05,256,108465778590,48.686,,
climb,메르챙제스,14c5f43fdcf769658c1d4aabdaf8a41defe8d04e6d233bd35cf2fabdeb93fb0d,2026-07-06,256,108465778590,48.686,,
climb,메르챙제스,14c5f43fdcf769658c1d4aabdaf8a41defe8d04e6d233bd35cf2fabdeb93fb0d,2026-07-07,256,108465778590,48.686,,
climb,메르챙제스,14c5f43fdcf769658c1d4aabdaf8a41defe8d04e6d233bd35cf2fabdeb93fb0d,2026-07-08,256,108465778590,48.686,,
climb,메르챙제스,14c5f43fdcf769658c1d4aabdaf8a41defe8d04e6d233bd35cf2fabdeb93fb0d,2026-07-09,256,108465778590,48.686,,
climb,메르챙제스,14c5f43fdcf769658c1d4aabdaf8a41defe8d04e6d233bd35cf2fabdeb93fb0d,2026-07-10,256,108465778590,48.686,,
climb,메르챙제스,14c5f43fdcf769658c1d4aabdaf8a41defe8d04e6d233bd35cf2fabdeb93fb0d,2026-07-11,256,108465778590,48.686,,
climb,메르챙제스,14c5f43fdcf769658c1d4aabdaf8a41defe8d04e6d233bd35cf2fabdeb93fb0d,2026-07-12,256,108465778590,48.686,578508,
climb,메르챙제스,14c5f43fdcf769658c1d4aabdaf8a41defe8d04e6d233bd35cf2fabdeb93fb0d,2026-07-13,256,108465778590,48.686,,
climb,메르챙제스,14c5f43fdcf769658c1d4aabdaf8a41defe8d04e6d233bd35cf2fabdeb93fb0d,2026-07-14,256,108465778590,48.686,,
climb,메르챙제스,14c5f43fdcf769658c1d4aabdaf8a41defe8d04e6d233bd35cf2fabdeb93fb0d,2026-07-15,256,108465778590,48.686,,
climb,메르챙제스,14c5f43fdcf769658c1d4aabdaf8a41defe8d04e6d233bd35cf2fabdeb93fb0d,2026-07-16,256,108465778590,48.686,,
climb,메르챙제스,14c5f43fdcf769658c1d4aabdaf8a41defe8d04e6d233bd35cf2fabdeb93fb0d,2026-07-17,256,108465778590,48.686,,
climb,메르챙제스,14c5f43fdcf769658c1d4aabdaf8a41defe8d04e6d233bd35cf2fabdeb93fb0d,2026-07-18,256,108465778590,48.686,,
climb,메르챙제스,14c5f43fdcf769658c1d4aabdaf8a41defe8d04e6d233bd35cf2fabdeb93fb0d,2026-07-19,256,108465778590,48.686,,
climb,메르챙제스,14c5f43fdcf769658c1d4aabdaf8a41defe8d04e6d233bd35cf2fabdeb93fb0d,2026-07-20,256,108465778590,48.686,578508,
climb,메르챙제스,14c5f43fdcf769658c1d4aabdaf8a41defe8d04e6d233bd35cf2fabdeb93fb0d,2026-07-21,256,108465778590,48.686,,
climb,메르챙제스,14c5f43fdcf769658c1d4aabdaf8a41defe8d04e6d233bd35cf2fabdeb93fb0d,2026-07-22,256,108465778590,48.686,,
climb,크로아차크람,0a622250df56f30876d89a31568ef886,2026-06-18,256,100993004593,45.332,8811670,
climb,크로아차크람,0a622250df56f30876d89a31568ef886,2026-06-19,256,100993004593,45.332,,
climb,크로아차크람,0a622250df56f30876d89a31568ef886,2026-06-20,256,100993004593,45.332,,
climb,크로아차크람,0a622250df56f30876d89a31568ef886,2026-06-21,256,100993004593,45.332,,
climb,크로아차크람,0a622250df56f30876d89a31568ef886,2026-06-22,256,100993004593,45.332,,
climb,크로아차크람,0a622250df56f30876d89a31568ef886,2026-06-23,256,100993004593,45.332,,
climb,크로아차크람,0a622250df56f30876d89a31568ef886,2026-06-24,256,100993004593,45.332,,
climb,크로아차크람,0a622250df56f30876d89a31568ef886,2026-06-25,256,100993004593,45.332,,
climb,크로아차크람,0a622250df56f30876d89a31568ef886,2026-06-26,256,100993004593,45.332,8811670,
climb,크로아차크람,0a622250df56f30876d89a31568ef886,2026-06-27,256,100993004593,45.332,,
climb,크로아차크람,0a622250df56f30876d89a31568ef886,2026-06-28,256,100993004593,45.332,,
climb,크로아차크람,0a622250df56f30876d89a31568ef886,2026-06-29,256,100993004593,45.332,,
climb,크로아차크람,0a622250df56f30876d89a31568ef886,2026-06-30,256,100993004593,45.332,,
climb,크로아차크람,0a622250df56f30876d89a31568ef886,2026-07-01,256,100993004593,45.332,,
climb,크로아차크람,0a622250df56f30876d89a31568ef886,2026-07-02,256,100993004593,45.332,,
climb,크로아차크람,0a622250df56f30876d89a31568ef886,2026-07-03,256,100993004593,45.332,,
climb,크로아차크람,0a622250df56f30876d89a31568ef886,2026-07-04,256,100993004593,45.332,8811670,
climb,크로아차크람,0a622250df56f30876d89a31568ef886,2026-07-05,256,100993004593,45.332,,
climb,크로아차크람,0a622250df56f30876d89a31568ef886,2026-07-06,256,100993004593,45.332,,
climb,크로아차크람,0a622250df56f30876d89a31568ef886,2026-07-07,256,100993004593,45.332,,
climb,크로아차크람,0a622250df56f30876d89a31568ef886,2026-07-08,256,100993004593,45.332,,
climb,크로아차크람,0a622250df56f30876d89a31568ef886,2026-07-09,256,100993004593,45.332,,
climb,크로아차크람,0a622250df56f30876d89a31568ef886,2026-07-10,256,100993004593,45.332,,
climb,크로아차크람,0a622250df56f30876d89a31568ef886,2026-07-11,256,100993004593,45.332,,
climb,크로아차크람,0a622250df56f30876d89a31568ef886,2026-07-12,256,100993004593,45.332,8811670,
climb,크로아차크람,0a622250df56f30876d89a31568ef886,2026-07-13,256,100993004593,45.332,,
climb,크로아차크람,0a622250df56f30876d89a31568ef886,2026-07-14,256,100993004593,45.332,,
climb,크로아차크람,0a622250df56f30876d89a31568ef886,2026-07-15,256,100993004593,45.332,,
climb,크로아차크람,0a622250df56f30876d89a31568ef886,2026-07-16,256,100993004593,45.332,,
climb,크로아차크람,0a622250df56f30876d89a31568ef886,2026-07-17,256,100993004593,45.332,,
climb,크로아차크람,0a622250df56f30876d89a31568ef886,2026-07-18,256,100993004593,45.332,,
climb,크로아차크람,0a622250df56f30876d89a31568ef886,2026-07-19,256,100993004593,45.332,,
climb,크로아차크람,0a622250df56f30876d89a31568ef886,2026-07-20,256,100993004593,45.332,8811670,
climb,크로아차크람,0a622250df56f30876d89a31568ef886,2026-07-21,256,100993004593,45.332,,
climb,크로아차크람,0a622250df56f30876d89a31568ef886,2026-07-22,256,100993004593,45.332,,
climb,진득,24fe561ab474dc88e726d02d51afd6e0,2026-06-18,256,91351961291,41.004,1943092,
climb,진득,24fe561ab474dc88e726d02d51afd6e0,2026-06-19,256,91351961291,41.004,,
climb,진득,24fe561ab474dc88e726d02d51afd6e0,2026-06-20,256,91351961291,41.004,,
climb,진득,24fe561ab474dc88e726d02d51afd6e0,2026-06-21,256,91436529031,41.042,,
climb,진득,24fe561ab474dc88e726d02d51afd6e0,2026-06-22,256,91449106646,41.048,,
climb,진득,24fe561ab474dc88e726d02d51afd6e0,2026-06-23,256,91449106646,41.048,,
climb,진득,24fe561ab474dc88e726d02d51afd6e0,2026-06-24,256,91449106646,41.048,,
climb,진득,24fe561ab474dc88e726d02d51afd6e0,2026-06-25,256,91449106646,41.048,,
climb,진득,24fe561ab474dc88e726d02d51afd6e0,2026-06-26,256,91449106646,41.048,1943092,
climb,진득,24fe561ab474dc88e726d02d51afd6e0,2026-06-27,256,91449106646,41.048,,
climb,진득,24fe561ab474dc88e726d02d51afd6e0,2026-06-28,256,91449106646,41.048,,
climb,진득,24fe561ab474dc88e726d02d51afd6e0,2026-06-29,256,91449106646,41.048,,
climb,진득,24fe561ab474dc88e726d02d51afd6e0,2026-06-30,256,91449106646,41.048,,
climb,진득,24fe561ab474dc88e726d02d51afd6e0,2026-07-01,256,91449106646,41.048,,
climb,진득,24fe561ab474dc88e726d02d51afd6e0,2026-07-02,256,94949374606,42.619,,
climb,진득,24fe561ab474dc88e726d02d51afd6e0,2026-07-03,256,94949374606,42.619,,
climb,진득,24fe561ab474dc88e726d02d51afd6e0,2026-07-04,256,109448852374,49.127,2024863,
climb,진득,24fe561ab474dc88e726d02d51afd6e0,2026-07-05,256,109448852374,49.127,,
climb,진득,24fe561ab474dc88e726d02d51afd6e0,2026-07-06,256,109448852374,49.127,,
climb,진득,24fe561ab474dc88e726d02d51afd6e0,2026-07-07,256,109448852374,49.127,,
climb,진득,24fe561ab474dc88e726d02d51afd6e0,2026-07-08,256,109460878674,49.133,,
climb,진득,24fe561ab474dc88e726d02d51afd6e0,2026-07-09,256,109460878674,49.133,,
climb,진득,24fe561ab474dc88e726d02d51afd6e0,2026-07-10,256,109483348634,49.143,,
climb,진득,24fe561ab474dc88e726d02d51afd6e0,2026-07-11,256,109483348634,49.143,,
climb,진득,24fe561ab474dc88e726d02d51afd6e0,2026-07-12,256,109483348634,49.143,2024863,
climb,진득,24fe561ab474dc88e726d02d51afd6e0,2026-07-13,256,109483348634,49.143,,
climb,진득,24fe561ab474dc88e726d02d51afd6e0,2026-07-14,256,109483348634,49.143,,
climb,진득,24fe561ab474dc88e726d02d51afd6e0,2026-07-15,256,109483348634,49.143,,
climb,진득,24fe561ab474dc88e726d02d51afd6e0,2026-07-16,256,109483348634,49.143,,
climb,진득,24fe561ab474dc88e726d02d51afd6e0,2026-07-17,256,109483348634,49.143,,
climb,진득,24fe561ab474dc88e726d02d51afd6e0,2026-07-18,256,109483348634,49.143,,
climb,진득,24fe561ab474dc88e726d02d51afd6e0,2026-07-19,256,109483348634,49.143,,
climb,진득,24fe561ab474dc88e726d02d51afd6e0,2026-07-20,256,109483348634,49.143,2024863,
climb,진득,24fe561ab474dc88e726d02d51afd6e0,2026-07-21,256,109483348634,49.143,,
climb,진득,24fe561ab474dc88e726d02d51afd6e0,2026-07-22,256,109483348634,49.143,,
climb,괭낵,570ccc00fecc100a33edee9eb0f6c58a,2026-06-18,256,57809941634,25.949,3872494,
climb,괭낵,570ccc00fecc100a33edee9eb0f6c58a,2026-06-19,256,57809941634,25.949,,
climb,괭낵,570ccc00fecc100a33edee9eb0f6c58a,2026-06-20,256,57809941634,25.949,,
climb,괭낵,570ccc00fecc100a33edee9eb0f6c58a,2026-06-21,256,57809941634,25.949,,
climb,괭낵,570ccc00fecc100a33edee9eb0f6c58a,2026-06-22,256,57809941634,25.949,,
climb,괭낵,570ccc00fecc100a33edee9eb0f6c58a,2026-06-23,256,57809941634,25.949,,
climb,괭낵,570ccc00fecc100a33edee9eb0f6c58a,2026-06-24,256,57809941634,25.949,,
climb,괭낵,570ccc00fecc100a33edee9eb0f6c58a,2026-06-25,256,57809941634,25.949,,
climb,괭낵,570ccc00fecc100a33edee9eb0f6c58a,2026-06-26,256,57809941634,25.949,3872494,
climb,괭낵,570ccc00fecc100a33edee9eb0f6c58a,2026-06-27,256,57809941634,25.949,,
climb,괭낵,570ccc00fecc100a33edee9eb0f6c58a,2026-06-28,256,57809941634,25.949,,
climb,괭낵,570ccc00fecc100a33edee9eb0f6c58a,2026-06-29,256,57809941634,25.949,,
climb,괭낵,570ccc00fecc100a33edee9eb0f6c58a,2026-06-30,256,57809941634,25.949,,
climb,괭낵,570ccc00fecc100a33edee9eb0f6c58a,2026-07-01,256,57809941634,25.949,,
climb,괭낵,570ccc00fecc100a33edee9eb0f6c58a,2026-07-02,256,57809941634,25.949,,
climb,괭낵,570ccc00fecc100a33edee9eb0f6c58a,2026-07-03,256,57809941634,25.949,,
climb,괭낵,570ccc00fecc100a33edee9eb0f6c58a,2026-07-04,256,57809941634,25.949,3872494,
climb,괭낵,570ccc00fecc100a33edee9eb0f6c58a,2026-07-05,256,57809941634,25.949,,
climb,괭낵,570ccc00fecc100a33edee9eb0f6c58a,2026-07-06,256,57809941634,25.949,,
climb,괭낵,570ccc00fecc100a33edee9eb0f6c58a,2026-07-07,256,57809941634,25.949,,
climb,괭낵,570ccc00fecc100a33edee9eb0f6c58a,2026-07-08,256,57809941634,25.949,,
climb,괭낵,570ccc00fecc100a33edee9eb0f6c58a,2026-07-09,256,57809941634,25.949,,
climb,괭낵,570ccc00fecc100a33edee9eb0f6c58a,2026-07-10,256,57809941634,25.949,,
climb,괭낵,570ccc00fecc100a33edee9eb0f6c58a,2026-07-11,256,57809941634,25.949,,
climb,괭낵,570ccc00fecc100a33edee9eb0f6c58a,2026-07-12,256,57809941634,25.949,3872494,
climb,괭낵,570ccc00fecc100a33edee9eb0f6c58a,2026-07-13,256,57809941634,25.949,,
climb,괭낵,570ccc00fecc100a33edee9eb0f6c58a,2026-07-14,256,57809941634,25.949,,
climb,괭낵,570ccc00fecc100a33edee9eb0f6c58a,2026-07-15,256,57809941634,25.949,,
climb,괭낵,570ccc00fecc100a33edee9eb0f6c58a,2026-07-16,256,57809941634,25.949,,
climb,괭낵,570ccc00fecc100a33edee9eb0f6c58a,2026-07-17,256,57809941634,25.949,,
climb,괭낵,570ccc00fecc100a33edee9eb0f6c58a,2026-07-18,256,57809941634,25.949,,
climb,괭낵,570ccc00fecc100a33edee9eb0f6c58a,2026-07-19,256,57809941634,25.949,,
climb,괭낵,570ccc00fecc100a33edee9eb0f6c58a,2026-07-20,256,57809941634,25.949,3872494,
climb,괭낵,570ccc00fecc100a33edee9eb0f6c58a,2026-07-21,256,57809941634,25.949,,
climb,괭낵,570ccc00fecc100a33edee9eb0f6c58a,2026-07-22,256,57809941634,25.949,,
climb,데벤져넘쌤,275776a5d37ec697bcd33754a62c440f,2026-06-18,256,54360350703,24.400,2514362,
climb,데벤져넘쌤,275776a5d37ec697bcd33754a62c440f,2026-06-19,256,54360350703,24.400,,
climb,데벤져넘쌤,275776a5d37ec697bcd33754a62c440f,2026-06-20,256,54360350703,24.400,,
climb,데벤져넘쌤,275776a5d37ec697bcd33754a62c440f,2026-06-21,256,54360350703,24.400,,
climb,데벤져넘쌤,275776a5d37ec697bcd33754a62c440f,2026-06-22,256,54360350703,24.400,,
climb,데벤져넘쌤,275776a5d37ec697bcd33754a62c440f,2026-06-23,256,54360350703,24.400,,
climb,데벤져넘쌤,275776a5d37ec697bcd33754a62c440f,2026-06-24,256,54360350703,24.400,,
climb,데벤져넘쌤,275776a5d37ec697bcd33754a62c440f,2026-06-25,256,54360350703,24.400,,
climb,데벤져넘쌤,275776a5d37ec697bcd33754a62c440f,2026-06-26,256,54360350703,24.400,2514362,
climb,데벤져넘쌤,275776a5d37ec697bcd33754a62c440f,2026-06-27,256,54360350703,24.400,,
climb,데벤져넘쌤,275776a5d37ec697bcd33754a62c440f,2026-06-28,256,54360350703,24.400,,
climb,데벤져넘쌤,275776a5d37ec697bcd33754a62c440f,2026-06-29,256,54360350703,24.400,,
climb,데벤져넘쌤,275776a5d37ec697bcd33754a62c440f,2026-06-30,256,54360350703,24.400,,
climb,데벤져넘쌤,275776a5d37ec697bcd33754a62c440f,2026-07-01,256,54360350703,24.400,,
climb,데벤져넘쌤,275776a5d37ec697bcd33754a62c440f,2026-07-02,256,54360350703,24.400,,
climb,데벤져넘쌤,275776a5d37ec697bcd33754a62c440f,2026-07-03,256,54360350703,24.400,,
climb,데벤져넘쌤,275776a5d37ec697bcd33754a62c440f,2026-07-04,256,54360350703,24.400,2514362,
climb,데벤져넘쌤,275776a5d37ec697bcd33754a62c440f,2026-07-05,256,54360350703,24.400,,
climb,데벤져넘쌤,275776a5d37ec697bcd33754a62c440f,2026-07-06,256,54360350703,24.400,,
climb,데벤져넘쌤,275776a5d37ec697bcd33754a62c440f,2026-07-07,256,54360350703,24.400,,
climb,데벤져넘쌤,275776a5d37ec697bcd33754a62c440f,2026-07-08,256,54360350703,24.400,,
climb,데벤져넘쌤,275776a5d37ec697bcd33754a62c440f,2026-07-09,256,54360350703,24.400,,
climb,데벤져넘쌤,275776a5d37ec697bcd33754a62c440f,2026-07-10,256,54360350703,24.400,,
climb,데벤져넘쌤,275776a5d37ec697bcd33754a62c440f,2026-07-11,256,54360350703,24.400,,
climb,데벤져넘쌤,275776a5d37ec697bcd33754a62c440f,2026-07-12,256,54360350703,24.400,2514362,
climb,데벤져넘쌤,275776a5d37ec697bcd33754a62c440f,2026-07-13,256,54360350703,24.400,,
climb,데벤져넘쌤,275776a5d37ec697bcd33754a62c440f,2026-07-14,256,54360350703,24.400,,
climb,데벤져넘쌤,275776a5d37ec697bcd33754a62c440f,2026-07-15,256,54360350703,24.400,,
climb,데벤져넘쌤,275776a5d37ec697bcd33754a62c440f,2026-07-16,256,54360350703,24.400,,
climb,데벤져넘쌤,275776a5d37ec697bcd33754a62c440f,2026-07-17,256,54360350703,24.400,,
climb,데벤져넘쌤,275776a5d37ec697bcd33754a62c440f,2026-07-18,256,54360350703,24.400,,
climb,데벤져넘쌤,275776a5d37ec697bcd33754a62c440f,2026-07-19,256,54360350703,24.400,,
climb,데벤져넘쌤,275776a5d37ec697bcd33754a62c440f,2026-07-20,256,54360350703,24.400,2514362,
climb,데벤져넘쌤,275776a5d37ec697bcd33754a62c440f,2026-07-21,256,54360350703,24.400,,
climb,데벤져넘쌤,275776a5d37ec697bcd33754a62c440f,2026-07-22,256,54360350703,24.400,,
climb,신궁근댕,18e5861b003a34489f19f9386491583b,2026-06-18,256,42595083389,19.119,6034796,
climb,신궁근댕,18e5861b003a34489f19f9386491583b,2026-06-19,256,42595083389,19.119,,
climb,신궁근댕,18e5861b003a34489f19f9386491583b,2026-06-20,256,42595083389,19.119,,
climb,신궁근댕,18e5861b003a34489f19f9386491583b,2026-06-21,256,42595083389,19.119,,
climb,신궁근댕,18e5861b003a34489f19f9386491583b,2026-06-22,256,42595083389,19.119,,
climb,신궁근댕,18e5861b003a34489f19f9386491583b,2026-06-23,256,42595083389,19.119,,
climb,신궁근댕,18e5861b003a34489f19f9386491583b,2026-06-24,256,42595083389,19.119,,
climb,신궁근댕,18e5861b003a34489f19f9386491583b,2026-06-25,256,42595083389,19.119,,
climb,신궁근댕,18e5861b003a34489f19f9386491583b,2026-06-26,256,42595083389,19.119,6034796,
climb,신궁근댕,18e5861b003a34489f19f9386491583b,2026-06-27,256,42595083389,19.119,,
climb,신궁근댕,18e5861b003a34489f19f9386491583b,2026-06-28,256,42595083389,19.119,,
climb,신궁근댕,18e5861b003a34489f19f9386491583b,2026-06-29,256,42595083389,19.119,,
climb,신궁근댕,18e5861b003a34489f19f9386491583b,2026-06-30,256,42595083389,19.119,,
climb,신궁근댕,18e5861b003a34489f19f9386491583b,2026-07-01,256,42595083389,19.119,,
climb,신궁근댕,18e5861b003a34489f19f9386491583b,2026-07-02,256,42595083389,19.119,,
climb,신궁근댕,18e5861b003a34489f19f9386491583b,2026-07-03,256,42595083389,19.119,,
climb,신궁근댕,18e5861b003a34489f19f9386491583b,2026-07-04,256,42595083389,19.119,6034796,
climb,신궁근댕,18e5861b003a34489f19f9386491583b,2026-07-05,256,42595083389,19.119,,
climb,신궁근댕,18e5861b003a34489f19f9386491583b,2026-07-06,256,42595083389,19.119,,
climb,신궁근댕,18e5861b003a34489f19f9386491583b,2026-07-07,256,42595083389,19.119,,
climb,신궁근댕,18e5861b003a34489f19f9386491583b,2026-07-08,256,42595083389,19.119,,
climb,신궁근댕,18e5861b003a34489f19f9386491583b,2026-07-09,256,42595083389,19.119,,
climb,신궁근댕,18e5861b003a34489f19f9386491583b,2026-07-10,256,42595083389,19.119,,
climb,신궁근댕,18e5861b003a34489f19f9386491583b,2026-07-11,256,42595083389,19.119,,
climb,신궁근댕,18e5861b003a34489f19f9386491583b,2026-07-12,256,42595083389,19.119,6034796,
climb,신궁근댕,18e5861b003a34489f19f9386491583b,2026-07-13,256,42595083389,19.119,,
climb,신궁근댕,18e5861b003a34489f19f9386491583b,2026-07-14,256,42595083389,19.119,,
climb,신궁근댕,18e5861b003a34489f19f9386491583b,2026-07-15,256,42595083389,19.119,,
climb,신궁근댕,18e5861b003a34489f19f9386491583b,2026-07-16,256,42595083389,19.119,,
climb,신궁근댕,18e5861b003a34489f19f9386491583b,2026-07-17,256,42595083389,19.119,,
climb,신궁근댕,18e5861b003a34489f19f9386491583b,2026-07-18,256,42595083389,19.119,,
climb,신궁근댕,18e5861b003a34489f19f9386491583b,2026-07-19,256,42595083389,19.119,,
climb,신궁근댕,18e5861b003a34489f19f9386491583b,2026-07-20,256,42595083389,19.119,6034796,
climb,신궁근댕,18e5861b003a34489f19f9386491583b,2026-07-21,256,42595083389,19.119,,
climb,신궁근댕,18e5861b003a34489f19f9386491583b,2026-07-22,256,42595083389,19.119,,
climb,소싯삿셋,5fdc9225f9a5d4c9b8a9b1c34d52beebefe8d04e6d233bd35cf2fabdeb93fb0d,2026-06-18,256,66604105870,29.896,686,
climb,소싯삿셋,5fdc9225f9a5d4c9b8a9b1c34d52beebefe8d04e6d233bd35cf2fabdeb93fb0d,2026-06-19,256,66604105870,29.896,,
climb,소싯삿셋,5fdc9225f9a5d4c9b8a9b1c34d52beebefe8d04e6d233bd35cf2fabdeb93fb0d,2026-06-20,256,66604105870,29.896,,
climb,소싯삿셋,5fdc9225f9a5d4c9b8a9b1c34d52beebefe8d04e6d233bd35cf2fabdeb93fb0d,2026-06-21,256,66604105870,29.896,,
climb,소싯삿셋,5fdc9225f9a5d4c9b8a9b1c34d52beebefe8d04e6d233bd35cf2fabdeb93fb0d,2026-06-22,256,66604105870,29.896,,
climb,소싯삿셋,5fdc9225f9a5d4c9b8a9b1c34d52beebefe8d04e6d233bd35cf2fabdeb93fb0d,2026-06-23,256,66604105870,29.896,,
climb,소싯삿셋,5fdc9225f9a5d4c9b8a9b1c34d52beebefe8d04e6d233bd35cf2fabdeb93fb0d,2026-06-24,256,66604105870,29.896,,
climb,소싯삿셋,5fdc9225f9a5d4c9b8a9b1c34d52beebefe8d04e6d233bd35cf2fabdeb93fb0d,2026-06-25,256,66604105870,29.896,,
climb,소싯삿셋,5fdc9225f9a5d4c9b8a9b1c34d52beebefe8d04e6d233bd35cf2fabdeb93fb0d,2026-06-26,256,66604105870,29.896,686,
climb,소싯삿셋,5fdc9225f9a5d4c9b8a9b1c34d52beebefe8d04e6d233bd35cf2fabdeb93fb0d,2026-06-27,256,66604105870,29.896,,
climb,소싯삿셋,5fdc9225f9a5d4c9b8a9b1c34d52beebefe8d04e6d233bd35cf2fabdeb93fb0d,2026-06-28,256,66604105870,29.896,,
climb,소싯삿셋,5fdc9225f9a5d4c9b8a9b1c34d52beebefe8d04e6d233bd35cf2fabdeb93fb0d,2026-06-29,256,66604105870,29.896,,
climb,소싯삿셋,5fdc9225f9a5d4c9b8a9b1c34d52beebefe8d04e6d233bd35cf2fabdeb93fb0d,2026-06-30,256,66604105870,29.896,,
climb,소싯삿셋,5fdc9225f9a5d4c9b8a9b1c34d52beebefe8d04e6d233bd35cf2fabdeb93fb0d,2026-07-01,256,66604105870,29.896,,
climb,소싯삿셋,5fdc9225f9a5d4c9b8a9b1c34d52beebefe8d04e6d233bd35cf2fabdeb93fb0d,2026-07-02,256,66604105870,29.896,,
climb,소싯삿셋,5fdc9225f9a5d4c9b8a9b1c34d52beebefe8d04e6d233bd35cf2fabdeb93fb0d,2026-07-03,256,66604105870,29.896,,
climb,소싯삿셋,5fdc9225f9a5d4c9b8a9b1c34d52beebefe8d04e6d233bd35cf2fabdeb93fb0d,2026-07-04,256,66604105870,29.896,686,
climb,소싯삿셋,5fdc9225f9a5d4c9b8a9b1c34d52beebefe8d04e6d233bd35cf2fabdeb93fb0d,2026-07-05,256,66604105870,29.896,,
climb,소싯삿셋,5fdc9225f9a5d4c9b8a9b1c34d52beebefe8d04e6d233bd35cf2fabdeb93fb0d,2026-07-06,256,66604105870,29.896,,
climb,소싯삿셋,5fdc9225f9a5d4c9b8a9b1c34d52beebefe8d04e6d233bd35cf2fabdeb93fb0d,2026-07-07,256,66604105870,29.896,,
climb,소싯삿셋,5fdc9225f9a5d4c9b8a9b1c34d52beebefe8d04e6d233bd35cf2fabdeb93fb0d,2026-07-08,256,66604105870,29.896,,
climb,소싯삿셋,5fdc9225f9a5d4c9b8a9b1c34d52beebefe8d04e6d233bd35cf2fabdeb93fb0d,2026-07-09,256,66604105870,29.896,,
climb,소싯삿셋,5fdc9225f9a5d4c9b8a9b1c34d52beebefe8d04e6d233bd35cf2fabdeb93fb0d,2026-07-10,256,66604105870,29.896,,
climb,소싯삿셋,5fdc9225f9a5d4c9b8a9b1c34d52beebefe8d04e6d233bd35cf2fabdeb93fb0d,2026-07-11,256,66604105870,29.896,,
climb,소싯삿셋,5fdc9225f9a5d4c9b8a9b1c34d52beebefe8d04e6d233bd35cf2fabdeb93fb0d,2026-07-12,256,66604105870,29.896,686,
climb,소싯삿셋,5fdc9225f9a5d4c9b8a9b1c34d52beebefe8d04e6d233bd35cf2fabdeb93fb0d,2026-07-13,256,66604105870,29.896,,
climb,소싯삿셋,5fdc9225f9a5d4c9b8a9b1c34d52beebefe8d04e6d233bd35cf2fabdeb93fb0d,2026-07-14,256,66604105870,29.896,,
climb,소싯삿셋,5fdc9225f9a5d4c9b8a9b1c34d52beebefe8d04e6d233bd35cf2fabdeb93fb0d,2026-07-15,256,66604105870,29.896,,
climb,소싯삿셋,5fdc9225f9a5d4c9b8a9b1c34d52beebefe8d04e6d233bd35cf2fabdeb93fb0d,2026-07-16,256,66604105870,29.896,,
climb,소싯삿셋,5fdc9225f9a5d4c9b8a9b1c34d52beebefe8d04e6d233bd35cf2fabdeb93fb0d,2026-07-17,256,66604105870,29.896,,
climb,소싯삿셋,5fdc9225f9a5d4c9b8a9b1c34d52beebefe8d04e6d233bd35cf2fabdeb93fb0d,2026-07-18,256,66604105870,29.896,,
climb,소싯삿셋,5fdc9225f9a5d4c9b8a9b1c34d52beebefe8d04e6d233bd35cf2fabdeb93fb0d,2026-07-19,256,66604105870,29.896,,
climb,소싯삿셋,5fdc9225f9a5d4c9b8a9b1c34d52beebefe8d04e6d233bd35cf2fabdeb93fb0d,2026-07-20,256,66604105870,29.896,686,
climb,소싯삿셋,5fdc9225f9a5d4c9b8a9b1c34d52beebefe8d04e6d233bd35cf2fabdeb93fb0d,2026-07-21,256,66604105870,29.896,,
climb,소싯삿셋,5fdc9225f9a5d4c9b8a9b1c34d52beebefe8d04e6d233bd35cf2fabdeb93fb0d,2026-07-22,256,66604105870,29.896,,
climb,o나는용o,7408b5234916b5316d92919884542b92,2026-06-18,256,53002195524,23.791,934817,
climb,o나는용o,7408b5234916b5316d92919884542b92,2026-06-19,256,53002195524,23.791,,
climb,o나는용o,7408b5234916b5316d92919884542b92,2026-06-20,256,53002195524,23.791,,
climb,o나는용o,7408b5234916b5316d92919884542b92,2026-06-21,256,53002195524,23.791,,
climb,o나는용o,7408b5234916b5316d92919884542b92,2026-06-22,256,53002195524,23.791,,
climb,o나는용o,7408b5234916b5316d92919884542b92,2026-06-23,256,53002195524,23.791,,
climb,o나는용o,7408b5234916b5316d92919884542b92,2026-06-24,256,53002195524,23.791,,
climb,o나는용o,7408b5234916b5316d92919884542b92,2026-06-25,256,53002195524,23.791,,
climb,o나는용o,7408b5234916b5316d92919884542b92,2026-06-26,256,53002195524,23.791,934817,
climb,o나는용o,7408b5234916b5316d92919884542b92,2026-06-27,256,53002195524,23.791,,
climb,o나는용o,7408b5234916b5316d92919884542b92,2026-06-28,256,53002195524,23.791,,
climb,o나는용o,7408b5234916b5316d92919884542b92,2026-06-29,256,53002195524,23.791,,
climb,o나는용o,7408b5234916b5316d92919884542b92,2026-06-30,256,53002195524,23.791,,
climb,o나는용o,7408b5234916b5316d92919884542b92,2026-07-01,256,53002195524,23.791,,
climb,o나는용o,7408b5234916b5316d92919884542b92,2026-07-02,256,53002195524,23.791,,
climb,o나는용o,7408b5234916b5316d92919884542b92,2026-07-03,256,53002195524,23.791,,
climb,o나는용o,7408b5234916b5316d92919884542b92,2026-07-04,256,53002195524,23.791,934817,
climb,o나는용o,7408b5234916b5316d92919884542b92,2026-07-05,256,53002195524,23.791,,
climb,o나는용o,7408b5234916b5316d92919884542b92,2026-07-06,256,53002195524,23.791,,
climb,o나는용o,7408b5234916b5316d92919884542b92,2026-07-07,256,53002195524,23.791,,
climb,o나는용o,7408b5234916b5316d92919884542b92,2026-07-08,256,53002195524,23.791,,
climb,o나는용o,7408b5234916b5316d92919884542b92,2026-07-09,256,53002195524,23.791,,
climb,o나는용o,7408b5234916b5316d92919884542b92,2026-07-10,256,53002195524,23.791,,
climb,o나는용o,7408b5234916b5316d92919884542b92,2026-07-11,256,53002195524,23.791,,
climb,o나는용o,7408b5234916b5316d92919884542b92,2026-07-12,256,53002195524,23.791,934817,
climb,o나는용o,7408b5234916b5316d92919884542b92,2026-07-13,256,53002195524,23.791,,
climb,o나는용o,7408b5234916b5316d92919884542b92,2026-07-14,256,53002195524,23.791,,
climb,o나는용o,7408b5234916b5316d92919884542b92,2026-07-15,256,53002195524,23.791,,
climb,o나는용o,7408b5234916b5316d92919884542b92,2026-07-16,256,53002195524,23.791,,
climb,o나는용o,7408b5234916b5316d92919884542b92,2026-07-17,256,53002195524,23.791,,
climb,o나는용o,7408b5234916b5316d92919884542b92,2026-07-18,256,53002195524,23.791,,
climb,o나는용o,7408b5234916b5316d92919884542b92,2026-07-19,256,53002195524,23.791,,
climb,o나는용o,7408b5234916b5316d92919884542b92,2026-07-20,256,53002195524,23.791,934817,
climb,o나는용o,7408b5234916b5316d92919884542b92,2026-07-21,256,53002195524,23.791,,
climb,o나는용o,7408b5234916b5316d92919884542b92,2026-07-22,256,53002195524,23.791,,
climb,안녕곤쮸,81e00af968e0520253008bb29979a79d,2026-06-18,256,76569523325,34.369,1690039,
climb,안녕곤쮸,81e00af968e0520253008bb29979a79d,2026-06-19,256,76569523325,34.369,,
climb,안녕곤쮸,81e00af968e0520253008bb29979a79d,2026-06-20,256,76569523325,34.369,,
climb,안녕곤쮸,81e00af968e0520253008bb29979a79d,2026-06-21,256,76569523325,34.369,,
climb,안녕곤쮸,81e00af968e0520253008bb29979a79d,2026-06-22,256,76569523325,34.369,,
climb,안녕곤쮸,81e00af968e0520253008bb29979a79d,2026-06-23,256,76569523325,34.369,,
climb,안녕곤쮸,81e00af968e0520253008bb29979a79d,2026-06-24,256,76569523325,34.369,,
climb,안녕곤쮸,81e00af968e0520253008bb29979a79d,2026-06-25,256,76569523325,34.369,,
climb,안녕곤쮸,81e00af968e0520253008bb29979a79d,2026-06-26,256,76569523325,34.369,1690039,
climb,안녕곤쮸,81e00af968e0520253008bb29979a79d,2026-06-27,256,76569523325,34.369,,
climb,안녕곤쮸,81e00af968e0520253008bb29979a79d,2026-06-28,256,76569523325,34.369,,
climb,안녕곤쮸,81e00af968e0520253008bb29979a79d,2026-06-29,256,76569523325,34.369,,
climb,안녕곤쮸,81e00af968e0520253008bb29979a79d,2026-06-30,256,76569523325,34.369,,
climb,안녕곤쮸,81e00af968e0520253008bb29979a79d,2026-07-01,256,76569523325,34.369,,
climb,안녕곤쮸,81e00af968e0520253008bb29979a79d,2026-07-02,256,76569523325,34.369,,
climb,안녕곤쮸,81e00af968e0520253008bb29979a79d,2026-07-03,256,76569523325,34.369,,
climb,안녕곤쮸,81e00af968e0520253008bb29979a79d,2026-07-04,256,76569523325,34.369,1690039,
climb,안녕곤쮸,81e00af968e0520253008bb29979a79d,2026-07-05,256,76569523325,34.369,,
climb,안녕곤쮸,81e00af968e0520253008bb29979a79d,2026-07-06,256,76569523325,34.369,,
climb,안녕곤쮸,81e00af968e0520253008bb29979a79d,2026-07-07,256,76569523325,34.369,,
climb,안녕곤쮸,81e00af968e0520253008bb29979a79d,2026-07-08,256,76569523325,34.369,,
climb,안녕곤쮸,81e00af968e0520253008bb29979a79d,2026-07-09,256,76569523325,34.369,,
climb,안녕곤쮸,81e00af968e0520253008bb29979a79d,2026-07-10,256,76569523325,34.369,,
climb,안녕곤쮸,81e00af968e0520253008bb29979a79d,2026-07-11,256,76569523325,34.369,,
climb,안녕곤쮸,81e00af968e0520253008bb29979a79d,2026-07-12,256,76569523325,34.369,1690039,
climb,안녕곤쮸,81e00af968e0520253008bb29979a79d,2026-07-13,256,76569523325,34.369,,
climb,안녕곤쮸,81e00af968e0520253008bb29979a79d,2026-07-14,256,76569523325,34.369,,
climb,안녕곤쮸,81e00af968e0520253008bb29979a79d,2026-07-15,256,76569523325,34.369,,
climb,안녕곤쮸,81e00af968e0520253008bb29979a79d,2026-07-16,256,76569523325,34.369,,
climb,안녕곤쮸,81e00af968e0520253008bb29979a79d,2026-07-17,256,76569523325,34.369,,
climb,안녕곤쮸,81e00af968e0520253008bb29979a79d,2026-07-18,256,76569523325,34.369,,
climb,안녕곤쮸,81e00af968e0520253008bb29979a79d,2026-07-19,256,76569523325,34.369,,
climb,안녕곤쮸,81e00af968e0520253008bb29979a79d,2026-07-20,256,76569523325,34.369,1690039,
climb,안녕곤쮸,81e00af968e0520253008bb29979a79d,2026-07-21,256,76569523325,34.369,,
climb,안녕곤쮸,81e00af968e0520253008bb29979a79d,2026-07-22,256,76569523325,34.369,,
climb,러펜트,0dcaec2cb03a51a72e626e390fc45e49,2026-06-18,256,41892764525,18.804,1770955,
climb,러펜트,0dcaec2cb03a51a72e626e390fc45e49,2026-06-19,256,41892764525,18.804,,
climb,러펜트,0dcaec2cb03a51a72e626e390fc45e49,2026-06-20,256,41892764525,18.804,,
climb,러펜트,0dcaec2cb03a51a72e626e390fc45e49,2026-06-21,256,41892764525,18.804,,
climb,러펜트,0dcaec2cb03a51a72e626e390fc45e49,2026-06-22,256,41892764525,18.804,,
climb,러펜트,0dcaec2cb03a51a72e626e390fc45e49,2026-06-23,256,41892764525,18.804,,
climb,러펜트,0dcaec2cb03a51a72e626e390fc45e49,2026-06-24,256,41892764525,18.804,,
climb,러펜트,0dcaec2cb03a51a72e626e390fc45e49,2026-06-25,256,41892764525,18.804,,
climb,러펜트,0dcaec2cb03a51a72e626e390fc45e49,2026-06-26,256,41892764525,18.804,1770955,
climb,러펜트,0dcaec2cb03a51a72e626e390fc45e49,2026-06-27,256,41892764525,18.804,,
climb,러펜트,0dcaec2cb03a51a72e626e390fc45e49,2026-06-28,256,41892764525,18.804,,
climb,러펜트,0dcaec2cb03a51a72e626e390fc45e49,2026-06-29,256,41892764525,18.804,,
climb,러펜트,0dcaec2cb03a51a72e626e390fc45e49,2026-06-30,256,41892764525,18.804,,
climb,러펜트,0dcaec2cb03a51a72e626e390fc45e49,2026-07-01,256,41892764525,18.804,,
climb,러펜트,0dcaec2cb03a51a72e626e390fc45e49,2026-07-02,256,41892764525,18.804,,
climb,러펜트,0dcaec2cb03a51a72e626e390fc45e49,2026-07-03,256,41892764525,18.804,,
climb,러펜트,0dcaec2cb03a51a72e626e390fc45e49,2026-07-04,256,41892764525,18.804,1770955,
climb,러펜트,0dcaec2cb03a51a72e626e390fc45e49,2026-07-05,256,41892764525,18.804,,
climb,러펜트,0dcaec2cb03a51a72e626e390fc45e49,2026-07-06,256,41892764525,18.804,,
climb,러펜트,0dcaec2cb03a51a72e626e390fc45e49,2026-07-07,256,41892764525,18.804,,
climb,러펜트,0dcaec2cb03a51a72e626e390fc45e49,2026-07-08,256,41892764525,18.804,,
climb,러펜트,0dcaec2cb03a51a72e626e390fc45e49,2026-07-09,256,41892764525,18.804,,
climb,러펜트,0dcaec2cb03a51a72e626e390fc45e49,2026-07-10,256,41892764525,18.804,,
climb,러펜트,0dcaec2cb03a51a72e626e390fc45e49,2026-07-11,256,41892764525,18.804,,
climb,러펜트,0dcaec2cb03a51a72e626e390fc45e49,2026-07-12,256,41892764525,18.804,1770955,
climb,러펜트,0dcaec2cb03a51a72e626e390fc45e49,2026-07-13,256,41892764525,18.804,,
climb,러펜트,0dcaec2cb03a51a72e626e390fc45e49,2026-07-14,256,41892764525,18.804,,
climb,러펜트,0dcaec2cb03a51a72e626e390fc45e49,2026-07-15,256,41892764525,18.804,,
climb,러펜트,0dcaec2cb03a51a72e626e390fc45e49,2026-07-16,256,41892764525,18.804,,
climb,러펜트,0dcaec2cb03a51a72e626e390fc45e49,2026-07-17,256,41892764525,18.804,,
climb,러펜트,0dcaec2cb03a51a72e626e390fc45e49,2026-07-18,256,41892764525,18.804,,
climb,러펜트,0dcaec2cb03a51a72e626e390fc45e49,2026-07-19,256,41892764525,18.804,,
climb,러펜트,0dcaec2cb03a51a72e626e390fc45e49,2026-07-20,256,41892764525,18.804,1770955,
climb,러펜트,0dcaec2cb03a51a72e626e390fc45e49,2026-07-21,256,41892764525,18.804,,
climb,러펜트,0dcaec2cb03a51a72e626e390fc45e49,2026-07-22,256,41892764525,18.804,,
climb,스나맹,4853c5be4037f04057294142febc30efefe8d04e6d233bd35cf2fabdeb93fb0d,2026-06-18,256,92128281778,41.353,161161,
climb,스나맹,4853c5be4037f04057294142febc30efefe8d04e6d233bd35cf2fabdeb93fb0d,2026-06-19,256,124910115634,56.067,,
climb,스나맹,4853c5be4037f04057294142febc30efefe8d04e6d233bd35cf2fabdeb93fb0d,2026-06-20,256,142293876490,63.870,,
climb,스나맹,4853c5be4037f04057294142febc30efefe8d04e6d233bd35cf2fabdeb93fb0d,2026-06-21,256,159677637346,71.673,,
climb,스나맹,4853c5be4037f04057294142febc30efefe8d04e6d233bd35cf2fabdeb93fb0d,2026-06-22,256,177061398202,79.476,,
climb,스나맹,4853c5be4037f04057294142febc30efefe8d04e6d233bd35cf2fabdeb93fb0d,2026-06-23,256,194445159058,87.279,,
climb,스나맹,4853c5be4037f04057294142febc30efefe8d04e6d233bd35cf2fabdeb93fb0d,2026-06-24,257,18716756342,8.157,,
climb,스나맹,4853c5be4037f04057294142febc30efefe8d04e6d233bd35cf2fabdeb93fb0d,2026-06-25,257,51933932888,22.632,,
climb,스나맹,4853c5be4037f04057294142febc30efefe8d04e6d233bd35cf2fabdeb93fb0d,2026-06-26,257,75074050904,32.716,149683,
climb,스나맹,4853c5be4037f04057294142febc30efefe8d04e6d233bd35cf2fabdeb93fb0d,2026-06-27,257,98214168920,42.801,,
climb,스나맹,4853c5be4037f04057294142febc30efefe8d04e6d233bd35cf2fabdeb93fb0d,2026-06-28,257,121354286936,52.885,,
climb,스나맹,4853c5be4037f04057294142febc30efefe8d04e6d233bd35cf2fabdeb93fb0d,2026-06-29,257,144494404952,62.969,,
climb,스나맹,4853c5be4037f04057294142febc30efefe8d04e6d233bd35cf2fabdeb93fb0d,2026-06-30,257,167634522968,73.053,,
climb,스나맹,4853c5be4037f04057294142febc30efefe8d04e6d233bd35cf2fabdeb93fb0d,2026-07-01,257,190774640984,83.137,,
climb,스나맹,4853c5be4037f04057294142febc30efefe8d04e6d233bd35cf2fabdeb93fb0d,2026-07-02,257,213914759000,93.221,,
climb,스나맹,4853c5be4037f04057294142febc30efefe8d04e6d233bd35cf2fabdeb93fb0d,2026-07-03,258,7585225443,3.209,,
climb,스나맹,4853c5be4037f04057294142febc30efefe8d04e6d233bd35cf2fabdeb93fb0d,2026-07-04,258,30725343459,13.000,126214,
climb,스나맹,4853c5be4037f04057294142febc30efefe8d04e6d233bd35cf2fabdeb93fb0d,2026-07-05,258,53865461475,22.790,,
climb,스나맹,4853c5be4037f04057294142febc30efefe8d04e6d233bd35cf2fabdeb93fb0d,2026-07-06,258,77005579491,32.581,,
climb,스나맹,4853c5be4037f04057294142febc30efefe8d04e6d233bd35cf2fabdeb93fb0d,2026-07-07,258,100145697507,42.371,,
climb,스나맹,4853c5be4037f04057294142febc30efefe8d04e6d233bd35cf2fabdeb93fb0d,2026-07-08,258,123285815523,52.162,,
climb,스나맹,4853c5be4037f04057294142febc30efefe8d04e6d233bd35cf2fabdeb93fb0d,2026-07-09,258,152210963043,64.400,,
climb,스나맹,4853c5be4037f04057294142febc30efefe8d04e6d233bd35cf2fabdeb93fb0d,2026-07-10,258,181136110563,76.638,,
climb,스나맹,4853c5be4037f04057294142febc30efefe8d04e6d233bd35cf2fabdeb93fb0d,2026-07-11,258,210061258083,88.876,,
climb,스나맹,4853c5be4037f04057294142febc30efefe8d04e6d233bd35cf2fabdeb93fb0d,2026-07-12,259,2632664483,1.081,126363,
climb,스나맹,4853c5be4037f04057294142febc30efefe8d04e6d233bd35cf2fabdeb93fb0d,2026-07-13,259,31557812003,12.963,,
climb,스나맹,4853c5be4037f04057294142febc30efefe8d04e6d233bd35cf2fabdeb93fb0d,2026-07-14,259,60482959523,24.845,,
climb,스나맹,4853c5be4037f04057294142febc30efefe8d04e6d233bd35cf2fabdeb93fb0d,2026-07-15,259,89408107043,36.726,,
climb,스나맹,4853c5be4037f04057294142febc30efefe8d04e6d233bd35cf2fabdeb93fb0d,2026-07-16,259,120261597731,49.400,,
climb,스나맹,4853c5be4037f04057294142febc30efefe8d04e6d233bd35cf2fabdeb93fb0d,2026-07-17,259,151115088419,62.074,,
climb,스나맹,4853c5be4037f04057294142febc30efefe8d04e6d233bd35cf2fabdeb93fb0d,2026-07-18,259,181968579107,74.748,,
climb,스나맹,4853c5be4037f04057294142febc30efefe8d04e6d233bd35cf2fabdeb93fb0d,2026-07-19,259,212822069795,87.421,,
climb,스나맹,4853c5be4037f04057294142febc30efefe8d04e6d233bd35cf2fabdeb93fb0d,2026-07-20,260,231207130,0.013,166694,
climb,스나맹,4853c5be4037f04057294142febc30efefe8d04e6d233bd35cf2fabdeb93fb0d,2026-07-21,260,231207130,0.013,,
climb,스나맹,4853c5be4037f04057294142febc30efefe8d04e6d233bd35cf2fabdeb93fb0d,2026-07-22,260,231207130,0.013,,
climb,벙글스트,f4bf249c82abe7c97e7109dc6edbdc96,2026-06-18,256,47927747034,21.513,2715350,
climb,벙글스트,f4bf249c82abe7c97e7109dc6edbdc96,2026-06-19,256,47927747034,21.513,,
climb,벙글스트,f4bf249c82abe7c97e7109dc6edbdc96,2026-06-20,256,47927747034,21.513,,
climb,벙글스트,f4bf249c82abe7c97e7109dc6edbdc96,2026-06-21,256,47927747034,21.513,,
climb,벙글스트,f4bf249c82abe7c97e7109dc6edbdc96,2026-06-22,256,47927747034,21.513,,
climb,벙글스트,f4bf249c82abe7c97e7109dc6edbdc96,2026-06-23,256,47927747034,21.513,,
climb,벙글스트,f4bf249c82abe7c97e7109dc6edbdc96,2026-06-24,256,47927747034,21.513,,
climb,벙글스트,f4bf249c82abe7c97e7109dc6edbdc96,2026-06-25,256,47927747034,21.513,,
climb,벙글스트,f4bf249c82abe7c97e7109dc6edbdc96,2026-06-26,256,47927747034,21.513,2715350,
climb,벙글스트,f4bf249c82abe7c97e7109dc6edbdc96,2026-06-27,256,47927747034,21.513,,
climb,벙글스트,f4bf249c82abe7c97e7109dc6edbdc96,2026-06-28,256,47927747034,21.513,,
climb,벙글스트,f4bf249c82abe7c97e7109dc6edbdc96,2026-06-29,256,47927747034,21.513,,
climb,벙글스트,f4bf249c82abe7c97e7109dc6edbdc96,2026-06-30,256,47927747034,21.513,,
climb,벙글스트,f4bf249c82abe7c97e7109dc6edbdc96,2026-07-01,256,47927747034,21.513,,
climb,벙글스트,f4bf249c82abe7c97e7109dc6edbdc96,2026-07-02,256,47927747034,21.513,,
climb,벙글스트,f4bf249c82abe7c97e7109dc6edbdc96,2026-07-03,256,47927747034,21.513,,
climb,벙글스트,f4bf249c82abe7c97e7109dc6edbdc96,2026-07-04,256,47927747034,21.513,2715350,
climb,벙글스트,f4bf249c82abe7c97e7109dc6edbdc96,2026-07-05,256,47927747034,21.513,,
climb,벙글스트,f4bf249c82abe7c97e7109dc6edbdc96,2026-07-06,256,47927747034,21.513,,
climb,벙글스트,f4bf249c82abe7c97e7109dc6edbdc96,2026-07-07,256,47927747034,21.513,,
climb,벙글스트,f4bf249c82abe7c97e7109dc6edbdc96,2026-07-08,256,47927747034,21.513,,
climb,벙글스트,f4bf249c82abe7c97e7109dc6edbdc96,2026-07-09,256,47927747034,21.513,,
climb,벙글스트,f4bf249c82abe7c97e7109dc6edbdc96,2026-07-10,256,47927747034,21.513,,
climb,벙글스트,f4bf249c82abe7c97e7109dc6edbdc96,2026-07-11,256,47927747034,21.513,,
climb,벙글스트,f4bf249c82abe7c97e7109dc6edbdc96,2026-07-12,256,47927747034,21.513,2715350,
climb,벙글스트,f4bf249c82abe7c97e7109dc6edbdc96,2026-07-13,256,47927747034,21.513,,
climb,벙글스트,f4bf249c82abe7c97e7109dc6edbdc96,2026-07-14,256,47927747034,21.513,,
climb,벙글스트,f4bf249c82abe7c97e7109dc6edbdc96,2026-07-15,256,47927747034,21.513,,
climb,벙글스트,f4bf249c82abe7c97e7109dc6edbdc96,2026-07-16,256,47927747034,21.513,,
climb,벙글스트,f4bf249c82abe7c97e7109dc6edbdc96,2026-07-17,256,47927747034,21.513,,
climb,벙글스트,f4bf249c82abe7c97e7109dc6edbdc96,2026-07-18,256,47927747034,21.513,,
climb,벙글스트,f4bf249c82abe7c97e7109dc6edbdc96,2026-07-19,256,47927747034,21.513,,
climb,벙글스트,f4bf249c82abe7c97e7109dc6edbdc96,2026-07-20,256,47927747034,21.513,2715350,
climb,벙글스트,f4bf249c82abe7c97e7109dc6edbdc96,2026-07-21,256,47927747034,21.513,,
climb,벙글스트,f4bf249c82abe7c97e7109dc6edbdc96,2026-07-22,256,47927747034,21.513,,
climb,크랜벨깜빠뉴,afae287d9cd5d818d011b7042e088582efe8d04e6d233bd35cf2fabdeb93fb0d,2026-06-18,256,63303657321,28.415,48046,
climb,크랜벨깜빠뉴,afae287d9cd5d818d011b7042e088582efe8d04e6d233bd35cf2fabdeb93fb0d,2026-06-19,256,63303657321,28.415,,
climb,크랜벨깜빠뉴,afae287d9cd5d818d011b7042e088582efe8d04e6d233bd35cf2fabdeb93fb0d,2026-06-20,256,63303657321,28.415,,
climb,크랜벨깜빠뉴,afae287d9cd5d818d011b7042e088582efe8d04e6d233bd35cf2fabdeb93fb0d,2026-06-21,256,63303657321,28.415,,
climb,크랜벨깜빠뉴,afae287d9cd5d818d011b7042e088582efe8d04e6d233bd35cf2fabdeb93fb0d,2026-06-22,256,63303657321,28.415,,
climb,크랜벨깜빠뉴,afae287d9cd5d818d011b7042e088582efe8d04e6d233bd35cf2fabdeb93fb0d,2026-06-23,256,63303657321,28.415,,
climb,크랜벨깜빠뉴,afae287d9cd5d818d011b7042e088582efe8d04e6d233bd35cf2fabdeb93fb0d,2026-06-24,256,63303657321,28.415,,
climb,크랜벨깜빠뉴,afae287d9cd5d818d011b7042e088582efe8d04e6d233bd35cf2fabdeb93fb0d,2026-06-25,256,63303657321,28.415,,
climb,크랜벨깜빠뉴,afae287d9cd5d818d011b7042e088582efe8d04e6d233bd35cf2fabdeb93fb0d,2026-06-26,256,63303657321,28.415,48046,
climb,크랜벨깜빠뉴,afae287d9cd5d818d011b7042e088582efe8d04e6d233bd35cf2fabdeb93fb0d,2026-06-27,256,63303657321,28.415,,
climb,크랜벨깜빠뉴,afae287d9cd5d818d011b7042e088582efe8d04e6d233bd35cf2fabdeb93fb0d,2026-06-28,256,63303657321,28.415,,
climb,크랜벨깜빠뉴,afae287d9cd5d818d011b7042e088582efe8d04e6d233bd35cf2fabdeb93fb0d,2026-06-29,256,63303657321,28.415,,
climb,크랜벨깜빠뉴,afae287d9cd5d818d011b7042e088582efe8d04e6d233bd35cf2fabdeb93fb0d,2026-06-30,256,63303657321,28.415,,
climb,크랜벨깜빠뉴,afae287d9cd5d818d011b7042e088582efe8d04e6d233bd35cf2fabdeb93fb0d,2026-07-01,256,63303657321,28.415,,
climb,크랜벨깜빠뉴,afae287d9cd5d818d011b7042e088582efe8d04e6d233bd35cf2fabdeb93fb0d,2026-07-02,256,63303657321,28.415,,
climb,크랜벨깜빠뉴,afae287d9cd5d818d011b7042e088582efe8d04e6d233bd35cf2fabdeb93fb0d,2026-07-03,256,63303657321,28.415,,
climb,크랜벨깜빠뉴,afae287d9cd5d818d011b7042e088582efe8d04e6d233bd35cf2fabdeb93fb0d,2026-07-04,256,63303657321,28.415,48046,
climb,크랜벨깜빠뉴,afae287d9cd5d818d011b7042e088582efe8d04e6d233bd35cf2fabdeb93fb0d,2026-07-05,256,63303657321,28.415,,
climb,크랜벨깜빠뉴,afae287d9cd5d818d011b7042e088582efe8d04e6d233bd35cf2fabdeb93fb0d,2026-07-06,256,63303657321,28.415,,
climb,크랜벨깜빠뉴,afae287d9cd5d818d011b7042e088582efe8d04e6d233bd35cf2fabdeb93fb0d,2026-07-07,256,63303657321,28.415,,
climb,크랜벨깜빠뉴,afae287d9cd5d818d011b7042e088582efe8d04e6d233bd35cf2fabdeb93fb0d,2026-07-08,256,63303657321,28.415,,
climb,크랜벨깜빠뉴,afae287d9cd5d818d011b7042e088582efe8d04e6d233bd35cf2fabdeb93fb0d,2026-07-09,256,63303657321,28.415,,
climb,크랜벨깜빠뉴,afae287d9cd5d818d011b7042e088582efe8d04e6d233bd35cf2fabdeb93fb0d,2026-07-10,256,63303657321,28.415,,
climb,크랜벨깜빠뉴,afae287d9cd5d818d011b7042e088582efe8d04e6d233bd35cf2fabdeb93fb0d,2026-07-11,256,63303657321,28.415,,
climb,크랜벨깜빠뉴,afae287d9cd5d818d011b7042e088582efe8d04e6d233bd35cf2fabdeb93fb0d,2026-07-12,256,63303657321,28.415,48046,
climb,크랜벨깜빠뉴,afae287d9cd5d818d011b7042e088582efe8d04e6d233bd35cf2fabdeb93fb0d,2026-07-13,256,63303657321,28.415,,
climb,크랜벨깜빠뉴,afae287d9cd5d818d011b7042e088582efe8d04e6d233bd35cf2fabdeb93fb0d,2026-07-14,256,63303657321,28.415,,
climb,크랜벨깜빠뉴,afae287d9cd5d818d011b7042e088582efe8d04e6d233bd35cf2fabdeb93fb0d,2026-07-15,256,63303657321,28.415,,
climb,크랜벨깜빠뉴,afae287d9cd5d818d011b7042e088582efe8d04e6d233bd35cf2fabdeb93fb0d,2026-07-16,256,63303657321,28.415,,
climb,크랜벨깜빠뉴,afae287d9cd5d818d011b7042e088582efe8d04e6d233bd35cf2fabdeb93fb0d,2026-07-17,256,63303657321,28.415,,
climb,크랜벨깜빠뉴,afae287d9cd5d818d011b7042e088582efe8d04e6d233bd35cf2fabdeb93fb0d,2026-07-18,256,63303657321,28.415,,
climb,크랜벨깜빠뉴,afae287d9cd5d818d011b7042e088582efe8d04e6d233bd35cf2fabdeb93fb0d,2026-07-19,256,63303657321,28.415,,
climb,크랜벨깜빠뉴,afae287d9cd5d818d011b7042e088582efe8d04e6d233bd35cf2fabdeb93fb0d,2026-07-20,256,63303657321,28.415,48046,
climb,크랜벨깜빠뉴,afae287d9cd5d818d011b7042e088582efe8d04e6d233bd35cf2fabdeb93fb0d,2026-07-21,256,63303657321,28.415,,
climb,크랜벨깜빠뉴,afae287d9cd5d818d011b7042e088582efe8d04e6d233bd35cf2fabdeb93fb0d,2026-07-22,256,63303657321,28.415,,
climb,661246,8f43aa5a2aa06552372288103c9b841defe8d04e6d233bd35cf2fabdeb93fb0d,2026-06-18,256,116790142580,52.423,3135639,
climb,661246,8f43aa5a2aa06552372288103c9b841defe8d04e6d233bd35cf2fabdeb93fb0d,2026-06-19,256,197193107238,88.512,,
climb,661246,8f43aa5a2aa06552372288103c9b841defe8d04e6d233bd35cf2fabdeb93fb0d,2026-06-20,257,55570081452,24.217,,
climb,661246,8f43aa5a2aa06552372288103c9b841defe8d04e6d233bd35cf2fabdeb93fb0d,2026-06-21,259,194133836301,79.745,,
climb,661246,8f43aa5a2aa06552372288103c9b841defe8d04e6d233bd35cf2fabdeb93fb0d,2026-06-22,260,31334386303,1.809,,
climb,661246,8f43aa5a2aa06552372288103c9b841defe8d04e6d233bd35cf2fabdeb93fb0d,2026-06-23,260,31334386303,1.809,,
climb,661246,8f43aa5a2aa06552372288103c9b841defe8d04e6d233bd35cf2fabdeb93fb0d,2026-06-24,260,31334386303,1.809,,
climb,661246,8f43aa5a2aa06552372288103c9b841defe8d04e6d233bd35cf2fabdeb93fb0d,2026-06-25,260,31334386303,1.809,,
climb,661246,8f43aa5a2aa06552372288103c9b841defe8d04e6d233bd35cf2fabdeb93fb0d,2026-06-26,260,31334386303,1.809,3987114,
climb,661246,8f43aa5a2aa06552372288103c9b841defe8d04e6d233bd35cf2fabdeb93fb0d,2026-06-27,260,31334386303,1.809,,
climb,661246,8f43aa5a2aa06552372288103c9b841defe8d04e6d233bd35cf2fabdeb93fb0d,2026-06-28,260,31334386303,1.809,,
climb,661246,8f43aa5a2aa06552372288103c9b841defe8d04e6d233bd35cf2fabdeb93fb0d,2026-06-29,260,31334386303,1.809,,
climb,661246,8f43aa5a2aa06552372288103c9b841defe8d04e6d233bd35cf2fabdeb93fb0d,2026-06-30,260,31334386303,1.809,,
climb,661246,8f43aa5a2aa06552372288103c9b841defe8d04e6d233bd35cf2fabdeb93fb0d,2026-07-01,260,31334386303,1.809,,
climb,661246,8f43aa5a2aa06552372288103c9b841defe8d04e6d233bd35cf2fabdeb93fb0d,2026-07-02,260,31334386303,1.809,,
climb,661246,8f43aa5a2aa06552372288103c9b841defe8d04e6d233bd35cf2fabdeb93fb0d,2026-07-03,260,31334386303,1.809,,
climb,661246,8f43aa5a2aa06552372288103c9b841defe8d04e6d233bd35cf2fabdeb93fb0d,2026-07-04,260,31334386303,1.809,3987114,
climb,661246,8f43aa5a2aa06552372288103c9b841defe8d04e6d233bd35cf2fabdeb93fb0d,2026-07-05,260,31334386303,1.809,,
climb,661246,8f43aa5a2aa06552372288103c9b841defe8d04e6d233bd35cf2fabdeb93fb0d,2026-07-06,260,31334386303,1.809,,
climb,661246,8f43aa5a2aa06552372288103c9b841defe8d04e6d233bd35cf2fabdeb93fb0d,2026-07-07,260,31334386303,1.809,,
climb,661246,8f43aa5a2aa06552372288103c9b841defe8d04e6d233bd35cf2fabdeb93fb0d,2026-07-08,260,31334386303,1.809,,
climb,661246,8f43aa5a2aa06552372288103c9b841defe8d04e6d233bd35cf2fabdeb93fb0d,2026-07-09,260,31334386303,1.809,,
climb,661246,8f43aa5a2aa06552372288103c9b841defe8d04e6d233bd35cf2fabdeb93fb0d,2026-07-10,260,31334386303,1.809,,
climb,661246,8f43aa5a2aa06552372288103c9b841defe8d04e6d233bd35cf2fabdeb93fb0d,2026-07-11,260,31334386303,1.809,,
climb,661246,8f43aa5a2aa06552372288103c9b841defe8d04e6d233bd35cf2fabdeb93fb0d,2026-07-12,260,31334386303,1.809,3987114,
climb,661246,8f43aa5a2aa06552372288103c9b841defe8d04e6d233bd35cf2fabdeb93fb0d,2026-07-13,260,31334386303,1.809,,
climb,661246,8f43aa5a2aa06552372288103c9b841defe8d04e6d233bd35cf2fabdeb93fb0d,2026-07-14,260,31334386303,1.809,,
climb,661246,8f43aa5a2aa06552372288103c9b841defe8d04e6d233bd35cf2fabdeb93fb0d,2026-07-15,260,31334386303,1.809,,
climb,661246,8f43aa5a2aa06552372288103c9b841defe8d04e6d233bd35cf2fabdeb93fb0d,2026-07-16,260,31334386303,1.809,,
climb,661246,8f43aa5a2aa06552372288103c9b841defe8d04e6d233bd35cf2fabdeb93fb0d,2026-07-17,260,31334386303,1.809,,
climb,661246,8f43aa5a2aa06552372288103c9b841defe8d04e6d233bd35cf2fabdeb93fb0d,2026-07-18,260,31334386303,1.809,,
climb,661246,8f43aa5a2aa06552372288103c9b841defe8d04e6d233bd35cf2fabdeb93fb0d,2026-07-19,260,31334386303,1.809,,
climb,661246,8f43aa5a2aa06552372288103c9b841defe8d04e6d233bd35cf2fabdeb93fb0d,2026-07-20,260,31334386303,1.809,3987114,
climb,661246,8f43aa5a2aa06552372288103c9b841defe8d04e6d233bd35cf2fabdeb93fb0d,2026-07-21,260,31334386303,1.809,,
climb,661246,8f43aa5a2aa06552372288103c9b841defe8d04e6d233bd35cf2fabdeb93fb0d,2026-07-22,260,31334386303,1.809,,
climb,기계뿡알푸렁,fe6cb6e6a75968d640cff2a962e594c2,2026-06-18,256,75490927016,33.885,154040,
climb,기계뿡알푸렁,fe6cb6e6a75968d640cff2a962e594c2,2026-06-19,256,75490927016,33.885,,
climb,기계뿡알푸렁,fe6cb6e6a75968d640cff2a962e594c2,2026-06-20,256,111385303016,49.997,,
climb,기계뿡알푸렁,fe6cb6e6a75968d640cff2a962e594c2,2026-06-21,256,143241561716,64.296,,
climb,기계뿡알푸렁,fe6cb6e6a75968d640cff2a962e594c2,2026-06-22,256,147279679016,66.108,,
climb,기계뿡알푸렁,fe6cb6e6a75968d640cff2a962e594c2,2026-06-23,256,147279679016,66.108,,
climb,기계뿡알푸렁,fe6cb6e6a75968d640cff2a962e594c2,2026-06-24,256,147279679016,66.108,,
climb,기계뿡알푸렁,fe6cb6e6a75968d640cff2a962e594c2,2026-06-25,256,147279679016,66.108,,
climb,기계뿡알푸렁,fe6cb6e6a75968d640cff2a962e594c2,2026-06-26,256,147279679016,66.108,154040,
climb,기계뿡알푸렁,fe6cb6e6a75968d640cff2a962e594c2,2026-06-27,256,164379360916,73.784,,
climb,기계뿡알푸렁,fe6cb6e6a75968d640cff2a962e594c2,2026-06-28,256,209995130416,94.259,,
climb,기계뿡알푸렁,fe6cb6e6a75968d640cff2a962e594c2,2026-06-29,256,209995130416,94.259,,
climb,기계뿡알푸렁,fe6cb6e6a75968d640cff2a962e594c2,2026-06-30,256,209995130416,94.259,,
climb,기계뿡알푸렁,fe6cb6e6a75968d640cff2a962e594c2,2026-07-01,256,209995130416,94.259,,
climb,기계뿡알푸렁,fe6cb6e6a75968d640cff2a962e594c2,2026-07-02,257,17780118383,7.748,,
climb,기계뿡알푸렁,fe6cb6e6a75968d640cff2a962e594c2,2026-07-03,257,62556477443,27.261,,
climb,기계뿡알푸렁,fe6cb6e6a75968d640cff2a962e594c2,2026-07-04,257,84767575327,36.941,124458,
climb,기계뿡알푸렁,fe6cb6e6a75968d640cff2a962e594c2,2026-07-05,257,102981687487,44.878,,
climb,기계뿡알푸렁,fe6cb6e6a75968d640cff2a962e594c2,2026-07-06,257,102981687487,44.878,,
climb,기계뿡알푸렁,fe6cb6e6a75968d640cff2a962e594c2,2026-07-07,257,102981687487,44.878,,
climb,기계뿡알푸렁,fe6cb6e6a75968d640cff2a962e594c2,2026-07-08,257,102981687487,44.878,,
climb,기계뿡알푸렁,fe6cb6e6a75968d640cff2a962e594c2,2026-07-09,257,102981687487,44.878,,
climb,기계뿡알푸렁,fe6cb6e6a75968d640cff2a962e594c2,2026-07-10,257,102981687487,44.878,,
climb,기계뿡알푸렁,fe6cb6e6a75968d640cff2a962e594c2,2026-07-11,257,102981687487,44.878,,
climb,기계뿡알푸렁,fe6cb6e6a75968d640cff2a962e594c2,2026-07-12,257,102981687487,44.878,124458,
climb,기계뿡알푸렁,fe6cb6e6a75968d640cff2a962e594c2,2026-07-13,257,102981687487,44.878,,
climb,기계뿡알푸렁,fe6cb6e6a75968d640cff2a962e594c2,2026-07-14,257,102981687487,44.878,,
climb,기계뿡알푸렁,fe6cb6e6a75968d640cff2a962e594c2,2026-07-15,257,102981687487,44.878,,
climb,기계뿡알푸렁,fe6cb6e6a75968d640cff2a962e594c2,2026-07-16,257,102981687487,44.878,,
climb,기계뿡알푸렁,fe6cb6e6a75968d640cff2a962e594c2,2026-07-17,257,102981687487,44.878,,
climb,기계뿡알푸렁,fe6cb6e6a75968d640cff2a962e594c2,2026-07-18,257,102981687487,44.878,,
climb,기계뿡알푸렁,fe6cb6e6a75968d640cff2a962e594c2,2026-07-19,257,102981687487,44.878,,
climb,기계뿡알푸렁,fe6cb6e6a75968d640cff2a962e594c2,2026-07-20,257,102981687487,44.878,124458,
climb,기계뿡알푸렁,fe6cb6e6a75968d640cff2a962e594c2,2026-07-21,257,102981687487,44.878,,
climb,기계뿡알푸렁,fe6cb6e6a75968d640cff2a962e594c2,2026-07-22,257,102981687487,44.878,,
climb,항구크앵,089928e253555ac1bd7501a0dc6060ef,2026-06-18,256,65137869186,29.238,3334127,
climb,항구크앵,089928e253555ac1bd7501a0dc6060ef,2026-06-19,256,91705355131,41.163,,
climb,항구크앵,089928e253555ac1bd7501a0dc6060ef,2026-06-20,256,118610309826,53.240,,
climb,항구크앵,089928e253555ac1bd7501a0dc6060ef,2026-06-21,256,145871412416,65.476,,
climb,항구크앵,089928e253555ac1bd7501a0dc6060ef,2026-06-22,256,172647217168,77.495,,
climb,항구크앵,089928e253555ac1bd7501a0dc6060ef,2026-06-23,256,199312340767,89.464,,
climb,항구크앵,089928e253555ac1bd7501a0dc6060ef,2026-06-24,256,213197429260,95.696,,
climb,항구크앵,089928e253555ac1bd7501a0dc6060ef,2026-06-25,256,222456705001,99.852,,
climb,항구크앵,089928e253555ac1bd7501a0dc6060ef,2026-06-26,257,9058655251,3.948,3139845,
climb,항구크앵,089928e253555ac1bd7501a0dc6060ef,2026-06-27,257,18323495654,7.985,,
climb,항구크앵,089928e253555ac1bd7501a0dc6060ef,2026-06-28,257,27721072803,12.080,,
climb,항구크앵,089928e253555ac1bd7501a0dc6060ef,2026-06-29,257,36979222938,16.115,,
climb,항구크앵,089928e253555ac1bd7501a0dc6060ef,2026-06-30,257,46243346390,20.152,,
climb,항구크앵,089928e253555ac1bd7501a0dc6060ef,2026-07-01,257,65995289336,28.760,,
climb,항구크앵,089928e253555ac1bd7501a0dc6060ef,2026-07-02,257,85688342383,37.342,,
climb,항구크앵,089928e253555ac1bd7501a0dc6060ef,2026-07-03,257,113654976610,49.529,,
climb,항구크앵,089928e253555ac1bd7501a0dc6060ef,2026-07-04,257,133574200514,58.210,2929822,
climb,항구크앵,089928e253555ac1bd7501a0dc6060ef,2026-07-05,257,153230240077,66.776,,
climb,항구크앵,089928e253555ac1bd7501a0dc6060ef,2026-07-06,257,172959487017,75.374,,
climb,항구크앵,089928e253555ac1bd7501a0dc6060ef,2026-07-07,257,192599578135,83.932,,
climb,항구크앵,089928e253555ac1bd7501a0dc6060ef,2026-07-08,257,212353201103,92.541,,
climb,항구크앵,089928e253555ac1bd7501a0dc6060ef,2026-07-09,258,2546445045,1.077,,
climb,항구크앵,089928e253555ac1bd7501a0dc6060ef,2026-07-10,258,22500824441,9.520,,
climb,항구크앵,089928e253555ac1bd7501a0dc6060ef,2026-07-11,258,46012703610,19.468,,
climb,항구크앵,089928e253555ac1bd7501a0dc6060ef,2026-07-12,258,69638875162,29.464,3492833,
climb,항구크앵,089928e253555ac1bd7501a0dc6060ef,2026-07-13,258,93189373234,39.428,,
climb,항구크앵,089928e253555ac1bd7501a0dc6060ef,2026-07-14,258,118525089871,50.147,,
climb,항구크앵,089928e253555ac1bd7501a0dc6060ef,2026-07-15,258,142118266230,60.129,,
climb,항구크앵,089928e253555ac1bd7501a0dc6060ef,2026-07-16,258,167355311574,70.807,,
climb,항구크앵,089928e253555ac1bd7501a0dc6060ef,2026-07-17,258,190956055242,80.792,,
climb,항구크앵,089928e253555ac1bd7501a0dc6060ef,2026-07-18,258,214528943185,90.766,,
climb,항구크앵,089928e253555ac1bd7501a0dc6060ef,2026-07-19,259,3578481183,1.470,,
climb,항구크앵,089928e253555ac1bd7501a0dc6060ef,2026-07-20,259,27414207930,11.261,3538564,
climb,항구크앵,089928e253555ac1bd7501a0dc6060ef,2026-07-21,259,53059533468,21.795,,
climb,항구크앵,089928e253555ac1bd7501a0dc6060ef,2026-07-22,259,53059533468,21.795,,
climb,유찌3456,a8a9876ab47d1a692f33386d5e3a43a7c47ea5ffea2564f587ca830a8f71acb2,2026-06-18,256,45253643286,20.313,73901,
climb,유찌3456,a8a9876ab47d1a692f33386d5e3a43a7c47ea5ffea2564f587ca830a8f71acb2,2026-06-19,256,45253643286,20.313,,
climb,유찌3456,a8a9876ab47d1a692f33386d5e3a43a7c47ea5ffea2564f587ca830a8f71acb2,2026-06-20,256,45253643286,20.313,,
climb,유찌3456,a8a9876ab47d1a692f33386d5e3a43a7c47ea5ffea2564f587ca830a8f71acb2,2026-06-21,256,45253643286,20.313,,
climb,유찌3456,a8a9876ab47d1a692f33386d5e3a43a7c47ea5ffea2564f587ca830a8f71acb2,2026-06-22,256,45253643286,20.313,,
climb,유찌3456,a8a9876ab47d1a692f33386d5e3a43a7c47ea5ffea2564f587ca830a8f71acb2,2026-06-23,256,45253643286,20.313,,
climb,유찌3456,a8a9876ab47d1a692f33386d5e3a43a7c47ea5ffea2564f587ca830a8f71acb2,2026-06-24,256,45253643286,20.313,,
climb,유찌3456,a8a9876ab47d1a692f33386d5e3a43a7c47ea5ffea2564f587ca830a8f71acb2,2026-06-25,256,45253643286,20.313,,
climb,유찌3456,a8a9876ab47d1a692f33386d5e3a43a7c47ea5ffea2564f587ca830a8f71acb2,2026-06-26,256,45253643286,20.313,73901,
climb,유찌3456,a8a9876ab47d1a692f33386d5e3a43a7c47ea5ffea2564f587ca830a8f71acb2,2026-06-27,256,45253643286,20.313,,
climb,유찌3456,a8a9876ab47d1a692f33386d5e3a43a7c47ea5ffea2564f587ca830a8f71acb2,2026-06-28,256,45253643286,20.313,,
climb,유찌3456,a8a9876ab47d1a692f33386d5e3a43a7c47ea5ffea2564f587ca830a8f71acb2,2026-06-29,256,45253643286,20.313,,
climb,유찌3456,a8a9876ab47d1a692f33386d5e3a43a7c47ea5ffea2564f587ca830a8f71acb2,2026-06-30,256,45253643286,20.313,,
climb,유찌3456,a8a9876ab47d1a692f33386d5e3a43a7c47ea5ffea2564f587ca830a8f71acb2,2026-07-01,256,45253643286,20.313,,
climb,유찌3456,a8a9876ab47d1a692f33386d5e3a43a7c47ea5ffea2564f587ca830a8f71acb2,2026-07-02,256,45253643286,20.313,,
climb,유찌3456,a8a9876ab47d1a692f33386d5e3a43a7c47ea5ffea2564f587ca830a8f71acb2,2026-07-03,256,45253643286,20.313,,
climb,유찌3456,a8a9876ab47d1a692f33386d5e3a43a7c47ea5ffea2564f587ca830a8f71acb2,2026-07-04,256,45253643286,20.313,73901,
climb,유찌3456,a8a9876ab47d1a692f33386d5e3a43a7c47ea5ffea2564f587ca830a8f71acb2,2026-07-05,256,45253643286,20.313,,
climb,유찌3456,a8a9876ab47d1a692f33386d5e3a43a7c47ea5ffea2564f587ca830a8f71acb2,2026-07-06,256,45253643286,20.313,,
climb,유찌3456,a8a9876ab47d1a692f33386d5e3a43a7c47ea5ffea2564f587ca830a8f71acb2,2026-07-07,256,45253643286,20.313,,
climb,유찌3456,a8a9876ab47d1a692f33386d5e3a43a7c47ea5ffea2564f587ca830a8f71acb2,2026-07-08,256,45253643286,20.313,,
climb,유찌3456,a8a9876ab47d1a692f33386d5e3a43a7c47ea5ffea2564f587ca830a8f71acb2,2026-07-09,256,45253643286,20.313,,
climb,유찌3456,a8a9876ab47d1a692f33386d5e3a43a7c47ea5ffea2564f587ca830a8f71acb2,2026-07-10,256,45253643286,20.313,,
climb,유찌3456,a8a9876ab47d1a692f33386d5e3a43a7c47ea5ffea2564f587ca830a8f71acb2,2026-07-11,256,45253643286,20.313,,
climb,유찌3456,a8a9876ab47d1a692f33386d5e3a43a7c47ea5ffea2564f587ca830a8f71acb2,2026-07-12,256,45253643286,20.313,73901,
climb,유찌3456,a8a9876ab47d1a692f33386d5e3a43a7c47ea5ffea2564f587ca830a8f71acb2,2026-07-13,256,45253643286,20.313,,
climb,유찌3456,a8a9876ab47d1a692f33386d5e3a43a7c47ea5ffea2564f587ca830a8f71acb2,2026-07-14,256,45253643286,20.313,,
climb,유찌3456,a8a9876ab47d1a692f33386d5e3a43a7c47ea5ffea2564f587ca830a8f71acb2,2026-07-15,256,45253643286,20.313,,
climb,유찌3456,a8a9876ab47d1a692f33386d5e3a43a7c47ea5ffea2564f587ca830a8f71acb2,2026-07-16,256,45253643286,20.313,,
climb,유찌3456,a8a9876ab47d1a692f33386d5e3a43a7c47ea5ffea2564f587ca830a8f71acb2,2026-07-17,256,45253643286,20.313,,
climb,유찌3456,a8a9876ab47d1a692f33386d5e3a43a7c47ea5ffea2564f587ca830a8f71acb2,2026-07-18,256,45253643286,20.313,,
climb,유찌3456,a8a9876ab47d1a692f33386d5e3a43a7c47ea5ffea2564f587ca830a8f71acb2,2026-07-19,256,45253643286,20.313,,
climb,유찌3456,a8a9876ab47d1a692f33386d5e3a43a7c47ea5ffea2564f587ca830a8f71acb2,2026-07-20,256,45253643286,20.313,73901,
climb,유찌3456,a8a9876ab47d1a692f33386d5e3a43a7c47ea5ffea2564f587ca830a8f71acb2,2026-07-21,256,45253643286,20.313,,
climb,유찌3456,a8a9876ab47d1a692f33386d5e3a43a7c47ea5ffea2564f587ca830a8f71acb2,2026-07-22,256,45253643286,20.313,,
climb,유벤저2,786d971faee6e742cad745ddf5bb5777,2026-06-18,256,87304490830,39.188,1369747,
climb,유벤저2,786d971faee6e742cad745ddf5bb5777,2026-06-19,256,87304490830,39.188,,
climb,유벤저2,786d971faee6e742cad745ddf5bb5777,2026-06-20,256,87304490830,39.188,,
climb,유벤저2,786d971faee6e742cad745ddf5bb5777,2026-06-21,256,87304490830,39.188,,
climb,유벤저2,786d971faee6e742cad745ddf5bb5777,2026-06-22,256,87304490830,39.188,,
climb,유벤저2,786d971faee6e742cad745ddf5bb5777,2026-06-23,256,87304490830,39.188,,
climb,유벤저2,786d971faee6e742cad745ddf5bb5777,2026-06-24,256,87304490830,39.188,,
climb,유벤저2,786d971faee6e742cad745ddf5bb5777,2026-06-25,256,87304490830,39.188,,
climb,유벤저2,786d971faee6e742cad745ddf5bb5777,2026-06-26,256,87304490830,39.188,1369747,
climb,유벤저2,786d971faee6e742cad745ddf5bb5777,2026-06-27,256,87304490830,39.188,,
climb,유벤저2,786d971faee6e742cad745ddf5bb5777,2026-06-28,256,87304490830,39.188,,
climb,유벤저2,786d971faee6e742cad745ddf5bb5777,2026-06-29,256,87304490830,39.188,,
climb,유벤저2,786d971faee6e742cad745ddf5bb5777,2026-06-30,256,87304490830,39.188,,
climb,유벤저2,786d971faee6e742cad745ddf5bb5777,2026-07-01,256,87304490830,39.188,,
climb,유벤저2,786d971faee6e742cad745ddf5bb5777,2026-07-02,256,87304490830,39.188,,
climb,유벤저2,786d971faee6e742cad745ddf5bb5777,2026-07-03,256,87304490830,39.188,,
climb,유벤저2,786d971faee6e742cad745ddf5bb5777,2026-07-04,256,87304490830,39.188,1369747,
climb,유벤저2,786d971faee6e742cad745ddf5bb5777,2026-07-05,256,87304490830,39.188,,
climb,유벤저2,786d971faee6e742cad745ddf5bb5777,2026-07-06,256,87304490830,39.188,,
climb,유벤저2,786d971faee6e742cad745ddf5bb5777,2026-07-07,256,87304490830,39.188,,
climb,유벤저2,786d971faee6e742cad745ddf5bb5777,2026-07-08,256,87304490830,39.188,,
climb,유벤저2,786d971faee6e742cad745ddf5bb5777,2026-07-09,256,87304490830,39.188,,
climb,유벤저2,786d971faee6e742cad745ddf5bb5777,2026-07-10,256,87304490830,39.188,,
climb,유벤저2,786d971faee6e742cad745ddf5bb5777,2026-07-11,256,87304490830,39.188,,
climb,유벤저2,786d971faee6e742cad745ddf5bb5777,2026-07-12,256,87304490830,39.188,1369747,
climb,유벤저2,786d971faee6e742cad745ddf5bb5777,2026-07-13,256,87304490830,39.188,,
climb,유벤저2,786d971faee6e742cad745ddf5bb5777,2026-07-14,256,87304490830,39.188,,
climb,유벤저2,786d971faee6e742cad745ddf5bb5777,2026-07-15,256,87304490830,39.188,,
climb,유벤저2,786d971faee6e742cad745ddf5bb5777,2026-07-16,256,87304490830,39.188,,
climb,유벤저2,786d971faee6e742cad745ddf5bb5777,2026-07-17,256,87304490830,39.188,,
climb,유벤저2,786d971faee6e742cad745ddf5bb5777,2026-07-18,256,87304490830,39.188,,
climb,유벤저2,786d971faee6e742cad745ddf5bb5777,2026-07-19,256,87304490830,39.188,,
climb,유벤저2,786d971faee6e742cad745ddf5bb5777,2026-07-20,256,87304490830,39.188,1369747,
climb,유벤저2,786d971faee6e742cad745ddf5bb5777,2026-07-21,256,87304490830,39.188,,
climb,유벤저2,786d971faee6e742cad745ddf5bb5777,2026-07-22,256,87304490830,39.188,,
climb,보라색성애,b8af1a71e6f1b79b1333dfe90ca8eb46,2026-06-18,256,32717380553,14.686,8585535,
climb,보라색성애,b8af1a71e6f1b79b1333dfe90ca8eb46,2026-06-19,256,32717380553,14.686,,
climb,보라색성애,b8af1a71e6f1b79b1333dfe90ca8eb46,2026-06-20,256,32717380553,14.686,,
climb,보라색성애,b8af1a71e6f1b79b1333dfe90ca8eb46,2026-06-21,256,32717380553,14.686,,
climb,보라색성애,b8af1a71e6f1b79b1333dfe90ca8eb46,2026-06-22,256,32717380553,14.686,,
climb,보라색성애,b8af1a71e6f1b79b1333dfe90ca8eb46,2026-06-23,256,32717380553,14.686,,
climb,보라색성애,b8af1a71e6f1b79b1333dfe90ca8eb46,2026-06-24,256,32717380553,14.686,,
climb,보라색성애,b8af1a71e6f1b79b1333dfe90ca8eb46,2026-06-25,256,32717380553,14.686,,
climb,보라색성애,b8af1a71e6f1b79b1333dfe90ca8eb46,2026-06-26,256,32717380553,14.686,8585535,
climb,보라색성애,b8af1a71e6f1b79b1333dfe90ca8eb46,2026-06-27,256,32717380553,14.686,,
climb,보라색성애,b8af1a71e6f1b79b1333dfe90ca8eb46,2026-06-28,256,32717380553,14.686,,
climb,보라색성애,b8af1a71e6f1b79b1333dfe90ca8eb46,2026-06-29,256,32717380553,14.686,,
climb,보라색성애,b8af1a71e6f1b79b1333dfe90ca8eb46,2026-06-30,256,32717380553,14.686,,
climb,보라색성애,b8af1a71e6f1b79b1333dfe90ca8eb46,2026-07-01,256,32717380553,14.686,,
climb,보라색성애,b8af1a71e6f1b79b1333dfe90ca8eb46,2026-07-02,256,32717380553,14.686,,
climb,보라색성애,b8af1a71e6f1b79b1333dfe90ca8eb46,2026-07-03,256,32717380553,14.686,,
climb,보라색성애,b8af1a71e6f1b79b1333dfe90ca8eb46,2026-07-04,256,32717380553,14.686,9092742,
climb,보라색성애,b8af1a71e6f1b79b1333dfe90ca8eb46,2026-07-05,256,32717380553,14.686,,
climb,보라색성애,b8af1a71e6f1b79b1333dfe90ca8eb46,2026-07-06,256,32717380553,14.686,,
climb,보라색성애,b8af1a71e6f1b79b1333dfe90ca8eb46,2026-07-07,256,32717380553,14.686,,
climb,보라색성애,b8af1a71e6f1b79b1333dfe90ca8eb46,2026-07-08,256,32717380553,14.686,,
climb,보라색성애,b8af1a71e6f1b79b1333dfe90ca8eb46,2026-07-09,256,32717380553,14.686,,
climb,보라색성애,b8af1a71e6f1b79b1333dfe90ca8eb46,2026-07-10,256,32717380553,14.686,,
climb,보라색성애,b8af1a71e6f1b79b1333dfe90ca8eb46,2026-07-11,256,32717380553,14.686,,
climb,보라색성애,b8af1a71e6f1b79b1333dfe90ca8eb46,2026-07-12,256,32717380553,14.686,9092742,
climb,보라색성애,b8af1a71e6f1b79b1333dfe90ca8eb46,2026-07-13,256,32717380553,14.686,,
climb,보라색성애,b8af1a71e6f1b79b1333dfe90ca8eb46,2026-07-14,256,32717380553,14.686,,
climb,보라색성애,b8af1a71e6f1b79b1333dfe90ca8eb46,2026-07-15,256,32717380553,14.686,,
climb,보라색성애,b8af1a71e6f1b79b1333dfe90ca8eb46,2026-07-16,256,32717380553,14.686,,
climb,보라색성애,b8af1a71e6f1b79b1333dfe90ca8eb46,2026-07-17,256,32717380553,14.686,,
climb,보라색성애,b8af1a71e6f1b79b1333dfe90ca8eb46,2026-07-18,256,32717380553,14.686,,
climb,보라색성애,b8af1a71e6f1b79b1333dfe90ca8eb46,2026-07-19,256,32717380553,14.686,,
climb,보라색성애,b8af1a71e6f1b79b1333dfe90ca8eb46,2026-07-20,256,32717380553,14.686,9092742,
climb,보라색성애,b8af1a71e6f1b79b1333dfe90ca8eb46,2026-07-21,256,32717380553,14.686,,
climb,보라색성애,b8af1a71e6f1b79b1333dfe90ca8eb46,2026-07-22,256,32717380553,14.686,,
climb,제로청조,736b4685e047f6f4ad79b5881861c7d1,2026-06-18,256,56621314954,25.415,186660,
climb,제로청조,736b4685e047f6f4ad79b5881861c7d1,2026-06-19,256,56621314954,25.415,,
climb,제로청조,736b4685e047f6f4ad79b5881861c7d1,2026-06-20,256,56621314954,25.415,,
climb,제로청조,736b4685e047f6f4ad79b5881861c7d1,2026-06-21,256,56621314954,25.415,,
climb,제로청조,736b4685e047f6f4ad79b5881861c7d1,2026-06-22,256,56621314954,25.415,,
climb,제로청조,736b4685e047f6f4ad79b5881861c7d1,2026-06-23,256,56621314954,25.415,,
climb,제로청조,736b4685e047f6f4ad79b5881861c7d1,2026-06-24,256,56621314954,25.415,,
climb,제로청조,736b4685e047f6f4ad79b5881861c7d1,2026-06-25,256,56621314954,25.415,,
climb,제로청조,736b4685e047f6f4ad79b5881861c7d1,2026-06-26,256,56621314954,25.415,186660,
climb,제로청조,736b4685e047f6f4ad79b5881861c7d1,2026-06-27,256,56621314954,25.415,,
climb,제로청조,736b4685e047f6f4ad79b5881861c7d1,2026-06-28,256,56621314954,25.415,,
climb,제로청조,736b4685e047f6f4ad79b5881861c7d1,2026-06-29,256,56621314954,25.415,,
climb,제로청조,736b4685e047f6f4ad79b5881861c7d1,2026-06-30,256,56621314954,25.415,,
climb,제로청조,736b4685e047f6f4ad79b5881861c7d1,2026-07-01,256,56621314954,25.415,,
climb,제로청조,736b4685e047f6f4ad79b5881861c7d1,2026-07-02,256,56621314954,25.415,,
climb,제로청조,736b4685e047f6f4ad79b5881861c7d1,2026-07-03,256,56621314954,25.415,,
climb,제로청조,736b4685e047f6f4ad79b5881861c7d1,2026-07-04,256,56621314954,25.415,186660,
climb,제로청조,736b4685e047f6f4ad79b5881861c7d1,2026-07-05,256,56621314954,25.415,,
climb,제로청조,736b4685e047f6f4ad79b5881861c7d1,2026-07-06,256,56621314954,25.415,,
climb,제로청조,736b4685e047f6f4ad79b5881861c7d1,2026-07-07,256,56621314954,25.415,,
climb,제로청조,736b4685e047f6f4ad79b5881861c7d1,2026-07-08,256,56621314954,25.415,,
climb,제로청조,736b4685e047f6f4ad79b5881861c7d1,2026-07-09,256,56621314954,25.415,,
climb,제로청조,736b4685e047f6f4ad79b5881861c7d1,2026-07-10,256,56621314954,25.415,,
climb,제로청조,736b4685e047f6f4ad79b5881861c7d1,2026-07-11,256,56621314954,25.415,,
climb,제로청조,736b4685e047f6f4ad79b5881861c7d1,2026-07-12,256,56621314954,25.415,186660,
climb,제로청조,736b4685e047f6f4ad79b5881861c7d1,2026-07-13,256,56621314954,25.415,,
climb,제로청조,736b4685e047f6f4ad79b5881861c7d1,2026-07-14,256,61312901239,27.521,,
climb,제로청조,736b4685e047f6f4ad79b5881861c7d1,2026-07-15,256,61312901239,27.521,,
climb,제로청조,736b4685e047f6f4ad79b5881861c7d1,2026-07-16,256,61312901239,27.521,,
climb,제로청조,736b4685e047f6f4ad79b5881861c7d1,2026-07-17,256,61312901239,27.521,,
climb,제로청조,736b4685e047f6f4ad79b5881861c7d1,2026-07-18,256,61312901239,27.521,,
climb,제로청조,736b4685e047f6f4ad79b5881861c7d1,2026-07-19,256,61312901239,27.521,,
climb,제로청조,736b4685e047f6f4ad79b5881861c7d1,2026-07-20,256,61312901239,27.521,129407,
climb,제로청조,736b4685e047f6f4ad79b5881861c7d1,2026-07-21,256,61312901239,27.521,,
climb,제로청조,736b4685e047f6f4ad79b5881861c7d1,2026-07-22,256,61312901239,27.521,,
climb,악어전문가,ccdbcb45a9848605ffc565da3a14352cefe8d04e6d233bd35cf2fabdeb93fb0d,2026-06-18,256,99838145324,44.813,561800,
climb,악어전문가,ccdbcb45a9848605ffc565da3a14352cefe8d04e6d233bd35cf2fabdeb93fb0d,2026-06-19,256,99838145324,44.813,,
climb,악어전문가,ccdbcb45a9848605ffc565da3a14352cefe8d04e6d233bd35cf2fabdeb93fb0d,2026-06-20,256,99838145324,44.813,,
climb,악어전문가,ccdbcb45a9848605ffc565da3a14352cefe8d04e6d233bd35cf2fabdeb93fb0d,2026-06-21,256,99838145324,44.813,,
climb,악어전문가,ccdbcb45a9848605ffc565da3a14352cefe8d04e6d233bd35cf2fabdeb93fb0d,2026-06-22,256,99838145324,44.813,,
climb,악어전문가,ccdbcb45a9848605ffc565da3a14352cefe8d04e6d233bd35cf2fabdeb93fb0d,2026-06-23,256,99838145324,44.813,,
climb,악어전문가,ccdbcb45a9848605ffc565da3a14352cefe8d04e6d233bd35cf2fabdeb93fb0d,2026-06-24,256,99838145324,44.813,,
climb,악어전문가,ccdbcb45a9848605ffc565da3a14352cefe8d04e6d233bd35cf2fabdeb93fb0d,2026-06-25,256,99838145324,44.813,,
climb,악어전문가,ccdbcb45a9848605ffc565da3a14352cefe8d04e6d233bd35cf2fabdeb93fb0d,2026-06-26,256,99838145324,44.813,561800,
climb,악어전문가,ccdbcb45a9848605ffc565da3a14352cefe8d04e6d233bd35cf2fabdeb93fb0d,2026-06-27,256,99838145324,44.813,,
climb,악어전문가,ccdbcb45a9848605ffc565da3a14352cefe8d04e6d233bd35cf2fabdeb93fb0d,2026-06-28,256,99838145324,44.813,,
climb,악어전문가,ccdbcb45a9848605ffc565da3a14352cefe8d04e6d233bd35cf2fabdeb93fb0d,2026-06-29,256,99838145324,44.813,,
climb,악어전문가,ccdbcb45a9848605ffc565da3a14352cefe8d04e6d233bd35cf2fabdeb93fb0d,2026-06-30,256,99838145324,44.813,,
climb,악어전문가,ccdbcb45a9848605ffc565da3a14352cefe8d04e6d233bd35cf2fabdeb93fb0d,2026-07-01,256,99838145324,44.813,,
climb,악어전문가,ccdbcb45a9848605ffc565da3a14352cefe8d04e6d233bd35cf2fabdeb93fb0d,2026-07-02,256,99838145324,44.813,,
climb,악어전문가,ccdbcb45a9848605ffc565da3a14352cefe8d04e6d233bd35cf2fabdeb93fb0d,2026-07-03,256,99838145324,44.813,,
climb,악어전문가,ccdbcb45a9848605ffc565da3a14352cefe8d04e6d233bd35cf2fabdeb93fb0d,2026-07-04,256,99838145324,44.813,561800,
climb,악어전문가,ccdbcb45a9848605ffc565da3a14352cefe8d04e6d233bd35cf2fabdeb93fb0d,2026-07-05,256,99838145324,44.813,,
climb,악어전문가,ccdbcb45a9848605ffc565da3a14352cefe8d04e6d233bd35cf2fabdeb93fb0d,2026-07-06,256,99838145324,44.813,,
climb,악어전문가,ccdbcb45a9848605ffc565da3a14352cefe8d04e6d233bd35cf2fabdeb93fb0d,2026-07-07,256,99838145324,44.813,,
climb,악어전문가,ccdbcb45a9848605ffc565da3a14352cefe8d04e6d233bd35cf2fabdeb93fb0d,2026-07-08,256,99838145324,44.813,,
climb,악어전문가,ccdbcb45a9848605ffc565da3a14352cefe8d04e6d233bd35cf2fabdeb93fb0d,2026-07-09,256,99838145324,44.813,,
climb,악어전문가,ccdbcb45a9848605ffc565da3a14352cefe8d04e6d233bd35cf2fabdeb93fb0d,2026-07-10,256,99838145324,44.813,,
climb,악어전문가,ccdbcb45a9848605ffc565da3a14352cefe8d04e6d233bd35cf2fabdeb93fb0d,2026-07-11,256,99838145324,44.813,,
climb,악어전문가,ccdbcb45a9848605ffc565da3a14352cefe8d04e6d233bd35cf2fabdeb93fb0d,2026-07-12,256,99838145324,44.813,561800,
climb,악어전문가,ccdbcb45a9848605ffc565da3a14352cefe8d04e6d233bd35cf2fabdeb93fb0d,2026-07-13,256,99838145324,44.813,,
climb,악어전문가,ccdbcb45a9848605ffc565da3a14352cefe8d04e6d233bd35cf2fabdeb93fb0d,2026-07-14,256,99838145324,44.813,,
climb,악어전문가,ccdbcb45a9848605ffc565da3a14352cefe8d04e6d233bd35cf2fabdeb93fb0d,2026-07-15,256,99838145324,44.813,,
climb,악어전문가,ccdbcb45a9848605ffc565da3a14352cefe8d04e6d233bd35cf2fabdeb93fb0d,2026-07-16,256,99838145324,44.813,,
climb,악어전문가,ccdbcb45a9848605ffc565da3a14352cefe8d04e6d233bd35cf2fabdeb93fb0d,2026-07-17,256,99838145324,44.813,,
climb,악어전문가,ccdbcb45a9848605ffc565da3a14352cefe8d04e6d233bd35cf2fabdeb93fb0d,2026-07-18,256,99838145324,44.813,,
climb,악어전문가,ccdbcb45a9848605ffc565da3a14352cefe8d04e6d233bd35cf2fabdeb93fb0d,2026-07-19,256,99838145324,44.813,,
climb,악어전문가,ccdbcb45a9848605ffc565da3a14352cefe8d04e6d233bd35cf2fabdeb93fb0d,2026-07-20,256,99838145324,44.813,561800,
climb,악어전문가,ccdbcb45a9848605ffc565da3a14352cefe8d04e6d233bd35cf2fabdeb93fb0d,2026-07-21,256,99838145324,44.813,,
climb,악어전문가,ccdbcb45a9848605ffc565da3a14352cefe8d04e6d233bd35cf2fabdeb93fb0d,2026-07-22,256,99838145324,44.813,,
climb,세워중지,d677e80aff6109f67f3cf1b2ed5e8c10,2026-06-18,256,96846787848,43.471,325329,
climb,세워중지,d677e80aff6109f67f3cf1b2ed5e8c10,2026-06-19,256,96846787848,43.471,,
climb,세워중지,d677e80aff6109f67f3cf1b2ed5e8c10,2026-06-20,256,96846787848,43.471,,
climb,세워중지,d677e80aff6109f67f3cf1b2ed5e8c10,2026-06-21,256,96846787848,43.471,,
climb,세워중지,d677e80aff6109f67f3cf1b2ed5e8c10,2026-06-22,256,96846787848,43.471,,
climb,세워중지,d677e80aff6109f67f3cf1b2ed5e8c10,2026-06-23,256,96846787848,43.471,,
climb,세워중지,d677e80aff6109f67f3cf1b2ed5e8c10,2026-06-24,256,96846787848,43.471,,
climb,세워중지,d677e80aff6109f67f3cf1b2ed5e8c10,2026-06-25,256,96846787848,43.471,,
climb,세워중지,d677e80aff6109f67f3cf1b2ed5e8c10,2026-06-26,256,96846787848,43.471,325329,
climb,세워중지,d677e80aff6109f67f3cf1b2ed5e8c10,2026-06-27,256,96846787848,43.471,,
climb,세워중지,d677e80aff6109f67f3cf1b2ed5e8c10,2026-06-28,256,96846787848,43.471,,
climb,세워중지,d677e80aff6109f67f3cf1b2ed5e8c10,2026-06-29,256,96846787848,43.471,,
climb,세워중지,d677e80aff6109f67f3cf1b2ed5e8c10,2026-06-30,256,96846787848,43.471,,
climb,세워중지,d677e80aff6109f67f3cf1b2ed5e8c10,2026-07-01,256,96846787848,43.471,,
climb,세워중지,d677e80aff6109f67f3cf1b2ed5e8c10,2026-07-02,256,96846787848,43.471,,
climb,세워중지,d677e80aff6109f67f3cf1b2ed5e8c10,2026-07-03,256,96846787848,43.471,,
climb,세워중지,d677e80aff6109f67f3cf1b2ed5e8c10,2026-07-04,256,96846787848,43.471,325329,
climb,세워중지,d677e80aff6109f67f3cf1b2ed5e8c10,2026-07-05,256,96846787848,43.471,,
climb,세워중지,d677e80aff6109f67f3cf1b2ed5e8c10,2026-07-06,256,96846787848,43.471,,
climb,세워중지,d677e80aff6109f67f3cf1b2ed5e8c10,2026-07-07,256,96846787848,43.471,,
climb,세워중지,d677e80aff6109f67f3cf1b2ed5e8c10,2026-07-08,256,96846787848,43.471,,
climb,세워중지,d677e80aff6109f67f3cf1b2ed5e8c10,2026-07-09,256,96846787848,43.471,,
climb,세워중지,d677e80aff6109f67f3cf1b2ed5e8c10,2026-07-10,256,96846787848,43.471,,
climb,세워중지,d677e80aff6109f67f3cf1b2ed5e8c10,2026-07-11,256,96846787848,43.471,,
climb,세워중지,d677e80aff6109f67f3cf1b2ed5e8c10,2026-07-12,256,96846787848,43.471,325329,
climb,세워중지,d677e80aff6109f67f3cf1b2ed5e8c10,2026-07-13,256,96846787848,43.471,,
climb,세워중지,d677e80aff6109f67f3cf1b2ed5e8c10,2026-07-14,256,96846787848,43.471,,
climb,세워중지,d677e80aff6109f67f3cf1b2ed5e8c10,2026-07-15,256,96846787848,43.471,,
climb,세워중지,d677e80aff6109f67f3cf1b2ed5e8c10,2026-07-16,256,96846787848,43.471,,
climb,세워중지,d677e80aff6109f67f3cf1b2ed5e8c10,2026-07-17,256,96846787848,43.471,,
climb,세워중지,d677e80aff6109f67f3cf1b2ed5e8c10,2026-07-18,256,96846787848,43.471,,
climb,세워중지,d677e80aff6109f67f3cf1b2ed5e8c10,2026-07-19,256,96846787848,43.471,,
climb,세워중지,d677e80aff6109f67f3cf1b2ed5e8c10,2026-07-20,256,96846787848,43.471,325329,
climb,세워중지,d677e80aff6109f67f3cf1b2ed5e8c10,2026-07-21,256,96846787848,43.471,,
climb,세워중지,d677e80aff6109f67f3cf1b2ed5e8c10,2026-07-22,256,96846787848,43.471,,
climb,아란돋,279344b0d6640640fc4f804ebe518a63,2026-06-18,256,102531308675,46.022,271559,
climb,아란돋,279344b0d6640640fc4f804ebe518a63,2026-06-19,256,102531308675,46.022,,
climb,아란돋,279344b0d6640640fc4f804ebe518a63,2026-06-20,256,102531308675,46.022,,
climb,아란돋,279344b0d6640640fc4f804ebe518a63,2026-06-21,256,102531308675,46.022,,
climb,아란돋,279344b0d6640640fc4f804ebe518a63,2026-06-22,256,102531308675,46.022,,
climb,아란돋,279344b0d6640640fc4f804ebe518a63,2026-06-23,256,102531308675,46.022,,
climb,아란돋,279344b0d6640640fc4f804ebe518a63,2026-06-24,256,102531308675,46.022,,
climb,아란돋,279344b0d6640640fc4f804ebe518a63,2026-06-25,256,102531308675,46.022,,
climb,아란돋,279344b0d6640640fc4f804ebe518a63,2026-06-26,256,102531308675,46.022,271559,
climb,아란돋,279344b0d6640640fc4f804ebe518a63,2026-06-27,256,102531308675,46.022,,
climb,아란돋,279344b0d6640640fc4f804ebe518a63,2026-06-28,256,102531308675,46.022,,
climb,아란돋,279344b0d6640640fc4f804ebe518a63,2026-06-29,256,102531308675,46.022,,
climb,아란돋,279344b0d6640640fc4f804ebe518a63,2026-06-30,256,102531308675,46.022,,
climb,아란돋,279344b0d6640640fc4f804ebe518a63,2026-07-01,256,102531308675,46.022,,
climb,아란돋,279344b0d6640640fc4f804ebe518a63,2026-07-02,256,102531308675,46.022,,
climb,아란돋,279344b0d6640640fc4f804ebe518a63,2026-07-03,256,102531308675,46.022,,
climb,아란돋,279344b0d6640640fc4f804ebe518a63,2026-07-04,256,102531308675,46.022,271559,
climb,아란돋,279344b0d6640640fc4f804ebe518a63,2026-07-05,256,102531308675,46.022,,
climb,아란돋,279344b0d6640640fc4f804ebe518a63,2026-07-06,256,102531308675,46.022,,
climb,아란돋,279344b0d6640640fc4f804ebe518a63,2026-07-07,256,102531308675,46.022,,
climb,아란돋,279344b0d6640640fc4f804ebe518a63,2026-07-08,256,102531308675,46.022,,
climb,아란돋,279344b0d6640640fc4f804ebe518a63,2026-07-09,256,102531308675,46.022,,
climb,아란돋,279344b0d6640640fc4f804ebe518a63,2026-07-10,256,102531308675,46.022,,
climb,아란돋,279344b0d6640640fc4f804ebe518a63,2026-07-11,256,102531308675,46.022,,
climb,아란돋,279344b0d6640640fc4f804ebe518a63,2026-07-12,256,102531308675,46.022,271559,
climb,아란돋,279344b0d6640640fc4f804ebe518a63,2026-07-13,256,102531308675,46.022,,
climb,아란돋,279344b0d6640640fc4f804ebe518a63,2026-07-14,256,102531308675,46.022,,
climb,아란돋,279344b0d6640640fc4f804ebe518a63,2026-07-15,256,102531308675,46.022,,
climb,아란돋,279344b0d6640640fc4f804ebe518a63,2026-07-16,256,102531308675,46.022,,
climb,아란돋,279344b0d6640640fc4f804ebe518a63,2026-07-17,256,102531308675,46.022,,
climb,아란돋,279344b0d6640640fc4f804ebe518a63,2026-07-18,256,102531308675,46.022,,
climb,아란돋,279344b0d6640640fc4f804ebe518a63,2026-07-19,256,102531308675,46.022,,
climb,아란돋,279344b0d6640640fc4f804ebe518a63,2026-07-20,256,102531308675,46.022,271559,
climb,아란돋,279344b0d6640640fc4f804ebe518a63,2026-07-21,256,102531308675,46.022,,
climb,아란돋,279344b0d6640640fc4f804ebe518a63,2026-07-22,256,102531308675,46.022,,
climb,메랜치매노인,3de69937b2cd4e3d62e924e57d80c043,2026-06-18,256,44140241822,19.813,1125779,
climb,메랜치매노인,3de69937b2cd4e3d62e924e57d80c043,2026-06-19,256,44140241822,19.813,,
climb,메랜치매노인,3de69937b2cd4e3d62e924e57d80c043,2026-06-20,256,44140241822,19.813,,
climb,메랜치매노인,3de69937b2cd4e3d62e924e57d80c043,2026-06-21,256,44140241822,19.813,,
climb,메랜치매노인,3de69937b2cd4e3d62e924e57d80c043,2026-06-22,256,44140241822,19.813,,
climb,메랜치매노인,3de69937b2cd4e3d62e924e57d80c043,2026-06-23,256,44140241822,19.813,,
climb,메랜치매노인,3de69937b2cd4e3d62e924e57d80c043,2026-06-24,256,44140241822,19.813,,
climb,메랜치매노인,3de69937b2cd4e3d62e924e57d80c043,2026-06-25,256,44140241822,19.813,,
climb,메랜치매노인,3de69937b2cd4e3d62e924e57d80c043,2026-06-26,256,44140241822,19.813,1125779,
climb,메랜치매노인,3de69937b2cd4e3d62e924e57d80c043,2026-06-27,256,44140241822,19.813,,
climb,메랜치매노인,3de69937b2cd4e3d62e924e57d80c043,2026-06-28,256,44140241822,19.813,,
climb,메랜치매노인,3de69937b2cd4e3d62e924e57d80c043,2026-06-29,256,44140241822,19.813,,
climb,메랜치매노인,3de69937b2cd4e3d62e924e57d80c043,2026-06-30,256,44140241822,19.813,,
climb,메랜치매노인,3de69937b2cd4e3d62e924e57d80c043,2026-07-01,256,44140241822,19.813,,
climb,메랜치매노인,3de69937b2cd4e3d62e924e57d80c043,2026-07-02,256,44140241822,19.813,,
climb,메랜치매노인,3de69937b2cd4e3d62e924e57d80c043,2026-07-03,256,44140241822,19.813,,
climb,메랜치매노인,3de69937b2cd4e3d62e924e57d80c043,2026-07-04,256,44140241822,19.813,1125779,
climb,메랜치매노인,3de69937b2cd4e3d62e924e57d80c043,2026-07-05,256,44140241822,19.813,,
climb,메랜치매노인,3de69937b2cd4e3d62e924e57d80c043,2026-07-06,256,44140241822,19.813,,
climb,메랜치매노인,3de69937b2cd4e3d62e924e57d80c043,2026-07-07,256,44140241822,19.813,,
climb,메랜치매노인,3de69937b2cd4e3d62e924e57d80c043,2026-07-08,256,44140241822,19.813,,
climb,메랜치매노인,3de69937b2cd4e3d62e924e57d80c043,2026-07-09,256,44140241822,19.813,,
climb,메랜치매노인,3de69937b2cd4e3d62e924e57d80c043,2026-07-10,256,44140241822,19.813,,
climb,메랜치매노인,3de69937b2cd4e3d62e924e57d80c043,2026-07-11,256,44140241822,19.813,,
climb,메랜치매노인,3de69937b2cd4e3d62e924e57d80c043,2026-07-12,256,44140241822,19.813,1125779,
climb,메랜치매노인,3de69937b2cd4e3d62e924e57d80c043,2026-07-13,256,44140241822,19.813,,
climb,메랜치매노인,3de69937b2cd4e3d62e924e57d80c043,2026-07-14,256,44140241822,19.813,,
climb,메랜치매노인,3de69937b2cd4e3d62e924e57d80c043,2026-07-15,256,44140241822,19.813,,
climb,메랜치매노인,3de69937b2cd4e3d62e924e57d80c043,2026-07-16,256,44140241822,19.813,,
climb,메랜치매노인,3de69937b2cd4e3d62e924e57d80c043,2026-07-17,256,44140241822,19.813,,
climb,메랜치매노인,3de69937b2cd4e3d62e924e57d80c043,2026-07-18,256,44140241822,19.813,,
climb,메랜치매노인,3de69937b2cd4e3d62e924e57d80c043,2026-07-19,256,44140241822,19.813,,
climb,메랜치매노인,3de69937b2cd4e3d62e924e57d80c043,2026-07-20,256,44140241822,19.813,1125779,
climb,메랜치매노인,3de69937b2cd4e3d62e924e57d80c043,2026-07-21,256,44140241822,19.813,,
climb,메랜치매노인,3de69937b2cd4e3d62e924e57d80c043,2026-07-22,256,44140241822,19.813,,
climb,구사일링크,ec4fd76f1a0de4ce3011720dad228eee,2026-06-18,256,34594465035,15.528,2475,
climb,구사일링크,ec4fd76f1a0de4ce3011720dad228eee,2026-06-19,256,34594465035,15.528,,
climb,구사일링크,ec4fd76f1a0de4ce3011720dad228eee,2026-06-20,256,34594465035,15.528,,
climb,구사일링크,ec4fd76f1a0de4ce3011720dad228eee,2026-06-21,256,34594465035,15.528,,
climb,구사일링크,ec4fd76f1a0de4ce3011720dad228eee,2026-06-22,256,34594465035,15.528,,
climb,구사일링크,ec4fd76f1a0de4ce3011720dad228eee,2026-06-23,256,34594465035,15.528,,
climb,구사일링크,ec4fd76f1a0de4ce3011720dad228eee,2026-06-24,256,34594465035,15.528,,
climb,구사일링크,ec4fd76f1a0de4ce3011720dad228eee,2026-06-25,256,34594465035,15.528,,
climb,구사일링크,ec4fd76f1a0de4ce3011720dad228eee,2026-06-26,256,34594465035,15.528,2475,
climb,구사일링크,ec4fd76f1a0de4ce3011720dad228eee,2026-06-27,256,34594465035,15.528,,
climb,구사일링크,ec4fd76f1a0de4ce3011720dad228eee,2026-06-28,256,34594465035,15.528,,
climb,구사일링크,ec4fd76f1a0de4ce3011720dad228eee,2026-06-29,256,34594465035,15.528,,
climb,구사일링크,ec4fd76f1a0de4ce3011720dad228eee,2026-06-30,256,34594465035,15.528,,
climb,구사일링크,ec4fd76f1a0de4ce3011720dad228eee,2026-07-01,256,34594465035,15.528,,
climb,구사일링크,ec4fd76f1a0de4ce3011720dad228eee,2026-07-02,256,34594465035,15.528,,
climb,구사일링크,ec4fd76f1a0de4ce3011720dad228eee,2026-07-03,256,34594465035,15.528,,
climb,구사일링크,ec4fd76f1a0de4ce3011720dad228eee,2026-07-04,256,34594465035,15.528,2475,
climb,구사일링크,ec4fd76f1a0de4ce3011720dad228eee,2026-07-05,256,34594465035,15.528,,
climb,구사일링크,ec4fd76f1a0de4ce3011720dad228eee,2026-07-06,256,34594465035,15.528,,
climb,구사일링크,ec4fd76f1a0de4ce3011720dad228eee,2026-07-07,256,34594465035,15.528,,
climb,구사일링크,ec4fd76f1a0de4ce3011720dad228eee,2026-07-08,256,34594465035,15.528,,
climb,구사일링크,ec4fd76f1a0de4ce3011720dad228eee,2026-07-09,256,34594465035,15.528,,
climb,구사일링크,ec4fd76f1a0de4ce3011720dad228eee,2026-07-10,256,34594465035,15.528,,
climb,구사일링크,ec4fd76f1a0de4ce3011720dad228eee,2026-07-11,256,34594465035,15.528,,
climb,구사일링크,ec4fd76f1a0de4ce3011720dad228eee,2026-07-12,256,34594465035,15.528,2475,
climb,구사일링크,ec4fd76f1a0de4ce3011720dad228eee,2026-07-13,256,34594465035,15.528,,
climb,구사일링크,ec4fd76f1a0de4ce3011720dad228eee,2026-07-14,256,34594465035,15.528,,
climb,구사일링크,ec4fd76f1a0de4ce3011720dad228eee,2026-07-15,256,34594465035,15.528,,
climb,구사일링크,ec4fd76f1a0de4ce3011720dad228eee,2026-07-16,256,34594465035,15.528,,
climb,구사일링크,ec4fd76f1a0de4ce3011720dad228eee,2026-07-17,256,34594465035,15.528,,
climb,구사일링크,ec4fd76f1a0de4ce3011720dad228eee,2026-07-18,256,34594465035,15.528,,
climb,구사일링크,ec4fd76f1a0de4ce3011720dad228eee,2026-07-19,256,34594465035,15.528,,
climb,구사일링크,ec4fd76f1a0de4ce3011720dad228eee,2026-07-20,256,34594465035,15.528,2475,
climb,구사일링크,ec4fd76f1a0de4ce3011720dad228eee,2026-07-21,256,34594465035,15.528,,
climb,구사일링크,ec4fd76f1a0de4ce3011720dad228eee,2026-07-22,256,34594465035,15.528,,
climb,샤오디디,f4b3fc9bb7a7fea1abb89c62a8430b6fefe8d04e6d233bd35cf2fabdeb93fb0d,2026-06-18,256,72927907438,32.735,223,
climb,샤오디디,f4b3fc9bb7a7fea1abb89c62a8430b6fefe8d04e6d233bd35cf2fabdeb93fb0d,2026-06-19,256,72927907438,32.735,,
climb,샤오디디,f4b3fc9bb7a7fea1abb89c62a8430b6fefe8d04e6d233bd35cf2fabdeb93fb0d,2026-06-20,256,72927907438,32.735,,
climb,샤오디디,f4b3fc9bb7a7fea1abb89c62a8430b6fefe8d04e6d233bd35cf2fabdeb93fb0d,2026-06-21,256,72927907438,32.735,,
climb,샤오디디,f4b3fc9bb7a7fea1abb89c62a8430b6fefe8d04e6d233bd35cf2fabdeb93fb0d,2026-06-22,256,72927907438,32.735,,
climb,샤오디디,f4b3fc9bb7a7fea1abb89c62a8430b6fefe8d04e6d233bd35cf2fabdeb93fb0d,2026-06-23,256,72927907438,32.735,,
climb,샤오디디,f4b3fc9bb7a7fea1abb89c62a8430b6fefe8d04e6d233bd35cf2fabdeb93fb0d,2026-06-24,256,72927907438,32.735,,
climb,샤오디디,f4b3fc9bb7a7fea1abb89c62a8430b6fefe8d04e6d233bd35cf2fabdeb93fb0d,2026-06-25,256,72927907438,32.735,,
climb,샤오디디,f4b3fc9bb7a7fea1abb89c62a8430b6fefe8d04e6d233bd35cf2fabdeb93fb0d,2026-06-26,256,72927907438,32.735,223,
climb,샤오디디,f4b3fc9bb7a7fea1abb89c62a8430b6fefe8d04e6d233bd35cf2fabdeb93fb0d,2026-06-27,256,72927907438,32.735,,
climb,샤오디디,f4b3fc9bb7a7fea1abb89c62a8430b6fefe8d04e6d233bd35cf2fabdeb93fb0d,2026-06-28,256,72927907438,32.735,,
climb,샤오디디,f4b3fc9bb7a7fea1abb89c62a8430b6fefe8d04e6d233bd35cf2fabdeb93fb0d,2026-06-29,256,72927907438,32.735,,
climb,샤오디디,f4b3fc9bb7a7fea1abb89c62a8430b6fefe8d04e6d233bd35cf2fabdeb93fb0d,2026-06-30,256,72927907438,32.735,,
climb,샤오디디,f4b3fc9bb7a7fea1abb89c62a8430b6fefe8d04e6d233bd35cf2fabdeb93fb0d,2026-07-01,256,72927907438,32.735,,
climb,샤오디디,f4b3fc9bb7a7fea1abb89c62a8430b6fefe8d04e6d233bd35cf2fabdeb93fb0d,2026-07-02,256,72927907438,32.735,,
climb,샤오디디,f4b3fc9bb7a7fea1abb89c62a8430b6fefe8d04e6d233bd35cf2fabdeb93fb0d,2026-07-03,256,72927907438,32.735,,
climb,샤오디디,f4b3fc9bb7a7fea1abb89c62a8430b6fefe8d04e6d233bd35cf2fabdeb93fb0d,2026-07-04,256,72927907438,32.735,223,
climb,샤오디디,f4b3fc9bb7a7fea1abb89c62a8430b6fefe8d04e6d233bd35cf2fabdeb93fb0d,2026-07-05,256,72927907438,32.735,,
climb,샤오디디,f4b3fc9bb7a7fea1abb89c62a8430b6fefe8d04e6d233bd35cf2fabdeb93fb0d,2026-07-06,256,72927907438,32.735,,
climb,샤오디디,f4b3fc9bb7a7fea1abb89c62a8430b6fefe8d04e6d233bd35cf2fabdeb93fb0d,2026-07-07,256,72927907438,32.735,,
climb,샤오디디,f4b3fc9bb7a7fea1abb89c62a8430b6fefe8d04e6d233bd35cf2fabdeb93fb0d,2026-07-08,256,72927907438,32.735,,
climb,샤오디디,f4b3fc9bb7a7fea1abb89c62a8430b6fefe8d04e6d233bd35cf2fabdeb93fb0d,2026-07-09,256,72927907438,32.735,,
climb,샤오디디,f4b3fc9bb7a7fea1abb89c62a8430b6fefe8d04e6d233bd35cf2fabdeb93fb0d,2026-07-10,256,72927907438,32.735,,
climb,샤오디디,f4b3fc9bb7a7fea1abb89c62a8430b6fefe8d04e6d233bd35cf2fabdeb93fb0d,2026-07-11,256,72927907438,32.735,,
climb,샤오디디,f4b3fc9bb7a7fea1abb89c62a8430b6fefe8d04e6d233bd35cf2fabdeb93fb0d,2026-07-12,256,72927907438,32.735,223,
climb,샤오디디,f4b3fc9bb7a7fea1abb89c62a8430b6fefe8d04e6d233bd35cf2fabdeb93fb0d,2026-07-13,256,72927907438,32.735,,
climb,샤오디디,f4b3fc9bb7a7fea1abb89c62a8430b6fefe8d04e6d233bd35cf2fabdeb93fb0d,2026-07-14,256,72927907438,32.735,,
climb,샤오디디,f4b3fc9bb7a7fea1abb89c62a8430b6fefe8d04e6d233bd35cf2fabdeb93fb0d,2026-07-15,256,72927907438,32.735,,
climb,샤오디디,f4b3fc9bb7a7fea1abb89c62a8430b6fefe8d04e6d233bd35cf2fabdeb93fb0d,2026-07-16,256,72927907438,32.735,,
climb,샤오디디,f4b3fc9bb7a7fea1abb89c62a8430b6fefe8d04e6d233bd35cf2fabdeb93fb0d,2026-07-17,256,72927907438,32.735,,
climb,샤오디디,f4b3fc9bb7a7fea1abb89c62a8430b6fefe8d04e6d233bd35cf2fabdeb93fb0d,2026-07-18,256,72927907438,32.735,,
climb,샤오디디,f4b3fc9bb7a7fea1abb89c62a8430b6fefe8d04e6d233bd35cf2fabdeb93fb0d,2026-07-19,256,72927907438,32.735,,
climb,샤오디디,f4b3fc9bb7a7fea1abb89c62a8430b6fefe8d04e6d233bd35cf2fabdeb93fb0d,2026-07-20,256,72927907438,32.735,223,
climb,샤오디디,f4b3fc9bb7a7fea1abb89c62a8430b6fefe8d04e6d233bd35cf2fabdeb93fb0d,2026-07-21,256,72927907438,32.735,,
climb,샤오디디,f4b3fc9bb7a7fea1abb89c62a8430b6fefe8d04e6d233bd35cf2fabdeb93fb0d,2026-07-22,256,72927907438,32.735,,
climb,1월의윈브,edeecdefc72f497de9080048fddc4b35efe8d04e6d233bd35cf2fabdeb93fb0d,2026-06-18,256,81425736146,36.549,601791,
climb,1월의윈브,edeecdefc72f497de9080048fddc4b35efe8d04e6d233bd35cf2fabdeb93fb0d,2026-06-19,256,81425736146,36.549,,
climb,1월의윈브,edeecdefc72f497de9080048fddc4b35efe8d04e6d233bd35cf2fabdeb93fb0d,2026-06-20,256,81425736146,36.549,,
climb,1월의윈브,edeecdefc72f497de9080048fddc4b35efe8d04e6d233bd35cf2fabdeb93fb0d,2026-06-21,256,81425736146,36.549,,
climb,1월의윈브,edeecdefc72f497de9080048fddc4b35efe8d04e6d233bd35cf2fabdeb93fb0d,2026-06-22,256,81425736146,36.549,,
climb,1월의윈브,edeecdefc72f497de9080048fddc4b35efe8d04e6d233bd35cf2fabdeb93fb0d,2026-06-23,256,81425736146,36.549,,
climb,1월의윈브,edeecdefc72f497de9080048fddc4b35efe8d04e6d233bd35cf2fabdeb93fb0d,2026-06-24,256,81425736146,36.549,,
climb,1월의윈브,edeecdefc72f497de9080048fddc4b35efe8d04e6d233bd35cf2fabdeb93fb0d,2026-06-25,256,81425736146,36.549,,
climb,1월의윈브,edeecdefc72f497de9080048fddc4b35efe8d04e6d233bd35cf2fabdeb93fb0d,2026-06-26,256,81425736146,36.549,601791,
climb,1월의윈브,edeecdefc72f497de9080048fddc4b35efe8d04e6d233bd35cf2fabdeb93fb0d,2026-06-27,256,81425736146,36.549,,
climb,1월의윈브,edeecdefc72f497de9080048fddc4b35efe8d04e6d233bd35cf2fabdeb93fb0d,2026-06-28,256,81425736146,36.549,,
climb,1월의윈브,edeecdefc72f497de9080048fddc4b35efe8d04e6d233bd35cf2fabdeb93fb0d,2026-06-29,256,81425736146,36.549,,
climb,1월의윈브,edeecdefc72f497de9080048fddc4b35efe8d04e6d233bd35cf2fabdeb93fb0d,2026-06-30,256,81425736146,36.549,,
climb,1월의윈브,edeecdefc72f497de9080048fddc4b35efe8d04e6d233bd35cf2fabdeb93fb0d,2026-07-01,256,81425736146,36.549,,
climb,1월의윈브,edeecdefc72f497de9080048fddc4b35efe8d04e6d233bd35cf2fabdeb93fb0d,2026-07-02,256,81425736146,36.549,,
climb,1월의윈브,edeecdefc72f497de9080048fddc4b35efe8d04e6d233bd35cf2fabdeb93fb0d,2026-07-03,256,81425736146,36.549,,
climb,1월의윈브,edeecdefc72f497de9080048fddc4b35efe8d04e6d233bd35cf2fabdeb93fb0d,2026-07-04,256,81425736146,36.549,601791,
climb,1월의윈브,edeecdefc72f497de9080048fddc4b35efe8d04e6d233bd35cf2fabdeb93fb0d,2026-07-05,256,81425736146,36.549,,
climb,1월의윈브,edeecdefc72f497de9080048fddc4b35efe8d04e6d233bd35cf2fabdeb93fb0d,2026-07-06,256,81425736146,36.549,,
climb,1월의윈브,edeecdefc72f497de9080048fddc4b35efe8d04e6d233bd35cf2fabdeb93fb0d,2026-07-07,256,81425736146,36.549,,
climb,1월의윈브,edeecdefc72f497de9080048fddc4b35efe8d04e6d233bd35cf2fabdeb93fb0d,2026-07-08,256,81425736146,36.549,,
climb,1월의윈브,edeecdefc72f497de9080048fddc4b35efe8d04e6d233bd35cf2fabdeb93fb0d,2026-07-09,256,81425736146,36.549,,
climb,1월의윈브,edeecdefc72f497de9080048fddc4b35efe8d04e6d233bd35cf2fabdeb93fb0d,2026-07-10,256,81425736146,36.549,,
climb,1월의윈브,edeecdefc72f497de9080048fddc4b35efe8d04e6d233bd35cf2fabdeb93fb0d,2026-07-11,256,81425736146,36.549,,
climb,1월의윈브,edeecdefc72f497de9080048fddc4b35efe8d04e6d233bd35cf2fabdeb93fb0d,2026-07-12,256,81425736146,36.549,601791,
climb,1월의윈브,edeecdefc72f497de9080048fddc4b35efe8d04e6d233bd35cf2fabdeb93fb0d,2026-07-13,256,81425736146,36.549,,
climb,1월의윈브,edeecdefc72f497de9080048fddc4b35efe8d04e6d233bd35cf2fabdeb93fb0d,2026-07-14,256,81425736146,36.549,,
climb,1월의윈브,edeecdefc72f497de9080048fddc4b35efe8d04e6d233bd35cf2fabdeb93fb0d,2026-07-15,256,81425736146,36.549,,
climb,1월의윈브,edeecdefc72f497de9080048fddc4b35efe8d04e6d233bd35cf2fabdeb93fb0d,2026-07-16,256,81425736146,36.549,,
climb,1월의윈브,edeecdefc72f497de9080048fddc4b35efe8d04e6d233bd35cf2fabdeb93fb0d,2026-07-17,256,81425736146,36.549,,
climb,1월의윈브,edeecdefc72f497de9080048fddc4b35efe8d04e6d233bd35cf2fabdeb93fb0d,2026-07-18,256,81425736146,36.549,,
climb,1월의윈브,edeecdefc72f497de9080048fddc4b35efe8d04e6d233bd35cf2fabdeb93fb0d,2026-07-19,256,81425736146,36.549,,
climb,1월의윈브,edeecdefc72f497de9080048fddc4b35efe8d04e6d233bd35cf2fabdeb93fb0d,2026-07-20,256,81425736146,36.549,601791,
climb,1월의윈브,edeecdefc72f497de9080048fddc4b35efe8d04e6d233bd35cf2fabdeb93fb0d,2026-07-21,256,81425736146,36.549,,
climb,1월의윈브,edeecdefc72f497de9080048fddc4b35efe8d04e6d233bd35cf2fabdeb93fb0d,2026-07-22,256,81425736146,36.549,,
climb,정백권,74d9a691fb9417342ceec12227c969d4,2026-06-18,256,215317468724,96.648,6680708,
climb,정백권,74d9a691fb9417342ceec12227c969d4,2026-06-19,257,128730501505,56.099,,
climb,정백권,74d9a691fb9417342ceec12227c969d4,2026-06-20,257,128730501505,56.099,,
climb,정백권,74d9a691fb9417342ceec12227c969d4,2026-06-21,260,1871545098,0.108,,
climb,정백권,74d9a691fb9417342ceec12227c969d4,2026-06-22,260,1871545098,0.108,,
climb,정백권,74d9a691fb9417342ceec12227c969d4,2026-06-23,260,1871545098,0.108,,
climb,정백권,74d9a691fb9417342ceec12227c969d4,2026-06-24,260,1871545098,0.108,,
climb,정백권,74d9a691fb9417342ceec12227c969d4,2026-06-25,260,1871545098,0.108,,
climb,정백권,74d9a691fb9417342ceec12227c969d4,2026-06-26,260,1871545098,0.108,6702560,
climb,정백권,74d9a691fb9417342ceec12227c969d4,2026-06-27,260,1871545098,0.108,,
climb,정백권,74d9a691fb9417342ceec12227c969d4,2026-06-28,260,1871545098,0.108,,
climb,정백권,74d9a691fb9417342ceec12227c969d4,2026-06-29,260,1871545098,0.108,,
climb,정백권,74d9a691fb9417342ceec12227c969d4,2026-06-30,260,804289466078,46.439,,
climb,정백권,74d9a691fb9417342ceec12227c969d4,2026-07-01,260,804289466078,46.439,,
climb,정백권,74d9a691fb9417342ceec12227c969d4,2026-07-02,260,804289466078,46.439,,
climb,정백권,74d9a691fb9417342ceec12227c969d4,2026-07-03,260,804289466078,46.439,,
climb,정백권,74d9a691fb9417342ceec12227c969d4,2026-07-04,260,804289466078,46.439,7371091,
climb,정백권,74d9a691fb9417342ceec12227c969d4,2026-07-05,260,804289466078,46.439,,
climb,정백권,74d9a691fb9417342ceec12227c969d4,2026-07-06,260,804289466078,46.439,,
climb,정백권,74d9a691fb9417342ceec12227c969d4,2026-07-07,260,804289466078,46.439,,
climb,정백권,74d9a691fb9417342ceec12227c969d4,2026-07-08,260,804289466078,46.439,,
climb,정백권,74d9a691fb9417342ceec12227c969d4,2026-07-09,260,804289466078,46.439,,
climb,정백권,74d9a691fb9417342ceec12227c969d4,2026-07-10,260,804289466078,46.439,,
climb,정백권,74d9a691fb9417342ceec12227c969d4,2026-07-11,260,804289466078,46.439,,
climb,정백권,74d9a691fb9417342ceec12227c969d4,2026-07-12,260,804289466078,46.439,7483290,
climb,정백권,74d9a691fb9417342ceec12227c969d4,2026-07-13,260,804290848382,46.439,,
climb,정백권,74d9a691fb9417342ceec12227c969d4,2026-07-14,260,804290848382,46.439,,
climb,정백권,74d9a691fb9417342ceec12227c969d4,2026-07-15,260,804290848382,46.439,,
climb,정백권,74d9a691fb9417342ceec12227c969d4,2026-07-16,260,804292230686,46.439,,
climb,정백권,74d9a691fb9417342ceec12227c969d4,2026-07-17,260,804292230686,46.439,,
climb,정백권,74d9a691fb9417342ceec12227c969d4,2026-07-18,260,804292230686,46.439,,
climb,정백권,74d9a691fb9417342ceec12227c969d4,2026-07-19,260,804292230686,46.439,,
climb,정백권,74d9a691fb9417342ceec12227c969d4,2026-07-20,260,804292230686,46.439,7824687,
climb,정백권,74d9a691fb9417342ceec12227c969d4,2026-07-21,260,804292230686,46.439,,
climb,정백권,74d9a691fb9417342ceec12227c969d4,2026-07-22,260,804292230686,46.439,,
climb,윈브가꿀,f5886b19dde98d9324b1db89407220ec,2026-06-18,256,53168226571,23.865,1891037,
climb,윈브가꿀,f5886b19dde98d9324b1db89407220ec,2026-06-19,256,53168226571,23.865,,
climb,윈브가꿀,f5886b19dde98d9324b1db89407220ec,2026-06-20,256,53168226571,23.865,,
climb,윈브가꿀,f5886b19dde98d9324b1db89407220ec,2026-06-21,256,53168226571,23.865,,
climb,윈브가꿀,f5886b19dde98d9324b1db89407220ec,2026-06-22,256,53168226571,23.865,,
climb,윈브가꿀,f5886b19dde98d9324b1db89407220ec,2026-06-23,256,53168226571,23.865,,
climb,윈브가꿀,f5886b19dde98d9324b1db89407220ec,2026-06-24,256,53168226571,23.865,,
climb,윈브가꿀,f5886b19dde98d9324b1db89407220ec,2026-06-25,256,53168226571,23.865,,
climb,윈브가꿀,f5886b19dde98d9324b1db89407220ec,2026-06-26,256,53168226571,23.865,1891037,
climb,윈브가꿀,f5886b19dde98d9324b1db89407220ec,2026-06-27,256,53168226571,23.865,,
climb,윈브가꿀,f5886b19dde98d9324b1db89407220ec,2026-06-28,256,53168226571,23.865,,
climb,윈브가꿀,f5886b19dde98d9324b1db89407220ec,2026-06-29,256,53168226571,23.865,,
climb,윈브가꿀,f5886b19dde98d9324b1db89407220ec,2026-06-30,256,53168226571,23.865,,
climb,윈브가꿀,f5886b19dde98d9324b1db89407220ec,2026-07-01,256,53168226571,23.865,,
climb,윈브가꿀,f5886b19dde98d9324b1db89407220ec,2026-07-02,256,53168226571,23.865,,
climb,윈브가꿀,f5886b19dde98d9324b1db89407220ec,2026-07-03,256,53168226571,23.865,,
climb,윈브가꿀,f5886b19dde98d9324b1db89407220ec,2026-07-04,256,53168226571,23.865,1891037,
climb,윈브가꿀,f5886b19dde98d9324b1db89407220ec,2026-07-05,256,53168226571,23.865,,
climb,윈브가꿀,f5886b19dde98d9324b1db89407220ec,2026-07-06,256,53168226571,23.865,,
climb,윈브가꿀,f5886b19dde98d9324b1db89407220ec,2026-07-07,256,53168226571,23.865,,
climb,윈브가꿀,f5886b19dde98d9324b1db89407220ec,2026-07-08,256,53168226571,23.865,,
climb,윈브가꿀,f5886b19dde98d9324b1db89407220ec,2026-07-09,256,53168226571,23.865,,
climb,윈브가꿀,f5886b19dde98d9324b1db89407220ec,2026-07-10,256,53168226571,23.865,,
climb,윈브가꿀,f5886b19dde98d9324b1db89407220ec,2026-07-11,256,53168226571,23.865,,
climb,윈브가꿀,f5886b19dde98d9324b1db89407220ec,2026-07-12,256,53168226571,23.865,1891037,
climb,윈브가꿀,f5886b19dde98d9324b1db89407220ec,2026-07-13,256,53168226571,23.865,,
climb,윈브가꿀,f5886b19dde98d9324b1db89407220ec,2026-07-14,256,53168226571,23.865,,
climb,윈브가꿀,f5886b19dde98d9324b1db89407220ec,2026-07-15,256,53168226571,23.865,,
climb,윈브가꿀,f5886b19dde98d9324b1db89407220ec,2026-07-16,256,53168226571,23.865,,
climb,윈브가꿀,f5886b19dde98d9324b1db89407220ec,2026-07-17,256,53168226571,23.865,,
climb,윈브가꿀,f5886b19dde98d9324b1db89407220ec,2026-07-18,256,53168226571,23.865,,
climb,윈브가꿀,f5886b19dde98d9324b1db89407220ec,2026-07-19,256,53168226571,23.865,,
climb,윈브가꿀,f5886b19dde98d9324b1db89407220ec,2026-07-20,256,53168226571,23.865,1891037,
climb,윈브가꿀,f5886b19dde98d9324b1db89407220ec,2026-07-21,256,53168226571,23.865,,
climb,윈브가꿀,f5886b19dde98d9324b1db89407220ec,2026-07-22,256,53168226571,23.865,,
climb,훙테일,727fe4bcbd1b928c46d79905660e51606fbb98200a15be5bcc73a64995849e9c,2026-06-18,256,69931536561,31.390,0,
climb,훙테일,727fe4bcbd1b928c46d79905660e51606fbb98200a15be5bcc73a64995849e9c,2026-06-19,256,69931536561,31.390,,
climb,훙테일,727fe4bcbd1b928c46d79905660e51606fbb98200a15be5bcc73a64995849e9c,2026-06-20,256,69931536561,31.390,,
climb,훙테일,727fe4bcbd1b928c46d79905660e51606fbb98200a15be5bcc73a64995849e9c,2026-06-21,256,69931536561,31.390,,
climb,훙테일,727fe4bcbd1b928c46d79905660e51606fbb98200a15be5bcc73a64995849e9c,2026-06-22,256,69931536561,31.390,,
climb,훙테일,727fe4bcbd1b928c46d79905660e51606fbb98200a15be5bcc73a64995849e9c,2026-06-23,256,69931536561,31.390,,
climb,훙테일,727fe4bcbd1b928c46d79905660e51606fbb98200a15be5bcc73a64995849e9c,2026-06-24,256,69931536561,31.390,,
climb,훙테일,727fe4bcbd1b928c46d79905660e51606fbb98200a15be5bcc73a64995849e9c,2026-06-25,256,69931536561,31.390,,
climb,훙테일,727fe4bcbd1b928c46d79905660e51606fbb98200a15be5bcc73a64995849e9c,2026-06-26,256,69931536561,31.390,0,
climb,훙테일,727fe4bcbd1b928c46d79905660e51606fbb98200a15be5bcc73a64995849e9c,2026-06-27,256,69931536561,31.390,,
climb,훙테일,727fe4bcbd1b928c46d79905660e51606fbb98200a15be5bcc73a64995849e9c,2026-06-28,256,69931536561,31.390,,
climb,훙테일,727fe4bcbd1b928c46d79905660e51606fbb98200a15be5bcc73a64995849e9c,2026-06-29,256,69931536561,31.390,,
climb,훙테일,727fe4bcbd1b928c46d79905660e51606fbb98200a15be5bcc73a64995849e9c,2026-06-30,256,69931536561,31.390,,
climb,훙테일,727fe4bcbd1b928c46d79905660e51606fbb98200a15be5bcc73a64995849e9c,2026-07-01,256,69931536561,31.390,,
climb,훙테일,727fe4bcbd1b928c46d79905660e51606fbb98200a15be5bcc73a64995849e9c,2026-07-02,256,69931536561,31.390,,
climb,훙테일,727fe4bcbd1b928c46d79905660e51606fbb98200a15be5bcc73a64995849e9c,2026-07-03,256,69931536561,31.390,,
climb,훙테일,727fe4bcbd1b928c46d79905660e51606fbb98200a15be5bcc73a64995849e9c,2026-07-04,256,69931536561,31.390,0,
climb,훙테일,727fe4bcbd1b928c46d79905660e51606fbb98200a15be5bcc73a64995849e9c,2026-07-05,256,69931536561,31.390,,
climb,훙테일,727fe4bcbd1b928c46d79905660e51606fbb98200a15be5bcc73a64995849e9c,2026-07-06,256,69931536561,31.390,,
climb,훙테일,727fe4bcbd1b928c46d79905660e51606fbb98200a15be5bcc73a64995849e9c,2026-07-07,256,69931536561,31.390,,
climb,훙테일,727fe4bcbd1b928c46d79905660e51606fbb98200a15be5bcc73a64995849e9c,2026-07-08,256,69931536561,31.390,,
climb,훙테일,727fe4bcbd1b928c46d79905660e51606fbb98200a15be5bcc73a64995849e9c,2026-07-09,256,69931536561,31.390,,
climb,훙테일,727fe4bcbd1b928c46d79905660e51606fbb98200a15be5bcc73a64995849e9c,2026-07-10,256,69931536561,31.390,,
climb,훙테일,727fe4bcbd1b928c46d79905660e51606fbb98200a15be5bcc73a64995849e9c,2026-07-11,256,69931536561,31.390,,
climb,훙테일,727fe4bcbd1b928c46d79905660e51606fbb98200a15be5bcc73a64995849e9c,2026-07-12,256,69931536561,31.390,0,
climb,훙테일,727fe4bcbd1b928c46d79905660e51606fbb98200a15be5bcc73a64995849e9c,2026-07-13,256,69931536561,31.390,,
climb,훙테일,727fe4bcbd1b928c46d79905660e51606fbb98200a15be5bcc73a64995849e9c,2026-07-14,256,69931536561,31.390,,
climb,훙테일,727fe4bcbd1b928c46d79905660e51606fbb98200a15be5bcc73a64995849e9c,2026-07-15,256,69931536561,31.390,,
climb,훙테일,727fe4bcbd1b928c46d79905660e51606fbb98200a15be5bcc73a64995849e9c,2026-07-16,256,69931536561,31.390,,
climb,훙테일,727fe4bcbd1b928c46d79905660e51606fbb98200a15be5bcc73a64995849e9c,2026-07-17,256,69931536561,31.390,,
climb,훙테일,727fe4bcbd1b928c46d79905660e51606fbb98200a15be5bcc73a64995849e9c,2026-07-18,256,69931536561,31.390,,
climb,훙테일,727fe4bcbd1b928c46d79905660e51606fbb98200a15be5bcc73a64995849e9c,2026-07-19,256,69931536561,31.390,,
climb,훙테일,727fe4bcbd1b928c46d79905660e51606fbb98200a15be5bcc73a64995849e9c,2026-07-20,256,69931536561,31.390,0,
climb,훙테일,727fe4bcbd1b928c46d79905660e51606fbb98200a15be5bcc73a64995849e9c,2026-07-21,256,69931536561,31.390,,
climb,훙테일,727fe4bcbd1b928c46d79905660e51606fbb98200a15be5bcc73a64995849e9c,2026-07-22,256,69931536561,31.390,,
climb,황한,f8ffbbcd39db3d1c8ca17e0beeac48bf,2026-06-18,256,92028727804,41.308,3092817,
climb,황한,f8ffbbcd39db3d1c8ca17e0beeac48bf,2026-06-19,256,92028727804,41.308,,
climb,황한,f8ffbbcd39db3d1c8ca17e0beeac48bf,2026-06-20,256,92028727804,41.308,,
climb,황한,f8ffbbcd39db3d1c8ca17e0beeac48bf,2026-06-21,256,92028727804,41.308,,
climb,황한,f8ffbbcd39db3d1c8ca17e0beeac48bf,2026-06-22,256,92028727804,41.308,,
climb,황한,f8ffbbcd39db3d1c8ca17e0beeac48bf,2026-06-23,256,92028727804,41.308,,
climb,황한,f8ffbbcd39db3d1c8ca17e0beeac48bf,2026-06-24,256,92028727804,41.308,,
climb,황한,f8ffbbcd39db3d1c8ca17e0beeac48bf,2026-06-25,256,92028727804,41.308,,
climb,황한,f8ffbbcd39db3d1c8ca17e0beeac48bf,2026-06-26,256,92028727804,41.308,3092817,
climb,황한,f8ffbbcd39db3d1c8ca17e0beeac48bf,2026-06-27,256,92028727804,41.308,,
climb,황한,f8ffbbcd39db3d1c8ca17e0beeac48bf,2026-06-28,256,92028727804,41.308,,
climb,황한,f8ffbbcd39db3d1c8ca17e0beeac48bf,2026-06-29,256,92028727804,41.308,,
climb,황한,f8ffbbcd39db3d1c8ca17e0beeac48bf,2026-06-30,256,92028727804,41.308,,
climb,황한,f8ffbbcd39db3d1c8ca17e0beeac48bf,2026-07-01,256,92028727804,41.308,,
climb,황한,f8ffbbcd39db3d1c8ca17e0beeac48bf,2026-07-02,256,92028727804,41.308,,
climb,황한,f8ffbbcd39db3d1c8ca17e0beeac48bf,2026-07-03,256,92028727804,41.308,,
climb,황한,f8ffbbcd39db3d1c8ca17e0beeac48bf,2026-07-04,256,92028727804,41.308,3092817,
climb,황한,f8ffbbcd39db3d1c8ca17e0beeac48bf,2026-07-05,256,92028727804,41.308,,
climb,황한,f8ffbbcd39db3d1c8ca17e0beeac48bf,2026-07-06,256,92028727804,41.308,,
climb,황한,f8ffbbcd39db3d1c8ca17e0beeac48bf,2026-07-07,256,92028727804,41.308,,
climb,황한,f8ffbbcd39db3d1c8ca17e0beeac48bf,2026-07-08,256,92028727804,41.308,,
climb,황한,f8ffbbcd39db3d1c8ca17e0beeac48bf,2026-07-09,256,92028727804,41.308,,
climb,황한,f8ffbbcd39db3d1c8ca17e0beeac48bf,2026-07-10,256,92028727804,41.308,,
climb,황한,f8ffbbcd39db3d1c8ca17e0beeac48bf,2026-07-11,256,92028727804,41.308,,
climb,황한,f8ffbbcd39db3d1c8ca17e0beeac48bf,2026-07-12,256,92028727804,41.308,3092817,
climb,황한,f8ffbbcd39db3d1c8ca17e0beeac48bf,2026-07-13,256,92028727804,41.308,,
climb,황한,f8ffbbcd39db3d1c8ca17e0beeac48bf,2026-07-14,256,92028727804,41.308,,
climb,황한,f8ffbbcd39db3d1c8ca17e0beeac48bf,2026-07-15,256,92028727804,41.308,,
climb,황한,f8ffbbcd39db3d1c8ca17e0beeac48bf,2026-07-16,256,92028727804,41.308,,
climb,황한,f8ffbbcd39db3d1c8ca17e0beeac48bf,2026-07-17,256,92028727804,41.308,,
climb,황한,f8ffbbcd39db3d1c8ca17e0beeac48bf,2026-07-18,256,92028727804,41.308,,
climb,황한,f8ffbbcd39db3d1c8ca17e0beeac48bf,2026-07-19,256,92028727804,41.308,,
climb,황한,f8ffbbcd39db3d1c8ca17e0beeac48bf,2026-07-20,256,92028727804,41.308,3092817,
climb,황한,f8ffbbcd39db3d1c8ca17e0beeac48bf,2026-07-21,256,92028727804,41.308,,
climb,황한,f8ffbbcd39db3d1c8ca17e0beeac48bf,2026-07-22,256,92028727804,41.308,,
climb,얌므얌,100c42aeb9726b84424079b52beffc8befe8d04e6d233bd35cf2fabdeb93fb0d,2026-06-18,256,84632068710,37.988,5637754,
climb,얌므얌,100c42aeb9726b84424079b52beffc8befe8d04e6d233bd35cf2fabdeb93fb0d,2026-06-19,256,84632068710,37.988,,
climb,얌므얌,100c42aeb9726b84424079b52beffc8befe8d04e6d233bd35cf2fabdeb93fb0d,2026-06-20,256,84632068710,37.988,,
climb,얌므얌,100c42aeb9726b84424079b52beffc8befe8d04e6d233bd35cf2fabdeb93fb0d,2026-06-21,256,84632068710,37.988,,
climb,얌므얌,100c42aeb9726b84424079b52beffc8befe8d04e6d233bd35cf2fabdeb93fb0d,2026-06-22,256,84632068710,37.988,,
climb,얌므얌,100c42aeb9726b84424079b52beffc8befe8d04e6d233bd35cf2fabdeb93fb0d,2026-06-23,256,84632068710,37.988,,
climb,얌므얌,100c42aeb9726b84424079b52beffc8befe8d04e6d233bd35cf2fabdeb93fb0d,2026-06-24,256,84632068710,37.988,,
climb,얌므얌,100c42aeb9726b84424079b52beffc8befe8d04e6d233bd35cf2fabdeb93fb0d,2026-06-25,256,84632068710,37.988,,
climb,얌므얌,100c42aeb9726b84424079b52beffc8befe8d04e6d233bd35cf2fabdeb93fb0d,2026-06-26,256,84632068710,37.988,5637754,
climb,얌므얌,100c42aeb9726b84424079b52beffc8befe8d04e6d233bd35cf2fabdeb93fb0d,2026-06-27,256,84632068710,37.988,,
climb,얌므얌,100c42aeb9726b84424079b52beffc8befe8d04e6d233bd35cf2fabdeb93fb0d,2026-06-28,256,84632068710,37.988,,
climb,얌므얌,100c42aeb9726b84424079b52beffc8befe8d04e6d233bd35cf2fabdeb93fb0d,2026-06-29,256,84632068710,37.988,,
climb,얌므얌,100c42aeb9726b84424079b52beffc8befe8d04e6d233bd35cf2fabdeb93fb0d,2026-06-30,256,84632068710,37.988,,
climb,얌므얌,100c42aeb9726b84424079b52beffc8befe8d04e6d233bd35cf2fabdeb93fb0d,2026-07-01,256,84632068710,37.988,,
climb,얌므얌,100c42aeb9726b84424079b52beffc8befe8d04e6d233bd35cf2fabdeb93fb0d,2026-07-02,256,84632068710,37.988,,
climb,얌므얌,100c42aeb9726b84424079b52beffc8befe8d04e6d233bd35cf2fabdeb93fb0d,2026-07-03,256,84632068710,37.988,,
climb,얌므얌,100c42aeb9726b84424079b52beffc8befe8d04e6d233bd35cf2fabdeb93fb0d,2026-07-04,256,84632068710,37.988,5637754,
climb,얌므얌,100c42aeb9726b84424079b52beffc8befe8d04e6d233bd35cf2fabdeb93fb0d,2026-07-05,256,84632068710,37.988,,
climb,얌므얌,100c42aeb9726b84424079b52beffc8befe8d04e6d233bd35cf2fabdeb93fb0d,2026-07-06,256,84632068710,37.988,,
climb,얌므얌,100c42aeb9726b84424079b52beffc8befe8d04e6d233bd35cf2fabdeb93fb0d,2026-07-07,256,84632068710,37.988,,
climb,얌므얌,100c42aeb9726b84424079b52beffc8befe8d04e6d233bd35cf2fabdeb93fb0d,2026-07-08,256,84632068710,37.988,,
climb,얌므얌,100c42aeb9726b84424079b52beffc8befe8d04e6d233bd35cf2fabdeb93fb0d,2026-07-09,256,84632068710,37.988,,
climb,얌므얌,100c42aeb9726b84424079b52beffc8befe8d04e6d233bd35cf2fabdeb93fb0d,2026-07-10,256,84632068710,37.988,,
climb,얌므얌,100c42aeb9726b84424079b52beffc8befe8d04e6d233bd35cf2fabdeb93fb0d,2026-07-11,256,84632068710,37.988,,
climb,얌므얌,100c42aeb9726b84424079b52beffc8befe8d04e6d233bd35cf2fabdeb93fb0d,2026-07-12,256,84632068710,37.988,5637754,
climb,얌므얌,100c42aeb9726b84424079b52beffc8befe8d04e6d233bd35cf2fabdeb93fb0d,2026-07-13,256,84632068710,37.988,,
climb,얌므얌,100c42aeb9726b84424079b52beffc8befe8d04e6d233bd35cf2fabdeb93fb0d,2026-07-14,256,84632068710,37.988,,
climb,얌므얌,100c42aeb9726b84424079b52beffc8befe8d04e6d233bd35cf2fabdeb93fb0d,2026-07-15,256,84632068710,37.988,,
climb,얌므얌,100c42aeb9726b84424079b52beffc8befe8d04e6d233bd35cf2fabdeb93fb0d,2026-07-16,256,84632068710,37.988,,
climb,얌므얌,100c42aeb9726b84424079b52beffc8befe8d04e6d233bd35cf2fabdeb93fb0d,2026-07-17,256,84632068710,37.988,,
climb,얌므얌,100c42aeb9726b84424079b52beffc8befe8d04e6d233bd35cf2fabdeb93fb0d,2026-07-18,256,84632068710,37.988,,
climb,얌므얌,100c42aeb9726b84424079b52beffc8befe8d04e6d233bd35cf2fabdeb93fb0d,2026-07-19,256,84632068710,37.988,,
climb,얌므얌,100c42aeb9726b84424079b52beffc8befe8d04e6d233bd35cf2fabdeb93fb0d,2026-07-20,256,84632068710,37.988,5637754,
climb,얌므얌,100c42aeb9726b84424079b52beffc8befe8d04e6d233bd35cf2fabdeb93fb0d,2026-07-21,256,84632068710,37.988,,
climb,얌므얌,100c42aeb9726b84424079b52beffc8befe8d04e6d233bd35cf2fabdeb93fb0d,2026-07-22,256,84632068710,37.988,,
climb,손얼음덩어리,e6461cdd6fb745abae8b04259f0964c3efe8d04e6d233bd35cf2fabdeb93fb0d,2026-06-18,256,47308120208,21.235,39066,
climb,손얼음덩어리,e6461cdd6fb745abae8b04259f0964c3efe8d04e6d233bd35cf2fabdeb93fb0d,2026-06-19,256,47308120208,21.235,,
climb,손얼음덩어리,e6461cdd6fb745abae8b04259f0964c3efe8d04e6d233bd35cf2fabdeb93fb0d,2026-06-20,256,47308120208,21.235,,
climb,손얼음덩어리,e6461cdd6fb745abae8b04259f0964c3efe8d04e6d233bd35cf2fabdeb93fb0d,2026-06-21,256,47308120208,21.235,,
climb,손얼음덩어리,e6461cdd6fb745abae8b04259f0964c3efe8d04e6d233bd35cf2fabdeb93fb0d,2026-06-22,256,47308120208,21.235,,
climb,손얼음덩어리,e6461cdd6fb745abae8b04259f0964c3efe8d04e6d233bd35cf2fabdeb93fb0d,2026-06-23,256,47308120208,21.235,,
climb,손얼음덩어리,e6461cdd6fb745abae8b04259f0964c3efe8d04e6d233bd35cf2fabdeb93fb0d,2026-06-24,256,47308120208,21.235,,
climb,손얼음덩어리,e6461cdd6fb745abae8b04259f0964c3efe8d04e6d233bd35cf2fabdeb93fb0d,2026-06-25,256,47308120208,21.235,,
climb,손얼음덩어리,e6461cdd6fb745abae8b04259f0964c3efe8d04e6d233bd35cf2fabdeb93fb0d,2026-06-26,256,47308120208,21.235,48019,
climb,손얼음덩어리,e6461cdd6fb745abae8b04259f0964c3efe8d04e6d233bd35cf2fabdeb93fb0d,2026-06-27,256,47308120208,21.235,,
climb,손얼음덩어리,e6461cdd6fb745abae8b04259f0964c3efe8d04e6d233bd35cf2fabdeb93fb0d,2026-06-28,256,47308120208,21.235,,
climb,손얼음덩어리,e6461cdd6fb745abae8b04259f0964c3efe8d04e6d233bd35cf2fabdeb93fb0d,2026-06-29,256,47308120208,21.235,,
climb,손얼음덩어리,e6461cdd6fb745abae8b04259f0964c3efe8d04e6d233bd35cf2fabdeb93fb0d,2026-06-30,256,47308120208,21.235,,
climb,손얼음덩어리,e6461cdd6fb745abae8b04259f0964c3efe8d04e6d233bd35cf2fabdeb93fb0d,2026-07-01,256,47308120208,21.235,,
climb,손얼음덩어리,e6461cdd6fb745abae8b04259f0964c3efe8d04e6d233bd35cf2fabdeb93fb0d,2026-07-02,256,47308120208,21.235,,
climb,손얼음덩어리,e6461cdd6fb745abae8b04259f0964c3efe8d04e6d233bd35cf2fabdeb93fb0d,2026-07-03,256,47308120208,21.235,,
climb,손얼음덩어리,e6461cdd6fb745abae8b04259f0964c3efe8d04e6d233bd35cf2fabdeb93fb0d,2026-07-04,256,47308120208,21.235,48019,
climb,손얼음덩어리,e6461cdd6fb745abae8b04259f0964c3efe8d04e6d233bd35cf2fabdeb93fb0d,2026-07-05,256,47308120208,21.235,,
climb,손얼음덩어리,e6461cdd6fb745abae8b04259f0964c3efe8d04e6d233bd35cf2fabdeb93fb0d,2026-07-06,256,47308120208,21.235,,
climb,손얼음덩어리,e6461cdd6fb745abae8b04259f0964c3efe8d04e6d233bd35cf2fabdeb93fb0d,2026-07-07,256,47308120208,21.235,,
climb,손얼음덩어리,e6461cdd6fb745abae8b04259f0964c3efe8d04e6d233bd35cf2fabdeb93fb0d,2026-07-08,256,47308120208,21.235,,
climb,손얼음덩어리,e6461cdd6fb745abae8b04259f0964c3efe8d04e6d233bd35cf2fabdeb93fb0d,2026-07-09,256,47308120208,21.235,,
climb,손얼음덩어리,e6461cdd6fb745abae8b04259f0964c3efe8d04e6d233bd35cf2fabdeb93fb0d,2026-07-10,256,47308120208,21.235,,
climb,손얼음덩어리,e6461cdd6fb745abae8b04259f0964c3efe8d04e6d233bd35cf2fabdeb93fb0d,2026-07-11,256,47308120208,21.235,,
climb,손얼음덩어리,e6461cdd6fb745abae8b04259f0964c3efe8d04e6d233bd35cf2fabdeb93fb0d,2026-07-12,256,47308120208,21.235,48019,
climb,손얼음덩어리,e6461cdd6fb745abae8b04259f0964c3efe8d04e6d233bd35cf2fabdeb93fb0d,2026-07-13,256,47308120208,21.235,,
climb,손얼음덩어리,e6461cdd6fb745abae8b04259f0964c3efe8d04e6d233bd35cf2fabdeb93fb0d,2026-07-14,256,47308120208,21.235,,
climb,손얼음덩어리,e6461cdd6fb745abae8b04259f0964c3efe8d04e6d233bd35cf2fabdeb93fb0d,2026-07-15,256,47308120208,21.235,,
climb,손얼음덩어리,e6461cdd6fb745abae8b04259f0964c3efe8d04e6d233bd35cf2fabdeb93fb0d,2026-07-16,256,47308120208,21.235,,
climb,손얼음덩어리,e6461cdd6fb745abae8b04259f0964c3efe8d04e6d233bd35cf2fabdeb93fb0d,2026-07-17,256,47308120208,21.235,,
climb,손얼음덩어리,e6461cdd6fb745abae8b04259f0964c3efe8d04e6d233bd35cf2fabdeb93fb0d,2026-07-18,256,47308120208,21.235,,
climb,손얼음덩어리,e6461cdd6fb745abae8b04259f0964c3efe8d04e6d233bd35cf2fabdeb93fb0d,2026-07-19,256,47308120208,21.235,,
climb,손얼음덩어리,e6461cdd6fb745abae8b04259f0964c3efe8d04e6d233bd35cf2fabdeb93fb0d,2026-07-20,256,47308120208,21.235,48019,
climb,손얼음덩어리,e6461cdd6fb745abae8b04259f0964c3efe8d04e6d233bd35cf2fabdeb93fb0d,2026-07-21,256,47308120208,21.235,,
climb,손얼음덩어리,e6461cdd6fb745abae8b04259f0964c3efe8d04e6d233bd35cf2fabdeb93fb0d,2026-07-22,256,47308120208,21.235,,
climb,메샤샤샤,8e32c31f8a0ac378b515db2c2ae23f79,2026-06-18,256,127770133021,57.351,387529,
climb,메샤샤샤,8e32c31f8a0ac378b515db2c2ae23f79,2026-06-19,256,154766937373,69.469,,
climb,메샤샤샤,8e32c31f8a0ac378b515db2c2ae23f79,2026-06-20,256,199863491545,89.711,,
climb,메샤샤샤,8e32c31f8a0ac378b515db2c2ae23f79,2026-06-21,257,32958811553,14.363,,
climb,메샤샤샤,8e32c31f8a0ac378b515db2c2ae23f79,2026-06-22,257,88840201050,38.715,,
climb,메샤샤샤,8e32c31f8a0ac378b515db2c2ae23f79,2026-06-23,257,144721590547,63.068,,
climb,메샤샤샤,8e32c31f8a0ac378b515db2c2ae23f79,2026-06-24,257,200602980044,87.420,,
climb,메샤샤샤,8e32c31f8a0ac378b515db2c2ae23f79,2026-06-25,258,11048606684,4.675,,
climb,메샤샤샤,8e32c31f8a0ac378b515db2c2ae23f79,2026-06-26,258,50963884897,21.563,331993,
climb,메샤샤샤,8e32c31f8a0ac378b515db2c2ae23f79,2026-06-27,258,90879163110,38.450,,
climb,메샤샤샤,8e32c31f8a0ac378b515db2c2ae23f79,2026-06-28,258,130794441323,55.338,,
climb,메샤샤샤,8e32c31f8a0ac378b515db2c2ae23f79,2026-06-29,258,141020183003,59.665,,
climb,메샤샤샤,8e32c31f8a0ac378b515db2c2ae23f79,2026-06-30,258,151245924683,63.991,,
climb,메샤샤샤,8e32c31f8a0ac378b515db2c2ae23f79,2026-07-01,258,161471666363,68.318,,
climb,메샤샤샤,8e32c31f8a0ac378b515db2c2ae23f79,2026-07-02,258,171697408043,72.644,,
climb,메샤샤샤,8e32c31f8a0ac378b515db2c2ae23f79,2026-07-03,258,181923149723,76.971,,
climb,메샤샤샤,8e32c31f8a0ac378b515db2c2ae23f79,2026-07-04,258,204383189161,86.473,367224,
climb,메샤샤샤,8e32c31f8a0ac378b515db2c2ae23f79,2026-07-05,258,217798029091,92.149,,
climb,메샤샤샤,8e32c31f8a0ac378b515db2c2ae23f79,2026-07-06,258,228023770771,96.476,,
climb,메샤샤샤,8e32c31f8a0ac378b515db2c2ae23f79,2026-07-07,259,1895771331,0.779,,
climb,메샤샤샤,8e32c31f8a0ac378b515db2c2ae23f79,2026-07-08,259,12121513011,4.979,,
climb,메샤샤샤,8e32c31f8a0ac378b515db2c2ae23f79,2026-07-09,259,26437551363,10.860,,
climb,메샤샤샤,8e32c31f8a0ac378b515db2c2ae23f79,2026-07-10,259,26437551363,10.860,,
climb,메샤샤샤,8e32c31f8a0ac378b515db2c2ae23f79,2026-07-11,259,26437551363,10.860,,
climb,메샤샤샤,8e32c31f8a0ac378b515db2c2ae23f79,2026-07-12,259,26437551363,10.860,379652,
climb,메샤샤샤,8e32c31f8a0ac378b515db2c2ae23f79,2026-07-13,259,26437551363,10.860,,
climb,메샤샤샤,8e32c31f8a0ac378b515db2c2ae23f79,2026-07-14,259,26437551363,10.860,,
climb,메샤샤샤,8e32c31f8a0ac378b515db2c2ae23f79,2026-07-15,259,40753589715,16.740,,
climb,메샤샤샤,8e32c31f8a0ac378b515db2c2ae23f79,2026-07-16,259,55069628067,22.621,,
climb,메샤샤샤,8e32c31f8a0ac378b515db2c2ae23f79,2026-07-17,259,93823000704,38.540,,
climb,메샤샤샤,8e32c31f8a0ac378b515db2c2ae23f79,2026-07-18,259,108139039056,44.420,,
climb,메샤샤샤,8e32c31f8a0ac378b515db2c2ae23f79,2026-07-19,259,122455077408,50.301,,
climb,메샤샤샤,8e32c31f8a0ac378b515db2c2ae23f79,2026-07-20,259,136771115760,56.182,379652,
climb,메샤샤샤,8e32c31f8a0ac378b515db2c2ae23f79,2026-07-21,259,151087154112,62.062,,
climb,메샤샤샤,8e32c31f8a0ac378b515db2c2ae23f79,2026-07-22,259,165403192464,67.943,,
climb,섹윈녀,6d8dd0b576114c242d3db2389f652b0b,2026-06-18,256,106968774264,48.014,1585945,
climb,섹윈녀,6d8dd0b576114c242d3db2389f652b0b,2026-06-19,256,106968774264,48.014,,
climb,섹윈녀,6d8dd0b576114c242d3db2389f652b0b,2026-06-20,256,106968774264,48.014,,
climb,섹윈녀,6d8dd0b576114c242d3db2389f652b0b,2026-06-21,256,117194515944,52.604,,
climb,섹윈녀,6d8dd0b576114c242d3db2389f652b0b,2026-06-22,256,117194515944,52.604,,
climb,섹윈녀,6d8dd0b576114c242d3db2389f652b0b,2026-06-23,256,117194515944,52.604,,
climb,섹윈녀,6d8dd0b576114c242d3db2389f652b0b,2026-06-24,256,144875496399,65.029,,
climb,섹윈녀,6d8dd0b576114c242d3db2389f652b0b,2026-06-25,256,155101238079,69.619,,
climb,섹윈녀,6d8dd0b576114c242d3db2389f652b0b,2026-06-26,256,155101238079,69.619,1877213,
climb,섹윈녀,6d8dd0b576114c242d3db2389f652b0b,2026-06-27,256,165326979759,74.209,,
climb,섹윈녀,6d8dd0b576114c242d3db2389f652b0b,2026-06-28,256,175552721439,78.799,,
climb,섹윈녀,6d8dd0b576114c242d3db2389f652b0b,2026-06-29,256,187823611455,84.307,,
climb,섹윈녀,6d8dd0b576114c242d3db2389f652b0b,2026-06-30,256,200094501471,89.815,,
climb,섹윈녀,6d8dd0b576114c242d3db2389f652b0b,2026-07-01,256,212365391487,95.323,,
climb,섹윈녀,6d8dd0b576114c242d3db2389f652b0b,2026-07-02,257,1850212014,0.806,,
climb,섹윈녀,6d8dd0b576114c242d3db2389f652b0b,2026-07-03,257,1850212014,0.806,,
climb,섹윈녀,6d8dd0b576114c242d3db2389f652b0b,2026-07-04,257,1850212014,0.806,2074123,
climb,섹윈녀,6d8dd0b576114c242d3db2389f652b0b,2026-07-05,257,14121102030,6.154,,
climb,섹윈녀,6d8dd0b576114c242d3db2389f652b0b,2026-07-06,257,26391992046,11.501,,
climb,섹윈녀,6d8dd0b576114c242d3db2389f652b0b,2026-07-07,257,38662882062,16.849,,
climb,섹윈녀,6d8dd0b576114c242d3db2389f652b0b,2026-07-08,257,38662882062,16.849,,
climb,섹윈녀,6d8dd0b576114c242d3db2389f652b0b,2026-07-09,257,50933772078,22.196,,
climb,섹윈녀,6d8dd0b576114c242d3db2389f652b0b,2026-07-10,257,63204662094,27.544,,
climb,섹윈녀,6d8dd0b576114c242d3db2389f652b0b,2026-07-11,257,75475552110,32.891,,
climb,섹윈녀,6d8dd0b576114c242d3db2389f652b0b,2026-07-12,257,87746442126,38.239,2139760,
climb,섹윈녀,6d8dd0b576114c242d3db2389f652b0b,2026-07-13,257,100017332142,43.586,,
climb,섹윈녀,6d8dd0b576114c242d3db2389f652b0b,2026-07-14,257,112288222158,48.934,,
climb,섹윈녀,6d8dd0b576114c242d3db2389f652b0b,2026-07-15,257,112288222158,48.934,,
climb,섹윈녀,6d8dd0b576114c242d3db2389f652b0b,2026-07-16,257,124559112174,54.281,,
climb,섹윈녀,6d8dd0b576114c242d3db2389f652b0b,2026-07-17,257,136830002190,59.629,,
climb,섹윈녀,6d8dd0b576114c242d3db2389f652b0b,2026-07-18,257,149100892206,64.976,,
climb,섹윈녀,6d8dd0b576114c242d3db2389f652b0b,2026-07-19,257,172086714364,74.993,,
climb,섹윈녀,6d8dd0b576114c242d3db2389f652b0b,2026-07-20,257,184357604380,80.341,2139760,
climb,섹윈녀,6d8dd0b576114c242d3db2389f652b0b,2026-07-21,257,184357604380,80.341,,
climb,섹윈녀,6d8dd0b576114c242d3db2389f652b0b,2026-07-22,257,196628494396,85.688,,
climb,하몽마이쩡,b060b95f774aef34194362823744bb1b,2026-06-18,256,74662291163,33.513,1737409,
climb,하몽마이쩡,b060b95f774aef34194362823744bb1b,2026-06-19,256,74662291163,33.513,,
climb,하몽마이쩡,b060b95f774aef34194362823744bb1b,2026-06-20,256,74662291163,33.513,,
climb,하몽마이쩡,b060b95f774aef34194362823744bb1b,2026-06-21,258,148238535795,62.719,,
climb,하몽마이쩡,b060b95f774aef34194362823744bb1b,2026-06-22,258,148238535795,62.719,,
climb,하몽마이쩡,b060b95f774aef34194362823744bb1b,2026-06-23,258,148238535795,62.719,,
climb,하몽마이쩡,b060b95f774aef34194362823744bb1b,2026-06-24,258,148238535795,62.719,,
climb,하몽마이쩡,b060b95f774aef34194362823744bb1b,2026-06-25,258,148238535795,62.719,,
climb,하몽마이쩡,b060b95f774aef34194362823744bb1b,2026-06-26,258,148238535795,62.719,1848024,
climb,하몽마이쩡,b060b95f774aef34194362823744bb1b,2026-06-27,258,148238535795,62.719,,
climb,하몽마이쩡,b060b95f774aef34194362823744bb1b,2026-06-28,258,148238535795,62.719,,
climb,하몽마이쩡,b060b95f774aef34194362823744bb1b,2026-06-29,258,148238535795,62.719,,
climb,하몽마이쩡,b060b95f774aef34194362823744bb1b,2026-06-30,258,148238535795,62.719,,
climb,하몽마이쩡,b060b95f774aef34194362823744bb1b,2026-07-01,258,148238535795,62.719,,
climb,하몽마이쩡,b060b95f774aef34194362823744bb1b,2026-07-02,258,148238535795,62.719,,
climb,하몽마이쩡,b060b95f774aef34194362823744bb1b,2026-07-03,258,148238535795,62.719,,
climb,하몽마이쩡,b060b95f774aef34194362823744bb1b,2026-07-04,258,148238535795,62.719,1589054,
climb,하몽마이쩡,b060b95f774aef34194362823744bb1b,2026-07-05,258,148238535795,62.719,,
climb,하몽마이쩡,b060b95f774aef34194362823744bb1b,2026-07-06,258,148238535795,62.719,,
climb,하몽마이쩡,b060b95f774aef34194362823744bb1b,2026-07-07,258,148238535795,62.719,,
climb,하몽마이쩡,b060b95f774aef34194362823744bb1b,2026-07-08,258,148238535795,62.719,,
climb,하몽마이쩡,b060b95f774aef34194362823744bb1b,2026-07-09,258,148238535795,62.719,,
climb,하몽마이쩡,b060b95f774aef34194362823744bb1b,2026-07-10,258,148238535795,62.719,,
climb,하몽마이쩡,b060b95f774aef34194362823744bb1b,2026-07-11,258,148238535795,62.719,,
climb,하몽마이쩡,b060b95f774aef34194362823744bb1b,2026-07-12,258,148238535795,62.719,1589054,
climb,하몽마이쩡,b060b95f774aef34194362823744bb1b,2026-07-13,258,148238535795,62.719,,
climb,하몽마이쩡,b060b95f774aef34194362823744bb1b,2026-07-14,258,148238535795,62.719,,
climb,하몽마이쩡,b060b95f774aef34194362823744bb1b,2026-07-15,258,148238535795,62.719,,
climb,하몽마이쩡,b060b95f774aef34194362823744bb1b,2026-07-16,258,148238535795,62.719,,
climb,하몽마이쩡,b060b95f774aef34194362823744bb1b,2026-07-17,258,148238535795,62.719,,
climb,하몽마이쩡,b060b95f774aef34194362823744bb1b,2026-07-18,258,148238535795,62.719,,
climb,하몽마이쩡,b060b95f774aef34194362823744bb1b,2026-07-19,260,46367586142,2.677,,
climb,하몽마이쩡,b060b95f774aef34194362823744bb1b,2026-07-20,260,46367586142,2.677,1891369,
climb,하몽마이쩡,b060b95f774aef34194362823744bb1b,2026-07-21,260,46367586142,2.677,,
climb,하몽마이쩡,b060b95f774aef34194362823744bb1b,2026-07-22,260,46367586142,2.677,,
climb,져좁,83123ad991de718d8389fb9363046140,2026-06-18,256,135689775761,60.906,7829821,
climb,져좁,83123ad991de718d8389fb9363046140,2026-06-19,256,196229442020,88.080,,
climb,져좁,83123ad991de718d8389fb9363046140,2026-06-20,257,21005969589,9.154,,
climb,져좁,83123ad991de718d8389fb9363046140,2026-06-21,257,21005969589,9.154,,
climb,져좁,83123ad991de718d8389fb9363046140,2026-06-22,257,70068604352,30.535,,
climb,져좁,83123ad991de718d8389fb9363046140,2026-06-23,257,119335528828,52.005,,
climb,져좁,83123ad991de718d8389fb9363046140,2026-06-24,257,167573231750,73.026,,
climb,져좁,83123ad991de718d8389fb9363046140,2026-06-25,257,202809039892,88.382,,
climb,져좁,83123ad991de718d8389fb9363046140,2026-06-26,258,8818796204,3.731,7558961,
climb,져좁,83123ad991de718d8389fb9363046140,2026-06-27,258,45106010871,19.084,,
climb,져좁,83123ad991de718d8389fb9363046140,2026-06-28,258,79072245354,33.455,,
climb,져좁,83123ad991de718d8389fb9363046140,2026-06-29,258,115729288521,48.964,,
climb,져좁,83123ad991de718d8389fb9363046140,2026-06-30,258,150620348622,63.727,,
climb,져좁,83123ad991de718d8389fb9363046140,2026-07-01,258,184636145951,78.119,,
climb,져좁,83123ad991de718d8389fb9363046140,2026-07-02,258,221072638435,93.535,,
climb,져좁,83123ad991de718d8389fb9363046140,2026-07-03,258,221072638435,93.535,,
climb,져좁,83123ad991de718d8389fb9363046140,2026-07-04,258,221072638435,93.535,7241358,
climb,져좁,83123ad991de718d8389fb9363046140,2026-07-05,258,221072638435,93.535,,
climb,져좁,83123ad991de718d8389fb9363046140,2026-07-06,259,19865358798,8.160,,
climb,져좁,83123ad991de718d8389fb9363046140,2026-07-07,259,54324990806,22.315,,
climb,져좁,83123ad991de718d8389fb9363046140,2026-07-08,259,89794835421,36.885,,
climb,져좁,83123ad991de718d8389fb9363046140,2026-07-09,259,135127536958,55.507,,
climb,져좁,83123ad991de718d8389fb9363046140,2026-07-10,259,180569403782,74.173,,
climb,져좁,83123ad991de718d8389fb9363046140,2026-07-11,259,224360684250,92.161,,
climb,져좁,83123ad991de718d8389fb9363046140,2026-07-12,260,25530196409,1.474,7510267,
climb,져좁,83123ad991de718d8389fb9363046140,2026-07-13,260,25530196409,1.474,,
climb,져좁,83123ad991de718d8389fb9363046140,2026-07-14,260,489296768551,28.252,,
climb,져좁,83123ad991de718d8389fb9363046140,2026-07-15,260,489296768551,28.252,,
climb,져좁,83123ad991de718d8389fb9363046140,2026-07-16,260,489296768551,28.252,,
climb,져좁,83123ad991de718d8389fb9363046140,2026-07-17,260,489296768551,28.252,,
climb,져좁,83123ad991de718d8389fb9363046140,2026-07-18,260,489296768551,28.252,,
climb,져좁,83123ad991de718d8389fb9363046140,2026-07-19,260,489296768551,28.252,,
climb,져좁,83123ad991de718d8389fb9363046140,2026-07-20,260,489296768551,28.252,5226081,
climb,져좁,83123ad991de718d8389fb9363046140,2026-07-21,260,489296768551,28.252,,
climb,져좁,83123ad991de718d8389fb9363046140,2026-07-22,260,489296768551,28.252,,
climb,지디윈브,c364d519dbb06fb17e6365e131719664,2026-06-18,256,95889511531,43.041,1635281,
climb,지디윈브,c364d519dbb06fb17e6365e131719664,2026-06-19,256,95889511531,43.041,,
climb,지디윈브,c364d519dbb06fb17e6365e131719664,2026-06-20,256,95889511531,43.041,,
climb,지디윈브,c364d519dbb06fb17e6365e131719664,2026-06-21,256,95889511531,43.041,,
climb,지디윈브,c364d519dbb06fb17e6365e131719664,2026-06-22,256,95889511531,43.041,,
climb,지디윈브,c364d519dbb06fb17e6365e131719664,2026-06-23,256,95889511531,43.041,,
climb,지디윈브,c364d519dbb06fb17e6365e131719664,2026-06-24,256,95889511531,43.041,,
climb,지디윈브,c364d519dbb06fb17e6365e131719664,2026-06-25,256,95889511531,43.041,,
climb,지디윈브,c364d519dbb06fb17e6365e131719664,2026-06-26,256,95889511531,43.041,1635281,
climb,지디윈브,c364d519dbb06fb17e6365e131719664,2026-06-27,256,95889511531,43.041,,
climb,지디윈브,c364d519dbb06fb17e6365e131719664,2026-06-28,256,95889511531,43.041,,
climb,지디윈브,c364d519dbb06fb17e6365e131719664,2026-06-29,256,95889511531,43.041,,
climb,지디윈브,c364d519dbb06fb17e6365e131719664,2026-06-30,256,95971603203,43.078,,
climb,지디윈브,c364d519dbb06fb17e6365e131719664,2026-07-01,256,95973237437,43.079,,
climb,지디윈브,c364d519dbb06fb17e6365e131719664,2026-07-02,256,95973237437,43.079,,
climb,지디윈브,c364d519dbb06fb17e6365e131719664,2026-07-03,256,95973237437,43.079,,
climb,지디윈브,c364d519dbb06fb17e6365e131719664,2026-07-04,256,95973237437,43.079,1852811,
climb,지디윈브,c364d519dbb06fb17e6365e131719664,2026-07-05,256,95973237437,43.079,,
climb,지디윈브,c364d519dbb06fb17e6365e131719664,2026-07-06,256,95973237437,43.079,,
climb,지디윈브,c364d519dbb06fb17e6365e131719664,2026-07-07,256,95973237437,43.079,,
climb,지디윈브,c364d519dbb06fb17e6365e131719664,2026-07-08,256,95973237437,43.079,,
climb,지디윈브,c364d519dbb06fb17e6365e131719664,2026-07-09,256,95973237437,43.079,,
climb,지디윈브,c364d519dbb06fb17e6365e131719664,2026-07-10,256,95973237437,43.079,,
climb,지디윈브,c364d519dbb06fb17e6365e131719664,2026-07-11,256,95973237437,43.079,,
climb,지디윈브,c364d519dbb06fb17e6365e131719664,2026-07-12,256,95973237437,43.079,1852811,
climb,지디윈브,c364d519dbb06fb17e6365e131719664,2026-07-13,256,95973237437,43.079,,
climb,지디윈브,c364d519dbb06fb17e6365e131719664,2026-07-14,256,95973237437,43.079,,
climb,지디윈브,c364d519dbb06fb17e6365e131719664,2026-07-15,256,95973237437,43.079,,
climb,지디윈브,c364d519dbb06fb17e6365e131719664,2026-07-16,256,95973237437,43.079,,
climb,지디윈브,c364d519dbb06fb17e6365e131719664,2026-07-17,256,95973237437,43.079,,
climb,지디윈브,c364d519dbb06fb17e6365e131719664,2026-07-18,256,95973237437,43.079,,
climb,지디윈브,c364d519dbb06fb17e6365e131719664,2026-07-19,256,95973237437,43.079,,
climb,지디윈브,c364d519dbb06fb17e6365e131719664,2026-07-20,256,95973237437,43.079,1852811,
climb,지디윈브,c364d519dbb06fb17e6365e131719664,2026-07-21,256,95973237437,43.079,,
climb,지디윈브,c364d519dbb06fb17e6365e131719664,2026-07-22,256,95973237437,43.079,,
climb,랄라유야,b98d45ac41b1cdc2a923fe7b392c85e1,2026-06-18,256,55060663940,24.715,6330487,
climb,랄라유야,b98d45ac41b1cdc2a923fe7b392c85e1,2026-06-19,256,55060663940,24.715,,
climb,랄라유야,b98d45ac41b1cdc2a923fe7b392c85e1,2026-06-20,256,55060663940,24.715,,
climb,랄라유야,b98d45ac41b1cdc2a923fe7b392c85e1,2026-06-21,256,55060663940,24.715,,
climb,랄라유야,b98d45ac41b1cdc2a923fe7b392c85e1,2026-06-22,256,55060663940,24.715,,
climb,랄라유야,b98d45ac41b1cdc2a923fe7b392c85e1,2026-06-23,256,55060663940,24.715,,
climb,랄라유야,b98d45ac41b1cdc2a923fe7b392c85e1,2026-06-24,256,55060663940,24.715,,
climb,랄라유야,b98d45ac41b1cdc2a923fe7b392c85e1,2026-06-25,256,55060663940,24.715,,
climb,랄라유야,b98d45ac41b1cdc2a923fe7b392c85e1,2026-06-26,256,55060663940,24.715,6330487,
climb,랄라유야,b98d45ac41b1cdc2a923fe7b392c85e1,2026-06-27,256,55060663940,24.715,,
climb,랄라유야,b98d45ac41b1cdc2a923fe7b392c85e1,2026-06-28,256,55060663940,24.715,,
climb,랄라유야,b98d45ac41b1cdc2a923fe7b392c85e1,2026-06-29,256,55060663940,24.715,,
climb,랄라유야,b98d45ac41b1cdc2a923fe7b392c85e1,2026-06-30,256,55060663940,24.715,,
climb,랄라유야,b98d45ac41b1cdc2a923fe7b392c85e1,2026-07-01,256,55060663940,24.715,,
climb,랄라유야,b98d45ac41b1cdc2a923fe7b392c85e1,2026-07-02,256,55060663940,24.715,,
climb,랄라유야,b98d45ac41b1cdc2a923fe7b392c85e1,2026-07-03,256,55060663940,24.715,,
climb,랄라유야,b98d45ac41b1cdc2a923fe7b392c85e1,2026-07-04,256,55060663940,24.715,6330487,
climb,랄라유야,b98d45ac41b1cdc2a923fe7b392c85e1,2026-07-05,256,55060663940,24.715,,
climb,랄라유야,b98d45ac41b1cdc2a923fe7b392c85e1,2026-07-06,256,55060663940,24.715,,
climb,랄라유야,b98d45ac41b1cdc2a923fe7b392c85e1,2026-07-07,256,55060663940,24.715,,
climb,랄라유야,b98d45ac41b1cdc2a923fe7b392c85e1,2026-07-08,256,55060663940,24.715,,
climb,랄라유야,b98d45ac41b1cdc2a923fe7b392c85e1,2026-07-09,256,55060663940,24.715,,
climb,랄라유야,b98d45ac41b1cdc2a923fe7b392c85e1,2026-07-10,256,55060663940,24.715,,
climb,랄라유야,b98d45ac41b1cdc2a923fe7b392c85e1,2026-07-11,256,55060663940,24.715,,
climb,랄라유야,b98d45ac41b1cdc2a923fe7b392c85e1,2026-07-12,256,55060663940,24.715,6330487,
climb,랄라유야,b98d45ac41b1cdc2a923fe7b392c85e1,2026-07-13,256,55060663940,24.715,,
climb,랄라유야,b98d45ac41b1cdc2a923fe7b392c85e1,2026-07-14,256,55060663940,24.715,,
climb,랄라유야,b98d45ac41b1cdc2a923fe7b392c85e1,2026-07-15,256,55060663940,24.715,,
climb,랄라유야,b98d45ac41b1cdc2a923fe7b392c85e1,2026-07-16,256,55060663940,24.715,,
climb,랄라유야,b98d45ac41b1cdc2a923fe7b392c85e1,2026-07-17,256,55060663940,24.715,,
climb,랄라유야,b98d45ac41b1cdc2a923fe7b392c85e1,2026-07-18,256,55060663940,24.715,,
climb,랄라유야,b98d45ac41b1cdc2a923fe7b392c85e1,2026-07-19,256,55060663940,24.715,,
climb,랄라유야,b98d45ac41b1cdc2a923fe7b392c85e1,2026-07-20,256,55060663940,24.715,6330487,
climb,랄라유야,b98d45ac41b1cdc2a923fe7b392c85e1,2026-07-21,256,55060663940,24.715,,
climb,랄라유야,b98d45ac41b1cdc2a923fe7b392c85e1,2026-07-22,256,55060663940,24.715,,
climb,곰타로보마,0e62f9864e0b18394c28256438c47a5b,2026-06-18,256,46971784920,21.084,4624100,
climb,곰타로보마,0e62f9864e0b18394c28256438c47a5b,2026-06-19,256,46971784920,21.084,,
climb,곰타로보마,0e62f9864e0b18394c28256438c47a5b,2026-06-20,256,46971784920,21.084,,
climb,곰타로보마,0e62f9864e0b18394c28256438c47a5b,2026-06-21,256,46971784920,21.084,,
climb,곰타로보마,0e62f9864e0b18394c28256438c47a5b,2026-06-22,256,46971784920,21.084,,
climb,곰타로보마,0e62f9864e0b18394c28256438c47a5b,2026-06-23,256,46971784920,21.084,,
climb,곰타로보마,0e62f9864e0b18394c28256438c47a5b,2026-06-24,256,46971784920,21.084,,
climb,곰타로보마,0e62f9864e0b18394c28256438c47a5b,2026-06-25,256,46971784920,21.084,,
climb,곰타로보마,0e62f9864e0b18394c28256438c47a5b,2026-06-26,256,46971784920,21.084,4624100,
climb,곰타로보마,0e62f9864e0b18394c28256438c47a5b,2026-06-27,256,46971784920,21.084,,
climb,곰타로보마,0e62f9864e0b18394c28256438c47a5b,2026-06-28,256,46971784920,21.084,,
climb,곰타로보마,0e62f9864e0b18394c28256438c47a5b,2026-06-29,256,46971784920,21.084,,
climb,곰타로보마,0e62f9864e0b18394c28256438c47a5b,2026-06-30,256,46971784920,21.084,,
climb,곰타로보마,0e62f9864e0b18394c28256438c47a5b,2026-07-01,256,46971784920,21.084,,
climb,곰타로보마,0e62f9864e0b18394c28256438c47a5b,2026-07-02,256,46971784920,21.084,,
climb,곰타로보마,0e62f9864e0b18394c28256438c47a5b,2026-07-03,256,46971784920,21.084,,
climb,곰타로보마,0e62f9864e0b18394c28256438c47a5b,2026-07-04,256,46971784920,21.084,4624100,
climb,곰타로보마,0e62f9864e0b18394c28256438c47a5b,2026-07-05,256,46971784920,21.084,,
climb,곰타로보마,0e62f9864e0b18394c28256438c47a5b,2026-07-06,256,46971784920,21.084,,
climb,곰타로보마,0e62f9864e0b18394c28256438c47a5b,2026-07-07,256,46971784920,21.084,,
climb,곰타로보마,0e62f9864e0b18394c28256438c47a5b,2026-07-08,256,46971784920,21.084,,
climb,곰타로보마,0e62f9864e0b18394c28256438c47a5b,2026-07-09,256,46971784920,21.084,,
climb,곰타로보마,0e62f9864e0b18394c28256438c47a5b,2026-07-10,256,46971784920,21.084,,
climb,곰타로보마,0e62f9864e0b18394c28256438c47a5b,2026-07-11,256,46971784920,21.084,,
climb,곰타로보마,0e62f9864e0b18394c28256438c47a5b,2026-07-12,256,46971784920,21.084,4624100,
climb,곰타로보마,0e62f9864e0b18394c28256438c47a5b,2026-07-13,256,46971784920,21.084,,
climb,곰타로보마,0e62f9864e0b18394c28256438c47a5b,2026-07-14,256,46971784920,21.084,,
climb,곰타로보마,0e62f9864e0b18394c28256438c47a5b,2026-07-15,256,46971784920,21.084,,
climb,곰타로보마,0e62f9864e0b18394c28256438c47a5b,2026-07-16,256,46971784920,21.084,,
climb,곰타로보마,0e62f9864e0b18394c28256438c47a5b,2026-07-17,256,46971784920,21.084,,
climb,곰타로보마,0e62f9864e0b18394c28256438c47a5b,2026-07-18,256,46971784920,21.084,,
climb,곰타로보마,0e62f9864e0b18394c28256438c47a5b,2026-07-19,256,46971784920,21.084,,
climb,곰타로보마,0e62f9864e0b18394c28256438c47a5b,2026-07-20,256,46971784920,21.084,4624100,
climb,곰타로보마,0e62f9864e0b18394c28256438c47a5b,2026-07-21,256,46971784920,21.084,,
climb,곰타로보마,0e62f9864e0b18394c28256438c47a5b,2026-07-22,256,46971784920,21.084,,
climb,UN2211,733e6ac982cccbc09f34c4c08ca4f902,2026-06-18,256,132061278946,59.277,1546468,
climb,UN2211,733e6ac982cccbc09f34c4c08ca4f902,2026-06-19,256,178039445913,79.915,,
climb,UN2211,733e6ac982cccbc09f34c4c08ca4f902,2026-06-20,256,178039445913,79.915,,
climb,UN2211,733e6ac982cccbc09f34c4c08ca4f902,2026-06-21,256,178039445913,79.915,,
climb,UN2211,733e6ac982cccbc09f34c4c08ca4f902,2026-06-22,256,178039445913,79.915,,
climb,UN2211,733e6ac982cccbc09f34c4c08ca4f902,2026-06-23,256,178039445913,79.915,,
climb,UN2211,733e6ac982cccbc09f34c4c08ca4f902,2026-06-24,256,178039445913,79.915,,
climb,UN2211,733e6ac982cccbc09f34c4c08ca4f902,2026-06-25,256,178039445913,79.915,,
climb,UN2211,733e6ac982cccbc09f34c4c08ca4f902,2026-06-26,256,178039445913,79.915,2054924,
climb,UN2211,733e6ac982cccbc09f34c4c08ca4f902,2026-06-27,256,178039445913,79.915,,
climb,UN2211,733e6ac982cccbc09f34c4c08ca4f902,2026-06-28,256,178039445913,79.915,,
climb,UN2211,733e6ac982cccbc09f34c4c08ca4f902,2026-06-29,256,178039445913,79.915,,
climb,UN2211,733e6ac982cccbc09f34c4c08ca4f902,2026-06-30,256,178039445913,79.915,,
climb,UN2211,733e6ac982cccbc09f34c4c08ca4f902,2026-07-01,256,178039445913,79.915,,
climb,UN2211,733e6ac982cccbc09f34c4c08ca4f902,2026-07-02,256,178039445913,79.915,,
climb,UN2211,733e6ac982cccbc09f34c4c08ca4f902,2026-07-03,256,178039445913,79.915,,
climb,UN2211,733e6ac982cccbc09f34c4c08ca4f902,2026-07-04,256,178039445913,79.915,2054924,
climb,UN2211,733e6ac982cccbc09f34c4c08ca4f902,2026-07-05,256,178039445913,79.915,,
climb,UN2211,733e6ac982cccbc09f34c4c08ca4f902,2026-07-06,256,178039445913,79.915,,
climb,UN2211,733e6ac982cccbc09f34c4c08ca4f902,2026-07-07,256,178039445913,79.915,,
climb,UN2211,733e6ac982cccbc09f34c4c08ca4f902,2026-07-08,256,178039445913,79.915,,
climb,UN2211,733e6ac982cccbc09f34c4c08ca4f902,2026-07-09,256,178039445913,79.915,,
climb,UN2211,733e6ac982cccbc09f34c4c08ca4f902,2026-07-10,256,178039445913,79.915,,
climb,UN2211,733e6ac982cccbc09f34c4c08ca4f902,2026-07-11,256,178039445913,79.915,,
climb,UN2211,733e6ac982cccbc09f34c4c08ca4f902,2026-07-12,256,178039445913,79.915,2054924,
climb,UN2211,733e6ac982cccbc09f34c4c08ca4f902,2026-07-13,256,178039445913,79.915,,
climb,UN2211,733e6ac982cccbc09f34c4c08ca4f902,2026-07-14,256,178039445913,79.915,,
climb,UN2211,733e6ac982cccbc09f34c4c08ca4f902,2026-07-15,256,178039445913,79.915,,
climb,UN2211,733e6ac982cccbc09f34c4c08ca4f902,2026-07-16,256,178039445913,79.915,,
climb,UN2211,733e6ac982cccbc09f34c4c08ca4f902,2026-07-17,256,178039445913,79.915,,
climb,UN2211,733e6ac982cccbc09f34c4c08ca4f902,2026-07-18,256,178039445913,79.915,,
climb,UN2211,733e6ac982cccbc09f34c4c08ca4f902,2026-07-19,256,178039445913,79.915,,
climb,UN2211,733e6ac982cccbc09f34c4c08ca4f902,2026-07-20,256,178039445913,79.915,2054924,
climb,UN2211,733e6ac982cccbc09f34c4c08ca4f902,2026-07-21,256,178039445913,79.915,,
climb,UN2211,733e6ac982cccbc09f34c4c08ca4f902,2026-07-22,256,178039445913,79.915,,
climb,치튜,f531d86fb49d959304be18f9858acef3,2026-06-18,256,57318381039,25.728,631456,
climb,치튜,f531d86fb49d959304be18f9858acef3,2026-06-19,256,57318381039,25.728,,
climb,치튜,f531d86fb49d959304be18f9858acef3,2026-06-20,256,57318381039,25.728,,
climb,치튜,f531d86fb49d959304be18f9858acef3,2026-06-21,256,57318381039,25.728,,
climb,치튜,f531d86fb49d959304be18f9858acef3,2026-06-22,256,57318381039,25.728,,
climb,치튜,f531d86fb49d959304be18f9858acef3,2026-06-23,256,57318381039,25.728,,
climb,치튜,f531d86fb49d959304be18f9858acef3,2026-06-24,256,57318381039,25.728,,
climb,치튜,f531d86fb49d959304be18f9858acef3,2026-06-25,256,57318381039,25.728,,
climb,치튜,f531d86fb49d959304be18f9858acef3,2026-06-26,256,57318381039,25.728,631456,
climb,치튜,f531d86fb49d959304be18f9858acef3,2026-06-27,256,57318381039,25.728,,
climb,치튜,f531d86fb49d959304be18f9858acef3,2026-06-28,256,57318381039,25.728,,
climb,치튜,f531d86fb49d959304be18f9858acef3,2026-06-29,256,57318381039,25.728,,
climb,치튜,f531d86fb49d959304be18f9858acef3,2026-06-30,256,57318381039,25.728,,
climb,치튜,f531d86fb49d959304be18f9858acef3,2026-07-01,256,57318381039,25.728,,
climb,치튜,f531d86fb49d959304be18f9858acef3,2026-07-02,256,57318381039,25.728,,
climb,치튜,f531d86fb49d959304be18f9858acef3,2026-07-03,256,57318381039,25.728,,
climb,치튜,f531d86fb49d959304be18f9858acef3,2026-07-04,256,57318381039,25.728,425312,
climb,치튜,f531d86fb49d959304be18f9858acef3,2026-07-05,256,57318381039,25.728,,
climb,치튜,f531d86fb49d959304be18f9858acef3,2026-07-06,256,57318381039,25.728,,
climb,치튜,f531d86fb49d959304be18f9858acef3,2026-07-07,256,57318381039,25.728,,
climb,치튜,f531d86fb49d959304be18f9858acef3,2026-07-08,256,57318381039,25.728,,
climb,치튜,f531d86fb49d959304be18f9858acef3,2026-07-09,256,57318381039,25.728,,
climb,치튜,f531d86fb49d959304be18f9858acef3,2026-07-10,256,57318381039,25.728,,
climb,치튜,f531d86fb49d959304be18f9858acef3,2026-07-11,256,57318381039,25.728,,
climb,치튜,f531d86fb49d959304be18f9858acef3,2026-07-12,256,57318381039,25.728,425312,
climb,치튜,f531d86fb49d959304be18f9858acef3,2026-07-13,256,57318381039,25.728,,
climb,치튜,f531d86fb49d959304be18f9858acef3,2026-07-14,256,57318381039,25.728,,
climb,치튜,f531d86fb49d959304be18f9858acef3,2026-07-15,256,57318381039,25.728,,
climb,치튜,f531d86fb49d959304be18f9858acef3,2026-07-16,256,57318381039,25.728,,
climb,치튜,f531d86fb49d959304be18f9858acef3,2026-07-17,256,57318381039,25.728,,
climb,치튜,f531d86fb49d959304be18f9858acef3,2026-07-18,256,57318381039,25.728,,
climb,치튜,f531d86fb49d959304be18f9858acef3,2026-07-19,256,57318381039,25.728,,
climb,치튜,f531d86fb49d959304be18f9858acef3,2026-07-20,256,57318381039,25.728,425312,
climb,치튜,f531d86fb49d959304be18f9858acef3,2026-07-21,256,57318381039,25.728,,
climb,치튜,f531d86fb49d959304be18f9858acef3,2026-07-22,256,57318381039,25.728,,
climb,홋카이도펭귄,81ba830e826a0b666c7618ca0cd3d3a5efe8d04e6d233bd35cf2fabdeb93fb0d,2026-06-18,256,62882202570,28.225,1815428,
climb,홋카이도펭귄,81ba830e826a0b666c7618ca0cd3d3a5efe8d04e6d233bd35cf2fabdeb93fb0d,2026-06-19,256,62882202570,28.225,,
climb,홋카이도펭귄,81ba830e826a0b666c7618ca0cd3d3a5efe8d04e6d233bd35cf2fabdeb93fb0d,2026-06-20,256,62882202570,28.225,,
climb,홋카이도펭귄,81ba830e826a0b666c7618ca0cd3d3a5efe8d04e6d233bd35cf2fabdeb93fb0d,2026-06-21,256,62882202570,28.225,,
climb,홋카이도펭귄,81ba830e826a0b666c7618ca0cd3d3a5efe8d04e6d233bd35cf2fabdeb93fb0d,2026-06-22,256,62882202570,28.225,,
climb,홋카이도펭귄,81ba830e826a0b666c7618ca0cd3d3a5efe8d04e6d233bd35cf2fabdeb93fb0d,2026-06-23,256,62882202570,28.225,,
climb,홋카이도펭귄,81ba830e826a0b666c7618ca0cd3d3a5efe8d04e6d233bd35cf2fabdeb93fb0d,2026-06-24,256,62882202570,28.225,,
climb,홋카이도펭귄,81ba830e826a0b666c7618ca0cd3d3a5efe8d04e6d233bd35cf2fabdeb93fb0d,2026-06-25,256,62882202570,28.225,,
climb,홋카이도펭귄,81ba830e826a0b666c7618ca0cd3d3a5efe8d04e6d233bd35cf2fabdeb93fb0d,2026-06-26,256,62882202570,28.225,1815428,
climb,홋카이도펭귄,81ba830e826a0b666c7618ca0cd3d3a5efe8d04e6d233bd35cf2fabdeb93fb0d,2026-06-27,256,62882202570,28.225,,
climb,홋카이도펭귄,81ba830e826a0b666c7618ca0cd3d3a5efe8d04e6d233bd35cf2fabdeb93fb0d,2026-06-28,256,62882202570,28.225,,
climb,홋카이도펭귄,81ba830e826a0b666c7618ca0cd3d3a5efe8d04e6d233bd35cf2fabdeb93fb0d,2026-06-29,256,62882202570,28.225,,
climb,홋카이도펭귄,81ba830e826a0b666c7618ca0cd3d3a5efe8d04e6d233bd35cf2fabdeb93fb0d,2026-06-30,256,62882202570,28.225,,
climb,홋카이도펭귄,81ba830e826a0b666c7618ca0cd3d3a5efe8d04e6d233bd35cf2fabdeb93fb0d,2026-07-01,256,62882202570,28.225,,
climb,홋카이도펭귄,81ba830e826a0b666c7618ca0cd3d3a5efe8d04e6d233bd35cf2fabdeb93fb0d,2026-07-02,256,62882202570,28.225,,
climb,홋카이도펭귄,81ba830e826a0b666c7618ca0cd3d3a5efe8d04e6d233bd35cf2fabdeb93fb0d,2026-07-03,256,62882202570,28.225,,
climb,홋카이도펭귄,81ba830e826a0b666c7618ca0cd3d3a5efe8d04e6d233bd35cf2fabdeb93fb0d,2026-07-04,256,62882202570,28.225,1815428,
climb,홋카이도펭귄,81ba830e826a0b666c7618ca0cd3d3a5efe8d04e6d233bd35cf2fabdeb93fb0d,2026-07-05,256,62882202570,28.225,,
climb,홋카이도펭귄,81ba830e826a0b666c7618ca0cd3d3a5efe8d04e6d233bd35cf2fabdeb93fb0d,2026-07-06,256,62882202570,28.225,,
climb,홋카이도펭귄,81ba830e826a0b666c7618ca0cd3d3a5efe8d04e6d233bd35cf2fabdeb93fb0d,2026-07-07,256,62882202570,28.225,,
climb,홋카이도펭귄,81ba830e826a0b666c7618ca0cd3d3a5efe8d04e6d233bd35cf2fabdeb93fb0d,2026-07-08,256,62882202570,28.225,,
climb,홋카이도펭귄,81ba830e826a0b666c7618ca0cd3d3a5efe8d04e6d233bd35cf2fabdeb93fb0d,2026-07-09,256,62882202570,28.225,,
climb,홋카이도펭귄,81ba830e826a0b666c7618ca0cd3d3a5efe8d04e6d233bd35cf2fabdeb93fb0d,2026-07-10,256,62882202570,28.225,,
climb,홋카이도펭귄,81ba830e826a0b666c7618ca0cd3d3a5efe8d04e6d233bd35cf2fabdeb93fb0d,2026-07-11,256,62882202570,28.225,,
climb,홋카이도펭귄,81ba830e826a0b666c7618ca0cd3d3a5efe8d04e6d233bd35cf2fabdeb93fb0d,2026-07-12,256,62882202570,28.225,1815428,
climb,홋카이도펭귄,81ba830e826a0b666c7618ca0cd3d3a5efe8d04e6d233bd35cf2fabdeb93fb0d,2026-07-13,256,62882202570,28.225,,
climb,홋카이도펭귄,81ba830e826a0b666c7618ca0cd3d3a5efe8d04e6d233bd35cf2fabdeb93fb0d,2026-07-14,256,106814311258,47.945,,
climb,홋카이도펭귄,81ba830e826a0b666c7618ca0cd3d3a5efe8d04e6d233bd35cf2fabdeb93fb0d,2026-07-15,256,106814311258,47.945,,
climb,홋카이도펭귄,81ba830e826a0b666c7618ca0cd3d3a5efe8d04e6d233bd35cf2fabdeb93fb0d,2026-07-16,256,106814311258,47.945,,
climb,홋카이도펭귄,81ba830e826a0b666c7618ca0cd3d3a5efe8d04e6d233bd35cf2fabdeb93fb0d,2026-07-17,256,106814311258,47.945,,
climb,홋카이도펭귄,81ba830e826a0b666c7618ca0cd3d3a5efe8d04e6d233bd35cf2fabdeb93fb0d,2026-07-18,256,106814311258,47.945,,
climb,홋카이도펭귄,81ba830e826a0b666c7618ca0cd3d3a5efe8d04e6d233bd35cf2fabdeb93fb0d,2026-07-19,256,106814311258,47.945,,
climb,홋카이도펭귄,81ba830e826a0b666c7618ca0cd3d3a5efe8d04e6d233bd35cf2fabdeb93fb0d,2026-07-20,256,153035935361,68.692,1708078,
climb,홋카이도펭귄,81ba830e826a0b666c7618ca0cd3d3a5efe8d04e6d233bd35cf2fabdeb93fb0d,2026-07-21,256,208209735719,93.457,,
climb,홋카이도펭귄,81ba830e826a0b666c7618ca0cd3d3a5efe8d04e6d233bd35cf2fabdeb93fb0d,2026-07-22,256,208209735719,93.457,,
climb,pesaee8,f48d2514dd4023d7a163c70f92277fd8,2026-06-18,256,38237493450,17.163,5231610,
climb,pesaee8,f48d2514dd4023d7a163c70f92277fd8,2026-06-19,256,38237493450,17.163,,
climb,pesaee8,f48d2514dd4023d7a163c70f92277fd8,2026-06-20,256,38237493450,17.163,,
climb,pesaee8,f48d2514dd4023d7a163c70f92277fd8,2026-06-21,256,38237493450,17.163,,
climb,pesaee8,f48d2514dd4023d7a163c70f92277fd8,2026-06-22,256,38237493450,17.163,,
climb,pesaee8,f48d2514dd4023d7a163c70f92277fd8,2026-06-23,256,38237493450,17.163,,
climb,pesaee8,f48d2514dd4023d7a163c70f92277fd8,2026-06-24,256,38237493450,17.163,,
climb,pesaee8,f48d2514dd4023d7a163c70f92277fd8,2026-06-25,256,38237493450,17.163,,
climb,pesaee8,f48d2514dd4023d7a163c70f92277fd8,2026-06-26,256,38237493450,17.163,5231610,
climb,pesaee8,f48d2514dd4023d7a163c70f92277fd8,2026-06-27,256,38237493450,17.163,,
climb,pesaee8,f48d2514dd4023d7a163c70f92277fd8,2026-06-28,256,38237493450,17.163,,
climb,pesaee8,f48d2514dd4023d7a163c70f92277fd8,2026-06-29,256,38237493450,17.163,,
climb,pesaee8,f48d2514dd4023d7a163c70f92277fd8,2026-06-30,256,38237493450,17.163,,
climb,pesaee8,f48d2514dd4023d7a163c70f92277fd8,2026-07-01,256,38237493450,17.163,,
climb,pesaee8,f48d2514dd4023d7a163c70f92277fd8,2026-07-02,256,38237493450,17.163,,
climb,pesaee8,f48d2514dd4023d7a163c70f92277fd8,2026-07-03,256,38237493450,17.163,,
climb,pesaee8,f48d2514dd4023d7a163c70f92277fd8,2026-07-04,256,38237493450,17.163,5231610,
climb,pesaee8,f48d2514dd4023d7a163c70f92277fd8,2026-07-05,256,38237493450,17.163,,
climb,pesaee8,f48d2514dd4023d7a163c70f92277fd8,2026-07-06,256,38237493450,17.163,,
climb,pesaee8,f48d2514dd4023d7a163c70f92277fd8,2026-07-07,256,38237493450,17.163,,
climb,pesaee8,f48d2514dd4023d7a163c70f92277fd8,2026-07-08,256,38237493450,17.163,,
climb,pesaee8,f48d2514dd4023d7a163c70f92277fd8,2026-07-09,256,38237493450,17.163,,
climb,pesaee8,f48d2514dd4023d7a163c70f92277fd8,2026-07-10,256,38237493450,17.163,,
climb,pesaee8,f48d2514dd4023d7a163c70f92277fd8,2026-07-11,256,38237493450,17.163,,
climb,pesaee8,f48d2514dd4023d7a163c70f92277fd8,2026-07-12,256,38237493450,17.163,5231610,
climb,pesaee8,f48d2514dd4023d7a163c70f92277fd8,2026-07-13,256,38237493450,17.163,,
climb,pesaee8,f48d2514dd4023d7a163c70f92277fd8,2026-07-14,256,38237493450,17.163,,
climb,pesaee8,f48d2514dd4023d7a163c70f92277fd8,2026-07-15,256,38237493450,17.163,,
climb,pesaee8,f48d2514dd4023d7a163c70f92277fd8,2026-07-16,256,38237493450,17.163,,
climb,pesaee8,f48d2514dd4023d7a163c70f92277fd8,2026-07-17,256,38237493450,17.163,,
climb,pesaee8,f48d2514dd4023d7a163c70f92277fd8,2026-07-18,256,38237493450,17.163,,
climb,pesaee8,f48d2514dd4023d7a163c70f92277fd8,2026-07-19,256,38237493450,17.163,,
climb,pesaee8,f48d2514dd4023d7a163c70f92277fd8,2026-07-20,256,38237493450,17.163,5231610,
climb,pesaee8,f48d2514dd4023d7a163c70f92277fd8,2026-07-21,256,38237493450,17.163,,
climb,pesaee8,f48d2514dd4023d7a163c70f92277fd8,2026-07-22,256,38237493450,17.163,,
climb,가뿐해윤,8a2a7342bece01ae520075eeacfd7119efe8d04e6d233bd35cf2fabdeb93fb0d,2026-06-18,256,80422625507,36.099,4785385,
climb,가뿐해윤,8a2a7342bece01ae520075eeacfd7119efe8d04e6d233bd35cf2fabdeb93fb0d,2026-06-19,256,80422625507,36.099,,
climb,가뿐해윤,8a2a7342bece01ae520075eeacfd7119efe8d04e6d233bd35cf2fabdeb93fb0d,2026-06-20,256,80422625507,36.099,,
climb,가뿐해윤,8a2a7342bece01ae520075eeacfd7119efe8d04e6d233bd35cf2fabdeb93fb0d,2026-06-21,256,80422625507,36.099,,
climb,가뿐해윤,8a2a7342bece01ae520075eeacfd7119efe8d04e6d233bd35cf2fabdeb93fb0d,2026-06-22,256,80422625507,36.099,,
climb,가뿐해윤,8a2a7342bece01ae520075eeacfd7119efe8d04e6d233bd35cf2fabdeb93fb0d,2026-06-23,256,80422625507,36.099,,
climb,가뿐해윤,8a2a7342bece01ae520075eeacfd7119efe8d04e6d233bd35cf2fabdeb93fb0d,2026-06-24,256,80422625507,36.099,,
climb,가뿐해윤,8a2a7342bece01ae520075eeacfd7119efe8d04e6d233bd35cf2fabdeb93fb0d,2026-06-25,256,80422625507,36.099,,
climb,가뿐해윤,8a2a7342bece01ae520075eeacfd7119efe8d04e6d233bd35cf2fabdeb93fb0d,2026-06-26,256,80422625507,36.099,4694316,
climb,가뿐해윤,8a2a7342bece01ae520075eeacfd7119efe8d04e6d233bd35cf2fabdeb93fb0d,2026-06-27,256,111611669901,50.098,,
climb,가뿐해윤,8a2a7342bece01ae520075eeacfd7119efe8d04e6d233bd35cf2fabdeb93fb0d,2026-06-28,256,164956941783,74.043,,
climb,가뿐해윤,8a2a7342bece01ae520075eeacfd7119efe8d04e6d233bd35cf2fabdeb93fb0d,2026-06-29,256,209748307095,94.148,,
climb,가뿐해윤,8a2a7342bece01ae520075eeacfd7119efe8d04e6d233bd35cf2fabdeb93fb0d,2026-06-30,257,31753602918,13.838,,
climb,가뿐해윤,8a2a7342bece01ae520075eeacfd7119efe8d04e6d233bd35cf2fabdeb93fb0d,2026-07-01,257,76544968230,33.357,,
climb,가뿐해윤,8a2a7342bece01ae520075eeacfd7119efe8d04e6d233bd35cf2fabdeb93fb0d,2026-07-02,257,121336333542,52.877,,
climb,가뿐해윤,8a2a7342bece01ae520075eeacfd7119efe8d04e6d233bd35cf2fabdeb93fb0d,2026-07-03,257,178569744774,77.818,,
climb,가뿐해윤,8a2a7342bece01ae520075eeacfd7119efe8d04e6d233bd35cf2fabdeb93fb0d,2026-07-04,258,6333504433,2.680,4109843,
climb,가뿐해윤,8a2a7342bece01ae520075eeacfd7119efe8d04e6d233bd35cf2fabdeb93fb0d,2026-07-05,258,6333504433,2.680,,
climb,가뿐해윤,8a2a7342bece01ae520075eeacfd7119efe8d04e6d233bd35cf2fabdeb93fb0d,2026-07-06,258,63566915665,26.895,,
climb,가뿐해윤,8a2a7342bece01ae520075eeacfd7119efe8d04e6d233bd35cf2fabdeb93fb0d,2026-07-07,258,63566915665,26.895,,
climb,가뿐해윤,8a2a7342bece01ae520075eeacfd7119efe8d04e6d233bd35cf2fabdeb93fb0d,2026-07-08,258,120800326897,51.110,,
climb,가뿐해윤,8a2a7342bece01ae520075eeacfd7119efe8d04e6d233bd35cf2fabdeb93fb0d,2026-07-09,258,178033738129,75.325,,
climb,가뿐해윤,8a2a7342bece01ae520075eeacfd7119efe8d04e6d233bd35cf2fabdeb93fb0d,2026-07-10,258,178033738129,75.325,,
climb,가뿐해윤,8a2a7342bece01ae520075eeacfd7119efe8d04e6d233bd35cf2fabdeb93fb0d,2026-07-11,258,235889251657,99.803,,
climb,가뿐해윤,8a2a7342bece01ae520075eeacfd7119efe8d04e6d233bd35cf2fabdeb93fb0d,2026-07-12,259,150706368465,61.906,4112701,
climb,가뿐해윤,8a2a7342bece01ae520075eeacfd7119efe8d04e6d233bd35cf2fabdeb93fb0d,2026-07-13,259,208561881993,85.671,,
climb,가뿐해윤,8a2a7342bece01ae520075eeacfd7119efe8d04e6d233bd35cf2fabdeb93fb0d,2026-07-14,260,483301674654,27.906,,
climb,가뿐해윤,8a2a7342bece01ae520075eeacfd7119efe8d04e6d233bd35cf2fabdeb93fb0d,2026-07-15,260,483301674654,27.906,,
climb,가뿐해윤,8a2a7342bece01ae520075eeacfd7119efe8d04e6d233bd35cf2fabdeb93fb0d,2026-07-16,260,483301674654,27.906,,
climb,가뿐해윤,8a2a7342bece01ae520075eeacfd7119efe8d04e6d233bd35cf2fabdeb93fb0d,2026-07-17,260,483301674654,27.906,,
climb,가뿐해윤,8a2a7342bece01ae520075eeacfd7119efe8d04e6d233bd35cf2fabdeb93fb0d,2026-07-18,260,483301674654,27.906,,
climb,가뿐해윤,8a2a7342bece01ae520075eeacfd7119efe8d04e6d233bd35cf2fabdeb93fb0d,2026-07-19,260,483301674654,27.906,,
climb,가뿐해윤,8a2a7342bece01ae520075eeacfd7119efe8d04e6d233bd35cf2fabdeb93fb0d,2026-07-20,260,483301674654,27.906,4236358,
climb,가뿐해윤,8a2a7342bece01ae520075eeacfd7119efe8d04e6d233bd35cf2fabdeb93fb0d,2026-07-21,260,483301674654,27.906,,
climb,가뿐해윤,8a2a7342bece01ae520075eeacfd7119efe8d04e6d233bd35cf2fabdeb93fb0d,2026-07-22,260,483301674654,27.906,,
climb,미박싸안,e8fc701e3cdf3cc074a6e850cda11f69efe8d04e6d233bd35cf2fabdeb93fb0d,2026-06-18,256,45233169107,20.303,6742,
climb,미박싸안,e8fc701e3cdf3cc074a6e850cda11f69efe8d04e6d233bd35cf2fabdeb93fb0d,2026-06-19,256,45233169107,20.303,,
climb,미박싸안,e8fc701e3cdf3cc074a6e850cda11f69efe8d04e6d233bd35cf2fabdeb93fb0d,2026-06-20,256,45233169107,20.303,,
climb,미박싸안,e8fc701e3cdf3cc074a6e850cda11f69efe8d04e6d233bd35cf2fabdeb93fb0d,2026-06-21,256,45233169107,20.303,,
climb,미박싸안,e8fc701e3cdf3cc074a6e850cda11f69efe8d04e6d233bd35cf2fabdeb93fb0d,2026-06-22,256,45233169107,20.303,,
climb,미박싸안,e8fc701e3cdf3cc074a6e850cda11f69efe8d04e6d233bd35cf2fabdeb93fb0d,2026-06-23,256,45233169107,20.303,,
climb,미박싸안,e8fc701e3cdf3cc074a6e850cda11f69efe8d04e6d233bd35cf2fabdeb93fb0d,2026-06-24,256,45233169107,20.303,,
climb,미박싸안,e8fc701e3cdf3cc074a6e850cda11f69efe8d04e6d233bd35cf2fabdeb93fb0d,2026-06-25,256,45233169107,20.303,,
climb,미박싸안,e8fc701e3cdf3cc074a6e850cda11f69efe8d04e6d233bd35cf2fabdeb93fb0d,2026-06-26,256,45233169107,20.303,6742,
climb,미박싸안,e8fc701e3cdf3cc074a6e850cda11f69efe8d04e6d233bd35cf2fabdeb93fb0d,2026-06-27,256,45233169107,20.303,,
climb,미박싸안,e8fc701e3cdf3cc074a6e850cda11f69efe8d04e6d233bd35cf2fabdeb93fb0d,2026-06-28,256,45233169107,20.303,,
climb,미박싸안,e8fc701e3cdf3cc074a6e850cda11f69efe8d04e6d233bd35cf2fabdeb93fb0d,2026-06-29,256,45233169107,20.303,,
climb,미박싸안,e8fc701e3cdf3cc074a6e850cda11f69efe8d04e6d233bd35cf2fabdeb93fb0d,2026-06-30,256,45233169107,20.303,,
climb,미박싸안,e8fc701e3cdf3cc074a6e850cda11f69efe8d04e6d233bd35cf2fabdeb93fb0d,2026-07-01,256,45233169107,20.303,,
climb,미박싸안,e8fc701e3cdf3cc074a6e850cda11f69efe8d04e6d233bd35cf2fabdeb93fb0d,2026-07-02,256,45233169107,20.303,,
climb,미박싸안,e8fc701e3cdf3cc074a6e850cda11f69efe8d04e6d233bd35cf2fabdeb93fb0d,2026-07-03,256,45233169107,20.303,,
climb,미박싸안,e8fc701e3cdf3cc074a6e850cda11f69efe8d04e6d233bd35cf2fabdeb93fb0d,2026-07-04,256,45233169107,20.303,6742,
climb,미박싸안,e8fc701e3cdf3cc074a6e850cda11f69efe8d04e6d233bd35cf2fabdeb93fb0d,2026-07-05,256,45233169107,20.303,,
climb,미박싸안,e8fc701e3cdf3cc074a6e850cda11f69efe8d04e6d233bd35cf2fabdeb93fb0d,2026-07-06,256,45233169107,20.303,,
climb,미박싸안,e8fc701e3cdf3cc074a6e850cda11f69efe8d04e6d233bd35cf2fabdeb93fb0d,2026-07-07,256,45233169107,20.303,,
climb,미박싸안,e8fc701e3cdf3cc074a6e850cda11f69efe8d04e6d233bd35cf2fabdeb93fb0d,2026-07-08,256,45233169107,20.303,,
climb,미박싸안,e8fc701e3cdf3cc074a6e850cda11f69efe8d04e6d233bd35cf2fabdeb93fb0d,2026-07-09,256,45233169107,20.303,,
climb,미박싸안,e8fc701e3cdf3cc074a6e850cda11f69efe8d04e6d233bd35cf2fabdeb93fb0d,2026-07-10,256,45233169107,20.303,,
climb,미박싸안,e8fc701e3cdf3cc074a6e850cda11f69efe8d04e6d233bd35cf2fabdeb93fb0d,2026-07-11,256,45233169107,20.303,,
climb,미박싸안,e8fc701e3cdf3cc074a6e850cda11f69efe8d04e6d233bd35cf2fabdeb93fb0d,2026-07-12,256,45233169107,20.303,6742,
climb,미박싸안,e8fc701e3cdf3cc074a6e850cda11f69efe8d04e6d233bd35cf2fabdeb93fb0d,2026-07-13,256,45233169107,20.303,,
climb,미박싸안,e8fc701e3cdf3cc074a6e850cda11f69efe8d04e6d233bd35cf2fabdeb93fb0d,2026-07-14,256,45233169107,20.303,,
climb,미박싸안,e8fc701e3cdf3cc074a6e850cda11f69efe8d04e6d233bd35cf2fabdeb93fb0d,2026-07-15,256,45233169107,20.303,,
climb,미박싸안,e8fc701e3cdf3cc074a6e850cda11f69efe8d04e6d233bd35cf2fabdeb93fb0d,2026-07-16,256,45233169107,20.303,,
climb,미박싸안,e8fc701e3cdf3cc074a6e850cda11f69efe8d04e6d233bd35cf2fabdeb93fb0d,2026-07-17,256,45233169107,20.303,,
climb,미박싸안,e8fc701e3cdf3cc074a6e850cda11f69efe8d04e6d233bd35cf2fabdeb93fb0d,2026-07-18,256,45233169107,20.303,,
climb,미박싸안,e8fc701e3cdf3cc074a6e850cda11f69efe8d04e6d233bd35cf2fabdeb93fb0d,2026-07-19,256,45233169107,20.303,,
climb,미박싸안,e8fc701e3cdf3cc074a6e850cda11f69efe8d04e6d233bd35cf2fabdeb93fb0d,2026-07-20,256,45233169107,20.303,6742,
climb,미박싸안,e8fc701e3cdf3cc074a6e850cda11f69efe8d04e6d233bd35cf2fabdeb93fb0d,2026-07-21,256,45233169107,20.303,,
climb,미박싸안,e8fc701e3cdf3cc074a6e850cda11f69efe8d04e6d233bd35cf2fabdeb93fb0d,2026-07-22,256,45233169107,20.303,,
climb,복순이와꾸숑,accab45d6729c4ddae6f0cefa9bc3d37efe8d04e6d233bd35cf2fabdeb93fb0d,2026-06-18,256,78780051152,35.361,7438051,
climb,복순이와꾸숑,accab45d6729c4ddae6f0cefa9bc3d37efe8d04e6d233bd35cf2fabdeb93fb0d,2026-06-19,256,78780051152,35.361,,
climb,복순이와꾸숑,accab45d6729c4ddae6f0cefa9bc3d37efe8d04e6d233bd35cf2fabdeb93fb0d,2026-06-20,256,78780051152,35.361,,
climb,복순이와꾸숑,accab45d6729c4ddae6f0cefa9bc3d37efe8d04e6d233bd35cf2fabdeb93fb0d,2026-06-21,256,78780051152,35.361,,
climb,복순이와꾸숑,accab45d6729c4ddae6f0cefa9bc3d37efe8d04e6d233bd35cf2fabdeb93fb0d,2026-06-22,256,78780051152,35.361,,
climb,복순이와꾸숑,accab45d6729c4ddae6f0cefa9bc3d37efe8d04e6d233bd35cf2fabdeb93fb0d,2026-06-23,256,78780051152,35.361,,
climb,복순이와꾸숑,accab45d6729c4ddae6f0cefa9bc3d37efe8d04e6d233bd35cf2fabdeb93fb0d,2026-06-24,256,78780051152,35.361,,
climb,복순이와꾸숑,accab45d6729c4ddae6f0cefa9bc3d37efe8d04e6d233bd35cf2fabdeb93fb0d,2026-06-25,256,78780051152,35.361,,
climb,복순이와꾸숑,accab45d6729c4ddae6f0cefa9bc3d37efe8d04e6d233bd35cf2fabdeb93fb0d,2026-06-26,256,78780051152,35.361,7438051,
climb,복순이와꾸숑,accab45d6729c4ddae6f0cefa9bc3d37efe8d04e6d233bd35cf2fabdeb93fb0d,2026-06-27,256,78780051152,35.361,,
climb,복순이와꾸숑,accab45d6729c4ddae6f0cefa9bc3d37efe8d04e6d233bd35cf2fabdeb93fb0d,2026-06-28,256,78780051152,35.361,,
climb,복순이와꾸숑,accab45d6729c4ddae6f0cefa9bc3d37efe8d04e6d233bd35cf2fabdeb93fb0d,2026-06-29,256,78780051152,35.361,,
climb,복순이와꾸숑,accab45d6729c4ddae6f0cefa9bc3d37efe8d04e6d233bd35cf2fabdeb93fb0d,2026-06-30,256,78780051152,35.361,,
climb,복순이와꾸숑,accab45d6729c4ddae6f0cefa9bc3d37efe8d04e6d233bd35cf2fabdeb93fb0d,2026-07-01,256,78780051152,35.361,,
climb,복순이와꾸숑,accab45d6729c4ddae6f0cefa9bc3d37efe8d04e6d233bd35cf2fabdeb93fb0d,2026-07-02,256,78780051152,35.361,,
climb,복순이와꾸숑,accab45d6729c4ddae6f0cefa9bc3d37efe8d04e6d233bd35cf2fabdeb93fb0d,2026-07-03,256,78780051152,35.361,,
climb,복순이와꾸숑,accab45d6729c4ddae6f0cefa9bc3d37efe8d04e6d233bd35cf2fabdeb93fb0d,2026-07-04,256,78780051152,35.361,7438051,
climb,복순이와꾸숑,accab45d6729c4ddae6f0cefa9bc3d37efe8d04e6d233bd35cf2fabdeb93fb0d,2026-07-05,256,78780051152,35.361,,
climb,복순이와꾸숑,accab45d6729c4ddae6f0cefa9bc3d37efe8d04e6d233bd35cf2fabdeb93fb0d,2026-07-06,256,78780051152,35.361,,
climb,복순이와꾸숑,accab45d6729c4ddae6f0cefa9bc3d37efe8d04e6d233bd35cf2fabdeb93fb0d,2026-07-07,256,78780051152,35.361,,
climb,복순이와꾸숑,accab45d6729c4ddae6f0cefa9bc3d37efe8d04e6d233bd35cf2fabdeb93fb0d,2026-07-08,256,78780051152,35.361,,
climb,복순이와꾸숑,accab45d6729c4ddae6f0cefa9bc3d37efe8d04e6d233bd35cf2fabdeb93fb0d,2026-07-09,256,78780051152,35.361,,
climb,복순이와꾸숑,accab45d6729c4ddae6f0cefa9bc3d37efe8d04e6d233bd35cf2fabdeb93fb0d,2026-07-10,256,78780051152,35.361,,
climb,복순이와꾸숑,accab45d6729c4ddae6f0cefa9bc3d37efe8d04e6d233bd35cf2fabdeb93fb0d,2026-07-11,256,78780051152,35.361,,
climb,복순이와꾸숑,accab45d6729c4ddae6f0cefa9bc3d37efe8d04e6d233bd35cf2fabdeb93fb0d,2026-07-12,256,78780051152,35.361,7438051,
climb,복순이와꾸숑,accab45d6729c4ddae6f0cefa9bc3d37efe8d04e6d233bd35cf2fabdeb93fb0d,2026-07-13,256,78780051152,35.361,,
climb,복순이와꾸숑,accab45d6729c4ddae6f0cefa9bc3d37efe8d04e6d233bd35cf2fabdeb93fb0d,2026-07-14,256,78780051152,35.361,,
climb,복순이와꾸숑,accab45d6729c4ddae6f0cefa9bc3d37efe8d04e6d233bd35cf2fabdeb93fb0d,2026-07-15,256,78780051152,35.361,,
climb,복순이와꾸숑,accab45d6729c4ddae6f0cefa9bc3d37efe8d04e6d233bd35cf2fabdeb93fb0d,2026-07-16,256,78780051152,35.361,,
climb,복순이와꾸숑,accab45d6729c4ddae6f0cefa9bc3d37efe8d04e6d233bd35cf2fabdeb93fb0d,2026-07-17,256,78780051152,35.361,,
climb,복순이와꾸숑,accab45d6729c4ddae6f0cefa9bc3d37efe8d04e6d233bd35cf2fabdeb93fb0d,2026-07-18,256,78780051152,35.361,,
climb,복순이와꾸숑,accab45d6729c4ddae6f0cefa9bc3d37efe8d04e6d233bd35cf2fabdeb93fb0d,2026-07-19,256,78780051152,35.361,,
climb,복순이와꾸숑,accab45d6729c4ddae6f0cefa9bc3d37efe8d04e6d233bd35cf2fabdeb93fb0d,2026-07-20,256,78780051152,35.361,7438051,
climb,복순이와꾸숑,accab45d6729c4ddae6f0cefa9bc3d37efe8d04e6d233bd35cf2fabdeb93fb0d,2026-07-21,256,78780051152,35.361,,
climb,복순이와꾸숑,accab45d6729c4ddae6f0cefa9bc3d37efe8d04e6d233bd35cf2fabdeb93fb0d,2026-07-22,256,78780051152,35.361,,
climb,맹망치,0d7de64314fee45783a50d460e13765d,2026-06-18,256,101309419732,45.474,4480500,
climb,맹망치,0d7de64314fee45783a50d460e13765d,2026-06-19,256,101309419732,45.474,,
climb,맹망치,0d7de64314fee45783a50d460e13765d,2026-06-20,256,101309419732,45.474,,
climb,맹망치,0d7de64314fee45783a50d460e13765d,2026-06-21,256,101309419732,45.474,,
climb,맹망치,0d7de64314fee45783a50d460e13765d,2026-06-22,256,101309419732,45.474,,
climb,맹망치,0d7de64314fee45783a50d460e13765d,2026-06-23,256,101309419732,45.474,,
climb,맹망치,0d7de64314fee45783a50d460e13765d,2026-06-24,256,118693180588,53.277,,
climb,맹망치,0d7de64314fee45783a50d460e13765d,2026-06-25,256,130964070604,58.785,,
climb,맹망치,0d7de64314fee45783a50d460e13765d,2026-06-26,256,143234960620,64.293,4123633,
climb,맹망치,0d7de64314fee45783a50d460e13765d,2026-06-27,256,155505850636,69.801,,
climb,맹망치,0d7de64314fee45783a50d460e13765d,2026-06-28,256,167776740652,75.308,,
climb,맹망치,0d7de64314fee45783a50d460e13765d,2026-06-29,256,180047630668,80.816,,
climb,맹망치,0d7de64314fee45783a50d460e13765d,2026-06-30,256,192318520684,86.324,,
climb,맹망치,0d7de64314fee45783a50d460e13765d,2026-07-01,256,204589410700,91.832,,
climb,맹망치,0d7de64314fee45783a50d460e13765d,2026-07-02,256,216860300716,97.340,,
climb,맹망치,0d7de64314fee45783a50d460e13765d,2026-07-03,257,6345121243,2.765,,
climb,맹망치,0d7de64314fee45783a50d460e13765d,2026-07-04,257,18616011259,8.113,4019763,
climb,맹망치,0d7de64314fee45783a50d460e13765d,2026-07-05,257,30886901275,13.460,,
climb,맹망치,0d7de64314fee45783a50d460e13765d,2026-07-06,257,43157791291,18.808,,
climb,맹망치,0d7de64314fee45783a50d460e13765d,2026-07-07,257,55428681307,24.155,,
climb,맹망치,0d7de64314fee45783a50d460e13765d,2026-07-08,257,67699571323,29.503,,
climb,맹망치,0d7de64314fee45783a50d460e13765d,2026-07-09,257,83038183843,36.187,,
climb,맹망치,0d7de64314fee45783a50d460e13765d,2026-07-10,257,98376796363,42.871,,
climb,맹망치,0d7de64314fee45783a50d460e13765d,2026-07-11,257,113715408883,49.556,,
climb,맹망치,0d7de64314fee45783a50d460e13765d,2026-07-12,257,129054021403,56.240,4019763,
climb,맹망치,0d7de64314fee45783a50d460e13765d,2026-07-13,257,144392633923,62.925,,
climb,맹망치,0d7de64314fee45783a50d460e13765d,2026-07-14,257,159731246443,69.609,,
climb,맹망치,0d7de64314fee45783a50d460e13765d,2026-07-15,257,175069858963,76.293,,
climb,맹망치,0d7de64314fee45783a50d460e13765d,2026-07-16,257,191431045651,83.423,,
climb,맹망치,0d7de64314fee45783a50d460e13765d,2026-07-17,257,207792232339,90.553,,
climb,맹망치,0d7de64314fee45783a50d460e13765d,2026-07-18,257,224153419027,97.683,,
climb,맹망치,0d7de64314fee45783a50d460e13765d,2026-07-19,258,11044954142,4.673,,
climb,맹망치,0d7de64314fee45783a50d460e13765d,2026-07-20,258,27406140830,11.595,4150428,
climb,맹망치,0d7de64314fee45783a50d460e13765d,2026-07-21,258,43767327518,18.518,,
climb,맹망치,0d7de64314fee45783a50d460e13765d,2026-07-22,258,60128514206,25.440,,
climb,걸그룹댄스킹,fd7d3dab3adc8a1ba330340e418d4978efe8d04e6d233bd35cf2fabdeb93fb0d,2026-06-18,256,94689298434,42.502,1456999,
climb,걸그룹댄스킹,fd7d3dab3adc8a1ba330340e418d4978efe8d04e6d233bd35cf2fabdeb93fb0d,2026-06-19,256,94689298434,42.502,,
climb,걸그룹댄스킹,fd7d3dab3adc8a1ba330340e418d4978efe8d04e6d233bd35cf2fabdeb93fb0d,2026-06-20,256,94689298434,42.502,,
climb,걸그룹댄스킹,fd7d3dab3adc8a1ba330340e418d4978efe8d04e6d233bd35cf2fabdeb93fb0d,2026-06-21,256,94689298434,42.502,,
climb,걸그룹댄스킹,fd7d3dab3adc8a1ba330340e418d4978efe8d04e6d233bd35cf2fabdeb93fb0d,2026-06-22,256,94689298434,42.502,,
climb,걸그룹댄스킹,fd7d3dab3adc8a1ba330340e418d4978efe8d04e6d233bd35cf2fabdeb93fb0d,2026-06-23,256,94689298434,42.502,,
climb,걸그룹댄스킹,fd7d3dab3adc8a1ba330340e418d4978efe8d04e6d233bd35cf2fabdeb93fb0d,2026-06-24,256,94689298434,42.502,,
climb,걸그룹댄스킹,fd7d3dab3adc8a1ba330340e418d4978efe8d04e6d233bd35cf2fabdeb93fb0d,2026-06-25,256,94689298434,42.502,,
climb,걸그룹댄스킹,fd7d3dab3adc8a1ba330340e418d4978efe8d04e6d233bd35cf2fabdeb93fb0d,2026-06-26,256,94689298434,42.502,1456999,
climb,걸그룹댄스킹,fd7d3dab3adc8a1ba330340e418d4978efe8d04e6d233bd35cf2fabdeb93fb0d,2026-06-27,256,94689298434,42.502,,
climb,걸그룹댄스킹,fd7d3dab3adc8a1ba330340e418d4978efe8d04e6d233bd35cf2fabdeb93fb0d,2026-06-28,256,94689298434,42.502,,
climb,걸그룹댄스킹,fd7d3dab3adc8a1ba330340e418d4978efe8d04e6d233bd35cf2fabdeb93fb0d,2026-06-29,256,94689298434,42.502,,
climb,걸그룹댄스킹,fd7d3dab3adc8a1ba330340e418d4978efe8d04e6d233bd35cf2fabdeb93fb0d,2026-06-30,256,94689298434,42.502,,
climb,걸그룹댄스킹,fd7d3dab3adc8a1ba330340e418d4978efe8d04e6d233bd35cf2fabdeb93fb0d,2026-07-01,256,94689298434,42.502,,
climb,걸그룹댄스킹,fd7d3dab3adc8a1ba330340e418d4978efe8d04e6d233bd35cf2fabdeb93fb0d,2026-07-02,256,94689298434,42.502,,
climb,걸그룹댄스킹,fd7d3dab3adc8a1ba330340e418d4978efe8d04e6d233bd35cf2fabdeb93fb0d,2026-07-03,256,94689298434,42.502,,
climb,걸그룹댄스킹,fd7d3dab3adc8a1ba330340e418d4978efe8d04e6d233bd35cf2fabdeb93fb0d,2026-07-04,256,94689298434,42.502,1456999,
climb,걸그룹댄스킹,fd7d3dab3adc8a1ba330340e418d4978efe8d04e6d233bd35cf2fabdeb93fb0d,2026-07-05,256,94689298434,42.502,,
climb,걸그룹댄스킹,fd7d3dab3adc8a1ba330340e418d4978efe8d04e6d233bd35cf2fabdeb93fb0d,2026-07-06,256,94689298434,42.502,,
climb,걸그룹댄스킹,fd7d3dab3adc8a1ba330340e418d4978efe8d04e6d233bd35cf2fabdeb93fb0d,2026-07-07,256,94689298434,42.502,,
climb,걸그룹댄스킹,fd7d3dab3adc8a1ba330340e418d4978efe8d04e6d233bd35cf2fabdeb93fb0d,2026-07-08,256,94689298434,42.502,,
climb,걸그룹댄스킹,fd7d3dab3adc8a1ba330340e418d4978efe8d04e6d233bd35cf2fabdeb93fb0d,2026-07-09,256,94689298434,42.502,,
climb,걸그룹댄스킹,fd7d3dab3adc8a1ba330340e418d4978efe8d04e6d233bd35cf2fabdeb93fb0d,2026-07-10,256,94689298434,42.502,,
climb,걸그룹댄스킹,fd7d3dab3adc8a1ba330340e418d4978efe8d04e6d233bd35cf2fabdeb93fb0d,2026-07-11,256,94689298434,42.502,,
climb,걸그룹댄스킹,fd7d3dab3adc8a1ba330340e418d4978efe8d04e6d233bd35cf2fabdeb93fb0d,2026-07-12,256,94689298434,42.502,1456999,
climb,걸그룹댄스킹,fd7d3dab3adc8a1ba330340e418d4978efe8d04e6d233bd35cf2fabdeb93fb0d,2026-07-13,256,94689298434,42.502,,
climb,걸그룹댄스킹,fd7d3dab3adc8a1ba330340e418d4978efe8d04e6d233bd35cf2fabdeb93fb0d,2026-07-14,256,94689298434,42.502,,
climb,걸그룹댄스킹,fd7d3dab3adc8a1ba330340e418d4978efe8d04e6d233bd35cf2fabdeb93fb0d,2026-07-15,256,94689298434,42.502,,
climb,걸그룹댄스킹,fd7d3dab3adc8a1ba330340e418d4978efe8d04e6d233bd35cf2fabdeb93fb0d,2026-07-16,256,94689298434,42.502,,
climb,걸그룹댄스킹,fd7d3dab3adc8a1ba330340e418d4978efe8d04e6d233bd35cf2fabdeb93fb0d,2026-07-17,256,94689298434,42.502,,
climb,걸그룹댄스킹,fd7d3dab3adc8a1ba330340e418d4978efe8d04e6d233bd35cf2fabdeb93fb0d,2026-07-18,256,94689298434,42.502,,
climb,걸그룹댄스킹,fd7d3dab3adc8a1ba330340e418d4978efe8d04e6d233bd35cf2fabdeb93fb0d,2026-07-19,256,94689298434,42.502,,
climb,걸그룹댄스킹,fd7d3dab3adc8a1ba330340e418d4978efe8d04e6d233bd35cf2fabdeb93fb0d,2026-07-20,256,94689298434,42.502,1456999,
climb,걸그룹댄스킹,fd7d3dab3adc8a1ba330340e418d4978efe8d04e6d233bd35cf2fabdeb93fb0d,2026-07-21,256,94689298434,42.502,,
climb,걸그룹댄스킹,fd7d3dab3adc8a1ba330340e418d4978efe8d04e6d233bd35cf2fabdeb93fb0d,2026-07-22,256,94689298434,42.502,,
climb,오천고8반짱,bb7acbb4e8dfe4d350e135a5c852db6b,2026-06-18,256,69221114718,31.071,1248056,
climb,오천고8반짱,bb7acbb4e8dfe4d350e135a5c852db6b,2026-06-19,256,69221114718,31.071,,
climb,오천고8반짱,bb7acbb4e8dfe4d350e135a5c852db6b,2026-06-20,256,69221114718,31.071,,
climb,오천고8반짱,bb7acbb4e8dfe4d350e135a5c852db6b,2026-06-21,256,69221114718,31.071,,
climb,오천고8반짱,bb7acbb4e8dfe4d350e135a5c852db6b,2026-06-22,256,69221114718,31.071,,
climb,오천고8반짱,bb7acbb4e8dfe4d350e135a5c852db6b,2026-06-23,256,69221114718,31.071,,
climb,오천고8반짱,bb7acbb4e8dfe4d350e135a5c852db6b,2026-06-24,256,69221114718,31.071,,
climb,오천고8반짱,bb7acbb4e8dfe4d350e135a5c852db6b,2026-06-25,256,69221114718,31.071,,
climb,오천고8반짱,bb7acbb4e8dfe4d350e135a5c852db6b,2026-06-26,256,69221114718,31.071,1248056,
climb,오천고8반짱,bb7acbb4e8dfe4d350e135a5c852db6b,2026-06-27,256,69221114718,31.071,,
climb,오천고8반짱,bb7acbb4e8dfe4d350e135a5c852db6b,2026-06-28,256,69221114718,31.071,,
climb,오천고8반짱,bb7acbb4e8dfe4d350e135a5c852db6b,2026-06-29,256,69221114718,31.071,,
climb,오천고8반짱,bb7acbb4e8dfe4d350e135a5c852db6b,2026-06-30,256,69221114718,31.071,,
climb,오천고8반짱,bb7acbb4e8dfe4d350e135a5c852db6b,2026-07-01,256,69221114718,31.071,,
climb,오천고8반짱,bb7acbb4e8dfe4d350e135a5c852db6b,2026-07-02,256,69221114718,31.071,,
climb,오천고8반짱,bb7acbb4e8dfe4d350e135a5c852db6b,2026-07-03,256,69221114718,31.071,,
climb,오천고8반짱,bb7acbb4e8dfe4d350e135a5c852db6b,2026-07-04,256,69221114718,31.071,1248056,
climb,오천고8반짱,bb7acbb4e8dfe4d350e135a5c852db6b,2026-07-05,256,69221114718,31.071,,
climb,오천고8반짱,bb7acbb4e8dfe4d350e135a5c852db6b,2026-07-06,256,69221114718,31.071,,
climb,오천고8반짱,bb7acbb4e8dfe4d350e135a5c852db6b,2026-07-07,256,69221114718,31.071,,
climb,오천고8반짱,bb7acbb4e8dfe4d350e135a5c852db6b,2026-07-08,256,69221114718,31.071,,
climb,오천고8반짱,bb7acbb4e8dfe4d350e135a5c852db6b,2026-07-09,256,69221114718,31.071,,
climb,오천고8반짱,bb7acbb4e8dfe4d350e135a5c852db6b,2026-07-10,256,69221114718,31.071,,
climb,오천고8반짱,bb7acbb4e8dfe4d350e135a5c852db6b,2026-07-11,256,69221114718,31.071,,
climb,오천고8반짱,bb7acbb4e8dfe4d350e135a5c852db6b,2026-07-12,256,69221114718,31.071,1248056,
climb,오천고8반짱,bb7acbb4e8dfe4d350e135a5c852db6b,2026-07-13,256,69221114718,31.071,,
climb,오천고8반짱,bb7acbb4e8dfe4d350e135a5c852db6b,2026-07-14,256,69221114718,31.071,,
climb,오천고8반짱,bb7acbb4e8dfe4d350e135a5c852db6b,2026-07-15,256,69221114718,31.071,,
climb,오천고8반짱,bb7acbb4e8dfe4d350e135a5c852db6b,2026-07-16,256,69221114718,31.071,,
climb,오천고8반짱,bb7acbb4e8dfe4d350e135a5c852db6b,2026-07-17,256,69221114718,31.071,,
climb,오천고8반짱,bb7acbb4e8dfe4d350e135a5c852db6b,2026-07-18,256,69221114718,31.071,,
climb,오천고8반짱,bb7acbb4e8dfe4d350e135a5c852db6b,2026-07-19,256,69221114718,31.071,,
climb,오천고8반짱,bb7acbb4e8dfe4d350e135a5c852db6b,2026-07-20,256,69221114718,31.071,1248056,
climb,오천고8반짱,bb7acbb4e8dfe4d350e135a5c852db6b,2026-07-21,256,69221114718,31.071,,
climb,오천고8반짱,bb7acbb4e8dfe4d350e135a5c852db6b,2026-07-22,256,69221114718,31.071,,
climb,호영칠칠임,db50a8916c2feaeb4fa8e4c6e55a7b3defe8d04e6d233bd35cf2fabdeb93fb0d,2026-06-18,256,133088651109,59.738,82465,
climb,호영칠칠임,db50a8916c2feaeb4fa8e4c6e55a7b3defe8d04e6d233bd35cf2fabdeb93fb0d,2026-06-19,256,177378219836,79.618,,
climb,호영칠칠임,db50a8916c2feaeb4fa8e4c6e55a7b3defe8d04e6d233bd35cf2fabdeb93fb0d,2026-06-20,257,7186013211,3.132,,
climb,호영칠칠임,db50a8916c2feaeb4fa8e4c6e55a7b3defe8d04e6d233bd35cf2fabdeb93fb0d,2026-06-21,257,59779876075,26.051,,
climb,호영칠칠임,db50a8916c2feaeb4fa8e4c6e55a7b3defe8d04e6d233bd35cf2fabdeb93fb0d,2026-06-22,257,112373738939,48.971,,
climb,호영칠칠임,db50a8916c2feaeb4fa8e4c6e55a7b3defe8d04e6d233bd35cf2fabdeb93fb0d,2026-06-23,257,164967601803,71.891,,
climb,호영칠칠임,db50a8916c2feaeb4fa8e4c6e55a7b3defe8d04e6d233bd35cf2fabdeb93fb0d,2026-06-24,257,217561464667,94.811,,
climb,호영칠칠임,db50a8916c2feaeb4fa8e4c6e55a7b3defe8d04e6d233bd35cf2fabdeb93fb0d,2026-06-25,258,26845185731,11.358,,
climb,호영칠칠임,db50a8916c2feaeb4fa8e4c6e55a7b3defe8d04e6d233bd35cf2fabdeb93fb0d,2026-06-26,258,68366656413,28.926,97500,
climb,호영칠칠임,db50a8916c2feaeb4fa8e4c6e55a7b3defe8d04e6d233bd35cf2fabdeb93fb0d,2026-06-27,258,109888127095,46.493,,
climb,호영칠칠임,db50a8916c2feaeb4fa8e4c6e55a7b3defe8d04e6d233bd35cf2fabdeb93fb0d,2026-06-28,258,151409597777,64.061,,
climb,호영칠칠임,db50a8916c2feaeb4fa8e4c6e55a7b3defe8d04e6d233bd35cf2fabdeb93fb0d,2026-06-29,258,192931068459,81.628,,
climb,호영칠칠임,db50a8916c2feaeb4fa8e4c6e55a7b3defe8d04e6d233bd35cf2fabdeb93fb0d,2026-06-30,258,234452539141,99.196,,
climb,호영칠칠임,db50a8916c2feaeb4fa8e4c6e55a7b3defe8d04e6d233bd35cf2fabdeb93fb0d,2026-07-01,259,39620268703,16.275,,
climb,호영칠칠임,db50a8916c2feaeb4fa8e4c6e55a7b3defe8d04e6d233bd35cf2fabdeb93fb0d,2026-07-02,259,81141739385,33.331,,
climb,호영칠칠임,db50a8916c2feaeb4fa8e4c6e55a7b3defe8d04e6d233bd35cf2fabdeb93fb0d,2026-07-03,259,122663210067,50.387,,
climb,호영칠칠임,db50a8916c2feaeb4fa8e4c6e55a7b3defe8d04e6d233bd35cf2fabdeb93fb0d,2026-07-04,259,164184680749,67.442,95515,
climb,호영칠칠임,db50a8916c2feaeb4fa8e4c6e55a7b3defe8d04e6d233bd35cf2fabdeb93fb0d,2026-07-05,259,205706151431,84.498,,
climb,호영칠칠임,db50a8916c2feaeb4fa8e4c6e55a7b3defe8d04e6d233bd35cf2fabdeb93fb0d,2026-07-06,260,3783268760,0.218,,
climb,호영칠칠임,db50a8916c2feaeb4fa8e4c6e55a7b3defe8d04e6d233bd35cf2fabdeb93fb0d,2026-07-07,260,3783268760,0.218,,
climb,호영칠칠임,db50a8916c2feaeb4fa8e4c6e55a7b3defe8d04e6d233bd35cf2fabdeb93fb0d,2026-07-08,260,3783268760,0.218,,
climb,호영칠칠임,db50a8916c2feaeb4fa8e4c6e55a7b3defe8d04e6d233bd35cf2fabdeb93fb0d,2026-07-09,260,3783268760,0.218,,
climb,호영칠칠임,db50a8916c2feaeb4fa8e4c6e55a7b3defe8d04e6d233bd35cf2fabdeb93fb0d,2026-07-10,260,3783268760,0.218,,
climb,호영칠칠임,db50a8916c2feaeb4fa8e4c6e55a7b3defe8d04e6d233bd35cf2fabdeb93fb0d,2026-07-11,260,3783268760,0.218,,
climb,호영칠칠임,db50a8916c2feaeb4fa8e4c6e55a7b3defe8d04e6d233bd35cf2fabdeb93fb0d,2026-07-12,260,3783268760,0.218,96009,
climb,호영칠칠임,db50a8916c2feaeb4fa8e4c6e55a7b3defe8d04e6d233bd35cf2fabdeb93fb0d,2026-07-13,260,3783268760,0.218,,
climb,호영칠칠임,db50a8916c2feaeb4fa8e4c6e55a7b3defe8d04e6d233bd35cf2fabdeb93fb0d,2026-07-14,260,3783268760,0.218,,
climb,호영칠칠임,db50a8916c2feaeb4fa8e4c6e55a7b3defe8d04e6d233bd35cf2fabdeb93fb0d,2026-07-15,260,3783268760,0.218,,
climb,호영칠칠임,db50a8916c2feaeb4fa8e4c6e55a7b3defe8d04e6d233bd35cf2fabdeb93fb0d,2026-07-16,260,3783268760,0.218,,
climb,호영칠칠임,db50a8916c2feaeb4fa8e4c6e55a7b3defe8d04e6d233bd35cf2fabdeb93fb0d,2026-07-17,260,3783268760,0.218,,
climb,호영칠칠임,db50a8916c2feaeb4fa8e4c6e55a7b3defe8d04e6d233bd35cf2fabdeb93fb0d,2026-07-18,260,3783268760,0.218,,
climb,호영칠칠임,db50a8916c2feaeb4fa8e4c6e55a7b3defe8d04e6d233bd35cf2fabdeb93fb0d,2026-07-19,260,3783268760,0.218,,
climb,호영칠칠임,db50a8916c2feaeb4fa8e4c6e55a7b3defe8d04e6d233bd35cf2fabdeb93fb0d,2026-07-20,260,3783268760,0.218,87104,
climb,호영칠칠임,db50a8916c2feaeb4fa8e4c6e55a7b3defe8d04e6d233bd35cf2fabdeb93fb0d,2026-07-21,260,3783268760,0.218,,
climb,호영칠칠임,db50a8916c2feaeb4fa8e4c6e55a7b3defe8d04e6d233bd35cf2fabdeb93fb0d,2026-07-22,260,3783268760,0.218,,
climb,p메르세데스a,8442b4c1f5b02af57c4b61dc08e26400efe8d04e6d233bd35cf2fabdeb93fb0d,2026-06-18,256,46246409692,20.758,1140098,
climb,p메르세데스a,8442b4c1f5b02af57c4b61dc08e26400efe8d04e6d233bd35cf2fabdeb93fb0d,2026-06-19,256,46246409692,20.758,,
climb,p메르세데스a,8442b4c1f5b02af57c4b61dc08e26400efe8d04e6d233bd35cf2fabdeb93fb0d,2026-06-20,256,46246409692,20.758,,
climb,p메르세데스a,8442b4c1f5b02af57c4b61dc08e26400efe8d04e6d233bd35cf2fabdeb93fb0d,2026-06-21,256,46246409692,20.758,,
climb,p메르세데스a,8442b4c1f5b02af57c4b61dc08e26400efe8d04e6d233bd35cf2fabdeb93fb0d,2026-06-22,256,46246409692,20.758,,
climb,p메르세데스a,8442b4c1f5b02af57c4b61dc08e26400efe8d04e6d233bd35cf2fabdeb93fb0d,2026-06-23,256,46246409692,20.758,,
climb,p메르세데스a,8442b4c1f5b02af57c4b61dc08e26400efe8d04e6d233bd35cf2fabdeb93fb0d,2026-06-24,256,46246409692,20.758,,
climb,p메르세데스a,8442b4c1f5b02af57c4b61dc08e26400efe8d04e6d233bd35cf2fabdeb93fb0d,2026-06-25,256,46246409692,20.758,,
climb,p메르세데스a,8442b4c1f5b02af57c4b61dc08e26400efe8d04e6d233bd35cf2fabdeb93fb0d,2026-06-26,256,46246409692,20.758,1140098,
climb,p메르세데스a,8442b4c1f5b02af57c4b61dc08e26400efe8d04e6d233bd35cf2fabdeb93fb0d,2026-06-27,256,46246409692,20.758,,
climb,p메르세데스a,8442b4c1f5b02af57c4b61dc08e26400efe8d04e6d233bd35cf2fabdeb93fb0d,2026-06-28,256,46246409692,20.758,,
climb,p메르세데스a,8442b4c1f5b02af57c4b61dc08e26400efe8d04e6d233bd35cf2fabdeb93fb0d,2026-06-29,256,46246409692,20.758,,
climb,p메르세데스a,8442b4c1f5b02af57c4b61dc08e26400efe8d04e6d233bd35cf2fabdeb93fb0d,2026-06-30,256,46246409692,20.758,,
climb,p메르세데스a,8442b4c1f5b02af57c4b61dc08e26400efe8d04e6d233bd35cf2fabdeb93fb0d,2026-07-01,256,46246409692,20.758,,
climb,p메르세데스a,8442b4c1f5b02af57c4b61dc08e26400efe8d04e6d233bd35cf2fabdeb93fb0d,2026-07-02,256,46246409692,20.758,,
climb,p메르세데스a,8442b4c1f5b02af57c4b61dc08e26400efe8d04e6d233bd35cf2fabdeb93fb0d,2026-07-03,256,46246409692,20.758,,
climb,p메르세데스a,8442b4c1f5b02af57c4b61dc08e26400efe8d04e6d233bd35cf2fabdeb93fb0d,2026-07-04,256,46246409692,20.758,1140098,
climb,p메르세데스a,8442b4c1f5b02af57c4b61dc08e26400efe8d04e6d233bd35cf2fabdeb93fb0d,2026-07-05,256,46246409692,20.758,,
climb,p메르세데스a,8442b4c1f5b02af57c4b61dc08e26400efe8d04e6d233bd35cf2fabdeb93fb0d,2026-07-06,256,46246409692,20.758,,
climb,p메르세데스a,8442b4c1f5b02af57c4b61dc08e26400efe8d04e6d233bd35cf2fabdeb93fb0d,2026-07-07,256,46246409692,20.758,,
climb,p메르세데스a,8442b4c1f5b02af57c4b61dc08e26400efe8d04e6d233bd35cf2fabdeb93fb0d,2026-07-08,256,46246409692,20.758,,
climb,p메르세데스a,8442b4c1f5b02af57c4b61dc08e26400efe8d04e6d233bd35cf2fabdeb93fb0d,2026-07-09,256,46246409692,20.758,,
climb,p메르세데스a,8442b4c1f5b02af57c4b61dc08e26400efe8d04e6d233bd35cf2fabdeb93fb0d,2026-07-10,256,46246409692,20.758,,
climb,p메르세데스a,8442b4c1f5b02af57c4b61dc08e26400efe8d04e6d233bd35cf2fabdeb93fb0d,2026-07-11,256,46246409692,20.758,,
climb,p메르세데스a,8442b4c1f5b02af57c4b61dc08e26400efe8d04e6d233bd35cf2fabdeb93fb0d,2026-07-12,256,46246409692,20.758,1140098,
climb,p메르세데스a,8442b4c1f5b02af57c4b61dc08e26400efe8d04e6d233bd35cf2fabdeb93fb0d,2026-07-13,256,46246409692,20.758,,
climb,p메르세데스a,8442b4c1f5b02af57c4b61dc08e26400efe8d04e6d233bd35cf2fabdeb93fb0d,2026-07-14,256,46246409692,20.758,,
climb,p메르세데스a,8442b4c1f5b02af57c4b61dc08e26400efe8d04e6d233bd35cf2fabdeb93fb0d,2026-07-15,256,46246409692,20.758,,
climb,p메르세데스a,8442b4c1f5b02af57c4b61dc08e26400efe8d04e6d233bd35cf2fabdeb93fb0d,2026-07-16,256,46246409692,20.758,,
climb,p메르세데스a,8442b4c1f5b02af57c4b61dc08e26400efe8d04e6d233bd35cf2fabdeb93fb0d,2026-07-17,256,46246409692,20.758,,
climb,p메르세데스a,8442b4c1f5b02af57c4b61dc08e26400efe8d04e6d233bd35cf2fabdeb93fb0d,2026-07-18,256,46246409692,20.758,,
climb,p메르세데스a,8442b4c1f5b02af57c4b61dc08e26400efe8d04e6d233bd35cf2fabdeb93fb0d,2026-07-19,256,46246409692,20.758,,
climb,p메르세데스a,8442b4c1f5b02af57c4b61dc08e26400efe8d04e6d233bd35cf2fabdeb93fb0d,2026-07-20,256,46246409692,20.758,1140098,
climb,p메르세데스a,8442b4c1f5b02af57c4b61dc08e26400efe8d04e6d233bd35cf2fabdeb93fb0d,2026-07-21,256,46246409692,20.758,,
climb,p메르세데스a,8442b4c1f5b02af57c4b61dc08e26400efe8d04e6d233bd35cf2fabdeb93fb0d,2026-07-22,256,46246409692,20.758,,
climb,속조I,5136df174c4fa5aac607fd672165715c,2026-06-18,256,90149667067,40.465,2438083,
climb,속조I,5136df174c4fa5aac607fd672165715c,2026-06-19,256,90149667067,40.465,,
climb,속조I,5136df174c4fa5aac607fd672165715c,2026-06-20,256,90149667067,40.465,,
climb,속조I,5136df174c4fa5aac607fd672165715c,2026-06-21,256,90149667067,40.465,,
climb,속조I,5136df174c4fa5aac607fd672165715c,2026-06-22,256,90149667067,40.465,,
climb,속조I,5136df174c4fa5aac607fd672165715c,2026-06-23,256,90149667067,40.465,,
climb,속조I,5136df174c4fa5aac607fd672165715c,2026-06-24,256,90149667067,40.465,,
climb,속조I,5136df174c4fa5aac607fd672165715c,2026-06-25,256,90149667067,40.465,,
climb,속조I,5136df174c4fa5aac607fd672165715c,2026-06-26,256,90149667067,40.465,2438083,
climb,속조I,5136df174c4fa5aac607fd672165715c,2026-06-27,256,90149667067,40.465,,
climb,속조I,5136df174c4fa5aac607fd672165715c,2026-06-28,256,90149667067,40.465,,
climb,속조I,5136df174c4fa5aac607fd672165715c,2026-06-29,256,90149667067,40.465,,
climb,속조I,5136df174c4fa5aac607fd672165715c,2026-06-30,256,90149667067,40.465,,
climb,속조I,5136df174c4fa5aac607fd672165715c,2026-07-01,256,90149667067,40.465,,
climb,속조I,5136df174c4fa5aac607fd672165715c,2026-07-02,256,90149667067,40.465,,
climb,속조I,5136df174c4fa5aac607fd672165715c,2026-07-03,256,90149667067,40.465,,
climb,속조I,5136df174c4fa5aac607fd672165715c,2026-07-04,256,90149667067,40.465,2438083,
climb,속조I,5136df174c4fa5aac607fd672165715c,2026-07-05,256,90149667067,40.465,,
climb,속조I,5136df174c4fa5aac607fd672165715c,2026-07-06,256,90149667067,40.465,,
climb,속조I,5136df174c4fa5aac607fd672165715c,2026-07-07,256,90149667067,40.465,,
climb,속조I,5136df174c4fa5aac607fd672165715c,2026-07-08,256,90149667067,40.465,,
climb,속조I,5136df174c4fa5aac607fd672165715c,2026-07-09,256,90149667067,40.465,,
climb,속조I,5136df174c4fa5aac607fd672165715c,2026-07-10,256,90149667067,40.465,,
climb,속조I,5136df174c4fa5aac607fd672165715c,2026-07-11,256,90149667067,40.465,,
climb,속조I,5136df174c4fa5aac607fd672165715c,2026-07-12,256,90149667067,40.465,2438083,
climb,속조I,5136df174c4fa5aac607fd672165715c,2026-07-13,256,90149667067,40.465,,
climb,속조I,5136df174c4fa5aac607fd672165715c,2026-07-14,256,90149667067,40.465,,
climb,속조I,5136df174c4fa5aac607fd672165715c,2026-07-15,256,90149667067,40.465,,
climb,속조I,5136df174c4fa5aac607fd672165715c,2026-07-16,256,90149667067,40.465,,
climb,속조I,5136df174c4fa5aac607fd672165715c,2026-07-17,256,90149667067,40.465,,
climb,속조I,5136df174c4fa5aac607fd672165715c,2026-07-18,256,90149667067,40.465,,
climb,속조I,5136df174c4fa5aac607fd672165715c,2026-07-19,256,90149667067,40.465,,
climb,속조I,5136df174c4fa5aac607fd672165715c,2026-07-20,256,90149667067,40.465,2438083,
climb,속조I,5136df174c4fa5aac607fd672165715c,2026-07-21,256,90149667067,40.465,,
climb,속조I,5136df174c4fa5aac607fd672165715c,2026-07-22,256,90149667067,40.465,,
climb,다담씨,425faf553e5a486ca1ad42221af91b95efe8d04e6d233bd35cf2fabdeb93fb0d,2026-06-18,256,42385878329,19.025,774412,
climb,다담씨,425faf553e5a486ca1ad42221af91b95efe8d04e6d233bd35cf2fabdeb93fb0d,2026-06-19,256,42385878329,19.025,,
climb,다담씨,425faf553e5a486ca1ad42221af91b95efe8d04e6d233bd35cf2fabdeb93fb0d,2026-06-20,256,42385878329,19.025,,
climb,다담씨,425faf553e5a486ca1ad42221af91b95efe8d04e6d233bd35cf2fabdeb93fb0d,2026-06-21,256,42385878329,19.025,,
climb,다담씨,425faf553e5a486ca1ad42221af91b95efe8d04e6d233bd35cf2fabdeb93fb0d,2026-06-22,256,42385878329,19.025,,
climb,다담씨,425faf553e5a486ca1ad42221af91b95efe8d04e6d233bd35cf2fabdeb93fb0d,2026-06-23,256,42385878329,19.025,,
climb,다담씨,425faf553e5a486ca1ad42221af91b95efe8d04e6d233bd35cf2fabdeb93fb0d,2026-06-24,256,42385878329,19.025,,
climb,다담씨,425faf553e5a486ca1ad42221af91b95efe8d04e6d233bd35cf2fabdeb93fb0d,2026-06-25,256,42385878329,19.025,,
climb,다담씨,425faf553e5a486ca1ad42221af91b95efe8d04e6d233bd35cf2fabdeb93fb0d,2026-06-26,256,42385878329,19.025,774412,
climb,다담씨,425faf553e5a486ca1ad42221af91b95efe8d04e6d233bd35cf2fabdeb93fb0d,2026-06-27,256,42385878329,19.025,,
climb,다담씨,425faf553e5a486ca1ad42221af91b95efe8d04e6d233bd35cf2fabdeb93fb0d,2026-06-28,256,42385878329,19.025,,
climb,다담씨,425faf553e5a486ca1ad42221af91b95efe8d04e6d233bd35cf2fabdeb93fb0d,2026-06-29,256,42385878329,19.025,,
climb,다담씨,425faf553e5a486ca1ad42221af91b95efe8d04e6d233bd35cf2fabdeb93fb0d,2026-06-30,256,42385878329,19.025,,
climb,다담씨,425faf553e5a486ca1ad42221af91b95efe8d04e6d233bd35cf2fabdeb93fb0d,2026-07-01,256,42385878329,19.025,,
climb,다담씨,425faf553e5a486ca1ad42221af91b95efe8d04e6d233bd35cf2fabdeb93fb0d,2026-07-02,256,42385878329,19.025,,
climb,다담씨,425faf553e5a486ca1ad42221af91b95efe8d04e6d233bd35cf2fabdeb93fb0d,2026-07-03,256,42385878329,19.025,,
climb,다담씨,425faf553e5a486ca1ad42221af91b95efe8d04e6d233bd35cf2fabdeb93fb0d,2026-07-04,256,42385878329,19.025,774412,
climb,다담씨,425faf553e5a486ca1ad42221af91b95efe8d04e6d233bd35cf2fabdeb93fb0d,2026-07-05,256,42385878329,19.025,,
climb,다담씨,425faf553e5a486ca1ad42221af91b95efe8d04e6d233bd35cf2fabdeb93fb0d,2026-07-06,256,42385878329,19.025,,
climb,다담씨,425faf553e5a486ca1ad42221af91b95efe8d04e6d233bd35cf2fabdeb93fb0d,2026-07-07,256,42385878329,19.025,,
climb,다담씨,425faf553e5a486ca1ad42221af91b95efe8d04e6d233bd35cf2fabdeb93fb0d,2026-07-08,256,42385878329,19.025,,
climb,다담씨,425faf553e5a486ca1ad42221af91b95efe8d04e6d233bd35cf2fabdeb93fb0d,2026-07-09,256,42385878329,19.025,,
climb,다담씨,425faf553e5a486ca1ad42221af91b95efe8d04e6d233bd35cf2fabdeb93fb0d,2026-07-10,256,42385878329,19.025,,
climb,다담씨,425faf553e5a486ca1ad42221af91b95efe8d04e6d233bd35cf2fabdeb93fb0d,2026-07-11,256,42385878329,19.025,,
climb,다담씨,425faf553e5a486ca1ad42221af91b95efe8d04e6d233bd35cf2fabdeb93fb0d,2026-07-12,256,42385878329,19.025,774412,
climb,다담씨,425faf553e5a486ca1ad42221af91b95efe8d04e6d233bd35cf2fabdeb93fb0d,2026-07-13,256,42385878329,19.025,,
climb,다담씨,425faf553e5a486ca1ad42221af91b95efe8d04e6d233bd35cf2fabdeb93fb0d,2026-07-14,256,42385878329,19.025,,
climb,다담씨,425faf553e5a486ca1ad42221af91b95efe8d04e6d233bd35cf2fabdeb93fb0d,2026-07-15,256,42385878329,19.025,,
climb,다담씨,425faf553e5a486ca1ad42221af91b95efe8d04e6d233bd35cf2fabdeb93fb0d,2026-07-16,256,42385878329,19.025,,
climb,다담씨,425faf553e5a486ca1ad42221af91b95efe8d04e6d233bd35cf2fabdeb93fb0d,2026-07-17,256,42385878329,19.025,,
climb,다담씨,425faf553e5a486ca1ad42221af91b95efe8d04e6d233bd35cf2fabdeb93fb0d,2026-07-18,256,42385878329,19.025,,
climb,다담씨,425faf553e5a486ca1ad42221af91b95efe8d04e6d233bd35cf2fabdeb93fb0d,2026-07-19,256,42385878329,19.025,,
climb,다담씨,425faf553e5a486ca1ad42221af91b95efe8d04e6d233bd35cf2fabdeb93fb0d,2026-07-20,256,42385878329,19.025,774412,
climb,다담씨,425faf553e5a486ca1ad42221af91b95efe8d04e6d233bd35cf2fabdeb93fb0d,2026-07-21,256,42385878329,19.025,,
climb,다담씨,425faf553e5a486ca1ad42221af91b95efe8d04e6d233bd35cf2fabdeb93fb0d,2026-07-22,256,42385878329,19.025,,
climb,토밤,4e95110caf152930f81299400ed72f71efe8d04e6d233bd35cf2fabdeb93fb0d,2026-06-18,256,76898122994,34.517,1084423,
climb,토밤,4e95110caf152930f81299400ed72f71efe8d04e6d233bd35cf2fabdeb93fb0d,2026-06-19,256,76898122994,34.517,,
climb,토밤,4e95110caf152930f81299400ed72f71efe8d04e6d233bd35cf2fabdeb93fb0d,2026-06-20,256,76898122994,34.517,,
climb,토밤,4e95110caf152930f81299400ed72f71efe8d04e6d233bd35cf2fabdeb93fb0d,2026-06-21,256,76898122994,34.517,,
climb,토밤,4e95110caf152930f81299400ed72f71efe8d04e6d233bd35cf2fabdeb93fb0d,2026-06-22,256,76898122994,34.517,,
climb,토밤,4e95110caf152930f81299400ed72f71efe8d04e6d233bd35cf2fabdeb93fb0d,2026-06-23,256,76898122994,34.517,,
climb,토밤,4e95110caf152930f81299400ed72f71efe8d04e6d233bd35cf2fabdeb93fb0d,2026-06-24,256,76898122994,34.517,,
climb,토밤,4e95110caf152930f81299400ed72f71efe8d04e6d233bd35cf2fabdeb93fb0d,2026-06-25,256,76898122994,34.517,,
climb,토밤,4e95110caf152930f81299400ed72f71efe8d04e6d233bd35cf2fabdeb93fb0d,2026-06-26,256,76898122994,34.517,1084423,
climb,토밤,4e95110caf152930f81299400ed72f71efe8d04e6d233bd35cf2fabdeb93fb0d,2026-06-27,256,76898122994,34.517,,
climb,토밤,4e95110caf152930f81299400ed72f71efe8d04e6d233bd35cf2fabdeb93fb0d,2026-06-28,256,76898122994,34.517,,
climb,토밤,4e95110caf152930f81299400ed72f71efe8d04e6d233bd35cf2fabdeb93fb0d,2026-06-29,256,76898122994,34.517,,
climb,토밤,4e95110caf152930f81299400ed72f71efe8d04e6d233bd35cf2fabdeb93fb0d,2026-06-30,256,76898122994,34.517,,
climb,토밤,4e95110caf152930f81299400ed72f71efe8d04e6d233bd35cf2fabdeb93fb0d,2026-07-01,256,76898122994,34.517,,
climb,토밤,4e95110caf152930f81299400ed72f71efe8d04e6d233bd35cf2fabdeb93fb0d,2026-07-02,256,76898122994,34.517,,
climb,토밤,4e95110caf152930f81299400ed72f71efe8d04e6d233bd35cf2fabdeb93fb0d,2026-07-03,256,76898122994,34.517,,
climb,토밤,4e95110caf152930f81299400ed72f71efe8d04e6d233bd35cf2fabdeb93fb0d,2026-07-04,256,76898122994,34.517,1084423,
climb,토밤,4e95110caf152930f81299400ed72f71efe8d04e6d233bd35cf2fabdeb93fb0d,2026-07-05,256,76898122994,34.517,,
climb,토밤,4e95110caf152930f81299400ed72f71efe8d04e6d233bd35cf2fabdeb93fb0d,2026-07-06,256,76898122994,34.517,,
climb,토밤,4e95110caf152930f81299400ed72f71efe8d04e6d233bd35cf2fabdeb93fb0d,2026-07-07,256,76898122994,34.517,,
climb,토밤,4e95110caf152930f81299400ed72f71efe8d04e6d233bd35cf2fabdeb93fb0d,2026-07-08,256,76898122994,34.517,,
climb,토밤,4e95110caf152930f81299400ed72f71efe8d04e6d233bd35cf2fabdeb93fb0d,2026-07-09,256,76898122994,34.517,,
climb,토밤,4e95110caf152930f81299400ed72f71efe8d04e6d233bd35cf2fabdeb93fb0d,2026-07-10,256,76898122994,34.517,,
climb,토밤,4e95110caf152930f81299400ed72f71efe8d04e6d233bd35cf2fabdeb93fb0d,2026-07-11,256,76898122994,34.517,,
climb,토밤,4e95110caf152930f81299400ed72f71efe8d04e6d233bd35cf2fabdeb93fb0d,2026-07-12,256,76898122994,34.517,1084423,
climb,토밤,4e95110caf152930f81299400ed72f71efe8d04e6d233bd35cf2fabdeb93fb0d,2026-07-13,256,76898122994,34.517,,
climb,토밤,4e95110caf152930f81299400ed72f71efe8d04e6d233bd35cf2fabdeb93fb0d,2026-07-14,256,76898122994,34.517,,
climb,토밤,4e95110caf152930f81299400ed72f71efe8d04e6d233bd35cf2fabdeb93fb0d,2026-07-15,256,76898122994,34.517,,
climb,토밤,4e95110caf152930f81299400ed72f71efe8d04e6d233bd35cf2fabdeb93fb0d,2026-07-16,256,76898122994,34.517,,
climb,토밤,4e95110caf152930f81299400ed72f71efe8d04e6d233bd35cf2fabdeb93fb0d,2026-07-17,256,76898122994,34.517,,
climb,토밤,4e95110caf152930f81299400ed72f71efe8d04e6d233bd35cf2fabdeb93fb0d,2026-07-18,256,76898122994,34.517,,
climb,토밤,4e95110caf152930f81299400ed72f71efe8d04e6d233bd35cf2fabdeb93fb0d,2026-07-19,256,76898122994,34.517,,
climb,토밤,4e95110caf152930f81299400ed72f71efe8d04e6d233bd35cf2fabdeb93fb0d,2026-07-20,256,76898122994,34.517,1084423,
climb,토밤,4e95110caf152930f81299400ed72f71efe8d04e6d233bd35cf2fabdeb93fb0d,2026-07-21,256,76898122994,34.517,,
climb,토밤,4e95110caf152930f81299400ed72f71efe8d04e6d233bd35cf2fabdeb93fb0d,2026-07-22,256,76898122994,34.517,,
climb,메교마,3b5b09a50e30828c3e44fd25b6d831a7,2026-06-18,256,30997901291,13.914,1129,
climb,메교마,3b5b09a50e30828c3e44fd25b6d831a7,2026-06-19,256,30997901291,13.914,,
climb,메교마,3b5b09a50e30828c3e44fd25b6d831a7,2026-06-20,256,30997901291,13.914,,
climb,메교마,3b5b09a50e30828c3e44fd25b6d831a7,2026-06-21,256,30997901291,13.914,,
climb,메교마,3b5b09a50e30828c3e44fd25b6d831a7,2026-06-22,256,30997901291,13.914,,
climb,메교마,3b5b09a50e30828c3e44fd25b6d831a7,2026-06-23,256,30997901291,13.914,,
climb,메교마,3b5b09a50e30828c3e44fd25b6d831a7,2026-06-24,256,30997901291,13.914,,
climb,메교마,3b5b09a50e30828c3e44fd25b6d831a7,2026-06-25,256,30997901291,13.914,,
climb,메교마,3b5b09a50e30828c3e44fd25b6d831a7,2026-06-26,256,30997901291,13.914,1129,
climb,메교마,3b5b09a50e30828c3e44fd25b6d831a7,2026-06-27,256,30997901291,13.914,,
climb,메교마,3b5b09a50e30828c3e44fd25b6d831a7,2026-06-28,256,30997901291,13.914,,
climb,메교마,3b5b09a50e30828c3e44fd25b6d831a7,2026-06-29,256,30997901291,13.914,,
climb,메교마,3b5b09a50e30828c3e44fd25b6d831a7,2026-06-30,256,30997901291,13.914,,
climb,메교마,3b5b09a50e30828c3e44fd25b6d831a7,2026-07-01,256,30997901291,13.914,,
climb,메교마,3b5b09a50e30828c3e44fd25b6d831a7,2026-07-02,256,30997901291,13.914,,
climb,메교마,3b5b09a50e30828c3e44fd25b6d831a7,2026-07-03,256,30997901291,13.914,,
climb,메교마,3b5b09a50e30828c3e44fd25b6d831a7,2026-07-04,256,30997901291,13.914,1129,
climb,메교마,3b5b09a50e30828c3e44fd25b6d831a7,2026-07-05,256,30997901291,13.914,,
climb,메교마,3b5b09a50e30828c3e44fd25b6d831a7,2026-07-06,256,30997901291,13.914,,
climb,메교마,3b5b09a50e30828c3e44fd25b6d831a7,2026-07-07,256,30997901291,13.914,,
climb,메교마,3b5b09a50e30828c3e44fd25b6d831a7,2026-07-08,256,30997901291,13.914,,
climb,메교마,3b5b09a50e30828c3e44fd25b6d831a7,2026-07-09,256,30997901291,13.914,,
climb,메교마,3b5b09a50e30828c3e44fd25b6d831a7,2026-07-10,256,30997901291,13.914,,
climb,메교마,3b5b09a50e30828c3e44fd25b6d831a7,2026-07-11,256,30997901291,13.914,,
climb,메교마,3b5b09a50e30828c3e44fd25b6d831a7,2026-07-12,256,30997901291,13.914,1129,
climb,메교마,3b5b09a50e30828c3e44fd25b6d831a7,2026-07-13,256,30997901291,13.914,,
climb,메교마,3b5b09a50e30828c3e44fd25b6d831a7,2026-07-14,256,30997901291,13.914,,
climb,메교마,3b5b09a50e30828c3e44fd25b6d831a7,2026-07-15,256,30997901291,13.914,,
climb,메교마,3b5b09a50e30828c3e44fd25b6d831a7,2026-07-16,256,30997901291,13.914,,
climb,메교마,3b5b09a50e30828c3e44fd25b6d831a7,2026-07-17,256,30997901291,13.914,,
climb,메교마,3b5b09a50e30828c3e44fd25b6d831a7,2026-07-18,256,30997901291,13.914,,
climb,메교마,3b5b09a50e30828c3e44fd25b6d831a7,2026-07-19,256,30997901291,13.914,,
climb,메교마,3b5b09a50e30828c3e44fd25b6d831a7,2026-07-20,256,30997901291,13.914,1129,
climb,메교마,3b5b09a50e30828c3e44fd25b6d831a7,2026-07-21,256,30997901291,13.914,,
climb,메교마,3b5b09a50e30828c3e44fd25b6d831a7,2026-07-22,256,30997901291,13.914,,
climb,가지라구요,093d1dbf1e105865ca0d3f089298e8acefe8d04e6d233bd35cf2fabdeb93fb0d,2026-06-18,256,61823604240,27.750,5502053,
climb,가지라구요,093d1dbf1e105865ca0d3f089298e8acefe8d04e6d233bd35cf2fabdeb93fb0d,2026-06-19,256,61823604240,27.750,,
climb,가지라구요,093d1dbf1e105865ca0d3f089298e8acefe8d04e6d233bd35cf2fabdeb93fb0d,2026-06-20,256,61823604240,27.750,,
climb,가지라구요,093d1dbf1e105865ca0d3f089298e8acefe8d04e6d233bd35cf2fabdeb93fb0d,2026-06-21,256,61823604240,27.750,,
climb,가지라구요,093d1dbf1e105865ca0d3f089298e8acefe8d04e6d233bd35cf2fabdeb93fb0d,2026-06-22,256,61823604240,27.750,,
climb,가지라구요,093d1dbf1e105865ca0d3f089298e8acefe8d04e6d233bd35cf2fabdeb93fb0d,2026-06-23,256,61823604240,27.750,,
climb,가지라구요,093d1dbf1e105865ca0d3f089298e8acefe8d04e6d233bd35cf2fabdeb93fb0d,2026-06-24,256,61823604240,27.750,,
climb,가지라구요,093d1dbf1e105865ca0d3f089298e8acefe8d04e6d233bd35cf2fabdeb93fb0d,2026-06-25,256,61823604240,27.750,,
climb,가지라구요,093d1dbf1e105865ca0d3f089298e8acefe8d04e6d233bd35cf2fabdeb93fb0d,2026-06-26,256,61823604240,27.750,5502053,
climb,가지라구요,093d1dbf1e105865ca0d3f089298e8acefe8d04e6d233bd35cf2fabdeb93fb0d,2026-06-27,256,61823604240,27.750,,
climb,가지라구요,093d1dbf1e105865ca0d3f089298e8acefe8d04e6d233bd35cf2fabdeb93fb0d,2026-06-28,256,61823604240,27.750,,
climb,가지라구요,093d1dbf1e105865ca0d3f089298e8acefe8d04e6d233bd35cf2fabdeb93fb0d,2026-06-29,256,61823604240,27.750,,
climb,가지라구요,093d1dbf1e105865ca0d3f089298e8acefe8d04e6d233bd35cf2fabdeb93fb0d,2026-06-30,256,61823604240,27.750,,
climb,가지라구요,093d1dbf1e105865ca0d3f089298e8acefe8d04e6d233bd35cf2fabdeb93fb0d,2026-07-01,256,61823604240,27.750,,
climb,가지라구요,093d1dbf1e105865ca0d3f089298e8acefe8d04e6d233bd35cf2fabdeb93fb0d,2026-07-02,256,61823604240,27.750,,
climb,가지라구요,093d1dbf1e105865ca0d3f089298e8acefe8d04e6d233bd35cf2fabdeb93fb0d,2026-07-03,256,61823604240,27.750,,
climb,가지라구요,093d1dbf1e105865ca0d3f089298e8acefe8d04e6d233bd35cf2fabdeb93fb0d,2026-07-04,256,61823604240,27.750,4929256,
climb,가지라구요,093d1dbf1e105865ca0d3f089298e8acefe8d04e6d233bd35cf2fabdeb93fb0d,2026-07-05,256,61823604240,27.750,,
climb,가지라구요,093d1dbf1e105865ca0d3f089298e8acefe8d04e6d233bd35cf2fabdeb93fb0d,2026-07-06,256,61823604240,27.750,,
climb,가지라구요,093d1dbf1e105865ca0d3f089298e8acefe8d04e6d233bd35cf2fabdeb93fb0d,2026-07-07,256,61823604240,27.750,,
climb,가지라구요,093d1dbf1e105865ca0d3f089298e8acefe8d04e6d233bd35cf2fabdeb93fb0d,2026-07-08,256,61823604240,27.750,,
climb,가지라구요,093d1dbf1e105865ca0d3f089298e8acefe8d04e6d233bd35cf2fabdeb93fb0d,2026-07-09,256,61823604240,27.750,,
climb,가지라구요,093d1dbf1e105865ca0d3f089298e8acefe8d04e6d233bd35cf2fabdeb93fb0d,2026-07-10,256,61823604240,27.750,,
climb,가지라구요,093d1dbf1e105865ca0d3f089298e8acefe8d04e6d233bd35cf2fabdeb93fb0d,2026-07-11,256,61823604240,27.750,,
climb,가지라구요,093d1dbf1e105865ca0d3f089298e8acefe8d04e6d233bd35cf2fabdeb93fb0d,2026-07-12,256,61823604240,27.750,4929256,
climb,가지라구요,093d1dbf1e105865ca0d3f089298e8acefe8d04e6d233bd35cf2fabdeb93fb0d,2026-07-13,256,61823604240,27.750,,
climb,가지라구요,093d1dbf1e105865ca0d3f089298e8acefe8d04e6d233bd35cf2fabdeb93fb0d,2026-07-14,256,61823604240,27.750,,
climb,가지라구요,093d1dbf1e105865ca0d3f089298e8acefe8d04e6d233bd35cf2fabdeb93fb0d,2026-07-15,256,61823604240,27.750,,
climb,가지라구요,093d1dbf1e105865ca0d3f089298e8acefe8d04e6d233bd35cf2fabdeb93fb0d,2026-07-16,256,61823604240,27.750,,
climb,가지라구요,093d1dbf1e105865ca0d3f089298e8acefe8d04e6d233bd35cf2fabdeb93fb0d,2026-07-17,256,61823604240,27.750,,
climb,가지라구요,093d1dbf1e105865ca0d3f089298e8acefe8d04e6d233bd35cf2fabdeb93fb0d,2026-07-18,256,61823604240,27.750,,
climb,가지라구요,093d1dbf1e105865ca0d3f089298e8acefe8d04e6d233bd35cf2fabdeb93fb0d,2026-07-19,256,61823604240,27.750,,
climb,가지라구요,093d1dbf1e105865ca0d3f089298e8acefe8d04e6d233bd35cf2fabdeb93fb0d,2026-07-20,256,61823604240,27.750,4929256,
climb,가지라구요,093d1dbf1e105865ca0d3f089298e8acefe8d04e6d233bd35cf2fabdeb93fb0d,2026-07-21,256,61823604240,27.750,,
climb,가지라구요,093d1dbf1e105865ca0d3f089298e8acefe8d04e6d233bd35cf2fabdeb93fb0d,2026-07-22,256,61823604240,27.750,,
climb,늦엇네,28d97f8c4b9f673d366ec5776e874901,2026-06-18,256,87471723441,39.263,8226772,
climb,늦엇네,28d97f8c4b9f673d366ec5776e874901,2026-06-19,256,87471723441,39.263,,
climb,늦엇네,28d97f8c4b9f673d366ec5776e874901,2026-06-20,256,123765257210,55.553,,
climb,늦엇네,28d97f8c4b9f673d366ec5776e874901,2026-06-21,256,142216554406,63.835,,
climb,늦엇네,28d97f8c4b9f673d366ec5776e874901,2026-06-22,256,142216554406,63.835,,
climb,늦엇네,28d97f8c4b9f673d366ec5776e874901,2026-06-23,256,177934826302,79.868,,
climb,늦엇네,28d97f8c4b9f673d366ec5776e874901,2026-06-24,256,213194504925,95.695,,
climb,늦엇네,28d97f8c4b9f673d366ec5776e874901,2026-06-25,257,16198606246,7.059,,
climb,늦엇네,28d97f8c4b9f673d366ec5776e874901,2026-06-26,257,44078597156,19.209,7494479,
climb,늦엇네,28d97f8c4b9f673d366ec5776e874901,2026-06-27,257,71235916121,31.044,,
climb,늦엇네,28d97f8c4b9f673d366ec5776e874901,2026-06-28,257,98394213325,42.879,,
climb,늦엇네,28d97f8c4b9f673d366ec5776e874901,2026-06-29,257,124261421231,54.152,,
climb,늦엇네,28d97f8c4b9f673d366ec5776e874901,2026-06-30,257,124261421231,54.152,,
climb,늦엇네,28d97f8c4b9f673d366ec5776e874901,2026-07-01,257,124261421231,54.152,,
climb,늦엇네,28d97f8c4b9f673d366ec5776e874901,2026-07-02,257,124261421231,54.152,,
climb,늦엇네,28d97f8c4b9f673d366ec5776e874901,2026-07-03,257,124261421231,54.152,,
climb,늦엇네,28d97f8c4b9f673d366ec5776e874901,2026-07-04,257,124261421231,54.152,8549333,
climb,늦엇네,28d97f8c4b9f673d366ec5776e874901,2026-07-05,257,156843714980,68.351,,
climb,늦엇네,28d97f8c4b9f673d366ec5776e874901,2026-07-06,257,185303600469,80.753,,
climb,늦엇네,28d97f8c4b9f673d366ec5776e874901,2026-07-07,257,215226614060,93.793,,
climb,늦엇네,28d97f8c4b9f673d366ec5776e874901,2026-07-08,258,13756605456,5.820,,
climb,늦엇네,28d97f8c4b9f673d366ec5776e874901,2026-07-09,258,45871194356,19.408,,
climb,늦엇네,28d97f8c4b9f673d366ec5776e874901,2026-07-10,258,78602853969,33.256,,
climb,늦엇네,28d97f8c4b9f673d366ec5776e874901,2026-07-11,258,110541995674,46.770,,
climb,늦엇네,28d97f8c4b9f673d366ec5776e874901,2026-07-12,260,981317915669,56.661,7862439,
climb,늦엇네,28d97f8c4b9f673d366ec5776e874901,2026-07-13,260,981317915669,56.661,,
climb,늦엇네,28d97f8c4b9f673d366ec5776e874901,2026-07-14,260,981317915669,56.661,,
climb,늦엇네,28d97f8c4b9f673d366ec5776e874901,2026-07-15,260,981317915669,56.661,,
climb,늦엇네,28d97f8c4b9f673d366ec5776e874901,2026-07-16,260,981317915669,56.661,,
climb,늦엇네,28d97f8c4b9f673d366ec5776e874901,2026-07-17,260,981317915669,56.661,,
climb,늦엇네,28d97f8c4b9f673d366ec5776e874901,2026-07-18,260,981317915669,56.661,,
climb,늦엇네,28d97f8c4b9f673d366ec5776e874901,2026-07-19,260,981317915669,56.661,,
climb,늦엇네,28d97f8c4b9f673d366ec5776e874901,2026-07-20,260,981317915669,56.661,7862439,
climb,늦엇네,28d97f8c4b9f673d366ec5776e874901,2026-07-21,260,981317915669,56.661,,
climb,늦엇네,28d97f8c4b9f673d366ec5776e874901,2026-07-22,260,981317915669,56.661,,
climb,체꽂바퍼,bba1341aa50b301c4d6160b1291f7d5c,2026-06-18,256,51209662471,22.986,3009787,
climb,체꽂바퍼,bba1341aa50b301c4d6160b1291f7d5c,2026-06-19,256,51209662471,22.986,,
climb,체꽂바퍼,bba1341aa50b301c4d6160b1291f7d5c,2026-06-20,256,51209662471,22.986,,
climb,체꽂바퍼,bba1341aa50b301c4d6160b1291f7d5c,2026-06-21,256,51209662471,22.986,,
climb,체꽂바퍼,bba1341aa50b301c4d6160b1291f7d5c,2026-06-22,256,51209662471,22.986,,
climb,체꽂바퍼,bba1341aa50b301c4d6160b1291f7d5c,2026-06-23,256,51209662471,22.986,,
climb,체꽂바퍼,bba1341aa50b301c4d6160b1291f7d5c,2026-06-24,256,51209662471,22.986,,
climb,체꽂바퍼,bba1341aa50b301c4d6160b1291f7d5c,2026-06-25,256,51209662471,22.986,,
climb,체꽂바퍼,bba1341aa50b301c4d6160b1291f7d5c,2026-06-26,256,51209662471,22.986,3009787,
climb,체꽂바퍼,bba1341aa50b301c4d6160b1291f7d5c,2026-06-27,256,51209662471,22.986,,
climb,체꽂바퍼,bba1341aa50b301c4d6160b1291f7d5c,2026-06-28,256,51209662471,22.986,,
climb,체꽂바퍼,bba1341aa50b301c4d6160b1291f7d5c,2026-06-29,256,51209662471,22.986,,
climb,체꽂바퍼,bba1341aa50b301c4d6160b1291f7d5c,2026-06-30,256,51209662471,22.986,,
climb,체꽂바퍼,bba1341aa50b301c4d6160b1291f7d5c,2026-07-01,256,51209662471,22.986,,
climb,체꽂바퍼,bba1341aa50b301c4d6160b1291f7d5c,2026-07-02,256,51209662471,22.986,,
climb,체꽂바퍼,bba1341aa50b301c4d6160b1291f7d5c,2026-07-03,256,51209662471,22.986,,
climb,체꽂바퍼,bba1341aa50b301c4d6160b1291f7d5c,2026-07-04,256,51209662471,22.986,3009787,
climb,체꽂바퍼,bba1341aa50b301c4d6160b1291f7d5c,2026-07-05,256,51209662471,22.986,,
climb,체꽂바퍼,bba1341aa50b301c4d6160b1291f7d5c,2026-07-06,256,61435404151,27.576,,
climb,체꽂바퍼,bba1341aa50b301c4d6160b1291f7d5c,2026-07-07,256,80718835831,36.232,,
climb,체꽂바퍼,bba1341aa50b301c4d6160b1291f7d5c,2026-07-08,256,100002267511,44.887,,
climb,체꽂바퍼,bba1341aa50b301c4d6160b1291f7d5c,2026-07-09,256,127683247966,57.312,,
climb,체꽂바퍼,bba1341aa50b301c4d6160b1291f7d5c,2026-07-10,256,155364228421,69.737,,
climb,체꽂바퍼,bba1341aa50b301c4d6160b1291f7d5c,2026-07-11,256,183045208876,82.162,,
climb,체꽂바퍼,bba1341aa50b301c4d6160b1291f7d5c,2026-07-12,256,210726189331,94.587,2411633,
climb,체꽂바퍼,bba1341aa50b301c4d6160b1291f7d5c,2026-07-13,257,15621100297,6.807,,
climb,체꽂바퍼,bba1341aa50b301c4d6160b1291f7d5c,2026-07-14,257,61599267264,26.844,,
climb,체꽂바퍼,bba1341aa50b301c4d6160b1291f7d5c,2026-07-15,257,89280247719,38.907,,
climb,체꽂바퍼,bba1341aa50b301c4d6160b1291f7d5c,2026-07-16,257,116961228174,50.970,,
climb,체꽂바퍼,bba1341aa50b301c4d6160b1291f7d5c,2026-07-17,257,144642208629,63.033,,
climb,체꽂바퍼,bba1341aa50b301c4d6160b1291f7d5c,2026-07-18,257,172323189084,75.096,,
climb,체꽂바퍼,bba1341aa50b301c4d6160b1291f7d5c,2026-07-19,257,200004169539,87.159,,
climb,체꽂바퍼,bba1341aa50b301c4d6160b1291f7d5c,2026-07-20,257,227685149994,99.222,2414245,
climb,체꽂바퍼,bba1341aa50b301c4d6160b1291f7d5c,2026-07-21,258,25896478876,10.957,,
climb,체꽂바퍼,bba1341aa50b301c4d6160b1291f7d5c,2026-07-22,258,53577459331,22.668,,
climb,EESYA,232d375b157c3bb4c2c8c38fff584609,2026-06-18,256,66712549333,29.945,4814398,
climb,EESYA,232d375b157c3bb4c2c8c38fff584609,2026-06-19,256,66712549333,29.945,,
climb,EESYA,232d375b157c3bb4c2c8c38fff584609,2026-06-20,256,66712549333,29.945,,
climb,EESYA,232d375b157c3bb4c2c8c38fff584609,2026-06-21,259,34438635196,14.146,,
climb,EESYA,232d375b157c3bb4c2c8c38fff584609,2026-06-22,260,800326229926,46.210,,
climb,EESYA,232d375b157c3bb4c2c8c38fff584609,2026-06-23,260,800326229926,46.210,,
climb,EESYA,232d375b157c3bb4c2c8c38fff584609,2026-06-24,260,800326229926,46.210,,
climb,EESYA,232d375b157c3bb4c2c8c38fff584609,2026-06-25,262,18423375697,1.043,,
climb,EESYA,232d375b157c3bb4c2c8c38fff584609,2026-06-26,262,642753561933,36.381,5012252,
climb,EESYA,232d375b157c3bb4c2c8c38fff584609,2026-06-27,262,642753561933,36.381,,
climb,EESYA,232d375b157c3bb4c2c8c38fff584609,2026-06-28,262,642753561933,36.381,,
climb,EESYA,232d375b157c3bb4c2c8c38fff584609,2026-06-29,262,642753561933,36.381,,
climb,EESYA,232d375b157c3bb4c2c8c38fff584609,2026-06-30,262,642753561933,36.381,,
climb,EESYA,232d375b157c3bb4c2c8c38fff584609,2026-07-01,262,642753561933,36.381,,
climb,EESYA,232d375b157c3bb4c2c8c38fff584609,2026-07-02,262,642753561933,36.381,,
climb,EESYA,232d375b157c3bb4c2c8c38fff584609,2026-07-03,262,642753561933,36.381,,
climb,EESYA,232d375b157c3bb4c2c8c38fff584609,2026-07-04,262,642753561933,36.381,5012252,
climb,EESYA,232d375b157c3bb4c2c8c38fff584609,2026-07-05,262,642753561933,36.381,,
climb,EESYA,232d375b157c3bb4c2c8c38fff584609,2026-07-06,262,642753561933,36.381,,
climb,EESYA,232d375b157c3bb4c2c8c38fff584609,2026-07-07,262,642753561933,36.381,,
climb,EESYA,232d375b157c3bb4c2c8c38fff584609,2026-07-08,262,642753561933,36.381,,
climb,EESYA,232d375b157c3bb4c2c8c38fff584609,2026-07-09,262,642753561933,36.381,,
climb,EESYA,232d375b157c3bb4c2c8c38fff584609,2026-07-10,262,642753561933,36.381,,
climb,EESYA,232d375b157c3bb4c2c8c38fff584609,2026-07-11,262,642753561933,36.381,,
climb,EESYA,232d375b157c3bb4c2c8c38fff584609,2026-07-12,262,642753561933,36.381,5012252,
climb,EESYA,232d375b157c3bb4c2c8c38fff584609,2026-07-13,262,642753561933,36.381,,
climb,EESYA,232d375b157c3bb4c2c8c38fff584609,2026-07-14,262,642753561933,36.381,,
climb,EESYA,232d375b157c3bb4c2c8c38fff584609,2026-07-15,262,642753561933,36.381,,
climb,EESYA,232d375b157c3bb4c2c8c38fff584609,2026-07-16,262,642753561933,36.381,,
climb,EESYA,232d375b157c3bb4c2c8c38fff584609,2026-07-17,262,642753561933,36.381,,
climb,EESYA,232d375b157c3bb4c2c8c38fff584609,2026-07-18,262,642753561933,36.381,,
climb,EESYA,232d375b157c3bb4c2c8c38fff584609,2026-07-19,262,642753561933,36.381,,
climb,EESYA,232d375b157c3bb4c2c8c38fff584609,2026-07-20,262,642753561933,36.381,5012252,
climb,EESYA,232d375b157c3bb4c2c8c38fff584609,2026-07-21,262,642753561933,36.381,,
climb,EESYA,232d375b157c3bb4c2c8c38fff584609,2026-07-22,262,642753561933,36.381,,
climb,ApricotSoul,0cfaf18faa25c5aa9f237408d79dfe4a,2026-06-18,256,85993050560,38.599,2970831,
climb,ApricotSoul,0cfaf18faa25c5aa9f237408d79dfe4a,2026-06-19,256,85993050560,38.599,,
climb,ApricotSoul,0cfaf18faa25c5aa9f237408d79dfe4a,2026-06-20,256,85993050560,38.599,,
climb,ApricotSoul,0cfaf18faa25c5aa9f237408d79dfe4a,2026-06-21,256,85993050560,38.599,,
climb,ApricotSoul,0cfaf18faa25c5aa9f237408d79dfe4a,2026-06-22,256,85993050560,38.599,,
climb,ApricotSoul,0cfaf18faa25c5aa9f237408d79dfe4a,2026-06-23,256,85993050560,38.599,,
climb,ApricotSoul,0cfaf18faa25c5aa9f237408d79dfe4a,2026-06-24,256,85993050560,38.599,,
climb,ApricotSoul,0cfaf18faa25c5aa9f237408d79dfe4a,2026-06-25,256,85993050560,38.599,,
climb,ApricotSoul,0cfaf18faa25c5aa9f237408d79dfe4a,2026-06-26,256,85993050560,38.599,2970831,
climb,ApricotSoul,0cfaf18faa25c5aa9f237408d79dfe4a,2026-06-27,256,85993050560,38.599,,
climb,ApricotSoul,0cfaf18faa25c5aa9f237408d79dfe4a,2026-06-28,256,85993050560,38.599,,
climb,ApricotSoul,0cfaf18faa25c5aa9f237408d79dfe4a,2026-06-29,256,85993050560,38.599,,
climb,ApricotSoul,0cfaf18faa25c5aa9f237408d79dfe4a,2026-06-30,256,85993050560,38.599,,
climb,ApricotSoul,0cfaf18faa25c5aa9f237408d79dfe4a,2026-07-01,256,85993050560,38.599,,
climb,ApricotSoul,0cfaf18faa25c5aa9f237408d79dfe4a,2026-07-02,256,85993050560,38.599,,
climb,ApricotSoul,0cfaf18faa25c5aa9f237408d79dfe4a,2026-07-03,256,85993050560,38.599,,
climb,ApricotSoul,0cfaf18faa25c5aa9f237408d79dfe4a,2026-07-04,256,85993050560,38.599,2970831,
climb,ApricotSoul,0cfaf18faa25c5aa9f237408d79dfe4a,2026-07-05,256,85993050560,38.599,,
climb,ApricotSoul,0cfaf18faa25c5aa9f237408d79dfe4a,2026-07-06,256,85993050560,38.599,,
climb,ApricotSoul,0cfaf18faa25c5aa9f237408d79dfe4a,2026-07-07,256,85993050560,38.599,,
climb,ApricotSoul,0cfaf18faa25c5aa9f237408d79dfe4a,2026-07-08,256,85993050560,38.599,,
climb,ApricotSoul,0cfaf18faa25c5aa9f237408d79dfe4a,2026-07-09,256,85993050560,38.599,,
climb,ApricotSoul,0cfaf18faa25c5aa9f237408d79dfe4a,2026-07-10,256,85993050560,38.599,,
climb,ApricotSoul,0cfaf18faa25c5aa9f237408d79dfe4a,2026-07-11,256,85993050560,38.599,,
climb,ApricotSoul,0cfaf18faa25c5aa9f237408d79dfe4a,2026-07-12,256,85993050560,38.599,2970831,
climb,ApricotSoul,0cfaf18faa25c5aa9f237408d79dfe4a,2026-07-13,256,85993050560,38.599,,
climb,ApricotSoul,0cfaf18faa25c5aa9f237408d79dfe4a,2026-07-14,256,85993050560,38.599,,
climb,ApricotSoul,0cfaf18faa25c5aa9f237408d79dfe4a,2026-07-15,256,85993050560,38.599,,
climb,ApricotSoul,0cfaf18faa25c5aa9f237408d79dfe4a,2026-07-16,256,85993050560,38.599,,
climb,ApricotSoul,0cfaf18faa25c5aa9f237408d79dfe4a,2026-07-17,256,85993050560,38.599,,
climb,ApricotSoul,0cfaf18faa25c5aa9f237408d79dfe4a,2026-07-18,256,85993050560,38.599,,
climb,ApricotSoul,0cfaf18faa25c5aa9f237408d79dfe4a,2026-07-19,256,85993050560,38.599,,
climb,ApricotSoul,0cfaf18faa25c5aa9f237408d79dfe4a,2026-07-20,256,85993050560,38.599,2970831,
climb,ApricotSoul,0cfaf18faa25c5aa9f237408d79dfe4a,2026-07-21,256,85993050560,38.599,,
climb,ApricotSoul,0cfaf18faa25c5aa9f237408d79dfe4a,2026-07-22,256,85993050560,38.599,,
climb,15주년개창률,107f521c149c8d1dce72ab4c05a7b4f7,2026-06-18,256,47078048276,21.132,6761977,
climb,15주년개창률,107f521c149c8d1dce72ab4c05a7b4f7,2026-06-19,256,47078048276,21.132,,
climb,15주년개창률,107f521c149c8d1dce72ab4c05a7b4f7,2026-06-20,256,47078048276,21.132,,
climb,15주년개창률,107f521c149c8d1dce72ab4c05a7b4f7,2026-06-21,256,47078048276,21.132,,
climb,15주년개창률,107f521c149c8d1dce72ab4c05a7b4f7,2026-06-22,256,47078048276,21.132,,
climb,15주년개창률,107f521c149c8d1dce72ab4c05a7b4f7,2026-06-23,256,47078048276,21.132,,
climb,15주년개창률,107f521c149c8d1dce72ab4c05a7b4f7,2026-06-24,256,47078048276,21.132,,
climb,15주년개창률,107f521c149c8d1dce72ab4c05a7b4f7,2026-06-25,256,47078048276,21.132,,
climb,15주년개창률,107f521c149c8d1dce72ab4c05a7b4f7,2026-06-26,256,47078048276,21.132,6761977,
climb,15주년개창률,107f521c149c8d1dce72ab4c05a7b4f7,2026-06-27,256,47078048276,21.132,,
climb,15주년개창률,107f521c149c8d1dce72ab4c05a7b4f7,2026-06-28,256,47078048276,21.132,,
climb,15주년개창률,107f521c149c8d1dce72ab4c05a7b4f7,2026-06-29,256,47078048276,21.132,,
climb,15주년개창률,107f521c149c8d1dce72ab4c05a7b4f7,2026-06-30,256,47078048276,21.132,,
climb,15주년개창률,107f521c149c8d1dce72ab4c05a7b4f7,2026-07-01,256,47078048276,21.132,,
climb,15주년개창률,107f521c149c8d1dce72ab4c05a7b4f7,2026-07-02,256,47078048276,21.132,,
climb,15주년개창률,107f521c149c8d1dce72ab4c05a7b4f7,2026-07-03,256,47078048276,21.132,,
climb,15주년개창률,107f521c149c8d1dce72ab4c05a7b4f7,2026-07-04,256,47078048276,21.132,6761977,
climb,15주년개창률,107f521c149c8d1dce72ab4c05a7b4f7,2026-07-05,256,47078048276,21.132,,
climb,15주년개창률,107f521c149c8d1dce72ab4c05a7b4f7,2026-07-06,256,47078048276,21.132,,
climb,15주년개창률,107f521c149c8d1dce72ab4c05a7b4f7,2026-07-07,256,47078048276,21.132,,
climb,15주년개창률,107f521c149c8d1dce72ab4c05a7b4f7,2026-07-08,256,47078048276,21.132,,
climb,15주년개창률,107f521c149c8d1dce72ab4c05a7b4f7,2026-07-09,256,47078048276,21.132,,
climb,15주년개창률,107f521c149c8d1dce72ab4c05a7b4f7,2026-07-10,256,47078048276,21.132,,
climb,15주년개창률,107f521c149c8d1dce72ab4c05a7b4f7,2026-07-11,256,47078048276,21.132,,
climb,15주년개창률,107f521c149c8d1dce72ab4c05a7b4f7,2026-07-12,256,47078048276,21.132,6761977,
climb,15주년개창률,107f521c149c8d1dce72ab4c05a7b4f7,2026-07-13,256,47078048276,21.132,,
climb,15주년개창률,107f521c149c8d1dce72ab4c05a7b4f7,2026-07-14,256,47078048276,21.132,,
climb,15주년개창률,107f521c149c8d1dce72ab4c05a7b4f7,2026-07-15,256,47078048276,21.132,,
climb,15주년개창률,107f521c149c8d1dce72ab4c05a7b4f7,2026-07-16,256,47078048276,21.132,,
climb,15주년개창률,107f521c149c8d1dce72ab4c05a7b4f7,2026-07-17,256,47078048276,21.132,,
climb,15주년개창률,107f521c149c8d1dce72ab4c05a7b4f7,2026-07-18,256,47078048276,21.132,,
climb,15주년개창률,107f521c149c8d1dce72ab4c05a7b4f7,2026-07-19,256,47078048276,21.132,,
climb,15주년개창률,107f521c149c8d1dce72ab4c05a7b4f7,2026-07-20,256,47078048276,21.132,6007527,
climb,15주년개창률,107f521c149c8d1dce72ab4c05a7b4f7,2026-07-21,256,47078048276,21.132,,
climb,15주년개창률,107f521c149c8d1dce72ab4c05a7b4f7,2026-07-22,256,47078048276,21.132,,
climb,정민빵디빵야,c0d999941794b0a4225a95fc10e8eb20efe8d04e6d233bd35cf2fabdeb93fb0d,2026-06-18,256,177371407589,79.615,1582860,
climb,정민빵디빵야,c0d999941794b0a4225a95fc10e8eb20efe8d04e6d233bd35cf2fabdeb93fb0d,2026-06-19,256,177371407589,79.615,,
climb,정민빵디빵야,c0d999941794b0a4225a95fc10e8eb20efe8d04e6d233bd35cf2fabdeb93fb0d,2026-06-20,257,83184040804,36.251,,
climb,정민빵디빵야,c0d999941794b0a4225a95fc10e8eb20efe8d04e6d233bd35cf2fabdeb93fb0d,2026-06-21,258,131196622539,55.509,,
climb,정민빵디빵야,c0d999941794b0a4225a95fc10e8eb20efe8d04e6d233bd35cf2fabdeb93fb0d,2026-06-22,259,23577640194,9.685,,
climb,정민빵디빵야,c0d999941794b0a4225a95fc10e8eb20efe8d04e6d233bd35cf2fabdeb93fb0d,2026-06-23,259,71479516986,29.362,,
climb,정민빵디빵야,c0d999941794b0a4225a95fc10e8eb20efe8d04e6d233bd35cf2fabdeb93fb0d,2026-06-24,259,205926105727,84.589,,
climb,정민빵디빵야,c0d999941794b0a4225a95fc10e8eb20efe8d04e6d233bd35cf2fabdeb93fb0d,2026-06-25,260,484542482310,27.977,,
climb,정민빵디빵야,c0d999941794b0a4225a95fc10e8eb20efe8d04e6d233bd35cf2fabdeb93fb0d,2026-06-26,260,484542482310,27.977,2030412,
climb,정민빵디빵야,c0d999941794b0a4225a95fc10e8eb20efe8d04e6d233bd35cf2fabdeb93fb0d,2026-06-27,260,484542482310,27.977,,
climb,정민빵디빵야,c0d999941794b0a4225a95fc10e8eb20efe8d04e6d233bd35cf2fabdeb93fb0d,2026-06-28,260,484542482310,27.977,,
climb,정민빵디빵야,c0d999941794b0a4225a95fc10e8eb20efe8d04e6d233bd35cf2fabdeb93fb0d,2026-06-29,260,484542482310,27.977,,
climb,정민빵디빵야,c0d999941794b0a4225a95fc10e8eb20efe8d04e6d233bd35cf2fabdeb93fb0d,2026-06-30,260,484542482310,27.977,,
climb,정민빵디빵야,c0d999941794b0a4225a95fc10e8eb20efe8d04e6d233bd35cf2fabdeb93fb0d,2026-07-01,260,484542482310,27.977,,
climb,정민빵디빵야,c0d999941794b0a4225a95fc10e8eb20efe8d04e6d233bd35cf2fabdeb93fb0d,2026-07-02,260,484542482310,27.977,,
climb,정민빵디빵야,c0d999941794b0a4225a95fc10e8eb20efe8d04e6d233bd35cf2fabdeb93fb0d,2026-07-03,260,484542482310,27.977,,
climb,정민빵디빵야,c0d999941794b0a4225a95fc10e8eb20efe8d04e6d233bd35cf2fabdeb93fb0d,2026-07-04,260,484589673270,27.980,1965102,
climb,정민빵디빵야,c0d999941794b0a4225a95fc10e8eb20efe8d04e6d233bd35cf2fabdeb93fb0d,2026-07-05,260,484589673270,27.980,,
climb,정민빵디빵야,c0d999941794b0a4225a95fc10e8eb20efe8d04e6d233bd35cf2fabdeb93fb0d,2026-07-06,260,484589673270,27.980,,
climb,정민빵디빵야,c0d999941794b0a4225a95fc10e8eb20efe8d04e6d233bd35cf2fabdeb93fb0d,2026-07-07,260,484589673270,27.980,,
climb,정민빵디빵야,c0d999941794b0a4225a95fc10e8eb20efe8d04e6d233bd35cf2fabdeb93fb0d,2026-07-08,260,484613782130,27.981,,
climb,정민빵디빵야,c0d999941794b0a4225a95fc10e8eb20efe8d04e6d233bd35cf2fabdeb93fb0d,2026-07-09,260,484613782130,27.981,,
climb,정민빵디빵야,c0d999941794b0a4225a95fc10e8eb20efe8d04e6d233bd35cf2fabdeb93fb0d,2026-07-10,260,484617982130,27.982,,
climb,정민빵디빵야,c0d999941794b0a4225a95fc10e8eb20efe8d04e6d233bd35cf2fabdeb93fb0d,2026-07-11,260,484617982130,27.982,,
climb,정민빵디빵야,c0d999941794b0a4225a95fc10e8eb20efe8d04e6d233bd35cf2fabdeb93fb0d,2026-07-12,260,484617982130,27.982,1140474,
climb,정민빵디빵야,c0d999941794b0a4225a95fc10e8eb20efe8d04e6d233bd35cf2fabdeb93fb0d,2026-07-13,260,484617982130,27.982,,
climb,정민빵디빵야,c0d999941794b0a4225a95fc10e8eb20efe8d04e6d233bd35cf2fabdeb93fb0d,2026-07-14,260,484722081717,27.988,,
climb,정민빵디빵야,c0d999941794b0a4225a95fc10e8eb20efe8d04e6d233bd35cf2fabdeb93fb0d,2026-07-15,260,484722081717,27.988,,
climb,정민빵디빵야,c0d999941794b0a4225a95fc10e8eb20efe8d04e6d233bd35cf2fabdeb93fb0d,2026-07-16,260,484722081717,27.988,,
climb,정민빵디빵야,c0d999941794b0a4225a95fc10e8eb20efe8d04e6d233bd35cf2fabdeb93fb0d,2026-07-17,260,484722081717,27.988,,
climb,정민빵디빵야,c0d999941794b0a4225a95fc10e8eb20efe8d04e6d233bd35cf2fabdeb93fb0d,2026-07-18,260,484722081717,27.988,,
climb,정민빵디빵야,c0d999941794b0a4225a95fc10e8eb20efe8d04e6d233bd35cf2fabdeb93fb0d,2026-07-19,260,484722081717,27.988,,
climb,정민빵디빵야,c0d999941794b0a4225a95fc10e8eb20efe8d04e6d233bd35cf2fabdeb93fb0d,2026-07-20,260,484722081717,27.988,1429729,
climb,정민빵디빵야,c0d999941794b0a4225a95fc10e8eb20efe8d04e6d233bd35cf2fabdeb93fb0d,2026-07-21,260,484722081717,27.988,,
climb,정민빵디빵야,c0d999941794b0a4225a95fc10e8eb20efe8d04e6d233bd35cf2fabdeb93fb0d,2026-07-22,260,484801916952,27.992,,
climb,옹고zip,4927a817cdd994016bcd144cfb19d0b7efe8d04e6d233bd35cf2fabdeb93fb0d,2026-06-18,256,94707505623,42.511,113575,
climb,옹고zip,4927a817cdd994016bcd144cfb19d0b7efe8d04e6d233bd35cf2fabdeb93fb0d,2026-06-19,256,94707505623,42.511,,
climb,옹고zip,4927a817cdd994016bcd144cfb19d0b7efe8d04e6d233bd35cf2fabdeb93fb0d,2026-06-20,256,94707505623,42.511,,
climb,옹고zip,4927a817cdd994016bcd144cfb19d0b7efe8d04e6d233bd35cf2fabdeb93fb0d,2026-06-21,256,94707505623,42.511,,
climb,옹고zip,4927a817cdd994016bcd144cfb19d0b7efe8d04e6d233bd35cf2fabdeb93fb0d,2026-06-22,256,94707505623,42.511,,
climb,옹고zip,4927a817cdd994016bcd144cfb19d0b7efe8d04e6d233bd35cf2fabdeb93fb0d,2026-06-23,256,94707505623,42.511,,
climb,옹고zip,4927a817cdd994016bcd144cfb19d0b7efe8d04e6d233bd35cf2fabdeb93fb0d,2026-06-24,256,94707505623,42.511,,
climb,옹고zip,4927a817cdd994016bcd144cfb19d0b7efe8d04e6d233bd35cf2fabdeb93fb0d,2026-06-25,256,94707505623,42.511,,
climb,옹고zip,4927a817cdd994016bcd144cfb19d0b7efe8d04e6d233bd35cf2fabdeb93fb0d,2026-06-26,256,94707505623,42.511,113575,
climb,옹고zip,4927a817cdd994016bcd144cfb19d0b7efe8d04e6d233bd35cf2fabdeb93fb0d,2026-06-27,256,94707505623,42.511,,
climb,옹고zip,4927a817cdd994016bcd144cfb19d0b7efe8d04e6d233bd35cf2fabdeb93fb0d,2026-06-28,256,94707505623,42.511,,
climb,옹고zip,4927a817cdd994016bcd144cfb19d0b7efe8d04e6d233bd35cf2fabdeb93fb0d,2026-06-29,256,94707505623,42.511,,
climb,옹고zip,4927a817cdd994016bcd144cfb19d0b7efe8d04e6d233bd35cf2fabdeb93fb0d,2026-06-30,256,94707505623,42.511,,
climb,옹고zip,4927a817cdd994016bcd144cfb19d0b7efe8d04e6d233bd35cf2fabdeb93fb0d,2026-07-01,256,94707505623,42.511,,
climb,옹고zip,4927a817cdd994016bcd144cfb19d0b7efe8d04e6d233bd35cf2fabdeb93fb0d,2026-07-02,256,94707505623,42.511,,
climb,옹고zip,4927a817cdd994016bcd144cfb19d0b7efe8d04e6d233bd35cf2fabdeb93fb0d,2026-07-03,256,94707505623,42.511,,
climb,옹고zip,4927a817cdd994016bcd144cfb19d0b7efe8d04e6d233bd35cf2fabdeb93fb0d,2026-07-04,256,94707505623,42.511,113575,
climb,옹고zip,4927a817cdd994016bcd144cfb19d0b7efe8d04e6d233bd35cf2fabdeb93fb0d,2026-07-05,256,94707505623,42.511,,
climb,옹고zip,4927a817cdd994016bcd144cfb19d0b7efe8d04e6d233bd35cf2fabdeb93fb0d,2026-07-06,256,94707505623,42.511,,
climb,옹고zip,4927a817cdd994016bcd144cfb19d0b7efe8d04e6d233bd35cf2fabdeb93fb0d,2026-07-07,256,94707505623,42.511,,
climb,옹고zip,4927a817cdd994016bcd144cfb19d0b7efe8d04e6d233bd35cf2fabdeb93fb0d,2026-07-08,256,94707505623,42.511,,
climb,옹고zip,4927a817cdd994016bcd144cfb19d0b7efe8d04e6d233bd35cf2fabdeb93fb0d,2026-07-09,256,94707505623,42.511,,
climb,옹고zip,4927a817cdd994016bcd144cfb19d0b7efe8d04e6d233bd35cf2fabdeb93fb0d,2026-07-10,256,94707505623,42.511,,
climb,옹고zip,4927a817cdd994016bcd144cfb19d0b7efe8d04e6d233bd35cf2fabdeb93fb0d,2026-07-11,256,94707505623,42.511,,
climb,옹고zip,4927a817cdd994016bcd144cfb19d0b7efe8d04e6d233bd35cf2fabdeb93fb0d,2026-07-12,256,94707505623,42.511,113575,
climb,옹고zip,4927a817cdd994016bcd144cfb19d0b7efe8d04e6d233bd35cf2fabdeb93fb0d,2026-07-13,256,94707505623,42.511,,
climb,옹고zip,4927a817cdd994016bcd144cfb19d0b7efe8d04e6d233bd35cf2fabdeb93fb0d,2026-07-14,256,94707505623,42.511,,
climb,옹고zip,4927a817cdd994016bcd144cfb19d0b7efe8d04e6d233bd35cf2fabdeb93fb0d,2026-07-15,256,94707505623,42.511,,
climb,옹고zip,4927a817cdd994016bcd144cfb19d0b7efe8d04e6d233bd35cf2fabdeb93fb0d,2026-07-16,256,94707505623,42.511,,
climb,옹고zip,4927a817cdd994016bcd144cfb19d0b7efe8d04e6d233bd35cf2fabdeb93fb0d,2026-07-17,256,94707505623,42.511,,
climb,옹고zip,4927a817cdd994016bcd144cfb19d0b7efe8d04e6d233bd35cf2fabdeb93fb0d,2026-07-18,256,94707505623,42.511,,
climb,옹고zip,4927a817cdd994016bcd144cfb19d0b7efe8d04e6d233bd35cf2fabdeb93fb0d,2026-07-19,256,94707505623,42.511,,
climb,옹고zip,4927a817cdd994016bcd144cfb19d0b7efe8d04e6d233bd35cf2fabdeb93fb0d,2026-07-20,256,94707505623,42.511,113575,
climb,옹고zip,4927a817cdd994016bcd144cfb19d0b7efe8d04e6d233bd35cf2fabdeb93fb0d,2026-07-21,256,94707505623,42.511,,
climb,옹고zip,4927a817cdd994016bcd144cfb19d0b7efe8d04e6d233bd35cf2fabdeb93fb0d,2026-07-22,256,94707505623,42.511,,
climb,가을봄데몬,980246ee30088f65a3049bc9d465a6a286e68d4012202d0434d05f81868f68e3,2026-06-18,256,47051578814,21.120,110748,
climb,가을봄데몬,980246ee30088f65a3049bc9d465a6a286e68d4012202d0434d05f81868f68e3,2026-06-19,256,47051578814,21.120,,
climb,가을봄데몬,980246ee30088f65a3049bc9d465a6a286e68d4012202d0434d05f81868f68e3,2026-06-20,256,47051578814,21.120,,
climb,가을봄데몬,980246ee30088f65a3049bc9d465a6a286e68d4012202d0434d05f81868f68e3,2026-06-21,256,47051578814,21.120,,
climb,가을봄데몬,980246ee30088f65a3049bc9d465a6a286e68d4012202d0434d05f81868f68e3,2026-06-22,256,47051578814,21.120,,
climb,가을봄데몬,980246ee30088f65a3049bc9d465a6a286e68d4012202d0434d05f81868f68e3,2026-06-23,256,47051578814,21.120,,
climb,가을봄데몬,980246ee30088f65a3049bc9d465a6a286e68d4012202d0434d05f81868f68e3,2026-06-24,256,47051578814,21.120,,
climb,가을봄데몬,980246ee30088f65a3049bc9d465a6a286e68d4012202d0434d05f81868f68e3,2026-06-25,256,47051578814,21.120,,
climb,가을봄데몬,980246ee30088f65a3049bc9d465a6a286e68d4012202d0434d05f81868f68e3,2026-06-26,256,47051578814,21.120,110748,
climb,가을봄데몬,980246ee30088f65a3049bc9d465a6a286e68d4012202d0434d05f81868f68e3,2026-06-27,256,47051578814,21.120,,
climb,가을봄데몬,980246ee30088f65a3049bc9d465a6a286e68d4012202d0434d05f81868f68e3,2026-06-28,256,47051578814,21.120,,
climb,가을봄데몬,980246ee30088f65a3049bc9d465a6a286e68d4012202d0434d05f81868f68e3,2026-06-29,256,47051578814,21.120,,
climb,가을봄데몬,980246ee30088f65a3049bc9d465a6a286e68d4012202d0434d05f81868f68e3,2026-06-30,256,47051578814,21.120,,
climb,가을봄데몬,980246ee30088f65a3049bc9d465a6a286e68d4012202d0434d05f81868f68e3,2026-07-01,256,47051578814,21.120,,
climb,가을봄데몬,980246ee30088f65a3049bc9d465a6a286e68d4012202d0434d05f81868f68e3,2026-07-02,256,47051578814,21.120,,
climb,가을봄데몬,980246ee30088f65a3049bc9d465a6a286e68d4012202d0434d05f81868f68e3,2026-07-03,256,47051578814,21.120,,
climb,가을봄데몬,980246ee30088f65a3049bc9d465a6a286e68d4012202d0434d05f81868f68e3,2026-07-04,256,47051578814,21.120,110748,
climb,가을봄데몬,980246ee30088f65a3049bc9d465a6a286e68d4012202d0434d05f81868f68e3,2026-07-05,256,47051578814,21.120,,
climb,가을봄데몬,980246ee30088f65a3049bc9d465a6a286e68d4012202d0434d05f81868f68e3,2026-07-06,256,47051578814,21.120,,
climb,가을봄데몬,980246ee30088f65a3049bc9d465a6a286e68d4012202d0434d05f81868f68e3,2026-07-07,256,47051578814,21.120,,
climb,가을봄데몬,980246ee30088f65a3049bc9d465a6a286e68d4012202d0434d05f81868f68e3,2026-07-08,256,47051578814,21.120,,
climb,가을봄데몬,980246ee30088f65a3049bc9d465a6a286e68d4012202d0434d05f81868f68e3,2026-07-09,256,47051578814,21.120,,
climb,가을봄데몬,980246ee30088f65a3049bc9d465a6a286e68d4012202d0434d05f81868f68e3,2026-07-10,256,47051578814,21.120,,
climb,가을봄데몬,980246ee30088f65a3049bc9d465a6a286e68d4012202d0434d05f81868f68e3,2026-07-11,256,47051578814,21.120,,
climb,가을봄데몬,980246ee30088f65a3049bc9d465a6a286e68d4012202d0434d05f81868f68e3,2026-07-12,256,47051578814,21.120,110748,
climb,가을봄데몬,980246ee30088f65a3049bc9d465a6a286e68d4012202d0434d05f81868f68e3,2026-07-13,256,47051578814,21.120,,
climb,가을봄데몬,980246ee30088f65a3049bc9d465a6a286e68d4012202d0434d05f81868f68e3,2026-07-14,256,47051578814,21.120,,
climb,가을봄데몬,980246ee30088f65a3049bc9d465a6a286e68d4012202d0434d05f81868f68e3,2026-07-15,256,47051578814,21.120,,
climb,가을봄데몬,980246ee30088f65a3049bc9d465a6a286e68d4012202d0434d05f81868f68e3,2026-07-16,256,47051578814,21.120,,
climb,가을봄데몬,980246ee30088f65a3049bc9d465a6a286e68d4012202d0434d05f81868f68e3,2026-07-17,256,47051578814,21.120,,
climb,가을봄데몬,980246ee30088f65a3049bc9d465a6a286e68d4012202d0434d05f81868f68e3,2026-07-18,256,47051578814,21.120,,
climb,가을봄데몬,980246ee30088f65a3049bc9d465a6a286e68d4012202d0434d05f81868f68e3,2026-07-19,256,47051578814,21.120,,
climb,가을봄데몬,980246ee30088f65a3049bc9d465a6a286e68d4012202d0434d05f81868f68e3,2026-07-20,256,47051578814,21.120,110748,
climb,가을봄데몬,980246ee30088f65a3049bc9d465a6a286e68d4012202d0434d05f81868f68e3,2026-07-21,256,47051578814,21.120,,
climb,가을봄데몬,980246ee30088f65a3049bc9d465a6a286e68d4012202d0434d05f81868f68e3,2026-07-22,256,47051578814,21.120,,
climb,블랙펄소마,630bcdbe0858d96fc5ddda08bc14185d,2026-06-18,256,102448471070,45.985,3655856,
climb,블랙펄소마,630bcdbe0858d96fc5ddda08bc14185d,2026-06-19,256,102448471070,45.985,,
climb,블랙펄소마,630bcdbe0858d96fc5ddda08bc14185d,2026-06-20,256,133303008399,59.835,,
climb,블랙펄소마,630bcdbe0858d96fc5ddda08bc14185d,2026-06-21,256,163731542445,73.493,,
climb,블랙펄소마,630bcdbe0858d96fc5ddda08bc14185d,2026-06-22,256,179304576681,80.483,,
climb,블랙펄소마,630bcdbe0858d96fc5ddda08bc14185d,2026-06-23,256,194768518928,87.424,,
climb,블랙펄소마,630bcdbe0858d96fc5ddda08bc14185d,2026-06-24,256,194768518928,87.424,,
climb,블랙펄소마,630bcdbe0858d96fc5ddda08bc14185d,2026-06-25,256,208504406800,93.590,,
climb,블랙펄소마,630bcdbe0858d96fc5ddda08bc14185d,2026-06-26,256,220871113375,99.140,3334288,
climb,블랙펄소마,630bcdbe0858d96fc5ddda08bc14185d,2026-06-27,257,10459945524,4.558,,
climb,블랙펄소마,630bcdbe0858d96fc5ddda08bc14185d,2026-06-28,257,22794087878,9.933,,
climb,블랙펄소마,630bcdbe0858d96fc5ddda08bc14185d,2026-06-29,257,35283559798,15.376,,
climb,블랙펄소마,630bcdbe0858d96fc5ddda08bc14185d,2026-06-30,257,49228301850,21.453,,
climb,블랙펄소마,630bcdbe0858d96fc5ddda08bc14185d,2026-07-01,257,61892247274,26.972,,
climb,블랙펄소마,630bcdbe0858d96fc5ddda08bc14185d,2026-07-02,257,74606511422,32.513,,
climb,블랙펄소마,630bcdbe0858d96fc5ddda08bc14185d,2026-07-03,257,87268620239,38.031,,
climb,블랙펄소마,630bcdbe0858d96fc5ddda08bc14185d,2026-07-04,257,101338972051,44.162,3285735,
climb,블랙펄소마,630bcdbe0858d96fc5ddda08bc14185d,2026-07-05,257,135914660927,59.230,,
climb,블랙펄소마,630bcdbe0858d96fc5ddda08bc14185d,2026-07-06,257,171481545345,74.730,,
climb,블랙펄소마,630bcdbe0858d96fc5ddda08bc14185d,2026-07-07,257,207586054519,90.463,,
climb,블랙펄소마,630bcdbe0858d96fc5ddda08bc14185d,2026-07-08,258,13398705367,5.669,,
climb,블랙펄소마,630bcdbe0858d96fc5ddda08bc14185d,2026-07-09,258,49910995375,21.117,,
climb,블랙펄소마,630bcdbe0858d96fc5ddda08bc14185d,2026-07-10,258,86233897708,36.485,,
climb,블랙펄소마,630bcdbe0858d96fc5ddda08bc14185d,2026-07-11,258,128151259098,54.220,,
climb,블랙펄소마,630bcdbe0858d96fc5ddda08bc14185d,2026-07-12,260,24725053705,1.428,3521336,
climb,블랙펄소마,630bcdbe0858d96fc5ddda08bc14185d,2026-07-13,260,24840691705,1.434,,
climb,블랙펄소마,630bcdbe0858d96fc5ddda08bc14185d,2026-07-14,260,24840691705,1.434,,
climb,블랙펄소마,630bcdbe0858d96fc5ddda08bc14185d,2026-07-15,260,24840691705,1.434,,
climb,블랙펄소마,630bcdbe0858d96fc5ddda08bc14185d,2026-07-16,260,24840691705,1.434,,
climb,블랙펄소마,630bcdbe0858d96fc5ddda08bc14185d,2026-07-17,260,24840691705,1.434,,
climb,블랙펄소마,630bcdbe0858d96fc5ddda08bc14185d,2026-07-18,260,24840691705,1.434,,
climb,블랙펄소마,630bcdbe0858d96fc5ddda08bc14185d,2026-07-19,260,24840691705,1.434,,
climb,블랙펄소마,630bcdbe0858d96fc5ddda08bc14185d,2026-07-20,260,24840691705,1.434,3621554,
climb,블랙펄소마,630bcdbe0858d96fc5ddda08bc14185d,2026-07-21,260,24956329705,1.441,,
climb,블랙펄소마,630bcdbe0858d96fc5ddda08bc14185d,2026-07-22,260,24956329705,1.441,,
climb,팔라팔라헤이,5888425d462db58af9907ea21387d9a3efe8d04e6d233bd35cf2fabdeb93fb0d,2026-06-18,256,96655092030,43.385,4083457,
climb,팔라팔라헤이,5888425d462db58af9907ea21387d9a3efe8d04e6d233bd35cf2fabdeb93fb0d,2026-06-19,256,96655092030,43.385,,
climb,팔라팔라헤이,5888425d462db58af9907ea21387d9a3efe8d04e6d233bd35cf2fabdeb93fb0d,2026-06-20,256,96655092030,43.385,,
climb,팔라팔라헤이,5888425d462db58af9907ea21387d9a3efe8d04e6d233bd35cf2fabdeb93fb0d,2026-06-21,256,96655092030,43.385,,
climb,팔라팔라헤이,5888425d462db58af9907ea21387d9a3efe8d04e6d233bd35cf2fabdeb93fb0d,2026-06-22,256,96655092030,43.385,,
climb,팔라팔라헤이,5888425d462db58af9907ea21387d9a3efe8d04e6d233bd35cf2fabdeb93fb0d,2026-06-23,256,96655092030,43.385,,
climb,팔라팔라헤이,5888425d462db58af9907ea21387d9a3efe8d04e6d233bd35cf2fabdeb93fb0d,2026-06-24,256,96655092030,43.385,,
climb,팔라팔라헤이,5888425d462db58af9907ea21387d9a3efe8d04e6d233bd35cf2fabdeb93fb0d,2026-06-25,256,96655092030,43.385,,
climb,팔라팔라헤이,5888425d462db58af9907ea21387d9a3efe8d04e6d233bd35cf2fabdeb93fb0d,2026-06-26,256,96655092030,43.385,4083457,
climb,팔라팔라헤이,5888425d462db58af9907ea21387d9a3efe8d04e6d233bd35cf2fabdeb93fb0d,2026-06-27,256,96655092030,43.385,,
climb,팔라팔라헤이,5888425d462db58af9907ea21387d9a3efe8d04e6d233bd35cf2fabdeb93fb0d,2026-06-28,256,96655092030,43.385,,
climb,팔라팔라헤이,5888425d462db58af9907ea21387d9a3efe8d04e6d233bd35cf2fabdeb93fb0d,2026-06-29,256,96655092030,43.385,,
climb,팔라팔라헤이,5888425d462db58af9907ea21387d9a3efe8d04e6d233bd35cf2fabdeb93fb0d,2026-06-30,256,96655092030,43.385,,
climb,팔라팔라헤이,5888425d462db58af9907ea21387d9a3efe8d04e6d233bd35cf2fabdeb93fb0d,2026-07-01,256,96655092030,43.385,,
climb,팔라팔라헤이,5888425d462db58af9907ea21387d9a3efe8d04e6d233bd35cf2fabdeb93fb0d,2026-07-02,256,96655092030,43.385,,
climb,팔라팔라헤이,5888425d462db58af9907ea21387d9a3efe8d04e6d233bd35cf2fabdeb93fb0d,2026-07-03,256,96655092030,43.385,,
climb,팔라팔라헤이,5888425d462db58af9907ea21387d9a3efe8d04e6d233bd35cf2fabdeb93fb0d,2026-07-04,256,96655092030,43.385,4083457,
climb,팔라팔라헤이,5888425d462db58af9907ea21387d9a3efe8d04e6d233bd35cf2fabdeb93fb0d,2026-07-05,256,96655092030,43.385,,
climb,팔라팔라헤이,5888425d462db58af9907ea21387d9a3efe8d04e6d233bd35cf2fabdeb93fb0d,2026-07-06,256,99844190280,44.816,,
climb,팔라팔라헤이,5888425d462db58af9907ea21387d9a3efe8d04e6d233bd35cf2fabdeb93fb0d,2026-07-07,256,118141376792,53.029,,
climb,팔라팔라헤이,5888425d462db58af9907ea21387d9a3efe8d04e6d233bd35cf2fabdeb93fb0d,2026-07-08,256,136438563304,61.242,,
climb,팔라팔라헤이,5888425d462db58af9907ea21387d9a3efe8d04e6d233bd35cf2fabdeb93fb0d,2026-07-09,256,159427336101,71.561,,
climb,팔라팔라헤이,5888425d462db58af9907ea21387d9a3efe8d04e6d233bd35cf2fabdeb93fb0d,2026-07-10,256,182115847371,81.745,,
climb,팔라팔라헤이,5888425d462db58af9907ea21387d9a3efe8d04e6d233bd35cf2fabdeb93fb0d,2026-07-11,257,16342704916,7.122,,
climb,팔라팔라헤이,5888425d462db58af9907ea21387d9a3efe8d04e6d233bd35cf2fabdeb93fb0d,2026-07-12,257,73355631950,31.967,3263779,
climb,팔라팔라헤이,5888425d462db58af9907ea21387d9a3efe8d04e6d233bd35cf2fabdeb93fb0d,2026-07-13,257,130368558984,56.813,,
climb,팔라팔라헤이,5888425d462db58af9907ea21387d9a3efe8d04e6d233bd35cf2fabdeb93fb0d,2026-07-14,257,187381486018,81.659,,
climb,팔라팔라헤이,5888425d462db58af9907ea21387d9a3efe8d04e6d233bd35cf2fabdeb93fb0d,2026-07-15,258,14924761479,6.315,,
climb,팔라팔라헤이,5888425d462db58af9907ea21387d9a3efe8d04e6d233bd35cf2fabdeb93fb0d,2026-07-16,258,76629274798,32.421,,
climb,팔라팔라헤이,5888425d462db58af9907ea21387d9a3efe8d04e6d233bd35cf2fabdeb93fb0d,2026-07-17,258,133642201832,56.543,,
climb,팔라팔라헤이,5888425d462db58af9907ea21387d9a3efe8d04e6d233bd35cf2fabdeb93fb0d,2026-07-18,258,190655128866,80.665,,
climb,팔라팔라헤이,5888425d462db58af9907ea21387d9a3efe8d04e6d233bd35cf2fabdeb93fb0d,2026-07-19,259,11314314780,4.648,,
climb,팔라팔라헤이,5888425d462db58af9907ea21387d9a3efe8d04e6d233bd35cf2fabdeb93fb0d,2026-07-20,259,68327241814,28.067,3625409,
climb,팔라팔라헤이,5888425d462db58af9907ea21387d9a3efe8d04e6d233bd35cf2fabdeb93fb0d,2026-07-21,259,125340168848,51.486,,
climb,팔라팔라헤이,5888425d462db58af9907ea21387d9a3efe8d04e6d233bd35cf2fabdeb93fb0d,2026-07-22,259,182353095882,74.905,,
climb,yamming,3b911ea8a7eb1e81994d8ea57d99dcc1,2026-06-18,256,50186393004,22.527,2824422,
climb,yamming,3b911ea8a7eb1e81994d8ea57d99dcc1,2026-06-19,256,50186393004,22.527,,
climb,yamming,3b911ea8a7eb1e81994d8ea57d99dcc1,2026-06-20,256,50186393004,22.527,,
climb,yamming,3b911ea8a7eb1e81994d8ea57d99dcc1,2026-06-21,256,50186393004,22.527,,
climb,yamming,3b911ea8a7eb1e81994d8ea57d99dcc1,2026-06-22,256,50186393004,22.527,,
climb,yamming,3b911ea8a7eb1e81994d8ea57d99dcc1,2026-06-23,256,50186393004,22.527,,
climb,yamming,3b911ea8a7eb1e81994d8ea57d99dcc1,2026-06-24,256,50186393004,22.527,,
climb,yamming,3b911ea8a7eb1e81994d8ea57d99dcc1,2026-06-25,256,50186393004,22.527,,
climb,yamming,3b911ea8a7eb1e81994d8ea57d99dcc1,2026-06-26,256,50186393004,22.527,2824422,
climb,yamming,3b911ea8a7eb1e81994d8ea57d99dcc1,2026-06-27,256,50186393004,22.527,,
climb,yamming,3b911ea8a7eb1e81994d8ea57d99dcc1,2026-06-28,256,50186393004,22.527,,
climb,yamming,3b911ea8a7eb1e81994d8ea57d99dcc1,2026-06-29,256,50186393004,22.527,,
climb,yamming,3b911ea8a7eb1e81994d8ea57d99dcc1,2026-06-30,256,50186393004,22.527,,
climb,yamming,3b911ea8a7eb1e81994d8ea57d99dcc1,2026-07-01,256,50186393004,22.527,,
climb,yamming,3b911ea8a7eb1e81994d8ea57d99dcc1,2026-07-02,256,50186393004,22.527,,
climb,yamming,3b911ea8a7eb1e81994d8ea57d99dcc1,2026-07-03,256,50186393004,22.527,,
climb,yamming,3b911ea8a7eb1e81994d8ea57d99dcc1,2026-07-04,256,50186393004,22.527,2824422,
climb,yamming,3b911ea8a7eb1e81994d8ea57d99dcc1,2026-07-05,256,50186393004,22.527,,
climb,yamming,3b911ea8a7eb1e81994d8ea57d99dcc1,2026-07-06,256,50186393004,22.527,,
climb,yamming,3b911ea8a7eb1e81994d8ea57d99dcc1,2026-07-07,256,50186393004,22.527,,
climb,yamming,3b911ea8a7eb1e81994d8ea57d99dcc1,2026-07-08,256,50186393004,22.527,,
climb,yamming,3b911ea8a7eb1e81994d8ea57d99dcc1,2026-07-09,256,50186393004,22.527,,
climb,yamming,3b911ea8a7eb1e81994d8ea57d99dcc1,2026-07-10,256,50186393004,22.527,,
climb,yamming,3b911ea8a7eb1e81994d8ea57d99dcc1,2026-07-11,256,50186393004,22.527,,
climb,yamming,3b911ea8a7eb1e81994d8ea57d99dcc1,2026-07-12,256,50186393004,22.527,2476629,
climb,yamming,3b911ea8a7eb1e81994d8ea57d99dcc1,2026-07-13,256,50186393004,22.527,,
climb,yamming,3b911ea8a7eb1e81994d8ea57d99dcc1,2026-07-14,256,50186393004,22.527,,
climb,yamming,3b911ea8a7eb1e81994d8ea57d99dcc1,2026-07-15,256,50186393004,22.527,,
climb,yamming,3b911ea8a7eb1e81994d8ea57d99dcc1,2026-07-16,256,50186393004,22.527,,
climb,yamming,3b911ea8a7eb1e81994d8ea57d99dcc1,2026-07-17,256,50186393004,22.527,,
climb,yamming,3b911ea8a7eb1e81994d8ea57d99dcc1,2026-07-18,256,50186393004,22.527,,
climb,yamming,3b911ea8a7eb1e81994d8ea57d99dcc1,2026-07-19,256,50186393004,22.527,,
climb,yamming,3b911ea8a7eb1e81994d8ea57d99dcc1,2026-07-20,256,50186393004,22.527,2476629,
climb,yamming,3b911ea8a7eb1e81994d8ea57d99dcc1,2026-07-21,256,50186393004,22.527,,
climb,yamming,3b911ea8a7eb1e81994d8ea57d99dcc1,2026-07-22,256,50186393004,22.527,,
climb,분홍룡,e66e3dc25a4191dae538247c543bec6e,2026-06-18,256,72294530949,32.450,5273735,
climb,분홍룡,e66e3dc25a4191dae538247c543bec6e,2026-06-19,256,72294530949,32.450,,
climb,분홍룡,e66e3dc25a4191dae538247c543bec6e,2026-06-20,256,72294530949,32.450,,
climb,분홍룡,e66e3dc25a4191dae538247c543bec6e,2026-06-21,256,72294530949,32.450,,
climb,분홍룡,e66e3dc25a4191dae538247c543bec6e,2026-06-22,256,72294530949,32.450,,
climb,분홍룡,e66e3dc25a4191dae538247c543bec6e,2026-06-23,256,72294530949,32.450,,
climb,분홍룡,e66e3dc25a4191dae538247c543bec6e,2026-06-24,256,72294530949,32.450,,
climb,분홍룡,e66e3dc25a4191dae538247c543bec6e,2026-06-25,256,72294530949,32.450,,
climb,분홍룡,e66e3dc25a4191dae538247c543bec6e,2026-06-26,256,72294530949,32.450,5273735,
climb,분홍룡,e66e3dc25a4191dae538247c543bec6e,2026-06-27,256,72294530949,32.450,,
climb,분홍룡,e66e3dc25a4191dae538247c543bec6e,2026-06-28,256,72294530949,32.450,,
climb,분홍룡,e66e3dc25a4191dae538247c543bec6e,2026-06-29,256,72294530949,32.450,,
climb,분홍룡,e66e3dc25a4191dae538247c543bec6e,2026-06-30,256,107458056915,48.234,,
climb,분홍룡,e66e3dc25a4191dae538247c543bec6e,2026-07-01,256,107458056915,48.234,,
climb,분홍룡,e66e3dc25a4191dae538247c543bec6e,2026-07-02,256,107458056915,48.234,,
climb,분홍룡,e66e3dc25a4191dae538247c543bec6e,2026-07-03,256,107458056915,48.234,,
climb,분홍룡,e66e3dc25a4191dae538247c543bec6e,2026-07-04,256,107458056915,48.234,5075779,
climb,분홍룡,e66e3dc25a4191dae538247c543bec6e,2026-07-05,256,107458056915,48.234,,
climb,분홍룡,e66e3dc25a4191dae538247c543bec6e,2026-07-06,256,107458056915,48.234,,
climb,분홍룡,e66e3dc25a4191dae538247c543bec6e,2026-07-07,256,107458056915,48.234,,
climb,분홍룡,e66e3dc25a4191dae538247c543bec6e,2026-07-08,256,107458056915,48.234,,
climb,분홍룡,e66e3dc25a4191dae538247c543bec6e,2026-07-09,256,107458056915,48.234,,
climb,분홍룡,e66e3dc25a4191dae538247c543bec6e,2026-07-10,256,107458056915,48.234,,
climb,분홍룡,e66e3dc25a4191dae538247c543bec6e,2026-07-11,256,107458056915,48.234,,
climb,분홍룡,e66e3dc25a4191dae538247c543bec6e,2026-07-12,256,107458056915,48.234,5075779,
climb,분홍룡,e66e3dc25a4191dae538247c543bec6e,2026-07-13,256,107458056915,48.234,,
climb,분홍룡,e66e3dc25a4191dae538247c543bec6e,2026-07-14,256,107458056915,48.234,,
climb,분홍룡,e66e3dc25a4191dae538247c543bec6e,2026-07-15,256,107458056915,48.234,,
climb,분홍룡,e66e3dc25a4191dae538247c543bec6e,2026-07-16,256,107458056915,48.234,,
climb,분홍룡,e66e3dc25a4191dae538247c543bec6e,2026-07-17,257,28100776314,12.246,,
climb,분홍룡,e66e3dc25a4191dae538247c543bec6e,2026-07-18,257,28100776314,12.246,,
climb,분홍룡,e66e3dc25a4191dae538247c543bec6e,2026-07-19,257,28100776314,12.246,,
climb,분홍룡,e66e3dc25a4191dae538247c543bec6e,2026-07-20,257,155133716352,67.605,4945613,
climb,분홍룡,e66e3dc25a4191dae538247c543bec6e,2026-07-21,258,52792613947,22.336,,
climb,분홍룡,e66e3dc25a4191dae538247c543bec6e,2026-07-22,258,185377247054,78.432,,
climb,모닝망치,df236be95985b9def71482281a38e73fefe8d04e6d233bd35cf2fabdeb93fb0d,2026-06-18,256,152073842867,68.260,3164640,
climb,모닝망치,df236be95985b9def71482281a38e73fefe8d04e6d233bd35cf2fabdeb93fb0d,2026-06-19,256,152073842867,68.260,,
climb,모닝망치,df236be95985b9def71482281a38e73fefe8d04e6d233bd35cf2fabdeb93fb0d,2026-06-20,256,152073842867,68.260,,
climb,모닝망치,df236be95985b9def71482281a38e73fefe8d04e6d233bd35cf2fabdeb93fb0d,2026-06-21,256,152073842867,68.260,,
climb,모닝망치,df236be95985b9def71482281a38e73fefe8d04e6d233bd35cf2fabdeb93fb0d,2026-06-22,256,152073842867,68.260,,
climb,모닝망치,df236be95985b9def71482281a38e73fefe8d04e6d233bd35cf2fabdeb93fb0d,2026-06-23,256,152073842867,68.260,,
climb,모닝망치,df236be95985b9def71482281a38e73fefe8d04e6d233bd35cf2fabdeb93fb0d,2026-06-24,256,152073842867,68.260,,
climb,모닝망치,df236be95985b9def71482281a38e73fefe8d04e6d233bd35cf2fabdeb93fb0d,2026-06-25,256,152073842867,68.260,,
climb,모닝망치,df236be95985b9def71482281a38e73fefe8d04e6d233bd35cf2fabdeb93fb0d,2026-06-26,256,152073842867,68.260,3164640,
climb,모닝망치,df236be95985b9def71482281a38e73fefe8d04e6d233bd35cf2fabdeb93fb0d,2026-06-27,256,152073842867,68.260,,
climb,모닝망치,df236be95985b9def71482281a38e73fefe8d04e6d233bd35cf2fabdeb93fb0d,2026-06-28,256,152073842867,68.260,,
climb,모닝망치,df236be95985b9def71482281a38e73fefe8d04e6d233bd35cf2fabdeb93fb0d,2026-06-29,256,152073842867,68.260,,
climb,모닝망치,df236be95985b9def71482281a38e73fefe8d04e6d233bd35cf2fabdeb93fb0d,2026-06-30,256,152073842867,68.260,,
climb,모닝망치,df236be95985b9def71482281a38e73fefe8d04e6d233bd35cf2fabdeb93fb0d,2026-07-01,256,152073842867,68.260,,
climb,모닝망치,df236be95985b9def71482281a38e73fefe8d04e6d233bd35cf2fabdeb93fb0d,2026-07-02,256,152073842867,68.260,,
climb,모닝망치,df236be95985b9def71482281a38e73fefe8d04e6d233bd35cf2fabdeb93fb0d,2026-07-03,256,152073842867,68.260,,
climb,모닝망치,df236be95985b9def71482281a38e73fefe8d04e6d233bd35cf2fabdeb93fb0d,2026-07-04,256,152073842867,68.260,3164640,
climb,모닝망치,df236be95985b9def71482281a38e73fefe8d04e6d233bd35cf2fabdeb93fb0d,2026-07-05,256,152073842867,68.260,,
climb,모닝망치,df236be95985b9def71482281a38e73fefe8d04e6d233bd35cf2fabdeb93fb0d,2026-07-06,256,152073842867,68.260,,
climb,모닝망치,df236be95985b9def71482281a38e73fefe8d04e6d233bd35cf2fabdeb93fb0d,2026-07-07,256,152073842867,68.260,,
climb,모닝망치,df236be95985b9def71482281a38e73fefe8d04e6d233bd35cf2fabdeb93fb0d,2026-07-08,256,152073842867,68.260,,
climb,모닝망치,df236be95985b9def71482281a38e73fefe8d04e6d233bd35cf2fabdeb93fb0d,2026-07-09,256,152073842867,68.260,,
climb,모닝망치,df236be95985b9def71482281a38e73fefe8d04e6d233bd35cf2fabdeb93fb0d,2026-07-10,256,152073842867,68.260,,
climb,모닝망치,df236be95985b9def71482281a38e73fefe8d04e6d233bd35cf2fabdeb93fb0d,2026-07-11,256,152073842867,68.260,,
climb,모닝망치,df236be95985b9def71482281a38e73fefe8d04e6d233bd35cf2fabdeb93fb0d,2026-07-12,256,152073842867,68.260,3164640,
climb,모닝망치,df236be95985b9def71482281a38e73fefe8d04e6d233bd35cf2fabdeb93fb0d,2026-07-13,256,152073842867,68.260,,
climb,모닝망치,df236be95985b9def71482281a38e73fefe8d04e6d233bd35cf2fabdeb93fb0d,2026-07-14,256,152073842867,68.260,,
climb,모닝망치,df236be95985b9def71482281a38e73fefe8d04e6d233bd35cf2fabdeb93fb0d,2026-07-15,256,152073842867,68.260,,
climb,모닝망치,df236be95985b9def71482281a38e73fefe8d04e6d233bd35cf2fabdeb93fb0d,2026-07-16,256,152073842867,68.260,,
climb,모닝망치,df236be95985b9def71482281a38e73fefe8d04e6d233bd35cf2fabdeb93fb0d,2026-07-17,256,152073842867,68.260,,
climb,모닝망치,df236be95985b9def71482281a38e73fefe8d04e6d233bd35cf2fabdeb93fb0d,2026-07-18,256,152073842867,68.260,,
climb,모닝망치,df236be95985b9def71482281a38e73fefe8d04e6d233bd35cf2fabdeb93fb0d,2026-07-19,256,152073842867,68.260,,
climb,모닝망치,df236be95985b9def71482281a38e73fefe8d04e6d233bd35cf2fabdeb93fb0d,2026-07-20,256,152073842867,68.260,3164640,
climb,모닝망치,df236be95985b9def71482281a38e73fefe8d04e6d233bd35cf2fabdeb93fb0d,2026-07-21,256,152073842867,68.260,,
climb,모닝망치,df236be95985b9def71482281a38e73fefe8d04e6d233bd35cf2fabdeb93fb0d,2026-07-22,256,152073842867,68.260,,
climb,개깐지냥이,130298362394149ba88de76af6c6fe70,2026-06-18,256,57133004788,25.645,359313,
climb,개깐지냥이,130298362394149ba88de76af6c6fe70,2026-06-19,256,57133004788,25.645,,
climb,개깐지냥이,130298362394149ba88de76af6c6fe70,2026-06-20,256,57133004788,25.645,,
climb,개깐지냥이,130298362394149ba88de76af6c6fe70,2026-06-21,256,57133004788,25.645,,
climb,개깐지냥이,130298362394149ba88de76af6c6fe70,2026-06-22,256,57133004788,25.645,,
climb,개깐지냥이,130298362394149ba88de76af6c6fe70,2026-06-23,256,57133004788,25.645,,
climb,개깐지냥이,130298362394149ba88de76af6c6fe70,2026-06-24,256,57133004788,25.645,,
climb,개깐지냥이,130298362394149ba88de76af6c6fe70,2026-06-25,256,57133004788,25.645,,
climb,개깐지냥이,130298362394149ba88de76af6c6fe70,2026-06-26,256,57133004788,25.645,359313,
climb,개깐지냥이,130298362394149ba88de76af6c6fe70,2026-06-27,256,57133004788,25.645,,
climb,개깐지냥이,130298362394149ba88de76af6c6fe70,2026-06-28,256,57133004788,25.645,,
climb,개깐지냥이,130298362394149ba88de76af6c6fe70,2026-06-29,256,57133004788,25.645,,
climb,개깐지냥이,130298362394149ba88de76af6c6fe70,2026-06-30,256,57133004788,25.645,,
climb,개깐지냥이,130298362394149ba88de76af6c6fe70,2026-07-01,256,57133004788,25.645,,
climb,개깐지냥이,130298362394149ba88de76af6c6fe70,2026-07-02,256,57133004788,25.645,,
climb,개깐지냥이,130298362394149ba88de76af6c6fe70,2026-07-03,256,57133004788,25.645,,
climb,개깐지냥이,130298362394149ba88de76af6c6fe70,2026-07-04,256,57133004788,25.645,359313,
climb,개깐지냥이,130298362394149ba88de76af6c6fe70,2026-07-05,256,57133004788,25.645,,
climb,개깐지냥이,130298362394149ba88de76af6c6fe70,2026-07-06,256,57133004788,25.645,,
climb,개깐지냥이,130298362394149ba88de76af6c6fe70,2026-07-07,256,57133004788,25.645,,
climb,개깐지냥이,130298362394149ba88de76af6c6fe70,2026-07-08,256,57133004788,25.645,,
climb,개깐지냥이,130298362394149ba88de76af6c6fe70,2026-07-09,256,57133004788,25.645,,
climb,개깐지냥이,130298362394149ba88de76af6c6fe70,2026-07-10,256,57133004788,25.645,,
climb,개깐지냥이,130298362394149ba88de76af6c6fe70,2026-07-11,256,57133004788,25.645,,
climb,개깐지냥이,130298362394149ba88de76af6c6fe70,2026-07-12,256,57133004788,25.645,359313,
climb,개깐지냥이,130298362394149ba88de76af6c6fe70,2026-07-13,256,57133004788,25.645,,
climb,개깐지냥이,130298362394149ba88de76af6c6fe70,2026-07-14,256,57133004788,25.645,,
climb,개깐지냥이,130298362394149ba88de76af6c6fe70,2026-07-15,256,57133004788,25.645,,
climb,개깐지냥이,130298362394149ba88de76af6c6fe70,2026-07-16,256,57133004788,25.645,,
climb,개깐지냥이,130298362394149ba88de76af6c6fe70,2026-07-17,256,57133004788,25.645,,
climb,개깐지냥이,130298362394149ba88de76af6c6fe70,2026-07-18,256,57133004788,25.645,,
climb,개깐지냥이,130298362394149ba88de76af6c6fe70,2026-07-19,256,57133004788,25.645,,
climb,개깐지냥이,130298362394149ba88de76af6c6fe70,2026-07-20,256,57133004788,25.645,359313,
climb,개깐지냥이,130298362394149ba88de76af6c6fe70,2026-07-21,256,57133004788,25.645,,
climb,개깐지냥이,130298362394149ba88de76af6c6fe70,2026-07-22,256,57133004788,25.645,,
climb,ChoiJungs,9e7cc9a404a5a327a3a0eb2c5e969677efe8d04e6d233bd35cf2fabdeb93fb0d,2026-06-18,256,77069534207,34.594,1189563,
climb,ChoiJungs,9e7cc9a404a5a327a3a0eb2c5e969677efe8d04e6d233bd35cf2fabdeb93fb0d,2026-06-19,256,77069534207,34.594,,
climb,ChoiJungs,9e7cc9a404a5a327a3a0eb2c5e969677efe8d04e6d233bd35cf2fabdeb93fb0d,2026-06-20,256,77069534207,34.594,,
climb,ChoiJungs,9e7cc9a404a5a327a3a0eb2c5e969677efe8d04e6d233bd35cf2fabdeb93fb0d,2026-06-21,256,77069534207,34.594,,
climb,ChoiJungs,9e7cc9a404a5a327a3a0eb2c5e969677efe8d04e6d233bd35cf2fabdeb93fb0d,2026-06-22,256,77069534207,34.594,,
climb,ChoiJungs,9e7cc9a404a5a327a3a0eb2c5e969677efe8d04e6d233bd35cf2fabdeb93fb0d,2026-06-23,256,77069534207,34.594,,
climb,ChoiJungs,9e7cc9a404a5a327a3a0eb2c5e969677efe8d04e6d233bd35cf2fabdeb93fb0d,2026-06-24,256,77069534207,34.594,,
climb,ChoiJungs,9e7cc9a404a5a327a3a0eb2c5e969677efe8d04e6d233bd35cf2fabdeb93fb0d,2026-06-25,256,77069534207,34.594,,
climb,ChoiJungs,9e7cc9a404a5a327a3a0eb2c5e969677efe8d04e6d233bd35cf2fabdeb93fb0d,2026-06-26,256,77069534207,34.594,1189563,
climb,ChoiJungs,9e7cc9a404a5a327a3a0eb2c5e969677efe8d04e6d233bd35cf2fabdeb93fb0d,2026-06-27,256,77069534207,34.594,,
climb,ChoiJungs,9e7cc9a404a5a327a3a0eb2c5e969677efe8d04e6d233bd35cf2fabdeb93fb0d,2026-06-28,256,77069534207,34.594,,
climb,ChoiJungs,9e7cc9a404a5a327a3a0eb2c5e969677efe8d04e6d233bd35cf2fabdeb93fb0d,2026-06-29,256,104750514662,47.018,,
climb,ChoiJungs,9e7cc9a404a5a327a3a0eb2c5e969677efe8d04e6d233bd35cf2fabdeb93fb0d,2026-06-30,256,132431495117,59.443,,
climb,ChoiJungs,9e7cc9a404a5a327a3a0eb2c5e969677efe8d04e6d233bd35cf2fabdeb93fb0d,2026-07-01,256,160112475572,71.868,,
climb,ChoiJungs,9e7cc9a404a5a327a3a0eb2c5e969677efe8d04e6d233bd35cf2fabdeb93fb0d,2026-07-02,256,187793456027,84.293,,
climb,ChoiJungs,9e7cc9a404a5a327a3a0eb2c5e969677efe8d04e6d233bd35cf2fabdeb93fb0d,2026-07-03,256,215474436482,96.718,,
climb,ChoiJungs,9e7cc9a404a5a327a3a0eb2c5e969677efe8d04e6d233bd35cf2fabdeb93fb0d,2026-07-04,257,20369347448,8.877,929254,
climb,ChoiJungs,9e7cc9a404a5a327a3a0eb2c5e969677efe8d04e6d233bd35cf2fabdeb93fb0d,2026-07-05,257,48050327903,20.940,,
climb,ChoiJungs,9e7cc9a404a5a327a3a0eb2c5e969677efe8d04e6d233bd35cf2fabdeb93fb0d,2026-07-06,257,75731308358,33.003,,
climb,ChoiJungs,9e7cc9a404a5a327a3a0eb2c5e969677efe8d04e6d233bd35cf2fabdeb93fb0d,2026-07-07,257,103412288813,45.066,,
climb,ChoiJungs,9e7cc9a404a5a327a3a0eb2c5e969677efe8d04e6d233bd35cf2fabdeb93fb0d,2026-07-08,257,140461345661,61.211,,
climb,ChoiJungs,9e7cc9a404a5a327a3a0eb2c5e969677efe8d04e6d233bd35cf2fabdeb93fb0d,2026-07-09,257,191131098913,83.293,,
climb,ChoiJungs,9e7cc9a404a5a327a3a0eb2c5e969677efe8d04e6d233bd35cf2fabdeb93fb0d,2026-07-10,258,7639614307,3.232,,
climb,ChoiJungs,9e7cc9a404a5a327a3a0eb2c5e969677efe8d04e6d233bd35cf2fabdeb93fb0d,2026-07-11,258,53617781274,22.685,,
climb,ChoiJungs,9e7cc9a404a5a327a3a0eb2c5e969677efe8d04e6d233bd35cf2fabdeb93fb0d,2026-07-12,258,99595948241,42.139,921712,
climb,ChoiJungs,9e7cc9a404a5a327a3a0eb2c5e969677efe8d04e6d233bd35cf2fabdeb93fb0d,2026-07-13,258,145574115208,61.592,,
climb,ChoiJungs,9e7cc9a404a5a327a3a0eb2c5e969677efe8d04e6d233bd35cf2fabdeb93fb0d,2026-07-14,258,191552282175,81.045,,
climb,ChoiJungs,9e7cc9a404a5a327a3a0eb2c5e969677efe8d04e6d233bd35cf2fabdeb93fb0d,2026-07-15,259,1176708022,0.483,,
climb,ChoiJungs,9e7cc9a404a5a327a3a0eb2c5e969677efe8d04e6d233bd35cf2fabdeb93fb0d,2026-07-16,259,51846461274,21.297,,
climb,ChoiJungs,9e7cc9a404a5a327a3a0eb2c5e969677efe8d04e6d233bd35cf2fabdeb93fb0d,2026-07-17,259,97824628241,40.184,,
climb,ChoiJungs,9e7cc9a404a5a327a3a0eb2c5e969677efe8d04e6d233bd35cf2fabdeb93fb0d,2026-07-18,259,143802795208,59.070,,
climb,ChoiJungs,9e7cc9a404a5a327a3a0eb2c5e969677efe8d04e6d233bd35cf2fabdeb93fb0d,2026-07-19,259,189780962175,77.957,,
climb,ChoiJungs,9e7cc9a404a5a327a3a0eb2c5e969677efe8d04e6d233bd35cf2fabdeb93fb0d,2026-07-20,259,235759129142,96.843,929254,
climb,ChoiJungs,9e7cc9a404a5a327a3a0eb2c5e969677efe8d04e6d233bd35cf2fabdeb93fb0d,2026-07-21,260,38292942756,2.211,,
climb,ChoiJungs,9e7cc9a404a5a327a3a0eb2c5e969677efe8d04e6d233bd35cf2fabdeb93fb0d,2026-07-22,260,48518684436,2.801,,
climb,꺄앙팬,f0db661aab648a54a6b7cb0e39993d50,2026-06-18,256,105507759298,47.358,356713,
climb,꺄앙팬,f0db661aab648a54a6b7cb0e39993d50,2026-06-19,256,105507759298,47.358,,
climb,꺄앙팬,f0db661aab648a54a6b7cb0e39993d50,2026-06-20,256,105507759298,47.358,,
climb,꺄앙팬,f0db661aab648a54a6b7cb0e39993d50,2026-06-21,256,105507759298,47.358,,
climb,꺄앙팬,f0db661aab648a54a6b7cb0e39993d50,2026-06-22,256,105507759298,47.358,,
climb,꺄앙팬,f0db661aab648a54a6b7cb0e39993d50,2026-06-23,256,105507759298,47.358,,
climb,꺄앙팬,f0db661aab648a54a6b7cb0e39993d50,2026-06-24,256,105507759298,47.358,,
climb,꺄앙팬,f0db661aab648a54a6b7cb0e39993d50,2026-06-25,256,105507759298,47.358,,
climb,꺄앙팬,f0db661aab648a54a6b7cb0e39993d50,2026-06-26,256,105507759298,47.358,356713,
climb,꺄앙팬,f0db661aab648a54a6b7cb0e39993d50,2026-06-27,256,105507759298,47.358,,
climb,꺄앙팬,f0db661aab648a54a6b7cb0e39993d50,2026-06-28,256,105507759298,47.358,,
climb,꺄앙팬,f0db661aab648a54a6b7cb0e39993d50,2026-06-29,256,105507759298,47.358,,
climb,꺄앙팬,f0db661aab648a54a6b7cb0e39993d50,2026-06-30,256,105507759298,47.358,,
climb,꺄앙팬,f0db661aab648a54a6b7cb0e39993d50,2026-07-01,256,105507759298,47.358,,
climb,꺄앙팬,f0db661aab648a54a6b7cb0e39993d50,2026-07-02,256,105507759298,47.358,,
climb,꺄앙팬,f0db661aab648a54a6b7cb0e39993d50,2026-07-03,256,105507759298,47.358,,
climb,꺄앙팬,f0db661aab648a54a6b7cb0e39993d50,2026-07-04,256,105507759298,47.358,356713,
climb,꺄앙팬,f0db661aab648a54a6b7cb0e39993d50,2026-07-05,256,105507759298,47.358,,
climb,꺄앙팬,f0db661aab648a54a6b7cb0e39993d50,2026-07-06,256,105507759298,47.358,,
climb,꺄앙팬,f0db661aab648a54a6b7cb0e39993d50,2026-07-07,256,105507759298,47.358,,
climb,꺄앙팬,f0db661aab648a54a6b7cb0e39993d50,2026-07-08,256,105507759298,47.358,,
climb,꺄앙팬,f0db661aab648a54a6b7cb0e39993d50,2026-07-09,256,105507759298,47.358,,
climb,꺄앙팬,f0db661aab648a54a6b7cb0e39993d50,2026-07-10,256,105507759298,47.358,,
climb,꺄앙팬,f0db661aab648a54a6b7cb0e39993d50,2026-07-11,256,105507759298,47.358,,
climb,꺄앙팬,f0db661aab648a54a6b7cb0e39993d50,2026-07-12,256,105507759298,47.358,356713,
climb,꺄앙팬,f0db661aab648a54a6b7cb0e39993d50,2026-07-13,256,105507759298,47.358,,
climb,꺄앙팬,f0db661aab648a54a6b7cb0e39993d50,2026-07-14,256,105507759298,47.358,,
climb,꺄앙팬,f0db661aab648a54a6b7cb0e39993d50,2026-07-15,256,105507759298,47.358,,
climb,꺄앙팬,f0db661aab648a54a6b7cb0e39993d50,2026-07-16,256,105507759298,47.358,,
climb,꺄앙팬,f0db661aab648a54a6b7cb0e39993d50,2026-07-17,256,105507759298,47.358,,
climb,꺄앙팬,f0db661aab648a54a6b7cb0e39993d50,2026-07-18,256,105507759298,47.358,,
climb,꺄앙팬,f0db661aab648a54a6b7cb0e39993d50,2026-07-19,256,105507759298,47.358,,
climb,꺄앙팬,f0db661aab648a54a6b7cb0e39993d50,2026-07-20,256,105507759298,47.358,356713,
climb,꺄앙팬,f0db661aab648a54a6b7cb0e39993d50,2026-07-21,256,105507759298,47.358,,
climb,꺄앙팬,f0db661aab648a54a6b7cb0e39993d50,2026-07-22,256,105507759298,47.358,,
climb,제로맛메르,69521db807d753f5d29dab1e7017ec47efe8d04e6d233bd35cf2fabdeb93fb0d,2026-06-18,256,94674175350,42.496,534713,
climb,제로맛메르,69521db807d753f5d29dab1e7017ec47efe8d04e6d233bd35cf2fabdeb93fb0d,2026-06-19,256,94674175350,42.496,,
climb,제로맛메르,69521db807d753f5d29dab1e7017ec47efe8d04e6d233bd35cf2fabdeb93fb0d,2026-06-20,256,94674175350,42.496,,
climb,제로맛메르,69521db807d753f5d29dab1e7017ec47efe8d04e6d233bd35cf2fabdeb93fb0d,2026-06-21,256,94674175350,42.496,,
climb,제로맛메르,69521db807d753f5d29dab1e7017ec47efe8d04e6d233bd35cf2fabdeb93fb0d,2026-06-22,256,94674175350,42.496,,
climb,제로맛메르,69521db807d753f5d29dab1e7017ec47efe8d04e6d233bd35cf2fabdeb93fb0d,2026-06-23,256,94674175350,42.496,,
climb,제로맛메르,69521db807d753f5d29dab1e7017ec47efe8d04e6d233bd35cf2fabdeb93fb0d,2026-06-24,256,94674175350,42.496,,
climb,제로맛메르,69521db807d753f5d29dab1e7017ec47efe8d04e6d233bd35cf2fabdeb93fb0d,2026-06-25,256,94674175350,42.496,,
climb,제로맛메르,69521db807d753f5d29dab1e7017ec47efe8d04e6d233bd35cf2fabdeb93fb0d,2026-06-26,256,94674175350,42.496,534713,
climb,제로맛메르,69521db807d753f5d29dab1e7017ec47efe8d04e6d233bd35cf2fabdeb93fb0d,2026-06-27,256,94674175350,42.496,,
climb,제로맛메르,69521db807d753f5d29dab1e7017ec47efe8d04e6d233bd35cf2fabdeb93fb0d,2026-06-28,256,94674175350,42.496,,
climb,제로맛메르,69521db807d753f5d29dab1e7017ec47efe8d04e6d233bd35cf2fabdeb93fb0d,2026-06-29,256,94674175350,42.496,,
climb,제로맛메르,69521db807d753f5d29dab1e7017ec47efe8d04e6d233bd35cf2fabdeb93fb0d,2026-06-30,256,94674175350,42.496,,
climb,제로맛메르,69521db807d753f5d29dab1e7017ec47efe8d04e6d233bd35cf2fabdeb93fb0d,2026-07-01,256,94674175350,42.496,,
climb,제로맛메르,69521db807d753f5d29dab1e7017ec47efe8d04e6d233bd35cf2fabdeb93fb0d,2026-07-02,256,94674175350,42.496,,
climb,제로맛메르,69521db807d753f5d29dab1e7017ec47efe8d04e6d233bd35cf2fabdeb93fb0d,2026-07-03,256,94674175350,42.496,,
climb,제로맛메르,69521db807d753f5d29dab1e7017ec47efe8d04e6d233bd35cf2fabdeb93fb0d,2026-07-04,256,94674175350,42.496,534713,
climb,제로맛메르,69521db807d753f5d29dab1e7017ec47efe8d04e6d233bd35cf2fabdeb93fb0d,2026-07-05,256,94674175350,42.496,,
climb,제로맛메르,69521db807d753f5d29dab1e7017ec47efe8d04e6d233bd35cf2fabdeb93fb0d,2026-07-06,256,94674175350,42.496,,
climb,제로맛메르,69521db807d753f5d29dab1e7017ec47efe8d04e6d233bd35cf2fabdeb93fb0d,2026-07-07,256,94674175350,42.496,,
climb,제로맛메르,69521db807d753f5d29dab1e7017ec47efe8d04e6d233bd35cf2fabdeb93fb0d,2026-07-08,256,94674175350,42.496,,
climb,제로맛메르,69521db807d753f5d29dab1e7017ec47efe8d04e6d233bd35cf2fabdeb93fb0d,2026-07-09,256,94674175350,42.496,,
climb,제로맛메르,69521db807d753f5d29dab1e7017ec47efe8d04e6d233bd35cf2fabdeb93fb0d,2026-07-10,256,94674175350,42.496,,
climb,제로맛메르,69521db807d753f5d29dab1e7017ec47efe8d04e6d233bd35cf2fabdeb93fb0d,2026-07-11,256,94674175350,42.496,,
climb,제로맛메르,69521db807d753f5d29dab1e7017ec47efe8d04e6d233bd35cf2fabdeb93fb0d,2026-07-12,256,94674175350,42.496,534713,
climb,제로맛메르,69521db807d753f5d29dab1e7017ec47efe8d04e6d233bd35cf2fabdeb93fb0d,2026-07-13,256,94674175350,42.496,,
climb,제로맛메르,69521db807d753f5d29dab1e7017ec47efe8d04e6d233bd35cf2fabdeb93fb0d,2026-07-14,256,94674175350,42.496,,
climb,제로맛메르,69521db807d753f5d29dab1e7017ec47efe8d04e6d233bd35cf2fabdeb93fb0d,2026-07-15,256,94674175350,42.496,,
climb,제로맛메르,69521db807d753f5d29dab1e7017ec47efe8d04e6d233bd35cf2fabdeb93fb0d,2026-07-16,256,94674175350,42.496,,
climb,제로맛메르,69521db807d753f5d29dab1e7017ec47efe8d04e6d233bd35cf2fabdeb93fb0d,2026-07-17,256,94674175350,42.496,,
climb,제로맛메르,69521db807d753f5d29dab1e7017ec47efe8d04e6d233bd35cf2fabdeb93fb0d,2026-07-18,256,94674175350,42.496,,
climb,제로맛메르,69521db807d753f5d29dab1e7017ec47efe8d04e6d233bd35cf2fabdeb93fb0d,2026-07-19,256,94674175350,42.496,,
climb,제로맛메르,69521db807d753f5d29dab1e7017ec47efe8d04e6d233bd35cf2fabdeb93fb0d,2026-07-20,256,94674175350,42.496,534713,
climb,제로맛메르,69521db807d753f5d29dab1e7017ec47efe8d04e6d233bd35cf2fabdeb93fb0d,2026-07-21,256,94674175350,42.496,,
climb,제로맛메르,69521db807d753f5d29dab1e7017ec47efe8d04e6d233bd35cf2fabdeb93fb0d,2026-07-22,256,94674175350,42.496,,
climb,SolVi,52daed165f4a329948e7ae71d2f4c4ee,2026-06-18,256,96405139465,43.273,6108046,
climb,SolVi,52daed165f4a329948e7ae71d2f4c4ee,2026-06-19,256,96405139465,43.273,,
climb,SolVi,52daed165f4a329948e7ae71d2f4c4ee,2026-06-20,256,96405139465,43.273,,
climb,SolVi,52daed165f4a329948e7ae71d2f4c4ee,2026-06-21,256,96405139465,43.273,,
climb,SolVi,52daed165f4a329948e7ae71d2f4c4ee,2026-06-22,256,96405139465,43.273,,
climb,SolVi,52daed165f4a329948e7ae71d2f4c4ee,2026-06-23,256,96405139465,43.273,,
climb,SolVi,52daed165f4a329948e7ae71d2f4c4ee,2026-06-24,256,96405139465,43.273,,
climb,SolVi,52daed165f4a329948e7ae71d2f4c4ee,2026-06-25,256,96405139465,43.273,,
climb,SolVi,52daed165f4a329948e7ae71d2f4c4ee,2026-06-26,256,96405139465,43.273,6108046,
climb,SolVi,52daed165f4a329948e7ae71d2f4c4ee,2026-06-27,257,11167092736,4.866,,
climb,SolVi,52daed165f4a329948e7ae71d2f4c4ee,2026-06-28,257,11167092736,4.866,,
climb,SolVi,52daed165f4a329948e7ae71d2f4c4ee,2026-06-29,257,11167092736,4.866,,
climb,SolVi,52daed165f4a329948e7ae71d2f4c4ee,2026-06-30,257,11167092736,4.866,,
climb,SolVi,52daed165f4a329948e7ae71d2f4c4ee,2026-07-01,257,11167092736,4.866,,
climb,SolVi,52daed165f4a329948e7ae71d2f4c4ee,2026-07-02,257,11167092736,4.866,,
climb,SolVi,52daed165f4a329948e7ae71d2f4c4ee,2026-07-03,257,11167092736,4.866,,
climb,SolVi,52daed165f4a329948e7ae71d2f4c4ee,2026-07-04,257,11167092736,4.866,5499692,
climb,SolVi,52daed165f4a329948e7ae71d2f4c4ee,2026-07-05,257,11167092736,4.866,,
climb,SolVi,52daed165f4a329948e7ae71d2f4c4ee,2026-07-06,257,11167092736,4.866,,
climb,SolVi,52daed165f4a329948e7ae71d2f4c4ee,2026-07-07,257,11167092736,4.866,,
climb,SolVi,52daed165f4a329948e7ae71d2f4c4ee,2026-07-08,257,11167092736,4.866,,
climb,SolVi,52daed165f4a329948e7ae71d2f4c4ee,2026-07-09,257,11167092736,4.866,,
climb,SolVi,52daed165f4a329948e7ae71d2f4c4ee,2026-07-10,257,11167092736,4.866,,
climb,SolVi,52daed165f4a329948e7ae71d2f4c4ee,2026-07-11,257,11167092736,4.866,,
climb,SolVi,52daed165f4a329948e7ae71d2f4c4ee,2026-07-12,257,11167092736,4.866,5499692,
climb,SolVi,52daed165f4a329948e7ae71d2f4c4ee,2026-07-13,257,11167092736,4.866,,
climb,SolVi,52daed165f4a329948e7ae71d2f4c4ee,2026-07-14,257,11167092736,4.866,,
climb,SolVi,52daed165f4a329948e7ae71d2f4c4ee,2026-07-15,257,11167092736,4.866,,
climb,SolVi,52daed165f4a329948e7ae71d2f4c4ee,2026-07-16,257,11167092736,4.866,,
climb,SolVi,52daed165f4a329948e7ae71d2f4c4ee,2026-07-17,257,11167092736,4.866,,
climb,SolVi,52daed165f4a329948e7ae71d2f4c4ee,2026-07-18,257,11167092736,4.866,,
climb,SolVi,52daed165f4a329948e7ae71d2f4c4ee,2026-07-19,257,11167092736,4.866,,
climb,SolVi,52daed165f4a329948e7ae71d2f4c4ee,2026-07-20,257,11167092736,4.866,5499692,
climb,SolVi,52daed165f4a329948e7ae71d2f4c4ee,2026-07-21,257,11167092736,4.866,,
climb,SolVi,52daed165f4a329948e7ae71d2f4c4ee,2026-07-22,257,11167092736,4.866,,
climb,바큐은월,ed61aa4ae28b1bcdf77ddf401115a42a,2026-06-18,256,86816312318,38.968,191061,
climb,바큐은월,ed61aa4ae28b1bcdf77ddf401115a42a,2026-06-19,256,86816312318,38.968,,
climb,바큐은월,ed61aa4ae28b1bcdf77ddf401115a42a,2026-06-20,256,86816312318,38.968,,
climb,바큐은월,ed61aa4ae28b1bcdf77ddf401115a42a,2026-06-21,256,86816312318,38.968,,
climb,바큐은월,ed61aa4ae28b1bcdf77ddf401115a42a,2026-06-22,256,86816312318,38.968,,
climb,바큐은월,ed61aa4ae28b1bcdf77ddf401115a42a,2026-06-23,256,86816312318,38.968,,
climb,바큐은월,ed61aa4ae28b1bcdf77ddf401115a42a,2026-06-24,256,86816312318,38.968,,
climb,바큐은월,ed61aa4ae28b1bcdf77ddf401115a42a,2026-06-25,256,86816312318,38.968,,
climb,바큐은월,ed61aa4ae28b1bcdf77ddf401115a42a,2026-06-26,256,86816312318,38.968,191061,
climb,바큐은월,ed61aa4ae28b1bcdf77ddf401115a42a,2026-06-27,256,86816312318,38.968,,
climb,바큐은월,ed61aa4ae28b1bcdf77ddf401115a42a,2026-06-28,256,86816312318,38.968,,
climb,바큐은월,ed61aa4ae28b1bcdf77ddf401115a42a,2026-06-29,256,86816312318,38.968,,
climb,바큐은월,ed61aa4ae28b1bcdf77ddf401115a42a,2026-06-30,256,86816312318,38.968,,
climb,바큐은월,ed61aa4ae28b1bcdf77ddf401115a42a,2026-07-01,256,86816312318,38.968,,
climb,바큐은월,ed61aa4ae28b1bcdf77ddf401115a42a,2026-07-02,256,86816312318,38.968,,
climb,바큐은월,ed61aa4ae28b1bcdf77ddf401115a42a,2026-07-03,256,86816312318,38.968,,
climb,바큐은월,ed61aa4ae28b1bcdf77ddf401115a42a,2026-07-04,256,86816312318,38.968,191061,
climb,바큐은월,ed61aa4ae28b1bcdf77ddf401115a42a,2026-07-05,256,86816312318,38.968,,
climb,바큐은월,ed61aa4ae28b1bcdf77ddf401115a42a,2026-07-06,256,86816312318,38.968,,
climb,바큐은월,ed61aa4ae28b1bcdf77ddf401115a42a,2026-07-07,256,86816312318,38.968,,
climb,바큐은월,ed61aa4ae28b1bcdf77ddf401115a42a,2026-07-08,256,86816312318,38.968,,
climb,바큐은월,ed61aa4ae28b1bcdf77ddf401115a42a,2026-07-09,256,137486065570,61.712,,
climb,바큐은월,ed61aa4ae28b1bcdf77ddf401115a42a,2026-07-10,256,183464232537,82.350,,
climb,바큐은월,ed61aa4ae28b1bcdf77ddf401115a42a,2026-07-11,256,201761419049,90.563,,
climb,바큐은월,ed61aa4ae28b1bcdf77ddf401115a42a,2026-07-12,257,26095747663,11.372,202259,
climb,바큐은월,ed61aa4ae28b1bcdf77ddf401115a42a,2026-07-13,257,26095747663,11.372,,
climb,바큐은월,ed61aa4ae28b1bcdf77ddf401115a42a,2026-07-14,257,72073914630,31.409,,
climb,바큐은월,ed61aa4ae28b1bcdf77ddf401115a42a,2026-07-15,257,115178291093,50.193,,
climb,바큐은월,ed61aa4ae28b1bcdf77ddf401115a42a,2026-07-16,257,165848044345,72.275,,
climb,바큐은월,ed61aa4ae28b1bcdf77ddf401115a42a,2026-07-17,257,211826211312,92.311,,
climb,바큐은월,ed61aa4ae28b1bcdf77ddf401115a42a,2026-07-18,258,28334726706,11.988,,
climb,바큐은월,ed61aa4ae28b1bcdf77ddf401115a42a,2026-07-19,258,74312893673,31.441,,
climb,바큐은월,ed61aa4ae28b1bcdf77ddf401115a42a,2026-07-20,258,120291060640,50.895,202259,
climb,바큐은월,ed61aa4ae28b1bcdf77ddf401115a42a,2026-07-21,258,166269227607,70.348,,
climb,바큐은월,ed61aa4ae28b1bcdf77ddf401115a42a,2026-07-22,258,212247394574,89.801,,
climb,소녀포미더블,dbd82ad31c5f946c5968940797fc4fb0,2026-06-18,256,67275288928,30.197,9643768,
climb,소녀포미더블,dbd82ad31c5f946c5968940797fc4fb0,2026-06-19,256,67275288928,30.197,,
climb,소녀포미더블,dbd82ad31c5f946c5968940797fc4fb0,2026-06-20,256,67275288928,30.197,,
climb,소녀포미더블,dbd82ad31c5f946c5968940797fc4fb0,2026-06-21,258,104925125966,44.393,,
climb,소녀포미더블,dbd82ad31c5f946c5968940797fc4fb0,2026-06-22,258,104925125966,44.393,,
climb,소녀포미더블,dbd82ad31c5f946c5968940797fc4fb0,2026-06-23,258,104925125966,44.393,,
climb,소녀포미더블,dbd82ad31c5f946c5968940797fc4fb0,2026-06-24,259,64533608086,26.509,,
climb,소녀포미더블,dbd82ad31c5f946c5968940797fc4fb0,2026-06-25,259,206061880426,84.644,,
climb,소녀포미더블,dbd82ad31c5f946c5968940797fc4fb0,2026-06-26,260,347814176313,20.083,9622892,
climb,소녀포미더블,dbd82ad31c5f946c5968940797fc4fb0,2026-06-27,260,347814176313,20.083,,
climb,소녀포미더블,dbd82ad31c5f946c5968940797fc4fb0,2026-06-28,260,816078419216,47.120,,
climb,소녀포미더블,dbd82ad31c5f946c5968940797fc4fb0,2026-06-29,260,820147623163,47.355,,
climb,소녀포미더블,dbd82ad31c5f946c5968940797fc4fb0,2026-06-30,260,820147623163,47.355,,
climb,소녀포미더블,dbd82ad31c5f946c5968940797fc4fb0,2026-07-01,260,820147623163,47.355,,
climb,소녀포미더블,dbd82ad31c5f946c5968940797fc4fb0,2026-07-02,260,820147623163,47.355,,
climb,소녀포미더블,dbd82ad31c5f946c5968940797fc4fb0,2026-07-03,260,820147623163,47.355,,
climb,소녀포미더블,dbd82ad31c5f946c5968940797fc4fb0,2026-07-04,260,820147623163,47.355,10472122,
climb,소녀포미더블,dbd82ad31c5f946c5968940797fc4fb0,2026-07-05,260,820147623163,47.355,,
climb,소녀포미더블,dbd82ad31c5f946c5968940797fc4fb0,2026-07-06,260,820147623163,47.355,,
climb,소녀포미더블,dbd82ad31c5f946c5968940797fc4fb0,2026-07-07,260,820147623163,47.355,,
climb,소녀포미더블,dbd82ad31c5f946c5968940797fc4fb0,2026-07-08,260,820147623163,47.355,,
climb,소녀포미더블,dbd82ad31c5f946c5968940797fc4fb0,2026-07-09,260,820147623163,47.355,,
climb,소녀포미더블,dbd82ad31c5f946c5968940797fc4fb0,2026-07-10,260,820147623163,47.355,,
climb,소녀포미더블,dbd82ad31c5f946c5968940797fc4fb0,2026-07-11,260,820147623163,47.355,,
climb,소녀포미더블,dbd82ad31c5f946c5968940797fc4fb0,2026-07-12,260,820147623163,47.355,10472122,
climb,소녀포미더블,dbd82ad31c5f946c5968940797fc4fb0,2026-07-13,260,820147623163,47.355,,
climb,소녀포미더블,dbd82ad31c5f946c5968940797fc4fb0,2026-07-14,260,820147623163,47.355,,
climb,소녀포미더블,dbd82ad31c5f946c5968940797fc4fb0,2026-07-15,260,820147623163,47.355,,
climb,소녀포미더블,dbd82ad31c5f946c5968940797fc4fb0,2026-07-16,260,820147623163,47.355,,
climb,소녀포미더블,dbd82ad31c5f946c5968940797fc4fb0,2026-07-17,260,820147623163,47.355,,
climb,소녀포미더블,dbd82ad31c5f946c5968940797fc4fb0,2026-07-18,260,820147623163,47.355,,
climb,소녀포미더블,dbd82ad31c5f946c5968940797fc4fb0,2026-07-19,260,820147623163,47.355,,
climb,소녀포미더블,dbd82ad31c5f946c5968940797fc4fb0,2026-07-20,260,820147623163,47.355,10472122,
climb,소녀포미더블,dbd82ad31c5f946c5968940797fc4fb0,2026-07-21,260,820147623163,47.355,,
climb,소녀포미더블,dbd82ad31c5f946c5968940797fc4fb0,2026-07-22,260,820147623163,47.355,,
climb,연버연,fd86d3fac8828bc0e3e03856140c3a58,2026-06-18,256,62788501967,28.183,940,
climb,연버연,fd86d3fac8828bc0e3e03856140c3a58,2026-06-19,256,62788501967,28.183,,
climb,연버연,fd86d3fac8828bc0e3e03856140c3a58,2026-06-20,256,62788501967,28.183,,
climb,연버연,fd86d3fac8828bc0e3e03856140c3a58,2026-06-21,256,62788501967,28.183,,
climb,연버연,fd86d3fac8828bc0e3e03856140c3a58,2026-06-22,256,62788501967,28.183,,
climb,연버연,fd86d3fac8828bc0e3e03856140c3a58,2026-06-23,256,62788501967,28.183,,
climb,연버연,fd86d3fac8828bc0e3e03856140c3a58,2026-06-24,256,62788501967,28.183,,
climb,연버연,fd86d3fac8828bc0e3e03856140c3a58,2026-06-25,256,62788501967,28.183,,
climb,연버연,fd86d3fac8828bc0e3e03856140c3a58,2026-06-26,256,62788501967,28.183,940,
climb,연버연,fd86d3fac8828bc0e3e03856140c3a58,2026-06-27,256,62788501967,28.183,,
climb,연버연,fd86d3fac8828bc0e3e03856140c3a58,2026-06-28,256,62788501967,28.183,,
climb,연버연,fd86d3fac8828bc0e3e03856140c3a58,2026-06-29,256,62788501967,28.183,,
climb,연버연,fd86d3fac8828bc0e3e03856140c3a58,2026-06-30,256,62788501967,28.183,,
climb,연버연,fd86d3fac8828bc0e3e03856140c3a58,2026-07-01,256,62788501967,28.183,,
climb,연버연,fd86d3fac8828bc0e3e03856140c3a58,2026-07-02,256,62788501967,28.183,,
climb,연버연,fd86d3fac8828bc0e3e03856140c3a58,2026-07-03,256,62788501967,28.183,,
climb,연버연,fd86d3fac8828bc0e3e03856140c3a58,2026-07-04,256,62788501967,28.183,940,
climb,연버연,fd86d3fac8828bc0e3e03856140c3a58,2026-07-05,256,62788501967,28.183,,
climb,연버연,fd86d3fac8828bc0e3e03856140c3a58,2026-07-06,256,62788501967,28.183,,
climb,연버연,fd86d3fac8828bc0e3e03856140c3a58,2026-07-07,256,62788501967,28.183,,
climb,연버연,fd86d3fac8828bc0e3e03856140c3a58,2026-07-08,256,62788501967,28.183,,
climb,연버연,fd86d3fac8828bc0e3e03856140c3a58,2026-07-09,256,62788501967,28.183,,
climb,연버연,fd86d3fac8828bc0e3e03856140c3a58,2026-07-10,256,62788501967,28.183,,
climb,연버연,fd86d3fac8828bc0e3e03856140c3a58,2026-07-11,256,62788501967,28.183,,
climb,연버연,fd86d3fac8828bc0e3e03856140c3a58,2026-07-12,256,62788501967,28.183,940,
climb,연버연,fd86d3fac8828bc0e3e03856140c3a58,2026-07-13,256,62788501967,28.183,,
climb,연버연,fd86d3fac8828bc0e3e03856140c3a58,2026-07-14,256,62788501967,28.183,,
climb,연버연,fd86d3fac8828bc0e3e03856140c3a58,2026-07-15,256,62788501967,28.183,,
climb,연버연,fd86d3fac8828bc0e3e03856140c3a58,2026-07-16,256,62788501967,28.183,,
climb,연버연,fd86d3fac8828bc0e3e03856140c3a58,2026-07-17,256,62788501967,28.183,,
climb,연버연,fd86d3fac8828bc0e3e03856140c3a58,2026-07-18,256,62788501967,28.183,,
climb,연버연,fd86d3fac8828bc0e3e03856140c3a58,2026-07-19,256,62788501967,28.183,,
climb,연버연,fd86d3fac8828bc0e3e03856140c3a58,2026-07-20,256,62788501967,28.183,940,
climb,연버연,fd86d3fac8828bc0e3e03856140c3a58,2026-07-21,256,62788501967,28.183,,
climb,연버연,fd86d3fac8828bc0e3e03856140c3a58,2026-07-22,256,62788501967,28.183,,
climb,벨크딤,85892b7afd7c6caa422d8eea63e91438efe8d04e6d233bd35cf2fabdeb93fb0d,2026-06-18,256,96296252225,43.224,15200256,
climb,벨크딤,85892b7afd7c6caa422d8eea63e91438efe8d04e6d233bd35cf2fabdeb93fb0d,2026-06-19,256,111634864745,50.109,,
climb,벨크딤,85892b7afd7c6caa422d8eea63e91438efe8d04e6d233bd35cf2fabdeb93fb0d,2026-06-20,256,126973477265,56.993,,
climb,벨크딤,85892b7afd7c6caa422d8eea63e91438efe8d04e6d233bd35cf2fabdeb93fb0d,2026-06-21,256,142312089785,63.878,,
climb,벨크딤,85892b7afd7c6caa422d8eea63e91438efe8d04e6d233bd35cf2fabdeb93fb0d,2026-06-22,256,157650702305,70.763,,
climb,벨크딤,85892b7afd7c6caa422d8eea63e91438efe8d04e6d233bd35cf2fabdeb93fb0d,2026-06-23,256,172989314825,77.648,,
climb,벨크딤,85892b7afd7c6caa422d8eea63e91438efe8d04e6d233bd35cf2fabdeb93fb0d,2026-06-24,256,188327927345,84.533,,
climb,벨크딤,85892b7afd7c6caa422d8eea63e91438efe8d04e6d233bd35cf2fabdeb93fb0d,2026-06-25,256,198553669025,89.123,,
climb,벨크딤,85892b7afd7c6caa422d8eea63e91438efe8d04e6d233bd35cf2fabdeb93fb0d,2026-06-26,256,208779410705,93.713,16821505,
climb,벨크딤,85892b7afd7c6caa422d8eea63e91438efe8d04e6d233bd35cf2fabdeb93fb0d,2026-06-27,256,219005152385,98.303,,
climb,벨크딤,85892b7afd7c6caa422d8eea63e91438efe8d04e6d233bd35cf2fabdeb93fb0d,2026-06-28,257,6444824576,2.809,,
climb,벨크딤,85892b7afd7c6caa422d8eea63e91438efe8d04e6d233bd35cf2fabdeb93fb0d,2026-06-29,257,16670566256,7.265,,
climb,벨크딤,85892b7afd7c6caa422d8eea63e91438efe8d04e6d233bd35cf2fabdeb93fb0d,2026-06-30,257,26896307936,11.721,,
climb,벨크딤,85892b7afd7c6caa422d8eea63e91438efe8d04e6d233bd35cf2fabdeb93fb0d,2026-07-01,257,37122049616,16.177,,
climb,벨크딤,85892b7afd7c6caa422d8eea63e91438efe8d04e6d233bd35cf2fabdeb93fb0d,2026-07-02,257,37122049616,16.177,,
climb,벨크딤,85892b7afd7c6caa422d8eea63e91438efe8d04e6d233bd35cf2fabdeb93fb0d,2026-07-03,257,37122049616,16.177,,
climb,벨크딤,85892b7afd7c6caa422d8eea63e91438efe8d04e6d233bd35cf2fabdeb93fb0d,2026-07-04,257,37122049616,16.177,15888717,
climb,벨크딤,85892b7afd7c6caa422d8eea63e91438efe8d04e6d233bd35cf2fabdeb93fb0d,2026-07-05,257,37122049616,16.177,,
climb,벨크딤,85892b7afd7c6caa422d8eea63e91438efe8d04e6d233bd35cf2fabdeb93fb0d,2026-07-06,257,37122049616,16.177,,
climb,벨크딤,85892b7afd7c6caa422d8eea63e91438efe8d04e6d233bd35cf2fabdeb93fb0d,2026-07-07,257,37122049616,16.177,,
climb,벨크딤,85892b7afd7c6caa422d8eea63e91438efe8d04e6d233bd35cf2fabdeb93fb0d,2026-07-08,257,37122049616,16.177,,
climb,벨크딤,85892b7afd7c6caa422d8eea63e91438efe8d04e6d233bd35cf2fabdeb93fb0d,2026-07-09,257,47347791296,20.634,,
climb,벨크딤,85892b7afd7c6caa422d8eea63e91438efe8d04e6d233bd35cf2fabdeb93fb0d,2026-07-10,257,47347791296,20.634,,
climb,벨크딤,85892b7afd7c6caa422d8eea63e91438efe8d04e6d233bd35cf2fabdeb93fb0d,2026-07-11,257,57573532976,25.090,,
climb,벨크딤,85892b7afd7c6caa422d8eea63e91438efe8d04e6d233bd35cf2fabdeb93fb0d,2026-07-12,257,67799274656,29.546,15888717,
climb,벨크딤,85892b7afd7c6caa422d8eea63e91438efe8d04e6d233bd35cf2fabdeb93fb0d,2026-07-13,257,78025016336,34.002,,
climb,벨크딤,85892b7afd7c6caa422d8eea63e91438efe8d04e6d233bd35cf2fabdeb93fb0d,2026-07-14,257,78025016336,34.002,,
climb,벨크딤,85892b7afd7c6caa422d8eea63e91438efe8d04e6d233bd35cf2fabdeb93fb0d,2026-07-15,257,124003183303,54.039,,
climb,벨크딤,85892b7afd7c6caa422d8eea63e91438efe8d04e6d233bd35cf2fabdeb93fb0d,2026-07-16,257,169981350270,74.076,,
climb,벨크딤,85892b7afd7c6caa422d8eea63e91438efe8d04e6d233bd35cf2fabdeb93fb0d,2026-07-17,257,215959517237,94.112,,
climb,벨크딤,85892b7afd7c6caa422d8eea63e91438efe8d04e6d233bd35cf2fabdeb93fb0d,2026-07-18,258,32468032631,13.737,,
climb,벨크딤,85892b7afd7c6caa422d8eea63e91438efe8d04e6d233bd35cf2fabdeb93fb0d,2026-07-19,258,78446199598,33.190,,
climb,벨크딤,85892b7afd7c6caa422d8eea63e91438efe8d04e6d233bd35cf2fabdeb93fb0d,2026-07-20,258,124424366565,52.643,15900958,
climb,벨크딤,85892b7afd7c6caa422d8eea63e91438efe8d04e6d233bd35cf2fabdeb93fb0d,2026-07-21,258,170402533532,72.096,,
climb,벨크딤,85892b7afd7c6caa422d8eea63e91438efe8d04e6d233bd35cf2fabdeb93fb0d,2026-07-22,258,216380700499,91.550,,
climb,륄리라라,ea133f185dc297d92324ff2732064e89,2026-06-18,256,100491978878,45.107,2806130,
climb,륄리라라,ea133f185dc297d92324ff2732064e89,2026-06-19,256,100491978878,45.107,,
climb,륄리라라,ea133f185dc297d92324ff2732064e89,2026-06-20,256,100491978878,45.107,,
climb,륄리라라,ea133f185dc297d92324ff2732064e89,2026-06-21,256,100491978878,45.107,,
climb,륄리라라,ea133f185dc297d92324ff2732064e89,2026-06-22,256,100491978878,45.107,,
climb,륄리라라,ea133f185dc297d92324ff2732064e89,2026-06-23,256,100491978878,45.107,,
climb,륄리라라,ea133f185dc297d92324ff2732064e89,2026-06-24,256,100491978878,45.107,,
climb,륄리라라,ea133f185dc297d92324ff2732064e89,2026-06-25,256,100491978878,45.107,,
climb,륄리라라,ea133f185dc297d92324ff2732064e89,2026-06-26,256,100491978878,45.107,2806640,
climb,륄리라라,ea133f185dc297d92324ff2732064e89,2026-06-27,256,100491978878,45.107,,
climb,륄리라라,ea133f185dc297d92324ff2732064e89,2026-06-28,256,100491978878,45.107,,
climb,륄리라라,ea133f185dc297d92324ff2732064e89,2026-06-29,256,100491978878,45.107,,
climb,륄리라라,ea133f185dc297d92324ff2732064e89,2026-06-30,256,100491978878,45.107,,
climb,륄리라라,ea133f185dc297d92324ff2732064e89,2026-07-01,256,100491978878,45.107,,
climb,륄리라라,ea133f185dc297d92324ff2732064e89,2026-07-02,256,100491978878,45.107,,
climb,륄리라라,ea133f185dc297d92324ff2732064e89,2026-07-03,256,100491978878,45.107,,
climb,륄리라라,ea133f185dc297d92324ff2732064e89,2026-07-04,256,100491978878,45.107,2806640,
climb,륄리라라,ea133f185dc297d92324ff2732064e89,2026-07-05,256,100491978878,45.107,,
climb,륄리라라,ea133f185dc297d92324ff2732064e89,2026-07-06,256,100491978878,45.107,,
climb,륄리라라,ea133f185dc297d92324ff2732064e89,2026-07-07,256,100491978878,45.107,,
climb,륄리라라,ea133f185dc297d92324ff2732064e89,2026-07-08,256,100491978878,45.107,,
climb,륄리라라,ea133f185dc297d92324ff2732064e89,2026-07-09,256,100491978878,45.107,,
climb,륄리라라,ea133f185dc297d92324ff2732064e89,2026-07-10,256,100491978878,45.107,,
climb,륄리라라,ea133f185dc297d92324ff2732064e89,2026-07-11,256,100491978878,45.107,,
climb,륄리라라,ea133f185dc297d92324ff2732064e89,2026-07-12,256,100491978878,45.107,2806640,
climb,륄리라라,ea133f185dc297d92324ff2732064e89,2026-07-13,256,100491978878,45.107,,
climb,륄리라라,ea133f185dc297d92324ff2732064e89,2026-07-14,256,100491978878,45.107,,
climb,륄리라라,ea133f185dc297d92324ff2732064e89,2026-07-15,256,100491978878,45.107,,
climb,륄리라라,ea133f185dc297d92324ff2732064e89,2026-07-16,256,100491978878,45.107,,
climb,륄리라라,ea133f185dc297d92324ff2732064e89,2026-07-17,256,100491978878,45.107,,
climb,륄리라라,ea133f185dc297d92324ff2732064e89,2026-07-18,256,100491978878,45.107,,
climb,륄리라라,ea133f185dc297d92324ff2732064e89,2026-07-19,256,100491978878,45.107,,
climb,륄리라라,ea133f185dc297d92324ff2732064e89,2026-07-20,256,100491978878,45.107,2806640,
climb,륄리라라,ea133f185dc297d92324ff2732064e89,2026-07-21,256,100491978878,45.107,,
climb,륄리라라,ea133f185dc297d92324ff2732064e89,2026-07-22,256,100491978878,45.107,,
climb,Blaolos,9a3b76c2ec169b5e6e8c4f0c096cf2b1efe8d04e6d233bd35cf2fabdeb93fb0d,2026-06-18,256,76197016290,34.202,906472,
climb,Blaolos,9a3b76c2ec169b5e6e8c4f0c096cf2b1efe8d04e6d233bd35cf2fabdeb93fb0d,2026-06-19,256,96648499650,43.382,,
climb,Blaolos,9a3b76c2ec169b5e6e8c4f0c096cf2b1efe8d04e6d233bd35cf2fabdeb93fb0d,2026-06-20,256,117099983010,52.562,,
climb,Blaolos,9a3b76c2ec169b5e6e8c4f0c096cf2b1efe8d04e6d233bd35cf2fabdeb93fb0d,2026-06-21,256,137551466370,61.742,,
climb,Blaolos,9a3b76c2ec169b5e6e8c4f0c096cf2b1efe8d04e6d233bd35cf2fabdeb93fb0d,2026-06-22,256,158002949730,70.921,,
climb,Blaolos,9a3b76c2ec169b5e6e8c4f0c096cf2b1efe8d04e6d233bd35cf2fabdeb93fb0d,2026-06-23,256,178454433090,80.101,,
climb,Blaolos,9a3b76c2ec169b5e6e8c4f0c096cf2b1efe8d04e6d233bd35cf2fabdeb93fb0d,2026-06-24,256,198905916450,89.281,,
climb,Blaolos,9a3b76c2ec169b5e6e8c4f0c096cf2b1efe8d04e6d233bd35cf2fabdeb93fb0d,2026-06-25,256,214244528970,96.166,,
climb,Blaolos,9a3b76c2ec169b5e6e8c4f0c096cf2b1efe8d04e6d233bd35cf2fabdeb93fb0d,2026-06-26,257,6797072001,2.962,716164,
climb,Blaolos,9a3b76c2ec169b5e6e8c4f0c096cf2b1efe8d04e6d233bd35cf2fabdeb93fb0d,2026-06-27,257,22135684521,9.646,,
climb,Blaolos,9a3b76c2ec169b5e6e8c4f0c096cf2b1efe8d04e6d233bd35cf2fabdeb93fb0d,2026-06-28,257,38496871209,16.776,,
climb,Blaolos,9a3b76c2ec169b5e6e8c4f0c096cf2b1efe8d04e6d233bd35cf2fabdeb93fb0d,2026-06-29,257,54858057897,23.906,,
climb,Blaolos,9a3b76c2ec169b5e6e8c4f0c096cf2b1efe8d04e6d233bd35cf2fabdeb93fb0d,2026-06-30,257,71219244585,31.036,,
climb,Blaolos,9a3b76c2ec169b5e6e8c4f0c096cf2b1efe8d04e6d233bd35cf2fabdeb93fb0d,2026-07-01,257,87580431273,38.166,,
climb,Blaolos,9a3b76c2ec169b5e6e8c4f0c096cf2b1efe8d04e6d233bd35cf2fabdeb93fb0d,2026-07-02,257,103941617961,45.296,,
climb,Blaolos,9a3b76c2ec169b5e6e8c4f0c096cf2b1efe8d04e6d233bd35cf2fabdeb93fb0d,2026-07-03,257,120302804649,52.426,,
climb,Blaolos,9a3b76c2ec169b5e6e8c4f0c096cf2b1efe8d04e6d233bd35cf2fabdeb93fb0d,2026-07-04,257,136663991337,59.556,920817,
climb,Blaolos,9a3b76c2ec169b5e6e8c4f0c096cf2b1efe8d04e6d233bd35cf2fabdeb93fb0d,2026-07-05,257,153025178025,66.686,,
climb,Blaolos,9a3b76c2ec169b5e6e8c4f0c096cf2b1efe8d04e6d233bd35cf2fabdeb93fb0d,2026-07-06,257,169386364713,73.816,,
climb,Blaolos,9a3b76c2ec169b5e6e8c4f0c096cf2b1efe8d04e6d233bd35cf2fabdeb93fb0d,2026-07-07,257,185747551401,80.946,,
climb,Blaolos,9a3b76c2ec169b5e6e8c4f0c096cf2b1efe8d04e6d233bd35cf2fabdeb93fb0d,2026-07-08,257,202108738089,88.076,,
climb,Blaolos,9a3b76c2ec169b5e6e8c4f0c096cf2b1efe8d04e6d233bd35cf2fabdeb93fb0d,2026-07-09,257,218469924777,95.206,,
climb,Blaolos,9a3b76c2ec169b5e6e8c4f0c096cf2b1efe8d04e6d233bd35cf2fabdeb93fb0d,2026-07-10,258,5361459892,2.268,,
climb,Blaolos,9a3b76c2ec169b5e6e8c4f0c096cf2b1efe8d04e6d233bd35cf2fabdeb93fb0d,2026-07-11,258,21722646580,9.191,,
climb,Blaolos,9a3b76c2ec169b5e6e8c4f0c096cf2b1efe8d04e6d233bd35cf2fabdeb93fb0d,2026-07-12,258,38083833268,16.113,1089408,
climb,Blaolos,9a3b76c2ec169b5e6e8c4f0c096cf2b1efe8d04e6d233bd35cf2fabdeb93fb0d,2026-07-13,258,54445019956,23.035,,
climb,Blaolos,9a3b76c2ec169b5e6e8c4f0c096cf2b1efe8d04e6d233bd35cf2fabdeb93fb0d,2026-07-14,258,70806206644,29.958,,
climb,Blaolos,9a3b76c2ec169b5e6e8c4f0c096cf2b1efe8d04e6d233bd35cf2fabdeb93fb0d,2026-07-15,258,87167393332,36.880,,
climb,Blaolos,9a3b76c2ec169b5e6e8c4f0c096cf2b1efe8d04e6d233bd35cf2fabdeb93fb0d,2026-07-16,258,103528580020,43.802,,
climb,Blaolos,9a3b76c2ec169b5e6e8c4f0c096cf2b1efe8d04e6d233bd35cf2fabdeb93fb0d,2026-07-17,258,119889766708,50.725,,
climb,Blaolos,9a3b76c2ec169b5e6e8c4f0c096cf2b1efe8d04e6d233bd35cf2fabdeb93fb0d,2026-07-18,258,136250953396,57.647,,
climb,Blaolos,9a3b76c2ec169b5e6e8c4f0c096cf2b1efe8d04e6d233bd35cf2fabdeb93fb0d,2026-07-19,258,152612140084,64.569,,
climb,Blaolos,9a3b76c2ec169b5e6e8c4f0c096cf2b1efe8d04e6d233bd35cf2fabdeb93fb0d,2026-07-20,258,168973326772,71.492,974528,
climb,Blaolos,9a3b76c2ec169b5e6e8c4f0c096cf2b1efe8d04e6d233bd35cf2fabdeb93fb0d,2026-07-21,258,185334513460,78.414,,
climb,Blaolos,9a3b76c2ec169b5e6e8c4f0c096cf2b1efe8d04e6d233bd35cf2fabdeb93fb0d,2026-07-22,258,201695700148,85.336,,
climb,양레쉬,1c85171c1258f89e8bece5d659dcff79,2026-06-18,256,74015328797,33.223,7316610,
climb,양레쉬,1c85171c1258f89e8bece5d659dcff79,2026-06-19,256,74015328797,33.223,,
climb,양레쉬,1c85171c1258f89e8bece5d659dcff79,2026-06-20,256,74015328797,33.223,,
climb,양레쉬,1c85171c1258f89e8bece5d659dcff79,2026-06-21,256,74015328797,33.223,,
climb,양레쉬,1c85171c1258f89e8bece5d659dcff79,2026-06-22,256,74015328797,33.223,,
climb,양레쉬,1c85171c1258f89e8bece5d659dcff79,2026-06-23,256,74015328797,33.223,,
climb,양레쉬,1c85171c1258f89e8bece5d659dcff79,2026-06-24,256,74164907167,33.290,,
climb,양레쉬,1c85171c1258f89e8bece5d659dcff79,2026-06-25,256,171084578640,76.793,,
climb,양레쉬,1c85171c1258f89e8bece5d659dcff79,2026-06-26,257,52346128616,22.812,7311508,
climb,양레쉬,1c85171c1258f89e8bece5d659dcff79,2026-06-27,257,52346128616,22.812,,
climb,양레쉬,1c85171c1258f89e8bece5d659dcff79,2026-06-28,257,52346128616,22.812,,
climb,양레쉬,1c85171c1258f89e8bece5d659dcff79,2026-06-29,257,52346128616,22.812,,
climb,양레쉬,1c85171c1258f89e8bece5d659dcff79,2026-06-30,257,52346128616,22.812,,
climb,양레쉬,1c85171c1258f89e8bece5d659dcff79,2026-07-01,257,96826442780,42.196,,
climb,양레쉬,1c85171c1258f89e8bece5d659dcff79,2026-07-02,257,96826442780,42.196,,
climb,양레쉬,1c85171c1258f89e8bece5d659dcff79,2026-07-03,257,141306756944,61.580,,
climb,양레쉬,1c85171c1258f89e8bece5d659dcff79,2026-07-04,258,11515480329,4.872,6963056,
climb,양레쉬,1c85171c1258f89e8bece5d659dcff79,2026-07-05,258,71548351893,30.272,,
climb,양레쉬,1c85171c1258f89e8bece5d659dcff79,2026-07-06,258,71548351893,30.272,,
climb,양레쉬,1c85171c1258f89e8bece5d659dcff79,2026-07-07,258,125360200497,53.039,,
climb,양레쉬,1c85171c1258f89e8bece5d659dcff79,2026-07-08,259,1366852430,0.561,,
climb,양레쉬,1c85171c1258f89e8bece5d659dcff79,2026-07-09,259,114066775102,46.855,,
climb,양레쉬,1c85171c1258f89e8bece5d659dcff79,2026-07-10,259,229631882911,94.326,,
climb,양레쉬,1c85171c1258f89e8bece5d659dcff79,2026-07-11,260,1166879785960,67.375,,
climb,양레쉬,1c85171c1258f89e8bece5d659dcff79,2026-07-12,260,1166879785960,67.375,7485468,
climb,양레쉬,1c85171c1258f89e8bece5d659dcff79,2026-07-13,260,1166879785960,67.375,,
climb,양레쉬,1c85171c1258f89e8bece5d659dcff79,2026-07-14,260,1391872586400,80.366,,
climb,양레쉬,1c85171c1258f89e8bece5d659dcff79,2026-07-15,260,1618622077607,93.458,,
climb,양레쉬,1c85171c1258f89e8bece5d659dcff79,2026-07-16,261,116457754727,6.658,,
climb,양레쉬,1c85171c1258f89e8bece5d659dcff79,2026-07-17,261,346767704817,19.824,,
climb,양레쉬,1c85171c1258f89e8bece5d659dcff79,2026-07-18,261,346767704817,19.824,,
climb,양레쉬,1c85171c1258f89e8bece5d659dcff79,2026-07-19,261,346767704817,19.824,,
climb,양레쉬,1c85171c1258f89e8bece5d659dcff79,2026-07-20,261,346767704817,19.824,7568210,
climb,양레쉬,1c85171c1258f89e8bece5d659dcff79,2026-07-21,261,346767704817,19.824,,
climb,양레쉬,1c85171c1258f89e8bece5d659dcff79,2026-07-22,261,1071807337951,61.273,,
climb,바이퍼팽잉,6bdca54fa29e846e34b07a54a87f447c,2026-06-18,256,72986336539,32.761,743292,
climb,바이퍼팽잉,6bdca54fa29e846e34b07a54a87f447c,2026-06-19,256,72986336539,32.761,,
climb,바이퍼팽잉,6bdca54fa29e846e34b07a54a87f447c,2026-06-20,256,72986336539,32.761,,
climb,바이퍼팽잉,6bdca54fa29e846e34b07a54a87f447c,2026-06-21,256,72986336539,32.761,,
climb,바이퍼팽잉,6bdca54fa29e846e34b07a54a87f447c,2026-06-22,256,72986336539,32.761,,
climb,바이퍼팽잉,6bdca54fa29e846e34b07a54a87f447c,2026-06-23,256,72986336539,32.761,,
climb,바이퍼팽잉,6bdca54fa29e846e34b07a54a87f447c,2026-06-24,256,72986336539,32.761,,
climb,바이퍼팽잉,6bdca54fa29e846e34b07a54a87f447c,2026-06-25,256,72986336539,32.761,,
climb,바이퍼팽잉,6bdca54fa29e846e34b07a54a87f447c,2026-06-26,256,72986336539,32.761,743292,
climb,바이퍼팽잉,6bdca54fa29e846e34b07a54a87f447c,2026-06-27,256,72986336539,32.761,,
climb,바이퍼팽잉,6bdca54fa29e846e34b07a54a87f447c,2026-06-28,256,72986336539,32.761,,
climb,바이퍼팽잉,6bdca54fa29e846e34b07a54a87f447c,2026-06-29,256,72986336539,32.761,,
climb,바이퍼팽잉,6bdca54fa29e846e34b07a54a87f447c,2026-06-30,256,72986336539,32.761,,
climb,바이퍼팽잉,6bdca54fa29e846e34b07a54a87f447c,2026-07-01,256,72986336539,32.761,,
climb,바이퍼팽잉,6bdca54fa29e846e34b07a54a87f447c,2026-07-02,256,72986336539,32.761,,
climb,바이퍼팽잉,6bdca54fa29e846e34b07a54a87f447c,2026-07-03,256,72986336539,32.761,,
climb,바이퍼팽잉,6bdca54fa29e846e34b07a54a87f447c,2026-07-04,256,72986336539,32.761,743292,
climb,바이퍼팽잉,6bdca54fa29e846e34b07a54a87f447c,2026-07-05,256,72986336539,32.761,,
climb,바이퍼팽잉,6bdca54fa29e846e34b07a54a87f447c,2026-07-06,256,72986336539,32.761,,
climb,바이퍼팽잉,6bdca54fa29e846e34b07a54a87f447c,2026-07-07,256,72986336539,32.761,,
climb,바이퍼팽잉,6bdca54fa29e846e34b07a54a87f447c,2026-07-08,256,72986336539,32.761,,
climb,바이퍼팽잉,6bdca54fa29e846e34b07a54a87f447c,2026-07-09,256,72986336539,32.761,,
climb,바이퍼팽잉,6bdca54fa29e846e34b07a54a87f447c,2026-07-10,256,72986336539,32.761,,
climb,바이퍼팽잉,6bdca54fa29e846e34b07a54a87f447c,2026-07-11,256,72986336539,32.761,,
climb,바이퍼팽잉,6bdca54fa29e846e34b07a54a87f447c,2026-07-12,256,72986336539,32.761,743292,
climb,바이퍼팽잉,6bdca54fa29e846e34b07a54a87f447c,2026-07-13,256,72986336539,32.761,,
climb,바이퍼팽잉,6bdca54fa29e846e34b07a54a87f447c,2026-07-14,256,72986336539,32.761,,
climb,바이퍼팽잉,6bdca54fa29e846e34b07a54a87f447c,2026-07-15,256,72986336539,32.761,,
climb,바이퍼팽잉,6bdca54fa29e846e34b07a54a87f447c,2026-07-16,256,72986336539,32.761,,
climb,바이퍼팽잉,6bdca54fa29e846e34b07a54a87f447c,2026-07-17,256,72986336539,32.761,,
climb,바이퍼팽잉,6bdca54fa29e846e34b07a54a87f447c,2026-07-18,256,72986336539,32.761,,
climb,바이퍼팽잉,6bdca54fa29e846e34b07a54a87f447c,2026-07-19,256,72986336539,32.761,,
climb,바이퍼팽잉,6bdca54fa29e846e34b07a54a87f447c,2026-07-20,256,72986336539,32.761,743292,
climb,바이퍼팽잉,6bdca54fa29e846e34b07a54a87f447c,2026-07-21,256,72986336539,32.761,,
climb,바이퍼팽잉,6bdca54fa29e846e34b07a54a87f447c,2026-07-22,256,72986336539,32.761,,
climb,구닥이잉,9935b053eb8d9e8ff86241fd7e0f78dcefe8d04e6d233bd35cf2fabdeb93fb0d,2026-06-18,256,69826547048,31.342,2790128,
climb,구닥이잉,9935b053eb8d9e8ff86241fd7e0f78dcefe8d04e6d233bd35cf2fabdeb93fb0d,2026-06-19,256,69826547048,31.342,,
climb,구닥이잉,9935b053eb8d9e8ff86241fd7e0f78dcefe8d04e6d233bd35cf2fabdeb93fb0d,2026-06-20,256,69826547048,31.342,,
climb,구닥이잉,9935b053eb8d9e8ff86241fd7e0f78dcefe8d04e6d233bd35cf2fabdeb93fb0d,2026-06-21,256,69826547048,31.342,,
climb,구닥이잉,9935b053eb8d9e8ff86241fd7e0f78dcefe8d04e6d233bd35cf2fabdeb93fb0d,2026-06-22,256,69826547048,31.342,,
climb,구닥이잉,9935b053eb8d9e8ff86241fd7e0f78dcefe8d04e6d233bd35cf2fabdeb93fb0d,2026-06-23,256,69826547048,31.342,,
climb,구닥이잉,9935b053eb8d9e8ff86241fd7e0f78dcefe8d04e6d233bd35cf2fabdeb93fb0d,2026-06-24,256,69826547048,31.342,,
climb,구닥이잉,9935b053eb8d9e8ff86241fd7e0f78dcefe8d04e6d233bd35cf2fabdeb93fb0d,2026-06-25,256,69826547048,31.342,,
climb,구닥이잉,9935b053eb8d9e8ff86241fd7e0f78dcefe8d04e6d233bd35cf2fabdeb93fb0d,2026-06-26,256,69826547048,31.342,2790128,
climb,구닥이잉,9935b053eb8d9e8ff86241fd7e0f78dcefe8d04e6d233bd35cf2fabdeb93fb0d,2026-06-27,256,69826547048,31.342,,
climb,구닥이잉,9935b053eb8d9e8ff86241fd7e0f78dcefe8d04e6d233bd35cf2fabdeb93fb0d,2026-06-28,256,69826547048,31.342,,
climb,구닥이잉,9935b053eb8d9e8ff86241fd7e0f78dcefe8d04e6d233bd35cf2fabdeb93fb0d,2026-06-29,256,69826547048,31.342,,
climb,구닥이잉,9935b053eb8d9e8ff86241fd7e0f78dcefe8d04e6d233bd35cf2fabdeb93fb0d,2026-06-30,256,69826547048,31.342,,
climb,구닥이잉,9935b053eb8d9e8ff86241fd7e0f78dcefe8d04e6d233bd35cf2fabdeb93fb0d,2026-07-01,256,69826547048,31.342,,
climb,구닥이잉,9935b053eb8d9e8ff86241fd7e0f78dcefe8d04e6d233bd35cf2fabdeb93fb0d,2026-07-02,256,69826547048,31.342,,
climb,구닥이잉,9935b053eb8d9e8ff86241fd7e0f78dcefe8d04e6d233bd35cf2fabdeb93fb0d,2026-07-03,256,69826547048,31.342,,
climb,구닥이잉,9935b053eb8d9e8ff86241fd7e0f78dcefe8d04e6d233bd35cf2fabdeb93fb0d,2026-07-04,256,69826547048,31.342,2773116,
climb,구닥이잉,9935b053eb8d9e8ff86241fd7e0f78dcefe8d04e6d233bd35cf2fabdeb93fb0d,2026-07-05,256,69826547048,31.342,,
climb,구닥이잉,9935b053eb8d9e8ff86241fd7e0f78dcefe8d04e6d233bd35cf2fabdeb93fb0d,2026-07-06,256,69826547048,31.342,,
climb,구닥이잉,9935b053eb8d9e8ff86241fd7e0f78dcefe8d04e6d233bd35cf2fabdeb93fb0d,2026-07-07,256,69826547048,31.342,,
climb,구닥이잉,9935b053eb8d9e8ff86241fd7e0f78dcefe8d04e6d233bd35cf2fabdeb93fb0d,2026-07-08,256,69826547048,31.342,,
climb,구닥이잉,9935b053eb8d9e8ff86241fd7e0f78dcefe8d04e6d233bd35cf2fabdeb93fb0d,2026-07-09,256,69826547048,31.342,,
climb,구닥이잉,9935b053eb8d9e8ff86241fd7e0f78dcefe8d04e6d233bd35cf2fabdeb93fb0d,2026-07-10,256,69826547048,31.342,,
climb,구닥이잉,9935b053eb8d9e8ff86241fd7e0f78dcefe8d04e6d233bd35cf2fabdeb93fb0d,2026-07-11,256,69826547048,31.342,,
climb,구닥이잉,9935b053eb8d9e8ff86241fd7e0f78dcefe8d04e6d233bd35cf2fabdeb93fb0d,2026-07-12,256,69826547048,31.342,2773116,
climb,구닥이잉,9935b053eb8d9e8ff86241fd7e0f78dcefe8d04e6d233bd35cf2fabdeb93fb0d,2026-07-13,256,69826547048,31.342,,
climb,구닥이잉,9935b053eb8d9e8ff86241fd7e0f78dcefe8d04e6d233bd35cf2fabdeb93fb0d,2026-07-14,256,69826547048,31.342,,
climb,구닥이잉,9935b053eb8d9e8ff86241fd7e0f78dcefe8d04e6d233bd35cf2fabdeb93fb0d,2026-07-15,256,69826547048,31.342,,
climb,구닥이잉,9935b053eb8d9e8ff86241fd7e0f78dcefe8d04e6d233bd35cf2fabdeb93fb0d,2026-07-16,256,69826547048,31.342,,
climb,구닥이잉,9935b053eb8d9e8ff86241fd7e0f78dcefe8d04e6d233bd35cf2fabdeb93fb0d,2026-07-17,256,69826547048,31.342,,
climb,구닥이잉,9935b053eb8d9e8ff86241fd7e0f78dcefe8d04e6d233bd35cf2fabdeb93fb0d,2026-07-18,256,69826547048,31.342,,
climb,구닥이잉,9935b053eb8d9e8ff86241fd7e0f78dcefe8d04e6d233bd35cf2fabdeb93fb0d,2026-07-19,256,69826547048,31.342,,
climb,구닥이잉,9935b053eb8d9e8ff86241fd7e0f78dcefe8d04e6d233bd35cf2fabdeb93fb0d,2026-07-20,256,69826547048,31.342,2773116,
climb,구닥이잉,9935b053eb8d9e8ff86241fd7e0f78dcefe8d04e6d233bd35cf2fabdeb93fb0d,2026-07-21,256,69826547048,31.342,,
climb,구닥이잉,9935b053eb8d9e8ff86241fd7e0f78dcefe8d04e6d233bd35cf2fabdeb93fb0d,2026-07-22,256,69826547048,31.342,,
climb,경험치6퍼용,ed984cfd7d36f61cc5b075643ea949e4,2026-06-18,256,68087353566,30.562,18102,
climb,경험치6퍼용,ed984cfd7d36f61cc5b075643ea949e4,2026-06-19,256,68087353566,30.562,,
climb,경험치6퍼용,ed984cfd7d36f61cc5b075643ea949e4,2026-06-20,256,68087353566,30.562,,
climb,경험치6퍼용,ed984cfd7d36f61cc5b075643ea949e4,2026-06-21,256,68087353566,30.562,,
climb,경험치6퍼용,ed984cfd7d36f61cc5b075643ea949e4,2026-06-22,256,68087353566,30.562,,
climb,경험치6퍼용,ed984cfd7d36f61cc5b075643ea949e4,2026-06-23,256,68087353566,30.562,,
climb,경험치6퍼용,ed984cfd7d36f61cc5b075643ea949e4,2026-06-24,256,68087353566,30.562,,
climb,경험치6퍼용,ed984cfd7d36f61cc5b075643ea949e4,2026-06-25,256,68087353566,30.562,,
climb,경험치6퍼용,ed984cfd7d36f61cc5b075643ea949e4,2026-06-26,256,68087353566,30.562,18102,
climb,경험치6퍼용,ed984cfd7d36f61cc5b075643ea949e4,2026-06-27,256,68087353566,30.562,,
climb,경험치6퍼용,ed984cfd7d36f61cc5b075643ea949e4,2026-06-28,256,68087353566,30.562,,
climb,경험치6퍼용,ed984cfd7d36f61cc5b075643ea949e4,2026-06-29,256,68087353566,30.562,,
climb,경험치6퍼용,ed984cfd7d36f61cc5b075643ea949e4,2026-06-30,256,68087353566,30.562,,
climb,경험치6퍼용,ed984cfd7d36f61cc5b075643ea949e4,2026-07-01,256,68087353566,30.562,,
climb,경험치6퍼용,ed984cfd7d36f61cc5b075643ea949e4,2026-07-02,256,68087353566,30.562,,
climb,경험치6퍼용,ed984cfd7d36f61cc5b075643ea949e4,2026-07-03,256,68087353566,30.562,,
climb,경험치6퍼용,ed984cfd7d36f61cc5b075643ea949e4,2026-07-04,256,68087353566,30.562,18102,
climb,경험치6퍼용,ed984cfd7d36f61cc5b075643ea949e4,2026-07-05,256,68087353566,30.562,,
climb,경험치6퍼용,ed984cfd7d36f61cc5b075643ea949e4,2026-07-06,256,68087353566,30.562,,
climb,경험치6퍼용,ed984cfd7d36f61cc5b075643ea949e4,2026-07-07,256,68087353566,30.562,,
climb,경험치6퍼용,ed984cfd7d36f61cc5b075643ea949e4,2026-07-08,256,68087353566,30.562,,
climb,경험치6퍼용,ed984cfd7d36f61cc5b075643ea949e4,2026-07-09,256,68087353566,30.562,,
climb,경험치6퍼용,ed984cfd7d36f61cc5b075643ea949e4,2026-07-10,256,68087353566,30.562,,
climb,경험치6퍼용,ed984cfd7d36f61cc5b075643ea949e4,2026-07-11,256,68087353566,30.562,,
climb,경험치6퍼용,ed984cfd7d36f61cc5b075643ea949e4,2026-07-12,256,68087353566,30.562,18102,
climb,경험치6퍼용,ed984cfd7d36f61cc5b075643ea949e4,2026-07-13,256,68087353566,30.562,,
climb,경험치6퍼용,ed984cfd7d36f61cc5b075643ea949e4,2026-07-14,256,68087353566,30.562,,
climb,경험치6퍼용,ed984cfd7d36f61cc5b075643ea949e4,2026-07-15,256,68087353566,30.562,,
climb,경험치6퍼용,ed984cfd7d36f61cc5b075643ea949e4,2026-07-16,256,68087353566,30.562,,
climb,경험치6퍼용,ed984cfd7d36f61cc5b075643ea949e4,2026-07-17,256,68087353566,30.562,,
climb,경험치6퍼용,ed984cfd7d36f61cc5b075643ea949e4,2026-07-18,256,68087353566,30.562,,
climb,경험치6퍼용,ed984cfd7d36f61cc5b075643ea949e4,2026-07-19,256,68087353566,30.562,,
climb,경험치6퍼용,ed984cfd7d36f61cc5b075643ea949e4,2026-07-20,256,68087353566,30.562,18102,
climb,경험치6퍼용,ed984cfd7d36f61cc5b075643ea949e4,2026-07-21,256,68087353566,30.562,,
climb,경험치6퍼용,ed984cfd7d36f61cc5b075643ea949e4,2026-07-22,256,68087353566,30.562,,
climb,롤플레갈사람,3c905e938e84603bf78a5dfd8566cd4aefe8d04e6d233bd35cf2fabdeb93fb0d,2026-06-18,256,104782326343,47.033,5502942,
climb,롤플레갈사람,3c905e938e84603bf78a5dfd8566cd4aefe8d04e6d233bd35cf2fabdeb93fb0d,2026-06-19,256,104782326343,47.033,,
climb,롤플레갈사람,3c905e938e84603bf78a5dfd8566cd4aefe8d04e6d233bd35cf2fabdeb93fb0d,2026-06-20,256,104782326343,47.033,,
climb,롤플레갈사람,3c905e938e84603bf78a5dfd8566cd4aefe8d04e6d233bd35cf2fabdeb93fb0d,2026-06-21,256,104782326343,47.033,,
climb,롤플레갈사람,3c905e938e84603bf78a5dfd8566cd4aefe8d04e6d233bd35cf2fabdeb93fb0d,2026-06-22,256,104782326343,47.033,,
climb,롤플레갈사람,3c905e938e84603bf78a5dfd8566cd4aefe8d04e6d233bd35cf2fabdeb93fb0d,2026-06-23,256,104782326343,47.033,,
climb,롤플레갈사람,3c905e938e84603bf78a5dfd8566cd4aefe8d04e6d233bd35cf2fabdeb93fb0d,2026-06-24,256,104782326343,47.033,,
climb,롤플레갈사람,3c905e938e84603bf78a5dfd8566cd4aefe8d04e6d233bd35cf2fabdeb93fb0d,2026-06-25,256,104782326343,47.033,,
climb,롤플레갈사람,3c905e938e84603bf78a5dfd8566cd4aefe8d04e6d233bd35cf2fabdeb93fb0d,2026-06-26,256,104782326343,47.033,5502942,
climb,롤플레갈사람,3c905e938e84603bf78a5dfd8566cd4aefe8d04e6d233bd35cf2fabdeb93fb0d,2026-06-27,256,104782326343,47.033,,
climb,롤플레갈사람,3c905e938e84603bf78a5dfd8566cd4aefe8d04e6d233bd35cf2fabdeb93fb0d,2026-06-28,256,104782326343,47.033,,
climb,롤플레갈사람,3c905e938e84603bf78a5dfd8566cd4aefe8d04e6d233bd35cf2fabdeb93fb0d,2026-06-29,256,104782326343,47.033,,
climb,롤플레갈사람,3c905e938e84603bf78a5dfd8566cd4aefe8d04e6d233bd35cf2fabdeb93fb0d,2026-06-30,256,104782326343,47.033,,
climb,롤플레갈사람,3c905e938e84603bf78a5dfd8566cd4aefe8d04e6d233bd35cf2fabdeb93fb0d,2026-07-01,256,104782326343,47.033,,
climb,롤플레갈사람,3c905e938e84603bf78a5dfd8566cd4aefe8d04e6d233bd35cf2fabdeb93fb0d,2026-07-02,256,104782326343,47.033,,
climb,롤플레갈사람,3c905e938e84603bf78a5dfd8566cd4aefe8d04e6d233bd35cf2fabdeb93fb0d,2026-07-03,256,104782326343,47.033,,
climb,롤플레갈사람,3c905e938e84603bf78a5dfd8566cd4aefe8d04e6d233bd35cf2fabdeb93fb0d,2026-07-04,256,104782326343,47.033,5502942,
climb,롤플레갈사람,3c905e938e84603bf78a5dfd8566cd4aefe8d04e6d233bd35cf2fabdeb93fb0d,2026-07-05,256,104782326343,47.033,,
climb,롤플레갈사람,3c905e938e84603bf78a5dfd8566cd4aefe8d04e6d233bd35cf2fabdeb93fb0d,2026-07-06,256,104782326343,47.033,,
climb,롤플레갈사람,3c905e938e84603bf78a5dfd8566cd4aefe8d04e6d233bd35cf2fabdeb93fb0d,2026-07-07,256,104782326343,47.033,,
climb,롤플레갈사람,3c905e938e84603bf78a5dfd8566cd4aefe8d04e6d233bd35cf2fabdeb93fb0d,2026-07-08,256,104782326343,47.033,,
climb,롤플레갈사람,3c905e938e84603bf78a5dfd8566cd4aefe8d04e6d233bd35cf2fabdeb93fb0d,2026-07-09,256,104782326343,47.033,,
climb,롤플레갈사람,3c905e938e84603bf78a5dfd8566cd4aefe8d04e6d233bd35cf2fabdeb93fb0d,2026-07-10,256,104782326343,47.033,,
climb,롤플레갈사람,3c905e938e84603bf78a5dfd8566cd4aefe8d04e6d233bd35cf2fabdeb93fb0d,2026-07-11,256,104782326343,47.033,,
climb,롤플레갈사람,3c905e938e84603bf78a5dfd8566cd4aefe8d04e6d233bd35cf2fabdeb93fb0d,2026-07-12,256,104782326343,47.033,5502942,
climb,롤플레갈사람,3c905e938e84603bf78a5dfd8566cd4aefe8d04e6d233bd35cf2fabdeb93fb0d,2026-07-13,256,104782326343,47.033,,
climb,롤플레갈사람,3c905e938e84603bf78a5dfd8566cd4aefe8d04e6d233bd35cf2fabdeb93fb0d,2026-07-14,256,104782326343,47.033,,
climb,롤플레갈사람,3c905e938e84603bf78a5dfd8566cd4aefe8d04e6d233bd35cf2fabdeb93fb0d,2026-07-15,256,104782326343,47.033,,
climb,롤플레갈사람,3c905e938e84603bf78a5dfd8566cd4aefe8d04e6d233bd35cf2fabdeb93fb0d,2026-07-16,256,104782326343,47.033,,
climb,롤플레갈사람,3c905e938e84603bf78a5dfd8566cd4aefe8d04e6d233bd35cf2fabdeb93fb0d,2026-07-17,256,104782326343,47.033,,
climb,롤플레갈사람,3c905e938e84603bf78a5dfd8566cd4aefe8d04e6d233bd35cf2fabdeb93fb0d,2026-07-18,256,104782326343,47.033,,
climb,롤플레갈사람,3c905e938e84603bf78a5dfd8566cd4aefe8d04e6d233bd35cf2fabdeb93fb0d,2026-07-19,256,104782326343,47.033,,
climb,롤플레갈사람,3c905e938e84603bf78a5dfd8566cd4aefe8d04e6d233bd35cf2fabdeb93fb0d,2026-07-20,256,104782326343,47.033,5502942,
climb,롤플레갈사람,3c905e938e84603bf78a5dfd8566cd4aefe8d04e6d233bd35cf2fabdeb93fb0d,2026-07-21,256,104782326343,47.033,,
climb,롤플레갈사람,3c905e938e84603bf78a5dfd8566cd4aefe8d04e6d233bd35cf2fabdeb93fb0d,2026-07-22,256,104782326343,47.033,,
climb,초보자비숍,bee59a747cfd3e313d3a46564455a9de,2026-06-18,256,144942705427,65.059,3012564,
climb,초보자비숍,bee59a747cfd3e313d3a46564455a9de,2026-06-19,256,186464176109,83.697,,
climb,초보자비숍,bee59a747cfd3e313d3a46564455a9de,2026-06-20,257,5199577302,2.266,,
climb,초보자비숍,bee59a747cfd3e313d3a46564455a9de,2026-06-21,257,46721047984,20.360,,
climb,초보자비숍,bee59a747cfd3e313d3a46564455a9de,2026-06-22,257,88242518666,38.455,,
climb,초보자비숍,bee59a747cfd3e313d3a46564455a9de,2026-06-23,257,129763989348,56.550,,
climb,초보자비숍,bee59a747cfd3e313d3a46564455a9de,2026-06-24,257,171285460030,74.644,,
climb,초보자비숍,bee59a747cfd3e313d3a46564455a9de,2026-06-25,257,198966440485,86.707,,
climb,초보자비숍,bee59a747cfd3e313d3a46564455a9de,2026-06-26,257,226647420940,98.770,3190397,
climb,초보자비숍,bee59a747cfd3e313d3a46564455a9de,2026-06-27,257,226647420940,98.770,,
climb,초보자비숍,bee59a747cfd3e313d3a46564455a9de,2026-06-28,258,16461201047,6.965,,
climb,초보자비숍,bee59a747cfd3e313d3a46564455a9de,2026-06-29,258,35744632727,15.123,,
climb,초보자비숍,bee59a747cfd3e313d3a46564455a9de,2026-06-30,258,55028064407,23.282,,
climb,초보자비숍,bee59a747cfd3e313d3a46564455a9de,2026-07-01,258,74311496087,31.441,,
climb,초보자비숍,bee59a747cfd3e313d3a46564455a9de,2026-07-02,258,74311496087,31.441,,
climb,초보자비숍,bee59a747cfd3e313d3a46564455a9de,2026-07-03,258,74311496087,31.441,,
climb,초보자비숍,bee59a747cfd3e313d3a46564455a9de,2026-07-04,258,101992476542,43.152,3006235,
climb,초보자비숍,bee59a747cfd3e313d3a46564455a9de,2026-07-05,258,129673456997,54.864,,
climb,초보자비숍,bee59a747cfd3e313d3a46564455a9de,2026-07-06,258,157354437452,66.576,,
climb,초보자비숍,bee59a747cfd3e313d3a46564455a9de,2026-07-07,258,185035417907,78.287,,
climb,초보자비숍,bee59a747cfd3e313d3a46564455a9de,2026-07-08,258,218252594453,92.342,,
climb,초보자비숍,bee59a747cfd3e313d3a46564455a9de,2026-07-09,258,218252594453,92.342,,
climb,초보자비숍,bee59a747cfd3e313d3a46564455a9de,2026-07-10,259,15116029879,6.209,,
climb,초보자비숍,bee59a747cfd3e313d3a46564455a9de,2026-07-11,259,48333206425,19.854,,
climb,초보자비숍,bee59a747cfd3e313d3a46564455a9de,2026-07-12,259,71473324441,29.359,3515039,
climb,초보자비숍,bee59a747cfd3e313d3a46564455a9de,2026-07-13,259,94613442457,38.865,,
climb,초보자비숍,bee59a747cfd3e313d3a46564455a9de,2026-07-14,259,117753560473,48.370,,
climb,초보자비숍,bee59a747cfd3e313d3a46564455a9de,2026-07-15,259,150970737019,62.014,,
climb,초보자비숍,bee59a747cfd3e313d3a46564455a9de,2026-07-16,259,150970737019,62.014,,
climb,초보자비숍,bee59a747cfd3e313d3a46564455a9de,2026-07-17,259,184187913565,75.659,,
climb,초보자비숍,bee59a747cfd3e313d3a46564455a9de,2026-07-18,259,217405090111,89.304,,
climb,초보자비숍,bee59a747cfd3e313d3a46564455a9de,2026-07-19,260,7177913304,0.414,,
climb,초보자비숍,bee59a747cfd3e313d3a46564455a9de,2026-07-20,260,7177913304,0.414,2777458,
climb,초보자비숍,bee59a747cfd3e313d3a46564455a9de,2026-07-21,260,7177913304,0.414,,
climb,초보자비숍,bee59a747cfd3e313d3a46564455a9de,2026-07-22,260,7177913304,0.414,,
climb,가려월,4036ca24a80f056f7482db3913b4d357,2026-06-18,256,101941760240,45.758,3055899,
climb,가려월,4036ca24a80f056f7482db3913b4d357,2026-06-19,256,101941760240,45.758,,
climb,가려월,4036ca24a80f056f7482db3913b4d357,2026-06-20,256,101941760240,45.758,,
climb,가려월,4036ca24a80f056f7482db3913b4d357,2026-06-21,256,101941760240,45.758,,
climb,가려월,4036ca24a80f056f7482db3913b4d357,2026-06-22,256,101941760240,45.758,,
climb,가려월,4036ca24a80f056f7482db3913b4d357,2026-06-23,256,101941760240,45.758,,
climb,가려월,4036ca24a80f056f7482db3913b4d357,2026-06-24,256,101941760240,45.758,,
climb,가려월,4036ca24a80f056f7482db3913b4d357,2026-06-25,256,101941760240,45.758,,
climb,가려월,4036ca24a80f056f7482db3913b4d357,2026-06-26,256,101941760240,45.758,3055899,
climb,가려월,4036ca24a80f056f7482db3913b4d357,2026-06-27,256,101941760240,45.758,,
climb,가려월,4036ca24a80f056f7482db3913b4d357,2026-06-28,256,101941760240,45.758,,
climb,가려월,4036ca24a80f056f7482db3913b4d357,2026-06-29,256,101941760240,45.758,,
climb,가려월,4036ca24a80f056f7482db3913b4d357,2026-06-30,256,101941760240,45.758,,
climb,가려월,4036ca24a80f056f7482db3913b4d357,2026-07-01,256,101941760240,45.758,,
climb,가려월,4036ca24a80f056f7482db3913b4d357,2026-07-02,256,101941760240,45.758,,
climb,가려월,4036ca24a80f056f7482db3913b4d357,2026-07-03,256,101941760240,45.758,,
climb,가려월,4036ca24a80f056f7482db3913b4d357,2026-07-04,256,101941760240,45.758,3055899,
climb,가려월,4036ca24a80f056f7482db3913b4d357,2026-07-05,256,101941760240,45.758,,
climb,가려월,4036ca24a80f056f7482db3913b4d357,2026-07-06,256,101941760240,45.758,,
climb,가려월,4036ca24a80f056f7482db3913b4d357,2026-07-07,256,101941760240,45.758,,
climb,가려월,4036ca24a80f056f7482db3913b4d357,2026-07-08,256,101941760240,45.758,,
climb,가려월,4036ca24a80f056f7482db3913b4d357,2026-07-09,256,101941760240,45.758,,
climb,가려월,4036ca24a80f056f7482db3913b4d357,2026-07-10,256,101941760240,45.758,,
climb,가려월,4036ca24a80f056f7482db3913b4d357,2026-07-11,256,101941760240,45.758,,
climb,가려월,4036ca24a80f056f7482db3913b4d357,2026-07-12,256,101941760240,45.758,3055899,
climb,가려월,4036ca24a80f056f7482db3913b4d357,2026-07-13,256,101941760240,45.758,,
climb,가려월,4036ca24a80f056f7482db3913b4d357,2026-07-14,256,101941760240,45.758,,
climb,가려월,4036ca24a80f056f7482db3913b4d357,2026-07-15,256,101941760240,45.758,,
climb,가려월,4036ca24a80f056f7482db3913b4d357,2026-07-16,256,101941760240,45.758,,
climb,가려월,4036ca24a80f056f7482db3913b4d357,2026-07-17,256,101941760240,45.758,,
climb,가려월,4036ca24a80f056f7482db3913b4d357,2026-07-18,256,101941760240,45.758,,
climb,가려월,4036ca24a80f056f7482db3913b4d357,2026-07-19,256,101941760240,45.758,,
climb,가려월,4036ca24a80f056f7482db3913b4d357,2026-07-20,256,101941760240,45.758,3055899,
climb,가려월,4036ca24a80f056f7482db3913b4d357,2026-07-21,256,101941760240,45.758,,
climb,가려월,4036ca24a80f056f7482db3913b4d357,2026-07-22,256,101941760240,45.758,,
climb,나의영우,ca0bf73c8eb17abb71a2e8796de26baeefe8d04e6d233bd35cf2fabdeb93fb0d,2026-06-18,256,90169033488,40.473,2690518,
climb,나의영우,ca0bf73c8eb17abb71a2e8796de26baeefe8d04e6d233bd35cf2fabdeb93fb0d,2026-06-19,256,90169033488,40.473,,
climb,나의영우,ca0bf73c8eb17abb71a2e8796de26baeefe8d04e6d233bd35cf2fabdeb93fb0d,2026-06-20,256,90169033488,40.473,,
climb,나의영우,ca0bf73c8eb17abb71a2e8796de26baeefe8d04e6d233bd35cf2fabdeb93fb0d,2026-06-21,256,90169033488,40.473,,
climb,나의영우,ca0bf73c8eb17abb71a2e8796de26baeefe8d04e6d233bd35cf2fabdeb93fb0d,2026-06-22,256,90169033488,40.473,,
climb,나의영우,ca0bf73c8eb17abb71a2e8796de26baeefe8d04e6d233bd35cf2fabdeb93fb0d,2026-06-23,256,90169033488,40.473,,
climb,나의영우,ca0bf73c8eb17abb71a2e8796de26baeefe8d04e6d233bd35cf2fabdeb93fb0d,2026-06-24,256,90169033488,40.473,,
climb,나의영우,ca0bf73c8eb17abb71a2e8796de26baeefe8d04e6d233bd35cf2fabdeb93fb0d,2026-06-25,256,90169033488,40.473,,
climb,나의영우,ca0bf73c8eb17abb71a2e8796de26baeefe8d04e6d233bd35cf2fabdeb93fb0d,2026-06-26,256,90169033488,40.473,2690518,
climb,나의영우,ca0bf73c8eb17abb71a2e8796de26baeefe8d04e6d233bd35cf2fabdeb93fb0d,2026-06-27,256,90169033488,40.473,,
climb,나의영우,ca0bf73c8eb17abb71a2e8796de26baeefe8d04e6d233bd35cf2fabdeb93fb0d,2026-06-28,256,90169033488,40.473,,
climb,나의영우,ca0bf73c8eb17abb71a2e8796de26baeefe8d04e6d233bd35cf2fabdeb93fb0d,2026-06-29,256,90169033488,40.473,,
climb,나의영우,ca0bf73c8eb17abb71a2e8796de26baeefe8d04e6d233bd35cf2fabdeb93fb0d,2026-06-30,256,90169033488,40.473,,
climb,나의영우,ca0bf73c8eb17abb71a2e8796de26baeefe8d04e6d233bd35cf2fabdeb93fb0d,2026-07-01,256,90169033488,40.473,,
climb,나의영우,ca0bf73c8eb17abb71a2e8796de26baeefe8d04e6d233bd35cf2fabdeb93fb0d,2026-07-02,256,90169033488,40.473,,
climb,나의영우,ca0bf73c8eb17abb71a2e8796de26baeefe8d04e6d233bd35cf2fabdeb93fb0d,2026-07-03,256,90169033488,40.473,,
climb,나의영우,ca0bf73c8eb17abb71a2e8796de26baeefe8d04e6d233bd35cf2fabdeb93fb0d,2026-07-04,256,90169033488,40.473,2690518,
climb,나의영우,ca0bf73c8eb17abb71a2e8796de26baeefe8d04e6d233bd35cf2fabdeb93fb0d,2026-07-05,256,90169033488,40.473,,
climb,나의영우,ca0bf73c8eb17abb71a2e8796de26baeefe8d04e6d233bd35cf2fabdeb93fb0d,2026-07-06,256,90169033488,40.473,,
climb,나의영우,ca0bf73c8eb17abb71a2e8796de26baeefe8d04e6d233bd35cf2fabdeb93fb0d,2026-07-07,256,90169033488,40.473,,
climb,나의영우,ca0bf73c8eb17abb71a2e8796de26baeefe8d04e6d233bd35cf2fabdeb93fb0d,2026-07-08,256,90169033488,40.473,,
climb,나의영우,ca0bf73c8eb17abb71a2e8796de26baeefe8d04e6d233bd35cf2fabdeb93fb0d,2026-07-09,256,90169033488,40.473,,
climb,나의영우,ca0bf73c8eb17abb71a2e8796de26baeefe8d04e6d233bd35cf2fabdeb93fb0d,2026-07-10,256,90169033488,40.473,,
climb,나의영우,ca0bf73c8eb17abb71a2e8796de26baeefe8d04e6d233bd35cf2fabdeb93fb0d,2026-07-11,256,90169033488,40.473,,
climb,나의영우,ca0bf73c8eb17abb71a2e8796de26baeefe8d04e6d233bd35cf2fabdeb93fb0d,2026-07-12,256,90169033488,40.473,2690518,
climb,나의영우,ca0bf73c8eb17abb71a2e8796de26baeefe8d04e6d233bd35cf2fabdeb93fb0d,2026-07-13,256,90169033488,40.473,,
climb,나의영우,ca0bf73c8eb17abb71a2e8796de26baeefe8d04e6d233bd35cf2fabdeb93fb0d,2026-07-14,256,90169033488,40.473,,
climb,나의영우,ca0bf73c8eb17abb71a2e8796de26baeefe8d04e6d233bd35cf2fabdeb93fb0d,2026-07-15,256,90169033488,40.473,,
climb,나의영우,ca0bf73c8eb17abb71a2e8796de26baeefe8d04e6d233bd35cf2fabdeb93fb0d,2026-07-16,256,90169033488,40.473,,
climb,나의영우,ca0bf73c8eb17abb71a2e8796de26baeefe8d04e6d233bd35cf2fabdeb93fb0d,2026-07-17,256,90169033488,40.473,,
climb,나의영우,ca0bf73c8eb17abb71a2e8796de26baeefe8d04e6d233bd35cf2fabdeb93fb0d,2026-07-18,256,90169033488,40.473,,
climb,나의영우,ca0bf73c8eb17abb71a2e8796de26baeefe8d04e6d233bd35cf2fabdeb93fb0d,2026-07-19,256,90169033488,40.473,,
climb,나의영우,ca0bf73c8eb17abb71a2e8796de26baeefe8d04e6d233bd35cf2fabdeb93fb0d,2026-07-20,256,90169033488,40.473,2690518,
climb,나의영우,ca0bf73c8eb17abb71a2e8796de26baeefe8d04e6d233bd35cf2fabdeb93fb0d,2026-07-21,256,90169033488,40.473,,
climb,나의영우,ca0bf73c8eb17abb71a2e8796de26baeefe8d04e6d233bd35cf2fabdeb93fb0d,2026-07-22,256,90169033488,40.473,,
climb,설비하다왔음,5bde4ba02370ebe6770c26cc38cd22d4efe8d04e6d233bd35cf2fabdeb93fb0d,2026-06-18,256,142956775837,64.168,2551158,
climb,설비하다왔음,5bde4ba02370ebe6770c26cc38cd22d4efe8d04e6d233bd35cf2fabdeb93fb0d,2026-06-19,256,184478246519,82.805,,
climb,설비하다왔음,5bde4ba02370ebe6770c26cc38cd22d4efe8d04e6d233bd35cf2fabdeb93fb0d,2026-06-20,257,3213647712,1.400,,
climb,설비하다왔음,5bde4ba02370ebe6770c26cc38cd22d4efe8d04e6d233bd35cf2fabdeb93fb0d,2026-06-21,257,32138795232,14.006,,
climb,설비하다왔음,5bde4ba02370ebe6770c26cc38cd22d4efe8d04e6d233bd35cf2fabdeb93fb0d,2026-06-22,257,61063942752,26.611,,
climb,설비하다왔음,5bde4ba02370ebe6770c26cc38cd22d4efe8d04e6d233bd35cf2fabdeb93fb0d,2026-06-23,257,89989090272,39.216,,
climb,설비하다왔음,5bde4ba02370ebe6770c26cc38cd22d4efe8d04e6d233bd35cf2fabdeb93fb0d,2026-06-24,257,118914237792,51.821,,
climb,설비하다왔음,5bde4ba02370ebe6770c26cc38cd22d4efe8d04e6d233bd35cf2fabdeb93fb0d,2026-06-25,257,138197669472,60.225,,
climb,설비하다왔음,5bde4ba02370ebe6770c26cc38cd22d4efe8d04e6d233bd35cf2fabdeb93fb0d,2026-06-26,257,157481101152,68.628,2069207,
climb,설비하다왔음,5bde4ba02370ebe6770c26cc38cd22d4efe8d04e6d233bd35cf2fabdeb93fb0d,2026-06-27,257,176764532832,77.032,,
climb,설비하다왔음,5bde4ba02370ebe6770c26cc38cd22d4efe8d04e6d233bd35cf2fabdeb93fb0d,2026-06-28,257,196047964512,85.435,,
climb,설비하다왔음,5bde4ba02370ebe6770c26cc38cd22d4efe8d04e6d233bd35cf2fabdeb93fb0d,2026-06-29,257,215331396192,93.839,,
climb,설비하다왔음,5bde4ba02370ebe6770c26cc38cd22d4efe8d04e6d233bd35cf2fabdeb93fb0d,2026-06-30,258,13542725074,5.730,,
climb,설비하다왔음,5bde4ba02370ebe6770c26cc38cd22d4efe8d04e6d233bd35cf2fabdeb93fb0d,2026-07-01,258,41223705529,17.442,,
climb,설비하다왔음,5bde4ba02370ebe6770c26cc38cd22d4efe8d04e6d233bd35cf2fabdeb93fb0d,2026-07-02,258,68904685984,29.153,,
climb,설비하다왔음,5bde4ba02370ebe6770c26cc38cd22d4efe8d04e6d233bd35cf2fabdeb93fb0d,2026-07-03,258,96585666439,40.865,,
climb,설비하다왔음,5bde4ba02370ebe6770c26cc38cd22d4efe8d04e6d233bd35cf2fabdeb93fb0d,2026-07-04,258,124266646894,52.577,2070628,
climb,설비하다왔음,5bde4ba02370ebe6770c26cc38cd22d4efe8d04e6d233bd35cf2fabdeb93fb0d,2026-07-05,258,151947627349,64.288,,
climb,설비하다왔음,5bde4ba02370ebe6770c26cc38cd22d4efe8d04e6d233bd35cf2fabdeb93fb0d,2026-07-06,258,191862905562,81.176,,
climb,설비하다왔음,5bde4ba02370ebe6770c26cc38cd22d4efe8d04e6d233bd35cf2fabdeb93fb0d,2026-07-07,258,231778183775,98.064,,
climb,설비하다왔음,5bde4ba02370ebe6770c26cc38cd22d4efe8d04e6d233bd35cf2fabdeb93fb0d,2026-07-08,259,35339720868,14.517,,
climb,설비하다왔음,5bde4ba02370ebe6770c26cc38cd22d4efe8d04e6d233bd35cf2fabdeb93fb0d,2026-07-09,259,75254999081,30.913,,
climb,설비하다왔음,5bde4ba02370ebe6770c26cc38cd22d4efe8d04e6d233bd35cf2fabdeb93fb0d,2026-07-10,259,115170277294,47.309,,
climb,설비하다왔음,5bde4ba02370ebe6770c26cc38cd22d4efe8d04e6d233bd35cf2fabdeb93fb0d,2026-07-11,259,155085555507,63.705,,
climb,설비하다왔음,5bde4ba02370ebe6770c26cc38cd22d4efe8d04e6d233bd35cf2fabdeb93fb0d,2026-07-12,259,195000833720,80.101,2071762,
climb,설비하다왔음,5bde4ba02370ebe6770c26cc38cd22d4efe8d04e6d233bd35cf2fabdeb93fb0d,2026-07-13,259,234916111933,96.497,,
climb,설비하다왔음,5bde4ba02370ebe6770c26cc38cd22d4efe8d04e6d233bd35cf2fabdeb93fb0d,2026-07-14,260,19994686772,1.154,,
climb,설비하다왔음,5bde4ba02370ebe6770c26cc38cd22d4efe8d04e6d233bd35cf2fabdeb93fb0d,2026-07-15,260,19994686772,1.154,,
climb,설비하다왔음,5bde4ba02370ebe6770c26cc38cd22d4efe8d04e6d233bd35cf2fabdeb93fb0d,2026-07-16,260,19994686772,1.154,,
climb,설비하다왔음,5bde4ba02370ebe6770c26cc38cd22d4efe8d04e6d233bd35cf2fabdeb93fb0d,2026-07-17,260,19994686772,1.154,,
climb,설비하다왔음,5bde4ba02370ebe6770c26cc38cd22d4efe8d04e6d233bd35cf2fabdeb93fb0d,2026-07-18,260,30220428452,1.745,,
climb,설비하다왔음,5bde4ba02370ebe6770c26cc38cd22d4efe8d04e6d233bd35cf2fabdeb93fb0d,2026-07-19,260,40446170132,2.335,,
climb,설비하다왔음,5bde4ba02370ebe6770c26cc38cd22d4efe8d04e6d233bd35cf2fabdeb93fb0d,2026-07-20,260,50671911812,2.926,2468616,
climb,설비하다왔음,5bde4ba02370ebe6770c26cc38cd22d4efe8d04e6d233bd35cf2fabdeb93fb0d,2026-07-21,260,60897653492,3.516,,
climb,설비하다왔음,5bde4ba02370ebe6770c26cc38cd22d4efe8d04e6d233bd35cf2fabdeb93fb0d,2026-07-22,260,71123395172,4.107,,
climb,문어왕수호,46f89255dba4d53a4d1d704d64a18049efe8d04e6d233bd35cf2fabdeb93fb0d,2026-06-18,256,53789398120,24.144,5625573,
climb,문어왕수호,46f89255dba4d53a4d1d704d64a18049efe8d04e6d233bd35cf2fabdeb93fb0d,2026-06-19,256,53789398120,24.144,,
climb,문어왕수호,46f89255dba4d53a4d1d704d64a18049efe8d04e6d233bd35cf2fabdeb93fb0d,2026-06-20,256,53789398120,24.144,,
climb,문어왕수호,46f89255dba4d53a4d1d704d64a18049efe8d04e6d233bd35cf2fabdeb93fb0d,2026-06-21,256,53789398120,24.144,,
climb,문어왕수호,46f89255dba4d53a4d1d704d64a18049efe8d04e6d233bd35cf2fabdeb93fb0d,2026-06-22,256,53789398120,24.144,,
climb,문어왕수호,46f89255dba4d53a4d1d704d64a18049efe8d04e6d233bd35cf2fabdeb93fb0d,2026-06-23,256,53789398120,24.144,,
climb,문어왕수호,46f89255dba4d53a4d1d704d64a18049efe8d04e6d233bd35cf2fabdeb93fb0d,2026-06-24,256,53789398120,24.144,,
climb,문어왕수호,46f89255dba4d53a4d1d704d64a18049efe8d04e6d233bd35cf2fabdeb93fb0d,2026-06-25,256,53789398120,24.144,,
climb,문어왕수호,46f89255dba4d53a4d1d704d64a18049efe8d04e6d233bd35cf2fabdeb93fb0d,2026-06-26,256,53789398120,24.144,5625573,
climb,문어왕수호,46f89255dba4d53a4d1d704d64a18049efe8d04e6d233bd35cf2fabdeb93fb0d,2026-06-27,256,53789398120,24.144,,
climb,문어왕수호,46f89255dba4d53a4d1d704d64a18049efe8d04e6d233bd35cf2fabdeb93fb0d,2026-06-28,256,53789398120,24.144,,
climb,문어왕수호,46f89255dba4d53a4d1d704d64a18049efe8d04e6d233bd35cf2fabdeb93fb0d,2026-06-29,256,53789398120,24.144,,
climb,문어왕수호,46f89255dba4d53a4d1d704d64a18049efe8d04e6d233bd35cf2fabdeb93fb0d,2026-06-30,256,53789398120,24.144,,
climb,문어왕수호,46f89255dba4d53a4d1d704d64a18049efe8d04e6d233bd35cf2fabdeb93fb0d,2026-07-01,256,53789398120,24.144,,
climb,문어왕수호,46f89255dba4d53a4d1d704d64a18049efe8d04e6d233bd35cf2fabdeb93fb0d,2026-07-02,256,53789398120,24.144,,
climb,문어왕수호,46f89255dba4d53a4d1d704d64a18049efe8d04e6d233bd35cf2fabdeb93fb0d,2026-07-03,256,53789398120,24.144,,
climb,문어왕수호,46f89255dba4d53a4d1d704d64a18049efe8d04e6d233bd35cf2fabdeb93fb0d,2026-07-04,256,53789398120,24.144,5625573,
climb,문어왕수호,46f89255dba4d53a4d1d704d64a18049efe8d04e6d233bd35cf2fabdeb93fb0d,2026-07-05,256,53789398120,24.144,,
climb,문어왕수호,46f89255dba4d53a4d1d704d64a18049efe8d04e6d233bd35cf2fabdeb93fb0d,2026-07-06,256,53789398120,24.144,,
climb,문어왕수호,46f89255dba4d53a4d1d704d64a18049efe8d04e6d233bd35cf2fabdeb93fb0d,2026-07-07,256,53789398120,24.144,,
climb,문어왕수호,46f89255dba4d53a4d1d704d64a18049efe8d04e6d233bd35cf2fabdeb93fb0d,2026-07-08,256,53789398120,24.144,,
climb,문어왕수호,46f89255dba4d53a4d1d704d64a18049efe8d04e6d233bd35cf2fabdeb93fb0d,2026-07-09,256,53789398120,24.144,,
climb,문어왕수호,46f89255dba4d53a4d1d704d64a18049efe8d04e6d233bd35cf2fabdeb93fb0d,2026-07-10,256,53789398120,24.144,,
climb,문어왕수호,46f89255dba4d53a4d1d704d64a18049efe8d04e6d233bd35cf2fabdeb93fb0d,2026-07-11,256,53789398120,24.144,,
climb,문어왕수호,46f89255dba4d53a4d1d704d64a18049efe8d04e6d233bd35cf2fabdeb93fb0d,2026-07-12,256,53789398120,24.144,5625573,
climb,문어왕수호,46f89255dba4d53a4d1d704d64a18049efe8d04e6d233bd35cf2fabdeb93fb0d,2026-07-13,256,53789398120,24.144,,
climb,문어왕수호,46f89255dba4d53a4d1d704d64a18049efe8d04e6d233bd35cf2fabdeb93fb0d,2026-07-14,256,53789398120,24.144,,
climb,문어왕수호,46f89255dba4d53a4d1d704d64a18049efe8d04e6d233bd35cf2fabdeb93fb0d,2026-07-15,256,53789398120,24.144,,
climb,문어왕수호,46f89255dba4d53a4d1d704d64a18049efe8d04e6d233bd35cf2fabdeb93fb0d,2026-07-16,256,53789398120,24.144,,
climb,문어왕수호,46f89255dba4d53a4d1d704d64a18049efe8d04e6d233bd35cf2fabdeb93fb0d,2026-07-17,256,53789398120,24.144,,
climb,문어왕수호,46f89255dba4d53a4d1d704d64a18049efe8d04e6d233bd35cf2fabdeb93fb0d,2026-07-18,256,53789398120,24.144,,
climb,문어왕수호,46f89255dba4d53a4d1d704d64a18049efe8d04e6d233bd35cf2fabdeb93fb0d,2026-07-19,256,53789398120,24.144,,
climb,문어왕수호,46f89255dba4d53a4d1d704d64a18049efe8d04e6d233bd35cf2fabdeb93fb0d,2026-07-20,256,53789398120,24.144,5625573,
climb,문어왕수호,46f89255dba4d53a4d1d704d64a18049efe8d04e6d233bd35cf2fabdeb93fb0d,2026-07-21,256,53789398120,24.144,,
climb,문어왕수호,46f89255dba4d53a4d1d704d64a18049efe8d04e6d233bd35cf2fabdeb93fb0d,2026-07-22,256,53789398120,24.144,,
climb,SerenityKine,b9de5f3319d7e10d9e8c0d87eb54ae3fefe8d04e6d233bd35cf2fabdeb93fb0d,2026-06-18,256,95564160756,42.895,1626087,
climb,SerenityKine,b9de5f3319d7e10d9e8c0d87eb54ae3fefe8d04e6d233bd35cf2fabdeb93fb0d,2026-06-19,256,142621827529,64.017,,
climb,SerenityKine,b9de5f3319d7e10d9e8c0d87eb54ae3fefe8d04e6d233bd35cf2fabdeb93fb0d,2026-06-20,256,189679494302,85.140,,
climb,SerenityKine,b9de5f3319d7e10d9e8c0d87eb54ae3fefe8d04e6d233bd35cf2fabdeb93fb0d,2026-06-21,257,13951091586,6.080,,
climb,SerenityKine,b9de5f3319d7e10d9e8c0d87eb54ae3fefe8d04e6d233bd35cf2fabdeb93fb0d,2026-06-22,257,61008758359,26.587,,
climb,SerenityKine,b9de5f3319d7e10d9e8c0d87eb54ae3fefe8d04e6d233bd35cf2fabdeb93fb0d,2026-06-23,257,108066425132,47.094,,
climb,SerenityKine,b9de5f3319d7e10d9e8c0d87eb54ae3fefe8d04e6d233bd35cf2fabdeb93fb0d,2026-06-24,257,155124091905,67.601,,
climb,SerenityKine,b9de5f3319d7e10d9e8c0d87eb54ae3fefe8d04e6d233bd35cf2fabdeb93fb0d,2026-06-25,257,188341268451,82.077,,
climb,SerenityKine,b9de5f3319d7e10d9e8c0d87eb54ae3fefe8d04e6d233bd35cf2fabdeb93fb0d,2026-06-26,257,221558444997,96.552,1354427,
climb,SerenityKine,b9de5f3319d7e10d9e8c0d87eb54ae3fefe8d04e6d233bd35cf2fabdeb93fb0d,2026-06-27,258,25305969970,10.707,,
climb,SerenityKine,b9de5f3319d7e10d9e8c0d87eb54ae3fefe8d04e6d233bd35cf2fabdeb93fb0d,2026-06-28,258,58523146516,24.761,,
climb,SerenityKine,b9de5f3319d7e10d9e8c0d87eb54ae3fefe8d04e6d233bd35cf2fabdeb93fb0d,2026-06-29,258,91740323062,38.815,,
climb,SerenityKine,b9de5f3319d7e10d9e8c0d87eb54ae3fefe8d04e6d233bd35cf2fabdeb93fb0d,2026-06-30,258,124957499608,52.869,,
climb,SerenityKine,b9de5f3319d7e10d9e8c0d87eb54ae3fefe8d04e6d233bd35cf2fabdeb93fb0d,2026-07-01,258,158174676154,66.923,,
climb,SerenityKine,b9de5f3319d7e10d9e8c0d87eb54ae3fefe8d04e6d233bd35cf2fabdeb93fb0d,2026-07-02,258,191391852700,80.977,,
climb,SerenityKine,b9de5f3319d7e10d9e8c0d87eb54ae3fefe8d04e6d233bd35cf2fabdeb93fb0d,2026-07-03,258,224609029246,95.031,,
climb,SerenityKine,b9de5f3319d7e10d9e8c0d87eb54ae3fefe8d04e6d233bd35cf2fabdeb93fb0d,2026-07-04,259,21472464672,8.820,1127803,
climb,SerenityKine,b9de5f3319d7e10d9e8c0d87eb54ae3fefe8d04e6d233bd35cf2fabdeb93fb0d,2026-07-05,259,54689641218,22.465,,
climb,SerenityKine,b9de5f3319d7e10d9e8c0d87eb54ae3fefe8d04e6d233bd35cf2fabdeb93fb0d,2026-07-06,259,87906817764,36.110,,
climb,SerenityKine,b9de5f3319d7e10d9e8c0d87eb54ae3fefe8d04e6d233bd35cf2fabdeb93fb0d,2026-07-07,259,121123994310,49.754,,
climb,SerenityKine,b9de5f3319d7e10d9e8c0d87eb54ae3fefe8d04e6d233bd35cf2fabdeb93fb0d,2026-07-08,259,154341170856,63.399,,
climb,SerenityKine,b9de5f3319d7e10d9e8c0d87eb54ae3fefe8d04e6d233bd35cf2fabdeb93fb0d,2026-07-09,259,189219206228,77.726,,
climb,SerenityKine,b9de5f3319d7e10d9e8c0d87eb54ae3fefe8d04e6d233bd35cf2fabdeb93fb0d,2026-07-10,259,224097241600,92.053,,
climb,SerenityKine,b9de5f3319d7e10d9e8c0d87eb54ae3fefe8d04e6d233bd35cf2fabdeb93fb0d,2026-07-11,260,4950012163,0.286,,
climb,SerenityKine,b9de5f3319d7e10d9e8c0d87eb54ae3fefe8d04e6d233bd35cf2fabdeb93fb0d,2026-07-12,260,4950012163,0.286,1128571,
climb,SerenityKine,b9de5f3319d7e10d9e8c0d87eb54ae3fefe8d04e6d233bd35cf2fabdeb93fb0d,2026-07-13,260,4950012163,0.286,,
climb,SerenityKine,b9de5f3319d7e10d9e8c0d87eb54ae3fefe8d04e6d233bd35cf2fabdeb93fb0d,2026-07-14,260,4950012163,0.286,,
climb,SerenityKine,b9de5f3319d7e10d9e8c0d87eb54ae3fefe8d04e6d233bd35cf2fabdeb93fb0d,2026-07-15,260,4950012163,0.286,,
climb,SerenityKine,b9de5f3319d7e10d9e8c0d87eb54ae3fefe8d04e6d233bd35cf2fabdeb93fb0d,2026-07-16,260,4950012163,0.286,,
climb,SerenityKine,b9de5f3319d7e10d9e8c0d87eb54ae3fefe8d04e6d233bd35cf2fabdeb93fb0d,2026-07-17,260,4950012163,0.286,,
climb,SerenityKine,b9de5f3319d7e10d9e8c0d87eb54ae3fefe8d04e6d233bd35cf2fabdeb93fb0d,2026-07-18,260,4950012163,0.286,,
climb,SerenityKine,b9de5f3319d7e10d9e8c0d87eb54ae3fefe8d04e6d233bd35cf2fabdeb93fb0d,2026-07-19,260,4950012163,0.286,,
climb,SerenityKine,b9de5f3319d7e10d9e8c0d87eb54ae3fefe8d04e6d233bd35cf2fabdeb93fb0d,2026-07-20,260,4950012163,0.286,1128571,
climb,SerenityKine,b9de5f3319d7e10d9e8c0d87eb54ae3fefe8d04e6d233bd35cf2fabdeb93fb0d,2026-07-21,260,4950012163,0.286,,
climb,SerenityKine,b9de5f3319d7e10d9e8c0d87eb54ae3fefe8d04e6d233bd35cf2fabdeb93fb0d,2026-07-22,260,4950012163,0.286,,
climb,최강창님,91477d7904885dcdff2a7addfeb4084aefe8d04e6d233bd35cf2fabdeb93fb0d,2026-06-18,256,75701352504,33.979,3288757,
climb,최강창님,91477d7904885dcdff2a7addfeb4084aefe8d04e6d233bd35cf2fabdeb93fb0d,2026-06-19,256,75701352504,33.979,,
climb,최강창님,91477d7904885dcdff2a7addfeb4084aefe8d04e6d233bd35cf2fabdeb93fb0d,2026-06-20,256,75701352504,33.979,,
climb,최강창님,91477d7904885dcdff2a7addfeb4084aefe8d04e6d233bd35cf2fabdeb93fb0d,2026-06-21,256,75701352504,33.979,,
climb,최강창님,91477d7904885dcdff2a7addfeb4084aefe8d04e6d233bd35cf2fabdeb93fb0d,2026-06-22,256,75701352504,33.979,,
climb,최강창님,91477d7904885dcdff2a7addfeb4084aefe8d04e6d233bd35cf2fabdeb93fb0d,2026-06-23,256,75701352504,33.979,,
climb,최강창님,91477d7904885dcdff2a7addfeb4084aefe8d04e6d233bd35cf2fabdeb93fb0d,2026-06-24,256,75701352504,33.979,,
climb,최강창님,91477d7904885dcdff2a7addfeb4084aefe8d04e6d233bd35cf2fabdeb93fb0d,2026-06-25,256,75701352504,33.979,,
climb,최강창님,91477d7904885dcdff2a7addfeb4084aefe8d04e6d233bd35cf2fabdeb93fb0d,2026-06-26,256,75701352504,33.979,3288757,
climb,최강창님,91477d7904885dcdff2a7addfeb4084aefe8d04e6d233bd35cf2fabdeb93fb0d,2026-06-27,256,75701352504,33.979,,
climb,최강창님,91477d7904885dcdff2a7addfeb4084aefe8d04e6d233bd35cf2fabdeb93fb0d,2026-06-28,256,75701352504,33.979,,
climb,최강창님,91477d7904885dcdff2a7addfeb4084aefe8d04e6d233bd35cf2fabdeb93fb0d,2026-06-29,256,75701352504,33.979,,
climb,최강창님,91477d7904885dcdff2a7addfeb4084aefe8d04e6d233bd35cf2fabdeb93fb0d,2026-06-30,256,75701352504,33.979,,
climb,최강창님,91477d7904885dcdff2a7addfeb4084aefe8d04e6d233bd35cf2fabdeb93fb0d,2026-07-01,256,75701352504,33.979,,
climb,최강창님,91477d7904885dcdff2a7addfeb4084aefe8d04e6d233bd35cf2fabdeb93fb0d,2026-07-02,256,75701352504,33.979,,
climb,최강창님,91477d7904885dcdff2a7addfeb4084aefe8d04e6d233bd35cf2fabdeb93fb0d,2026-07-03,256,75701352504,33.979,,
climb,최강창님,91477d7904885dcdff2a7addfeb4084aefe8d04e6d233bd35cf2fabdeb93fb0d,2026-07-04,256,75701352504,33.979,3288757,
climb,최강창님,91477d7904885dcdff2a7addfeb4084aefe8d04e6d233bd35cf2fabdeb93fb0d,2026-07-05,256,75701352504,33.979,,
climb,최강창님,91477d7904885dcdff2a7addfeb4084aefe8d04e6d233bd35cf2fabdeb93fb0d,2026-07-06,256,75701352504,33.979,,
climb,최강창님,91477d7904885dcdff2a7addfeb4084aefe8d04e6d233bd35cf2fabdeb93fb0d,2026-07-07,256,75701352504,33.979,,
climb,최강창님,91477d7904885dcdff2a7addfeb4084aefe8d04e6d233bd35cf2fabdeb93fb0d,2026-07-08,256,75701352504,33.979,,
climb,최강창님,91477d7904885dcdff2a7addfeb4084aefe8d04e6d233bd35cf2fabdeb93fb0d,2026-07-09,256,75701352504,33.979,,
climb,최강창님,91477d7904885dcdff2a7addfeb4084aefe8d04e6d233bd35cf2fabdeb93fb0d,2026-07-10,256,75701352504,33.979,,
climb,최강창님,91477d7904885dcdff2a7addfeb4084aefe8d04e6d233bd35cf2fabdeb93fb0d,2026-07-11,256,75701352504,33.979,,
climb,최강창님,91477d7904885dcdff2a7addfeb4084aefe8d04e6d233bd35cf2fabdeb93fb0d,2026-07-12,256,75701352504,33.979,3288757,
climb,최강창님,91477d7904885dcdff2a7addfeb4084aefe8d04e6d233bd35cf2fabdeb93fb0d,2026-07-13,256,75701352504,33.979,,
climb,최강창님,91477d7904885dcdff2a7addfeb4084aefe8d04e6d233bd35cf2fabdeb93fb0d,2026-07-14,256,75701352504,33.979,,
climb,최강창님,91477d7904885dcdff2a7addfeb4084aefe8d04e6d233bd35cf2fabdeb93fb0d,2026-07-15,256,75701352504,33.979,,
climb,최강창님,91477d7904885dcdff2a7addfeb4084aefe8d04e6d233bd35cf2fabdeb93fb0d,2026-07-16,256,75701352504,33.979,,
climb,최강창님,91477d7904885dcdff2a7addfeb4084aefe8d04e6d233bd35cf2fabdeb93fb0d,2026-07-17,256,75701352504,33.979,,
climb,최강창님,91477d7904885dcdff2a7addfeb4084aefe8d04e6d233bd35cf2fabdeb93fb0d,2026-07-18,256,75701352504,33.979,,
climb,최강창님,91477d7904885dcdff2a7addfeb4084aefe8d04e6d233bd35cf2fabdeb93fb0d,2026-07-19,256,75701352504,33.979,,
climb,최강창님,91477d7904885dcdff2a7addfeb4084aefe8d04e6d233bd35cf2fabdeb93fb0d,2026-07-20,256,75701352504,33.979,3288757,
climb,최강창님,91477d7904885dcdff2a7addfeb4084aefe8d04e6d233bd35cf2fabdeb93fb0d,2026-07-21,256,75701352504,33.979,,
climb,최강창님,91477d7904885dcdff2a7addfeb4084aefe8d04e6d233bd35cf2fabdeb93fb0d,2026-07-22,256,75701352504,33.979,,
climb,2세대용병,cc5bdbc508f1f666f58017ce86be5fb1efe8d04e6d233bd35cf2fabdeb93fb0d,2026-06-18,256,97560771106,43.791,3168169,
climb,2세대용병,cc5bdbc508f1f666f58017ce86be5fb1efe8d04e6d233bd35cf2fabdeb93fb0d,2026-06-19,256,164754303698,73.952,,
climb,2세대용병,cc5bdbc508f1f666f58017ce86be5fb1efe8d04e6d233bd35cf2fabdeb93fb0d,2026-06-20,257,25495635405,11.111,,
climb,2세대용병,cc5bdbc508f1f666f58017ce86be5fb1efe8d04e6d233bd35cf2fabdeb93fb0d,2026-06-21,257,107722935090,46.944,,
climb,2세대용병,cc5bdbc508f1f666f58017ce86be5fb1efe8d04e6d233bd35cf2fabdeb93fb0d,2026-06-22,257,191229817840,83.336,,
climb,2세대용병,cc5bdbc508f1f666f58017ce86be5fb1efe8d04e6d233bd35cf2fabdeb93fb0d,2026-06-23,257,191229817840,83.336,,
climb,2세대용병,cc5bdbc508f1f666f58017ce86be5fb1efe8d04e6d233bd35cf2fabdeb93fb0d,2026-06-24,257,191229817840,83.336,,
climb,2세대용병,cc5bdbc508f1f666f58017ce86be5fb1efe8d04e6d233bd35cf2fabdeb93fb0d,2026-06-25,258,22405375703,9.480,,
climb,2세대용병,cc5bdbc508f1f666f58017ce86be5fb1efe8d04e6d233bd35cf2fabdeb93fb0d,2026-06-26,258,81039392723,34.287,2953654,
climb,2세대용병,cc5bdbc508f1f666f58017ce86be5fb1efe8d04e6d233bd35cf2fabdeb93fb0d,2026-06-27,258,139361163102,58.963,,
climb,2세대용병,cc5bdbc508f1f666f58017ce86be5fb1efe8d04e6d233bd35cf2fabdeb93fb0d,2026-06-28,258,187641915613,79.390,,
climb,2세대용병,cc5bdbc508f1f666f58017ce86be5fb1efe8d04e6d233bd35cf2fabdeb93fb0d,2026-06-29,259,10410852046,4.276,,
climb,2세대용병,cc5bdbc508f1f666f58017ce86be5fb1efe8d04e6d233bd35cf2fabdeb93fb0d,2026-06-30,259,10410852046,4.276,,
climb,2세대용병,cc5bdbc508f1f666f58017ce86be5fb1efe8d04e6d233bd35cf2fabdeb93fb0d,2026-07-01,259,10410852046,4.276,,
climb,2세대용병,cc5bdbc508f1f666f58017ce86be5fb1efe8d04e6d233bd35cf2fabdeb93fb0d,2026-07-02,259,157136725811,64.547,,
climb,2세대용병,cc5bdbc508f1f666f58017ce86be5fb1efe8d04e6d233bd35cf2fabdeb93fb0d,2026-07-03,259,217476608907,89.333,,
climb,2세대용병,cc5bdbc508f1f666f58017ce86be5fb1efe8d04e6d233bd35cf2fabdeb93fb0d,2026-07-04,260,32734736995,1.890,3332110,
climb,2세대용병,cc5bdbc508f1f666f58017ce86be5fb1efe8d04e6d233bd35cf2fabdeb93fb0d,2026-07-05,260,32734736995,1.890,,
climb,2세대용병,cc5bdbc508f1f666f58017ce86be5fb1efe8d04e6d233bd35cf2fabdeb93fb0d,2026-07-06,260,32734736995,1.890,,
climb,2세대용병,cc5bdbc508f1f666f58017ce86be5fb1efe8d04e6d233bd35cf2fabdeb93fb0d,2026-07-07,260,32734736995,1.890,,
climb,2세대용병,cc5bdbc508f1f666f58017ce86be5fb1efe8d04e6d233bd35cf2fabdeb93fb0d,2026-07-08,260,32734736995,1.890,,
climb,2세대용병,cc5bdbc508f1f666f58017ce86be5fb1efe8d04e6d233bd35cf2fabdeb93fb0d,2026-07-09,260,32734736995,1.890,,
climb,2세대용병,cc5bdbc508f1f666f58017ce86be5fb1efe8d04e6d233bd35cf2fabdeb93fb0d,2026-07-10,260,32734736995,1.890,,
climb,2세대용병,cc5bdbc508f1f666f58017ce86be5fb1efe8d04e6d233bd35cf2fabdeb93fb0d,2026-07-11,260,32734736995,1.890,,
climb,2세대용병,cc5bdbc508f1f666f58017ce86be5fb1efe8d04e6d233bd35cf2fabdeb93fb0d,2026-07-12,260,32734736995,1.890,3332110,
climb,2세대용병,cc5bdbc508f1f666f58017ce86be5fb1efe8d04e6d233bd35cf2fabdeb93fb0d,2026-07-13,260,32734736995,1.890,,
climb,2세대용병,cc5bdbc508f1f666f58017ce86be5fb1efe8d04e6d233bd35cf2fabdeb93fb0d,2026-07-14,260,32734736995,1.890,,
climb,2세대용병,cc5bdbc508f1f666f58017ce86be5fb1efe8d04e6d233bd35cf2fabdeb93fb0d,2026-07-15,260,32734736995,1.890,,
climb,2세대용병,cc5bdbc508f1f666f58017ce86be5fb1efe8d04e6d233bd35cf2fabdeb93fb0d,2026-07-16,260,32734736995,1.890,,
climb,2세대용병,cc5bdbc508f1f666f58017ce86be5fb1efe8d04e6d233bd35cf2fabdeb93fb0d,2026-07-17,260,32734736995,1.890,,
climb,2세대용병,cc5bdbc508f1f666f58017ce86be5fb1efe8d04e6d233bd35cf2fabdeb93fb0d,2026-07-18,260,32734736995,1.890,,
climb,2세대용병,cc5bdbc508f1f666f58017ce86be5fb1efe8d04e6d233bd35cf2fabdeb93fb0d,2026-07-19,260,32734736995,1.890,,
climb,2세대용병,cc5bdbc508f1f666f58017ce86be5fb1efe8d04e6d233bd35cf2fabdeb93fb0d,2026-07-20,260,32734736995,1.890,3643522,
climb,2세대용병,cc5bdbc508f1f666f58017ce86be5fb1efe8d04e6d233bd35cf2fabdeb93fb0d,2026-07-21,260,32734736995,1.890,,
climb,2세대용병,cc5bdbc508f1f666f58017ce86be5fb1efe8d04e6d233bd35cf2fabdeb93fb0d,2026-07-22,260,32734736995,1.890,,
climb,활잡이박태풍,98b23d2e2c7095f96a41d1c16ee97c1d,2026-06-18,257,134328134158,58.539,8348488,
climb,활잡이박태풍,98b23d2e2c7095f96a41d1c16ee97c1d,2026-06-19,257,224981325705,98.044,,
climb,활잡이박태풍,98b23d2e2c7095f96a41d1c16ee97c1d,2026-06-20,257,224981325705,98.044,,
climb,활잡이박태풍,98b23d2e2c7095f96a41d1c16ee97c1d,2026-06-21,258,218741889663,92.549,,
climb,활잡이박태풍,98b23d2e2c7095f96a41d1c16ee97c1d,2026-06-22,259,70537197117,28.975,,
climb,활잡이박태풍,98b23d2e2c7095f96a41d1c16ee97c1d,2026-06-23,259,70537197117,28.975,,
climb,활잡이박태풍,98b23d2e2c7095f96a41d1c16ee97c1d,2026-06-24,259,70537197117,28.975,,
climb,활잡이박태풍,98b23d2e2c7095f96a41d1c16ee97c1d,2026-06-25,259,70537197117,28.975,,
climb,활잡이박태풍,98b23d2e2c7095f96a41d1c16ee97c1d,2026-06-26,259,144613533204,59.403,7573945,
climb,활잡이박태풍,98b23d2e2c7095f96a41d1c16ee97c1d,2026-06-27,260,495772042271,28.626,,
climb,활잡이박태풍,98b23d2e2c7095f96a41d1c16ee97c1d,2026-06-28,260,704106367546,40.655,,
climb,활잡이박태풍,98b23d2e2c7095f96a41d1c16ee97c1d,2026-06-29,260,704106367546,40.655,,
climb,활잡이박태풍,98b23d2e2c7095f96a41d1c16ee97c1d,2026-06-30,260,801354842789,46.270,,
climb,활잡이박태풍,98b23d2e2c7095f96a41d1c16ee97c1d,2026-07-01,260,801354842789,46.270,,
climb,활잡이박태풍,98b23d2e2c7095f96a41d1c16ee97c1d,2026-07-02,260,801354842789,46.270,,
climb,활잡이박태풍,98b23d2e2c7095f96a41d1c16ee97c1d,2026-07-03,260,801354842789,46.270,,
climb,활잡이박태풍,98b23d2e2c7095f96a41d1c16ee97c1d,2026-07-04,260,801354842789,46.270,8821680,
climb,활잡이박태풍,98b23d2e2c7095f96a41d1c16ee97c1d,2026-07-05,260,801354842789,46.270,,
climb,활잡이박태풍,98b23d2e2c7095f96a41d1c16ee97c1d,2026-07-06,260,801354842789,46.270,,
climb,활잡이박태풍,98b23d2e2c7095f96a41d1c16ee97c1d,2026-07-07,260,801354842789,46.270,,
climb,활잡이박태풍,98b23d2e2c7095f96a41d1c16ee97c1d,2026-07-08,260,801354842789,46.270,,
climb,활잡이박태풍,98b23d2e2c7095f96a41d1c16ee97c1d,2026-07-09,260,801354842789,46.270,,
climb,활잡이박태풍,98b23d2e2c7095f96a41d1c16ee97c1d,2026-07-10,260,801354842789,46.270,,
climb,활잡이박태풍,98b23d2e2c7095f96a41d1c16ee97c1d,2026-07-11,260,801354842789,46.270,,
climb,활잡이박태풍,98b23d2e2c7095f96a41d1c16ee97c1d,2026-07-12,260,801354842789,46.270,8821680,
climb,활잡이박태풍,98b23d2e2c7095f96a41d1c16ee97c1d,2026-07-13,260,801354842789,46.270,,
climb,활잡이박태풍,98b23d2e2c7095f96a41d1c16ee97c1d,2026-07-14,260,801354842789,46.270,,
climb,활잡이박태풍,98b23d2e2c7095f96a41d1c16ee97c1d,2026-07-15,260,801354842789,46.270,,
climb,활잡이박태풍,98b23d2e2c7095f96a41d1c16ee97c1d,2026-07-16,260,801354842789,46.270,,
climb,활잡이박태풍,98b23d2e2c7095f96a41d1c16ee97c1d,2026-07-17,260,801354842789,46.270,,
climb,활잡이박태풍,98b23d2e2c7095f96a41d1c16ee97c1d,2026-07-18,260,801354842789,46.270,,
climb,활잡이박태풍,98b23d2e2c7095f96a41d1c16ee97c1d,2026-07-19,260,801354842789,46.270,,
climb,활잡이박태풍,98b23d2e2c7095f96a41d1c16ee97c1d,2026-07-20,260,801354842789,46.270,8821680,
climb,활잡이박태풍,98b23d2e2c7095f96a41d1c16ee97c1d,2026-07-21,260,801354842789,46.270,,
climb,활잡이박태풍,98b23d2e2c7095f96a41d1c16ee97c1d,2026-07-22,260,801354842789,46.270,,
