cohort,character_name,ocid,date,level,exp,exp_rate,combat_power,error_code
past260,납첩,ac1e4c0d08d48dc0e5c6c3969ae887eb,2026-06-18,262,53267995332,3.015,1482655,
past260,납첩,ac1e4c0d08d48dc0e5c6c3969ae887eb,2026-06-19,262,53267995332,3.015,,
past260,납첩,ac1e4c0d08d48dc0e5c6c3969ae887eb,2026-06-20,262,53267995332,3.015,,
past260,납첩,ac1e4c0d08d48dc0e5c6c3969ae887eb,2026-06-21,262,53267995332,3.015,,
past260,납첩,ac1e4c0d08d48dc0e5c6c3969ae887eb,2026-06-22,262,53267995332,3.015,,
past260,납첩,ac1e4c0d08d48dc0e5c6c3969ae887eb,2026-06-23,262,53267995332,3.015,,
past260,납첩,ac1e4c0d08d48dc0e5c6c3969ae887eb,2026-06-24,262,53267995332,3.015,,
past260,납첩,ac1e4c0d08d48dc0e5c6c3969ae887eb,2026-06-25,262,53267995332,3.015,,
past260,납첩,ac1e4c0d08d48dc0e5c6c3969ae887eb,2026-06-26,262,53267995332,3.015,1482655,
past260,납첩,ac1e4c0d08d48dc0e5c6c3969ae887eb,2026-06-27,262,53267995332,3.015,,
past260,납첩,ac1e4c0d08d48dc0e5c6c3969ae887eb,2026-06-28,262,53267995332,3.015,,
past260,납첩,ac1e4c0d08d48dc0e5c6c3969ae887eb,2026-06-29,262,53267995332,3.015,,
past260,납첩,ac1e4c0d08d48dc0e5c6c3969ae887eb,2026-06-30,262,53267995332,3.015,,
past260,납첩,ac1e4c0d08d48dc0e5c6c3969ae887eb,2026-07-01,262,53267995332,3.015,,
past260,납첩,ac1e4c0d08d48dc0e5c6c3969ae887eb,2026-07-02,262,53267995332,3.015,,
past260,납첩,ac1e4c0d08d48dc0e5c6c3969ae887eb,2026-07-03,262,53267995332,3.015,,
past260,납첩,ac1e4c0d08d48dc0e5c6c3969ae887eb,2026-07-04,262,53267995332,3.015,1482655,
past260,납첩,ac1e4c0d08d48dc0e5c6c3969ae887eb,2026-07-05,262,53267995332,3.015,,
past260,납첩,ac1e4c0d08d48dc0e5c6c3969ae887eb,2026-07-06,262,53267995332,3.015,,
past260,납첩,ac1e4c0d08d48dc0e5c6c3969ae887eb,2026-07-07,262,53267995332,3.015,,
past260,납첩,ac1e4c0d08d48dc0e5c6c3969ae887eb,2026-07-08,262,53267995332,3.015,,
past260,납첩,ac1e4c0d08d48dc0e5c6c3969ae887eb,2026-07-09,262,53267995332,3.015,,
past260,납첩,ac1e4c0d08d48dc0e5c6c3969ae887eb,2026-07-10,262,53267995332,3.015,,
past260,납첩,ac1e4c0d08d48dc0e5c6c3969ae887eb,2026-07-11,262,53267995332,3.015,,
past260,납첩,ac1e4c0d08d48dc0e5c6c3969ae887eb,2026-07-12,262,53267995332,3.015,1482655,
past260,납첩,ac1e4c0d08d48dc0e5c6c3969ae887eb,2026-07-13,262,53267995332,3.015,,
past260,납첩,ac1e4c0d08d48dc0e5c6c3969ae887eb,2026-07-14,262,53267995332,3.015,,
past260,납첩,ac1e4c0d08d48dc0e5c6c3969ae887eb,2026-07-15,262,53267995332,3.015,,
past260,납첩,ac1e4c0d08d48dc0e5c6c3969ae887eb,2026-07-16,262,53267995332,3.015,,
past260,납첩,ac1e4c0d08d48dc0e5c6c3969ae887eb,2026-07-17,262,53267995332,3.015,,
past260,납첩,ac1e4c0d08d48dc0e5c6c3969ae887eb,2026-07-18,262,53267995332,3.015,,
past260,납첩,ac1e4c0d08d48dc0e5c6c3969ae887eb,2026-07-19,262,53267995332,3.015,,
past260,납첩,ac1e4c0d08d48dc0e5c6c3969ae887eb,2026-07-20,262,53267995332,3.015,1482655,
past260,납첩,ac1e4c0d08d48dc0e5c6c3969ae887eb,2026-07-21,262,53267995332,3.015,,
past260,납첩,ac1e4c0d08d48dc0e5c6c3969ae887eb,2026-07-22,262,53267995332,3.015,,
past260,밍표듀블,4bd456f0cd21e681e646b9319699341b,2026-06-18,262,45442840060,2.572,8357684,
past260,밍표듀블,4bd456f0cd21e681e646b9319699341b,2026-06-19,262,45442840060,2.572,,
past260,밍표듀블,4bd456f0cd21e681e646b9319699341b,2026-06-20,262,45442840060,2.572,,
past260,밍표듀블,4bd456f0cd21e681e646b9319699341b,2026-06-21,262,45442840060,2.572,,
past260,밍표듀블,4bd456f0cd21e681e646b9319699341b,2026-06-22,262,45442840060,2.572,,
past260,밍표듀블,4bd456f0cd21e681e646b9319699341b,2026-06-23,262,45442840060,2.572,,
past260,밍표듀블,4bd456f0cd21e681e646b9319699341b,2026-06-24,262,45442840060,2.572,,
past260,밍표듀블,4bd456f0cd21e681e646b9319699341b,2026-06-25,262,45442840060,2.572,,
past260,밍표듀블,4bd456f0cd21e681e646b9319699341b,2026-06-26,262,45442840060,2.572,8357684,
past260,밍표듀블,4bd456f0cd21e681e646b9319699341b,2026-06-27,262,45442840060,2.572,,
past260,밍표듀블,4bd456f0cd21e681e646b9319699341b,2026-06-28,262,45442840060,2.572,,
past260,밍표듀블,4bd456f0cd21e681e646b9319699341b,2026-06-29,262,45442840060,2.572,,
past260,밍표듀블,4bd456f0cd21e681e646b9319699341b,2026-06-30,262,45442840060,2.572,,
past260,밍표듀블,4bd456f0cd21e681e646b9319699341b,2026-07-01,262,45442840060,2.572,,
past260,밍표듀블,4bd456f0cd21e681e646b9319699341b,2026-07-02,262,45442840060,2.572,,
past260,밍표듀블,4bd456f0cd21e681e646b9319699341b,2026-07-03,262,45442840060,2.572,,
past260,밍표듀블,4bd456f0cd21e681e646b9319699341b,2026-07-04,262,45442840060,2.572,8357684,
past260,밍표듀블,4bd456f0cd21e681e646b9319699341b,2026-07-05,262,45442840060,2.572,,
past260,밍표듀블,4bd456f0cd21e681e646b9319699341b,2026-07-06,262,45442840060,2.572,,
past260,밍표듀블,4bd456f0cd21e681e646b9319699341b,2026-07-07,262,45442840060,2.572,,
past260,밍표듀블,4bd456f0cd21e681e646b9319699341b,2026-07-08,262,45442840060,2.572,,
past260,밍표듀블,4bd456f0cd21e681e646b9319699341b,2026-07-09,262,45442840060,2.572,,
past260,밍표듀블,4bd456f0cd21e681e646b9319699341b,2026-07-10,262,45442840060,2.572,,
past260,밍표듀블,4bd456f0cd21e681e646b9319699341b,2026-07-11,262,45442840060,2.572,,
past260,밍표듀블,4bd456f0cd21e681e646b9319699341b,2026-07-12,262,45442840060,2.572,8357684,
past260,밍표듀블,4bd456f0cd21e681e646b9319699341b,2026-07-13,262,45442840060,2.572,,
past260,밍표듀블,4bd456f0cd21e681e646b9319699341b,2026-07-14,262,45442840060,2.572,,
past260,밍표듀블,4bd456f0cd21e681e646b9319699341b,2026-07-15,262,45442840060,2.572,,
past260,밍표듀블,4bd456f0cd21e681e646b9319699341b,2026-07-16,262,45442840060,2.572,,
past260,밍표듀블,4bd456f0cd21e681e646b9319699341b,2026-07-17,262,45442840060,2.572,,
past260,밍표듀블,4bd456f0cd21e681e646b9319699341b,2026-07-18,262,45442840060,2.572,,
past260,밍표듀블,4bd456f0cd21e681e646b9319699341b,2026-07-19,262,45442840060,2.572,,
past260,밍표듀블,4bd456f0cd21e681e646b9319699341b,2026-07-20,262,45442840060,2.572,8357684,
past260,밍표듀블,4bd456f0cd21e681e646b9319699341b,2026-07-21,262,45442840060,2.572,,
past260,밍표듀블,4bd456f0cd21e681e646b9319699341b,2026-07-22,262,45442840060,2.572,,
past260,순천마초남,fa639be8f860227c955053cfffb94281,2026-06-18,262,50151150327,2.839,5618004,
past260,순천마초남,fa639be8f860227c955053cfffb94281,2026-06-19,262,50151150327,2.839,,
past260,순천마초남,fa639be8f860227c955053cfffb94281,2026-06-20,262,50151150327,2.839,,
past260,순천마초남,fa639be8f860227c955053cfffb94281,2026-06-21,262,50151150327,2.839,,
past260,순천마초남,fa639be8f860227c955053cfffb94281,2026-06-22,262,50151150327,2.839,,
past260,순천마초남,fa639be8f860227c955053cfffb94281,2026-06-23,262,50151150327,2.839,,
past260,순천마초남,fa639be8f860227c955053cfffb94281,2026-06-24,262,50151150327,2.839,,
past260,순천마초남,fa639be8f860227c955053cfffb94281,2026-06-25,262,50151150327,2.839,,
past260,순천마초남,fa639be8f860227c955053cfffb94281,2026-06-26,262,50151150327,2.839,5618004,
past260,순천마초남,fa639be8f860227c955053cfffb94281,2026-06-27,262,50151150327,2.839,,
past260,순천마초남,fa639be8f860227c955053cfffb94281,2026-06-28,262,50151150327,2.839,,
past260,순천마초남,fa639be8f860227c955053cfffb94281,2026-06-29,262,50151150327,2.839,,
past260,순천마초남,fa639be8f860227c955053cfffb94281,2026-06-30,262,50151150327,2.839,,
past260,순천마초남,fa639be8f860227c955053cfffb94281,2026-07-01,262,50151150327,2.839,,
past260,순천마초남,fa639be8f860227c955053cfffb94281,2026-07-02,262,50151150327,2.839,,
past260,순천마초남,fa639be8f860227c955053cfffb94281,2026-07-03,262,50151150327,2.839,,
past260,순천마초남,fa639be8f860227c955053cfffb94281,2026-07-04,262,50151150327,2.839,5618004,
past260,순천마초남,fa639be8f860227c955053cfffb94281,2026-07-05,262,50151150327,2.839,,
past260,순천마초남,fa639be8f860227c955053cfffb94281,2026-07-06,262,50151150327,2.839,,
past260,순천마초남,fa639be8f860227c955053cfffb94281,2026-07-07,262,50151150327,2.839,,
past260,순천마초남,fa639be8f860227c955053cfffb94281,2026-07-08,262,50151150327,2.839,,
past260,순천마초남,fa639be8f860227c955053cfffb94281,2026-07-09,262,50151150327,2.839,,
past260,순천마초남,fa639be8f860227c955053cfffb94281,2026-07-10,262,50151150327,2.839,,
past260,순천마초남,fa639be8f860227c955053cfffb94281,2026-07-11,262,50151150327,2.839,,
past260,순천마초남,fa639be8f860227c955053cfffb94281,2026-07-12,262,50151150327,2.839,5618004,
past260,순천마초남,fa639be8f860227c955053cfffb94281,2026-07-13,262,50151150327,2.839,,
past260,순천마초남,fa639be8f860227c955053cfffb94281,2026-07-14,262,50151150327,2.839,,
past260,순천마초남,fa639be8f860227c955053cfffb94281,2026-07-15,262,50151150327,2.839,,
past260,순천마초남,fa639be8f860227c955053cfffb94281,2026-07-16,262,50151150327,2.839,,
past260,순천마초남,fa639be8f860227c955053cfffb94281,2026-07-17,262,50151150327,2.839,,
past260,순천마초남,fa639be8f860227c955053cfffb94281,2026-07-18,262,50151150327,2.839,,
past260,순천마초남,fa639be8f860227c955053cfffb94281,2026-07-19,262,50151150327,2.839,,
past260,순천마초남,fa639be8f860227c955053cfffb94281,2026-07-20,262,50151150327,2.839,5618004,
past260,순천마초남,fa639be8f860227c955053cfffb94281,2026-07-21,262,50151150327,2.839,,
past260,순천마초남,fa639be8f860227c955053cfffb94281,2026-07-22,262,50151150327,2.839,,
past260,쒸찬,5e746bc1d08c2ee294039edcccca86c8efe8d04e6d233bd35cf2fabdeb93fb0d,2026-06-18,262,48373189688,2.738,862991,
past260,쒸찬,5e746bc1d08c2ee294039edcccca86c8efe8d04e6d233bd35cf2fabdeb93fb0d,2026-06-19,262,48373189688,2.738,,
past260,쒸찬,5e746bc1d08c2ee294039edcccca86c8efe8d04e6d233bd35cf2fabdeb93fb0d,2026-06-20,262,48373189688,2.738,,
past260,쒸찬,5e746bc1d08c2ee294039edcccca86c8efe8d04e6d233bd35cf2fabdeb93fb0d,2026-06-21,262,48373189688,2.738,,
past260,쒸찬,5e746bc1d08c2ee294039edcccca86c8efe8d04e6d233bd35cf2fabdeb93fb0d,2026-06-22,262,48373189688,2.738,,
past260,쒸찬,5e746bc1d08c2ee294039edcccca86c8efe8d04e6d233bd35cf2fabdeb93fb0d,2026-06-23,262,48373189688,2.738,,
past260,쒸찬,5e746bc1d08c2ee294039edcccca86c8efe8d04e6d233bd35cf2fabdeb93fb0d,2026-06-24,262,48373189688,2.738,,
past260,쒸찬,5e746bc1d08c2ee294039edcccca86c8efe8d04e6d233bd35cf2fabdeb93fb0d,2026-06-25,262,48373189688,2.738,,
past260,쒸찬,5e746bc1d08c2ee294039edcccca86c8efe8d04e6d233bd35cf2fabdeb93fb0d,2026-06-26,262,48373189688,2.738,862991,
past260,쒸찬,5e746bc1d08c2ee294039edcccca86c8efe8d04e6d233bd35cf2fabdeb93fb0d,2026-06-27,262,48373189688,2.738,,
past260,쒸찬,5e746bc1d08c2ee294039edcccca86c8efe8d04e6d233bd35cf2fabdeb93fb0d,2026-06-28,262,48373189688,2.738,,
past260,쒸찬,5e746bc1d08c2ee294039edcccca86c8efe8d04e6d233bd35cf2fabdeb93fb0d,2026-06-29,262,48373189688,2.738,,
past260,쒸찬,5e746bc1d08c2ee294039edcccca86c8efe8d04e6d233bd35cf2fabdeb93fb0d,2026-06-30,262,48373189688,2.738,,
past260,쒸찬,5e746bc1d08c2ee294039edcccca86c8efe8d04e6d233bd35cf2fabdeb93fb0d,2026-07-01,262,48373189688,2.738,,
past260,쒸찬,5e746bc1d08c2ee294039edcccca86c8efe8d04e6d233bd35cf2fabdeb93fb0d,2026-07-02,262,48373189688,2.738,,
past260,쒸찬,5e746bc1d08c2ee294039edcccca86c8efe8d04e6d233bd35cf2fabdeb93fb0d,2026-07-03,262,48373189688,2.738,,
past260,쒸찬,5e746bc1d08c2ee294039edcccca86c8efe8d04e6d233bd35cf2fabdeb93fb0d,2026-07-04,262,48373189688,2.738,862991,
past260,쒸찬,5e746bc1d08c2ee294039edcccca86c8efe8d04e6d233bd35cf2fabdeb93fb0d,2026-07-05,262,48373189688,2.738,,
past260,쒸찬,5e746bc1d08c2ee294039edcccca86c8efe8d04e6d233bd35cf2fabdeb93fb0d,2026-07-06,262,48373189688,2.738,,
past260,쒸찬,5e746bc1d08c2ee294039edcccca86c8efe8d04e6d233bd35cf2fabdeb93fb0d,2026-07-07,262,48373189688,2.738,,
past260,쒸찬,5e746bc1d08c2ee294039edcccca86c8efe8d04e6d233bd35cf2fabdeb93fb0d,2026-07-08,262,48373189688,2.738,,
past260,쒸찬,5e746bc1d08c2ee294039edcccca86c8efe8d04e6d233bd35cf2fabdeb93fb0d,2026-07-09,262,48373189688,2.738,,
past260,쒸찬,5e746bc1d08c2ee294039edcccca86c8efe8d04e6d233bd35cf2fabdeb93fb0d,2026-07-10,262,48373189688,2.738,,
past260,쒸찬,5e746bc1d08c2ee294039edcccca86c8efe8d04e6d233bd35cf2fabdeb93fb0d,2026-07-11,262,48373189688,2.738,,
past260,쒸찬,5e746bc1d08c2ee294039edcccca86c8efe8d04e6d233bd35cf2fabdeb93fb0d,2026-07-12,262,48373189688,2.738,862991,
past260,쒸찬,5e746bc1d08c2ee294039edcccca86c8efe8d04e6d233bd35cf2fabdeb93fb0d,2026-07-13,262,48373189688,2.738,,
past260,쒸찬,5e746bc1d08c2ee294039edcccca86c8efe8d04e6d233bd35cf2fabdeb93fb0d,2026-07-14,262,48373189688,2.738,,
past260,쒸찬,5e746bc1d08c2ee294039edcccca86c8efe8d04e6d233bd35cf2fabdeb93fb0d,2026-07-15,262,48373189688,2.738,,
past260,쒸찬,5e746bc1d08c2ee294039edcccca86c8efe8d04e6d233bd35cf2fabdeb93fb0d,2026-07-16,262,48373189688,2.738,,
past260,쒸찬,5e746bc1d08c2ee294039edcccca86c8efe8d04e6d233bd35cf2fabdeb93fb0d,2026-07-17,262,48373189688,2.738,,
past260,쒸찬,5e746bc1d08c2ee294039edcccca86c8efe8d04e6d233bd35cf2fabdeb93fb0d,2026-07-18,262,48373189688,2.738,,
past260,쒸찬,5e746bc1d08c2ee294039edcccca86c8efe8d04e6d233bd35cf2fabdeb93fb0d,2026-07-19,262,48373189688,2.738,,
past260,쒸찬,5e746bc1d08c2ee294039edcccca86c8efe8d04e6d233bd35cf2fabdeb93fb0d,2026-07-20,262,48373189688,2.738,862991,
past260,쒸찬,5e746bc1d08c2ee294039edcccca86c8efe8d04e6d233bd35cf2fabdeb93fb0d,2026-07-21,262,48373189688,2.738,,
past260,쒸찬,5e746bc1d08c2ee294039edcccca86c8efe8d04e6d233bd35cf2fabdeb93fb0d,2026-07-22,262,48373189688,2.738,,
past260,뽀오다크,5911aa210af938beed389ffffa9d41f2,2026-06-18,262,52157779845,2.952,11344862,
past260,뽀오다크,5911aa210af938beed389ffffa9d41f2,2026-06-19,262,52157779845,2.952,,
past260,뽀오다크,5911aa210af938beed389ffffa9d41f2,2026-06-20,262,52157779845,2.952,,
past260,뽀오다크,5911aa210af938beed389ffffa9d41f2,2026-06-21,262,52157779845,2.952,,
past260,뽀오다크,5911aa210af938beed389ffffa9d41f2,2026-06-22,262,52157779845,2.952,,
past260,뽀오다크,5911aa210af938beed389ffffa9d41f2,2026-06-23,262,52157779845,2.952,,
past260,뽀오다크,5911aa210af938beed389ffffa9d41f2,2026-06-24,262,52157779845,2.952,,
past260,뽀오다크,5911aa210af938beed389ffffa9d41f2,2026-06-25,262,52157779845,2.952,,
past260,뽀오다크,5911aa210af938beed389ffffa9d41f2,2026-06-26,262,52157779845,2.952,11344862,
past260,뽀오다크,5911aa210af938beed389ffffa9d41f2,2026-06-27,262,52157779845,2.952,,
past260,뽀오다크,5911aa210af938beed389ffffa9d41f2,2026-06-28,262,52157779845,2.952,,
past260,뽀오다크,5911aa210af938beed389ffffa9d41f2,2026-06-29,262,52157779845,2.952,,
past260,뽀오다크,5911aa210af938beed389ffffa9d41f2,2026-06-30,262,52157779845,2.952,,
past260,뽀오다크,5911aa210af938beed389ffffa9d41f2,2026-07-01,262,52157779845,2.952,,
past260,뽀오다크,5911aa210af938beed389ffffa9d41f2,2026-07-02,262,52157779845,2.952,,
past260,뽀오다크,5911aa210af938beed389ffffa9d41f2,2026-07-03,262,52157779845,2.952,,
past260,뽀오다크,5911aa210af938beed389ffffa9d41f2,2026-07-04,262,52157779845,2.952,11344862,
past260,뽀오다크,5911aa210af938beed389ffffa9d41f2,2026-07-05,262,52157779845,2.952,,
past260,뽀오다크,5911aa210af938beed389ffffa9d41f2,2026-07-06,262,52157779845,2.952,,
past260,뽀오다크,5911aa210af938beed389ffffa9d41f2,2026-07-07,262,52157779845,2.952,,
past260,뽀오다크,5911aa210af938beed389ffffa9d41f2,2026-07-08,262,52157779845,2.952,,
past260,뽀오다크,5911aa210af938beed389ffffa9d41f2,2026-07-09,262,52157779845,2.952,,
past260,뽀오다크,5911aa210af938beed389ffffa9d41f2,2026-07-10,262,52157779845,2.952,,
past260,뽀오다크,5911aa210af938beed389ffffa9d41f2,2026-07-11,262,52157779845,2.952,,
past260,뽀오다크,5911aa210af938beed389ffffa9d41f2,2026-07-12,262,52157779845,2.952,11344862,
past260,뽀오다크,5911aa210af938beed389ffffa9d41f2,2026-07-13,262,52157779845,2.952,,
past260,뽀오다크,5911aa210af938beed389ffffa9d41f2,2026-07-14,262,52157779845,2.952,,
past260,뽀오다크,5911aa210af938beed389ffffa9d41f2,2026-07-15,262,52157779845,2.952,,
past260,뽀오다크,5911aa210af938beed389ffffa9d41f2,2026-07-16,262,52157779845,2.952,,
past260,뽀오다크,5911aa210af938beed389ffffa9d41f2,2026-07-17,262,52157779845,2.952,,
past260,뽀오다크,5911aa210af938beed389ffffa9d41f2,2026-07-18,262,52157779845,2.952,,
past260,뽀오다크,5911aa210af938beed389ffffa9d41f2,2026-07-19,262,52157779845,2.952,,
past260,뽀오다크,5911aa210af938beed389ffffa9d41f2,2026-07-20,262,52157779845,2.952,11344862,
past260,뽀오다크,5911aa210af938beed389ffffa9d41f2,2026-07-21,262,52157779845,2.952,,
past260,뽀오다크,5911aa210af938beed389ffffa9d41f2,2026-07-22,262,52157779845,2.952,,
past260,노인과바람,36f39faf4ec7610211263206bde61e08,2026-06-18,262,20652588648,1.169,1418280,
past260,노인과바람,36f39faf4ec7610211263206bde61e08,2026-06-19,262,20652588648,1.169,,
past260,노인과바람,36f39faf4ec7610211263206bde61e08,2026-06-20,262,20652588648,1.169,,
past260,노인과바람,36f39faf4ec7610211263206bde61e08,2026-06-21,262,20652588648,1.169,,
past260,노인과바람,36f39faf4ec7610211263206bde61e08,2026-06-22,262,20652588648,1.169,,
past260,노인과바람,36f39faf4ec7610211263206bde61e08,2026-06-23,262,20652588648,1.169,,
past260,노인과바람,36f39faf4ec7610211263206bde61e08,2026-06-24,262,20652588648,1.169,,
past260,노인과바람,36f39faf4ec7610211263206bde61e08,2026-06-25,262,20652588648,1.169,,
past260,노인과바람,36f39faf4ec7610211263206bde61e08,2026-06-26,262,20652588648,1.169,1418280,
past260,노인과바람,36f39faf4ec7610211263206bde61e08,2026-06-27,262,20652588648,1.169,,
past260,노인과바람,36f39faf4ec7610211263206bde61e08,2026-06-28,262,20652588648,1.169,,
past260,노인과바람,36f39faf4ec7610211263206bde61e08,2026-06-29,262,20652588648,1.169,,
past260,노인과바람,36f39faf4ec7610211263206bde61e08,2026-06-30,262,20652588648,1.169,,
past260,노인과바람,36f39faf4ec7610211263206bde61e08,2026-07-01,262,20652588648,1.169,,
past260,노인과바람,36f39faf4ec7610211263206bde61e08,2026-07-02,262,20652588648,1.169,,
past260,노인과바람,36f39faf4ec7610211263206bde61e08,2026-07-03,262,20652588648,1.169,,
past260,노인과바람,36f39faf4ec7610211263206bde61e08,2026-07-04,262,20652588648,1.169,1418280,
past260,노인과바람,36f39faf4ec7610211263206bde61e08,2026-07-05,262,20652588648,1.169,,
past260,노인과바람,36f39faf4ec7610211263206bde61e08,2026-07-06,262,20652588648,1.169,,
past260,노인과바람,36f39faf4ec7610211263206bde61e08,2026-07-07,262,20652588648,1.169,,
past260,노인과바람,36f39faf4ec7610211263206bde61e08,2026-07-08,262,20652588648,1.169,,
past260,노인과바람,36f39faf4ec7610211263206bde61e08,2026-07-09,262,20652588648,1.169,,
past260,노인과바람,36f39faf4ec7610211263206bde61e08,2026-07-10,262,20652588648,1.169,,
past260,노인과바람,36f39faf4ec7610211263206bde61e08,2026-07-11,262,20652588648,1.169,,
past260,노인과바람,36f39faf4ec7610211263206bde61e08,2026-07-12,262,20652588648,1.169,1418280,
past260,노인과바람,36f39faf4ec7610211263206bde61e08,2026-07-13,262,20652588648,1.169,,
past260,노인과바람,36f39faf4ec7610211263206bde61e08,2026-07-14,262,20652588648,1.169,,
past260,노인과바람,36f39faf4ec7610211263206bde61e08,2026-07-15,262,20652588648,1.169,,
past260,노인과바람,36f39faf4ec7610211263206bde61e08,2026-07-16,262,20652588648,1.169,,
past260,노인과바람,36f39faf4ec7610211263206bde61e08,2026-07-17,262,20652588648,1.169,,
past260,노인과바람,36f39faf4ec7610211263206bde61e08,2026-07-18,262,20652588648,1.169,,
past260,노인과바람,36f39faf4ec7610211263206bde61e08,2026-07-19,262,20652588648,1.169,,
past260,노인과바람,36f39faf4ec7610211263206bde61e08,2026-07-20,262,20652588648,1.169,1418280,
past260,노인과바람,36f39faf4ec7610211263206bde61e08,2026-07-21,262,20652588648,1.169,,
past260,노인과바람,36f39faf4ec7610211263206bde61e08,2026-07-22,262,20652588648,1.169,,
past260,차띔,35cc010bcfdd6b0c3c420561b2a365f5,2026-06-18,262,28653433727,1.622,10208944,
past260,차띔,35cc010bcfdd6b0c3c420561b2a365f5,2026-06-19,262,28653433727,1.622,,
past260,차띔,35cc010bcfdd6b0c3c420561b2a365f5,2026-06-20,262,28653433727,1.622,,
past260,차띔,35cc010bcfdd6b0c3c420561b2a365f5,2026-06-21,262,28653433727,1.622,,
past260,차띔,35cc010bcfdd6b0c3c420561b2a365f5,2026-06-22,262,28653433727,1.622,,
past260,차띔,35cc010bcfdd6b0c3c420561b2a365f5,2026-06-23,262,28653433727,1.622,,
past260,차띔,35cc010bcfdd6b0c3c420561b2a365f5,2026-06-24,262,28653433727,1.622,,
past260,차띔,35cc010bcfdd6b0c3c420561b2a365f5,2026-06-25,262,28653433727,1.622,,
past260,차띔,35cc010bcfdd6b0c3c420561b2a365f5,2026-06-26,262,28653433727,1.622,10208944,
past260,차띔,35cc010bcfdd6b0c3c420561b2a365f5,2026-06-27,262,28653433727,1.622,,
past260,차띔,35cc010bcfdd6b0c3c420561b2a365f5,2026-06-28,262,28653433727,1.622,,
past260,차띔,35cc010bcfdd6b0c3c420561b2a365f5,2026-06-29,262,28653433727,1.622,,
past260,차띔,35cc010bcfdd6b0c3c420561b2a365f5,2026-06-30,262,28653433727,1.622,,
past260,차띔,35cc010bcfdd6b0c3c420561b2a365f5,2026-07-01,262,28653433727,1.622,,
past260,차띔,35cc010bcfdd6b0c3c420561b2a365f5,2026-07-02,262,28653433727,1.622,,
past260,차띔,35cc010bcfdd6b0c3c420561b2a365f5,2026-07-03,262,28653433727,1.622,,
past260,차띔,35cc010bcfdd6b0c3c420561b2a365f5,2026-07-04,262,28653433727,1.622,10208944,
past260,차띔,35cc010bcfdd6b0c3c420561b2a365f5,2026-07-05,262,28653433727,1.622,,
past260,차띔,35cc010bcfdd6b0c3c420561b2a365f5,2026-07-06,262,28653433727,1.622,,
past260,차띔,35cc010bcfdd6b0c3c420561b2a365f5,2026-07-07,262,28653433727,1.622,,
past260,차띔,35cc010bcfdd6b0c3c420561b2a365f5,2026-07-08,262,28653433727,1.622,,
past260,차띔,35cc010bcfdd6b0c3c420561b2a365f5,2026-07-09,262,28653433727,1.622,,
past260,차띔,35cc010bcfdd6b0c3c420561b2a365f5,2026-07-10,262,28653433727,1.622,,
past260,차띔,35cc010bcfdd6b0c3c420561b2a365f5,2026-07-11,262,28653433727,1.622,,
past260,차띔,35cc010bcfdd6b0c3c420561b2a365f5,2026-07-12,262,28653433727,1.622,10208944,
past260,차띔,35cc010bcfdd6b0c3c420561b2a365f5,2026-07-13,262,28653433727,1.622,,
past260,차띔,35cc010bcfdd6b0c3c420561b2a365f5,2026-07-14,262,28653433727,1.622,,
past260,차띔,35cc010bcfdd6b0c3c420561b2a365f5,2026-07-15,262,28653433727,1.622,,
past260,차띔,35cc010bcfdd6b0c3c420561b2a365f5,2026-07-16,262,28653433727,1.622,,
past260,차띔,35cc010bcfdd6b0c3c420561b2a365f5,2026-07-17,262,28653433727,1.622,,
past260,차띔,35cc010bcfdd6b0c3c420561b2a365f5,2026-07-18,262,28653433727,1.622,,
past260,차띔,35cc010bcfdd6b0c3c420561b2a365f5,2026-07-19,262,28653433727,1.622,,
past260,차띔,35cc010bcfdd6b0c3c420561b2a365f5,2026-07-20,262,28653433727,1.622,10208944,
past260,차띔,35cc010bcfdd6b0c3c420561b2a365f5,2026-07-21,262,28653433727,1.622,,
past260,차띔,35cc010bcfdd6b0c3c420561b2a365f5,2026-07-22,262,28653433727,1.622,,
past260,영영갬,832e0158336b6fb42d53dcf5c5d9bf4c,2026-06-18,262,51873336172,2.936,5741810,
past260,영영갬,832e0158336b6fb42d53dcf5c5d9bf4c,2026-06-19,262,51873336172,2.936,,
past260,영영갬,832e0158336b6fb42d53dcf5c5d9bf4c,2026-06-20,262,51873336172,2.936,,
past260,영영갬,832e0158336b6fb42d53dcf5c5d9bf4c,2026-06-21,262,51873336172,2.936,,
past260,영영갬,832e0158336b6fb42d53dcf5c5d9bf4c,2026-06-22,262,51873336172,2.936,,
past260,영영갬,832e0158336b6fb42d53dcf5c5d9bf4c,2026-06-23,262,51873336172,2.936,,
past260,영영갬,832e0158336b6fb42d53dcf5c5d9bf4c,2026-06-24,262,51873336172,2.936,,
past260,영영갬,832e0158336b6fb42d53dcf5c5d9bf4c,2026-06-25,262,51873336172,2.936,,
past260,영영갬,832e0158336b6fb42d53dcf5c5d9bf4c,2026-06-26,262,51873336172,2.936,5741810,
past260,영영갬,832e0158336b6fb42d53dcf5c5d9bf4c,2026-06-27,262,51873336172,2.936,,
past260,영영갬,832e0158336b6fb42d53dcf5c5d9bf4c,2026-06-28,262,51873336172,2.936,,
past260,영영갬,832e0158336b6fb42d53dcf5c5d9bf4c,2026-06-29,262,51873336172,2.936,,
past260,영영갬,832e0158336b6fb42d53dcf5c5d9bf4c,2026-06-30,262,51873336172,2.936,,
past260,영영갬,832e0158336b6fb42d53dcf5c5d9bf4c,2026-07-01,262,51873336172,2.936,,
past260,영영갬,832e0158336b6fb42d53dcf5c5d9bf4c,2026-07-02,262,51873336172,2.936,,
past260,영영갬,832e0158336b6fb42d53dcf5c5d9bf4c,2026-07-03,262,51873336172,2.936,,
past260,영영갬,832e0158336b6fb42d53dcf5c5d9bf4c,2026-07-04,262,51873336172,2.936,5741810,
past260,영영갬,832e0158336b6fb42d53dcf5c5d9bf4c,2026-07-05,262,51873336172,2.936,,
past260,영영갬,832e0158336b6fb42d53dcf5c5d9bf4c,2026-07-06,262,51873336172,2.936,,
past260,영영갬,832e0158336b6fb42d53dcf5c5d9bf4c,2026-07-07,262,51873336172,2.936,,
past260,영영갬,832e0158336b6fb42d53dcf5c5d9bf4c,2026-07-08,262,51873336172,2.936,,
past260,영영갬,832e0158336b6fb42d53dcf5c5d9bf4c,2026-07-09,262,51873336172,2.936,,
past260,영영갬,832e0158336b6fb42d53dcf5c5d9bf4c,2026-07-10,262,51873336172,2.936,,
past260,영영갬,832e0158336b6fb42d53dcf5c5d9bf4c,2026-07-11,262,51873336172,2.936,,
past260,영영갬,832e0158336b6fb42d53dcf5c5d9bf4c,2026-07-12,262,51873336172,2.936,5741810,
past260,영영갬,832e0158336b6fb42d53dcf5c5d9bf4c,2026-07-13,262,51873336172,2.936,,
past260,영영갬,832e0158336b6fb42d53dcf5c5d9bf4c,2026-07-14,262,51873336172,2.936,,
past260,영영갬,832e0158336b6fb42d53dcf5c5d9bf4c,2026-07-15,262,51873336172,2.936,,
past260,영영갬,832e0158336b6fb42d53dcf5c5d9bf4c,2026-07-16,262,51873336172,2.936,,
past260,영영갬,832e0158336b6fb42d53dcf5c5d9bf4c,2026-07-17,262,51873336172,2.936,,
past260,영영갬,832e0158336b6fb42d53dcf5c5d9bf4c,2026-07-18,262,51873336172,2.936,,
past260,영영갬,832e0158336b6fb42d53dcf5c5d9bf4c,2026-07-19,262,51873336172,2.936,,
past260,영영갬,832e0158336b6fb42d53dcf5c5d9bf4c,2026-07-20,262,51873336172,2.936,5741810,
past260,영영갬,832e0158336b6fb42d53dcf5c5d9bf4c,2026-07-21,262,51873336172,2.936,,
past260,영영갬,832e0158336b6fb42d53dcf5c5d9bf4c,2026-07-22,262,51873336172,2.936,,
past260,롱준0세,a203969d749e4b962ec8457052c4a455,2026-06-18,262,33908407300,1.919,5489710,
past260,롱준0세,a203969d749e4b962ec8457052c4a455,2026-06-19,262,33908407300,1.919,,
past260,롱준0세,a203969d749e4b962ec8457052c4a455,2026-06-20,262,33908407300,1.919,,
past260,롱준0세,a203969d749e4b962ec8457052c4a455,2026-06-21,262,33908407300,1.919,,
past260,롱준0세,a203969d749e4b962ec8457052c4a455,2026-06-22,262,33908407300,1.919,,
past260,롱준0세,a203969d749e4b962ec8457052c4a455,2026-06-23,262,33908407300,1.919,,
past260,롱준0세,a203969d749e4b962ec8457052c4a455,2026-06-24,262,33908407300,1.919,,
past260,롱준0세,a203969d749e4b962ec8457052c4a455,2026-06-25,262,33908407300,1.919,,
past260,롱준0세,a203969d749e4b962ec8457052c4a455,2026-06-26,262,33908407300,1.919,5489710,
past260,롱준0세,a203969d749e4b962ec8457052c4a455,2026-06-27,262,33908407300,1.919,,
past260,롱준0세,a203969d749e4b962ec8457052c4a455,2026-06-28,262,33908407300,1.919,,
past260,롱준0세,a203969d749e4b962ec8457052c4a455,2026-06-29,262,33908407300,1.919,,
past260,롱준0세,a203969d749e4b962ec8457052c4a455,2026-06-30,262,33908407300,1.919,,
past260,롱준0세,a203969d749e4b962ec8457052c4a455,2026-07-01,262,33908407300,1.919,,
past260,롱준0세,a203969d749e4b962ec8457052c4a455,2026-07-02,262,33908407300,1.919,,
past260,롱준0세,a203969d749e4b962ec8457052c4a455,2026-07-03,262,33908407300,1.919,,
past260,롱준0세,a203969d749e4b962ec8457052c4a455,2026-07-04,262,33908407300,1.919,5489710,
past260,롱준0세,a203969d749e4b962ec8457052c4a455,2026-07-05,262,33908407300,1.919,,
past260,롱준0세,a203969d749e4b962ec8457052c4a455,2026-07-06,262,33908407300,1.919,,
past260,롱준0세,a203969d749e4b962ec8457052c4a455,2026-07-07,262,33908407300,1.919,,
past260,롱준0세,a203969d749e4b962ec8457052c4a455,2026-07-08,262,33908407300,1.919,,
past260,롱준0세,a203969d749e4b962ec8457052c4a455,2026-07-09,262,33908407300,1.919,,
past260,롱준0세,a203969d749e4b962ec8457052c4a455,2026-07-10,262,33908407300,1.919,,
past260,롱준0세,a203969d749e4b962ec8457052c4a455,2026-07-11,262,33908407300,1.919,,
past260,롱준0세,a203969d749e4b962ec8457052c4a455,2026-07-12,262,33908407300,1.919,5489710,
past260,롱준0세,a203969d749e4b962ec8457052c4a455,2026-07-13,262,33908407300,1.919,,
past260,롱준0세,a203969d749e4b962ec8457052c4a455,2026-07-14,262,33908407300,1.919,,
past260,롱준0세,a203969d749e4b962ec8457052c4a455,2026-07-15,262,33908407300,1.919,,
past260,롱준0세,a203969d749e4b962ec8457052c4a455,2026-07-16,262,33908407300,1.919,,
past260,롱준0세,a203969d749e4b962ec8457052c4a455,2026-07-17,262,33908407300,1.919,,
past260,롱준0세,a203969d749e4b962ec8457052c4a455,2026-07-18,262,33908407300,1.919,,
past260,롱준0세,a203969d749e4b962ec8457052c4a455,2026-07-19,262,33908407300,1.919,,
past260,롱준0세,a203969d749e4b962ec8457052c4a455,2026-07-20,262,33908407300,1.919,5489710,
past260,롱준0세,a203969d749e4b962ec8457052c4a455,2026-07-21,262,33908407300,1.919,,
past260,롱준0세,a203969d749e4b962ec8457052c4a455,2026-07-22,262,33908407300,1.919,,
past260,크로카인링크,3396656fbf74206b1d64d4d9cfd99a41efe8d04e6d233bd35cf2fabdeb93fb0d,2026-06-18,262,24904243298,1.410,1407231,
past260,크로카인링크,3396656fbf74206b1d64d4d9cfd99a41efe8d04e6d233bd35cf2fabdeb93fb0d,2026-06-19,262,24904243298,1.410,,
past260,크로카인링크,3396656fbf74206b1d64d4d9cfd99a41efe8d04e6d233bd35cf2fabdeb93fb0d,2026-06-20,262,24904243298,1.410,,
past260,크로카인링크,3396656fbf74206b1d64d4d9cfd99a41efe8d04e6d233bd35cf2fabdeb93fb0d,2026-06-21,262,24904243298,1.410,,
past260,크로카인링크,3396656fbf74206b1d64d4d9cfd99a41efe8d04e6d233bd35cf2fabdeb93fb0d,2026-06-22,262,24904243298,1.410,,
past260,크로카인링크,3396656fbf74206b1d64d4d9cfd99a41efe8d04e6d233bd35cf2fabdeb93fb0d,2026-06-23,262,24904243298,1.410,,
past260,크로카인링크,3396656fbf74206b1d64d4d9cfd99a41efe8d04e6d233bd35cf2fabdeb93fb0d,2026-06-24,262,24904243298,1.410,,
past260,크로카인링크,3396656fbf74206b1d64d4d9cfd99a41efe8d04e6d233bd35cf2fabdeb93fb0d,2026-06-25,262,24904243298,1.410,,
past260,크로카인링크,3396656fbf74206b1d64d4d9cfd99a41efe8d04e6d233bd35cf2fabdeb93fb0d,2026-06-26,262,24904243298,1.410,1407231,
past260,크로카인링크,3396656fbf74206b1d64d4d9cfd99a41efe8d04e6d233bd35cf2fabdeb93fb0d,2026-06-27,262,24904243298,1.410,,
past260,크로카인링크,3396656fbf74206b1d64d4d9cfd99a41efe8d04e6d233bd35cf2fabdeb93fb0d,2026-06-28,262,24904243298,1.410,,
past260,크로카인링크,3396656fbf74206b1d64d4d9cfd99a41efe8d04e6d233bd35cf2fabdeb93fb0d,2026-06-29,262,24904243298,1.410,,
past260,크로카인링크,3396656fbf74206b1d64d4d9cfd99a41efe8d04e6d233bd35cf2fabdeb93fb0d,2026-06-30,262,24904243298,1.410,,
past260,크로카인링크,3396656fbf74206b1d64d4d9cfd99a41efe8d04e6d233bd35cf2fabdeb93fb0d,2026-07-01,262,24904243298,1.410,,
past260,크로카인링크,3396656fbf74206b1d64d4d9cfd99a41efe8d04e6d233bd35cf2fabdeb93fb0d,2026-07-02,262,24904243298,1.410,,
past260,크로카인링크,3396656fbf74206b1d64d4d9cfd99a41efe8d04e6d233bd35cf2fabdeb93fb0d,2026-07-03,262,24904243298,1.410,,
past260,크로카인링크,3396656fbf74206b1d64d4d9cfd99a41efe8d04e6d233bd35cf2fabdeb93fb0d,2026-07-04,262,24904243298,1.410,1407231,
past260,크로카인링크,3396656fbf74206b1d64d4d9cfd99a41efe8d04e6d233bd35cf2fabdeb93fb0d,2026-07-05,262,24904243298,1.410,,
past260,크로카인링크,3396656fbf74206b1d64d4d9cfd99a41efe8d04e6d233bd35cf2fabdeb93fb0d,2026-07-06,262,24904243298,1.410,,
past260,크로카인링크,3396656fbf74206b1d64d4d9cfd99a41efe8d04e6d233bd35cf2fabdeb93fb0d,2026-07-07,262,24904243298,1.410,,
past260,크로카인링크,3396656fbf74206b1d64d4d9cfd99a41efe8d04e6d233bd35cf2fabdeb93fb0d,2026-07-08,262,24904243298,1.410,,
past260,크로카인링크,3396656fbf74206b1d64d4d9cfd99a41efe8d04e6d233bd35cf2fabdeb93fb0d,2026-07-09,262,24904243298,1.410,,
past260,크로카인링크,3396656fbf74206b1d64d4d9cfd99a41efe8d04e6d233bd35cf2fabdeb93fb0d,2026-07-10,262,24904243298,1.410,,
past260,크로카인링크,3396656fbf74206b1d64d4d9cfd99a41efe8d04e6d233bd35cf2fabdeb93fb0d,2026-07-11,262,24904243298,1.410,,
past260,크로카인링크,3396656fbf74206b1d64d4d9cfd99a41efe8d04e6d233bd35cf2fabdeb93fb0d,2026-07-12,262,24904243298,1.410,1407231,
past260,크로카인링크,3396656fbf74206b1d64d4d9cfd99a41efe8d04e6d233bd35cf2fabdeb93fb0d,2026-07-13,262,24904243298,1.410,,
past260,크로카인링크,3396656fbf74206b1d64d4d9cfd99a41efe8d04e6d233bd35cf2fabdeb93fb0d,2026-07-14,262,24904243298,1.410,,
past260,크로카인링크,3396656fbf74206b1d64d4d9cfd99a41efe8d04e6d233bd35cf2fabdeb93fb0d,2026-07-15,262,24904243298,1.410,,
past260,크로카인링크,3396656fbf74206b1d64d4d9cfd99a41efe8d04e6d233bd35cf2fabdeb93fb0d,2026-07-16,262,24904243298,1.410,,
past260,크로카인링크,3396656fbf74206b1d64d4d9cfd99a41efe8d04e6d233bd35cf2fabdeb93fb0d,2026-07-17,262,24904243298,1.410,,
past260,크로카인링크,3396656fbf74206b1d64d4d9cfd99a41efe8d04e6d233bd35cf2fabdeb93fb0d,2026-07-18,262,24904243298,1.410,,
past260,크로카인링크,3396656fbf74206b1d64d4d9cfd99a41efe8d04e6d233bd35cf2fabdeb93fb0d,2026-07-19,262,24904243298,1.410,,
past260,크로카인링크,3396656fbf74206b1d64d4d9cfd99a41efe8d04e6d233bd35cf2fabdeb93fb0d,2026-07-20,262,24904243298,1.410,1407231,
past260,크로카인링크,3396656fbf74206b1d64d4d9cfd99a41efe8d04e6d233bd35cf2fabdeb93fb0d,2026-07-21,262,24904243298,1.410,,
past260,크로카인링크,3396656fbf74206b1d64d4d9cfd99a41efe8d04e6d233bd35cf2fabdeb93fb0d,2026-07-22,262,24904243298,1.410,,
past260,쪼마,ecde32a1507cefca0ae56ce6fe98e46d,2026-06-18,262,26406596728,1.495,14152598,
past260,쪼마,ecde32a1507cefca0ae56ce6fe98e46d,2026-06-19,262,26406596728,1.495,,
past260,쪼마,ecde32a1507cefca0ae56ce6fe98e46d,2026-06-20,262,26406596728,1.495,,
past260,쪼마,ecde32a1507cefca0ae56ce6fe98e46d,2026-06-21,262,26406596728,1.495,,
past260,쪼마,ecde32a1507cefca0ae56ce6fe98e46d,2026-06-22,262,26406596728,1.495,,
past260,쪼마,ecde32a1507cefca0ae56ce6fe98e46d,2026-06-23,262,26406596728,1.495,,
past260,쪼마,ecde32a1507cefca0ae56ce6fe98e46d,2026-06-24,262,26406596728,1.495,,
past260,쪼마,ecde32a1507cefca0ae56ce6fe98e46d,2026-06-25,262,26406596728,1.495,,
past260,쪼마,ecde32a1507cefca0ae56ce6fe98e46d,2026-06-26,262,26406596728,1.495,14152598,
past260,쪼마,ecde32a1507cefca0ae56ce6fe98e46d,2026-06-27,262,47047987707,2.663,,
past260,쪼마,ecde32a1507cefca0ae56ce6fe98e46d,2026-06-28,262,47081150603,2.665,,
past260,쪼마,ecde32a1507cefca0ae56ce6fe98e46d,2026-06-29,262,47081150603,2.665,,
past260,쪼마,ecde32a1507cefca0ae56ce6fe98e46d,2026-06-30,262,47081150603,2.665,,
past260,쪼마,ecde32a1507cefca0ae56ce6fe98e46d,2026-07-01,262,47081150603,2.665,,
past260,쪼마,ecde32a1507cefca0ae56ce6fe98e46d,2026-07-02,262,47081150603,2.665,,
past260,쪼마,ecde32a1507cefca0ae56ce6fe98e46d,2026-07-03,262,67665468471,3.830,,
past260,쪼마,ecde32a1507cefca0ae56ce6fe98e46d,2026-07-04,262,67665468471,3.830,12021981,
past260,쪼마,ecde32a1507cefca0ae56ce6fe98e46d,2026-07-05,262,67665468471,3.830,,
past260,쪼마,ecde32a1507cefca0ae56ce6fe98e46d,2026-07-06,262,67665468471,3.830,,
past260,쪼마,ecde32a1507cefca0ae56ce6fe98e46d,2026-07-07,262,68317754589,3.867,,
past260,쪼마,ecde32a1507cefca0ae56ce6fe98e46d,2026-07-08,262,73902679427,4.183,,
past260,쪼마,ecde32a1507cefca0ae56ce6fe98e46d,2026-07-09,262,75312917561,4.263,,
past260,쪼마,ecde32a1507cefca0ae56ce6fe98e46d,2026-07-10,262,75854813680,4.294,,
past260,쪼마,ecde32a1507cefca0ae56ce6fe98e46d,2026-07-11,262,75854813680,4.294,,
past260,쪼마,ecde32a1507cefca0ae56ce6fe98e46d,2026-07-12,262,76572389423,4.334,12129830,
past260,쪼마,ecde32a1507cefca0ae56ce6fe98e46d,2026-07-13,262,81175732493,4.595,,
past260,쪼마,ecde32a1507cefca0ae56ce6fe98e46d,2026-07-14,262,81706811925,4.625,,
past260,쪼마,ecde32a1507cefca0ae56ce6fe98e46d,2026-07-15,262,81706811925,4.625,,
past260,쪼마,ecde32a1507cefca0ae56ce6fe98e46d,2026-07-16,262,81706811925,4.625,,
past260,쪼마,ecde32a1507cefca0ae56ce6fe98e46d,2026-07-17,262,81706811925,4.625,,
past260,쪼마,ecde32a1507cefca0ae56ce6fe98e46d,2026-07-18,262,82367477766,4.662,,
past260,쪼마,ecde32a1507cefca0ae56ce6fe98e46d,2026-07-19,262,83041554918,4.700,,
past260,쪼마,ecde32a1507cefca0ae56ce6fe98e46d,2026-07-20,262,83041554918,4.700,12218647,
past260,쪼마,ecde32a1507cefca0ae56ce6fe98e46d,2026-07-21,262,83041554918,4.700,,
past260,쪼마,ecde32a1507cefca0ae56ce6fe98e46d,2026-07-22,262,83041554918,4.700,,
past260,호신월옥,df00a751c2ea003f778c017f563b46eb4723574b05820acf03e7ec3162ff5bed,2026-06-18,262,49287572227,2.790,7565046,
past260,호신월옥,df00a751c2ea003f778c017f563b46eb4723574b05820acf03e7ec3162ff5bed,2026-06-19,262,49287572227,2.790,,
past260,호신월옥,df00a751c2ea003f778c017f563b46eb4723574b05820acf03e7ec3162ff5bed,2026-06-20,262,49287572227,2.790,,
past260,호신월옥,df00a751c2ea003f778c017f563b46eb4723574b05820acf03e7ec3162ff5bed,2026-06-21,262,49287572227,2.790,,
past260,호신월옥,df00a751c2ea003f778c017f563b46eb4723574b05820acf03e7ec3162ff5bed,2026-06-22,262,49287572227,2.790,,
past260,호신월옥,df00a751c2ea003f778c017f563b46eb4723574b05820acf03e7ec3162ff5bed,2026-06-23,262,49287572227,2.790,,
past260,호신월옥,df00a751c2ea003f778c017f563b46eb4723574b05820acf03e7ec3162ff5bed,2026-06-24,262,49287572227,2.790,,
past260,호신월옥,df00a751c2ea003f778c017f563b46eb4723574b05820acf03e7ec3162ff5bed,2026-06-25,262,49287572227,2.790,,
past260,호신월옥,df00a751c2ea003f778c017f563b46eb4723574b05820acf03e7ec3162ff5bed,2026-06-26,262,49287572227,2.790,7565046,
past260,호신월옥,df00a751c2ea003f778c017f563b46eb4723574b05820acf03e7ec3162ff5bed,2026-06-27,262,49287572227,2.790,,
past260,호신월옥,df00a751c2ea003f778c017f563b46eb4723574b05820acf03e7ec3162ff5bed,2026-06-28,262,49287572227,2.790,,
past260,호신월옥,df00a751c2ea003f778c017f563b46eb4723574b05820acf03e7ec3162ff5bed,2026-06-29,262,49287572227,2.790,,
past260,호신월옥,df00a751c2ea003f778c017f563b46eb4723574b05820acf03e7ec3162ff5bed,2026-06-30,262,49287572227,2.790,,
past260,호신월옥,df00a751c2ea003f778c017f563b46eb4723574b05820acf03e7ec3162ff5bed,2026-07-01,262,49287572227,2.790,,
past260,호신월옥,df00a751c2ea003f778c017f563b46eb4723574b05820acf03e7ec3162ff5bed,2026-07-02,262,49287572227,2.790,,
past260,호신월옥,df00a751c2ea003f778c017f563b46eb4723574b05820acf03e7ec3162ff5bed,2026-07-03,262,49287572227,2.790,,
past260,호신월옥,df00a751c2ea003f778c017f563b46eb4723574b05820acf03e7ec3162ff5bed,2026-07-04,262,49287572227,2.790,7565046,
past260,호신월옥,df00a751c2ea003f778c017f563b46eb4723574b05820acf03e7ec3162ff5bed,2026-07-05,262,49287572227,2.790,,
past260,호신월옥,df00a751c2ea003f778c017f563b46eb4723574b05820acf03e7ec3162ff5bed,2026-07-06,262,49287572227,2.790,,
past260,호신월옥,df00a751c2ea003f778c017f563b46eb4723574b05820acf03e7ec3162ff5bed,2026-07-07,262,49287572227,2.790,,
past260,호신월옥,df00a751c2ea003f778c017f563b46eb4723574b05820acf03e7ec3162ff5bed,2026-07-08,262,49287572227,2.790,,
past260,호신월옥,df00a751c2ea003f778c017f563b46eb4723574b05820acf03e7ec3162ff5bed,2026-07-09,262,49287572227,2.790,,
past260,호신월옥,df00a751c2ea003f778c017f563b46eb4723574b05820acf03e7ec3162ff5bed,2026-07-10,262,49287572227,2.790,,
past260,호신월옥,df00a751c2ea003f778c017f563b46eb4723574b05820acf03e7ec3162ff5bed,2026-07-11,262,49287572227,2.790,,
past260,호신월옥,df00a751c2ea003f778c017f563b46eb4723574b05820acf03e7ec3162ff5bed,2026-07-12,262,49287572227,2.790,7565046,
past260,호신월옥,df00a751c2ea003f778c017f563b46eb4723574b05820acf03e7ec3162ff5bed,2026-07-13,262,49287572227,2.790,,
past260,호신월옥,df00a751c2ea003f778c017f563b46eb4723574b05820acf03e7ec3162ff5bed,2026-07-14,262,49287572227,2.790,,
past260,호신월옥,df00a751c2ea003f778c017f563b46eb4723574b05820acf03e7ec3162ff5bed,2026-07-15,262,49287572227,2.790,,
past260,호신월옥,df00a751c2ea003f778c017f563b46eb4723574b05820acf03e7ec3162ff5bed,2026-07-16,262,49287572227,2.790,,
past260,호신월옥,df00a751c2ea003f778c017f563b46eb4723574b05820acf03e7ec3162ff5bed,2026-07-17,262,49287572227,2.790,,
past260,호신월옥,df00a751c2ea003f778c017f563b46eb4723574b05820acf03e7ec3162ff5bed,2026-07-18,262,49287572227,2.790,,
past260,호신월옥,df00a751c2ea003f778c017f563b46eb4723574b05820acf03e7ec3162ff5bed,2026-07-19,262,49287572227,2.790,,
past260,호신월옥,df00a751c2ea003f778c017f563b46eb4723574b05820acf03e7ec3162ff5bed,2026-07-20,262,49287572227,2.790,7565046,
past260,호신월옥,df00a751c2ea003f778c017f563b46eb4723574b05820acf03e7ec3162ff5bed,2026-07-21,262,49287572227,2.790,,
past260,호신월옥,df00a751c2ea003f778c017f563b46eb4723574b05820acf03e7ec3162ff5bed,2026-07-22,262,49287572227,2.790,,
past260,엘타니스,099b48fc50e8de2839810c32f6afc4bb,2026-06-18,262,41660548664,2.358,15015346,
past260,엘타니스,099b48fc50e8de2839810c32f6afc4bb,2026-06-19,262,41660548664,2.358,,
past260,엘타니스,099b48fc50e8de2839810c32f6afc4bb,2026-06-20,262,41660548664,2.358,,
past260,엘타니스,099b48fc50e8de2839810c32f6afc4bb,2026-06-21,262,41660548664,2.358,,
past260,엘타니스,099b48fc50e8de2839810c32f6afc4bb,2026-06-22,262,41660548664,2.358,,
past260,엘타니스,099b48fc50e8de2839810c32f6afc4bb,2026-06-23,262,41660548664,2.358,,
past260,엘타니스,099b48fc50e8de2839810c32f6afc4bb,2026-06-24,262,41660548664,2.358,,
past260,엘타니스,099b48fc50e8de2839810c32f6afc4bb,2026-06-25,262,41660548664,2.358,,
past260,엘타니스,099b48fc50e8de2839810c32f6afc4bb,2026-06-26,262,41660548664,2.358,15015346,
past260,엘타니스,099b48fc50e8de2839810c32f6afc4bb,2026-06-27,262,41809202123,2.366,,
past260,엘타니스,099b48fc50e8de2839810c32f6afc4bb,2026-06-28,262,41809202123,2.366,,
past260,엘타니스,099b48fc50e8de2839810c32f6afc4bb,2026-06-29,262,41809202123,2.366,,
past260,엘타니스,099b48fc50e8de2839810c32f6afc4bb,2026-06-30,262,41809202123,2.366,,
past260,엘타니스,099b48fc50e8de2839810c32f6afc4bb,2026-07-01,262,41809202123,2.366,,
past260,엘타니스,099b48fc50e8de2839810c32f6afc4bb,2026-07-02,262,41809202123,2.366,,
past260,엘타니스,099b48fc50e8de2839810c32f6afc4bb,2026-07-03,262,41809202123,2.366,,
past260,엘타니스,099b48fc50e8de2839810c32f6afc4bb,2026-07-04,262,41809202123,2.366,17556302,
past260,엘타니스,099b48fc50e8de2839810c32f6afc4bb,2026-07-05,262,41809202123,2.366,,
past260,엘타니스,099b48fc50e8de2839810c32f6afc4bb,2026-07-06,262,41809202123,2.366,,
past260,엘타니스,099b48fc50e8de2839810c32f6afc4bb,2026-07-07,262,41856602126,2.369,,
past260,엘타니스,099b48fc50e8de2839810c32f6afc4bb,2026-07-08,262,41982192162,2.376,,
past260,엘타니스,099b48fc50e8de2839810c32f6afc4bb,2026-07-09,262,41982192162,2.376,,
past260,엘타니스,099b48fc50e8de2839810c32f6afc4bb,2026-07-10,262,41982192162,2.376,,
past260,엘타니스,099b48fc50e8de2839810c32f6afc4bb,2026-07-11,262,41982192162,2.376,,
past260,엘타니스,099b48fc50e8de2839810c32f6afc4bb,2026-07-12,262,41982192162,2.376,17155473,
past260,엘타니스,099b48fc50e8de2839810c32f6afc4bb,2026-07-13,262,41982192162,2.376,,
past260,엘타니스,099b48fc50e8de2839810c32f6afc4bb,2026-07-14,262,41982192162,2.376,,
past260,엘타니스,099b48fc50e8de2839810c32f6afc4bb,2026-07-15,262,41982192162,2.376,,
past260,엘타니스,099b48fc50e8de2839810c32f6afc4bb,2026-07-16,262,41982192162,2.376,,
past260,엘타니스,099b48fc50e8de2839810c32f6afc4bb,2026-07-17,262,41982192162,2.376,,
past260,엘타니스,099b48fc50e8de2839810c32f6afc4bb,2026-07-18,262,42155182201,2.386,,
past260,엘타니스,099b48fc50e8de2839810c32f6afc4bb,2026-07-19,262,42155182201,2.386,,
past260,엘타니스,099b48fc50e8de2839810c32f6afc4bb,2026-07-20,262,42155182201,2.386,17155473,
past260,엘타니스,099b48fc50e8de2839810c32f6afc4bb,2026-07-21,262,42155182201,2.386,,
past260,엘타니스,099b48fc50e8de2839810c32f6afc4bb,2026-07-22,262,42155182201,2.386,,
past260,쁘화연,92e7616e87e54a96f5f417843cfd0faf,2026-06-18,262,56279660271,3.186,9952160,
past260,쁘화연,92e7616e87e54a96f5f417843cfd0faf,2026-06-19,262,56279660271,3.186,,
past260,쁘화연,92e7616e87e54a96f5f417843cfd0faf,2026-06-20,262,56279660271,3.186,,
past260,쁘화연,92e7616e87e54a96f5f417843cfd0faf,2026-06-21,262,56279660271,3.186,,
past260,쁘화연,92e7616e87e54a96f5f417843cfd0faf,2026-06-22,262,56279660271,3.186,,
past260,쁘화연,92e7616e87e54a96f5f417843cfd0faf,2026-06-23,262,56279660271,3.186,,
past260,쁘화연,92e7616e87e54a96f5f417843cfd0faf,2026-06-24,262,56279660271,3.186,,
past260,쁘화연,92e7616e87e54a96f5f417843cfd0faf,2026-06-25,262,56279660271,3.186,,
past260,쁘화연,92e7616e87e54a96f5f417843cfd0faf,2026-06-26,262,56279660271,3.186,9952160,
past260,쁘화연,92e7616e87e54a96f5f417843cfd0faf,2026-06-27,262,56279660271,3.186,,
past260,쁘화연,92e7616e87e54a96f5f417843cfd0faf,2026-06-28,262,56279660271,3.186,,
past260,쁘화연,92e7616e87e54a96f5f417843cfd0faf,2026-06-29,262,56279660271,3.186,,
past260,쁘화연,92e7616e87e54a96f5f417843cfd0faf,2026-06-30,262,56279660271,3.186,,
past260,쁘화연,92e7616e87e54a96f5f417843cfd0faf,2026-07-01,262,56279660271,3.186,,
past260,쁘화연,92e7616e87e54a96f5f417843cfd0faf,2026-07-02,262,56279660271,3.186,,
past260,쁘화연,92e7616e87e54a96f5f417843cfd0faf,2026-07-03,262,56279660271,3.186,,
past260,쁘화연,92e7616e87e54a96f5f417843cfd0faf,2026-07-04,262,56279660271,3.186,9952160,
past260,쁘화연,92e7616e87e54a96f5f417843cfd0faf,2026-07-05,262,56279660271,3.186,,
past260,쁘화연,92e7616e87e54a96f5f417843cfd0faf,2026-07-06,262,56279660271,3.186,,
past260,쁘화연,92e7616e87e54a96f5f417843cfd0faf,2026-07-07,262,56279660271,3.186,,
past260,쁘화연,92e7616e87e54a96f5f417843cfd0faf,2026-07-08,262,56279660271,3.186,,
past260,쁘화연,92e7616e87e54a96f5f417843cfd0faf,2026-07-09,262,56279660271,3.186,,
past260,쁘화연,92e7616e87e54a96f5f417843cfd0faf,2026-07-10,262,56279660271,3.186,,
past260,쁘화연,92e7616e87e54a96f5f417843cfd0faf,2026-07-11,262,56279660271,3.186,,
past260,쁘화연,92e7616e87e54a96f5f417843cfd0faf,2026-07-12,262,56279660271,3.186,9952160,
past260,쁘화연,92e7616e87e54a96f5f417843cfd0faf,2026-07-13,262,56279660271,3.186,,
past260,쁘화연,92e7616e87e54a96f5f417843cfd0faf,2026-07-14,262,56279660271,3.186,,
past260,쁘화연,92e7616e87e54a96f5f417843cfd0faf,2026-07-15,262,56279660271,3.186,,
past260,쁘화연,92e7616e87e54a96f5f417843cfd0faf,2026-07-16,262,56279660271,3.186,,
past260,쁘화연,92e7616e87e54a96f5f417843cfd0faf,2026-07-17,262,56279660271,3.186,,
past260,쁘화연,92e7616e87e54a96f5f417843cfd0faf,2026-07-18,262,56279660271,3.186,,
past260,쁘화연,92e7616e87e54a96f5f417843cfd0faf,2026-07-19,262,56279660271,3.186,,
past260,쁘화연,92e7616e87e54a96f5f417843cfd0faf,2026-07-20,262,56279660271,3.186,9952160,
past260,쁘화연,92e7616e87e54a96f5f417843cfd0faf,2026-07-21,262,56279660271,3.186,,
past260,쁘화연,92e7616e87e54a96f5f417843cfd0faf,2026-07-22,262,56279660271,3.186,,
past260,아름동핵펀치,5de0c7344f7ca5139015d94834d9ed98efe8d04e6d233bd35cf2fabdeb93fb0d,2026-06-18,262,22940657457,1.298,792861,
past260,아름동핵펀치,5de0c7344f7ca5139015d94834d9ed98efe8d04e6d233bd35cf2fabdeb93fb0d,2026-06-19,262,22940657457,1.298,,
past260,아름동핵펀치,5de0c7344f7ca5139015d94834d9ed98efe8d04e6d233bd35cf2fabdeb93fb0d,2026-06-20,262,22940657457,1.298,,
past260,아름동핵펀치,5de0c7344f7ca5139015d94834d9ed98efe8d04e6d233bd35cf2fabdeb93fb0d,2026-06-21,262,22940657457,1.298,,
past260,아름동핵펀치,5de0c7344f7ca5139015d94834d9ed98efe8d04e6d233bd35cf2fabdeb93fb0d,2026-06-22,262,22940657457,1.298,,
past260,아름동핵펀치,5de0c7344f7ca5139015d94834d9ed98efe8d04e6d233bd35cf2fabdeb93fb0d,2026-06-23,262,22940657457,1.298,,
past260,아름동핵펀치,5de0c7344f7ca5139015d94834d9ed98efe8d04e6d233bd35cf2fabdeb93fb0d,2026-06-24,262,22940657457,1.298,,
past260,아름동핵펀치,5de0c7344f7ca5139015d94834d9ed98efe8d04e6d233bd35cf2fabdeb93fb0d,2026-06-25,262,22940657457,1.298,,
past260,아름동핵펀치,5de0c7344f7ca5139015d94834d9ed98efe8d04e6d233bd35cf2fabdeb93fb0d,2026-06-26,262,22940657457,1.298,792861,
past260,아름동핵펀치,5de0c7344f7ca5139015d94834d9ed98efe8d04e6d233bd35cf2fabdeb93fb0d,2026-06-27,262,22940657457,1.298,,
past260,아름동핵펀치,5de0c7344f7ca5139015d94834d9ed98efe8d04e6d233bd35cf2fabdeb93fb0d,2026-06-28,262,22940657457,1.298,,
past260,아름동핵펀치,5de0c7344f7ca5139015d94834d9ed98efe8d04e6d233bd35cf2fabdeb93fb0d,2026-06-29,262,22940657457,1.298,,
past260,아름동핵펀치,5de0c7344f7ca5139015d94834d9ed98efe8d04e6d233bd35cf2fabdeb93fb0d,2026-06-30,262,22940657457,1.298,,
past260,아름동핵펀치,5de0c7344f7ca5139015d94834d9ed98efe8d04e6d233bd35cf2fabdeb93fb0d,2026-07-01,262,22940657457,1.298,,
past260,아름동핵펀치,5de0c7344f7ca5139015d94834d9ed98efe8d04e6d233bd35cf2fabdeb93fb0d,2026-07-02,262,22940657457,1.298,,
past260,아름동핵펀치,5de0c7344f7ca5139015d94834d9ed98efe8d04e6d233bd35cf2fabdeb93fb0d,2026-07-03,262,22940657457,1.298,,
past260,아름동핵펀치,5de0c7344f7ca5139015d94834d9ed98efe8d04e6d233bd35cf2fabdeb93fb0d,2026-07-04,262,22940657457,1.298,792861,
past260,아름동핵펀치,5de0c7344f7ca5139015d94834d9ed98efe8d04e6d233bd35cf2fabdeb93fb0d,2026-07-05,262,22940657457,1.298,,
past260,아름동핵펀치,5de0c7344f7ca5139015d94834d9ed98efe8d04e6d233bd35cf2fabdeb93fb0d,2026-07-06,262,22940657457,1.298,,
past260,아름동핵펀치,5de0c7344f7ca5139015d94834d9ed98efe8d04e6d233bd35cf2fabdeb93fb0d,2026-07-07,262,22940657457,1.298,,
past260,아름동핵펀치,5de0c7344f7ca5139015d94834d9ed98efe8d04e6d233bd35cf2fabdeb93fb0d,2026-07-08,262,22940657457,1.298,,
past260,아름동핵펀치,5de0c7344f7ca5139015d94834d9ed98efe8d04e6d233bd35cf2fabdeb93fb0d,2026-07-09,262,22940657457,1.298,,
past260,아름동핵펀치,5de0c7344f7ca5139015d94834d9ed98efe8d04e6d233bd35cf2fabdeb93fb0d,2026-07-10,262,22940657457,1.298,,
past260,아름동핵펀치,5de0c7344f7ca5139015d94834d9ed98efe8d04e6d233bd35cf2fabdeb93fb0d,2026-07-11,262,22940657457,1.298,,
past260,아름동핵펀치,5de0c7344f7ca5139015d94834d9ed98efe8d04e6d233bd35cf2fabdeb93fb0d,2026-07-12,262,22940657457,1.298,792861,
past260,아름동핵펀치,5de0c7344f7ca5139015d94834d9ed98efe8d04e6d233bd35cf2fabdeb93fb0d,2026-07-13,262,22940657457,1.298,,
past260,아름동핵펀치,5de0c7344f7ca5139015d94834d9ed98efe8d04e6d233bd35cf2fabdeb93fb0d,2026-07-14,262,22940657457,1.298,,
past260,아름동핵펀치,5de0c7344f7ca5139015d94834d9ed98efe8d04e6d233bd35cf2fabdeb93fb0d,2026-07-15,262,22940657457,1.298,,
past260,아름동핵펀치,5de0c7344f7ca5139015d94834d9ed98efe8d04e6d233bd35cf2fabdeb93fb0d,2026-07-16,262,22940657457,1.298,,
past260,아름동핵펀치,5de0c7344f7ca5139015d94834d9ed98efe8d04e6d233bd35cf2fabdeb93fb0d,2026-07-17,262,22940657457,1.298,,
past260,아름동핵펀치,5de0c7344f7ca5139015d94834d9ed98efe8d04e6d233bd35cf2fabdeb93fb0d,2026-07-18,262,22940657457,1.298,,
past260,아름동핵펀치,5de0c7344f7ca5139015d94834d9ed98efe8d04e6d233bd35cf2fabdeb93fb0d,2026-07-19,262,22940657457,1.298,,
past260,아름동핵펀치,5de0c7344f7ca5139015d94834d9ed98efe8d04e6d233bd35cf2fabdeb93fb0d,2026-07-20,262,22940657457,1.298,792861,
past260,아름동핵펀치,5de0c7344f7ca5139015d94834d9ed98efe8d04e6d233bd35cf2fabdeb93fb0d,2026-07-21,262,22940657457,1.298,,
past260,아름동핵펀치,5de0c7344f7ca5139015d94834d9ed98efe8d04e6d233bd35cf2fabdeb93fb0d,2026-07-22,262,22940657457,1.298,,
past260,갱미밈,a8af60d840d0c0ad65d7c8c9d15115e6,2026-06-18,262,45827852824,2.594,2228604,
past260,갱미밈,a8af60d840d0c0ad65d7c8c9d15115e6,2026-06-19,262,45827852824,2.594,,
past260,갱미밈,a8af60d840d0c0ad65d7c8c9d15115e6,2026-06-20,262,45827852824,2.594,,
past260,갱미밈,a8af60d840d0c0ad65d7c8c9d15115e6,2026-06-21,262,45827852824,2.594,,
past260,갱미밈,a8af60d840d0c0ad65d7c8c9d15115e6,2026-06-22,262,45827852824,2.594,,
past260,갱미밈,a8af60d840d0c0ad65d7c8c9d15115e6,2026-06-23,262,45827852824,2.594,,
past260,갱미밈,a8af60d840d0c0ad65d7c8c9d15115e6,2026-06-24,262,45827852824,2.594,,
past260,갱미밈,a8af60d840d0c0ad65d7c8c9d15115e6,2026-06-25,262,45827852824,2.594,,
past260,갱미밈,a8af60d840d0c0ad65d7c8c9d15115e6,2026-06-26,262,45827852824,2.594,2228604,
past260,갱미밈,a8af60d840d0c0ad65d7c8c9d15115e6,2026-06-27,262,45827852824,2.594,,
past260,갱미밈,a8af60d840d0c0ad65d7c8c9d15115e6,2026-06-28,262,45827852824,2.594,,
past260,갱미밈,a8af60d840d0c0ad65d7c8c9d15115e6,2026-06-29,262,45827852824,2.594,,
past260,갱미밈,a8af60d840d0c0ad65d7c8c9d15115e6,2026-06-30,262,45827852824,2.594,,
past260,갱미밈,a8af60d840d0c0ad65d7c8c9d15115e6,2026-07-01,262,45827852824,2.594,,
past260,갱미밈,a8af60d840d0c0ad65d7c8c9d15115e6,2026-07-02,262,45827852824,2.594,,
past260,갱미밈,a8af60d840d0c0ad65d7c8c9d15115e6,2026-07-03,262,45827852824,2.594,,
past260,갱미밈,a8af60d840d0c0ad65d7c8c9d15115e6,2026-07-04,262,45827852824,2.594,2228604,
past260,갱미밈,a8af60d840d0c0ad65d7c8c9d15115e6,2026-07-05,262,45827852824,2.594,,
past260,갱미밈,a8af60d840d0c0ad65d7c8c9d15115e6,2026-07-06,262,45827852824,2.594,,
past260,갱미밈,a8af60d840d0c0ad65d7c8c9d15115e6,2026-07-07,262,45827852824,2.594,,
past260,갱미밈,a8af60d840d0c0ad65d7c8c9d15115e6,2026-07-08,262,45827852824,2.594,,
past260,갱미밈,a8af60d840d0c0ad65d7c8c9d15115e6,2026-07-09,262,45827852824,2.594,,
past260,갱미밈,a8af60d840d0c0ad65d7c8c9d15115e6,2026-07-10,262,45827852824,2.594,,
past260,갱미밈,a8af60d840d0c0ad65d7c8c9d15115e6,2026-07-11,262,45827852824,2.594,,
past260,갱미밈,a8af60d840d0c0ad65d7c8c9d15115e6,2026-07-12,262,45827852824,2.594,2228604,
past260,갱미밈,a8af60d840d0c0ad65d7c8c9d15115e6,2026-07-13,262,45827852824,2.594,,
past260,갱미밈,a8af60d840d0c0ad65d7c8c9d15115e6,2026-07-14,262,45827852824,2.594,,
past260,갱미밈,a8af60d840d0c0ad65d7c8c9d15115e6,2026-07-15,262,45827852824,2.594,,
past260,갱미밈,a8af60d840d0c0ad65d7c8c9d15115e6,2026-07-16,262,45827852824,2.594,,
past260,갱미밈,a8af60d840d0c0ad65d7c8c9d15115e6,2026-07-17,262,45827852824,2.594,,
past260,갱미밈,a8af60d840d0c0ad65d7c8c9d15115e6,2026-07-18,262,45827852824,2.594,,
past260,갱미밈,a8af60d840d0c0ad65d7c8c9d15115e6,2026-07-19,262,45827852824,2.594,,
past260,갱미밈,a8af60d840d0c0ad65d7c8c9d15115e6,2026-07-20,262,45827852824,2.594,2228604,
past260,갱미밈,a8af60d840d0c0ad65d7c8c9d15115e6,2026-07-21,262,45827852824,2.594,,
past260,갱미밈,a8af60d840d0c0ad65d7c8c9d15115e6,2026-07-22,262,45827852824,2.594,,
past260,헬스장단속,6d7a8dd3e7564f03cc62ae1bfd2e7f35efe8d04e6d233bd35cf2fabdeb93fb0d,2026-06-18,,,,,http_400
past260,헬스장단속,6d7a8dd3e7564f03cc62ae1bfd2e7f35efe8d04e6d233bd35cf2fabdeb93fb0d,2026-06-19,,,,,http_400
past260,헬스장단속,6d7a8dd3e7564f03cc62ae1bfd2e7f35efe8d04e6d233bd35cf2fabdeb93fb0d,2026-06-20,,,,,http_400
past260,헬스장단속,6d7a8dd3e7564f03cc62ae1bfd2e7f35efe8d04e6d233bd35cf2fabdeb93fb0d,2026-06-21,,,,,http_400
past260,헬스장단속,6d7a8dd3e7564f03cc62ae1bfd2e7f35efe8d04e6d233bd35cf2fabdeb93fb0d,2026-06-22,,,,,http_400
past260,헬스장단속,6d7a8dd3e7564f03cc62ae1bfd2e7f35efe8d04e6d233bd35cf2fabdeb93fb0d,2026-06-23,,,,,http_400
past260,헬스장단속,6d7a8dd3e7564f03cc62ae1bfd2e7f35efe8d04e6d233bd35cf2fabdeb93fb0d,2026-06-24,,,,,http_400
past260,헬스장단속,6d7a8dd3e7564f03cc62ae1bfd2e7f35efe8d04e6d233bd35cf2fabdeb93fb0d,2026-06-25,,,,,http_400
past260,헬스장단속,6d7a8dd3e7564f03cc62ae1bfd2e7f35efe8d04e6d233bd35cf2fabdeb93fb0d,2026-06-26,,,,,http_400
past260,헬스장단속,6d7a8dd3e7564f03cc62ae1bfd2e7f35efe8d04e6d233bd35cf2fabdeb93fb0d,2026-06-27,,,,,http_400
past260,헬스장단속,6d7a8dd3e7564f03cc62ae1bfd2e7f35efe8d04e6d233bd35cf2fabdeb93fb0d,2026-06-28,,,,,http_400
past260,헬스장단속,6d7a8dd3e7564f03cc62ae1bfd2e7f35efe8d04e6d233bd35cf2fabdeb93fb0d,2026-06-29,,,,,http_400
past260,헬스장단속,6d7a8dd3e7564f03cc62ae1bfd2e7f35efe8d04e6d233bd35cf2fabdeb93fb0d,2026-06-30,,,,,http_400
past260,헬스장단속,6d7a8dd3e7564f03cc62ae1bfd2e7f35efe8d04e6d233bd35cf2fabdeb93fb0d,2026-07-01,,,,,http_400
past260,헬스장단속,6d7a8dd3e7564f03cc62ae1bfd2e7f35efe8d04e6d233bd35cf2fabdeb93fb0d,2026-07-02,,,,,http_400
past260,헬스장단속,6d7a8dd3e7564f03cc62ae1bfd2e7f35efe8d04e6d233bd35cf2fabdeb93fb0d,2026-07-03,,,,,http_400
past260,헬스장단속,6d7a8dd3e7564f03cc62ae1bfd2e7f35efe8d04e6d233bd35cf2fabdeb93fb0d,2026-07-04,,,,,http_400
past260,헬스장단속,6d7a8dd3e7564f03cc62ae1bfd2e7f35efe8d04e6d233bd35cf2fabdeb93fb0d,2026-07-05,,,,,http_400
past260,헬스장단속,6d7a8dd3e7564f03cc62ae1bfd2e7f35efe8d04e6d233bd35cf2fabdeb93fb0d,2026-07-06,,,,,http_400
past260,헬스장단속,6d7a8dd3e7564f03cc62ae1bfd2e7f35efe8d04e6d233bd35cf2fabdeb93fb0d,2026-07-07,,,,,http_400
past260,헬스장단속,6d7a8dd3e7564f03cc62ae1bfd2e7f35efe8d04e6d233bd35cf2fabdeb93fb0d,2026-07-08,,,,,http_400
past260,헬스장단속,6d7a8dd3e7564f03cc62ae1bfd2e7f35efe8d04e6d233bd35cf2fabdeb93fb0d,2026-07-09,,,,,http_400
past260,헬스장단속,6d7a8dd3e7564f03cc62ae1bfd2e7f35efe8d04e6d233bd35cf2fabdeb93fb0d,2026-07-10,,,,,http_400
past260,헬스장단속,6d7a8dd3e7564f03cc62ae1bfd2e7f35efe8d04e6d233bd35cf2fabdeb93fb0d,2026-07-11,,,,,http_400
past260,헬스장단속,6d7a8dd3e7564f03cc62ae1bfd2e7f35efe8d04e6d233bd35cf2fabdeb93fb0d,2026-07-12,,,,,http_400
past260,헬스장단속,6d7a8dd3e7564f03cc62ae1bfd2e7f35efe8d04e6d233bd35cf2fabdeb93fb0d,2026-07-13,,,,,http_400
past260,헬스장단속,6d7a8dd3e7564f03cc62ae1bfd2e7f35efe8d04e6d233bd35cf2fabdeb93fb0d,2026-07-14,,,,,http_400
past260,헬스장단속,6d7a8dd3e7564f03cc62ae1bfd2e7f35efe8d04e6d233bd35cf2fabdeb93fb0d,2026-07-15,,,,,http_400
past260,헬스장단속,6d7a8dd3e7564f03cc62ae1bfd2e7f35efe8d04e6d233bd35cf2fabdeb93fb0d,2026-07-16,,,,,http_400
past260,헬스장단속,6d7a8dd3e7564f03cc62ae1bfd2e7f35efe8d04e6d233bd35cf2fabdeb93fb0d,2026-07-17,,,,,http_400
past260,헬스장단속,6d7a8dd3e7564f03cc62ae1bfd2e7f35efe8d04e6d233bd35cf2fabdeb93fb0d,2026-07-18,,,,,http_400
past260,헬스장단속,6d7a8dd3e7564f03cc62ae1bfd2e7f35efe8d04e6d233bd35cf2fabdeb93fb0d,2026-07-19,,,,,http_400
past260,헬스장단속,6d7a8dd3e7564f03cc62ae1bfd2e7f35efe8d04e6d233bd35cf2fabdeb93fb0d,2026-07-20,,,,,http_400
past260,헬스장단속,6d7a8dd3e7564f03cc62ae1bfd2e7f35efe8d04e6d233bd35cf2fabdeb93fb0d,2026-07-21,,,,,http_400
past260,헬스장단속,6d7a8dd3e7564f03cc62ae1bfd2e7f35efe8d04e6d233bd35cf2fabdeb93fb0d,2026-07-22,,,,,http_400
past260,소도로다,6a52cc59d7bad3066b258ca4cf858312,2026-06-18,262,19800215457,1.121,9019468,
past260,소도로다,6a52cc59d7bad3066b258ca4cf858312,2026-06-19,262,19800215457,1.121,,
past260,소도로다,6a52cc59d7bad3066b258ca4cf858312,2026-06-20,262,19800215457,1.121,,
past260,소도로다,6a52cc59d7bad3066b258ca4cf858312,2026-06-21,262,19800215457,1.121,,
past260,소도로다,6a52cc59d7bad3066b258ca4cf858312,2026-06-22,262,19800215457,1.121,,
past260,소도로다,6a52cc59d7bad3066b258ca4cf858312,2026-06-23,262,19800215457,1.121,,
past260,소도로다,6a52cc59d7bad3066b258ca4cf858312,2026-06-24,262,19872044089,1.125,,
past260,소도로다,6a52cc59d7bad3066b258ca4cf858312,2026-06-25,262,19872044089,1.125,,
past260,소도로다,6a52cc59d7bad3066b258ca4cf858312,2026-06-26,262,19872044089,1.125,9744332,
past260,소도로다,6a52cc59d7bad3066b258ca4cf858312,2026-06-27,262,19872044089,1.125,,
past260,소도로다,6a52cc59d7bad3066b258ca4cf858312,2026-06-28,262,19872044089,1.125,,
past260,소도로다,6a52cc59d7bad3066b258ca4cf858312,2026-06-29,262,19872044089,1.125,,
past260,소도로다,6a52cc59d7bad3066b258ca4cf858312,2026-06-30,262,19872044089,1.125,,
past260,소도로다,6a52cc59d7bad3066b258ca4cf858312,2026-07-01,262,19943872721,1.129,,
past260,소도로다,6a52cc59d7bad3066b258ca4cf858312,2026-07-02,262,19943872721,1.129,,
past260,소도로다,6a52cc59d7bad3066b258ca4cf858312,2026-07-03,262,19943872721,1.129,,
past260,소도로다,6a52cc59d7bad3066b258ca4cf858312,2026-07-04,262,19943872721,1.129,8884507,
past260,소도로다,6a52cc59d7bad3066b258ca4cf858312,2026-07-05,262,19943872721,1.129,,
past260,소도로다,6a52cc59d7bad3066b258ca4cf858312,2026-07-06,262,19943872721,1.129,,
past260,소도로다,6a52cc59d7bad3066b258ca4cf858312,2026-07-07,262,19943872721,1.129,,
past260,소도로다,6a52cc59d7bad3066b258ca4cf858312,2026-07-08,262,20008463881,1.133,,
past260,소도로다,6a52cc59d7bad3066b258ca4cf858312,2026-07-09,262,20008463881,1.133,,
past260,소도로다,6a52cc59d7bad3066b258ca4cf858312,2026-07-10,262,20008463881,1.133,,
past260,소도로다,6a52cc59d7bad3066b258ca4cf858312,2026-07-11,262,20008463881,1.133,,
past260,소도로다,6a52cc59d7bad3066b258ca4cf858312,2026-07-12,262,20008463881,1.133,7565166,
past260,소도로다,6a52cc59d7bad3066b258ca4cf858312,2026-07-13,262,20008463881,1.133,,
past260,소도로다,6a52cc59d7bad3066b258ca4cf858312,2026-07-14,262,20008463881,1.133,,
past260,소도로다,6a52cc59d7bad3066b258ca4cf858312,2026-07-15,262,20008463881,1.133,,
past260,소도로다,6a52cc59d7bad3066b258ca4cf858312,2026-07-16,262,20008463881,1.133,,
past260,소도로다,6a52cc59d7bad3066b258ca4cf858312,2026-07-17,262,20008463881,1.133,,
past260,소도로다,6a52cc59d7bad3066b258ca4cf858312,2026-07-18,262,20008463881,1.133,,
past260,소도로다,6a52cc59d7bad3066b258ca4cf858312,2026-07-19,262,20008463881,1.133,,
past260,소도로다,6a52cc59d7bad3066b258ca4cf858312,2026-07-20,262,20008463881,1.133,7565166,
past260,소도로다,6a52cc59d7bad3066b258ca4cf858312,2026-07-21,262,20008463881,1.133,,
past260,소도로다,6a52cc59d7bad3066b258ca4cf858312,2026-07-22,262,20075769093,1.136,,
past260,z희야z,5ab57a54f2e124abb4be9cc6cce35b36fd842dab14be2a956555625b37c97bff,2026-06-18,262,20981624351,1.188,4575505,
past260,z희야z,5ab57a54f2e124abb4be9cc6cce35b36fd842dab14be2a956555625b37c97bff,2026-06-19,262,20981624351,1.188,,
past260,z희야z,5ab57a54f2e124abb4be9cc6cce35b36fd842dab14be2a956555625b37c97bff,2026-06-20,262,20981624351,1.188,,
past260,z희야z,5ab57a54f2e124abb4be9cc6cce35b36fd842dab14be2a956555625b37c97bff,2026-06-21,262,20981624351,1.188,,
past260,z희야z,5ab57a54f2e124abb4be9cc6cce35b36fd842dab14be2a956555625b37c97bff,2026-06-22,262,20981624351,1.188,,
past260,z희야z,5ab57a54f2e124abb4be9cc6cce35b36fd842dab14be2a956555625b37c97bff,2026-06-23,262,20981624351,1.188,,
past260,z희야z,5ab57a54f2e124abb4be9cc6cce35b36fd842dab14be2a956555625b37c97bff,2026-06-24,262,20981624351,1.188,,
past260,z희야z,5ab57a54f2e124abb4be9cc6cce35b36fd842dab14be2a956555625b37c97bff,2026-06-25,262,20981624351,1.188,,
past260,z희야z,5ab57a54f2e124abb4be9cc6cce35b36fd842dab14be2a956555625b37c97bff,2026-06-26,262,20981624351,1.188,4575505,
past260,z희야z,5ab57a54f2e124abb4be9cc6cce35b36fd842dab14be2a956555625b37c97bff,2026-06-27,262,20981624351,1.188,,
past260,z희야z,5ab57a54f2e124abb4be9cc6cce35b36fd842dab14be2a956555625b37c97bff,2026-06-28,262,20981624351,1.188,,
past260,z희야z,5ab57a54f2e124abb4be9cc6cce35b36fd842dab14be2a956555625b37c97bff,2026-06-29,262,20981624351,1.188,,
past260,z희야z,5ab57a54f2e124abb4be9cc6cce35b36fd842dab14be2a956555625b37c97bff,2026-06-30,262,20981624351,1.188,,
past260,z희야z,5ab57a54f2e124abb4be9cc6cce35b36fd842dab14be2a956555625b37c97bff,2026-07-01,262,20981624351,1.188,,
past260,z희야z,5ab57a54f2e124abb4be9cc6cce35b36fd842dab14be2a956555625b37c97bff,2026-07-02,262,20981624351,1.188,,
past260,z희야z,5ab57a54f2e124abb4be9cc6cce35b36fd842dab14be2a956555625b37c97bff,2026-07-03,262,20981624351,1.188,,
past260,z희야z,5ab57a54f2e124abb4be9cc6cce35b36fd842dab14be2a956555625b37c97bff,2026-07-04,262,20981624351,1.188,4575505,
past260,z희야z,5ab57a54f2e124abb4be9cc6cce35b36fd842dab14be2a956555625b37c97bff,2026-07-05,262,20981624351,1.188,,
past260,z희야z,5ab57a54f2e124abb4be9cc6cce35b36fd842dab14be2a956555625b37c97bff,2026-07-06,262,20981624351,1.188,,
past260,z희야z,5ab57a54f2e124abb4be9cc6cce35b36fd842dab14be2a956555625b37c97bff,2026-07-07,262,20981624351,1.188,,
past260,z희야z,5ab57a54f2e124abb4be9cc6cce35b36fd842dab14be2a956555625b37c97bff,2026-07-08,262,20981624351,1.188,,
past260,z희야z,5ab57a54f2e124abb4be9cc6cce35b36fd842dab14be2a956555625b37c97bff,2026-07-09,262,20981624351,1.188,,
past260,z희야z,5ab57a54f2e124abb4be9cc6cce35b36fd842dab14be2a956555625b37c97bff,2026-07-10,262,20981624351,1.188,,
past260,z희야z,5ab57a54f2e124abb4be9cc6cce35b36fd842dab14be2a956555625b37c97bff,2026-07-11,262,20981624351,1.188,,
past260,z희야z,5ab57a54f2e124abb4be9cc6cce35b36fd842dab14be2a956555625b37c97bff,2026-07-12,262,20981624351,1.188,4575505,
past260,z희야z,5ab57a54f2e124abb4be9cc6cce35b36fd842dab14be2a956555625b37c97bff,2026-07-13,262,20981624351,1.188,,
past260,z희야z,5ab57a54f2e124abb4be9cc6cce35b36fd842dab14be2a956555625b37c97bff,2026-07-14,262,20981624351,1.188,,
past260,z희야z,5ab57a54f2e124abb4be9cc6cce35b36fd842dab14be2a956555625b37c97bff,2026-07-15,262,20981624351,1.188,,
past260,z희야z,5ab57a54f2e124abb4be9cc6cce35b36fd842dab14be2a956555625b37c97bff,2026-07-16,262,20981624351,1.188,,
past260,z희야z,5ab57a54f2e124abb4be9cc6cce35b36fd842dab14be2a956555625b37c97bff,2026-07-17,262,20981624351,1.188,,
past260,z희야z,5ab57a54f2e124abb4be9cc6cce35b36fd842dab14be2a956555625b37c97bff,2026-07-18,262,20981624351,1.188,,
past260,z희야z,5ab57a54f2e124abb4be9cc6cce35b36fd842dab14be2a956555625b37c97bff,2026-07-19,262,20981624351,1.188,,
past260,z희야z,5ab57a54f2e124abb4be9cc6cce35b36fd842dab14be2a956555625b37c97bff,2026-07-20,262,20981624351,1.188,4575505,
past260,z희야z,5ab57a54f2e124abb4be9cc6cce35b36fd842dab14be2a956555625b37c97bff,2026-07-21,262,20981624351,1.188,,
past260,z희야z,5ab57a54f2e124abb4be9cc6cce35b36fd842dab14be2a956555625b37c97bff,2026-07-22,262,20981624351,1.188,,
past260,비싸지않다,ac66aa54ce26846242fc2bce3b5c9fa7,2026-06-18,262,34242973342,1.938,10106842,
past260,비싸지않다,ac66aa54ce26846242fc2bce3b5c9fa7,2026-06-19,262,34242973342,1.938,,
past260,비싸지않다,ac66aa54ce26846242fc2bce3b5c9fa7,2026-06-20,262,34242973342,1.938,,
past260,비싸지않다,ac66aa54ce26846242fc2bce3b5c9fa7,2026-06-21,262,34242973342,1.938,,
past260,비싸지않다,ac66aa54ce26846242fc2bce3b5c9fa7,2026-06-22,262,34242973342,1.938,,
past260,비싸지않다,ac66aa54ce26846242fc2bce3b5c9fa7,2026-06-23,262,34242973342,1.938,,
past260,비싸지않다,ac66aa54ce26846242fc2bce3b5c9fa7,2026-06-24,262,34242973342,1.938,,
past260,비싸지않다,ac66aa54ce26846242fc2bce3b5c9fa7,2026-06-25,262,34242973342,1.938,,
past260,비싸지않다,ac66aa54ce26846242fc2bce3b5c9fa7,2026-06-26,262,34242973342,1.938,10106842,
past260,비싸지않다,ac66aa54ce26846242fc2bce3b5c9fa7,2026-06-27,262,34242973342,1.938,,
past260,비싸지않다,ac66aa54ce26846242fc2bce3b5c9fa7,2026-06-28,262,34242973342,1.938,,
past260,비싸지않다,ac66aa54ce26846242fc2bce3b5c9fa7,2026-06-29,262,34242973342,1.938,,
past260,비싸지않다,ac66aa54ce26846242fc2bce3b5c9fa7,2026-06-30,262,34242973342,1.938,,
past260,비싸지않다,ac66aa54ce26846242fc2bce3b5c9fa7,2026-07-01,262,34242973342,1.938,,
past260,비싸지않다,ac66aa54ce26846242fc2bce3b5c9fa7,2026-07-02,262,34242973342,1.938,,
past260,비싸지않다,ac66aa54ce26846242fc2bce3b5c9fa7,2026-07-03,262,34242973342,1.938,,
past260,비싸지않다,ac66aa54ce26846242fc2bce3b5c9fa7,2026-07-04,262,34242973342,1.938,10106842,
past260,비싸지않다,ac66aa54ce26846242fc2bce3b5c9fa7,2026-07-05,262,34242973342,1.938,,
past260,비싸지않다,ac66aa54ce26846242fc2bce3b5c9fa7,2026-07-06,262,34242973342,1.938,,
past260,비싸지않다,ac66aa54ce26846242fc2bce3b5c9fa7,2026-07-07,262,34242973342,1.938,,
past260,비싸지않다,ac66aa54ce26846242fc2bce3b5c9fa7,2026-07-08,262,34242973342,1.938,,
past260,비싸지않다,ac66aa54ce26846242fc2bce3b5c9fa7,2026-07-09,262,34242973342,1.938,,
past260,비싸지않다,ac66aa54ce26846242fc2bce3b5c9fa7,2026-07-10,262,34242973342,1.938,,
past260,비싸지않다,ac66aa54ce26846242fc2bce3b5c9fa7,2026-07-11,262,34242973342,1.938,,
past260,비싸지않다,ac66aa54ce26846242fc2bce3b5c9fa7,2026-07-12,262,34242973342,1.938,10106842,
past260,비싸지않다,ac66aa54ce26846242fc2bce3b5c9fa7,2026-07-13,262,34242973342,1.938,,
past260,비싸지않다,ac66aa54ce26846242fc2bce3b5c9fa7,2026-07-14,262,34242973342,1.938,,
past260,비싸지않다,ac66aa54ce26846242fc2bce3b5c9fa7,2026-07-15,262,34242973342,1.938,,
past260,비싸지않다,ac66aa54ce26846242fc2bce3b5c9fa7,2026-07-16,262,34242973342,1.938,,
past260,비싸지않다,ac66aa54ce26846242fc2bce3b5c9fa7,2026-07-17,262,34242973342,1.938,,
past260,비싸지않다,ac66aa54ce26846242fc2bce3b5c9fa7,2026-07-18,262,34242973342,1.938,,
past260,비싸지않다,ac66aa54ce26846242fc2bce3b5c9fa7,2026-07-19,262,34242973342,1.938,,
past260,비싸지않다,ac66aa54ce26846242fc2bce3b5c9fa7,2026-07-20,262,34242973342,1.938,10106842,
past260,비싸지않다,ac66aa54ce26846242fc2bce3b5c9fa7,2026-07-21,262,34242973342,1.938,,
past260,비싸지않다,ac66aa54ce26846242fc2bce3b5c9fa7,2026-07-22,262,34242973342,1.938,,
past260,송우전략대장,f290d0fbbca67fc21f99b9c4cbd087b7,2026-06-18,262,39044625904,2.210,4957452,
past260,송우전략대장,f290d0fbbca67fc21f99b9c4cbd087b7,2026-06-19,262,39044625904,2.210,,
past260,송우전략대장,f290d0fbbca67fc21f99b9c4cbd087b7,2026-06-20,262,39044625904,2.210,,
past260,송우전략대장,f290d0fbbca67fc21f99b9c4cbd087b7,2026-06-21,262,39044625904,2.210,,
past260,송우전략대장,f290d0fbbca67fc21f99b9c4cbd087b7,2026-06-22,262,39044625904,2.210,,
past260,송우전략대장,f290d0fbbca67fc21f99b9c4cbd087b7,2026-06-23,262,39044625904,2.210,,
past260,송우전략대장,f290d0fbbca67fc21f99b9c4cbd087b7,2026-06-24,262,39044625904,2.210,,
past260,송우전략대장,f290d0fbbca67fc21f99b9c4cbd087b7,2026-06-25,262,39044625904,2.210,,
past260,송우전략대장,f290d0fbbca67fc21f99b9c4cbd087b7,2026-06-26,262,39044625904,2.210,4957452,
past260,송우전략대장,f290d0fbbca67fc21f99b9c4cbd087b7,2026-06-27,262,39044625904,2.210,,
past260,송우전략대장,f290d0fbbca67fc21f99b9c4cbd087b7,2026-06-28,262,39044625904,2.210,,
past260,송우전략대장,f290d0fbbca67fc21f99b9c4cbd087b7,2026-06-29,262,39044625904,2.210,,
past260,송우전략대장,f290d0fbbca67fc21f99b9c4cbd087b7,2026-06-30,262,39044625904,2.210,,
past260,송우전략대장,f290d0fbbca67fc21f99b9c4cbd087b7,2026-07-01,262,39044625904,2.210,,
past260,송우전략대장,f290d0fbbca67fc21f99b9c4cbd087b7,2026-07-02,262,39044625904,2.210,,
past260,송우전략대장,f290d0fbbca67fc21f99b9c4cbd087b7,2026-07-03,262,39044625904,2.210,,
past260,송우전략대장,f290d0fbbca67fc21f99b9c4cbd087b7,2026-07-04,262,39044625904,2.210,4957452,
past260,송우전략대장,f290d0fbbca67fc21f99b9c4cbd087b7,2026-07-05,262,39044625904,2.210,,
past260,송우전략대장,f290d0fbbca67fc21f99b9c4cbd087b7,2026-07-06,262,39044625904,2.210,,
past260,송우전략대장,f290d0fbbca67fc21f99b9c4cbd087b7,2026-07-07,262,39044625904,2.210,,
past260,송우전략대장,f290d0fbbca67fc21f99b9c4cbd087b7,2026-07-08,262,39044625904,2.210,,
past260,송우전략대장,f290d0fbbca67fc21f99b9c4cbd087b7,2026-07-09,262,39044625904,2.210,,
past260,송우전략대장,f290d0fbbca67fc21f99b9c4cbd087b7,2026-07-10,262,39044625904,2.210,,
past260,송우전략대장,f290d0fbbca67fc21f99b9c4cbd087b7,2026-07-11,262,39044625904,2.210,,
past260,송우전략대장,f290d0fbbca67fc21f99b9c4cbd087b7,2026-07-12,262,39044625904,2.210,4957452,
past260,송우전략대장,f290d0fbbca67fc21f99b9c4cbd087b7,2026-07-13,262,39044625904,2.210,,
past260,송우전략대장,f290d0fbbca67fc21f99b9c4cbd087b7,2026-07-14,262,39044625904,2.210,,
past260,송우전략대장,f290d0fbbca67fc21f99b9c4cbd087b7,2026-07-15,262,39044625904,2.210,,
past260,송우전략대장,f290d0fbbca67fc21f99b9c4cbd087b7,2026-07-16,262,39044625904,2.210,,
past260,송우전략대장,f290d0fbbca67fc21f99b9c4cbd087b7,2026-07-17,262,39044625904,2.210,,
past260,송우전략대장,f290d0fbbca67fc21f99b9c4cbd087b7,2026-07-18,262,39044625904,2.210,,
past260,송우전략대장,f290d0fbbca67fc21f99b9c4cbd087b7,2026-07-19,262,39044625904,2.210,,
past260,송우전략대장,f290d0fbbca67fc21f99b9c4cbd087b7,2026-07-20,262,39044625904,2.210,4957452,
past260,송우전략대장,f290d0fbbca67fc21f99b9c4cbd087b7,2026-07-21,262,39044625904,2.210,,
past260,송우전략대장,f290d0fbbca67fc21f99b9c4cbd087b7,2026-07-22,262,39044625904,2.210,,
past260,성실한토끼굴,a660258798e98ac4a10d10610914225c,2026-06-18,262,21780284334,1.233,3733277,
past260,성실한토끼굴,a660258798e98ac4a10d10610914225c,2026-06-19,262,21780284334,1.233,,
past260,성실한토끼굴,a660258798e98ac4a10d10610914225c,2026-06-20,262,21780284334,1.233,,
past260,성실한토끼굴,a660258798e98ac4a10d10610914225c,2026-06-21,262,21780284334,1.233,,
past260,성실한토끼굴,a660258798e98ac4a10d10610914225c,2026-06-22,262,21780284334,1.233,,
past260,성실한토끼굴,a660258798e98ac4a10d10610914225c,2026-06-23,262,21780284334,1.233,,
past260,성실한토끼굴,a660258798e98ac4a10d10610914225c,2026-06-24,262,21780284334,1.233,,
past260,성실한토끼굴,a660258798e98ac4a10d10610914225c,2026-06-25,262,21780284334,1.233,,
past260,성실한토끼굴,a660258798e98ac4a10d10610914225c,2026-06-26,262,21780284334,1.233,3733277,
past260,성실한토끼굴,a660258798e98ac4a10d10610914225c,2026-06-27,262,21780284334,1.233,,
past260,성실한토끼굴,a660258798e98ac4a10d10610914225c,2026-06-28,262,21780284334,1.233,,
past260,성실한토끼굴,a660258798e98ac4a10d10610914225c,2026-06-29,262,21780284334,1.233,,
past260,성실한토끼굴,a660258798e98ac4a10d10610914225c,2026-06-30,262,21780284334,1.233,,
past260,성실한토끼굴,a660258798e98ac4a10d10610914225c,2026-07-01,262,21780284334,1.233,,
past260,성실한토끼굴,a660258798e98ac4a10d10610914225c,2026-07-02,262,21780284334,1.233,,
past260,성실한토끼굴,a660258798e98ac4a10d10610914225c,2026-07-03,262,21780284334,1.233,,
past260,성실한토끼굴,a660258798e98ac4a10d10610914225c,2026-07-04,262,21780284334,1.233,3733277,
past260,성실한토끼굴,a660258798e98ac4a10d10610914225c,2026-07-05,262,21780284334,1.233,,
past260,성실한토끼굴,a660258798e98ac4a10d10610914225c,2026-07-06,262,21780284334,1.233,,
past260,성실한토끼굴,a660258798e98ac4a10d10610914225c,2026-07-07,262,21780284334,1.233,,
past260,성실한토끼굴,a660258798e98ac4a10d10610914225c,2026-07-08,262,21780284334,1.233,,
past260,성실한토끼굴,a660258798e98ac4a10d10610914225c,2026-07-09,262,21780284334,1.233,,
past260,성실한토끼굴,a660258798e98ac4a10d10610914225c,2026-07-10,262,21780284334,1.233,,
past260,성실한토끼굴,a660258798e98ac4a10d10610914225c,2026-07-11,262,21780284334,1.233,,
past260,성실한토끼굴,a660258798e98ac4a10d10610914225c,2026-07-12,262,21780284334,1.233,3733277,
past260,성실한토끼굴,a660258798e98ac4a10d10610914225c,2026-07-13,262,21780284334,1.233,,
past260,성실한토끼굴,a660258798e98ac4a10d10610914225c,2026-07-14,262,21780284334,1.233,,
past260,성실한토끼굴,a660258798e98ac4a10d10610914225c,2026-07-15,262,21780284334,1.233,,
past260,성실한토끼굴,a660258798e98ac4a10d10610914225c,2026-07-16,262,21780284334,1.233,,
past260,성실한토끼굴,a660258798e98ac4a10d10610914225c,2026-07-17,262,21780284334,1.233,,
past260,성실한토끼굴,a660258798e98ac4a10d10610914225c,2026-07-18,262,21780284334,1.233,,
past260,성실한토끼굴,a660258798e98ac4a10d10610914225c,2026-07-19,262,21780284334,1.233,,
past260,성실한토끼굴,a660258798e98ac4a10d10610914225c,2026-07-20,262,21780284334,1.233,3733277,
past260,성실한토끼굴,a660258798e98ac4a10d10610914225c,2026-07-21,262,21780284334,1.233,,
past260,성실한토끼굴,a660258798e98ac4a10d10610914225c,2026-07-22,262,21780284334,1.233,,
past260,싸지오,6d978b338ef9a295bd0430c1b5367853efe8d04e6d233bd35cf2fabdeb93fb0d,2026-06-18,262,29512718555,1.670,1925186,
past260,싸지오,6d978b338ef9a295bd0430c1b5367853efe8d04e6d233bd35cf2fabdeb93fb0d,2026-06-19,262,29512718555,1.670,,
past260,싸지오,6d978b338ef9a295bd0430c1b5367853efe8d04e6d233bd35cf2fabdeb93fb0d,2026-06-20,262,29512718555,1.670,,
past260,싸지오,6d978b338ef9a295bd0430c1b5367853efe8d04e6d233bd35cf2fabdeb93fb0d,2026-06-21,262,29512718555,1.670,,
past260,싸지오,6d978b338ef9a295bd0430c1b5367853efe8d04e6d233bd35cf2fabdeb93fb0d,2026-06-22,262,29512718555,1.670,,
past260,싸지오,6d978b338ef9a295bd0430c1b5367853efe8d04e6d233bd35cf2fabdeb93fb0d,2026-06-23,262,29512718555,1.670,,
past260,싸지오,6d978b338ef9a295bd0430c1b5367853efe8d04e6d233bd35cf2fabdeb93fb0d,2026-06-24,262,29512718555,1.670,,
past260,싸지오,6d978b338ef9a295bd0430c1b5367853efe8d04e6d233bd35cf2fabdeb93fb0d,2026-06-25,262,29512718555,1.670,,
past260,싸지오,6d978b338ef9a295bd0430c1b5367853efe8d04e6d233bd35cf2fabdeb93fb0d,2026-06-26,262,29512718555,1.670,1925186,
past260,싸지오,6d978b338ef9a295bd0430c1b5367853efe8d04e6d233bd35cf2fabdeb93fb0d,2026-06-27,262,29512718555,1.670,,
past260,싸지오,6d978b338ef9a295bd0430c1b5367853efe8d04e6d233bd35cf2fabdeb93fb0d,2026-06-28,262,29512718555,1.670,,
past260,싸지오,6d978b338ef9a295bd0430c1b5367853efe8d04e6d233bd35cf2fabdeb93fb0d,2026-06-29,262,29512718555,1.670,,
past260,싸지오,6d978b338ef9a295bd0430c1b5367853efe8d04e6d233bd35cf2fabdeb93fb0d,2026-06-30,262,29512718555,1.670,,
past260,싸지오,6d978b338ef9a295bd0430c1b5367853efe8d04e6d233bd35cf2fabdeb93fb0d,2026-07-01,262,29512718555,1.670,,
past260,싸지오,6d978b338ef9a295bd0430c1b5367853efe8d04e6d233bd35cf2fabdeb93fb0d,2026-07-02,262,29512718555,1.670,,
past260,싸지오,6d978b338ef9a295bd0430c1b5367853efe8d04e6d233bd35cf2fabdeb93fb0d,2026-07-03,262,29512718555,1.670,,
past260,싸지오,6d978b338ef9a295bd0430c1b5367853efe8d04e6d233bd35cf2fabdeb93fb0d,2026-07-04,262,29512718555,1.670,1925186,
past260,싸지오,6d978b338ef9a295bd0430c1b5367853efe8d04e6d233bd35cf2fabdeb93fb0d,2026-07-05,262,29512718555,1.670,,
past260,싸지오,6d978b338ef9a295bd0430c1b5367853efe8d04e6d233bd35cf2fabdeb93fb0d,2026-07-06,262,29512718555,1.670,,
past260,싸지오,6d978b338ef9a295bd0430c1b5367853efe8d04e6d233bd35cf2fabdeb93fb0d,2026-07-07,262,29512718555,1.670,,
past260,싸지오,6d978b338ef9a295bd0430c1b5367853efe8d04e6d233bd35cf2fabdeb93fb0d,2026-07-08,262,29512718555,1.670,,
past260,싸지오,6d978b338ef9a295bd0430c1b5367853efe8d04e6d233bd35cf2fabdeb93fb0d,2026-07-09,262,29512718555,1.670,,
past260,싸지오,6d978b338ef9a295bd0430c1b5367853efe8d04e6d233bd35cf2fabdeb93fb0d,2026-07-10,262,29512718555,1.670,,
past260,싸지오,6d978b338ef9a295bd0430c1b5367853efe8d04e6d233bd35cf2fabdeb93fb0d,2026-07-11,262,29512718555,1.670,,
past260,싸지오,6d978b338ef9a295bd0430c1b5367853efe8d04e6d233bd35cf2fabdeb93fb0d,2026-07-12,262,29512718555,1.670,1925186,
past260,싸지오,6d978b338ef9a295bd0430c1b5367853efe8d04e6d233bd35cf2fabdeb93fb0d,2026-07-13,262,29512718555,1.670,,
past260,싸지오,6d978b338ef9a295bd0430c1b5367853efe8d04e6d233bd35cf2fabdeb93fb0d,2026-07-14,262,29512718555,1.670,,
past260,싸지오,6d978b338ef9a295bd0430c1b5367853efe8d04e6d233bd35cf2fabdeb93fb0d,2026-07-15,262,29512718555,1.670,,
past260,싸지오,6d978b338ef9a295bd0430c1b5367853efe8d04e6d233bd35cf2fabdeb93fb0d,2026-07-16,262,29512718555,1.670,,
past260,싸지오,6d978b338ef9a295bd0430c1b5367853efe8d04e6d233bd35cf2fabdeb93fb0d,2026-07-17,262,29512718555,1.670,,
past260,싸지오,6d978b338ef9a295bd0430c1b5367853efe8d04e6d233bd35cf2fabdeb93fb0d,2026-07-18,262,29512718555,1.670,,
past260,싸지오,6d978b338ef9a295bd0430c1b5367853efe8d04e6d233bd35cf2fabdeb93fb0d,2026-07-19,262,29512718555,1.670,,
past260,싸지오,6d978b338ef9a295bd0430c1b5367853efe8d04e6d233bd35cf2fabdeb93fb0d,2026-07-20,262,29512718555,1.670,1925186,
past260,싸지오,6d978b338ef9a295bd0430c1b5367853efe8d04e6d233bd35cf2fabdeb93fb0d,2026-07-21,262,29512718555,1.670,,
past260,싸지오,6d978b338ef9a295bd0430c1b5367853efe8d04e6d233bd35cf2fabdeb93fb0d,2026-07-22,262,29512718555,1.670,,
past260,하얀12,f5f7368e707ac50d860ab63f2f062f3eefe8d04e6d233bd35cf2fabdeb93fb0d,2026-06-18,262,23928142212,1.354,2319728,
past260,하얀12,f5f7368e707ac50d860ab63f2f062f3eefe8d04e6d233bd35cf2fabdeb93fb0d,2026-06-19,262,23928142212,1.354,,
past260,하얀12,f5f7368e707ac50d860ab63f2f062f3eefe8d04e6d233bd35cf2fabdeb93fb0d,2026-06-20,262,23928142212,1.354,,
past260,하얀12,f5f7368e707ac50d860ab63f2f062f3eefe8d04e6d233bd35cf2fabdeb93fb0d,2026-06-21,262,23928142212,1.354,,
past260,하얀12,f5f7368e707ac50d860ab63f2f062f3eefe8d04e6d233bd35cf2fabdeb93fb0d,2026-06-22,262,23928142212,1.354,,
past260,하얀12,f5f7368e707ac50d860ab63f2f062f3eefe8d04e6d233bd35cf2fabdeb93fb0d,2026-06-23,262,23928142212,1.354,,
past260,하얀12,f5f7368e707ac50d860ab63f2f062f3eefe8d04e6d233bd35cf2fabdeb93fb0d,2026-06-24,262,23928142212,1.354,,
past260,하얀12,f5f7368e707ac50d860ab63f2f062f3eefe8d04e6d233bd35cf2fabdeb93fb0d,2026-06-25,262,23928142212,1.354,,
past260,하얀12,f5f7368e707ac50d860ab63f2f062f3eefe8d04e6d233bd35cf2fabdeb93fb0d,2026-06-26,262,23928142212,1.354,2319728,
past260,하얀12,f5f7368e707ac50d860ab63f2f062f3eefe8d04e6d233bd35cf2fabdeb93fb0d,2026-06-27,262,23928142212,1.354,,
past260,하얀12,f5f7368e707ac50d860ab63f2f062f3eefe8d04e6d233bd35cf2fabdeb93fb0d,2026-06-28,262,23928142212,1.354,,
past260,하얀12,f5f7368e707ac50d860ab63f2f062f3eefe8d04e6d233bd35cf2fabdeb93fb0d,2026-06-29,262,23928142212,1.354,,
past260,하얀12,f5f7368e707ac50d860ab63f2f062f3eefe8d04e6d233bd35cf2fabdeb93fb0d,2026-06-30,262,23928142212,1.354,,
past260,하얀12,f5f7368e707ac50d860ab63f2f062f3eefe8d04e6d233bd35cf2fabdeb93fb0d,2026-07-01,262,23928142212,1.354,,
past260,하얀12,f5f7368e707ac50d860ab63f2f062f3eefe8d04e6d233bd35cf2fabdeb93fb0d,2026-07-02,262,23928142212,1.354,,
past260,하얀12,f5f7368e707ac50d860ab63f2f062f3eefe8d04e6d233bd35cf2fabdeb93fb0d,2026-07-03,262,23928142212,1.354,,
past260,하얀12,f5f7368e707ac50d860ab63f2f062f3eefe8d04e6d233bd35cf2fabdeb93fb0d,2026-07-04,262,23928142212,1.354,2319728,
past260,하얀12,f5f7368e707ac50d860ab63f2f062f3eefe8d04e6d233bd35cf2fabdeb93fb0d,2026-07-05,262,23928142212,1.354,,
past260,하얀12,f5f7368e707ac50d860ab63f2f062f3eefe8d04e6d233bd35cf2fabdeb93fb0d,2026-07-06,262,23928142212,1.354,,
past260,하얀12,f5f7368e707ac50d860ab63f2f062f3eefe8d04e6d233bd35cf2fabdeb93fb0d,2026-07-07,262,23928142212,1.354,,
past260,하얀12,f5f7368e707ac50d860ab63f2f062f3eefe8d04e6d233bd35cf2fabdeb93fb0d,2026-07-08,262,23928142212,1.354,,
past260,하얀12,f5f7368e707ac50d860ab63f2f062f3eefe8d04e6d233bd35cf2fabdeb93fb0d,2026-07-09,262,23928142212,1.354,,
past260,하얀12,f5f7368e707ac50d860ab63f2f062f3eefe8d04e6d233bd35cf2fabdeb93fb0d,2026-07-10,262,23928142212,1.354,,
past260,하얀12,f5f7368e707ac50d860ab63f2f062f3eefe8d04e6d233bd35cf2fabdeb93fb0d,2026-07-11,262,23928142212,1.354,,
past260,하얀12,f5f7368e707ac50d860ab63f2f062f3eefe8d04e6d233bd35cf2fabdeb93fb0d,2026-07-12,262,23928142212,1.354,2319728,
past260,하얀12,f5f7368e707ac50d860ab63f2f062f3eefe8d04e6d233bd35cf2fabdeb93fb0d,2026-07-13,262,23928142212,1.354,,
past260,하얀12,f5f7368e707ac50d860ab63f2f062f3eefe8d04e6d233bd35cf2fabdeb93fb0d,2026-07-14,262,23928142212,1.354,,
past260,하얀12,f5f7368e707ac50d860ab63f2f062f3eefe8d04e6d233bd35cf2fabdeb93fb0d,2026-07-15,262,23928142212,1.354,,
past260,하얀12,f5f7368e707ac50d860ab63f2f062f3eefe8d04e6d233bd35cf2fabdeb93fb0d,2026-07-16,262,23928142212,1.354,,
past260,하얀12,f5f7368e707ac50d860ab63f2f062f3eefe8d04e6d233bd35cf2fabdeb93fb0d,2026-07-17,262,23928142212,1.354,,
past260,하얀12,f5f7368e707ac50d860ab63f2f062f3eefe8d04e6d233bd35cf2fabdeb93fb0d,2026-07-18,262,23928142212,1.354,,
past260,하얀12,f5f7368e707ac50d860ab63f2f062f3eefe8d04e6d233bd35cf2fabdeb93fb0d,2026-07-19,262,23928142212,1.354,,
past260,하얀12,f5f7368e707ac50d860ab63f2f062f3eefe8d04e6d233bd35cf2fabdeb93fb0d,2026-07-20,262,23928142212,1.354,2319728,
past260,하얀12,f5f7368e707ac50d860ab63f2f062f3eefe8d04e6d233bd35cf2fabdeb93fb0d,2026-07-21,262,23928142212,1.354,,
past260,하얀12,f5f7368e707ac50d860ab63f2f062f3eefe8d04e6d233bd35cf2fabdeb93fb0d,2026-07-22,262,23928142212,1.354,,
past260,윈브미맘,489e1713e76e675c5c092437c23e414fefe8d04e6d233bd35cf2fabdeb93fb0d,2026-06-18,262,35389581705,2.003,4526203,
past260,윈브미맘,489e1713e76e675c5c092437c23e414fefe8d04e6d233bd35cf2fabdeb93fb0d,2026-06-19,262,35389581705,2.003,,
past260,윈브미맘,489e1713e76e675c5c092437c23e414fefe8d04e6d233bd35cf2fabdeb93fb0d,2026-06-20,262,35389581705,2.003,,
past260,윈브미맘,489e1713e76e675c5c092437c23e414fefe8d04e6d233bd35cf2fabdeb93fb0d,2026-06-21,262,35389581705,2.003,,
past260,윈브미맘,489e1713e76e675c5c092437c23e414fefe8d04e6d233bd35cf2fabdeb93fb0d,2026-06-22,262,35389581705,2.003,,
past260,윈브미맘,489e1713e76e675c5c092437c23e414fefe8d04e6d233bd35cf2fabdeb93fb0d,2026-06-23,262,35389581705,2.003,,
past260,윈브미맘,489e1713e76e675c5c092437c23e414fefe8d04e6d233bd35cf2fabdeb93fb0d,2026-06-24,262,35389581705,2.003,,
past260,윈브미맘,489e1713e76e675c5c092437c23e414fefe8d04e6d233bd35cf2fabdeb93fb0d,2026-06-25,262,35389581705,2.003,,
past260,윈브미맘,489e1713e76e675c5c092437c23e414fefe8d04e6d233bd35cf2fabdeb93fb0d,2026-06-26,262,35389581705,2.003,4526203,
past260,윈브미맘,489e1713e76e675c5c092437c23e414fefe8d04e6d233bd35cf2fabdeb93fb0d,2026-06-27,262,35389581705,2.003,,
past260,윈브미맘,489e1713e76e675c5c092437c23e414fefe8d04e6d233bd35cf2fabdeb93fb0d,2026-06-28,262,35389581705,2.003,,
past260,윈브미맘,489e1713e76e675c5c092437c23e414fefe8d04e6d233bd35cf2fabdeb93fb0d,2026-06-29,262,35389581705,2.003,,
past260,윈브미맘,489e1713e76e675c5c092437c23e414fefe8d04e6d233bd35cf2fabdeb93fb0d,2026-06-30,262,35389581705,2.003,,
past260,윈브미맘,489e1713e76e675c5c092437c23e414fefe8d04e6d233bd35cf2fabdeb93fb0d,2026-07-01,262,35389581705,2.003,,
past260,윈브미맘,489e1713e76e675c5c092437c23e414fefe8d04e6d233bd35cf2fabdeb93fb0d,2026-07-02,262,35389581705,2.003,,
past260,윈브미맘,489e1713e76e675c5c092437c23e414fefe8d04e6d233bd35cf2fabdeb93fb0d,2026-07-03,262,35389581705,2.003,,
past260,윈브미맘,489e1713e76e675c5c092437c23e414fefe8d04e6d233bd35cf2fabdeb93fb0d,2026-07-04,262,35389581705,2.003,4526203,
past260,윈브미맘,489e1713e76e675c5c092437c23e414fefe8d04e6d233bd35cf2fabdeb93fb0d,2026-07-05,262,35389581705,2.003,,
past260,윈브미맘,489e1713e76e675c5c092437c23e414fefe8d04e6d233bd35cf2fabdeb93fb0d,2026-07-06,262,35389581705,2.003,,
past260,윈브미맘,489e1713e76e675c5c092437c23e414fefe8d04e6d233bd35cf2fabdeb93fb0d,2026-07-07,262,35389581705,2.003,,
past260,윈브미맘,489e1713e76e675c5c092437c23e414fefe8d04e6d233bd35cf2fabdeb93fb0d,2026-07-08,262,35389581705,2.003,,
past260,윈브미맘,489e1713e76e675c5c092437c23e414fefe8d04e6d233bd35cf2fabdeb93fb0d,2026-07-09,262,35389581705,2.003,,
past260,윈브미맘,489e1713e76e675c5c092437c23e414fefe8d04e6d233bd35cf2fabdeb93fb0d,2026-07-10,262,35389581705,2.003,,
past260,윈브미맘,489e1713e76e675c5c092437c23e414fefe8d04e6d233bd35cf2fabdeb93fb0d,2026-07-11,262,35389581705,2.003,,
past260,윈브미맘,489e1713e76e675c5c092437c23e414fefe8d04e6d233bd35cf2fabdeb93fb0d,2026-07-12,262,35389581705,2.003,4526203,
past260,윈브미맘,489e1713e76e675c5c092437c23e414fefe8d04e6d233bd35cf2fabdeb93fb0d,2026-07-13,262,35389581705,2.003,,
past260,윈브미맘,489e1713e76e675c5c092437c23e414fefe8d04e6d233bd35cf2fabdeb93fb0d,2026-07-14,262,35389581705,2.003,,
past260,윈브미맘,489e1713e76e675c5c092437c23e414fefe8d04e6d233bd35cf2fabdeb93fb0d,2026-07-15,262,35389581705,2.003,,
past260,윈브미맘,489e1713e76e675c5c092437c23e414fefe8d04e6d233bd35cf2fabdeb93fb0d,2026-07-16,262,35389581705,2.003,,
past260,윈브미맘,489e1713e76e675c5c092437c23e414fefe8d04e6d233bd35cf2fabdeb93fb0d,2026-07-17,262,35389581705,2.003,,
past260,윈브미맘,489e1713e76e675c5c092437c23e414fefe8d04e6d233bd35cf2fabdeb93fb0d,2026-07-18,262,35389581705,2.003,,
past260,윈브미맘,489e1713e76e675c5c092437c23e414fefe8d04e6d233bd35cf2fabdeb93fb0d,2026-07-19,262,35389581705,2.003,,
past260,윈브미맘,489e1713e76e675c5c092437c23e414fefe8d04e6d233bd35cf2fabdeb93fb0d,2026-07-20,262,35389581705,2.003,4526203,
past260,윈브미맘,489e1713e76e675c5c092437c23e414fefe8d04e6d233bd35cf2fabdeb93fb0d,2026-07-21,262,35389581705,2.003,,
past260,윈브미맘,489e1713e76e675c5c092437c23e414fefe8d04e6d233bd35cf2fabdeb93fb0d,2026-07-22,262,35389581705,2.003,,
past260,매그리피스,403b392936baebfceb326c3feb0d7859,2026-06-18,262,24398083775,1.381,3882635,
past260,매그리피스,403b392936baebfceb326c3feb0d7859,2026-06-19,262,24398083775,1.381,,
past260,매그리피스,403b392936baebfceb326c3feb0d7859,2026-06-20,262,24398083775,1.381,,
past260,매그리피스,403b392936baebfceb326c3feb0d7859,2026-06-21,262,24398083775,1.381,,
past260,매그리피스,403b392936baebfceb326c3feb0d7859,2026-06-22,262,24398083775,1.381,,
past260,매그리피스,403b392936baebfceb326c3feb0d7859,2026-06-23,262,24398083775,1.381,,
past260,매그리피스,403b392936baebfceb326c3feb0d7859,2026-06-24,262,24398083775,1.381,,
past260,매그리피스,403b392936baebfceb326c3feb0d7859,2026-06-25,262,24398083775,1.381,,
past260,매그리피스,403b392936baebfceb326c3feb0d7859,2026-06-26,262,24398083775,1.381,3882635,
past260,매그리피스,403b392936baebfceb326c3feb0d7859,2026-06-27,262,24398083775,1.381,,
past260,매그리피스,403b392936baebfceb326c3feb0d7859,2026-06-28,262,24398083775,1.381,,
past260,매그리피스,403b392936baebfceb326c3feb0d7859,2026-06-29,262,24398083775,1.381,,
past260,매그리피스,403b392936baebfceb326c3feb0d7859,2026-06-30,262,24398083775,1.381,,
past260,매그리피스,403b392936baebfceb326c3feb0d7859,2026-07-01,262,24398083775,1.381,,
past260,매그리피스,403b392936baebfceb326c3feb0d7859,2026-07-02,262,24398083775,1.381,,
past260,매그리피스,403b392936baebfceb326c3feb0d7859,2026-07-03,262,24398083775,1.381,,
past260,매그리피스,403b392936baebfceb326c3feb0d7859,2026-07-04,262,24398083775,1.381,3882635,
past260,매그리피스,403b392936baebfceb326c3feb0d7859,2026-07-05,262,24398083775,1.381,,
past260,매그리피스,403b392936baebfceb326c3feb0d7859,2026-07-06,262,24398083775,1.381,,
past260,매그리피스,403b392936baebfceb326c3feb0d7859,2026-07-07,262,24398083775,1.381,,
past260,매그리피스,403b392936baebfceb326c3feb0d7859,2026-07-08,262,24398083775,1.381,,
past260,매그리피스,403b392936baebfceb326c3feb0d7859,2026-07-09,262,24398083775,1.381,,
past260,매그리피스,403b392936baebfceb326c3feb0d7859,2026-07-10,262,24398083775,1.381,,
past260,매그리피스,403b392936baebfceb326c3feb0d7859,2026-07-11,262,24398083775,1.381,,
past260,매그리피스,403b392936baebfceb326c3feb0d7859,2026-07-12,262,24398083775,1.381,3882635,
past260,매그리피스,403b392936baebfceb326c3feb0d7859,2026-07-13,262,24398083775,1.381,,
past260,매그리피스,403b392936baebfceb326c3feb0d7859,2026-07-14,262,24398083775,1.381,,
past260,매그리피스,403b392936baebfceb326c3feb0d7859,2026-07-15,262,24398083775,1.381,,
past260,매그리피스,403b392936baebfceb326c3feb0d7859,2026-07-16,262,24398083775,1.381,,
past260,매그리피스,403b392936baebfceb326c3feb0d7859,2026-07-17,262,24398083775,1.381,,
past260,매그리피스,403b392936baebfceb326c3feb0d7859,2026-07-18,262,24398083775,1.381,,
past260,매그리피스,403b392936baebfceb326c3feb0d7859,2026-07-19,262,24398083775,1.381,,
past260,매그리피스,403b392936baebfceb326c3feb0d7859,2026-07-20,262,24398083775,1.381,3882635,
past260,매그리피스,403b392936baebfceb326c3feb0d7859,2026-07-21,262,24398083775,1.381,,
past260,매그리피스,403b392936baebfceb326c3feb0d7859,2026-07-22,262,24398083775,1.381,,
past260,얼쏘일리움,e55cd7ef4a443589d3cc2f343e1d38f3efe8d04e6d233bd35cf2fabdeb93fb0d,2026-06-18,262,18593493505,1.052,0,
past260,얼쏘일리움,e55cd7ef4a443589d3cc2f343e1d38f3efe8d04e6d233bd35cf2fabdeb93fb0d,2026-06-19,262,18593493505,1.052,,
past260,얼쏘일리움,e55cd7ef4a443589d3cc2f343e1d38f3efe8d04e6d233bd35cf2fabdeb93fb0d,2026-06-20,262,18593493505,1.052,,
past260,얼쏘일리움,e55cd7ef4a443589d3cc2f343e1d38f3efe8d04e6d233bd35cf2fabdeb93fb0d,2026-06-21,262,18593493505,1.052,,
past260,얼쏘일리움,e55cd7ef4a443589d3cc2f343e1d38f3efe8d04e6d233bd35cf2fabdeb93fb0d,2026-06-22,262,18593493505,1.052,,
past260,얼쏘일리움,e55cd7ef4a443589d3cc2f343e1d38f3efe8d04e6d233bd35cf2fabdeb93fb0d,2026-06-23,262,18593493505,1.052,,
past260,얼쏘일리움,e55cd7ef4a443589d3cc2f343e1d38f3efe8d04e6d233bd35cf2fabdeb93fb0d,2026-06-24,262,18593493505,1.052,,
past260,얼쏘일리움,e55cd7ef4a443589d3cc2f343e1d38f3efe8d04e6d233bd35cf2fabdeb93fb0d,2026-06-25,262,18593493505,1.052,,
past260,얼쏘일리움,e55cd7ef4a443589d3cc2f343e1d38f3efe8d04e6d233bd35cf2fabdeb93fb0d,2026-06-26,262,18593493505,1.052,0,
past260,얼쏘일리움,e55cd7ef4a443589d3cc2f343e1d38f3efe8d04e6d233bd35cf2fabdeb93fb0d,2026-06-27,262,18593493505,1.052,,
past260,얼쏘일리움,e55cd7ef4a443589d3cc2f343e1d38f3efe8d04e6d233bd35cf2fabdeb93fb0d,2026-06-28,262,18593493505,1.052,,
past260,얼쏘일리움,e55cd7ef4a443589d3cc2f343e1d38f3efe8d04e6d233bd35cf2fabdeb93fb0d,2026-06-29,262,18593493505,1.052,,
past260,얼쏘일리움,e55cd7ef4a443589d3cc2f343e1d38f3efe8d04e6d233bd35cf2fabdeb93fb0d,2026-06-30,262,18593493505,1.052,,
past260,얼쏘일리움,e55cd7ef4a443589d3cc2f343e1d38f3efe8d04e6d233bd35cf2fabdeb93fb0d,2026-07-01,262,18593493505,1.052,,
past260,얼쏘일리움,e55cd7ef4a443589d3cc2f343e1d38f3efe8d04e6d233bd35cf2fabdeb93fb0d,2026-07-02,262,18593493505,1.052,,
past260,얼쏘일리움,e55cd7ef4a443589d3cc2f343e1d38f3efe8d04e6d233bd35cf2fabdeb93fb0d,2026-07-03,262,18593493505,1.052,,
past260,얼쏘일리움,e55cd7ef4a443589d3cc2f343e1d38f3efe8d04e6d233bd35cf2fabdeb93fb0d,2026-07-04,262,18593493505,1.052,0,
past260,얼쏘일리움,e55cd7ef4a443589d3cc2f343e1d38f3efe8d04e6d233bd35cf2fabdeb93fb0d,2026-07-05,262,18593493505,1.052,,
past260,얼쏘일리움,e55cd7ef4a443589d3cc2f343e1d38f3efe8d04e6d233bd35cf2fabdeb93fb0d,2026-07-06,262,18593493505,1.052,,
past260,얼쏘일리움,e55cd7ef4a443589d3cc2f343e1d38f3efe8d04e6d233bd35cf2fabdeb93fb0d,2026-07-07,262,18593493505,1.052,,
past260,얼쏘일리움,e55cd7ef4a443589d3cc2f343e1d38f3efe8d04e6d233bd35cf2fabdeb93fb0d,2026-07-08,262,18593493505,1.052,,
past260,얼쏘일리움,e55cd7ef4a443589d3cc2f343e1d38f3efe8d04e6d233bd35cf2fabdeb93fb0d,2026-07-09,262,18593493505,1.052,,
past260,얼쏘일리움,e55cd7ef4a443589d3cc2f343e1d38f3efe8d04e6d233bd35cf2fabdeb93fb0d,2026-07-10,262,18593493505,1.052,,
past260,얼쏘일리움,e55cd7ef4a443589d3cc2f343e1d38f3efe8d04e6d233bd35cf2fabdeb93fb0d,2026-07-11,262,18593493505,1.052,,
past260,얼쏘일리움,e55cd7ef4a443589d3cc2f343e1d38f3efe8d04e6d233bd35cf2fabdeb93fb0d,2026-07-12,262,18593493505,1.052,0,
past260,얼쏘일리움,e55cd7ef4a443589d3cc2f343e1d38f3efe8d04e6d233bd35cf2fabdeb93fb0d,2026-07-13,262,18593493505,1.052,,
past260,얼쏘일리움,e55cd7ef4a443589d3cc2f343e1d38f3efe8d04e6d233bd35cf2fabdeb93fb0d,2026-07-14,262,18593493505,1.052,,
past260,얼쏘일리움,e55cd7ef4a443589d3cc2f343e1d38f3efe8d04e6d233bd35cf2fabdeb93fb0d,2026-07-15,262,18593493505,1.052,,
past260,얼쏘일리움,e55cd7ef4a443589d3cc2f343e1d38f3efe8d04e6d233bd35cf2fabdeb93fb0d,2026-07-16,262,18593493505,1.052,,
past260,얼쏘일리움,e55cd7ef4a443589d3cc2f343e1d38f3efe8d04e6d233bd35cf2fabdeb93fb0d,2026-07-17,262,18593493505,1.052,,
past260,얼쏘일리움,e55cd7ef4a443589d3cc2f343e1d38f3efe8d04e6d233bd35cf2fabdeb93fb0d,2026-07-18,262,18593493505,1.052,,
past260,얼쏘일리움,e55cd7ef4a443589d3cc2f343e1d38f3efe8d04e6d233bd35cf2fabdeb93fb0d,2026-07-19,262,18593493505,1.052,,
past260,얼쏘일리움,e55cd7ef4a443589d3cc2f343e1d38f3efe8d04e6d233bd35cf2fabdeb93fb0d,2026-07-20,262,18593493505,1.052,0,
past260,얼쏘일리움,e55cd7ef4a443589d3cc2f343e1d38f3efe8d04e6d233bd35cf2fabdeb93fb0d,2026-07-21,262,18593493505,1.052,,
past260,얼쏘일리움,e55cd7ef4a443589d3cc2f343e1d38f3efe8d04e6d233bd35cf2fabdeb93fb0d,2026-07-22,262,18593493505,1.052,,
past260,중쿡우한박쥐,31d4a79f763d231d9fdefa04ada40ed9efe8d04e6d233bd35cf2fabdeb93fb0d,2026-06-18,262,27093684080,1.534,0,
past260,중쿡우한박쥐,31d4a79f763d231d9fdefa04ada40ed9efe8d04e6d233bd35cf2fabdeb93fb0d,2026-06-19,262,27093684080,1.534,,
past260,중쿡우한박쥐,31d4a79f763d231d9fdefa04ada40ed9efe8d04e6d233bd35cf2fabdeb93fb0d,2026-06-20,262,27093684080,1.534,,
past260,중쿡우한박쥐,31d4a79f763d231d9fdefa04ada40ed9efe8d04e6d233bd35cf2fabdeb93fb0d,2026-06-21,262,27093684080,1.534,,
past260,중쿡우한박쥐,31d4a79f763d231d9fdefa04ada40ed9efe8d04e6d233bd35cf2fabdeb93fb0d,2026-06-22,262,27093684080,1.534,,
past260,중쿡우한박쥐,31d4a79f763d231d9fdefa04ada40ed9efe8d04e6d233bd35cf2fabdeb93fb0d,2026-06-23,262,27093684080,1.534,,
past260,중쿡우한박쥐,31d4a79f763d231d9fdefa04ada40ed9efe8d04e6d233bd35cf2fabdeb93fb0d,2026-06-24,262,27093684080,1.534,,
past260,중쿡우한박쥐,31d4a79f763d231d9fdefa04ada40ed9efe8d04e6d233bd35cf2fabdeb93fb0d,2026-06-25,262,27093684080,1.534,,
past260,중쿡우한박쥐,31d4a79f763d231d9fdefa04ada40ed9efe8d04e6d233bd35cf2fabdeb93fb0d,2026-06-26,262,27093684080,1.534,0,
past260,중쿡우한박쥐,31d4a79f763d231d9fdefa04ada40ed9efe8d04e6d233bd35cf2fabdeb93fb0d,2026-06-27,262,27093684080,1.534,,
past260,중쿡우한박쥐,31d4a79f763d231d9fdefa04ada40ed9efe8d04e6d233bd35cf2fabdeb93fb0d,2026-06-28,262,27093684080,1.534,,
past260,중쿡우한박쥐,31d4a79f763d231d9fdefa04ada40ed9efe8d04e6d233bd35cf2fabdeb93fb0d,2026-06-29,262,27093684080,1.534,,
past260,중쿡우한박쥐,31d4a79f763d231d9fdefa04ada40ed9efe8d04e6d233bd35cf2fabdeb93fb0d,2026-06-30,262,27093684080,1.534,,
past260,중쿡우한박쥐,31d4a79f763d231d9fdefa04ada40ed9efe8d04e6d233bd35cf2fabdeb93fb0d,2026-07-01,262,27093684080,1.534,,
past260,중쿡우한박쥐,31d4a79f763d231d9fdefa04ada40ed9efe8d04e6d233bd35cf2fabdeb93fb0d,2026-07-02,262,27093684080,1.534,,
past260,중쿡우한박쥐,31d4a79f763d231d9fdefa04ada40ed9efe8d04e6d233bd35cf2fabdeb93fb0d,2026-07-03,262,27093684080,1.534,,
past260,중쿡우한박쥐,31d4a79f763d231d9fdefa04ada40ed9efe8d04e6d233bd35cf2fabdeb93fb0d,2026-07-04,262,27093684080,1.534,0,
past260,중쿡우한박쥐,31d4a79f763d231d9fdefa04ada40ed9efe8d04e6d233bd35cf2fabdeb93fb0d,2026-07-05,262,27093684080,1.534,,
past260,중쿡우한박쥐,31d4a79f763d231d9fdefa04ada40ed9efe8d04e6d233bd35cf2fabdeb93fb0d,2026-07-06,262,27093684080,1.534,,
past260,중쿡우한박쥐,31d4a79f763d231d9fdefa04ada40ed9efe8d04e6d233bd35cf2fabdeb93fb0d,2026-07-07,262,27093684080,1.534,,
past260,중쿡우한박쥐,31d4a79f763d231d9fdefa04ada40ed9efe8d04e6d233bd35cf2fabdeb93fb0d,2026-07-08,262,27093684080,1.534,,
past260,중쿡우한박쥐,31d4a79f763d231d9fdefa04ada40ed9efe8d04e6d233bd35cf2fabdeb93fb0d,2026-07-09,262,27093684080,1.534,,
past260,중쿡우한박쥐,31d4a79f763d231d9fdefa04ada40ed9efe8d04e6d233bd35cf2fabdeb93fb0d,2026-07-10,262,27093684080,1.534,,
past260,중쿡우한박쥐,31d4a79f763d231d9fdefa04ada40ed9efe8d04e6d233bd35cf2fabdeb93fb0d,2026-07-11,262,27093684080,1.534,,
past260,중쿡우한박쥐,31d4a79f763d231d9fdefa04ada40ed9efe8d04e6d233bd35cf2fabdeb93fb0d,2026-07-12,262,27093684080,1.534,0,
past260,중쿡우한박쥐,31d4a79f763d231d9fdefa04ada40ed9efe8d04e6d233bd35cf2fabdeb93fb0d,2026-07-13,262,27093684080,1.534,,
past260,중쿡우한박쥐,31d4a79f763d231d9fdefa04ada40ed9efe8d04e6d233bd35cf2fabdeb93fb0d,2026-07-14,262,27093684080,1.534,,
past260,중쿡우한박쥐,31d4a79f763d231d9fdefa04ada40ed9efe8d04e6d233bd35cf2fabdeb93fb0d,2026-07-15,262,27093684080,1.534,,
past260,중쿡우한박쥐,31d4a79f763d231d9fdefa04ada40ed9efe8d04e6d233bd35cf2fabdeb93fb0d,2026-07-16,262,27093684080,1.534,,
past260,중쿡우한박쥐,31d4a79f763d231d9fdefa04ada40ed9efe8d04e6d233bd35cf2fabdeb93fb0d,2026-07-17,262,27093684080,1.534,,
past260,중쿡우한박쥐,31d4a79f763d231d9fdefa04ada40ed9efe8d04e6d233bd35cf2fabdeb93fb0d,2026-07-18,262,27093684080,1.534,,
past260,중쿡우한박쥐,31d4a79f763d231d9fdefa04ada40ed9efe8d04e6d233bd35cf2fabdeb93fb0d,2026-07-19,262,27093684080,1.534,,
past260,중쿡우한박쥐,31d4a79f763d231d9fdefa04ada40ed9efe8d04e6d233bd35cf2fabdeb93fb0d,2026-07-20,262,27093684080,1.534,0,
past260,중쿡우한박쥐,31d4a79f763d231d9fdefa04ada40ed9efe8d04e6d233bd35cf2fabdeb93fb0d,2026-07-21,262,27093684080,1.534,,
past260,중쿡우한박쥐,31d4a79f763d231d9fdefa04ada40ed9efe8d04e6d233bd35cf2fabdeb93fb0d,2026-07-22,262,27093684080,1.534,,
past260,호떡에는아아,1e1e6d380cf3e0eefc585fde71531fc7efe8d04e6d233bd35cf2fabdeb93fb0d,2026-06-18,262,42090241627,2.382,7236042,
past260,호떡에는아아,1e1e6d380cf3e0eefc585fde71531fc7efe8d04e6d233bd35cf2fabdeb93fb0d,2026-06-19,262,42090241627,2.382,,
past260,호떡에는아아,1e1e6d380cf3e0eefc585fde71531fc7efe8d04e6d233bd35cf2fabdeb93fb0d,2026-06-20,262,42090241627,2.382,,
past260,호떡에는아아,1e1e6d380cf3e0eefc585fde71531fc7efe8d04e6d233bd35cf2fabdeb93fb0d,2026-06-21,262,42090241627,2.382,,
past260,호떡에는아아,1e1e6d380cf3e0eefc585fde71531fc7efe8d04e6d233bd35cf2fabdeb93fb0d,2026-06-22,262,42090241627,2.382,,
past260,호떡에는아아,1e1e6d380cf3e0eefc585fde71531fc7efe8d04e6d233bd35cf2fabdeb93fb0d,2026-06-23,262,42090241627,2.382,,
past260,호떡에는아아,1e1e6d380cf3e0eefc585fde71531fc7efe8d04e6d233bd35cf2fabdeb93fb0d,2026-06-24,262,42090241627,2.382,,
past260,호떡에는아아,1e1e6d380cf3e0eefc585fde71531fc7efe8d04e6d233bd35cf2fabdeb93fb0d,2026-06-25,262,42090241627,2.382,,
past260,호떡에는아아,1e1e6d380cf3e0eefc585fde71531fc7efe8d04e6d233bd35cf2fabdeb93fb0d,2026-06-26,262,42090241627,2.382,7236042,
past260,호떡에는아아,1e1e6d380cf3e0eefc585fde71531fc7efe8d04e6d233bd35cf2fabdeb93fb0d,2026-06-27,262,42090241627,2.382,,
past260,호떡에는아아,1e1e6d380cf3e0eefc585fde71531fc7efe8d04e6d233bd35cf2fabdeb93fb0d,2026-06-28,262,42090241627,2.382,,
past260,호떡에는아아,1e1e6d380cf3e0eefc585fde71531fc7efe8d04e6d233bd35cf2fabdeb93fb0d,2026-06-29,262,42090241627,2.382,,
past260,호떡에는아아,1e1e6d380cf3e0eefc585fde71531fc7efe8d04e6d233bd35cf2fabdeb93fb0d,2026-06-30,262,42090241627,2.382,,
past260,호떡에는아아,1e1e6d380cf3e0eefc585fde71531fc7efe8d04e6d233bd35cf2fabdeb93fb0d,2026-07-01,262,42090241627,2.382,,
past260,호떡에는아아,1e1e6d380cf3e0eefc585fde71531fc7efe8d04e6d233bd35cf2fabdeb93fb0d,2026-07-02,262,42090241627,2.382,,
past260,호떡에는아아,1e1e6d380cf3e0eefc585fde71531fc7efe8d04e6d233bd35cf2fabdeb93fb0d,2026-07-03,262,42090241627,2.382,,
past260,호떡에는아아,1e1e6d380cf3e0eefc585fde71531fc7efe8d04e6d233bd35cf2fabdeb93fb0d,2026-07-04,262,42090241627,2.382,7236042,
past260,호떡에는아아,1e1e6d380cf3e0eefc585fde71531fc7efe8d04e6d233bd35cf2fabdeb93fb0d,2026-07-05,262,42090241627,2.382,,
past260,호떡에는아아,1e1e6d380cf3e0eefc585fde71531fc7efe8d04e6d233bd35cf2fabdeb93fb0d,2026-07-06,262,42090241627,2.382,,
past260,호떡에는아아,1e1e6d380cf3e0eefc585fde71531fc7efe8d04e6d233bd35cf2fabdeb93fb0d,2026-07-07,262,42090241627,2.382,,
past260,호떡에는아아,1e1e6d380cf3e0eefc585fde71531fc7efe8d04e6d233bd35cf2fabdeb93fb0d,2026-07-08,262,42090241627,2.382,,
past260,호떡에는아아,1e1e6d380cf3e0eefc585fde71531fc7efe8d04e6d233bd35cf2fabdeb93fb0d,2026-07-09,262,42090241627,2.382,,
past260,호떡에는아아,1e1e6d380cf3e0eefc585fde71531fc7efe8d04e6d233bd35cf2fabdeb93fb0d,2026-07-10,262,42090241627,2.382,,
past260,호떡에는아아,1e1e6d380cf3e0eefc585fde71531fc7efe8d04e6d233bd35cf2fabdeb93fb0d,2026-07-11,262,42090241627,2.382,,
past260,호떡에는아아,1e1e6d380cf3e0eefc585fde71531fc7efe8d04e6d233bd35cf2fabdeb93fb0d,2026-07-12,262,42090241627,2.382,7236042,
past260,호떡에는아아,1e1e6d380cf3e0eefc585fde71531fc7efe8d04e6d233bd35cf2fabdeb93fb0d,2026-07-13,262,42090241627,2.382,,
past260,호떡에는아아,1e1e6d380cf3e0eefc585fde71531fc7efe8d04e6d233bd35cf2fabdeb93fb0d,2026-07-14,262,42090241627,2.382,,
past260,호떡에는아아,1e1e6d380cf3e0eefc585fde71531fc7efe8d04e6d233bd35cf2fabdeb93fb0d,2026-07-15,262,42090241627,2.382,,
past260,호떡에는아아,1e1e6d380cf3e0eefc585fde71531fc7efe8d04e6d233bd35cf2fabdeb93fb0d,2026-07-16,262,42090241627,2.382,,
past260,호떡에는아아,1e1e6d380cf3e0eefc585fde71531fc7efe8d04e6d233bd35cf2fabdeb93fb0d,2026-07-17,262,42090241627,2.382,,
past260,호떡에는아아,1e1e6d380cf3e0eefc585fde71531fc7efe8d04e6d233bd35cf2fabdeb93fb0d,2026-07-18,262,42090241627,2.382,,
past260,호떡에는아아,1e1e6d380cf3e0eefc585fde71531fc7efe8d04e6d233bd35cf2fabdeb93fb0d,2026-07-19,262,42090241627,2.382,,
past260,호떡에는아아,1e1e6d380cf3e0eefc585fde71531fc7efe8d04e6d233bd35cf2fabdeb93fb0d,2026-07-20,262,42090241627,2.382,7236042,
past260,호떡에는아아,1e1e6d380cf3e0eefc585fde71531fc7efe8d04e6d233bd35cf2fabdeb93fb0d,2026-07-21,262,42090241627,2.382,,
past260,호떡에는아아,1e1e6d380cf3e0eefc585fde71531fc7efe8d04e6d233bd35cf2fabdeb93fb0d,2026-07-22,262,42090241627,2.382,,
past260,북원중섬광탄,e6edaa2feef4e15d350902d139b4d601,2026-06-18,262,24868292111,1.408,314395,
past260,북원중섬광탄,e6edaa2feef4e15d350902d139b4d601,2026-06-19,262,24868292111,1.408,,
past260,북원중섬광탄,e6edaa2feef4e15d350902d139b4d601,2026-06-20,262,24868292111,1.408,,
past260,북원중섬광탄,e6edaa2feef4e15d350902d139b4d601,2026-06-21,262,24868292111,1.408,,
past260,북원중섬광탄,e6edaa2feef4e15d350902d139b4d601,2026-06-22,262,24868292111,1.408,,
past260,북원중섬광탄,e6edaa2feef4e15d350902d139b4d601,2026-06-23,262,24868292111,1.408,,
past260,북원중섬광탄,e6edaa2feef4e15d350902d139b4d601,2026-06-24,262,24868292111,1.408,,
past260,북원중섬광탄,e6edaa2feef4e15d350902d139b4d601,2026-06-25,262,24868292111,1.408,,
past260,북원중섬광탄,e6edaa2feef4e15d350902d139b4d601,2026-06-26,262,24868292111,1.408,314395,
past260,북원중섬광탄,e6edaa2feef4e15d350902d139b4d601,2026-06-27,262,24868292111,1.408,,
past260,북원중섬광탄,e6edaa2feef4e15d350902d139b4d601,2026-06-28,262,24868292111,1.408,,
past260,북원중섬광탄,e6edaa2feef4e15d350902d139b4d601,2026-06-29,262,24868292111,1.408,,
past260,북원중섬광탄,e6edaa2feef4e15d350902d139b4d601,2026-06-30,262,24868292111,1.408,,
past260,북원중섬광탄,e6edaa2feef4e15d350902d139b4d601,2026-07-01,262,24868292111,1.408,,
past260,북원중섬광탄,e6edaa2feef4e15d350902d139b4d601,2026-07-02,262,24868292111,1.408,,
past260,북원중섬광탄,e6edaa2feef4e15d350902d139b4d601,2026-07-03,262,24868292111,1.408,,
past260,북원중섬광탄,e6edaa2feef4e15d350902d139b4d601,2026-07-04,262,24868292111,1.408,314395,
past260,북원중섬광탄,e6edaa2feef4e15d350902d139b4d601,2026-07-05,262,24868292111,1.408,,
past260,북원중섬광탄,e6edaa2feef4e15d350902d139b4d601,2026-07-06,262,24868292111,1.408,,
past260,북원중섬광탄,e6edaa2feef4e15d350902d139b4d601,2026-07-07,262,24868292111,1.408,,
past260,북원중섬광탄,e6edaa2feef4e15d350902d139b4d601,2026-07-08,262,24868292111,1.408,,
past260,북원중섬광탄,e6edaa2feef4e15d350902d139b4d601,2026-07-09,262,24868292111,1.408,,
past260,북원중섬광탄,e6edaa2feef4e15d350902d139b4d601,2026-07-10,262,24868292111,1.408,,
past260,북원중섬광탄,e6edaa2feef4e15d350902d139b4d601,2026-07-11,262,24868292111,1.408,,
past260,북원중섬광탄,e6edaa2feef4e15d350902d139b4d601,2026-07-12,262,24868292111,1.408,314395,
past260,북원중섬광탄,e6edaa2feef4e15d350902d139b4d601,2026-07-13,262,24868292111,1.408,,
past260,북원중섬광탄,e6edaa2feef4e15d350902d139b4d601,2026-07-14,262,24868292111,1.408,,
past260,북원중섬광탄,e6edaa2feef4e15d350902d139b4d601,2026-07-15,262,24868292111,1.408,,
past260,북원중섬광탄,e6edaa2feef4e15d350902d139b4d601,2026-07-16,262,24868292111,1.408,,
past260,북원중섬광탄,e6edaa2feef4e15d350902d139b4d601,2026-07-17,262,24868292111,1.408,,
past260,북원중섬광탄,e6edaa2feef4e15d350902d139b4d601,2026-07-18,262,24868292111,1.408,,
past260,북원중섬광탄,e6edaa2feef4e15d350902d139b4d601,2026-07-19,262,24868292111,1.408,,
past260,북원중섬광탄,e6edaa2feef4e15d350902d139b4d601,2026-07-20,262,24868292111,1.408,314395,
past260,북원중섬광탄,e6edaa2feef4e15d350902d139b4d601,2026-07-21,262,24868292111,1.408,,
past260,북원중섬광탄,e6edaa2feef4e15d350902d139b4d601,2026-07-22,262,24868292111,1.408,,
past260,갈아타,aec5596821494d9635f9d755b7e077c8fd842dab14be2a956555625b37c97bff,2026-06-18,262,23577846779,1.335,479539,
past260,갈아타,aec5596821494d9635f9d755b7e077c8fd842dab14be2a956555625b37c97bff,2026-06-19,262,23577846779,1.335,,
past260,갈아타,aec5596821494d9635f9d755b7e077c8fd842dab14be2a956555625b37c97bff,2026-06-20,262,23577846779,1.335,,
past260,갈아타,aec5596821494d9635f9d755b7e077c8fd842dab14be2a956555625b37c97bff,2026-06-21,262,23577846779,1.335,,
past260,갈아타,aec5596821494d9635f9d755b7e077c8fd842dab14be2a956555625b37c97bff,2026-06-22,262,23577846779,1.335,,
past260,갈아타,aec5596821494d9635f9d755b7e077c8fd842dab14be2a956555625b37c97bff,2026-06-23,262,23577846779,1.335,,
past260,갈아타,aec5596821494d9635f9d755b7e077c8fd842dab14be2a956555625b37c97bff,2026-06-24,262,23577846779,1.335,,
past260,갈아타,aec5596821494d9635f9d755b7e077c8fd842dab14be2a956555625b37c97bff,2026-06-25,262,23577846779,1.335,,
past260,갈아타,aec5596821494d9635f9d755b7e077c8fd842dab14be2a956555625b37c97bff,2026-06-26,262,23577846779,1.335,412856,
past260,갈아타,aec5596821494d9635f9d755b7e077c8fd842dab14be2a956555625b37c97bff,2026-06-27,262,23577846779,1.335,,
past260,갈아타,aec5596821494d9635f9d755b7e077c8fd842dab14be2a956555625b37c97bff,2026-06-28,262,23577846779,1.335,,
past260,갈아타,aec5596821494d9635f9d755b7e077c8fd842dab14be2a956555625b37c97bff,2026-06-29,262,23577846779,1.335,,
past260,갈아타,aec5596821494d9635f9d755b7e077c8fd842dab14be2a956555625b37c97bff,2026-06-30,262,23577846779,1.335,,
past260,갈아타,aec5596821494d9635f9d755b7e077c8fd842dab14be2a956555625b37c97bff,2026-07-01,262,23577846779,1.335,,
past260,갈아타,aec5596821494d9635f9d755b7e077c8fd842dab14be2a956555625b37c97bff,2026-07-02,262,23577846779,1.335,,
past260,갈아타,aec5596821494d9635f9d755b7e077c8fd842dab14be2a956555625b37c97bff,2026-07-03,262,23577846779,1.335,,
past260,갈아타,aec5596821494d9635f9d755b7e077c8fd842dab14be2a956555625b37c97bff,2026-07-04,262,23577846779,1.335,412856,
past260,갈아타,aec5596821494d9635f9d755b7e077c8fd842dab14be2a956555625b37c97bff,2026-07-05,262,23577846779,1.335,,
past260,갈아타,aec5596821494d9635f9d755b7e077c8fd842dab14be2a956555625b37c97bff,2026-07-06,262,23577846779,1.335,,
past260,갈아타,aec5596821494d9635f9d755b7e077c8fd842dab14be2a956555625b37c97bff,2026-07-07,262,23577846779,1.335,,
past260,갈아타,aec5596821494d9635f9d755b7e077c8fd842dab14be2a956555625b37c97bff,2026-07-08,262,23577846779,1.335,,
past260,갈아타,aec5596821494d9635f9d755b7e077c8fd842dab14be2a956555625b37c97bff,2026-07-09,262,23577846779,1.335,,
past260,갈아타,aec5596821494d9635f9d755b7e077c8fd842dab14be2a956555625b37c97bff,2026-07-10,262,23577846779,1.335,,
past260,갈아타,aec5596821494d9635f9d755b7e077c8fd842dab14be2a956555625b37c97bff,2026-07-11,262,23577846779,1.335,,
past260,갈아타,aec5596821494d9635f9d755b7e077c8fd842dab14be2a956555625b37c97bff,2026-07-12,262,23577846779,1.335,412856,
past260,갈아타,aec5596821494d9635f9d755b7e077c8fd842dab14be2a956555625b37c97bff,2026-07-13,262,23577846779,1.335,,
past260,갈아타,aec5596821494d9635f9d755b7e077c8fd842dab14be2a956555625b37c97bff,2026-07-14,262,23577846779,1.335,,
past260,갈아타,aec5596821494d9635f9d755b7e077c8fd842dab14be2a956555625b37c97bff,2026-07-15,262,23577846779,1.335,,
past260,갈아타,aec5596821494d9635f9d755b7e077c8fd842dab14be2a956555625b37c97bff,2026-07-16,262,23577846779,1.335,,
past260,갈아타,aec5596821494d9635f9d755b7e077c8fd842dab14be2a956555625b37c97bff,2026-07-17,262,23577846779,1.335,,
past260,갈아타,aec5596821494d9635f9d755b7e077c8fd842dab14be2a956555625b37c97bff,2026-07-18,262,23577846779,1.335,,
past260,갈아타,aec5596821494d9635f9d755b7e077c8fd842dab14be2a956555625b37c97bff,2026-07-19,262,23577846779,1.335,,
past260,갈아타,aec5596821494d9635f9d755b7e077c8fd842dab14be2a956555625b37c97bff,2026-07-20,262,23577846779,1.335,412856,
past260,갈아타,aec5596821494d9635f9d755b7e077c8fd842dab14be2a956555625b37c97bff,2026-07-21,262,23577846779,1.335,,
past260,갈아타,aec5596821494d9635f9d755b7e077c8fd842dab14be2a956555625b37c97bff,2026-07-22,262,23577846779,1.335,,
past260,askflhaskjfh,9467ac50a7b87a476ad5ebcca4263bc2,2026-06-18,262,21202689452,1.200,21443222,
past260,askflhaskjfh,9467ac50a7b87a476ad5ebcca4263bc2,2026-06-19,262,66899456325,3.787,,
past260,askflhaskjfh,9467ac50a7b87a476ad5ebcca4263bc2,2026-06-20,262,66899456325,3.787,,
past260,askflhaskjfh,9467ac50a7b87a476ad5ebcca4263bc2,2026-06-21,262,66899456325,3.787,,
past260,askflhaskjfh,9467ac50a7b87a476ad5ebcca4263bc2,2026-06-22,262,66899456325,3.787,,
past260,askflhaskjfh,9467ac50a7b87a476ad5ebcca4263bc2,2026-06-23,262,66899456325,3.787,,
past260,askflhaskjfh,9467ac50a7b87a476ad5ebcca4263bc2,2026-06-24,262,66899456325,3.787,,
past260,askflhaskjfh,9467ac50a7b87a476ad5ebcca4263bc2,2026-06-25,262,66899456325,3.787,,
past260,askflhaskjfh,9467ac50a7b87a476ad5ebcca4263bc2,2026-06-26,262,66899456325,3.787,20036840,
past260,askflhaskjfh,9467ac50a7b87a476ad5ebcca4263bc2,2026-06-27,262,67141185822,3.800,,
past260,askflhaskjfh,9467ac50a7b87a476ad5ebcca4263bc2,2026-06-28,262,67141185822,3.800,,
past260,askflhaskjfh,9467ac50a7b87a476ad5ebcca4263bc2,2026-06-29,262,67141185822,3.800,,
past260,askflhaskjfh,9467ac50a7b87a476ad5ebcca4263bc2,2026-06-30,262,67141185822,3.800,,
past260,askflhaskjfh,9467ac50a7b87a476ad5ebcca4263bc2,2026-07-01,262,67141185822,3.800,,
past260,askflhaskjfh,9467ac50a7b87a476ad5ebcca4263bc2,2026-07-02,262,67141185822,3.800,,
past260,askflhaskjfh,9467ac50a7b87a476ad5ebcca4263bc2,2026-07-03,262,67141185822,3.800,,
past260,askflhaskjfh,9467ac50a7b87a476ad5ebcca4263bc2,2026-07-04,262,67312080032,3.810,19130813,
past260,askflhaskjfh,9467ac50a7b87a476ad5ebcca4263bc2,2026-07-05,262,67312080032,3.810,,
past260,askflhaskjfh,9467ac50a7b87a476ad5ebcca4263bc2,2026-07-06,262,67312080032,3.810,,
past260,askflhaskjfh,9467ac50a7b87a476ad5ebcca4263bc2,2026-07-07,262,67312080032,3.810,,
past260,askflhaskjfh,9467ac50a7b87a476ad5ebcca4263bc2,2026-07-08,262,67312080032,3.810,,
past260,askflhaskjfh,9467ac50a7b87a476ad5ebcca4263bc2,2026-07-09,262,67482974242,3.820,,
past260,askflhaskjfh,9467ac50a7b87a476ad5ebcca4263bc2,2026-07-10,262,67482974242,3.820,,
past260,askflhaskjfh,9467ac50a7b87a476ad5ebcca4263bc2,2026-07-11,262,67482974242,3.820,,
past260,askflhaskjfh,9467ac50a7b87a476ad5ebcca4263bc2,2026-07-12,262,67482974242,3.820,19490919,
past260,askflhaskjfh,9467ac50a7b87a476ad5ebcca4263bc2,2026-07-13,262,67482974242,3.820,,
past260,askflhaskjfh,9467ac50a7b87a476ad5ebcca4263bc2,2026-07-14,262,67482974242,3.820,,
past260,askflhaskjfh,9467ac50a7b87a476ad5ebcca4263bc2,2026-07-15,262,67482974242,3.820,,
past260,askflhaskjfh,9467ac50a7b87a476ad5ebcca4263bc2,2026-07-16,262,67482974242,3.820,,
past260,askflhaskjfh,9467ac50a7b87a476ad5ebcca4263bc2,2026-07-17,262,67482974242,3.820,,
past260,askflhaskjfh,9467ac50a7b87a476ad5ebcca4263bc2,2026-07-18,262,67482974242,3.820,,
past260,askflhaskjfh,9467ac50a7b87a476ad5ebcca4263bc2,2026-07-19,262,67482974242,3.820,,
past260,askflhaskjfh,9467ac50a7b87a476ad5ebcca4263bc2,2026-07-20,262,67482974242,3.820,19490919,
past260,askflhaskjfh,9467ac50a7b87a476ad5ebcca4263bc2,2026-07-21,262,67482974242,3.820,,
past260,askflhaskjfh,9467ac50a7b87a476ad5ebcca4263bc2,2026-07-22,262,67482974242,3.820,,
past260,푸쩍잉,90c851a2b90b4ef33966d911057cce29,2026-06-18,262,52854942536,2.992,10186438,
past260,푸쩍잉,90c851a2b90b4ef33966d911057cce29,2026-06-19,262,52854942536,2.992,,
past260,푸쩍잉,90c851a2b90b4ef33966d911057cce29,2026-06-20,262,52854942536,2.992,,
past260,푸쩍잉,90c851a2b90b4ef33966d911057cce29,2026-06-21,262,52854942536,2.992,,
past260,푸쩍잉,90c851a2b90b4ef33966d911057cce29,2026-06-22,262,52854942536,2.992,,
past260,푸쩍잉,90c851a2b90b4ef33966d911057cce29,2026-06-23,262,52854942536,2.992,,
past260,푸쩍잉,90c851a2b90b4ef33966d911057cce29,2026-06-24,262,52854942536,2.992,,
past260,푸쩍잉,90c851a2b90b4ef33966d911057cce29,2026-06-25,262,52854942536,2.992,,
past260,푸쩍잉,90c851a2b90b4ef33966d911057cce29,2026-06-26,262,52854942536,2.992,10186438,
past260,푸쩍잉,90c851a2b90b4ef33966d911057cce29,2026-06-27,262,52854942536,2.992,,
past260,푸쩍잉,90c851a2b90b4ef33966d911057cce29,2026-06-28,262,52854942536,2.992,,
past260,푸쩍잉,90c851a2b90b4ef33966d911057cce29,2026-06-29,262,52854942536,2.992,,
past260,푸쩍잉,90c851a2b90b4ef33966d911057cce29,2026-06-30,262,52854942536,2.992,,
past260,푸쩍잉,90c851a2b90b4ef33966d911057cce29,2026-07-01,262,52854942536,2.992,,
past260,푸쩍잉,90c851a2b90b4ef33966d911057cce29,2026-07-02,262,52854942536,2.992,,
past260,푸쩍잉,90c851a2b90b4ef33966d911057cce29,2026-07-03,262,52854942536,2.992,,
past260,푸쩍잉,90c851a2b90b4ef33966d911057cce29,2026-07-04,262,52854942536,2.992,10186438,
past260,푸쩍잉,90c851a2b90b4ef33966d911057cce29,2026-07-05,262,52854942536,2.992,,
past260,푸쩍잉,90c851a2b90b4ef33966d911057cce29,2026-07-06,262,52854942536,2.992,,
past260,푸쩍잉,90c851a2b90b4ef33966d911057cce29,2026-07-07,262,52854942536,2.992,,
past260,푸쩍잉,90c851a2b90b4ef33966d911057cce29,2026-07-08,262,52854942536,2.992,,
past260,푸쩍잉,90c851a2b90b4ef33966d911057cce29,2026-07-09,262,52854942536,2.992,,
past260,푸쩍잉,90c851a2b90b4ef33966d911057cce29,2026-07-10,262,52854942536,2.992,,
past260,푸쩍잉,90c851a2b90b4ef33966d911057cce29,2026-07-11,262,52854942536,2.992,,
past260,푸쩍잉,90c851a2b90b4ef33966d911057cce29,2026-07-12,262,52854942536,2.992,10186438,
past260,푸쩍잉,90c851a2b90b4ef33966d911057cce29,2026-07-13,262,52854942536,2.992,,
past260,푸쩍잉,90c851a2b90b4ef33966d911057cce29,2026-07-14,262,52854942536,2.992,,
past260,푸쩍잉,90c851a2b90b4ef33966d911057cce29,2026-07-15,262,52854942536,2.992,,
past260,푸쩍잉,90c851a2b90b4ef33966d911057cce29,2026-07-16,262,52854942536,2.992,,
past260,푸쩍잉,90c851a2b90b4ef33966d911057cce29,2026-07-17,262,52854942536,2.992,,
past260,푸쩍잉,90c851a2b90b4ef33966d911057cce29,2026-07-18,262,52854942536,2.992,,
past260,푸쩍잉,90c851a2b90b4ef33966d911057cce29,2026-07-19,262,52854942536,2.992,,
past260,푸쩍잉,90c851a2b90b4ef33966d911057cce29,2026-07-20,262,52854942536,2.992,10186438,
past260,푸쩍잉,90c851a2b90b4ef33966d911057cce29,2026-07-21,262,52854942536,2.992,,
past260,푸쩍잉,90c851a2b90b4ef33966d911057cce29,2026-07-22,262,52854942536,2.992,,
past260,은의목소리,e1b19e74ab7211e0e4f7cf3f33d29aca4723574b05820acf03e7ec3162ff5bed,2026-06-18,262,30518429840,1.727,4666853,
past260,은의목소리,e1b19e74ab7211e0e4f7cf3f33d29aca4723574b05820acf03e7ec3162ff5bed,2026-06-19,262,30518429840,1.727,,
past260,은의목소리,e1b19e74ab7211e0e4f7cf3f33d29aca4723574b05820acf03e7ec3162ff5bed,2026-06-20,262,30518429840,1.727,,
past260,은의목소리,e1b19e74ab7211e0e4f7cf3f33d29aca4723574b05820acf03e7ec3162ff5bed,2026-06-21,262,30518429840,1.727,,
past260,은의목소리,e1b19e74ab7211e0e4f7cf3f33d29aca4723574b05820acf03e7ec3162ff5bed,2026-06-22,262,30518429840,1.727,,
past260,은의목소리,e1b19e74ab7211e0e4f7cf3f33d29aca4723574b05820acf03e7ec3162ff5bed,2026-06-23,262,30518429840,1.727,,
past260,은의목소리,e1b19e74ab7211e0e4f7cf3f33d29aca4723574b05820acf03e7ec3162ff5bed,2026-06-24,262,30518429840,1.727,,
past260,은의목소리,e1b19e74ab7211e0e4f7cf3f33d29aca4723574b05820acf03e7ec3162ff5bed,2026-06-25,262,30518429840,1.727,,
past260,은의목소리,e1b19e74ab7211e0e4f7cf3f33d29aca4723574b05820acf03e7ec3162ff5bed,2026-06-26,262,30518429840,1.727,6148846,
past260,은의목소리,e1b19e74ab7211e0e4f7cf3f33d29aca4723574b05820acf03e7ec3162ff5bed,2026-06-27,262,30518429840,1.727,,
past260,은의목소리,e1b19e74ab7211e0e4f7cf3f33d29aca4723574b05820acf03e7ec3162ff5bed,2026-06-28,262,30518429840,1.727,,
past260,은의목소리,e1b19e74ab7211e0e4f7cf3f33d29aca4723574b05820acf03e7ec3162ff5bed,2026-06-29,262,30518429840,1.727,,
past260,은의목소리,e1b19e74ab7211e0e4f7cf3f33d29aca4723574b05820acf03e7ec3162ff5bed,2026-06-30,262,30518429840,1.727,,
past260,은의목소리,e1b19e74ab7211e0e4f7cf3f33d29aca4723574b05820acf03e7ec3162ff5bed,2026-07-01,262,30518429840,1.727,,
past260,은의목소리,e1b19e74ab7211e0e4f7cf3f33d29aca4723574b05820acf03e7ec3162ff5bed,2026-07-02,262,30518429840,1.727,,
past260,은의목소리,e1b19e74ab7211e0e4f7cf3f33d29aca4723574b05820acf03e7ec3162ff5bed,2026-07-03,262,30518429840,1.727,,
past260,은의목소리,e1b19e74ab7211e0e4f7cf3f33d29aca4723574b05820acf03e7ec3162ff5bed,2026-07-04,262,30518429840,1.727,6148846,
past260,은의목소리,e1b19e74ab7211e0e4f7cf3f33d29aca4723574b05820acf03e7ec3162ff5bed,2026-07-05,262,30518429840,1.727,,
past260,은의목소리,e1b19e74ab7211e0e4f7cf3f33d29aca4723574b05820acf03e7ec3162ff5bed,2026-07-06,262,30518429840,1.727,,
past260,은의목소리,e1b19e74ab7211e0e4f7cf3f33d29aca4723574b05820acf03e7ec3162ff5bed,2026-07-07,262,30518429840,1.727,,
past260,은의목소리,e1b19e74ab7211e0e4f7cf3f33d29aca4723574b05820acf03e7ec3162ff5bed,2026-07-08,262,30518429840,1.727,,
past260,은의목소리,e1b19e74ab7211e0e4f7cf3f33d29aca4723574b05820acf03e7ec3162ff5bed,2026-07-09,262,30518429840,1.727,,
past260,은의목소리,e1b19e74ab7211e0e4f7cf3f33d29aca4723574b05820acf03e7ec3162ff5bed,2026-07-10,262,30518429840,1.727,,
past260,은의목소리,e1b19e74ab7211e0e4f7cf3f33d29aca4723574b05820acf03e7ec3162ff5bed,2026-07-11,262,30518429840,1.727,,
past260,은의목소리,e1b19e74ab7211e0e4f7cf3f33d29aca4723574b05820acf03e7ec3162ff5bed,2026-07-12,262,30518429840,1.727,5862118,
past260,은의목소리,e1b19e74ab7211e0e4f7cf3f33d29aca4723574b05820acf03e7ec3162ff5bed,2026-07-13,262,30518429840,1.727,,
past260,은의목소리,e1b19e74ab7211e0e4f7cf3f33d29aca4723574b05820acf03e7ec3162ff5bed,2026-07-14,262,30518429840,1.727,,
past260,은의목소리,e1b19e74ab7211e0e4f7cf3f33d29aca4723574b05820acf03e7ec3162ff5bed,2026-07-15,262,30518429840,1.727,,
past260,은의목소리,e1b19e74ab7211e0e4f7cf3f33d29aca4723574b05820acf03e7ec3162ff5bed,2026-07-16,262,30518429840,1.727,,
past260,은의목소리,e1b19e74ab7211e0e4f7cf3f33d29aca4723574b05820acf03e7ec3162ff5bed,2026-07-17,262,30518429840,1.727,,
past260,은의목소리,e1b19e74ab7211e0e4f7cf3f33d29aca4723574b05820acf03e7ec3162ff5bed,2026-07-18,262,30518429840,1.727,,
past260,은의목소리,e1b19e74ab7211e0e4f7cf3f33d29aca4723574b05820acf03e7ec3162ff5bed,2026-07-19,262,30518429840,1.727,,
past260,은의목소리,e1b19e74ab7211e0e4f7cf3f33d29aca4723574b05820acf03e7ec3162ff5bed,2026-07-20,262,30518429840,1.727,6147349,
past260,은의목소리,e1b19e74ab7211e0e4f7cf3f33d29aca4723574b05820acf03e7ec3162ff5bed,2026-07-21,262,30518429840,1.727,,
past260,은의목소리,e1b19e74ab7211e0e4f7cf3f33d29aca4723574b05820acf03e7ec3162ff5bed,2026-07-22,262,30559992218,1.730,,
past260,네네별,d285619b019584125f4b431cadc715f8,2026-06-18,262,28269640793,1.600,8464846,
past260,네네별,d285619b019584125f4b431cadc715f8,2026-06-19,262,28269640793,1.600,,
past260,네네별,d285619b019584125f4b431cadc715f8,2026-06-20,262,28269640793,1.600,,
past260,네네별,d285619b019584125f4b431cadc715f8,2026-06-21,262,28269640793,1.600,,
past260,네네별,d285619b019584125f4b431cadc715f8,2026-06-22,262,28269640793,1.600,,
past260,네네별,d285619b019584125f4b431cadc715f8,2026-06-23,262,28269640793,1.600,,
past260,네네별,d285619b019584125f4b431cadc715f8,2026-06-24,262,28269640793,1.600,,
past260,네네별,d285619b019584125f4b431cadc715f8,2026-06-25,262,28269640793,1.600,,
past260,네네별,d285619b019584125f4b431cadc715f8,2026-06-26,262,28269640793,1.600,8464846,
past260,네네별,d285619b019584125f4b431cadc715f8,2026-06-27,262,28269640793,1.600,,
past260,네네별,d285619b019584125f4b431cadc715f8,2026-06-28,262,28269640793,1.600,,
past260,네네별,d285619b019584125f4b431cadc715f8,2026-06-29,262,28269640793,1.600,,
past260,네네별,d285619b019584125f4b431cadc715f8,2026-06-30,262,28269640793,1.600,,
past260,네네별,d285619b019584125f4b431cadc715f8,2026-07-01,262,28269640793,1.600,,
past260,네네별,d285619b019584125f4b431cadc715f8,2026-07-02,262,28269640793,1.600,,
past260,네네별,d285619b019584125f4b431cadc715f8,2026-07-03,262,28269640793,1.600,,
past260,네네별,d285619b019584125f4b431cadc715f8,2026-07-04,262,28269640793,1.600,8464846,
past260,네네별,d285619b019584125f4b431cadc715f8,2026-07-05,262,28269640793,1.600,,
past260,네네별,d285619b019584125f4b431cadc715f8,2026-07-06,262,28269640793,1.600,,
past260,네네별,d285619b019584125f4b431cadc715f8,2026-07-07,262,28269640793,1.600,,
past260,네네별,d285619b019584125f4b431cadc715f8,2026-07-08,262,28269640793,1.600,,
past260,네네별,d285619b019584125f4b431cadc715f8,2026-07-09,262,28269640793,1.600,,
past260,네네별,d285619b019584125f4b431cadc715f8,2026-07-10,262,28269640793,1.600,,
past260,네네별,d285619b019584125f4b431cadc715f8,2026-07-11,262,28269640793,1.600,,
past260,네네별,d285619b019584125f4b431cadc715f8,2026-07-12,262,28269640793,1.600,8464846,
past260,네네별,d285619b019584125f4b431cadc715f8,2026-07-13,262,28269640793,1.600,,
past260,네네별,d285619b019584125f4b431cadc715f8,2026-07-14,262,28269640793,1.600,,
past260,네네별,d285619b019584125f4b431cadc715f8,2026-07-15,262,28269640793,1.600,,
past260,네네별,d285619b019584125f4b431cadc715f8,2026-07-16,262,28269640793,1.600,,
past260,네네별,d285619b019584125f4b431cadc715f8,2026-07-17,262,28269640793,1.600,,
past260,네네별,d285619b019584125f4b431cadc715f8,2026-07-18,262,28269640793,1.600,,
past260,네네별,d285619b019584125f4b431cadc715f8,2026-07-19,262,28269640793,1.600,,
past260,네네별,d285619b019584125f4b431cadc715f8,2026-07-20,262,28269640793,1.600,8464846,
past260,네네별,d285619b019584125f4b431cadc715f8,2026-07-21,262,28269640793,1.600,,
past260,네네별,d285619b019584125f4b431cadc715f8,2026-07-22,262,28269640793,1.600,,
past260,자기마,32a6fe68e487481f78dfceb1f1d707b7,2026-06-18,262,23570536712,1.334,3341856,
past260,자기마,32a6fe68e487481f78dfceb1f1d707b7,2026-06-19,262,23570536712,1.334,,
past260,자기마,32a6fe68e487481f78dfceb1f1d707b7,2026-06-20,262,23570536712,1.334,,
past260,자기마,32a6fe68e487481f78dfceb1f1d707b7,2026-06-21,262,23570536712,1.334,,
past260,자기마,32a6fe68e487481f78dfceb1f1d707b7,2026-06-22,262,23570536712,1.334,,
past260,자기마,32a6fe68e487481f78dfceb1f1d707b7,2026-06-23,262,23570536712,1.334,,
past260,자기마,32a6fe68e487481f78dfceb1f1d707b7,2026-06-24,262,23570536712,1.334,,
past260,자기마,32a6fe68e487481f78dfceb1f1d707b7,2026-06-25,262,23570536712,1.334,,
past260,자기마,32a6fe68e487481f78dfceb1f1d707b7,2026-06-26,262,23570536712,1.334,3341856,
past260,자기마,32a6fe68e487481f78dfceb1f1d707b7,2026-06-27,262,23570536712,1.334,,
past260,자기마,32a6fe68e487481f78dfceb1f1d707b7,2026-06-28,262,23570536712,1.334,,
past260,자기마,32a6fe68e487481f78dfceb1f1d707b7,2026-06-29,262,23570536712,1.334,,
past260,자기마,32a6fe68e487481f78dfceb1f1d707b7,2026-06-30,262,23570536712,1.334,,
past260,자기마,32a6fe68e487481f78dfceb1f1d707b7,2026-07-01,262,23570536712,1.334,,
past260,자기마,32a6fe68e487481f78dfceb1f1d707b7,2026-07-02,262,23570536712,1.334,,
past260,자기마,32a6fe68e487481f78dfceb1f1d707b7,2026-07-03,262,23570536712,1.334,,
past260,자기마,32a6fe68e487481f78dfceb1f1d707b7,2026-07-04,262,23570536712,1.334,3341856,
past260,자기마,32a6fe68e487481f78dfceb1f1d707b7,2026-07-05,262,23570536712,1.334,,
past260,자기마,32a6fe68e487481f78dfceb1f1d707b7,2026-07-06,262,23570536712,1.334,,
past260,자기마,32a6fe68e487481f78dfceb1f1d707b7,2026-07-07,262,23570536712,1.334,,
past260,자기마,32a6fe68e487481f78dfceb1f1d707b7,2026-07-08,262,23570536712,1.334,,
past260,자기마,32a6fe68e487481f78dfceb1f1d707b7,2026-07-09,262,23570536712,1.334,,
past260,자기마,32a6fe68e487481f78dfceb1f1d707b7,2026-07-10,262,23570536712,1.334,,
past260,자기마,32a6fe68e487481f78dfceb1f1d707b7,2026-07-11,262,23570536712,1.334,,
past260,자기마,32a6fe68e487481f78dfceb1f1d707b7,2026-07-12,262,23570536712,1.334,3341856,
past260,자기마,32a6fe68e487481f78dfceb1f1d707b7,2026-07-13,262,23570536712,1.334,,
past260,자기마,32a6fe68e487481f78dfceb1f1d707b7,2026-07-14,262,23570536712,1.334,,
past260,자기마,32a6fe68e487481f78dfceb1f1d707b7,2026-07-15,262,23570536712,1.334,,
past260,자기마,32a6fe68e487481f78dfceb1f1d707b7,2026-07-16,262,23570536712,1.334,,
past260,자기마,32a6fe68e487481f78dfceb1f1d707b7,2026-07-17,262,23570536712,1.334,,
past260,자기마,32a6fe68e487481f78dfceb1f1d707b7,2026-07-18,262,23570536712,1.334,,
past260,자기마,32a6fe68e487481f78dfceb1f1d707b7,2026-07-19,262,23570536712,1.334,,
past260,자기마,32a6fe68e487481f78dfceb1f1d707b7,2026-07-20,262,23570536712,1.334,3341856,
past260,자기마,32a6fe68e487481f78dfceb1f1d707b7,2026-07-21,262,23570536712,1.334,,
past260,자기마,32a6fe68e487481f78dfceb1f1d707b7,2026-07-22,262,23570536712,1.334,,
past260,땅콩사단장,5af5542896e8285856f060495fa65988,2026-06-18,262,33622275349,1.903,5485466,
past260,땅콩사단장,5af5542896e8285856f060495fa65988,2026-06-19,262,33622275349,1.903,,
past260,땅콩사단장,5af5542896e8285856f060495fa65988,2026-06-20,262,33622275349,1.903,,
past260,땅콩사단장,5af5542896e8285856f060495fa65988,2026-06-21,262,33622275349,1.903,,
past260,땅콩사단장,5af5542896e8285856f060495fa65988,2026-06-22,262,33622275349,1.903,,
past260,땅콩사단장,5af5542896e8285856f060495fa65988,2026-06-23,262,33622275349,1.903,,
past260,땅콩사단장,5af5542896e8285856f060495fa65988,2026-06-24,262,33622275349,1.903,,
past260,땅콩사단장,5af5542896e8285856f060495fa65988,2026-06-25,262,33622275349,1.903,,
past260,땅콩사단장,5af5542896e8285856f060495fa65988,2026-06-26,262,33622275349,1.903,5788013,
past260,땅콩사단장,5af5542896e8285856f060495fa65988,2026-06-27,262,33622275349,1.903,,
past260,땅콩사단장,5af5542896e8285856f060495fa65988,2026-06-28,262,33622275349,1.903,,
past260,땅콩사단장,5af5542896e8285856f060495fa65988,2026-06-29,262,33622275349,1.903,,
past260,땅콩사단장,5af5542896e8285856f060495fa65988,2026-06-30,262,33622275349,1.903,,
past260,땅콩사단장,5af5542896e8285856f060495fa65988,2026-07-01,262,33622275349,1.903,,
past260,땅콩사단장,5af5542896e8285856f060495fa65988,2026-07-02,262,33622275349,1.903,,
past260,땅콩사단장,5af5542896e8285856f060495fa65988,2026-07-03,262,33622275349,1.903,,
past260,땅콩사단장,5af5542896e8285856f060495fa65988,2026-07-04,262,33622275349,1.903,5115585,
past260,땅콩사단장,5af5542896e8285856f060495fa65988,2026-07-05,262,33622275349,1.903,,
past260,땅콩사단장,5af5542896e8285856f060495fa65988,2026-07-06,262,33622275349,1.903,,
past260,땅콩사단장,5af5542896e8285856f060495fa65988,2026-07-07,262,33622275349,1.903,,
past260,땅콩사단장,5af5542896e8285856f060495fa65988,2026-07-08,262,33622275349,1.903,,
past260,땅콩사단장,5af5542896e8285856f060495fa65988,2026-07-09,262,33622275349,1.903,,
past260,땅콩사단장,5af5542896e8285856f060495fa65988,2026-07-10,262,33622275349,1.903,,
past260,땅콩사단장,5af5542896e8285856f060495fa65988,2026-07-11,262,33622275349,1.903,,
past260,땅콩사단장,5af5542896e8285856f060495fa65988,2026-07-12,262,33622275349,1.903,5115585,
past260,땅콩사단장,5af5542896e8285856f060495fa65988,2026-07-13,262,33622275349,1.903,,
past260,땅콩사단장,5af5542896e8285856f060495fa65988,2026-07-14,262,33622275349,1.903,,
past260,땅콩사단장,5af5542896e8285856f060495fa65988,2026-07-15,262,33622275349,1.903,,
past260,땅콩사단장,5af5542896e8285856f060495fa65988,2026-07-16,262,33622275349,1.903,,
past260,땅콩사단장,5af5542896e8285856f060495fa65988,2026-07-17,262,33622275349,1.903,,
past260,땅콩사단장,5af5542896e8285856f060495fa65988,2026-07-18,262,33622275349,1.903,,
past260,땅콩사단장,5af5542896e8285856f060495fa65988,2026-07-19,262,33622275349,1.903,,
past260,땅콩사단장,5af5542896e8285856f060495fa65988,2026-07-20,262,33622275349,1.903,4965620,
past260,땅콩사단장,5af5542896e8285856f060495fa65988,2026-07-21,262,33622275349,1.903,,
past260,땅콩사단장,5af5542896e8285856f060495fa65988,2026-07-22,262,33622275349,1.903,,
past260,부채를펄럭,027351da545abd3102cee3f83aaaf227,2026-06-18,262,38734583947,2.192,9258414,
past260,부채를펄럭,027351da545abd3102cee3f83aaaf227,2026-06-19,262,38734583947,2.192,,
past260,부채를펄럭,027351da545abd3102cee3f83aaaf227,2026-06-20,262,38734583947,2.192,,
past260,부채를펄럭,027351da545abd3102cee3f83aaaf227,2026-06-21,262,38734583947,2.192,,
past260,부채를펄럭,027351da545abd3102cee3f83aaaf227,2026-06-22,262,38734583947,2.192,,
past260,부채를펄럭,027351da545abd3102cee3f83aaaf227,2026-06-23,262,38734583947,2.192,,
past260,부채를펄럭,027351da545abd3102cee3f83aaaf227,2026-06-24,262,38734583947,2.192,,
past260,부채를펄럭,027351da545abd3102cee3f83aaaf227,2026-06-25,262,38734583947,2.192,,
past260,부채를펄럭,027351da545abd3102cee3f83aaaf227,2026-06-26,262,38734583947,2.192,9258414,
past260,부채를펄럭,027351da545abd3102cee3f83aaaf227,2026-06-27,262,38734583947,2.192,,
past260,부채를펄럭,027351da545abd3102cee3f83aaaf227,2026-06-28,262,38734583947,2.192,,
past260,부채를펄럭,027351da545abd3102cee3f83aaaf227,2026-06-29,262,38734583947,2.192,,
past260,부채를펄럭,027351da545abd3102cee3f83aaaf227,2026-06-30,262,38734583947,2.192,,
past260,부채를펄럭,027351da545abd3102cee3f83aaaf227,2026-07-01,262,38734583947,2.192,,
past260,부채를펄럭,027351da545abd3102cee3f83aaaf227,2026-07-02,262,38734583947,2.192,,
past260,부채를펄럭,027351da545abd3102cee3f83aaaf227,2026-07-03,262,38734583947,2.192,,
past260,부채를펄럭,027351da545abd3102cee3f83aaaf227,2026-07-04,262,38734583947,2.192,9258414,
past260,부채를펄럭,027351da545abd3102cee3f83aaaf227,2026-07-05,262,38734583947,2.192,,
past260,부채를펄럭,027351da545abd3102cee3f83aaaf227,2026-07-06,262,38734583947,2.192,,
past260,부채를펄럭,027351da545abd3102cee3f83aaaf227,2026-07-07,262,38734583947,2.192,,
past260,부채를펄럭,027351da545abd3102cee3f83aaaf227,2026-07-08,262,38734583947,2.192,,
past260,부채를펄럭,027351da545abd3102cee3f83aaaf227,2026-07-09,262,38734583947,2.192,,
past260,부채를펄럭,027351da545abd3102cee3f83aaaf227,2026-07-10,262,38734583947,2.192,,
past260,부채를펄럭,027351da545abd3102cee3f83aaaf227,2026-07-11,262,38734583947,2.192,,
past260,부채를펄럭,027351da545abd3102cee3f83aaaf227,2026-07-12,262,38734583947,2.192,9258414,
past260,부채를펄럭,027351da545abd3102cee3f83aaaf227,2026-07-13,262,38734583947,2.192,,
past260,부채를펄럭,027351da545abd3102cee3f83aaaf227,2026-07-14,262,38734583947,2.192,,
past260,부채를펄럭,027351da545abd3102cee3f83aaaf227,2026-07-15,262,38734583947,2.192,,
past260,부채를펄럭,027351da545abd3102cee3f83aaaf227,2026-07-16,262,38734583947,2.192,,
past260,부채를펄럭,027351da545abd3102cee3f83aaaf227,2026-07-17,262,38734583947,2.192,,
past260,부채를펄럭,027351da545abd3102cee3f83aaaf227,2026-07-18,262,38734583947,2.192,,
past260,부채를펄럭,027351da545abd3102cee3f83aaaf227,2026-07-19,262,38734583947,2.192,,
past260,부채를펄럭,027351da545abd3102cee3f83aaaf227,2026-07-20,262,38734583947,2.192,9258414,
past260,부채를펄럭,027351da545abd3102cee3f83aaaf227,2026-07-21,262,38734583947,2.192,,
past260,부채를펄럭,027351da545abd3102cee3f83aaaf227,2026-07-22,262,38734583947,2.192,,
past260,녹색누님,bb1e543e1523ca4aa31486b44292fcaaefe8d04e6d233bd35cf2fabdeb93fb0d,2026-06-18,262,32419717328,1.835,9857195,
past260,녹색누님,bb1e543e1523ca4aa31486b44292fcaaefe8d04e6d233bd35cf2fabdeb93fb0d,2026-06-19,262,32419717328,1.835,,
past260,녹색누님,bb1e543e1523ca4aa31486b44292fcaaefe8d04e6d233bd35cf2fabdeb93fb0d,2026-06-20,262,32419717328,1.835,,
past260,녹색누님,bb1e543e1523ca4aa31486b44292fcaaefe8d04e6d233bd35cf2fabdeb93fb0d,2026-06-21,262,32419717328,1.835,,
past260,녹색누님,bb1e543e1523ca4aa31486b44292fcaaefe8d04e6d233bd35cf2fabdeb93fb0d,2026-06-22,262,32419717328,1.835,,
past260,녹색누님,bb1e543e1523ca4aa31486b44292fcaaefe8d04e6d233bd35cf2fabdeb93fb0d,2026-06-23,262,32419717328,1.835,,
past260,녹색누님,bb1e543e1523ca4aa31486b44292fcaaefe8d04e6d233bd35cf2fabdeb93fb0d,2026-06-24,262,32503306852,1.840,,
past260,녹색누님,bb1e543e1523ca4aa31486b44292fcaaefe8d04e6d233bd35cf2fabdeb93fb0d,2026-06-25,262,32503306852,1.840,,
past260,녹색누님,bb1e543e1523ca4aa31486b44292fcaaefe8d04e6d233bd35cf2fabdeb93fb0d,2026-06-26,262,32503306852,1.840,10323768,
past260,녹색누님,bb1e543e1523ca4aa31486b44292fcaaefe8d04e6d233bd35cf2fabdeb93fb0d,2026-06-27,262,32586896376,1.844,,
past260,녹색누님,bb1e543e1523ca4aa31486b44292fcaaefe8d04e6d233bd35cf2fabdeb93fb0d,2026-06-28,262,32586896376,1.844,,
past260,녹색누님,bb1e543e1523ca4aa31486b44292fcaaefe8d04e6d233bd35cf2fabdeb93fb0d,2026-06-29,262,32586896376,1.844,,
past260,녹색누님,bb1e543e1523ca4aa31486b44292fcaaefe8d04e6d233bd35cf2fabdeb93fb0d,2026-06-30,262,32586896376,1.844,,
past260,녹색누님,bb1e543e1523ca4aa31486b44292fcaaefe8d04e6d233bd35cf2fabdeb93fb0d,2026-07-01,262,32586896376,1.844,,
past260,녹색누님,bb1e543e1523ca4aa31486b44292fcaaefe8d04e6d233bd35cf2fabdeb93fb0d,2026-07-02,262,32586896376,1.844,,
past260,녹색누님,bb1e543e1523ca4aa31486b44292fcaaefe8d04e6d233bd35cf2fabdeb93fb0d,2026-07-03,262,32586896376,1.844,,
past260,녹색누님,bb1e543e1523ca4aa31486b44292fcaaefe8d04e6d233bd35cf2fabdeb93fb0d,2026-07-04,262,32586896376,1.844,10581862,
past260,녹색누님,bb1e543e1523ca4aa31486b44292fcaaefe8d04e6d233bd35cf2fabdeb93fb0d,2026-07-05,262,32586896376,1.844,,
past260,녹색누님,bb1e543e1523ca4aa31486b44292fcaaefe8d04e6d233bd35cf2fabdeb93fb0d,2026-07-06,262,32586896376,1.844,,
past260,녹색누님,bb1e543e1523ca4aa31486b44292fcaaefe8d04e6d233bd35cf2fabdeb93fb0d,2026-07-07,262,32586896376,1.844,,
past260,녹색누님,bb1e543e1523ca4aa31486b44292fcaaefe8d04e6d233bd35cf2fabdeb93fb0d,2026-07-08,262,32586896376,1.844,,
past260,녹색누님,bb1e543e1523ca4aa31486b44292fcaaefe8d04e6d233bd35cf2fabdeb93fb0d,2026-07-09,262,32586896376,1.844,,
past260,녹색누님,bb1e543e1523ca4aa31486b44292fcaaefe8d04e6d233bd35cf2fabdeb93fb0d,2026-07-10,262,32586896376,1.844,,
past260,녹색누님,bb1e543e1523ca4aa31486b44292fcaaefe8d04e6d233bd35cf2fabdeb93fb0d,2026-07-11,262,32586896376,1.844,,
past260,녹색누님,bb1e543e1523ca4aa31486b44292fcaaefe8d04e6d233bd35cf2fabdeb93fb0d,2026-07-12,262,32665962480,1.849,10972244,
past260,녹색누님,bb1e543e1523ca4aa31486b44292fcaaefe8d04e6d233bd35cf2fabdeb93fb0d,2026-07-13,262,32665962480,1.849,,
past260,녹색누님,bb1e543e1523ca4aa31486b44292fcaaefe8d04e6d233bd35cf2fabdeb93fb0d,2026-07-14,262,32665962480,1.849,,
past260,녹색누님,bb1e543e1523ca4aa31486b44292fcaaefe8d04e6d233bd35cf2fabdeb93fb0d,2026-07-15,262,32665962480,1.849,,
past260,녹색누님,bb1e543e1523ca4aa31486b44292fcaaefe8d04e6d233bd35cf2fabdeb93fb0d,2026-07-16,262,32665962480,1.849,,
past260,녹색누님,bb1e543e1523ca4aa31486b44292fcaaefe8d04e6d233bd35cf2fabdeb93fb0d,2026-07-17,262,32665962480,1.849,,
past260,녹색누님,bb1e543e1523ca4aa31486b44292fcaaefe8d04e6d233bd35cf2fabdeb93fb0d,2026-07-18,262,32665962480,1.849,,
past260,녹색누님,bb1e543e1523ca4aa31486b44292fcaaefe8d04e6d233bd35cf2fabdeb93fb0d,2026-07-19,262,32665962480,1.849,,
past260,녹색누님,bb1e543e1523ca4aa31486b44292fcaaefe8d04e6d233bd35cf2fabdeb93fb0d,2026-07-20,262,32665962480,1.849,10972244,
past260,녹색누님,bb1e543e1523ca4aa31486b44292fcaaefe8d04e6d233bd35cf2fabdeb93fb0d,2026-07-21,262,32665962480,1.849,,
past260,녹색누님,bb1e543e1523ca4aa31486b44292fcaaefe8d04e6d233bd35cf2fabdeb93fb0d,2026-07-22,262,32665962480,1.849,,
past260,팀길드팀장,7504fac46361f52f18230584690c3440,2026-06-18,262,30324531898,1.716,9049616,
past260,팀길드팀장,7504fac46361f52f18230584690c3440,2026-06-19,262,30324531898,1.716,,
past260,팀길드팀장,7504fac46361f52f18230584690c3440,2026-06-20,262,30324531898,1.716,,
past260,팀길드팀장,7504fac46361f52f18230584690c3440,2026-06-21,262,30324531898,1.716,,
past260,팀길드팀장,7504fac46361f52f18230584690c3440,2026-06-22,262,30324531898,1.716,,
past260,팀길드팀장,7504fac46361f52f18230584690c3440,2026-06-23,262,30324531898,1.716,,
past260,팀길드팀장,7504fac46361f52f18230584690c3440,2026-06-24,262,30324531898,1.716,,
past260,팀길드팀장,7504fac46361f52f18230584690c3440,2026-06-25,262,30324531898,1.716,,
past260,팀길드팀장,7504fac46361f52f18230584690c3440,2026-06-26,262,30324531898,1.716,9049616,
past260,팀길드팀장,7504fac46361f52f18230584690c3440,2026-06-27,262,30324531898,1.716,,
past260,팀길드팀장,7504fac46361f52f18230584690c3440,2026-06-28,262,30324531898,1.716,,
past260,팀길드팀장,7504fac46361f52f18230584690c3440,2026-06-29,262,30324531898,1.716,,
past260,팀길드팀장,7504fac46361f52f18230584690c3440,2026-06-30,262,30324531898,1.716,,
past260,팀길드팀장,7504fac46361f52f18230584690c3440,2026-07-01,262,30324531898,1.716,,
past260,팀길드팀장,7504fac46361f52f18230584690c3440,2026-07-02,262,30324531898,1.716,,
past260,팀길드팀장,7504fac46361f52f18230584690c3440,2026-07-03,262,30324531898,1.716,,
past260,팀길드팀장,7504fac46361f52f18230584690c3440,2026-07-04,262,30324531898,1.716,9049616,
past260,팀길드팀장,7504fac46361f52f18230584690c3440,2026-07-05,262,30324531898,1.716,,
past260,팀길드팀장,7504fac46361f52f18230584690c3440,2026-07-06,262,30324531898,1.716,,
past260,팀길드팀장,7504fac46361f52f18230584690c3440,2026-07-07,262,30324531898,1.716,,
past260,팀길드팀장,7504fac46361f52f18230584690c3440,2026-07-08,262,30324531898,1.716,,
past260,팀길드팀장,7504fac46361f52f18230584690c3440,2026-07-09,262,30324531898,1.716,,
past260,팀길드팀장,7504fac46361f52f18230584690c3440,2026-07-10,262,30324531898,1.716,,
past260,팀길드팀장,7504fac46361f52f18230584690c3440,2026-07-11,262,30324531898,1.716,,
past260,팀길드팀장,7504fac46361f52f18230584690c3440,2026-07-12,262,30324531898,1.716,9049616,
past260,팀길드팀장,7504fac46361f52f18230584690c3440,2026-07-13,262,30324531898,1.716,,
past260,팀길드팀장,7504fac46361f52f18230584690c3440,2026-07-14,262,30324531898,1.716,,
past260,팀길드팀장,7504fac46361f52f18230584690c3440,2026-07-15,262,30324531898,1.716,,
past260,팀길드팀장,7504fac46361f52f18230584690c3440,2026-07-16,262,30324531898,1.716,,
past260,팀길드팀장,7504fac46361f52f18230584690c3440,2026-07-17,262,30324531898,1.716,,
past260,팀길드팀장,7504fac46361f52f18230584690c3440,2026-07-18,262,30324531898,1.716,,
past260,팀길드팀장,7504fac46361f52f18230584690c3440,2026-07-19,262,30324531898,1.716,,
past260,팀길드팀장,7504fac46361f52f18230584690c3440,2026-07-20,262,30324531898,1.716,9049616,
past260,팀길드팀장,7504fac46361f52f18230584690c3440,2026-07-21,262,30324531898,1.716,,
past260,팀길드팀장,7504fac46361f52f18230584690c3440,2026-07-22,262,30324531898,1.716,,
past260,곤지02,753535edaf421891982dde5abfeb1d4f8295750b1f4857867454debc45ec9c8a,2026-06-18,262,35089885440,1.986,744805,
past260,곤지02,753535edaf421891982dde5abfeb1d4f8295750b1f4857867454debc45ec9c8a,2026-06-19,262,35089885440,1.986,,
past260,곤지02,753535edaf421891982dde5abfeb1d4f8295750b1f4857867454debc45ec9c8a,2026-06-20,262,35089885440,1.986,,
past260,곤지02,753535edaf421891982dde5abfeb1d4f8295750b1f4857867454debc45ec9c8a,2026-06-21,262,35089885440,1.986,,
past260,곤지02,753535edaf421891982dde5abfeb1d4f8295750b1f4857867454debc45ec9c8a,2026-06-22,262,35089885440,1.986,,
past260,곤지02,753535edaf421891982dde5abfeb1d4f8295750b1f4857867454debc45ec9c8a,2026-06-23,262,35089885440,1.986,,
past260,곤지02,753535edaf421891982dde5abfeb1d4f8295750b1f4857867454debc45ec9c8a,2026-06-24,262,35089885440,1.986,,
past260,곤지02,753535edaf421891982dde5abfeb1d4f8295750b1f4857867454debc45ec9c8a,2026-06-25,262,35089885440,1.986,,
past260,곤지02,753535edaf421891982dde5abfeb1d4f8295750b1f4857867454debc45ec9c8a,2026-06-26,262,35089885440,1.986,744805,
past260,곤지02,753535edaf421891982dde5abfeb1d4f8295750b1f4857867454debc45ec9c8a,2026-06-27,262,35089885440,1.986,,
past260,곤지02,753535edaf421891982dde5abfeb1d4f8295750b1f4857867454debc45ec9c8a,2026-06-28,262,35089885440,1.986,,
past260,곤지02,753535edaf421891982dde5abfeb1d4f8295750b1f4857867454debc45ec9c8a,2026-06-29,262,35089885440,1.986,,
past260,곤지02,753535edaf421891982dde5abfeb1d4f8295750b1f4857867454debc45ec9c8a,2026-06-30,262,35089885440,1.986,,
past260,곤지02,753535edaf421891982dde5abfeb1d4f8295750b1f4857867454debc45ec9c8a,2026-07-01,262,35089885440,1.986,,
past260,곤지02,753535edaf421891982dde5abfeb1d4f8295750b1f4857867454debc45ec9c8a,2026-07-02,262,35089885440,1.986,,
past260,곤지02,753535edaf421891982dde5abfeb1d4f8295750b1f4857867454debc45ec9c8a,2026-07-03,262,35089885440,1.986,,
past260,곤지02,753535edaf421891982dde5abfeb1d4f8295750b1f4857867454debc45ec9c8a,2026-07-04,262,35089885440,1.986,744805,
past260,곤지02,753535edaf421891982dde5abfeb1d4f8295750b1f4857867454debc45ec9c8a,2026-07-05,262,35089885440,1.986,,
past260,곤지02,753535edaf421891982dde5abfeb1d4f8295750b1f4857867454debc45ec9c8a,2026-07-06,262,35089885440,1.986,,
past260,곤지02,753535edaf421891982dde5abfeb1d4f8295750b1f4857867454debc45ec9c8a,2026-07-07,262,35089885440,1.986,,
past260,곤지02,753535edaf421891982dde5abfeb1d4f8295750b1f4857867454debc45ec9c8a,2026-07-08,262,35089885440,1.986,,
past260,곤지02,753535edaf421891982dde5abfeb1d4f8295750b1f4857867454debc45ec9c8a,2026-07-09,262,35089885440,1.986,,
past260,곤지02,753535edaf421891982dde5abfeb1d4f8295750b1f4857867454debc45ec9c8a,2026-07-10,262,35089885440,1.986,,
past260,곤지02,753535edaf421891982dde5abfeb1d4f8295750b1f4857867454debc45ec9c8a,2026-07-11,262,35089885440,1.986,,
past260,곤지02,753535edaf421891982dde5abfeb1d4f8295750b1f4857867454debc45ec9c8a,2026-07-12,262,35089885440,1.986,744805,
past260,곤지02,753535edaf421891982dde5abfeb1d4f8295750b1f4857867454debc45ec9c8a,2026-07-13,262,35089885440,1.986,,
past260,곤지02,753535edaf421891982dde5abfeb1d4f8295750b1f4857867454debc45ec9c8a,2026-07-14,262,35089885440,1.986,,
past260,곤지02,753535edaf421891982dde5abfeb1d4f8295750b1f4857867454debc45ec9c8a,2026-07-15,262,35089885440,1.986,,
past260,곤지02,753535edaf421891982dde5abfeb1d4f8295750b1f4857867454debc45ec9c8a,2026-07-16,262,35089885440,1.986,,
past260,곤지02,753535edaf421891982dde5abfeb1d4f8295750b1f4857867454debc45ec9c8a,2026-07-17,262,35089885440,1.986,,
past260,곤지02,753535edaf421891982dde5abfeb1d4f8295750b1f4857867454debc45ec9c8a,2026-07-18,262,35089885440,1.986,,
past260,곤지02,753535edaf421891982dde5abfeb1d4f8295750b1f4857867454debc45ec9c8a,2026-07-19,262,35089885440,1.986,,
past260,곤지02,753535edaf421891982dde5abfeb1d4f8295750b1f4857867454debc45ec9c8a,2026-07-20,262,35089885440,1.986,744805,
past260,곤지02,753535edaf421891982dde5abfeb1d4f8295750b1f4857867454debc45ec9c8a,2026-07-21,262,35089885440,1.986,,
past260,곤지02,753535edaf421891982dde5abfeb1d4f8295750b1f4857867454debc45ec9c8a,2026-07-22,262,35089885440,1.986,,
past260,미잉캐슈,b12e4d7f20f9b5ce7d07470d73791e05,2026-06-18,262,22526115389,1.275,16364309,
past260,미잉캐슈,b12e4d7f20f9b5ce7d07470d73791e05,2026-06-19,262,22526115389,1.275,,
past260,미잉캐슈,b12e4d7f20f9b5ce7d07470d73791e05,2026-06-20,262,22526115389,1.275,,
past260,미잉캐슈,b12e4d7f20f9b5ce7d07470d73791e05,2026-06-21,262,22526115389,1.275,,
past260,미잉캐슈,b12e4d7f20f9b5ce7d07470d73791e05,2026-06-22,262,22526115389,1.275,,
past260,미잉캐슈,b12e4d7f20f9b5ce7d07470d73791e05,2026-06-23,262,22526115389,1.275,,
past260,미잉캐슈,b12e4d7f20f9b5ce7d07470d73791e05,2026-06-24,262,22526115389,1.275,,
past260,미잉캐슈,b12e4d7f20f9b5ce7d07470d73791e05,2026-06-25,262,22526115389,1.275,,
past260,미잉캐슈,b12e4d7f20f9b5ce7d07470d73791e05,2026-06-26,262,22526115389,1.275,16364309,
past260,미잉캐슈,b12e4d7f20f9b5ce7d07470d73791e05,2026-06-27,262,22526115389,1.275,,
past260,미잉캐슈,b12e4d7f20f9b5ce7d07470d73791e05,2026-06-28,262,22526115389,1.275,,
past260,미잉캐슈,b12e4d7f20f9b5ce7d07470d73791e05,2026-06-29,262,22526115389,1.275,,
past260,미잉캐슈,b12e4d7f20f9b5ce7d07470d73791e05,2026-06-30,262,22526115389,1.275,,
past260,미잉캐슈,b12e4d7f20f9b5ce7d07470d73791e05,2026-07-01,262,22526115389,1.275,,
past260,미잉캐슈,b12e4d7f20f9b5ce7d07470d73791e05,2026-07-02,262,22526115389,1.275,,
past260,미잉캐슈,b12e4d7f20f9b5ce7d07470d73791e05,2026-07-03,262,22526115389,1.275,,
past260,미잉캐슈,b12e4d7f20f9b5ce7d07470d73791e05,2026-07-04,262,22526115389,1.275,16364309,
past260,미잉캐슈,b12e4d7f20f9b5ce7d07470d73791e05,2026-07-05,262,22526115389,1.275,,
past260,미잉캐슈,b12e4d7f20f9b5ce7d07470d73791e05,2026-07-06,262,22526115389,1.275,,
past260,미잉캐슈,b12e4d7f20f9b5ce7d07470d73791e05,2026-07-07,262,22526115389,1.275,,
past260,미잉캐슈,b12e4d7f20f9b5ce7d07470d73791e05,2026-07-08,262,22526115389,1.275,,
past260,미잉캐슈,b12e4d7f20f9b5ce7d07470d73791e05,2026-07-09,262,22526115389,1.275,,
past260,미잉캐슈,b12e4d7f20f9b5ce7d07470d73791e05,2026-07-10,262,22526115389,1.275,,
past260,미잉캐슈,b12e4d7f20f9b5ce7d07470d73791e05,2026-07-11,262,22526115389,1.275,,
past260,미잉캐슈,b12e4d7f20f9b5ce7d07470d73791e05,2026-07-12,262,22526115389,1.275,16364309,
past260,미잉캐슈,b12e4d7f20f9b5ce7d07470d73791e05,2026-07-13,262,22526115389,1.275,,
past260,미잉캐슈,b12e4d7f20f9b5ce7d07470d73791e05,2026-07-14,262,22526115389,1.275,,
past260,미잉캐슈,b12e4d7f20f9b5ce7d07470d73791e05,2026-07-15,262,22526115389,1.275,,
past260,미잉캐슈,b12e4d7f20f9b5ce7d07470d73791e05,2026-07-16,262,22526115389,1.275,,
past260,미잉캐슈,b12e4d7f20f9b5ce7d07470d73791e05,2026-07-17,262,22526115389,1.275,,
past260,미잉캐슈,b12e4d7f20f9b5ce7d07470d73791e05,2026-07-18,262,22526115389,1.275,,
past260,미잉캐슈,b12e4d7f20f9b5ce7d07470d73791e05,2026-07-19,262,22526115389,1.275,,
past260,미잉캐슈,b12e4d7f20f9b5ce7d07470d73791e05,2026-07-20,262,22526115389,1.275,16364309,
past260,미잉캐슈,b12e4d7f20f9b5ce7d07470d73791e05,2026-07-21,262,22526115389,1.275,,
past260,미잉캐슈,b12e4d7f20f9b5ce7d07470d73791e05,2026-07-22,262,22526115389,1.275,,
past260,염화정,6936fd4ca030970a5bd7003771a5c350,2026-06-18,262,41397313576,2.343,4339503,
past260,염화정,6936fd4ca030970a5bd7003771a5c350,2026-06-19,262,41397313576,2.343,,
past260,염화정,6936fd4ca030970a5bd7003771a5c350,2026-06-20,262,41397313576,2.343,,
past260,염화정,6936fd4ca030970a5bd7003771a5c350,2026-06-21,262,41397313576,2.343,,
past260,염화정,6936fd4ca030970a5bd7003771a5c350,2026-06-22,262,41397313576,2.343,,
past260,염화정,6936fd4ca030970a5bd7003771a5c350,2026-06-23,262,41397313576,2.343,,
past260,염화정,6936fd4ca030970a5bd7003771a5c350,2026-06-24,262,41397313576,2.343,,
past260,염화정,6936fd4ca030970a5bd7003771a5c350,2026-06-25,262,41397313576,2.343,,
past260,염화정,6936fd4ca030970a5bd7003771a5c350,2026-06-26,262,41397313576,2.343,4339503,
past260,염화정,6936fd4ca030970a5bd7003771a5c350,2026-06-27,262,41397313576,2.343,,
past260,염화정,6936fd4ca030970a5bd7003771a5c350,2026-06-28,262,41397313576,2.343,,
past260,염화정,6936fd4ca030970a5bd7003771a5c350,2026-06-29,262,41397313576,2.343,,
past260,염화정,6936fd4ca030970a5bd7003771a5c350,2026-06-30,262,41397313576,2.343,,
past260,염화정,6936fd4ca030970a5bd7003771a5c350,2026-07-01,262,41397313576,2.343,,
past260,염화정,6936fd4ca030970a5bd7003771a5c350,2026-07-02,262,41397313576,2.343,,
past260,염화정,6936fd4ca030970a5bd7003771a5c350,2026-07-03,262,41397313576,2.343,,
past260,염화정,6936fd4ca030970a5bd7003771a5c350,2026-07-04,262,41397313576,2.343,4339503,
past260,염화정,6936fd4ca030970a5bd7003771a5c350,2026-07-05,262,41397313576,2.343,,
past260,염화정,6936fd4ca030970a5bd7003771a5c350,2026-07-06,262,41397313576,2.343,,
past260,염화정,6936fd4ca030970a5bd7003771a5c350,2026-07-07,262,41397313576,2.343,,
past260,염화정,6936fd4ca030970a5bd7003771a5c350,2026-07-08,262,41397313576,2.343,,
past260,염화정,6936fd4ca030970a5bd7003771a5c350,2026-07-09,262,41397313576,2.343,,
past260,염화정,6936fd4ca030970a5bd7003771a5c350,2026-07-10,262,41397313576,2.343,,
past260,염화정,6936fd4ca030970a5bd7003771a5c350,2026-07-11,262,41397313576,2.343,,
past260,염화정,6936fd4ca030970a5bd7003771a5c350,2026-07-12,262,41397313576,2.343,4339503,
past260,염화정,6936fd4ca030970a5bd7003771a5c350,2026-07-13,262,41397313576,2.343,,
past260,염화정,6936fd4ca030970a5bd7003771a5c350,2026-07-14,262,41397313576,2.343,,
past260,염화정,6936fd4ca030970a5bd7003771a5c350,2026-07-15,262,41397313576,2.343,,
past260,염화정,6936fd4ca030970a5bd7003771a5c350,2026-07-16,262,41397313576,2.343,,
past260,염화정,6936fd4ca030970a5bd7003771a5c350,2026-07-17,262,41397313576,2.343,,
past260,염화정,6936fd4ca030970a5bd7003771a5c350,2026-07-18,262,41397313576,2.343,,
past260,염화정,6936fd4ca030970a5bd7003771a5c350,2026-07-19,262,41397313576,2.343,,
past260,염화정,6936fd4ca030970a5bd7003771a5c350,2026-07-20,262,41397313576,2.343,4339503,
past260,염화정,6936fd4ca030970a5bd7003771a5c350,2026-07-21,262,41397313576,2.343,,
past260,염화정,6936fd4ca030970a5bd7003771a5c350,2026-07-22,262,41397313576,2.343,,
past260,추니마드,830a80d6330618b0bb48a7698f438aed,2026-06-18,262,20581635488,1.165,2361258,
past260,추니마드,830a80d6330618b0bb48a7698f438aed,2026-06-19,262,20581635488,1.165,,
past260,추니마드,830a80d6330618b0bb48a7698f438aed,2026-06-20,262,20581635488,1.165,,
past260,추니마드,830a80d6330618b0bb48a7698f438aed,2026-06-21,262,20581635488,1.165,,
past260,추니마드,830a80d6330618b0bb48a7698f438aed,2026-06-22,262,20581635488,1.165,,
past260,추니마드,830a80d6330618b0bb48a7698f438aed,2026-06-23,262,20581635488,1.165,,
past260,추니마드,830a80d6330618b0bb48a7698f438aed,2026-06-24,262,20581635488,1.165,,
past260,추니마드,830a80d6330618b0bb48a7698f438aed,2026-06-25,262,20581635488,1.165,,
past260,추니마드,830a80d6330618b0bb48a7698f438aed,2026-06-26,262,20581635488,1.165,2361258,
past260,추니마드,830a80d6330618b0bb48a7698f438aed,2026-06-27,262,20581635488,1.165,,
past260,추니마드,830a80d6330618b0bb48a7698f438aed,2026-06-28,262,20581635488,1.165,,
past260,추니마드,830a80d6330618b0bb48a7698f438aed,2026-06-29,262,20581635488,1.165,,
past260,추니마드,830a80d6330618b0bb48a7698f438aed,2026-06-30,262,20581635488,1.165,,
past260,추니마드,830a80d6330618b0bb48a7698f438aed,2026-07-01,262,20581635488,1.165,,
past260,추니마드,830a80d6330618b0bb48a7698f438aed,2026-07-02,262,20581635488,1.165,,
past260,추니마드,830a80d6330618b0bb48a7698f438aed,2026-07-03,262,20581635488,1.165,,
past260,추니마드,830a80d6330618b0bb48a7698f438aed,2026-07-04,262,20581635488,1.165,2361258,
past260,추니마드,830a80d6330618b0bb48a7698f438aed,2026-07-05,262,20581635488,1.165,,
past260,추니마드,830a80d6330618b0bb48a7698f438aed,2026-07-06,262,20581635488,1.165,,
past260,추니마드,830a80d6330618b0bb48a7698f438aed,2026-07-07,262,20581635488,1.165,,
past260,추니마드,830a80d6330618b0bb48a7698f438aed,2026-07-08,262,20581635488,1.165,,
past260,추니마드,830a80d6330618b0bb48a7698f438aed,2026-07-09,262,20581635488,1.165,,
past260,추니마드,830a80d6330618b0bb48a7698f438aed,2026-07-10,262,20581635488,1.165,,
past260,추니마드,830a80d6330618b0bb48a7698f438aed,2026-07-11,262,20581635488,1.165,,
past260,추니마드,830a80d6330618b0bb48a7698f438aed,2026-07-12,262,20581635488,1.165,2361258,
past260,추니마드,830a80d6330618b0bb48a7698f438aed,2026-07-13,262,20581635488,1.165,,
past260,추니마드,830a80d6330618b0bb48a7698f438aed,2026-07-14,262,20581635488,1.165,,
past260,추니마드,830a80d6330618b0bb48a7698f438aed,2026-07-15,262,20581635488,1.165,,
past260,추니마드,830a80d6330618b0bb48a7698f438aed,2026-07-16,262,20581635488,1.165,,
past260,추니마드,830a80d6330618b0bb48a7698f438aed,2026-07-17,262,20581635488,1.165,,
past260,추니마드,830a80d6330618b0bb48a7698f438aed,2026-07-18,262,20581635488,1.165,,
past260,추니마드,830a80d6330618b0bb48a7698f438aed,2026-07-19,262,20581635488,1.165,,
past260,추니마드,830a80d6330618b0bb48a7698f438aed,2026-07-20,262,20581635488,1.165,2361258,
past260,추니마드,830a80d6330618b0bb48a7698f438aed,2026-07-21,262,20581635488,1.165,,
past260,추니마드,830a80d6330618b0bb48a7698f438aed,2026-07-22,262,20581635488,1.165,,
past260,가챠운만렙,d70101605764112cda93e2bd742fd4b6efe8d04e6d233bd35cf2fabdeb93fb0d,2026-06-18,262,33264599177,1.883,0,
past260,가챠운만렙,d70101605764112cda93e2bd742fd4b6efe8d04e6d233bd35cf2fabdeb93fb0d,2026-06-19,262,33264599177,1.883,,
past260,가챠운만렙,d70101605764112cda93e2bd742fd4b6efe8d04e6d233bd35cf2fabdeb93fb0d,2026-06-20,262,33264599177,1.883,,
past260,가챠운만렙,d70101605764112cda93e2bd742fd4b6efe8d04e6d233bd35cf2fabdeb93fb0d,2026-06-21,262,33264599177,1.883,,
past260,가챠운만렙,d70101605764112cda93e2bd742fd4b6efe8d04e6d233bd35cf2fabdeb93fb0d,2026-06-22,262,33264599177,1.883,,
past260,가챠운만렙,d70101605764112cda93e2bd742fd4b6efe8d04e6d233bd35cf2fabdeb93fb0d,2026-06-23,262,33264599177,1.883,,
past260,가챠운만렙,d70101605764112cda93e2bd742fd4b6efe8d04e6d233bd35cf2fabdeb93fb0d,2026-06-24,262,33264599177,1.883,,
past260,가챠운만렙,d70101605764112cda93e2bd742fd4b6efe8d04e6d233bd35cf2fabdeb93fb0d,2026-06-25,262,33264599177,1.883,,
past260,가챠운만렙,d70101605764112cda93e2bd742fd4b6efe8d04e6d233bd35cf2fabdeb93fb0d,2026-06-26,262,33264599177,1.883,0,
past260,가챠운만렙,d70101605764112cda93e2bd742fd4b6efe8d04e6d233bd35cf2fabdeb93fb0d,2026-06-27,262,33264599177,1.883,,
past260,가챠운만렙,d70101605764112cda93e2bd742fd4b6efe8d04e6d233bd35cf2fabdeb93fb0d,2026-06-28,262,33264599177,1.883,,
past260,가챠운만렙,d70101605764112cda93e2bd742fd4b6efe8d04e6d233bd35cf2fabdeb93fb0d,2026-06-29,262,33264599177,1.883,,
past260,가챠운만렙,d70101605764112cda93e2bd742fd4b6efe8d04e6d233bd35cf2fabdeb93fb0d,2026-06-30,262,33264599177,1.883,,
past260,가챠운만렙,d70101605764112cda93e2bd742fd4b6efe8d04e6d233bd35cf2fabdeb93fb0d,2026-07-01,262,33264599177,1.883,,
past260,가챠운만렙,d70101605764112cda93e2bd742fd4b6efe8d04e6d233bd35cf2fabdeb93fb0d,2026-07-02,262,33264599177,1.883,,
past260,가챠운만렙,d70101605764112cda93e2bd742fd4b6efe8d04e6d233bd35cf2fabdeb93fb0d,2026-07-03,262,33264599177,1.883,,
past260,가챠운만렙,d70101605764112cda93e2bd742fd4b6efe8d04e6d233bd35cf2fabdeb93fb0d,2026-07-04,262,33264599177,1.883,0,
past260,가챠운만렙,d70101605764112cda93e2bd742fd4b6efe8d04e6d233bd35cf2fabdeb93fb0d,2026-07-05,262,33264599177,1.883,,
past260,가챠운만렙,d70101605764112cda93e2bd742fd4b6efe8d04e6d233bd35cf2fabdeb93fb0d,2026-07-06,262,33264599177,1.883,,
past260,가챠운만렙,d70101605764112cda93e2bd742fd4b6efe8d04e6d233bd35cf2fabdeb93fb0d,2026-07-07,262,33264599177,1.883,,
past260,가챠운만렙,d70101605764112cda93e2bd742fd4b6efe8d04e6d233bd35cf2fabdeb93fb0d,2026-07-08,262,33264599177,1.883,,
past260,가챠운만렙,d70101605764112cda93e2bd742fd4b6efe8d04e6d233bd35cf2fabdeb93fb0d,2026-07-09,262,33264599177,1.883,,
past260,가챠운만렙,d70101605764112cda93e2bd742fd4b6efe8d04e6d233bd35cf2fabdeb93fb0d,2026-07-10,262,33264599177,1.883,,
past260,가챠운만렙,d70101605764112cda93e2bd742fd4b6efe8d04e6d233bd35cf2fabdeb93fb0d,2026-07-11,262,33264599177,1.883,,
past260,가챠운만렙,d70101605764112cda93e2bd742fd4b6efe8d04e6d233bd35cf2fabdeb93fb0d,2026-07-12,262,33264599177,1.883,0,
past260,가챠운만렙,d70101605764112cda93e2bd742fd4b6efe8d04e6d233bd35cf2fabdeb93fb0d,2026-07-13,262,33264599177,1.883,,
past260,가챠운만렙,d70101605764112cda93e2bd742fd4b6efe8d04e6d233bd35cf2fabdeb93fb0d,2026-07-14,262,33264599177,1.883,,
past260,가챠운만렙,d70101605764112cda93e2bd742fd4b6efe8d04e6d233bd35cf2fabdeb93fb0d,2026-07-15,262,33264599177,1.883,,
past260,가챠운만렙,d70101605764112cda93e2bd742fd4b6efe8d04e6d233bd35cf2fabdeb93fb0d,2026-07-16,262,33264599177,1.883,,
past260,가챠운만렙,d70101605764112cda93e2bd742fd4b6efe8d04e6d233bd35cf2fabdeb93fb0d,2026-07-17,262,33264599177,1.883,,
past260,가챠운만렙,d70101605764112cda93e2bd742fd4b6efe8d04e6d233bd35cf2fabdeb93fb0d,2026-07-18,262,33264599177,1.883,,
past260,가챠운만렙,d70101605764112cda93e2bd742fd4b6efe8d04e6d233bd35cf2fabdeb93fb0d,2026-07-19,262,33264599177,1.883,,
past260,가챠운만렙,d70101605764112cda93e2bd742fd4b6efe8d04e6d233bd35cf2fabdeb93fb0d,2026-07-20,262,33264599177,1.883,0,
past260,가챠운만렙,d70101605764112cda93e2bd742fd4b6efe8d04e6d233bd35cf2fabdeb93fb0d,2026-07-21,262,33264599177,1.883,,
past260,가챠운만렙,d70101605764112cda93e2bd742fd4b6efe8d04e6d233bd35cf2fabdeb93fb0d,2026-07-22,262,33264599177,1.883,,
past260,Inferior,,2026-06-18,,,,,ocid_failed
past260,Inferior,,2026-06-19,,,,,ocid_failed
past260,Inferior,,2026-06-20,,,,,ocid_failed
past260,Inferior,,2026-06-21,,,,,ocid_failed
past260,Inferior,,2026-06-22,,,,,ocid_failed
past260,Inferior,,2026-06-23,,,,,ocid_failed
past260,Inferior,,2026-06-24,,,,,ocid_failed
past260,Inferior,,2026-06-25,,,,,ocid_failed
past260,Inferior,,2026-06-26,,,,,ocid_failed
past260,Inferior,,2026-06-27,,,,,ocid_failed
past260,Inferior,,2026-06-28,,,,,ocid_failed
past260,Inferior,,2026-06-29,,,,,ocid_failed
past260,Inferior,,2026-06-30,,,,,ocid_failed
past260,Inferior,,2026-07-01,,,,,ocid_failed
past260,Inferior,,2026-07-02,,,,,ocid_failed
past260,Inferior,,2026-07-03,,,,,ocid_failed
past260,Inferior,,2026-07-04,,,,,ocid_failed
past260,Inferior,,2026-07-05,,,,,ocid_failed
past260,Inferior,,2026-07-06,,,,,ocid_failed
past260,Inferior,,2026-07-07,,,,,ocid_failed
past260,Inferior,,2026-07-08,,,,,ocid_failed
past260,Inferior,,2026-07-09,,,,,ocid_failed
past260,Inferior,,2026-07-10,,,,,ocid_failed
past260,Inferior,,2026-07-11,,,,,ocid_failed
past260,Inferior,,2026-07-12,,,,,ocid_failed
past260,Inferior,,2026-07-13,,,,,ocid_failed
past260,Inferior,,2026-07-14,,,,,ocid_failed
past260,Inferior,,2026-07-15,,,,,ocid_failed
past260,Inferior,,2026-07-16,,,,,ocid_failed
past260,Inferior,,2026-07-17,,,,,ocid_failed
past260,Inferior,,2026-07-18,,,,,ocid_failed
past260,Inferior,,2026-07-19,,,,,ocid_failed
past260,Inferior,,2026-07-20,,,,,ocid_failed
past260,Inferior,,2026-07-21,,,,,ocid_failed
past260,Inferior,,2026-07-22,,,,,ocid_failed
past260,은월쓰디,f66b5821916e6da7b0c935db592f3487,2026-06-18,262,52352334837,2.963,4080310,
past260,은월쓰디,f66b5821916e6da7b0c935db592f3487,2026-06-19,262,52360184837,2.964,,
past260,은월쓰디,f66b5821916e6da7b0c935db592f3487,2026-06-20,262,52366684837,2.964,,
past260,은월쓰디,f66b5821916e6da7b0c935db592f3487,2026-06-21,262,52373184837,2.964,,
past260,은월쓰디,f66b5821916e6da7b0c935db592f3487,2026-06-22,262,52379684837,2.965,,
past260,은월쓰디,f66b5821916e6da7b0c935db592f3487,2026-06-23,262,52386184837,2.965,,
past260,은월쓰디,f66b5821916e6da7b0c935db592f3487,2026-06-24,262,52392684837,2.966,,
past260,은월쓰디,f66b5821916e6da7b0c935db592f3487,2026-06-25,262,52399184837,2.966,,
past260,은월쓰디,f66b5821916e6da7b0c935db592f3487,2026-06-26,262,52405684837,2.966,3632666,
past260,은월쓰디,f66b5821916e6da7b0c935db592f3487,2026-06-27,262,52412184837,2.967,,
past260,은월쓰디,f66b5821916e6da7b0c935db592f3487,2026-06-28,262,52418684837,2.967,,
past260,은월쓰디,f66b5821916e6da7b0c935db592f3487,2026-06-29,262,52425184837,2.967,,
past260,은월쓰디,f66b5821916e6da7b0c935db592f3487,2026-06-30,262,52431684837,2.968,,
past260,은월쓰디,f66b5821916e6da7b0c935db592f3487,2026-07-01,262,52438184837,2.968,,
past260,은월쓰디,f66b5821916e6da7b0c935db592f3487,2026-07-02,262,52444184837,2.968,,
past260,은월쓰디,f66b5821916e6da7b0c935db592f3487,2026-07-03,262,52451534837,2.969,,
past260,은월쓰디,f66b5821916e6da7b0c935db592f3487,2026-07-04,262,52459913576,2.969,3453399,
past260,은월쓰디,f66b5821916e6da7b0c935db592f3487,2026-07-05,262,52466478041,2.970,,
past260,은월쓰디,f66b5821916e6da7b0c935db592f3487,2026-07-06,262,52476276041,2.970,,
past260,은월쓰디,f66b5821916e6da7b0c935db592f3487,2026-07-07,262,52484724041,2.971,,
past260,은월쓰디,f66b5821916e6da7b0c935db592f3487,2026-07-08,262,52493172041,2.971,,
past260,은월쓰디,f66b5821916e6da7b0c935db592f3487,2026-07-09,262,52502970041,2.972,,
past260,은월쓰디,f66b5821916e6da7b0c935db592f3487,2026-07-10,262,52511418041,2.972,,
past260,은월쓰디,f66b5821916e6da7b0c935db592f3487,2026-07-11,262,52519866041,2.973,,
past260,은월쓰디,f66b5821916e6da7b0c935db592f3487,2026-07-12,262,52528314041,2.973,3696384,
past260,은월쓰디,f66b5821916e6da7b0c935db592f3487,2026-07-13,262,52538662841,2.974,,
past260,은월쓰디,f66b5821916e6da7b0c935db592f3487,2026-07-14,262,52547110841,2.974,,
past260,은월쓰디,f66b5821916e6da7b0c935db592f3487,2026-07-15,262,52559273915,2.975,,
past260,은월쓰디,f66b5821916e6da7b0c935db592f3487,2026-07-16,262,52569622715,2.976,,
past260,은월쓰디,f66b5821916e6da7b0c935db592f3487,2026-07-17,262,52578070715,2.976,,
past260,은월쓰디,f66b5821916e6da7b0c935db592f3487,2026-07-18,262,52578070715,2.976,,
past260,은월쓰디,f66b5821916e6da7b0c935db592f3487,2026-07-19,262,52590233789,2.977,,
past260,은월쓰디,f66b5821916e6da7b0c935db592f3487,2026-07-20,262,52598681789,2.977,3808736,
past260,은월쓰디,f66b5821916e6da7b0c935db592f3487,2026-07-21,262,52607129789,2.978,,
past260,은월쓰디,f66b5821916e6da7b0c935db592f3487,2026-07-22,262,52617478589,2.978,,
past260,단체톡,,2026-06-18,,,,,ocid_failed
past260,단체톡,,2026-06-19,,,,,ocid_failed
past260,단체톡,,2026-06-20,,,,,ocid_failed
past260,단체톡,,2026-06-21,,,,,ocid_failed
past260,단체톡,,2026-06-22,,,,,ocid_failed
past260,단체톡,,2026-06-23,,,,,ocid_failed
past260,단체톡,,2026-06-24,,,,,ocid_failed
past260,단체톡,,2026-06-25,,,,,ocid_failed
past260,단체톡,,2026-06-26,,,,,ocid_failed
past260,단체톡,,2026-06-27,,,,,ocid_failed
past260,단체톡,,2026-06-28,,,,,ocid_failed
past260,단체톡,,2026-06-29,,,,,ocid_failed
past260,단체톡,,2026-06-30,,,,,ocid_failed
past260,단체톡,,2026-07-01,,,,,ocid_failed
past260,단체톡,,2026-07-02,,,,,ocid_failed
past260,단체톡,,2026-07-03,,,,,ocid_failed
past260,단체톡,,2026-07-04,,,,,ocid_failed
past260,단체톡,,2026-07-05,,,,,ocid_failed
past260,단체톡,,2026-07-06,,,,,ocid_failed
past260,단체톡,,2026-07-07,,,,,ocid_failed
past260,단체톡,,2026-07-08,,,,,ocid_failed
past260,단체톡,,2026-07-09,,,,,ocid_failed
past260,단체톡,,2026-07-10,,,,,ocid_failed
past260,단체톡,,2026-07-11,,,,,ocid_failed
past260,단체톡,,2026-07-12,,,,,ocid_failed
past260,단체톡,,2026-07-13,,,,,ocid_failed
past260,단체톡,,2026-07-14,,,,,ocid_failed
past260,단체톡,,2026-07-15,,,,,ocid_failed
past260,단체톡,,2026-07-16,,,,,ocid_failed
past260,단체톡,,2026-07-17,,,,,ocid_failed
past260,단체톡,,2026-07-18,,,,,ocid_failed
past260,단체톡,,2026-07-19,,,,,ocid_failed
past260,단체톡,,2026-07-20,,,,,ocid_failed
past260,단체톡,,2026-07-21,,,,,ocid_failed
past260,단체톡,,2026-07-22,,,,,ocid_failed
past260,섹시효,162a9b0959583628786b0f3ebe2f7f2eefe8d04e6d233bd35cf2fabdeb93fb0d,2026-06-18,262,29302958480,1.659,275788,
past260,섹시효,162a9b0959583628786b0f3ebe2f7f2eefe8d04e6d233bd35cf2fabdeb93fb0d,2026-06-19,262,29302958480,1.659,,
past260,섹시효,162a9b0959583628786b0f3ebe2f7f2eefe8d04e6d233bd35cf2fabdeb93fb0d,2026-06-20,262,29302958480,1.659,,
past260,섹시효,162a9b0959583628786b0f3ebe2f7f2eefe8d04e6d233bd35cf2fabdeb93fb0d,2026-06-21,262,29302958480,1.659,,
past260,섹시효,162a9b0959583628786b0f3ebe2f7f2eefe8d04e6d233bd35cf2fabdeb93fb0d,2026-06-22,262,29302958480,1.659,,
past260,섹시효,162a9b0959583628786b0f3ebe2f7f2eefe8d04e6d233bd35cf2fabdeb93fb0d,2026-06-23,262,29302958480,1.659,,
past260,섹시효,162a9b0959583628786b0f3ebe2f7f2eefe8d04e6d233bd35cf2fabdeb93fb0d,2026-06-24,262,29302958480,1.659,,
past260,섹시효,162a9b0959583628786b0f3ebe2f7f2eefe8d04e6d233bd35cf2fabdeb93fb0d,2026-06-25,262,29302958480,1.659,,
past260,섹시효,162a9b0959583628786b0f3ebe2f7f2eefe8d04e6d233bd35cf2fabdeb93fb0d,2026-06-26,262,29302958480,1.659,275788,
past260,섹시효,162a9b0959583628786b0f3ebe2f7f2eefe8d04e6d233bd35cf2fabdeb93fb0d,2026-06-27,262,29302958480,1.659,,
past260,섹시효,162a9b0959583628786b0f3ebe2f7f2eefe8d04e6d233bd35cf2fabdeb93fb0d,2026-06-28,262,29302958480,1.659,,
past260,섹시효,162a9b0959583628786b0f3ebe2f7f2eefe8d04e6d233bd35cf2fabdeb93fb0d,2026-06-29,262,29302958480,1.659,,
past260,섹시효,162a9b0959583628786b0f3ebe2f7f2eefe8d04e6d233bd35cf2fabdeb93fb0d,2026-06-30,262,29302958480,1.659,,
past260,섹시효,162a9b0959583628786b0f3ebe2f7f2eefe8d04e6d233bd35cf2fabdeb93fb0d,2026-07-01,262,29302958480,1.659,,
past260,섹시효,162a9b0959583628786b0f3ebe2f7f2eefe8d04e6d233bd35cf2fabdeb93fb0d,2026-07-02,262,29302958480,1.659,,
past260,섹시효,162a9b0959583628786b0f3ebe2f7f2eefe8d04e6d233bd35cf2fabdeb93fb0d,2026-07-03,262,29302958480,1.659,,
past260,섹시효,162a9b0959583628786b0f3ebe2f7f2eefe8d04e6d233bd35cf2fabdeb93fb0d,2026-07-04,262,29302958480,1.659,275788,
past260,섹시효,162a9b0959583628786b0f3ebe2f7f2eefe8d04e6d233bd35cf2fabdeb93fb0d,2026-07-05,262,29302958480,1.659,,
past260,섹시효,162a9b0959583628786b0f3ebe2f7f2eefe8d04e6d233bd35cf2fabdeb93fb0d,2026-07-06,262,29302958480,1.659,,
past260,섹시효,162a9b0959583628786b0f3ebe2f7f2eefe8d04e6d233bd35cf2fabdeb93fb0d,2026-07-07,262,29302958480,1.659,,
past260,섹시효,162a9b0959583628786b0f3ebe2f7f2eefe8d04e6d233bd35cf2fabdeb93fb0d,2026-07-08,262,29302958480,1.659,,
past260,섹시효,162a9b0959583628786b0f3ebe2f7f2eefe8d04e6d233bd35cf2fabdeb93fb0d,2026-07-09,262,29302958480,1.659,,
past260,섹시효,162a9b0959583628786b0f3ebe2f7f2eefe8d04e6d233bd35cf2fabdeb93fb0d,2026-07-10,262,29302958480,1.659,,
past260,섹시효,162a9b0959583628786b0f3ebe2f7f2eefe8d04e6d233bd35cf2fabdeb93fb0d,2026-07-11,262,29302958480,1.659,,
past260,섹시효,162a9b0959583628786b0f3ebe2f7f2eefe8d04e6d233bd35cf2fabdeb93fb0d,2026-07-12,262,29302958480,1.659,275788,
past260,섹시효,162a9b0959583628786b0f3ebe2f7f2eefe8d04e6d233bd35cf2fabdeb93fb0d,2026-07-13,262,29302958480,1.659,,
past260,섹시효,162a9b0959583628786b0f3ebe2f7f2eefe8d04e6d233bd35cf2fabdeb93fb0d,2026-07-14,262,29302958480,1.659,,
past260,섹시효,162a9b0959583628786b0f3ebe2f7f2eefe8d04e6d233bd35cf2fabdeb93fb0d,2026-07-15,262,29302958480,1.659,,
past260,섹시효,162a9b0959583628786b0f3ebe2f7f2eefe8d04e6d233bd35cf2fabdeb93fb0d,2026-07-16,262,29302958480,1.659,,
past260,섹시효,162a9b0959583628786b0f3ebe2f7f2eefe8d04e6d233bd35cf2fabdeb93fb0d,2026-07-17,262,29302958480,1.659,,
past260,섹시효,162a9b0959583628786b0f3ebe2f7f2eefe8d04e6d233bd35cf2fabdeb93fb0d,2026-07-18,262,29302958480,1.659,,
past260,섹시효,162a9b0959583628786b0f3ebe2f7f2eefe8d04e6d233bd35cf2fabdeb93fb0d,2026-07-19,262,29302958480,1.659,,
past260,섹시효,162a9b0959583628786b0f3ebe2f7f2eefe8d04e6d233bd35cf2fabdeb93fb0d,2026-07-20,262,29302958480,1.659,275788,
past260,섹시효,162a9b0959583628786b0f3ebe2f7f2eefe8d04e6d233bd35cf2fabdeb93fb0d,2026-07-21,262,29302958480,1.659,,
past260,섹시효,162a9b0959583628786b0f3ebe2f7f2eefe8d04e6d233bd35cf2fabdeb93fb0d,2026-07-22,262,29302958480,1.659,,
past260,삼맹꽁,86cdf1e35e899834430e9985a399747f,2026-06-18,262,50525819307,2.860,15578951,
past260,삼맹꽁,86cdf1e35e899834430e9985a399747f,2026-06-19,262,50525819307,2.860,,
past260,삼맹꽁,86cdf1e35e899834430e9985a399747f,2026-06-20,262,50525819307,2.860,,
past260,삼맹꽁,86cdf1e35e899834430e9985a399747f,2026-06-21,262,50525819307,2.860,,
past260,삼맹꽁,86cdf1e35e899834430e9985a399747f,2026-06-22,262,50525819307,2.860,,
past260,삼맹꽁,86cdf1e35e899834430e9985a399747f,2026-06-23,262,50525819307,2.860,,
past260,삼맹꽁,86cdf1e35e899834430e9985a399747f,2026-06-24,262,50525819307,2.860,,
past260,삼맹꽁,86cdf1e35e899834430e9985a399747f,2026-06-25,262,50525819307,2.860,,
past260,삼맹꽁,86cdf1e35e899834430e9985a399747f,2026-06-26,262,50525819307,2.860,15578951,
past260,삼맹꽁,86cdf1e35e899834430e9985a399747f,2026-06-27,262,50525819307,2.860,,
past260,삼맹꽁,86cdf1e35e899834430e9985a399747f,2026-06-28,262,50525819307,2.860,,
past260,삼맹꽁,86cdf1e35e899834430e9985a399747f,2026-06-29,262,50525819307,2.860,,
past260,삼맹꽁,86cdf1e35e899834430e9985a399747f,2026-06-30,262,50525819307,2.860,,
past260,삼맹꽁,86cdf1e35e899834430e9985a399747f,2026-07-01,262,50525819307,2.860,,
past260,삼맹꽁,86cdf1e35e899834430e9985a399747f,2026-07-02,262,50525819307,2.860,,
past260,삼맹꽁,86cdf1e35e899834430e9985a399747f,2026-07-03,262,50525819307,2.860,,
past260,삼맹꽁,86cdf1e35e899834430e9985a399747f,2026-07-04,262,50525819307,2.860,15578951,
past260,삼맹꽁,86cdf1e35e899834430e9985a399747f,2026-07-05,262,50525819307,2.860,,
past260,삼맹꽁,86cdf1e35e899834430e9985a399747f,2026-07-06,262,50525819307,2.860,,
past260,삼맹꽁,86cdf1e35e899834430e9985a399747f,2026-07-07,262,50525819307,2.860,,
past260,삼맹꽁,86cdf1e35e899834430e9985a399747f,2026-07-08,262,50525819307,2.860,,
past260,삼맹꽁,86cdf1e35e899834430e9985a399747f,2026-07-09,262,50525819307,2.860,,
past260,삼맹꽁,86cdf1e35e899834430e9985a399747f,2026-07-10,262,50525819307,2.860,,
past260,삼맹꽁,86cdf1e35e899834430e9985a399747f,2026-07-11,262,50525819307,2.860,,
past260,삼맹꽁,86cdf1e35e899834430e9985a399747f,2026-07-12,262,50525819307,2.860,15578951,
past260,삼맹꽁,86cdf1e35e899834430e9985a399747f,2026-07-13,262,50525819307,2.860,,
past260,삼맹꽁,86cdf1e35e899834430e9985a399747f,2026-07-14,262,50525819307,2.860,,
past260,삼맹꽁,86cdf1e35e899834430e9985a399747f,2026-07-15,262,50525819307,2.860,,
past260,삼맹꽁,86cdf1e35e899834430e9985a399747f,2026-07-16,262,50525819307,2.860,,
past260,삼맹꽁,86cdf1e35e899834430e9985a399747f,2026-07-17,262,50525819307,2.860,,
past260,삼맹꽁,86cdf1e35e899834430e9985a399747f,2026-07-18,262,50525819307,2.860,,
past260,삼맹꽁,86cdf1e35e899834430e9985a399747f,2026-07-19,262,50525819307,2.860,,
past260,삼맹꽁,86cdf1e35e899834430e9985a399747f,2026-07-20,262,50525819307,2.860,15578951,
past260,삼맹꽁,86cdf1e35e899834430e9985a399747f,2026-07-21,262,50525819307,2.860,,
past260,삼맹꽁,86cdf1e35e899834430e9985a399747f,2026-07-22,262,50525819307,2.860,,
past260,릉무릉,84fd74f03d9a3a190530b90679cb61ea,2026-06-18,262,24760812007,1.402,16285177,
past260,릉무릉,84fd74f03d9a3a190530b90679cb61ea,2026-06-19,262,24760812007,1.402,,
past260,릉무릉,84fd74f03d9a3a190530b90679cb61ea,2026-06-20,262,24760812007,1.402,,
past260,릉무릉,84fd74f03d9a3a190530b90679cb61ea,2026-06-21,262,24760812007,1.402,,
past260,릉무릉,84fd74f03d9a3a190530b90679cb61ea,2026-06-22,262,24760812007,1.402,,
past260,릉무릉,84fd74f03d9a3a190530b90679cb61ea,2026-06-23,262,24760812007,1.402,,
past260,릉무릉,84fd74f03d9a3a190530b90679cb61ea,2026-06-24,262,24760812007,1.402,,
past260,릉무릉,84fd74f03d9a3a190530b90679cb61ea,2026-06-25,262,24760812007,1.402,,
past260,릉무릉,84fd74f03d9a3a190530b90679cb61ea,2026-06-26,262,24760812007,1.402,16285177,
past260,릉무릉,84fd74f03d9a3a190530b90679cb61ea,2026-06-27,262,24760812007,1.402,,
past260,릉무릉,84fd74f03d9a3a190530b90679cb61ea,2026-06-28,262,24760812007,1.402,,
past260,릉무릉,84fd74f03d9a3a190530b90679cb61ea,2026-06-29,262,24760812007,1.402,,
past260,릉무릉,84fd74f03d9a3a190530b90679cb61ea,2026-06-30,262,24760812007,1.402,,
past260,릉무릉,84fd74f03d9a3a190530b90679cb61ea,2026-07-01,262,24760812007,1.402,,
past260,릉무릉,84fd74f03d9a3a190530b90679cb61ea,2026-07-02,262,24760812007,1.402,,
past260,릉무릉,84fd74f03d9a3a190530b90679cb61ea,2026-07-03,262,24760812007,1.402,,
past260,릉무릉,84fd74f03d9a3a190530b90679cb61ea,2026-07-04,262,24760812007,1.402,16285177,
past260,릉무릉,84fd74f03d9a3a190530b90679cb61ea,2026-07-05,262,24760812007,1.402,,
past260,릉무릉,84fd74f03d9a3a190530b90679cb61ea,2026-07-06,262,24760812007,1.402,,
past260,릉무릉,84fd74f03d9a3a190530b90679cb61ea,2026-07-07,262,24760812007,1.402,,
past260,릉무릉,84fd74f03d9a3a190530b90679cb61ea,2026-07-08,262,24760812007,1.402,,
past260,릉무릉,84fd74f03d9a3a190530b90679cb61ea,2026-07-09,262,24760812007,1.402,,
past260,릉무릉,84fd74f03d9a3a190530b90679cb61ea,2026-07-10,262,24760812007,1.402,,
past260,릉무릉,84fd74f03d9a3a190530b90679cb61ea,2026-07-11,262,24760812007,1.402,,
past260,릉무릉,84fd74f03d9a3a190530b90679cb61ea,2026-07-12,262,24760812007,1.402,16285177,
past260,릉무릉,84fd74f03d9a3a190530b90679cb61ea,2026-07-13,262,24760812007,1.402,,
past260,릉무릉,84fd74f03d9a3a190530b90679cb61ea,2026-07-14,262,24760812007,1.402,,
past260,릉무릉,84fd74f03d9a3a190530b90679cb61ea,2026-07-15,262,24760812007,1.402,,
past260,릉무릉,84fd74f03d9a3a190530b90679cb61ea,2026-07-16,262,24760812007,1.402,,
past260,릉무릉,84fd74f03d9a3a190530b90679cb61ea,2026-07-17,262,24760812007,1.402,,
past260,릉무릉,84fd74f03d9a3a190530b90679cb61ea,2026-07-18,262,24760812007,1.402,,
past260,릉무릉,84fd74f03d9a3a190530b90679cb61ea,2026-07-19,262,24760812007,1.402,,
past260,릉무릉,84fd74f03d9a3a190530b90679cb61ea,2026-07-20,262,24760812007,1.402,16285177,
past260,릉무릉,84fd74f03d9a3a190530b90679cb61ea,2026-07-21,262,24760812007,1.402,,
past260,릉무릉,84fd74f03d9a3a190530b90679cb61ea,2026-07-22,262,24760812007,1.402,,
past260,무창루미,398c0e2963c372228495252b08c4489d,2026-06-18,262,21516725331,1.218,4857485,
past260,무창루미,398c0e2963c372228495252b08c4489d,2026-06-19,262,21516725331,1.218,,
past260,무창루미,398c0e2963c372228495252b08c4489d,2026-06-20,262,21516725331,1.218,,
past260,무창루미,398c0e2963c372228495252b08c4489d,2026-06-21,262,21516725331,1.218,,
past260,무창루미,398c0e2963c372228495252b08c4489d,2026-06-22,262,21516725331,1.218,,
past260,무창루미,398c0e2963c372228495252b08c4489d,2026-06-23,262,21516725331,1.218,,
past260,무창루미,398c0e2963c372228495252b08c4489d,2026-06-24,262,21516725331,1.218,,
past260,무창루미,398c0e2963c372228495252b08c4489d,2026-06-25,262,21516725331,1.218,,
past260,무창루미,398c0e2963c372228495252b08c4489d,2026-06-26,262,21516725331,1.218,4857485,
past260,무창루미,398c0e2963c372228495252b08c4489d,2026-06-27,262,21516725331,1.218,,
past260,무창루미,398c0e2963c372228495252b08c4489d,2026-06-28,262,21516725331,1.218,,
past260,무창루미,398c0e2963c372228495252b08c4489d,2026-06-29,262,21516725331,1.218,,
past260,무창루미,398c0e2963c372228495252b08c4489d,2026-06-30,262,21516725331,1.218,,
past260,무창루미,398c0e2963c372228495252b08c4489d,2026-07-01,262,21516725331,1.218,,
past260,무창루미,398c0e2963c372228495252b08c4489d,2026-07-02,262,21516725331,1.218,,
past260,무창루미,398c0e2963c372228495252b08c4489d,2026-07-03,262,21516725331,1.218,,
past260,무창루미,398c0e2963c372228495252b08c4489d,2026-07-04,262,21516725331,1.218,4857485,
past260,무창루미,398c0e2963c372228495252b08c4489d,2026-07-05,262,21516725331,1.218,,
past260,무창루미,398c0e2963c372228495252b08c4489d,2026-07-06,262,21516725331,1.218,,
past260,무창루미,398c0e2963c372228495252b08c4489d,2026-07-07,262,21516725331,1.218,,
past260,무창루미,398c0e2963c372228495252b08c4489d,2026-07-08,262,21516725331,1.218,,
past260,무창루미,398c0e2963c372228495252b08c4489d,2026-07-09,262,21516725331,1.218,,
past260,무창루미,398c0e2963c372228495252b08c4489d,2026-07-10,262,21516725331,1.218,,
past260,무창루미,398c0e2963c372228495252b08c4489d,2026-07-11,262,21516725331,1.218,,
past260,무창루미,398c0e2963c372228495252b08c4489d,2026-07-12,262,21516725331,1.218,4857485,
past260,무창루미,398c0e2963c372228495252b08c4489d,2026-07-13,262,21516725331,1.218,,
past260,무창루미,398c0e2963c372228495252b08c4489d,2026-07-14,262,21516725331,1.218,,
past260,무창루미,398c0e2963c372228495252b08c4489d,2026-07-15,262,21516725331,1.218,,
past260,무창루미,398c0e2963c372228495252b08c4489d,2026-07-16,262,21516725331,1.218,,
past260,무창루미,398c0e2963c372228495252b08c4489d,2026-07-17,262,21516725331,1.218,,
past260,무창루미,398c0e2963c372228495252b08c4489d,2026-07-18,262,21516725331,1.218,,
past260,무창루미,398c0e2963c372228495252b08c4489d,2026-07-19,262,21516725331,1.218,,
past260,무창루미,398c0e2963c372228495252b08c4489d,2026-07-20,262,21516725331,1.218,4857485,
past260,무창루미,398c0e2963c372228495252b08c4489d,2026-07-21,262,21516725331,1.218,,
past260,무창루미,398c0e2963c372228495252b08c4489d,2026-07-22,262,21516725331,1.218,,
past260,스르륵슥샥,7bc9a81f9a29439bf437e87f04c29750,2026-06-18,262,35166453866,1.990,5174119,
past260,스르륵슥샥,7bc9a81f9a29439bf437e87f04c29750,2026-06-19,262,35166453866,1.990,,
past260,스르륵슥샥,7bc9a81f9a29439bf437e87f04c29750,2026-06-20,262,35166453866,1.990,,
past260,스르륵슥샥,7bc9a81f9a29439bf437e87f04c29750,2026-06-21,262,35166453866,1.990,,
past260,스르륵슥샥,7bc9a81f9a29439bf437e87f04c29750,2026-06-22,262,35166453866,1.990,,
past260,스르륵슥샥,7bc9a81f9a29439bf437e87f04c29750,2026-06-23,262,35166453866,1.990,,
past260,스르륵슥샥,7bc9a81f9a29439bf437e87f04c29750,2026-06-24,262,35166453866,1.990,,
past260,스르륵슥샥,7bc9a81f9a29439bf437e87f04c29750,2026-06-25,262,35166453866,1.990,,
past260,스르륵슥샥,7bc9a81f9a29439bf437e87f04c29750,2026-06-26,262,35166453866,1.990,5174119,
past260,스르륵슥샥,7bc9a81f9a29439bf437e87f04c29750,2026-06-27,262,35166453866,1.990,,
past260,스르륵슥샥,7bc9a81f9a29439bf437e87f04c29750,2026-06-28,262,35166453866,1.990,,
past260,스르륵슥샥,7bc9a81f9a29439bf437e87f04c29750,2026-06-29,262,35166453866,1.990,,
past260,스르륵슥샥,7bc9a81f9a29439bf437e87f04c29750,2026-06-30,262,35166453866,1.990,,
past260,스르륵슥샥,7bc9a81f9a29439bf437e87f04c29750,2026-07-01,262,35166453866,1.990,,
past260,스르륵슥샥,7bc9a81f9a29439bf437e87f04c29750,2026-07-02,262,35166453866,1.990,,
past260,스르륵슥샥,7bc9a81f9a29439bf437e87f04c29750,2026-07-03,262,35166453866,1.990,,
past260,스르륵슥샥,7bc9a81f9a29439bf437e87f04c29750,2026-07-04,262,35166453866,1.990,5174119,
past260,스르륵슥샥,7bc9a81f9a29439bf437e87f04c29750,2026-07-05,262,35166453866,1.990,,
past260,스르륵슥샥,7bc9a81f9a29439bf437e87f04c29750,2026-07-06,262,35166453866,1.990,,
past260,스르륵슥샥,7bc9a81f9a29439bf437e87f04c29750,2026-07-07,262,35166453866,1.990,,
past260,스르륵슥샥,7bc9a81f9a29439bf437e87f04c29750,2026-07-08,262,35166453866,1.990,,
past260,스르륵슥샥,7bc9a81f9a29439bf437e87f04c29750,2026-07-09,262,35166453866,1.990,,
past260,스르륵슥샥,7bc9a81f9a29439bf437e87f04c29750,2026-07-10,262,35166453866,1.990,,
past260,스르륵슥샥,7bc9a81f9a29439bf437e87f04c29750,2026-07-11,262,35166453866,1.990,,
past260,스르륵슥샥,7bc9a81f9a29439bf437e87f04c29750,2026-07-12,262,35166453866,1.990,5174119,
past260,스르륵슥샥,7bc9a81f9a29439bf437e87f04c29750,2026-07-13,262,35166453866,1.990,,
past260,스르륵슥샥,7bc9a81f9a29439bf437e87f04c29750,2026-07-14,262,35166453866,1.990,,
past260,스르륵슥샥,7bc9a81f9a29439bf437e87f04c29750,2026-07-15,262,35249630996,1.995,,
past260,스르륵슥샥,7bc9a81f9a29439bf437e87f04c29750,2026-07-16,262,35330054126,2.000,,
past260,스르륵슥샥,7bc9a81f9a29439bf437e87f04c29750,2026-07-17,262,35330054126,2.000,,
past260,스르륵슥샥,7bc9a81f9a29439bf437e87f04c29750,2026-07-18,262,35330054126,2.000,,
past260,스르륵슥샥,7bc9a81f9a29439bf437e87f04c29750,2026-07-19,262,35330054126,2.000,,
past260,스르륵슥샥,7bc9a81f9a29439bf437e87f04c29750,2026-07-20,262,35330054126,2.000,5077636,
past260,스르륵슥샥,7bc9a81f9a29439bf437e87f04c29750,2026-07-21,262,35330054126,2.000,,
past260,스르륵슥샥,7bc9a81f9a29439bf437e87f04c29750,2026-07-22,262,35330054126,2.000,,
past260,십만치,5c1ac9126c029d3f5072c919003c67d54723574b05820acf03e7ec3162ff5bed,2026-06-18,262,20418214318,1.156,1804092,
past260,십만치,5c1ac9126c029d3f5072c919003c67d54723574b05820acf03e7ec3162ff5bed,2026-06-19,262,20418214318,1.156,,
past260,십만치,5c1ac9126c029d3f5072c919003c67d54723574b05820acf03e7ec3162ff5bed,2026-06-20,262,20418214318,1.156,,
past260,십만치,5c1ac9126c029d3f5072c919003c67d54723574b05820acf03e7ec3162ff5bed,2026-06-21,262,20418214318,1.156,,
past260,십만치,5c1ac9126c029d3f5072c919003c67d54723574b05820acf03e7ec3162ff5bed,2026-06-22,262,20418214318,1.156,,
past260,십만치,5c1ac9126c029d3f5072c919003c67d54723574b05820acf03e7ec3162ff5bed,2026-06-23,262,20418214318,1.156,,
past260,십만치,5c1ac9126c029d3f5072c919003c67d54723574b05820acf03e7ec3162ff5bed,2026-06-24,262,20418214318,1.156,,
past260,십만치,5c1ac9126c029d3f5072c919003c67d54723574b05820acf03e7ec3162ff5bed,2026-06-25,262,20418214318,1.156,,
past260,십만치,5c1ac9126c029d3f5072c919003c67d54723574b05820acf03e7ec3162ff5bed,2026-06-26,262,20418214318,1.156,1804092,
past260,십만치,5c1ac9126c029d3f5072c919003c67d54723574b05820acf03e7ec3162ff5bed,2026-06-27,262,20418214318,1.156,,
past260,십만치,5c1ac9126c029d3f5072c919003c67d54723574b05820acf03e7ec3162ff5bed,2026-06-28,262,20418214318,1.156,,
past260,십만치,5c1ac9126c029d3f5072c919003c67d54723574b05820acf03e7ec3162ff5bed,2026-06-29,262,20418214318,1.156,,
past260,십만치,5c1ac9126c029d3f5072c919003c67d54723574b05820acf03e7ec3162ff5bed,2026-06-30,262,20418214318,1.156,,
past260,십만치,5c1ac9126c029d3f5072c919003c67d54723574b05820acf03e7ec3162ff5bed,2026-07-01,262,20418214318,1.156,,
past260,십만치,5c1ac9126c029d3f5072c919003c67d54723574b05820acf03e7ec3162ff5bed,2026-07-02,262,20418214318,1.156,,
past260,십만치,5c1ac9126c029d3f5072c919003c67d54723574b05820acf03e7ec3162ff5bed,2026-07-03,262,20418214318,1.156,,
past260,십만치,5c1ac9126c029d3f5072c919003c67d54723574b05820acf03e7ec3162ff5bed,2026-07-04,262,20418214318,1.156,1804092,
past260,십만치,5c1ac9126c029d3f5072c919003c67d54723574b05820acf03e7ec3162ff5bed,2026-07-05,262,20418214318,1.156,,
past260,십만치,5c1ac9126c029d3f5072c919003c67d54723574b05820acf03e7ec3162ff5bed,2026-07-06,262,20418214318,1.156,,
past260,십만치,5c1ac9126c029d3f5072c919003c67d54723574b05820acf03e7ec3162ff5bed,2026-07-07,262,20418214318,1.156,,
past260,십만치,5c1ac9126c029d3f5072c919003c67d54723574b05820acf03e7ec3162ff5bed,2026-07-08,262,20418214318,1.156,,
past260,십만치,5c1ac9126c029d3f5072c919003c67d54723574b05820acf03e7ec3162ff5bed,2026-07-09,262,20418214318,1.156,,
past260,십만치,5c1ac9126c029d3f5072c919003c67d54723574b05820acf03e7ec3162ff5bed,2026-07-10,262,20418214318,1.156,,
past260,십만치,5c1ac9126c029d3f5072c919003c67d54723574b05820acf03e7ec3162ff5bed,2026-07-11,262,20418214318,1.156,,
past260,십만치,5c1ac9126c029d3f5072c919003c67d54723574b05820acf03e7ec3162ff5bed,2026-07-12,262,20418214318,1.156,1804092,
past260,십만치,5c1ac9126c029d3f5072c919003c67d54723574b05820acf03e7ec3162ff5bed,2026-07-13,262,20418214318,1.156,,
past260,십만치,5c1ac9126c029d3f5072c919003c67d54723574b05820acf03e7ec3162ff5bed,2026-07-14,262,20418214318,1.156,,
past260,십만치,5c1ac9126c029d3f5072c919003c67d54723574b05820acf03e7ec3162ff5bed,2026-07-15,262,20418214318,1.156,,
past260,십만치,5c1ac9126c029d3f5072c919003c67d54723574b05820acf03e7ec3162ff5bed,2026-07-16,262,20418214318,1.156,,
past260,십만치,5c1ac9126c029d3f5072c919003c67d54723574b05820acf03e7ec3162ff5bed,2026-07-17,262,20418214318,1.156,,
past260,십만치,5c1ac9126c029d3f5072c919003c67d54723574b05820acf03e7ec3162ff5bed,2026-07-18,262,20418214318,1.156,,
past260,십만치,5c1ac9126c029d3f5072c919003c67d54723574b05820acf03e7ec3162ff5bed,2026-07-19,262,20418214318,1.156,,
past260,십만치,5c1ac9126c029d3f5072c919003c67d54723574b05820acf03e7ec3162ff5bed,2026-07-20,262,20418214318,1.156,1804092,
past260,십만치,5c1ac9126c029d3f5072c919003c67d54723574b05820acf03e7ec3162ff5bed,2026-07-21,262,20418214318,1.156,,
past260,십만치,5c1ac9126c029d3f5072c919003c67d54723574b05820acf03e7ec3162ff5bed,2026-07-22,262,20418214318,1.156,,
past260,찌릿단미,8f2831949e247107c55bb12876493987,2026-06-18,262,55762229608,3.156,1930969,
past260,찌릿단미,8f2831949e247107c55bb12876493987,2026-06-19,262,55762229608,3.156,,
past260,찌릿단미,8f2831949e247107c55bb12876493987,2026-06-20,262,55762229608,3.156,,
past260,찌릿단미,8f2831949e247107c55bb12876493987,2026-06-21,262,55762229608,3.156,,
past260,찌릿단미,8f2831949e247107c55bb12876493987,2026-06-22,262,55762229608,3.156,,
past260,찌릿단미,8f2831949e247107c55bb12876493987,2026-06-23,262,55762229608,3.156,,
past260,찌릿단미,8f2831949e247107c55bb12876493987,2026-06-24,262,55762229608,3.156,,
past260,찌릿단미,8f2831949e247107c55bb12876493987,2026-06-25,262,55762229608,3.156,,
past260,찌릿단미,8f2831949e247107c55bb12876493987,2026-06-26,262,55762229608,3.156,1930969,
past260,찌릿단미,8f2831949e247107c55bb12876493987,2026-06-27,262,55762229608,3.156,,
past260,찌릿단미,8f2831949e247107c55bb12876493987,2026-06-28,262,55762229608,3.156,,
past260,찌릿단미,8f2831949e247107c55bb12876493987,2026-06-29,262,55762229608,3.156,,
past260,찌릿단미,8f2831949e247107c55bb12876493987,2026-06-30,262,55762229608,3.156,,
past260,찌릿단미,8f2831949e247107c55bb12876493987,2026-07-01,262,55762229608,3.156,,
past260,찌릿단미,8f2831949e247107c55bb12876493987,2026-07-02,262,55762229608,3.156,,
past260,찌릿단미,8f2831949e247107c55bb12876493987,2026-07-03,262,55762229608,3.156,,
past260,찌릿단미,8f2831949e247107c55bb12876493987,2026-07-04,262,55762229608,3.156,1930969,
past260,찌릿단미,8f2831949e247107c55bb12876493987,2026-07-05,262,55762229608,3.156,,
past260,찌릿단미,8f2831949e247107c55bb12876493987,2026-07-06,262,55762229608,3.156,,
past260,찌릿단미,8f2831949e247107c55bb12876493987,2026-07-07,262,55762229608,3.156,,
past260,찌릿단미,8f2831949e247107c55bb12876493987,2026-07-08,262,55762229608,3.156,,
past260,찌릿단미,8f2831949e247107c55bb12876493987,2026-07-09,262,55762229608,3.156,,
past260,찌릿단미,8f2831949e247107c55bb12876493987,2026-07-10,262,55762229608,3.156,,
past260,찌릿단미,8f2831949e247107c55bb12876493987,2026-07-11,262,55762229608,3.156,,
past260,찌릿단미,8f2831949e247107c55bb12876493987,2026-07-12,262,55762229608,3.156,1930969,
past260,찌릿단미,8f2831949e247107c55bb12876493987,2026-07-13,262,55762229608,3.156,,
past260,찌릿단미,8f2831949e247107c55bb12876493987,2026-07-14,262,55762229608,3.156,,
past260,찌릿단미,8f2831949e247107c55bb12876493987,2026-07-15,262,55762229608,3.156,,
past260,찌릿단미,8f2831949e247107c55bb12876493987,2026-07-16,262,55762229608,3.156,,
past260,찌릿단미,8f2831949e247107c55bb12876493987,2026-07-17,262,55762229608,3.156,,
past260,찌릿단미,8f2831949e247107c55bb12876493987,2026-07-18,262,55762229608,3.156,,
past260,찌릿단미,8f2831949e247107c55bb12876493987,2026-07-19,262,55762229608,3.156,,
past260,찌릿단미,8f2831949e247107c55bb12876493987,2026-07-20,262,55762229608,3.156,1930969,
past260,찌릿단미,8f2831949e247107c55bb12876493987,2026-07-21,262,55762229608,3.156,,
past260,찌릿단미,8f2831949e247107c55bb12876493987,2026-07-22,262,55762229608,3.156,,
past260,아주빠른와헌,020c28e0be0b02a1d1f769419353d62e,2026-06-18,262,55378693750,3.135,853987,
past260,아주빠른와헌,020c28e0be0b02a1d1f769419353d62e,2026-06-19,262,55378693750,3.135,,
past260,아주빠른와헌,020c28e0be0b02a1d1f769419353d62e,2026-06-20,262,55378693750,3.135,,
past260,아주빠른와헌,020c28e0be0b02a1d1f769419353d62e,2026-06-21,262,55378693750,3.135,,
past260,아주빠른와헌,020c28e0be0b02a1d1f769419353d62e,2026-06-22,262,55378693750,3.135,,
past260,아주빠른와헌,020c28e0be0b02a1d1f769419353d62e,2026-06-23,262,55378693750,3.135,,
past260,아주빠른와헌,020c28e0be0b02a1d1f769419353d62e,2026-06-24,262,55378693750,3.135,,
past260,아주빠른와헌,020c28e0be0b02a1d1f769419353d62e,2026-06-25,262,55378693750,3.135,,
past260,아주빠른와헌,020c28e0be0b02a1d1f769419353d62e,2026-06-26,262,55378693750,3.135,853987,
past260,아주빠른와헌,020c28e0be0b02a1d1f769419353d62e,2026-06-27,262,55378693750,3.135,,
past260,아주빠른와헌,020c28e0be0b02a1d1f769419353d62e,2026-06-28,262,55378693750,3.135,,
past260,아주빠른와헌,020c28e0be0b02a1d1f769419353d62e,2026-06-29,262,55378693750,3.135,,
past260,아주빠른와헌,020c28e0be0b02a1d1f769419353d62e,2026-06-30,262,55378693750,3.135,,
past260,아주빠른와헌,020c28e0be0b02a1d1f769419353d62e,2026-07-01,262,55378693750,3.135,,
past260,아주빠른와헌,020c28e0be0b02a1d1f769419353d62e,2026-07-02,262,55378693750,3.135,,
past260,아주빠른와헌,020c28e0be0b02a1d1f769419353d62e,2026-07-03,262,55378693750,3.135,,
past260,아주빠른와헌,020c28e0be0b02a1d1f769419353d62e,2026-07-04,262,55378693750,3.135,853987,
past260,아주빠른와헌,020c28e0be0b02a1d1f769419353d62e,2026-07-05,262,55378693750,3.135,,
past260,아주빠른와헌,020c28e0be0b02a1d1f769419353d62e,2026-07-06,262,55378693750,3.135,,
past260,아주빠른와헌,020c28e0be0b02a1d1f769419353d62e,2026-07-07,262,55378693750,3.135,,
past260,아주빠른와헌,020c28e0be0b02a1d1f769419353d62e,2026-07-08,262,55378693750,3.135,,
past260,아주빠른와헌,020c28e0be0b02a1d1f769419353d62e,2026-07-09,262,55378693750,3.135,,
past260,아주빠른와헌,020c28e0be0b02a1d1f769419353d62e,2026-07-10,262,55378693750,3.135,,
past260,아주빠른와헌,020c28e0be0b02a1d1f769419353d62e,2026-07-11,262,55378693750,3.135,,
past260,아주빠른와헌,020c28e0be0b02a1d1f769419353d62e,2026-07-12,262,55378693750,3.135,853987,
past260,아주빠른와헌,020c28e0be0b02a1d1f769419353d62e,2026-07-13,262,55378693750,3.135,,
past260,아주빠른와헌,020c28e0be0b02a1d1f769419353d62e,2026-07-14,262,55378693750,3.135,,
past260,아주빠른와헌,020c28e0be0b02a1d1f769419353d62e,2026-07-15,262,55378693750,3.135,,
past260,아주빠른와헌,020c28e0be0b02a1d1f769419353d62e,2026-07-16,262,55378693750,3.135,,
past260,아주빠른와헌,020c28e0be0b02a1d1f769419353d62e,2026-07-17,262,55378693750,3.135,,
past260,아주빠른와헌,020c28e0be0b02a1d1f769419353d62e,2026-07-18,262,55378693750,3.135,,
past260,아주빠른와헌,020c28e0be0b02a1d1f769419353d62e,2026-07-19,262,55378693750,3.135,,
past260,아주빠른와헌,020c28e0be0b02a1d1f769419353d62e,2026-07-20,262,55378693750,3.135,853987,
past260,아주빠른와헌,020c28e0be0b02a1d1f769419353d62e,2026-07-21,262,55378693750,3.135,,
past260,아주빠른와헌,020c28e0be0b02a1d1f769419353d62e,2026-07-22,262,55378693750,3.135,,
past260,은거한,b9c84a0320458170c3cb4125acc518fe,2026-06-18,262,36367425943,2.058,6536157,
past260,은거한,b9c84a0320458170c3cb4125acc518fe,2026-06-19,262,36367425943,2.058,,
past260,은거한,b9c84a0320458170c3cb4125acc518fe,2026-06-20,262,36367425943,2.058,,
past260,은거한,b9c84a0320458170c3cb4125acc518fe,2026-06-21,262,36367425943,2.058,,
past260,은거한,b9c84a0320458170c3cb4125acc518fe,2026-06-22,262,36367425943,2.058,,
past260,은거한,b9c84a0320458170c3cb4125acc518fe,2026-06-23,262,36367425943,2.058,,
past260,은거한,b9c84a0320458170c3cb4125acc518fe,2026-06-24,262,36367425943,2.058,,
past260,은거한,b9c84a0320458170c3cb4125acc518fe,2026-06-25,262,36367425943,2.058,,
past260,은거한,b9c84a0320458170c3cb4125acc518fe,2026-06-26,262,36367425943,2.058,6536157,
past260,은거한,b9c84a0320458170c3cb4125acc518fe,2026-06-27,262,36367425943,2.058,,
past260,은거한,b9c84a0320458170c3cb4125acc518fe,2026-06-28,262,36367425943,2.058,,
past260,은거한,b9c84a0320458170c3cb4125acc518fe,2026-06-29,262,36367425943,2.058,,
past260,은거한,b9c84a0320458170c3cb4125acc518fe,2026-06-30,262,36367425943,2.058,,
past260,은거한,b9c84a0320458170c3cb4125acc518fe,2026-07-01,262,36367425943,2.058,,
past260,은거한,b9c84a0320458170c3cb4125acc518fe,2026-07-02,262,36367425943,2.058,,
past260,은거한,b9c84a0320458170c3cb4125acc518fe,2026-07-03,262,36367425943,2.058,,
past260,은거한,b9c84a0320458170c3cb4125acc518fe,2026-07-04,262,36367425943,2.058,6536157,
past260,은거한,b9c84a0320458170c3cb4125acc518fe,2026-07-05,262,36367425943,2.058,,
past260,은거한,b9c84a0320458170c3cb4125acc518fe,2026-07-06,262,36367425943,2.058,,
past260,은거한,b9c84a0320458170c3cb4125acc518fe,2026-07-07,262,36367425943,2.058,,
past260,은거한,b9c84a0320458170c3cb4125acc518fe,2026-07-08,262,36367425943,2.058,,
past260,은거한,b9c84a0320458170c3cb4125acc518fe,2026-07-09,262,36367425943,2.058,,
past260,은거한,b9c84a0320458170c3cb4125acc518fe,2026-07-10,262,36367425943,2.058,,
past260,은거한,b9c84a0320458170c3cb4125acc518fe,2026-07-11,262,36367425943,2.058,,
past260,은거한,b9c84a0320458170c3cb4125acc518fe,2026-07-12,262,36367425943,2.058,6536157,
past260,은거한,b9c84a0320458170c3cb4125acc518fe,2026-07-13,262,36367425943,2.058,,
past260,은거한,b9c84a0320458170c3cb4125acc518fe,2026-07-14,262,36367425943,2.058,,
past260,은거한,b9c84a0320458170c3cb4125acc518fe,2026-07-15,262,36367425943,2.058,,
past260,은거한,b9c84a0320458170c3cb4125acc518fe,2026-07-16,262,36367425943,2.058,,
past260,은거한,b9c84a0320458170c3cb4125acc518fe,2026-07-17,262,36367425943,2.058,,
past260,은거한,b9c84a0320458170c3cb4125acc518fe,2026-07-18,262,36367425943,2.058,,
past260,은거한,b9c84a0320458170c3cb4125acc518fe,2026-07-19,262,36367425943,2.058,,
past260,은거한,b9c84a0320458170c3cb4125acc518fe,2026-07-20,262,36367425943,2.058,6536157,
past260,은거한,b9c84a0320458170c3cb4125acc518fe,2026-07-21,262,36367425943,2.058,,
past260,은거한,b9c84a0320458170c3cb4125acc518fe,2026-07-22,262,36367425943,2.058,,
past260,o탈묘o,53ce5c42cf548edb887bf17b5193cdef,2026-06-18,262,36997807253,2.094,1270130,
past260,o탈묘o,53ce5c42cf548edb887bf17b5193cdef,2026-06-19,262,36997807253,2.094,,
past260,o탈묘o,53ce5c42cf548edb887bf17b5193cdef,2026-06-20,262,36997807253,2.094,,
past260,o탈묘o,53ce5c42cf548edb887bf17b5193cdef,2026-06-21,262,36997807253,2.094,,
past260,o탈묘o,53ce5c42cf548edb887bf17b5193cdef,2026-06-22,262,36997807253,2.094,,
past260,o탈묘o,53ce5c42cf548edb887bf17b5193cdef,2026-06-23,262,36997807253,2.094,,
past260,o탈묘o,53ce5c42cf548edb887bf17b5193cdef,2026-06-24,262,36997807253,2.094,,
past260,o탈묘o,53ce5c42cf548edb887bf17b5193cdef,2026-06-25,262,36997807253,2.094,,
past260,o탈묘o,53ce5c42cf548edb887bf17b5193cdef,2026-06-26,262,36997807253,2.094,1270130,
past260,o탈묘o,53ce5c42cf548edb887bf17b5193cdef,2026-06-27,262,36997807253,2.094,,
past260,o탈묘o,53ce5c42cf548edb887bf17b5193cdef,2026-06-28,262,36997807253,2.094,,
past260,o탈묘o,53ce5c42cf548edb887bf17b5193cdef,2026-06-29,262,36997807253,2.094,,
past260,o탈묘o,53ce5c42cf548edb887bf17b5193cdef,2026-06-30,262,36997807253,2.094,,
past260,o탈묘o,53ce5c42cf548edb887bf17b5193cdef,2026-07-01,262,36997807253,2.094,,
past260,o탈묘o,53ce5c42cf548edb887bf17b5193cdef,2026-07-02,262,36997807253,2.094,,
past260,o탈묘o,53ce5c42cf548edb887bf17b5193cdef,2026-07-03,262,36997807253,2.094,,
past260,o탈묘o,53ce5c42cf548edb887bf17b5193cdef,2026-07-04,262,36997807253,2.094,1270130,
past260,o탈묘o,53ce5c42cf548edb887bf17b5193cdef,2026-07-05,262,36997807253,2.094,,
past260,o탈묘o,53ce5c42cf548edb887bf17b5193cdef,2026-07-06,262,36997807253,2.094,,
past260,o탈묘o,53ce5c42cf548edb887bf17b5193cdef,2026-07-07,262,36997807253,2.094,,
past260,o탈묘o,53ce5c42cf548edb887bf17b5193cdef,2026-07-08,262,36997807253,2.094,,
past260,o탈묘o,53ce5c42cf548edb887bf17b5193cdef,2026-07-09,262,36997807253,2.094,,
past260,o탈묘o,53ce5c42cf548edb887bf17b5193cdef,2026-07-10,262,36997807253,2.094,,
past260,o탈묘o,53ce5c42cf548edb887bf17b5193cdef,2026-07-11,262,36997807253,2.094,,
past260,o탈묘o,53ce5c42cf548edb887bf17b5193cdef,2026-07-12,262,36997807253,2.094,1270130,
past260,o탈묘o,53ce5c42cf548edb887bf17b5193cdef,2026-07-13,262,36997807253,2.094,,
past260,o탈묘o,53ce5c42cf548edb887bf17b5193cdef,2026-07-14,262,36997807253,2.094,,
past260,o탈묘o,53ce5c42cf548edb887bf17b5193cdef,2026-07-15,262,36997807253,2.094,,
past260,o탈묘o,53ce5c42cf548edb887bf17b5193cdef,2026-07-16,262,36997807253,2.094,,
past260,o탈묘o,53ce5c42cf548edb887bf17b5193cdef,2026-07-17,262,36997807253,2.094,,
past260,o탈묘o,53ce5c42cf548edb887bf17b5193cdef,2026-07-18,262,36997807253,2.094,,
past260,o탈묘o,53ce5c42cf548edb887bf17b5193cdef,2026-07-19,262,36997807253,2.094,,
past260,o탈묘o,53ce5c42cf548edb887bf17b5193cdef,2026-07-20,262,36997807253,2.094,1270130,
past260,o탈묘o,53ce5c42cf548edb887bf17b5193cdef,2026-07-21,262,36997807253,2.094,,
past260,o탈묘o,53ce5c42cf548edb887bf17b5193cdef,2026-07-22,262,36997807253,2.094,,
past260,qwoekqwpoek,54a773563e2d495f1a07dae4ce8fb02a,2026-06-18,262,20693979403,1.171,1700994,
past260,qwoekqwpoek,54a773563e2d495f1a07dae4ce8fb02a,2026-06-19,262,20693979403,1.171,,
past260,qwoekqwpoek,54a773563e2d495f1a07dae4ce8fb02a,2026-06-20,262,20693979403,1.171,,
past260,qwoekqwpoek,54a773563e2d495f1a07dae4ce8fb02a,2026-06-21,262,20693979403,1.171,,
past260,qwoekqwpoek,54a773563e2d495f1a07dae4ce8fb02a,2026-06-22,262,20693979403,1.171,,
past260,qwoekqwpoek,54a773563e2d495f1a07dae4ce8fb02a,2026-06-23,262,20693979403,1.171,,
past260,qwoekqwpoek,54a773563e2d495f1a07dae4ce8fb02a,2026-06-24,262,20693979403,1.171,,
past260,qwoekqwpoek,54a773563e2d495f1a07dae4ce8fb02a,2026-06-25,262,20693979403,1.171,,
past260,qwoekqwpoek,54a773563e2d495f1a07dae4ce8fb02a,2026-06-26,262,20693979403,1.171,1700994,
past260,qwoekqwpoek,54a773563e2d495f1a07dae4ce8fb02a,2026-06-27,262,20693979403,1.171,,
past260,qwoekqwpoek,54a773563e2d495f1a07dae4ce8fb02a,2026-06-28,262,20693979403,1.171,,
past260,qwoekqwpoek,54a773563e2d495f1a07dae4ce8fb02a,2026-06-29,262,20693979403,1.171,,
past260,qwoekqwpoek,54a773563e2d495f1a07dae4ce8fb02a,2026-06-30,262,20693979403,1.171,,
past260,qwoekqwpoek,54a773563e2d495f1a07dae4ce8fb02a,2026-07-01,262,20693979403,1.171,,
past260,qwoekqwpoek,54a773563e2d495f1a07dae4ce8fb02a,2026-07-02,262,20693979403,1.171,,
past260,qwoekqwpoek,54a773563e2d495f1a07dae4ce8fb02a,2026-07-03,262,20693979403,1.171,,
past260,qwoekqwpoek,54a773563e2d495f1a07dae4ce8fb02a,2026-07-04,262,20693979403,1.171,1700994,
past260,qwoekqwpoek,54a773563e2d495f1a07dae4ce8fb02a,2026-07-05,262,20693979403,1.171,,
past260,qwoekqwpoek,54a773563e2d495f1a07dae4ce8fb02a,2026-07-06,262,20693979403,1.171,,
past260,qwoekqwpoek,54a773563e2d495f1a07dae4ce8fb02a,2026-07-07,262,20693979403,1.171,,
past260,qwoekqwpoek,54a773563e2d495f1a07dae4ce8fb02a,2026-07-08,262,20693979403,1.171,,
past260,qwoekqwpoek,54a773563e2d495f1a07dae4ce8fb02a,2026-07-09,262,20693979403,1.171,,
past260,qwoekqwpoek,54a773563e2d495f1a07dae4ce8fb02a,2026-07-10,262,20693979403,1.171,,
past260,qwoekqwpoek,54a773563e2d495f1a07dae4ce8fb02a,2026-07-11,262,20693979403,1.171,,
past260,qwoekqwpoek,54a773563e2d495f1a07dae4ce8fb02a,2026-07-12,262,20693979403,1.171,1700994,
past260,qwoekqwpoek,54a773563e2d495f1a07dae4ce8fb02a,2026-07-13,262,20693979403,1.171,,
past260,qwoekqwpoek,54a773563e2d495f1a07dae4ce8fb02a,2026-07-14,262,20693979403,1.171,,
past260,qwoekqwpoek,54a773563e2d495f1a07dae4ce8fb02a,2026-07-15,262,20693979403,1.171,,
past260,qwoekqwpoek,54a773563e2d495f1a07dae4ce8fb02a,2026-07-16,262,20693979403,1.171,,
past260,qwoekqwpoek,54a773563e2d495f1a07dae4ce8fb02a,2026-07-17,262,20693979403,1.171,,
past260,qwoekqwpoek,54a773563e2d495f1a07dae4ce8fb02a,2026-07-18,262,20693979403,1.171,,
past260,qwoekqwpoek,54a773563e2d495f1a07dae4ce8fb02a,2026-07-19,262,20693979403,1.171,,
past260,qwoekqwpoek,54a773563e2d495f1a07dae4ce8fb02a,2026-07-20,262,20693979403,1.171,1700994,
past260,qwoekqwpoek,54a773563e2d495f1a07dae4ce8fb02a,2026-07-21,262,20693979403,1.171,,
past260,qwoekqwpoek,54a773563e2d495f1a07dae4ce8fb02a,2026-07-22,262,20693979403,1.171,,
past260,숍숍의,73b6762ea685299cceb8d785770e0f40,2026-06-18,262,21830244369,1.236,1498739,
past260,숍숍의,73b6762ea685299cceb8d785770e0f40,2026-06-19,262,21830244369,1.236,,
past260,숍숍의,73b6762ea685299cceb8d785770e0f40,2026-06-20,262,21830244369,1.236,,
past260,숍숍의,73b6762ea685299cceb8d785770e0f40,2026-06-21,262,21830244369,1.236,,
past260,숍숍의,73b6762ea685299cceb8d785770e0f40,2026-06-22,262,21830244369,1.236,,
past260,숍숍의,73b6762ea685299cceb8d785770e0f40,2026-06-23,262,21830244369,1.236,,
past260,숍숍의,73b6762ea685299cceb8d785770e0f40,2026-06-24,262,21830244369,1.236,,
past260,숍숍의,73b6762ea685299cceb8d785770e0f40,2026-06-25,262,21830244369,1.236,,
past260,숍숍의,73b6762ea685299cceb8d785770e0f40,2026-06-26,262,21830244369,1.236,1498739,
past260,숍숍의,73b6762ea685299cceb8d785770e0f40,2026-06-27,262,21830244369,1.236,,
past260,숍숍의,73b6762ea685299cceb8d785770e0f40,2026-06-28,262,21830244369,1.236,,
past260,숍숍의,73b6762ea685299cceb8d785770e0f40,2026-06-29,262,21830244369,1.236,,
past260,숍숍의,73b6762ea685299cceb8d785770e0f40,2026-06-30,262,21830244369,1.236,,
past260,숍숍의,73b6762ea685299cceb8d785770e0f40,2026-07-01,262,21830244369,1.236,,
past260,숍숍의,73b6762ea685299cceb8d785770e0f40,2026-07-02,262,21830244369,1.236,,
past260,숍숍의,73b6762ea685299cceb8d785770e0f40,2026-07-03,262,21830244369,1.236,,
past260,숍숍의,73b6762ea685299cceb8d785770e0f40,2026-07-04,262,21830244369,1.236,1498739,
past260,숍숍의,73b6762ea685299cceb8d785770e0f40,2026-07-05,262,21830244369,1.236,,
past260,숍숍의,73b6762ea685299cceb8d785770e0f40,2026-07-06,262,21830244369,1.236,,
past260,숍숍의,73b6762ea685299cceb8d785770e0f40,2026-07-07,262,21830244369,1.236,,
past260,숍숍의,73b6762ea685299cceb8d785770e0f40,2026-07-08,262,21830244369,1.236,,
past260,숍숍의,73b6762ea685299cceb8d785770e0f40,2026-07-09,262,21830244369,1.236,,
past260,숍숍의,73b6762ea685299cceb8d785770e0f40,2026-07-10,262,21830244369,1.236,,
past260,숍숍의,73b6762ea685299cceb8d785770e0f40,2026-07-11,262,21830244369,1.236,,
past260,숍숍의,73b6762ea685299cceb8d785770e0f40,2026-07-12,262,21830244369,1.236,1498739,
past260,숍숍의,73b6762ea685299cceb8d785770e0f40,2026-07-13,262,21830244369,1.236,,
past260,숍숍의,73b6762ea685299cceb8d785770e0f40,2026-07-14,262,21830244369,1.236,,
past260,숍숍의,73b6762ea685299cceb8d785770e0f40,2026-07-15,262,21830244369,1.236,,
past260,숍숍의,73b6762ea685299cceb8d785770e0f40,2026-07-16,262,21830244369,1.236,,
past260,숍숍의,73b6762ea685299cceb8d785770e0f40,2026-07-17,262,21830244369,1.236,,
past260,숍숍의,73b6762ea685299cceb8d785770e0f40,2026-07-18,262,21830244369,1.236,,
past260,숍숍의,73b6762ea685299cceb8d785770e0f40,2026-07-19,262,21830244369,1.236,,
past260,숍숍의,73b6762ea685299cceb8d785770e0f40,2026-07-20,262,21830244369,1.236,1498739,
past260,숍숍의,73b6762ea685299cceb8d785770e0f40,2026-07-21,262,21830244369,1.236,,
past260,숍숍의,73b6762ea685299cceb8d785770e0f40,2026-07-22,262,21830244369,1.236,,
past260,프리스트야스,f95f82811d285ef1ebc967a9797195c2efe8d04e6d233bd35cf2fabdeb93fb0d,2026-06-18,262,34322510918,1.943,4243636,
past260,프리스트야스,f95f82811d285ef1ebc967a9797195c2efe8d04e6d233bd35cf2fabdeb93fb0d,2026-06-19,262,34322510918,1.943,,
past260,프리스트야스,f95f82811d285ef1ebc967a9797195c2efe8d04e6d233bd35cf2fabdeb93fb0d,2026-06-20,262,34322510918,1.943,,
past260,프리스트야스,f95f82811d285ef1ebc967a9797195c2efe8d04e6d233bd35cf2fabdeb93fb0d,2026-06-21,262,34322510918,1.943,,
past260,프리스트야스,f95f82811d285ef1ebc967a9797195c2efe8d04e6d233bd35cf2fabdeb93fb0d,2026-06-22,262,34322510918,1.943,,
past260,프리스트야스,f95f82811d285ef1ebc967a9797195c2efe8d04e6d233bd35cf2fabdeb93fb0d,2026-06-23,262,34322510918,1.943,,
past260,프리스트야스,f95f82811d285ef1ebc967a9797195c2efe8d04e6d233bd35cf2fabdeb93fb0d,2026-06-24,262,34322510918,1.943,,
past260,프리스트야스,f95f82811d285ef1ebc967a9797195c2efe8d04e6d233bd35cf2fabdeb93fb0d,2026-06-25,262,34322510918,1.943,,
past260,프리스트야스,f95f82811d285ef1ebc967a9797195c2efe8d04e6d233bd35cf2fabdeb93fb0d,2026-06-26,262,34322510918,1.943,4243636,
past260,프리스트야스,f95f82811d285ef1ebc967a9797195c2efe8d04e6d233bd35cf2fabdeb93fb0d,2026-06-27,262,34322510918,1.943,,
past260,프리스트야스,f95f82811d285ef1ebc967a9797195c2efe8d04e6d233bd35cf2fabdeb93fb0d,2026-06-28,262,34322510918,1.943,,
past260,프리스트야스,f95f82811d285ef1ebc967a9797195c2efe8d04e6d233bd35cf2fabdeb93fb0d,2026-06-29,262,34322510918,1.943,,
past260,프리스트야스,f95f82811d285ef1ebc967a9797195c2efe8d04e6d233bd35cf2fabdeb93fb0d,2026-06-30,262,34322510918,1.943,,
past260,프리스트야스,f95f82811d285ef1ebc967a9797195c2efe8d04e6d233bd35cf2fabdeb93fb0d,2026-07-01,262,34322510918,1.943,,
past260,프리스트야스,f95f82811d285ef1ebc967a9797195c2efe8d04e6d233bd35cf2fabdeb93fb0d,2026-07-02,262,34322510918,1.943,,
past260,프리스트야스,f95f82811d285ef1ebc967a9797195c2efe8d04e6d233bd35cf2fabdeb93fb0d,2026-07-03,262,34322510918,1.943,,
past260,프리스트야스,f95f82811d285ef1ebc967a9797195c2efe8d04e6d233bd35cf2fabdeb93fb0d,2026-07-04,262,34322510918,1.943,4243636,
past260,프리스트야스,f95f82811d285ef1ebc967a9797195c2efe8d04e6d233bd35cf2fabdeb93fb0d,2026-07-05,262,34322510918,1.943,,
past260,프리스트야스,f95f82811d285ef1ebc967a9797195c2efe8d04e6d233bd35cf2fabdeb93fb0d,2026-07-06,262,34322510918,1.943,,
past260,프리스트야스,f95f82811d285ef1ebc967a9797195c2efe8d04e6d233bd35cf2fabdeb93fb0d,2026-07-07,262,34322510918,1.943,,
past260,프리스트야스,f95f82811d285ef1ebc967a9797195c2efe8d04e6d233bd35cf2fabdeb93fb0d,2026-07-08,262,34322510918,1.943,,
past260,프리스트야스,f95f82811d285ef1ebc967a9797195c2efe8d04e6d233bd35cf2fabdeb93fb0d,2026-07-09,262,34322510918,1.943,,
past260,프리스트야스,f95f82811d285ef1ebc967a9797195c2efe8d04e6d233bd35cf2fabdeb93fb0d,2026-07-10,262,34322510918,1.943,,
past260,프리스트야스,f95f82811d285ef1ebc967a9797195c2efe8d04e6d233bd35cf2fabdeb93fb0d,2026-07-11,262,34322510918,1.943,,
past260,프리스트야스,f95f82811d285ef1ebc967a9797195c2efe8d04e6d233bd35cf2fabdeb93fb0d,2026-07-12,262,34322510918,1.943,4243636,
past260,프리스트야스,f95f82811d285ef1ebc967a9797195c2efe8d04e6d233bd35cf2fabdeb93fb0d,2026-07-13,262,34322510918,1.943,,
past260,프리스트야스,f95f82811d285ef1ebc967a9797195c2efe8d04e6d233bd35cf2fabdeb93fb0d,2026-07-14,262,34322510918,1.943,,
past260,프리스트야스,f95f82811d285ef1ebc967a9797195c2efe8d04e6d233bd35cf2fabdeb93fb0d,2026-07-15,262,34322510918,1.943,,
past260,프리스트야스,f95f82811d285ef1ebc967a9797195c2efe8d04e6d233bd35cf2fabdeb93fb0d,2026-07-16,262,34322510918,1.943,,
past260,프리스트야스,f95f82811d285ef1ebc967a9797195c2efe8d04e6d233bd35cf2fabdeb93fb0d,2026-07-17,262,34322510918,1.943,,
past260,프리스트야스,f95f82811d285ef1ebc967a9797195c2efe8d04e6d233bd35cf2fabdeb93fb0d,2026-07-18,262,34322510918,1.943,,
past260,프리스트야스,f95f82811d285ef1ebc967a9797195c2efe8d04e6d233bd35cf2fabdeb93fb0d,2026-07-19,262,34322510918,1.943,,
past260,프리스트야스,f95f82811d285ef1ebc967a9797195c2efe8d04e6d233bd35cf2fabdeb93fb0d,2026-07-20,262,34322510918,1.943,4243636,
past260,프리스트야스,f95f82811d285ef1ebc967a9797195c2efe8d04e6d233bd35cf2fabdeb93fb0d,2026-07-21,262,34322510918,1.943,,
past260,프리스트야스,f95f82811d285ef1ebc967a9797195c2efe8d04e6d233bd35cf2fabdeb93fb0d,2026-07-22,262,34322510918,1.943,,
past260,검정콩렌,1f90699019ce76c8d03973dcba1a0ab9,2026-06-18,262,25290441203,1.431,0,
past260,검정콩렌,1f90699019ce76c8d03973dcba1a0ab9,2026-06-19,262,25290441203,1.431,,
past260,검정콩렌,1f90699019ce76c8d03973dcba1a0ab9,2026-06-20,262,25290441203,1.431,,
past260,검정콩렌,1f90699019ce76c8d03973dcba1a0ab9,2026-06-21,262,25290441203,1.431,,
past260,검정콩렌,1f90699019ce76c8d03973dcba1a0ab9,2026-06-22,262,25290441203,1.431,,
past260,검정콩렌,1f90699019ce76c8d03973dcba1a0ab9,2026-06-23,262,25290441203,1.431,,
past260,검정콩렌,1f90699019ce76c8d03973dcba1a0ab9,2026-06-24,262,25290441203,1.431,,
past260,검정콩렌,1f90699019ce76c8d03973dcba1a0ab9,2026-06-25,262,25290441203,1.431,,
past260,검정콩렌,1f90699019ce76c8d03973dcba1a0ab9,2026-06-26,262,25290441203,1.431,0,
past260,검정콩렌,1f90699019ce76c8d03973dcba1a0ab9,2026-06-27,262,25290441203,1.431,,
past260,검정콩렌,1f90699019ce76c8d03973dcba1a0ab9,2026-06-28,262,25290441203,1.431,,
past260,검정콩렌,1f90699019ce76c8d03973dcba1a0ab9,2026-06-29,262,25290441203,1.431,,
past260,검정콩렌,1f90699019ce76c8d03973dcba1a0ab9,2026-06-30,262,25290441203,1.431,,
past260,검정콩렌,1f90699019ce76c8d03973dcba1a0ab9,2026-07-01,262,25290441203,1.431,,
past260,검정콩렌,1f90699019ce76c8d03973dcba1a0ab9,2026-07-02,262,25290441203,1.431,,
past260,검정콩렌,1f90699019ce76c8d03973dcba1a0ab9,2026-07-03,262,25290441203,1.431,,
past260,검정콩렌,1f90699019ce76c8d03973dcba1a0ab9,2026-07-04,262,25290441203,1.431,0,
past260,검정콩렌,1f90699019ce76c8d03973dcba1a0ab9,2026-07-05,262,25290441203,1.431,,
past260,검정콩렌,1f90699019ce76c8d03973dcba1a0ab9,2026-07-06,262,25290441203,1.431,,
past260,검정콩렌,1f90699019ce76c8d03973dcba1a0ab9,2026-07-07,262,25290441203,1.431,,
past260,검정콩렌,1f90699019ce76c8d03973dcba1a0ab9,2026-07-08,262,25290441203,1.431,,
past260,검정콩렌,1f90699019ce76c8d03973dcba1a0ab9,2026-07-09,262,25290441203,1.431,,
past260,검정콩렌,1f90699019ce76c8d03973dcba1a0ab9,2026-07-10,262,25290441203,1.431,,
past260,검정콩렌,1f90699019ce76c8d03973dcba1a0ab9,2026-07-11,262,25290441203,1.431,,
past260,검정콩렌,1f90699019ce76c8d03973dcba1a0ab9,2026-07-12,262,25290441203,1.431,0,
past260,검정콩렌,1f90699019ce76c8d03973dcba1a0ab9,2026-07-13,262,25290441203,1.431,,
past260,검정콩렌,1f90699019ce76c8d03973dcba1a0ab9,2026-07-14,262,25290441203,1.431,,
past260,검정콩렌,1f90699019ce76c8d03973dcba1a0ab9,2026-07-15,262,25290441203,1.431,,
past260,검정콩렌,1f90699019ce76c8d03973dcba1a0ab9,2026-07-16,262,25290441203,1.431,,
past260,검정콩렌,1f90699019ce76c8d03973dcba1a0ab9,2026-07-17,262,25290441203,1.431,,
past260,검정콩렌,1f90699019ce76c8d03973dcba1a0ab9,2026-07-18,262,25290441203,1.431,,
past260,검정콩렌,1f90699019ce76c8d03973dcba1a0ab9,2026-07-19,262,25290441203,1.431,,
past260,검정콩렌,1f90699019ce76c8d03973dcba1a0ab9,2026-07-20,262,25290441203,1.431,0,
past260,검정콩렌,1f90699019ce76c8d03973dcba1a0ab9,2026-07-21,262,25290441203,1.431,,
past260,검정콩렌,1f90699019ce76c8d03973dcba1a0ab9,2026-07-22,262,25290441203,1.431,,
past260,자푸데스,8ece79ea6cf6b606c3b44a0859c7a0be,2026-06-18,262,43588568822,2.467,4265481,
past260,자푸데스,8ece79ea6cf6b606c3b44a0859c7a0be,2026-06-19,262,43588568822,2.467,,
past260,자푸데스,8ece79ea6cf6b606c3b44a0859c7a0be,2026-06-20,262,43588568822,2.467,,
past260,자푸데스,8ece79ea6cf6b606c3b44a0859c7a0be,2026-06-21,262,43588568822,2.467,,
past260,자푸데스,8ece79ea6cf6b606c3b44a0859c7a0be,2026-06-22,262,43588568822,2.467,,
past260,자푸데스,8ece79ea6cf6b606c3b44a0859c7a0be,2026-06-23,262,43588568822,2.467,,
past260,자푸데스,8ece79ea6cf6b606c3b44a0859c7a0be,2026-06-24,262,43588568822,2.467,,
past260,자푸데스,8ece79ea6cf6b606c3b44a0859c7a0be,2026-06-25,262,43588568822,2.467,,
past260,자푸데스,8ece79ea6cf6b606c3b44a0859c7a0be,2026-06-26,262,43588568822,2.467,4265481,
past260,자푸데스,8ece79ea6cf6b606c3b44a0859c7a0be,2026-06-27,262,43588568822,2.467,,
past260,자푸데스,8ece79ea6cf6b606c3b44a0859c7a0be,2026-06-28,262,43588568822,2.467,,
past260,자푸데스,8ece79ea6cf6b606c3b44a0859c7a0be,2026-06-29,262,43588568822,2.467,,
past260,자푸데스,8ece79ea6cf6b606c3b44a0859c7a0be,2026-06-30,262,43588568822,2.467,,
past260,자푸데스,8ece79ea6cf6b606c3b44a0859c7a0be,2026-07-01,262,43588568822,2.467,,
past260,자푸데스,8ece79ea6cf6b606c3b44a0859c7a0be,2026-07-02,262,43588568822,2.467,,
past260,자푸데스,8ece79ea6cf6b606c3b44a0859c7a0be,2026-07-03,262,43588568822,2.467,,
past260,자푸데스,8ece79ea6cf6b606c3b44a0859c7a0be,2026-07-04,262,43588568822,2.467,4265481,
past260,자푸데스,8ece79ea6cf6b606c3b44a0859c7a0be,2026-07-05,262,43588568822,2.467,,
past260,자푸데스,8ece79ea6cf6b606c3b44a0859c7a0be,2026-07-06,262,43588568822,2.467,,
past260,자푸데스,8ece79ea6cf6b606c3b44a0859c7a0be,2026-07-07,262,43588568822,2.467,,
past260,자푸데스,8ece79ea6cf6b606c3b44a0859c7a0be,2026-07-08,262,43588568822,2.467,,
past260,자푸데스,8ece79ea6cf6b606c3b44a0859c7a0be,2026-07-09,262,43588568822,2.467,,
past260,자푸데스,8ece79ea6cf6b606c3b44a0859c7a0be,2026-07-10,262,43588568822,2.467,,
past260,자푸데스,8ece79ea6cf6b606c3b44a0859c7a0be,2026-07-11,262,43588568822,2.467,,
past260,자푸데스,8ece79ea6cf6b606c3b44a0859c7a0be,2026-07-12,262,43588568822,2.467,4265481,
past260,자푸데스,8ece79ea6cf6b606c3b44a0859c7a0be,2026-07-13,262,43588568822,2.467,,
past260,자푸데스,8ece79ea6cf6b606c3b44a0859c7a0be,2026-07-14,262,43588568822,2.467,,
past260,자푸데스,8ece79ea6cf6b606c3b44a0859c7a0be,2026-07-15,262,43588568822,2.467,,
past260,자푸데스,8ece79ea6cf6b606c3b44a0859c7a0be,2026-07-16,262,43588568822,2.467,,
past260,자푸데스,8ece79ea6cf6b606c3b44a0859c7a0be,2026-07-17,262,43588568822,2.467,,
past260,자푸데스,8ece79ea6cf6b606c3b44a0859c7a0be,2026-07-18,262,43588568822,2.467,,
past260,자푸데스,8ece79ea6cf6b606c3b44a0859c7a0be,2026-07-19,262,43588568822,2.467,,
past260,자푸데스,8ece79ea6cf6b606c3b44a0859c7a0be,2026-07-20,262,43588568822,2.467,4265481,
past260,자푸데스,8ece79ea6cf6b606c3b44a0859c7a0be,2026-07-21,262,43588568822,2.467,,
past260,자푸데스,8ece79ea6cf6b606c3b44a0859c7a0be,2026-07-22,262,43588568822,2.467,,
past260,파폴라투스,857bd5cba59b2aff151abc4aae83c8abefe8d04e6d233bd35cf2fabdeb93fb0d,2026-06-18,262,46007230003,2.604,7903533,
past260,파폴라투스,857bd5cba59b2aff151abc4aae83c8abefe8d04e6d233bd35cf2fabdeb93fb0d,2026-06-19,262,46007230003,2.604,,
past260,파폴라투스,857bd5cba59b2aff151abc4aae83c8abefe8d04e6d233bd35cf2fabdeb93fb0d,2026-06-20,262,46007230003,2.604,,
past260,파폴라투스,857bd5cba59b2aff151abc4aae83c8abefe8d04e6d233bd35cf2fabdeb93fb0d,2026-06-21,262,46007230003,2.604,,
past260,파폴라투스,857bd5cba59b2aff151abc4aae83c8abefe8d04e6d233bd35cf2fabdeb93fb0d,2026-06-22,262,46007230003,2.604,,
past260,파폴라투스,857bd5cba59b2aff151abc4aae83c8abefe8d04e6d233bd35cf2fabdeb93fb0d,2026-06-23,262,46007230003,2.604,,
past260,파폴라투스,857bd5cba59b2aff151abc4aae83c8abefe8d04e6d233bd35cf2fabdeb93fb0d,2026-06-24,262,46007230003,2.604,,
past260,파폴라투스,857bd5cba59b2aff151abc4aae83c8abefe8d04e6d233bd35cf2fabdeb93fb0d,2026-06-25,262,46007230003,2.604,,
past260,파폴라투스,857bd5cba59b2aff151abc4aae83c8abefe8d04e6d233bd35cf2fabdeb93fb0d,2026-06-26,262,46007230003,2.604,7903533,
past260,파폴라투스,857bd5cba59b2aff151abc4aae83c8abefe8d04e6d233bd35cf2fabdeb93fb0d,2026-06-27,262,46007230003,2.604,,
past260,파폴라투스,857bd5cba59b2aff151abc4aae83c8abefe8d04e6d233bd35cf2fabdeb93fb0d,2026-06-28,262,46007230003,2.604,,
past260,파폴라투스,857bd5cba59b2aff151abc4aae83c8abefe8d04e6d233bd35cf2fabdeb93fb0d,2026-06-29,262,46007230003,2.604,,
past260,파폴라투스,857bd5cba59b2aff151abc4aae83c8abefe8d04e6d233bd35cf2fabdeb93fb0d,2026-06-30,262,46007230003,2.604,,
past260,파폴라투스,857bd5cba59b2aff151abc4aae83c8abefe8d04e6d233bd35cf2fabdeb93fb0d,2026-07-01,262,46007230003,2.604,,
past260,파폴라투스,857bd5cba59b2aff151abc4aae83c8abefe8d04e6d233bd35cf2fabdeb93fb0d,2026-07-02,262,46007230003,2.604,,
past260,파폴라투스,857bd5cba59b2aff151abc4aae83c8abefe8d04e6d233bd35cf2fabdeb93fb0d,2026-07-03,262,46007230003,2.604,,
past260,파폴라투스,857bd5cba59b2aff151abc4aae83c8abefe8d04e6d233bd35cf2fabdeb93fb0d,2026-07-04,262,46007230003,2.604,7903533,
past260,파폴라투스,857bd5cba59b2aff151abc4aae83c8abefe8d04e6d233bd35cf2fabdeb93fb0d,2026-07-05,262,46007230003,2.604,,
past260,파폴라투스,857bd5cba59b2aff151abc4aae83c8abefe8d04e6d233bd35cf2fabdeb93fb0d,2026-07-06,262,46007230003,2.604,,
past260,파폴라투스,857bd5cba59b2aff151abc4aae83c8abefe8d04e6d233bd35cf2fabdeb93fb0d,2026-07-07,262,46007230003,2.604,,
past260,파폴라투스,857bd5cba59b2aff151abc4aae83c8abefe8d04e6d233bd35cf2fabdeb93fb0d,2026-07-08,262,46007230003,2.604,,
past260,파폴라투스,857bd5cba59b2aff151abc4aae83c8abefe8d04e6d233bd35cf2fabdeb93fb0d,2026-07-09,262,46007230003,2.604,,
past260,파폴라투스,857bd5cba59b2aff151abc4aae83c8abefe8d04e6d233bd35cf2fabdeb93fb0d,2026-07-10,262,46007230003,2.604,,
past260,파폴라투스,857bd5cba59b2aff151abc4aae83c8abefe8d04e6d233bd35cf2fabdeb93fb0d,2026-07-11,262,46007230003,2.604,,
past260,파폴라투스,857bd5cba59b2aff151abc4aae83c8abefe8d04e6d233bd35cf2fabdeb93fb0d,2026-07-12,262,46007230003,2.604,7903533,
past260,파폴라투스,857bd5cba59b2aff151abc4aae83c8abefe8d04e6d233bd35cf2fabdeb93fb0d,2026-07-13,262,46007230003,2.604,,
past260,파폴라투스,857bd5cba59b2aff151abc4aae83c8abefe8d04e6d233bd35cf2fabdeb93fb0d,2026-07-14,262,46007230003,2.604,,
past260,파폴라투스,857bd5cba59b2aff151abc4aae83c8abefe8d04e6d233bd35cf2fabdeb93fb0d,2026-07-15,262,46007230003,2.604,,
past260,파폴라투스,857bd5cba59b2aff151abc4aae83c8abefe8d04e6d233bd35cf2fabdeb93fb0d,2026-07-16,262,46007230003,2.604,,
past260,파폴라투스,857bd5cba59b2aff151abc4aae83c8abefe8d04e6d233bd35cf2fabdeb93fb0d,2026-07-17,262,46007230003,2.604,,
past260,파폴라투스,857bd5cba59b2aff151abc4aae83c8abefe8d04e6d233bd35cf2fabdeb93fb0d,2026-07-18,262,46007230003,2.604,,
past260,파폴라투스,857bd5cba59b2aff151abc4aae83c8abefe8d04e6d233bd35cf2fabdeb93fb0d,2026-07-19,262,46007230003,2.604,,
past260,파폴라투스,857bd5cba59b2aff151abc4aae83c8abefe8d04e6d233bd35cf2fabdeb93fb0d,2026-07-20,262,46007230003,2.604,7903533,
past260,파폴라투스,857bd5cba59b2aff151abc4aae83c8abefe8d04e6d233bd35cf2fabdeb93fb0d,2026-07-21,262,46007230003,2.604,,
past260,파폴라투스,857bd5cba59b2aff151abc4aae83c8abefe8d04e6d233bd35cf2fabdeb93fb0d,2026-07-22,262,46007230003,2.604,,
past260,윱스파인더,548d6c22891887961373526461112ab1,2026-06-18,262,29104189345,1.647,2799932,
past260,윱스파인더,548d6c22891887961373526461112ab1,2026-06-19,262,29104189345,1.647,,
past260,윱스파인더,548d6c22891887961373526461112ab1,2026-06-20,262,29104189345,1.647,,
past260,윱스파인더,548d6c22891887961373526461112ab1,2026-06-21,262,29104189345,1.647,,
past260,윱스파인더,548d6c22891887961373526461112ab1,2026-06-22,262,29104189345,1.647,,
past260,윱스파인더,548d6c22891887961373526461112ab1,2026-06-23,262,29104189345,1.647,,
past260,윱스파인더,548d6c22891887961373526461112ab1,2026-06-24,262,29104189345,1.647,,
past260,윱스파인더,548d6c22891887961373526461112ab1,2026-06-25,262,29104189345,1.647,,
past260,윱스파인더,548d6c22891887961373526461112ab1,2026-06-26,262,29104189345,1.647,2799932,
past260,윱스파인더,548d6c22891887961373526461112ab1,2026-06-27,262,29104189345,1.647,,
past260,윱스파인더,548d6c22891887961373526461112ab1,2026-06-28,262,29104189345,1.647,,
past260,윱스파인더,548d6c22891887961373526461112ab1,2026-06-29,262,29104189345,1.647,,
past260,윱스파인더,548d6c22891887961373526461112ab1,2026-06-30,262,29104189345,1.647,,
past260,윱스파인더,548d6c22891887961373526461112ab1,2026-07-01,262,29104189345,1.647,,
past260,윱스파인더,548d6c22891887961373526461112ab1,2026-07-02,262,29104189345,1.647,,
past260,윱스파인더,548d6c22891887961373526461112ab1,2026-07-03,262,29104189345,1.647,,
past260,윱스파인더,548d6c22891887961373526461112ab1,2026-07-04,262,29104189345,1.647,2799932,
past260,윱스파인더,548d6c22891887961373526461112ab1,2026-07-05,262,29104189345,1.647,,
past260,윱스파인더,548d6c22891887961373526461112ab1,2026-07-06,262,29104189345,1.647,,
past260,윱스파인더,548d6c22891887961373526461112ab1,2026-07-07,262,29104189345,1.647,,
past260,윱스파인더,548d6c22891887961373526461112ab1,2026-07-08,262,29104189345,1.647,,
past260,윱스파인더,548d6c22891887961373526461112ab1,2026-07-09,262,29104189345,1.647,,
past260,윱스파인더,548d6c22891887961373526461112ab1,2026-07-10,262,29104189345,1.647,,
past260,윱스파인더,548d6c22891887961373526461112ab1,2026-07-11,262,29104189345,1.647,,
past260,윱스파인더,548d6c22891887961373526461112ab1,2026-07-12,262,29104189345,1.647,2799932,
past260,윱스파인더,548d6c22891887961373526461112ab1,2026-07-13,262,29104189345,1.647,,
past260,윱스파인더,548d6c22891887961373526461112ab1,2026-07-14,262,29104189345,1.647,,
past260,윱스파인더,548d6c22891887961373526461112ab1,2026-07-15,262,29104189345,1.647,,
past260,윱스파인더,548d6c22891887961373526461112ab1,2026-07-16,262,29104189345,1.647,,
past260,윱스파인더,548d6c22891887961373526461112ab1,2026-07-17,262,29104189345,1.647,,
past260,윱스파인더,548d6c22891887961373526461112ab1,2026-07-18,262,29104189345,1.647,,
past260,윱스파인더,548d6c22891887961373526461112ab1,2026-07-19,262,29104189345,1.647,,
past260,윱스파인더,548d6c22891887961373526461112ab1,2026-07-20,262,29104189345,1.647,2799932,
past260,윱스파인더,548d6c22891887961373526461112ab1,2026-07-21,262,29104189345,1.647,,
past260,윱스파인더,548d6c22891887961373526461112ab1,2026-07-22,262,29104189345,1.647,,
past260,계절나드리,01a9062276eae81b61db9574749fa14f,2026-06-18,262,27059107568,1.532,3021,
past260,계절나드리,01a9062276eae81b61db9574749fa14f,2026-06-19,262,27059107568,1.532,,
past260,계절나드리,01a9062276eae81b61db9574749fa14f,2026-06-20,262,27059107568,1.532,,
past260,계절나드리,01a9062276eae81b61db9574749fa14f,2026-06-21,262,27059107568,1.532,,
past260,계절나드리,01a9062276eae81b61db9574749fa14f,2026-06-22,262,27059107568,1.532,,
past260,계절나드리,01a9062276eae81b61db9574749fa14f,2026-06-23,262,27059107568,1.532,,
past260,계절나드리,01a9062276eae81b61db9574749fa14f,2026-06-24,262,27059107568,1.532,,
past260,계절나드리,01a9062276eae81b61db9574749fa14f,2026-06-25,262,27059107568,1.532,,
past260,계절나드리,01a9062276eae81b61db9574749fa14f,2026-06-26,262,27059107568,1.532,3021,
past260,계절나드리,01a9062276eae81b61db9574749fa14f,2026-06-27,262,27059107568,1.532,,
past260,계절나드리,01a9062276eae81b61db9574749fa14f,2026-06-28,262,27059107568,1.532,,
past260,계절나드리,01a9062276eae81b61db9574749fa14f,2026-06-29,262,27059107568,1.532,,
past260,계절나드리,01a9062276eae81b61db9574749fa14f,2026-06-30,262,27059107568,1.532,,
past260,계절나드리,01a9062276eae81b61db9574749fa14f,2026-07-01,262,27059107568,1.532,,
past260,계절나드리,01a9062276eae81b61db9574749fa14f,2026-07-02,262,27059107568,1.532,,
past260,계절나드리,01a9062276eae81b61db9574749fa14f,2026-07-03,262,27059107568,1.532,,
past260,계절나드리,01a9062276eae81b61db9574749fa14f,2026-07-04,262,27059107568,1.532,3021,
past260,계절나드리,01a9062276eae81b61db9574749fa14f,2026-07-05,262,27059107568,1.532,,
past260,계절나드리,01a9062276eae81b61db9574749fa14f,2026-07-06,262,27059107568,1.532,,
past260,계절나드리,01a9062276eae81b61db9574749fa14f,2026-07-07,262,27059107568,1.532,,
past260,계절나드리,01a9062276eae81b61db9574749fa14f,2026-07-08,262,27059107568,1.532,,
past260,계절나드리,01a9062276eae81b61db9574749fa14f,2026-07-09,262,27059107568,1.532,,
past260,계절나드리,01a9062276eae81b61db9574749fa14f,2026-07-10,262,27059107568,1.532,,
past260,계절나드리,01a9062276eae81b61db9574749fa14f,2026-07-11,262,27059107568,1.532,,
past260,계절나드리,01a9062276eae81b61db9574749fa14f,2026-07-12,262,27059107568,1.532,3021,
past260,계절나드리,01a9062276eae81b61db9574749fa14f,2026-07-13,262,27059107568,1.532,,
past260,계절나드리,01a9062276eae81b61db9574749fa14f,2026-07-14,262,27059107568,1.532,,
past260,계절나드리,01a9062276eae81b61db9574749fa14f,2026-07-15,262,27059107568,1.532,,
past260,계절나드리,01a9062276eae81b61db9574749fa14f,2026-07-16,262,27059107568,1.532,,
past260,계절나드리,01a9062276eae81b61db9574749fa14f,2026-07-17,262,27059107568,1.532,,
past260,계절나드리,01a9062276eae81b61db9574749fa14f,2026-07-18,262,27059107568,1.532,,
past260,계절나드리,01a9062276eae81b61db9574749fa14f,2026-07-19,262,27059107568,1.532,,
past260,계절나드리,01a9062276eae81b61db9574749fa14f,2026-07-20,262,27059107568,1.532,3021,
past260,계절나드리,01a9062276eae81b61db9574749fa14f,2026-07-21,262,27059107568,1.532,,
past260,계절나드리,01a9062276eae81b61db9574749fa14f,2026-07-22,262,27059107568,1.532,,
past260,01년생박규남,327343081a59456fd2e7c6b77163e418a2186d8e7cf7a6ee152d97cc78f2ae8b,2026-06-18,262,28978519247,1.640,5818673,
past260,01년생박규남,327343081a59456fd2e7c6b77163e418a2186d8e7cf7a6ee152d97cc78f2ae8b,2026-06-19,262,28978519247,1.640,,
past260,01년생박규남,327343081a59456fd2e7c6b77163e418a2186d8e7cf7a6ee152d97cc78f2ae8b,2026-06-20,262,28978519247,1.640,,
past260,01년생박규남,327343081a59456fd2e7c6b77163e418a2186d8e7cf7a6ee152d97cc78f2ae8b,2026-06-21,262,28978519247,1.640,,
past260,01년생박규남,327343081a59456fd2e7c6b77163e418a2186d8e7cf7a6ee152d97cc78f2ae8b,2026-06-22,262,411032071573,23.265,,
past260,01년생박규남,327343081a59456fd2e7c6b77163e418a2186d8e7cf7a6ee152d97cc78f2ae8b,2026-06-23,262,411032071573,23.265,,
past260,01년생박규남,327343081a59456fd2e7c6b77163e418a2186d8e7cf7a6ee152d97cc78f2ae8b,2026-06-24,262,411032071573,23.265,,
past260,01년생박규남,327343081a59456fd2e7c6b77163e418a2186d8e7cf7a6ee152d97cc78f2ae8b,2026-06-25,262,411032071573,23.265,,
past260,01년생박규남,327343081a59456fd2e7c6b77163e418a2186d8e7cf7a6ee152d97cc78f2ae8b,2026-06-26,262,411032071573,23.265,6362709,
past260,01년생박규남,327343081a59456fd2e7c6b77163e418a2186d8e7cf7a6ee152d97cc78f2ae8b,2026-06-27,262,411032071573,23.265,,
past260,01년생박규남,327343081a59456fd2e7c6b77163e418a2186d8e7cf7a6ee152d97cc78f2ae8b,2026-06-28,262,411032071573,23.265,,
past260,01년생박규남,327343081a59456fd2e7c6b77163e418a2186d8e7cf7a6ee152d97cc78f2ae8b,2026-06-29,262,411032071573,23.265,,
past260,01년생박규남,327343081a59456fd2e7c6b77163e418a2186d8e7cf7a6ee152d97cc78f2ae8b,2026-06-30,262,411032071573,23.265,,
past260,01년생박규남,327343081a59456fd2e7c6b77163e418a2186d8e7cf7a6ee152d97cc78f2ae8b,2026-07-01,262,411032071573,23.265,,
past260,01년생박규남,327343081a59456fd2e7c6b77163e418a2186d8e7cf7a6ee152d97cc78f2ae8b,2026-07-02,262,411032071573,23.265,,
past260,01년생박규남,327343081a59456fd2e7c6b77163e418a2186d8e7cf7a6ee152d97cc78f2ae8b,2026-07-03,262,411032071573,23.265,,
past260,01년생박규남,327343081a59456fd2e7c6b77163e418a2186d8e7cf7a6ee152d97cc78f2ae8b,2026-07-04,262,411032071573,23.265,6362709,
past260,01년생박규남,327343081a59456fd2e7c6b77163e418a2186d8e7cf7a6ee152d97cc78f2ae8b,2026-07-05,262,411032071573,23.265,,
past260,01년생박규남,327343081a59456fd2e7c6b77163e418a2186d8e7cf7a6ee152d97cc78f2ae8b,2026-07-06,262,411056271573,23.266,,
past260,01년생박규남,327343081a59456fd2e7c6b77163e418a2186d8e7cf7a6ee152d97cc78f2ae8b,2026-07-07,262,411056271573,23.266,,
past260,01년생박규남,327343081a59456fd2e7c6b77163e418a2186d8e7cf7a6ee152d97cc78f2ae8b,2026-07-08,262,411056271573,23.266,,
past260,01년생박규남,327343081a59456fd2e7c6b77163e418a2186d8e7cf7a6ee152d97cc78f2ae8b,2026-07-09,262,411056271573,23.266,,
past260,01년생박규남,327343081a59456fd2e7c6b77163e418a2186d8e7cf7a6ee152d97cc78f2ae8b,2026-07-10,262,411056271573,23.266,,
past260,01년생박규남,327343081a59456fd2e7c6b77163e418a2186d8e7cf7a6ee152d97cc78f2ae8b,2026-07-11,262,411056271573,23.266,,
past260,01년생박규남,327343081a59456fd2e7c6b77163e418a2186d8e7cf7a6ee152d97cc78f2ae8b,2026-07-12,262,411056271573,23.266,5654896,
past260,01년생박규남,327343081a59456fd2e7c6b77163e418a2186d8e7cf7a6ee152d97cc78f2ae8b,2026-07-13,262,411056271573,23.266,,
past260,01년생박규남,327343081a59456fd2e7c6b77163e418a2186d8e7cf7a6ee152d97cc78f2ae8b,2026-07-14,262,411056271573,23.266,,
past260,01년생박규남,327343081a59456fd2e7c6b77163e418a2186d8e7cf7a6ee152d97cc78f2ae8b,2026-07-15,262,411056271573,23.266,,
past260,01년생박규남,327343081a59456fd2e7c6b77163e418a2186d8e7cf7a6ee152d97cc78f2ae8b,2026-07-16,262,411056271573,23.266,,
past260,01년생박규남,327343081a59456fd2e7c6b77163e418a2186d8e7cf7a6ee152d97cc78f2ae8b,2026-07-17,262,411056271573,23.266,,
past260,01년생박규남,327343081a59456fd2e7c6b77163e418a2186d8e7cf7a6ee152d97cc78f2ae8b,2026-07-18,262,411056271573,23.266,,
past260,01년생박규남,327343081a59456fd2e7c6b77163e418a2186d8e7cf7a6ee152d97cc78f2ae8b,2026-07-19,262,411056271573,23.266,,
past260,01년생박규남,327343081a59456fd2e7c6b77163e418a2186d8e7cf7a6ee152d97cc78f2ae8b,2026-07-20,262,411056271573,23.266,5654896,
past260,01년생박규남,327343081a59456fd2e7c6b77163e418a2186d8e7cf7a6ee152d97cc78f2ae8b,2026-07-21,262,411100407557,23.269,,
past260,01년생박규남,327343081a59456fd2e7c6b77163e418a2186d8e7cf7a6ee152d97cc78f2ae8b,2026-07-22,262,411100407557,23.269,,
past260,마계궁,93e084788d4c849a92354172b16277ba,2026-06-18,262,54435491760,3.081,9163263,
past260,마계궁,93e084788d4c849a92354172b16277ba,2026-06-19,262,54435491760,3.081,,
past260,마계궁,93e084788d4c849a92354172b16277ba,2026-06-20,262,54435491760,3.081,,
past260,마계궁,93e084788d4c849a92354172b16277ba,2026-06-21,262,54435491760,3.081,,
past260,마계궁,93e084788d4c849a92354172b16277ba,2026-06-22,262,54435491760,3.081,,
past260,마계궁,93e084788d4c849a92354172b16277ba,2026-06-23,262,54435491760,3.081,,
past260,마계궁,93e084788d4c849a92354172b16277ba,2026-06-24,262,54435491760,3.081,,
past260,마계궁,93e084788d4c849a92354172b16277ba,2026-06-25,262,54435491760,3.081,,
past260,마계궁,93e084788d4c849a92354172b16277ba,2026-06-26,262,54435491760,3.081,9163263,
past260,마계궁,93e084788d4c849a92354172b16277ba,2026-06-27,262,54435491760,3.081,,
past260,마계궁,93e084788d4c849a92354172b16277ba,2026-06-28,262,54435491760,3.081,,
past260,마계궁,93e084788d4c849a92354172b16277ba,2026-06-29,262,54435491760,3.081,,
past260,마계궁,93e084788d4c849a92354172b16277ba,2026-06-30,262,54435491760,3.081,,
past260,마계궁,93e084788d4c849a92354172b16277ba,2026-07-01,262,54435491760,3.081,,
past260,마계궁,93e084788d4c849a92354172b16277ba,2026-07-02,262,54435491760,3.081,,
past260,마계궁,93e084788d4c849a92354172b16277ba,2026-07-03,262,54435491760,3.081,,
past260,마계궁,93e084788d4c849a92354172b16277ba,2026-07-04,262,54435491760,3.081,9163263,
past260,마계궁,93e084788d4c849a92354172b16277ba,2026-07-05,262,54435491760,3.081,,
past260,마계궁,93e084788d4c849a92354172b16277ba,2026-07-06,262,54435491760,3.081,,
past260,마계궁,93e084788d4c849a92354172b16277ba,2026-07-07,262,54435491760,3.081,,
past260,마계궁,93e084788d4c849a92354172b16277ba,2026-07-08,262,54435491760,3.081,,
past260,마계궁,93e084788d4c849a92354172b16277ba,2026-07-09,262,54435491760,3.081,,
past260,마계궁,93e084788d4c849a92354172b16277ba,2026-07-10,262,54435491760,3.081,,
past260,마계궁,93e084788d4c849a92354172b16277ba,2026-07-11,262,54435491760,3.081,,
past260,마계궁,93e084788d4c849a92354172b16277ba,2026-07-12,262,54435491760,3.081,9163263,
past260,마계궁,93e084788d4c849a92354172b16277ba,2026-07-13,262,54435491760,3.081,,
past260,마계궁,93e084788d4c849a92354172b16277ba,2026-07-14,262,54435491760,3.081,,
past260,마계궁,93e084788d4c849a92354172b16277ba,2026-07-15,262,54435491760,3.081,,
past260,마계궁,93e084788d4c849a92354172b16277ba,2026-07-16,262,54435491760,3.081,,
past260,마계궁,93e084788d4c849a92354172b16277ba,2026-07-17,262,54435491760,3.081,,
past260,마계궁,93e084788d4c849a92354172b16277ba,2026-07-18,262,54435491760,3.081,,
past260,마계궁,93e084788d4c849a92354172b16277ba,2026-07-19,262,54435491760,3.081,,
past260,마계궁,93e084788d4c849a92354172b16277ba,2026-07-20,262,54435491760,3.081,9163263,
past260,마계궁,93e084788d4c849a92354172b16277ba,2026-07-21,262,54435491760,3.081,,
past260,마계궁,93e084788d4c849a92354172b16277ba,2026-07-22,262,54435491760,3.081,,
past260,BEST아델34,b287ab4d6de5c3fdf31b7208f3289220,2026-06-18,262,35229966609,1.994,1680583,
past260,BEST아델34,b287ab4d6de5c3fdf31b7208f3289220,2026-06-19,262,35229966609,1.994,,
past260,BEST아델34,b287ab4d6de5c3fdf31b7208f3289220,2026-06-20,262,35229966609,1.994,,
past260,BEST아델34,b287ab4d6de5c3fdf31b7208f3289220,2026-06-21,262,35229966609,1.994,,
past260,BEST아델34,b287ab4d6de5c3fdf31b7208f3289220,2026-06-22,262,35229966609,1.994,,
past260,BEST아델34,b287ab4d6de5c3fdf31b7208f3289220,2026-06-23,262,35229966609,1.994,,
past260,BEST아델34,b287ab4d6de5c3fdf31b7208f3289220,2026-06-24,262,35229966609,1.994,,
past260,BEST아델34,b287ab4d6de5c3fdf31b7208f3289220,2026-06-25,262,35229966609,1.994,,
past260,BEST아델34,b287ab4d6de5c3fdf31b7208f3289220,2026-06-26,262,35229966609,1.994,1680583,
past260,BEST아델34,b287ab4d6de5c3fdf31b7208f3289220,2026-06-27,262,35229966609,1.994,,
past260,BEST아델34,b287ab4d6de5c3fdf31b7208f3289220,2026-06-28,262,35229966609,1.994,,
past260,BEST아델34,b287ab4d6de5c3fdf31b7208f3289220,2026-06-29,262,35229966609,1.994,,
past260,BEST아델34,b287ab4d6de5c3fdf31b7208f3289220,2026-06-30,262,35229966609,1.994,,
past260,BEST아델34,b287ab4d6de5c3fdf31b7208f3289220,2026-07-01,262,35229966609,1.994,,
past260,BEST아델34,b287ab4d6de5c3fdf31b7208f3289220,2026-07-02,262,35229966609,1.994,,
past260,BEST아델34,b287ab4d6de5c3fdf31b7208f3289220,2026-07-03,262,35229966609,1.994,,
past260,BEST아델34,b287ab4d6de5c3fdf31b7208f3289220,2026-07-04,262,35229966609,1.994,1680583,
past260,BEST아델34,b287ab4d6de5c3fdf31b7208f3289220,2026-07-05,262,35229966609,1.994,,
past260,BEST아델34,b287ab4d6de5c3fdf31b7208f3289220,2026-07-06,262,35229966609,1.994,,
past260,BEST아델34,b287ab4d6de5c3fdf31b7208f3289220,2026-07-07,262,35229966609,1.994,,
past260,BEST아델34,b287ab4d6de5c3fdf31b7208f3289220,2026-07-08,262,35229966609,1.994,,
past260,BEST아델34,b287ab4d6de5c3fdf31b7208f3289220,2026-07-09,262,35229966609,1.994,,
past260,BEST아델34,b287ab4d6de5c3fdf31b7208f3289220,2026-07-10,262,35229966609,1.994,,
past260,BEST아델34,b287ab4d6de5c3fdf31b7208f3289220,2026-07-11,262,35229966609,1.994,,
past260,BEST아델34,b287ab4d6de5c3fdf31b7208f3289220,2026-07-12,262,35229966609,1.994,1680583,
past260,BEST아델34,b287ab4d6de5c3fdf31b7208f3289220,2026-07-13,262,35229966609,1.994,,
past260,BEST아델34,b287ab4d6de5c3fdf31b7208f3289220,2026-07-14,262,35229966609,1.994,,
past260,BEST아델34,b287ab4d6de5c3fdf31b7208f3289220,2026-07-15,262,35229966609,1.994,,
past260,BEST아델34,b287ab4d6de5c3fdf31b7208f3289220,2026-07-16,262,35229966609,1.994,,
past260,BEST아델34,b287ab4d6de5c3fdf31b7208f3289220,2026-07-17,262,35229966609,1.994,,
past260,BEST아델34,b287ab4d6de5c3fdf31b7208f3289220,2026-07-18,262,35229966609,1.994,,
past260,BEST아델34,b287ab4d6de5c3fdf31b7208f3289220,2026-07-19,262,35229966609,1.994,,
past260,BEST아델34,b287ab4d6de5c3fdf31b7208f3289220,2026-07-20,262,35229966609,1.994,1680583,
past260,BEST아델34,b287ab4d6de5c3fdf31b7208f3289220,2026-07-21,262,35229966609,1.994,,
past260,BEST아델34,b287ab4d6de5c3fdf31b7208f3289220,2026-07-22,262,35229966609,1.994,,
past260,천마Nim,a9a710df3524cf4767e4b927bd19f5c3efe8d04e6d233bd35cf2fabdeb93fb0d,2026-06-18,262,21845996815,1.237,6420507,
past260,천마Nim,a9a710df3524cf4767e4b927bd19f5c3efe8d04e6d233bd35cf2fabdeb93fb0d,2026-06-19,262,21845996815,1.237,,
past260,천마Nim,a9a710df3524cf4767e4b927bd19f5c3efe8d04e6d233bd35cf2fabdeb93fb0d,2026-06-20,262,21845996815,1.237,,
past260,천마Nim,a9a710df3524cf4767e4b927bd19f5c3efe8d04e6d233bd35cf2fabdeb93fb0d,2026-06-21,262,21845996815,1.237,,
past260,천마Nim,a9a710df3524cf4767e4b927bd19f5c3efe8d04e6d233bd35cf2fabdeb93fb0d,2026-06-22,262,21845996815,1.237,,
past260,천마Nim,a9a710df3524cf4767e4b927bd19f5c3efe8d04e6d233bd35cf2fabdeb93fb0d,2026-06-23,262,21845996815,1.237,,
past260,천마Nim,a9a710df3524cf4767e4b927bd19f5c3efe8d04e6d233bd35cf2fabdeb93fb0d,2026-06-24,262,21845996815,1.237,,
past260,천마Nim,a9a710df3524cf4767e4b927bd19f5c3efe8d04e6d233bd35cf2fabdeb93fb0d,2026-06-25,262,21845996815,1.237,,
past260,천마Nim,a9a710df3524cf4767e4b927bd19f5c3efe8d04e6d233bd35cf2fabdeb93fb0d,2026-06-26,262,21845996815,1.237,6420507,
past260,천마Nim,a9a710df3524cf4767e4b927bd19f5c3efe8d04e6d233bd35cf2fabdeb93fb0d,2026-06-27,262,21845996815,1.237,,
past260,천마Nim,a9a710df3524cf4767e4b927bd19f5c3efe8d04e6d233bd35cf2fabdeb93fb0d,2026-06-28,262,21845996815,1.237,,
past260,천마Nim,a9a710df3524cf4767e4b927bd19f5c3efe8d04e6d233bd35cf2fabdeb93fb0d,2026-06-29,262,21845996815,1.237,,
past260,천마Nim,a9a710df3524cf4767e4b927bd19f5c3efe8d04e6d233bd35cf2fabdeb93fb0d,2026-06-30,262,21845996815,1.237,,
past260,천마Nim,a9a710df3524cf4767e4b927bd19f5c3efe8d04e6d233bd35cf2fabdeb93fb0d,2026-07-01,262,21845996815,1.237,,
past260,천마Nim,a9a710df3524cf4767e4b927bd19f5c3efe8d04e6d233bd35cf2fabdeb93fb0d,2026-07-02,262,21845996815,1.237,,
past260,천마Nim,a9a710df3524cf4767e4b927bd19f5c3efe8d04e6d233bd35cf2fabdeb93fb0d,2026-07-03,262,21845996815,1.237,,
past260,천마Nim,a9a710df3524cf4767e4b927bd19f5c3efe8d04e6d233bd35cf2fabdeb93fb0d,2026-07-04,262,21845996815,1.237,6420507,
past260,천마Nim,a9a710df3524cf4767e4b927bd19f5c3efe8d04e6d233bd35cf2fabdeb93fb0d,2026-07-05,262,21845996815,1.237,,
past260,천마Nim,a9a710df3524cf4767e4b927bd19f5c3efe8d04e6d233bd35cf2fabdeb93fb0d,2026-07-06,262,21845996815,1.237,,
past260,천마Nim,a9a710df3524cf4767e4b927bd19f5c3efe8d04e6d233bd35cf2fabdeb93fb0d,2026-07-07,262,21845996815,1.237,,
past260,천마Nim,a9a710df3524cf4767e4b927bd19f5c3efe8d04e6d233bd35cf2fabdeb93fb0d,2026-07-08,262,21845996815,1.237,,
past260,천마Nim,a9a710df3524cf4767e4b927bd19f5c3efe8d04e6d233bd35cf2fabdeb93fb0d,2026-07-09,262,21845996815,1.237,,
past260,천마Nim,a9a710df3524cf4767e4b927bd19f5c3efe8d04e6d233bd35cf2fabdeb93fb0d,2026-07-10,262,21845996815,1.237,,
past260,천마Nim,a9a710df3524cf4767e4b927bd19f5c3efe8d04e6d233bd35cf2fabdeb93fb0d,2026-07-11,262,21845996815,1.237,,
past260,천마Nim,a9a710df3524cf4767e4b927bd19f5c3efe8d04e6d233bd35cf2fabdeb93fb0d,2026-07-12,262,21845996815,1.237,6420507,
past260,천마Nim,a9a710df3524cf4767e4b927bd19f5c3efe8d04e6d233bd35cf2fabdeb93fb0d,2026-07-13,262,21845996815,1.237,,
past260,천마Nim,a9a710df3524cf4767e4b927bd19f5c3efe8d04e6d233bd35cf2fabdeb93fb0d,2026-07-14,262,21845996815,1.237,,
past260,천마Nim,a9a710df3524cf4767e4b927bd19f5c3efe8d04e6d233bd35cf2fabdeb93fb0d,2026-07-15,262,21845996815,1.237,,
past260,천마Nim,a9a710df3524cf4767e4b927bd19f5c3efe8d04e6d233bd35cf2fabdeb93fb0d,2026-07-16,262,21845996815,1.237,,
past260,천마Nim,a9a710df3524cf4767e4b927bd19f5c3efe8d04e6d233bd35cf2fabdeb93fb0d,2026-07-17,262,21845996815,1.237,,
past260,천마Nim,a9a710df3524cf4767e4b927bd19f5c3efe8d04e6d233bd35cf2fabdeb93fb0d,2026-07-18,262,21845996815,1.237,,
past260,천마Nim,a9a710df3524cf4767e4b927bd19f5c3efe8d04e6d233bd35cf2fabdeb93fb0d,2026-07-19,262,21845996815,1.237,,
past260,천마Nim,a9a710df3524cf4767e4b927bd19f5c3efe8d04e6d233bd35cf2fabdeb93fb0d,2026-07-20,262,21845996815,1.237,6420507,
past260,천마Nim,a9a710df3524cf4767e4b927bd19f5c3efe8d04e6d233bd35cf2fabdeb93fb0d,2026-07-21,262,21845996815,1.237,,
past260,천마Nim,a9a710df3524cf4767e4b927bd19f5c3efe8d04e6d233bd35cf2fabdeb93fb0d,2026-07-22,262,21845996815,1.237,,
past260,짹소마짹,31e0e85cda5f8cafa373e0e2e957ffbf,2026-06-18,262,28436502496,1.610,13144741,
past260,짹소마짹,31e0e85cda5f8cafa373e0e2e957ffbf,2026-06-19,262,28436502496,1.610,,
past260,짹소마짹,31e0e85cda5f8cafa373e0e2e957ffbf,2026-06-20,262,28436502496,1.610,,
past260,짹소마짹,31e0e85cda5f8cafa373e0e2e957ffbf,2026-06-21,262,28436502496,1.610,,
past260,짹소마짹,31e0e85cda5f8cafa373e0e2e957ffbf,2026-06-22,262,28436502496,1.610,,
past260,짹소마짹,31e0e85cda5f8cafa373e0e2e957ffbf,2026-06-23,262,28436502496,1.610,,
past260,짹소마짹,31e0e85cda5f8cafa373e0e2e957ffbf,2026-06-24,262,28436502496,1.610,,
past260,짹소마짹,31e0e85cda5f8cafa373e0e2e957ffbf,2026-06-25,262,28436502496,1.610,,
past260,짹소마짹,31e0e85cda5f8cafa373e0e2e957ffbf,2026-06-26,262,28436502496,1.610,13144741,
past260,짹소마짹,31e0e85cda5f8cafa373e0e2e957ffbf,2026-06-27,262,28436502496,1.610,,
past260,짹소마짹,31e0e85cda5f8cafa373e0e2e957ffbf,2026-06-28,262,28436502496,1.610,,
past260,짹소마짹,31e0e85cda5f8cafa373e0e2e957ffbf,2026-06-29,262,28436502496,1.610,,
past260,짹소마짹,31e0e85cda5f8cafa373e0e2e957ffbf,2026-06-30,262,28436502496,1.610,,
past260,짹소마짹,31e0e85cda5f8cafa373e0e2e957ffbf,2026-07-01,262,28436502496,1.610,,
past260,짹소마짹,31e0e85cda5f8cafa373e0e2e957ffbf,2026-07-02,262,28436502496,1.610,,
past260,짹소마짹,31e0e85cda5f8cafa373e0e2e957ffbf,2026-07-03,262,28436502496,1.610,,
past260,짹소마짹,31e0e85cda5f8cafa373e0e2e957ffbf,2026-07-04,262,28436502496,1.610,13144741,
past260,짹소마짹,31e0e85cda5f8cafa373e0e2e957ffbf,2026-07-05,262,28436502496,1.610,,
past260,짹소마짹,31e0e85cda5f8cafa373e0e2e957ffbf,2026-07-06,262,28436502496,1.610,,
past260,짹소마짹,31e0e85cda5f8cafa373e0e2e957ffbf,2026-07-07,262,28436502496,1.610,,
past260,짹소마짹,31e0e85cda5f8cafa373e0e2e957ffbf,2026-07-08,262,28436502496,1.610,,
past260,짹소마짹,31e0e85cda5f8cafa373e0e2e957ffbf,2026-07-09,262,28436502496,1.610,,
past260,짹소마짹,31e0e85cda5f8cafa373e0e2e957ffbf,2026-07-10,262,28436502496,1.610,,
past260,짹소마짹,31e0e85cda5f8cafa373e0e2e957ffbf,2026-07-11,262,28436502496,1.610,,
past260,짹소마짹,31e0e85cda5f8cafa373e0e2e957ffbf,2026-07-12,262,28436502496,1.610,13144741,
past260,짹소마짹,31e0e85cda5f8cafa373e0e2e957ffbf,2026-07-13,262,28436502496,1.610,,
past260,짹소마짹,31e0e85cda5f8cafa373e0e2e957ffbf,2026-07-14,262,28436502496,1.610,,
past260,짹소마짹,31e0e85cda5f8cafa373e0e2e957ffbf,2026-07-15,262,28436502496,1.610,,
past260,짹소마짹,31e0e85cda5f8cafa373e0e2e957ffbf,2026-07-16,262,28436502496,1.610,,
past260,짹소마짹,31e0e85cda5f8cafa373e0e2e957ffbf,2026-07-17,262,28436502496,1.610,,
past260,짹소마짹,31e0e85cda5f8cafa373e0e2e957ffbf,2026-07-18,262,28436502496,1.610,,
past260,짹소마짹,31e0e85cda5f8cafa373e0e2e957ffbf,2026-07-19,262,28436502496,1.610,,
past260,짹소마짹,31e0e85cda5f8cafa373e0e2e957ffbf,2026-07-20,262,28436502496,1.610,13144741,
past260,짹소마짹,31e0e85cda5f8cafa373e0e2e957ffbf,2026-07-21,262,28436502496,1.610,,
past260,짹소마짹,31e0e85cda5f8cafa373e0e2e957ffbf,2026-07-22,262,28436502496,1.610,,
past260,렌긋렌긋,7b4308216f348851a2059928c938b835efe8d04e6d233bd35cf2fabdeb93fb0d,2026-06-18,262,27794229933,1.573,7768256,
past260,렌긋렌긋,7b4308216f348851a2059928c938b835efe8d04e6d233bd35cf2fabdeb93fb0d,2026-06-19,262,27794229933,1.573,,
past260,렌긋렌긋,7b4308216f348851a2059928c938b835efe8d04e6d233bd35cf2fabdeb93fb0d,2026-06-20,262,27794229933,1.573,,
past260,렌긋렌긋,7b4308216f348851a2059928c938b835efe8d04e6d233bd35cf2fabdeb93fb0d,2026-06-21,262,27794229933,1.573,,
past260,렌긋렌긋,7b4308216f348851a2059928c938b835efe8d04e6d233bd35cf2fabdeb93fb0d,2026-06-22,262,27794229933,1.573,,
past260,렌긋렌긋,7b4308216f348851a2059928c938b835efe8d04e6d233bd35cf2fabdeb93fb0d,2026-06-23,262,27794229933,1.573,,
past260,렌긋렌긋,7b4308216f348851a2059928c938b835efe8d04e6d233bd35cf2fabdeb93fb0d,2026-06-24,262,27794229933,1.573,,
past260,렌긋렌긋,7b4308216f348851a2059928c938b835efe8d04e6d233bd35cf2fabdeb93fb0d,2026-06-25,262,27794229933,1.573,,
past260,렌긋렌긋,7b4308216f348851a2059928c938b835efe8d04e6d233bd35cf2fabdeb93fb0d,2026-06-26,262,27794229933,1.573,7768256,
past260,렌긋렌긋,7b4308216f348851a2059928c938b835efe8d04e6d233bd35cf2fabdeb93fb0d,2026-06-27,262,27794229933,1.573,,
past260,렌긋렌긋,7b4308216f348851a2059928c938b835efe8d04e6d233bd35cf2fabdeb93fb0d,2026-06-28,262,27794229933,1.573,,
past260,렌긋렌긋,7b4308216f348851a2059928c938b835efe8d04e6d233bd35cf2fabdeb93fb0d,2026-06-29,262,27794229933,1.573,,
past260,렌긋렌긋,7b4308216f348851a2059928c938b835efe8d04e6d233bd35cf2fabdeb93fb0d,2026-06-30,262,27794229933,1.573,,
past260,렌긋렌긋,7b4308216f348851a2059928c938b835efe8d04e6d233bd35cf2fabdeb93fb0d,2026-07-01,262,27794229933,1.573,,
past260,렌긋렌긋,7b4308216f348851a2059928c938b835efe8d04e6d233bd35cf2fabdeb93fb0d,2026-07-02,262,27794229933,1.573,,
past260,렌긋렌긋,7b4308216f348851a2059928c938b835efe8d04e6d233bd35cf2fabdeb93fb0d,2026-07-03,262,27794229933,1.573,,
past260,렌긋렌긋,7b4308216f348851a2059928c938b835efe8d04e6d233bd35cf2fabdeb93fb0d,2026-07-04,262,27794229933,1.573,7768256,
past260,렌긋렌긋,7b4308216f348851a2059928c938b835efe8d04e6d233bd35cf2fabdeb93fb0d,2026-07-05,262,27794229933,1.573,,
past260,렌긋렌긋,7b4308216f348851a2059928c938b835efe8d04e6d233bd35cf2fabdeb93fb0d,2026-07-06,262,27794229933,1.573,,
past260,렌긋렌긋,7b4308216f348851a2059928c938b835efe8d04e6d233bd35cf2fabdeb93fb0d,2026-07-07,262,27794229933,1.573,,
past260,렌긋렌긋,7b4308216f348851a2059928c938b835efe8d04e6d233bd35cf2fabdeb93fb0d,2026-07-08,262,27794229933,1.573,,
past260,렌긋렌긋,7b4308216f348851a2059928c938b835efe8d04e6d233bd35cf2fabdeb93fb0d,2026-07-09,262,27794229933,1.573,,
past260,렌긋렌긋,7b4308216f348851a2059928c938b835efe8d04e6d233bd35cf2fabdeb93fb0d,2026-07-10,262,27794229933,1.573,,
past260,렌긋렌긋,7b4308216f348851a2059928c938b835efe8d04e6d233bd35cf2fabdeb93fb0d,2026-07-11,262,27794229933,1.573,,
past260,렌긋렌긋,7b4308216f348851a2059928c938b835efe8d04e6d233bd35cf2fabdeb93fb0d,2026-07-12,262,27794229933,1.573,7768256,
past260,렌긋렌긋,7b4308216f348851a2059928c938b835efe8d04e6d233bd35cf2fabdeb93fb0d,2026-07-13,262,27794229933,1.573,,
past260,렌긋렌긋,7b4308216f348851a2059928c938b835efe8d04e6d233bd35cf2fabdeb93fb0d,2026-07-14,262,27794229933,1.573,,
past260,렌긋렌긋,7b4308216f348851a2059928c938b835efe8d04e6d233bd35cf2fabdeb93fb0d,2026-07-15,262,27794229933,1.573,,
past260,렌긋렌긋,7b4308216f348851a2059928c938b835efe8d04e6d233bd35cf2fabdeb93fb0d,2026-07-16,262,27794229933,1.573,,
past260,렌긋렌긋,7b4308216f348851a2059928c938b835efe8d04e6d233bd35cf2fabdeb93fb0d,2026-07-17,262,27794229933,1.573,,
past260,렌긋렌긋,7b4308216f348851a2059928c938b835efe8d04e6d233bd35cf2fabdeb93fb0d,2026-07-18,262,27794229933,1.573,,
past260,렌긋렌긋,7b4308216f348851a2059928c938b835efe8d04e6d233bd35cf2fabdeb93fb0d,2026-07-19,262,27794229933,1.573,,
past260,렌긋렌긋,7b4308216f348851a2059928c938b835efe8d04e6d233bd35cf2fabdeb93fb0d,2026-07-20,262,27794229933,1.573,7768256,
past260,렌긋렌긋,7b4308216f348851a2059928c938b835efe8d04e6d233bd35cf2fabdeb93fb0d,2026-07-21,262,27794229933,1.573,,
past260,렌긋렌긋,7b4308216f348851a2059928c938b835efe8d04e6d233bd35cf2fabdeb93fb0d,2026-07-22,262,27794229933,1.573,,
past260,내예임수빈,0b13c583f7837587a8ddf040c8f20d46,2026-06-18,262,25890426136,1.465,8595810,
past260,내예임수빈,0b13c583f7837587a8ddf040c8f20d46,2026-06-19,262,25890426136,1.465,,
past260,내예임수빈,0b13c583f7837587a8ddf040c8f20d46,2026-06-20,262,25890426136,1.465,,
past260,내예임수빈,0b13c583f7837587a8ddf040c8f20d46,2026-06-21,262,25890426136,1.465,,
past260,내예임수빈,0b13c583f7837587a8ddf040c8f20d46,2026-06-22,262,25890426136,1.465,,
past260,내예임수빈,0b13c583f7837587a8ddf040c8f20d46,2026-06-23,262,25890426136,1.465,,
past260,내예임수빈,0b13c583f7837587a8ddf040c8f20d46,2026-06-24,262,25890426136,1.465,,
past260,내예임수빈,0b13c583f7837587a8ddf040c8f20d46,2026-06-25,262,25890426136,1.465,,
past260,내예임수빈,0b13c583f7837587a8ddf040c8f20d46,2026-06-26,262,25890426136,1.465,8595810,
past260,내예임수빈,0b13c583f7837587a8ddf040c8f20d46,2026-06-27,262,25890426136,1.465,,
past260,내예임수빈,0b13c583f7837587a8ddf040c8f20d46,2026-06-28,262,25890426136,1.465,,
past260,내예임수빈,0b13c583f7837587a8ddf040c8f20d46,2026-06-29,262,25890426136,1.465,,
past260,내예임수빈,0b13c583f7837587a8ddf040c8f20d46,2026-06-30,262,25890426136,1.465,,
past260,내예임수빈,0b13c583f7837587a8ddf040c8f20d46,2026-07-01,262,25890426136,1.465,,
past260,내예임수빈,0b13c583f7837587a8ddf040c8f20d46,2026-07-02,262,25890426136,1.465,,
past260,내예임수빈,0b13c583f7837587a8ddf040c8f20d46,2026-07-03,262,25890426136,1.465,,
past260,내예임수빈,0b13c583f7837587a8ddf040c8f20d46,2026-07-04,262,25890426136,1.465,8595810,
past260,내예임수빈,0b13c583f7837587a8ddf040c8f20d46,2026-07-05,262,25890426136,1.465,,
past260,내예임수빈,0b13c583f7837587a8ddf040c8f20d46,2026-07-06,262,25890426136,1.465,,
past260,내예임수빈,0b13c583f7837587a8ddf040c8f20d46,2026-07-07,262,25890426136,1.465,,
past260,내예임수빈,0b13c583f7837587a8ddf040c8f20d46,2026-07-08,262,25890426136,1.465,,
past260,내예임수빈,0b13c583f7837587a8ddf040c8f20d46,2026-07-09,262,25890426136,1.465,,
past260,내예임수빈,0b13c583f7837587a8ddf040c8f20d46,2026-07-10,262,25890426136,1.465,,
past260,내예임수빈,0b13c583f7837587a8ddf040c8f20d46,2026-07-11,262,25890426136,1.465,,
past260,내예임수빈,0b13c583f7837587a8ddf040c8f20d46,2026-07-12,262,25890426136,1.465,8595810,
past260,내예임수빈,0b13c583f7837587a8ddf040c8f20d46,2026-07-13,262,25890426136,1.465,,
past260,내예임수빈,0b13c583f7837587a8ddf040c8f20d46,2026-07-14,262,25890426136,1.465,,
past260,내예임수빈,0b13c583f7837587a8ddf040c8f20d46,2026-07-15,262,25890426136,1.465,,
past260,내예임수빈,0b13c583f7837587a8ddf040c8f20d46,2026-07-16,262,25890426136,1.465,,
past260,내예임수빈,0b13c583f7837587a8ddf040c8f20d46,2026-07-17,262,25890426136,1.465,,
past260,내예임수빈,0b13c583f7837587a8ddf040c8f20d46,2026-07-18,262,25890426136,1.465,,
past260,내예임수빈,0b13c583f7837587a8ddf040c8f20d46,2026-07-19,262,25890426136,1.465,,
past260,내예임수빈,0b13c583f7837587a8ddf040c8f20d46,2026-07-20,262,25890426136,1.465,8595810,
past260,내예임수빈,0b13c583f7837587a8ddf040c8f20d46,2026-07-21,262,25890426136,1.465,,
past260,내예임수빈,0b13c583f7837587a8ddf040c8f20d46,2026-07-22,262,25890426136,1.465,,
past260,연두색다래,0de998c4c90a4654fe83822ac0d0f6df,2026-06-18,262,33068653770,1.872,1068,
past260,연두색다래,0de998c4c90a4654fe83822ac0d0f6df,2026-06-19,262,33068653770,1.872,,
past260,연두색다래,0de998c4c90a4654fe83822ac0d0f6df,2026-06-20,262,33068653770,1.872,,
past260,연두색다래,0de998c4c90a4654fe83822ac0d0f6df,2026-06-21,262,33068653770,1.872,,
past260,연두색다래,0de998c4c90a4654fe83822ac0d0f6df,2026-06-22,262,33068653770,1.872,,
past260,연두색다래,0de998c4c90a4654fe83822ac0d0f6df,2026-06-23,262,33068653770,1.872,,
past260,연두색다래,0de998c4c90a4654fe83822ac0d0f6df,2026-06-24,262,33068653770,1.872,,
past260,연두색다래,0de998c4c90a4654fe83822ac0d0f6df,2026-06-25,262,33068653770,1.872,,
past260,연두색다래,0de998c4c90a4654fe83822ac0d0f6df,2026-06-26,262,33068653770,1.872,1068,
past260,연두색다래,0de998c4c90a4654fe83822ac0d0f6df,2026-06-27,262,33068653770,1.872,,
past260,연두색다래,0de998c4c90a4654fe83822ac0d0f6df,2026-06-28,262,33068653770,1.872,,
past260,연두색다래,0de998c4c90a4654fe83822ac0d0f6df,2026-06-29,262,33068653770,1.872,,
past260,연두색다래,0de998c4c90a4654fe83822ac0d0f6df,2026-06-30,262,33068653770,1.872,,
past260,연두색다래,0de998c4c90a4654fe83822ac0d0f6df,2026-07-01,262,33068653770,1.872,,
past260,연두색다래,0de998c4c90a4654fe83822ac0d0f6df,2026-07-02,262,33068653770,1.872,,
past260,연두색다래,0de998c4c90a4654fe83822ac0d0f6df,2026-07-03,262,33068653770,1.872,,
past260,연두색다래,0de998c4c90a4654fe83822ac0d0f6df,2026-07-04,262,33068653770,1.872,1068,
past260,연두색다래,0de998c4c90a4654fe83822ac0d0f6df,2026-07-05,262,33068653770,1.872,,
past260,연두색다래,0de998c4c90a4654fe83822ac0d0f6df,2026-07-06,262,33068653770,1.872,,
past260,연두색다래,0de998c4c90a4654fe83822ac0d0f6df,2026-07-07,262,33068653770,1.872,,
past260,연두색다래,0de998c4c90a4654fe83822ac0d0f6df,2026-07-08,262,33068653770,1.872,,
past260,연두색다래,0de998c4c90a4654fe83822ac0d0f6df,2026-07-09,262,33068653770,1.872,,
past260,연두색다래,0de998c4c90a4654fe83822ac0d0f6df,2026-07-10,262,33068653770,1.872,,
past260,연두색다래,0de998c4c90a4654fe83822ac0d0f6df,2026-07-11,262,33068653770,1.872,,
past260,연두색다래,0de998c4c90a4654fe83822ac0d0f6df,2026-07-12,262,33068653770,1.872,1068,
past260,연두색다래,0de998c4c90a4654fe83822ac0d0f6df,2026-07-13,262,33068653770,1.872,,
past260,연두색다래,0de998c4c90a4654fe83822ac0d0f6df,2026-07-14,262,33068653770,1.872,,
past260,연두색다래,0de998c4c90a4654fe83822ac0d0f6df,2026-07-15,262,33068653770,1.872,,
past260,연두색다래,0de998c4c90a4654fe83822ac0d0f6df,2026-07-16,262,33068653770,1.872,,
past260,연두색다래,0de998c4c90a4654fe83822ac0d0f6df,2026-07-17,262,33068653770,1.872,,
past260,연두색다래,0de998c4c90a4654fe83822ac0d0f6df,2026-07-18,262,33068653770,1.872,,
past260,연두색다래,0de998c4c90a4654fe83822ac0d0f6df,2026-07-19,262,33068653770,1.872,,
past260,연두색다래,0de998c4c90a4654fe83822ac0d0f6df,2026-07-20,262,33068653770,1.872,1068,
past260,연두색다래,0de998c4c90a4654fe83822ac0d0f6df,2026-07-21,262,33068653770,1.872,,
past260,연두색다래,0de998c4c90a4654fe83822ac0d0f6df,2026-07-22,262,33068653770,1.872,,
past260,칼날의뿌까,c0513258d756d8558d46989f9d04c096,2026-06-18,262,18955991805,1.073,0,
past260,칼날의뿌까,c0513258d756d8558d46989f9d04c096,2026-06-19,262,18955991805,1.073,,
past260,칼날의뿌까,c0513258d756d8558d46989f9d04c096,2026-06-20,262,18955991805,1.073,,
past260,칼날의뿌까,c0513258d756d8558d46989f9d04c096,2026-06-21,262,18955991805,1.073,,
past260,칼날의뿌까,c0513258d756d8558d46989f9d04c096,2026-06-22,262,18955991805,1.073,,
past260,칼날의뿌까,c0513258d756d8558d46989f9d04c096,2026-06-23,262,18955991805,1.073,,
past260,칼날의뿌까,c0513258d756d8558d46989f9d04c096,2026-06-24,262,18955991805,1.073,,
past260,칼날의뿌까,c0513258d756d8558d46989f9d04c096,2026-06-25,262,18955991805,1.073,,
past260,칼날의뿌까,c0513258d756d8558d46989f9d04c096,2026-06-26,262,18955991805,1.073,0,
past260,칼날의뿌까,c0513258d756d8558d46989f9d04c096,2026-06-27,262,18955991805,1.073,,
past260,칼날의뿌까,c0513258d756d8558d46989f9d04c096,2026-06-28,262,18955991805,1.073,,
past260,칼날의뿌까,c0513258d756d8558d46989f9d04c096,2026-06-29,262,18955991805,1.073,,
past260,칼날의뿌까,c0513258d756d8558d46989f9d04c096,2026-06-30,262,18955991805,1.073,,
past260,칼날의뿌까,c0513258d756d8558d46989f9d04c096,2026-07-01,262,18955991805,1.073,,
past260,칼날의뿌까,c0513258d756d8558d46989f9d04c096,2026-07-02,262,18955991805,1.073,,
past260,칼날의뿌까,c0513258d756d8558d46989f9d04c096,2026-07-03,262,18955991805,1.073,,
past260,칼날의뿌까,c0513258d756d8558d46989f9d04c096,2026-07-04,262,18955991805,1.073,0,
past260,칼날의뿌까,c0513258d756d8558d46989f9d04c096,2026-07-05,262,18955991805,1.073,,
past260,칼날의뿌까,c0513258d756d8558d46989f9d04c096,2026-07-06,262,18955991805,1.073,,
past260,칼날의뿌까,c0513258d756d8558d46989f9d04c096,2026-07-07,262,18955991805,1.073,,
past260,칼날의뿌까,c0513258d756d8558d46989f9d04c096,2026-07-08,262,18955991805,1.073,,
past260,칼날의뿌까,c0513258d756d8558d46989f9d04c096,2026-07-09,262,18955991805,1.073,,
past260,칼날의뿌까,c0513258d756d8558d46989f9d04c096,2026-07-10,262,18955991805,1.073,,
past260,칼날의뿌까,c0513258d756d8558d46989f9d04c096,2026-07-11,262,18955991805,1.073,,
past260,칼날의뿌까,c0513258d756d8558d46989f9d04c096,2026-07-12,262,18955991805,1.073,0,
past260,칼날의뿌까,c0513258d756d8558d46989f9d04c096,2026-07-13,262,18955991805,1.073,,
past260,칼날의뿌까,c0513258d756d8558d46989f9d04c096,2026-07-14,262,18955991805,1.073,,
past260,칼날의뿌까,c0513258d756d8558d46989f9d04c096,2026-07-15,262,18955991805,1.073,,
past260,칼날의뿌까,c0513258d756d8558d46989f9d04c096,2026-07-16,262,18955991805,1.073,,
past260,칼날의뿌까,c0513258d756d8558d46989f9d04c096,2026-07-17,262,18955991805,1.073,,
past260,칼날의뿌까,c0513258d756d8558d46989f9d04c096,2026-07-18,262,18955991805,1.073,,
past260,칼날의뿌까,c0513258d756d8558d46989f9d04c096,2026-07-19,262,18955991805,1.073,,
past260,칼날의뿌까,c0513258d756d8558d46989f9d04c096,2026-07-20,262,18955991805,1.073,0,
past260,칼날의뿌까,c0513258d756d8558d46989f9d04c096,2026-07-21,262,18955991805,1.073,,
past260,칼날의뿌까,c0513258d756d8558d46989f9d04c096,2026-07-22,262,18955991805,1.073,,
past260,수원시방범대,642d8543a4aeee978fdd382065690adfefe8d04e6d233bd35cf2fabdeb93fb0d,2026-06-18,262,20854539099,1.180,4438521,
past260,수원시방범대,642d8543a4aeee978fdd382065690adfefe8d04e6d233bd35cf2fabdeb93fb0d,2026-06-19,262,20854539099,1.180,,
past260,수원시방범대,642d8543a4aeee978fdd382065690adfefe8d04e6d233bd35cf2fabdeb93fb0d,2026-06-20,262,20854539099,1.180,,
past260,수원시방범대,642d8543a4aeee978fdd382065690adfefe8d04e6d233bd35cf2fabdeb93fb0d,2026-06-21,262,20854539099,1.180,,
past260,수원시방범대,642d8543a4aeee978fdd382065690adfefe8d04e6d233bd35cf2fabdeb93fb0d,2026-06-22,262,20854539099,1.180,,
past260,수원시방범대,642d8543a4aeee978fdd382065690adfefe8d04e6d233bd35cf2fabdeb93fb0d,2026-06-23,262,20854539099,1.180,,
past260,수원시방범대,642d8543a4aeee978fdd382065690adfefe8d04e6d233bd35cf2fabdeb93fb0d,2026-06-24,262,20854539099,1.180,,
past260,수원시방범대,642d8543a4aeee978fdd382065690adfefe8d04e6d233bd35cf2fabdeb93fb0d,2026-06-25,262,20854539099,1.180,,
past260,수원시방범대,642d8543a4aeee978fdd382065690adfefe8d04e6d233bd35cf2fabdeb93fb0d,2026-06-26,262,20854539099,1.180,4438521,
past260,수원시방범대,642d8543a4aeee978fdd382065690adfefe8d04e6d233bd35cf2fabdeb93fb0d,2026-06-27,262,20854539099,1.180,,
past260,수원시방범대,642d8543a4aeee978fdd382065690adfefe8d04e6d233bd35cf2fabdeb93fb0d,2026-06-28,262,20854539099,1.180,,
past260,수원시방범대,642d8543a4aeee978fdd382065690adfefe8d04e6d233bd35cf2fabdeb93fb0d,2026-06-29,262,20854539099,1.180,,
past260,수원시방범대,642d8543a4aeee978fdd382065690adfefe8d04e6d233bd35cf2fabdeb93fb0d,2026-06-30,262,20854539099,1.180,,
past260,수원시방범대,642d8543a4aeee978fdd382065690adfefe8d04e6d233bd35cf2fabdeb93fb0d,2026-07-01,262,20854539099,1.180,,
past260,수원시방범대,642d8543a4aeee978fdd382065690adfefe8d04e6d233bd35cf2fabdeb93fb0d,2026-07-02,262,20854539099,1.180,,
past260,수원시방범대,642d8543a4aeee978fdd382065690adfefe8d04e6d233bd35cf2fabdeb93fb0d,2026-07-03,262,20854539099,1.180,,
past260,수원시방범대,642d8543a4aeee978fdd382065690adfefe8d04e6d233bd35cf2fabdeb93fb0d,2026-07-04,262,20854539099,1.180,4438521,
past260,수원시방범대,642d8543a4aeee978fdd382065690adfefe8d04e6d233bd35cf2fabdeb93fb0d,2026-07-05,262,20854539099,1.180,,
past260,수원시방범대,642d8543a4aeee978fdd382065690adfefe8d04e6d233bd35cf2fabdeb93fb0d,2026-07-06,262,20854539099,1.180,,
past260,수원시방범대,642d8543a4aeee978fdd382065690adfefe8d04e6d233bd35cf2fabdeb93fb0d,2026-07-07,262,20854539099,1.180,,
past260,수원시방범대,642d8543a4aeee978fdd382065690adfefe8d04e6d233bd35cf2fabdeb93fb0d,2026-07-08,262,20854539099,1.180,,
past260,수원시방범대,642d8543a4aeee978fdd382065690adfefe8d04e6d233bd35cf2fabdeb93fb0d,2026-07-09,262,20854539099,1.180,,
past260,수원시방범대,642d8543a4aeee978fdd382065690adfefe8d04e6d233bd35cf2fabdeb93fb0d,2026-07-10,262,20854539099,1.180,,
past260,수원시방범대,642d8543a4aeee978fdd382065690adfefe8d04e6d233bd35cf2fabdeb93fb0d,2026-07-11,262,20854539099,1.180,,
past260,수원시방범대,642d8543a4aeee978fdd382065690adfefe8d04e6d233bd35cf2fabdeb93fb0d,2026-07-12,262,20854539099,1.180,4438521,
past260,수원시방범대,642d8543a4aeee978fdd382065690adfefe8d04e6d233bd35cf2fabdeb93fb0d,2026-07-13,262,20854539099,1.180,,
past260,수원시방범대,642d8543a4aeee978fdd382065690adfefe8d04e6d233bd35cf2fabdeb93fb0d,2026-07-14,262,20854539099,1.180,,
past260,수원시방범대,642d8543a4aeee978fdd382065690adfefe8d04e6d233bd35cf2fabdeb93fb0d,2026-07-15,262,20854539099,1.180,,
past260,수원시방범대,642d8543a4aeee978fdd382065690adfefe8d04e6d233bd35cf2fabdeb93fb0d,2026-07-16,262,20854539099,1.180,,
past260,수원시방범대,642d8543a4aeee978fdd382065690adfefe8d04e6d233bd35cf2fabdeb93fb0d,2026-07-17,262,20854539099,1.180,,
past260,수원시방범대,642d8543a4aeee978fdd382065690adfefe8d04e6d233bd35cf2fabdeb93fb0d,2026-07-18,262,20854539099,1.180,,
past260,수원시방범대,642d8543a4aeee978fdd382065690adfefe8d04e6d233bd35cf2fabdeb93fb0d,2026-07-19,262,20854539099,1.180,,
past260,수원시방범대,642d8543a4aeee978fdd382065690adfefe8d04e6d233bd35cf2fabdeb93fb0d,2026-07-20,262,20854539099,1.180,4438521,
past260,수원시방범대,642d8543a4aeee978fdd382065690adfefe8d04e6d233bd35cf2fabdeb93fb0d,2026-07-21,262,20854539099,1.180,,
past260,수원시방범대,642d8543a4aeee978fdd382065690adfefe8d04e6d233bd35cf2fabdeb93fb0d,2026-07-22,262,20854539099,1.180,,
past260,와흔짱,19d99cb003fb3c126dd4fff2f32d0ad7efe8d04e6d233bd35cf2fabdeb93fb0d,2026-06-18,262,46943466465,2.657,845823,
past260,와흔짱,19d99cb003fb3c126dd4fff2f32d0ad7efe8d04e6d233bd35cf2fabdeb93fb0d,2026-06-19,262,46943466465,2.657,,
past260,와흔짱,19d99cb003fb3c126dd4fff2f32d0ad7efe8d04e6d233bd35cf2fabdeb93fb0d,2026-06-20,262,46943466465,2.657,,
past260,와흔짱,19d99cb003fb3c126dd4fff2f32d0ad7efe8d04e6d233bd35cf2fabdeb93fb0d,2026-06-21,262,46943466465,2.657,,
past260,와흔짱,19d99cb003fb3c126dd4fff2f32d0ad7efe8d04e6d233bd35cf2fabdeb93fb0d,2026-06-22,262,46943466465,2.657,,
past260,와흔짱,19d99cb003fb3c126dd4fff2f32d0ad7efe8d04e6d233bd35cf2fabdeb93fb0d,2026-06-23,262,46943466465,2.657,,
past260,와흔짱,19d99cb003fb3c126dd4fff2f32d0ad7efe8d04e6d233bd35cf2fabdeb93fb0d,2026-06-24,262,46943466465,2.657,,
past260,와흔짱,19d99cb003fb3c126dd4fff2f32d0ad7efe8d04e6d233bd35cf2fabdeb93fb0d,2026-06-25,262,46943466465,2.657,,
past260,와흔짱,19d99cb003fb3c126dd4fff2f32d0ad7efe8d04e6d233bd35cf2fabdeb93fb0d,2026-06-26,262,46943466465,2.657,845823,
past260,와흔짱,19d99cb003fb3c126dd4fff2f32d0ad7efe8d04e6d233bd35cf2fabdeb93fb0d,2026-06-27,262,46943466465,2.657,,
past260,와흔짱,19d99cb003fb3c126dd4fff2f32d0ad7efe8d04e6d233bd35cf2fabdeb93fb0d,2026-06-28,262,46943466465,2.657,,
past260,와흔짱,19d99cb003fb3c126dd4fff2f32d0ad7efe8d04e6d233bd35cf2fabdeb93fb0d,2026-06-29,262,46943466465,2.657,,
past260,와흔짱,19d99cb003fb3c126dd4fff2f32d0ad7efe8d04e6d233bd35cf2fabdeb93fb0d,2026-06-30,262,46943466465,2.657,,
past260,와흔짱,19d99cb003fb3c126dd4fff2f32d0ad7efe8d04e6d233bd35cf2fabdeb93fb0d,2026-07-01,262,46943466465,2.657,,
past260,와흔짱,19d99cb003fb3c126dd4fff2f32d0ad7efe8d04e6d233bd35cf2fabdeb93fb0d,2026-07-02,262,46943466465,2.657,,
past260,와흔짱,19d99cb003fb3c126dd4fff2f32d0ad7efe8d04e6d233bd35cf2fabdeb93fb0d,2026-07-03,262,46943466465,2.657,,
past260,와흔짱,19d99cb003fb3c126dd4fff2f32d0ad7efe8d04e6d233bd35cf2fabdeb93fb0d,2026-07-04,262,46943466465,2.657,845823,
past260,와흔짱,19d99cb003fb3c126dd4fff2f32d0ad7efe8d04e6d233bd35cf2fabdeb93fb0d,2026-07-05,262,46943466465,2.657,,
past260,와흔짱,19d99cb003fb3c126dd4fff2f32d0ad7efe8d04e6d233bd35cf2fabdeb93fb0d,2026-07-06,262,46943466465,2.657,,
past260,와흔짱,19d99cb003fb3c126dd4fff2f32d0ad7efe8d04e6d233bd35cf2fabdeb93fb0d,2026-07-07,262,46943466465,2.657,,
past260,와흔짱,19d99cb003fb3c126dd4fff2f32d0ad7efe8d04e6d233bd35cf2fabdeb93fb0d,2026-07-08,262,46943466465,2.657,,
past260,와흔짱,19d99cb003fb3c126dd4fff2f32d0ad7efe8d04e6d233bd35cf2fabdeb93fb0d,2026-07-09,262,46943466465,2.657,,
past260,와흔짱,19d99cb003fb3c126dd4fff2f32d0ad7efe8d04e6d233bd35cf2fabdeb93fb0d,2026-07-10,262,46943466465,2.657,,
past260,와흔짱,19d99cb003fb3c126dd4fff2f32d0ad7efe8d04e6d233bd35cf2fabdeb93fb0d,2026-07-11,262,46943466465,2.657,,
past260,와흔짱,19d99cb003fb3c126dd4fff2f32d0ad7efe8d04e6d233bd35cf2fabdeb93fb0d,2026-07-12,262,46943466465,2.657,845823,
past260,와흔짱,19d99cb003fb3c126dd4fff2f32d0ad7efe8d04e6d233bd35cf2fabdeb93fb0d,2026-07-13,262,46943466465,2.657,,
past260,와흔짱,19d99cb003fb3c126dd4fff2f32d0ad7efe8d04e6d233bd35cf2fabdeb93fb0d,2026-07-14,262,46943466465,2.657,,
past260,와흔짱,19d99cb003fb3c126dd4fff2f32d0ad7efe8d04e6d233bd35cf2fabdeb93fb0d,2026-07-15,262,46943466465,2.657,,
past260,와흔짱,19d99cb003fb3c126dd4fff2f32d0ad7efe8d04e6d233bd35cf2fabdeb93fb0d,2026-07-16,262,46943466465,2.657,,
past260,와흔짱,19d99cb003fb3c126dd4fff2f32d0ad7efe8d04e6d233bd35cf2fabdeb93fb0d,2026-07-17,262,46943466465,2.657,,
past260,와흔짱,19d99cb003fb3c126dd4fff2f32d0ad7efe8d04e6d233bd35cf2fabdeb93fb0d,2026-07-18,262,46943466465,2.657,,
past260,와흔짱,19d99cb003fb3c126dd4fff2f32d0ad7efe8d04e6d233bd35cf2fabdeb93fb0d,2026-07-19,262,46943466465,2.657,,
past260,와흔짱,19d99cb003fb3c126dd4fff2f32d0ad7efe8d04e6d233bd35cf2fabdeb93fb0d,2026-07-20,262,46943466465,2.657,845823,
past260,와흔짱,19d99cb003fb3c126dd4fff2f32d0ad7efe8d04e6d233bd35cf2fabdeb93fb0d,2026-07-21,262,46943466465,2.657,,
past260,와흔짱,19d99cb003fb3c126dd4fff2f32d0ad7efe8d04e6d233bd35cf2fabdeb93fb0d,2026-07-22,262,46943466465,2.657,,
past260,cavqwva,d22aa03b9d90d62482efd12788e33a04,2026-06-18,262,26877053054,1.521,11084540,
past260,cavqwva,d22aa03b9d90d62482efd12788e33a04,2026-06-19,262,26877053054,1.521,,
past260,cavqwva,d22aa03b9d90d62482efd12788e33a04,2026-06-20,262,26877053054,1.521,,
past260,cavqwva,d22aa03b9d90d62482efd12788e33a04,2026-06-21,262,26877053054,1.521,,
past260,cavqwva,d22aa03b9d90d62482efd12788e33a04,2026-06-22,262,26877053054,1.521,,
past260,cavqwva,d22aa03b9d90d62482efd12788e33a04,2026-06-23,262,26877053054,1.521,,
past260,cavqwva,d22aa03b9d90d62482efd12788e33a04,2026-06-24,262,26970515432,1.527,,
past260,cavqwva,d22aa03b9d90d62482efd12788e33a04,2026-06-25,262,26970515432,1.527,,
past260,cavqwva,d22aa03b9d90d62482efd12788e33a04,2026-06-26,262,26970515432,1.527,11084540,
past260,cavqwva,d22aa03b9d90d62482efd12788e33a04,2026-06-27,262,26970515432,1.527,,
past260,cavqwva,d22aa03b9d90d62482efd12788e33a04,2026-06-28,262,26970515432,1.527,,
past260,cavqwva,d22aa03b9d90d62482efd12788e33a04,2026-06-29,262,26970515432,1.527,,
past260,cavqwva,d22aa03b9d90d62482efd12788e33a04,2026-06-30,262,27063977810,1.532,,
past260,cavqwva,d22aa03b9d90d62482efd12788e33a04,2026-07-01,262,27063977810,1.532,,
past260,cavqwva,d22aa03b9d90d62482efd12788e33a04,2026-07-02,262,27063977810,1.532,,
past260,cavqwva,d22aa03b9d90d62482efd12788e33a04,2026-07-03,262,27063977810,1.532,,
past260,cavqwva,d22aa03b9d90d62482efd12788e33a04,2026-07-04,262,27063977810,1.532,11705522,
past260,cavqwva,d22aa03b9d90d62482efd12788e33a04,2026-07-05,262,27152116768,1.537,,
past260,cavqwva,d22aa03b9d90d62482efd12788e33a04,2026-07-06,262,27152116768,1.537,,
past260,cavqwva,d22aa03b9d90d62482efd12788e33a04,2026-07-07,262,27152116768,1.537,,
past260,cavqwva,d22aa03b9d90d62482efd12788e33a04,2026-07-08,262,27152116768,1.537,,
past260,cavqwva,d22aa03b9d90d62482efd12788e33a04,2026-07-09,262,27152116768,1.537,,
past260,cavqwva,d22aa03b9d90d62482efd12788e33a04,2026-07-10,262,27152116768,1.537,,
past260,cavqwva,d22aa03b9d90d62482efd12788e33a04,2026-07-11,262,27240255726,1.542,,
past260,cavqwva,d22aa03b9d90d62482efd12788e33a04,2026-07-12,262,27240255726,1.542,11084540,
past260,cavqwva,d22aa03b9d90d62482efd12788e33a04,2026-07-13,262,27240255726,1.542,,
past260,cavqwva,d22aa03b9d90d62482efd12788e33a04,2026-07-14,262,27240255726,1.542,,
past260,cavqwva,d22aa03b9d90d62482efd12788e33a04,2026-07-15,262,27240255726,1.542,,
past260,cavqwva,d22aa03b9d90d62482efd12788e33a04,2026-07-16,262,27240255726,1.542,,
past260,cavqwva,d22aa03b9d90d62482efd12788e33a04,2026-07-17,262,27240255726,1.542,,
past260,cavqwva,d22aa03b9d90d62482efd12788e33a04,2026-07-18,262,27240255726,1.542,,
past260,cavqwva,d22aa03b9d90d62482efd12788e33a04,2026-07-19,262,27240255726,1.542,,
past260,cavqwva,d22aa03b9d90d62482efd12788e33a04,2026-07-20,262,27328394684,1.547,11060534,
past260,cavqwva,d22aa03b9d90d62482efd12788e33a04,2026-07-21,262,27328394684,1.547,,
past260,cavqwva,d22aa03b9d90d62482efd12788e33a04,2026-07-22,262,27328394684,1.547,,
past260,체멜라,dc443be24282d000511ddf124fa953ee,2026-06-18,262,41600413818,2.355,32603703,
past260,체멜라,dc443be24282d000511ddf124fa953ee,2026-06-19,262,41600413818,2.355,,
past260,체멜라,dc443be24282d000511ddf124fa953ee,2026-06-20,262,41600413818,2.355,,
past260,체멜라,dc443be24282d000511ddf124fa953ee,2026-06-21,262,41600413818,2.355,,
past260,체멜라,dc443be24282d000511ddf124fa953ee,2026-06-22,262,41600413818,2.355,,
past260,체멜라,dc443be24282d000511ddf124fa953ee,2026-06-23,262,41600413818,2.355,,
past260,체멜라,dc443be24282d000511ddf124fa953ee,2026-06-24,262,41600413818,2.355,,
past260,체멜라,dc443be24282d000511ddf124fa953ee,2026-06-25,262,41600413818,2.355,,
past260,체멜라,dc443be24282d000511ddf124fa953ee,2026-06-26,262,41600413818,2.355,32603703,
past260,체멜라,dc443be24282d000511ddf124fa953ee,2026-06-27,262,41600413818,2.355,,
past260,체멜라,dc443be24282d000511ddf124fa953ee,2026-06-28,262,41600413818,2.355,,
past260,체멜라,dc443be24282d000511ddf124fa953ee,2026-06-29,262,41600413818,2.355,,
past260,체멜라,dc443be24282d000511ddf124fa953ee,2026-06-30,262,41600413818,2.355,,
past260,체멜라,dc443be24282d000511ddf124fa953ee,2026-07-01,262,41600413818,2.355,,
past260,체멜라,dc443be24282d000511ddf124fa953ee,2026-07-02,262,41600413818,2.355,,
past260,체멜라,dc443be24282d000511ddf124fa953ee,2026-07-03,262,41600413818,2.355,,
past260,체멜라,dc443be24282d000511ddf124fa953ee,2026-07-04,262,41600413818,2.355,32603703,
past260,체멜라,dc443be24282d000511ddf124fa953ee,2026-07-05,262,41600413818,2.355,,
past260,체멜라,dc443be24282d000511ddf124fa953ee,2026-07-06,262,41600413818,2.355,,
past260,체멜라,dc443be24282d000511ddf124fa953ee,2026-07-07,262,41600413818,2.355,,
past260,체멜라,dc443be24282d000511ddf124fa953ee,2026-07-08,262,41600413818,2.355,,
past260,체멜라,dc443be24282d000511ddf124fa953ee,2026-07-09,262,41600413818,2.355,,
past260,체멜라,dc443be24282d000511ddf124fa953ee,2026-07-10,262,41600413818,2.355,,
past260,체멜라,dc443be24282d000511ddf124fa953ee,2026-07-11,262,41600413818,2.355,,
past260,체멜라,dc443be24282d000511ddf124fa953ee,2026-07-12,262,41600413818,2.355,32603703,
past260,체멜라,dc443be24282d000511ddf124fa953ee,2026-07-13,262,41600413818,2.355,,
past260,체멜라,dc443be24282d000511ddf124fa953ee,2026-07-14,262,41600413818,2.355,,
past260,체멜라,dc443be24282d000511ddf124fa953ee,2026-07-15,262,41600413818,2.355,,
past260,체멜라,dc443be24282d000511ddf124fa953ee,2026-07-16,262,41600413818,2.355,,
past260,체멜라,dc443be24282d000511ddf124fa953ee,2026-07-17,262,41600413818,2.355,,
past260,체멜라,dc443be24282d000511ddf124fa953ee,2026-07-18,262,41600413818,2.355,,
past260,체멜라,dc443be24282d000511ddf124fa953ee,2026-07-19,262,41600413818,2.355,,
past260,체멜라,dc443be24282d000511ddf124fa953ee,2026-07-20,262,41600413818,2.355,32603703,
past260,체멜라,dc443be24282d000511ddf124fa953ee,2026-07-21,262,41600413818,2.355,,
past260,체멜라,dc443be24282d000511ddf124fa953ee,2026-07-22,262,41600413818,2.355,,
past260,볕핵,9e6623334e81ddd09df5f4f68a10a74de85e07f9d5d276f44440847eec04ba68,2026-06-18,262,29331349248,1.660,10778280,
past260,볕핵,9e6623334e81ddd09df5f4f68a10a74de85e07f9d5d276f44440847eec04ba68,2026-06-19,262,29331349248,1.660,,
past260,볕핵,9e6623334e81ddd09df5f4f68a10a74de85e07f9d5d276f44440847eec04ba68,2026-06-20,262,29331349248,1.660,,
past260,볕핵,9e6623334e81ddd09df5f4f68a10a74de85e07f9d5d276f44440847eec04ba68,2026-06-21,262,29331349248,1.660,,
past260,볕핵,9e6623334e81ddd09df5f4f68a10a74de85e07f9d5d276f44440847eec04ba68,2026-06-22,262,29331349248,1.660,,
past260,볕핵,9e6623334e81ddd09df5f4f68a10a74de85e07f9d5d276f44440847eec04ba68,2026-06-23,262,29331349248,1.660,,
past260,볕핵,9e6623334e81ddd09df5f4f68a10a74de85e07f9d5d276f44440847eec04ba68,2026-06-24,262,29331349248,1.660,,
past260,볕핵,9e6623334e81ddd09df5f4f68a10a74de85e07f9d5d276f44440847eec04ba68,2026-06-25,262,29331349248,1.660,,
past260,볕핵,9e6623334e81ddd09df5f4f68a10a74de85e07f9d5d276f44440847eec04ba68,2026-06-26,262,29331349248,1.660,10778280,
past260,볕핵,9e6623334e81ddd09df5f4f68a10a74de85e07f9d5d276f44440847eec04ba68,2026-06-27,262,29331349248,1.660,,
past260,볕핵,9e6623334e81ddd09df5f4f68a10a74de85e07f9d5d276f44440847eec04ba68,2026-06-28,262,29331349248,1.660,,
past260,볕핵,9e6623334e81ddd09df5f4f68a10a74de85e07f9d5d276f44440847eec04ba68,2026-06-29,262,29331349248,1.660,,
past260,볕핵,9e6623334e81ddd09df5f4f68a10a74de85e07f9d5d276f44440847eec04ba68,2026-06-30,262,29331349248,1.660,,
past260,볕핵,9e6623334e81ddd09df5f4f68a10a74de85e07f9d5d276f44440847eec04ba68,2026-07-01,262,29331349248,1.660,,
past260,볕핵,9e6623334e81ddd09df5f4f68a10a74de85e07f9d5d276f44440847eec04ba68,2026-07-02,262,29331349248,1.660,,
past260,볕핵,9e6623334e81ddd09df5f4f68a10a74de85e07f9d5d276f44440847eec04ba68,2026-07-03,262,29331349248,1.660,,
past260,볕핵,9e6623334e81ddd09df5f4f68a10a74de85e07f9d5d276f44440847eec04ba68,2026-07-04,262,29331349248,1.660,10778280,
past260,볕핵,9e6623334e81ddd09df5f4f68a10a74de85e07f9d5d276f44440847eec04ba68,2026-07-05,262,29331349248,1.660,,
past260,볕핵,9e6623334e81ddd09df5f4f68a10a74de85e07f9d5d276f44440847eec04ba68,2026-07-06,262,29331349248,1.660,,
past260,볕핵,9e6623334e81ddd09df5f4f68a10a74de85e07f9d5d276f44440847eec04ba68,2026-07-07,262,29331349248,1.660,,
past260,볕핵,9e6623334e81ddd09df5f4f68a10a74de85e07f9d5d276f44440847eec04ba68,2026-07-08,262,29331349248,1.660,,
past260,볕핵,9e6623334e81ddd09df5f4f68a10a74de85e07f9d5d276f44440847eec04ba68,2026-07-09,262,29331349248,1.660,,
past260,볕핵,9e6623334e81ddd09df5f4f68a10a74de85e07f9d5d276f44440847eec04ba68,2026-07-10,262,29331349248,1.660,,
past260,볕핵,9e6623334e81ddd09df5f4f68a10a74de85e07f9d5d276f44440847eec04ba68,2026-07-11,262,29331349248,1.660,,
past260,볕핵,9e6623334e81ddd09df5f4f68a10a74de85e07f9d5d276f44440847eec04ba68,2026-07-12,262,29331349248,1.660,10778280,
past260,볕핵,9e6623334e81ddd09df5f4f68a10a74de85e07f9d5d276f44440847eec04ba68,2026-07-13,262,29331349248,1.660,,
past260,볕핵,9e6623334e81ddd09df5f4f68a10a74de85e07f9d5d276f44440847eec04ba68,2026-07-14,262,29331349248,1.660,,
past260,볕핵,9e6623334e81ddd09df5f4f68a10a74de85e07f9d5d276f44440847eec04ba68,2026-07-15,262,29331349248,1.660,,
past260,볕핵,9e6623334e81ddd09df5f4f68a10a74de85e07f9d5d276f44440847eec04ba68,2026-07-16,262,29331349248,1.660,,
past260,볕핵,9e6623334e81ddd09df5f4f68a10a74de85e07f9d5d276f44440847eec04ba68,2026-07-17,262,29331349248,1.660,,
past260,볕핵,9e6623334e81ddd09df5f4f68a10a74de85e07f9d5d276f44440847eec04ba68,2026-07-18,262,29331349248,1.660,,
past260,볕핵,9e6623334e81ddd09df5f4f68a10a74de85e07f9d5d276f44440847eec04ba68,2026-07-19,262,29331349248,1.660,,
past260,볕핵,9e6623334e81ddd09df5f4f68a10a74de85e07f9d5d276f44440847eec04ba68,2026-07-20,262,29331349248,1.660,10778280,
past260,볕핵,9e6623334e81ddd09df5f4f68a10a74de85e07f9d5d276f44440847eec04ba68,2026-07-21,262,29331349248,1.660,,
past260,볕핵,9e6623334e81ddd09df5f4f68a10a74de85e07f9d5d276f44440847eec04ba68,2026-07-22,262,29331349248,1.660,,
past260,unclean,386039c4ffe2e1250712607edcad5b5e,2026-06-18,262,32247553656,1.825,6647334,
past260,unclean,386039c4ffe2e1250712607edcad5b5e,2026-06-19,262,32247553656,1.825,,
past260,unclean,386039c4ffe2e1250712607edcad5b5e,2026-06-20,262,32247553656,1.825,,
past260,unclean,386039c4ffe2e1250712607edcad5b5e,2026-06-21,262,32247553656,1.825,,
past260,unclean,386039c4ffe2e1250712607edcad5b5e,2026-06-22,262,32247553656,1.825,,
past260,unclean,386039c4ffe2e1250712607edcad5b5e,2026-06-23,262,32247553656,1.825,,
past260,unclean,386039c4ffe2e1250712607edcad5b5e,2026-06-24,262,32353049603,1.831,,
past260,unclean,386039c4ffe2e1250712607edcad5b5e,2026-06-25,262,32353049603,1.831,,
past260,unclean,386039c4ffe2e1250712607edcad5b5e,2026-06-26,262,32353049603,1.831,7550335,
past260,unclean,386039c4ffe2e1250712607edcad5b5e,2026-06-27,262,32353049603,1.831,,
past260,unclean,386039c4ffe2e1250712607edcad5b5e,2026-06-28,262,32353049603,1.831,,
past260,unclean,386039c4ffe2e1250712607edcad5b5e,2026-06-29,262,32497095552,1.839,,
past260,unclean,386039c4ffe2e1250712607edcad5b5e,2026-06-30,262,32497095552,1.839,,
past260,unclean,386039c4ffe2e1250712607edcad5b5e,2026-07-01,262,32497095552,1.839,,
past260,unclean,386039c4ffe2e1250712607edcad5b5e,2026-07-02,262,32497095552,1.839,,
past260,unclean,386039c4ffe2e1250712607edcad5b5e,2026-07-03,262,32497095552,1.839,,
past260,unclean,386039c4ffe2e1250712607edcad5b5e,2026-07-04,262,32497095552,1.839,7609190,
past260,unclean,386039c4ffe2e1250712607edcad5b5e,2026-07-05,262,32497095552,1.839,,
past260,unclean,386039c4ffe2e1250712607edcad5b5e,2026-07-06,262,32497095552,1.839,,
past260,unclean,386039c4ffe2e1250712607edcad5b5e,2026-07-07,262,32497095552,1.839,,
past260,unclean,386039c4ffe2e1250712607edcad5b5e,2026-07-08,262,32497095552,1.839,,
past260,unclean,386039c4ffe2e1250712607edcad5b5e,2026-07-09,262,32497095552,1.839,,
past260,unclean,386039c4ffe2e1250712607edcad5b5e,2026-07-10,262,32497095552,1.839,,
past260,unclean,386039c4ffe2e1250712607edcad5b5e,2026-07-11,262,32497095552,1.839,,
past260,unclean,386039c4ffe2e1250712607edcad5b5e,2026-07-12,262,32497095552,1.839,7609190,
past260,unclean,386039c4ffe2e1250712607edcad5b5e,2026-07-13,262,32497095552,1.839,,
past260,unclean,386039c4ffe2e1250712607edcad5b5e,2026-07-14,262,32497095552,1.839,,
past260,unclean,386039c4ffe2e1250712607edcad5b5e,2026-07-15,262,32497095552,1.839,,
past260,unclean,386039c4ffe2e1250712607edcad5b5e,2026-07-16,262,32497095552,1.839,,
past260,unclean,386039c4ffe2e1250712607edcad5b5e,2026-07-17,262,32497095552,1.839,,
past260,unclean,386039c4ffe2e1250712607edcad5b5e,2026-07-18,262,32497095552,1.839,,
past260,unclean,386039c4ffe2e1250712607edcad5b5e,2026-07-19,262,32497095552,1.839,,
past260,unclean,386039c4ffe2e1250712607edcad5b5e,2026-07-20,262,32497095552,1.839,7609190,
past260,unclean,386039c4ffe2e1250712607edcad5b5e,2026-07-21,262,32497095552,1.839,,
past260,unclean,386039c4ffe2e1250712607edcad5b5e,2026-07-22,262,32497095552,1.839,,
past260,남리수색,0be1b6381dc0cf344cd8a118afbe8200,2026-06-18,262,18791779584,1.064,8172521,
past260,남리수색,0be1b6381dc0cf344cd8a118afbe8200,2026-06-19,262,18791779584,1.064,,
past260,남리수색,0be1b6381dc0cf344cd8a118afbe8200,2026-06-20,262,18791779584,1.064,,
past260,남리수색,0be1b6381dc0cf344cd8a118afbe8200,2026-06-21,262,18791779584,1.064,,
past260,남리수색,0be1b6381dc0cf344cd8a118afbe8200,2026-06-22,262,18791779584,1.064,,
past260,남리수색,0be1b6381dc0cf344cd8a118afbe8200,2026-06-23,262,18791779584,1.064,,
past260,남리수색,0be1b6381dc0cf344cd8a118afbe8200,2026-06-24,262,18791779584,1.064,,
past260,남리수색,0be1b6381dc0cf344cd8a118afbe8200,2026-06-25,262,18791779584,1.064,,
past260,남리수색,0be1b6381dc0cf344cd8a118afbe8200,2026-06-26,262,18791779584,1.064,8172521,
past260,남리수색,0be1b6381dc0cf344cd8a118afbe8200,2026-06-27,262,18791779584,1.064,,
past260,남리수색,0be1b6381dc0cf344cd8a118afbe8200,2026-06-28,262,18791779584,1.064,,
past260,남리수색,0be1b6381dc0cf344cd8a118afbe8200,2026-06-29,262,18791779584,1.064,,
past260,남리수색,0be1b6381dc0cf344cd8a118afbe8200,2026-06-30,262,18791779584,1.064,,
past260,남리수색,0be1b6381dc0cf344cd8a118afbe8200,2026-07-01,262,18791779584,1.064,,
past260,남리수색,0be1b6381dc0cf344cd8a118afbe8200,2026-07-02,262,18791779584,1.064,,
past260,남리수색,0be1b6381dc0cf344cd8a118afbe8200,2026-07-03,262,18791779584,1.064,,
past260,남리수색,0be1b6381dc0cf344cd8a118afbe8200,2026-07-04,262,18791779584,1.064,8172521,
past260,남리수색,0be1b6381dc0cf344cd8a118afbe8200,2026-07-05,262,18791779584,1.064,,
past260,남리수색,0be1b6381dc0cf344cd8a118afbe8200,2026-07-06,262,18791779584,1.064,,
past260,남리수색,0be1b6381dc0cf344cd8a118afbe8200,2026-07-07,262,18791779584,1.064,,
past260,남리수색,0be1b6381dc0cf344cd8a118afbe8200,2026-07-08,262,18791779584,1.064,,
past260,남리수색,0be1b6381dc0cf344cd8a118afbe8200,2026-07-09,262,18791779584,1.064,,
past260,남리수색,0be1b6381dc0cf344cd8a118afbe8200,2026-07-10,262,18791779584,1.064,,
past260,남리수색,0be1b6381dc0cf344cd8a118afbe8200,2026-07-11,262,18791779584,1.064,,
past260,남리수색,0be1b6381dc0cf344cd8a118afbe8200,2026-07-12,262,18791779584,1.064,8172521,
past260,남리수색,0be1b6381dc0cf344cd8a118afbe8200,2026-07-13,262,18791779584,1.064,,
past260,남리수색,0be1b6381dc0cf344cd8a118afbe8200,2026-07-14,262,18791779584,1.064,,
past260,남리수색,0be1b6381dc0cf344cd8a118afbe8200,2026-07-15,262,18791779584,1.064,,
past260,남리수색,0be1b6381dc0cf344cd8a118afbe8200,2026-07-16,262,18791779584,1.064,,
past260,남리수색,0be1b6381dc0cf344cd8a118afbe8200,2026-07-17,262,18791779584,1.064,,
past260,남리수색,0be1b6381dc0cf344cd8a118afbe8200,2026-07-18,262,18791779584,1.064,,
past260,남리수색,0be1b6381dc0cf344cd8a118afbe8200,2026-07-19,262,18791779584,1.064,,
past260,남리수색,0be1b6381dc0cf344cd8a118afbe8200,2026-07-20,262,18791779584,1.064,8172521,
past260,남리수색,0be1b6381dc0cf344cd8a118afbe8200,2026-07-21,262,18791779584,1.064,,
past260,남리수색,0be1b6381dc0cf344cd8a118afbe8200,2026-07-22,262,18791779584,1.064,,
past260,탱쇈,d66d5987ec6d5aadb71e99b3c237a6c2,2026-06-18,262,20655542632,1.169,15635963,
past260,탱쇈,d66d5987ec6d5aadb71e99b3c237a6c2,2026-06-19,262,20655542632,1.169,,
past260,탱쇈,d66d5987ec6d5aadb71e99b3c237a6c2,2026-06-20,262,20655542632,1.169,,
past260,탱쇈,d66d5987ec6d5aadb71e99b3c237a6c2,2026-06-21,262,20655542632,1.169,,
past260,탱쇈,d66d5987ec6d5aadb71e99b3c237a6c2,2026-06-22,262,20655542632,1.169,,
past260,탱쇈,d66d5987ec6d5aadb71e99b3c237a6c2,2026-06-23,262,20655542632,1.169,,
past260,탱쇈,d66d5987ec6d5aadb71e99b3c237a6c2,2026-06-24,262,20655542632,1.169,,
past260,탱쇈,d66d5987ec6d5aadb71e99b3c237a6c2,2026-06-25,262,20655542632,1.169,,
past260,탱쇈,d66d5987ec6d5aadb71e99b3c237a6c2,2026-06-26,262,20655542632,1.169,15635963,
past260,탱쇈,d66d5987ec6d5aadb71e99b3c237a6c2,2026-06-27,262,20655542632,1.169,,
past260,탱쇈,d66d5987ec6d5aadb71e99b3c237a6c2,2026-06-28,262,20655542632,1.169,,
past260,탱쇈,d66d5987ec6d5aadb71e99b3c237a6c2,2026-06-29,262,20655542632,1.169,,
past260,탱쇈,d66d5987ec6d5aadb71e99b3c237a6c2,2026-06-30,262,20655542632,1.169,,
past260,탱쇈,d66d5987ec6d5aadb71e99b3c237a6c2,2026-07-01,262,20655542632,1.169,,
past260,탱쇈,d66d5987ec6d5aadb71e99b3c237a6c2,2026-07-02,262,20655542632,1.169,,
past260,탱쇈,d66d5987ec6d5aadb71e99b3c237a6c2,2026-07-03,262,20655542632,1.169,,
past260,탱쇈,d66d5987ec6d5aadb71e99b3c237a6c2,2026-07-04,262,20655542632,1.169,15635963,
past260,탱쇈,d66d5987ec6d5aadb71e99b3c237a6c2,2026-07-05,262,20655542632,1.169,,
past260,탱쇈,d66d5987ec6d5aadb71e99b3c237a6c2,2026-07-06,262,20655542632,1.169,,
past260,탱쇈,d66d5987ec6d5aadb71e99b3c237a6c2,2026-07-07,262,20655542632,1.169,,
past260,탱쇈,d66d5987ec6d5aadb71e99b3c237a6c2,2026-07-08,262,20655542632,1.169,,
past260,탱쇈,d66d5987ec6d5aadb71e99b3c237a6c2,2026-07-09,262,20655542632,1.169,,
past260,탱쇈,d66d5987ec6d5aadb71e99b3c237a6c2,2026-07-10,262,20655542632,1.169,,
past260,탱쇈,d66d5987ec6d5aadb71e99b3c237a6c2,2026-07-11,262,20655542632,1.169,,
past260,탱쇈,d66d5987ec6d5aadb71e99b3c237a6c2,2026-07-12,262,20655542632,1.169,15635963,
past260,탱쇈,d66d5987ec6d5aadb71e99b3c237a6c2,2026-07-13,262,20655542632,1.169,,
past260,탱쇈,d66d5987ec6d5aadb71e99b3c237a6c2,2026-07-14,262,20655542632,1.169,,
past260,탱쇈,d66d5987ec6d5aadb71e99b3c237a6c2,2026-07-15,262,20655542632,1.169,,
past260,탱쇈,d66d5987ec6d5aadb71e99b3c237a6c2,2026-07-16,262,20655542632,1.169,,
past260,탱쇈,d66d5987ec6d5aadb71e99b3c237a6c2,2026-07-17,262,20655542632,1.169,,
past260,탱쇈,d66d5987ec6d5aadb71e99b3c237a6c2,2026-07-18,262,20655542632,1.169,,
past260,탱쇈,d66d5987ec6d5aadb71e99b3c237a6c2,2026-07-19,262,20655542632,1.169,,
past260,탱쇈,d66d5987ec6d5aadb71e99b3c237a6c2,2026-07-20,262,20655542632,1.169,15635963,
past260,탱쇈,d66d5987ec6d5aadb71e99b3c237a6c2,2026-07-21,262,20655542632,1.169,,
past260,탱쇈,d66d5987ec6d5aadb71e99b3c237a6c2,2026-07-22,262,20655542632,1.169,,
past260,일원다방,0655367342595b55005c3b3158923d0e,2026-06-18,262,40133939773,2.272,3791480,
past260,일원다방,0655367342595b55005c3b3158923d0e,2026-06-19,262,40133939773,2.272,,
past260,일원다방,0655367342595b55005c3b3158923d0e,2026-06-20,262,40133939773,2.272,,
past260,일원다방,0655367342595b55005c3b3158923d0e,2026-06-21,262,40133939773,2.272,,
past260,일원다방,0655367342595b55005c3b3158923d0e,2026-06-22,262,40133939773,2.272,,
past260,일원다방,0655367342595b55005c3b3158923d0e,2026-06-23,262,40133939773,2.272,,
past260,일원다방,0655367342595b55005c3b3158923d0e,2026-06-24,262,40133939773,2.272,,
past260,일원다방,0655367342595b55005c3b3158923d0e,2026-06-25,262,40133939773,2.272,,
past260,일원다방,0655367342595b55005c3b3158923d0e,2026-06-26,262,40133939773,2.272,3791480,
past260,일원다방,0655367342595b55005c3b3158923d0e,2026-06-27,262,40133939773,2.272,,
past260,일원다방,0655367342595b55005c3b3158923d0e,2026-06-28,262,40133939773,2.272,,
past260,일원다방,0655367342595b55005c3b3158923d0e,2026-06-29,262,40133939773,2.272,,
past260,일원다방,0655367342595b55005c3b3158923d0e,2026-06-30,262,40133939773,2.272,,
past260,일원다방,0655367342595b55005c3b3158923d0e,2026-07-01,262,40133939773,2.272,,
past260,일원다방,0655367342595b55005c3b3158923d0e,2026-07-02,262,40133939773,2.272,,
past260,일원다방,0655367342595b55005c3b3158923d0e,2026-07-03,262,40133939773,2.272,,
past260,일원다방,0655367342595b55005c3b3158923d0e,2026-07-04,262,40133939773,2.272,3791480,
past260,일원다방,0655367342595b55005c3b3158923d0e,2026-07-05,262,40133939773,2.272,,
past260,일원다방,0655367342595b55005c3b3158923d0e,2026-07-06,262,40133939773,2.272,,
past260,일원다방,0655367342595b55005c3b3158923d0e,2026-07-07,262,40133939773,2.272,,
past260,일원다방,0655367342595b55005c3b3158923d0e,2026-07-08,262,40133939773,2.272,,
past260,일원다방,0655367342595b55005c3b3158923d0e,2026-07-09,262,40133939773,2.272,,
past260,일원다방,0655367342595b55005c3b3158923d0e,2026-07-10,262,40133939773,2.272,,
past260,일원다방,0655367342595b55005c3b3158923d0e,2026-07-11,262,40133939773,2.272,,
past260,일원다방,0655367342595b55005c3b3158923d0e,2026-07-12,262,40133939773,2.272,4063625,
past260,일원다방,0655367342595b55005c3b3158923d0e,2026-07-13,262,40133939773,2.272,,
past260,일원다방,0655367342595b55005c3b3158923d0e,2026-07-14,262,40133939773,2.272,,
past260,일원다방,0655367342595b55005c3b3158923d0e,2026-07-15,262,40133939773,2.272,,
past260,일원다방,0655367342595b55005c3b3158923d0e,2026-07-16,262,40133939773,2.272,,
past260,일원다방,0655367342595b55005c3b3158923d0e,2026-07-17,262,40133939773,2.272,,
past260,일원다방,0655367342595b55005c3b3158923d0e,2026-07-18,262,40133939773,2.272,,
past260,일원다방,0655367342595b55005c3b3158923d0e,2026-07-19,262,40133939773,2.272,,
past260,일원다방,0655367342595b55005c3b3158923d0e,2026-07-20,262,40133939773,2.272,4063625,
past260,일원다방,0655367342595b55005c3b3158923d0e,2026-07-21,262,40133939773,2.272,,
past260,일원다방,0655367342595b55005c3b3158923d0e,2026-07-22,262,40133939773,2.272,,
past260,별빛코딱지,2cd3f2f3e6ec7dd2b2be13f77fa7865b,2026-06-18,262,53764981528,3.043,3502187,
past260,별빛코딱지,2cd3f2f3e6ec7dd2b2be13f77fa7865b,2026-06-19,262,53764981528,3.043,,
past260,별빛코딱지,2cd3f2f3e6ec7dd2b2be13f77fa7865b,2026-06-20,262,53764981528,3.043,,
past260,별빛코딱지,2cd3f2f3e6ec7dd2b2be13f77fa7865b,2026-06-21,262,53764981528,3.043,,
past260,별빛코딱지,2cd3f2f3e6ec7dd2b2be13f77fa7865b,2026-06-22,262,53764981528,3.043,,
past260,별빛코딱지,2cd3f2f3e6ec7dd2b2be13f77fa7865b,2026-06-23,262,53764981528,3.043,,
past260,별빛코딱지,2cd3f2f3e6ec7dd2b2be13f77fa7865b,2026-06-24,262,53764981528,3.043,,
past260,별빛코딱지,2cd3f2f3e6ec7dd2b2be13f77fa7865b,2026-06-25,262,53764981528,3.043,,
past260,별빛코딱지,2cd3f2f3e6ec7dd2b2be13f77fa7865b,2026-06-26,262,53764981528,3.043,3502187,
past260,별빛코딱지,2cd3f2f3e6ec7dd2b2be13f77fa7865b,2026-06-27,262,53764981528,3.043,,
past260,별빛코딱지,2cd3f2f3e6ec7dd2b2be13f77fa7865b,2026-06-28,262,53764981528,3.043,,
past260,별빛코딱지,2cd3f2f3e6ec7dd2b2be13f77fa7865b,2026-06-29,262,53764981528,3.043,,
past260,별빛코딱지,2cd3f2f3e6ec7dd2b2be13f77fa7865b,2026-06-30,262,53764981528,3.043,,
past260,별빛코딱지,2cd3f2f3e6ec7dd2b2be13f77fa7865b,2026-07-01,262,53764981528,3.043,,
past260,별빛코딱지,2cd3f2f3e6ec7dd2b2be13f77fa7865b,2026-07-02,262,53764981528,3.043,,
past260,별빛코딱지,2cd3f2f3e6ec7dd2b2be13f77fa7865b,2026-07-03,262,53764981528,3.043,,
past260,별빛코딱지,2cd3f2f3e6ec7dd2b2be13f77fa7865b,2026-07-04,262,53764981528,3.043,3502187,
past260,별빛코딱지,2cd3f2f3e6ec7dd2b2be13f77fa7865b,2026-07-05,262,53764981528,3.043,,
past260,별빛코딱지,2cd3f2f3e6ec7dd2b2be13f77fa7865b,2026-07-06,262,53764981528,3.043,,
past260,별빛코딱지,2cd3f2f3e6ec7dd2b2be13f77fa7865b,2026-07-07,262,53764981528,3.043,,
past260,별빛코딱지,2cd3f2f3e6ec7dd2b2be13f77fa7865b,2026-07-08,262,53764981528,3.043,,
past260,별빛코딱지,2cd3f2f3e6ec7dd2b2be13f77fa7865b,2026-07-09,262,53764981528,3.043,,
past260,별빛코딱지,2cd3f2f3e6ec7dd2b2be13f77fa7865b,2026-07-10,262,53764981528,3.043,,
past260,별빛코딱지,2cd3f2f3e6ec7dd2b2be13f77fa7865b,2026-07-11,262,53764981528,3.043,,
past260,별빛코딱지,2cd3f2f3e6ec7dd2b2be13f77fa7865b,2026-07-12,262,53764981528,3.043,3502187,
past260,별빛코딱지,2cd3f2f3e6ec7dd2b2be13f77fa7865b,2026-07-13,262,53764981528,3.043,,
past260,별빛코딱지,2cd3f2f3e6ec7dd2b2be13f77fa7865b,2026-07-14,262,53764981528,3.043,,
past260,별빛코딱지,2cd3f2f3e6ec7dd2b2be13f77fa7865b,2026-07-15,262,53764981528,3.043,,
past260,별빛코딱지,2cd3f2f3e6ec7dd2b2be13f77fa7865b,2026-07-16,262,53764981528,3.043,,
past260,별빛코딱지,2cd3f2f3e6ec7dd2b2be13f77fa7865b,2026-07-17,262,53764981528,3.043,,
past260,별빛코딱지,2cd3f2f3e6ec7dd2b2be13f77fa7865b,2026-07-18,262,53764981528,3.043,,
past260,별빛코딱지,2cd3f2f3e6ec7dd2b2be13f77fa7865b,2026-07-19,262,53764981528,3.043,,
past260,별빛코딱지,2cd3f2f3e6ec7dd2b2be13f77fa7865b,2026-07-20,262,53764981528,3.043,3502187,
past260,별빛코딱지,2cd3f2f3e6ec7dd2b2be13f77fa7865b,2026-07-21,262,53764981528,3.043,,
past260,별빛코딱지,2cd3f2f3e6ec7dd2b2be13f77fa7865b,2026-07-22,262,53764981528,3.043,,
past260,칼리게굿,280005ec19d01f4a06b2bb8a8a0b2b96,2026-06-18,262,28030642473,1.587,1857595,
past260,칼리게굿,280005ec19d01f4a06b2bb8a8a0b2b96,2026-06-19,262,28030642473,1.587,,
past260,칼리게굿,280005ec19d01f4a06b2bb8a8a0b2b96,2026-06-20,262,28030642473,1.587,,
past260,칼리게굿,280005ec19d01f4a06b2bb8a8a0b2b96,2026-06-21,262,28030642473,1.587,,
past260,칼리게굿,280005ec19d01f4a06b2bb8a8a0b2b96,2026-06-22,262,28030642473,1.587,,
past260,칼리게굿,280005ec19d01f4a06b2bb8a8a0b2b96,2026-06-23,262,28030642473,1.587,,
past260,칼리게굿,280005ec19d01f4a06b2bb8a8a0b2b96,2026-06-24,262,28030642473,1.587,,
past260,칼리게굿,280005ec19d01f4a06b2bb8a8a0b2b96,2026-06-25,262,28030642473,1.587,,
past260,칼리게굿,280005ec19d01f4a06b2bb8a8a0b2b96,2026-06-26,262,28030642473,1.587,1857595,
past260,칼리게굿,280005ec19d01f4a06b2bb8a8a0b2b96,2026-06-27,262,28030642473,1.587,,
past260,칼리게굿,280005ec19d01f4a06b2bb8a8a0b2b96,2026-06-28,262,28030642473,1.587,,
past260,칼리게굿,280005ec19d01f4a06b2bb8a8a0b2b96,2026-06-29,262,28030642473,1.587,,
past260,칼리게굿,280005ec19d01f4a06b2bb8a8a0b2b96,2026-06-30,262,28030642473,1.587,,
past260,칼리게굿,280005ec19d01f4a06b2bb8a8a0b2b96,2026-07-01,262,28030642473,1.587,,
past260,칼리게굿,280005ec19d01f4a06b2bb8a8a0b2b96,2026-07-02,262,28030642473,1.587,,
past260,칼리게굿,280005ec19d01f4a06b2bb8a8a0b2b96,2026-07-03,262,28030642473,1.587,,
past260,칼리게굿,280005ec19d01f4a06b2bb8a8a0b2b96,2026-07-04,262,28030642473,1.587,1857595,
past260,칼리게굿,280005ec19d01f4a06b2bb8a8a0b2b96,2026-07-05,262,28030642473,1.587,,
past260,칼리게굿,280005ec19d01f4a06b2bb8a8a0b2b96,2026-07-06,262,28030642473,1.587,,
past260,칼리게굿,280005ec19d01f4a06b2bb8a8a0b2b96,2026-07-07,262,28030642473,1.587,,
past260,칼리게굿,280005ec19d01f4a06b2bb8a8a0b2b96,2026-07-08,262,28030642473,1.587,,
past260,칼리게굿,280005ec19d01f4a06b2bb8a8a0b2b96,2026-07-09,262,28030642473,1.587,,
past260,칼리게굿,280005ec19d01f4a06b2bb8a8a0b2b96,2026-07-10,262,28030642473,1.587,,
past260,칼리게굿,280005ec19d01f4a06b2bb8a8a0b2b96,2026-07-11,262,28030642473,1.587,,
past260,칼리게굿,280005ec19d01f4a06b2bb8a8a0b2b96,2026-07-12,262,28030642473,1.587,1857595,
past260,칼리게굿,280005ec19d01f4a06b2bb8a8a0b2b96,2026-07-13,262,28030642473,1.587,,
past260,칼리게굿,280005ec19d01f4a06b2bb8a8a0b2b96,2026-07-14,262,28030642473,1.587,,
past260,칼리게굿,280005ec19d01f4a06b2bb8a8a0b2b96,2026-07-15,262,28030642473,1.587,,
past260,칼리게굿,280005ec19d01f4a06b2bb8a8a0b2b96,2026-07-16,262,28030642473,1.587,,
past260,칼리게굿,280005ec19d01f4a06b2bb8a8a0b2b96,2026-07-17,262,28030642473,1.587,,
past260,칼리게굿,280005ec19d01f4a06b2bb8a8a0b2b96,2026-07-18,262,28030642473,1.587,,
past260,칼리게굿,280005ec19d01f4a06b2bb8a8a0b2b96,2026-07-19,262,28030642473,1.587,,
past260,칼리게굿,280005ec19d01f4a06b2bb8a8a0b2b96,2026-07-20,262,28030642473,1.587,1857595,
past260,칼리게굿,280005ec19d01f4a06b2bb8a8a0b2b96,2026-07-21,262,28030642473,1.587,,
past260,칼리게굿,280005ec19d01f4a06b2bb8a8a0b2b96,2026-07-22,262,28030642473,1.587,,
past260,무건,7ab3b5065eb6957f6f81bd1099990ff5,2026-06-18,262,27379675419,1.550,10558341,
past260,무건,7ab3b5065eb6957f6f81bd1099990ff5,2026-06-19,262,27379675419,1.550,,
past260,무건,7ab3b5065eb6957f6f81bd1099990ff5,2026-06-20,262,27379675419,1.550,,
past260,무건,7ab3b5065eb6957f6f81bd1099990ff5,2026-06-21,262,27379675419,1.550,,
past260,무건,7ab3b5065eb6957f6f81bd1099990ff5,2026-06-22,262,27379675419,1.550,,
past260,무건,7ab3b5065eb6957f6f81bd1099990ff5,2026-06-23,262,27379675419,1.550,,
past260,무건,7ab3b5065eb6957f6f81bd1099990ff5,2026-06-24,262,27379675419,1.550,,
past260,무건,7ab3b5065eb6957f6f81bd1099990ff5,2026-06-25,262,27379675419,1.550,,
past260,무건,7ab3b5065eb6957f6f81bd1099990ff5,2026-06-26,262,27379675419,1.550,10558341,
past260,무건,7ab3b5065eb6957f6f81bd1099990ff5,2026-06-27,262,27379675419,1.550,,
past260,무건,7ab3b5065eb6957f6f81bd1099990ff5,2026-06-28,262,27379675419,1.550,,
past260,무건,7ab3b5065eb6957f6f81bd1099990ff5,2026-06-29,262,27379675419,1.550,,
past260,무건,7ab3b5065eb6957f6f81bd1099990ff5,2026-06-30,262,27379675419,1.550,,
past260,무건,7ab3b5065eb6957f6f81bd1099990ff5,2026-07-01,262,27379675419,1.550,,
past260,무건,7ab3b5065eb6957f6f81bd1099990ff5,2026-07-02,262,27379675419,1.550,,
past260,무건,7ab3b5065eb6957f6f81bd1099990ff5,2026-07-03,262,27379675419,1.550,,
past260,무건,7ab3b5065eb6957f6f81bd1099990ff5,2026-07-04,262,27379675419,1.550,10558341,
past260,무건,7ab3b5065eb6957f6f81bd1099990ff5,2026-07-05,262,27379675419,1.550,,
past260,무건,7ab3b5065eb6957f6f81bd1099990ff5,2026-07-06,262,27379675419,1.550,,
past260,무건,7ab3b5065eb6957f6f81bd1099990ff5,2026-07-07,262,27379675419,1.550,,
past260,무건,7ab3b5065eb6957f6f81bd1099990ff5,2026-07-08,262,27379675419,1.550,,
past260,무건,7ab3b5065eb6957f6f81bd1099990ff5,2026-07-09,262,27379675419,1.550,,
past260,무건,7ab3b5065eb6957f6f81bd1099990ff5,2026-07-10,262,27379675419,1.550,,
past260,무건,7ab3b5065eb6957f6f81bd1099990ff5,2026-07-11,262,27379675419,1.550,,
past260,무건,7ab3b5065eb6957f6f81bd1099990ff5,2026-07-12,262,27379675419,1.550,10558341,
past260,무건,7ab3b5065eb6957f6f81bd1099990ff5,2026-07-13,262,27379675419,1.550,,
past260,무건,7ab3b5065eb6957f6f81bd1099990ff5,2026-07-14,262,27379675419,1.550,,
past260,무건,7ab3b5065eb6957f6f81bd1099990ff5,2026-07-15,262,27379675419,1.550,,
past260,무건,7ab3b5065eb6957f6f81bd1099990ff5,2026-07-16,262,27379675419,1.550,,
past260,무건,7ab3b5065eb6957f6f81bd1099990ff5,2026-07-17,262,27379675419,1.550,,
past260,무건,7ab3b5065eb6957f6f81bd1099990ff5,2026-07-18,262,27379675419,1.550,,
past260,무건,7ab3b5065eb6957f6f81bd1099990ff5,2026-07-19,262,27379675419,1.550,,
past260,무건,7ab3b5065eb6957f6f81bd1099990ff5,2026-07-20,262,27379675419,1.550,10558341,
past260,무건,7ab3b5065eb6957f6f81bd1099990ff5,2026-07-21,262,27379675419,1.550,,
past260,무건,7ab3b5065eb6957f6f81bd1099990ff5,2026-07-22,262,27379675419,1.550,,
past260,중매매올,3a5ff028204b34caa296e73f31c68604,2026-06-18,262,39293617302,2.224,2033869,
past260,중매매올,3a5ff028204b34caa296e73f31c68604,2026-06-19,262,39293617302,2.224,,
past260,중매매올,3a5ff028204b34caa296e73f31c68604,2026-06-20,262,39293617302,2.224,,
past260,중매매올,3a5ff028204b34caa296e73f31c68604,2026-06-21,262,39293617302,2.224,,
past260,중매매올,3a5ff028204b34caa296e73f31c68604,2026-06-22,262,39293617302,2.224,,
past260,중매매올,3a5ff028204b34caa296e73f31c68604,2026-06-23,262,39293617302,2.224,,
past260,중매매올,3a5ff028204b34caa296e73f31c68604,2026-06-24,262,39293617302,2.224,,
past260,중매매올,3a5ff028204b34caa296e73f31c68604,2026-06-25,262,39293617302,2.224,,
past260,중매매올,3a5ff028204b34caa296e73f31c68604,2026-06-26,262,39293617302,2.224,2033869,
past260,중매매올,3a5ff028204b34caa296e73f31c68604,2026-06-27,262,39293617302,2.224,,
past260,중매매올,3a5ff028204b34caa296e73f31c68604,2026-06-28,262,39293617302,2.224,,
past260,중매매올,3a5ff028204b34caa296e73f31c68604,2026-06-29,262,39293617302,2.224,,
past260,중매매올,3a5ff028204b34caa296e73f31c68604,2026-06-30,262,39293617302,2.224,,
past260,중매매올,3a5ff028204b34caa296e73f31c68604,2026-07-01,262,39293617302,2.224,,
past260,중매매올,3a5ff028204b34caa296e73f31c68604,2026-07-02,262,39293617302,2.224,,
past260,중매매올,3a5ff028204b34caa296e73f31c68604,2026-07-03,262,39293617302,2.224,,
past260,중매매올,3a5ff028204b34caa296e73f31c68604,2026-07-04,262,39293617302,2.224,2033869,
past260,중매매올,3a5ff028204b34caa296e73f31c68604,2026-07-05,262,39293617302,2.224,,
past260,중매매올,3a5ff028204b34caa296e73f31c68604,2026-07-06,262,39293617302,2.224,,
past260,중매매올,3a5ff028204b34caa296e73f31c68604,2026-07-07,262,39293617302,2.224,,
past260,중매매올,3a5ff028204b34caa296e73f31c68604,2026-07-08,262,39293617302,2.224,,
past260,중매매올,3a5ff028204b34caa296e73f31c68604,2026-07-09,262,39293617302,2.224,,
past260,중매매올,3a5ff028204b34caa296e73f31c68604,2026-07-10,262,39293617302,2.224,,
past260,중매매올,3a5ff028204b34caa296e73f31c68604,2026-07-11,262,39293617302,2.224,,
past260,중매매올,3a5ff028204b34caa296e73f31c68604,2026-07-12,262,39293617302,2.224,1902,
past260,중매매올,3a5ff028204b34caa296e73f31c68604,2026-07-13,262,39293617302,2.224,,
past260,중매매올,3a5ff028204b34caa296e73f31c68604,2026-07-14,262,39293617302,2.224,,
past260,중매매올,3a5ff028204b34caa296e73f31c68604,2026-07-15,262,39293617302,2.224,,
past260,중매매올,3a5ff028204b34caa296e73f31c68604,2026-07-16,262,39293617302,2.224,,
past260,중매매올,3a5ff028204b34caa296e73f31c68604,2026-07-17,262,39293617302,2.224,,
past260,중매매올,3a5ff028204b34caa296e73f31c68604,2026-07-18,262,39293617302,2.224,,
past260,중매매올,3a5ff028204b34caa296e73f31c68604,2026-07-19,262,39293617302,2.224,,
past260,중매매올,3a5ff028204b34caa296e73f31c68604,2026-07-20,262,39293617302,2.224,1902,
past260,중매매올,3a5ff028204b34caa296e73f31c68604,2026-07-21,262,39293617302,2.224,,
past260,중매매올,3a5ff028204b34caa296e73f31c68604,2026-07-22,262,39293617302,2.224,,
past260,챔헬,6d913f41941ad4c76ff90bbe12065c81efe8d04e6d233bd35cf2fabdeb93fb0d,2026-06-18,,,,,http_400
past260,챔헬,6d913f41941ad4c76ff90bbe12065c81efe8d04e6d233bd35cf2fabdeb93fb0d,2026-06-19,,,,,http_400
past260,챔헬,6d913f41941ad4c76ff90bbe12065c81efe8d04e6d233bd35cf2fabdeb93fb0d,2026-06-20,,,,,http_400
past260,챔헬,6d913f41941ad4c76ff90bbe12065c81efe8d04e6d233bd35cf2fabdeb93fb0d,2026-06-21,,,,,http_400
past260,챔헬,6d913f41941ad4c76ff90bbe12065c81efe8d04e6d233bd35cf2fabdeb93fb0d,2026-06-22,,,,,http_400
past260,챔헬,6d913f41941ad4c76ff90bbe12065c81efe8d04e6d233bd35cf2fabdeb93fb0d,2026-06-23,,,,,http_400
past260,챔헬,6d913f41941ad4c76ff90bbe12065c81efe8d04e6d233bd35cf2fabdeb93fb0d,2026-06-24,,,,,http_400
past260,챔헬,6d913f41941ad4c76ff90bbe12065c81efe8d04e6d233bd35cf2fabdeb93fb0d,2026-06-25,,,,,http_400
past260,챔헬,6d913f41941ad4c76ff90bbe12065c81efe8d04e6d233bd35cf2fabdeb93fb0d,2026-06-26,,,,,http_400
past260,챔헬,6d913f41941ad4c76ff90bbe12065c81efe8d04e6d233bd35cf2fabdeb93fb0d,2026-06-27,,,,,http_400
past260,챔헬,6d913f41941ad4c76ff90bbe12065c81efe8d04e6d233bd35cf2fabdeb93fb0d,2026-06-28,,,,,http_400
past260,챔헬,6d913f41941ad4c76ff90bbe12065c81efe8d04e6d233bd35cf2fabdeb93fb0d,2026-06-29,,,,,http_400
past260,챔헬,6d913f41941ad4c76ff90bbe12065c81efe8d04e6d233bd35cf2fabdeb93fb0d,2026-06-30,,,,,http_400
past260,챔헬,6d913f41941ad4c76ff90bbe12065c81efe8d04e6d233bd35cf2fabdeb93fb0d,2026-07-01,,,,,http_400
past260,챔헬,6d913f41941ad4c76ff90bbe12065c81efe8d04e6d233bd35cf2fabdeb93fb0d,2026-07-02,,,,,http_400
past260,챔헬,6d913f41941ad4c76ff90bbe12065c81efe8d04e6d233bd35cf2fabdeb93fb0d,2026-07-03,,,,,http_400
past260,챔헬,6d913f41941ad4c76ff90bbe12065c81efe8d04e6d233bd35cf2fabdeb93fb0d,2026-07-04,,,,,http_400
past260,챔헬,6d913f41941ad4c76ff90bbe12065c81efe8d04e6d233bd35cf2fabdeb93fb0d,2026-07-05,,,,,http_400
past260,챔헬,6d913f41941ad4c76ff90bbe12065c81efe8d04e6d233bd35cf2fabdeb93fb0d,2026-07-06,,,,,http_400
past260,챔헬,6d913f41941ad4c76ff90bbe12065c81efe8d04e6d233bd35cf2fabdeb93fb0d,2026-07-07,,,,,http_400
past260,챔헬,6d913f41941ad4c76ff90bbe12065c81efe8d04e6d233bd35cf2fabdeb93fb0d,2026-07-08,,,,,http_400
past260,챔헬,6d913f41941ad4c76ff90bbe12065c81efe8d04e6d233bd35cf2fabdeb93fb0d,2026-07-09,,,,,http_400
past260,챔헬,6d913f41941ad4c76ff90bbe12065c81efe8d04e6d233bd35cf2fabdeb93fb0d,2026-07-10,,,,,http_400
past260,챔헬,6d913f41941ad4c76ff90bbe12065c81efe8d04e6d233bd35cf2fabdeb93fb0d,2026-07-11,,,,,http_400
past260,챔헬,6d913f41941ad4c76ff90bbe12065c81efe8d04e6d233bd35cf2fabdeb93fb0d,2026-07-12,,,,,http_400
past260,챔헬,6d913f41941ad4c76ff90bbe12065c81efe8d04e6d233bd35cf2fabdeb93fb0d,2026-07-13,,,,,http_400
past260,챔헬,6d913f41941ad4c76ff90bbe12065c81efe8d04e6d233bd35cf2fabdeb93fb0d,2026-07-14,,,,,http_400
past260,챔헬,6d913f41941ad4c76ff90bbe12065c81efe8d04e6d233bd35cf2fabdeb93fb0d,2026-07-15,,,,,http_400
past260,챔헬,6d913f41941ad4c76ff90bbe12065c81efe8d04e6d233bd35cf2fabdeb93fb0d,2026-07-16,,,,,http_400
past260,챔헬,6d913f41941ad4c76ff90bbe12065c81efe8d04e6d233bd35cf2fabdeb93fb0d,2026-07-17,,,,,http_400
past260,챔헬,6d913f41941ad4c76ff90bbe12065c81efe8d04e6d233bd35cf2fabdeb93fb0d,2026-07-18,,,,,http_400
past260,챔헬,6d913f41941ad4c76ff90bbe12065c81efe8d04e6d233bd35cf2fabdeb93fb0d,2026-07-19,,,,,http_400
past260,챔헬,6d913f41941ad4c76ff90bbe12065c81efe8d04e6d233bd35cf2fabdeb93fb0d,2026-07-20,,,,,http_400
past260,챔헬,6d913f41941ad4c76ff90bbe12065c81efe8d04e6d233bd35cf2fabdeb93fb0d,2026-07-21,,,,,http_400
past260,챔헬,6d913f41941ad4c76ff90bbe12065c81efe8d04e6d233bd35cf2fabdeb93fb0d,2026-07-22,,,,,http_400
past260,국가대표가되,bfd72d488b5a77bd04d3b28a9713e1946fbb98200a15be5bcc73a64995849e9c,2026-06-18,262,27314464335,1.546,0,
past260,국가대표가되,bfd72d488b5a77bd04d3b28a9713e1946fbb98200a15be5bcc73a64995849e9c,2026-06-19,262,27314464335,1.546,,
past260,국가대표가되,bfd72d488b5a77bd04d3b28a9713e1946fbb98200a15be5bcc73a64995849e9c,2026-06-20,262,27314464335,1.546,,
past260,국가대표가되,bfd72d488b5a77bd04d3b28a9713e1946fbb98200a15be5bcc73a64995849e9c,2026-06-21,262,27314464335,1.546,,
past260,국가대표가되,bfd72d488b5a77bd04d3b28a9713e1946fbb98200a15be5bcc73a64995849e9c,2026-06-22,262,27314464335,1.546,,
past260,국가대표가되,bfd72d488b5a77bd04d3b28a9713e1946fbb98200a15be5bcc73a64995849e9c,2026-06-23,262,27314464335,1.546,,
past260,국가대표가되,bfd72d488b5a77bd04d3b28a9713e1946fbb98200a15be5bcc73a64995849e9c,2026-06-24,262,27314464335,1.546,,
past260,국가대표가되,bfd72d488b5a77bd04d3b28a9713e1946fbb98200a15be5bcc73a64995849e9c,2026-06-25,262,27314464335,1.546,,
past260,국가대표가되,bfd72d488b5a77bd04d3b28a9713e1946fbb98200a15be5bcc73a64995849e9c,2026-06-26,262,27314464335,1.546,0,
past260,국가대표가되,bfd72d488b5a77bd04d3b28a9713e1946fbb98200a15be5bcc73a64995849e9c,2026-06-27,262,27314464335,1.546,,
past260,국가대표가되,bfd72d488b5a77bd04d3b28a9713e1946fbb98200a15be5bcc73a64995849e9c,2026-06-28,262,27314464335,1.546,,
past260,국가대표가되,bfd72d488b5a77bd04d3b28a9713e1946fbb98200a15be5bcc73a64995849e9c,2026-06-29,262,27314464335,1.546,,
past260,국가대표가되,bfd72d488b5a77bd04d3b28a9713e1946fbb98200a15be5bcc73a64995849e9c,2026-06-30,262,27314464335,1.546,,
past260,국가대표가되,bfd72d488b5a77bd04d3b28a9713e1946fbb98200a15be5bcc73a64995849e9c,2026-07-01,262,27314464335,1.546,,
past260,국가대표가되,bfd72d488b5a77bd04d3b28a9713e1946fbb98200a15be5bcc73a64995849e9c,2026-07-02,262,27314464335,1.546,,
past260,국가대표가되,bfd72d488b5a77bd04d3b28a9713e1946fbb98200a15be5bcc73a64995849e9c,2026-07-03,262,27314464335,1.546,,
past260,국가대표가되,bfd72d488b5a77bd04d3b28a9713e1946fbb98200a15be5bcc73a64995849e9c,2026-07-04,262,27314464335,1.546,0,
past260,국가대표가되,bfd72d488b5a77bd04d3b28a9713e1946fbb98200a15be5bcc73a64995849e9c,2026-07-05,262,27314464335,1.546,,
past260,국가대표가되,bfd72d488b5a77bd04d3b28a9713e1946fbb98200a15be5bcc73a64995849e9c,2026-07-06,262,27314464335,1.546,,
past260,국가대표가되,bfd72d488b5a77bd04d3b28a9713e1946fbb98200a15be5bcc73a64995849e9c,2026-07-07,262,27314464335,1.546,,
past260,국가대표가되,bfd72d488b5a77bd04d3b28a9713e1946fbb98200a15be5bcc73a64995849e9c,2026-07-08,262,27314464335,1.546,,
past260,국가대표가되,bfd72d488b5a77bd04d3b28a9713e1946fbb98200a15be5bcc73a64995849e9c,2026-07-09,262,27314464335,1.546,,
past260,국가대표가되,bfd72d488b5a77bd04d3b28a9713e1946fbb98200a15be5bcc73a64995849e9c,2026-07-10,262,27314464335,1.546,,
past260,국가대표가되,bfd72d488b5a77bd04d3b28a9713e1946fbb98200a15be5bcc73a64995849e9c,2026-07-11,262,27314464335,1.546,,
past260,국가대표가되,bfd72d488b5a77bd04d3b28a9713e1946fbb98200a15be5bcc73a64995849e9c,2026-07-12,262,27314464335,1.546,0,
past260,국가대표가되,bfd72d488b5a77bd04d3b28a9713e1946fbb98200a15be5bcc73a64995849e9c,2026-07-13,262,27314464335,1.546,,
past260,국가대표가되,bfd72d488b5a77bd04d3b28a9713e1946fbb98200a15be5bcc73a64995849e9c,2026-07-14,262,27314464335,1.546,,
past260,국가대표가되,bfd72d488b5a77bd04d3b28a9713e1946fbb98200a15be5bcc73a64995849e9c,2026-07-15,262,27314464335,1.546,,
past260,국가대표가되,bfd72d488b5a77bd04d3b28a9713e1946fbb98200a15be5bcc73a64995849e9c,2026-07-16,262,27314464335,1.546,,
past260,국가대표가되,bfd72d488b5a77bd04d3b28a9713e1946fbb98200a15be5bcc73a64995849e9c,2026-07-17,262,27314464335,1.546,,
past260,국가대표가되,bfd72d488b5a77bd04d3b28a9713e1946fbb98200a15be5bcc73a64995849e9c,2026-07-18,262,27314464335,1.546,,
past260,국가대표가되,bfd72d488b5a77bd04d3b28a9713e1946fbb98200a15be5bcc73a64995849e9c,2026-07-19,262,27314464335,1.546,,
past260,국가대표가되,bfd72d488b5a77bd04d3b28a9713e1946fbb98200a15be5bcc73a64995849e9c,2026-07-20,262,27314464335,1.546,0,
past260,국가대표가되,bfd72d488b5a77bd04d3b28a9713e1946fbb98200a15be5bcc73a64995849e9c,2026-07-21,262,27314464335,1.546,,
past260,국가대표가되,bfd72d488b5a77bd04d3b28a9713e1946fbb98200a15be5bcc73a64995849e9c,2026-07-22,262,27314464335,1.546,,
past260,튜린아,c90d1c56b9276c32c48b67470337f645,2026-06-18,262,36909863563,2.089,11394543,
past260,튜린아,c90d1c56b9276c32c48b67470337f645,2026-06-19,262,36909863563,2.089,,
past260,튜린아,c90d1c56b9276c32c48b67470337f645,2026-06-20,262,36909863563,2.089,,
past260,튜린아,c90d1c56b9276c32c48b67470337f645,2026-06-21,262,36909863563,2.089,,
past260,튜린아,c90d1c56b9276c32c48b67470337f645,2026-06-22,262,36909863563,2.089,,
past260,튜린아,c90d1c56b9276c32c48b67470337f645,2026-06-23,262,36909863563,2.089,,
past260,튜린아,c90d1c56b9276c32c48b67470337f645,2026-06-24,262,36909863563,2.089,,
past260,튜린아,c90d1c56b9276c32c48b67470337f645,2026-06-25,262,36909863563,2.089,,
past260,튜린아,c90d1c56b9276c32c48b67470337f645,2026-06-26,262,36909863563,2.089,13443970,
past260,튜린아,c90d1c56b9276c32c48b67470337f645,2026-06-27,262,36909863563,2.089,,
past260,튜린아,c90d1c56b9276c32c48b67470337f645,2026-06-28,262,36909863563,2.089,,
past260,튜린아,c90d1c56b9276c32c48b67470337f645,2026-06-29,262,36909863563,2.089,,
past260,튜린아,c90d1c56b9276c32c48b67470337f645,2026-06-30,262,36909863563,2.089,,
past260,튜린아,c90d1c56b9276c32c48b67470337f645,2026-07-01,262,36909863563,2.089,,
past260,튜린아,c90d1c56b9276c32c48b67470337f645,2026-07-02,262,36909863563,2.089,,
past260,튜린아,c90d1c56b9276c32c48b67470337f645,2026-07-03,262,36909863563,2.089,,
past260,튜린아,c90d1c56b9276c32c48b67470337f645,2026-07-04,262,36909863563,2.089,13443970,
past260,튜린아,c90d1c56b9276c32c48b67470337f645,2026-07-05,262,36909863563,2.089,,
past260,튜린아,c90d1c56b9276c32c48b67470337f645,2026-07-06,262,36909863563,2.089,,
past260,튜린아,c90d1c56b9276c32c48b67470337f645,2026-07-07,262,36909863563,2.089,,
past260,튜린아,c90d1c56b9276c32c48b67470337f645,2026-07-08,262,36909863563,2.089,,
past260,튜린아,c90d1c56b9276c32c48b67470337f645,2026-07-09,262,36909863563,2.089,,
past260,튜린아,c90d1c56b9276c32c48b67470337f645,2026-07-10,262,36909863563,2.089,,
past260,튜린아,c90d1c56b9276c32c48b67470337f645,2026-07-11,262,36909863563,2.089,,
past260,튜린아,c90d1c56b9276c32c48b67470337f645,2026-07-12,262,36909863563,2.089,13443970,
past260,튜린아,c90d1c56b9276c32c48b67470337f645,2026-07-13,262,36909863563,2.089,,
past260,튜린아,c90d1c56b9276c32c48b67470337f645,2026-07-14,262,36909863563,2.089,,
past260,튜린아,c90d1c56b9276c32c48b67470337f645,2026-07-15,262,36909863563,2.089,,
past260,튜린아,c90d1c56b9276c32c48b67470337f645,2026-07-16,262,36909863563,2.089,,
past260,튜린아,c90d1c56b9276c32c48b67470337f645,2026-07-17,262,36909863563,2.089,,
past260,튜린아,c90d1c56b9276c32c48b67470337f645,2026-07-18,262,36909863563,2.089,,
past260,튜린아,c90d1c56b9276c32c48b67470337f645,2026-07-19,262,36909863563,2.089,,
past260,튜린아,c90d1c56b9276c32c48b67470337f645,2026-07-20,262,36909863563,2.089,0,
past260,튜린아,c90d1c56b9276c32c48b67470337f645,2026-07-21,262,36909863563,2.089,,
past260,튜린아,c90d1c56b9276c32c48b67470337f645,2026-07-22,262,36909863563,2.089,,
past260,Leshgetit,dbade363947ed8f86d572b4c3795b702,2026-06-18,262,28692584354,1.624,8520697,
past260,Leshgetit,dbade363947ed8f86d572b4c3795b702,2026-06-19,262,28692584354,1.624,,
past260,Leshgetit,dbade363947ed8f86d572b4c3795b702,2026-06-20,262,28692584354,1.624,,
past260,Leshgetit,dbade363947ed8f86d572b4c3795b702,2026-06-21,262,28692584354,1.624,,
past260,Leshgetit,dbade363947ed8f86d572b4c3795b702,2026-06-22,262,28692584354,1.624,,
past260,Leshgetit,dbade363947ed8f86d572b4c3795b702,2026-06-23,262,28692584354,1.624,,
past260,Leshgetit,dbade363947ed8f86d572b4c3795b702,2026-06-24,262,28692584354,1.624,,
past260,Leshgetit,dbade363947ed8f86d572b4c3795b702,2026-06-25,262,28692584354,1.624,,
past260,Leshgetit,dbade363947ed8f86d572b4c3795b702,2026-06-26,262,28692584354,1.624,8520697,
past260,Leshgetit,dbade363947ed8f86d572b4c3795b702,2026-06-27,262,28692584354,1.624,,
past260,Leshgetit,dbade363947ed8f86d572b4c3795b702,2026-06-28,262,28692584354,1.624,,
past260,Leshgetit,dbade363947ed8f86d572b4c3795b702,2026-06-29,262,28692584354,1.624,,
past260,Leshgetit,dbade363947ed8f86d572b4c3795b702,2026-06-30,262,28692584354,1.624,,
past260,Leshgetit,dbade363947ed8f86d572b4c3795b702,2026-07-01,262,28692584354,1.624,,
past260,Leshgetit,dbade363947ed8f86d572b4c3795b702,2026-07-02,262,28692584354,1.624,,
past260,Leshgetit,dbade363947ed8f86d572b4c3795b702,2026-07-03,262,28692584354,1.624,,
past260,Leshgetit,dbade363947ed8f86d572b4c3795b702,2026-07-04,262,28692584354,1.624,8520697,
past260,Leshgetit,dbade363947ed8f86d572b4c3795b702,2026-07-05,262,28692584354,1.624,,
past260,Leshgetit,dbade363947ed8f86d572b4c3795b702,2026-07-06,262,28692584354,1.624,,
past260,Leshgetit,dbade363947ed8f86d572b4c3795b702,2026-07-07,262,28692584354,1.624,,
past260,Leshgetit,dbade363947ed8f86d572b4c3795b702,2026-07-08,262,28692584354,1.624,,
past260,Leshgetit,dbade363947ed8f86d572b4c3795b702,2026-07-09,262,28692584354,1.624,,
past260,Leshgetit,dbade363947ed8f86d572b4c3795b702,2026-07-10,262,28692584354,1.624,,
past260,Leshgetit,dbade363947ed8f86d572b4c3795b702,2026-07-11,262,28692584354,1.624,,
past260,Leshgetit,dbade363947ed8f86d572b4c3795b702,2026-07-12,262,28692584354,1.624,8520697,
past260,Leshgetit,dbade363947ed8f86d572b4c3795b702,2026-07-13,262,28692584354,1.624,,
past260,Leshgetit,dbade363947ed8f86d572b4c3795b702,2026-07-14,262,28692584354,1.624,,
past260,Leshgetit,dbade363947ed8f86d572b4c3795b702,2026-07-15,262,28692584354,1.624,,
past260,Leshgetit,dbade363947ed8f86d572b4c3795b702,2026-07-16,262,28692584354,1.624,,
past260,Leshgetit,dbade363947ed8f86d572b4c3795b702,2026-07-17,262,28692584354,1.624,,
past260,Leshgetit,dbade363947ed8f86d572b4c3795b702,2026-07-18,262,28692584354,1.624,,
past260,Leshgetit,dbade363947ed8f86d572b4c3795b702,2026-07-19,262,28692584354,1.624,,
past260,Leshgetit,dbade363947ed8f86d572b4c3795b702,2026-07-20,262,28692584354,1.624,8520697,
past260,Leshgetit,dbade363947ed8f86d572b4c3795b702,2026-07-21,262,28692584354,1.624,,
past260,Leshgetit,dbade363947ed8f86d572b4c3795b702,2026-07-22,262,28692584354,1.624,,
past260,귀네시시,7da22dcbadb3fa4d064bfa1ba7bf5be0,2026-06-18,262,24700863551,1.398,7459675,
past260,귀네시시,7da22dcbadb3fa4d064bfa1ba7bf5be0,2026-06-19,262,24700863551,1.398,,
past260,귀네시시,7da22dcbadb3fa4d064bfa1ba7bf5be0,2026-06-20,262,24700863551,1.398,,
past260,귀네시시,7da22dcbadb3fa4d064bfa1ba7bf5be0,2026-06-21,262,24700863551,1.398,,
past260,귀네시시,7da22dcbadb3fa4d064bfa1ba7bf5be0,2026-06-22,262,24700863551,1.398,,
past260,귀네시시,7da22dcbadb3fa4d064bfa1ba7bf5be0,2026-06-23,262,24700863551,1.398,,
past260,귀네시시,7da22dcbadb3fa4d064bfa1ba7bf5be0,2026-06-24,262,24700863551,1.398,,
past260,귀네시시,7da22dcbadb3fa4d064bfa1ba7bf5be0,2026-06-25,262,24700863551,1.398,,
past260,귀네시시,7da22dcbadb3fa4d064bfa1ba7bf5be0,2026-06-26,262,24700863551,1.398,7459675,
past260,귀네시시,7da22dcbadb3fa4d064bfa1ba7bf5be0,2026-06-27,262,24700863551,1.398,,
past260,귀네시시,7da22dcbadb3fa4d064bfa1ba7bf5be0,2026-06-28,262,24700863551,1.398,,
past260,귀네시시,7da22dcbadb3fa4d064bfa1ba7bf5be0,2026-06-29,262,24700863551,1.398,,
past260,귀네시시,7da22dcbadb3fa4d064bfa1ba7bf5be0,2026-06-30,262,24700863551,1.398,,
past260,귀네시시,7da22dcbadb3fa4d064bfa1ba7bf5be0,2026-07-01,262,24700863551,1.398,,
past260,귀네시시,7da22dcbadb3fa4d064bfa1ba7bf5be0,2026-07-02,262,24700863551,1.398,,
past260,귀네시시,7da22dcbadb3fa4d064bfa1ba7bf5be0,2026-07-03,262,24700863551,1.398,,
past260,귀네시시,7da22dcbadb3fa4d064bfa1ba7bf5be0,2026-07-04,262,24700863551,1.398,7459675,
past260,귀네시시,7da22dcbadb3fa4d064bfa1ba7bf5be0,2026-07-05,262,24700863551,1.398,,
past260,귀네시시,7da22dcbadb3fa4d064bfa1ba7bf5be0,2026-07-06,262,24700863551,1.398,,
past260,귀네시시,7da22dcbadb3fa4d064bfa1ba7bf5be0,2026-07-07,262,24700863551,1.398,,
past260,귀네시시,7da22dcbadb3fa4d064bfa1ba7bf5be0,2026-07-08,262,24700863551,1.398,,
past260,귀네시시,7da22dcbadb3fa4d064bfa1ba7bf5be0,2026-07-09,262,24700863551,1.398,,
past260,귀네시시,7da22dcbadb3fa4d064bfa1ba7bf5be0,2026-07-10,262,24700863551,1.398,,
past260,귀네시시,7da22dcbadb3fa4d064bfa1ba7bf5be0,2026-07-11,262,24700863551,1.398,,
past260,귀네시시,7da22dcbadb3fa4d064bfa1ba7bf5be0,2026-07-12,262,24700863551,1.398,7459675,
past260,귀네시시,7da22dcbadb3fa4d064bfa1ba7bf5be0,2026-07-13,262,24700863551,1.398,,
past260,귀네시시,7da22dcbadb3fa4d064bfa1ba7bf5be0,2026-07-14,262,24700863551,1.398,,
past260,귀네시시,7da22dcbadb3fa4d064bfa1ba7bf5be0,2026-07-15,262,24700863551,1.398,,
past260,귀네시시,7da22dcbadb3fa4d064bfa1ba7bf5be0,2026-07-16,262,24700863551,1.398,,
past260,귀네시시,7da22dcbadb3fa4d064bfa1ba7bf5be0,2026-07-17,262,24700863551,1.398,,
past260,귀네시시,7da22dcbadb3fa4d064bfa1ba7bf5be0,2026-07-18,262,24700863551,1.398,,
past260,귀네시시,7da22dcbadb3fa4d064bfa1ba7bf5be0,2026-07-19,262,24700863551,1.398,,
past260,귀네시시,7da22dcbadb3fa4d064bfa1ba7bf5be0,2026-07-20,262,24700863551,1.398,7459675,
past260,귀네시시,7da22dcbadb3fa4d064bfa1ba7bf5be0,2026-07-21,262,24700863551,1.398,,
past260,귀네시시,7da22dcbadb3fa4d064bfa1ba7bf5be0,2026-07-22,262,24700863551,1.398,,
past260,아니마깡,,2026-06-18,,,,,ocid_failed
past260,아니마깡,,2026-06-19,,,,,ocid_failed
past260,아니마깡,,2026-06-20,,,,,ocid_failed
past260,아니마깡,,2026-06-21,,,,,ocid_failed
past260,아니마깡,,2026-06-22,,,,,ocid_failed
past260,아니마깡,,2026-06-23,,,,,ocid_failed
past260,아니마깡,,2026-06-24,,,,,ocid_failed
past260,아니마깡,,2026-06-25,,,,,ocid_failed
past260,아니마깡,,2026-06-26,,,,,ocid_failed
past260,아니마깡,,2026-06-27,,,,,ocid_failed
past260,아니마깡,,2026-06-28,,,,,ocid_failed
past260,아니마깡,,2026-06-29,,,,,ocid_failed
past260,아니마깡,,2026-06-30,,,,,ocid_failed
past260,아니마깡,,2026-07-01,,,,,ocid_failed
past260,아니마깡,,2026-07-02,,,,,ocid_failed
past260,아니마깡,,2026-07-03,,,,,ocid_failed
past260,아니마깡,,2026-07-04,,,,,ocid_failed
past260,아니마깡,,2026-07-05,,,,,ocid_failed
past260,아니마깡,,2026-07-06,,,,,ocid_failed
past260,아니마깡,,2026-07-07,,,,,ocid_failed
past260,아니마깡,,2026-07-08,,,,,ocid_failed
past260,아니마깡,,2026-07-09,,,,,ocid_failed
past260,아니마깡,,2026-07-10,,,,,ocid_failed
past260,아니마깡,,2026-07-11,,,,,ocid_failed
past260,아니마깡,,2026-07-12,,,,,ocid_failed
past260,아니마깡,,2026-07-13,,,,,ocid_failed
past260,아니마깡,,2026-07-14,,,,,ocid_failed
past260,아니마깡,,2026-07-15,,,,,ocid_failed
past260,아니마깡,,2026-07-16,,,,,ocid_failed
past260,아니마깡,,2026-07-17,,,,,ocid_failed
past260,아니마깡,,2026-07-18,,,,,ocid_failed
past260,아니마깡,,2026-07-19,,,,,ocid_failed
past260,아니마깡,,2026-07-20,,,,,ocid_failed
past260,아니마깡,,2026-07-21,,,,,ocid_failed
past260,아니마깡,,2026-07-22,,,,,ocid_failed
past260,롯데리아듀블,4b5d81dafb888a1fe665fa8203bc1973,2026-06-18,262,31891274780,1.805,2895111,
past260,롯데리아듀블,4b5d81dafb888a1fe665fa8203bc1973,2026-06-19,262,31891274780,1.805,,
past260,롯데리아듀블,4b5d81dafb888a1fe665fa8203bc1973,2026-06-20,262,31891274780,1.805,,
past260,롯데리아듀블,4b5d81dafb888a1fe665fa8203bc1973,2026-06-21,262,31891274780,1.805,,
past260,롯데리아듀블,4b5d81dafb888a1fe665fa8203bc1973,2026-06-22,262,31891274780,1.805,,
past260,롯데리아듀블,4b5d81dafb888a1fe665fa8203bc1973,2026-06-23,262,31891274780,1.805,,
past260,롯데리아듀블,4b5d81dafb888a1fe665fa8203bc1973,2026-06-24,262,31891274780,1.805,,
past260,롯데리아듀블,4b5d81dafb888a1fe665fa8203bc1973,2026-06-25,262,31891274780,1.805,,
past260,롯데리아듀블,4b5d81dafb888a1fe665fa8203bc1973,2026-06-26,262,31891274780,1.805,2895111,
past260,롯데리아듀블,4b5d81dafb888a1fe665fa8203bc1973,2026-06-27,262,31891274780,1.805,,
past260,롯데리아듀블,4b5d81dafb888a1fe665fa8203bc1973,2026-06-28,262,31891274780,1.805,,
past260,롯데리아듀블,4b5d81dafb888a1fe665fa8203bc1973,2026-06-29,262,31891274780,1.805,,
past260,롯데리아듀블,4b5d81dafb888a1fe665fa8203bc1973,2026-06-30,262,31891274780,1.805,,
past260,롯데리아듀블,4b5d81dafb888a1fe665fa8203bc1973,2026-07-01,262,31891274780,1.805,,
past260,롯데리아듀블,4b5d81dafb888a1fe665fa8203bc1973,2026-07-02,262,31891274780,1.805,,
past260,롯데리아듀블,4b5d81dafb888a1fe665fa8203bc1973,2026-07-03,262,31891274780,1.805,,
past260,롯데리아듀블,4b5d81dafb888a1fe665fa8203bc1973,2026-07-04,262,31891274780,1.805,2895111,
past260,롯데리아듀블,4b5d81dafb888a1fe665fa8203bc1973,2026-07-05,262,31891274780,1.805,,
past260,롯데리아듀블,4b5d81dafb888a1fe665fa8203bc1973,2026-07-06,262,31891274780,1.805,,
past260,롯데리아듀블,4b5d81dafb888a1fe665fa8203bc1973,2026-07-07,262,31891274780,1.805,,
past260,롯데리아듀블,4b5d81dafb888a1fe665fa8203bc1973,2026-07-08,262,31891274780,1.805,,
past260,롯데리아듀블,4b5d81dafb888a1fe665fa8203bc1973,2026-07-09,262,31891274780,1.805,,
past260,롯데리아듀블,4b5d81dafb888a1fe665fa8203bc1973,2026-07-10,262,31891274780,1.805,,
past260,롯데리아듀블,4b5d81dafb888a1fe665fa8203bc1973,2026-07-11,262,31891274780,1.805,,
past260,롯데리아듀블,4b5d81dafb888a1fe665fa8203bc1973,2026-07-12,262,31891274780,1.805,2895111,
past260,롯데리아듀블,4b5d81dafb888a1fe665fa8203bc1973,2026-07-13,262,31891274780,1.805,,
past260,롯데리아듀블,4b5d81dafb888a1fe665fa8203bc1973,2026-07-14,262,31891274780,1.805,,
past260,롯데리아듀블,4b5d81dafb888a1fe665fa8203bc1973,2026-07-15,262,31891274780,1.805,,
past260,롯데리아듀블,4b5d81dafb888a1fe665fa8203bc1973,2026-07-16,262,31891274780,1.805,,
past260,롯데리아듀블,4b5d81dafb888a1fe665fa8203bc1973,2026-07-17,262,31891274780,1.805,,
past260,롯데리아듀블,4b5d81dafb888a1fe665fa8203bc1973,2026-07-18,262,31891274780,1.805,,
past260,롯데리아듀블,4b5d81dafb888a1fe665fa8203bc1973,2026-07-19,262,31891274780,1.805,,
past260,롯데리아듀블,4b5d81dafb888a1fe665fa8203bc1973,2026-07-20,262,31891274780,1.805,2895111,
past260,롯데리아듀블,4b5d81dafb888a1fe665fa8203bc1973,2026-07-21,262,31891274780,1.805,,
past260,롯데리아듀블,4b5d81dafb888a1fe665fa8203bc1973,2026-07-22,262,31891274780,1.805,,
past260,키르키로,c713b35f0eb40bcf0b51ae0ad9fffff8e85e07f9d5d276f44440847eec04ba68,2026-06-18,262,41138572544,2.329,9436301,
past260,키르키로,c713b35f0eb40bcf0b51ae0ad9fffff8e85e07f9d5d276f44440847eec04ba68,2026-06-19,262,41138572544,2.329,,
past260,키르키로,c713b35f0eb40bcf0b51ae0ad9fffff8e85e07f9d5d276f44440847eec04ba68,2026-06-20,262,41138572544,2.329,,
past260,키르키로,c713b35f0eb40bcf0b51ae0ad9fffff8e85e07f9d5d276f44440847eec04ba68,2026-06-21,262,41138572544,2.329,,
past260,키르키로,c713b35f0eb40bcf0b51ae0ad9fffff8e85e07f9d5d276f44440847eec04ba68,2026-06-22,262,41138572544,2.329,,
past260,키르키로,c713b35f0eb40bcf0b51ae0ad9fffff8e85e07f9d5d276f44440847eec04ba68,2026-06-23,262,41138572544,2.329,,
past260,키르키로,c713b35f0eb40bcf0b51ae0ad9fffff8e85e07f9d5d276f44440847eec04ba68,2026-06-24,262,41138572544,2.329,,
past260,키르키로,c713b35f0eb40bcf0b51ae0ad9fffff8e85e07f9d5d276f44440847eec04ba68,2026-06-25,262,41138572544,2.329,,
past260,키르키로,c713b35f0eb40bcf0b51ae0ad9fffff8e85e07f9d5d276f44440847eec04ba68,2026-06-26,262,41138572544,2.329,9436301,
past260,키르키로,c713b35f0eb40bcf0b51ae0ad9fffff8e85e07f9d5d276f44440847eec04ba68,2026-06-27,262,41138572544,2.329,,
past260,키르키로,c713b35f0eb40bcf0b51ae0ad9fffff8e85e07f9d5d276f44440847eec04ba68,2026-06-28,262,41138572544,2.329,,
past260,키르키로,c713b35f0eb40bcf0b51ae0ad9fffff8e85e07f9d5d276f44440847eec04ba68,2026-06-29,262,41138572544,2.329,,
past260,키르키로,c713b35f0eb40bcf0b51ae0ad9fffff8e85e07f9d5d276f44440847eec04ba68,2026-06-30,262,41138572544,2.329,,
past260,키르키로,c713b35f0eb40bcf0b51ae0ad9fffff8e85e07f9d5d276f44440847eec04ba68,2026-07-01,262,41138572544,2.329,,
past260,키르키로,c713b35f0eb40bcf0b51ae0ad9fffff8e85e07f9d5d276f44440847eec04ba68,2026-07-02,262,41138572544,2.329,,
past260,키르키로,c713b35f0eb40bcf0b51ae0ad9fffff8e85e07f9d5d276f44440847eec04ba68,2026-07-03,262,41138572544,2.329,,
past260,키르키로,c713b35f0eb40bcf0b51ae0ad9fffff8e85e07f9d5d276f44440847eec04ba68,2026-07-04,262,41138572544,2.329,9436301,
past260,키르키로,c713b35f0eb40bcf0b51ae0ad9fffff8e85e07f9d5d276f44440847eec04ba68,2026-07-05,262,41138572544,2.329,,
past260,키르키로,c713b35f0eb40bcf0b51ae0ad9fffff8e85e07f9d5d276f44440847eec04ba68,2026-07-06,262,41138572544,2.329,,
past260,키르키로,c713b35f0eb40bcf0b51ae0ad9fffff8e85e07f9d5d276f44440847eec04ba68,2026-07-07,262,41138572544,2.329,,
past260,키르키로,c713b35f0eb40bcf0b51ae0ad9fffff8e85e07f9d5d276f44440847eec04ba68,2026-07-08,262,41138572544,2.329,,
past260,키르키로,c713b35f0eb40bcf0b51ae0ad9fffff8e85e07f9d5d276f44440847eec04ba68,2026-07-09,262,41138572544,2.329,,
past260,키르키로,c713b35f0eb40bcf0b51ae0ad9fffff8e85e07f9d5d276f44440847eec04ba68,2026-07-10,262,41138572544,2.329,,
past260,키르키로,c713b35f0eb40bcf0b51ae0ad9fffff8e85e07f9d5d276f44440847eec04ba68,2026-07-11,262,41138572544,2.329,,
past260,키르키로,c713b35f0eb40bcf0b51ae0ad9fffff8e85e07f9d5d276f44440847eec04ba68,2026-07-12,262,41138572544,2.329,9436301,
past260,키르키로,c713b35f0eb40bcf0b51ae0ad9fffff8e85e07f9d5d276f44440847eec04ba68,2026-07-13,262,41138572544,2.329,,
past260,키르키로,c713b35f0eb40bcf0b51ae0ad9fffff8e85e07f9d5d276f44440847eec04ba68,2026-07-14,262,41138572544,2.329,,
past260,키르키로,c713b35f0eb40bcf0b51ae0ad9fffff8e85e07f9d5d276f44440847eec04ba68,2026-07-15,262,41138572544,2.329,,
past260,키르키로,c713b35f0eb40bcf0b51ae0ad9fffff8e85e07f9d5d276f44440847eec04ba68,2026-07-16,262,41138572544,2.329,,
past260,키르키로,c713b35f0eb40bcf0b51ae0ad9fffff8e85e07f9d5d276f44440847eec04ba68,2026-07-17,262,41138572544,2.329,,
past260,키르키로,c713b35f0eb40bcf0b51ae0ad9fffff8e85e07f9d5d276f44440847eec04ba68,2026-07-18,262,41138572544,2.329,,
past260,키르키로,c713b35f0eb40bcf0b51ae0ad9fffff8e85e07f9d5d276f44440847eec04ba68,2026-07-19,262,41138572544,2.329,,
past260,키르키로,c713b35f0eb40bcf0b51ae0ad9fffff8e85e07f9d5d276f44440847eec04ba68,2026-07-20,262,41138572544,2.329,9436301,
past260,키르키로,c713b35f0eb40bcf0b51ae0ad9fffff8e85e07f9d5d276f44440847eec04ba68,2026-07-21,262,41138572544,2.329,,
past260,키르키로,c713b35f0eb40bcf0b51ae0ad9fffff8e85e07f9d5d276f44440847eec04ba68,2026-07-22,262,41138572544,2.329,,
past260,12시팬텀,916ab54c41cd96169fe92e5ca191a423efe8d04e6d233bd35cf2fabdeb93fb0d,2026-06-18,262,47807800156,2.706,0,
past260,12시팬텀,916ab54c41cd96169fe92e5ca191a423efe8d04e6d233bd35cf2fabdeb93fb0d,2026-06-19,262,47807800156,2.706,,
past260,12시팬텀,916ab54c41cd96169fe92e5ca191a423efe8d04e6d233bd35cf2fabdeb93fb0d,2026-06-20,262,47807800156,2.706,,
past260,12시팬텀,916ab54c41cd96169fe92e5ca191a423efe8d04e6d233bd35cf2fabdeb93fb0d,2026-06-21,262,47807800156,2.706,,
past260,12시팬텀,916ab54c41cd96169fe92e5ca191a423efe8d04e6d233bd35cf2fabdeb93fb0d,2026-06-22,262,47807800156,2.706,,
past260,12시팬텀,916ab54c41cd96169fe92e5ca191a423efe8d04e6d233bd35cf2fabdeb93fb0d,2026-06-23,262,47807800156,2.706,,
past260,12시팬텀,916ab54c41cd96169fe92e5ca191a423efe8d04e6d233bd35cf2fabdeb93fb0d,2026-06-24,262,47807800156,2.706,,
past260,12시팬텀,916ab54c41cd96169fe92e5ca191a423efe8d04e6d233bd35cf2fabdeb93fb0d,2026-06-25,262,47807800156,2.706,,
past260,12시팬텀,916ab54c41cd96169fe92e5ca191a423efe8d04e6d233bd35cf2fabdeb93fb0d,2026-06-26,262,47807800156,2.706,0,
past260,12시팬텀,916ab54c41cd96169fe92e5ca191a423efe8d04e6d233bd35cf2fabdeb93fb0d,2026-06-27,262,47807800156,2.706,,
past260,12시팬텀,916ab54c41cd96169fe92e5ca191a423efe8d04e6d233bd35cf2fabdeb93fb0d,2026-06-28,262,47807800156,2.706,,
past260,12시팬텀,916ab54c41cd96169fe92e5ca191a423efe8d04e6d233bd35cf2fabdeb93fb0d,2026-06-29,262,47807800156,2.706,,
past260,12시팬텀,916ab54c41cd96169fe92e5ca191a423efe8d04e6d233bd35cf2fabdeb93fb0d,2026-06-30,262,47807800156,2.706,,
past260,12시팬텀,916ab54c41cd96169fe92e5ca191a423efe8d04e6d233bd35cf2fabdeb93fb0d,2026-07-01,262,47807800156,2.706,,
past260,12시팬텀,916ab54c41cd96169fe92e5ca191a423efe8d04e6d233bd35cf2fabdeb93fb0d,2026-07-02,262,47807800156,2.706,,
past260,12시팬텀,916ab54c41cd96169fe92e5ca191a423efe8d04e6d233bd35cf2fabdeb93fb0d,2026-07-03,262,47807800156,2.706,,
past260,12시팬텀,916ab54c41cd96169fe92e5ca191a423efe8d04e6d233bd35cf2fabdeb93fb0d,2026-07-04,262,47807800156,2.706,0,
past260,12시팬텀,916ab54c41cd96169fe92e5ca191a423efe8d04e6d233bd35cf2fabdeb93fb0d,2026-07-05,262,47807800156,2.706,,
past260,12시팬텀,916ab54c41cd96169fe92e5ca191a423efe8d04e6d233bd35cf2fabdeb93fb0d,2026-07-06,262,47807800156,2.706,,
past260,12시팬텀,916ab54c41cd96169fe92e5ca191a423efe8d04e6d233bd35cf2fabdeb93fb0d,2026-07-07,262,47807800156,2.706,,
past260,12시팬텀,916ab54c41cd96169fe92e5ca191a423efe8d04e6d233bd35cf2fabdeb93fb0d,2026-07-08,262,47807800156,2.706,,
past260,12시팬텀,916ab54c41cd96169fe92e5ca191a423efe8d04e6d233bd35cf2fabdeb93fb0d,2026-07-09,262,47807800156,2.706,,
past260,12시팬텀,916ab54c41cd96169fe92e5ca191a423efe8d04e6d233bd35cf2fabdeb93fb0d,2026-07-10,262,47807800156,2.706,,
past260,12시팬텀,916ab54c41cd96169fe92e5ca191a423efe8d04e6d233bd35cf2fabdeb93fb0d,2026-07-11,262,47807800156,2.706,,
past260,12시팬텀,916ab54c41cd96169fe92e5ca191a423efe8d04e6d233bd35cf2fabdeb93fb0d,2026-07-12,262,47807800156,2.706,0,
past260,12시팬텀,916ab54c41cd96169fe92e5ca191a423efe8d04e6d233bd35cf2fabdeb93fb0d,2026-07-13,262,47807800156,2.706,,
past260,12시팬텀,916ab54c41cd96169fe92e5ca191a423efe8d04e6d233bd35cf2fabdeb93fb0d,2026-07-14,262,47807800156,2.706,,
past260,12시팬텀,916ab54c41cd96169fe92e5ca191a423efe8d04e6d233bd35cf2fabdeb93fb0d,2026-07-15,262,47807800156,2.706,,
past260,12시팬텀,916ab54c41cd96169fe92e5ca191a423efe8d04e6d233bd35cf2fabdeb93fb0d,2026-07-16,262,47807800156,2.706,,
past260,12시팬텀,916ab54c41cd96169fe92e5ca191a423efe8d04e6d233bd35cf2fabdeb93fb0d,2026-07-17,262,47807800156,2.706,,
past260,12시팬텀,916ab54c41cd96169fe92e5ca191a423efe8d04e6d233bd35cf2fabdeb93fb0d,2026-07-18,262,47807800156,2.706,,
past260,12시팬텀,916ab54c41cd96169fe92e5ca191a423efe8d04e6d233bd35cf2fabdeb93fb0d,2026-07-19,262,47807800156,2.706,,
past260,12시팬텀,916ab54c41cd96169fe92e5ca191a423efe8d04e6d233bd35cf2fabdeb93fb0d,2026-07-20,262,47807800156,2.706,0,
past260,12시팬텀,916ab54c41cd96169fe92e5ca191a423efe8d04e6d233bd35cf2fabdeb93fb0d,2026-07-21,262,47807800156,2.706,,
past260,12시팬텀,916ab54c41cd96169fe92e5ca191a423efe8d04e6d233bd35cf2fabdeb93fb0d,2026-07-22,262,47807800156,2.706,,
past260,또박맘,0de7137591919be1340225e9692351b3efe8d04e6d233bd35cf2fabdeb93fb0d,2026-06-18,262,38588469958,2.184,10515631,
past260,또박맘,0de7137591919be1340225e9692351b3efe8d04e6d233bd35cf2fabdeb93fb0d,2026-06-19,262,38588469958,2.184,,
past260,또박맘,0de7137591919be1340225e9692351b3efe8d04e6d233bd35cf2fabdeb93fb0d,2026-06-20,262,38588469958,2.184,,
past260,또박맘,0de7137591919be1340225e9692351b3efe8d04e6d233bd35cf2fabdeb93fb0d,2026-06-21,262,38588469958,2.184,,
past260,또박맘,0de7137591919be1340225e9692351b3efe8d04e6d233bd35cf2fabdeb93fb0d,2026-06-22,262,38588469958,2.184,,
past260,또박맘,0de7137591919be1340225e9692351b3efe8d04e6d233bd35cf2fabdeb93fb0d,2026-06-23,262,38588469958,2.184,,
past260,또박맘,0de7137591919be1340225e9692351b3efe8d04e6d233bd35cf2fabdeb93fb0d,2026-06-24,262,38588469958,2.184,,
past260,또박맘,0de7137591919be1340225e9692351b3efe8d04e6d233bd35cf2fabdeb93fb0d,2026-06-25,262,38588469958,2.184,,
past260,또박맘,0de7137591919be1340225e9692351b3efe8d04e6d233bd35cf2fabdeb93fb0d,2026-06-26,262,38588469958,2.184,10515631,
past260,또박맘,0de7137591919be1340225e9692351b3efe8d04e6d233bd35cf2fabdeb93fb0d,2026-06-27,262,38588469958,2.184,,
past260,또박맘,0de7137591919be1340225e9692351b3efe8d04e6d233bd35cf2fabdeb93fb0d,2026-06-28,262,38588469958,2.184,,
past260,또박맘,0de7137591919be1340225e9692351b3efe8d04e6d233bd35cf2fabdeb93fb0d,2026-06-29,262,38588469958,2.184,,
past260,또박맘,0de7137591919be1340225e9692351b3efe8d04e6d233bd35cf2fabdeb93fb0d,2026-06-30,262,38588469958,2.184,,
past260,또박맘,0de7137591919be1340225e9692351b3efe8d04e6d233bd35cf2fabdeb93fb0d,2026-07-01,262,38588469958,2.184,,
past260,또박맘,0de7137591919be1340225e9692351b3efe8d04e6d233bd35cf2fabdeb93fb0d,2026-07-02,262,38588469958,2.184,,
past260,또박맘,0de7137591919be1340225e9692351b3efe8d04e6d233bd35cf2fabdeb93fb0d,2026-07-03,262,38588469958,2.184,,
past260,또박맘,0de7137591919be1340225e9692351b3efe8d04e6d233bd35cf2fabdeb93fb0d,2026-07-04,262,38588469958,2.184,10515631,
past260,또박맘,0de7137591919be1340225e9692351b3efe8d04e6d233bd35cf2fabdeb93fb0d,2026-07-05,262,38588469958,2.184,,
past260,또박맘,0de7137591919be1340225e9692351b3efe8d04e6d233bd35cf2fabdeb93fb0d,2026-07-06,262,38588469958,2.184,,
past260,또박맘,0de7137591919be1340225e9692351b3efe8d04e6d233bd35cf2fabdeb93fb0d,2026-07-07,262,38588469958,2.184,,
past260,또박맘,0de7137591919be1340225e9692351b3efe8d04e6d233bd35cf2fabdeb93fb0d,2026-07-08,262,38588469958,2.184,,
past260,또박맘,0de7137591919be1340225e9692351b3efe8d04e6d233bd35cf2fabdeb93fb0d,2026-07-09,262,38588469958,2.184,,
past260,또박맘,0de7137591919be1340225e9692351b3efe8d04e6d233bd35cf2fabdeb93fb0d,2026-07-10,262,38588469958,2.184,,
past260,또박맘,0de7137591919be1340225e9692351b3efe8d04e6d233bd35cf2fabdeb93fb0d,2026-07-11,262,38588469958,2.184,,
past260,또박맘,0de7137591919be1340225e9692351b3efe8d04e6d233bd35cf2fabdeb93fb0d,2026-07-12,262,38588469958,2.184,10515631,
past260,또박맘,0de7137591919be1340225e9692351b3efe8d04e6d233bd35cf2fabdeb93fb0d,2026-07-13,262,38588469958,2.184,,
past260,또박맘,0de7137591919be1340225e9692351b3efe8d04e6d233bd35cf2fabdeb93fb0d,2026-07-14,262,38588469958,2.184,,
past260,또박맘,0de7137591919be1340225e9692351b3efe8d04e6d233bd35cf2fabdeb93fb0d,2026-07-15,262,38588469958,2.184,,
past260,또박맘,0de7137591919be1340225e9692351b3efe8d04e6d233bd35cf2fabdeb93fb0d,2026-07-16,262,38588469958,2.184,,
past260,또박맘,0de7137591919be1340225e9692351b3efe8d04e6d233bd35cf2fabdeb93fb0d,2026-07-17,262,38588469958,2.184,,
past260,또박맘,0de7137591919be1340225e9692351b3efe8d04e6d233bd35cf2fabdeb93fb0d,2026-07-18,262,38588469958,2.184,,
past260,또박맘,0de7137591919be1340225e9692351b3efe8d04e6d233bd35cf2fabdeb93fb0d,2026-07-19,262,38588469958,2.184,,
past260,또박맘,0de7137591919be1340225e9692351b3efe8d04e6d233bd35cf2fabdeb93fb0d,2026-07-20,262,38588469958,2.184,10515631,
past260,또박맘,0de7137591919be1340225e9692351b3efe8d04e6d233bd35cf2fabdeb93fb0d,2026-07-21,262,38588469958,2.184,,
past260,또박맘,0de7137591919be1340225e9692351b3efe8d04e6d233bd35cf2fabdeb93fb0d,2026-07-22,262,38588469958,2.184,,
past260,카루풍,a1c05690a58d1b5446b6cb82b80e95d0,2026-06-18,262,27549998237,1.559,13317501,
past260,카루풍,a1c05690a58d1b5446b6cb82b80e95d0,2026-06-19,262,27549998237,1.559,,
past260,카루풍,a1c05690a58d1b5446b6cb82b80e95d0,2026-06-20,262,27549998237,1.559,,
past260,카루풍,a1c05690a58d1b5446b6cb82b80e95d0,2026-06-21,262,27549998237,1.559,,
past260,카루풍,a1c05690a58d1b5446b6cb82b80e95d0,2026-06-22,262,27549998237,1.559,,
past260,카루풍,a1c05690a58d1b5446b6cb82b80e95d0,2026-06-23,262,27549998237,1.559,,
past260,카루풍,a1c05690a58d1b5446b6cb82b80e95d0,2026-06-24,262,27549998237,1.559,,
past260,카루풍,a1c05690a58d1b5446b6cb82b80e95d0,2026-06-25,262,27549998237,1.559,,
past260,카루풍,a1c05690a58d1b5446b6cb82b80e95d0,2026-06-26,262,27549998237,1.559,13317501,
past260,카루풍,a1c05690a58d1b5446b6cb82b80e95d0,2026-06-27,262,27549998237,1.559,,
past260,카루풍,a1c05690a58d1b5446b6cb82b80e95d0,2026-06-28,262,27549998237,1.559,,
past260,카루풍,a1c05690a58d1b5446b6cb82b80e95d0,2026-06-29,262,27549998237,1.559,,
past260,카루풍,a1c05690a58d1b5446b6cb82b80e95d0,2026-06-30,262,27549998237,1.559,,
past260,카루풍,a1c05690a58d1b5446b6cb82b80e95d0,2026-07-01,262,27549998237,1.559,,
past260,카루풍,a1c05690a58d1b5446b6cb82b80e95d0,2026-07-02,262,27549998237,1.559,,
past260,카루풍,a1c05690a58d1b5446b6cb82b80e95d0,2026-07-03,262,27549998237,1.559,,
past260,카루풍,a1c05690a58d1b5446b6cb82b80e95d0,2026-07-04,262,27549998237,1.559,13317501,
past260,카루풍,a1c05690a58d1b5446b6cb82b80e95d0,2026-07-05,262,27549998237,1.559,,
past260,카루풍,a1c05690a58d1b5446b6cb82b80e95d0,2026-07-06,262,27549998237,1.559,,
past260,카루풍,a1c05690a58d1b5446b6cb82b80e95d0,2026-07-07,262,27549998237,1.559,,
past260,카루풍,a1c05690a58d1b5446b6cb82b80e95d0,2026-07-08,262,27549998237,1.559,,
past260,카루풍,a1c05690a58d1b5446b6cb82b80e95d0,2026-07-09,262,27549998237,1.559,,
past260,카루풍,a1c05690a58d1b5446b6cb82b80e95d0,2026-07-10,262,27549998237,1.559,,
past260,카루풍,a1c05690a58d1b5446b6cb82b80e95d0,2026-07-11,262,27549998237,1.559,,
past260,카루풍,a1c05690a58d1b5446b6cb82b80e95d0,2026-07-12,262,27549998237,1.559,13317501,
past260,카루풍,a1c05690a58d1b5446b6cb82b80e95d0,2026-07-13,262,27549998237,1.559,,
past260,카루풍,a1c05690a58d1b5446b6cb82b80e95d0,2026-07-14,262,27549998237,1.559,,
past260,카루풍,a1c05690a58d1b5446b6cb82b80e95d0,2026-07-15,262,27549998237,1.559,,
past260,카루풍,a1c05690a58d1b5446b6cb82b80e95d0,2026-07-16,262,27549998237,1.559,,
past260,카루풍,a1c05690a58d1b5446b6cb82b80e95d0,2026-07-17,262,27549998237,1.559,,
past260,카루풍,a1c05690a58d1b5446b6cb82b80e95d0,2026-07-18,262,27549998237,1.559,,
past260,카루풍,a1c05690a58d1b5446b6cb82b80e95d0,2026-07-19,262,27549998237,1.559,,
past260,카루풍,a1c05690a58d1b5446b6cb82b80e95d0,2026-07-20,262,27549998237,1.559,13317501,
past260,카루풍,a1c05690a58d1b5446b6cb82b80e95d0,2026-07-21,262,27549998237,1.559,,
past260,카루풍,a1c05690a58d1b5446b6cb82b80e95d0,2026-07-22,262,27549998237,1.559,,
past260,연계란말이,89a10ad8cc73644fc5feb628c992b06fefe8d04e6d233bd35cf2fabdeb93fb0d,2026-06-18,262,29127828728,1.649,7142048,
past260,연계란말이,89a10ad8cc73644fc5feb628c992b06fefe8d04e6d233bd35cf2fabdeb93fb0d,2026-06-19,262,29127828728,1.649,,
past260,연계란말이,89a10ad8cc73644fc5feb628c992b06fefe8d04e6d233bd35cf2fabdeb93fb0d,2026-06-20,262,29127828728,1.649,,
past260,연계란말이,89a10ad8cc73644fc5feb628c992b06fefe8d04e6d233bd35cf2fabdeb93fb0d,2026-06-21,262,29127828728,1.649,,
past260,연계란말이,89a10ad8cc73644fc5feb628c992b06fefe8d04e6d233bd35cf2fabdeb93fb0d,2026-06-22,262,29127828728,1.649,,
past260,연계란말이,89a10ad8cc73644fc5feb628c992b06fefe8d04e6d233bd35cf2fabdeb93fb0d,2026-06-23,262,29127828728,1.649,,
past260,연계란말이,89a10ad8cc73644fc5feb628c992b06fefe8d04e6d233bd35cf2fabdeb93fb0d,2026-06-24,262,29127828728,1.649,,
past260,연계란말이,89a10ad8cc73644fc5feb628c992b06fefe8d04e6d233bd35cf2fabdeb93fb0d,2026-06-25,262,29127828728,1.649,,
past260,연계란말이,89a10ad8cc73644fc5feb628c992b06fefe8d04e6d233bd35cf2fabdeb93fb0d,2026-06-26,262,29127828728,1.649,7142048,
past260,연계란말이,89a10ad8cc73644fc5feb628c992b06fefe8d04e6d233bd35cf2fabdeb93fb0d,2026-06-27,262,29127828728,1.649,,
past260,연계란말이,89a10ad8cc73644fc5feb628c992b06fefe8d04e6d233bd35cf2fabdeb93fb0d,2026-06-28,262,29127828728,1.649,,
past260,연계란말이,89a10ad8cc73644fc5feb628c992b06fefe8d04e6d233bd35cf2fabdeb93fb0d,2026-06-29,262,29127828728,1.649,,
past260,연계란말이,89a10ad8cc73644fc5feb628c992b06fefe8d04e6d233bd35cf2fabdeb93fb0d,2026-06-30,262,29127828728,1.649,,
past260,연계란말이,89a10ad8cc73644fc5feb628c992b06fefe8d04e6d233bd35cf2fabdeb93fb0d,2026-07-01,262,29127828728,1.649,,
past260,연계란말이,89a10ad8cc73644fc5feb628c992b06fefe8d04e6d233bd35cf2fabdeb93fb0d,2026-07-02,262,29127828728,1.649,,
past260,연계란말이,89a10ad8cc73644fc5feb628c992b06fefe8d04e6d233bd35cf2fabdeb93fb0d,2026-07-03,262,29127828728,1.649,,
past260,연계란말이,89a10ad8cc73644fc5feb628c992b06fefe8d04e6d233bd35cf2fabdeb93fb0d,2026-07-04,262,29127828728,1.649,7142048,
past260,연계란말이,89a10ad8cc73644fc5feb628c992b06fefe8d04e6d233bd35cf2fabdeb93fb0d,2026-07-05,262,29127828728,1.649,,
past260,연계란말이,89a10ad8cc73644fc5feb628c992b06fefe8d04e6d233bd35cf2fabdeb93fb0d,2026-07-06,262,29127828728,1.649,,
past260,연계란말이,89a10ad8cc73644fc5feb628c992b06fefe8d04e6d233bd35cf2fabdeb93fb0d,2026-07-07,262,29127828728,1.649,,
past260,연계란말이,89a10ad8cc73644fc5feb628c992b06fefe8d04e6d233bd35cf2fabdeb93fb0d,2026-07-08,262,29127828728,1.649,,
past260,연계란말이,89a10ad8cc73644fc5feb628c992b06fefe8d04e6d233bd35cf2fabdeb93fb0d,2026-07-09,262,29127828728,1.649,,
past260,연계란말이,89a10ad8cc73644fc5feb628c992b06fefe8d04e6d233bd35cf2fabdeb93fb0d,2026-07-10,262,29127828728,1.649,,
past260,연계란말이,89a10ad8cc73644fc5feb628c992b06fefe8d04e6d233bd35cf2fabdeb93fb0d,2026-07-11,262,29127828728,1.649,,
past260,연계란말이,89a10ad8cc73644fc5feb628c992b06fefe8d04e6d233bd35cf2fabdeb93fb0d,2026-07-12,262,29127828728,1.649,7142048,
past260,연계란말이,89a10ad8cc73644fc5feb628c992b06fefe8d04e6d233bd35cf2fabdeb93fb0d,2026-07-13,262,29127828728,1.649,,
past260,연계란말이,89a10ad8cc73644fc5feb628c992b06fefe8d04e6d233bd35cf2fabdeb93fb0d,2026-07-14,262,29127828728,1.649,,
past260,연계란말이,89a10ad8cc73644fc5feb628c992b06fefe8d04e6d233bd35cf2fabdeb93fb0d,2026-07-15,262,29127828728,1.649,,
past260,연계란말이,89a10ad8cc73644fc5feb628c992b06fefe8d04e6d233bd35cf2fabdeb93fb0d,2026-07-16,262,29127828728,1.649,,
past260,연계란말이,89a10ad8cc73644fc5feb628c992b06fefe8d04e6d233bd35cf2fabdeb93fb0d,2026-07-17,262,29127828728,1.649,,
past260,연계란말이,89a10ad8cc73644fc5feb628c992b06fefe8d04e6d233bd35cf2fabdeb93fb0d,2026-07-18,262,29127828728,1.649,,
past260,연계란말이,89a10ad8cc73644fc5feb628c992b06fefe8d04e6d233bd35cf2fabdeb93fb0d,2026-07-19,262,29127828728,1.649,,
past260,연계란말이,89a10ad8cc73644fc5feb628c992b06fefe8d04e6d233bd35cf2fabdeb93fb0d,2026-07-20,262,29127828728,1.649,7142048,
past260,연계란말이,89a10ad8cc73644fc5feb628c992b06fefe8d04e6d233bd35cf2fabdeb93fb0d,2026-07-21,262,29127828728,1.649,,
past260,연계란말이,89a10ad8cc73644fc5feb628c992b06fefe8d04e6d233bd35cf2fabdeb93fb0d,2026-07-22,262,29127828728,1.649,,
past260,애토란,33938953475f8fedd2358be975761753,2026-06-18,262,55556196882,3.145,1503564,
past260,애토란,33938953475f8fedd2358be975761753,2026-06-19,262,55556196882,3.145,,
past260,애토란,33938953475f8fedd2358be975761753,2026-06-20,262,55556196882,3.145,,
past260,애토란,33938953475f8fedd2358be975761753,2026-06-21,262,55556196882,3.145,,
past260,애토란,33938953475f8fedd2358be975761753,2026-06-22,262,55556196882,3.145,,
past260,애토란,33938953475f8fedd2358be975761753,2026-06-23,262,55556196882,3.145,,
past260,애토란,33938953475f8fedd2358be975761753,2026-06-24,262,55556196882,3.145,,
past260,애토란,33938953475f8fedd2358be975761753,2026-06-25,262,55556196882,3.145,,
past260,애토란,33938953475f8fedd2358be975761753,2026-06-26,262,55556196882,3.145,1296174,
past260,애토란,33938953475f8fedd2358be975761753,2026-06-27,262,55556196882,3.145,,
past260,애토란,33938953475f8fedd2358be975761753,2026-06-28,262,55556196882,3.145,,
past260,애토란,33938953475f8fedd2358be975761753,2026-06-29,262,55556196882,3.145,,
past260,애토란,33938953475f8fedd2358be975761753,2026-06-30,262,55556196882,3.145,,
past260,애토란,33938953475f8fedd2358be975761753,2026-07-01,262,55556196882,3.145,,
past260,애토란,33938953475f8fedd2358be975761753,2026-07-02,262,55556196882,3.145,,
past260,애토란,33938953475f8fedd2358be975761753,2026-07-03,262,55556196882,3.145,,
past260,애토란,33938953475f8fedd2358be975761753,2026-07-04,262,55556196882,3.145,1296174,
past260,애토란,33938953475f8fedd2358be975761753,2026-07-05,262,55556196882,3.145,,
past260,애토란,33938953475f8fedd2358be975761753,2026-07-06,262,55556196882,3.145,,
past260,애토란,33938953475f8fedd2358be975761753,2026-07-07,262,55556196882,3.145,,
past260,애토란,33938953475f8fedd2358be975761753,2026-07-08,262,55556196882,3.145,,
past260,애토란,33938953475f8fedd2358be975761753,2026-07-09,262,55556196882,3.145,,
past260,애토란,33938953475f8fedd2358be975761753,2026-07-10,262,55556196882,3.145,,
past260,애토란,33938953475f8fedd2358be975761753,2026-07-11,262,55556196882,3.145,,
past260,애토란,33938953475f8fedd2358be975761753,2026-07-12,262,55556196882,3.145,1296174,
past260,애토란,33938953475f8fedd2358be975761753,2026-07-13,262,55556196882,3.145,,
past260,애토란,33938953475f8fedd2358be975761753,2026-07-14,262,55556196882,3.145,,
past260,애토란,33938953475f8fedd2358be975761753,2026-07-15,262,55556196882,3.145,,
past260,애토란,33938953475f8fedd2358be975761753,2026-07-16,262,55556196882,3.145,,
past260,애토란,33938953475f8fedd2358be975761753,2026-07-17,262,55556196882,3.145,,
past260,애토란,33938953475f8fedd2358be975761753,2026-07-18,262,55556196882,3.145,,
past260,애토란,33938953475f8fedd2358be975761753,2026-07-19,262,55556196882,3.145,,
past260,애토란,33938953475f8fedd2358be975761753,2026-07-20,262,55556196882,3.145,1296174,
past260,애토란,33938953475f8fedd2358be975761753,2026-07-21,262,55556196882,3.145,,
past260,애토란,33938953475f8fedd2358be975761753,2026-07-22,262,55556196882,3.145,,
past260,은맵2,038ad2cbab6f14d2c134b3881a634046efe8d04e6d233bd35cf2fabdeb93fb0d,2026-06-18,262,26501759770,1.500,6692012,
past260,은맵2,038ad2cbab6f14d2c134b3881a634046efe8d04e6d233bd35cf2fabdeb93fb0d,2026-06-19,262,26501759770,1.500,,
past260,은맵2,038ad2cbab6f14d2c134b3881a634046efe8d04e6d233bd35cf2fabdeb93fb0d,2026-06-20,262,26501759770,1.500,,
past260,은맵2,038ad2cbab6f14d2c134b3881a634046efe8d04e6d233bd35cf2fabdeb93fb0d,2026-06-21,262,26501759770,1.500,,
past260,은맵2,038ad2cbab6f14d2c134b3881a634046efe8d04e6d233bd35cf2fabdeb93fb0d,2026-06-22,262,26501759770,1.500,,
past260,은맵2,038ad2cbab6f14d2c134b3881a634046efe8d04e6d233bd35cf2fabdeb93fb0d,2026-06-23,262,26501759770,1.500,,
past260,은맵2,038ad2cbab6f14d2c134b3881a634046efe8d04e6d233bd35cf2fabdeb93fb0d,2026-06-24,262,26501759770,1.500,,
past260,은맵2,038ad2cbab6f14d2c134b3881a634046efe8d04e6d233bd35cf2fabdeb93fb0d,2026-06-25,262,26501759770,1.500,,
past260,은맵2,038ad2cbab6f14d2c134b3881a634046efe8d04e6d233bd35cf2fabdeb93fb0d,2026-06-26,262,26501759770,1.500,6692012,
past260,은맵2,038ad2cbab6f14d2c134b3881a634046efe8d04e6d233bd35cf2fabdeb93fb0d,2026-06-27,262,26501759770,1.500,,
past260,은맵2,038ad2cbab6f14d2c134b3881a634046efe8d04e6d233bd35cf2fabdeb93fb0d,2026-06-28,262,26501759770,1.500,,
past260,은맵2,038ad2cbab6f14d2c134b3881a634046efe8d04e6d233bd35cf2fabdeb93fb0d,2026-06-29,262,26501759770,1.500,,
past260,은맵2,038ad2cbab6f14d2c134b3881a634046efe8d04e6d233bd35cf2fabdeb93fb0d,2026-06-30,262,26501759770,1.500,,
past260,은맵2,038ad2cbab6f14d2c134b3881a634046efe8d04e6d233bd35cf2fabdeb93fb0d,2026-07-01,262,26501759770,1.500,,
past260,은맵2,038ad2cbab6f14d2c134b3881a634046efe8d04e6d233bd35cf2fabdeb93fb0d,2026-07-02,262,26501759770,1.500,,
past260,은맵2,038ad2cbab6f14d2c134b3881a634046efe8d04e6d233bd35cf2fabdeb93fb0d,2026-07-03,262,26501759770,1.500,,
past260,은맵2,038ad2cbab6f14d2c134b3881a634046efe8d04e6d233bd35cf2fabdeb93fb0d,2026-07-04,262,26501759770,1.500,6692012,
past260,은맵2,038ad2cbab6f14d2c134b3881a634046efe8d04e6d233bd35cf2fabdeb93fb0d,2026-07-05,262,26501759770,1.500,,
past260,은맵2,038ad2cbab6f14d2c134b3881a634046efe8d04e6d233bd35cf2fabdeb93fb0d,2026-07-06,262,26501759770,1.500,,
past260,은맵2,038ad2cbab6f14d2c134b3881a634046efe8d04e6d233bd35cf2fabdeb93fb0d,2026-07-07,262,26501759770,1.500,,
past260,은맵2,038ad2cbab6f14d2c134b3881a634046efe8d04e6d233bd35cf2fabdeb93fb0d,2026-07-08,262,26501759770,1.500,,
past260,은맵2,038ad2cbab6f14d2c134b3881a634046efe8d04e6d233bd35cf2fabdeb93fb0d,2026-07-09,262,26501759770,1.500,,
past260,은맵2,038ad2cbab6f14d2c134b3881a634046efe8d04e6d233bd35cf2fabdeb93fb0d,2026-07-10,262,26501759770,1.500,,
past260,은맵2,038ad2cbab6f14d2c134b3881a634046efe8d04e6d233bd35cf2fabdeb93fb0d,2026-07-11,262,26501759770,1.500,,
past260,은맵2,038ad2cbab6f14d2c134b3881a634046efe8d04e6d233bd35cf2fabdeb93fb0d,2026-07-12,262,26501759770,1.500,6692012,
past260,은맵2,038ad2cbab6f14d2c134b3881a634046efe8d04e6d233bd35cf2fabdeb93fb0d,2026-07-13,262,26501759770,1.500,,
past260,은맵2,038ad2cbab6f14d2c134b3881a634046efe8d04e6d233bd35cf2fabdeb93fb0d,2026-07-14,262,26501759770,1.500,,
past260,은맵2,038ad2cbab6f14d2c134b3881a634046efe8d04e6d233bd35cf2fabdeb93fb0d,2026-07-15,262,26501759770,1.500,,
past260,은맵2,038ad2cbab6f14d2c134b3881a634046efe8d04e6d233bd35cf2fabdeb93fb0d,2026-07-16,262,26501759770,1.500,,
past260,은맵2,038ad2cbab6f14d2c134b3881a634046efe8d04e6d233bd35cf2fabdeb93fb0d,2026-07-17,262,26501759770,1.500,,
past260,은맵2,038ad2cbab6f14d2c134b3881a634046efe8d04e6d233bd35cf2fabdeb93fb0d,2026-07-18,262,26501759770,1.500,,
past260,은맵2,038ad2cbab6f14d2c134b3881a634046efe8d04e6d233bd35cf2fabdeb93fb0d,2026-07-19,262,26501759770,1.500,,
past260,은맵2,038ad2cbab6f14d2c134b3881a634046efe8d04e6d233bd35cf2fabdeb93fb0d,2026-07-20,262,26501759770,1.500,6692012,
past260,은맵2,038ad2cbab6f14d2c134b3881a634046efe8d04e6d233bd35cf2fabdeb93fb0d,2026-07-21,262,26501759770,1.500,,
past260,은맵2,038ad2cbab6f14d2c134b3881a634046efe8d04e6d233bd35cf2fabdeb93fb0d,2026-07-22,262,26501759770,1.500,,
past260,im정상수,cae3459af6c129c4b90b3e08a5e786ac,2026-06-18,262,28323616668,1.603,12527300,
past260,im정상수,cae3459af6c129c4b90b3e08a5e786ac,2026-06-19,262,28323616668,1.603,,
past260,im정상수,cae3459af6c129c4b90b3e08a5e786ac,2026-06-20,262,28323616668,1.603,,
past260,im정상수,cae3459af6c129c4b90b3e08a5e786ac,2026-06-21,262,28323616668,1.603,,
past260,im정상수,cae3459af6c129c4b90b3e08a5e786ac,2026-06-22,262,28323616668,1.603,,
past260,im정상수,cae3459af6c129c4b90b3e08a5e786ac,2026-06-23,262,28323616668,1.603,,
past260,im정상수,cae3459af6c129c4b90b3e08a5e786ac,2026-06-24,262,28323616668,1.603,,
past260,im정상수,cae3459af6c129c4b90b3e08a5e786ac,2026-06-25,262,28323616668,1.603,,
past260,im정상수,cae3459af6c129c4b90b3e08a5e786ac,2026-06-26,262,28323616668,1.603,12527300,
past260,im정상수,cae3459af6c129c4b90b3e08a5e786ac,2026-06-27,262,28323616668,1.603,,
past260,im정상수,cae3459af6c129c4b90b3e08a5e786ac,2026-06-28,262,28323616668,1.603,,
past260,im정상수,cae3459af6c129c4b90b3e08a5e786ac,2026-06-29,262,28323616668,1.603,,
past260,im정상수,cae3459af6c129c4b90b3e08a5e786ac,2026-06-30,262,28323616668,1.603,,
past260,im정상수,cae3459af6c129c4b90b3e08a5e786ac,2026-07-01,262,28323616668,1.603,,
past260,im정상수,cae3459af6c129c4b90b3e08a5e786ac,2026-07-02,262,28323616668,1.603,,
past260,im정상수,cae3459af6c129c4b90b3e08a5e786ac,2026-07-03,262,28323616668,1.603,,
past260,im정상수,cae3459af6c129c4b90b3e08a5e786ac,2026-07-04,262,28323616668,1.603,12527300,
past260,im정상수,cae3459af6c129c4b90b3e08a5e786ac,2026-07-05,262,28323616668,1.603,,
past260,im정상수,cae3459af6c129c4b90b3e08a5e786ac,2026-07-06,262,28323616668,1.603,,
past260,im정상수,cae3459af6c129c4b90b3e08a5e786ac,2026-07-07,262,28323616668,1.603,,
past260,im정상수,cae3459af6c129c4b90b3e08a5e786ac,2026-07-08,262,28323616668,1.603,,
past260,im정상수,cae3459af6c129c4b90b3e08a5e786ac,2026-07-09,262,28323616668,1.603,,
past260,im정상수,cae3459af6c129c4b90b3e08a5e786ac,2026-07-10,262,28323616668,1.603,,
past260,im정상수,cae3459af6c129c4b90b3e08a5e786ac,2026-07-11,262,28323616668,1.603,,
past260,im정상수,cae3459af6c129c4b90b3e08a5e786ac,2026-07-12,262,28323616668,1.603,12527300,
past260,im정상수,cae3459af6c129c4b90b3e08a5e786ac,2026-07-13,262,28323616668,1.603,,
past260,im정상수,cae3459af6c129c4b90b3e08a5e786ac,2026-07-14,262,28323616668,1.603,,
past260,im정상수,cae3459af6c129c4b90b3e08a5e786ac,2026-07-15,262,28323616668,1.603,,
past260,im정상수,cae3459af6c129c4b90b3e08a5e786ac,2026-07-16,262,28323616668,1.603,,
past260,im정상수,cae3459af6c129c4b90b3e08a5e786ac,2026-07-17,262,28323616668,1.603,,
past260,im정상수,cae3459af6c129c4b90b3e08a5e786ac,2026-07-18,262,28323616668,1.603,,
past260,im정상수,cae3459af6c129c4b90b3e08a5e786ac,2026-07-19,262,28323616668,1.603,,
past260,im정상수,cae3459af6c129c4b90b3e08a5e786ac,2026-07-20,262,28323616668,1.603,12527300,
past260,im정상수,cae3459af6c129c4b90b3e08a5e786ac,2026-07-21,262,28323616668,1.603,,
past260,im정상수,cae3459af6c129c4b90b3e08a5e786ac,2026-07-22,262,28323616668,1.603,,
past260,메르웨이,f04338bdf54453540057360ba988c9db,2026-06-18,262,24954707077,1.412,655235,
past260,메르웨이,f04338bdf54453540057360ba988c9db,2026-06-19,262,24954707077,1.412,,
past260,메르웨이,f04338bdf54453540057360ba988c9db,2026-06-20,262,24954707077,1.412,,
past260,메르웨이,f04338bdf54453540057360ba988c9db,2026-06-21,262,24954707077,1.412,,
past260,메르웨이,f04338bdf54453540057360ba988c9db,2026-06-22,262,24954707077,1.412,,
past260,메르웨이,f04338bdf54453540057360ba988c9db,2026-06-23,262,24954707077,1.412,,
past260,메르웨이,f04338bdf54453540057360ba988c9db,2026-06-24,262,24954707077,1.412,,
past260,메르웨이,f04338bdf54453540057360ba988c9db,2026-06-25,262,24954707077,1.412,,
past260,메르웨이,f04338bdf54453540057360ba988c9db,2026-06-26,262,24954707077,1.412,655235,
past260,메르웨이,f04338bdf54453540057360ba988c9db,2026-06-27,262,24954707077,1.412,,
past260,메르웨이,f04338bdf54453540057360ba988c9db,2026-06-28,262,24954707077,1.412,,
past260,메르웨이,f04338bdf54453540057360ba988c9db,2026-06-29,262,24954707077,1.412,,
past260,메르웨이,f04338bdf54453540057360ba988c9db,2026-06-30,262,24954707077,1.412,,
past260,메르웨이,f04338bdf54453540057360ba988c9db,2026-07-01,262,24954707077,1.412,,
past260,메르웨이,f04338bdf54453540057360ba988c9db,2026-07-02,262,24954707077,1.412,,
past260,메르웨이,f04338bdf54453540057360ba988c9db,2026-07-03,262,24954707077,1.412,,
past260,메르웨이,f04338bdf54453540057360ba988c9db,2026-07-04,262,24954707077,1.412,619127,
past260,메르웨이,f04338bdf54453540057360ba988c9db,2026-07-05,262,24954707077,1.412,,
past260,메르웨이,f04338bdf54453540057360ba988c9db,2026-07-06,262,24954707077,1.412,,
past260,메르웨이,f04338bdf54453540057360ba988c9db,2026-07-07,262,24954707077,1.412,,
past260,메르웨이,f04338bdf54453540057360ba988c9db,2026-07-08,262,24954707077,1.412,,
past260,메르웨이,f04338bdf54453540057360ba988c9db,2026-07-09,262,24954707077,1.412,,
past260,메르웨이,f04338bdf54453540057360ba988c9db,2026-07-10,262,24954707077,1.412,,
past260,메르웨이,f04338bdf54453540057360ba988c9db,2026-07-11,262,24954707077,1.412,,
past260,메르웨이,f04338bdf54453540057360ba988c9db,2026-07-12,262,24954707077,1.412,558130,
past260,메르웨이,f04338bdf54453540057360ba988c9db,2026-07-13,262,24954707077,1.412,,
past260,메르웨이,f04338bdf54453540057360ba988c9db,2026-07-14,262,24954707077,1.412,,
past260,메르웨이,f04338bdf54453540057360ba988c9db,2026-07-15,262,24954707077,1.412,,
past260,메르웨이,f04338bdf54453540057360ba988c9db,2026-07-16,262,24954707077,1.412,,
past260,메르웨이,f04338bdf54453540057360ba988c9db,2026-07-17,262,24954707077,1.412,,
past260,메르웨이,f04338bdf54453540057360ba988c9db,2026-07-18,262,24954707077,1.412,,
past260,메르웨이,f04338bdf54453540057360ba988c9db,2026-07-19,262,24954707077,1.412,,
past260,메르웨이,f04338bdf54453540057360ba988c9db,2026-07-20,262,24954707077,1.412,558130,
past260,메르웨이,f04338bdf54453540057360ba988c9db,2026-07-21,262,24954707077,1.412,,
past260,메르웨이,f04338bdf54453540057360ba988c9db,2026-07-22,262,24954707077,1.412,,
past260,안녕난징글,b9b52ef9aec18bfd06b0e1659d7c92d5,2026-06-18,262,42439901867,2.402,6634243,
past260,안녕난징글,b9b52ef9aec18bfd06b0e1659d7c92d5,2026-06-19,262,42439901867,2.402,,
past260,안녕난징글,b9b52ef9aec18bfd06b0e1659d7c92d5,2026-06-20,262,42439901867,2.402,,
past260,안녕난징글,b9b52ef9aec18bfd06b0e1659d7c92d5,2026-06-21,262,42439901867,2.402,,
past260,안녕난징글,b9b52ef9aec18bfd06b0e1659d7c92d5,2026-06-22,262,42439901867,2.402,,
past260,안녕난징글,b9b52ef9aec18bfd06b0e1659d7c92d5,2026-06-23,262,42439901867,2.402,,
past260,안녕난징글,b9b52ef9aec18bfd06b0e1659d7c92d5,2026-06-24,262,42439901867,2.402,,
past260,안녕난징글,b9b52ef9aec18bfd06b0e1659d7c92d5,2026-06-25,262,42439901867,2.402,,
past260,안녕난징글,b9b52ef9aec18bfd06b0e1659d7c92d5,2026-06-26,262,42439901867,2.402,6634243,
past260,안녕난징글,b9b52ef9aec18bfd06b0e1659d7c92d5,2026-06-27,262,42439901867,2.402,,
past260,안녕난징글,b9b52ef9aec18bfd06b0e1659d7c92d5,2026-06-28,262,42439901867,2.402,,
past260,안녕난징글,b9b52ef9aec18bfd06b0e1659d7c92d5,2026-06-29,262,42439901867,2.402,,
past260,안녕난징글,b9b52ef9aec18bfd06b0e1659d7c92d5,2026-06-30,262,42439901867,2.402,,
past260,안녕난징글,b9b52ef9aec18bfd06b0e1659d7c92d5,2026-07-01,262,42439901867,2.402,,
past260,안녕난징글,b9b52ef9aec18bfd06b0e1659d7c92d5,2026-07-02,262,42439901867,2.402,,
past260,안녕난징글,b9b52ef9aec18bfd06b0e1659d7c92d5,2026-07-03,262,42439901867,2.402,,
past260,안녕난징글,b9b52ef9aec18bfd06b0e1659d7c92d5,2026-07-04,262,42439901867,2.402,6634243,
past260,안녕난징글,b9b52ef9aec18bfd06b0e1659d7c92d5,2026-07-05,262,42439901867,2.402,,
past260,안녕난징글,b9b52ef9aec18bfd06b0e1659d7c92d5,2026-07-06,262,42439901867,2.402,,
past260,안녕난징글,b9b52ef9aec18bfd06b0e1659d7c92d5,2026-07-07,262,42439901867,2.402,,
past260,안녕난징글,b9b52ef9aec18bfd06b0e1659d7c92d5,2026-07-08,262,42439901867,2.402,,
past260,안녕난징글,b9b52ef9aec18bfd06b0e1659d7c92d5,2026-07-09,262,42439901867,2.402,,
past260,안녕난징글,b9b52ef9aec18bfd06b0e1659d7c92d5,2026-07-10,262,42439901867,2.402,,
past260,안녕난징글,b9b52ef9aec18bfd06b0e1659d7c92d5,2026-07-11,262,42439901867,2.402,,
past260,안녕난징글,b9b52ef9aec18bfd06b0e1659d7c92d5,2026-07-12,262,42439901867,2.402,6634243,
past260,안녕난징글,b9b52ef9aec18bfd06b0e1659d7c92d5,2026-07-13,262,42439901867,2.402,,
past260,안녕난징글,b9b52ef9aec18bfd06b0e1659d7c92d5,2026-07-14,262,42439901867,2.402,,
past260,안녕난징글,b9b52ef9aec18bfd06b0e1659d7c92d5,2026-07-15,262,42439901867,2.402,,
past260,안녕난징글,b9b52ef9aec18bfd06b0e1659d7c92d5,2026-07-16,262,42439901867,2.402,,
past260,안녕난징글,b9b52ef9aec18bfd06b0e1659d7c92d5,2026-07-17,262,42439901867,2.402,,
past260,안녕난징글,b9b52ef9aec18bfd06b0e1659d7c92d5,2026-07-18,262,42439901867,2.402,,
past260,안녕난징글,b9b52ef9aec18bfd06b0e1659d7c92d5,2026-07-19,262,42439901867,2.402,,
past260,안녕난징글,b9b52ef9aec18bfd06b0e1659d7c92d5,2026-07-20,262,42439901867,2.402,6634243,
past260,안녕난징글,b9b52ef9aec18bfd06b0e1659d7c92d5,2026-07-21,262,42439901867,2.402,,
past260,안녕난징글,b9b52ef9aec18bfd06b0e1659d7c92d5,2026-07-22,262,42439901867,2.402,,
past260,노잼노뎀벤져,cb07d5b18b59d3ac5698dedc7a69bb4a,2026-06-18,262,34568767281,1.957,2430404,
past260,노잼노뎀벤져,cb07d5b18b59d3ac5698dedc7a69bb4a,2026-06-19,262,34568767281,1.957,,
past260,노잼노뎀벤져,cb07d5b18b59d3ac5698dedc7a69bb4a,2026-06-20,262,34568767281,1.957,,
past260,노잼노뎀벤져,cb07d5b18b59d3ac5698dedc7a69bb4a,2026-06-21,262,34568767281,1.957,,
past260,노잼노뎀벤져,cb07d5b18b59d3ac5698dedc7a69bb4a,2026-06-22,262,34568767281,1.957,,
past260,노잼노뎀벤져,cb07d5b18b59d3ac5698dedc7a69bb4a,2026-06-23,262,34568767281,1.957,,
past260,노잼노뎀벤져,cb07d5b18b59d3ac5698dedc7a69bb4a,2026-06-24,262,34568767281,1.957,,
past260,노잼노뎀벤져,cb07d5b18b59d3ac5698dedc7a69bb4a,2026-06-25,262,34568767281,1.957,,
past260,노잼노뎀벤져,cb07d5b18b59d3ac5698dedc7a69bb4a,2026-06-26,262,34568767281,1.957,2430404,
past260,노잼노뎀벤져,cb07d5b18b59d3ac5698dedc7a69bb4a,2026-06-27,262,34568767281,1.957,,
past260,노잼노뎀벤져,cb07d5b18b59d3ac5698dedc7a69bb4a,2026-06-28,262,34568767281,1.957,,
past260,노잼노뎀벤져,cb07d5b18b59d3ac5698dedc7a69bb4a,2026-06-29,262,34568767281,1.957,,
past260,노잼노뎀벤져,cb07d5b18b59d3ac5698dedc7a69bb4a,2026-06-30,262,34568767281,1.957,,
past260,노잼노뎀벤져,cb07d5b18b59d3ac5698dedc7a69bb4a,2026-07-01,262,34568767281,1.957,,
past260,노잼노뎀벤져,cb07d5b18b59d3ac5698dedc7a69bb4a,2026-07-02,262,34568767281,1.957,,
past260,노잼노뎀벤져,cb07d5b18b59d3ac5698dedc7a69bb4a,2026-07-03,262,34568767281,1.957,,
past260,노잼노뎀벤져,cb07d5b18b59d3ac5698dedc7a69bb4a,2026-07-04,262,34568767281,1.957,2430404,
past260,노잼노뎀벤져,cb07d5b18b59d3ac5698dedc7a69bb4a,2026-07-05,262,34568767281,1.957,,
past260,노잼노뎀벤져,cb07d5b18b59d3ac5698dedc7a69bb4a,2026-07-06,262,34568767281,1.957,,
past260,노잼노뎀벤져,cb07d5b18b59d3ac5698dedc7a69bb4a,2026-07-07,262,34568767281,1.957,,
past260,노잼노뎀벤져,cb07d5b18b59d3ac5698dedc7a69bb4a,2026-07-08,262,34568767281,1.957,,
past260,노잼노뎀벤져,cb07d5b18b59d3ac5698dedc7a69bb4a,2026-07-09,262,34568767281,1.957,,
past260,노잼노뎀벤져,cb07d5b18b59d3ac5698dedc7a69bb4a,2026-07-10,262,34568767281,1.957,,
past260,노잼노뎀벤져,cb07d5b18b59d3ac5698dedc7a69bb4a,2026-07-11,262,34568767281,1.957,,
past260,노잼노뎀벤져,cb07d5b18b59d3ac5698dedc7a69bb4a,2026-07-12,262,34568767281,1.957,2430404,
past260,노잼노뎀벤져,cb07d5b18b59d3ac5698dedc7a69bb4a,2026-07-13,262,34568767281,1.957,,
past260,노잼노뎀벤져,cb07d5b18b59d3ac5698dedc7a69bb4a,2026-07-14,262,34568767281,1.957,,
past260,노잼노뎀벤져,cb07d5b18b59d3ac5698dedc7a69bb4a,2026-07-15,262,34568767281,1.957,,
past260,노잼노뎀벤져,cb07d5b18b59d3ac5698dedc7a69bb4a,2026-07-16,262,34568767281,1.957,,
past260,노잼노뎀벤져,cb07d5b18b59d3ac5698dedc7a69bb4a,2026-07-17,262,34568767281,1.957,,
past260,노잼노뎀벤져,cb07d5b18b59d3ac5698dedc7a69bb4a,2026-07-18,262,34568767281,1.957,,
past260,노잼노뎀벤져,cb07d5b18b59d3ac5698dedc7a69bb4a,2026-07-19,262,34568767281,1.957,,
past260,노잼노뎀벤져,cb07d5b18b59d3ac5698dedc7a69bb4a,2026-07-20,262,34568767281,1.957,2430404,
past260,노잼노뎀벤져,cb07d5b18b59d3ac5698dedc7a69bb4a,2026-07-21,262,34568767281,1.957,,
past260,노잼노뎀벤져,cb07d5b18b59d3ac5698dedc7a69bb4a,2026-07-22,262,34568767281,1.957,,
past260,조서현시치,32201e38b8a8123c66dee7f52f84dcf9,2026-06-18,262,48598048000,2.751,5248626,
past260,조서현시치,32201e38b8a8123c66dee7f52f84dcf9,2026-06-19,262,48598048000,2.751,,
past260,조서현시치,32201e38b8a8123c66dee7f52f84dcf9,2026-06-20,262,48598048000,2.751,,
past260,조서현시치,32201e38b8a8123c66dee7f52f84dcf9,2026-06-21,262,48598048000,2.751,,
past260,조서현시치,32201e38b8a8123c66dee7f52f84dcf9,2026-06-22,262,48598048000,2.751,,
past260,조서현시치,32201e38b8a8123c66dee7f52f84dcf9,2026-06-23,262,48598048000,2.751,,
past260,조서현시치,32201e38b8a8123c66dee7f52f84dcf9,2026-06-24,262,48598048000,2.751,,
past260,조서현시치,32201e38b8a8123c66dee7f52f84dcf9,2026-06-25,262,48598048000,2.751,,
past260,조서현시치,32201e38b8a8123c66dee7f52f84dcf9,2026-06-26,262,48598048000,2.751,5248626,
past260,조서현시치,32201e38b8a8123c66dee7f52f84dcf9,2026-06-27,262,48598048000,2.751,,
past260,조서현시치,32201e38b8a8123c66dee7f52f84dcf9,2026-06-28,262,48598048000,2.751,,
past260,조서현시치,32201e38b8a8123c66dee7f52f84dcf9,2026-06-29,262,48598048000,2.751,,
past260,조서현시치,32201e38b8a8123c66dee7f52f84dcf9,2026-06-30,262,48598048000,2.751,,
past260,조서현시치,32201e38b8a8123c66dee7f52f84dcf9,2026-07-01,262,48598048000,2.751,,
past260,조서현시치,32201e38b8a8123c66dee7f52f84dcf9,2026-07-02,262,48598048000,2.751,,
past260,조서현시치,32201e38b8a8123c66dee7f52f84dcf9,2026-07-03,262,48598048000,2.751,,
past260,조서현시치,32201e38b8a8123c66dee7f52f84dcf9,2026-07-04,262,48598048000,2.751,5248626,
past260,조서현시치,32201e38b8a8123c66dee7f52f84dcf9,2026-07-05,262,48598048000,2.751,,
past260,조서현시치,32201e38b8a8123c66dee7f52f84dcf9,2026-07-06,262,48598048000,2.751,,
past260,조서현시치,32201e38b8a8123c66dee7f52f84dcf9,2026-07-07,262,48598048000,2.751,,
past260,조서현시치,32201e38b8a8123c66dee7f52f84dcf9,2026-07-08,262,48598048000,2.751,,
past260,조서현시치,32201e38b8a8123c66dee7f52f84dcf9,2026-07-09,262,48598048000,2.751,,
past260,조서현시치,32201e38b8a8123c66dee7f52f84dcf9,2026-07-10,262,48598048000,2.751,,
past260,조서현시치,32201e38b8a8123c66dee7f52f84dcf9,2026-07-11,262,48598048000,2.751,,
past260,조서현시치,32201e38b8a8123c66dee7f52f84dcf9,2026-07-12,262,48598048000,2.751,5248626,
past260,조서현시치,32201e38b8a8123c66dee7f52f84dcf9,2026-07-13,262,48598048000,2.751,,
past260,조서현시치,32201e38b8a8123c66dee7f52f84dcf9,2026-07-14,262,48598048000,2.751,,
past260,조서현시치,32201e38b8a8123c66dee7f52f84dcf9,2026-07-15,262,48598048000,2.751,,
past260,조서현시치,32201e38b8a8123c66dee7f52f84dcf9,2026-07-16,262,48598048000,2.751,,
past260,조서현시치,32201e38b8a8123c66dee7f52f84dcf9,2026-07-17,262,48598048000,2.751,,
past260,조서현시치,32201e38b8a8123c66dee7f52f84dcf9,2026-07-18,262,48598048000,2.751,,
past260,조서현시치,32201e38b8a8123c66dee7f52f84dcf9,2026-07-19,262,48598048000,2.751,,
past260,조서현시치,32201e38b8a8123c66dee7f52f84dcf9,2026-07-20,262,48598048000,2.751,5248626,
past260,조서현시치,32201e38b8a8123c66dee7f52f84dcf9,2026-07-21,262,48598048000,2.751,,
past260,조서현시치,32201e38b8a8123c66dee7f52f84dcf9,2026-07-22,262,48598048000,2.751,,
past260,웅이좋아해요,be580f4efebd9ec2609b645b7a0cee5a,2026-06-18,262,40098175189,2.270,22732795,
past260,웅이좋아해요,be580f4efebd9ec2609b645b7a0cee5a,2026-06-19,262,40098175189,2.270,,
past260,웅이좋아해요,be580f4efebd9ec2609b645b7a0cee5a,2026-06-20,262,40098175189,2.270,,
past260,웅이좋아해요,be580f4efebd9ec2609b645b7a0cee5a,2026-06-21,262,40098175189,2.270,,
past260,웅이좋아해요,be580f4efebd9ec2609b645b7a0cee5a,2026-06-22,262,40098175189,2.270,,
past260,웅이좋아해요,be580f4efebd9ec2609b645b7a0cee5a,2026-06-23,262,40098175189,2.270,,
past260,웅이좋아해요,be580f4efebd9ec2609b645b7a0cee5a,2026-06-24,262,40098175189,2.270,,
past260,웅이좋아해요,be580f4efebd9ec2609b645b7a0cee5a,2026-06-25,262,40098175189,2.270,,
past260,웅이좋아해요,be580f4efebd9ec2609b645b7a0cee5a,2026-06-26,262,40098175189,2.270,22732795,
past260,웅이좋아해요,be580f4efebd9ec2609b645b7a0cee5a,2026-06-27,262,40098175189,2.270,,
past260,웅이좋아해요,be580f4efebd9ec2609b645b7a0cee5a,2026-06-28,262,40098175189,2.270,,
past260,웅이좋아해요,be580f4efebd9ec2609b645b7a0cee5a,2026-06-29,262,40098175189,2.270,,
past260,웅이좋아해요,be580f4efebd9ec2609b645b7a0cee5a,2026-06-30,262,40098175189,2.270,,
past260,웅이좋아해요,be580f4efebd9ec2609b645b7a0cee5a,2026-07-01,262,40098175189,2.270,,
past260,웅이좋아해요,be580f4efebd9ec2609b645b7a0cee5a,2026-07-02,262,40098175189,2.270,,
past260,웅이좋아해요,be580f4efebd9ec2609b645b7a0cee5a,2026-07-03,262,40098175189,2.270,,
past260,웅이좋아해요,be580f4efebd9ec2609b645b7a0cee5a,2026-07-04,262,40098175189,2.270,22732795,
past260,웅이좋아해요,be580f4efebd9ec2609b645b7a0cee5a,2026-07-05,262,40098175189,2.270,,
past260,웅이좋아해요,be580f4efebd9ec2609b645b7a0cee5a,2026-07-06,262,40098175189,2.270,,
past260,웅이좋아해요,be580f4efebd9ec2609b645b7a0cee5a,2026-07-07,262,40098175189,2.270,,
past260,웅이좋아해요,be580f4efebd9ec2609b645b7a0cee5a,2026-07-08,262,40098175189,2.270,,
past260,웅이좋아해요,be580f4efebd9ec2609b645b7a0cee5a,2026-07-09,262,40098175189,2.270,,
past260,웅이좋아해요,be580f4efebd9ec2609b645b7a0cee5a,2026-07-10,262,40098175189,2.270,,
past260,웅이좋아해요,be580f4efebd9ec2609b645b7a0cee5a,2026-07-11,262,40098175189,2.270,,
past260,웅이좋아해요,be580f4efebd9ec2609b645b7a0cee5a,2026-07-12,262,40098175189,2.270,22732795,
past260,웅이좋아해요,be580f4efebd9ec2609b645b7a0cee5a,2026-07-13,262,40098175189,2.270,,
past260,웅이좋아해요,be580f4efebd9ec2609b645b7a0cee5a,2026-07-14,262,40098175189,2.270,,
past260,웅이좋아해요,be580f4efebd9ec2609b645b7a0cee5a,2026-07-15,262,40098175189,2.270,,
past260,웅이좋아해요,be580f4efebd9ec2609b645b7a0cee5a,2026-07-16,262,40098175189,2.270,,
past260,웅이좋아해요,be580f4efebd9ec2609b645b7a0cee5a,2026-07-17,262,40098175189,2.270,,
past260,웅이좋아해요,be580f4efebd9ec2609b645b7a0cee5a,2026-07-18,262,40098175189,2.270,,
past260,웅이좋아해요,be580f4efebd9ec2609b645b7a0cee5a,2026-07-19,262,40098175189,2.270,,
past260,웅이좋아해요,be580f4efebd9ec2609b645b7a0cee5a,2026-07-20,262,40098175189,2.270,22732795,
past260,웅이좋아해요,be580f4efebd9ec2609b645b7a0cee5a,2026-07-21,262,40098175189,2.270,,
past260,웅이좋아해요,be580f4efebd9ec2609b645b7a0cee5a,2026-07-22,262,40098175189,2.270,,
past260,뇽루피,798b4448ff8d6d24c3328dc80b1f7a64efe8d04e6d233bd35cf2fabdeb93fb0d,2026-06-18,262,36447694244,2.063,10238266,
past260,뇽루피,798b4448ff8d6d24c3328dc80b1f7a64efe8d04e6d233bd35cf2fabdeb93fb0d,2026-06-19,262,36447694244,2.063,,
past260,뇽루피,798b4448ff8d6d24c3328dc80b1f7a64efe8d04e6d233bd35cf2fabdeb93fb0d,2026-06-20,262,36447694244,2.063,,
past260,뇽루피,798b4448ff8d6d24c3328dc80b1f7a64efe8d04e6d233bd35cf2fabdeb93fb0d,2026-06-21,262,36447694244,2.063,,
past260,뇽루피,798b4448ff8d6d24c3328dc80b1f7a64efe8d04e6d233bd35cf2fabdeb93fb0d,2026-06-22,262,36447694244,2.063,,
past260,뇽루피,798b4448ff8d6d24c3328dc80b1f7a64efe8d04e6d233bd35cf2fabdeb93fb0d,2026-06-23,262,36447694244,2.063,,
past260,뇽루피,798b4448ff8d6d24c3328dc80b1f7a64efe8d04e6d233bd35cf2fabdeb93fb0d,2026-06-24,262,36447694244,2.063,,
past260,뇽루피,798b4448ff8d6d24c3328dc80b1f7a64efe8d04e6d233bd35cf2fabdeb93fb0d,2026-06-25,262,36447694244,2.063,,
past260,뇽루피,798b4448ff8d6d24c3328dc80b1f7a64efe8d04e6d233bd35cf2fabdeb93fb0d,2026-06-26,262,36447694244,2.063,10238266,
past260,뇽루피,798b4448ff8d6d24c3328dc80b1f7a64efe8d04e6d233bd35cf2fabdeb93fb0d,2026-06-27,262,36447694244,2.063,,
past260,뇽루피,798b4448ff8d6d24c3328dc80b1f7a64efe8d04e6d233bd35cf2fabdeb93fb0d,2026-06-28,262,36447694244,2.063,,
past260,뇽루피,798b4448ff8d6d24c3328dc80b1f7a64efe8d04e6d233bd35cf2fabdeb93fb0d,2026-06-29,262,36447694244,2.063,,
past260,뇽루피,798b4448ff8d6d24c3328dc80b1f7a64efe8d04e6d233bd35cf2fabdeb93fb0d,2026-06-30,262,36447694244,2.063,,
past260,뇽루피,798b4448ff8d6d24c3328dc80b1f7a64efe8d04e6d233bd35cf2fabdeb93fb0d,2026-07-01,262,36447694244,2.063,,
past260,뇽루피,798b4448ff8d6d24c3328dc80b1f7a64efe8d04e6d233bd35cf2fabdeb93fb0d,2026-07-02,262,36447694244,2.063,,
past260,뇽루피,798b4448ff8d6d24c3328dc80b1f7a64efe8d04e6d233bd35cf2fabdeb93fb0d,2026-07-03,262,36447694244,2.063,,
past260,뇽루피,798b4448ff8d6d24c3328dc80b1f7a64efe8d04e6d233bd35cf2fabdeb93fb0d,2026-07-04,262,36447694244,2.063,10238266,
past260,뇽루피,798b4448ff8d6d24c3328dc80b1f7a64efe8d04e6d233bd35cf2fabdeb93fb0d,2026-07-05,262,36447694244,2.063,,
past260,뇽루피,798b4448ff8d6d24c3328dc80b1f7a64efe8d04e6d233bd35cf2fabdeb93fb0d,2026-07-06,262,36447694244,2.063,,
past260,뇽루피,798b4448ff8d6d24c3328dc80b1f7a64efe8d04e6d233bd35cf2fabdeb93fb0d,2026-07-07,262,36447694244,2.063,,
past260,뇽루피,798b4448ff8d6d24c3328dc80b1f7a64efe8d04e6d233bd35cf2fabdeb93fb0d,2026-07-08,262,36447694244,2.063,,
past260,뇽루피,798b4448ff8d6d24c3328dc80b1f7a64efe8d04e6d233bd35cf2fabdeb93fb0d,2026-07-09,262,36447694244,2.063,,
past260,뇽루피,798b4448ff8d6d24c3328dc80b1f7a64efe8d04e6d233bd35cf2fabdeb93fb0d,2026-07-10,262,36447694244,2.063,,
past260,뇽루피,798b4448ff8d6d24c3328dc80b1f7a64efe8d04e6d233bd35cf2fabdeb93fb0d,2026-07-11,262,36447694244,2.063,,
past260,뇽루피,798b4448ff8d6d24c3328dc80b1f7a64efe8d04e6d233bd35cf2fabdeb93fb0d,2026-07-12,262,36447694244,2.063,10238266,
past260,뇽루피,798b4448ff8d6d24c3328dc80b1f7a64efe8d04e6d233bd35cf2fabdeb93fb0d,2026-07-13,262,36447694244,2.063,,
past260,뇽루피,798b4448ff8d6d24c3328dc80b1f7a64efe8d04e6d233bd35cf2fabdeb93fb0d,2026-07-14,262,36447694244,2.063,,
past260,뇽루피,798b4448ff8d6d24c3328dc80b1f7a64efe8d04e6d233bd35cf2fabdeb93fb0d,2026-07-15,262,36447694244,2.063,,
past260,뇽루피,798b4448ff8d6d24c3328dc80b1f7a64efe8d04e6d233bd35cf2fabdeb93fb0d,2026-07-16,262,36447694244,2.063,,
past260,뇽루피,798b4448ff8d6d24c3328dc80b1f7a64efe8d04e6d233bd35cf2fabdeb93fb0d,2026-07-17,262,36447694244,2.063,,
past260,뇽루피,798b4448ff8d6d24c3328dc80b1f7a64efe8d04e6d233bd35cf2fabdeb93fb0d,2026-07-18,262,36447694244,2.063,,
past260,뇽루피,798b4448ff8d6d24c3328dc80b1f7a64efe8d04e6d233bd35cf2fabdeb93fb0d,2026-07-19,262,36447694244,2.063,,
past260,뇽루피,798b4448ff8d6d24c3328dc80b1f7a64efe8d04e6d233bd35cf2fabdeb93fb0d,2026-07-20,262,36447694244,2.063,10238266,
past260,뇽루피,798b4448ff8d6d24c3328dc80b1f7a64efe8d04e6d233bd35cf2fabdeb93fb0d,2026-07-21,262,36447694244,2.063,,
past260,뇽루피,798b4448ff8d6d24c3328dc80b1f7a64efe8d04e6d233bd35cf2fabdeb93fb0d,2026-07-22,262,36447694244,2.063,,
past260,매화징규,240d0481f2864e14c1e544ece2af2788efe8d04e6d233bd35cf2fabdeb93fb0d,2026-06-18,262,18685884544,1.058,1788317,
past260,매화징규,240d0481f2864e14c1e544ece2af2788efe8d04e6d233bd35cf2fabdeb93fb0d,2026-06-19,262,18685884544,1.058,,
past260,매화징규,240d0481f2864e14c1e544ece2af2788efe8d04e6d233bd35cf2fabdeb93fb0d,2026-06-20,262,18685884544,1.058,,
past260,매화징규,240d0481f2864e14c1e544ece2af2788efe8d04e6d233bd35cf2fabdeb93fb0d,2026-06-21,262,18685884544,1.058,,
past260,매화징규,240d0481f2864e14c1e544ece2af2788efe8d04e6d233bd35cf2fabdeb93fb0d,2026-06-22,262,18685884544,1.058,,
past260,매화징규,240d0481f2864e14c1e544ece2af2788efe8d04e6d233bd35cf2fabdeb93fb0d,2026-06-23,262,18685884544,1.058,,
past260,매화징규,240d0481f2864e14c1e544ece2af2788efe8d04e6d233bd35cf2fabdeb93fb0d,2026-06-24,262,18685884544,1.058,,
past260,매화징규,240d0481f2864e14c1e544ece2af2788efe8d04e6d233bd35cf2fabdeb93fb0d,2026-06-25,262,18685884544,1.058,,
past260,매화징규,240d0481f2864e14c1e544ece2af2788efe8d04e6d233bd35cf2fabdeb93fb0d,2026-06-26,262,18685884544,1.058,1788317,
past260,매화징규,240d0481f2864e14c1e544ece2af2788efe8d04e6d233bd35cf2fabdeb93fb0d,2026-06-27,262,18685884544,1.058,,
past260,매화징규,240d0481f2864e14c1e544ece2af2788efe8d04e6d233bd35cf2fabdeb93fb0d,2026-06-28,262,18685884544,1.058,,
past260,매화징규,240d0481f2864e14c1e544ece2af2788efe8d04e6d233bd35cf2fabdeb93fb0d,2026-06-29,262,18685884544,1.058,,
past260,매화징규,240d0481f2864e14c1e544ece2af2788efe8d04e6d233bd35cf2fabdeb93fb0d,2026-06-30,262,18685884544,1.058,,
past260,매화징규,240d0481f2864e14c1e544ece2af2788efe8d04e6d233bd35cf2fabdeb93fb0d,2026-07-01,262,18685884544,1.058,,
past260,매화징규,240d0481f2864e14c1e544ece2af2788efe8d04e6d233bd35cf2fabdeb93fb0d,2026-07-02,262,18685884544,1.058,,
past260,매화징규,240d0481f2864e14c1e544ece2af2788efe8d04e6d233bd35cf2fabdeb93fb0d,2026-07-03,262,18685884544,1.058,,
past260,매화징규,240d0481f2864e14c1e544ece2af2788efe8d04e6d233bd35cf2fabdeb93fb0d,2026-07-04,262,18685884544,1.058,1788317,
past260,매화징규,240d0481f2864e14c1e544ece2af2788efe8d04e6d233bd35cf2fabdeb93fb0d,2026-07-05,262,18685884544,1.058,,
past260,매화징규,240d0481f2864e14c1e544ece2af2788efe8d04e6d233bd35cf2fabdeb93fb0d,2026-07-06,262,18685884544,1.058,,
past260,매화징규,240d0481f2864e14c1e544ece2af2788efe8d04e6d233bd35cf2fabdeb93fb0d,2026-07-07,262,18685884544,1.058,,
past260,매화징규,240d0481f2864e14c1e544ece2af2788efe8d04e6d233bd35cf2fabdeb93fb0d,2026-07-08,262,18685884544,1.058,,
past260,매화징규,240d0481f2864e14c1e544ece2af2788efe8d04e6d233bd35cf2fabdeb93fb0d,2026-07-09,262,18685884544,1.058,,
past260,매화징규,240d0481f2864e14c1e544ece2af2788efe8d04e6d233bd35cf2fabdeb93fb0d,2026-07-10,262,18685884544,1.058,,
past260,매화징규,240d0481f2864e14c1e544ece2af2788efe8d04e6d233bd35cf2fabdeb93fb0d,2026-07-11,262,18685884544,1.058,,
past260,매화징규,240d0481f2864e14c1e544ece2af2788efe8d04e6d233bd35cf2fabdeb93fb0d,2026-07-12,262,18685884544,1.058,1788317,
past260,매화징규,240d0481f2864e14c1e544ece2af2788efe8d04e6d233bd35cf2fabdeb93fb0d,2026-07-13,262,18685884544,1.058,,
past260,매화징규,240d0481f2864e14c1e544ece2af2788efe8d04e6d233bd35cf2fabdeb93fb0d,2026-07-14,262,18685884544,1.058,,
past260,매화징규,240d0481f2864e14c1e544ece2af2788efe8d04e6d233bd35cf2fabdeb93fb0d,2026-07-15,262,18685884544,1.058,,
past260,매화징규,240d0481f2864e14c1e544ece2af2788efe8d04e6d233bd35cf2fabdeb93fb0d,2026-07-16,262,18685884544,1.058,,
past260,매화징규,240d0481f2864e14c1e544ece2af2788efe8d04e6d233bd35cf2fabdeb93fb0d,2026-07-17,262,18685884544,1.058,,
past260,매화징규,240d0481f2864e14c1e544ece2af2788efe8d04e6d233bd35cf2fabdeb93fb0d,2026-07-18,262,18685884544,1.058,,
past260,매화징규,240d0481f2864e14c1e544ece2af2788efe8d04e6d233bd35cf2fabdeb93fb0d,2026-07-19,262,18685884544,1.058,,
past260,매화징규,240d0481f2864e14c1e544ece2af2788efe8d04e6d233bd35cf2fabdeb93fb0d,2026-07-20,262,18685884544,1.058,1788317,
past260,매화징규,240d0481f2864e14c1e544ece2af2788efe8d04e6d233bd35cf2fabdeb93fb0d,2026-07-21,262,18685884544,1.058,,
past260,매화징규,240d0481f2864e14c1e544ece2af2788efe8d04e6d233bd35cf2fabdeb93fb0d,2026-07-22,262,18685884544,1.058,,
past260,째이맘,8dd2251732512d3429e5a12d8b6641163663933da92e7566c55104ec9ac2894d,2026-06-18,262,50142555721,2.838,0,
past260,째이맘,8dd2251732512d3429e5a12d8b6641163663933da92e7566c55104ec9ac2894d,2026-06-19,262,50142555721,2.838,,
past260,째이맘,8dd2251732512d3429e5a12d8b6641163663933da92e7566c55104ec9ac2894d,2026-06-20,262,50142555721,2.838,,
past260,째이맘,8dd2251732512d3429e5a12d8b6641163663933da92e7566c55104ec9ac2894d,2026-06-21,262,50142555721,2.838,,
past260,째이맘,8dd2251732512d3429e5a12d8b6641163663933da92e7566c55104ec9ac2894d,2026-06-22,262,50142555721,2.838,,
past260,째이맘,8dd2251732512d3429e5a12d8b6641163663933da92e7566c55104ec9ac2894d,2026-06-23,262,50142555721,2.838,,
past260,째이맘,8dd2251732512d3429e5a12d8b6641163663933da92e7566c55104ec9ac2894d,2026-06-24,262,50142555721,2.838,,
past260,째이맘,8dd2251732512d3429e5a12d8b6641163663933da92e7566c55104ec9ac2894d,2026-06-25,262,50142555721,2.838,,
past260,째이맘,8dd2251732512d3429e5a12d8b6641163663933da92e7566c55104ec9ac2894d,2026-06-26,262,50142555721,2.838,0,
past260,째이맘,8dd2251732512d3429e5a12d8b6641163663933da92e7566c55104ec9ac2894d,2026-06-27,262,50142555721,2.838,,
past260,째이맘,8dd2251732512d3429e5a12d8b6641163663933da92e7566c55104ec9ac2894d,2026-06-28,262,50142555721,2.838,,
past260,째이맘,8dd2251732512d3429e5a12d8b6641163663933da92e7566c55104ec9ac2894d,2026-06-29,262,50142555721,2.838,,
past260,째이맘,8dd2251732512d3429e5a12d8b6641163663933da92e7566c55104ec9ac2894d,2026-06-30,262,50142555721,2.838,,
past260,째이맘,8dd2251732512d3429e5a12d8b6641163663933da92e7566c55104ec9ac2894d,2026-07-01,262,50142555721,2.838,,
past260,째이맘,8dd2251732512d3429e5a12d8b6641163663933da92e7566c55104ec9ac2894d,2026-07-02,262,50142555721,2.838,,
past260,째이맘,8dd2251732512d3429e5a12d8b6641163663933da92e7566c55104ec9ac2894d,2026-07-03,262,50142555721,2.838,,
past260,째이맘,8dd2251732512d3429e5a12d8b6641163663933da92e7566c55104ec9ac2894d,2026-07-04,262,50142555721,2.838,0,
past260,째이맘,8dd2251732512d3429e5a12d8b6641163663933da92e7566c55104ec9ac2894d,2026-07-05,262,50142555721,2.838,,
past260,째이맘,8dd2251732512d3429e5a12d8b6641163663933da92e7566c55104ec9ac2894d,2026-07-06,262,50142555721,2.838,,
past260,째이맘,8dd2251732512d3429e5a12d8b6641163663933da92e7566c55104ec9ac2894d,2026-07-07,262,50142555721,2.838,,
past260,째이맘,8dd2251732512d3429e5a12d8b6641163663933da92e7566c55104ec9ac2894d,2026-07-08,262,50142555721,2.838,,
past260,째이맘,8dd2251732512d3429e5a12d8b6641163663933da92e7566c55104ec9ac2894d,2026-07-09,262,50142555721,2.838,,
past260,째이맘,8dd2251732512d3429e5a12d8b6641163663933da92e7566c55104ec9ac2894d,2026-07-10,262,50142555721,2.838,,
past260,째이맘,8dd2251732512d3429e5a12d8b6641163663933da92e7566c55104ec9ac2894d,2026-07-11,262,50142555721,2.838,,
past260,째이맘,8dd2251732512d3429e5a12d8b6641163663933da92e7566c55104ec9ac2894d,2026-07-12,262,50142555721,2.838,0,
past260,째이맘,8dd2251732512d3429e5a12d8b6641163663933da92e7566c55104ec9ac2894d,2026-07-13,262,50142555721,2.838,,
past260,째이맘,8dd2251732512d3429e5a12d8b6641163663933da92e7566c55104ec9ac2894d,2026-07-14,262,50142555721,2.838,,
past260,째이맘,8dd2251732512d3429e5a12d8b6641163663933da92e7566c55104ec9ac2894d,2026-07-15,262,50142555721,2.838,,
past260,째이맘,8dd2251732512d3429e5a12d8b6641163663933da92e7566c55104ec9ac2894d,2026-07-16,262,50142555721,2.838,,
past260,째이맘,8dd2251732512d3429e5a12d8b6641163663933da92e7566c55104ec9ac2894d,2026-07-17,262,50142555721,2.838,,
past260,째이맘,8dd2251732512d3429e5a12d8b6641163663933da92e7566c55104ec9ac2894d,2026-07-18,262,50142555721,2.838,,
past260,째이맘,8dd2251732512d3429e5a12d8b6641163663933da92e7566c55104ec9ac2894d,2026-07-19,262,50142555721,2.838,,
past260,째이맘,8dd2251732512d3429e5a12d8b6641163663933da92e7566c55104ec9ac2894d,2026-07-20,262,50142555721,2.838,0,
past260,째이맘,8dd2251732512d3429e5a12d8b6641163663933da92e7566c55104ec9ac2894d,2026-07-21,262,50142555721,2.838,,
past260,째이맘,8dd2251732512d3429e5a12d8b6641163663933da92e7566c55104ec9ac2894d,2026-07-22,262,50142555721,2.838,,
past260,나사실파이리,c461e510599c044e02ed8d91de6a5bc6,2026-06-18,262,25073093422,1.419,11273485,
past260,나사실파이리,c461e510599c044e02ed8d91de6a5bc6,2026-06-19,262,25073093422,1.419,,
past260,나사실파이리,c461e510599c044e02ed8d91de6a5bc6,2026-06-20,262,25073093422,1.419,,
past260,나사실파이리,c461e510599c044e02ed8d91de6a5bc6,2026-06-21,262,25073093422,1.419,,
past260,나사실파이리,c461e510599c044e02ed8d91de6a5bc6,2026-06-22,262,25073093422,1.419,,
past260,나사실파이리,c461e510599c044e02ed8d91de6a5bc6,2026-06-23,262,25073093422,1.419,,
past260,나사실파이리,c461e510599c044e02ed8d91de6a5bc6,2026-06-24,262,25073093422,1.419,,
past260,나사실파이리,c461e510599c044e02ed8d91de6a5bc6,2026-06-25,262,25073093422,1.419,,
past260,나사실파이리,c461e510599c044e02ed8d91de6a5bc6,2026-06-26,262,25073093422,1.419,11273485,
past260,나사실파이리,c461e510599c044e02ed8d91de6a5bc6,2026-06-27,262,25073093422,1.419,,
past260,나사실파이리,c461e510599c044e02ed8d91de6a5bc6,2026-06-28,262,25073093422,1.419,,
past260,나사실파이리,c461e510599c044e02ed8d91de6a5bc6,2026-06-29,262,25073093422,1.419,,
past260,나사실파이리,c461e510599c044e02ed8d91de6a5bc6,2026-06-30,262,25073093422,1.419,,
past260,나사실파이리,c461e510599c044e02ed8d91de6a5bc6,2026-07-01,262,25073093422,1.419,,
past260,나사실파이리,c461e510599c044e02ed8d91de6a5bc6,2026-07-02,262,25073093422,1.419,,
past260,나사실파이리,c461e510599c044e02ed8d91de6a5bc6,2026-07-03,262,25073093422,1.419,,
past260,나사실파이리,c461e510599c044e02ed8d91de6a5bc6,2026-07-04,262,25073093422,1.419,11273485,
past260,나사실파이리,c461e510599c044e02ed8d91de6a5bc6,2026-07-05,262,25073093422,1.419,,
past260,나사실파이리,c461e510599c044e02ed8d91de6a5bc6,2026-07-06,262,25073093422,1.419,,
past260,나사실파이리,c461e510599c044e02ed8d91de6a5bc6,2026-07-07,262,25073093422,1.419,,
past260,나사실파이리,c461e510599c044e02ed8d91de6a5bc6,2026-07-08,262,25073093422,1.419,,
past260,나사실파이리,c461e510599c044e02ed8d91de6a5bc6,2026-07-09,262,25073093422,1.419,,
past260,나사실파이리,c461e510599c044e02ed8d91de6a5bc6,2026-07-10,262,25073093422,1.419,,
past260,나사실파이리,c461e510599c044e02ed8d91de6a5bc6,2026-07-11,262,25073093422,1.419,,
past260,나사실파이리,c461e510599c044e02ed8d91de6a5bc6,2026-07-12,262,25073093422,1.419,11273485,
past260,나사실파이리,c461e510599c044e02ed8d91de6a5bc6,2026-07-13,262,25073093422,1.419,,
past260,나사실파이리,c461e510599c044e02ed8d91de6a5bc6,2026-07-14,262,25073093422,1.419,,
past260,나사실파이리,c461e510599c044e02ed8d91de6a5bc6,2026-07-15,262,25073093422,1.419,,
past260,나사실파이리,c461e510599c044e02ed8d91de6a5bc6,2026-07-16,262,25073093422,1.419,,
past260,나사실파이리,c461e510599c044e02ed8d91de6a5bc6,2026-07-17,262,25073093422,1.419,,
past260,나사실파이리,c461e510599c044e02ed8d91de6a5bc6,2026-07-18,262,25073093422,1.419,,
past260,나사실파이리,c461e510599c044e02ed8d91de6a5bc6,2026-07-19,262,25073093422,1.419,,
past260,나사실파이리,c461e510599c044e02ed8d91de6a5bc6,2026-07-20,262,25073093422,1.419,11273485,
past260,나사실파이리,c461e510599c044e02ed8d91de6a5bc6,2026-07-21,262,25073093422,1.419,,
past260,나사실파이리,c461e510599c044e02ed8d91de6a5bc6,2026-07-22,262,25073093422,1.419,,
past260,메이뚜란,e8c9b6e7072bc6cf35e42f8fe3aa5620,2026-06-18,262,35256033707,1.996,11503300,
past260,메이뚜란,e8c9b6e7072bc6cf35e42f8fe3aa5620,2026-06-19,262,35256033707,1.996,,
past260,메이뚜란,e8c9b6e7072bc6cf35e42f8fe3aa5620,2026-06-20,262,35256033707,1.996,,
past260,메이뚜란,e8c9b6e7072bc6cf35e42f8fe3aa5620,2026-06-21,262,35256033707,1.996,,
past260,메이뚜란,e8c9b6e7072bc6cf35e42f8fe3aa5620,2026-06-22,262,35256033707,1.996,,
past260,메이뚜란,e8c9b6e7072bc6cf35e42f8fe3aa5620,2026-06-23,262,35256033707,1.996,,
past260,메이뚜란,e8c9b6e7072bc6cf35e42f8fe3aa5620,2026-06-24,262,35256033707,1.996,,
past260,메이뚜란,e8c9b6e7072bc6cf35e42f8fe3aa5620,2026-06-25,262,35256033707,1.996,,
past260,메이뚜란,e8c9b6e7072bc6cf35e42f8fe3aa5620,2026-06-26,262,35256033707,1.996,11503300,
past260,메이뚜란,e8c9b6e7072bc6cf35e42f8fe3aa5620,2026-06-27,262,35256033707,1.996,,
past260,메이뚜란,e8c9b6e7072bc6cf35e42f8fe3aa5620,2026-06-28,262,35256033707,1.996,,
past260,메이뚜란,e8c9b6e7072bc6cf35e42f8fe3aa5620,2026-06-29,262,35256033707,1.996,,
past260,메이뚜란,e8c9b6e7072bc6cf35e42f8fe3aa5620,2026-06-30,262,35256033707,1.996,,
past260,메이뚜란,e8c9b6e7072bc6cf35e42f8fe3aa5620,2026-07-01,262,35256033707,1.996,,
past260,메이뚜란,e8c9b6e7072bc6cf35e42f8fe3aa5620,2026-07-02,262,35256033707,1.996,,
past260,메이뚜란,e8c9b6e7072bc6cf35e42f8fe3aa5620,2026-07-03,262,35256033707,1.996,,
past260,메이뚜란,e8c9b6e7072bc6cf35e42f8fe3aa5620,2026-07-04,262,35256033707,1.996,11503300,
past260,메이뚜란,e8c9b6e7072bc6cf35e42f8fe3aa5620,2026-07-05,262,35256033707,1.996,,
past260,메이뚜란,e8c9b6e7072bc6cf35e42f8fe3aa5620,2026-07-06,262,35256033707,1.996,,
past260,메이뚜란,e8c9b6e7072bc6cf35e42f8fe3aa5620,2026-07-07,262,35256033707,1.996,,
past260,메이뚜란,e8c9b6e7072bc6cf35e42f8fe3aa5620,2026-07-08,262,35256033707,1.996,,
past260,메이뚜란,e8c9b6e7072bc6cf35e42f8fe3aa5620,2026-07-09,262,35256033707,1.996,,
past260,메이뚜란,e8c9b6e7072bc6cf35e42f8fe3aa5620,2026-07-10,262,35256033707,1.996,,
past260,메이뚜란,e8c9b6e7072bc6cf35e42f8fe3aa5620,2026-07-11,262,35256033707,1.996,,
past260,메이뚜란,e8c9b6e7072bc6cf35e42f8fe3aa5620,2026-07-12,262,35256033707,1.996,11503300,
past260,메이뚜란,e8c9b6e7072bc6cf35e42f8fe3aa5620,2026-07-13,262,35256033707,1.996,,
past260,메이뚜란,e8c9b6e7072bc6cf35e42f8fe3aa5620,2026-07-14,262,35256033707,1.996,,
past260,메이뚜란,e8c9b6e7072bc6cf35e42f8fe3aa5620,2026-07-15,262,35256033707,1.996,,
past260,메이뚜란,e8c9b6e7072bc6cf35e42f8fe3aa5620,2026-07-16,262,35256033707,1.996,,
past260,메이뚜란,e8c9b6e7072bc6cf35e42f8fe3aa5620,2026-07-17,262,35256033707,1.996,,
past260,메이뚜란,e8c9b6e7072bc6cf35e42f8fe3aa5620,2026-07-18,262,35256033707,1.996,,
past260,메이뚜란,e8c9b6e7072bc6cf35e42f8fe3aa5620,2026-07-19,262,35256033707,1.996,,
past260,메이뚜란,e8c9b6e7072bc6cf35e42f8fe3aa5620,2026-07-20,262,35256033707,1.996,11503300,
past260,메이뚜란,e8c9b6e7072bc6cf35e42f8fe3aa5620,2026-07-21,262,35256033707,1.996,,
past260,메이뚜란,e8c9b6e7072bc6cf35e42f8fe3aa5620,2026-07-22,262,35256033707,1.996,,
past260,S2니트,48c281e161d3eca16a0a0e0418555483,2026-06-18,262,35999886439,2.038,9551697,
past260,S2니트,48c281e161d3eca16a0a0e0418555483,2026-06-19,262,35999886439,2.038,,
past260,S2니트,48c281e161d3eca16a0a0e0418555483,2026-06-20,262,35999886439,2.038,,
past260,S2니트,48c281e161d3eca16a0a0e0418555483,2026-06-21,262,35999886439,2.038,,
past260,S2니트,48c281e161d3eca16a0a0e0418555483,2026-06-22,262,35999886439,2.038,,
past260,S2니트,48c281e161d3eca16a0a0e0418555483,2026-06-23,262,35999886439,2.038,,
past260,S2니트,48c281e161d3eca16a0a0e0418555483,2026-06-24,262,35999886439,2.038,,
past260,S2니트,48c281e161d3eca16a0a0e0418555483,2026-06-25,262,35999886439,2.038,,
past260,S2니트,48c281e161d3eca16a0a0e0418555483,2026-06-26,262,35999886439,2.038,9551697,
past260,S2니트,48c281e161d3eca16a0a0e0418555483,2026-06-27,262,35999886439,2.038,,
past260,S2니트,48c281e161d3eca16a0a0e0418555483,2026-06-28,262,35999886439,2.038,,
past260,S2니트,48c281e161d3eca16a0a0e0418555483,2026-06-29,262,35999886439,2.038,,
past260,S2니트,48c281e161d3eca16a0a0e0418555483,2026-06-30,262,35999886439,2.038,,
past260,S2니트,48c281e161d3eca16a0a0e0418555483,2026-07-01,262,35999886439,2.038,,
past260,S2니트,48c281e161d3eca16a0a0e0418555483,2026-07-02,262,35999886439,2.038,,
past260,S2니트,48c281e161d3eca16a0a0e0418555483,2026-07-03,262,35999886439,2.038,,
past260,S2니트,48c281e161d3eca16a0a0e0418555483,2026-07-04,262,35999886439,2.038,9551697,
past260,S2니트,48c281e161d3eca16a0a0e0418555483,2026-07-05,262,35999886439,2.038,,
past260,S2니트,48c281e161d3eca16a0a0e0418555483,2026-07-06,262,35999886439,2.038,,
past260,S2니트,48c281e161d3eca16a0a0e0418555483,2026-07-07,262,35999886439,2.038,,
past260,S2니트,48c281e161d3eca16a0a0e0418555483,2026-07-08,262,35999886439,2.038,,
past260,S2니트,48c281e161d3eca16a0a0e0418555483,2026-07-09,262,35999886439,2.038,,
past260,S2니트,48c281e161d3eca16a0a0e0418555483,2026-07-10,262,35999886439,2.038,,
past260,S2니트,48c281e161d3eca16a0a0e0418555483,2026-07-11,262,35999886439,2.038,,
past260,S2니트,48c281e161d3eca16a0a0e0418555483,2026-07-12,262,35999886439,2.038,9551697,
past260,S2니트,48c281e161d3eca16a0a0e0418555483,2026-07-13,262,35999886439,2.038,,
past260,S2니트,48c281e161d3eca16a0a0e0418555483,2026-07-14,262,35999886439,2.038,,
past260,S2니트,48c281e161d3eca16a0a0e0418555483,2026-07-15,262,35999886439,2.038,,
past260,S2니트,48c281e161d3eca16a0a0e0418555483,2026-07-16,262,35999886439,2.038,,
past260,S2니트,48c281e161d3eca16a0a0e0418555483,2026-07-17,262,35999886439,2.038,,
past260,S2니트,48c281e161d3eca16a0a0e0418555483,2026-07-18,262,35999886439,2.038,,
past260,S2니트,48c281e161d3eca16a0a0e0418555483,2026-07-19,262,35999886439,2.038,,
past260,S2니트,48c281e161d3eca16a0a0e0418555483,2026-07-20,262,35999886439,2.038,9551697,
past260,S2니트,48c281e161d3eca16a0a0e0418555483,2026-07-21,262,35999886439,2.038,,
past260,S2니트,48c281e161d3eca16a0a0e0418555483,2026-07-22,262,35999886439,2.038,,
past260,퀀딤,13ea989ed152eaf3d1dfb13338d0b998,2026-06-18,262,39801772586,2.253,9195879,
past260,퀀딤,13ea989ed152eaf3d1dfb13338d0b998,2026-06-19,262,39801772586,2.253,,
past260,퀀딤,13ea989ed152eaf3d1dfb13338d0b998,2026-06-20,262,39801772586,2.253,,
past260,퀀딤,13ea989ed152eaf3d1dfb13338d0b998,2026-06-21,262,39801772586,2.253,,
past260,퀀딤,13ea989ed152eaf3d1dfb13338d0b998,2026-06-22,262,39801772586,2.253,,
past260,퀀딤,13ea989ed152eaf3d1dfb13338d0b998,2026-06-23,262,39801772586,2.253,,
past260,퀀딤,13ea989ed152eaf3d1dfb13338d0b998,2026-06-24,262,39801772586,2.253,,
past260,퀀딤,13ea989ed152eaf3d1dfb13338d0b998,2026-06-25,262,39801772586,2.253,,
past260,퀀딤,13ea989ed152eaf3d1dfb13338d0b998,2026-06-26,262,39801772586,2.253,9195879,
past260,퀀딤,13ea989ed152eaf3d1dfb13338d0b998,2026-06-27,262,39801772586,2.253,,
past260,퀀딤,13ea989ed152eaf3d1dfb13338d0b998,2026-06-28,262,39801772586,2.253,,
past260,퀀딤,13ea989ed152eaf3d1dfb13338d0b998,2026-06-29,262,39801772586,2.253,,
past260,퀀딤,13ea989ed152eaf3d1dfb13338d0b998,2026-06-30,262,39801772586,2.253,,
past260,퀀딤,13ea989ed152eaf3d1dfb13338d0b998,2026-07-01,262,39801772586,2.253,,
past260,퀀딤,13ea989ed152eaf3d1dfb13338d0b998,2026-07-02,262,39801772586,2.253,,
past260,퀀딤,13ea989ed152eaf3d1dfb13338d0b998,2026-07-03,262,39801772586,2.253,,
past260,퀀딤,13ea989ed152eaf3d1dfb13338d0b998,2026-07-04,262,39801772586,2.253,9195879,
past260,퀀딤,13ea989ed152eaf3d1dfb13338d0b998,2026-07-05,262,39801772586,2.253,,
past260,퀀딤,13ea989ed152eaf3d1dfb13338d0b998,2026-07-06,262,39801772586,2.253,,
past260,퀀딤,13ea989ed152eaf3d1dfb13338d0b998,2026-07-07,262,39801772586,2.253,,
past260,퀀딤,13ea989ed152eaf3d1dfb13338d0b998,2026-07-08,262,39801772586,2.253,,
past260,퀀딤,13ea989ed152eaf3d1dfb13338d0b998,2026-07-09,262,39801772586,2.253,,
past260,퀀딤,13ea989ed152eaf3d1dfb13338d0b998,2026-07-10,262,39801772586,2.253,,
past260,퀀딤,13ea989ed152eaf3d1dfb13338d0b998,2026-07-11,262,39801772586,2.253,,
past260,퀀딤,13ea989ed152eaf3d1dfb13338d0b998,2026-07-12,262,39801772586,2.253,9195879,
past260,퀀딤,13ea989ed152eaf3d1dfb13338d0b998,2026-07-13,262,39801772586,2.253,,
past260,퀀딤,13ea989ed152eaf3d1dfb13338d0b998,2026-07-14,262,39801772586,2.253,,
past260,퀀딤,13ea989ed152eaf3d1dfb13338d0b998,2026-07-15,262,39801772586,2.253,,
past260,퀀딤,13ea989ed152eaf3d1dfb13338d0b998,2026-07-16,262,39801772586,2.253,,
past260,퀀딤,13ea989ed152eaf3d1dfb13338d0b998,2026-07-17,262,39801772586,2.253,,
past260,퀀딤,13ea989ed152eaf3d1dfb13338d0b998,2026-07-18,262,39801772586,2.253,,
past260,퀀딤,13ea989ed152eaf3d1dfb13338d0b998,2026-07-19,262,39801772586,2.253,,
past260,퀀딤,13ea989ed152eaf3d1dfb13338d0b998,2026-07-20,262,39801772586,2.253,9195879,
past260,퀀딤,13ea989ed152eaf3d1dfb13338d0b998,2026-07-21,262,39801772586,2.253,,
past260,퀀딤,13ea989ed152eaf3d1dfb13338d0b998,2026-07-22,262,39801772586,2.253,,
past260,일단해미하일,774d61087696544e6aba63f8015bd423,2026-06-18,262,36649593525,2.074,6073712,
past260,일단해미하일,774d61087696544e6aba63f8015bd423,2026-06-19,262,36649593525,2.074,,
past260,일단해미하일,774d61087696544e6aba63f8015bd423,2026-06-20,262,36649593525,2.074,,
past260,일단해미하일,774d61087696544e6aba63f8015bd423,2026-06-21,262,36649593525,2.074,,
past260,일단해미하일,774d61087696544e6aba63f8015bd423,2026-06-22,262,36649593525,2.074,,
past260,일단해미하일,774d61087696544e6aba63f8015bd423,2026-06-23,262,36649593525,2.074,,
past260,일단해미하일,774d61087696544e6aba63f8015bd423,2026-06-24,262,36649593525,2.074,,
past260,일단해미하일,774d61087696544e6aba63f8015bd423,2026-06-25,262,36649593525,2.074,,
past260,일단해미하일,774d61087696544e6aba63f8015bd423,2026-06-26,262,36649593525,2.074,6073712,
past260,일단해미하일,774d61087696544e6aba63f8015bd423,2026-06-27,262,36649593525,2.074,,
past260,일단해미하일,774d61087696544e6aba63f8015bd423,2026-06-28,262,36649593525,2.074,,
past260,일단해미하일,774d61087696544e6aba63f8015bd423,2026-06-29,262,36649593525,2.074,,
past260,일단해미하일,774d61087696544e6aba63f8015bd423,2026-06-30,262,36649593525,2.074,,
past260,일단해미하일,774d61087696544e6aba63f8015bd423,2026-07-01,262,36649593525,2.074,,
past260,일단해미하일,774d61087696544e6aba63f8015bd423,2026-07-02,262,36649593525,2.074,,
past260,일단해미하일,774d61087696544e6aba63f8015bd423,2026-07-03,262,36649593525,2.074,,
past260,일단해미하일,774d61087696544e6aba63f8015bd423,2026-07-04,262,36649593525,2.074,6073712,
past260,일단해미하일,774d61087696544e6aba63f8015bd423,2026-07-05,262,36649593525,2.074,,
past260,일단해미하일,774d61087696544e6aba63f8015bd423,2026-07-06,262,36649593525,2.074,,
past260,일단해미하일,774d61087696544e6aba63f8015bd423,2026-07-07,262,36649593525,2.074,,
past260,일단해미하일,774d61087696544e6aba63f8015bd423,2026-07-08,262,36649593525,2.074,,
past260,일단해미하일,774d61087696544e6aba63f8015bd423,2026-07-09,262,36649593525,2.074,,
past260,일단해미하일,774d61087696544e6aba63f8015bd423,2026-07-10,262,36649593525,2.074,,
past260,일단해미하일,774d61087696544e6aba63f8015bd423,2026-07-11,262,36649593525,2.074,,
past260,일단해미하일,774d61087696544e6aba63f8015bd423,2026-07-12,262,36649593525,2.074,6073712,
past260,일단해미하일,774d61087696544e6aba63f8015bd423,2026-07-13,262,36649593525,2.074,,
past260,일단해미하일,774d61087696544e6aba63f8015bd423,2026-07-14,262,36649593525,2.074,,
past260,일단해미하일,774d61087696544e6aba63f8015bd423,2026-07-15,262,36649593525,2.074,,
past260,일단해미하일,774d61087696544e6aba63f8015bd423,2026-07-16,262,36649593525,2.074,,
past260,일단해미하일,774d61087696544e6aba63f8015bd423,2026-07-17,262,36649593525,2.074,,
past260,일단해미하일,774d61087696544e6aba63f8015bd423,2026-07-18,262,36649593525,2.074,,
past260,일단해미하일,774d61087696544e6aba63f8015bd423,2026-07-19,262,36649593525,2.074,,
past260,일단해미하일,774d61087696544e6aba63f8015bd423,2026-07-20,262,36649593525,2.074,6073712,
past260,일단해미하일,774d61087696544e6aba63f8015bd423,2026-07-21,262,36649593525,2.074,,
past260,일단해미하일,774d61087696544e6aba63f8015bd423,2026-07-22,262,36649593525,2.074,,
past260,메1슝2좍,a5e09d3e32d301b5d151d86c2f9cb032a2186d8e7cf7a6ee152d97cc78f2ae8b,2026-06-18,262,20821122990,1.179,0,
past260,메1슝2좍,a5e09d3e32d301b5d151d86c2f9cb032a2186d8e7cf7a6ee152d97cc78f2ae8b,2026-06-19,262,20821122990,1.179,,
past260,메1슝2좍,a5e09d3e32d301b5d151d86c2f9cb032a2186d8e7cf7a6ee152d97cc78f2ae8b,2026-06-20,262,20821122990,1.179,,
past260,메1슝2좍,a5e09d3e32d301b5d151d86c2f9cb032a2186d8e7cf7a6ee152d97cc78f2ae8b,2026-06-21,262,20821122990,1.179,,
past260,메1슝2좍,a5e09d3e32d301b5d151d86c2f9cb032a2186d8e7cf7a6ee152d97cc78f2ae8b,2026-06-22,262,20821122990,1.179,,
past260,메1슝2좍,a5e09d3e32d301b5d151d86c2f9cb032a2186d8e7cf7a6ee152d97cc78f2ae8b,2026-06-23,262,20821122990,1.179,,
past260,메1슝2좍,a5e09d3e32d301b5d151d86c2f9cb032a2186d8e7cf7a6ee152d97cc78f2ae8b,2026-06-24,262,20821122990,1.179,,
past260,메1슝2좍,a5e09d3e32d301b5d151d86c2f9cb032a2186d8e7cf7a6ee152d97cc78f2ae8b,2026-06-25,262,20821122990,1.179,,
past260,메1슝2좍,a5e09d3e32d301b5d151d86c2f9cb032a2186d8e7cf7a6ee152d97cc78f2ae8b,2026-06-26,262,20821122990,1.179,0,
past260,메1슝2좍,a5e09d3e32d301b5d151d86c2f9cb032a2186d8e7cf7a6ee152d97cc78f2ae8b,2026-06-27,262,20821122990,1.179,,
past260,메1슝2좍,a5e09d3e32d301b5d151d86c2f9cb032a2186d8e7cf7a6ee152d97cc78f2ae8b,2026-06-28,262,20821122990,1.179,,
past260,메1슝2좍,a5e09d3e32d301b5d151d86c2f9cb032a2186d8e7cf7a6ee152d97cc78f2ae8b,2026-06-29,262,20821122990,1.179,,
past260,메1슝2좍,a5e09d3e32d301b5d151d86c2f9cb032a2186d8e7cf7a6ee152d97cc78f2ae8b,2026-06-30,262,20821122990,1.179,,
past260,메1슝2좍,a5e09d3e32d301b5d151d86c2f9cb032a2186d8e7cf7a6ee152d97cc78f2ae8b,2026-07-01,262,20821122990,1.179,,
past260,메1슝2좍,a5e09d3e32d301b5d151d86c2f9cb032a2186d8e7cf7a6ee152d97cc78f2ae8b,2026-07-02,262,20821122990,1.179,,
past260,메1슝2좍,a5e09d3e32d301b5d151d86c2f9cb032a2186d8e7cf7a6ee152d97cc78f2ae8b,2026-07-03,262,20821122990,1.179,,
past260,메1슝2좍,a5e09d3e32d301b5d151d86c2f9cb032a2186d8e7cf7a6ee152d97cc78f2ae8b,2026-07-04,262,20821122990,1.179,0,
past260,메1슝2좍,a5e09d3e32d301b5d151d86c2f9cb032a2186d8e7cf7a6ee152d97cc78f2ae8b,2026-07-05,262,20821122990,1.179,,
past260,메1슝2좍,a5e09d3e32d301b5d151d86c2f9cb032a2186d8e7cf7a6ee152d97cc78f2ae8b,2026-07-06,262,20821122990,1.179,,
past260,메1슝2좍,a5e09d3e32d301b5d151d86c2f9cb032a2186d8e7cf7a6ee152d97cc78f2ae8b,2026-07-07,262,20821122990,1.179,,
past260,메1슝2좍,a5e09d3e32d301b5d151d86c2f9cb032a2186d8e7cf7a6ee152d97cc78f2ae8b,2026-07-08,262,20821122990,1.179,,
past260,메1슝2좍,a5e09d3e32d301b5d151d86c2f9cb032a2186d8e7cf7a6ee152d97cc78f2ae8b,2026-07-09,262,20821122990,1.179,,
past260,메1슝2좍,a5e09d3e32d301b5d151d86c2f9cb032a2186d8e7cf7a6ee152d97cc78f2ae8b,2026-07-10,262,20821122990,1.179,,
past260,메1슝2좍,a5e09d3e32d301b5d151d86c2f9cb032a2186d8e7cf7a6ee152d97cc78f2ae8b,2026-07-11,262,20821122990,1.179,,
past260,메1슝2좍,a5e09d3e32d301b5d151d86c2f9cb032a2186d8e7cf7a6ee152d97cc78f2ae8b,2026-07-12,262,20821122990,1.179,0,
past260,메1슝2좍,a5e09d3e32d301b5d151d86c2f9cb032a2186d8e7cf7a6ee152d97cc78f2ae8b,2026-07-13,262,20821122990,1.179,,
past260,메1슝2좍,a5e09d3e32d301b5d151d86c2f9cb032a2186d8e7cf7a6ee152d97cc78f2ae8b,2026-07-14,262,20821122990,1.179,,
past260,메1슝2좍,a5e09d3e32d301b5d151d86c2f9cb032a2186d8e7cf7a6ee152d97cc78f2ae8b,2026-07-15,262,20821122990,1.179,,
past260,메1슝2좍,a5e09d3e32d301b5d151d86c2f9cb032a2186d8e7cf7a6ee152d97cc78f2ae8b,2026-07-16,262,20821122990,1.179,,
past260,메1슝2좍,a5e09d3e32d301b5d151d86c2f9cb032a2186d8e7cf7a6ee152d97cc78f2ae8b,2026-07-17,262,20821122990,1.179,,
past260,메1슝2좍,a5e09d3e32d301b5d151d86c2f9cb032a2186d8e7cf7a6ee152d97cc78f2ae8b,2026-07-18,262,20821122990,1.179,,
past260,메1슝2좍,a5e09d3e32d301b5d151d86c2f9cb032a2186d8e7cf7a6ee152d97cc78f2ae8b,2026-07-19,262,20821122990,1.179,,
past260,메1슝2좍,a5e09d3e32d301b5d151d86c2f9cb032a2186d8e7cf7a6ee152d97cc78f2ae8b,2026-07-20,262,20821122990,1.179,0,
past260,메1슝2좍,a5e09d3e32d301b5d151d86c2f9cb032a2186d8e7cf7a6ee152d97cc78f2ae8b,2026-07-21,262,20821122990,1.179,,
past260,메1슝2좍,a5e09d3e32d301b5d151d86c2f9cb032a2186d8e7cf7a6ee152d97cc78f2ae8b,2026-07-22,262,20821122990,1.179,,
past260,사료나줘요,651aaba0c2e75c8e6a068849558ff4d0efe8d04e6d233bd35cf2fabdeb93fb0d,2026-06-18,262,19852904893,1.124,25384449,
past260,사료나줘요,651aaba0c2e75c8e6a068849558ff4d0efe8d04e6d233bd35cf2fabdeb93fb0d,2026-06-19,262,19852904893,1.124,,
past260,사료나줘요,651aaba0c2e75c8e6a068849558ff4d0efe8d04e6d233bd35cf2fabdeb93fb0d,2026-06-20,262,19852904893,1.124,,
past260,사료나줘요,651aaba0c2e75c8e6a068849558ff4d0efe8d04e6d233bd35cf2fabdeb93fb0d,2026-06-21,262,19852904893,1.124,,
past260,사료나줘요,651aaba0c2e75c8e6a068849558ff4d0efe8d04e6d233bd35cf2fabdeb93fb0d,2026-06-22,262,19852904893,1.124,,
past260,사료나줘요,651aaba0c2e75c8e6a068849558ff4d0efe8d04e6d233bd35cf2fabdeb93fb0d,2026-06-23,262,20068564897,1.136,,
past260,사료나줘요,651aaba0c2e75c8e6a068849558ff4d0efe8d04e6d233bd35cf2fabdeb93fb0d,2026-06-24,262,20068564897,1.136,,
past260,사료나줘요,651aaba0c2e75c8e6a068849558ff4d0efe8d04e6d233bd35cf2fabdeb93fb0d,2026-06-25,262,20068564897,1.136,,
past260,사료나줘요,651aaba0c2e75c8e6a068849558ff4d0efe8d04e6d233bd35cf2fabdeb93fb0d,2026-06-26,262,20284224901,1.148,24194364,
past260,사료나줘요,651aaba0c2e75c8e6a068849558ff4d0efe8d04e6d233bd35cf2fabdeb93fb0d,2026-06-27,262,20284224901,1.148,,
past260,사료나줘요,651aaba0c2e75c8e6a068849558ff4d0efe8d04e6d233bd35cf2fabdeb93fb0d,2026-06-28,262,20284224901,1.148,,
past260,사료나줘요,651aaba0c2e75c8e6a068849558ff4d0efe8d04e6d233bd35cf2fabdeb93fb0d,2026-06-29,262,20284224901,1.148,,
past260,사료나줘요,651aaba0c2e75c8e6a068849558ff4d0efe8d04e6d233bd35cf2fabdeb93fb0d,2026-06-30,262,20284224901,1.148,,
past260,사료나줘요,651aaba0c2e75c8e6a068849558ff4d0efe8d04e6d233bd35cf2fabdeb93fb0d,2026-07-01,262,20284224901,1.148,,
past260,사료나줘요,651aaba0c2e75c8e6a068849558ff4d0efe8d04e6d233bd35cf2fabdeb93fb0d,2026-07-02,262,20284224901,1.148,,
past260,사료나줘요,651aaba0c2e75c8e6a068849558ff4d0efe8d04e6d233bd35cf2fabdeb93fb0d,2026-07-03,262,20284224901,1.148,,
past260,사료나줘요,651aaba0c2e75c8e6a068849558ff4d0efe8d04e6d233bd35cf2fabdeb93fb0d,2026-07-04,262,20284224901,1.148,23452555,
past260,사료나줘요,651aaba0c2e75c8e6a068849558ff4d0efe8d04e6d233bd35cf2fabdeb93fb0d,2026-07-05,262,20284224901,1.148,,
past260,사료나줘요,651aaba0c2e75c8e6a068849558ff4d0efe8d04e6d233bd35cf2fabdeb93fb0d,2026-07-06,262,20284224901,1.148,,
past260,사료나줘요,651aaba0c2e75c8e6a068849558ff4d0efe8d04e6d233bd35cf2fabdeb93fb0d,2026-07-07,262,20284224901,1.148,,
past260,사료나줘요,651aaba0c2e75c8e6a068849558ff4d0efe8d04e6d233bd35cf2fabdeb93fb0d,2026-07-08,262,20491684905,1.160,,
past260,사료나줘요,651aaba0c2e75c8e6a068849558ff4d0efe8d04e6d233bd35cf2fabdeb93fb0d,2026-07-09,262,20491684905,1.160,,
past260,사료나줘요,651aaba0c2e75c8e6a068849558ff4d0efe8d04e6d233bd35cf2fabdeb93fb0d,2026-07-10,262,20491684905,1.160,,
past260,사료나줘요,651aaba0c2e75c8e6a068849558ff4d0efe8d04e6d233bd35cf2fabdeb93fb0d,2026-07-11,262,20491684905,1.160,,
past260,사료나줘요,651aaba0c2e75c8e6a068849558ff4d0efe8d04e6d233bd35cf2fabdeb93fb0d,2026-07-12,262,20491684905,1.160,23785653,
past260,사료나줘요,651aaba0c2e75c8e6a068849558ff4d0efe8d04e6d233bd35cf2fabdeb93fb0d,2026-07-13,262,20491684905,1.160,,
past260,사료나줘요,651aaba0c2e75c8e6a068849558ff4d0efe8d04e6d233bd35cf2fabdeb93fb0d,2026-07-14,262,20699144909,1.172,,
past260,사료나줘요,651aaba0c2e75c8e6a068849558ff4d0efe8d04e6d233bd35cf2fabdeb93fb0d,2026-07-15,262,20699144909,1.172,,
past260,사료나줘요,651aaba0c2e75c8e6a068849558ff4d0efe8d04e6d233bd35cf2fabdeb93fb0d,2026-07-16,262,20699144909,1.172,,
past260,사료나줘요,651aaba0c2e75c8e6a068849558ff4d0efe8d04e6d233bd35cf2fabdeb93fb0d,2026-07-17,262,20699144909,1.172,,
past260,사료나줘요,651aaba0c2e75c8e6a068849558ff4d0efe8d04e6d233bd35cf2fabdeb93fb0d,2026-07-18,262,20699144909,1.172,,
past260,사료나줘요,651aaba0c2e75c8e6a068849558ff4d0efe8d04e6d233bd35cf2fabdeb93fb0d,2026-07-19,262,20699144909,1.172,,
past260,사료나줘요,651aaba0c2e75c8e6a068849558ff4d0efe8d04e6d233bd35cf2fabdeb93fb0d,2026-07-20,262,20906604913,1.183,23813389,
past260,사료나줘요,651aaba0c2e75c8e6a068849558ff4d0efe8d04e6d233bd35cf2fabdeb93fb0d,2026-07-21,262,20906604913,1.183,,
past260,사료나줘요,651aaba0c2e75c8e6a068849558ff4d0efe8d04e6d233bd35cf2fabdeb93fb0d,2026-07-22,262,20906604913,1.183,,
past260,나앵짱,68748808066a5388a8dd864dfc79c150,2026-06-18,262,44973455953,2.546,6767039,
past260,나앵짱,68748808066a5388a8dd864dfc79c150,2026-06-19,262,44973455953,2.546,,
past260,나앵짱,68748808066a5388a8dd864dfc79c150,2026-06-20,262,44973455953,2.546,,
past260,나앵짱,68748808066a5388a8dd864dfc79c150,2026-06-21,262,44973455953,2.546,,
past260,나앵짱,68748808066a5388a8dd864dfc79c150,2026-06-22,262,44973455953,2.546,,
past260,나앵짱,68748808066a5388a8dd864dfc79c150,2026-06-23,262,44973455953,2.546,,
past260,나앵짱,68748808066a5388a8dd864dfc79c150,2026-06-24,262,44973455953,2.546,,
past260,나앵짱,68748808066a5388a8dd864dfc79c150,2026-06-25,262,44973455953,2.546,,
past260,나앵짱,68748808066a5388a8dd864dfc79c150,2026-06-26,262,44973455953,2.546,6767039,
past260,나앵짱,68748808066a5388a8dd864dfc79c150,2026-06-27,262,44973455953,2.546,,
past260,나앵짱,68748808066a5388a8dd864dfc79c150,2026-06-28,262,44973455953,2.546,,
past260,나앵짱,68748808066a5388a8dd864dfc79c150,2026-06-29,262,44973455953,2.546,,
past260,나앵짱,68748808066a5388a8dd864dfc79c150,2026-06-30,262,44973455953,2.546,,
past260,나앵짱,68748808066a5388a8dd864dfc79c150,2026-07-01,262,44973455953,2.546,,
past260,나앵짱,68748808066a5388a8dd864dfc79c150,2026-07-02,262,44973455953,2.546,,
past260,나앵짱,68748808066a5388a8dd864dfc79c150,2026-07-03,262,44973455953,2.546,,
past260,나앵짱,68748808066a5388a8dd864dfc79c150,2026-07-04,262,44973455953,2.546,6767039,
past260,나앵짱,68748808066a5388a8dd864dfc79c150,2026-07-05,262,44973455953,2.546,,
past260,나앵짱,68748808066a5388a8dd864dfc79c150,2026-07-06,262,44973455953,2.546,,
past260,나앵짱,68748808066a5388a8dd864dfc79c150,2026-07-07,262,44973455953,2.546,,
past260,나앵짱,68748808066a5388a8dd864dfc79c150,2026-07-08,262,44973455953,2.546,,
past260,나앵짱,68748808066a5388a8dd864dfc79c150,2026-07-09,262,44973455953,2.546,,
past260,나앵짱,68748808066a5388a8dd864dfc79c150,2026-07-10,262,44973455953,2.546,,
past260,나앵짱,68748808066a5388a8dd864dfc79c150,2026-07-11,262,44973455953,2.546,,
past260,나앵짱,68748808066a5388a8dd864dfc79c150,2026-07-12,262,44973455953,2.546,6767039,
past260,나앵짱,68748808066a5388a8dd864dfc79c150,2026-07-13,262,44973455953,2.546,,
past260,나앵짱,68748808066a5388a8dd864dfc79c150,2026-07-14,262,44973455953,2.546,,
past260,나앵짱,68748808066a5388a8dd864dfc79c150,2026-07-15,262,44973455953,2.546,,
past260,나앵짱,68748808066a5388a8dd864dfc79c150,2026-07-16,262,44973455953,2.546,,
past260,나앵짱,68748808066a5388a8dd864dfc79c150,2026-07-17,262,44973455953,2.546,,
past260,나앵짱,68748808066a5388a8dd864dfc79c150,2026-07-18,262,44973455953,2.546,,
past260,나앵짱,68748808066a5388a8dd864dfc79c150,2026-07-19,262,44973455953,2.546,,
past260,나앵짱,68748808066a5388a8dd864dfc79c150,2026-07-20,262,44973455953,2.546,6767039,
past260,나앵짱,68748808066a5388a8dd864dfc79c150,2026-07-21,262,44973455953,2.546,,
past260,나앵짱,68748808066a5388a8dd864dfc79c150,2026-07-22,262,44973455953,2.546,,
past260,글자네조건부,4fbcf88de79931925efea43ae077f0d0,2026-06-18,262,38264016260,2.166,11507384,
past260,글자네조건부,4fbcf88de79931925efea43ae077f0d0,2026-06-19,262,38264016260,2.166,,
past260,글자네조건부,4fbcf88de79931925efea43ae077f0d0,2026-06-20,262,38264016260,2.166,,
past260,글자네조건부,4fbcf88de79931925efea43ae077f0d0,2026-06-21,262,38264016260,2.166,,
past260,글자네조건부,4fbcf88de79931925efea43ae077f0d0,2026-06-22,262,38264016260,2.166,,
past260,글자네조건부,4fbcf88de79931925efea43ae077f0d0,2026-06-23,262,38264016260,2.166,,
past260,글자네조건부,4fbcf88de79931925efea43ae077f0d0,2026-06-24,262,38264016260,2.166,,
past260,글자네조건부,4fbcf88de79931925efea43ae077f0d0,2026-06-25,262,38264016260,2.166,,
past260,글자네조건부,4fbcf88de79931925efea43ae077f0d0,2026-06-26,262,38264016260,2.166,11507384,
past260,글자네조건부,4fbcf88de79931925efea43ae077f0d0,2026-06-27,262,38264016260,2.166,,
past260,글자네조건부,4fbcf88de79931925efea43ae077f0d0,2026-06-28,262,38264016260,2.166,,
past260,글자네조건부,4fbcf88de79931925efea43ae077f0d0,2026-06-29,262,38264016260,2.166,,
past260,글자네조건부,4fbcf88de79931925efea43ae077f0d0,2026-06-30,262,38264016260,2.166,,
past260,글자네조건부,4fbcf88de79931925efea43ae077f0d0,2026-07-01,262,38264016260,2.166,,
past260,글자네조건부,4fbcf88de79931925efea43ae077f0d0,2026-07-02,262,38264016260,2.166,,
past260,글자네조건부,4fbcf88de79931925efea43ae077f0d0,2026-07-03,262,38264016260,2.166,,
past260,글자네조건부,4fbcf88de79931925efea43ae077f0d0,2026-07-04,262,38264016260,2.166,9973950,
past260,글자네조건부,4fbcf88de79931925efea43ae077f0d0,2026-07-05,262,38264016260,2.166,,
past260,글자네조건부,4fbcf88de79931925efea43ae077f0d0,2026-07-06,262,38264016260,2.166,,
past260,글자네조건부,4fbcf88de79931925efea43ae077f0d0,2026-07-07,262,38264016260,2.166,,
past260,글자네조건부,4fbcf88de79931925efea43ae077f0d0,2026-07-08,262,38264016260,2.166,,
past260,글자네조건부,4fbcf88de79931925efea43ae077f0d0,2026-07-09,262,38264016260,2.166,,
past260,글자네조건부,4fbcf88de79931925efea43ae077f0d0,2026-07-10,262,38264016260,2.166,,
past260,글자네조건부,4fbcf88de79931925efea43ae077f0d0,2026-07-11,262,38264016260,2.166,,
past260,글자네조건부,4fbcf88de79931925efea43ae077f0d0,2026-07-12,262,38264016260,2.166,9973950,
past260,글자네조건부,4fbcf88de79931925efea43ae077f0d0,2026-07-13,262,38264016260,2.166,,
past260,글자네조건부,4fbcf88de79931925efea43ae077f0d0,2026-07-14,262,38264016260,2.166,,
past260,글자네조건부,4fbcf88de79931925efea43ae077f0d0,2026-07-15,262,38264016260,2.166,,
past260,글자네조건부,4fbcf88de79931925efea43ae077f0d0,2026-07-16,262,38264016260,2.166,,
past260,글자네조건부,4fbcf88de79931925efea43ae077f0d0,2026-07-17,262,38264016260,2.166,,
past260,글자네조건부,4fbcf88de79931925efea43ae077f0d0,2026-07-18,262,38264016260,2.166,,
past260,글자네조건부,4fbcf88de79931925efea43ae077f0d0,2026-07-19,262,38264016260,2.166,,
past260,글자네조건부,4fbcf88de79931925efea43ae077f0d0,2026-07-20,262,38264016260,2.166,11522971,
past260,글자네조건부,4fbcf88de79931925efea43ae077f0d0,2026-07-21,262,38264016260,2.166,,
past260,글자네조건부,4fbcf88de79931925efea43ae077f0d0,2026-07-22,262,38264016260,2.166,,
past260,제로사이다캔,92acb0a86468daa7f38dc72ed792b5a2efe8d04e6d233bd35cf2fabdeb93fb0d,2026-06-18,262,53159073361,3.009,0,
past260,제로사이다캔,92acb0a86468daa7f38dc72ed792b5a2efe8d04e6d233bd35cf2fabdeb93fb0d,2026-06-19,262,53159073361,3.009,,
past260,제로사이다캔,92acb0a86468daa7f38dc72ed792b5a2efe8d04e6d233bd35cf2fabdeb93fb0d,2026-06-20,262,53159073361,3.009,,
past260,제로사이다캔,92acb0a86468daa7f38dc72ed792b5a2efe8d04e6d233bd35cf2fabdeb93fb0d,2026-06-21,262,53159073361,3.009,,
past260,제로사이다캔,92acb0a86468daa7f38dc72ed792b5a2efe8d04e6d233bd35cf2fabdeb93fb0d,2026-06-22,262,53159073361,3.009,,
past260,제로사이다캔,92acb0a86468daa7f38dc72ed792b5a2efe8d04e6d233bd35cf2fabdeb93fb0d,2026-06-23,262,53159073361,3.009,,
past260,제로사이다캔,92acb0a86468daa7f38dc72ed792b5a2efe8d04e6d233bd35cf2fabdeb93fb0d,2026-06-24,262,53159073361,3.009,,
past260,제로사이다캔,92acb0a86468daa7f38dc72ed792b5a2efe8d04e6d233bd35cf2fabdeb93fb0d,2026-06-25,262,53159073361,3.009,,
past260,제로사이다캔,92acb0a86468daa7f38dc72ed792b5a2efe8d04e6d233bd35cf2fabdeb93fb0d,2026-06-26,262,53159073361,3.009,0,
past260,제로사이다캔,92acb0a86468daa7f38dc72ed792b5a2efe8d04e6d233bd35cf2fabdeb93fb0d,2026-06-27,262,53159073361,3.009,,
past260,제로사이다캔,92acb0a86468daa7f38dc72ed792b5a2efe8d04e6d233bd35cf2fabdeb93fb0d,2026-06-28,262,53159073361,3.009,,
past260,제로사이다캔,92acb0a86468daa7f38dc72ed792b5a2efe8d04e6d233bd35cf2fabdeb93fb0d,2026-06-29,262,53159073361,3.009,,
past260,제로사이다캔,92acb0a86468daa7f38dc72ed792b5a2efe8d04e6d233bd35cf2fabdeb93fb0d,2026-06-30,262,53159073361,3.009,,
past260,제로사이다캔,92acb0a86468daa7f38dc72ed792b5a2efe8d04e6d233bd35cf2fabdeb93fb0d,2026-07-01,262,53159073361,3.009,,
past260,제로사이다캔,92acb0a86468daa7f38dc72ed792b5a2efe8d04e6d233bd35cf2fabdeb93fb0d,2026-07-02,262,53159073361,3.009,,
past260,제로사이다캔,92acb0a86468daa7f38dc72ed792b5a2efe8d04e6d233bd35cf2fabdeb93fb0d,2026-07-03,262,53159073361,3.009,,
past260,제로사이다캔,92acb0a86468daa7f38dc72ed792b5a2efe8d04e6d233bd35cf2fabdeb93fb0d,2026-07-04,262,53159073361,3.009,0,
past260,제로사이다캔,92acb0a86468daa7f38dc72ed792b5a2efe8d04e6d233bd35cf2fabdeb93fb0d,2026-07-05,262,53159073361,3.009,,
past260,제로사이다캔,92acb0a86468daa7f38dc72ed792b5a2efe8d04e6d233bd35cf2fabdeb93fb0d,2026-07-06,262,53159073361,3.009,,
past260,제로사이다캔,92acb0a86468daa7f38dc72ed792b5a2efe8d04e6d233bd35cf2fabdeb93fb0d,2026-07-07,262,53159073361,3.009,,
past260,제로사이다캔,92acb0a86468daa7f38dc72ed792b5a2efe8d04e6d233bd35cf2fabdeb93fb0d,2026-07-08,262,53159073361,3.009,,
past260,제로사이다캔,92acb0a86468daa7f38dc72ed792b5a2efe8d04e6d233bd35cf2fabdeb93fb0d,2026-07-09,262,53159073361,3.009,,
past260,제로사이다캔,92acb0a86468daa7f38dc72ed792b5a2efe8d04e6d233bd35cf2fabdeb93fb0d,2026-07-10,262,53159073361,3.009,,
past260,제로사이다캔,92acb0a86468daa7f38dc72ed792b5a2efe8d04e6d233bd35cf2fabdeb93fb0d,2026-07-11,262,53159073361,3.009,,
past260,제로사이다캔,92acb0a86468daa7f38dc72ed792b5a2efe8d04e6d233bd35cf2fabdeb93fb0d,2026-07-12,262,53159073361,3.009,0,
past260,제로사이다캔,92acb0a86468daa7f38dc72ed792b5a2efe8d04e6d233bd35cf2fabdeb93fb0d,2026-07-13,262,53159073361,3.009,,
past260,제로사이다캔,92acb0a86468daa7f38dc72ed792b5a2efe8d04e6d233bd35cf2fabdeb93fb0d,2026-07-14,262,53159073361,3.009,,
past260,제로사이다캔,92acb0a86468daa7f38dc72ed792b5a2efe8d04e6d233bd35cf2fabdeb93fb0d,2026-07-15,262,53159073361,3.009,,
past260,제로사이다캔,92acb0a86468daa7f38dc72ed792b5a2efe8d04e6d233bd35cf2fabdeb93fb0d,2026-07-16,262,53159073361,3.009,,
past260,제로사이다캔,92acb0a86468daa7f38dc72ed792b5a2efe8d04e6d233bd35cf2fabdeb93fb0d,2026-07-17,262,53159073361,3.009,,
past260,제로사이다캔,92acb0a86468daa7f38dc72ed792b5a2efe8d04e6d233bd35cf2fabdeb93fb0d,2026-07-18,262,53159073361,3.009,,
past260,제로사이다캔,92acb0a86468daa7f38dc72ed792b5a2efe8d04e6d233bd35cf2fabdeb93fb0d,2026-07-19,262,53159073361,3.009,,
past260,제로사이다캔,92acb0a86468daa7f38dc72ed792b5a2efe8d04e6d233bd35cf2fabdeb93fb0d,2026-07-20,262,53159073361,3.009,0,
past260,제로사이다캔,92acb0a86468daa7f38dc72ed792b5a2efe8d04e6d233bd35cf2fabdeb93fb0d,2026-07-21,262,53159073361,3.009,,
past260,제로사이다캔,92acb0a86468daa7f38dc72ed792b5a2efe8d04e6d233bd35cf2fabdeb93fb0d,2026-07-22,262,53159073361,3.009,,
past260,호진월드,88e4009d06b8426bdce140efbc0847a0,2026-06-18,262,19899034361,1.126,3494392,
past260,호진월드,88e4009d06b8426bdce140efbc0847a0,2026-06-19,262,19899034361,1.126,,
past260,호진월드,88e4009d06b8426bdce140efbc0847a0,2026-06-20,262,19899034361,1.126,,
past260,호진월드,88e4009d06b8426bdce140efbc0847a0,2026-06-21,262,19899034361,1.126,,
past260,호진월드,88e4009d06b8426bdce140efbc0847a0,2026-06-22,262,19899034361,1.126,,
past260,호진월드,88e4009d06b8426bdce140efbc0847a0,2026-06-23,262,19899034361,1.126,,
past260,호진월드,88e4009d06b8426bdce140efbc0847a0,2026-06-24,262,19899034361,1.126,,
past260,호진월드,88e4009d06b8426bdce140efbc0847a0,2026-06-25,262,19899034361,1.126,,
past260,호진월드,88e4009d06b8426bdce140efbc0847a0,2026-06-26,262,19899034361,1.126,3494392,
past260,호진월드,88e4009d06b8426bdce140efbc0847a0,2026-06-27,262,19899034361,1.126,,
past260,호진월드,88e4009d06b8426bdce140efbc0847a0,2026-06-28,262,19899034361,1.126,,
past260,호진월드,88e4009d06b8426bdce140efbc0847a0,2026-06-29,262,19899034361,1.126,,
past260,호진월드,88e4009d06b8426bdce140efbc0847a0,2026-06-30,262,19899034361,1.126,,
past260,호진월드,88e4009d06b8426bdce140efbc0847a0,2026-07-01,262,19899034361,1.126,,
past260,호진월드,88e4009d06b8426bdce140efbc0847a0,2026-07-02,262,19899034361,1.126,,
past260,호진월드,88e4009d06b8426bdce140efbc0847a0,2026-07-03,262,19899034361,1.126,,
past260,호진월드,88e4009d06b8426bdce140efbc0847a0,2026-07-04,262,19899034361,1.126,3494392,
past260,호진월드,88e4009d06b8426bdce140efbc0847a0,2026-07-05,262,19899034361,1.126,,
past260,호진월드,88e4009d06b8426bdce140efbc0847a0,2026-07-06,262,19899034361,1.126,,
past260,호진월드,88e4009d06b8426bdce140efbc0847a0,2026-07-07,262,19899034361,1.126,,
past260,호진월드,88e4009d06b8426bdce140efbc0847a0,2026-07-08,262,19899034361,1.126,,
past260,호진월드,88e4009d06b8426bdce140efbc0847a0,2026-07-09,262,19899034361,1.126,,
past260,호진월드,88e4009d06b8426bdce140efbc0847a0,2026-07-10,262,19899034361,1.126,,
past260,호진월드,88e4009d06b8426bdce140efbc0847a0,2026-07-11,262,19899034361,1.126,,
past260,호진월드,88e4009d06b8426bdce140efbc0847a0,2026-07-12,262,19899034361,1.126,3494392,
past260,호진월드,88e4009d06b8426bdce140efbc0847a0,2026-07-13,262,19899034361,1.126,,
past260,호진월드,88e4009d06b8426bdce140efbc0847a0,2026-07-14,262,19899034361,1.126,,
past260,호진월드,88e4009d06b8426bdce140efbc0847a0,2026-07-15,262,19899034361,1.126,,
past260,호진월드,88e4009d06b8426bdce140efbc0847a0,2026-07-16,262,19899034361,1.126,,
past260,호진월드,88e4009d06b8426bdce140efbc0847a0,2026-07-17,262,19899034361,1.126,,
past260,호진월드,88e4009d06b8426bdce140efbc0847a0,2026-07-18,262,19899034361,1.126,,
past260,호진월드,88e4009d06b8426bdce140efbc0847a0,2026-07-19,262,19899034361,1.126,,
past260,호진월드,88e4009d06b8426bdce140efbc0847a0,2026-07-20,262,19899034361,1.126,3494392,
past260,호진월드,88e4009d06b8426bdce140efbc0847a0,2026-07-21,262,19899034361,1.126,,
past260,호진월드,88e4009d06b8426bdce140efbc0847a0,2026-07-22,262,19899034361,1.126,,
past260,아리안데2,7e82aa4f36c20de931e0efbe2edf7afc,2026-06-18,262,36396001475,2.060,4321053,
past260,아리안데2,7e82aa4f36c20de931e0efbe2edf7afc,2026-06-19,262,36396001475,2.060,,
past260,아리안데2,7e82aa4f36c20de931e0efbe2edf7afc,2026-06-20,262,36396001475,2.060,,
past260,아리안데2,7e82aa4f36c20de931e0efbe2edf7afc,2026-06-21,262,36396001475,2.060,,
past260,아리안데2,7e82aa4f36c20de931e0efbe2edf7afc,2026-06-22,262,36396001475,2.060,,
past260,아리안데2,7e82aa4f36c20de931e0efbe2edf7afc,2026-06-23,262,36396001475,2.060,,
past260,아리안데2,7e82aa4f36c20de931e0efbe2edf7afc,2026-06-24,262,36396001475,2.060,,
past260,아리안데2,7e82aa4f36c20de931e0efbe2edf7afc,2026-06-25,262,36396001475,2.060,,
past260,아리안데2,7e82aa4f36c20de931e0efbe2edf7afc,2026-06-26,262,36396001475,2.060,4321053,
past260,아리안데2,7e82aa4f36c20de931e0efbe2edf7afc,2026-06-27,262,36396001475,2.060,,
past260,아리안데2,7e82aa4f36c20de931e0efbe2edf7afc,2026-06-28,262,36396001475,2.060,,
past260,아리안데2,7e82aa4f36c20de931e0efbe2edf7afc,2026-06-29,262,36396001475,2.060,,
past260,아리안데2,7e82aa4f36c20de931e0efbe2edf7afc,2026-06-30,262,36396001475,2.060,,
past260,아리안데2,7e82aa4f36c20de931e0efbe2edf7afc,2026-07-01,262,36396001475,2.060,,
past260,아리안데2,7e82aa4f36c20de931e0efbe2edf7afc,2026-07-02,262,36396001475,2.060,,
past260,아리안데2,7e82aa4f36c20de931e0efbe2edf7afc,2026-07-03,262,36396001475,2.060,,
past260,아리안데2,7e82aa4f36c20de931e0efbe2edf7afc,2026-07-04,262,36396001475,2.060,4321053,
past260,아리안데2,7e82aa4f36c20de931e0efbe2edf7afc,2026-07-05,262,36396001475,2.060,,
past260,아리안데2,7e82aa4f36c20de931e0efbe2edf7afc,2026-07-06,262,36396001475,2.060,,
past260,아리안데2,7e82aa4f36c20de931e0efbe2edf7afc,2026-07-07,262,36396001475,2.060,,
past260,아리안데2,7e82aa4f36c20de931e0efbe2edf7afc,2026-07-08,262,36396001475,2.060,,
past260,아리안데2,7e82aa4f36c20de931e0efbe2edf7afc,2026-07-09,262,36396001475,2.060,,
past260,아리안데2,7e82aa4f36c20de931e0efbe2edf7afc,2026-07-10,262,36396001475,2.060,,
past260,아리안데2,7e82aa4f36c20de931e0efbe2edf7afc,2026-07-11,262,36396001475,2.060,,
past260,아리안데2,7e82aa4f36c20de931e0efbe2edf7afc,2026-07-12,262,36396001475,2.060,4321053,
past260,아리안데2,7e82aa4f36c20de931e0efbe2edf7afc,2026-07-13,262,36396001475,2.060,,
past260,아리안데2,7e82aa4f36c20de931e0efbe2edf7afc,2026-07-14,262,36396001475,2.060,,
past260,아리안데2,7e82aa4f36c20de931e0efbe2edf7afc,2026-07-15,262,36396001475,2.060,,
past260,아리안데2,7e82aa4f36c20de931e0efbe2edf7afc,2026-07-16,262,36396001475,2.060,,
past260,아리안데2,7e82aa4f36c20de931e0efbe2edf7afc,2026-07-17,262,36396001475,2.060,,
past260,아리안데2,7e82aa4f36c20de931e0efbe2edf7afc,2026-07-18,262,36396001475,2.060,,
past260,아리안데2,7e82aa4f36c20de931e0efbe2edf7afc,2026-07-19,262,36396001475,2.060,,
past260,아리안데2,7e82aa4f36c20de931e0efbe2edf7afc,2026-07-20,262,36396001475,2.060,4321053,
past260,아리안데2,7e82aa4f36c20de931e0efbe2edf7afc,2026-07-21,262,36396001475,2.060,,
past260,아리안데2,7e82aa4f36c20de931e0efbe2edf7afc,2026-07-22,262,36396001475,2.060,,
past260,두명의스킨,e9737e817f677d0596549b194c6c887fefe8d04e6d233bd35cf2fabdeb93fb0d,2026-06-18,262,22702271743,1.285,786488,
past260,두명의스킨,e9737e817f677d0596549b194c6c887fefe8d04e6d233bd35cf2fabdeb93fb0d,2026-06-19,262,22702271743,1.285,,
past260,두명의스킨,e9737e817f677d0596549b194c6c887fefe8d04e6d233bd35cf2fabdeb93fb0d,2026-06-20,262,22702271743,1.285,,
past260,두명의스킨,e9737e817f677d0596549b194c6c887fefe8d04e6d233bd35cf2fabdeb93fb0d,2026-06-21,262,22702271743,1.285,,
past260,두명의스킨,e9737e817f677d0596549b194c6c887fefe8d04e6d233bd35cf2fabdeb93fb0d,2026-06-22,262,22702271743,1.285,,
past260,두명의스킨,e9737e817f677d0596549b194c6c887fefe8d04e6d233bd35cf2fabdeb93fb0d,2026-06-23,262,22702271743,1.285,,
past260,두명의스킨,e9737e817f677d0596549b194c6c887fefe8d04e6d233bd35cf2fabdeb93fb0d,2026-06-24,262,22702271743,1.285,,
past260,두명의스킨,e9737e817f677d0596549b194c6c887fefe8d04e6d233bd35cf2fabdeb93fb0d,2026-06-25,262,22702271743,1.285,,
past260,두명의스킨,e9737e817f677d0596549b194c6c887fefe8d04e6d233bd35cf2fabdeb93fb0d,2026-06-26,262,22702271743,1.285,786488,
past260,두명의스킨,e9737e817f677d0596549b194c6c887fefe8d04e6d233bd35cf2fabdeb93fb0d,2026-06-27,262,22702271743,1.285,,
past260,두명의스킨,e9737e817f677d0596549b194c6c887fefe8d04e6d233bd35cf2fabdeb93fb0d,2026-06-28,262,22702271743,1.285,,
past260,두명의스킨,e9737e817f677d0596549b194c6c887fefe8d04e6d233bd35cf2fabdeb93fb0d,2026-06-29,262,22702271743,1.285,,
past260,두명의스킨,e9737e817f677d0596549b194c6c887fefe8d04e6d233bd35cf2fabdeb93fb0d,2026-06-30,262,22702271743,1.285,,
past260,두명의스킨,e9737e817f677d0596549b194c6c887fefe8d04e6d233bd35cf2fabdeb93fb0d,2026-07-01,262,22702271743,1.285,,
past260,두명의스킨,e9737e817f677d0596549b194c6c887fefe8d04e6d233bd35cf2fabdeb93fb0d,2026-07-02,262,22702271743,1.285,,
past260,두명의스킨,e9737e817f677d0596549b194c6c887fefe8d04e6d233bd35cf2fabdeb93fb0d,2026-07-03,262,22702271743,1.285,,
past260,두명의스킨,e9737e817f677d0596549b194c6c887fefe8d04e6d233bd35cf2fabdeb93fb0d,2026-07-04,262,22702271743,1.285,786488,
past260,두명의스킨,e9737e817f677d0596549b194c6c887fefe8d04e6d233bd35cf2fabdeb93fb0d,2026-07-05,262,22702271743,1.285,,
past260,두명의스킨,e9737e817f677d0596549b194c6c887fefe8d04e6d233bd35cf2fabdeb93fb0d,2026-07-06,262,22702271743,1.285,,
past260,두명의스킨,e9737e817f677d0596549b194c6c887fefe8d04e6d233bd35cf2fabdeb93fb0d,2026-07-07,262,22702271743,1.285,,
past260,두명의스킨,e9737e817f677d0596549b194c6c887fefe8d04e6d233bd35cf2fabdeb93fb0d,2026-07-08,262,22702271743,1.285,,
past260,두명의스킨,e9737e817f677d0596549b194c6c887fefe8d04e6d233bd35cf2fabdeb93fb0d,2026-07-09,262,22702271743,1.285,,
past260,두명의스킨,e9737e817f677d0596549b194c6c887fefe8d04e6d233bd35cf2fabdeb93fb0d,2026-07-10,262,22702271743,1.285,,
past260,두명의스킨,e9737e817f677d0596549b194c6c887fefe8d04e6d233bd35cf2fabdeb93fb0d,2026-07-11,262,22702271743,1.285,,
past260,두명의스킨,e9737e817f677d0596549b194c6c887fefe8d04e6d233bd35cf2fabdeb93fb0d,2026-07-12,262,22702271743,1.285,786488,
past260,두명의스킨,e9737e817f677d0596549b194c6c887fefe8d04e6d233bd35cf2fabdeb93fb0d,2026-07-13,262,22702271743,1.285,,
past260,두명의스킨,e9737e817f677d0596549b194c6c887fefe8d04e6d233bd35cf2fabdeb93fb0d,2026-07-14,262,22702271743,1.285,,
past260,두명의스킨,e9737e817f677d0596549b194c6c887fefe8d04e6d233bd35cf2fabdeb93fb0d,2026-07-15,262,22702271743,1.285,,
past260,두명의스킨,e9737e817f677d0596549b194c6c887fefe8d04e6d233bd35cf2fabdeb93fb0d,2026-07-16,262,22702271743,1.285,,
past260,두명의스킨,e9737e817f677d0596549b194c6c887fefe8d04e6d233bd35cf2fabdeb93fb0d,2026-07-17,262,22702271743,1.285,,
past260,두명의스킨,e9737e817f677d0596549b194c6c887fefe8d04e6d233bd35cf2fabdeb93fb0d,2026-07-18,262,22702271743,1.285,,
past260,두명의스킨,e9737e817f677d0596549b194c6c887fefe8d04e6d233bd35cf2fabdeb93fb0d,2026-07-19,262,22702271743,1.285,,
past260,두명의스킨,e9737e817f677d0596549b194c6c887fefe8d04e6d233bd35cf2fabdeb93fb0d,2026-07-20,262,22702271743,1.285,795572,
past260,두명의스킨,e9737e817f677d0596549b194c6c887fefe8d04e6d233bd35cf2fabdeb93fb0d,2026-07-21,262,22702271743,1.285,,
past260,두명의스킨,e9737e817f677d0596549b194c6c887fefe8d04e6d233bd35cf2fabdeb93fb0d,2026-07-22,262,22702271743,1.285,,
past260,유썬콩,dd5e9cc04a332737fcbcbe0b286fb104,2026-06-18,262,27641670183,1.565,2918951,
past260,유썬콩,dd5e9cc04a332737fcbcbe0b286fb104,2026-06-19,262,27641670183,1.565,,
past260,유썬콩,dd5e9cc04a332737fcbcbe0b286fb104,2026-06-20,262,27641670183,1.565,,
past260,유썬콩,dd5e9cc04a332737fcbcbe0b286fb104,2026-06-21,262,27641670183,1.565,,
past260,유썬콩,dd5e9cc04a332737fcbcbe0b286fb104,2026-06-22,262,27641670183,1.565,,
past260,유썬콩,dd5e9cc04a332737fcbcbe0b286fb104,2026-06-23,262,27641670183,1.565,,
past260,유썬콩,dd5e9cc04a332737fcbcbe0b286fb104,2026-06-24,262,27641670183,1.565,,
past260,유썬콩,dd5e9cc04a332737fcbcbe0b286fb104,2026-06-25,262,27641670183,1.565,,
past260,유썬콩,dd5e9cc04a332737fcbcbe0b286fb104,2026-06-26,262,27641670183,1.565,2918951,
past260,유썬콩,dd5e9cc04a332737fcbcbe0b286fb104,2026-06-27,262,27641670183,1.565,,
past260,유썬콩,dd5e9cc04a332737fcbcbe0b286fb104,2026-06-28,262,27641670183,1.565,,
past260,유썬콩,dd5e9cc04a332737fcbcbe0b286fb104,2026-06-29,262,27641670183,1.565,,
past260,유썬콩,dd5e9cc04a332737fcbcbe0b286fb104,2026-06-30,262,27641670183,1.565,,
past260,유썬콩,dd5e9cc04a332737fcbcbe0b286fb104,2026-07-01,262,27641670183,1.565,,
past260,유썬콩,dd5e9cc04a332737fcbcbe0b286fb104,2026-07-02,262,27641670183,1.565,,
past260,유썬콩,dd5e9cc04a332737fcbcbe0b286fb104,2026-07-03,262,27641670183,1.565,,
past260,유썬콩,dd5e9cc04a332737fcbcbe0b286fb104,2026-07-04,262,27641670183,1.565,2918951,
past260,유썬콩,dd5e9cc04a332737fcbcbe0b286fb104,2026-07-05,262,27641670183,1.565,,
past260,유썬콩,dd5e9cc04a332737fcbcbe0b286fb104,2026-07-06,262,27641670183,1.565,,
past260,유썬콩,dd5e9cc04a332737fcbcbe0b286fb104,2026-07-07,262,27641670183,1.565,,
past260,유썬콩,dd5e9cc04a332737fcbcbe0b286fb104,2026-07-08,262,27641670183,1.565,,
past260,유썬콩,dd5e9cc04a332737fcbcbe0b286fb104,2026-07-09,262,27641670183,1.565,,
past260,유썬콩,dd5e9cc04a332737fcbcbe0b286fb104,2026-07-10,262,27641670183,1.565,,
past260,유썬콩,dd5e9cc04a332737fcbcbe0b286fb104,2026-07-11,262,27641670183,1.565,,
past260,유썬콩,dd5e9cc04a332737fcbcbe0b286fb104,2026-07-12,262,27641670183,1.565,2918951,
past260,유썬콩,dd5e9cc04a332737fcbcbe0b286fb104,2026-07-13,262,27641670183,1.565,,
past260,유썬콩,dd5e9cc04a332737fcbcbe0b286fb104,2026-07-14,262,27641670183,1.565,,
past260,유썬콩,dd5e9cc04a332737fcbcbe0b286fb104,2026-07-15,262,27641670183,1.565,,
past260,유썬콩,dd5e9cc04a332737fcbcbe0b286fb104,2026-07-16,262,27641670183,1.565,,
past260,유썬콩,dd5e9cc04a332737fcbcbe0b286fb104,2026-07-17,262,27641670183,1.565,,
past260,유썬콩,dd5e9cc04a332737fcbcbe0b286fb104,2026-07-18,262,27641670183,1.565,,
past260,유썬콩,dd5e9cc04a332737fcbcbe0b286fb104,2026-07-19,262,27641670183,1.565,,
past260,유썬콩,dd5e9cc04a332737fcbcbe0b286fb104,2026-07-20,262,27641670183,1.565,2918951,
past260,유썬콩,dd5e9cc04a332737fcbcbe0b286fb104,2026-07-21,262,27641670183,1.565,,
past260,유썬콩,dd5e9cc04a332737fcbcbe0b286fb104,2026-07-22,262,27641670183,1.565,,
past260,뚜르응,ab104888755f3eca685377541bca7f04,2026-06-18,262,23178117473,1.312,6768527,
past260,뚜르응,ab104888755f3eca685377541bca7f04,2026-06-19,262,23178117473,1.312,,
past260,뚜르응,ab104888755f3eca685377541bca7f04,2026-06-20,262,23178117473,1.312,,
past260,뚜르응,ab104888755f3eca685377541bca7f04,2026-06-21,262,23178117473,1.312,,
past260,뚜르응,ab104888755f3eca685377541bca7f04,2026-06-22,262,23178117473,1.312,,
past260,뚜르응,ab104888755f3eca685377541bca7f04,2026-06-23,262,23178117473,1.312,,
past260,뚜르응,ab104888755f3eca685377541bca7f04,2026-06-24,262,23178117473,1.312,,
past260,뚜르응,ab104888755f3eca685377541bca7f04,2026-06-25,262,23178117473,1.312,,
past260,뚜르응,ab104888755f3eca685377541bca7f04,2026-06-26,262,23178117473,1.312,7107667,
past260,뚜르응,ab104888755f3eca685377541bca7f04,2026-06-27,262,23178117473,1.312,,
past260,뚜르응,ab104888755f3eca685377541bca7f04,2026-06-28,262,23178117473,1.312,,
past260,뚜르응,ab104888755f3eca685377541bca7f04,2026-06-29,262,23178117473,1.312,,
past260,뚜르응,ab104888755f3eca685377541bca7f04,2026-06-30,262,23178117473,1.312,,
past260,뚜르응,ab104888755f3eca685377541bca7f04,2026-07-01,262,23178117473,1.312,,
past260,뚜르응,ab104888755f3eca685377541bca7f04,2026-07-02,262,23178117473,1.312,,
past260,뚜르응,ab104888755f3eca685377541bca7f04,2026-07-03,262,23178117473,1.312,,
past260,뚜르응,ab104888755f3eca685377541bca7f04,2026-07-04,262,23178117473,1.312,7107667,
past260,뚜르응,ab104888755f3eca685377541bca7f04,2026-07-05,262,23178117473,1.312,,
past260,뚜르응,ab104888755f3eca685377541bca7f04,2026-07-06,262,23178117473,1.312,,
past260,뚜르응,ab104888755f3eca685377541bca7f04,2026-07-07,262,23178117473,1.312,,
past260,뚜르응,ab104888755f3eca685377541bca7f04,2026-07-08,262,23178117473,1.312,,
past260,뚜르응,ab104888755f3eca685377541bca7f04,2026-07-09,262,23178117473,1.312,,
past260,뚜르응,ab104888755f3eca685377541bca7f04,2026-07-10,262,23178117473,1.312,,
past260,뚜르응,ab104888755f3eca685377541bca7f04,2026-07-11,262,23178117473,1.312,,
past260,뚜르응,ab104888755f3eca685377541bca7f04,2026-07-12,262,23178117473,1.312,5878669,
past260,뚜르응,ab104888755f3eca685377541bca7f04,2026-07-13,262,23178117473,1.312,,
past260,뚜르응,ab104888755f3eca685377541bca7f04,2026-07-14,262,23178117473,1.312,,
past260,뚜르응,ab104888755f3eca685377541bca7f04,2026-07-15,262,23178117473,1.312,,
past260,뚜르응,ab104888755f3eca685377541bca7f04,2026-07-16,262,23178117473,1.312,,
past260,뚜르응,ab104888755f3eca685377541bca7f04,2026-07-17,262,23178117473,1.312,,
past260,뚜르응,ab104888755f3eca685377541bca7f04,2026-07-18,262,23178117473,1.312,,
past260,뚜르응,ab104888755f3eca685377541bca7f04,2026-07-19,262,23178117473,1.312,,
past260,뚜르응,ab104888755f3eca685377541bca7f04,2026-07-20,262,23178117473,1.312,5878669,
past260,뚜르응,ab104888755f3eca685377541bca7f04,2026-07-21,262,23178117473,1.312,,
past260,뚜르응,ab104888755f3eca685377541bca7f04,2026-07-22,262,23178117473,1.312,,
past260,크웠,5197b8190fe1ce90fd155d2e9a2e516d,2026-06-18,262,28742961745,1.627,11411139,
past260,크웠,5197b8190fe1ce90fd155d2e9a2e516d,2026-06-19,262,28742961745,1.627,,
past260,크웠,5197b8190fe1ce90fd155d2e9a2e516d,2026-06-20,262,28742961745,1.627,,
past260,크웠,5197b8190fe1ce90fd155d2e9a2e516d,2026-06-21,262,28742961745,1.627,,
past260,크웠,5197b8190fe1ce90fd155d2e9a2e516d,2026-06-22,262,28742961745,1.627,,
past260,크웠,5197b8190fe1ce90fd155d2e9a2e516d,2026-06-23,262,28742961745,1.627,,
past260,크웠,5197b8190fe1ce90fd155d2e9a2e516d,2026-06-24,262,28742961745,1.627,,
past260,크웠,5197b8190fe1ce90fd155d2e9a2e516d,2026-06-25,262,28742961745,1.627,,
past260,크웠,5197b8190fe1ce90fd155d2e9a2e516d,2026-06-26,262,28742961745,1.627,11411139,
past260,크웠,5197b8190fe1ce90fd155d2e9a2e516d,2026-06-27,262,28742961745,1.627,,
past260,크웠,5197b8190fe1ce90fd155d2e9a2e516d,2026-06-28,262,28742961745,1.627,,
past260,크웠,5197b8190fe1ce90fd155d2e9a2e516d,2026-06-29,262,28742961745,1.627,,
past260,크웠,5197b8190fe1ce90fd155d2e9a2e516d,2026-06-30,262,28742961745,1.627,,
past260,크웠,5197b8190fe1ce90fd155d2e9a2e516d,2026-07-01,262,28742961745,1.627,,
past260,크웠,5197b8190fe1ce90fd155d2e9a2e516d,2026-07-02,262,28742961745,1.627,,
past260,크웠,5197b8190fe1ce90fd155d2e9a2e516d,2026-07-03,262,28742961745,1.627,,
past260,크웠,5197b8190fe1ce90fd155d2e9a2e516d,2026-07-04,262,28742961745,1.627,11411139,
past260,크웠,5197b8190fe1ce90fd155d2e9a2e516d,2026-07-05,262,28742961745,1.627,,
past260,크웠,5197b8190fe1ce90fd155d2e9a2e516d,2026-07-06,262,28742961745,1.627,,
past260,크웠,5197b8190fe1ce90fd155d2e9a2e516d,2026-07-07,262,28742961745,1.627,,
past260,크웠,5197b8190fe1ce90fd155d2e9a2e516d,2026-07-08,262,28742961745,1.627,,
past260,크웠,5197b8190fe1ce90fd155d2e9a2e516d,2026-07-09,262,28742961745,1.627,,
past260,크웠,5197b8190fe1ce90fd155d2e9a2e516d,2026-07-10,262,28742961745,1.627,,
past260,크웠,5197b8190fe1ce90fd155d2e9a2e516d,2026-07-11,262,28742961745,1.627,,
past260,크웠,5197b8190fe1ce90fd155d2e9a2e516d,2026-07-12,262,28742961745,1.627,11411139,
past260,크웠,5197b8190fe1ce90fd155d2e9a2e516d,2026-07-13,262,28742961745,1.627,,
past260,크웠,5197b8190fe1ce90fd155d2e9a2e516d,2026-07-14,262,28742961745,1.627,,
past260,크웠,5197b8190fe1ce90fd155d2e9a2e516d,2026-07-15,262,28742961745,1.627,,
past260,크웠,5197b8190fe1ce90fd155d2e9a2e516d,2026-07-16,262,28742961745,1.627,,
past260,크웠,5197b8190fe1ce90fd155d2e9a2e516d,2026-07-17,262,28742961745,1.627,,
past260,크웠,5197b8190fe1ce90fd155d2e9a2e516d,2026-07-18,262,28742961745,1.627,,
past260,크웠,5197b8190fe1ce90fd155d2e9a2e516d,2026-07-19,262,28742961745,1.627,,
past260,크웠,5197b8190fe1ce90fd155d2e9a2e516d,2026-07-20,262,28742961745,1.627,11411139,
past260,크웠,5197b8190fe1ce90fd155d2e9a2e516d,2026-07-21,262,28742961745,1.627,,
past260,크웠,5197b8190fe1ce90fd155d2e9a2e516d,2026-07-22,262,28742961745,1.627,,
past260,구름치나워,aaa4891062a4d3e3b2a89ad0782099e1,2026-06-18,262,21960643439,1.243,6727288,
past260,구름치나워,aaa4891062a4d3e3b2a89ad0782099e1,2026-06-19,262,21960643439,1.243,,
past260,구름치나워,aaa4891062a4d3e3b2a89ad0782099e1,2026-06-20,262,21960643439,1.243,,
past260,구름치나워,aaa4891062a4d3e3b2a89ad0782099e1,2026-06-21,262,21960643439,1.243,,
past260,구름치나워,aaa4891062a4d3e3b2a89ad0782099e1,2026-06-22,262,21960643439,1.243,,
past260,구름치나워,aaa4891062a4d3e3b2a89ad0782099e1,2026-06-23,262,21960643439,1.243,,
past260,구름치나워,aaa4891062a4d3e3b2a89ad0782099e1,2026-06-24,262,21960643439,1.243,,
past260,구름치나워,aaa4891062a4d3e3b2a89ad0782099e1,2026-06-25,262,21960643439,1.243,,
past260,구름치나워,aaa4891062a4d3e3b2a89ad0782099e1,2026-06-26,262,21960643439,1.243,0,
past260,구름치나워,aaa4891062a4d3e3b2a89ad0782099e1,2026-06-27,262,21960643439,1.243,,
past260,구름치나워,aaa4891062a4d3e3b2a89ad0782099e1,2026-06-28,262,21960643439,1.243,,
past260,구름치나워,aaa4891062a4d3e3b2a89ad0782099e1,2026-06-29,262,21960643439,1.243,,
past260,구름치나워,aaa4891062a4d3e3b2a89ad0782099e1,2026-06-30,262,21960643439,1.243,,
past260,구름치나워,aaa4891062a4d3e3b2a89ad0782099e1,2026-07-01,262,21960643439,1.243,,
past260,구름치나워,aaa4891062a4d3e3b2a89ad0782099e1,2026-07-02,262,21960643439,1.243,,
past260,구름치나워,aaa4891062a4d3e3b2a89ad0782099e1,2026-07-03,262,21960643439,1.243,,
past260,구름치나워,aaa4891062a4d3e3b2a89ad0782099e1,2026-07-04,262,21960643439,1.243,0,
past260,구름치나워,aaa4891062a4d3e3b2a89ad0782099e1,2026-07-05,262,21960643439,1.243,,
past260,구름치나워,aaa4891062a4d3e3b2a89ad0782099e1,2026-07-06,262,21960643439,1.243,,
past260,구름치나워,aaa4891062a4d3e3b2a89ad0782099e1,2026-07-07,262,21960643439,1.243,,
past260,구름치나워,aaa4891062a4d3e3b2a89ad0782099e1,2026-07-08,262,21960643439,1.243,,
past260,구름치나워,aaa4891062a4d3e3b2a89ad0782099e1,2026-07-09,262,21960643439,1.243,,
past260,구름치나워,aaa4891062a4d3e3b2a89ad0782099e1,2026-07-10,262,21960643439,1.243,,
past260,구름치나워,aaa4891062a4d3e3b2a89ad0782099e1,2026-07-11,262,21960643439,1.243,,
past260,구름치나워,aaa4891062a4d3e3b2a89ad0782099e1,2026-07-12,262,21960643439,1.243,0,
past260,구름치나워,aaa4891062a4d3e3b2a89ad0782099e1,2026-07-13,262,21960643439,1.243,,
past260,구름치나워,aaa4891062a4d3e3b2a89ad0782099e1,2026-07-14,262,21960643439,1.243,,
past260,구름치나워,aaa4891062a4d3e3b2a89ad0782099e1,2026-07-15,262,21960643439,1.243,,
past260,구름치나워,aaa4891062a4d3e3b2a89ad0782099e1,2026-07-16,262,21960643439,1.243,,
past260,구름치나워,aaa4891062a4d3e3b2a89ad0782099e1,2026-07-17,262,21960643439,1.243,,
past260,구름치나워,aaa4891062a4d3e3b2a89ad0782099e1,2026-07-18,262,21960643439,1.243,,
past260,구름치나워,aaa4891062a4d3e3b2a89ad0782099e1,2026-07-19,262,21960643439,1.243,,
past260,구름치나워,aaa4891062a4d3e3b2a89ad0782099e1,2026-07-20,262,21960643439,1.243,0,
past260,구름치나워,aaa4891062a4d3e3b2a89ad0782099e1,2026-07-21,262,21960643439,1.243,,
past260,구름치나워,aaa4891062a4d3e3b2a89ad0782099e1,2026-07-22,262,21960643439,1.243,,
past260,자객암살자,04b2a365f11e0f8e48e4c65c1cfe70ed,2026-06-18,262,40765423768,2.307,5558158,
past260,자객암살자,04b2a365f11e0f8e48e4c65c1cfe70ed,2026-06-19,262,40765423768,2.307,,
past260,자객암살자,04b2a365f11e0f8e48e4c65c1cfe70ed,2026-06-20,262,40765423768,2.307,,
past260,자객암살자,04b2a365f11e0f8e48e4c65c1cfe70ed,2026-06-21,262,40765423768,2.307,,
past260,자객암살자,04b2a365f11e0f8e48e4c65c1cfe70ed,2026-06-22,262,40765423768,2.307,,
past260,자객암살자,04b2a365f11e0f8e48e4c65c1cfe70ed,2026-06-23,262,40765423768,2.307,,
past260,자객암살자,04b2a365f11e0f8e48e4c65c1cfe70ed,2026-06-24,262,40765423768,2.307,,
past260,자객암살자,04b2a365f11e0f8e48e4c65c1cfe70ed,2026-06-25,262,40765423768,2.307,,
past260,자객암살자,04b2a365f11e0f8e48e4c65c1cfe70ed,2026-06-26,262,40765423768,2.307,5558158,
past260,자객암살자,04b2a365f11e0f8e48e4c65c1cfe70ed,2026-06-27,262,40765423768,2.307,,
past260,자객암살자,04b2a365f11e0f8e48e4c65c1cfe70ed,2026-06-28,262,40765423768,2.307,,
past260,자객암살자,04b2a365f11e0f8e48e4c65c1cfe70ed,2026-06-29,262,40765423768,2.307,,
past260,자객암살자,04b2a365f11e0f8e48e4c65c1cfe70ed,2026-06-30,262,40765423768,2.307,,
past260,자객암살자,04b2a365f11e0f8e48e4c65c1cfe70ed,2026-07-01,262,40765423768,2.307,,
past260,자객암살자,04b2a365f11e0f8e48e4c65c1cfe70ed,2026-07-02,262,40765423768,2.307,,
past260,자객암살자,04b2a365f11e0f8e48e4c65c1cfe70ed,2026-07-03,262,40765423768,2.307,,
past260,자객암살자,04b2a365f11e0f8e48e4c65c1cfe70ed,2026-07-04,262,40765423768,2.307,5558158,
past260,자객암살자,04b2a365f11e0f8e48e4c65c1cfe70ed,2026-07-05,262,40765423768,2.307,,
past260,자객암살자,04b2a365f11e0f8e48e4c65c1cfe70ed,2026-07-06,262,40765423768,2.307,,
past260,자객암살자,04b2a365f11e0f8e48e4c65c1cfe70ed,2026-07-07,262,40765423768,2.307,,
past260,자객암살자,04b2a365f11e0f8e48e4c65c1cfe70ed,2026-07-08,262,40765423768,2.307,,
past260,자객암살자,04b2a365f11e0f8e48e4c65c1cfe70ed,2026-07-09,262,40765423768,2.307,,
past260,자객암살자,04b2a365f11e0f8e48e4c65c1cfe70ed,2026-07-10,262,40765423768,2.307,,
past260,자객암살자,04b2a365f11e0f8e48e4c65c1cfe70ed,2026-07-11,262,40765423768,2.307,,
past260,자객암살자,04b2a365f11e0f8e48e4c65c1cfe70ed,2026-07-12,262,40765423768,2.307,5558158,
past260,자객암살자,04b2a365f11e0f8e48e4c65c1cfe70ed,2026-07-13,262,40765423768,2.307,,
past260,자객암살자,04b2a365f11e0f8e48e4c65c1cfe70ed,2026-07-14,262,40765423768,2.307,,
past260,자객암살자,04b2a365f11e0f8e48e4c65c1cfe70ed,2026-07-15,262,40765423768,2.307,,
past260,자객암살자,04b2a365f11e0f8e48e4c65c1cfe70ed,2026-07-16,262,40765423768,2.307,,
past260,자객암살자,04b2a365f11e0f8e48e4c65c1cfe70ed,2026-07-17,262,40765423768,2.307,,
past260,자객암살자,04b2a365f11e0f8e48e4c65c1cfe70ed,2026-07-18,262,40765423768,2.307,,
past260,자객암살자,04b2a365f11e0f8e48e4c65c1cfe70ed,2026-07-19,262,40765423768,2.307,,
past260,자객암살자,04b2a365f11e0f8e48e4c65c1cfe70ed,2026-07-20,262,40765423768,2.307,5558158,
past260,자객암살자,04b2a365f11e0f8e48e4c65c1cfe70ed,2026-07-21,262,40765423768,2.307,,
past260,자객암살자,04b2a365f11e0f8e48e4c65c1cfe70ed,2026-07-22,262,40765423768,2.307,,
past260,왼손에흑염증,d956f6fdec7267eaa59e8fc70952c5a4efe8d04e6d233bd35cf2fabdeb93fb0d,2026-06-18,262,35710280484,2.021,597419,
past260,왼손에흑염증,d956f6fdec7267eaa59e8fc70952c5a4efe8d04e6d233bd35cf2fabdeb93fb0d,2026-06-19,262,35710280484,2.021,,
past260,왼손에흑염증,d956f6fdec7267eaa59e8fc70952c5a4efe8d04e6d233bd35cf2fabdeb93fb0d,2026-06-20,262,35710280484,2.021,,
past260,왼손에흑염증,d956f6fdec7267eaa59e8fc70952c5a4efe8d04e6d233bd35cf2fabdeb93fb0d,2026-06-21,262,35710280484,2.021,,
past260,왼손에흑염증,d956f6fdec7267eaa59e8fc70952c5a4efe8d04e6d233bd35cf2fabdeb93fb0d,2026-06-22,262,35710280484,2.021,,
past260,왼손에흑염증,d956f6fdec7267eaa59e8fc70952c5a4efe8d04e6d233bd35cf2fabdeb93fb0d,2026-06-23,262,35710280484,2.021,,
past260,왼손에흑염증,d956f6fdec7267eaa59e8fc70952c5a4efe8d04e6d233bd35cf2fabdeb93fb0d,2026-06-24,262,35710280484,2.021,,
past260,왼손에흑염증,d956f6fdec7267eaa59e8fc70952c5a4efe8d04e6d233bd35cf2fabdeb93fb0d,2026-06-25,262,35710280484,2.021,,
past260,왼손에흑염증,d956f6fdec7267eaa59e8fc70952c5a4efe8d04e6d233bd35cf2fabdeb93fb0d,2026-06-26,262,35710280484,2.021,597419,
past260,왼손에흑염증,d956f6fdec7267eaa59e8fc70952c5a4efe8d04e6d233bd35cf2fabdeb93fb0d,2026-06-27,262,35710280484,2.021,,
past260,왼손에흑염증,d956f6fdec7267eaa59e8fc70952c5a4efe8d04e6d233bd35cf2fabdeb93fb0d,2026-06-28,262,35710280484,2.021,,
past260,왼손에흑염증,d956f6fdec7267eaa59e8fc70952c5a4efe8d04e6d233bd35cf2fabdeb93fb0d,2026-06-29,262,35710280484,2.021,,
past260,왼손에흑염증,d956f6fdec7267eaa59e8fc70952c5a4efe8d04e6d233bd35cf2fabdeb93fb0d,2026-06-30,262,35710280484,2.021,,
past260,왼손에흑염증,d956f6fdec7267eaa59e8fc70952c5a4efe8d04e6d233bd35cf2fabdeb93fb0d,2026-07-01,262,35710280484,2.021,,
past260,왼손에흑염증,d956f6fdec7267eaa59e8fc70952c5a4efe8d04e6d233bd35cf2fabdeb93fb0d,2026-07-02,262,35710280484,2.021,,
past260,왼손에흑염증,d956f6fdec7267eaa59e8fc70952c5a4efe8d04e6d233bd35cf2fabdeb93fb0d,2026-07-03,262,35710280484,2.021,,
past260,왼손에흑염증,d956f6fdec7267eaa59e8fc70952c5a4efe8d04e6d233bd35cf2fabdeb93fb0d,2026-07-04,262,35710280484,2.021,630235,
past260,왼손에흑염증,d956f6fdec7267eaa59e8fc70952c5a4efe8d04e6d233bd35cf2fabdeb93fb0d,2026-07-05,262,35710280484,2.021,,
past260,왼손에흑염증,d956f6fdec7267eaa59e8fc70952c5a4efe8d04e6d233bd35cf2fabdeb93fb0d,2026-07-06,262,35710280484,2.021,,
past260,왼손에흑염증,d956f6fdec7267eaa59e8fc70952c5a4efe8d04e6d233bd35cf2fabdeb93fb0d,2026-07-07,262,35710280484,2.021,,
past260,왼손에흑염증,d956f6fdec7267eaa59e8fc70952c5a4efe8d04e6d233bd35cf2fabdeb93fb0d,2026-07-08,262,35710280484,2.021,,
past260,왼손에흑염증,d956f6fdec7267eaa59e8fc70952c5a4efe8d04e6d233bd35cf2fabdeb93fb0d,2026-07-09,262,35710280484,2.021,,
past260,왼손에흑염증,d956f6fdec7267eaa59e8fc70952c5a4efe8d04e6d233bd35cf2fabdeb93fb0d,2026-07-10,262,35710280484,2.021,,
past260,왼손에흑염증,d956f6fdec7267eaa59e8fc70952c5a4efe8d04e6d233bd35cf2fabdeb93fb0d,2026-07-11,262,35710280484,2.021,,
past260,왼손에흑염증,d956f6fdec7267eaa59e8fc70952c5a4efe8d04e6d233bd35cf2fabdeb93fb0d,2026-07-12,262,35710280484,2.021,630235,
past260,왼손에흑염증,d956f6fdec7267eaa59e8fc70952c5a4efe8d04e6d233bd35cf2fabdeb93fb0d,2026-07-13,262,35710280484,2.021,,
past260,왼손에흑염증,d956f6fdec7267eaa59e8fc70952c5a4efe8d04e6d233bd35cf2fabdeb93fb0d,2026-07-14,262,35710280484,2.021,,
past260,왼손에흑염증,d956f6fdec7267eaa59e8fc70952c5a4efe8d04e6d233bd35cf2fabdeb93fb0d,2026-07-15,262,35710280484,2.021,,
past260,왼손에흑염증,d956f6fdec7267eaa59e8fc70952c5a4efe8d04e6d233bd35cf2fabdeb93fb0d,2026-07-16,262,35710280484,2.021,,
past260,왼손에흑염증,d956f6fdec7267eaa59e8fc70952c5a4efe8d04e6d233bd35cf2fabdeb93fb0d,2026-07-17,262,35710280484,2.021,,
past260,왼손에흑염증,d956f6fdec7267eaa59e8fc70952c5a4efe8d04e6d233bd35cf2fabdeb93fb0d,2026-07-18,262,35710280484,2.021,,
past260,왼손에흑염증,d956f6fdec7267eaa59e8fc70952c5a4efe8d04e6d233bd35cf2fabdeb93fb0d,2026-07-19,262,35710280484,2.021,,
past260,왼손에흑염증,d956f6fdec7267eaa59e8fc70952c5a4efe8d04e6d233bd35cf2fabdeb93fb0d,2026-07-20,262,35710280484,2.021,630235,
past260,왼손에흑염증,d956f6fdec7267eaa59e8fc70952c5a4efe8d04e6d233bd35cf2fabdeb93fb0d,2026-07-21,262,35710280484,2.021,,
past260,왼손에흑염증,d956f6fdec7267eaa59e8fc70952c5a4efe8d04e6d233bd35cf2fabdeb93fb0d,2026-07-22,262,35710280484,2.021,,
past260,말랑와이번,ec069b50f7987fdda0cc5d555f9b4fabefe8d04e6d233bd35cf2fabdeb93fb0d,2026-06-18,262,35642657844,2.017,2577139,
past260,말랑와이번,ec069b50f7987fdda0cc5d555f9b4fabefe8d04e6d233bd35cf2fabdeb93fb0d,2026-06-19,262,35642657844,2.017,,
past260,말랑와이번,ec069b50f7987fdda0cc5d555f9b4fabefe8d04e6d233bd35cf2fabdeb93fb0d,2026-06-20,262,35642657844,2.017,,
past260,말랑와이번,ec069b50f7987fdda0cc5d555f9b4fabefe8d04e6d233bd35cf2fabdeb93fb0d,2026-06-21,262,35642657844,2.017,,
past260,말랑와이번,ec069b50f7987fdda0cc5d555f9b4fabefe8d04e6d233bd35cf2fabdeb93fb0d,2026-06-22,262,35642657844,2.017,,
past260,말랑와이번,ec069b50f7987fdda0cc5d555f9b4fabefe8d04e6d233bd35cf2fabdeb93fb0d,2026-06-23,262,35642657844,2.017,,
past260,말랑와이번,ec069b50f7987fdda0cc5d555f9b4fabefe8d04e6d233bd35cf2fabdeb93fb0d,2026-06-24,262,35642657844,2.017,,
past260,말랑와이번,ec069b50f7987fdda0cc5d555f9b4fabefe8d04e6d233bd35cf2fabdeb93fb0d,2026-06-25,262,35642657844,2.017,,
past260,말랑와이번,ec069b50f7987fdda0cc5d555f9b4fabefe8d04e6d233bd35cf2fabdeb93fb0d,2026-06-26,262,35642657844,2.017,2577139,
past260,말랑와이번,ec069b50f7987fdda0cc5d555f9b4fabefe8d04e6d233bd35cf2fabdeb93fb0d,2026-06-27,262,35642657844,2.017,,
past260,말랑와이번,ec069b50f7987fdda0cc5d555f9b4fabefe8d04e6d233bd35cf2fabdeb93fb0d,2026-06-28,262,35642657844,2.017,,
past260,말랑와이번,ec069b50f7987fdda0cc5d555f9b4fabefe8d04e6d233bd35cf2fabdeb93fb0d,2026-06-29,262,35642657844,2.017,,
past260,말랑와이번,ec069b50f7987fdda0cc5d555f9b4fabefe8d04e6d233bd35cf2fabdeb93fb0d,2026-06-30,262,35642657844,2.017,,
past260,말랑와이번,ec069b50f7987fdda0cc5d555f9b4fabefe8d04e6d233bd35cf2fabdeb93fb0d,2026-07-01,262,35642657844,2.017,,
past260,말랑와이번,ec069b50f7987fdda0cc5d555f9b4fabefe8d04e6d233bd35cf2fabdeb93fb0d,2026-07-02,262,35642657844,2.017,,
past260,말랑와이번,ec069b50f7987fdda0cc5d555f9b4fabefe8d04e6d233bd35cf2fabdeb93fb0d,2026-07-03,262,35642657844,2.017,,
past260,말랑와이번,ec069b50f7987fdda0cc5d555f9b4fabefe8d04e6d233bd35cf2fabdeb93fb0d,2026-07-04,262,35642657844,2.017,2577139,
past260,말랑와이번,ec069b50f7987fdda0cc5d555f9b4fabefe8d04e6d233bd35cf2fabdeb93fb0d,2026-07-05,262,35642657844,2.017,,
past260,말랑와이번,ec069b50f7987fdda0cc5d555f9b4fabefe8d04e6d233bd35cf2fabdeb93fb0d,2026-07-06,262,35642657844,2.017,,
past260,말랑와이번,ec069b50f7987fdda0cc5d555f9b4fabefe8d04e6d233bd35cf2fabdeb93fb0d,2026-07-07,262,35642657844,2.017,,
past260,말랑와이번,ec069b50f7987fdda0cc5d555f9b4fabefe8d04e6d233bd35cf2fabdeb93fb0d,2026-07-08,262,35642657844,2.017,,
past260,말랑와이번,ec069b50f7987fdda0cc5d555f9b4fabefe8d04e6d233bd35cf2fabdeb93fb0d,2026-07-09,262,35642657844,2.017,,
past260,말랑와이번,ec069b50f7987fdda0cc5d555f9b4fabefe8d04e6d233bd35cf2fabdeb93fb0d,2026-07-10,262,35642657844,2.017,,
past260,말랑와이번,ec069b50f7987fdda0cc5d555f9b4fabefe8d04e6d233bd35cf2fabdeb93fb0d,2026-07-11,262,35642657844,2.017,,
past260,말랑와이번,ec069b50f7987fdda0cc5d555f9b4fabefe8d04e6d233bd35cf2fabdeb93fb0d,2026-07-12,262,35642657844,2.017,2577139,
past260,말랑와이번,ec069b50f7987fdda0cc5d555f9b4fabefe8d04e6d233bd35cf2fabdeb93fb0d,2026-07-13,262,35642657844,2.017,,
past260,말랑와이번,ec069b50f7987fdda0cc5d555f9b4fabefe8d04e6d233bd35cf2fabdeb93fb0d,2026-07-14,262,35642657844,2.017,,
past260,말랑와이번,ec069b50f7987fdda0cc5d555f9b4fabefe8d04e6d233bd35cf2fabdeb93fb0d,2026-07-15,262,35642657844,2.017,,
past260,말랑와이번,ec069b50f7987fdda0cc5d555f9b4fabefe8d04e6d233bd35cf2fabdeb93fb0d,2026-07-16,262,35642657844,2.017,,
past260,말랑와이번,ec069b50f7987fdda0cc5d555f9b4fabefe8d04e6d233bd35cf2fabdeb93fb0d,2026-07-17,262,35642657844,2.017,,
past260,말랑와이번,ec069b50f7987fdda0cc5d555f9b4fabefe8d04e6d233bd35cf2fabdeb93fb0d,2026-07-18,262,35642657844,2.017,,
past260,말랑와이번,ec069b50f7987fdda0cc5d555f9b4fabefe8d04e6d233bd35cf2fabdeb93fb0d,2026-07-19,262,35642657844,2.017,,
past260,말랑와이번,ec069b50f7987fdda0cc5d555f9b4fabefe8d04e6d233bd35cf2fabdeb93fb0d,2026-07-20,262,35642657844,2.017,2577139,
past260,말랑와이번,ec069b50f7987fdda0cc5d555f9b4fabefe8d04e6d233bd35cf2fabdeb93fb0d,2026-07-21,262,35642657844,2.017,,
past260,말랑와이번,ec069b50f7987fdda0cc5d555f9b4fabefe8d04e6d233bd35cf2fabdeb93fb0d,2026-07-22,262,35642657844,2.017,,
past260,물새는데요,,2026-06-18,,,,,ocid_failed
past260,물새는데요,,2026-06-19,,,,,ocid_failed
past260,물새는데요,,2026-06-20,,,,,ocid_failed
past260,물새는데요,,2026-06-21,,,,,ocid_failed
past260,물새는데요,,2026-06-22,,,,,ocid_failed
past260,물새는데요,,2026-06-23,,,,,ocid_failed
past260,물새는데요,,2026-06-24,,,,,ocid_failed
past260,물새는데요,,2026-06-25,,,,,ocid_failed
past260,물새는데요,,2026-06-26,,,,,ocid_failed
past260,물새는데요,,2026-06-27,,,,,ocid_failed
past260,물새는데요,,2026-06-28,,,,,ocid_failed
past260,물새는데요,,2026-06-29,,,,,ocid_failed
past260,물새는데요,,2026-06-30,,,,,ocid_failed
past260,물새는데요,,2026-07-01,,,,,ocid_failed
past260,물새는데요,,2026-07-02,,,,,ocid_failed
past260,물새는데요,,2026-07-03,,,,,ocid_failed
past260,물새는데요,,2026-07-04,,,,,ocid_failed
past260,물새는데요,,2026-07-05,,,,,ocid_failed
past260,물새는데요,,2026-07-06,,,,,ocid_failed
past260,물새는데요,,2026-07-07,,,,,ocid_failed
past260,물새는데요,,2026-07-08,,,,,ocid_failed
past260,물새는데요,,2026-07-09,,,,,ocid_failed
past260,물새는데요,,2026-07-10,,,,,ocid_failed
past260,물새는데요,,2026-07-11,,,,,ocid_failed
past260,물새는데요,,2026-07-12,,,,,ocid_failed
past260,물새는데요,,2026-07-13,,,,,ocid_failed
past260,물새는데요,,2026-07-14,,,,,ocid_failed
past260,물새는데요,,2026-07-15,,,,,ocid_failed
past260,물새는데요,,2026-07-16,,,,,ocid_failed
past260,물새는데요,,2026-07-17,,,,,ocid_failed
past260,물새는데요,,2026-07-18,,,,,ocid_failed
past260,물새는데요,,2026-07-19,,,,,ocid_failed
past260,물새는데요,,2026-07-20,,,,,ocid_failed
past260,물새는데요,,2026-07-21,,,,,ocid_failed
past260,물새는데요,,2026-07-22,,,,,ocid_failed
past260,랑놋,e737cc82548442f7f8cc4b0beed68170,2026-06-18,262,40220031240,2.277,0,
past260,랑놋,e737cc82548442f7f8cc4b0beed68170,2026-06-19,262,40220031240,2.277,,
past260,랑놋,e737cc82548442f7f8cc4b0beed68170,2026-06-20,262,40220031240,2.277,,
past260,랑놋,e737cc82548442f7f8cc4b0beed68170,2026-06-21,262,40220031240,2.277,,
past260,랑놋,e737cc82548442f7f8cc4b0beed68170,2026-06-22,262,40220031240,2.277,,
past260,랑놋,e737cc82548442f7f8cc4b0beed68170,2026-06-23,262,40220031240,2.277,,
past260,랑놋,e737cc82548442f7f8cc4b0beed68170,2026-06-24,262,40220031240,2.277,,
past260,랑놋,e737cc82548442f7f8cc4b0beed68170,2026-06-25,262,40220031240,2.277,,
past260,랑놋,e737cc82548442f7f8cc4b0beed68170,2026-06-26,262,40220031240,2.277,0,
past260,랑놋,e737cc82548442f7f8cc4b0beed68170,2026-06-27,262,40220031240,2.277,,
past260,랑놋,e737cc82548442f7f8cc4b0beed68170,2026-06-28,262,40220031240,2.277,,
past260,랑놋,e737cc82548442f7f8cc4b0beed68170,2026-06-29,262,40220031240,2.277,,
past260,랑놋,e737cc82548442f7f8cc4b0beed68170,2026-06-30,262,40220031240,2.277,,
past260,랑놋,e737cc82548442f7f8cc4b0beed68170,2026-07-01,262,40220031240,2.277,,
past260,랑놋,e737cc82548442f7f8cc4b0beed68170,2026-07-02,262,40220031240,2.277,,
past260,랑놋,e737cc82548442f7f8cc4b0beed68170,2026-07-03,262,40220031240,2.277,,
past260,랑놋,e737cc82548442f7f8cc4b0beed68170,2026-07-04,262,40220031240,2.277,0,
past260,랑놋,e737cc82548442f7f8cc4b0beed68170,2026-07-05,262,40220031240,2.277,,
past260,랑놋,e737cc82548442f7f8cc4b0beed68170,2026-07-06,262,40220031240,2.277,,
past260,랑놋,e737cc82548442f7f8cc4b0beed68170,2026-07-07,262,40220031240,2.277,,
past260,랑놋,e737cc82548442f7f8cc4b0beed68170,2026-07-08,262,40220031240,2.277,,
past260,랑놋,e737cc82548442f7f8cc4b0beed68170,2026-07-09,262,40220031240,2.277,,
past260,랑놋,e737cc82548442f7f8cc4b0beed68170,2026-07-10,262,40220031240,2.277,,
past260,랑놋,e737cc82548442f7f8cc4b0beed68170,2026-07-11,262,40220031240,2.277,,
past260,랑놋,e737cc82548442f7f8cc4b0beed68170,2026-07-12,262,40220031240,2.277,0,
past260,랑놋,e737cc82548442f7f8cc4b0beed68170,2026-07-13,262,40220031240,2.277,,
past260,랑놋,e737cc82548442f7f8cc4b0beed68170,2026-07-14,262,40220031240,2.277,,
past260,랑놋,e737cc82548442f7f8cc4b0beed68170,2026-07-15,262,40220031240,2.277,,
past260,랑놋,e737cc82548442f7f8cc4b0beed68170,2026-07-16,262,40220031240,2.277,,
past260,랑놋,e737cc82548442f7f8cc4b0beed68170,2026-07-17,262,40220031240,2.277,,
past260,랑놋,e737cc82548442f7f8cc4b0beed68170,2026-07-18,262,40220031240,2.277,,
past260,랑놋,e737cc82548442f7f8cc4b0beed68170,2026-07-19,262,40220031240,2.277,,
past260,랑놋,e737cc82548442f7f8cc4b0beed68170,2026-07-20,262,40220031240,2.277,0,
past260,랑놋,e737cc82548442f7f8cc4b0beed68170,2026-07-21,262,40220031240,2.277,,
past260,랑놋,e737cc82548442f7f8cc4b0beed68170,2026-07-22,262,40220031240,2.277,,
past260,꺄세,c0f3858312e3e4d9f70707261d51cc1ee85e07f9d5d276f44440847eec04ba68,2026-06-18,262,31783622914,1.799,9155405,
past260,꺄세,c0f3858312e3e4d9f70707261d51cc1ee85e07f9d5d276f44440847eec04ba68,2026-06-19,262,31783622914,1.799,,
past260,꺄세,c0f3858312e3e4d9f70707261d51cc1ee85e07f9d5d276f44440847eec04ba68,2026-06-20,262,31783622914,1.799,,
past260,꺄세,c0f3858312e3e4d9f70707261d51cc1ee85e07f9d5d276f44440847eec04ba68,2026-06-21,262,31783622914,1.799,,
past260,꺄세,c0f3858312e3e4d9f70707261d51cc1ee85e07f9d5d276f44440847eec04ba68,2026-06-22,262,31783622914,1.799,,
past260,꺄세,c0f3858312e3e4d9f70707261d51cc1ee85e07f9d5d276f44440847eec04ba68,2026-06-23,262,31783622914,1.799,,
past260,꺄세,c0f3858312e3e4d9f70707261d51cc1ee85e07f9d5d276f44440847eec04ba68,2026-06-24,262,31783622914,1.799,,
past260,꺄세,c0f3858312e3e4d9f70707261d51cc1ee85e07f9d5d276f44440847eec04ba68,2026-06-25,262,31783622914,1.799,,
past260,꺄세,c0f3858312e3e4d9f70707261d51cc1ee85e07f9d5d276f44440847eec04ba68,2026-06-26,262,31783622914,1.799,9155405,
past260,꺄세,c0f3858312e3e4d9f70707261d51cc1ee85e07f9d5d276f44440847eec04ba68,2026-06-27,262,31783622914,1.799,,
past260,꺄세,c0f3858312e3e4d9f70707261d51cc1ee85e07f9d5d276f44440847eec04ba68,2026-06-28,262,31783622914,1.799,,
past260,꺄세,c0f3858312e3e4d9f70707261d51cc1ee85e07f9d5d276f44440847eec04ba68,2026-06-29,262,31783622914,1.799,,
past260,꺄세,c0f3858312e3e4d9f70707261d51cc1ee85e07f9d5d276f44440847eec04ba68,2026-06-30,262,31783622914,1.799,,
past260,꺄세,c0f3858312e3e4d9f70707261d51cc1ee85e07f9d5d276f44440847eec04ba68,2026-07-01,262,31783622914,1.799,,
past260,꺄세,c0f3858312e3e4d9f70707261d51cc1ee85e07f9d5d276f44440847eec04ba68,2026-07-02,262,31783622914,1.799,,
past260,꺄세,c0f3858312e3e4d9f70707261d51cc1ee85e07f9d5d276f44440847eec04ba68,2026-07-03,262,31783622914,1.799,,
past260,꺄세,c0f3858312e3e4d9f70707261d51cc1ee85e07f9d5d276f44440847eec04ba68,2026-07-04,262,31783622914,1.799,9155405,
past260,꺄세,c0f3858312e3e4d9f70707261d51cc1ee85e07f9d5d276f44440847eec04ba68,2026-07-05,262,31783622914,1.799,,
past260,꺄세,c0f3858312e3e4d9f70707261d51cc1ee85e07f9d5d276f44440847eec04ba68,2026-07-06,262,31783622914,1.799,,
past260,꺄세,c0f3858312e3e4d9f70707261d51cc1ee85e07f9d5d276f44440847eec04ba68,2026-07-07,262,31783622914,1.799,,
past260,꺄세,c0f3858312e3e4d9f70707261d51cc1ee85e07f9d5d276f44440847eec04ba68,2026-07-08,262,31783622914,1.799,,
past260,꺄세,c0f3858312e3e4d9f70707261d51cc1ee85e07f9d5d276f44440847eec04ba68,2026-07-09,262,31783622914,1.799,,
past260,꺄세,c0f3858312e3e4d9f70707261d51cc1ee85e07f9d5d276f44440847eec04ba68,2026-07-10,262,31783622914,1.799,,
past260,꺄세,c0f3858312e3e4d9f70707261d51cc1ee85e07f9d5d276f44440847eec04ba68,2026-07-11,262,31783622914,1.799,,
past260,꺄세,c0f3858312e3e4d9f70707261d51cc1ee85e07f9d5d276f44440847eec04ba68,2026-07-12,262,31783622914,1.799,9155405,
past260,꺄세,c0f3858312e3e4d9f70707261d51cc1ee85e07f9d5d276f44440847eec04ba68,2026-07-13,262,31783622914,1.799,,
past260,꺄세,c0f3858312e3e4d9f70707261d51cc1ee85e07f9d5d276f44440847eec04ba68,2026-07-14,262,31783622914,1.799,,
past260,꺄세,c0f3858312e3e4d9f70707261d51cc1ee85e07f9d5d276f44440847eec04ba68,2026-07-15,262,31783622914,1.799,,
past260,꺄세,c0f3858312e3e4d9f70707261d51cc1ee85e07f9d5d276f44440847eec04ba68,2026-07-16,262,31783622914,1.799,,
past260,꺄세,c0f3858312e3e4d9f70707261d51cc1ee85e07f9d5d276f44440847eec04ba68,2026-07-17,262,31783622914,1.799,,
past260,꺄세,c0f3858312e3e4d9f70707261d51cc1ee85e07f9d5d276f44440847eec04ba68,2026-07-18,262,31783622914,1.799,,
past260,꺄세,c0f3858312e3e4d9f70707261d51cc1ee85e07f9d5d276f44440847eec04ba68,2026-07-19,262,31783622914,1.799,,
past260,꺄세,c0f3858312e3e4d9f70707261d51cc1ee85e07f9d5d276f44440847eec04ba68,2026-07-20,262,31783622914,1.799,9155405,
past260,꺄세,c0f3858312e3e4d9f70707261d51cc1ee85e07f9d5d276f44440847eec04ba68,2026-07-21,262,31783622914,1.799,,
past260,꺄세,c0f3858312e3e4d9f70707261d51cc1ee85e07f9d5d276f44440847eec04ba68,2026-07-22,262,31783622914,1.799,,
past260,Eromok,4b8da0e3b90b8ab5930a353a6a8061f1c47ea5ffea2564f587ca830a8f71acb2,2026-06-18,262,44943700767,2.544,1770536,
past260,Eromok,4b8da0e3b90b8ab5930a353a6a8061f1c47ea5ffea2564f587ca830a8f71acb2,2026-06-19,262,44943700767,2.544,,
past260,Eromok,4b8da0e3b90b8ab5930a353a6a8061f1c47ea5ffea2564f587ca830a8f71acb2,2026-06-20,262,44943700767,2.544,,
past260,Eromok,4b8da0e3b90b8ab5930a353a6a8061f1c47ea5ffea2564f587ca830a8f71acb2,2026-06-21,262,44943700767,2.544,,
past260,Eromok,4b8da0e3b90b8ab5930a353a6a8061f1c47ea5ffea2564f587ca830a8f71acb2,2026-06-22,262,44943700767,2.544,,
past260,Eromok,4b8da0e3b90b8ab5930a353a6a8061f1c47ea5ffea2564f587ca830a8f71acb2,2026-06-23,262,44943700767,2.544,,
past260,Eromok,4b8da0e3b90b8ab5930a353a6a8061f1c47ea5ffea2564f587ca830a8f71acb2,2026-06-24,262,44943700767,2.544,,
past260,Eromok,4b8da0e3b90b8ab5930a353a6a8061f1c47ea5ffea2564f587ca830a8f71acb2,2026-06-25,262,44943700767,2.544,,
past260,Eromok,4b8da0e3b90b8ab5930a353a6a8061f1c47ea5ffea2564f587ca830a8f71acb2,2026-06-26,262,44943700767,2.544,1770536,
past260,Eromok,4b8da0e3b90b8ab5930a353a6a8061f1c47ea5ffea2564f587ca830a8f71acb2,2026-06-27,262,44943700767,2.544,,
past260,Eromok,4b8da0e3b90b8ab5930a353a6a8061f1c47ea5ffea2564f587ca830a8f71acb2,2026-06-28,262,44943700767,2.544,,
past260,Eromok,4b8da0e3b90b8ab5930a353a6a8061f1c47ea5ffea2564f587ca830a8f71acb2,2026-06-29,262,44943700767,2.544,,
past260,Eromok,4b8da0e3b90b8ab5930a353a6a8061f1c47ea5ffea2564f587ca830a8f71acb2,2026-06-30,262,44943700767,2.544,,
past260,Eromok,4b8da0e3b90b8ab5930a353a6a8061f1c47ea5ffea2564f587ca830a8f71acb2,2026-07-01,262,44943700767,2.544,,
past260,Eromok,4b8da0e3b90b8ab5930a353a6a8061f1c47ea5ffea2564f587ca830a8f71acb2,2026-07-02,262,44943700767,2.544,,
past260,Eromok,4b8da0e3b90b8ab5930a353a6a8061f1c47ea5ffea2564f587ca830a8f71acb2,2026-07-03,262,44943700767,2.544,,
past260,Eromok,4b8da0e3b90b8ab5930a353a6a8061f1c47ea5ffea2564f587ca830a8f71acb2,2026-07-04,262,44943700767,2.544,1770536,
past260,Eromok,4b8da0e3b90b8ab5930a353a6a8061f1c47ea5ffea2564f587ca830a8f71acb2,2026-07-05,262,44943700767,2.544,,
past260,Eromok,4b8da0e3b90b8ab5930a353a6a8061f1c47ea5ffea2564f587ca830a8f71acb2,2026-07-06,262,44943700767,2.544,,
past260,Eromok,4b8da0e3b90b8ab5930a353a6a8061f1c47ea5ffea2564f587ca830a8f71acb2,2026-07-07,262,44943700767,2.544,,
past260,Eromok,4b8da0e3b90b8ab5930a353a6a8061f1c47ea5ffea2564f587ca830a8f71acb2,2026-07-08,262,44943700767,2.544,,
past260,Eromok,4b8da0e3b90b8ab5930a353a6a8061f1c47ea5ffea2564f587ca830a8f71acb2,2026-07-09,262,44943700767,2.544,,
past260,Eromok,4b8da0e3b90b8ab5930a353a6a8061f1c47ea5ffea2564f587ca830a8f71acb2,2026-07-10,262,44943700767,2.544,,
past260,Eromok,4b8da0e3b90b8ab5930a353a6a8061f1c47ea5ffea2564f587ca830a8f71acb2,2026-07-11,262,44943700767,2.544,,
past260,Eromok,4b8da0e3b90b8ab5930a353a6a8061f1c47ea5ffea2564f587ca830a8f71acb2,2026-07-12,262,44943700767,2.544,1770536,
past260,Eromok,4b8da0e3b90b8ab5930a353a6a8061f1c47ea5ffea2564f587ca830a8f71acb2,2026-07-13,262,44943700767,2.544,,
past260,Eromok,4b8da0e3b90b8ab5930a353a6a8061f1c47ea5ffea2564f587ca830a8f71acb2,2026-07-14,262,44943700767,2.544,,
past260,Eromok,4b8da0e3b90b8ab5930a353a6a8061f1c47ea5ffea2564f587ca830a8f71acb2,2026-07-15,262,44943700767,2.544,,
past260,Eromok,4b8da0e3b90b8ab5930a353a6a8061f1c47ea5ffea2564f587ca830a8f71acb2,2026-07-16,262,44943700767,2.544,,
past260,Eromok,4b8da0e3b90b8ab5930a353a6a8061f1c47ea5ffea2564f587ca830a8f71acb2,2026-07-17,262,44943700767,2.544,,
past260,Eromok,4b8da0e3b90b8ab5930a353a6a8061f1c47ea5ffea2564f587ca830a8f71acb2,2026-07-18,262,44943700767,2.544,,
past260,Eromok,4b8da0e3b90b8ab5930a353a6a8061f1c47ea5ffea2564f587ca830a8f71acb2,2026-07-19,262,44943700767,2.544,,
past260,Eromok,4b8da0e3b90b8ab5930a353a6a8061f1c47ea5ffea2564f587ca830a8f71acb2,2026-07-20,262,44943700767,2.544,1770536,
past260,Eromok,4b8da0e3b90b8ab5930a353a6a8061f1c47ea5ffea2564f587ca830a8f71acb2,2026-07-21,262,44943700767,2.544,,
past260,Eromok,4b8da0e3b90b8ab5930a353a6a8061f1c47ea5ffea2564f587ca830a8f71acb2,2026-07-22,262,44943700767,2.544,,
past260,순정셸양,560025f8412dfe6e7b3606010cfbd791efe8d04e6d233bd35cf2fabdeb93fb0d,2026-06-18,262,20652296698,1.169,13546918,
past260,순정셸양,560025f8412dfe6e7b3606010cfbd791efe8d04e6d233bd35cf2fabdeb93fb0d,2026-06-19,262,20652296698,1.169,,
past260,순정셸양,560025f8412dfe6e7b3606010cfbd791efe8d04e6d233bd35cf2fabdeb93fb0d,2026-06-20,262,20652296698,1.169,,
past260,순정셸양,560025f8412dfe6e7b3606010cfbd791efe8d04e6d233bd35cf2fabdeb93fb0d,2026-06-21,262,20652296698,1.169,,
past260,순정셸양,560025f8412dfe6e7b3606010cfbd791efe8d04e6d233bd35cf2fabdeb93fb0d,2026-06-22,262,20652296698,1.169,,
past260,순정셸양,560025f8412dfe6e7b3606010cfbd791efe8d04e6d233bd35cf2fabdeb93fb0d,2026-06-23,262,20652296698,1.169,,
past260,순정셸양,560025f8412dfe6e7b3606010cfbd791efe8d04e6d233bd35cf2fabdeb93fb0d,2026-06-24,262,20652296698,1.169,,
past260,순정셸양,560025f8412dfe6e7b3606010cfbd791efe8d04e6d233bd35cf2fabdeb93fb0d,2026-06-25,262,20652296698,1.169,,
past260,순정셸양,560025f8412dfe6e7b3606010cfbd791efe8d04e6d233bd35cf2fabdeb93fb0d,2026-06-26,262,20652296698,1.169,13546918,
past260,순정셸양,560025f8412dfe6e7b3606010cfbd791efe8d04e6d233bd35cf2fabdeb93fb0d,2026-06-27,262,20652296698,1.169,,
past260,순정셸양,560025f8412dfe6e7b3606010cfbd791efe8d04e6d233bd35cf2fabdeb93fb0d,2026-06-28,262,20652296698,1.169,,
past260,순정셸양,560025f8412dfe6e7b3606010cfbd791efe8d04e6d233bd35cf2fabdeb93fb0d,2026-06-29,262,20652296698,1.169,,
past260,순정셸양,560025f8412dfe6e7b3606010cfbd791efe8d04e6d233bd35cf2fabdeb93fb0d,2026-06-30,262,20652296698,1.169,,
past260,순정셸양,560025f8412dfe6e7b3606010cfbd791efe8d04e6d233bd35cf2fabdeb93fb0d,2026-07-01,262,20652296698,1.169,,
past260,순정셸양,560025f8412dfe6e7b3606010cfbd791efe8d04e6d233bd35cf2fabdeb93fb0d,2026-07-02,262,20652296698,1.169,,
past260,순정셸양,560025f8412dfe6e7b3606010cfbd791efe8d04e6d233bd35cf2fabdeb93fb0d,2026-07-03,262,20652296698,1.169,,
past260,순정셸양,560025f8412dfe6e7b3606010cfbd791efe8d04e6d233bd35cf2fabdeb93fb0d,2026-07-04,262,20652296698,1.169,1850685,
past260,순정셸양,560025f8412dfe6e7b3606010cfbd791efe8d04e6d233bd35cf2fabdeb93fb0d,2026-07-05,262,20652296698,1.169,,
past260,순정셸양,560025f8412dfe6e7b3606010cfbd791efe8d04e6d233bd35cf2fabdeb93fb0d,2026-07-06,262,20652296698,1.169,,
past260,순정셸양,560025f8412dfe6e7b3606010cfbd791efe8d04e6d233bd35cf2fabdeb93fb0d,2026-07-07,262,20652296698,1.169,,
past260,순정셸양,560025f8412dfe6e7b3606010cfbd791efe8d04e6d233bd35cf2fabdeb93fb0d,2026-07-08,262,20709289778,1.172,,
past260,순정셸양,560025f8412dfe6e7b3606010cfbd791efe8d04e6d233bd35cf2fabdeb93fb0d,2026-07-09,262,20709289778,1.172,,
past260,순정셸양,560025f8412dfe6e7b3606010cfbd791efe8d04e6d233bd35cf2fabdeb93fb0d,2026-07-10,262,20709289778,1.172,,
past260,순정셸양,560025f8412dfe6e7b3606010cfbd791efe8d04e6d233bd35cf2fabdeb93fb0d,2026-07-11,262,20709289778,1.172,,
past260,순정셸양,560025f8412dfe6e7b3606010cfbd791efe8d04e6d233bd35cf2fabdeb93fb0d,2026-07-12,262,20709289778,1.172,3142610,
past260,순정셸양,560025f8412dfe6e7b3606010cfbd791efe8d04e6d233bd35cf2fabdeb93fb0d,2026-07-13,262,20709289778,1.172,,
past260,순정셸양,560025f8412dfe6e7b3606010cfbd791efe8d04e6d233bd35cf2fabdeb93fb0d,2026-07-14,262,20709289778,1.172,,
past260,순정셸양,560025f8412dfe6e7b3606010cfbd791efe8d04e6d233bd35cf2fabdeb93fb0d,2026-07-15,262,20709289778,1.172,,
past260,순정셸양,560025f8412dfe6e7b3606010cfbd791efe8d04e6d233bd35cf2fabdeb93fb0d,2026-07-16,262,20709289778,1.172,,
past260,순정셸양,560025f8412dfe6e7b3606010cfbd791efe8d04e6d233bd35cf2fabdeb93fb0d,2026-07-17,262,20709289778,1.172,,
past260,순정셸양,560025f8412dfe6e7b3606010cfbd791efe8d04e6d233bd35cf2fabdeb93fb0d,2026-07-18,262,20709289778,1.172,,
past260,순정셸양,560025f8412dfe6e7b3606010cfbd791efe8d04e6d233bd35cf2fabdeb93fb0d,2026-07-19,262,20709289778,1.172,,
past260,순정셸양,560025f8412dfe6e7b3606010cfbd791efe8d04e6d233bd35cf2fabdeb93fb0d,2026-07-20,262,20709289778,1.172,3142610,
past260,순정셸양,560025f8412dfe6e7b3606010cfbd791efe8d04e6d233bd35cf2fabdeb93fb0d,2026-07-21,262,20709289778,1.172,,
past260,순정셸양,560025f8412dfe6e7b3606010cfbd791efe8d04e6d233bd35cf2fabdeb93fb0d,2026-07-22,262,20709289778,1.172,,
past260,으누월쭝,736597e6eae310579e2ea86f09a44736,2026-06-18,262,31212809393,1.767,4080138,
past260,으누월쭝,736597e6eae310579e2ea86f09a44736,2026-06-19,262,31212809393,1.767,,
past260,으누월쭝,736597e6eae310579e2ea86f09a44736,2026-06-20,262,31212809393,1.767,,
past260,으누월쭝,736597e6eae310579e2ea86f09a44736,2026-06-21,262,31212809393,1.767,,
past260,으누월쭝,736597e6eae310579e2ea86f09a44736,2026-06-22,262,31212809393,1.767,,
past260,으누월쭝,736597e6eae310579e2ea86f09a44736,2026-06-23,262,31212809393,1.767,,
past260,으누월쭝,736597e6eae310579e2ea86f09a44736,2026-06-24,262,31212809393,1.767,,
past260,으누월쭝,736597e6eae310579e2ea86f09a44736,2026-06-25,262,31212809393,1.767,,
past260,으누월쭝,736597e6eae310579e2ea86f09a44736,2026-06-26,262,31212809393,1.767,4080138,
past260,으누월쭝,736597e6eae310579e2ea86f09a44736,2026-06-27,262,31212809393,1.767,,
past260,으누월쭝,736597e6eae310579e2ea86f09a44736,2026-06-28,262,31212809393,1.767,,
past260,으누월쭝,736597e6eae310579e2ea86f09a44736,2026-06-29,262,31212809393,1.767,,
past260,으누월쭝,736597e6eae310579e2ea86f09a44736,2026-06-30,262,31212809393,1.767,,
past260,으누월쭝,736597e6eae310579e2ea86f09a44736,2026-07-01,262,31212809393,1.767,,
past260,으누월쭝,736597e6eae310579e2ea86f09a44736,2026-07-02,262,31212809393,1.767,,
past260,으누월쭝,736597e6eae310579e2ea86f09a44736,2026-07-03,262,31212809393,1.767,,
past260,으누월쭝,736597e6eae310579e2ea86f09a44736,2026-07-04,262,31212809393,1.767,4080138,
past260,으누월쭝,736597e6eae310579e2ea86f09a44736,2026-07-05,262,31212809393,1.767,,
past260,으누월쭝,736597e6eae310579e2ea86f09a44736,2026-07-06,262,31212809393,1.767,,
past260,으누월쭝,736597e6eae310579e2ea86f09a44736,2026-07-07,262,31212809393,1.767,,
past260,으누월쭝,736597e6eae310579e2ea86f09a44736,2026-07-08,262,31212809393,1.767,,
past260,으누월쭝,736597e6eae310579e2ea86f09a44736,2026-07-09,262,31212809393,1.767,,
past260,으누월쭝,736597e6eae310579e2ea86f09a44736,2026-07-10,262,31212809393,1.767,,
past260,으누월쭝,736597e6eae310579e2ea86f09a44736,2026-07-11,262,31212809393,1.767,,
past260,으누월쭝,736597e6eae310579e2ea86f09a44736,2026-07-12,262,31212809393,1.767,4080138,
past260,으누월쭝,736597e6eae310579e2ea86f09a44736,2026-07-13,262,31212809393,1.767,,
past260,으누월쭝,736597e6eae310579e2ea86f09a44736,2026-07-14,262,31212809393,1.767,,
past260,으누월쭝,736597e6eae310579e2ea86f09a44736,2026-07-15,262,31212809393,1.767,,
past260,으누월쭝,736597e6eae310579e2ea86f09a44736,2026-07-16,262,31212809393,1.767,,
past260,으누월쭝,736597e6eae310579e2ea86f09a44736,2026-07-17,262,31212809393,1.767,,
past260,으누월쭝,736597e6eae310579e2ea86f09a44736,2026-07-18,262,31212809393,1.767,,
past260,으누월쭝,736597e6eae310579e2ea86f09a44736,2026-07-19,262,31212809393,1.767,,
past260,으누월쭝,736597e6eae310579e2ea86f09a44736,2026-07-20,262,31212809393,1.767,4080138,
past260,으누월쭝,736597e6eae310579e2ea86f09a44736,2026-07-21,262,31212809393,1.767,,
past260,으누월쭝,736597e6eae310579e2ea86f09a44736,2026-07-22,262,31212809393,1.767,,
past260,츙샹,b86a84503be50a94d789d80b90ecb086c47ea5ffea2564f587ca830a8f71acb2,2026-06-18,262,20774904293,1.176,11781696,
past260,츙샹,b86a84503be50a94d789d80b90ecb086c47ea5ffea2564f587ca830a8f71acb2,2026-06-19,262,20774904293,1.176,,
past260,츙샹,b86a84503be50a94d789d80b90ecb086c47ea5ffea2564f587ca830a8f71acb2,2026-06-20,262,20774904293,1.176,,
past260,츙샹,b86a84503be50a94d789d80b90ecb086c47ea5ffea2564f587ca830a8f71acb2,2026-06-21,262,20774904293,1.176,,
past260,츙샹,b86a84503be50a94d789d80b90ecb086c47ea5ffea2564f587ca830a8f71acb2,2026-06-22,262,20774904293,1.176,,
past260,츙샹,b86a84503be50a94d789d80b90ecb086c47ea5ffea2564f587ca830a8f71acb2,2026-06-23,262,20774904293,1.176,,
past260,츙샹,b86a84503be50a94d789d80b90ecb086c47ea5ffea2564f587ca830a8f71acb2,2026-06-24,262,20774904293,1.176,,
past260,츙샹,b86a84503be50a94d789d80b90ecb086c47ea5ffea2564f587ca830a8f71acb2,2026-06-25,262,20774904293,1.176,,
past260,츙샹,b86a84503be50a94d789d80b90ecb086c47ea5ffea2564f587ca830a8f71acb2,2026-06-26,262,20774904293,1.176,11781696,
past260,츙샹,b86a84503be50a94d789d80b90ecb086c47ea5ffea2564f587ca830a8f71acb2,2026-06-27,262,20774904293,1.176,,
past260,츙샹,b86a84503be50a94d789d80b90ecb086c47ea5ffea2564f587ca830a8f71acb2,2026-06-28,262,20774904293,1.176,,
past260,츙샹,b86a84503be50a94d789d80b90ecb086c47ea5ffea2564f587ca830a8f71acb2,2026-06-29,262,20774904293,1.176,,
past260,츙샹,b86a84503be50a94d789d80b90ecb086c47ea5ffea2564f587ca830a8f71acb2,2026-06-30,262,20774904293,1.176,,
past260,츙샹,b86a84503be50a94d789d80b90ecb086c47ea5ffea2564f587ca830a8f71acb2,2026-07-01,262,20774904293,1.176,,
past260,츙샹,b86a84503be50a94d789d80b90ecb086c47ea5ffea2564f587ca830a8f71acb2,2026-07-02,262,20774904293,1.176,,
past260,츙샹,b86a84503be50a94d789d80b90ecb086c47ea5ffea2564f587ca830a8f71acb2,2026-07-03,262,20774904293,1.176,,
past260,츙샹,b86a84503be50a94d789d80b90ecb086c47ea5ffea2564f587ca830a8f71acb2,2026-07-04,262,20774904293,1.176,11781696,
past260,츙샹,b86a84503be50a94d789d80b90ecb086c47ea5ffea2564f587ca830a8f71acb2,2026-07-05,262,20774904293,1.176,,
past260,츙샹,b86a84503be50a94d789d80b90ecb086c47ea5ffea2564f587ca830a8f71acb2,2026-07-06,262,20774904293,1.176,,
past260,츙샹,b86a84503be50a94d789d80b90ecb086c47ea5ffea2564f587ca830a8f71acb2,2026-07-07,262,20774904293,1.176,,
past260,츙샹,b86a84503be50a94d789d80b90ecb086c47ea5ffea2564f587ca830a8f71acb2,2026-07-08,262,20849896671,1.180,,
past260,츙샹,b86a84503be50a94d789d80b90ecb086c47ea5ffea2564f587ca830a8f71acb2,2026-07-09,262,20849896671,1.180,,
past260,츙샹,b86a84503be50a94d789d80b90ecb086c47ea5ffea2564f587ca830a8f71acb2,2026-07-10,262,20849896671,1.180,,
past260,츙샹,b86a84503be50a94d789d80b90ecb086c47ea5ffea2564f587ca830a8f71acb2,2026-07-11,262,20849896671,1.180,,
past260,츙샹,b86a84503be50a94d789d80b90ecb086c47ea5ffea2564f587ca830a8f71acb2,2026-07-12,262,20849896671,1.180,11438070,
past260,츙샹,b86a84503be50a94d789d80b90ecb086c47ea5ffea2564f587ca830a8f71acb2,2026-07-13,262,20849896671,1.180,,
past260,츙샹,b86a84503be50a94d789d80b90ecb086c47ea5ffea2564f587ca830a8f71acb2,2026-07-14,262,20849896671,1.180,,
past260,츙샹,b86a84503be50a94d789d80b90ecb086c47ea5ffea2564f587ca830a8f71acb2,2026-07-15,262,20849896671,1.180,,
past260,츙샹,b86a84503be50a94d789d80b90ecb086c47ea5ffea2564f587ca830a8f71acb2,2026-07-16,262,20849896671,1.180,,
past260,츙샹,b86a84503be50a94d789d80b90ecb086c47ea5ffea2564f587ca830a8f71acb2,2026-07-17,262,20849896671,1.180,,
past260,츙샹,b86a84503be50a94d789d80b90ecb086c47ea5ffea2564f587ca830a8f71acb2,2026-07-18,262,20849896671,1.180,,
past260,츙샹,b86a84503be50a94d789d80b90ecb086c47ea5ffea2564f587ca830a8f71acb2,2026-07-19,262,20849896671,1.180,,
past260,츙샹,b86a84503be50a94d789d80b90ecb086c47ea5ffea2564f587ca830a8f71acb2,2026-07-20,262,20924339049,1.184,12271178,
past260,츙샹,b86a84503be50a94d789d80b90ecb086c47ea5ffea2564f587ca830a8f71acb2,2026-07-21,262,20924339049,1.184,,
past260,츙샹,b86a84503be50a94d789d80b90ecb086c47ea5ffea2564f587ca830a8f71acb2,2026-07-22,262,20924339049,1.184,,
past260,MWXD,4b4295969515ca2f93b2011c33ba5dec,2026-06-18,262,22019555023,1.246,2194069,
past260,MWXD,4b4295969515ca2f93b2011c33ba5dec,2026-06-19,262,22019555023,1.246,,
past260,MWXD,4b4295969515ca2f93b2011c33ba5dec,2026-06-20,262,22019555023,1.246,,
past260,MWXD,4b4295969515ca2f93b2011c33ba5dec,2026-06-21,262,22019555023,1.246,,
past260,MWXD,4b4295969515ca2f93b2011c33ba5dec,2026-06-22,262,22019555023,1.246,,
past260,MWXD,4b4295969515ca2f93b2011c33ba5dec,2026-06-23,262,22019555023,1.246,,
past260,MWXD,4b4295969515ca2f93b2011c33ba5dec,2026-06-24,262,22019555023,1.246,,
past260,MWXD,4b4295969515ca2f93b2011c33ba5dec,2026-06-25,262,22019555023,1.246,,
past260,MWXD,4b4295969515ca2f93b2011c33ba5dec,2026-06-26,262,22019555023,1.246,2194069,
past260,MWXD,4b4295969515ca2f93b2011c33ba5dec,2026-06-27,262,22019555023,1.246,,
past260,MWXD,4b4295969515ca2f93b2011c33ba5dec,2026-06-28,262,22019555023,1.246,,
past260,MWXD,4b4295969515ca2f93b2011c33ba5dec,2026-06-29,262,22019555023,1.246,,
past260,MWXD,4b4295969515ca2f93b2011c33ba5dec,2026-06-30,262,22019555023,1.246,,
past260,MWXD,4b4295969515ca2f93b2011c33ba5dec,2026-07-01,262,22019555023,1.246,,
past260,MWXD,4b4295969515ca2f93b2011c33ba5dec,2026-07-02,262,22019555023,1.246,,
past260,MWXD,4b4295969515ca2f93b2011c33ba5dec,2026-07-03,262,22019555023,1.246,,
past260,MWXD,4b4295969515ca2f93b2011c33ba5dec,2026-07-04,262,22019555023,1.246,2194069,
past260,MWXD,4b4295969515ca2f93b2011c33ba5dec,2026-07-05,262,22019555023,1.246,,
past260,MWXD,4b4295969515ca2f93b2011c33ba5dec,2026-07-06,262,22019555023,1.246,,
past260,MWXD,4b4295969515ca2f93b2011c33ba5dec,2026-07-07,262,22019555023,1.246,,
past260,MWXD,4b4295969515ca2f93b2011c33ba5dec,2026-07-08,262,22019555023,1.246,,
past260,MWXD,4b4295969515ca2f93b2011c33ba5dec,2026-07-09,262,22019555023,1.246,,
past260,MWXD,4b4295969515ca2f93b2011c33ba5dec,2026-07-10,262,22019555023,1.246,,
past260,MWXD,4b4295969515ca2f93b2011c33ba5dec,2026-07-11,262,22019555023,1.246,,
past260,MWXD,4b4295969515ca2f93b2011c33ba5dec,2026-07-12,262,22019555023,1.246,2194069,
past260,MWXD,4b4295969515ca2f93b2011c33ba5dec,2026-07-13,262,22019555023,1.246,,
past260,MWXD,4b4295969515ca2f93b2011c33ba5dec,2026-07-14,262,22019555023,1.246,,
past260,MWXD,4b4295969515ca2f93b2011c33ba5dec,2026-07-15,262,22019555023,1.246,,
past260,MWXD,4b4295969515ca2f93b2011c33ba5dec,2026-07-16,262,22019555023,1.246,,
past260,MWXD,4b4295969515ca2f93b2011c33ba5dec,2026-07-17,262,22019555023,1.246,,
past260,MWXD,4b4295969515ca2f93b2011c33ba5dec,2026-07-18,262,22019555023,1.246,,
past260,MWXD,4b4295969515ca2f93b2011c33ba5dec,2026-07-19,262,22019555023,1.246,,
past260,MWXD,4b4295969515ca2f93b2011c33ba5dec,2026-07-20,262,22019555023,1.246,2194069,
past260,MWXD,4b4295969515ca2f93b2011c33ba5dec,2026-07-21,262,22019555023,1.246,,
past260,MWXD,4b4295969515ca2f93b2011c33ba5dec,2026-07-22,262,22019555023,1.246,,
past260,생꾸리,74a440f76bf65fe6356dcad2b4ed80cf,2026-06-18,262,55014824891,3.114,3027566,
past260,생꾸리,74a440f76bf65fe6356dcad2b4ed80cf,2026-06-19,262,55014824891,3.114,,
past260,생꾸리,74a440f76bf65fe6356dcad2b4ed80cf,2026-06-20,262,55014824891,3.114,,
past260,생꾸리,74a440f76bf65fe6356dcad2b4ed80cf,2026-06-21,262,55014824891,3.114,,
past260,생꾸리,74a440f76bf65fe6356dcad2b4ed80cf,2026-06-22,262,55014824891,3.114,,
past260,생꾸리,74a440f76bf65fe6356dcad2b4ed80cf,2026-06-23,262,55014824891,3.114,,
past260,생꾸리,74a440f76bf65fe6356dcad2b4ed80cf,2026-06-24,262,55014824891,3.114,,
past260,생꾸리,74a440f76bf65fe6356dcad2b4ed80cf,2026-06-25,262,55014824891,3.114,,
past260,생꾸리,74a440f76bf65fe6356dcad2b4ed80cf,2026-06-26,262,55014824891,3.114,3027566,
past260,생꾸리,74a440f76bf65fe6356dcad2b4ed80cf,2026-06-27,262,55014824891,3.114,,
past260,생꾸리,74a440f76bf65fe6356dcad2b4ed80cf,2026-06-28,262,55014824891,3.114,,
past260,생꾸리,74a440f76bf65fe6356dcad2b4ed80cf,2026-06-29,262,55014824891,3.114,,
past260,생꾸리,74a440f76bf65fe6356dcad2b4ed80cf,2026-06-30,262,55014824891,3.114,,
past260,생꾸리,74a440f76bf65fe6356dcad2b4ed80cf,2026-07-01,262,55014824891,3.114,,
past260,생꾸리,74a440f76bf65fe6356dcad2b4ed80cf,2026-07-02,262,55014824891,3.114,,
past260,생꾸리,74a440f76bf65fe6356dcad2b4ed80cf,2026-07-03,262,55014824891,3.114,,
past260,생꾸리,74a440f76bf65fe6356dcad2b4ed80cf,2026-07-04,262,55014824891,3.114,3027566,
past260,생꾸리,74a440f76bf65fe6356dcad2b4ed80cf,2026-07-05,262,55014824891,3.114,,
past260,생꾸리,74a440f76bf65fe6356dcad2b4ed80cf,2026-07-06,262,55014824891,3.114,,
past260,생꾸리,74a440f76bf65fe6356dcad2b4ed80cf,2026-07-07,262,55014824891,3.114,,
past260,생꾸리,74a440f76bf65fe6356dcad2b4ed80cf,2026-07-08,262,55014824891,3.114,,
past260,생꾸리,74a440f76bf65fe6356dcad2b4ed80cf,2026-07-09,262,55014824891,3.114,,
past260,생꾸리,74a440f76bf65fe6356dcad2b4ed80cf,2026-07-10,262,55014824891,3.114,,
past260,생꾸리,74a440f76bf65fe6356dcad2b4ed80cf,2026-07-11,262,55014824891,3.114,,
past260,생꾸리,74a440f76bf65fe6356dcad2b4ed80cf,2026-07-12,262,55014824891,3.114,3027566,
past260,생꾸리,74a440f76bf65fe6356dcad2b4ed80cf,2026-07-13,262,55014824891,3.114,,
past260,생꾸리,74a440f76bf65fe6356dcad2b4ed80cf,2026-07-14,262,55014824891,3.114,,
past260,생꾸리,74a440f76bf65fe6356dcad2b4ed80cf,2026-07-15,262,55014824891,3.114,,
past260,생꾸리,74a440f76bf65fe6356dcad2b4ed80cf,2026-07-16,262,55014824891,3.114,,
past260,생꾸리,74a440f76bf65fe6356dcad2b4ed80cf,2026-07-17,262,55014824891,3.114,,
past260,생꾸리,74a440f76bf65fe6356dcad2b4ed80cf,2026-07-18,262,55014824891,3.114,,
past260,생꾸리,74a440f76bf65fe6356dcad2b4ed80cf,2026-07-19,262,55014824891,3.114,,
past260,생꾸리,74a440f76bf65fe6356dcad2b4ed80cf,2026-07-20,262,55014824891,3.114,3027566,
past260,생꾸리,74a440f76bf65fe6356dcad2b4ed80cf,2026-07-21,262,55014824891,3.114,,
past260,생꾸리,74a440f76bf65fe6356dcad2b4ed80cf,2026-07-22,262,55014824891,3.114,,
past260,나코엘,474656513f8d120d18e77b7253ec2140efe8d04e6d233bd35cf2fabdeb93fb0d,2026-06-18,262,37573229724,2.127,8610489,
past260,나코엘,474656513f8d120d18e77b7253ec2140efe8d04e6d233bd35cf2fabdeb93fb0d,2026-06-19,262,37573229724,2.127,,
past260,나코엘,474656513f8d120d18e77b7253ec2140efe8d04e6d233bd35cf2fabdeb93fb0d,2026-06-20,262,37573229724,2.127,,
past260,나코엘,474656513f8d120d18e77b7253ec2140efe8d04e6d233bd35cf2fabdeb93fb0d,2026-06-21,262,37573229724,2.127,,
past260,나코엘,474656513f8d120d18e77b7253ec2140efe8d04e6d233bd35cf2fabdeb93fb0d,2026-06-22,262,37573229724,2.127,,
past260,나코엘,474656513f8d120d18e77b7253ec2140efe8d04e6d233bd35cf2fabdeb93fb0d,2026-06-23,262,37573229724,2.127,,
past260,나코엘,474656513f8d120d18e77b7253ec2140efe8d04e6d233bd35cf2fabdeb93fb0d,2026-06-24,262,37573229724,2.127,,
past260,나코엘,474656513f8d120d18e77b7253ec2140efe8d04e6d233bd35cf2fabdeb93fb0d,2026-06-25,262,37573229724,2.127,,
past260,나코엘,474656513f8d120d18e77b7253ec2140efe8d04e6d233bd35cf2fabdeb93fb0d,2026-06-26,262,37573229724,2.127,8610489,
past260,나코엘,474656513f8d120d18e77b7253ec2140efe8d04e6d233bd35cf2fabdeb93fb0d,2026-06-27,262,37573229724,2.127,,
past260,나코엘,474656513f8d120d18e77b7253ec2140efe8d04e6d233bd35cf2fabdeb93fb0d,2026-06-28,262,37573229724,2.127,,
past260,나코엘,474656513f8d120d18e77b7253ec2140efe8d04e6d233bd35cf2fabdeb93fb0d,2026-06-29,262,37573229724,2.127,,
past260,나코엘,474656513f8d120d18e77b7253ec2140efe8d04e6d233bd35cf2fabdeb93fb0d,2026-06-30,262,37573229724,2.127,,
past260,나코엘,474656513f8d120d18e77b7253ec2140efe8d04e6d233bd35cf2fabdeb93fb0d,2026-07-01,262,37573229724,2.127,,
past260,나코엘,474656513f8d120d18e77b7253ec2140efe8d04e6d233bd35cf2fabdeb93fb0d,2026-07-02,262,37573229724,2.127,,
past260,나코엘,474656513f8d120d18e77b7253ec2140efe8d04e6d233bd35cf2fabdeb93fb0d,2026-07-03,262,37573229724,2.127,,
past260,나코엘,474656513f8d120d18e77b7253ec2140efe8d04e6d233bd35cf2fabdeb93fb0d,2026-07-04,262,37573229724,2.127,8610489,
past260,나코엘,474656513f8d120d18e77b7253ec2140efe8d04e6d233bd35cf2fabdeb93fb0d,2026-07-05,262,37573229724,2.127,,
past260,나코엘,474656513f8d120d18e77b7253ec2140efe8d04e6d233bd35cf2fabdeb93fb0d,2026-07-06,262,37573229724,2.127,,
past260,나코엘,474656513f8d120d18e77b7253ec2140efe8d04e6d233bd35cf2fabdeb93fb0d,2026-07-07,262,37573229724,2.127,,
past260,나코엘,474656513f8d120d18e77b7253ec2140efe8d04e6d233bd35cf2fabdeb93fb0d,2026-07-08,262,37573229724,2.127,,
past260,나코엘,474656513f8d120d18e77b7253ec2140efe8d04e6d233bd35cf2fabdeb93fb0d,2026-07-09,262,37573229724,2.127,,
past260,나코엘,474656513f8d120d18e77b7253ec2140efe8d04e6d233bd35cf2fabdeb93fb0d,2026-07-10,262,37573229724,2.127,,
past260,나코엘,474656513f8d120d18e77b7253ec2140efe8d04e6d233bd35cf2fabdeb93fb0d,2026-07-11,262,37573229724,2.127,,
past260,나코엘,474656513f8d120d18e77b7253ec2140efe8d04e6d233bd35cf2fabdeb93fb0d,2026-07-12,262,37573229724,2.127,8610489,
past260,나코엘,474656513f8d120d18e77b7253ec2140efe8d04e6d233bd35cf2fabdeb93fb0d,2026-07-13,262,37573229724,2.127,,
past260,나코엘,474656513f8d120d18e77b7253ec2140efe8d04e6d233bd35cf2fabdeb93fb0d,2026-07-14,262,37573229724,2.127,,
past260,나코엘,474656513f8d120d18e77b7253ec2140efe8d04e6d233bd35cf2fabdeb93fb0d,2026-07-15,262,37573229724,2.127,,
past260,나코엘,474656513f8d120d18e77b7253ec2140efe8d04e6d233bd35cf2fabdeb93fb0d,2026-07-16,262,37573229724,2.127,,
past260,나코엘,474656513f8d120d18e77b7253ec2140efe8d04e6d233bd35cf2fabdeb93fb0d,2026-07-17,262,37573229724,2.127,,
past260,나코엘,474656513f8d120d18e77b7253ec2140efe8d04e6d233bd35cf2fabdeb93fb0d,2026-07-18,262,37573229724,2.127,,
past260,나코엘,474656513f8d120d18e77b7253ec2140efe8d04e6d233bd35cf2fabdeb93fb0d,2026-07-19,262,37573229724,2.127,,
past260,나코엘,474656513f8d120d18e77b7253ec2140efe8d04e6d233bd35cf2fabdeb93fb0d,2026-07-20,262,37573229724,2.127,8610489,
past260,나코엘,474656513f8d120d18e77b7253ec2140efe8d04e6d233bd35cf2fabdeb93fb0d,2026-07-21,262,37573229724,2.127,,
past260,나코엘,474656513f8d120d18e77b7253ec2140efe8d04e6d233bd35cf2fabdeb93fb0d,2026-07-22,262,37573229724,2.127,,
past260,느리뽀,cae99911078c6fdbebd7163a09956a14efe8d04e6d233bd35cf2fabdeb93fb0d,2026-06-18,262,22347437839,1.265,4621377,
past260,느리뽀,cae99911078c6fdbebd7163a09956a14efe8d04e6d233bd35cf2fabdeb93fb0d,2026-06-19,262,22347437839,1.265,,
past260,느리뽀,cae99911078c6fdbebd7163a09956a14efe8d04e6d233bd35cf2fabdeb93fb0d,2026-06-20,262,22347437839,1.265,,
past260,느리뽀,cae99911078c6fdbebd7163a09956a14efe8d04e6d233bd35cf2fabdeb93fb0d,2026-06-21,262,22347437839,1.265,,
past260,느리뽀,cae99911078c6fdbebd7163a09956a14efe8d04e6d233bd35cf2fabdeb93fb0d,2026-06-22,262,22347437839,1.265,,
past260,느리뽀,cae99911078c6fdbebd7163a09956a14efe8d04e6d233bd35cf2fabdeb93fb0d,2026-06-23,262,22347437839,1.265,,
past260,느리뽀,cae99911078c6fdbebd7163a09956a14efe8d04e6d233bd35cf2fabdeb93fb0d,2026-06-24,262,22347437839,1.265,,
past260,느리뽀,cae99911078c6fdbebd7163a09956a14efe8d04e6d233bd35cf2fabdeb93fb0d,2026-06-25,262,22347437839,1.265,,
past260,느리뽀,cae99911078c6fdbebd7163a09956a14efe8d04e6d233bd35cf2fabdeb93fb0d,2026-06-26,262,22347437839,1.265,4621377,
past260,느리뽀,cae99911078c6fdbebd7163a09956a14efe8d04e6d233bd35cf2fabdeb93fb0d,2026-06-27,262,22347437839,1.265,,
past260,느리뽀,cae99911078c6fdbebd7163a09956a14efe8d04e6d233bd35cf2fabdeb93fb0d,2026-06-28,262,22347437839,1.265,,
past260,느리뽀,cae99911078c6fdbebd7163a09956a14efe8d04e6d233bd35cf2fabdeb93fb0d,2026-06-29,262,22347437839,1.265,,
past260,느리뽀,cae99911078c6fdbebd7163a09956a14efe8d04e6d233bd35cf2fabdeb93fb0d,2026-06-30,262,22347437839,1.265,,
past260,느리뽀,cae99911078c6fdbebd7163a09956a14efe8d04e6d233bd35cf2fabdeb93fb0d,2026-07-01,262,22347437839,1.265,,
past260,느리뽀,cae99911078c6fdbebd7163a09956a14efe8d04e6d233bd35cf2fabdeb93fb0d,2026-07-02,262,22347437839,1.265,,
past260,느리뽀,cae99911078c6fdbebd7163a09956a14efe8d04e6d233bd35cf2fabdeb93fb0d,2026-07-03,262,22347437839,1.265,,
past260,느리뽀,cae99911078c6fdbebd7163a09956a14efe8d04e6d233bd35cf2fabdeb93fb0d,2026-07-04,262,22347437839,1.265,4621377,
past260,느리뽀,cae99911078c6fdbebd7163a09956a14efe8d04e6d233bd35cf2fabdeb93fb0d,2026-07-05,262,22347437839,1.265,,
past260,느리뽀,cae99911078c6fdbebd7163a09956a14efe8d04e6d233bd35cf2fabdeb93fb0d,2026-07-06,262,22347437839,1.265,,
past260,느리뽀,cae99911078c6fdbebd7163a09956a14efe8d04e6d233bd35cf2fabdeb93fb0d,2026-07-07,262,22347437839,1.265,,
past260,느리뽀,cae99911078c6fdbebd7163a09956a14efe8d04e6d233bd35cf2fabdeb93fb0d,2026-07-08,262,22347437839,1.265,,
past260,느리뽀,cae99911078c6fdbebd7163a09956a14efe8d04e6d233bd35cf2fabdeb93fb0d,2026-07-09,262,22347437839,1.265,,
past260,느리뽀,cae99911078c6fdbebd7163a09956a14efe8d04e6d233bd35cf2fabdeb93fb0d,2026-07-10,262,22347437839,1.265,,
past260,느리뽀,cae99911078c6fdbebd7163a09956a14efe8d04e6d233bd35cf2fabdeb93fb0d,2026-07-11,262,22347437839,1.265,,
past260,느리뽀,cae99911078c6fdbebd7163a09956a14efe8d04e6d233bd35cf2fabdeb93fb0d,2026-07-12,262,22347437839,1.265,4621377,
past260,느리뽀,cae99911078c6fdbebd7163a09956a14efe8d04e6d233bd35cf2fabdeb93fb0d,2026-07-13,262,22347437839,1.265,,
past260,느리뽀,cae99911078c6fdbebd7163a09956a14efe8d04e6d233bd35cf2fabdeb93fb0d,2026-07-14,262,22347437839,1.265,,
past260,느리뽀,cae99911078c6fdbebd7163a09956a14efe8d04e6d233bd35cf2fabdeb93fb0d,2026-07-15,262,22347437839,1.265,,
past260,느리뽀,cae99911078c6fdbebd7163a09956a14efe8d04e6d233bd35cf2fabdeb93fb0d,2026-07-16,262,22347437839,1.265,,
past260,느리뽀,cae99911078c6fdbebd7163a09956a14efe8d04e6d233bd35cf2fabdeb93fb0d,2026-07-17,262,22347437839,1.265,,
past260,느리뽀,cae99911078c6fdbebd7163a09956a14efe8d04e6d233bd35cf2fabdeb93fb0d,2026-07-18,262,22347437839,1.265,,
past260,느리뽀,cae99911078c6fdbebd7163a09956a14efe8d04e6d233bd35cf2fabdeb93fb0d,2026-07-19,262,22347437839,1.265,,
past260,느리뽀,cae99911078c6fdbebd7163a09956a14efe8d04e6d233bd35cf2fabdeb93fb0d,2026-07-20,262,22347437839,1.265,4621377,
past260,느리뽀,cae99911078c6fdbebd7163a09956a14efe8d04e6d233bd35cf2fabdeb93fb0d,2026-07-21,262,22347437839,1.265,,
past260,느리뽀,cae99911078c6fdbebd7163a09956a14efe8d04e6d233bd35cf2fabdeb93fb0d,2026-07-22,262,22347437839,1.265,,
past260,넘방법사,c33d67ce9481126d6d43782bbd38aa82,2026-06-18,262,22382643270,1.267,6882778,
past260,넘방법사,c33d67ce9481126d6d43782bbd38aa82,2026-06-19,262,22382643270,1.267,,
past260,넘방법사,c33d67ce9481126d6d43782bbd38aa82,2026-06-20,262,22382643270,1.267,,
past260,넘방법사,c33d67ce9481126d6d43782bbd38aa82,2026-06-21,262,22382643270,1.267,,
past260,넘방법사,c33d67ce9481126d6d43782bbd38aa82,2026-06-22,262,22382643270,1.267,,
past260,넘방법사,c33d67ce9481126d6d43782bbd38aa82,2026-06-23,262,22382643270,1.267,,
past260,넘방법사,c33d67ce9481126d6d43782bbd38aa82,2026-06-24,262,22382643270,1.267,,
past260,넘방법사,c33d67ce9481126d6d43782bbd38aa82,2026-06-25,262,22382643270,1.267,,
past260,넘방법사,c33d67ce9481126d6d43782bbd38aa82,2026-06-26,262,22382643270,1.267,6882778,
past260,넘방법사,c33d67ce9481126d6d43782bbd38aa82,2026-06-27,262,22382643270,1.267,,
past260,넘방법사,c33d67ce9481126d6d43782bbd38aa82,2026-06-28,262,22382643270,1.267,,
past260,넘방법사,c33d67ce9481126d6d43782bbd38aa82,2026-06-29,262,22382643270,1.267,,
past260,넘방법사,c33d67ce9481126d6d43782bbd38aa82,2026-06-30,262,22382643270,1.267,,
past260,넘방법사,c33d67ce9481126d6d43782bbd38aa82,2026-07-01,262,22382643270,1.267,,
past260,넘방법사,c33d67ce9481126d6d43782bbd38aa82,2026-07-02,262,22382643270,1.267,,
past260,넘방법사,c33d67ce9481126d6d43782bbd38aa82,2026-07-03,262,22382643270,1.267,,
past260,넘방법사,c33d67ce9481126d6d43782bbd38aa82,2026-07-04,262,22382643270,1.267,6882778,
past260,넘방법사,c33d67ce9481126d6d43782bbd38aa82,2026-07-05,262,22382643270,1.267,,
past260,넘방법사,c33d67ce9481126d6d43782bbd38aa82,2026-07-06,262,22382643270,1.267,,
past260,넘방법사,c33d67ce9481126d6d43782bbd38aa82,2026-07-07,262,22382643270,1.267,,
past260,넘방법사,c33d67ce9481126d6d43782bbd38aa82,2026-07-08,262,22382643270,1.267,,
past260,넘방법사,c33d67ce9481126d6d43782bbd38aa82,2026-07-09,262,22382643270,1.267,,
past260,넘방법사,c33d67ce9481126d6d43782bbd38aa82,2026-07-10,262,22382643270,1.267,,
past260,넘방법사,c33d67ce9481126d6d43782bbd38aa82,2026-07-11,262,22382643270,1.267,,
past260,넘방법사,c33d67ce9481126d6d43782bbd38aa82,2026-07-12,262,22382643270,1.267,6882778,
past260,넘방법사,c33d67ce9481126d6d43782bbd38aa82,2026-07-13,262,22382643270,1.267,,
past260,넘방법사,c33d67ce9481126d6d43782bbd38aa82,2026-07-14,262,22382643270,1.267,,
past260,넘방법사,c33d67ce9481126d6d43782bbd38aa82,2026-07-15,262,22382643270,1.267,,
past260,넘방법사,c33d67ce9481126d6d43782bbd38aa82,2026-07-16,262,22382643270,1.267,,
past260,넘방법사,c33d67ce9481126d6d43782bbd38aa82,2026-07-17,262,22382643270,1.267,,
past260,넘방법사,c33d67ce9481126d6d43782bbd38aa82,2026-07-18,262,22382643270,1.267,,
past260,넘방법사,c33d67ce9481126d6d43782bbd38aa82,2026-07-19,262,22382643270,1.267,,
past260,넘방법사,c33d67ce9481126d6d43782bbd38aa82,2026-07-20,262,22382643270,1.267,6882778,
past260,넘방법사,c33d67ce9481126d6d43782bbd38aa82,2026-07-21,262,22382643270,1.267,,
past260,넘방법사,c33d67ce9481126d6d43782bbd38aa82,2026-07-22,262,22382643270,1.267,,
past260,비취우상,26daf695c193eb0c8581c1baeff75ce7,2026-06-18,262,54871950698,3.106,2483949,
past260,비취우상,26daf695c193eb0c8581c1baeff75ce7,2026-06-19,262,54871950698,3.106,,
past260,비취우상,26daf695c193eb0c8581c1baeff75ce7,2026-06-20,262,54871950698,3.106,,
past260,비취우상,26daf695c193eb0c8581c1baeff75ce7,2026-06-21,262,54871950698,3.106,,
past260,비취우상,26daf695c193eb0c8581c1baeff75ce7,2026-06-22,262,54871950698,3.106,,
past260,비취우상,26daf695c193eb0c8581c1baeff75ce7,2026-06-23,262,54871950698,3.106,,
past260,비취우상,26daf695c193eb0c8581c1baeff75ce7,2026-06-24,262,54871950698,3.106,,
past260,비취우상,26daf695c193eb0c8581c1baeff75ce7,2026-06-25,262,54871950698,3.106,,
past260,비취우상,26daf695c193eb0c8581c1baeff75ce7,2026-06-26,262,54871950698,3.106,2483949,
past260,비취우상,26daf695c193eb0c8581c1baeff75ce7,2026-06-27,262,54871950698,3.106,,
past260,비취우상,26daf695c193eb0c8581c1baeff75ce7,2026-06-28,262,54871950698,3.106,,
past260,비취우상,26daf695c193eb0c8581c1baeff75ce7,2026-06-29,262,54871950698,3.106,,
past260,비취우상,26daf695c193eb0c8581c1baeff75ce7,2026-06-30,262,54871950698,3.106,,
past260,비취우상,26daf695c193eb0c8581c1baeff75ce7,2026-07-01,262,54871950698,3.106,,
past260,비취우상,26daf695c193eb0c8581c1baeff75ce7,2026-07-02,262,54871950698,3.106,,
past260,비취우상,26daf695c193eb0c8581c1baeff75ce7,2026-07-03,262,54871950698,3.106,,
past260,비취우상,26daf695c193eb0c8581c1baeff75ce7,2026-07-04,262,54871950698,3.106,2483949,
past260,비취우상,26daf695c193eb0c8581c1baeff75ce7,2026-07-05,262,54871950698,3.106,,
past260,비취우상,26daf695c193eb0c8581c1baeff75ce7,2026-07-06,262,54871950698,3.106,,
past260,비취우상,26daf695c193eb0c8581c1baeff75ce7,2026-07-07,262,54871950698,3.106,,
past260,비취우상,26daf695c193eb0c8581c1baeff75ce7,2026-07-08,262,54871950698,3.106,,
past260,비취우상,26daf695c193eb0c8581c1baeff75ce7,2026-07-09,262,54871950698,3.106,,
past260,비취우상,26daf695c193eb0c8581c1baeff75ce7,2026-07-10,262,54871950698,3.106,,
past260,비취우상,26daf695c193eb0c8581c1baeff75ce7,2026-07-11,262,54871950698,3.106,,
past260,비취우상,26daf695c193eb0c8581c1baeff75ce7,2026-07-12,262,54871950698,3.106,2483949,
past260,비취우상,26daf695c193eb0c8581c1baeff75ce7,2026-07-13,262,54871950698,3.106,,
past260,비취우상,26daf695c193eb0c8581c1baeff75ce7,2026-07-14,262,54871950698,3.106,,
past260,비취우상,26daf695c193eb0c8581c1baeff75ce7,2026-07-15,262,54871950698,3.106,,
past260,비취우상,26daf695c193eb0c8581c1baeff75ce7,2026-07-16,262,54871950698,3.106,,
past260,비취우상,26daf695c193eb0c8581c1baeff75ce7,2026-07-17,262,54871950698,3.106,,
past260,비취우상,26daf695c193eb0c8581c1baeff75ce7,2026-07-18,262,54871950698,3.106,,
past260,비취우상,26daf695c193eb0c8581c1baeff75ce7,2026-07-19,262,54871950698,3.106,,
past260,비취우상,26daf695c193eb0c8581c1baeff75ce7,2026-07-20,262,54871950698,3.106,2483949,
past260,비취우상,26daf695c193eb0c8581c1baeff75ce7,2026-07-21,262,54871950698,3.106,,
past260,비취우상,26daf695c193eb0c8581c1baeff75ce7,2026-07-22,262,54871950698,3.106,,
past260,냥캡몽,d3c7cc11a63d4c0a3717fd24b1c08dc7efe8d04e6d233bd35cf2fabdeb93fb0d,2026-06-18,262,36102374813,2.043,2482414,
past260,냥캡몽,d3c7cc11a63d4c0a3717fd24b1c08dc7efe8d04e6d233bd35cf2fabdeb93fb0d,2026-06-19,262,36102374813,2.043,,
past260,냥캡몽,d3c7cc11a63d4c0a3717fd24b1c08dc7efe8d04e6d233bd35cf2fabdeb93fb0d,2026-06-20,262,36102374813,2.043,,
past260,냥캡몽,d3c7cc11a63d4c0a3717fd24b1c08dc7efe8d04e6d233bd35cf2fabdeb93fb0d,2026-06-21,262,36102374813,2.043,,
past260,냥캡몽,d3c7cc11a63d4c0a3717fd24b1c08dc7efe8d04e6d233bd35cf2fabdeb93fb0d,2026-06-22,262,36102374813,2.043,,
past260,냥캡몽,d3c7cc11a63d4c0a3717fd24b1c08dc7efe8d04e6d233bd35cf2fabdeb93fb0d,2026-06-23,262,36102374813,2.043,,
past260,냥캡몽,d3c7cc11a63d4c0a3717fd24b1c08dc7efe8d04e6d233bd35cf2fabdeb93fb0d,2026-06-24,262,36102374813,2.043,,
past260,냥캡몽,d3c7cc11a63d4c0a3717fd24b1c08dc7efe8d04e6d233bd35cf2fabdeb93fb0d,2026-06-25,262,36102374813,2.043,,
past260,냥캡몽,d3c7cc11a63d4c0a3717fd24b1c08dc7efe8d04e6d233bd35cf2fabdeb93fb0d,2026-06-26,262,36102374813,2.043,2482414,
past260,냥캡몽,d3c7cc11a63d4c0a3717fd24b1c08dc7efe8d04e6d233bd35cf2fabdeb93fb0d,2026-06-27,262,36102374813,2.043,,
past260,냥캡몽,d3c7cc11a63d4c0a3717fd24b1c08dc7efe8d04e6d233bd35cf2fabdeb93fb0d,2026-06-28,262,36102374813,2.043,,
past260,냥캡몽,d3c7cc11a63d4c0a3717fd24b1c08dc7efe8d04e6d233bd35cf2fabdeb93fb0d,2026-06-29,262,36102374813,2.043,,
past260,냥캡몽,d3c7cc11a63d4c0a3717fd24b1c08dc7efe8d04e6d233bd35cf2fabdeb93fb0d,2026-06-30,262,36102374813,2.043,,
past260,냥캡몽,d3c7cc11a63d4c0a3717fd24b1c08dc7efe8d04e6d233bd35cf2fabdeb93fb0d,2026-07-01,262,36102374813,2.043,,
past260,냥캡몽,d3c7cc11a63d4c0a3717fd24b1c08dc7efe8d04e6d233bd35cf2fabdeb93fb0d,2026-07-02,262,36102374813,2.043,,
past260,냥캡몽,d3c7cc11a63d4c0a3717fd24b1c08dc7efe8d04e6d233bd35cf2fabdeb93fb0d,2026-07-03,262,36102374813,2.043,,
past260,냥캡몽,d3c7cc11a63d4c0a3717fd24b1c08dc7efe8d04e6d233bd35cf2fabdeb93fb0d,2026-07-04,262,36102374813,2.043,2482414,
past260,냥캡몽,d3c7cc11a63d4c0a3717fd24b1c08dc7efe8d04e6d233bd35cf2fabdeb93fb0d,2026-07-05,262,36102374813,2.043,,
past260,냥캡몽,d3c7cc11a63d4c0a3717fd24b1c08dc7efe8d04e6d233bd35cf2fabdeb93fb0d,2026-07-06,262,36102374813,2.043,,
past260,냥캡몽,d3c7cc11a63d4c0a3717fd24b1c08dc7efe8d04e6d233bd35cf2fabdeb93fb0d,2026-07-07,262,36102374813,2.043,,
past260,냥캡몽,d3c7cc11a63d4c0a3717fd24b1c08dc7efe8d04e6d233bd35cf2fabdeb93fb0d,2026-07-08,262,36102374813,2.043,,
past260,냥캡몽,d3c7cc11a63d4c0a3717fd24b1c08dc7efe8d04e6d233bd35cf2fabdeb93fb0d,2026-07-09,262,36102374813,2.043,,
past260,냥캡몽,d3c7cc11a63d4c0a3717fd24b1c08dc7efe8d04e6d233bd35cf2fabdeb93fb0d,2026-07-10,262,36102374813,2.043,,
past260,냥캡몽,d3c7cc11a63d4c0a3717fd24b1c08dc7efe8d04e6d233bd35cf2fabdeb93fb0d,2026-07-11,262,36102374813,2.043,,
past260,냥캡몽,d3c7cc11a63d4c0a3717fd24b1c08dc7efe8d04e6d233bd35cf2fabdeb93fb0d,2026-07-12,262,36102374813,2.043,2482414,
past260,냥캡몽,d3c7cc11a63d4c0a3717fd24b1c08dc7efe8d04e6d233bd35cf2fabdeb93fb0d,2026-07-13,262,36102374813,2.043,,
past260,냥캡몽,d3c7cc11a63d4c0a3717fd24b1c08dc7efe8d04e6d233bd35cf2fabdeb93fb0d,2026-07-14,262,36102374813,2.043,,
past260,냥캡몽,d3c7cc11a63d4c0a3717fd24b1c08dc7efe8d04e6d233bd35cf2fabdeb93fb0d,2026-07-15,262,36102374813,2.043,,
past260,냥캡몽,d3c7cc11a63d4c0a3717fd24b1c08dc7efe8d04e6d233bd35cf2fabdeb93fb0d,2026-07-16,262,36102374813,2.043,,
past260,냥캡몽,d3c7cc11a63d4c0a3717fd24b1c08dc7efe8d04e6d233bd35cf2fabdeb93fb0d,2026-07-17,262,36102374813,2.043,,
past260,냥캡몽,d3c7cc11a63d4c0a3717fd24b1c08dc7efe8d04e6d233bd35cf2fabdeb93fb0d,2026-07-18,262,36102374813,2.043,,
past260,냥캡몽,d3c7cc11a63d4c0a3717fd24b1c08dc7efe8d04e6d233bd35cf2fabdeb93fb0d,2026-07-19,262,36102374813,2.043,,
past260,냥캡몽,d3c7cc11a63d4c0a3717fd24b1c08dc7efe8d04e6d233bd35cf2fabdeb93fb0d,2026-07-20,262,36102374813,2.043,2482414,
past260,냥캡몽,d3c7cc11a63d4c0a3717fd24b1c08dc7efe8d04e6d233bd35cf2fabdeb93fb0d,2026-07-21,262,36102374813,2.043,,
past260,냥캡몽,d3c7cc11a63d4c0a3717fd24b1c08dc7efe8d04e6d233bd35cf2fabdeb93fb0d,2026-07-22,262,36102374813,2.043,,
past260,연이륌,97d54bdb81ca72e5ee04bb4fc470773286e68d4012202d0434d05f81868f68e3,2026-06-18,262,31241592326,1.768,15185225,
past260,연이륌,97d54bdb81ca72e5ee04bb4fc470773286e68d4012202d0434d05f81868f68e3,2026-06-19,262,31241592326,1.768,,
past260,연이륌,97d54bdb81ca72e5ee04bb4fc470773286e68d4012202d0434d05f81868f68e3,2026-06-20,262,31241592326,1.768,,
past260,연이륌,97d54bdb81ca72e5ee04bb4fc470773286e68d4012202d0434d05f81868f68e3,2026-06-21,262,31241592326,1.768,,
past260,연이륌,97d54bdb81ca72e5ee04bb4fc470773286e68d4012202d0434d05f81868f68e3,2026-06-22,262,31241592326,1.768,,
past260,연이륌,97d54bdb81ca72e5ee04bb4fc470773286e68d4012202d0434d05f81868f68e3,2026-06-23,262,31288042808,1.771,,
past260,연이륌,97d54bdb81ca72e5ee04bb4fc470773286e68d4012202d0434d05f81868f68e3,2026-06-24,262,31288042808,1.771,,
past260,연이륌,97d54bdb81ca72e5ee04bb4fc470773286e68d4012202d0434d05f81868f68e3,2026-06-25,262,31288042808,1.771,,
past260,연이륌,97d54bdb81ca72e5ee04bb4fc470773286e68d4012202d0434d05f81868f68e3,2026-06-26,262,31288042808,1.771,16387019,
past260,연이륌,97d54bdb81ca72e5ee04bb4fc470773286e68d4012202d0434d05f81868f68e3,2026-06-27,262,31333108160,1.774,,
past260,연이륌,97d54bdb81ca72e5ee04bb4fc470773286e68d4012202d0434d05f81868f68e3,2026-06-28,262,31333108160,1.774,,
past260,연이륌,97d54bdb81ca72e5ee04bb4fc470773286e68d4012202d0434d05f81868f68e3,2026-06-29,262,31333108160,1.774,,
past260,연이륌,97d54bdb81ca72e5ee04bb4fc470773286e68d4012202d0434d05f81868f68e3,2026-06-30,262,31333108160,1.774,,
past260,연이륌,97d54bdb81ca72e5ee04bb4fc470773286e68d4012202d0434d05f81868f68e3,2026-07-01,262,31333108160,1.774,,
past260,연이륌,97d54bdb81ca72e5ee04bb4fc470773286e68d4012202d0434d05f81868f68e3,2026-07-02,262,31369550092,1.776,,
past260,연이륌,97d54bdb81ca72e5ee04bb4fc470773286e68d4012202d0434d05f81868f68e3,2026-07-03,262,31369550092,1.776,,
past260,연이륌,97d54bdb81ca72e5ee04bb4fc470773286e68d4012202d0434d05f81868f68e3,2026-07-04,262,31369550092,1.776,16087016,
past260,연이륌,97d54bdb81ca72e5ee04bb4fc470773286e68d4012202d0434d05f81868f68e3,2026-07-05,262,31369550092,1.776,,
past260,연이륌,97d54bdb81ca72e5ee04bb4fc470773286e68d4012202d0434d05f81868f68e3,2026-07-06,262,31369550092,1.776,,
past260,연이륌,97d54bdb81ca72e5ee04bb4fc470773286e68d4012202d0434d05f81868f68e3,2026-07-07,262,31369550092,1.776,,
past260,연이륌,97d54bdb81ca72e5ee04bb4fc470773286e68d4012202d0434d05f81868f68e3,2026-07-08,262,31369550092,1.776,,
past260,연이륌,97d54bdb81ca72e5ee04bb4fc470773286e68d4012202d0434d05f81868f68e3,2026-07-09,262,31369550092,1.776,,
past260,연이륌,97d54bdb81ca72e5ee04bb4fc470773286e68d4012202d0434d05f81868f68e3,2026-07-10,262,31369550092,1.776,,
past260,연이륌,97d54bdb81ca72e5ee04bb4fc470773286e68d4012202d0434d05f81868f68e3,2026-07-11,262,31405992024,1.778,,
past260,연이륌,97d54bdb81ca72e5ee04bb4fc470773286e68d4012202d0434d05f81868f68e3,2026-07-12,262,31405992024,1.778,16087016,
past260,연이륌,97d54bdb81ca72e5ee04bb4fc470773286e68d4012202d0434d05f81868f68e3,2026-07-13,262,31405992024,1.778,,
past260,연이륌,97d54bdb81ca72e5ee04bb4fc470773286e68d4012202d0434d05f81868f68e3,2026-07-14,262,31405992024,1.778,,
past260,연이륌,97d54bdb81ca72e5ee04bb4fc470773286e68d4012202d0434d05f81868f68e3,2026-07-15,262,31405992024,1.778,,
past260,연이륌,97d54bdb81ca72e5ee04bb4fc470773286e68d4012202d0434d05f81868f68e3,2026-07-16,262,242579846042,13.730,,
past260,연이륌,97d54bdb81ca72e5ee04bb4fc470773286e68d4012202d0434d05f81868f68e3,2026-07-17,262,711396340674,40.266,,
past260,연이륌,97d54bdb81ca72e5ee04bb4fc470773286e68d4012202d0434d05f81868f68e3,2026-07-18,262,826256563152,46.768,,
past260,연이륌,97d54bdb81ca72e5ee04bb4fc470773286e68d4012202d0434d05f81868f68e3,2026-07-19,263,1160832079520,65.055,,
past260,연이륌,97d54bdb81ca72e5ee04bb4fc470773286e68d4012202d0434d05f81868f68e3,2026-07-20,263,1443469313022,80.894,15429666,
past260,연이륌,97d54bdb81ca72e5ee04bb4fc470773286e68d4012202d0434d05f81868f68e3,2026-07-21,264,984144153836,54.607,,
past260,연이륌,97d54bdb81ca72e5ee04bb4fc470773286e68d4012202d0434d05f81868f68e3,2026-07-22,264,1641660928820,91.090,,
past260,내리리나로,39b637bdd38e55ee8d15c179985cd319,2026-06-18,262,37297588134,2.111,14735250,
past260,내리리나로,39b637bdd38e55ee8d15c179985cd319,2026-06-19,262,37297588134,2.111,,
past260,내리리나로,39b637bdd38e55ee8d15c179985cd319,2026-06-20,262,37297588134,2.111,,
past260,내리리나로,39b637bdd38e55ee8d15c179985cd319,2026-06-21,262,37297588134,2.111,,
past260,내리리나로,39b637bdd38e55ee8d15c179985cd319,2026-06-22,262,37297588134,2.111,,
past260,내리리나로,39b637bdd38e55ee8d15c179985cd319,2026-06-23,262,37297588134,2.111,,
past260,내리리나로,39b637bdd38e55ee8d15c179985cd319,2026-06-24,262,37297588134,2.111,,
past260,내리리나로,39b637bdd38e55ee8d15c179985cd319,2026-06-25,262,37297588134,2.111,,
past260,내리리나로,39b637bdd38e55ee8d15c179985cd319,2026-06-26,262,37297588134,2.111,14735250,
past260,내리리나로,39b637bdd38e55ee8d15c179985cd319,2026-06-27,262,37297588134,2.111,,
past260,내리리나로,39b637bdd38e55ee8d15c179985cd319,2026-06-28,262,37297588134,2.111,,
past260,내리리나로,39b637bdd38e55ee8d15c179985cd319,2026-06-29,262,37297588134,2.111,,
past260,내리리나로,39b637bdd38e55ee8d15c179985cd319,2026-06-30,262,37297588134,2.111,,
past260,내리리나로,39b637bdd38e55ee8d15c179985cd319,2026-07-01,262,37297588134,2.111,,
past260,내리리나로,39b637bdd38e55ee8d15c179985cd319,2026-07-02,262,37297588134,2.111,,
past260,내리리나로,39b637bdd38e55ee8d15c179985cd319,2026-07-03,262,37297588134,2.111,,
past260,내리리나로,39b637bdd38e55ee8d15c179985cd319,2026-07-04,262,37297588134,2.111,14735250,
past260,내리리나로,39b637bdd38e55ee8d15c179985cd319,2026-07-05,262,37297588134,2.111,,
past260,내리리나로,39b637bdd38e55ee8d15c179985cd319,2026-07-06,262,37297588134,2.111,,
past260,내리리나로,39b637bdd38e55ee8d15c179985cd319,2026-07-07,262,37297588134,2.111,,
past260,내리리나로,39b637bdd38e55ee8d15c179985cd319,2026-07-08,262,37297588134,2.111,,
past260,내리리나로,39b637bdd38e55ee8d15c179985cd319,2026-07-09,262,37297588134,2.111,,
past260,내리리나로,39b637bdd38e55ee8d15c179985cd319,2026-07-10,262,37297588134,2.111,,
past260,내리리나로,39b637bdd38e55ee8d15c179985cd319,2026-07-11,262,37297588134,2.111,,
past260,내리리나로,39b637bdd38e55ee8d15c179985cd319,2026-07-12,262,37297588134,2.111,14735250,
past260,내리리나로,39b637bdd38e55ee8d15c179985cd319,2026-07-13,262,37297588134,2.111,,
past260,내리리나로,39b637bdd38e55ee8d15c179985cd319,2026-07-14,262,37297588134,2.111,,
past260,내리리나로,39b637bdd38e55ee8d15c179985cd319,2026-07-15,262,37297588134,2.111,,
past260,내리리나로,39b637bdd38e55ee8d15c179985cd319,2026-07-16,262,37297588134,2.111,,
past260,내리리나로,39b637bdd38e55ee8d15c179985cd319,2026-07-17,262,37297588134,2.111,,
past260,내리리나로,39b637bdd38e55ee8d15c179985cd319,2026-07-18,262,37297588134,2.111,,
past260,내리리나로,39b637bdd38e55ee8d15c179985cd319,2026-07-19,262,37297588134,2.111,,
past260,내리리나로,39b637bdd38e55ee8d15c179985cd319,2026-07-20,262,37297588134,2.111,14735250,
past260,내리리나로,39b637bdd38e55ee8d15c179985cd319,2026-07-21,262,37297588134,2.111,,
past260,내리리나로,39b637bdd38e55ee8d15c179985cd319,2026-07-22,262,37297588134,2.111,,
past260,아델의귀고리,6be6aa6921c9a498bcd0825e528f9770,2026-06-18,262,41550961022,2.352,11755481,
past260,아델의귀고리,6be6aa6921c9a498bcd0825e528f9770,2026-06-19,262,41550961022,2.352,,
past260,아델의귀고리,6be6aa6921c9a498bcd0825e528f9770,2026-06-20,262,41550961022,2.352,,
past260,아델의귀고리,6be6aa6921c9a498bcd0825e528f9770,2026-06-21,262,41550961022,2.352,,
past260,아델의귀고리,6be6aa6921c9a498bcd0825e528f9770,2026-06-22,262,41550961022,2.352,,
past260,아델의귀고리,6be6aa6921c9a498bcd0825e528f9770,2026-06-23,262,41550961022,2.352,,
past260,아델의귀고리,6be6aa6921c9a498bcd0825e528f9770,2026-06-24,262,41550961022,2.352,,
past260,아델의귀고리,6be6aa6921c9a498bcd0825e528f9770,2026-06-25,262,41550961022,2.352,,
past260,아델의귀고리,6be6aa6921c9a498bcd0825e528f9770,2026-06-26,262,41550961022,2.352,11755481,
past260,아델의귀고리,6be6aa6921c9a498bcd0825e528f9770,2026-06-27,262,41550961022,2.352,,
past260,아델의귀고리,6be6aa6921c9a498bcd0825e528f9770,2026-06-28,262,41550961022,2.352,,
past260,아델의귀고리,6be6aa6921c9a498bcd0825e528f9770,2026-06-29,262,41550961022,2.352,,
past260,아델의귀고리,6be6aa6921c9a498bcd0825e528f9770,2026-06-30,262,41550961022,2.352,,
past260,아델의귀고리,6be6aa6921c9a498bcd0825e528f9770,2026-07-01,262,41550961022,2.352,,
past260,아델의귀고리,6be6aa6921c9a498bcd0825e528f9770,2026-07-02,262,41550961022,2.352,,
past260,아델의귀고리,6be6aa6921c9a498bcd0825e528f9770,2026-07-03,262,41550961022,2.352,,
past260,아델의귀고리,6be6aa6921c9a498bcd0825e528f9770,2026-07-04,262,41550961022,2.352,11755481,
past260,아델의귀고리,6be6aa6921c9a498bcd0825e528f9770,2026-07-05,262,41550961022,2.352,,
past260,아델의귀고리,6be6aa6921c9a498bcd0825e528f9770,2026-07-06,262,41550961022,2.352,,
past260,아델의귀고리,6be6aa6921c9a498bcd0825e528f9770,2026-07-07,262,41550961022,2.352,,
past260,아델의귀고리,6be6aa6921c9a498bcd0825e528f9770,2026-07-08,262,41550961022,2.352,,
past260,아델의귀고리,6be6aa6921c9a498bcd0825e528f9770,2026-07-09,262,41550961022,2.352,,
past260,아델의귀고리,6be6aa6921c9a498bcd0825e528f9770,2026-07-10,262,41550961022,2.352,,
past260,아델의귀고리,6be6aa6921c9a498bcd0825e528f9770,2026-07-11,262,41550961022,2.352,,
past260,아델의귀고리,6be6aa6921c9a498bcd0825e528f9770,2026-07-12,262,41550961022,2.352,11755481,
past260,아델의귀고리,6be6aa6921c9a498bcd0825e528f9770,2026-07-13,262,41550961022,2.352,,
past260,아델의귀고리,6be6aa6921c9a498bcd0825e528f9770,2026-07-14,262,41550961022,2.352,,
past260,아델의귀고리,6be6aa6921c9a498bcd0825e528f9770,2026-07-15,262,41550961022,2.352,,
past260,아델의귀고리,6be6aa6921c9a498bcd0825e528f9770,2026-07-16,262,41550961022,2.352,,
past260,아델의귀고리,6be6aa6921c9a498bcd0825e528f9770,2026-07-17,262,41550961022,2.352,,
past260,아델의귀고리,6be6aa6921c9a498bcd0825e528f9770,2026-07-18,262,41550961022,2.352,,
past260,아델의귀고리,6be6aa6921c9a498bcd0825e528f9770,2026-07-19,262,41550961022,2.352,,
past260,아델의귀고리,6be6aa6921c9a498bcd0825e528f9770,2026-07-20,262,41550961022,2.352,11755481,
past260,아델의귀고리,6be6aa6921c9a498bcd0825e528f9770,2026-07-21,262,41550961022,2.352,,
past260,아델의귀고리,6be6aa6921c9a498bcd0825e528f9770,2026-07-22,262,41550961022,2.352,,
past260,티모의cs,3d350a55541e728aa46d98645b3eef7e,2026-06-18,262,19167974757,1.085,894427,
past260,티모의cs,3d350a55541e728aa46d98645b3eef7e,2026-06-19,262,19167974757,1.085,,
past260,티모의cs,3d350a55541e728aa46d98645b3eef7e,2026-06-20,262,19167974757,1.085,,
past260,티모의cs,3d350a55541e728aa46d98645b3eef7e,2026-06-21,262,19167974757,1.085,,
past260,티모의cs,3d350a55541e728aa46d98645b3eef7e,2026-06-22,262,19167974757,1.085,,
past260,티모의cs,3d350a55541e728aa46d98645b3eef7e,2026-06-23,262,19167974757,1.085,,
past260,티모의cs,3d350a55541e728aa46d98645b3eef7e,2026-06-24,262,19167974757,1.085,,
past260,티모의cs,3d350a55541e728aa46d98645b3eef7e,2026-06-25,262,19167974757,1.085,,
past260,티모의cs,3d350a55541e728aa46d98645b3eef7e,2026-06-26,262,19167974757,1.085,894427,
past260,티모의cs,3d350a55541e728aa46d98645b3eef7e,2026-06-27,262,19167974757,1.085,,
past260,티모의cs,3d350a55541e728aa46d98645b3eef7e,2026-06-28,262,19167974757,1.085,,
past260,티모의cs,3d350a55541e728aa46d98645b3eef7e,2026-06-29,262,19167974757,1.085,,
past260,티모의cs,3d350a55541e728aa46d98645b3eef7e,2026-06-30,262,19167974757,1.085,,
past260,티모의cs,3d350a55541e728aa46d98645b3eef7e,2026-07-01,262,19167974757,1.085,,
past260,티모의cs,3d350a55541e728aa46d98645b3eef7e,2026-07-02,262,19167974757,1.085,,
past260,티모의cs,3d350a55541e728aa46d98645b3eef7e,2026-07-03,262,19167974757,1.085,,
past260,티모의cs,3d350a55541e728aa46d98645b3eef7e,2026-07-04,262,19167974757,1.085,894427,
past260,티모의cs,3d350a55541e728aa46d98645b3eef7e,2026-07-05,262,19167974757,1.085,,
past260,티모의cs,3d350a55541e728aa46d98645b3eef7e,2026-07-06,262,19167974757,1.085,,
past260,티모의cs,3d350a55541e728aa46d98645b3eef7e,2026-07-07,262,19167974757,1.085,,
past260,티모의cs,3d350a55541e728aa46d98645b3eef7e,2026-07-08,262,19167974757,1.085,,
past260,티모의cs,3d350a55541e728aa46d98645b3eef7e,2026-07-09,262,19167974757,1.085,,
past260,티모의cs,3d350a55541e728aa46d98645b3eef7e,2026-07-10,262,19167974757,1.085,,
past260,티모의cs,3d350a55541e728aa46d98645b3eef7e,2026-07-11,262,19167974757,1.085,,
past260,티모의cs,3d350a55541e728aa46d98645b3eef7e,2026-07-12,262,19167974757,1.085,894427,
past260,티모의cs,3d350a55541e728aa46d98645b3eef7e,2026-07-13,262,19167974757,1.085,,
past260,티모의cs,3d350a55541e728aa46d98645b3eef7e,2026-07-14,262,19167974757,1.085,,
past260,티모의cs,3d350a55541e728aa46d98645b3eef7e,2026-07-15,262,19167974757,1.085,,
past260,티모의cs,3d350a55541e728aa46d98645b3eef7e,2026-07-16,262,19167974757,1.085,,
past260,티모의cs,3d350a55541e728aa46d98645b3eef7e,2026-07-17,262,19167974757,1.085,,
past260,티모의cs,3d350a55541e728aa46d98645b3eef7e,2026-07-18,262,19167974757,1.085,,
past260,티모의cs,3d350a55541e728aa46d98645b3eef7e,2026-07-19,262,19167974757,1.085,,
past260,티모의cs,3d350a55541e728aa46d98645b3eef7e,2026-07-20,262,19167974757,1.085,894427,
past260,티모의cs,3d350a55541e728aa46d98645b3eef7e,2026-07-21,262,19167974757,1.085,,
past260,티모의cs,3d350a55541e728aa46d98645b3eef7e,2026-07-22,262,19167974757,1.085,,
past260,볼짬친구,091855a7dfd79b94aa844026152a338e,2026-06-18,262,33878686929,1.918,1016118,
past260,볼짬친구,091855a7dfd79b94aa844026152a338e,2026-06-19,262,33878686929,1.918,,
past260,볼짬친구,091855a7dfd79b94aa844026152a338e,2026-06-20,262,33878686929,1.918,,
past260,볼짬친구,091855a7dfd79b94aa844026152a338e,2026-06-21,262,33878686929,1.918,,
past260,볼짬친구,091855a7dfd79b94aa844026152a338e,2026-06-22,262,33878686929,1.918,,
past260,볼짬친구,091855a7dfd79b94aa844026152a338e,2026-06-23,262,33878686929,1.918,,
past260,볼짬친구,091855a7dfd79b94aa844026152a338e,2026-06-24,262,33878686929,1.918,,
past260,볼짬친구,091855a7dfd79b94aa844026152a338e,2026-06-25,262,33878686929,1.918,,
past260,볼짬친구,091855a7dfd79b94aa844026152a338e,2026-06-26,262,33878686929,1.918,1016118,
past260,볼짬친구,091855a7dfd79b94aa844026152a338e,2026-06-27,262,33878686929,1.918,,
past260,볼짬친구,091855a7dfd79b94aa844026152a338e,2026-06-28,262,33878686929,1.918,,
past260,볼짬친구,091855a7dfd79b94aa844026152a338e,2026-06-29,262,33878686929,1.918,,
past260,볼짬친구,091855a7dfd79b94aa844026152a338e,2026-06-30,262,33878686929,1.918,,
past260,볼짬친구,091855a7dfd79b94aa844026152a338e,2026-07-01,262,33878686929,1.918,,
past260,볼짬친구,091855a7dfd79b94aa844026152a338e,2026-07-02,262,33878686929,1.918,,
past260,볼짬친구,091855a7dfd79b94aa844026152a338e,2026-07-03,262,33878686929,1.918,,
past260,볼짬친구,091855a7dfd79b94aa844026152a338e,2026-07-04,262,33878686929,1.918,1016118,
past260,볼짬친구,091855a7dfd79b94aa844026152a338e,2026-07-05,262,33878686929,1.918,,
past260,볼짬친구,091855a7dfd79b94aa844026152a338e,2026-07-06,262,33878686929,1.918,,
past260,볼짬친구,091855a7dfd79b94aa844026152a338e,2026-07-07,262,33878686929,1.918,,
past260,볼짬친구,091855a7dfd79b94aa844026152a338e,2026-07-08,262,33878686929,1.918,,
past260,볼짬친구,091855a7dfd79b94aa844026152a338e,2026-07-09,262,33878686929,1.918,,
past260,볼짬친구,091855a7dfd79b94aa844026152a338e,2026-07-10,262,33878686929,1.918,,
past260,볼짬친구,091855a7dfd79b94aa844026152a338e,2026-07-11,262,33878686929,1.918,,
past260,볼짬친구,091855a7dfd79b94aa844026152a338e,2026-07-12,262,33878686929,1.918,1016118,
past260,볼짬친구,091855a7dfd79b94aa844026152a338e,2026-07-13,262,33878686929,1.918,,
past260,볼짬친구,091855a7dfd79b94aa844026152a338e,2026-07-14,262,33878686929,1.918,,
past260,볼짬친구,091855a7dfd79b94aa844026152a338e,2026-07-15,262,33878686929,1.918,,
past260,볼짬친구,091855a7dfd79b94aa844026152a338e,2026-07-16,262,33878686929,1.918,,
past260,볼짬친구,091855a7dfd79b94aa844026152a338e,2026-07-17,262,33878686929,1.918,,
past260,볼짬친구,091855a7dfd79b94aa844026152a338e,2026-07-18,262,33878686929,1.918,,
past260,볼짬친구,091855a7dfd79b94aa844026152a338e,2026-07-19,262,33878686929,1.918,,
past260,볼짬친구,091855a7dfd79b94aa844026152a338e,2026-07-20,262,33878686929,1.918,1016118,
past260,볼짬친구,091855a7dfd79b94aa844026152a338e,2026-07-21,262,33878686929,1.918,,
past260,볼짬친구,091855a7dfd79b94aa844026152a338e,2026-07-22,262,33878686929,1.918,,
past260,망냉움,,2026-06-18,,,,,ocid_failed
past260,망냉움,,2026-06-19,,,,,ocid_failed
past260,망냉움,,2026-06-20,,,,,ocid_failed
past260,망냉움,,2026-06-21,,,,,ocid_failed
past260,망냉움,,2026-06-22,,,,,ocid_failed
past260,망냉움,,2026-06-23,,,,,ocid_failed
past260,망냉움,,2026-06-24,,,,,ocid_failed
past260,망냉움,,2026-06-25,,,,,ocid_failed
past260,망냉움,,2026-06-26,,,,,ocid_failed
past260,망냉움,,2026-06-27,,,,,ocid_failed
past260,망냉움,,2026-06-28,,,,,ocid_failed
past260,망냉움,,2026-06-29,,,,,ocid_failed
past260,망냉움,,2026-06-30,,,,,ocid_failed
past260,망냉움,,2026-07-01,,,,,ocid_failed
past260,망냉움,,2026-07-02,,,,,ocid_failed
past260,망냉움,,2026-07-03,,,,,ocid_failed
past260,망냉움,,2026-07-04,,,,,ocid_failed
past260,망냉움,,2026-07-05,,,,,ocid_failed
past260,망냉움,,2026-07-06,,,,,ocid_failed
past260,망냉움,,2026-07-07,,,,,ocid_failed
past260,망냉움,,2026-07-08,,,,,ocid_failed
past260,망냉움,,2026-07-09,,,,,ocid_failed
past260,망냉움,,2026-07-10,,,,,ocid_failed
past260,망냉움,,2026-07-11,,,,,ocid_failed
past260,망냉움,,2026-07-12,,,,,ocid_failed
past260,망냉움,,2026-07-13,,,,,ocid_failed
past260,망냉움,,2026-07-14,,,,,ocid_failed
past260,망냉움,,2026-07-15,,,,,ocid_failed
past260,망냉움,,2026-07-16,,,,,ocid_failed
past260,망냉움,,2026-07-17,,,,,ocid_failed
past260,망냉움,,2026-07-18,,,,,ocid_failed
past260,망냉움,,2026-07-19,,,,,ocid_failed
past260,망냉움,,2026-07-20,,,,,ocid_failed
past260,망냉움,,2026-07-21,,,,,ocid_failed
past260,망냉움,,2026-07-22,,,,,ocid_failed
past260,타르동,9fb3f5327b45645740f86fe421ec5af4,2026-06-18,262,50520655984,2.860,1800614,
past260,타르동,9fb3f5327b45645740f86fe421ec5af4,2026-06-19,262,50520655984,2.860,,
past260,타르동,9fb3f5327b45645740f86fe421ec5af4,2026-06-20,262,50520655984,2.860,,
past260,타르동,9fb3f5327b45645740f86fe421ec5af4,2026-06-21,262,50520655984,2.860,,
past260,타르동,9fb3f5327b45645740f86fe421ec5af4,2026-06-22,262,50520655984,2.860,,
past260,타르동,9fb3f5327b45645740f86fe421ec5af4,2026-06-23,262,50520655984,2.860,,
past260,타르동,9fb3f5327b45645740f86fe421ec5af4,2026-06-24,262,50520655984,2.860,,
past260,타르동,9fb3f5327b45645740f86fe421ec5af4,2026-06-25,262,50520655984,2.860,,
past260,타르동,9fb3f5327b45645740f86fe421ec5af4,2026-06-26,262,50520655984,2.860,1800614,
past260,타르동,9fb3f5327b45645740f86fe421ec5af4,2026-06-27,262,50520655984,2.860,,
past260,타르동,9fb3f5327b45645740f86fe421ec5af4,2026-06-28,262,50520655984,2.860,,
past260,타르동,9fb3f5327b45645740f86fe421ec5af4,2026-06-29,262,50520655984,2.860,,
past260,타르동,9fb3f5327b45645740f86fe421ec5af4,2026-06-30,262,50520655984,2.860,,
past260,타르동,9fb3f5327b45645740f86fe421ec5af4,2026-07-01,262,50520655984,2.860,,
past260,타르동,9fb3f5327b45645740f86fe421ec5af4,2026-07-02,262,50520655984,2.860,,
past260,타르동,9fb3f5327b45645740f86fe421ec5af4,2026-07-03,262,50520655984,2.860,,
past260,타르동,9fb3f5327b45645740f86fe421ec5af4,2026-07-04,262,50520655984,2.860,1800614,
past260,타르동,9fb3f5327b45645740f86fe421ec5af4,2026-07-05,262,50520655984,2.860,,
past260,타르동,9fb3f5327b45645740f86fe421ec5af4,2026-07-06,262,50520655984,2.860,,
past260,타르동,9fb3f5327b45645740f86fe421ec5af4,2026-07-07,262,50520655984,2.860,,
past260,타르동,9fb3f5327b45645740f86fe421ec5af4,2026-07-08,262,50520655984,2.860,,
past260,타르동,9fb3f5327b45645740f86fe421ec5af4,2026-07-09,262,50520655984,2.860,,
past260,타르동,9fb3f5327b45645740f86fe421ec5af4,2026-07-10,262,50520655984,2.860,,
past260,타르동,9fb3f5327b45645740f86fe421ec5af4,2026-07-11,262,50520655984,2.860,,
past260,타르동,9fb3f5327b45645740f86fe421ec5af4,2026-07-12,262,50520655984,2.860,1800614,
past260,타르동,9fb3f5327b45645740f86fe421ec5af4,2026-07-13,262,50520655984,2.860,,
past260,타르동,9fb3f5327b45645740f86fe421ec5af4,2026-07-14,262,50520655984,2.860,,
past260,타르동,9fb3f5327b45645740f86fe421ec5af4,2026-07-15,262,50520655984,2.860,,
past260,타르동,9fb3f5327b45645740f86fe421ec5af4,2026-07-16,262,50520655984,2.860,,
past260,타르동,9fb3f5327b45645740f86fe421ec5af4,2026-07-17,262,50520655984,2.860,,
past260,타르동,9fb3f5327b45645740f86fe421ec5af4,2026-07-18,262,50520655984,2.860,,
past260,타르동,9fb3f5327b45645740f86fe421ec5af4,2026-07-19,262,50520655984,2.860,,
past260,타르동,9fb3f5327b45645740f86fe421ec5af4,2026-07-20,262,50520655984,2.860,1800614,
past260,타르동,9fb3f5327b45645740f86fe421ec5af4,2026-07-21,262,50520655984,2.860,,
past260,타르동,9fb3f5327b45645740f86fe421ec5af4,2026-07-22,262,50520655984,2.860,,
past260,헝울깃,9fa69cb2f4fab3cb2f24e7698b77b553,2026-06-18,262,56908629622,3.221,3004008,
past260,헝울깃,9fa69cb2f4fab3cb2f24e7698b77b553,2026-06-19,262,56908629622,3.221,,
past260,헝울깃,9fa69cb2f4fab3cb2f24e7698b77b553,2026-06-20,262,56908629622,3.221,,
past260,헝울깃,9fa69cb2f4fab3cb2f24e7698b77b553,2026-06-21,262,56908629622,3.221,,
past260,헝울깃,9fa69cb2f4fab3cb2f24e7698b77b553,2026-06-22,262,56908629622,3.221,,
past260,헝울깃,9fa69cb2f4fab3cb2f24e7698b77b553,2026-06-23,262,56908629622,3.221,,
past260,헝울깃,9fa69cb2f4fab3cb2f24e7698b77b553,2026-06-24,262,56908629622,3.221,,
past260,헝울깃,9fa69cb2f4fab3cb2f24e7698b77b553,2026-06-25,262,56908629622,3.221,,
past260,헝울깃,9fa69cb2f4fab3cb2f24e7698b77b553,2026-06-26,262,56908629622,3.221,3004008,
past260,헝울깃,9fa69cb2f4fab3cb2f24e7698b77b553,2026-06-27,262,56908629622,3.221,,
past260,헝울깃,9fa69cb2f4fab3cb2f24e7698b77b553,2026-06-28,262,56908629622,3.221,,
past260,헝울깃,9fa69cb2f4fab3cb2f24e7698b77b553,2026-06-29,262,56908629622,3.221,,
past260,헝울깃,9fa69cb2f4fab3cb2f24e7698b77b553,2026-06-30,262,56908629622,3.221,,
past260,헝울깃,9fa69cb2f4fab3cb2f24e7698b77b553,2026-07-01,262,56908629622,3.221,,
past260,헝울깃,9fa69cb2f4fab3cb2f24e7698b77b553,2026-07-02,262,56908629622,3.221,,
past260,헝울깃,9fa69cb2f4fab3cb2f24e7698b77b553,2026-07-03,262,56908629622,3.221,,
past260,헝울깃,9fa69cb2f4fab3cb2f24e7698b77b553,2026-07-04,262,56908629622,3.221,3004008,
past260,헝울깃,9fa69cb2f4fab3cb2f24e7698b77b553,2026-07-05,262,56908629622,3.221,,
past260,헝울깃,9fa69cb2f4fab3cb2f24e7698b77b553,2026-07-06,262,56908629622,3.221,,
past260,헝울깃,9fa69cb2f4fab3cb2f24e7698b77b553,2026-07-07,262,56908629622,3.221,,
past260,헝울깃,9fa69cb2f4fab3cb2f24e7698b77b553,2026-07-08,262,56908629622,3.221,,
past260,헝울깃,9fa69cb2f4fab3cb2f24e7698b77b553,2026-07-09,262,56908629622,3.221,,
past260,헝울깃,9fa69cb2f4fab3cb2f24e7698b77b553,2026-07-10,262,56908629622,3.221,,
past260,헝울깃,9fa69cb2f4fab3cb2f24e7698b77b553,2026-07-11,262,56908629622,3.221,,
past260,헝울깃,9fa69cb2f4fab3cb2f24e7698b77b553,2026-07-12,262,56908629622,3.221,3004008,
past260,헝울깃,9fa69cb2f4fab3cb2f24e7698b77b553,2026-07-13,262,56908629622,3.221,,
past260,헝울깃,9fa69cb2f4fab3cb2f24e7698b77b553,2026-07-14,262,56908629622,3.221,,
past260,헝울깃,9fa69cb2f4fab3cb2f24e7698b77b553,2026-07-15,262,56908629622,3.221,,
past260,헝울깃,9fa69cb2f4fab3cb2f24e7698b77b553,2026-07-16,262,56908629622,3.221,,
past260,헝울깃,9fa69cb2f4fab3cb2f24e7698b77b553,2026-07-17,262,56908629622,3.221,,
past260,헝울깃,9fa69cb2f4fab3cb2f24e7698b77b553,2026-07-18,262,56908629622,3.221,,
past260,헝울깃,9fa69cb2f4fab3cb2f24e7698b77b553,2026-07-19,262,56908629622,3.221,,
past260,헝울깃,9fa69cb2f4fab3cb2f24e7698b77b553,2026-07-20,262,56908629622,3.221,3004008,
past260,헝울깃,9fa69cb2f4fab3cb2f24e7698b77b553,2026-07-21,262,56908629622,3.221,,
past260,헝울깃,9fa69cb2f4fab3cb2f24e7698b77b553,2026-07-22,262,56908629622,3.221,,
past260,우일드헌디,0acda468ae5e6fb931c3626708f0e028a2186d8e7cf7a6ee152d97cc78f2ae8b,2026-06-18,262,28960287693,1.639,13333,
past260,우일드헌디,0acda468ae5e6fb931c3626708f0e028a2186d8e7cf7a6ee152d97cc78f2ae8b,2026-06-19,262,28960287693,1.639,,
past260,우일드헌디,0acda468ae5e6fb931c3626708f0e028a2186d8e7cf7a6ee152d97cc78f2ae8b,2026-06-20,262,28960287693,1.639,,
past260,우일드헌디,0acda468ae5e6fb931c3626708f0e028a2186d8e7cf7a6ee152d97cc78f2ae8b,2026-06-21,262,28960287693,1.639,,
past260,우일드헌디,0acda468ae5e6fb931c3626708f0e028a2186d8e7cf7a6ee152d97cc78f2ae8b,2026-06-22,262,28960287693,1.639,,
past260,우일드헌디,0acda468ae5e6fb931c3626708f0e028a2186d8e7cf7a6ee152d97cc78f2ae8b,2026-06-23,262,28960287693,1.639,,
past260,우일드헌디,0acda468ae5e6fb931c3626708f0e028a2186d8e7cf7a6ee152d97cc78f2ae8b,2026-06-24,262,28960287693,1.639,,
past260,우일드헌디,0acda468ae5e6fb931c3626708f0e028a2186d8e7cf7a6ee152d97cc78f2ae8b,2026-06-25,262,28960287693,1.639,,
past260,우일드헌디,0acda468ae5e6fb931c3626708f0e028a2186d8e7cf7a6ee152d97cc78f2ae8b,2026-06-26,262,28960287693,1.639,13333,
past260,우일드헌디,0acda468ae5e6fb931c3626708f0e028a2186d8e7cf7a6ee152d97cc78f2ae8b,2026-06-27,262,28960287693,1.639,,
past260,우일드헌디,0acda468ae5e6fb931c3626708f0e028a2186d8e7cf7a6ee152d97cc78f2ae8b,2026-06-28,262,28960287693,1.639,,
past260,우일드헌디,0acda468ae5e6fb931c3626708f0e028a2186d8e7cf7a6ee152d97cc78f2ae8b,2026-06-29,262,28960287693,1.639,,
past260,우일드헌디,0acda468ae5e6fb931c3626708f0e028a2186d8e7cf7a6ee152d97cc78f2ae8b,2026-06-30,262,28960287693,1.639,,
past260,우일드헌디,0acda468ae5e6fb931c3626708f0e028a2186d8e7cf7a6ee152d97cc78f2ae8b,2026-07-01,262,28960287693,1.639,,
past260,우일드헌디,0acda468ae5e6fb931c3626708f0e028a2186d8e7cf7a6ee152d97cc78f2ae8b,2026-07-02,262,28960287693,1.639,,
past260,우일드헌디,0acda468ae5e6fb931c3626708f0e028a2186d8e7cf7a6ee152d97cc78f2ae8b,2026-07-03,262,28960287693,1.639,,
past260,우일드헌디,0acda468ae5e6fb931c3626708f0e028a2186d8e7cf7a6ee152d97cc78f2ae8b,2026-07-04,262,28960287693,1.639,13333,
past260,우일드헌디,0acda468ae5e6fb931c3626708f0e028a2186d8e7cf7a6ee152d97cc78f2ae8b,2026-07-05,262,28960287693,1.639,,
past260,우일드헌디,0acda468ae5e6fb931c3626708f0e028a2186d8e7cf7a6ee152d97cc78f2ae8b,2026-07-06,262,28960287693,1.639,,
past260,우일드헌디,0acda468ae5e6fb931c3626708f0e028a2186d8e7cf7a6ee152d97cc78f2ae8b,2026-07-07,262,28960287693,1.639,,
past260,우일드헌디,0acda468ae5e6fb931c3626708f0e028a2186d8e7cf7a6ee152d97cc78f2ae8b,2026-07-08,262,28960287693,1.639,,
past260,우일드헌디,0acda468ae5e6fb931c3626708f0e028a2186d8e7cf7a6ee152d97cc78f2ae8b,2026-07-09,262,28960287693,1.639,,
past260,우일드헌디,0acda468ae5e6fb931c3626708f0e028a2186d8e7cf7a6ee152d97cc78f2ae8b,2026-07-10,262,28960287693,1.639,,
past260,우일드헌디,0acda468ae5e6fb931c3626708f0e028a2186d8e7cf7a6ee152d97cc78f2ae8b,2026-07-11,262,28960287693,1.639,,
past260,우일드헌디,0acda468ae5e6fb931c3626708f0e028a2186d8e7cf7a6ee152d97cc78f2ae8b,2026-07-12,262,28960287693,1.639,13333,
past260,우일드헌디,0acda468ae5e6fb931c3626708f0e028a2186d8e7cf7a6ee152d97cc78f2ae8b,2026-07-13,262,28960287693,1.639,,
past260,우일드헌디,0acda468ae5e6fb931c3626708f0e028a2186d8e7cf7a6ee152d97cc78f2ae8b,2026-07-14,262,28960287693,1.639,,
past260,우일드헌디,0acda468ae5e6fb931c3626708f0e028a2186d8e7cf7a6ee152d97cc78f2ae8b,2026-07-15,262,28960287693,1.639,,
past260,우일드헌디,0acda468ae5e6fb931c3626708f0e028a2186d8e7cf7a6ee152d97cc78f2ae8b,2026-07-16,262,28960287693,1.639,,
past260,우일드헌디,0acda468ae5e6fb931c3626708f0e028a2186d8e7cf7a6ee152d97cc78f2ae8b,2026-07-17,262,28960287693,1.639,,
past260,우일드헌디,0acda468ae5e6fb931c3626708f0e028a2186d8e7cf7a6ee152d97cc78f2ae8b,2026-07-18,262,28960287693,1.639,,
past260,우일드헌디,0acda468ae5e6fb931c3626708f0e028a2186d8e7cf7a6ee152d97cc78f2ae8b,2026-07-19,262,28960287693,1.639,,
past260,우일드헌디,0acda468ae5e6fb931c3626708f0e028a2186d8e7cf7a6ee152d97cc78f2ae8b,2026-07-20,262,28960287693,1.639,13333,
past260,우일드헌디,0acda468ae5e6fb931c3626708f0e028a2186d8e7cf7a6ee152d97cc78f2ae8b,2026-07-21,262,28960287693,1.639,,
past260,우일드헌디,0acda468ae5e6fb931c3626708f0e028a2186d8e7cf7a6ee152d97cc78f2ae8b,2026-07-22,262,28960287693,1.639,,
past260,소캣,1498280213e13b2b59660f0b6aee1720,2026-06-18,262,28059950268,1.588,0,
past260,소캣,1498280213e13b2b59660f0b6aee1720,2026-06-19,262,28059950268,1.588,,
past260,소캣,1498280213e13b2b59660f0b6aee1720,2026-06-20,262,28059950268,1.588,,
past260,소캣,1498280213e13b2b59660f0b6aee1720,2026-06-21,262,28059950268,1.588,,
past260,소캣,1498280213e13b2b59660f0b6aee1720,2026-06-22,262,28059950268,1.588,,
past260,소캣,1498280213e13b2b59660f0b6aee1720,2026-06-23,262,28059950268,1.588,,
past260,소캣,1498280213e13b2b59660f0b6aee1720,2026-06-24,262,28059950268,1.588,,
past260,소캣,1498280213e13b2b59660f0b6aee1720,2026-06-25,262,28059950268,1.588,,
past260,소캣,1498280213e13b2b59660f0b6aee1720,2026-06-26,262,28059950268,1.588,0,
past260,소캣,1498280213e13b2b59660f0b6aee1720,2026-06-27,262,28059950268,1.588,,
past260,소캣,1498280213e13b2b59660f0b6aee1720,2026-06-28,262,28059950268,1.588,,
past260,소캣,1498280213e13b2b59660f0b6aee1720,2026-06-29,262,28059950268,1.588,,
past260,소캣,1498280213e13b2b59660f0b6aee1720,2026-06-30,262,28059950268,1.588,,
past260,소캣,1498280213e13b2b59660f0b6aee1720,2026-07-01,262,28059950268,1.588,,
past260,소캣,1498280213e13b2b59660f0b6aee1720,2026-07-02,262,28059950268,1.588,,
past260,소캣,1498280213e13b2b59660f0b6aee1720,2026-07-03,262,28059950268,1.588,,
past260,소캣,1498280213e13b2b59660f0b6aee1720,2026-07-04,262,28059950268,1.588,0,
past260,소캣,1498280213e13b2b59660f0b6aee1720,2026-07-05,262,28059950268,1.588,,
past260,소캣,1498280213e13b2b59660f0b6aee1720,2026-07-06,262,28059950268,1.588,,
past260,소캣,1498280213e13b2b59660f0b6aee1720,2026-07-07,262,28059950268,1.588,,
past260,소캣,1498280213e13b2b59660f0b6aee1720,2026-07-08,262,28059950268,1.588,,
past260,소캣,1498280213e13b2b59660f0b6aee1720,2026-07-09,262,28059950268,1.588,,
past260,소캣,1498280213e13b2b59660f0b6aee1720,2026-07-10,262,28059950268,1.588,,
past260,소캣,1498280213e13b2b59660f0b6aee1720,2026-07-11,262,28059950268,1.588,,
past260,소캣,1498280213e13b2b59660f0b6aee1720,2026-07-12,262,28059950268,1.588,0,
past260,소캣,1498280213e13b2b59660f0b6aee1720,2026-07-13,262,28059950268,1.588,,
past260,소캣,1498280213e13b2b59660f0b6aee1720,2026-07-14,262,28059950268,1.588,,
past260,소캣,1498280213e13b2b59660f0b6aee1720,2026-07-15,262,28059950268,1.588,,
past260,소캣,1498280213e13b2b59660f0b6aee1720,2026-07-16,262,28059950268,1.588,,
past260,소캣,1498280213e13b2b59660f0b6aee1720,2026-07-17,262,28059950268,1.588,,
past260,소캣,1498280213e13b2b59660f0b6aee1720,2026-07-18,262,28059950268,1.588,,
past260,소캣,1498280213e13b2b59660f0b6aee1720,2026-07-19,262,28059950268,1.588,,
past260,소캣,1498280213e13b2b59660f0b6aee1720,2026-07-20,262,28059950268,1.588,0,
past260,소캣,1498280213e13b2b59660f0b6aee1720,2026-07-21,262,28059950268,1.588,,
past260,소캣,1498280213e13b2b59660f0b6aee1720,2026-07-22,262,28059950268,1.588,,
past260,갯떨만,0ae099f30608483262951c3dc7ce60ceefe8d04e6d233bd35cf2fabdeb93fb0d,2026-06-18,262,29296853417,1.658,3708737,
past260,갯떨만,0ae099f30608483262951c3dc7ce60ceefe8d04e6d233bd35cf2fabdeb93fb0d,2026-06-19,262,29296853417,1.658,,
past260,갯떨만,0ae099f30608483262951c3dc7ce60ceefe8d04e6d233bd35cf2fabdeb93fb0d,2026-06-20,262,29296853417,1.658,,
past260,갯떨만,0ae099f30608483262951c3dc7ce60ceefe8d04e6d233bd35cf2fabdeb93fb0d,2026-06-21,262,29296853417,1.658,,
past260,갯떨만,0ae099f30608483262951c3dc7ce60ceefe8d04e6d233bd35cf2fabdeb93fb0d,2026-06-22,262,29296853417,1.658,,
past260,갯떨만,0ae099f30608483262951c3dc7ce60ceefe8d04e6d233bd35cf2fabdeb93fb0d,2026-06-23,262,29296853417,1.658,,
past260,갯떨만,0ae099f30608483262951c3dc7ce60ceefe8d04e6d233bd35cf2fabdeb93fb0d,2026-06-24,262,29296853417,1.658,,
past260,갯떨만,0ae099f30608483262951c3dc7ce60ceefe8d04e6d233bd35cf2fabdeb93fb0d,2026-06-25,262,29296853417,1.658,,
past260,갯떨만,0ae099f30608483262951c3dc7ce60ceefe8d04e6d233bd35cf2fabdeb93fb0d,2026-06-26,262,29296853417,1.658,3708737,
past260,갯떨만,0ae099f30608483262951c3dc7ce60ceefe8d04e6d233bd35cf2fabdeb93fb0d,2026-06-27,262,29296853417,1.658,,
past260,갯떨만,0ae099f30608483262951c3dc7ce60ceefe8d04e6d233bd35cf2fabdeb93fb0d,2026-06-28,262,29296853417,1.658,,
past260,갯떨만,0ae099f30608483262951c3dc7ce60ceefe8d04e6d233bd35cf2fabdeb93fb0d,2026-06-29,262,29296853417,1.658,,
past260,갯떨만,0ae099f30608483262951c3dc7ce60ceefe8d04e6d233bd35cf2fabdeb93fb0d,2026-06-30,262,29296853417,1.658,,
past260,갯떨만,0ae099f30608483262951c3dc7ce60ceefe8d04e6d233bd35cf2fabdeb93fb0d,2026-07-01,262,29296853417,1.658,,
past260,갯떨만,0ae099f30608483262951c3dc7ce60ceefe8d04e6d233bd35cf2fabdeb93fb0d,2026-07-02,262,29296853417,1.658,,
past260,갯떨만,0ae099f30608483262951c3dc7ce60ceefe8d04e6d233bd35cf2fabdeb93fb0d,2026-07-03,262,29296853417,1.658,,
past260,갯떨만,0ae099f30608483262951c3dc7ce60ceefe8d04e6d233bd35cf2fabdeb93fb0d,2026-07-04,262,29296853417,1.658,3708737,
past260,갯떨만,0ae099f30608483262951c3dc7ce60ceefe8d04e6d233bd35cf2fabdeb93fb0d,2026-07-05,262,29296853417,1.658,,
past260,갯떨만,0ae099f30608483262951c3dc7ce60ceefe8d04e6d233bd35cf2fabdeb93fb0d,2026-07-06,262,29296853417,1.658,,
past260,갯떨만,0ae099f30608483262951c3dc7ce60ceefe8d04e6d233bd35cf2fabdeb93fb0d,2026-07-07,262,29296853417,1.658,,
past260,갯떨만,0ae099f30608483262951c3dc7ce60ceefe8d04e6d233bd35cf2fabdeb93fb0d,2026-07-08,262,29296853417,1.658,,
past260,갯떨만,0ae099f30608483262951c3dc7ce60ceefe8d04e6d233bd35cf2fabdeb93fb0d,2026-07-09,262,29296853417,1.658,,
past260,갯떨만,0ae099f30608483262951c3dc7ce60ceefe8d04e6d233bd35cf2fabdeb93fb0d,2026-07-10,262,29296853417,1.658,,
past260,갯떨만,0ae099f30608483262951c3dc7ce60ceefe8d04e6d233bd35cf2fabdeb93fb0d,2026-07-11,262,29296853417,1.658,,
past260,갯떨만,0ae099f30608483262951c3dc7ce60ceefe8d04e6d233bd35cf2fabdeb93fb0d,2026-07-12,262,29296853417,1.658,3708737,
past260,갯떨만,0ae099f30608483262951c3dc7ce60ceefe8d04e6d233bd35cf2fabdeb93fb0d,2026-07-13,262,29296853417,1.658,,
past260,갯떨만,0ae099f30608483262951c3dc7ce60ceefe8d04e6d233bd35cf2fabdeb93fb0d,2026-07-14,262,29296853417,1.658,,
past260,갯떨만,0ae099f30608483262951c3dc7ce60ceefe8d04e6d233bd35cf2fabdeb93fb0d,2026-07-15,262,29296853417,1.658,,
past260,갯떨만,0ae099f30608483262951c3dc7ce60ceefe8d04e6d233bd35cf2fabdeb93fb0d,2026-07-16,262,29296853417,1.658,,
past260,갯떨만,0ae099f30608483262951c3dc7ce60ceefe8d04e6d233bd35cf2fabdeb93fb0d,2026-07-17,262,29296853417,1.658,,
past260,갯떨만,0ae099f30608483262951c3dc7ce60ceefe8d04e6d233bd35cf2fabdeb93fb0d,2026-07-18,262,29296853417,1.658,,
past260,갯떨만,0ae099f30608483262951c3dc7ce60ceefe8d04e6d233bd35cf2fabdeb93fb0d,2026-07-19,262,29296853417,1.658,,
past260,갯떨만,0ae099f30608483262951c3dc7ce60ceefe8d04e6d233bd35cf2fabdeb93fb0d,2026-07-20,262,29296853417,1.658,3708737,
past260,갯떨만,0ae099f30608483262951c3dc7ce60ceefe8d04e6d233bd35cf2fabdeb93fb0d,2026-07-21,262,29296853417,1.658,,
past260,갯떨만,0ae099f30608483262951c3dc7ce60ceefe8d04e6d233bd35cf2fabdeb93fb0d,2026-07-22,262,29296853417,1.658,,
past260,캡롤로,239ef365318b77f145a83b34618f9a66efe8d04e6d233bd35cf2fabdeb93fb0d,2026-06-18,262,32612201646,1.846,10394698,
past260,캡롤로,239ef365318b77f145a83b34618f9a66efe8d04e6d233bd35cf2fabdeb93fb0d,2026-06-19,262,32612201646,1.846,,
past260,캡롤로,239ef365318b77f145a83b34618f9a66efe8d04e6d233bd35cf2fabdeb93fb0d,2026-06-20,262,32612201646,1.846,,
past260,캡롤로,239ef365318b77f145a83b34618f9a66efe8d04e6d233bd35cf2fabdeb93fb0d,2026-06-21,262,32612201646,1.846,,
past260,캡롤로,239ef365318b77f145a83b34618f9a66efe8d04e6d233bd35cf2fabdeb93fb0d,2026-06-22,262,32612201646,1.846,,
past260,캡롤로,239ef365318b77f145a83b34618f9a66efe8d04e6d233bd35cf2fabdeb93fb0d,2026-06-23,262,32612201646,1.846,,
past260,캡롤로,239ef365318b77f145a83b34618f9a66efe8d04e6d233bd35cf2fabdeb93fb0d,2026-06-24,262,32612201646,1.846,,
past260,캡롤로,239ef365318b77f145a83b34618f9a66efe8d04e6d233bd35cf2fabdeb93fb0d,2026-06-25,262,32612201646,1.846,,
past260,캡롤로,239ef365318b77f145a83b34618f9a66efe8d04e6d233bd35cf2fabdeb93fb0d,2026-06-26,262,32612201646,1.846,10394698,
past260,캡롤로,239ef365318b77f145a83b34618f9a66efe8d04e6d233bd35cf2fabdeb93fb0d,2026-06-27,262,32612201646,1.846,,
past260,캡롤로,239ef365318b77f145a83b34618f9a66efe8d04e6d233bd35cf2fabdeb93fb0d,2026-06-28,262,32612201646,1.846,,
past260,캡롤로,239ef365318b77f145a83b34618f9a66efe8d04e6d233bd35cf2fabdeb93fb0d,2026-06-29,262,32612201646,1.846,,
past260,캡롤로,239ef365318b77f145a83b34618f9a66efe8d04e6d233bd35cf2fabdeb93fb0d,2026-06-30,262,32612201646,1.846,,
past260,캡롤로,239ef365318b77f145a83b34618f9a66efe8d04e6d233bd35cf2fabdeb93fb0d,2026-07-01,262,32612201646,1.846,,
past260,캡롤로,239ef365318b77f145a83b34618f9a66efe8d04e6d233bd35cf2fabdeb93fb0d,2026-07-02,262,32612201646,1.846,,
past260,캡롤로,239ef365318b77f145a83b34618f9a66efe8d04e6d233bd35cf2fabdeb93fb0d,2026-07-03,262,32612201646,1.846,,
past260,캡롤로,239ef365318b77f145a83b34618f9a66efe8d04e6d233bd35cf2fabdeb93fb0d,2026-07-04,262,32612201646,1.846,10394698,
past260,캡롤로,239ef365318b77f145a83b34618f9a66efe8d04e6d233bd35cf2fabdeb93fb0d,2026-07-05,262,32612201646,1.846,,
past260,캡롤로,239ef365318b77f145a83b34618f9a66efe8d04e6d233bd35cf2fabdeb93fb0d,2026-07-06,262,32612201646,1.846,,
past260,캡롤로,239ef365318b77f145a83b34618f9a66efe8d04e6d233bd35cf2fabdeb93fb0d,2026-07-07,262,32612201646,1.846,,
past260,캡롤로,239ef365318b77f145a83b34618f9a66efe8d04e6d233bd35cf2fabdeb93fb0d,2026-07-08,262,32612201646,1.846,,
past260,캡롤로,239ef365318b77f145a83b34618f9a66efe8d04e6d233bd35cf2fabdeb93fb0d,2026-07-09,262,32612201646,1.846,,
past260,캡롤로,239ef365318b77f145a83b34618f9a66efe8d04e6d233bd35cf2fabdeb93fb0d,2026-07-10,262,32612201646,1.846,,
past260,캡롤로,239ef365318b77f145a83b34618f9a66efe8d04e6d233bd35cf2fabdeb93fb0d,2026-07-11,262,32612201646,1.846,,
past260,캡롤로,239ef365318b77f145a83b34618f9a66efe8d04e6d233bd35cf2fabdeb93fb0d,2026-07-12,262,32612201646,1.846,10394698,
past260,캡롤로,239ef365318b77f145a83b34618f9a66efe8d04e6d233bd35cf2fabdeb93fb0d,2026-07-13,262,32612201646,1.846,,
past260,캡롤로,239ef365318b77f145a83b34618f9a66efe8d04e6d233bd35cf2fabdeb93fb0d,2026-07-14,262,32612201646,1.846,,
past260,캡롤로,239ef365318b77f145a83b34618f9a66efe8d04e6d233bd35cf2fabdeb93fb0d,2026-07-15,262,32612201646,1.846,,
past260,캡롤로,239ef365318b77f145a83b34618f9a66efe8d04e6d233bd35cf2fabdeb93fb0d,2026-07-16,262,32612201646,1.846,,
past260,캡롤로,239ef365318b77f145a83b34618f9a66efe8d04e6d233bd35cf2fabdeb93fb0d,2026-07-17,262,32612201646,1.846,,
past260,캡롤로,239ef365318b77f145a83b34618f9a66efe8d04e6d233bd35cf2fabdeb93fb0d,2026-07-18,262,32612201646,1.846,,
past260,캡롤로,239ef365318b77f145a83b34618f9a66efe8d04e6d233bd35cf2fabdeb93fb0d,2026-07-19,262,32612201646,1.846,,
past260,캡롤로,239ef365318b77f145a83b34618f9a66efe8d04e6d233bd35cf2fabdeb93fb0d,2026-07-20,262,32612201646,1.846,10394698,
past260,캡롤로,239ef365318b77f145a83b34618f9a66efe8d04e6d233bd35cf2fabdeb93fb0d,2026-07-21,262,32612201646,1.846,,
past260,캡롤로,239ef365318b77f145a83b34618f9a66efe8d04e6d233bd35cf2fabdeb93fb0d,2026-07-22,262,32612201646,1.846,,
past260,보먀바,d16be9464daead787307009f1297ad61,2026-06-18,262,29501528329,1.670,5805878,
past260,보먀바,d16be9464daead787307009f1297ad61,2026-06-19,262,29501528329,1.670,,
past260,보먀바,d16be9464daead787307009f1297ad61,2026-06-20,262,29501528329,1.670,,
past260,보먀바,d16be9464daead787307009f1297ad61,2026-06-21,262,29501528329,1.670,,
past260,보먀바,d16be9464daead787307009f1297ad61,2026-06-22,262,29501528329,1.670,,
past260,보먀바,d16be9464daead787307009f1297ad61,2026-06-23,262,29635949128,1.677,,
past260,보먀바,d16be9464daead787307009f1297ad61,2026-06-24,262,29635949128,1.677,,
past260,보먀바,d16be9464daead787307009f1297ad61,2026-06-25,262,29635949128,1.677,,
past260,보먀바,d16be9464daead787307009f1297ad61,2026-06-26,262,29635949128,1.677,6380360,
past260,보먀바,d16be9464daead787307009f1297ad61,2026-06-27,262,29635949128,1.677,,
past260,보먀바,d16be9464daead787307009f1297ad61,2026-06-28,262,29635949128,1.677,,
past260,보먀바,d16be9464daead787307009f1297ad61,2026-06-29,262,29635949128,1.677,,
past260,보먀바,d16be9464daead787307009f1297ad61,2026-06-30,262,29635949128,1.677,,
past260,보먀바,d16be9464daead787307009f1297ad61,2026-07-01,262,29722252704,1.682,,
past260,보먀바,d16be9464daead787307009f1297ad61,2026-07-02,262,29722252704,1.682,,
past260,보먀바,d16be9464daead787307009f1297ad61,2026-07-03,262,29722252704,1.682,,
past260,보먀바,d16be9464daead787307009f1297ad61,2026-07-04,262,29722252704,1.682,5644043,
past260,보먀바,d16be9464daead787307009f1297ad61,2026-07-05,262,29722252704,1.682,,
past260,보먀바,d16be9464daead787307009f1297ad61,2026-07-06,262,29722252704,1.682,,
past260,보먀바,d16be9464daead787307009f1297ad61,2026-07-07,262,29722252704,1.682,,
past260,보먀바,d16be9464daead787307009f1297ad61,2026-07-08,262,29722252704,1.682,,
past260,보먀바,d16be9464daead787307009f1297ad61,2026-07-09,262,29722252704,1.682,,
past260,보먀바,d16be9464daead787307009f1297ad61,2026-07-10,262,29722252704,1.682,,
past260,보먀바,d16be9464daead787307009f1297ad61,2026-07-11,262,29722252704,1.682,,
past260,보먀바,d16be9464daead787307009f1297ad61,2026-07-12,262,29722252704,1.682,5506719,
past260,보먀바,d16be9464daead787307009f1297ad61,2026-07-13,262,29722252704,1.682,,
past260,보먀바,d16be9464daead787307009f1297ad61,2026-07-14,262,29722252704,1.682,,
past260,보먀바,d16be9464daead787307009f1297ad61,2026-07-15,262,29722252704,1.682,,
past260,보먀바,d16be9464daead787307009f1297ad61,2026-07-16,262,29722252704,1.682,,
past260,보먀바,d16be9464daead787307009f1297ad61,2026-07-17,262,29722252704,1.682,,
past260,보먀바,d16be9464daead787307009f1297ad61,2026-07-18,262,29722252704,1.682,,
past260,보먀바,d16be9464daead787307009f1297ad61,2026-07-19,262,29722252704,1.682,,
past260,보먀바,d16be9464daead787307009f1297ad61,2026-07-20,262,29722252704,1.682,5506719,
past260,보먀바,d16be9464daead787307009f1297ad61,2026-07-21,262,29722252704,1.682,,
past260,보먀바,d16be9464daead787307009f1297ad61,2026-07-22,262,29722252704,1.682,,
past260,무술왕김준현,9b515a4fe07527b3ce3f1970d3beea6e,2026-06-18,262,41517469339,2.350,6267235,
past260,무술왕김준현,9b515a4fe07527b3ce3f1970d3beea6e,2026-06-19,262,41517469339,2.350,,
past260,무술왕김준현,9b515a4fe07527b3ce3f1970d3beea6e,2026-06-20,262,41517469339,2.350,,
past260,무술왕김준현,9b515a4fe07527b3ce3f1970d3beea6e,2026-06-21,262,41517469339,2.350,,
past260,무술왕김준현,9b515a4fe07527b3ce3f1970d3beea6e,2026-06-22,262,41517469339,2.350,,
past260,무술왕김준현,9b515a4fe07527b3ce3f1970d3beea6e,2026-06-23,262,41517469339,2.350,,
past260,무술왕김준현,9b515a4fe07527b3ce3f1970d3beea6e,2026-06-24,262,41517469339,2.350,,
past260,무술왕김준현,9b515a4fe07527b3ce3f1970d3beea6e,2026-06-25,262,41517469339,2.350,,
past260,무술왕김준현,9b515a4fe07527b3ce3f1970d3beea6e,2026-06-26,262,41517469339,2.350,6267235,
past260,무술왕김준현,9b515a4fe07527b3ce3f1970d3beea6e,2026-06-27,262,41517469339,2.350,,
past260,무술왕김준현,9b515a4fe07527b3ce3f1970d3beea6e,2026-06-28,262,41517469339,2.350,,
past260,무술왕김준현,9b515a4fe07527b3ce3f1970d3beea6e,2026-06-29,262,41517469339,2.350,,
past260,무술왕김준현,9b515a4fe07527b3ce3f1970d3beea6e,2026-06-30,262,41517469339,2.350,,
past260,무술왕김준현,9b515a4fe07527b3ce3f1970d3beea6e,2026-07-01,262,41517469339,2.350,,
past260,무술왕김준현,9b515a4fe07527b3ce3f1970d3beea6e,2026-07-02,262,41517469339,2.350,,
past260,무술왕김준현,9b515a4fe07527b3ce3f1970d3beea6e,2026-07-03,262,41517469339,2.350,,
past260,무술왕김준현,9b515a4fe07527b3ce3f1970d3beea6e,2026-07-04,262,41517469339,2.350,6267235,
past260,무술왕김준현,9b515a4fe07527b3ce3f1970d3beea6e,2026-07-05,262,41517469339,2.350,,
past260,무술왕김준현,9b515a4fe07527b3ce3f1970d3beea6e,2026-07-06,262,41517469339,2.350,,
past260,무술왕김준현,9b515a4fe07527b3ce3f1970d3beea6e,2026-07-07,262,41517469339,2.350,,
past260,무술왕김준현,9b515a4fe07527b3ce3f1970d3beea6e,2026-07-08,262,41517469339,2.350,,
past260,무술왕김준현,9b515a4fe07527b3ce3f1970d3beea6e,2026-07-09,262,41517469339,2.350,,
past260,무술왕김준현,9b515a4fe07527b3ce3f1970d3beea6e,2026-07-10,262,41517469339,2.350,,
past260,무술왕김준현,9b515a4fe07527b3ce3f1970d3beea6e,2026-07-11,262,41517469339,2.350,,
past260,무술왕김준현,9b515a4fe07527b3ce3f1970d3beea6e,2026-07-12,262,41517469339,2.350,6267235,
past260,무술왕김준현,9b515a4fe07527b3ce3f1970d3beea6e,2026-07-13,262,41517469339,2.350,,
past260,무술왕김준현,9b515a4fe07527b3ce3f1970d3beea6e,2026-07-14,262,41517469339,2.350,,
past260,무술왕김준현,9b515a4fe07527b3ce3f1970d3beea6e,2026-07-15,262,41517469339,2.350,,
past260,무술왕김준현,9b515a4fe07527b3ce3f1970d3beea6e,2026-07-16,262,41517469339,2.350,,
past260,무술왕김준현,9b515a4fe07527b3ce3f1970d3beea6e,2026-07-17,262,41517469339,2.350,,
past260,무술왕김준현,9b515a4fe07527b3ce3f1970d3beea6e,2026-07-18,262,41517469339,2.350,,
past260,무술왕김준현,9b515a4fe07527b3ce3f1970d3beea6e,2026-07-19,262,41517469339,2.350,,
past260,무술왕김준현,9b515a4fe07527b3ce3f1970d3beea6e,2026-07-20,262,41517469339,2.350,6267235,
past260,무술왕김준현,9b515a4fe07527b3ce3f1970d3beea6e,2026-07-21,262,41517469339,2.350,,
past260,무술왕김준현,9b515a4fe07527b3ce3f1970d3beea6e,2026-07-22,262,41517469339,2.350,,
past260,막금춘,1dd7c1158b537d455c332bdb0e863799efe8d04e6d233bd35cf2fabdeb93fb0d,2026-06-18,262,55785693833,3.158,8439299,
past260,막금춘,1dd7c1158b537d455c332bdb0e863799efe8d04e6d233bd35cf2fabdeb93fb0d,2026-06-19,262,55785693833,3.158,,
past260,막금춘,1dd7c1158b537d455c332bdb0e863799efe8d04e6d233bd35cf2fabdeb93fb0d,2026-06-20,262,55785693833,3.158,,
past260,막금춘,1dd7c1158b537d455c332bdb0e863799efe8d04e6d233bd35cf2fabdeb93fb0d,2026-06-21,262,55785693833,3.158,,
past260,막금춘,1dd7c1158b537d455c332bdb0e863799efe8d04e6d233bd35cf2fabdeb93fb0d,2026-06-22,262,55785693833,3.158,,
past260,막금춘,1dd7c1158b537d455c332bdb0e863799efe8d04e6d233bd35cf2fabdeb93fb0d,2026-06-23,262,55785693833,3.158,,
past260,막금춘,1dd7c1158b537d455c332bdb0e863799efe8d04e6d233bd35cf2fabdeb93fb0d,2026-06-24,262,55785693833,3.158,,
past260,막금춘,1dd7c1158b537d455c332bdb0e863799efe8d04e6d233bd35cf2fabdeb93fb0d,2026-06-25,262,55785693833,3.158,,
past260,막금춘,1dd7c1158b537d455c332bdb0e863799efe8d04e6d233bd35cf2fabdeb93fb0d,2026-06-26,262,55785693833,3.158,8439299,
past260,막금춘,1dd7c1158b537d455c332bdb0e863799efe8d04e6d233bd35cf2fabdeb93fb0d,2026-06-27,262,55785693833,3.158,,
past260,막금춘,1dd7c1158b537d455c332bdb0e863799efe8d04e6d233bd35cf2fabdeb93fb0d,2026-06-28,262,55785693833,3.158,,
past260,막금춘,1dd7c1158b537d455c332bdb0e863799efe8d04e6d233bd35cf2fabdeb93fb0d,2026-06-29,262,55785693833,3.158,,
past260,막금춘,1dd7c1158b537d455c332bdb0e863799efe8d04e6d233bd35cf2fabdeb93fb0d,2026-06-30,262,55785693833,3.158,,
past260,막금춘,1dd7c1158b537d455c332bdb0e863799efe8d04e6d233bd35cf2fabdeb93fb0d,2026-07-01,262,55785693833,3.158,,
past260,막금춘,1dd7c1158b537d455c332bdb0e863799efe8d04e6d233bd35cf2fabdeb93fb0d,2026-07-02,262,55785693833,3.158,,
past260,막금춘,1dd7c1158b537d455c332bdb0e863799efe8d04e6d233bd35cf2fabdeb93fb0d,2026-07-03,262,55785693833,3.158,,
past260,막금춘,1dd7c1158b537d455c332bdb0e863799efe8d04e6d233bd35cf2fabdeb93fb0d,2026-07-04,262,55785693833,3.158,8439299,
past260,막금춘,1dd7c1158b537d455c332bdb0e863799efe8d04e6d233bd35cf2fabdeb93fb0d,2026-07-05,262,55785693833,3.158,,
past260,막금춘,1dd7c1158b537d455c332bdb0e863799efe8d04e6d233bd35cf2fabdeb93fb0d,2026-07-06,262,55785693833,3.158,,
past260,막금춘,1dd7c1158b537d455c332bdb0e863799efe8d04e6d233bd35cf2fabdeb93fb0d,2026-07-07,262,55785693833,3.158,,
past260,막금춘,1dd7c1158b537d455c332bdb0e863799efe8d04e6d233bd35cf2fabdeb93fb0d,2026-07-08,262,55785693833,3.158,,
past260,막금춘,1dd7c1158b537d455c332bdb0e863799efe8d04e6d233bd35cf2fabdeb93fb0d,2026-07-09,262,55785693833,3.158,,
past260,막금춘,1dd7c1158b537d455c332bdb0e863799efe8d04e6d233bd35cf2fabdeb93fb0d,2026-07-10,262,55785693833,3.158,,
past260,막금춘,1dd7c1158b537d455c332bdb0e863799efe8d04e6d233bd35cf2fabdeb93fb0d,2026-07-11,262,55785693833,3.158,,
past260,막금춘,1dd7c1158b537d455c332bdb0e863799efe8d04e6d233bd35cf2fabdeb93fb0d,2026-07-12,262,55785693833,3.158,8439299,
past260,막금춘,1dd7c1158b537d455c332bdb0e863799efe8d04e6d233bd35cf2fabdeb93fb0d,2026-07-13,262,55785693833,3.158,,
past260,막금춘,1dd7c1158b537d455c332bdb0e863799efe8d04e6d233bd35cf2fabdeb93fb0d,2026-07-14,262,55785693833,3.158,,
past260,막금춘,1dd7c1158b537d455c332bdb0e863799efe8d04e6d233bd35cf2fabdeb93fb0d,2026-07-15,262,55785693833,3.158,,
past260,막금춘,1dd7c1158b537d455c332bdb0e863799efe8d04e6d233bd35cf2fabdeb93fb0d,2026-07-16,262,55785693833,3.158,,
past260,막금춘,1dd7c1158b537d455c332bdb0e863799efe8d04e6d233bd35cf2fabdeb93fb0d,2026-07-17,262,55785693833,3.158,,
past260,막금춘,1dd7c1158b537d455c332bdb0e863799efe8d04e6d233bd35cf2fabdeb93fb0d,2026-07-18,262,55785693833,3.158,,
past260,막금춘,1dd7c1158b537d455c332bdb0e863799efe8d04e6d233bd35cf2fabdeb93fb0d,2026-07-19,262,55785693833,3.158,,
past260,막금춘,1dd7c1158b537d455c332bdb0e863799efe8d04e6d233bd35cf2fabdeb93fb0d,2026-07-20,262,55785693833,3.158,8439299,
past260,막금춘,1dd7c1158b537d455c332bdb0e863799efe8d04e6d233bd35cf2fabdeb93fb0d,2026-07-21,262,55785693833,3.158,,
past260,막금춘,1dd7c1158b537d455c332bdb0e863799efe8d04e6d233bd35cf2fabdeb93fb0d,2026-07-22,262,55785693833,3.158,,
past260,최강콩순,b27f1f2b861447a3d9e59e0e7002b7f1,2026-06-18,262,29258309330,1.656,0,
past260,최강콩순,b27f1f2b861447a3d9e59e0e7002b7f1,2026-06-19,262,29258309330,1.656,,
past260,최강콩순,b27f1f2b861447a3d9e59e0e7002b7f1,2026-06-20,262,29258309330,1.656,,
past260,최강콩순,b27f1f2b861447a3d9e59e0e7002b7f1,2026-06-21,262,29258309330,1.656,,
past260,최강콩순,b27f1f2b861447a3d9e59e0e7002b7f1,2026-06-22,262,29258309330,1.656,,
past260,최강콩순,b27f1f2b861447a3d9e59e0e7002b7f1,2026-06-23,262,29258309330,1.656,,
past260,최강콩순,b27f1f2b861447a3d9e59e0e7002b7f1,2026-06-24,262,29258309330,1.656,,
past260,최강콩순,b27f1f2b861447a3d9e59e0e7002b7f1,2026-06-25,262,29258309330,1.656,,
past260,최강콩순,b27f1f2b861447a3d9e59e0e7002b7f1,2026-06-26,262,29258309330,1.656,0,
past260,최강콩순,b27f1f2b861447a3d9e59e0e7002b7f1,2026-06-27,262,29258309330,1.656,,
past260,최강콩순,b27f1f2b861447a3d9e59e0e7002b7f1,2026-06-28,262,29258309330,1.656,,
past260,최강콩순,b27f1f2b861447a3d9e59e0e7002b7f1,2026-06-29,262,29258309330,1.656,,
past260,최강콩순,b27f1f2b861447a3d9e59e0e7002b7f1,2026-06-30,262,29258309330,1.656,,
past260,최강콩순,b27f1f2b861447a3d9e59e0e7002b7f1,2026-07-01,262,29258309330,1.656,,
past260,최강콩순,b27f1f2b861447a3d9e59e0e7002b7f1,2026-07-02,262,29258309330,1.656,,
past260,최강콩순,b27f1f2b861447a3d9e59e0e7002b7f1,2026-07-03,262,29258309330,1.656,,
past260,최강콩순,b27f1f2b861447a3d9e59e0e7002b7f1,2026-07-04,262,29258309330,1.656,0,
past260,최강콩순,b27f1f2b861447a3d9e59e0e7002b7f1,2026-07-05,262,29258309330,1.656,,
past260,최강콩순,b27f1f2b861447a3d9e59e0e7002b7f1,2026-07-06,262,29258309330,1.656,,
past260,최강콩순,b27f1f2b861447a3d9e59e0e7002b7f1,2026-07-07,262,29258309330,1.656,,
past260,최강콩순,b27f1f2b861447a3d9e59e0e7002b7f1,2026-07-08,262,29258309330,1.656,,
past260,최강콩순,b27f1f2b861447a3d9e59e0e7002b7f1,2026-07-09,262,29258309330,1.656,,
past260,최강콩순,b27f1f2b861447a3d9e59e0e7002b7f1,2026-07-10,262,29258309330,1.656,,
past260,최강콩순,b27f1f2b861447a3d9e59e0e7002b7f1,2026-07-11,262,29258309330,1.656,,
past260,최강콩순,b27f1f2b861447a3d9e59e0e7002b7f1,2026-07-12,262,29258309330,1.656,0,
past260,최강콩순,b27f1f2b861447a3d9e59e0e7002b7f1,2026-07-13,262,29258309330,1.656,,
past260,최강콩순,b27f1f2b861447a3d9e59e0e7002b7f1,2026-07-14,262,29258309330,1.656,,
past260,최강콩순,b27f1f2b861447a3d9e59e0e7002b7f1,2026-07-15,262,29258309330,1.656,,
past260,최강콩순,b27f1f2b861447a3d9e59e0e7002b7f1,2026-07-16,262,29258309330,1.656,,
past260,최강콩순,b27f1f2b861447a3d9e59e0e7002b7f1,2026-07-17,262,29258309330,1.656,,
past260,최강콩순,b27f1f2b861447a3d9e59e0e7002b7f1,2026-07-18,262,29258309330,1.656,,
past260,최강콩순,b27f1f2b861447a3d9e59e0e7002b7f1,2026-07-19,262,29258309330,1.656,,
past260,최강콩순,b27f1f2b861447a3d9e59e0e7002b7f1,2026-07-20,262,29258309330,1.656,0,
past260,최강콩순,b27f1f2b861447a3d9e59e0e7002b7f1,2026-07-21,262,29258309330,1.656,,
past260,최강콩순,b27f1f2b861447a3d9e59e0e7002b7f1,2026-07-22,262,29258309330,1.656,,
past260,수리유지아,efa975135da180d6c07035b8c016b711,2026-06-18,262,47494212820,2.688,8291374,
past260,수리유지아,efa975135da180d6c07035b8c016b711,2026-06-19,262,47494212820,2.688,,
past260,수리유지아,efa975135da180d6c07035b8c016b711,2026-06-20,262,47494212820,2.688,,
past260,수리유지아,efa975135da180d6c07035b8c016b711,2026-06-21,262,47494212820,2.688,,
past260,수리유지아,efa975135da180d6c07035b8c016b711,2026-06-22,262,47494212820,2.688,,
past260,수리유지아,efa975135da180d6c07035b8c016b711,2026-06-23,262,47494212820,2.688,,
past260,수리유지아,efa975135da180d6c07035b8c016b711,2026-06-24,262,47494212820,2.688,,
past260,수리유지아,efa975135da180d6c07035b8c016b711,2026-06-25,262,47494212820,2.688,,
past260,수리유지아,efa975135da180d6c07035b8c016b711,2026-06-26,262,47494212820,2.688,8291374,
past260,수리유지아,efa975135da180d6c07035b8c016b711,2026-06-27,262,47494212820,2.688,,
past260,수리유지아,efa975135da180d6c07035b8c016b711,2026-06-28,262,47494212820,2.688,,
past260,수리유지아,efa975135da180d6c07035b8c016b711,2026-06-29,262,47494212820,2.688,,
past260,수리유지아,efa975135da180d6c07035b8c016b711,2026-06-30,262,47494212820,2.688,,
past260,수리유지아,efa975135da180d6c07035b8c016b711,2026-07-01,262,47494212820,2.688,,
past260,수리유지아,efa975135da180d6c07035b8c016b711,2026-07-02,262,47494212820,2.688,,
past260,수리유지아,efa975135da180d6c07035b8c016b711,2026-07-03,262,47494212820,2.688,,
past260,수리유지아,efa975135da180d6c07035b8c016b711,2026-07-04,262,47494212820,2.688,8291374,
past260,수리유지아,efa975135da180d6c07035b8c016b711,2026-07-05,262,47494212820,2.688,,
past260,수리유지아,efa975135da180d6c07035b8c016b711,2026-07-06,262,47494212820,2.688,,
past260,수리유지아,efa975135da180d6c07035b8c016b711,2026-07-07,262,47494212820,2.688,,
past260,수리유지아,efa975135da180d6c07035b8c016b711,2026-07-08,262,47494212820,2.688,,
past260,수리유지아,efa975135da180d6c07035b8c016b711,2026-07-09,262,47494212820,2.688,,
past260,수리유지아,efa975135da180d6c07035b8c016b711,2026-07-10,262,47494212820,2.688,,
past260,수리유지아,efa975135da180d6c07035b8c016b711,2026-07-11,262,47494212820,2.688,,
past260,수리유지아,efa975135da180d6c07035b8c016b711,2026-07-12,262,47494212820,2.688,8291374,
past260,수리유지아,efa975135da180d6c07035b8c016b711,2026-07-13,262,47494212820,2.688,,
past260,수리유지아,efa975135da180d6c07035b8c016b711,2026-07-14,262,47494212820,2.688,,
past260,수리유지아,efa975135da180d6c07035b8c016b711,2026-07-15,262,47494212820,2.688,,
past260,수리유지아,efa975135da180d6c07035b8c016b711,2026-07-16,262,47494212820,2.688,,
past260,수리유지아,efa975135da180d6c07035b8c016b711,2026-07-17,262,47494212820,2.688,,
past260,수리유지아,efa975135da180d6c07035b8c016b711,2026-07-18,262,47494212820,2.688,,
past260,수리유지아,efa975135da180d6c07035b8c016b711,2026-07-19,262,47494212820,2.688,,
past260,수리유지아,efa975135da180d6c07035b8c016b711,2026-07-20,262,47494212820,2.688,8291374,
past260,수리유지아,efa975135da180d6c07035b8c016b711,2026-07-21,262,47494212820,2.688,,
past260,수리유지아,efa975135da180d6c07035b8c016b711,2026-07-22,262,47494212820,2.688,,
past260,낑낑대봐,c769606fe8384d0473395bde3add9fad,2026-06-18,262,52173351172,2.953,3035215,
past260,낑낑대봐,c769606fe8384d0473395bde3add9fad,2026-06-19,262,52173351172,2.953,,
past260,낑낑대봐,c769606fe8384d0473395bde3add9fad,2026-06-20,262,52173351172,2.953,,
past260,낑낑대봐,c769606fe8384d0473395bde3add9fad,2026-06-21,262,52173351172,2.953,,
past260,낑낑대봐,c769606fe8384d0473395bde3add9fad,2026-06-22,262,52173351172,2.953,,
past260,낑낑대봐,c769606fe8384d0473395bde3add9fad,2026-06-23,262,52173351172,2.953,,
past260,낑낑대봐,c769606fe8384d0473395bde3add9fad,2026-06-24,262,52173351172,2.953,,
past260,낑낑대봐,c769606fe8384d0473395bde3add9fad,2026-06-25,262,52173351172,2.953,,
past260,낑낑대봐,c769606fe8384d0473395bde3add9fad,2026-06-26,262,52173351172,2.953,3035215,
past260,낑낑대봐,c769606fe8384d0473395bde3add9fad,2026-06-27,262,52173351172,2.953,,
past260,낑낑대봐,c769606fe8384d0473395bde3add9fad,2026-06-28,262,52173351172,2.953,,
past260,낑낑대봐,c769606fe8384d0473395bde3add9fad,2026-06-29,262,52173351172,2.953,,
past260,낑낑대봐,c769606fe8384d0473395bde3add9fad,2026-06-30,262,52173351172,2.953,,
past260,낑낑대봐,c769606fe8384d0473395bde3add9fad,2026-07-01,262,52173351172,2.953,,
past260,낑낑대봐,c769606fe8384d0473395bde3add9fad,2026-07-02,262,52173351172,2.953,,
past260,낑낑대봐,c769606fe8384d0473395bde3add9fad,2026-07-03,262,52173351172,2.953,,
past260,낑낑대봐,c769606fe8384d0473395bde3add9fad,2026-07-04,262,52173351172,2.953,3035215,
past260,낑낑대봐,c769606fe8384d0473395bde3add9fad,2026-07-05,262,52173351172,2.953,,
past260,낑낑대봐,c769606fe8384d0473395bde3add9fad,2026-07-06,262,52173351172,2.953,,
past260,낑낑대봐,c769606fe8384d0473395bde3add9fad,2026-07-07,262,52173351172,2.953,,
past260,낑낑대봐,c769606fe8384d0473395bde3add9fad,2026-07-08,262,52173351172,2.953,,
past260,낑낑대봐,c769606fe8384d0473395bde3add9fad,2026-07-09,262,52173351172,2.953,,
past260,낑낑대봐,c769606fe8384d0473395bde3add9fad,2026-07-10,262,52173351172,2.953,,
past260,낑낑대봐,c769606fe8384d0473395bde3add9fad,2026-07-11,262,52173351172,2.953,,
past260,낑낑대봐,c769606fe8384d0473395bde3add9fad,2026-07-12,262,52173351172,2.953,3035215,
past260,낑낑대봐,c769606fe8384d0473395bde3add9fad,2026-07-13,262,52173351172,2.953,,
past260,낑낑대봐,c769606fe8384d0473395bde3add9fad,2026-07-14,262,52173351172,2.953,,
past260,낑낑대봐,c769606fe8384d0473395bde3add9fad,2026-07-15,262,52173351172,2.953,,
past260,낑낑대봐,c769606fe8384d0473395bde3add9fad,2026-07-16,262,52173351172,2.953,,
past260,낑낑대봐,c769606fe8384d0473395bde3add9fad,2026-07-17,262,52173351172,2.953,,
past260,낑낑대봐,c769606fe8384d0473395bde3add9fad,2026-07-18,262,52173351172,2.953,,
past260,낑낑대봐,c769606fe8384d0473395bde3add9fad,2026-07-19,262,52173351172,2.953,,
past260,낑낑대봐,c769606fe8384d0473395bde3add9fad,2026-07-20,262,52173351172,2.953,3035215,
past260,낑낑대봐,c769606fe8384d0473395bde3add9fad,2026-07-21,262,52173351172,2.953,,
past260,낑낑대봐,c769606fe8384d0473395bde3add9fad,2026-07-22,262,52173351172,2.953,,
past260,샤프란석류,afdc68fe469c9e97665dcd4d6065501a86e68d4012202d0434d05f81868f68e3,2026-06-18,262,38935052063,2.204,3543555,
past260,샤프란석류,afdc68fe469c9e97665dcd4d6065501a86e68d4012202d0434d05f81868f68e3,2026-06-19,262,38935052063,2.204,,
past260,샤프란석류,afdc68fe469c9e97665dcd4d6065501a86e68d4012202d0434d05f81868f68e3,2026-06-20,262,38935052063,2.204,,
past260,샤프란석류,afdc68fe469c9e97665dcd4d6065501a86e68d4012202d0434d05f81868f68e3,2026-06-21,262,38935052063,2.204,,
past260,샤프란석류,afdc68fe469c9e97665dcd4d6065501a86e68d4012202d0434d05f81868f68e3,2026-06-22,262,38935052063,2.204,,
past260,샤프란석류,afdc68fe469c9e97665dcd4d6065501a86e68d4012202d0434d05f81868f68e3,2026-06-23,262,38935052063,2.204,,
past260,샤프란석류,afdc68fe469c9e97665dcd4d6065501a86e68d4012202d0434d05f81868f68e3,2026-06-24,262,38935052063,2.204,,
past260,샤프란석류,afdc68fe469c9e97665dcd4d6065501a86e68d4012202d0434d05f81868f68e3,2026-06-25,262,38935052063,2.204,,
past260,샤프란석류,afdc68fe469c9e97665dcd4d6065501a86e68d4012202d0434d05f81868f68e3,2026-06-26,262,38935052063,2.204,3543555,
past260,샤프란석류,afdc68fe469c9e97665dcd4d6065501a86e68d4012202d0434d05f81868f68e3,2026-06-27,262,38935052063,2.204,,
past260,샤프란석류,afdc68fe469c9e97665dcd4d6065501a86e68d4012202d0434d05f81868f68e3,2026-06-28,262,38935052063,2.204,,
past260,샤프란석류,afdc68fe469c9e97665dcd4d6065501a86e68d4012202d0434d05f81868f68e3,2026-06-29,262,38935052063,2.204,,
past260,샤프란석류,afdc68fe469c9e97665dcd4d6065501a86e68d4012202d0434d05f81868f68e3,2026-06-30,262,38935052063,2.204,,
past260,샤프란석류,afdc68fe469c9e97665dcd4d6065501a86e68d4012202d0434d05f81868f68e3,2026-07-01,262,38935052063,2.204,,
past260,샤프란석류,afdc68fe469c9e97665dcd4d6065501a86e68d4012202d0434d05f81868f68e3,2026-07-02,262,38935052063,2.204,,
past260,샤프란석류,afdc68fe469c9e97665dcd4d6065501a86e68d4012202d0434d05f81868f68e3,2026-07-03,262,38935052063,2.204,,
past260,샤프란석류,afdc68fe469c9e97665dcd4d6065501a86e68d4012202d0434d05f81868f68e3,2026-07-04,262,38935052063,2.204,3543555,
past260,샤프란석류,afdc68fe469c9e97665dcd4d6065501a86e68d4012202d0434d05f81868f68e3,2026-07-05,262,38935052063,2.204,,
past260,샤프란석류,afdc68fe469c9e97665dcd4d6065501a86e68d4012202d0434d05f81868f68e3,2026-07-06,262,38935052063,2.204,,
past260,샤프란석류,afdc68fe469c9e97665dcd4d6065501a86e68d4012202d0434d05f81868f68e3,2026-07-07,262,38935052063,2.204,,
past260,샤프란석류,afdc68fe469c9e97665dcd4d6065501a86e68d4012202d0434d05f81868f68e3,2026-07-08,262,38935052063,2.204,,
past260,샤프란석류,afdc68fe469c9e97665dcd4d6065501a86e68d4012202d0434d05f81868f68e3,2026-07-09,262,38935052063,2.204,,
past260,샤프란석류,afdc68fe469c9e97665dcd4d6065501a86e68d4012202d0434d05f81868f68e3,2026-07-10,262,38935052063,2.204,,
past260,샤프란석류,afdc68fe469c9e97665dcd4d6065501a86e68d4012202d0434d05f81868f68e3,2026-07-11,262,38935052063,2.204,,
past260,샤프란석류,afdc68fe469c9e97665dcd4d6065501a86e68d4012202d0434d05f81868f68e3,2026-07-12,262,38935052063,2.204,3543555,
past260,샤프란석류,afdc68fe469c9e97665dcd4d6065501a86e68d4012202d0434d05f81868f68e3,2026-07-13,262,38935052063,2.204,,
past260,샤프란석류,afdc68fe469c9e97665dcd4d6065501a86e68d4012202d0434d05f81868f68e3,2026-07-14,262,38935052063,2.204,,
past260,샤프란석류,afdc68fe469c9e97665dcd4d6065501a86e68d4012202d0434d05f81868f68e3,2026-07-15,262,38935052063,2.204,,
past260,샤프란석류,afdc68fe469c9e97665dcd4d6065501a86e68d4012202d0434d05f81868f68e3,2026-07-16,262,38935052063,2.204,,
past260,샤프란석류,afdc68fe469c9e97665dcd4d6065501a86e68d4012202d0434d05f81868f68e3,2026-07-17,262,38935052063,2.204,,
past260,샤프란석류,afdc68fe469c9e97665dcd4d6065501a86e68d4012202d0434d05f81868f68e3,2026-07-18,262,38935052063,2.204,,
past260,샤프란석류,afdc68fe469c9e97665dcd4d6065501a86e68d4012202d0434d05f81868f68e3,2026-07-19,262,38935052063,2.204,,
past260,샤프란석류,afdc68fe469c9e97665dcd4d6065501a86e68d4012202d0434d05f81868f68e3,2026-07-20,262,38935052063,2.204,3543555,
past260,샤프란석류,afdc68fe469c9e97665dcd4d6065501a86e68d4012202d0434d05f81868f68e3,2026-07-21,262,38935052063,2.204,,
past260,샤프란석류,afdc68fe469c9e97665dcd4d6065501a86e68d4012202d0434d05f81868f68e3,2026-07-22,262,38935052063,2.204,,
past260,싸움매미지,348332bad2b8e73aeb5874aaa9b37d5886e68d4012202d0434d05f81868f68e3,2026-06-18,262,46673231425,2.642,2910003,
past260,싸움매미지,348332bad2b8e73aeb5874aaa9b37d5886e68d4012202d0434d05f81868f68e3,2026-06-19,262,46673231425,2.642,,
past260,싸움매미지,348332bad2b8e73aeb5874aaa9b37d5886e68d4012202d0434d05f81868f68e3,2026-06-20,262,46673231425,2.642,,
past260,싸움매미지,348332bad2b8e73aeb5874aaa9b37d5886e68d4012202d0434d05f81868f68e3,2026-06-21,262,46673231425,2.642,,
past260,싸움매미지,348332bad2b8e73aeb5874aaa9b37d5886e68d4012202d0434d05f81868f68e3,2026-06-22,262,46673231425,2.642,,
past260,싸움매미지,348332bad2b8e73aeb5874aaa9b37d5886e68d4012202d0434d05f81868f68e3,2026-06-23,262,46673231425,2.642,,
past260,싸움매미지,348332bad2b8e73aeb5874aaa9b37d5886e68d4012202d0434d05f81868f68e3,2026-06-24,262,46673231425,2.642,,
past260,싸움매미지,348332bad2b8e73aeb5874aaa9b37d5886e68d4012202d0434d05f81868f68e3,2026-06-25,262,46673231425,2.642,,
past260,싸움매미지,348332bad2b8e73aeb5874aaa9b37d5886e68d4012202d0434d05f81868f68e3,2026-06-26,262,46673231425,2.642,2910003,
past260,싸움매미지,348332bad2b8e73aeb5874aaa9b37d5886e68d4012202d0434d05f81868f68e3,2026-06-27,262,46673231425,2.642,,
past260,싸움매미지,348332bad2b8e73aeb5874aaa9b37d5886e68d4012202d0434d05f81868f68e3,2026-06-28,262,46673231425,2.642,,
past260,싸움매미지,348332bad2b8e73aeb5874aaa9b37d5886e68d4012202d0434d05f81868f68e3,2026-06-29,262,46673231425,2.642,,
past260,싸움매미지,348332bad2b8e73aeb5874aaa9b37d5886e68d4012202d0434d05f81868f68e3,2026-06-30,262,46673231425,2.642,,
past260,싸움매미지,348332bad2b8e73aeb5874aaa9b37d5886e68d4012202d0434d05f81868f68e3,2026-07-01,262,46673231425,2.642,,
past260,싸움매미지,348332bad2b8e73aeb5874aaa9b37d5886e68d4012202d0434d05f81868f68e3,2026-07-02,262,46673231425,2.642,,
past260,싸움매미지,348332bad2b8e73aeb5874aaa9b37d5886e68d4012202d0434d05f81868f68e3,2026-07-03,262,46673231425,2.642,,
past260,싸움매미지,348332bad2b8e73aeb5874aaa9b37d5886e68d4012202d0434d05f81868f68e3,2026-07-04,262,46673231425,2.642,2910003,
past260,싸움매미지,348332bad2b8e73aeb5874aaa9b37d5886e68d4012202d0434d05f81868f68e3,2026-07-05,262,46673231425,2.642,,
past260,싸움매미지,348332bad2b8e73aeb5874aaa9b37d5886e68d4012202d0434d05f81868f68e3,2026-07-06,262,46673231425,2.642,,
past260,싸움매미지,348332bad2b8e73aeb5874aaa9b37d5886e68d4012202d0434d05f81868f68e3,2026-07-07,262,46673231425,2.642,,
past260,싸움매미지,348332bad2b8e73aeb5874aaa9b37d5886e68d4012202d0434d05f81868f68e3,2026-07-08,262,46673231425,2.642,,
past260,싸움매미지,348332bad2b8e73aeb5874aaa9b37d5886e68d4012202d0434d05f81868f68e3,2026-07-09,262,46673231425,2.642,,
past260,싸움매미지,348332bad2b8e73aeb5874aaa9b37d5886e68d4012202d0434d05f81868f68e3,2026-07-10,262,46673231425,2.642,,
past260,싸움매미지,348332bad2b8e73aeb5874aaa9b37d5886e68d4012202d0434d05f81868f68e3,2026-07-11,262,46673231425,2.642,,
past260,싸움매미지,348332bad2b8e73aeb5874aaa9b37d5886e68d4012202d0434d05f81868f68e3,2026-07-12,262,46673231425,2.642,2910003,
past260,싸움매미지,348332bad2b8e73aeb5874aaa9b37d5886e68d4012202d0434d05f81868f68e3,2026-07-13,262,46673231425,2.642,,
past260,싸움매미지,348332bad2b8e73aeb5874aaa9b37d5886e68d4012202d0434d05f81868f68e3,2026-07-14,262,46673231425,2.642,,
past260,싸움매미지,348332bad2b8e73aeb5874aaa9b37d5886e68d4012202d0434d05f81868f68e3,2026-07-15,262,46673231425,2.642,,
past260,싸움매미지,348332bad2b8e73aeb5874aaa9b37d5886e68d4012202d0434d05f81868f68e3,2026-07-16,262,46673231425,2.642,,
past260,싸움매미지,348332bad2b8e73aeb5874aaa9b37d5886e68d4012202d0434d05f81868f68e3,2026-07-17,262,46673231425,2.642,,
past260,싸움매미지,348332bad2b8e73aeb5874aaa9b37d5886e68d4012202d0434d05f81868f68e3,2026-07-18,262,46673231425,2.642,,
past260,싸움매미지,348332bad2b8e73aeb5874aaa9b37d5886e68d4012202d0434d05f81868f68e3,2026-07-19,262,46673231425,2.642,,
past260,싸움매미지,348332bad2b8e73aeb5874aaa9b37d5886e68d4012202d0434d05f81868f68e3,2026-07-20,262,46673231425,2.642,2910003,
past260,싸움매미지,348332bad2b8e73aeb5874aaa9b37d5886e68d4012202d0434d05f81868f68e3,2026-07-21,262,46673231425,2.642,,
past260,싸움매미지,348332bad2b8e73aeb5874aaa9b37d5886e68d4012202d0434d05f81868f68e3,2026-07-22,262,46673231425,2.642,,
past260,뙨샜,67feb1b2e8a9d24bb0ef94009b8fc9c3,2026-06-18,262,43056920816,2.437,11882086,
past260,뙨샜,67feb1b2e8a9d24bb0ef94009b8fc9c3,2026-06-19,262,43056920816,2.437,,
past260,뙨샜,67feb1b2e8a9d24bb0ef94009b8fc9c3,2026-06-20,262,43056920816,2.437,,
past260,뙨샜,67feb1b2e8a9d24bb0ef94009b8fc9c3,2026-06-21,262,43056920816,2.437,,
past260,뙨샜,67feb1b2e8a9d24bb0ef94009b8fc9c3,2026-06-22,262,43056920816,2.437,,
past260,뙨샜,67feb1b2e8a9d24bb0ef94009b8fc9c3,2026-06-23,262,43056920816,2.437,,
past260,뙨샜,67feb1b2e8a9d24bb0ef94009b8fc9c3,2026-06-24,262,43056920816,2.437,,
past260,뙨샜,67feb1b2e8a9d24bb0ef94009b8fc9c3,2026-06-25,262,43056920816,2.437,,
past260,뙨샜,67feb1b2e8a9d24bb0ef94009b8fc9c3,2026-06-26,262,43056920816,2.437,11882086,
past260,뙨샜,67feb1b2e8a9d24bb0ef94009b8fc9c3,2026-06-27,262,43056920816,2.437,,
past260,뙨샜,67feb1b2e8a9d24bb0ef94009b8fc9c3,2026-06-28,262,43056920816,2.437,,
past260,뙨샜,67feb1b2e8a9d24bb0ef94009b8fc9c3,2026-06-29,262,43056920816,2.437,,
past260,뙨샜,67feb1b2e8a9d24bb0ef94009b8fc9c3,2026-06-30,262,43056920816,2.437,,
past260,뙨샜,67feb1b2e8a9d24bb0ef94009b8fc9c3,2026-07-01,262,43056920816,2.437,,
past260,뙨샜,67feb1b2e8a9d24bb0ef94009b8fc9c3,2026-07-02,262,43056920816,2.437,,
past260,뙨샜,67feb1b2e8a9d24bb0ef94009b8fc9c3,2026-07-03,262,43056920816,2.437,,
past260,뙨샜,67feb1b2e8a9d24bb0ef94009b8fc9c3,2026-07-04,262,43056920816,2.437,11882086,
past260,뙨샜,67feb1b2e8a9d24bb0ef94009b8fc9c3,2026-07-05,262,43056920816,2.437,,
past260,뙨샜,67feb1b2e8a9d24bb0ef94009b8fc9c3,2026-07-06,262,43056920816,2.437,,
past260,뙨샜,67feb1b2e8a9d24bb0ef94009b8fc9c3,2026-07-07,262,43056920816,2.437,,
past260,뙨샜,67feb1b2e8a9d24bb0ef94009b8fc9c3,2026-07-08,262,43056920816,2.437,,
past260,뙨샜,67feb1b2e8a9d24bb0ef94009b8fc9c3,2026-07-09,262,43056920816,2.437,,
past260,뙨샜,67feb1b2e8a9d24bb0ef94009b8fc9c3,2026-07-10,262,43056920816,2.437,,
past260,뙨샜,67feb1b2e8a9d24bb0ef94009b8fc9c3,2026-07-11,262,43056920816,2.437,,
past260,뙨샜,67feb1b2e8a9d24bb0ef94009b8fc9c3,2026-07-12,262,43056920816,2.437,11882086,
past260,뙨샜,67feb1b2e8a9d24bb0ef94009b8fc9c3,2026-07-13,262,43056920816,2.437,,
past260,뙨샜,67feb1b2e8a9d24bb0ef94009b8fc9c3,2026-07-14,262,43056920816,2.437,,
past260,뙨샜,67feb1b2e8a9d24bb0ef94009b8fc9c3,2026-07-15,262,43056920816,2.437,,
past260,뙨샜,67feb1b2e8a9d24bb0ef94009b8fc9c3,2026-07-16,262,43056920816,2.437,,
past260,뙨샜,67feb1b2e8a9d24bb0ef94009b8fc9c3,2026-07-17,262,43056920816,2.437,,
past260,뙨샜,67feb1b2e8a9d24bb0ef94009b8fc9c3,2026-07-18,262,43056920816,2.437,,
past260,뙨샜,67feb1b2e8a9d24bb0ef94009b8fc9c3,2026-07-19,262,43056920816,2.437,,
past260,뙨샜,67feb1b2e8a9d24bb0ef94009b8fc9c3,2026-07-20,262,43056920816,2.437,11882086,
past260,뙨샜,67feb1b2e8a9d24bb0ef94009b8fc9c3,2026-07-21,262,43056920816,2.437,,
past260,뙨샜,67feb1b2e8a9d24bb0ef94009b8fc9c3,2026-07-22,262,43056920816,2.437,,
past260,뢸범,8095308283cd6357e82848e305ed0586,2026-06-18,262,41746261539,2.363,4525804,
past260,뢸범,8095308283cd6357e82848e305ed0586,2026-06-19,262,41746261539,2.363,,
past260,뢸범,8095308283cd6357e82848e305ed0586,2026-06-20,262,41746261539,2.363,,
past260,뢸범,8095308283cd6357e82848e305ed0586,2026-06-21,262,41746261539,2.363,,
past260,뢸범,8095308283cd6357e82848e305ed0586,2026-06-22,262,41746261539,2.363,,
past260,뢸범,8095308283cd6357e82848e305ed0586,2026-06-23,262,41746261539,2.363,,
past260,뢸범,8095308283cd6357e82848e305ed0586,2026-06-24,262,41746261539,2.363,,
past260,뢸범,8095308283cd6357e82848e305ed0586,2026-06-25,262,41746261539,2.363,,
past260,뢸범,8095308283cd6357e82848e305ed0586,2026-06-26,262,41746261539,2.363,4525804,
past260,뢸범,8095308283cd6357e82848e305ed0586,2026-06-27,262,41746261539,2.363,,
past260,뢸범,8095308283cd6357e82848e305ed0586,2026-06-28,262,41746261539,2.363,,
past260,뢸범,8095308283cd6357e82848e305ed0586,2026-06-29,262,41746261539,2.363,,
past260,뢸범,8095308283cd6357e82848e305ed0586,2026-06-30,262,41746261539,2.363,,
past260,뢸범,8095308283cd6357e82848e305ed0586,2026-07-01,262,41746261539,2.363,,
past260,뢸범,8095308283cd6357e82848e305ed0586,2026-07-02,262,41746261539,2.363,,
past260,뢸범,8095308283cd6357e82848e305ed0586,2026-07-03,262,41746261539,2.363,,
past260,뢸범,8095308283cd6357e82848e305ed0586,2026-07-04,262,41746261539,2.363,4525804,
past260,뢸범,8095308283cd6357e82848e305ed0586,2026-07-05,262,41746261539,2.363,,
past260,뢸범,8095308283cd6357e82848e305ed0586,2026-07-06,262,41746261539,2.363,,
past260,뢸범,8095308283cd6357e82848e305ed0586,2026-07-07,262,41746261539,2.363,,
past260,뢸범,8095308283cd6357e82848e305ed0586,2026-07-08,262,41746261539,2.363,,
past260,뢸범,8095308283cd6357e82848e305ed0586,2026-07-09,262,41746261539,2.363,,
past260,뢸범,8095308283cd6357e82848e305ed0586,2026-07-10,262,41746261539,2.363,,
past260,뢸범,8095308283cd6357e82848e305ed0586,2026-07-11,262,41746261539,2.363,,
past260,뢸범,8095308283cd6357e82848e305ed0586,2026-07-12,262,41746261539,2.363,4525804,
past260,뢸범,8095308283cd6357e82848e305ed0586,2026-07-13,262,41746261539,2.363,,
past260,뢸범,8095308283cd6357e82848e305ed0586,2026-07-14,262,41746261539,2.363,,
past260,뢸범,8095308283cd6357e82848e305ed0586,2026-07-15,262,41746261539,2.363,,
past260,뢸범,8095308283cd6357e82848e305ed0586,2026-07-16,262,41746261539,2.363,,
past260,뢸범,8095308283cd6357e82848e305ed0586,2026-07-17,262,41746261539,2.363,,
past260,뢸범,8095308283cd6357e82848e305ed0586,2026-07-18,262,41746261539,2.363,,
past260,뢸범,8095308283cd6357e82848e305ed0586,2026-07-19,262,41746261539,2.363,,
past260,뢸범,8095308283cd6357e82848e305ed0586,2026-07-20,262,41746261539,2.363,4525804,
past260,뢸범,8095308283cd6357e82848e305ed0586,2026-07-21,262,41746261539,2.363,,
past260,뢸범,8095308283cd6357e82848e305ed0586,2026-07-22,262,41746261539,2.363,,
past260,롤전문종민,8d3b178d40e32183d091ecd38a1d6ee2e85e07f9d5d276f44440847eec04ba68,2026-06-18,262,39698317068,2.247,0,
past260,롤전문종민,8d3b178d40e32183d091ecd38a1d6ee2e85e07f9d5d276f44440847eec04ba68,2026-06-19,262,39698317068,2.247,,
past260,롤전문종민,8d3b178d40e32183d091ecd38a1d6ee2e85e07f9d5d276f44440847eec04ba68,2026-06-20,262,39698317068,2.247,,
past260,롤전문종민,8d3b178d40e32183d091ecd38a1d6ee2e85e07f9d5d276f44440847eec04ba68,2026-06-21,262,39698317068,2.247,,
past260,롤전문종민,8d3b178d40e32183d091ecd38a1d6ee2e85e07f9d5d276f44440847eec04ba68,2026-06-22,262,39698317068,2.247,,
past260,롤전문종민,8d3b178d40e32183d091ecd38a1d6ee2e85e07f9d5d276f44440847eec04ba68,2026-06-23,262,39698317068,2.247,,
past260,롤전문종민,8d3b178d40e32183d091ecd38a1d6ee2e85e07f9d5d276f44440847eec04ba68,2026-06-24,262,39698317068,2.247,,
past260,롤전문종민,8d3b178d40e32183d091ecd38a1d6ee2e85e07f9d5d276f44440847eec04ba68,2026-06-25,262,39698317068,2.247,,
past260,롤전문종민,8d3b178d40e32183d091ecd38a1d6ee2e85e07f9d5d276f44440847eec04ba68,2026-06-26,262,39698317068,2.247,0,
past260,롤전문종민,8d3b178d40e32183d091ecd38a1d6ee2e85e07f9d5d276f44440847eec04ba68,2026-06-27,262,39698317068,2.247,,
past260,롤전문종민,8d3b178d40e32183d091ecd38a1d6ee2e85e07f9d5d276f44440847eec04ba68,2026-06-28,262,39698317068,2.247,,
past260,롤전문종민,8d3b178d40e32183d091ecd38a1d6ee2e85e07f9d5d276f44440847eec04ba68,2026-06-29,262,39698317068,2.247,,
past260,롤전문종민,8d3b178d40e32183d091ecd38a1d6ee2e85e07f9d5d276f44440847eec04ba68,2026-06-30,262,39698317068,2.247,,
past260,롤전문종민,8d3b178d40e32183d091ecd38a1d6ee2e85e07f9d5d276f44440847eec04ba68,2026-07-01,262,39698317068,2.247,,
past260,롤전문종민,8d3b178d40e32183d091ecd38a1d6ee2e85e07f9d5d276f44440847eec04ba68,2026-07-02,262,39698317068,2.247,,
past260,롤전문종민,8d3b178d40e32183d091ecd38a1d6ee2e85e07f9d5d276f44440847eec04ba68,2026-07-03,262,39698317068,2.247,,
past260,롤전문종민,8d3b178d40e32183d091ecd38a1d6ee2e85e07f9d5d276f44440847eec04ba68,2026-07-04,262,39698317068,2.247,0,
past260,롤전문종민,8d3b178d40e32183d091ecd38a1d6ee2e85e07f9d5d276f44440847eec04ba68,2026-07-05,262,39698317068,2.247,,
past260,롤전문종민,8d3b178d40e32183d091ecd38a1d6ee2e85e07f9d5d276f44440847eec04ba68,2026-07-06,262,39698317068,2.247,,
past260,롤전문종민,8d3b178d40e32183d091ecd38a1d6ee2e85e07f9d5d276f44440847eec04ba68,2026-07-07,262,39698317068,2.247,,
past260,롤전문종민,8d3b178d40e32183d091ecd38a1d6ee2e85e07f9d5d276f44440847eec04ba68,2026-07-08,262,39698317068,2.247,,
past260,롤전문종민,8d3b178d40e32183d091ecd38a1d6ee2e85e07f9d5d276f44440847eec04ba68,2026-07-09,262,39698317068,2.247,,
past260,롤전문종민,8d3b178d40e32183d091ecd38a1d6ee2e85e07f9d5d276f44440847eec04ba68,2026-07-10,262,39698317068,2.247,,
past260,롤전문종민,8d3b178d40e32183d091ecd38a1d6ee2e85e07f9d5d276f44440847eec04ba68,2026-07-11,262,39698317068,2.247,,
past260,롤전문종민,8d3b178d40e32183d091ecd38a1d6ee2e85e07f9d5d276f44440847eec04ba68,2026-07-12,262,39698317068,2.247,0,
past260,롤전문종민,8d3b178d40e32183d091ecd38a1d6ee2e85e07f9d5d276f44440847eec04ba68,2026-07-13,262,39698317068,2.247,,
past260,롤전문종민,8d3b178d40e32183d091ecd38a1d6ee2e85e07f9d5d276f44440847eec04ba68,2026-07-14,262,39698317068,2.247,,
past260,롤전문종민,8d3b178d40e32183d091ecd38a1d6ee2e85e07f9d5d276f44440847eec04ba68,2026-07-15,262,39698317068,2.247,,
past260,롤전문종민,8d3b178d40e32183d091ecd38a1d6ee2e85e07f9d5d276f44440847eec04ba68,2026-07-16,262,39698317068,2.247,,
past260,롤전문종민,8d3b178d40e32183d091ecd38a1d6ee2e85e07f9d5d276f44440847eec04ba68,2026-07-17,262,39698317068,2.247,,
past260,롤전문종민,8d3b178d40e32183d091ecd38a1d6ee2e85e07f9d5d276f44440847eec04ba68,2026-07-18,262,39698317068,2.247,,
past260,롤전문종민,8d3b178d40e32183d091ecd38a1d6ee2e85e07f9d5d276f44440847eec04ba68,2026-07-19,262,39698317068,2.247,,
past260,롤전문종민,8d3b178d40e32183d091ecd38a1d6ee2e85e07f9d5d276f44440847eec04ba68,2026-07-20,262,39698317068,2.247,0,
past260,롤전문종민,8d3b178d40e32183d091ecd38a1d6ee2e85e07f9d5d276f44440847eec04ba68,2026-07-21,262,39698317068,2.247,,
past260,롤전문종민,8d3b178d40e32183d091ecd38a1d6ee2e85e07f9d5d276f44440847eec04ba68,2026-07-22,262,39698317068,2.247,,
past260,냐츄키,2883a7a28f3c74f76bf854c1e5d5dc96efe8d04e6d233bd35cf2fabdeb93fb0d,2026-06-18,262,34554151423,1.956,5651838,
past260,냐츄키,2883a7a28f3c74f76bf854c1e5d5dc96efe8d04e6d233bd35cf2fabdeb93fb0d,2026-06-19,262,34554151423,1.956,,
past260,냐츄키,2883a7a28f3c74f76bf854c1e5d5dc96efe8d04e6d233bd35cf2fabdeb93fb0d,2026-06-20,262,34554151423,1.956,,
past260,냐츄키,2883a7a28f3c74f76bf854c1e5d5dc96efe8d04e6d233bd35cf2fabdeb93fb0d,2026-06-21,262,34554151423,1.956,,
past260,냐츄키,2883a7a28f3c74f76bf854c1e5d5dc96efe8d04e6d233bd35cf2fabdeb93fb0d,2026-06-22,262,34554151423,1.956,,
past260,냐츄키,2883a7a28f3c74f76bf854c1e5d5dc96efe8d04e6d233bd35cf2fabdeb93fb0d,2026-06-23,262,34554151423,1.956,,
past260,냐츄키,2883a7a28f3c74f76bf854c1e5d5dc96efe8d04e6d233bd35cf2fabdeb93fb0d,2026-06-24,262,34554151423,1.956,,
past260,냐츄키,2883a7a28f3c74f76bf854c1e5d5dc96efe8d04e6d233bd35cf2fabdeb93fb0d,2026-06-25,262,34554151423,1.956,,
past260,냐츄키,2883a7a28f3c74f76bf854c1e5d5dc96efe8d04e6d233bd35cf2fabdeb93fb0d,2026-06-26,262,34554151423,1.956,5651838,
past260,냐츄키,2883a7a28f3c74f76bf854c1e5d5dc96efe8d04e6d233bd35cf2fabdeb93fb0d,2026-06-27,262,34554151423,1.956,,
past260,냐츄키,2883a7a28f3c74f76bf854c1e5d5dc96efe8d04e6d233bd35cf2fabdeb93fb0d,2026-06-28,262,34554151423,1.956,,
past260,냐츄키,2883a7a28f3c74f76bf854c1e5d5dc96efe8d04e6d233bd35cf2fabdeb93fb0d,2026-06-29,262,34554151423,1.956,,
past260,냐츄키,2883a7a28f3c74f76bf854c1e5d5dc96efe8d04e6d233bd35cf2fabdeb93fb0d,2026-06-30,262,34554151423,1.956,,
past260,냐츄키,2883a7a28f3c74f76bf854c1e5d5dc96efe8d04e6d233bd35cf2fabdeb93fb0d,2026-07-01,262,34554151423,1.956,,
past260,냐츄키,2883a7a28f3c74f76bf854c1e5d5dc96efe8d04e6d233bd35cf2fabdeb93fb0d,2026-07-02,262,34554151423,1.956,,
past260,냐츄키,2883a7a28f3c74f76bf854c1e5d5dc96efe8d04e6d233bd35cf2fabdeb93fb0d,2026-07-03,262,34554151423,1.956,,
past260,냐츄키,2883a7a28f3c74f76bf854c1e5d5dc96efe8d04e6d233bd35cf2fabdeb93fb0d,2026-07-04,262,34554151423,1.956,5651838,
past260,냐츄키,2883a7a28f3c74f76bf854c1e5d5dc96efe8d04e6d233bd35cf2fabdeb93fb0d,2026-07-05,262,34554151423,1.956,,
past260,냐츄키,2883a7a28f3c74f76bf854c1e5d5dc96efe8d04e6d233bd35cf2fabdeb93fb0d,2026-07-06,262,34554151423,1.956,,
past260,냐츄키,2883a7a28f3c74f76bf854c1e5d5dc96efe8d04e6d233bd35cf2fabdeb93fb0d,2026-07-07,262,34554151423,1.956,,
past260,냐츄키,2883a7a28f3c74f76bf854c1e5d5dc96efe8d04e6d233bd35cf2fabdeb93fb0d,2026-07-08,262,34554151423,1.956,,
past260,냐츄키,2883a7a28f3c74f76bf854c1e5d5dc96efe8d04e6d233bd35cf2fabdeb93fb0d,2026-07-09,262,34554151423,1.956,,
past260,냐츄키,2883a7a28f3c74f76bf854c1e5d5dc96efe8d04e6d233bd35cf2fabdeb93fb0d,2026-07-10,262,34554151423,1.956,,
past260,냐츄키,2883a7a28f3c74f76bf854c1e5d5dc96efe8d04e6d233bd35cf2fabdeb93fb0d,2026-07-11,262,34554151423,1.956,,
past260,냐츄키,2883a7a28f3c74f76bf854c1e5d5dc96efe8d04e6d233bd35cf2fabdeb93fb0d,2026-07-12,262,34554151423,1.956,5651838,
past260,냐츄키,2883a7a28f3c74f76bf854c1e5d5dc96efe8d04e6d233bd35cf2fabdeb93fb0d,2026-07-13,262,34554151423,1.956,,
past260,냐츄키,2883a7a28f3c74f76bf854c1e5d5dc96efe8d04e6d233bd35cf2fabdeb93fb0d,2026-07-14,262,34554151423,1.956,,
past260,냐츄키,2883a7a28f3c74f76bf854c1e5d5dc96efe8d04e6d233bd35cf2fabdeb93fb0d,2026-07-15,262,34554151423,1.956,,
past260,냐츄키,2883a7a28f3c74f76bf854c1e5d5dc96efe8d04e6d233bd35cf2fabdeb93fb0d,2026-07-16,262,34554151423,1.956,,
past260,냐츄키,2883a7a28f3c74f76bf854c1e5d5dc96efe8d04e6d233bd35cf2fabdeb93fb0d,2026-07-17,262,34554151423,1.956,,
past260,냐츄키,2883a7a28f3c74f76bf854c1e5d5dc96efe8d04e6d233bd35cf2fabdeb93fb0d,2026-07-18,262,34554151423,1.956,,
past260,냐츄키,2883a7a28f3c74f76bf854c1e5d5dc96efe8d04e6d233bd35cf2fabdeb93fb0d,2026-07-19,262,34554151423,1.956,,
past260,냐츄키,2883a7a28f3c74f76bf854c1e5d5dc96efe8d04e6d233bd35cf2fabdeb93fb0d,2026-07-20,262,34554151423,1.956,5651838,
past260,냐츄키,2883a7a28f3c74f76bf854c1e5d5dc96efe8d04e6d233bd35cf2fabdeb93fb0d,2026-07-21,262,34554151423,1.956,,
past260,냐츄키,2883a7a28f3c74f76bf854c1e5d5dc96efe8d04e6d233bd35cf2fabdeb93fb0d,2026-07-22,262,34554151423,1.956,,
past260,텐삡,887978851251383753a2ed0aa36c4912efe8d04e6d233bd35cf2fabdeb93fb0d,2026-06-18,262,44040729873,2.493,5815220,
past260,텐삡,887978851251383753a2ed0aa36c4912efe8d04e6d233bd35cf2fabdeb93fb0d,2026-06-19,262,44040729873,2.493,,
past260,텐삡,887978851251383753a2ed0aa36c4912efe8d04e6d233bd35cf2fabdeb93fb0d,2026-06-20,262,44040729873,2.493,,
past260,텐삡,887978851251383753a2ed0aa36c4912efe8d04e6d233bd35cf2fabdeb93fb0d,2026-06-21,262,44040729873,2.493,,
past260,텐삡,887978851251383753a2ed0aa36c4912efe8d04e6d233bd35cf2fabdeb93fb0d,2026-06-22,262,44040729873,2.493,,
past260,텐삡,887978851251383753a2ed0aa36c4912efe8d04e6d233bd35cf2fabdeb93fb0d,2026-06-23,262,44040729873,2.493,,
past260,텐삡,887978851251383753a2ed0aa36c4912efe8d04e6d233bd35cf2fabdeb93fb0d,2026-06-24,262,44040729873,2.493,,
past260,텐삡,887978851251383753a2ed0aa36c4912efe8d04e6d233bd35cf2fabdeb93fb0d,2026-06-25,262,44040729873,2.493,,
past260,텐삡,887978851251383753a2ed0aa36c4912efe8d04e6d233bd35cf2fabdeb93fb0d,2026-06-26,262,44040729873,2.493,5815220,
past260,텐삡,887978851251383753a2ed0aa36c4912efe8d04e6d233bd35cf2fabdeb93fb0d,2026-06-27,262,44040729873,2.493,,
past260,텐삡,887978851251383753a2ed0aa36c4912efe8d04e6d233bd35cf2fabdeb93fb0d,2026-06-28,262,44040729873,2.493,,
past260,텐삡,887978851251383753a2ed0aa36c4912efe8d04e6d233bd35cf2fabdeb93fb0d,2026-06-29,262,44040729873,2.493,,
past260,텐삡,887978851251383753a2ed0aa36c4912efe8d04e6d233bd35cf2fabdeb93fb0d,2026-06-30,262,44040729873,2.493,,
past260,텐삡,887978851251383753a2ed0aa36c4912efe8d04e6d233bd35cf2fabdeb93fb0d,2026-07-01,262,842862729873,47.707,,
past260,텐삡,887978851251383753a2ed0aa36c4912efe8d04e6d233bd35cf2fabdeb93fb0d,2026-07-02,262,842862729873,47.707,,
past260,텐삡,887978851251383753a2ed0aa36c4912efe8d04e6d233bd35cf2fabdeb93fb0d,2026-07-03,262,842862729873,47.707,,
past260,텐삡,887978851251383753a2ed0aa36c4912efe8d04e6d233bd35cf2fabdeb93fb0d,2026-07-04,262,842862729873,47.707,5815220,
past260,텐삡,887978851251383753a2ed0aa36c4912efe8d04e6d233bd35cf2fabdeb93fb0d,2026-07-05,262,842862729873,47.707,,
past260,텐삡,887978851251383753a2ed0aa36c4912efe8d04e6d233bd35cf2fabdeb93fb0d,2026-07-06,262,842862729873,47.707,,
past260,텐삡,887978851251383753a2ed0aa36c4912efe8d04e6d233bd35cf2fabdeb93fb0d,2026-07-07,262,842862729873,47.707,,
past260,텐삡,887978851251383753a2ed0aa36c4912efe8d04e6d233bd35cf2fabdeb93fb0d,2026-07-08,262,842862729873,47.707,,
past260,텐삡,887978851251383753a2ed0aa36c4912efe8d04e6d233bd35cf2fabdeb93fb0d,2026-07-09,262,842862729873,47.707,,
past260,텐삡,887978851251383753a2ed0aa36c4912efe8d04e6d233bd35cf2fabdeb93fb0d,2026-07-10,262,842862729873,47.707,,
past260,텐삡,887978851251383753a2ed0aa36c4912efe8d04e6d233bd35cf2fabdeb93fb0d,2026-07-11,262,842862729873,47.707,,
past260,텐삡,887978851251383753a2ed0aa36c4912efe8d04e6d233bd35cf2fabdeb93fb0d,2026-07-12,262,842862729873,47.707,5815220,
past260,텐삡,887978851251383753a2ed0aa36c4912efe8d04e6d233bd35cf2fabdeb93fb0d,2026-07-13,262,842862729873,47.707,,
past260,텐삡,887978851251383753a2ed0aa36c4912efe8d04e6d233bd35cf2fabdeb93fb0d,2026-07-14,262,842862729873,47.707,,
past260,텐삡,887978851251383753a2ed0aa36c4912efe8d04e6d233bd35cf2fabdeb93fb0d,2026-07-15,262,842862729873,47.707,,
past260,텐삡,887978851251383753a2ed0aa36c4912efe8d04e6d233bd35cf2fabdeb93fb0d,2026-07-16,262,842862729873,47.707,,
past260,텐삡,887978851251383753a2ed0aa36c4912efe8d04e6d233bd35cf2fabdeb93fb0d,2026-07-17,262,842862729873,47.707,,
past260,텐삡,887978851251383753a2ed0aa36c4912efe8d04e6d233bd35cf2fabdeb93fb0d,2026-07-18,262,842862729873,47.707,,
past260,텐삡,887978851251383753a2ed0aa36c4912efe8d04e6d233bd35cf2fabdeb93fb0d,2026-07-19,262,842862729873,47.707,,
past260,텐삡,887978851251383753a2ed0aa36c4912efe8d04e6d233bd35cf2fabdeb93fb0d,2026-07-20,262,842862729873,47.707,5815220,
past260,텐삡,887978851251383753a2ed0aa36c4912efe8d04e6d233bd35cf2fabdeb93fb0d,2026-07-21,262,842862729873,47.707,,
past260,텐삡,887978851251383753a2ed0aa36c4912efe8d04e6d233bd35cf2fabdeb93fb0d,2026-07-22,262,842862729873,47.707,,
past260,뮬리에양,138e2e73bb51b6feb41f41b3645d3b37,2026-06-18,262,31936799934,1.808,4049050,
past260,뮬리에양,138e2e73bb51b6feb41f41b3645d3b37,2026-06-19,262,31936799934,1.808,,
past260,뮬리에양,138e2e73bb51b6feb41f41b3645d3b37,2026-06-20,262,31936799934,1.808,,
past260,뮬리에양,138e2e73bb51b6feb41f41b3645d3b37,2026-06-21,262,31936799934,1.808,,
past260,뮬리에양,138e2e73bb51b6feb41f41b3645d3b37,2026-06-22,262,31936799934,1.808,,
past260,뮬리에양,138e2e73bb51b6feb41f41b3645d3b37,2026-06-23,262,31936799934,1.808,,
past260,뮬리에양,138e2e73bb51b6feb41f41b3645d3b37,2026-06-24,262,31936799934,1.808,,
past260,뮬리에양,138e2e73bb51b6feb41f41b3645d3b37,2026-06-25,262,31936799934,1.808,,
past260,뮬리에양,138e2e73bb51b6feb41f41b3645d3b37,2026-06-26,262,31936799934,1.808,4049050,
past260,뮬리에양,138e2e73bb51b6feb41f41b3645d3b37,2026-06-27,262,31936799934,1.808,,
past260,뮬리에양,138e2e73bb51b6feb41f41b3645d3b37,2026-06-28,262,31936799934,1.808,,
past260,뮬리에양,138e2e73bb51b6feb41f41b3645d3b37,2026-06-29,262,31936799934,1.808,,
past260,뮬리에양,138e2e73bb51b6feb41f41b3645d3b37,2026-06-30,262,31936799934,1.808,,
past260,뮬리에양,138e2e73bb51b6feb41f41b3645d3b37,2026-07-01,262,31936799934,1.808,,
past260,뮬리에양,138e2e73bb51b6feb41f41b3645d3b37,2026-07-02,262,31936799934,1.808,,
past260,뮬리에양,138e2e73bb51b6feb41f41b3645d3b37,2026-07-03,262,31936799934,1.808,,
past260,뮬리에양,138e2e73bb51b6feb41f41b3645d3b37,2026-07-04,262,31936799934,1.808,4049050,
past260,뮬리에양,138e2e73bb51b6feb41f41b3645d3b37,2026-07-05,262,31936799934,1.808,,
past260,뮬리에양,138e2e73bb51b6feb41f41b3645d3b37,2026-07-06,262,31936799934,1.808,,
past260,뮬리에양,138e2e73bb51b6feb41f41b3645d3b37,2026-07-07,262,31936799934,1.808,,
past260,뮬리에양,138e2e73bb51b6feb41f41b3645d3b37,2026-07-08,262,31936799934,1.808,,
past260,뮬리에양,138e2e73bb51b6feb41f41b3645d3b37,2026-07-09,262,31936799934,1.808,,
past260,뮬리에양,138e2e73bb51b6feb41f41b3645d3b37,2026-07-10,262,31936799934,1.808,,
past260,뮬리에양,138e2e73bb51b6feb41f41b3645d3b37,2026-07-11,262,31936799934,1.808,,
past260,뮬리에양,138e2e73bb51b6feb41f41b3645d3b37,2026-07-12,262,31936799934,1.808,4049050,
past260,뮬리에양,138e2e73bb51b6feb41f41b3645d3b37,2026-07-13,262,31936799934,1.808,,
past260,뮬리에양,138e2e73bb51b6feb41f41b3645d3b37,2026-07-14,262,31936799934,1.808,,
past260,뮬리에양,138e2e73bb51b6feb41f41b3645d3b37,2026-07-15,262,31936799934,1.808,,
past260,뮬리에양,138e2e73bb51b6feb41f41b3645d3b37,2026-07-16,262,31936799934,1.808,,
past260,뮬리에양,138e2e73bb51b6feb41f41b3645d3b37,2026-07-17,262,31936799934,1.808,,
past260,뮬리에양,138e2e73bb51b6feb41f41b3645d3b37,2026-07-18,262,31936799934,1.808,,
past260,뮬리에양,138e2e73bb51b6feb41f41b3645d3b37,2026-07-19,262,31936799934,1.808,,
past260,뮬리에양,138e2e73bb51b6feb41f41b3645d3b37,2026-07-20,262,31936799934,1.808,4049050,
past260,뮬리에양,138e2e73bb51b6feb41f41b3645d3b37,2026-07-21,262,31936799934,1.808,,
past260,뮬리에양,138e2e73bb51b6feb41f41b3645d3b37,2026-07-22,262,31936799934,1.808,,
past260,톡획,1fe75932ab6316da4035c3ef20f54ce786e68d4012202d0434d05f81868f68e3,2026-06-18,262,40990908634,2.320,5506654,
past260,톡획,1fe75932ab6316da4035c3ef20f54ce786e68d4012202d0434d05f81868f68e3,2026-06-19,262,40990908634,2.320,,
past260,톡획,1fe75932ab6316da4035c3ef20f54ce786e68d4012202d0434d05f81868f68e3,2026-06-20,262,40990908634,2.320,,
past260,톡획,1fe75932ab6316da4035c3ef20f54ce786e68d4012202d0434d05f81868f68e3,2026-06-21,262,40990908634,2.320,,
past260,톡획,1fe75932ab6316da4035c3ef20f54ce786e68d4012202d0434d05f81868f68e3,2026-06-22,262,40990908634,2.320,,
past260,톡획,1fe75932ab6316da4035c3ef20f54ce786e68d4012202d0434d05f81868f68e3,2026-06-23,262,40990908634,2.320,,
past260,톡획,1fe75932ab6316da4035c3ef20f54ce786e68d4012202d0434d05f81868f68e3,2026-06-24,262,40990908634,2.320,,
past260,톡획,1fe75932ab6316da4035c3ef20f54ce786e68d4012202d0434d05f81868f68e3,2026-06-25,262,40990908634,2.320,,
past260,톡획,1fe75932ab6316da4035c3ef20f54ce786e68d4012202d0434d05f81868f68e3,2026-06-26,262,40990908634,2.320,5506654,
past260,톡획,1fe75932ab6316da4035c3ef20f54ce786e68d4012202d0434d05f81868f68e3,2026-06-27,262,40990908634,2.320,,
past260,톡획,1fe75932ab6316da4035c3ef20f54ce786e68d4012202d0434d05f81868f68e3,2026-06-28,262,40990908634,2.320,,
past260,톡획,1fe75932ab6316da4035c3ef20f54ce786e68d4012202d0434d05f81868f68e3,2026-06-29,262,40990908634,2.320,,
past260,톡획,1fe75932ab6316da4035c3ef20f54ce786e68d4012202d0434d05f81868f68e3,2026-06-30,262,40990908634,2.320,,
past260,톡획,1fe75932ab6316da4035c3ef20f54ce786e68d4012202d0434d05f81868f68e3,2026-07-01,262,40990908634,2.320,,
past260,톡획,1fe75932ab6316da4035c3ef20f54ce786e68d4012202d0434d05f81868f68e3,2026-07-02,262,40990908634,2.320,,
past260,톡획,1fe75932ab6316da4035c3ef20f54ce786e68d4012202d0434d05f81868f68e3,2026-07-03,262,40990908634,2.320,,
past260,톡획,1fe75932ab6316da4035c3ef20f54ce786e68d4012202d0434d05f81868f68e3,2026-07-04,262,40990908634,2.320,5506654,
past260,톡획,1fe75932ab6316da4035c3ef20f54ce786e68d4012202d0434d05f81868f68e3,2026-07-05,262,40990908634,2.320,,
past260,톡획,1fe75932ab6316da4035c3ef20f54ce786e68d4012202d0434d05f81868f68e3,2026-07-06,262,40990908634,2.320,,
past260,톡획,1fe75932ab6316da4035c3ef20f54ce786e68d4012202d0434d05f81868f68e3,2026-07-07,262,40990908634,2.320,,
past260,톡획,1fe75932ab6316da4035c3ef20f54ce786e68d4012202d0434d05f81868f68e3,2026-07-08,262,40990908634,2.320,,
past260,톡획,1fe75932ab6316da4035c3ef20f54ce786e68d4012202d0434d05f81868f68e3,2026-07-09,262,40990908634,2.320,,
past260,톡획,1fe75932ab6316da4035c3ef20f54ce786e68d4012202d0434d05f81868f68e3,2026-07-10,262,40990908634,2.320,,
past260,톡획,1fe75932ab6316da4035c3ef20f54ce786e68d4012202d0434d05f81868f68e3,2026-07-11,262,40990908634,2.320,,
past260,톡획,1fe75932ab6316da4035c3ef20f54ce786e68d4012202d0434d05f81868f68e3,2026-07-12,262,40990908634,2.320,5506654,
past260,톡획,1fe75932ab6316da4035c3ef20f54ce786e68d4012202d0434d05f81868f68e3,2026-07-13,262,40990908634,2.320,,
past260,톡획,1fe75932ab6316da4035c3ef20f54ce786e68d4012202d0434d05f81868f68e3,2026-07-14,262,40990908634,2.320,,
past260,톡획,1fe75932ab6316da4035c3ef20f54ce786e68d4012202d0434d05f81868f68e3,2026-07-15,262,40990908634,2.320,,
past260,톡획,1fe75932ab6316da4035c3ef20f54ce786e68d4012202d0434d05f81868f68e3,2026-07-16,262,40990908634,2.320,,
past260,톡획,1fe75932ab6316da4035c3ef20f54ce786e68d4012202d0434d05f81868f68e3,2026-07-17,262,40990908634,2.320,,
past260,톡획,1fe75932ab6316da4035c3ef20f54ce786e68d4012202d0434d05f81868f68e3,2026-07-18,262,40990908634,2.320,,
past260,톡획,1fe75932ab6316da4035c3ef20f54ce786e68d4012202d0434d05f81868f68e3,2026-07-19,262,40990908634,2.320,,
past260,톡획,1fe75932ab6316da4035c3ef20f54ce786e68d4012202d0434d05f81868f68e3,2026-07-20,262,40990908634,2.320,5506654,
past260,톡획,1fe75932ab6316da4035c3ef20f54ce786e68d4012202d0434d05f81868f68e3,2026-07-21,262,40990908634,2.320,,
past260,톡획,1fe75932ab6316da4035c3ef20f54ce786e68d4012202d0434d05f81868f68e3,2026-07-22,262,40990908634,2.320,,
past260,봄빛이머무는,026b37f00a14206685c1dc6cc20f2ac4,2026-06-18,262,39140987747,2.215,9527546,
past260,봄빛이머무는,026b37f00a14206685c1dc6cc20f2ac4,2026-06-19,262,39140987747,2.215,,
past260,봄빛이머무는,026b37f00a14206685c1dc6cc20f2ac4,2026-06-20,262,39140987747,2.215,,
past260,봄빛이머무는,026b37f00a14206685c1dc6cc20f2ac4,2026-06-21,262,39140987747,2.215,,
past260,봄빛이머무는,026b37f00a14206685c1dc6cc20f2ac4,2026-06-22,262,39140987747,2.215,,
past260,봄빛이머무는,026b37f00a14206685c1dc6cc20f2ac4,2026-06-23,262,39140987747,2.215,,
past260,봄빛이머무는,026b37f00a14206685c1dc6cc20f2ac4,2026-06-24,262,39140987747,2.215,,
past260,봄빛이머무는,026b37f00a14206685c1dc6cc20f2ac4,2026-06-25,262,39140987747,2.215,,
past260,봄빛이머무는,026b37f00a14206685c1dc6cc20f2ac4,2026-06-26,262,39140987747,2.215,9527546,
past260,봄빛이머무는,026b37f00a14206685c1dc6cc20f2ac4,2026-06-27,262,39140987747,2.215,,
past260,봄빛이머무는,026b37f00a14206685c1dc6cc20f2ac4,2026-06-28,262,39140987747,2.215,,
past260,봄빛이머무는,026b37f00a14206685c1dc6cc20f2ac4,2026-06-29,262,39140987747,2.215,,
past260,봄빛이머무는,026b37f00a14206685c1dc6cc20f2ac4,2026-06-30,262,39140987747,2.215,,
past260,봄빛이머무는,026b37f00a14206685c1dc6cc20f2ac4,2026-07-01,262,39140987747,2.215,,
past260,봄빛이머무는,026b37f00a14206685c1dc6cc20f2ac4,2026-07-02,262,39140987747,2.215,,
past260,봄빛이머무는,026b37f00a14206685c1dc6cc20f2ac4,2026-07-03,262,39140987747,2.215,,
past260,봄빛이머무는,026b37f00a14206685c1dc6cc20f2ac4,2026-07-04,262,39140987747,2.215,9527546,
past260,봄빛이머무는,026b37f00a14206685c1dc6cc20f2ac4,2026-07-05,262,39140987747,2.215,,
past260,봄빛이머무는,026b37f00a14206685c1dc6cc20f2ac4,2026-07-06,262,39140987747,2.215,,
past260,봄빛이머무는,026b37f00a14206685c1dc6cc20f2ac4,2026-07-07,262,39140987747,2.215,,
past260,봄빛이머무는,026b37f00a14206685c1dc6cc20f2ac4,2026-07-08,262,39140987747,2.215,,
past260,봄빛이머무는,026b37f00a14206685c1dc6cc20f2ac4,2026-07-09,262,39140987747,2.215,,
past260,봄빛이머무는,026b37f00a14206685c1dc6cc20f2ac4,2026-07-10,262,39140987747,2.215,,
past260,봄빛이머무는,026b37f00a14206685c1dc6cc20f2ac4,2026-07-11,262,39140987747,2.215,,
past260,봄빛이머무는,026b37f00a14206685c1dc6cc20f2ac4,2026-07-12,262,39140987747,2.215,9527546,
past260,봄빛이머무는,026b37f00a14206685c1dc6cc20f2ac4,2026-07-13,262,39140987747,2.215,,
past260,봄빛이머무는,026b37f00a14206685c1dc6cc20f2ac4,2026-07-14,262,39140987747,2.215,,
past260,봄빛이머무는,026b37f00a14206685c1dc6cc20f2ac4,2026-07-15,262,39140987747,2.215,,
past260,봄빛이머무는,026b37f00a14206685c1dc6cc20f2ac4,2026-07-16,262,39140987747,2.215,,
past260,봄빛이머무는,026b37f00a14206685c1dc6cc20f2ac4,2026-07-17,262,39140987747,2.215,,
past260,봄빛이머무는,026b37f00a14206685c1dc6cc20f2ac4,2026-07-18,262,39140987747,2.215,,
past260,봄빛이머무는,026b37f00a14206685c1dc6cc20f2ac4,2026-07-19,262,39140987747,2.215,,
past260,봄빛이머무는,026b37f00a14206685c1dc6cc20f2ac4,2026-07-20,262,39140987747,2.215,9527546,
past260,봄빛이머무는,026b37f00a14206685c1dc6cc20f2ac4,2026-07-21,262,39140987747,2.215,,
past260,봄빛이머무는,026b37f00a14206685c1dc6cc20f2ac4,2026-07-22,262,39140987747,2.215,,
past260,추노꿈나무,608059d5dab27142e872d368db6da100efe8d04e6d233bd35cf2fabdeb93fb0d,2026-06-18,262,39491936961,2.235,5884991,
past260,추노꿈나무,608059d5dab27142e872d368db6da100efe8d04e6d233bd35cf2fabdeb93fb0d,2026-06-19,262,39491936961,2.235,,
past260,추노꿈나무,608059d5dab27142e872d368db6da100efe8d04e6d233bd35cf2fabdeb93fb0d,2026-06-20,262,39491936961,2.235,,
past260,추노꿈나무,608059d5dab27142e872d368db6da100efe8d04e6d233bd35cf2fabdeb93fb0d,2026-06-21,262,39491936961,2.235,,
past260,추노꿈나무,608059d5dab27142e872d368db6da100efe8d04e6d233bd35cf2fabdeb93fb0d,2026-06-22,262,39491936961,2.235,,
past260,추노꿈나무,608059d5dab27142e872d368db6da100efe8d04e6d233bd35cf2fabdeb93fb0d,2026-06-23,262,39491936961,2.235,,
past260,추노꿈나무,608059d5dab27142e872d368db6da100efe8d04e6d233bd35cf2fabdeb93fb0d,2026-06-24,262,39491936961,2.235,,
past260,추노꿈나무,608059d5dab27142e872d368db6da100efe8d04e6d233bd35cf2fabdeb93fb0d,2026-06-25,262,39491936961,2.235,,
past260,추노꿈나무,608059d5dab27142e872d368db6da100efe8d04e6d233bd35cf2fabdeb93fb0d,2026-06-26,262,39491936961,2.235,5884991,
past260,추노꿈나무,608059d5dab27142e872d368db6da100efe8d04e6d233bd35cf2fabdeb93fb0d,2026-06-27,262,39491936961,2.235,,
past260,추노꿈나무,608059d5dab27142e872d368db6da100efe8d04e6d233bd35cf2fabdeb93fb0d,2026-06-28,262,39545220956,2.238,,
past260,추노꿈나무,608059d5dab27142e872d368db6da100efe8d04e6d233bd35cf2fabdeb93fb0d,2026-06-29,262,39545220956,2.238,,
past260,추노꿈나무,608059d5dab27142e872d368db6da100efe8d04e6d233bd35cf2fabdeb93fb0d,2026-06-30,262,39545220956,2.238,,
past260,추노꿈나무,608059d5dab27142e872d368db6da100efe8d04e6d233bd35cf2fabdeb93fb0d,2026-07-01,262,39545220956,2.238,,
past260,추노꿈나무,608059d5dab27142e872d368db6da100efe8d04e6d233bd35cf2fabdeb93fb0d,2026-07-02,262,39545220956,2.238,,
past260,추노꿈나무,608059d5dab27142e872d368db6da100efe8d04e6d233bd35cf2fabdeb93fb0d,2026-07-03,262,39545220956,2.238,,
past260,추노꿈나무,608059d5dab27142e872d368db6da100efe8d04e6d233bd35cf2fabdeb93fb0d,2026-07-04,262,39545220956,2.238,6325608,
past260,추노꿈나무,608059d5dab27142e872d368db6da100efe8d04e6d233bd35cf2fabdeb93fb0d,2026-07-05,262,39545220956,2.238,,
past260,추노꿈나무,608059d5dab27142e872d368db6da100efe8d04e6d233bd35cf2fabdeb93fb0d,2026-07-06,262,39545220956,2.238,,
past260,추노꿈나무,608059d5dab27142e872d368db6da100efe8d04e6d233bd35cf2fabdeb93fb0d,2026-07-07,262,39545220956,2.238,,
past260,추노꿈나무,608059d5dab27142e872d368db6da100efe8d04e6d233bd35cf2fabdeb93fb0d,2026-07-08,262,39545220956,2.238,,
past260,추노꿈나무,608059d5dab27142e872d368db6da100efe8d04e6d233bd35cf2fabdeb93fb0d,2026-07-09,262,39545220956,2.238,,
past260,추노꿈나무,608059d5dab27142e872d368db6da100efe8d04e6d233bd35cf2fabdeb93fb0d,2026-07-10,262,39545220956,2.238,,
past260,추노꿈나무,608059d5dab27142e872d368db6da100efe8d04e6d233bd35cf2fabdeb93fb0d,2026-07-11,262,39545220956,2.238,,
past260,추노꿈나무,608059d5dab27142e872d368db6da100efe8d04e6d233bd35cf2fabdeb93fb0d,2026-07-12,262,39545220956,2.238,6325608,
past260,추노꿈나무,608059d5dab27142e872d368db6da100efe8d04e6d233bd35cf2fabdeb93fb0d,2026-07-13,262,39545220956,2.238,,
past260,추노꿈나무,608059d5dab27142e872d368db6da100efe8d04e6d233bd35cf2fabdeb93fb0d,2026-07-14,262,39545220956,2.238,,
past260,추노꿈나무,608059d5dab27142e872d368db6da100efe8d04e6d233bd35cf2fabdeb93fb0d,2026-07-15,262,39596176428,2.241,,
past260,추노꿈나무,608059d5dab27142e872d368db6da100efe8d04e6d233bd35cf2fabdeb93fb0d,2026-07-16,262,39596176428,2.241,,
past260,추노꿈나무,608059d5dab27142e872d368db6da100efe8d04e6d233bd35cf2fabdeb93fb0d,2026-07-17,262,39596176428,2.241,,
past260,추노꿈나무,608059d5dab27142e872d368db6da100efe8d04e6d233bd35cf2fabdeb93fb0d,2026-07-18,262,39596176428,2.241,,
past260,추노꿈나무,608059d5dab27142e872d368db6da100efe8d04e6d233bd35cf2fabdeb93fb0d,2026-07-19,262,39596176428,2.241,,
past260,추노꿈나무,608059d5dab27142e872d368db6da100efe8d04e6d233bd35cf2fabdeb93fb0d,2026-07-20,262,39641091008,2.244,5164366,
past260,추노꿈나무,608059d5dab27142e872d368db6da100efe8d04e6d233bd35cf2fabdeb93fb0d,2026-07-21,262,39641091008,2.244,,
past260,추노꿈나무,608059d5dab27142e872d368db6da100efe8d04e6d233bd35cf2fabdeb93fb0d,2026-07-22,262,39641091008,2.244,,
past260,게뭉월,5fb5297da92555ff8c151ca8ac2cfc70,2026-06-18,262,23921162997,1.354,1122,
past260,게뭉월,5fb5297da92555ff8c151ca8ac2cfc70,2026-06-19,262,23921162997,1.354,,
past260,게뭉월,5fb5297da92555ff8c151ca8ac2cfc70,2026-06-20,262,23921162997,1.354,,
past260,게뭉월,5fb5297da92555ff8c151ca8ac2cfc70,2026-06-21,262,23921162997,1.354,,
past260,게뭉월,5fb5297da92555ff8c151ca8ac2cfc70,2026-06-22,262,23921162997,1.354,,
past260,게뭉월,5fb5297da92555ff8c151ca8ac2cfc70,2026-06-23,262,23921162997,1.354,,
past260,게뭉월,5fb5297da92555ff8c151ca8ac2cfc70,2026-06-24,262,23921162997,1.354,,
past260,게뭉월,5fb5297da92555ff8c151ca8ac2cfc70,2026-06-25,262,23921162997,1.354,,
past260,게뭉월,5fb5297da92555ff8c151ca8ac2cfc70,2026-06-26,262,23921162997,1.354,1122,
past260,게뭉월,5fb5297da92555ff8c151ca8ac2cfc70,2026-06-27,262,23921162997,1.354,,
past260,게뭉월,5fb5297da92555ff8c151ca8ac2cfc70,2026-06-28,262,23921162997,1.354,,
past260,게뭉월,5fb5297da92555ff8c151ca8ac2cfc70,2026-06-29,262,23921162997,1.354,,
past260,게뭉월,5fb5297da92555ff8c151ca8ac2cfc70,2026-06-30,262,23921162997,1.354,,
past260,게뭉월,5fb5297da92555ff8c151ca8ac2cfc70,2026-07-01,262,23921162997,1.354,,
past260,게뭉월,5fb5297da92555ff8c151ca8ac2cfc70,2026-07-02,262,23921162997,1.354,,
past260,게뭉월,5fb5297da92555ff8c151ca8ac2cfc70,2026-07-03,262,23921162997,1.354,,
past260,게뭉월,5fb5297da92555ff8c151ca8ac2cfc70,2026-07-04,262,23921162997,1.354,1122,
past260,게뭉월,5fb5297da92555ff8c151ca8ac2cfc70,2026-07-05,262,23921162997,1.354,,
past260,게뭉월,5fb5297da92555ff8c151ca8ac2cfc70,2026-07-06,262,23921162997,1.354,,
past260,게뭉월,5fb5297da92555ff8c151ca8ac2cfc70,2026-07-07,262,23921162997,1.354,,
past260,게뭉월,5fb5297da92555ff8c151ca8ac2cfc70,2026-07-08,262,23921162997,1.354,,
past260,게뭉월,5fb5297da92555ff8c151ca8ac2cfc70,2026-07-09,262,23921162997,1.354,,
past260,게뭉월,5fb5297da92555ff8c151ca8ac2cfc70,2026-07-10,262,23921162997,1.354,,
past260,게뭉월,5fb5297da92555ff8c151ca8ac2cfc70,2026-07-11,262,23921162997,1.354,,
past260,게뭉월,5fb5297da92555ff8c151ca8ac2cfc70,2026-07-12,262,23921162997,1.354,1122,
past260,게뭉월,5fb5297da92555ff8c151ca8ac2cfc70,2026-07-13,262,23921162997,1.354,,
past260,게뭉월,5fb5297da92555ff8c151ca8ac2cfc70,2026-07-14,262,23921162997,1.354,,
past260,게뭉월,5fb5297da92555ff8c151ca8ac2cfc70,2026-07-15,262,23921162997,1.354,,
past260,게뭉월,5fb5297da92555ff8c151ca8ac2cfc70,2026-07-16,262,23921162997,1.354,,
past260,게뭉월,5fb5297da92555ff8c151ca8ac2cfc70,2026-07-17,262,23921162997,1.354,,
past260,게뭉월,5fb5297da92555ff8c151ca8ac2cfc70,2026-07-18,262,23921162997,1.354,,
past260,게뭉월,5fb5297da92555ff8c151ca8ac2cfc70,2026-07-19,262,23921162997,1.354,,
past260,게뭉월,5fb5297da92555ff8c151ca8ac2cfc70,2026-07-20,262,23921162997,1.354,1122,
past260,게뭉월,5fb5297da92555ff8c151ca8ac2cfc70,2026-07-21,262,23921162997,1.354,,
past260,게뭉월,5fb5297da92555ff8c151ca8ac2cfc70,2026-07-22,262,23921162997,1.354,,
past260,duoqm111,be6accba01d5e7dae345661dfae21f07efe8d04e6d233bd35cf2fabdeb93fb0d,2026-06-18,262,34751514523,1.967,1978027,
past260,duoqm111,be6accba01d5e7dae345661dfae21f07efe8d04e6d233bd35cf2fabdeb93fb0d,2026-06-19,262,34751514523,1.967,,
past260,duoqm111,be6accba01d5e7dae345661dfae21f07efe8d04e6d233bd35cf2fabdeb93fb0d,2026-06-20,262,34751514523,1.967,,
past260,duoqm111,be6accba01d5e7dae345661dfae21f07efe8d04e6d233bd35cf2fabdeb93fb0d,2026-06-21,262,34751514523,1.967,,
past260,duoqm111,be6accba01d5e7dae345661dfae21f07efe8d04e6d233bd35cf2fabdeb93fb0d,2026-06-22,262,34751514523,1.967,,
past260,duoqm111,be6accba01d5e7dae345661dfae21f07efe8d04e6d233bd35cf2fabdeb93fb0d,2026-06-23,262,34751514523,1.967,,
past260,duoqm111,be6accba01d5e7dae345661dfae21f07efe8d04e6d233bd35cf2fabdeb93fb0d,2026-06-24,262,34751514523,1.967,,
past260,duoqm111,be6accba01d5e7dae345661dfae21f07efe8d04e6d233bd35cf2fabdeb93fb0d,2026-06-25,262,34751514523,1.967,,
past260,duoqm111,be6accba01d5e7dae345661dfae21f07efe8d04e6d233bd35cf2fabdeb93fb0d,2026-06-26,262,34751514523,1.967,1978027,
past260,duoqm111,be6accba01d5e7dae345661dfae21f07efe8d04e6d233bd35cf2fabdeb93fb0d,2026-06-27,262,34751514523,1.967,,
past260,duoqm111,be6accba01d5e7dae345661dfae21f07efe8d04e6d233bd35cf2fabdeb93fb0d,2026-06-28,262,34751514523,1.967,,
past260,duoqm111,be6accba01d5e7dae345661dfae21f07efe8d04e6d233bd35cf2fabdeb93fb0d,2026-06-29,262,34751514523,1.967,,
past260,duoqm111,be6accba01d5e7dae345661dfae21f07efe8d04e6d233bd35cf2fabdeb93fb0d,2026-06-30,262,34751514523,1.967,,
past260,duoqm111,be6accba01d5e7dae345661dfae21f07efe8d04e6d233bd35cf2fabdeb93fb0d,2026-07-01,262,34751514523,1.967,,
past260,duoqm111,be6accba01d5e7dae345661dfae21f07efe8d04e6d233bd35cf2fabdeb93fb0d,2026-07-02,262,34751514523,1.967,,
past260,duoqm111,be6accba01d5e7dae345661dfae21f07efe8d04e6d233bd35cf2fabdeb93fb0d,2026-07-03,262,34751514523,1.967,,
past260,duoqm111,be6accba01d5e7dae345661dfae21f07efe8d04e6d233bd35cf2fabdeb93fb0d,2026-07-04,262,34751514523,1.967,1978027,
past260,duoqm111,be6accba01d5e7dae345661dfae21f07efe8d04e6d233bd35cf2fabdeb93fb0d,2026-07-05,262,34751514523,1.967,,
past260,duoqm111,be6accba01d5e7dae345661dfae21f07efe8d04e6d233bd35cf2fabdeb93fb0d,2026-07-06,262,34751514523,1.967,,
past260,duoqm111,be6accba01d5e7dae345661dfae21f07efe8d04e6d233bd35cf2fabdeb93fb0d,2026-07-07,262,34751514523,1.967,,
past260,duoqm111,be6accba01d5e7dae345661dfae21f07efe8d04e6d233bd35cf2fabdeb93fb0d,2026-07-08,262,34751514523,1.967,,
past260,duoqm111,be6accba01d5e7dae345661dfae21f07efe8d04e6d233bd35cf2fabdeb93fb0d,2026-07-09,262,34751514523,1.967,,
past260,duoqm111,be6accba01d5e7dae345661dfae21f07efe8d04e6d233bd35cf2fabdeb93fb0d,2026-07-10,262,34751514523,1.967,,
past260,duoqm111,be6accba01d5e7dae345661dfae21f07efe8d04e6d233bd35cf2fabdeb93fb0d,2026-07-11,262,34751514523,1.967,,
past260,duoqm111,be6accba01d5e7dae345661dfae21f07efe8d04e6d233bd35cf2fabdeb93fb0d,2026-07-12,262,34751514523,1.967,1978027,
past260,duoqm111,be6accba01d5e7dae345661dfae21f07efe8d04e6d233bd35cf2fabdeb93fb0d,2026-07-13,262,34751514523,1.967,,
past260,duoqm111,be6accba01d5e7dae345661dfae21f07efe8d04e6d233bd35cf2fabdeb93fb0d,2026-07-14,262,34751514523,1.967,,
past260,duoqm111,be6accba01d5e7dae345661dfae21f07efe8d04e6d233bd35cf2fabdeb93fb0d,2026-07-15,262,34751514523,1.967,,
past260,duoqm111,be6accba01d5e7dae345661dfae21f07efe8d04e6d233bd35cf2fabdeb93fb0d,2026-07-16,262,34751514523,1.967,,
past260,duoqm111,be6accba01d5e7dae345661dfae21f07efe8d04e6d233bd35cf2fabdeb93fb0d,2026-07-17,262,34751514523,1.967,,
past260,duoqm111,be6accba01d5e7dae345661dfae21f07efe8d04e6d233bd35cf2fabdeb93fb0d,2026-07-18,262,34751514523,1.967,,
past260,duoqm111,be6accba01d5e7dae345661dfae21f07efe8d04e6d233bd35cf2fabdeb93fb0d,2026-07-19,262,34751514523,1.967,,
past260,duoqm111,be6accba01d5e7dae345661dfae21f07efe8d04e6d233bd35cf2fabdeb93fb0d,2026-07-20,262,34751514523,1.967,1978027,
past260,duoqm111,be6accba01d5e7dae345661dfae21f07efe8d04e6d233bd35cf2fabdeb93fb0d,2026-07-21,262,34751514523,1.967,,
past260,duoqm111,be6accba01d5e7dae345661dfae21f07efe8d04e6d233bd35cf2fabdeb93fb0d,2026-07-22,262,34751514523,1.967,,
past260,뒵귁귁,14adc9e51f502dd3a4414b66858e0edcefe8d04e6d233bd35cf2fabdeb93fb0d,2026-06-18,262,30467251432,1.724,0,
past260,뒵귁귁,14adc9e51f502dd3a4414b66858e0edcefe8d04e6d233bd35cf2fabdeb93fb0d,2026-06-19,262,30467251432,1.724,,
past260,뒵귁귁,14adc9e51f502dd3a4414b66858e0edcefe8d04e6d233bd35cf2fabdeb93fb0d,2026-06-20,262,30467251432,1.724,,
past260,뒵귁귁,14adc9e51f502dd3a4414b66858e0edcefe8d04e6d233bd35cf2fabdeb93fb0d,2026-06-21,262,30467251432,1.724,,
past260,뒵귁귁,14adc9e51f502dd3a4414b66858e0edcefe8d04e6d233bd35cf2fabdeb93fb0d,2026-06-22,262,30467251432,1.724,,
past260,뒵귁귁,14adc9e51f502dd3a4414b66858e0edcefe8d04e6d233bd35cf2fabdeb93fb0d,2026-06-23,262,30467251432,1.724,,
past260,뒵귁귁,14adc9e51f502dd3a4414b66858e0edcefe8d04e6d233bd35cf2fabdeb93fb0d,2026-06-24,262,30467251432,1.724,,
past260,뒵귁귁,14adc9e51f502dd3a4414b66858e0edcefe8d04e6d233bd35cf2fabdeb93fb0d,2026-06-25,262,30467251432,1.724,,
past260,뒵귁귁,14adc9e51f502dd3a4414b66858e0edcefe8d04e6d233bd35cf2fabdeb93fb0d,2026-06-26,262,30467251432,1.724,0,
past260,뒵귁귁,14adc9e51f502dd3a4414b66858e0edcefe8d04e6d233bd35cf2fabdeb93fb0d,2026-06-27,262,30467251432,1.724,,
past260,뒵귁귁,14adc9e51f502dd3a4414b66858e0edcefe8d04e6d233bd35cf2fabdeb93fb0d,2026-06-28,262,30467251432,1.724,,
past260,뒵귁귁,14adc9e51f502dd3a4414b66858e0edcefe8d04e6d233bd35cf2fabdeb93fb0d,2026-06-29,262,30467251432,1.724,,
past260,뒵귁귁,14adc9e51f502dd3a4414b66858e0edcefe8d04e6d233bd35cf2fabdeb93fb0d,2026-06-30,262,30467251432,1.724,,
past260,뒵귁귁,14adc9e51f502dd3a4414b66858e0edcefe8d04e6d233bd35cf2fabdeb93fb0d,2026-07-01,262,30467251432,1.724,,
past260,뒵귁귁,14adc9e51f502dd3a4414b66858e0edcefe8d04e6d233bd35cf2fabdeb93fb0d,2026-07-02,262,30467251432,1.724,,
past260,뒵귁귁,14adc9e51f502dd3a4414b66858e0edcefe8d04e6d233bd35cf2fabdeb93fb0d,2026-07-03,262,30467251432,1.724,,
past260,뒵귁귁,14adc9e51f502dd3a4414b66858e0edcefe8d04e6d233bd35cf2fabdeb93fb0d,2026-07-04,262,30467251432,1.724,0,
past260,뒵귁귁,14adc9e51f502dd3a4414b66858e0edcefe8d04e6d233bd35cf2fabdeb93fb0d,2026-07-05,262,30467251432,1.724,,
past260,뒵귁귁,14adc9e51f502dd3a4414b66858e0edcefe8d04e6d233bd35cf2fabdeb93fb0d,2026-07-06,262,30467251432,1.724,,
past260,뒵귁귁,14adc9e51f502dd3a4414b66858e0edcefe8d04e6d233bd35cf2fabdeb93fb0d,2026-07-07,262,30467251432,1.724,,
past260,뒵귁귁,14adc9e51f502dd3a4414b66858e0edcefe8d04e6d233bd35cf2fabdeb93fb0d,2026-07-08,262,30467251432,1.724,,
past260,뒵귁귁,14adc9e51f502dd3a4414b66858e0edcefe8d04e6d233bd35cf2fabdeb93fb0d,2026-07-09,262,30467251432,1.724,,
past260,뒵귁귁,14adc9e51f502dd3a4414b66858e0edcefe8d04e6d233bd35cf2fabdeb93fb0d,2026-07-10,262,30467251432,1.724,,
past260,뒵귁귁,14adc9e51f502dd3a4414b66858e0edcefe8d04e6d233bd35cf2fabdeb93fb0d,2026-07-11,262,30467251432,1.724,,
past260,뒵귁귁,14adc9e51f502dd3a4414b66858e0edcefe8d04e6d233bd35cf2fabdeb93fb0d,2026-07-12,262,30467251432,1.724,0,
past260,뒵귁귁,14adc9e51f502dd3a4414b66858e0edcefe8d04e6d233bd35cf2fabdeb93fb0d,2026-07-13,262,30467251432,1.724,,
past260,뒵귁귁,14adc9e51f502dd3a4414b66858e0edcefe8d04e6d233bd35cf2fabdeb93fb0d,2026-07-14,262,30467251432,1.724,,
past260,뒵귁귁,14adc9e51f502dd3a4414b66858e0edcefe8d04e6d233bd35cf2fabdeb93fb0d,2026-07-15,262,30467251432,1.724,,
past260,뒵귁귁,14adc9e51f502dd3a4414b66858e0edcefe8d04e6d233bd35cf2fabdeb93fb0d,2026-07-16,262,30467251432,1.724,,
past260,뒵귁귁,14adc9e51f502dd3a4414b66858e0edcefe8d04e6d233bd35cf2fabdeb93fb0d,2026-07-17,262,30467251432,1.724,,
past260,뒵귁귁,14adc9e51f502dd3a4414b66858e0edcefe8d04e6d233bd35cf2fabdeb93fb0d,2026-07-18,262,30467251432,1.724,,
past260,뒵귁귁,14adc9e51f502dd3a4414b66858e0edcefe8d04e6d233bd35cf2fabdeb93fb0d,2026-07-19,262,30467251432,1.724,,
past260,뒵귁귁,14adc9e51f502dd3a4414b66858e0edcefe8d04e6d233bd35cf2fabdeb93fb0d,2026-07-20,262,30467251432,1.724,0,
past260,뒵귁귁,14adc9e51f502dd3a4414b66858e0edcefe8d04e6d233bd35cf2fabdeb93fb0d,2026-07-21,262,30467251432,1.724,,
past260,뒵귁귁,14adc9e51f502dd3a4414b66858e0edcefe8d04e6d233bd35cf2fabdeb93fb0d,2026-07-22,262,30467251432,1.724,,
past260,별의울림,22fa89d61007810fc5eb1a548a45f176,2026-06-18,262,55983259148,3.169,25256388,
past260,별의울림,22fa89d61007810fc5eb1a548a45f176,2026-06-19,262,55983259148,3.169,,
past260,별의울림,22fa89d61007810fc5eb1a548a45f176,2026-06-20,262,55983259148,3.169,,
past260,별의울림,22fa89d61007810fc5eb1a548a45f176,2026-06-21,262,55983259148,3.169,,
past260,별의울림,22fa89d61007810fc5eb1a548a45f176,2026-06-22,262,55983259148,3.169,,
past260,별의울림,22fa89d61007810fc5eb1a548a45f176,2026-06-23,262,55983259148,3.169,,
past260,별의울림,22fa89d61007810fc5eb1a548a45f176,2026-06-24,262,55983259148,3.169,,
past260,별의울림,22fa89d61007810fc5eb1a548a45f176,2026-06-25,262,55983259148,3.169,,
past260,별의울림,22fa89d61007810fc5eb1a548a45f176,2026-06-26,262,55983259148,3.169,25256388,
past260,별의울림,22fa89d61007810fc5eb1a548a45f176,2026-06-27,262,55983259148,3.169,,
past260,별의울림,22fa89d61007810fc5eb1a548a45f176,2026-06-28,262,55983259148,3.169,,
past260,별의울림,22fa89d61007810fc5eb1a548a45f176,2026-06-29,262,55983259148,3.169,,
past260,별의울림,22fa89d61007810fc5eb1a548a45f176,2026-06-30,262,55983259148,3.169,,
past260,별의울림,22fa89d61007810fc5eb1a548a45f176,2026-07-01,262,55983259148,3.169,,
past260,별의울림,22fa89d61007810fc5eb1a548a45f176,2026-07-02,262,55983259148,3.169,,
past260,별의울림,22fa89d61007810fc5eb1a548a45f176,2026-07-03,262,55983259148,3.169,,
past260,별의울림,22fa89d61007810fc5eb1a548a45f176,2026-07-04,262,55983259148,3.169,25256388,
past260,별의울림,22fa89d61007810fc5eb1a548a45f176,2026-07-05,262,55983259148,3.169,,
past260,별의울림,22fa89d61007810fc5eb1a548a45f176,2026-07-06,262,55983259148,3.169,,
past260,별의울림,22fa89d61007810fc5eb1a548a45f176,2026-07-07,262,55983259148,3.169,,
past260,별의울림,22fa89d61007810fc5eb1a548a45f176,2026-07-08,262,55983259148,3.169,,
past260,별의울림,22fa89d61007810fc5eb1a548a45f176,2026-07-09,262,55983259148,3.169,,
past260,별의울림,22fa89d61007810fc5eb1a548a45f176,2026-07-10,262,55983259148,3.169,,
past260,별의울림,22fa89d61007810fc5eb1a548a45f176,2026-07-11,262,55983259148,3.169,,
past260,별의울림,22fa89d61007810fc5eb1a548a45f176,2026-07-12,262,55983259148,3.169,25256388,
past260,별의울림,22fa89d61007810fc5eb1a548a45f176,2026-07-13,262,55983259148,3.169,,
past260,별의울림,22fa89d61007810fc5eb1a548a45f176,2026-07-14,262,55983259148,3.169,,
past260,별의울림,22fa89d61007810fc5eb1a548a45f176,2026-07-15,262,55983259148,3.169,,
past260,별의울림,22fa89d61007810fc5eb1a548a45f176,2026-07-16,262,55983259148,3.169,,
past260,별의울림,22fa89d61007810fc5eb1a548a45f176,2026-07-17,262,55983259148,3.169,,
past260,별의울림,22fa89d61007810fc5eb1a548a45f176,2026-07-18,262,55983259148,3.169,,
past260,별의울림,22fa89d61007810fc5eb1a548a45f176,2026-07-19,262,55983259148,3.169,,
past260,별의울림,22fa89d61007810fc5eb1a548a45f176,2026-07-20,262,55983259148,3.169,25256388,
past260,별의울림,22fa89d61007810fc5eb1a548a45f176,2026-07-21,262,55983259148,3.169,,
past260,별의울림,22fa89d61007810fc5eb1a548a45f176,2026-07-22,262,55983259148,3.169,,
past260,츄델동산,3bb776aaa0e129fdffd1de823b43b0f2efe8d04e6d233bd35cf2fabdeb93fb0d,2026-06-18,262,24318219386,1.376,0,
past260,츄델동산,3bb776aaa0e129fdffd1de823b43b0f2efe8d04e6d233bd35cf2fabdeb93fb0d,2026-06-19,262,24318219386,1.376,,
past260,츄델동산,3bb776aaa0e129fdffd1de823b43b0f2efe8d04e6d233bd35cf2fabdeb93fb0d,2026-06-20,262,24318219386,1.376,,
past260,츄델동산,3bb776aaa0e129fdffd1de823b43b0f2efe8d04e6d233bd35cf2fabdeb93fb0d,2026-06-21,262,24318219386,1.376,,
past260,츄델동산,3bb776aaa0e129fdffd1de823b43b0f2efe8d04e6d233bd35cf2fabdeb93fb0d,2026-06-22,262,24318219386,1.376,,
past260,츄델동산,3bb776aaa0e129fdffd1de823b43b0f2efe8d04e6d233bd35cf2fabdeb93fb0d,2026-06-23,262,24318219386,1.376,,
past260,츄델동산,3bb776aaa0e129fdffd1de823b43b0f2efe8d04e6d233bd35cf2fabdeb93fb0d,2026-06-24,262,24318219386,1.376,,
past260,츄델동산,3bb776aaa0e129fdffd1de823b43b0f2efe8d04e6d233bd35cf2fabdeb93fb0d,2026-06-25,262,24318219386,1.376,,
past260,츄델동산,3bb776aaa0e129fdffd1de823b43b0f2efe8d04e6d233bd35cf2fabdeb93fb0d,2026-06-26,262,24318219386,1.376,0,
past260,츄델동산,3bb776aaa0e129fdffd1de823b43b0f2efe8d04e6d233bd35cf2fabdeb93fb0d,2026-06-27,262,24318219386,1.376,,
past260,츄델동산,3bb776aaa0e129fdffd1de823b43b0f2efe8d04e6d233bd35cf2fabdeb93fb0d,2026-06-28,262,24318219386,1.376,,
past260,츄델동산,3bb776aaa0e129fdffd1de823b43b0f2efe8d04e6d233bd35cf2fabdeb93fb0d,2026-06-29,262,24318219386,1.376,,
past260,츄델동산,3bb776aaa0e129fdffd1de823b43b0f2efe8d04e6d233bd35cf2fabdeb93fb0d,2026-06-30,262,24318219386,1.376,,
past260,츄델동산,3bb776aaa0e129fdffd1de823b43b0f2efe8d04e6d233bd35cf2fabdeb93fb0d,2026-07-01,262,24318219386,1.376,,
past260,츄델동산,3bb776aaa0e129fdffd1de823b43b0f2efe8d04e6d233bd35cf2fabdeb93fb0d,2026-07-02,262,24318219386,1.376,,
past260,츄델동산,3bb776aaa0e129fdffd1de823b43b0f2efe8d04e6d233bd35cf2fabdeb93fb0d,2026-07-03,262,24318219386,1.376,,
past260,츄델동산,3bb776aaa0e129fdffd1de823b43b0f2efe8d04e6d233bd35cf2fabdeb93fb0d,2026-07-04,262,24318219386,1.376,0,
past260,츄델동산,3bb776aaa0e129fdffd1de823b43b0f2efe8d04e6d233bd35cf2fabdeb93fb0d,2026-07-05,262,24318219386,1.376,,
past260,츄델동산,3bb776aaa0e129fdffd1de823b43b0f2efe8d04e6d233bd35cf2fabdeb93fb0d,2026-07-06,262,24318219386,1.376,,
past260,츄델동산,3bb776aaa0e129fdffd1de823b43b0f2efe8d04e6d233bd35cf2fabdeb93fb0d,2026-07-07,262,24318219386,1.376,,
past260,츄델동산,3bb776aaa0e129fdffd1de823b43b0f2efe8d04e6d233bd35cf2fabdeb93fb0d,2026-07-08,262,24318219386,1.376,,
past260,츄델동산,3bb776aaa0e129fdffd1de823b43b0f2efe8d04e6d233bd35cf2fabdeb93fb0d,2026-07-09,262,24318219386,1.376,,
past260,츄델동산,3bb776aaa0e129fdffd1de823b43b0f2efe8d04e6d233bd35cf2fabdeb93fb0d,2026-07-10,262,24318219386,1.376,,
past260,츄델동산,3bb776aaa0e129fdffd1de823b43b0f2efe8d04e6d233bd35cf2fabdeb93fb0d,2026-07-11,262,24318219386,1.376,,
past260,츄델동산,3bb776aaa0e129fdffd1de823b43b0f2efe8d04e6d233bd35cf2fabdeb93fb0d,2026-07-12,262,24318219386,1.376,0,
past260,츄델동산,3bb776aaa0e129fdffd1de823b43b0f2efe8d04e6d233bd35cf2fabdeb93fb0d,2026-07-13,262,24318219386,1.376,,
past260,츄델동산,3bb776aaa0e129fdffd1de823b43b0f2efe8d04e6d233bd35cf2fabdeb93fb0d,2026-07-14,262,24318219386,1.376,,
past260,츄델동산,3bb776aaa0e129fdffd1de823b43b0f2efe8d04e6d233bd35cf2fabdeb93fb0d,2026-07-15,262,24318219386,1.376,,
past260,츄델동산,3bb776aaa0e129fdffd1de823b43b0f2efe8d04e6d233bd35cf2fabdeb93fb0d,2026-07-16,262,24318219386,1.376,,
past260,츄델동산,3bb776aaa0e129fdffd1de823b43b0f2efe8d04e6d233bd35cf2fabdeb93fb0d,2026-07-17,262,24318219386,1.376,,
past260,츄델동산,3bb776aaa0e129fdffd1de823b43b0f2efe8d04e6d233bd35cf2fabdeb93fb0d,2026-07-18,262,24318219386,1.376,,
past260,츄델동산,3bb776aaa0e129fdffd1de823b43b0f2efe8d04e6d233bd35cf2fabdeb93fb0d,2026-07-19,262,24318219386,1.376,,
past260,츄델동산,3bb776aaa0e129fdffd1de823b43b0f2efe8d04e6d233bd35cf2fabdeb93fb0d,2026-07-20,262,24318219386,1.376,0,
past260,츄델동산,3bb776aaa0e129fdffd1de823b43b0f2efe8d04e6d233bd35cf2fabdeb93fb0d,2026-07-21,262,24318219386,1.376,,
past260,츄델동산,3bb776aaa0e129fdffd1de823b43b0f2efe8d04e6d233bd35cf2fabdeb93fb0d,2026-07-22,262,24318219386,1.376,,
past260,산야루,6b1a14be4380cf7d778517123b0ca0cd,2026-06-18,262,20625230782,1.167,2193,
past260,산야루,6b1a14be4380cf7d778517123b0ca0cd,2026-06-19,262,20625230782,1.167,,
past260,산야루,6b1a14be4380cf7d778517123b0ca0cd,2026-06-20,262,20625230782,1.167,,
past260,산야루,6b1a14be4380cf7d778517123b0ca0cd,2026-06-21,262,20625230782,1.167,,
past260,산야루,6b1a14be4380cf7d778517123b0ca0cd,2026-06-22,262,20625230782,1.167,,
past260,산야루,6b1a14be4380cf7d778517123b0ca0cd,2026-06-23,262,20625230782,1.167,,
past260,산야루,6b1a14be4380cf7d778517123b0ca0cd,2026-06-24,262,20625230782,1.167,,
past260,산야루,6b1a14be4380cf7d778517123b0ca0cd,2026-06-25,262,20625230782,1.167,,
past260,산야루,6b1a14be4380cf7d778517123b0ca0cd,2026-06-26,262,20625230782,1.167,2193,
past260,산야루,6b1a14be4380cf7d778517123b0ca0cd,2026-06-27,262,20625230782,1.167,,
past260,산야루,6b1a14be4380cf7d778517123b0ca0cd,2026-06-28,262,20625230782,1.167,,
past260,산야루,6b1a14be4380cf7d778517123b0ca0cd,2026-06-29,262,20625230782,1.167,,
past260,산야루,6b1a14be4380cf7d778517123b0ca0cd,2026-06-30,262,20625230782,1.167,,
past260,산야루,6b1a14be4380cf7d778517123b0ca0cd,2026-07-01,262,20625230782,1.167,,
past260,산야루,6b1a14be4380cf7d778517123b0ca0cd,2026-07-02,262,20625230782,1.167,,
past260,산야루,6b1a14be4380cf7d778517123b0ca0cd,2026-07-03,262,20625230782,1.167,,
past260,산야루,6b1a14be4380cf7d778517123b0ca0cd,2026-07-04,262,20625230782,1.167,2193,
past260,산야루,6b1a14be4380cf7d778517123b0ca0cd,2026-07-05,262,20625230782,1.167,,
past260,산야루,6b1a14be4380cf7d778517123b0ca0cd,2026-07-06,262,20625230782,1.167,,
past260,산야루,6b1a14be4380cf7d778517123b0ca0cd,2026-07-07,262,20625230782,1.167,,
past260,산야루,6b1a14be4380cf7d778517123b0ca0cd,2026-07-08,262,20625230782,1.167,,
past260,산야루,6b1a14be4380cf7d778517123b0ca0cd,2026-07-09,262,20625230782,1.167,,
past260,산야루,6b1a14be4380cf7d778517123b0ca0cd,2026-07-10,262,20625230782,1.167,,
past260,산야루,6b1a14be4380cf7d778517123b0ca0cd,2026-07-11,262,20625230782,1.167,,
past260,산야루,6b1a14be4380cf7d778517123b0ca0cd,2026-07-12,262,20625230782,1.167,2193,
past260,산야루,6b1a14be4380cf7d778517123b0ca0cd,2026-07-13,262,20625230782,1.167,,
past260,산야루,6b1a14be4380cf7d778517123b0ca0cd,2026-07-14,262,20625230782,1.167,,
past260,산야루,6b1a14be4380cf7d778517123b0ca0cd,2026-07-15,262,20625230782,1.167,,
past260,산야루,6b1a14be4380cf7d778517123b0ca0cd,2026-07-16,262,20625230782,1.167,,
past260,산야루,6b1a14be4380cf7d778517123b0ca0cd,2026-07-17,262,20625230782,1.167,,
past260,산야루,6b1a14be4380cf7d778517123b0ca0cd,2026-07-18,262,20625230782,1.167,,
past260,산야루,6b1a14be4380cf7d778517123b0ca0cd,2026-07-19,262,20625230782,1.167,,
past260,산야루,6b1a14be4380cf7d778517123b0ca0cd,2026-07-20,262,20625230782,1.167,2193,
past260,산야루,6b1a14be4380cf7d778517123b0ca0cd,2026-07-21,262,20625230782,1.167,,
past260,산야루,6b1a14be4380cf7d778517123b0ca0cd,2026-07-22,262,20625230782,1.167,,
past260,프로위저드,b4dd6666872582e2939af2eaffe6e338,2026-06-18,262,29926665901,1.694,9654354,
past260,프로위저드,b4dd6666872582e2939af2eaffe6e338,2026-06-19,262,29926665901,1.694,,
past260,프로위저드,b4dd6666872582e2939af2eaffe6e338,2026-06-20,262,29926665901,1.694,,
past260,프로위저드,b4dd6666872582e2939af2eaffe6e338,2026-06-21,262,29926665901,1.694,,
past260,프로위저드,b4dd6666872582e2939af2eaffe6e338,2026-06-22,262,29926665901,1.694,,
past260,프로위저드,b4dd6666872582e2939af2eaffe6e338,2026-06-23,262,29926665901,1.694,,
past260,프로위저드,b4dd6666872582e2939af2eaffe6e338,2026-06-24,262,30002290584,1.698,,
past260,프로위저드,b4dd6666872582e2939af2eaffe6e338,2026-06-25,262,30002290584,1.698,,
past260,프로위저드,b4dd6666872582e2939af2eaffe6e338,2026-06-26,262,30002290584,1.698,9839270,
past260,프로위저드,b4dd6666872582e2939af2eaffe6e338,2026-06-27,262,30002290584,1.698,,
past260,프로위저드,b4dd6666872582e2939af2eaffe6e338,2026-06-28,262,30002290584,1.698,,
past260,프로위저드,b4dd6666872582e2939af2eaffe6e338,2026-06-29,262,30002290584,1.698,,
past260,프로위저드,b4dd6666872582e2939af2eaffe6e338,2026-06-30,262,30002290584,1.698,,
past260,프로위저드,b4dd6666872582e2939af2eaffe6e338,2026-07-01,262,30087321372,1.703,,
past260,프로위저드,b4dd6666872582e2939af2eaffe6e338,2026-07-02,262,30087321372,1.703,,
past260,프로위저드,b4dd6666872582e2939af2eaffe6e338,2026-07-03,262,30087321372,1.703,,
past260,프로위저드,b4dd6666872582e2939af2eaffe6e338,2026-07-04,262,30087321372,1.703,9684677,
past260,프로위저드,b4dd6666872582e2939af2eaffe6e338,2026-07-05,262,30087321372,1.703,,
past260,프로위저드,b4dd6666872582e2939af2eaffe6e338,2026-07-06,262,30087321372,1.703,,
past260,프로위저드,b4dd6666872582e2939af2eaffe6e338,2026-07-07,262,30087321372,1.703,,
past260,프로위저드,b4dd6666872582e2939af2eaffe6e338,2026-07-08,262,30087321372,1.703,,
past260,프로위저드,b4dd6666872582e2939af2eaffe6e338,2026-07-09,262,30087321372,1.703,,
past260,프로위저드,b4dd6666872582e2939af2eaffe6e338,2026-07-10,262,30162635646,1.707,,
past260,프로위저드,b4dd6666872582e2939af2eaffe6e338,2026-07-11,262,30162635646,1.707,,
past260,프로위저드,b4dd6666872582e2939af2eaffe6e338,2026-07-12,262,30162635646,1.707,9338766,
past260,프로위저드,b4dd6666872582e2939af2eaffe6e338,2026-07-13,262,30162635646,1.707,,
past260,프로위저드,b4dd6666872582e2939af2eaffe6e338,2026-07-14,262,30162635646,1.707,,
past260,프로위저드,b4dd6666872582e2939af2eaffe6e338,2026-07-15,262,30162635646,1.707,,
past260,프로위저드,b4dd6666872582e2939af2eaffe6e338,2026-07-16,262,30162635646,1.707,,
past260,프로위저드,b4dd6666872582e2939af2eaffe6e338,2026-07-17,262,30162635646,1.707,,
past260,프로위저드,b4dd6666872582e2939af2eaffe6e338,2026-07-18,262,30162635646,1.707,,
past260,프로위저드,b4dd6666872582e2939af2eaffe6e338,2026-07-19,262,30162635646,1.707,,
past260,프로위저드,b4dd6666872582e2939af2eaffe6e338,2026-07-20,262,30162635646,1.707,9338766,
past260,프로위저드,b4dd6666872582e2939af2eaffe6e338,2026-07-21,262,30162635646,1.707,,
past260,프로위저드,b4dd6666872582e2939af2eaffe6e338,2026-07-22,262,30238366880,1.712,,
past260,쿠스보마,ee45efa190e409cecd3bd5042c7b585befe8d04e6d233bd35cf2fabdeb93fb0d,2026-06-18,262,20118171766,1.139,2907537,
past260,쿠스보마,ee45efa190e409cecd3bd5042c7b585befe8d04e6d233bd35cf2fabdeb93fb0d,2026-06-19,262,20118171766,1.139,,
past260,쿠스보마,ee45efa190e409cecd3bd5042c7b585befe8d04e6d233bd35cf2fabdeb93fb0d,2026-06-20,262,20118171766,1.139,,
past260,쿠스보마,ee45efa190e409cecd3bd5042c7b585befe8d04e6d233bd35cf2fabdeb93fb0d,2026-06-21,262,20118171766,1.139,,
past260,쿠스보마,ee45efa190e409cecd3bd5042c7b585befe8d04e6d233bd35cf2fabdeb93fb0d,2026-06-22,262,20118171766,1.139,,
past260,쿠스보마,ee45efa190e409cecd3bd5042c7b585befe8d04e6d233bd35cf2fabdeb93fb0d,2026-06-23,262,20118171766,1.139,,
past260,쿠스보마,ee45efa190e409cecd3bd5042c7b585befe8d04e6d233bd35cf2fabdeb93fb0d,2026-06-24,262,20118171766,1.139,,
past260,쿠스보마,ee45efa190e409cecd3bd5042c7b585befe8d04e6d233bd35cf2fabdeb93fb0d,2026-06-25,262,20118171766,1.139,,
past260,쿠스보마,ee45efa190e409cecd3bd5042c7b585befe8d04e6d233bd35cf2fabdeb93fb0d,2026-06-26,262,20118171766,1.139,2907537,
past260,쿠스보마,ee45efa190e409cecd3bd5042c7b585befe8d04e6d233bd35cf2fabdeb93fb0d,2026-06-27,262,20118171766,1.139,,
past260,쿠스보마,ee45efa190e409cecd3bd5042c7b585befe8d04e6d233bd35cf2fabdeb93fb0d,2026-06-28,262,20118171766,1.139,,
past260,쿠스보마,ee45efa190e409cecd3bd5042c7b585befe8d04e6d233bd35cf2fabdeb93fb0d,2026-06-29,262,20118171766,1.139,,
past260,쿠스보마,ee45efa190e409cecd3bd5042c7b585befe8d04e6d233bd35cf2fabdeb93fb0d,2026-06-30,262,20118171766,1.139,,
past260,쿠스보마,ee45efa190e409cecd3bd5042c7b585befe8d04e6d233bd35cf2fabdeb93fb0d,2026-07-01,262,20118171766,1.139,,
past260,쿠스보마,ee45efa190e409cecd3bd5042c7b585befe8d04e6d233bd35cf2fabdeb93fb0d,2026-07-02,262,20118171766,1.139,,
past260,쿠스보마,ee45efa190e409cecd3bd5042c7b585befe8d04e6d233bd35cf2fabdeb93fb0d,2026-07-03,262,20118171766,1.139,,
past260,쿠스보마,ee45efa190e409cecd3bd5042c7b585befe8d04e6d233bd35cf2fabdeb93fb0d,2026-07-04,262,20118171766,1.139,2907537,
past260,쿠스보마,ee45efa190e409cecd3bd5042c7b585befe8d04e6d233bd35cf2fabdeb93fb0d,2026-07-05,262,20118171766,1.139,,
past260,쿠스보마,ee45efa190e409cecd3bd5042c7b585befe8d04e6d233bd35cf2fabdeb93fb0d,2026-07-06,262,20118171766,1.139,,
past260,쿠스보마,ee45efa190e409cecd3bd5042c7b585befe8d04e6d233bd35cf2fabdeb93fb0d,2026-07-07,262,20118171766,1.139,,
past260,쿠스보마,ee45efa190e409cecd3bd5042c7b585befe8d04e6d233bd35cf2fabdeb93fb0d,2026-07-08,262,20118171766,1.139,,
past260,쿠스보마,ee45efa190e409cecd3bd5042c7b585befe8d04e6d233bd35cf2fabdeb93fb0d,2026-07-09,262,20118171766,1.139,,
past260,쿠스보마,ee45efa190e409cecd3bd5042c7b585befe8d04e6d233bd35cf2fabdeb93fb0d,2026-07-10,262,20118171766,1.139,,
past260,쿠스보마,ee45efa190e409cecd3bd5042c7b585befe8d04e6d233bd35cf2fabdeb93fb0d,2026-07-11,262,20118171766,1.139,,
past260,쿠스보마,ee45efa190e409cecd3bd5042c7b585befe8d04e6d233bd35cf2fabdeb93fb0d,2026-07-12,262,20118171766,1.139,2907537,
past260,쿠스보마,ee45efa190e409cecd3bd5042c7b585befe8d04e6d233bd35cf2fabdeb93fb0d,2026-07-13,262,20118171766,1.139,,
past260,쿠스보마,ee45efa190e409cecd3bd5042c7b585befe8d04e6d233bd35cf2fabdeb93fb0d,2026-07-14,262,20118171766,1.139,,
past260,쿠스보마,ee45efa190e409cecd3bd5042c7b585befe8d04e6d233bd35cf2fabdeb93fb0d,2026-07-15,262,20118171766,1.139,,
past260,쿠스보마,ee45efa190e409cecd3bd5042c7b585befe8d04e6d233bd35cf2fabdeb93fb0d,2026-07-16,262,20118171766,1.139,,
past260,쿠스보마,ee45efa190e409cecd3bd5042c7b585befe8d04e6d233bd35cf2fabdeb93fb0d,2026-07-17,262,20118171766,1.139,,
past260,쿠스보마,ee45efa190e409cecd3bd5042c7b585befe8d04e6d233bd35cf2fabdeb93fb0d,2026-07-18,262,20118171766,1.139,,
past260,쿠스보마,ee45efa190e409cecd3bd5042c7b585befe8d04e6d233bd35cf2fabdeb93fb0d,2026-07-19,262,20118171766,1.139,,
past260,쿠스보마,ee45efa190e409cecd3bd5042c7b585befe8d04e6d233bd35cf2fabdeb93fb0d,2026-07-20,262,20118171766,1.139,2907537,
past260,쿠스보마,ee45efa190e409cecd3bd5042c7b585befe8d04e6d233bd35cf2fabdeb93fb0d,2026-07-21,262,20118171766,1.139,,
past260,쿠스보마,ee45efa190e409cecd3bd5042c7b585befe8d04e6d233bd35cf2fabdeb93fb0d,2026-07-22,262,20118171766,1.139,,
past260,지리산볼리베,5ad2cdaa230f863dc888830269490662,2026-06-18,262,55293175718,3.130,8144368,
past260,지리산볼리베,5ad2cdaa230f863dc888830269490662,2026-06-19,262,55293175718,3.130,,
past260,지리산볼리베,5ad2cdaa230f863dc888830269490662,2026-06-20,262,55293175718,3.130,,
past260,지리산볼리베,5ad2cdaa230f863dc888830269490662,2026-06-21,262,55293175718,3.130,,
past260,지리산볼리베,5ad2cdaa230f863dc888830269490662,2026-06-22,262,55293175718,3.130,,
past260,지리산볼리베,5ad2cdaa230f863dc888830269490662,2026-06-23,262,55293175718,3.130,,
past260,지리산볼리베,5ad2cdaa230f863dc888830269490662,2026-06-24,262,55293175718,3.130,,
past260,지리산볼리베,5ad2cdaa230f863dc888830269490662,2026-06-25,262,55293175718,3.130,,
past260,지리산볼리베,5ad2cdaa230f863dc888830269490662,2026-06-26,262,55293175718,3.130,8144368,
past260,지리산볼리베,5ad2cdaa230f863dc888830269490662,2026-06-27,262,55293175718,3.130,,
past260,지리산볼리베,5ad2cdaa230f863dc888830269490662,2026-06-28,262,55293175718,3.130,,
past260,지리산볼리베,5ad2cdaa230f863dc888830269490662,2026-06-29,262,55293175718,3.130,,
past260,지리산볼리베,5ad2cdaa230f863dc888830269490662,2026-06-30,262,55293175718,3.130,,
past260,지리산볼리베,5ad2cdaa230f863dc888830269490662,2026-07-01,262,55293175718,3.130,,
past260,지리산볼리베,5ad2cdaa230f863dc888830269490662,2026-07-02,262,55293175718,3.130,,
past260,지리산볼리베,5ad2cdaa230f863dc888830269490662,2026-07-03,262,55293175718,3.130,,
past260,지리산볼리베,5ad2cdaa230f863dc888830269490662,2026-07-04,262,55293175718,3.130,8144368,
past260,지리산볼리베,5ad2cdaa230f863dc888830269490662,2026-07-05,262,55293175718,3.130,,
past260,지리산볼리베,5ad2cdaa230f863dc888830269490662,2026-07-06,262,55293175718,3.130,,
past260,지리산볼리베,5ad2cdaa230f863dc888830269490662,2026-07-07,262,55293175718,3.130,,
past260,지리산볼리베,5ad2cdaa230f863dc888830269490662,2026-07-08,262,55293175718,3.130,,
past260,지리산볼리베,5ad2cdaa230f863dc888830269490662,2026-07-09,262,55293175718,3.130,,
past260,지리산볼리베,5ad2cdaa230f863dc888830269490662,2026-07-10,262,55293175718,3.130,,
past260,지리산볼리베,5ad2cdaa230f863dc888830269490662,2026-07-11,262,55293175718,3.130,,
past260,지리산볼리베,5ad2cdaa230f863dc888830269490662,2026-07-12,262,55293175718,3.130,8144368,
past260,지리산볼리베,5ad2cdaa230f863dc888830269490662,2026-07-13,262,55293175718,3.130,,
past260,지리산볼리베,5ad2cdaa230f863dc888830269490662,2026-07-14,262,55293175718,3.130,,
past260,지리산볼리베,5ad2cdaa230f863dc888830269490662,2026-07-15,262,55293175718,3.130,,
past260,지리산볼리베,5ad2cdaa230f863dc888830269490662,2026-07-16,262,55293175718,3.130,,
past260,지리산볼리베,5ad2cdaa230f863dc888830269490662,2026-07-17,262,55293175718,3.130,,
past260,지리산볼리베,5ad2cdaa230f863dc888830269490662,2026-07-18,262,55293175718,3.130,,
past260,지리산볼리베,5ad2cdaa230f863dc888830269490662,2026-07-19,262,55293175718,3.130,,
past260,지리산볼리베,5ad2cdaa230f863dc888830269490662,2026-07-20,262,55293175718,3.130,8144368,
past260,지리산볼리베,5ad2cdaa230f863dc888830269490662,2026-07-21,262,55293175718,3.130,,
past260,지리산볼리베,5ad2cdaa230f863dc888830269490662,2026-07-22,262,55293175718,3.130,,
past260,로스얜젤레스,e32e25899fced8e3d3d720d0ca86e2d4,2026-06-18,,,,,http_400
past260,로스얜젤레스,e32e25899fced8e3d3d720d0ca86e2d4,2026-06-19,,,,,http_400
past260,로스얜젤레스,e32e25899fced8e3d3d720d0ca86e2d4,2026-06-20,,,,,http_400
past260,로스얜젤레스,e32e25899fced8e3d3d720d0ca86e2d4,2026-06-21,,,,,http_400
past260,로스얜젤레스,e32e25899fced8e3d3d720d0ca86e2d4,2026-06-22,,,,,http_400
past260,로스얜젤레스,e32e25899fced8e3d3d720d0ca86e2d4,2026-06-23,,,,,http_400
past260,로스얜젤레스,e32e25899fced8e3d3d720d0ca86e2d4,2026-06-24,,,,,http_400
past260,로스얜젤레스,e32e25899fced8e3d3d720d0ca86e2d4,2026-06-25,,,,,http_400
past260,로스얜젤레스,e32e25899fced8e3d3d720d0ca86e2d4,2026-06-26,,,,,http_400
past260,로스얜젤레스,e32e25899fced8e3d3d720d0ca86e2d4,2026-06-27,,,,,http_400
past260,로스얜젤레스,e32e25899fced8e3d3d720d0ca86e2d4,2026-06-28,,,,,http_400
past260,로스얜젤레스,e32e25899fced8e3d3d720d0ca86e2d4,2026-06-29,,,,,http_400
past260,로스얜젤레스,e32e25899fced8e3d3d720d0ca86e2d4,2026-06-30,,,,,http_400
past260,로스얜젤레스,e32e25899fced8e3d3d720d0ca86e2d4,2026-07-01,,,,,http_400
past260,로스얜젤레스,e32e25899fced8e3d3d720d0ca86e2d4,2026-07-02,,,,,http_400
past260,로스얜젤레스,e32e25899fced8e3d3d720d0ca86e2d4,2026-07-03,,,,,http_400
past260,로스얜젤레스,e32e25899fced8e3d3d720d0ca86e2d4,2026-07-04,,,,,http_400
past260,로스얜젤레스,e32e25899fced8e3d3d720d0ca86e2d4,2026-07-05,,,,,http_400
past260,로스얜젤레스,e32e25899fced8e3d3d720d0ca86e2d4,2026-07-06,,,,,http_400
past260,로스얜젤레스,e32e25899fced8e3d3d720d0ca86e2d4,2026-07-07,,,,,http_400
past260,로스얜젤레스,e32e25899fced8e3d3d720d0ca86e2d4,2026-07-08,,,,,http_400
past260,로스얜젤레스,e32e25899fced8e3d3d720d0ca86e2d4,2026-07-09,,,,,http_400
past260,로스얜젤레스,e32e25899fced8e3d3d720d0ca86e2d4,2026-07-10,,,,,http_400
past260,로스얜젤레스,e32e25899fced8e3d3d720d0ca86e2d4,2026-07-11,,,,,http_400
past260,로스얜젤레스,e32e25899fced8e3d3d720d0ca86e2d4,2026-07-12,,,,,http_400
past260,로스얜젤레스,e32e25899fced8e3d3d720d0ca86e2d4,2026-07-13,,,,,http_400
past260,로스얜젤레스,e32e25899fced8e3d3d720d0ca86e2d4,2026-07-14,,,,,http_400
past260,로스얜젤레스,e32e25899fced8e3d3d720d0ca86e2d4,2026-07-15,,,,,http_400
past260,로스얜젤레스,e32e25899fced8e3d3d720d0ca86e2d4,2026-07-16,,,,,http_400
past260,로스얜젤레스,e32e25899fced8e3d3d720d0ca86e2d4,2026-07-17,,,,,http_400
past260,로스얜젤레스,e32e25899fced8e3d3d720d0ca86e2d4,2026-07-18,,,,,http_400
past260,로스얜젤레스,e32e25899fced8e3d3d720d0ca86e2d4,2026-07-19,,,,,http_400
past260,로스얜젤레스,e32e25899fced8e3d3d720d0ca86e2d4,2026-07-20,,,,,http_400
past260,로스얜젤레스,e32e25899fced8e3d3d720d0ca86e2d4,2026-07-21,,,,,http_400
past260,로스얜젤레스,e32e25899fced8e3d3d720d0ca86e2d4,2026-07-22,,,,,http_400
past260,돐부,bc89b173f4d25e3709b9365bd4bd96b4efe8d04e6d233bd35cf2fabdeb93fb0d,2026-06-18,262,32530469134,1.841,3312990,
past260,돐부,bc89b173f4d25e3709b9365bd4bd96b4efe8d04e6d233bd35cf2fabdeb93fb0d,2026-06-19,262,32530469134,1.841,,
past260,돐부,bc89b173f4d25e3709b9365bd4bd96b4efe8d04e6d233bd35cf2fabdeb93fb0d,2026-06-20,262,32530469134,1.841,,
past260,돐부,bc89b173f4d25e3709b9365bd4bd96b4efe8d04e6d233bd35cf2fabdeb93fb0d,2026-06-21,262,32530469134,1.841,,
past260,돐부,bc89b173f4d25e3709b9365bd4bd96b4efe8d04e6d233bd35cf2fabdeb93fb0d,2026-06-22,262,32530469134,1.841,,
past260,돐부,bc89b173f4d25e3709b9365bd4bd96b4efe8d04e6d233bd35cf2fabdeb93fb0d,2026-06-23,262,32530469134,1.841,,
past260,돐부,bc89b173f4d25e3709b9365bd4bd96b4efe8d04e6d233bd35cf2fabdeb93fb0d,2026-06-24,262,32530469134,1.841,,
past260,돐부,bc89b173f4d25e3709b9365bd4bd96b4efe8d04e6d233bd35cf2fabdeb93fb0d,2026-06-25,262,32530469134,1.841,,
past260,돐부,bc89b173f4d25e3709b9365bd4bd96b4efe8d04e6d233bd35cf2fabdeb93fb0d,2026-06-26,262,32530469134,1.841,3312990,
past260,돐부,bc89b173f4d25e3709b9365bd4bd96b4efe8d04e6d233bd35cf2fabdeb93fb0d,2026-06-27,262,32530469134,1.841,,
past260,돐부,bc89b173f4d25e3709b9365bd4bd96b4efe8d04e6d233bd35cf2fabdeb93fb0d,2026-06-28,262,32530469134,1.841,,
past260,돐부,bc89b173f4d25e3709b9365bd4bd96b4efe8d04e6d233bd35cf2fabdeb93fb0d,2026-06-29,262,32530469134,1.841,,
past260,돐부,bc89b173f4d25e3709b9365bd4bd96b4efe8d04e6d233bd35cf2fabdeb93fb0d,2026-06-30,262,32530469134,1.841,,
past260,돐부,bc89b173f4d25e3709b9365bd4bd96b4efe8d04e6d233bd35cf2fabdeb93fb0d,2026-07-01,262,32530469134,1.841,,
past260,돐부,bc89b173f4d25e3709b9365bd4bd96b4efe8d04e6d233bd35cf2fabdeb93fb0d,2026-07-02,262,32530469134,1.841,,
past260,돐부,bc89b173f4d25e3709b9365bd4bd96b4efe8d04e6d233bd35cf2fabdeb93fb0d,2026-07-03,262,32530469134,1.841,,
past260,돐부,bc89b173f4d25e3709b9365bd4bd96b4efe8d04e6d233bd35cf2fabdeb93fb0d,2026-07-04,262,32530469134,1.841,3312990,
past260,돐부,bc89b173f4d25e3709b9365bd4bd96b4efe8d04e6d233bd35cf2fabdeb93fb0d,2026-07-05,262,32530469134,1.841,,
past260,돐부,bc89b173f4d25e3709b9365bd4bd96b4efe8d04e6d233bd35cf2fabdeb93fb0d,2026-07-06,262,32530469134,1.841,,
past260,돐부,bc89b173f4d25e3709b9365bd4bd96b4efe8d04e6d233bd35cf2fabdeb93fb0d,2026-07-07,262,32530469134,1.841,,
past260,돐부,bc89b173f4d25e3709b9365bd4bd96b4efe8d04e6d233bd35cf2fabdeb93fb0d,2026-07-08,262,32530469134,1.841,,
past260,돐부,bc89b173f4d25e3709b9365bd4bd96b4efe8d04e6d233bd35cf2fabdeb93fb0d,2026-07-09,262,32530469134,1.841,,
past260,돐부,bc89b173f4d25e3709b9365bd4bd96b4efe8d04e6d233bd35cf2fabdeb93fb0d,2026-07-10,262,32530469134,1.841,,
past260,돐부,bc89b173f4d25e3709b9365bd4bd96b4efe8d04e6d233bd35cf2fabdeb93fb0d,2026-07-11,262,32530469134,1.841,,
past260,돐부,bc89b173f4d25e3709b9365bd4bd96b4efe8d04e6d233bd35cf2fabdeb93fb0d,2026-07-12,262,32530469134,1.841,3312990,
past260,돐부,bc89b173f4d25e3709b9365bd4bd96b4efe8d04e6d233bd35cf2fabdeb93fb0d,2026-07-13,262,32530469134,1.841,,
past260,돐부,bc89b173f4d25e3709b9365bd4bd96b4efe8d04e6d233bd35cf2fabdeb93fb0d,2026-07-14,262,32530469134,1.841,,
past260,돐부,bc89b173f4d25e3709b9365bd4bd96b4efe8d04e6d233bd35cf2fabdeb93fb0d,2026-07-15,262,32530469134,1.841,,
past260,돐부,bc89b173f4d25e3709b9365bd4bd96b4efe8d04e6d233bd35cf2fabdeb93fb0d,2026-07-16,262,32530469134,1.841,,
past260,돐부,bc89b173f4d25e3709b9365bd4bd96b4efe8d04e6d233bd35cf2fabdeb93fb0d,2026-07-17,262,32530469134,1.841,,
past260,돐부,bc89b173f4d25e3709b9365bd4bd96b4efe8d04e6d233bd35cf2fabdeb93fb0d,2026-07-18,262,32530469134,1.841,,
past260,돐부,bc89b173f4d25e3709b9365bd4bd96b4efe8d04e6d233bd35cf2fabdeb93fb0d,2026-07-19,262,32530469134,1.841,,
past260,돐부,bc89b173f4d25e3709b9365bd4bd96b4efe8d04e6d233bd35cf2fabdeb93fb0d,2026-07-20,262,32530469134,1.841,3312990,
past260,돐부,bc89b173f4d25e3709b9365bd4bd96b4efe8d04e6d233bd35cf2fabdeb93fb0d,2026-07-21,262,32530469134,1.841,,
past260,돐부,bc89b173f4d25e3709b9365bd4bd96b4efe8d04e6d233bd35cf2fabdeb93fb0d,2026-07-22,262,32530469134,1.841,,
past260,뇌용량24cc,fb0b512f48ff3e419016e3863822ea97efe8d04e6d233bd35cf2fabdeb93fb0d,2026-06-18,262,50016882915,2.831,5764084,
past260,뇌용량24cc,fb0b512f48ff3e419016e3863822ea97efe8d04e6d233bd35cf2fabdeb93fb0d,2026-06-19,262,50016882915,2.831,,
past260,뇌용량24cc,fb0b512f48ff3e419016e3863822ea97efe8d04e6d233bd35cf2fabdeb93fb0d,2026-06-20,262,50016882915,2.831,,
past260,뇌용량24cc,fb0b512f48ff3e419016e3863822ea97efe8d04e6d233bd35cf2fabdeb93fb0d,2026-06-21,262,50016882915,2.831,,
past260,뇌용량24cc,fb0b512f48ff3e419016e3863822ea97efe8d04e6d233bd35cf2fabdeb93fb0d,2026-06-22,262,50016882915,2.831,,
past260,뇌용량24cc,fb0b512f48ff3e419016e3863822ea97efe8d04e6d233bd35cf2fabdeb93fb0d,2026-06-23,262,50016882915,2.831,,
past260,뇌용량24cc,fb0b512f48ff3e419016e3863822ea97efe8d04e6d233bd35cf2fabdeb93fb0d,2026-06-24,262,50016882915,2.831,,
past260,뇌용량24cc,fb0b512f48ff3e419016e3863822ea97efe8d04e6d233bd35cf2fabdeb93fb0d,2026-06-25,262,50016882915,2.831,,
past260,뇌용량24cc,fb0b512f48ff3e419016e3863822ea97efe8d04e6d233bd35cf2fabdeb93fb0d,2026-06-26,262,50016882915,2.831,5764084,
past260,뇌용량24cc,fb0b512f48ff3e419016e3863822ea97efe8d04e6d233bd35cf2fabdeb93fb0d,2026-06-27,262,50016882915,2.831,,
past260,뇌용량24cc,fb0b512f48ff3e419016e3863822ea97efe8d04e6d233bd35cf2fabdeb93fb0d,2026-06-28,262,50016882915,2.831,,
past260,뇌용량24cc,fb0b512f48ff3e419016e3863822ea97efe8d04e6d233bd35cf2fabdeb93fb0d,2026-06-29,262,50016882915,2.831,,
past260,뇌용량24cc,fb0b512f48ff3e419016e3863822ea97efe8d04e6d233bd35cf2fabdeb93fb0d,2026-06-30,262,50016882915,2.831,,
past260,뇌용량24cc,fb0b512f48ff3e419016e3863822ea97efe8d04e6d233bd35cf2fabdeb93fb0d,2026-07-01,262,50016882915,2.831,,
past260,뇌용량24cc,fb0b512f48ff3e419016e3863822ea97efe8d04e6d233bd35cf2fabdeb93fb0d,2026-07-02,262,50016882915,2.831,,
past260,뇌용량24cc,fb0b512f48ff3e419016e3863822ea97efe8d04e6d233bd35cf2fabdeb93fb0d,2026-07-03,262,50016882915,2.831,,
past260,뇌용량24cc,fb0b512f48ff3e419016e3863822ea97efe8d04e6d233bd35cf2fabdeb93fb0d,2026-07-04,262,50016882915,2.831,5764084,
past260,뇌용량24cc,fb0b512f48ff3e419016e3863822ea97efe8d04e6d233bd35cf2fabdeb93fb0d,2026-07-05,262,50016882915,2.831,,
past260,뇌용량24cc,fb0b512f48ff3e419016e3863822ea97efe8d04e6d233bd35cf2fabdeb93fb0d,2026-07-06,262,50016882915,2.831,,
past260,뇌용량24cc,fb0b512f48ff3e419016e3863822ea97efe8d04e6d233bd35cf2fabdeb93fb0d,2026-07-07,262,50016882915,2.831,,
past260,뇌용량24cc,fb0b512f48ff3e419016e3863822ea97efe8d04e6d233bd35cf2fabdeb93fb0d,2026-07-08,262,50016882915,2.831,,
past260,뇌용량24cc,fb0b512f48ff3e419016e3863822ea97efe8d04e6d233bd35cf2fabdeb93fb0d,2026-07-09,262,50016882915,2.831,,
past260,뇌용량24cc,fb0b512f48ff3e419016e3863822ea97efe8d04e6d233bd35cf2fabdeb93fb0d,2026-07-10,262,50016882915,2.831,,
past260,뇌용량24cc,fb0b512f48ff3e419016e3863822ea97efe8d04e6d233bd35cf2fabdeb93fb0d,2026-07-11,262,50016882915,2.831,,
past260,뇌용량24cc,fb0b512f48ff3e419016e3863822ea97efe8d04e6d233bd35cf2fabdeb93fb0d,2026-07-12,262,50016882915,2.831,5764084,
past260,뇌용량24cc,fb0b512f48ff3e419016e3863822ea97efe8d04e6d233bd35cf2fabdeb93fb0d,2026-07-13,262,50016882915,2.831,,
past260,뇌용량24cc,fb0b512f48ff3e419016e3863822ea97efe8d04e6d233bd35cf2fabdeb93fb0d,2026-07-14,262,50016882915,2.831,,
past260,뇌용량24cc,fb0b512f48ff3e419016e3863822ea97efe8d04e6d233bd35cf2fabdeb93fb0d,2026-07-15,262,50016882915,2.831,,
past260,뇌용량24cc,fb0b512f48ff3e419016e3863822ea97efe8d04e6d233bd35cf2fabdeb93fb0d,2026-07-16,262,50016882915,2.831,,
past260,뇌용량24cc,fb0b512f48ff3e419016e3863822ea97efe8d04e6d233bd35cf2fabdeb93fb0d,2026-07-17,262,50016882915,2.831,,
past260,뇌용량24cc,fb0b512f48ff3e419016e3863822ea97efe8d04e6d233bd35cf2fabdeb93fb0d,2026-07-18,262,50016882915,2.831,,
past260,뇌용량24cc,fb0b512f48ff3e419016e3863822ea97efe8d04e6d233bd35cf2fabdeb93fb0d,2026-07-19,262,50016882915,2.831,,
past260,뇌용량24cc,fb0b512f48ff3e419016e3863822ea97efe8d04e6d233bd35cf2fabdeb93fb0d,2026-07-20,262,50016882915,2.831,5764084,
past260,뇌용량24cc,fb0b512f48ff3e419016e3863822ea97efe8d04e6d233bd35cf2fabdeb93fb0d,2026-07-21,262,50016882915,2.831,,
past260,뇌용량24cc,fb0b512f48ff3e419016e3863822ea97efe8d04e6d233bd35cf2fabdeb93fb0d,2026-07-22,262,50016882915,2.831,,
past260,비열한노괴,64633f4b10c856967380f29674942d466fbb98200a15be5bcc73a64995849e9c,2026-06-18,262,40896156744,2.315,6321783,
past260,비열한노괴,64633f4b10c856967380f29674942d466fbb98200a15be5bcc73a64995849e9c,2026-06-19,262,40896156744,2.315,,
past260,비열한노괴,64633f4b10c856967380f29674942d466fbb98200a15be5bcc73a64995849e9c,2026-06-20,262,40896156744,2.315,,
past260,비열한노괴,64633f4b10c856967380f29674942d466fbb98200a15be5bcc73a64995849e9c,2026-06-21,262,40896156744,2.315,,
past260,비열한노괴,64633f4b10c856967380f29674942d466fbb98200a15be5bcc73a64995849e9c,2026-06-22,262,40896156744,2.315,,
past260,비열한노괴,64633f4b10c856967380f29674942d466fbb98200a15be5bcc73a64995849e9c,2026-06-23,262,40896156744,2.315,,
past260,비열한노괴,64633f4b10c856967380f29674942d466fbb98200a15be5bcc73a64995849e9c,2026-06-24,262,40896156744,2.315,,
past260,비열한노괴,64633f4b10c856967380f29674942d466fbb98200a15be5bcc73a64995849e9c,2026-06-25,262,40896156744,2.315,,
past260,비열한노괴,64633f4b10c856967380f29674942d466fbb98200a15be5bcc73a64995849e9c,2026-06-26,262,40896156744,2.315,6321783,
past260,비열한노괴,64633f4b10c856967380f29674942d466fbb98200a15be5bcc73a64995849e9c,2026-06-27,262,40896156744,2.315,,
past260,비열한노괴,64633f4b10c856967380f29674942d466fbb98200a15be5bcc73a64995849e9c,2026-06-28,262,40896156744,2.315,,
past260,비열한노괴,64633f4b10c856967380f29674942d466fbb98200a15be5bcc73a64995849e9c,2026-06-29,262,40896156744,2.315,,
past260,비열한노괴,64633f4b10c856967380f29674942d466fbb98200a15be5bcc73a64995849e9c,2026-06-30,262,40896156744,2.315,,
past260,비열한노괴,64633f4b10c856967380f29674942d466fbb98200a15be5bcc73a64995849e9c,2026-07-01,262,40896156744,2.315,,
past260,비열한노괴,64633f4b10c856967380f29674942d466fbb98200a15be5bcc73a64995849e9c,2026-07-02,262,40896156744,2.315,,
past260,비열한노괴,64633f4b10c856967380f29674942d466fbb98200a15be5bcc73a64995849e9c,2026-07-03,262,40896156744,2.315,,
past260,비열한노괴,64633f4b10c856967380f29674942d466fbb98200a15be5bcc73a64995849e9c,2026-07-04,262,40896156744,2.315,6321783,
past260,비열한노괴,64633f4b10c856967380f29674942d466fbb98200a15be5bcc73a64995849e9c,2026-07-05,262,40896156744,2.315,,
past260,비열한노괴,64633f4b10c856967380f29674942d466fbb98200a15be5bcc73a64995849e9c,2026-07-06,262,40896156744,2.315,,
past260,비열한노괴,64633f4b10c856967380f29674942d466fbb98200a15be5bcc73a64995849e9c,2026-07-07,262,40896156744,2.315,,
past260,비열한노괴,64633f4b10c856967380f29674942d466fbb98200a15be5bcc73a64995849e9c,2026-07-08,262,40896156744,2.315,,
past260,비열한노괴,64633f4b10c856967380f29674942d466fbb98200a15be5bcc73a64995849e9c,2026-07-09,262,40896156744,2.315,,
past260,비열한노괴,64633f4b10c856967380f29674942d466fbb98200a15be5bcc73a64995849e9c,2026-07-10,262,40896156744,2.315,,
past260,비열한노괴,64633f4b10c856967380f29674942d466fbb98200a15be5bcc73a64995849e9c,2026-07-11,262,40896156744,2.315,,
past260,비열한노괴,64633f4b10c856967380f29674942d466fbb98200a15be5bcc73a64995849e9c,2026-07-12,262,40896156744,2.315,6321783,
past260,비열한노괴,64633f4b10c856967380f29674942d466fbb98200a15be5bcc73a64995849e9c,2026-07-13,262,40896156744,2.315,,
past260,비열한노괴,64633f4b10c856967380f29674942d466fbb98200a15be5bcc73a64995849e9c,2026-07-14,262,40896156744,2.315,,
past260,비열한노괴,64633f4b10c856967380f29674942d466fbb98200a15be5bcc73a64995849e9c,2026-07-15,262,40896156744,2.315,,
past260,비열한노괴,64633f4b10c856967380f29674942d466fbb98200a15be5bcc73a64995849e9c,2026-07-16,262,40896156744,2.315,,
past260,비열한노괴,64633f4b10c856967380f29674942d466fbb98200a15be5bcc73a64995849e9c,2026-07-17,262,40896156744,2.315,,
past260,비열한노괴,64633f4b10c856967380f29674942d466fbb98200a15be5bcc73a64995849e9c,2026-07-18,262,40896156744,2.315,,
past260,비열한노괴,64633f4b10c856967380f29674942d466fbb98200a15be5bcc73a64995849e9c,2026-07-19,262,40896156744,2.315,,
past260,비열한노괴,64633f4b10c856967380f29674942d466fbb98200a15be5bcc73a64995849e9c,2026-07-20,262,40896156744,2.315,6321783,
past260,비열한노괴,64633f4b10c856967380f29674942d466fbb98200a15be5bcc73a64995849e9c,2026-07-21,262,40896156744,2.315,,
past260,비열한노괴,64633f4b10c856967380f29674942d466fbb98200a15be5bcc73a64995849e9c,2026-07-22,262,40896156744,2.315,,
past260,하석신궁,22997fd66675e6301529a0933aafd70f,2026-06-18,262,46515688084,2.633,751119,
past260,하석신궁,22997fd66675e6301529a0933aafd70f,2026-06-19,262,46515688084,2.633,,
past260,하석신궁,22997fd66675e6301529a0933aafd70f,2026-06-20,262,46515688084,2.633,,
past260,하석신궁,22997fd66675e6301529a0933aafd70f,2026-06-21,262,46515688084,2.633,,
past260,하석신궁,22997fd66675e6301529a0933aafd70f,2026-06-22,262,46515688084,2.633,,
past260,하석신궁,22997fd66675e6301529a0933aafd70f,2026-06-23,262,46515688084,2.633,,
past260,하석신궁,22997fd66675e6301529a0933aafd70f,2026-06-24,262,46515688084,2.633,,
past260,하석신궁,22997fd66675e6301529a0933aafd70f,2026-06-25,262,46515688084,2.633,,
past260,하석신궁,22997fd66675e6301529a0933aafd70f,2026-06-26,262,46515688084,2.633,714566,
past260,하석신궁,22997fd66675e6301529a0933aafd70f,2026-06-27,262,46515688084,2.633,,
past260,하석신궁,22997fd66675e6301529a0933aafd70f,2026-06-28,262,46515688084,2.633,,
past260,하석신궁,22997fd66675e6301529a0933aafd70f,2026-06-29,262,46515688084,2.633,,
past260,하석신궁,22997fd66675e6301529a0933aafd70f,2026-06-30,262,46515688084,2.633,,
past260,하석신궁,22997fd66675e6301529a0933aafd70f,2026-07-01,262,46515688084,2.633,,
past260,하석신궁,22997fd66675e6301529a0933aafd70f,2026-07-02,262,46515688084,2.633,,
past260,하석신궁,22997fd66675e6301529a0933aafd70f,2026-07-03,262,46515688084,2.633,,
past260,하석신궁,22997fd66675e6301529a0933aafd70f,2026-07-04,262,46515688084,2.633,708669,
past260,하석신궁,22997fd66675e6301529a0933aafd70f,2026-07-05,262,46515688084,2.633,,
past260,하석신궁,22997fd66675e6301529a0933aafd70f,2026-07-06,262,46515688084,2.633,,
past260,하석신궁,22997fd66675e6301529a0933aafd70f,2026-07-07,262,46515688084,2.633,,
past260,하석신궁,22997fd66675e6301529a0933aafd70f,2026-07-08,262,46515688084,2.633,,
past260,하석신궁,22997fd66675e6301529a0933aafd70f,2026-07-09,262,46515688084,2.633,,
past260,하석신궁,22997fd66675e6301529a0933aafd70f,2026-07-10,262,46515688084,2.633,,
past260,하석신궁,22997fd66675e6301529a0933aafd70f,2026-07-11,262,46515688084,2.633,,
past260,하석신궁,22997fd66675e6301529a0933aafd70f,2026-07-12,262,46515688084,2.633,708669,
past260,하석신궁,22997fd66675e6301529a0933aafd70f,2026-07-13,262,46515688084,2.633,,
past260,하석신궁,22997fd66675e6301529a0933aafd70f,2026-07-14,262,46515688084,2.633,,
past260,하석신궁,22997fd66675e6301529a0933aafd70f,2026-07-15,262,46515688084,2.633,,
past260,하석신궁,22997fd66675e6301529a0933aafd70f,2026-07-16,262,46515688084,2.633,,
past260,하석신궁,22997fd66675e6301529a0933aafd70f,2026-07-17,262,46515688084,2.633,,
past260,하석신궁,22997fd66675e6301529a0933aafd70f,2026-07-18,262,46515688084,2.633,,
past260,하석신궁,22997fd66675e6301529a0933aafd70f,2026-07-19,262,46515688084,2.633,,
past260,하석신궁,22997fd66675e6301529a0933aafd70f,2026-07-20,262,46515688084,2.633,708669,
past260,하석신궁,22997fd66675e6301529a0933aafd70f,2026-07-21,262,46515688084,2.633,,
past260,하석신궁,22997fd66675e6301529a0933aafd70f,2026-07-22,262,46515688084,2.633,,
past260,I허생I에반,8075b5547ec2e59a72000980458ecf35,2026-06-18,262,26658880003,1.509,5594075,
past260,I허생I에반,8075b5547ec2e59a72000980458ecf35,2026-06-19,262,26658880003,1.509,,
past260,I허생I에반,8075b5547ec2e59a72000980458ecf35,2026-06-20,262,26658880003,1.509,,
past260,I허생I에반,8075b5547ec2e59a72000980458ecf35,2026-06-21,262,26658880003,1.509,,
past260,I허생I에반,8075b5547ec2e59a72000980458ecf35,2026-06-22,262,26658880003,1.509,,
past260,I허생I에반,8075b5547ec2e59a72000980458ecf35,2026-06-23,262,26658880003,1.509,,
past260,I허생I에반,8075b5547ec2e59a72000980458ecf35,2026-06-24,262,26658880003,1.509,,
past260,I허생I에반,8075b5547ec2e59a72000980458ecf35,2026-06-25,262,26658880003,1.509,,
past260,I허생I에반,8075b5547ec2e59a72000980458ecf35,2026-06-26,262,26658880003,1.509,5594075,
past260,I허생I에반,8075b5547ec2e59a72000980458ecf35,2026-06-27,262,26658880003,1.509,,
past260,I허생I에반,8075b5547ec2e59a72000980458ecf35,2026-06-28,262,26658880003,1.509,,
past260,I허생I에반,8075b5547ec2e59a72000980458ecf35,2026-06-29,262,26658880003,1.509,,
past260,I허생I에반,8075b5547ec2e59a72000980458ecf35,2026-06-30,262,26658880003,1.509,,
past260,I허생I에반,8075b5547ec2e59a72000980458ecf35,2026-07-01,262,26658880003,1.509,,
past260,I허생I에반,8075b5547ec2e59a72000980458ecf35,2026-07-02,262,26658880003,1.509,,
past260,I허생I에반,8075b5547ec2e59a72000980458ecf35,2026-07-03,262,26658880003,1.509,,
past260,I허생I에반,8075b5547ec2e59a72000980458ecf35,2026-07-04,262,26658880003,1.509,4957291,
past260,I허생I에반,8075b5547ec2e59a72000980458ecf35,2026-07-05,262,26658880003,1.509,,
past260,I허생I에반,8075b5547ec2e59a72000980458ecf35,2026-07-06,262,26658880003,1.509,,
past260,I허생I에반,8075b5547ec2e59a72000980458ecf35,2026-07-07,262,26658880003,1.509,,
past260,I허생I에반,8075b5547ec2e59a72000980458ecf35,2026-07-08,262,26658880003,1.509,,
past260,I허생I에반,8075b5547ec2e59a72000980458ecf35,2026-07-09,262,26658880003,1.509,,
past260,I허생I에반,8075b5547ec2e59a72000980458ecf35,2026-07-10,262,26658880003,1.509,,
past260,I허생I에반,8075b5547ec2e59a72000980458ecf35,2026-07-11,262,26658880003,1.509,,
past260,I허생I에반,8075b5547ec2e59a72000980458ecf35,2026-07-12,262,26658880003,1.509,4957291,
past260,I허생I에반,8075b5547ec2e59a72000980458ecf35,2026-07-13,262,26658880003,1.509,,
past260,I허생I에반,8075b5547ec2e59a72000980458ecf35,2026-07-14,262,26658880003,1.509,,
past260,I허생I에반,8075b5547ec2e59a72000980458ecf35,2026-07-15,262,26658880003,1.509,,
past260,I허생I에반,8075b5547ec2e59a72000980458ecf35,2026-07-16,262,26658880003,1.509,,
past260,I허생I에반,8075b5547ec2e59a72000980458ecf35,2026-07-17,262,26658880003,1.509,,
past260,I허생I에반,8075b5547ec2e59a72000980458ecf35,2026-07-18,262,26658880003,1.509,,
past260,I허생I에반,8075b5547ec2e59a72000980458ecf35,2026-07-19,262,26658880003,1.509,,
past260,I허생I에반,8075b5547ec2e59a72000980458ecf35,2026-07-20,262,26658880003,1.509,4957291,
past260,I허생I에반,8075b5547ec2e59a72000980458ecf35,2026-07-21,262,26658880003,1.509,,
past260,I허생I에반,8075b5547ec2e59a72000980458ecf35,2026-07-22,262,26658880003,1.509,,
past260,찐얘님,be916ef11b454c762dbf089801eebe96efe8d04e6d233bd35cf2fabdeb93fb0d,2026-06-18,262,23988549694,1.358,3303069,
past260,찐얘님,be916ef11b454c762dbf089801eebe96efe8d04e6d233bd35cf2fabdeb93fb0d,2026-06-19,262,23988549694,1.358,,
past260,찐얘님,be916ef11b454c762dbf089801eebe96efe8d04e6d233bd35cf2fabdeb93fb0d,2026-06-20,262,23988549694,1.358,,
past260,찐얘님,be916ef11b454c762dbf089801eebe96efe8d04e6d233bd35cf2fabdeb93fb0d,2026-06-21,262,23988549694,1.358,,
past260,찐얘님,be916ef11b454c762dbf089801eebe96efe8d04e6d233bd35cf2fabdeb93fb0d,2026-06-22,262,23988549694,1.358,,
past260,찐얘님,be916ef11b454c762dbf089801eebe96efe8d04e6d233bd35cf2fabdeb93fb0d,2026-06-23,262,23988549694,1.358,,
past260,찐얘님,be916ef11b454c762dbf089801eebe96efe8d04e6d233bd35cf2fabdeb93fb0d,2026-06-24,262,23988549694,1.358,,
past260,찐얘님,be916ef11b454c762dbf089801eebe96efe8d04e6d233bd35cf2fabdeb93fb0d,2026-06-25,262,23988549694,1.358,,
past260,찐얘님,be916ef11b454c762dbf089801eebe96efe8d04e6d233bd35cf2fabdeb93fb0d,2026-06-26,262,23988549694,1.358,0,
past260,찐얘님,be916ef11b454c762dbf089801eebe96efe8d04e6d233bd35cf2fabdeb93fb0d,2026-06-27,262,23988549694,1.358,,
past260,찐얘님,be916ef11b454c762dbf089801eebe96efe8d04e6d233bd35cf2fabdeb93fb0d,2026-06-28,262,23988549694,1.358,,
past260,찐얘님,be916ef11b454c762dbf089801eebe96efe8d04e6d233bd35cf2fabdeb93fb0d,2026-06-29,262,23988549694,1.358,,
past260,찐얘님,be916ef11b454c762dbf089801eebe96efe8d04e6d233bd35cf2fabdeb93fb0d,2026-06-30,262,23988549694,1.358,,
past260,찐얘님,be916ef11b454c762dbf089801eebe96efe8d04e6d233bd35cf2fabdeb93fb0d,2026-07-01,262,23988549694,1.358,,
past260,찐얘님,be916ef11b454c762dbf089801eebe96efe8d04e6d233bd35cf2fabdeb93fb0d,2026-07-02,262,23988549694,1.358,,
past260,찐얘님,be916ef11b454c762dbf089801eebe96efe8d04e6d233bd35cf2fabdeb93fb0d,2026-07-03,262,23988549694,1.358,,
past260,찐얘님,be916ef11b454c762dbf089801eebe96efe8d04e6d233bd35cf2fabdeb93fb0d,2026-07-04,262,23988549694,1.358,1231125,
past260,찐얘님,be916ef11b454c762dbf089801eebe96efe8d04e6d233bd35cf2fabdeb93fb0d,2026-07-05,262,23988549694,1.358,,
past260,찐얘님,be916ef11b454c762dbf089801eebe96efe8d04e6d233bd35cf2fabdeb93fb0d,2026-07-06,262,23988549694,1.358,,
past260,찐얘님,be916ef11b454c762dbf089801eebe96efe8d04e6d233bd35cf2fabdeb93fb0d,2026-07-07,262,23988549694,1.358,,
past260,찐얘님,be916ef11b454c762dbf089801eebe96efe8d04e6d233bd35cf2fabdeb93fb0d,2026-07-08,262,23988549694,1.358,,
past260,찐얘님,be916ef11b454c762dbf089801eebe96efe8d04e6d233bd35cf2fabdeb93fb0d,2026-07-09,262,23988549694,1.358,,
past260,찐얘님,be916ef11b454c762dbf089801eebe96efe8d04e6d233bd35cf2fabdeb93fb0d,2026-07-10,262,23988549694,1.358,,
past260,찐얘님,be916ef11b454c762dbf089801eebe96efe8d04e6d233bd35cf2fabdeb93fb0d,2026-07-11,262,23988549694,1.358,,
past260,찐얘님,be916ef11b454c762dbf089801eebe96efe8d04e6d233bd35cf2fabdeb93fb0d,2026-07-12,262,23988549694,1.358,1086684,
past260,찐얘님,be916ef11b454c762dbf089801eebe96efe8d04e6d233bd35cf2fabdeb93fb0d,2026-07-13,262,23988549694,1.358,,
past260,찐얘님,be916ef11b454c762dbf089801eebe96efe8d04e6d233bd35cf2fabdeb93fb0d,2026-07-14,262,23988549694,1.358,,
past260,찐얘님,be916ef11b454c762dbf089801eebe96efe8d04e6d233bd35cf2fabdeb93fb0d,2026-07-15,262,23988549694,1.358,,
past260,찐얘님,be916ef11b454c762dbf089801eebe96efe8d04e6d233bd35cf2fabdeb93fb0d,2026-07-16,262,23988549694,1.358,,
past260,찐얘님,be916ef11b454c762dbf089801eebe96efe8d04e6d233bd35cf2fabdeb93fb0d,2026-07-17,262,23988549694,1.358,,
past260,찐얘님,be916ef11b454c762dbf089801eebe96efe8d04e6d233bd35cf2fabdeb93fb0d,2026-07-18,262,23988549694,1.358,,
past260,찐얘님,be916ef11b454c762dbf089801eebe96efe8d04e6d233bd35cf2fabdeb93fb0d,2026-07-19,262,23988549694,1.358,,
past260,찐얘님,be916ef11b454c762dbf089801eebe96efe8d04e6d233bd35cf2fabdeb93fb0d,2026-07-20,262,23988549694,1.358,1086684,
past260,찐얘님,be916ef11b454c762dbf089801eebe96efe8d04e6d233bd35cf2fabdeb93fb0d,2026-07-21,262,23988549694,1.358,,
past260,찐얘님,be916ef11b454c762dbf089801eebe96efe8d04e6d233bd35cf2fabdeb93fb0d,2026-07-22,262,23988549694,1.358,,
past260,버닝zxw,93d483a68fd55725ab408200a5ffbc2a,2026-06-18,262,29534708547,1.672,5028851,
past260,버닝zxw,93d483a68fd55725ab408200a5ffbc2a,2026-06-19,262,29534708547,1.672,,
past260,버닝zxw,93d483a68fd55725ab408200a5ffbc2a,2026-06-20,262,29534708547,1.672,,
past260,버닝zxw,93d483a68fd55725ab408200a5ffbc2a,2026-06-21,262,29534708547,1.672,,
past260,버닝zxw,93d483a68fd55725ab408200a5ffbc2a,2026-06-22,262,29534708547,1.672,,
past260,버닝zxw,93d483a68fd55725ab408200a5ffbc2a,2026-06-23,262,29534708547,1.672,,
past260,버닝zxw,93d483a68fd55725ab408200a5ffbc2a,2026-06-24,262,29534708547,1.672,,
past260,버닝zxw,93d483a68fd55725ab408200a5ffbc2a,2026-06-25,262,29534708547,1.672,,
past260,버닝zxw,93d483a68fd55725ab408200a5ffbc2a,2026-06-26,262,29534708547,1.672,5028851,
past260,버닝zxw,93d483a68fd55725ab408200a5ffbc2a,2026-06-27,262,29534708547,1.672,,
past260,버닝zxw,93d483a68fd55725ab408200a5ffbc2a,2026-06-28,262,29534708547,1.672,,
past260,버닝zxw,93d483a68fd55725ab408200a5ffbc2a,2026-06-29,262,29534708547,1.672,,
past260,버닝zxw,93d483a68fd55725ab408200a5ffbc2a,2026-06-30,262,29534708547,1.672,,
past260,버닝zxw,93d483a68fd55725ab408200a5ffbc2a,2026-07-01,262,29534708547,1.672,,
past260,버닝zxw,93d483a68fd55725ab408200a5ffbc2a,2026-07-02,262,29534708547,1.672,,
past260,버닝zxw,93d483a68fd55725ab408200a5ffbc2a,2026-07-03,262,29534708547,1.672,,
past260,버닝zxw,93d483a68fd55725ab408200a5ffbc2a,2026-07-04,262,29534708547,1.672,5028851,
past260,버닝zxw,93d483a68fd55725ab408200a5ffbc2a,2026-07-05,262,29534708547,1.672,,
past260,버닝zxw,93d483a68fd55725ab408200a5ffbc2a,2026-07-06,262,29534708547,1.672,,
past260,버닝zxw,93d483a68fd55725ab408200a5ffbc2a,2026-07-07,262,29534708547,1.672,,
past260,버닝zxw,93d483a68fd55725ab408200a5ffbc2a,2026-07-08,262,29534708547,1.672,,
past260,버닝zxw,93d483a68fd55725ab408200a5ffbc2a,2026-07-09,262,29534708547,1.672,,
past260,버닝zxw,93d483a68fd55725ab408200a5ffbc2a,2026-07-10,262,29534708547,1.672,,
past260,버닝zxw,93d483a68fd55725ab408200a5ffbc2a,2026-07-11,262,29534708547,1.672,,
past260,버닝zxw,93d483a68fd55725ab408200a5ffbc2a,2026-07-12,262,29534708547,1.672,5028851,
past260,버닝zxw,93d483a68fd55725ab408200a5ffbc2a,2026-07-13,262,29534708547,1.672,,
past260,버닝zxw,93d483a68fd55725ab408200a5ffbc2a,2026-07-14,262,29534708547,1.672,,
past260,버닝zxw,93d483a68fd55725ab408200a5ffbc2a,2026-07-15,262,29534708547,1.672,,
past260,버닝zxw,93d483a68fd55725ab408200a5ffbc2a,2026-07-16,262,29534708547,1.672,,
past260,버닝zxw,93d483a68fd55725ab408200a5ffbc2a,2026-07-17,262,29534708547,1.672,,
past260,버닝zxw,93d483a68fd55725ab408200a5ffbc2a,2026-07-18,262,29534708547,1.672,,
past260,버닝zxw,93d483a68fd55725ab408200a5ffbc2a,2026-07-19,262,29534708547,1.672,,
past260,버닝zxw,93d483a68fd55725ab408200a5ffbc2a,2026-07-20,262,29534708547,1.672,5028851,
past260,버닝zxw,93d483a68fd55725ab408200a5ffbc2a,2026-07-21,262,29534708547,1.672,,
past260,버닝zxw,93d483a68fd55725ab408200a5ffbc2a,2026-07-22,262,29534708547,1.672,,
past260,고룡전문헌터,477a3806b1ef8c0908f64e17a6209f80,2026-06-18,262,26190287920,1.482,4810210,
past260,고룡전문헌터,477a3806b1ef8c0908f64e17a6209f80,2026-06-19,262,26190287920,1.482,,
past260,고룡전문헌터,477a3806b1ef8c0908f64e17a6209f80,2026-06-20,262,26190287920,1.482,,
past260,고룡전문헌터,477a3806b1ef8c0908f64e17a6209f80,2026-06-21,262,26190287920,1.482,,
past260,고룡전문헌터,477a3806b1ef8c0908f64e17a6209f80,2026-06-22,262,26190287920,1.482,,
past260,고룡전문헌터,477a3806b1ef8c0908f64e17a6209f80,2026-06-23,262,26190287920,1.482,,
past260,고룡전문헌터,477a3806b1ef8c0908f64e17a6209f80,2026-06-24,262,26190287920,1.482,,
past260,고룡전문헌터,477a3806b1ef8c0908f64e17a6209f80,2026-06-25,262,26190287920,1.482,,
past260,고룡전문헌터,477a3806b1ef8c0908f64e17a6209f80,2026-06-26,262,26190287920,1.482,4810210,
past260,고룡전문헌터,477a3806b1ef8c0908f64e17a6209f80,2026-06-27,262,26190287920,1.482,,
past260,고룡전문헌터,477a3806b1ef8c0908f64e17a6209f80,2026-06-28,262,26190287920,1.482,,
past260,고룡전문헌터,477a3806b1ef8c0908f64e17a6209f80,2026-06-29,262,26190287920,1.482,,
past260,고룡전문헌터,477a3806b1ef8c0908f64e17a6209f80,2026-06-30,262,26190287920,1.482,,
past260,고룡전문헌터,477a3806b1ef8c0908f64e17a6209f80,2026-07-01,262,26190287920,1.482,,
past260,고룡전문헌터,477a3806b1ef8c0908f64e17a6209f80,2026-07-02,262,26190287920,1.482,,
past260,고룡전문헌터,477a3806b1ef8c0908f64e17a6209f80,2026-07-03,262,26190287920,1.482,,
past260,고룡전문헌터,477a3806b1ef8c0908f64e17a6209f80,2026-07-04,262,26190287920,1.482,4810210,
past260,고룡전문헌터,477a3806b1ef8c0908f64e17a6209f80,2026-07-05,262,26190287920,1.482,,
past260,고룡전문헌터,477a3806b1ef8c0908f64e17a6209f80,2026-07-06,262,26190287920,1.482,,
past260,고룡전문헌터,477a3806b1ef8c0908f64e17a6209f80,2026-07-07,262,26190287920,1.482,,
past260,고룡전문헌터,477a3806b1ef8c0908f64e17a6209f80,2026-07-08,262,26190287920,1.482,,
past260,고룡전문헌터,477a3806b1ef8c0908f64e17a6209f80,2026-07-09,262,26190287920,1.482,,
past260,고룡전문헌터,477a3806b1ef8c0908f64e17a6209f80,2026-07-10,262,26190287920,1.482,,
past260,고룡전문헌터,477a3806b1ef8c0908f64e17a6209f80,2026-07-11,262,26190287920,1.482,,
past260,고룡전문헌터,477a3806b1ef8c0908f64e17a6209f80,2026-07-12,262,26190287920,1.482,4810210,
past260,고룡전문헌터,477a3806b1ef8c0908f64e17a6209f80,2026-07-13,262,26190287920,1.482,,
past260,고룡전문헌터,477a3806b1ef8c0908f64e17a6209f80,2026-07-14,262,26190287920,1.482,,
past260,고룡전문헌터,477a3806b1ef8c0908f64e17a6209f80,2026-07-15,262,26190287920,1.482,,
past260,고룡전문헌터,477a3806b1ef8c0908f64e17a6209f80,2026-07-16,262,26190287920,1.482,,
past260,고룡전문헌터,477a3806b1ef8c0908f64e17a6209f80,2026-07-17,262,26190287920,1.482,,
past260,고룡전문헌터,477a3806b1ef8c0908f64e17a6209f80,2026-07-18,262,26190287920,1.482,,
past260,고룡전문헌터,477a3806b1ef8c0908f64e17a6209f80,2026-07-19,262,26190287920,1.482,,
past260,고룡전문헌터,477a3806b1ef8c0908f64e17a6209f80,2026-07-20,262,26190287920,1.482,4810210,
past260,고룡전문헌터,477a3806b1ef8c0908f64e17a6209f80,2026-07-21,262,26190287920,1.482,,
past260,고룡전문헌터,477a3806b1ef8c0908f64e17a6209f80,2026-07-22,262,26190287920,1.482,,
past260,이게남캔가,cfc2bb37c4e8dcf7100668e9bc090074efe8d04e6d233bd35cf2fabdeb93fb0d,2026-06-18,262,41410011061,2.344,84223,
past260,이게남캔가,cfc2bb37c4e8dcf7100668e9bc090074efe8d04e6d233bd35cf2fabdeb93fb0d,2026-06-19,262,41410011061,2.344,,
past260,이게남캔가,cfc2bb37c4e8dcf7100668e9bc090074efe8d04e6d233bd35cf2fabdeb93fb0d,2026-06-20,262,41410011061,2.344,,
past260,이게남캔가,cfc2bb37c4e8dcf7100668e9bc090074efe8d04e6d233bd35cf2fabdeb93fb0d,2026-06-21,262,41410011061,2.344,,
past260,이게남캔가,cfc2bb37c4e8dcf7100668e9bc090074efe8d04e6d233bd35cf2fabdeb93fb0d,2026-06-22,262,41410011061,2.344,,
past260,이게남캔가,cfc2bb37c4e8dcf7100668e9bc090074efe8d04e6d233bd35cf2fabdeb93fb0d,2026-06-23,262,41410011061,2.344,,
past260,이게남캔가,cfc2bb37c4e8dcf7100668e9bc090074efe8d04e6d233bd35cf2fabdeb93fb0d,2026-06-24,262,41410011061,2.344,,
past260,이게남캔가,cfc2bb37c4e8dcf7100668e9bc090074efe8d04e6d233bd35cf2fabdeb93fb0d,2026-06-25,262,41410011061,2.344,,
past260,이게남캔가,cfc2bb37c4e8dcf7100668e9bc090074efe8d04e6d233bd35cf2fabdeb93fb0d,2026-06-26,262,41410011061,2.344,84223,
past260,이게남캔가,cfc2bb37c4e8dcf7100668e9bc090074efe8d04e6d233bd35cf2fabdeb93fb0d,2026-06-27,262,41410011061,2.344,,
past260,이게남캔가,cfc2bb37c4e8dcf7100668e9bc090074efe8d04e6d233bd35cf2fabdeb93fb0d,2026-06-28,262,41410011061,2.344,,
past260,이게남캔가,cfc2bb37c4e8dcf7100668e9bc090074efe8d04e6d233bd35cf2fabdeb93fb0d,2026-06-29,262,41410011061,2.344,,
past260,이게남캔가,cfc2bb37c4e8dcf7100668e9bc090074efe8d04e6d233bd35cf2fabdeb93fb0d,2026-06-30,262,41410011061,2.344,,
past260,이게남캔가,cfc2bb37c4e8dcf7100668e9bc090074efe8d04e6d233bd35cf2fabdeb93fb0d,2026-07-01,262,41410011061,2.344,,
past260,이게남캔가,cfc2bb37c4e8dcf7100668e9bc090074efe8d04e6d233bd35cf2fabdeb93fb0d,2026-07-02,262,41410011061,2.344,,
past260,이게남캔가,cfc2bb37c4e8dcf7100668e9bc090074efe8d04e6d233bd35cf2fabdeb93fb0d,2026-07-03,262,41410011061,2.344,,
past260,이게남캔가,cfc2bb37c4e8dcf7100668e9bc090074efe8d04e6d233bd35cf2fabdeb93fb0d,2026-07-04,262,41410011061,2.344,84223,
past260,이게남캔가,cfc2bb37c4e8dcf7100668e9bc090074efe8d04e6d233bd35cf2fabdeb93fb0d,2026-07-05,262,41410011061,2.344,,
past260,이게남캔가,cfc2bb37c4e8dcf7100668e9bc090074efe8d04e6d233bd35cf2fabdeb93fb0d,2026-07-06,262,41410011061,2.344,,
past260,이게남캔가,cfc2bb37c4e8dcf7100668e9bc090074efe8d04e6d233bd35cf2fabdeb93fb0d,2026-07-07,262,41410011061,2.344,,
past260,이게남캔가,cfc2bb37c4e8dcf7100668e9bc090074efe8d04e6d233bd35cf2fabdeb93fb0d,2026-07-08,262,41410011061,2.344,,
past260,이게남캔가,cfc2bb37c4e8dcf7100668e9bc090074efe8d04e6d233bd35cf2fabdeb93fb0d,2026-07-09,262,41410011061,2.344,,
past260,이게남캔가,cfc2bb37c4e8dcf7100668e9bc090074efe8d04e6d233bd35cf2fabdeb93fb0d,2026-07-10,262,41410011061,2.344,,
past260,이게남캔가,cfc2bb37c4e8dcf7100668e9bc090074efe8d04e6d233bd35cf2fabdeb93fb0d,2026-07-11,262,41410011061,2.344,,
past260,이게남캔가,cfc2bb37c4e8dcf7100668e9bc090074efe8d04e6d233bd35cf2fabdeb93fb0d,2026-07-12,262,41410011061,2.344,84223,
past260,이게남캔가,cfc2bb37c4e8dcf7100668e9bc090074efe8d04e6d233bd35cf2fabdeb93fb0d,2026-07-13,262,41410011061,2.344,,
past260,이게남캔가,cfc2bb37c4e8dcf7100668e9bc090074efe8d04e6d233bd35cf2fabdeb93fb0d,2026-07-14,262,41410011061,2.344,,
past260,이게남캔가,cfc2bb37c4e8dcf7100668e9bc090074efe8d04e6d233bd35cf2fabdeb93fb0d,2026-07-15,262,41410011061,2.344,,
past260,이게남캔가,cfc2bb37c4e8dcf7100668e9bc090074efe8d04e6d233bd35cf2fabdeb93fb0d,2026-07-16,262,41410011061,2.344,,
past260,이게남캔가,cfc2bb37c4e8dcf7100668e9bc090074efe8d04e6d233bd35cf2fabdeb93fb0d,2026-07-17,262,41410011061,2.344,,
past260,이게남캔가,cfc2bb37c4e8dcf7100668e9bc090074efe8d04e6d233bd35cf2fabdeb93fb0d,2026-07-18,262,41410011061,2.344,,
past260,이게남캔가,cfc2bb37c4e8dcf7100668e9bc090074efe8d04e6d233bd35cf2fabdeb93fb0d,2026-07-19,262,41410011061,2.344,,
past260,이게남캔가,cfc2bb37c4e8dcf7100668e9bc090074efe8d04e6d233bd35cf2fabdeb93fb0d,2026-07-20,262,41410011061,2.344,84223,
past260,이게남캔가,cfc2bb37c4e8dcf7100668e9bc090074efe8d04e6d233bd35cf2fabdeb93fb0d,2026-07-21,262,41410011061,2.344,,
past260,이게남캔가,cfc2bb37c4e8dcf7100668e9bc090074efe8d04e6d233bd35cf2fabdeb93fb0d,2026-07-22,262,41410011061,2.344,,
past260,안깨끗한휴지,,2026-06-18,,,,,ocid_failed
past260,안깨끗한휴지,,2026-06-19,,,,,ocid_failed
past260,안깨끗한휴지,,2026-06-20,,,,,ocid_failed
past260,안깨끗한휴지,,2026-06-21,,,,,ocid_failed
past260,안깨끗한휴지,,2026-06-22,,,,,ocid_failed
past260,안깨끗한휴지,,2026-06-23,,,,,ocid_failed
past260,안깨끗한휴지,,2026-06-24,,,,,ocid_failed
past260,안깨끗한휴지,,2026-06-25,,,,,ocid_failed
past260,안깨끗한휴지,,2026-06-26,,,,,ocid_failed
past260,안깨끗한휴지,,2026-06-27,,,,,ocid_failed
past260,안깨끗한휴지,,2026-06-28,,,,,ocid_failed
past260,안깨끗한휴지,,2026-06-29,,,,,ocid_failed
past260,안깨끗한휴지,,2026-06-30,,,,,ocid_failed
past260,안깨끗한휴지,,2026-07-01,,,,,ocid_failed
past260,안깨끗한휴지,,2026-07-02,,,,,ocid_failed
past260,안깨끗한휴지,,2026-07-03,,,,,ocid_failed
past260,안깨끗한휴지,,2026-07-04,,,,,ocid_failed
past260,안깨끗한휴지,,2026-07-05,,,,,ocid_failed
past260,안깨끗한휴지,,2026-07-06,,,,,ocid_failed
past260,안깨끗한휴지,,2026-07-07,,,,,ocid_failed
past260,안깨끗한휴지,,2026-07-08,,,,,ocid_failed
past260,안깨끗한휴지,,2026-07-09,,,,,ocid_failed
past260,안깨끗한휴지,,2026-07-10,,,,,ocid_failed
past260,안깨끗한휴지,,2026-07-11,,,,,ocid_failed
past260,안깨끗한휴지,,2026-07-12,,,,,ocid_failed
past260,안깨끗한휴지,,2026-07-13,,,,,ocid_failed
past260,안깨끗한휴지,,2026-07-14,,,,,ocid_failed
past260,안깨끗한휴지,,2026-07-15,,,,,ocid_failed
past260,안깨끗한휴지,,2026-07-16,,,,,ocid_failed
past260,안깨끗한휴지,,2026-07-17,,,,,ocid_failed
past260,안깨끗한휴지,,2026-07-18,,,,,ocid_failed
past260,안깨끗한휴지,,2026-07-19,,,,,ocid_failed
past260,안깨끗한휴지,,2026-07-20,,,,,ocid_failed
past260,안깨끗한휴지,,2026-07-21,,,,,ocid_failed
past260,안깨끗한휴지,,2026-07-22,,,,,ocid_failed
past260,큐티핑뀨,efdb5234a95ce07f06962b18a8c1f4ed,2026-06-18,262,36422239192,2.062,1722831,
past260,큐티핑뀨,efdb5234a95ce07f06962b18a8c1f4ed,2026-06-19,262,36422239192,2.062,,
past260,큐티핑뀨,efdb5234a95ce07f06962b18a8c1f4ed,2026-06-20,262,36422239192,2.062,,
past260,큐티핑뀨,efdb5234a95ce07f06962b18a8c1f4ed,2026-06-21,262,36422239192,2.062,,
past260,큐티핑뀨,efdb5234a95ce07f06962b18a8c1f4ed,2026-06-22,262,36422239192,2.062,,
past260,큐티핑뀨,efdb5234a95ce07f06962b18a8c1f4ed,2026-06-23,262,36422239192,2.062,,
past260,큐티핑뀨,efdb5234a95ce07f06962b18a8c1f4ed,2026-06-24,262,36422239192,2.062,,
past260,큐티핑뀨,efdb5234a95ce07f06962b18a8c1f4ed,2026-06-25,262,36422239192,2.062,,
past260,큐티핑뀨,efdb5234a95ce07f06962b18a8c1f4ed,2026-06-26,262,36422239192,2.062,1722831,
past260,큐티핑뀨,efdb5234a95ce07f06962b18a8c1f4ed,2026-06-27,262,36422239192,2.062,,
past260,큐티핑뀨,efdb5234a95ce07f06962b18a8c1f4ed,2026-06-28,262,36422239192,2.062,,
past260,큐티핑뀨,efdb5234a95ce07f06962b18a8c1f4ed,2026-06-29,262,36422239192,2.062,,
past260,큐티핑뀨,efdb5234a95ce07f06962b18a8c1f4ed,2026-06-30,262,36422239192,2.062,,
past260,큐티핑뀨,efdb5234a95ce07f06962b18a8c1f4ed,2026-07-01,262,36422239192,2.062,,
past260,큐티핑뀨,efdb5234a95ce07f06962b18a8c1f4ed,2026-07-02,262,36422239192,2.062,,
past260,큐티핑뀨,efdb5234a95ce07f06962b18a8c1f4ed,2026-07-03,262,36422239192,2.062,,
past260,큐티핑뀨,efdb5234a95ce07f06962b18a8c1f4ed,2026-07-04,262,36422239192,2.062,1722831,
past260,큐티핑뀨,efdb5234a95ce07f06962b18a8c1f4ed,2026-07-05,262,36422239192,2.062,,
past260,큐티핑뀨,efdb5234a95ce07f06962b18a8c1f4ed,2026-07-06,262,36422239192,2.062,,
past260,큐티핑뀨,efdb5234a95ce07f06962b18a8c1f4ed,2026-07-07,262,36422239192,2.062,,
past260,큐티핑뀨,efdb5234a95ce07f06962b18a8c1f4ed,2026-07-08,262,36422239192,2.062,,
past260,큐티핑뀨,efdb5234a95ce07f06962b18a8c1f4ed,2026-07-09,262,36422239192,2.062,,
past260,큐티핑뀨,efdb5234a95ce07f06962b18a8c1f4ed,2026-07-10,262,36422239192,2.062,,
past260,큐티핑뀨,efdb5234a95ce07f06962b18a8c1f4ed,2026-07-11,262,36422239192,2.062,,
past260,큐티핑뀨,efdb5234a95ce07f06962b18a8c1f4ed,2026-07-12,262,36422239192,2.062,1722831,
past260,큐티핑뀨,efdb5234a95ce07f06962b18a8c1f4ed,2026-07-13,262,36422239192,2.062,,
past260,큐티핑뀨,efdb5234a95ce07f06962b18a8c1f4ed,2026-07-14,262,36422239192,2.062,,
past260,큐티핑뀨,efdb5234a95ce07f06962b18a8c1f4ed,2026-07-15,262,36422239192,2.062,,
past260,큐티핑뀨,efdb5234a95ce07f06962b18a8c1f4ed,2026-07-16,262,36422239192,2.062,,
past260,큐티핑뀨,efdb5234a95ce07f06962b18a8c1f4ed,2026-07-17,262,36422239192,2.062,,
past260,큐티핑뀨,efdb5234a95ce07f06962b18a8c1f4ed,2026-07-18,262,36422239192,2.062,,
past260,큐티핑뀨,efdb5234a95ce07f06962b18a8c1f4ed,2026-07-19,262,36422239192,2.062,,
past260,큐티핑뀨,efdb5234a95ce07f06962b18a8c1f4ed,2026-07-20,262,36422239192,2.062,1722831,
past260,큐티핑뀨,efdb5234a95ce07f06962b18a8c1f4ed,2026-07-21,262,36422239192,2.062,,
past260,큐티핑뀨,efdb5234a95ce07f06962b18a8c1f4ed,2026-07-22,262,36422239192,2.062,,
past260,부진보고,4a14a6ced7a77b7228fa025ca4def144efe8d04e6d233bd35cf2fabdeb93fb0d,2026-06-18,262,44886252043,2.541,9699412,
past260,부진보고,4a14a6ced7a77b7228fa025ca4def144efe8d04e6d233bd35cf2fabdeb93fb0d,2026-06-19,262,44886252043,2.541,,
past260,부진보고,4a14a6ced7a77b7228fa025ca4def144efe8d04e6d233bd35cf2fabdeb93fb0d,2026-06-20,262,44886252043,2.541,,
past260,부진보고,4a14a6ced7a77b7228fa025ca4def144efe8d04e6d233bd35cf2fabdeb93fb0d,2026-06-21,262,44886252043,2.541,,
past260,부진보고,4a14a6ced7a77b7228fa025ca4def144efe8d04e6d233bd35cf2fabdeb93fb0d,2026-06-22,262,44886252043,2.541,,
past260,부진보고,4a14a6ced7a77b7228fa025ca4def144efe8d04e6d233bd35cf2fabdeb93fb0d,2026-06-23,262,44886252043,2.541,,
past260,부진보고,4a14a6ced7a77b7228fa025ca4def144efe8d04e6d233bd35cf2fabdeb93fb0d,2026-06-24,262,44886252043,2.541,,
past260,부진보고,4a14a6ced7a77b7228fa025ca4def144efe8d04e6d233bd35cf2fabdeb93fb0d,2026-06-25,262,44886252043,2.541,,
past260,부진보고,4a14a6ced7a77b7228fa025ca4def144efe8d04e6d233bd35cf2fabdeb93fb0d,2026-06-26,262,44886252043,2.541,8275048,
past260,부진보고,4a14a6ced7a77b7228fa025ca4def144efe8d04e6d233bd35cf2fabdeb93fb0d,2026-06-27,262,44886252043,2.541,,
past260,부진보고,4a14a6ced7a77b7228fa025ca4def144efe8d04e6d233bd35cf2fabdeb93fb0d,2026-06-28,262,44886252043,2.541,,
past260,부진보고,4a14a6ced7a77b7228fa025ca4def144efe8d04e6d233bd35cf2fabdeb93fb0d,2026-06-29,262,44886252043,2.541,,
past260,부진보고,4a14a6ced7a77b7228fa025ca4def144efe8d04e6d233bd35cf2fabdeb93fb0d,2026-06-30,262,44886252043,2.541,,
past260,부진보고,4a14a6ced7a77b7228fa025ca4def144efe8d04e6d233bd35cf2fabdeb93fb0d,2026-07-01,262,44886252043,2.541,,
past260,부진보고,4a14a6ced7a77b7228fa025ca4def144efe8d04e6d233bd35cf2fabdeb93fb0d,2026-07-02,262,44886252043,2.541,,
past260,부진보고,4a14a6ced7a77b7228fa025ca4def144efe8d04e6d233bd35cf2fabdeb93fb0d,2026-07-03,262,44886252043,2.541,,
past260,부진보고,4a14a6ced7a77b7228fa025ca4def144efe8d04e6d233bd35cf2fabdeb93fb0d,2026-07-04,262,44886252043,2.541,8275048,
past260,부진보고,4a14a6ced7a77b7228fa025ca4def144efe8d04e6d233bd35cf2fabdeb93fb0d,2026-07-05,262,44886252043,2.541,,
past260,부진보고,4a14a6ced7a77b7228fa025ca4def144efe8d04e6d233bd35cf2fabdeb93fb0d,2026-07-06,262,44886252043,2.541,,
past260,부진보고,4a14a6ced7a77b7228fa025ca4def144efe8d04e6d233bd35cf2fabdeb93fb0d,2026-07-07,262,44886252043,2.541,,
past260,부진보고,4a14a6ced7a77b7228fa025ca4def144efe8d04e6d233bd35cf2fabdeb93fb0d,2026-07-08,262,44886252043,2.541,,
past260,부진보고,4a14a6ced7a77b7228fa025ca4def144efe8d04e6d233bd35cf2fabdeb93fb0d,2026-07-09,262,44886252043,2.541,,
past260,부진보고,4a14a6ced7a77b7228fa025ca4def144efe8d04e6d233bd35cf2fabdeb93fb0d,2026-07-10,262,44886252043,2.541,,
past260,부진보고,4a14a6ced7a77b7228fa025ca4def144efe8d04e6d233bd35cf2fabdeb93fb0d,2026-07-11,262,44886252043,2.541,,
past260,부진보고,4a14a6ced7a77b7228fa025ca4def144efe8d04e6d233bd35cf2fabdeb93fb0d,2026-07-12,262,44886252043,2.541,10404656,
past260,부진보고,4a14a6ced7a77b7228fa025ca4def144efe8d04e6d233bd35cf2fabdeb93fb0d,2026-07-13,262,44886252043,2.541,,
past260,부진보고,4a14a6ced7a77b7228fa025ca4def144efe8d04e6d233bd35cf2fabdeb93fb0d,2026-07-14,262,44886252043,2.541,,
past260,부진보고,4a14a6ced7a77b7228fa025ca4def144efe8d04e6d233bd35cf2fabdeb93fb0d,2026-07-15,262,44886252043,2.541,,
past260,부진보고,4a14a6ced7a77b7228fa025ca4def144efe8d04e6d233bd35cf2fabdeb93fb0d,2026-07-16,262,44886252043,2.541,,
past260,부진보고,4a14a6ced7a77b7228fa025ca4def144efe8d04e6d233bd35cf2fabdeb93fb0d,2026-07-17,262,44886252043,2.541,,
past260,부진보고,4a14a6ced7a77b7228fa025ca4def144efe8d04e6d233bd35cf2fabdeb93fb0d,2026-07-18,262,44886252043,2.541,,
past260,부진보고,4a14a6ced7a77b7228fa025ca4def144efe8d04e6d233bd35cf2fabdeb93fb0d,2026-07-19,262,44886252043,2.541,,
past260,부진보고,4a14a6ced7a77b7228fa025ca4def144efe8d04e6d233bd35cf2fabdeb93fb0d,2026-07-20,262,44886252043,2.541,10404656,
past260,부진보고,4a14a6ced7a77b7228fa025ca4def144efe8d04e6d233bd35cf2fabdeb93fb0d,2026-07-21,262,44886252043,2.541,,
past260,부진보고,4a14a6ced7a77b7228fa025ca4def144efe8d04e6d233bd35cf2fabdeb93fb0d,2026-07-22,262,44886252043,2.541,,
past260,곤듀S2각박고,,2026-06-18,,,,,ocid_failed
past260,곤듀S2각박고,,2026-06-19,,,,,ocid_failed
past260,곤듀S2각박고,,2026-06-20,,,,,ocid_failed
past260,곤듀S2각박고,,2026-06-21,,,,,ocid_failed
past260,곤듀S2각박고,,2026-06-22,,,,,ocid_failed
past260,곤듀S2각박고,,2026-06-23,,,,,ocid_failed
past260,곤듀S2각박고,,2026-06-24,,,,,ocid_failed
past260,곤듀S2각박고,,2026-06-25,,,,,ocid_failed
past260,곤듀S2각박고,,2026-06-26,,,,,ocid_failed
past260,곤듀S2각박고,,2026-06-27,,,,,ocid_failed
past260,곤듀S2각박고,,2026-06-28,,,,,ocid_failed
past260,곤듀S2각박고,,2026-06-29,,,,,ocid_failed
past260,곤듀S2각박고,,2026-06-30,,,,,ocid_failed
past260,곤듀S2각박고,,2026-07-01,,,,,ocid_failed
past260,곤듀S2각박고,,2026-07-02,,,,,ocid_failed
past260,곤듀S2각박고,,2026-07-03,,,,,ocid_failed
past260,곤듀S2각박고,,2026-07-04,,,,,ocid_failed
past260,곤듀S2각박고,,2026-07-05,,,,,ocid_failed
past260,곤듀S2각박고,,2026-07-06,,,,,ocid_failed
past260,곤듀S2각박고,,2026-07-07,,,,,ocid_failed
past260,곤듀S2각박고,,2026-07-08,,,,,ocid_failed
past260,곤듀S2각박고,,2026-07-09,,,,,ocid_failed
past260,곤듀S2각박고,,2026-07-10,,,,,ocid_failed
past260,곤듀S2각박고,,2026-07-11,,,,,ocid_failed
past260,곤듀S2각박고,,2026-07-12,,,,,ocid_failed
past260,곤듀S2각박고,,2026-07-13,,,,,ocid_failed
past260,곤듀S2각박고,,2026-07-14,,,,,ocid_failed
past260,곤듀S2각박고,,2026-07-15,,,,,ocid_failed
past260,곤듀S2각박고,,2026-07-16,,,,,ocid_failed
past260,곤듀S2각박고,,2026-07-17,,,,,ocid_failed
past260,곤듀S2각박고,,2026-07-18,,,,,ocid_failed
past260,곤듀S2각박고,,2026-07-19,,,,,ocid_failed
past260,곤듀S2각박고,,2026-07-20,,,,,ocid_failed
past260,곤듀S2각박고,,2026-07-21,,,,,ocid_failed
past260,곤듀S2각박고,,2026-07-22,,,,,ocid_failed
past260,무명의설움,663c92931f3865c779567b4a39ac74bbefe8d04e6d233bd35cf2fabdeb93fb0d,2026-06-18,262,23495433247,1.330,7679802,
past260,무명의설움,663c92931f3865c779567b4a39ac74bbefe8d04e6d233bd35cf2fabdeb93fb0d,2026-06-19,262,23495433247,1.330,,
past260,무명의설움,663c92931f3865c779567b4a39ac74bbefe8d04e6d233bd35cf2fabdeb93fb0d,2026-06-20,262,23495433247,1.330,,
past260,무명의설움,663c92931f3865c779567b4a39ac74bbefe8d04e6d233bd35cf2fabdeb93fb0d,2026-06-21,262,23495433247,1.330,,
past260,무명의설움,663c92931f3865c779567b4a39ac74bbefe8d04e6d233bd35cf2fabdeb93fb0d,2026-06-22,262,23495433247,1.330,,
past260,무명의설움,663c92931f3865c779567b4a39ac74bbefe8d04e6d233bd35cf2fabdeb93fb0d,2026-06-23,262,23495433247,1.330,,
past260,무명의설움,663c92931f3865c779567b4a39ac74bbefe8d04e6d233bd35cf2fabdeb93fb0d,2026-06-24,262,23495433247,1.330,,
past260,무명의설움,663c92931f3865c779567b4a39ac74bbefe8d04e6d233bd35cf2fabdeb93fb0d,2026-06-25,262,23495433247,1.330,,
past260,무명의설움,663c92931f3865c779567b4a39ac74bbefe8d04e6d233bd35cf2fabdeb93fb0d,2026-06-26,262,23495433247,1.330,7679802,
past260,무명의설움,663c92931f3865c779567b4a39ac74bbefe8d04e6d233bd35cf2fabdeb93fb0d,2026-06-27,262,23495433247,1.330,,
past260,무명의설움,663c92931f3865c779567b4a39ac74bbefe8d04e6d233bd35cf2fabdeb93fb0d,2026-06-28,262,23495433247,1.330,,
past260,무명의설움,663c92931f3865c779567b4a39ac74bbefe8d04e6d233bd35cf2fabdeb93fb0d,2026-06-29,262,23495433247,1.330,,
past260,무명의설움,663c92931f3865c779567b4a39ac74bbefe8d04e6d233bd35cf2fabdeb93fb0d,2026-06-30,262,23495433247,1.330,,
past260,무명의설움,663c92931f3865c779567b4a39ac74bbefe8d04e6d233bd35cf2fabdeb93fb0d,2026-07-01,262,23495433247,1.330,,
past260,무명의설움,663c92931f3865c779567b4a39ac74bbefe8d04e6d233bd35cf2fabdeb93fb0d,2026-07-02,262,23495433247,1.330,,
past260,무명의설움,663c92931f3865c779567b4a39ac74bbefe8d04e6d233bd35cf2fabdeb93fb0d,2026-07-03,262,23495433247,1.330,,
past260,무명의설움,663c92931f3865c779567b4a39ac74bbefe8d04e6d233bd35cf2fabdeb93fb0d,2026-07-04,262,23495433247,1.330,7679802,
past260,무명의설움,663c92931f3865c779567b4a39ac74bbefe8d04e6d233bd35cf2fabdeb93fb0d,2026-07-05,262,23495433247,1.330,,
past260,무명의설움,663c92931f3865c779567b4a39ac74bbefe8d04e6d233bd35cf2fabdeb93fb0d,2026-07-06,262,23495433247,1.330,,
past260,무명의설움,663c92931f3865c779567b4a39ac74bbefe8d04e6d233bd35cf2fabdeb93fb0d,2026-07-07,262,23495433247,1.330,,
past260,무명의설움,663c92931f3865c779567b4a39ac74bbefe8d04e6d233bd35cf2fabdeb93fb0d,2026-07-08,262,23495433247,1.330,,
past260,무명의설움,663c92931f3865c779567b4a39ac74bbefe8d04e6d233bd35cf2fabdeb93fb0d,2026-07-09,262,23495433247,1.330,,
past260,무명의설움,663c92931f3865c779567b4a39ac74bbefe8d04e6d233bd35cf2fabdeb93fb0d,2026-07-10,262,23495433247,1.330,,
past260,무명의설움,663c92931f3865c779567b4a39ac74bbefe8d04e6d233bd35cf2fabdeb93fb0d,2026-07-11,262,23495433247,1.330,,
past260,무명의설움,663c92931f3865c779567b4a39ac74bbefe8d04e6d233bd35cf2fabdeb93fb0d,2026-07-12,262,23495433247,1.330,7679802,
past260,무명의설움,663c92931f3865c779567b4a39ac74bbefe8d04e6d233bd35cf2fabdeb93fb0d,2026-07-13,262,23495433247,1.330,,
past260,무명의설움,663c92931f3865c779567b4a39ac74bbefe8d04e6d233bd35cf2fabdeb93fb0d,2026-07-14,262,23495433247,1.330,,
past260,무명의설움,663c92931f3865c779567b4a39ac74bbefe8d04e6d233bd35cf2fabdeb93fb0d,2026-07-15,262,23495433247,1.330,,
past260,무명의설움,663c92931f3865c779567b4a39ac74bbefe8d04e6d233bd35cf2fabdeb93fb0d,2026-07-16,262,23495433247,1.330,,
past260,무명의설움,663c92931f3865c779567b4a39ac74bbefe8d04e6d233bd35cf2fabdeb93fb0d,2026-07-17,262,23495433247,1.330,,
past260,무명의설움,663c92931f3865c779567b4a39ac74bbefe8d04e6d233bd35cf2fabdeb93fb0d,2026-07-18,262,23495433247,1.330,,
past260,무명의설움,663c92931f3865c779567b4a39ac74bbefe8d04e6d233bd35cf2fabdeb93fb0d,2026-07-19,262,23495433247,1.330,,
past260,무명의설움,663c92931f3865c779567b4a39ac74bbefe8d04e6d233bd35cf2fabdeb93fb0d,2026-07-20,262,23495433247,1.330,7701243,
past260,무명의설움,663c92931f3865c779567b4a39ac74bbefe8d04e6d233bd35cf2fabdeb93fb0d,2026-07-21,262,23495433247,1.330,,
past260,무명의설움,663c92931f3865c779567b4a39ac74bbefe8d04e6d233bd35cf2fabdeb93fb0d,2026-07-22,262,23495433247,1.330,,
past260,박zi,7b22ef6bda01c73900a2aa09bb869e52efe8d04e6d233bd35cf2fabdeb93fb0d,2026-06-18,262,23568454964,1.334,925233,
past260,박zi,7b22ef6bda01c73900a2aa09bb869e52efe8d04e6d233bd35cf2fabdeb93fb0d,2026-06-19,262,23568454964,1.334,,
past260,박zi,7b22ef6bda01c73900a2aa09bb869e52efe8d04e6d233bd35cf2fabdeb93fb0d,2026-06-20,262,23568454964,1.334,,
past260,박zi,7b22ef6bda01c73900a2aa09bb869e52efe8d04e6d233bd35cf2fabdeb93fb0d,2026-06-21,262,23568454964,1.334,,
past260,박zi,7b22ef6bda01c73900a2aa09bb869e52efe8d04e6d233bd35cf2fabdeb93fb0d,2026-06-22,262,23568454964,1.334,,
past260,박zi,7b22ef6bda01c73900a2aa09bb869e52efe8d04e6d233bd35cf2fabdeb93fb0d,2026-06-23,262,23568454964,1.334,,
past260,박zi,7b22ef6bda01c73900a2aa09bb869e52efe8d04e6d233bd35cf2fabdeb93fb0d,2026-06-24,262,23568454964,1.334,,
past260,박zi,7b22ef6bda01c73900a2aa09bb869e52efe8d04e6d233bd35cf2fabdeb93fb0d,2026-06-25,262,23568454964,1.334,,
past260,박zi,7b22ef6bda01c73900a2aa09bb869e52efe8d04e6d233bd35cf2fabdeb93fb0d,2026-06-26,262,23568454964,1.334,925233,
past260,박zi,7b22ef6bda01c73900a2aa09bb869e52efe8d04e6d233bd35cf2fabdeb93fb0d,2026-06-27,262,23568454964,1.334,,
past260,박zi,7b22ef6bda01c73900a2aa09bb869e52efe8d04e6d233bd35cf2fabdeb93fb0d,2026-06-28,262,23568454964,1.334,,
past260,박zi,7b22ef6bda01c73900a2aa09bb869e52efe8d04e6d233bd35cf2fabdeb93fb0d,2026-06-29,262,23568454964,1.334,,
past260,박zi,7b22ef6bda01c73900a2aa09bb869e52efe8d04e6d233bd35cf2fabdeb93fb0d,2026-06-30,262,23568454964,1.334,,
past260,박zi,7b22ef6bda01c73900a2aa09bb869e52efe8d04e6d233bd35cf2fabdeb93fb0d,2026-07-01,262,23568454964,1.334,,
past260,박zi,7b22ef6bda01c73900a2aa09bb869e52efe8d04e6d233bd35cf2fabdeb93fb0d,2026-07-02,262,23568454964,1.334,,
past260,박zi,7b22ef6bda01c73900a2aa09bb869e52efe8d04e6d233bd35cf2fabdeb93fb0d,2026-07-03,262,23568454964,1.334,,
past260,박zi,7b22ef6bda01c73900a2aa09bb869e52efe8d04e6d233bd35cf2fabdeb93fb0d,2026-07-04,262,23568454964,1.334,925233,
past260,박zi,7b22ef6bda01c73900a2aa09bb869e52efe8d04e6d233bd35cf2fabdeb93fb0d,2026-07-05,262,23568454964,1.334,,
past260,박zi,7b22ef6bda01c73900a2aa09bb869e52efe8d04e6d233bd35cf2fabdeb93fb0d,2026-07-06,262,23568454964,1.334,,
past260,박zi,7b22ef6bda01c73900a2aa09bb869e52efe8d04e6d233bd35cf2fabdeb93fb0d,2026-07-07,262,23568454964,1.334,,
past260,박zi,7b22ef6bda01c73900a2aa09bb869e52efe8d04e6d233bd35cf2fabdeb93fb0d,2026-07-08,262,23568454964,1.334,,
past260,박zi,7b22ef6bda01c73900a2aa09bb869e52efe8d04e6d233bd35cf2fabdeb93fb0d,2026-07-09,262,23568454964,1.334,,
past260,박zi,7b22ef6bda01c73900a2aa09bb869e52efe8d04e6d233bd35cf2fabdeb93fb0d,2026-07-10,262,23568454964,1.334,,
past260,박zi,7b22ef6bda01c73900a2aa09bb869e52efe8d04e6d233bd35cf2fabdeb93fb0d,2026-07-11,262,23568454964,1.334,,
past260,박zi,7b22ef6bda01c73900a2aa09bb869e52efe8d04e6d233bd35cf2fabdeb93fb0d,2026-07-12,262,23568454964,1.334,1318632,
past260,박zi,7b22ef6bda01c73900a2aa09bb869e52efe8d04e6d233bd35cf2fabdeb93fb0d,2026-07-13,262,23568454964,1.334,,
past260,박zi,7b22ef6bda01c73900a2aa09bb869e52efe8d04e6d233bd35cf2fabdeb93fb0d,2026-07-14,262,23568454964,1.334,,
past260,박zi,7b22ef6bda01c73900a2aa09bb869e52efe8d04e6d233bd35cf2fabdeb93fb0d,2026-07-15,262,23568454964,1.334,,
past260,박zi,7b22ef6bda01c73900a2aa09bb869e52efe8d04e6d233bd35cf2fabdeb93fb0d,2026-07-16,262,23568454964,1.334,,
past260,박zi,7b22ef6bda01c73900a2aa09bb869e52efe8d04e6d233bd35cf2fabdeb93fb0d,2026-07-17,262,23568454964,1.334,,
past260,박zi,7b22ef6bda01c73900a2aa09bb869e52efe8d04e6d233bd35cf2fabdeb93fb0d,2026-07-18,262,23568454964,1.334,,
past260,박zi,7b22ef6bda01c73900a2aa09bb869e52efe8d04e6d233bd35cf2fabdeb93fb0d,2026-07-19,262,23568454964,1.334,,
past260,박zi,7b22ef6bda01c73900a2aa09bb869e52efe8d04e6d233bd35cf2fabdeb93fb0d,2026-07-20,262,23568454964,1.334,1318632,
past260,박zi,7b22ef6bda01c73900a2aa09bb869e52efe8d04e6d233bd35cf2fabdeb93fb0d,2026-07-21,262,23568454964,1.334,,
past260,박zi,7b22ef6bda01c73900a2aa09bb869e52efe8d04e6d233bd35cf2fabdeb93fb0d,2026-07-22,262,23568454964,1.334,,
past260,틸드석궁,5cd2f296d88462287cbf05841f6adc81,2026-06-18,262,27592960439,1.562,1388124,
past260,틸드석궁,5cd2f296d88462287cbf05841f6adc81,2026-06-19,262,27592960439,1.562,,
past260,틸드석궁,5cd2f296d88462287cbf05841f6adc81,2026-06-20,262,27592960439,1.562,,
past260,틸드석궁,5cd2f296d88462287cbf05841f6adc81,2026-06-21,262,27592960439,1.562,,
past260,틸드석궁,5cd2f296d88462287cbf05841f6adc81,2026-06-22,262,27592960439,1.562,,
past260,틸드석궁,5cd2f296d88462287cbf05841f6adc81,2026-06-23,262,27592960439,1.562,,
past260,틸드석궁,5cd2f296d88462287cbf05841f6adc81,2026-06-24,262,27592960439,1.562,,
past260,틸드석궁,5cd2f296d88462287cbf05841f6adc81,2026-06-25,262,27592960439,1.562,,
past260,틸드석궁,5cd2f296d88462287cbf05841f6adc81,2026-06-26,262,27592960439,1.562,1388124,
past260,틸드석궁,5cd2f296d88462287cbf05841f6adc81,2026-06-27,262,27592960439,1.562,,
past260,틸드석궁,5cd2f296d88462287cbf05841f6adc81,2026-06-28,262,27592960439,1.562,,
past260,틸드석궁,5cd2f296d88462287cbf05841f6adc81,2026-06-29,262,27592960439,1.562,,
past260,틸드석궁,5cd2f296d88462287cbf05841f6adc81,2026-06-30,262,27592960439,1.562,,
past260,틸드석궁,5cd2f296d88462287cbf05841f6adc81,2026-07-01,262,27592960439,1.562,,
past260,틸드석궁,5cd2f296d88462287cbf05841f6adc81,2026-07-02,262,27592960439,1.562,,
past260,틸드석궁,5cd2f296d88462287cbf05841f6adc81,2026-07-03,262,27592960439,1.562,,
past260,틸드석궁,5cd2f296d88462287cbf05841f6adc81,2026-07-04,262,27592960439,1.562,1388124,
past260,틸드석궁,5cd2f296d88462287cbf05841f6adc81,2026-07-05,262,27592960439,1.562,,
past260,틸드석궁,5cd2f296d88462287cbf05841f6adc81,2026-07-06,262,27592960439,1.562,,
past260,틸드석궁,5cd2f296d88462287cbf05841f6adc81,2026-07-07,262,27592960439,1.562,,
past260,틸드석궁,5cd2f296d88462287cbf05841f6adc81,2026-07-08,262,27592960439,1.562,,
past260,틸드석궁,5cd2f296d88462287cbf05841f6adc81,2026-07-09,262,27592960439,1.562,,
past260,틸드석궁,5cd2f296d88462287cbf05841f6adc81,2026-07-10,262,27592960439,1.562,,
past260,틸드석궁,5cd2f296d88462287cbf05841f6adc81,2026-07-11,262,27592960439,1.562,,
past260,틸드석궁,5cd2f296d88462287cbf05841f6adc81,2026-07-12,262,27592960439,1.562,1388124,
past260,틸드석궁,5cd2f296d88462287cbf05841f6adc81,2026-07-13,262,27592960439,1.562,,
past260,틸드석궁,5cd2f296d88462287cbf05841f6adc81,2026-07-14,262,27592960439,1.562,,
past260,틸드석궁,5cd2f296d88462287cbf05841f6adc81,2026-07-15,262,27592960439,1.562,,
past260,틸드석궁,5cd2f296d88462287cbf05841f6adc81,2026-07-16,262,27592960439,1.562,,
past260,틸드석궁,5cd2f296d88462287cbf05841f6adc81,2026-07-17,262,27592960439,1.562,,
past260,틸드석궁,5cd2f296d88462287cbf05841f6adc81,2026-07-18,262,27592960439,1.562,,
past260,틸드석궁,5cd2f296d88462287cbf05841f6adc81,2026-07-19,262,27592960439,1.562,,
past260,틸드석궁,5cd2f296d88462287cbf05841f6adc81,2026-07-20,262,27592960439,1.562,1388124,
past260,틸드석궁,5cd2f296d88462287cbf05841f6adc81,2026-07-21,262,27592960439,1.562,,
past260,틸드석궁,5cd2f296d88462287cbf05841f6adc81,2026-07-22,262,27592960439,1.562,,
past260,히로반창고,1deb5a6bdf0e53c146d8f720ddeb4ae5,2026-06-18,262,18743657038,1.061,0,
past260,히로반창고,1deb5a6bdf0e53c146d8f720ddeb4ae5,2026-06-19,262,18743657038,1.061,,
past260,히로반창고,1deb5a6bdf0e53c146d8f720ddeb4ae5,2026-06-20,262,18743657038,1.061,,
past260,히로반창고,1deb5a6bdf0e53c146d8f720ddeb4ae5,2026-06-21,262,18743657038,1.061,,
past260,히로반창고,1deb5a6bdf0e53c146d8f720ddeb4ae5,2026-06-22,262,18743657038,1.061,,
past260,히로반창고,1deb5a6bdf0e53c146d8f720ddeb4ae5,2026-06-23,262,18743657038,1.061,,
past260,히로반창고,1deb5a6bdf0e53c146d8f720ddeb4ae5,2026-06-24,262,18743657038,1.061,,
past260,히로반창고,1deb5a6bdf0e53c146d8f720ddeb4ae5,2026-06-25,262,18743657038,1.061,,
past260,히로반창고,1deb5a6bdf0e53c146d8f720ddeb4ae5,2026-06-26,262,18743657038,1.061,0,
past260,히로반창고,1deb5a6bdf0e53c146d8f720ddeb4ae5,2026-06-27,262,18743657038,1.061,,
past260,히로반창고,1deb5a6bdf0e53c146d8f720ddeb4ae5,2026-06-28,262,18743657038,1.061,,
past260,히로반창고,1deb5a6bdf0e53c146d8f720ddeb4ae5,2026-06-29,262,18743657038,1.061,,
past260,히로반창고,1deb5a6bdf0e53c146d8f720ddeb4ae5,2026-06-30,262,18743657038,1.061,,
past260,히로반창고,1deb5a6bdf0e53c146d8f720ddeb4ae5,2026-07-01,262,18743657038,1.061,,
past260,히로반창고,1deb5a6bdf0e53c146d8f720ddeb4ae5,2026-07-02,262,18743657038,1.061,,
past260,히로반창고,1deb5a6bdf0e53c146d8f720ddeb4ae5,2026-07-03,262,18743657038,1.061,,
past260,히로반창고,1deb5a6bdf0e53c146d8f720ddeb4ae5,2026-07-04,262,18743657038,1.061,0,
past260,히로반창고,1deb5a6bdf0e53c146d8f720ddeb4ae5,2026-07-05,262,18743657038,1.061,,
past260,히로반창고,1deb5a6bdf0e53c146d8f720ddeb4ae5,2026-07-06,262,18743657038,1.061,,
past260,히로반창고,1deb5a6bdf0e53c146d8f720ddeb4ae5,2026-07-07,262,18743657038,1.061,,
past260,히로반창고,1deb5a6bdf0e53c146d8f720ddeb4ae5,2026-07-08,262,18743657038,1.061,,
past260,히로반창고,1deb5a6bdf0e53c146d8f720ddeb4ae5,2026-07-09,262,18743657038,1.061,,
past260,히로반창고,1deb5a6bdf0e53c146d8f720ddeb4ae5,2026-07-10,262,18743657038,1.061,,
past260,히로반창고,1deb5a6bdf0e53c146d8f720ddeb4ae5,2026-07-11,262,18743657038,1.061,,
past260,히로반창고,1deb5a6bdf0e53c146d8f720ddeb4ae5,2026-07-12,262,18743657038,1.061,0,
past260,히로반창고,1deb5a6bdf0e53c146d8f720ddeb4ae5,2026-07-13,262,18743657038,1.061,,
past260,히로반창고,1deb5a6bdf0e53c146d8f720ddeb4ae5,2026-07-14,262,18743657038,1.061,,
past260,히로반창고,1deb5a6bdf0e53c146d8f720ddeb4ae5,2026-07-15,262,18743657038,1.061,,
past260,히로반창고,1deb5a6bdf0e53c146d8f720ddeb4ae5,2026-07-16,262,18743657038,1.061,,
past260,히로반창고,1deb5a6bdf0e53c146d8f720ddeb4ae5,2026-07-17,262,18743657038,1.061,,
past260,히로반창고,1deb5a6bdf0e53c146d8f720ddeb4ae5,2026-07-18,262,18743657038,1.061,,
past260,히로반창고,1deb5a6bdf0e53c146d8f720ddeb4ae5,2026-07-19,262,18743657038,1.061,,
past260,히로반창고,1deb5a6bdf0e53c146d8f720ddeb4ae5,2026-07-20,262,18743657038,1.061,0,
past260,히로반창고,1deb5a6bdf0e53c146d8f720ddeb4ae5,2026-07-21,262,18743657038,1.061,,
past260,히로반창고,1deb5a6bdf0e53c146d8f720ddeb4ae5,2026-07-22,262,18743657038,1.061,,
past260,썬푭,daaf961d9aa23f66c0669a3d2ce8290aefe8d04e6d233bd35cf2fabdeb93fb0d,2026-06-18,262,30293454194,1.715,0,
past260,썬푭,daaf961d9aa23f66c0669a3d2ce8290aefe8d04e6d233bd35cf2fabdeb93fb0d,2026-06-19,262,30293454194,1.715,,
past260,썬푭,daaf961d9aa23f66c0669a3d2ce8290aefe8d04e6d233bd35cf2fabdeb93fb0d,2026-06-20,262,30293454194,1.715,,
past260,썬푭,daaf961d9aa23f66c0669a3d2ce8290aefe8d04e6d233bd35cf2fabdeb93fb0d,2026-06-21,262,30293454194,1.715,,
past260,썬푭,daaf961d9aa23f66c0669a3d2ce8290aefe8d04e6d233bd35cf2fabdeb93fb0d,2026-06-22,262,30293454194,1.715,,
past260,썬푭,daaf961d9aa23f66c0669a3d2ce8290aefe8d04e6d233bd35cf2fabdeb93fb0d,2026-06-23,262,30293454194,1.715,,
past260,썬푭,daaf961d9aa23f66c0669a3d2ce8290aefe8d04e6d233bd35cf2fabdeb93fb0d,2026-06-24,262,30293454194,1.715,,
past260,썬푭,daaf961d9aa23f66c0669a3d2ce8290aefe8d04e6d233bd35cf2fabdeb93fb0d,2026-06-25,262,30293454194,1.715,,
past260,썬푭,daaf961d9aa23f66c0669a3d2ce8290aefe8d04e6d233bd35cf2fabdeb93fb0d,2026-06-26,262,30293454194,1.715,0,
past260,썬푭,daaf961d9aa23f66c0669a3d2ce8290aefe8d04e6d233bd35cf2fabdeb93fb0d,2026-06-27,262,30293454194,1.715,,
past260,썬푭,daaf961d9aa23f66c0669a3d2ce8290aefe8d04e6d233bd35cf2fabdeb93fb0d,2026-06-28,262,30293454194,1.715,,
past260,썬푭,daaf961d9aa23f66c0669a3d2ce8290aefe8d04e6d233bd35cf2fabdeb93fb0d,2026-06-29,262,30293454194,1.715,,
past260,썬푭,daaf961d9aa23f66c0669a3d2ce8290aefe8d04e6d233bd35cf2fabdeb93fb0d,2026-06-30,262,30293454194,1.715,,
past260,썬푭,daaf961d9aa23f66c0669a3d2ce8290aefe8d04e6d233bd35cf2fabdeb93fb0d,2026-07-01,262,30293454194,1.715,,
past260,썬푭,daaf961d9aa23f66c0669a3d2ce8290aefe8d04e6d233bd35cf2fabdeb93fb0d,2026-07-02,262,30293454194,1.715,,
past260,썬푭,daaf961d9aa23f66c0669a3d2ce8290aefe8d04e6d233bd35cf2fabdeb93fb0d,2026-07-03,262,30293454194,1.715,,
past260,썬푭,daaf961d9aa23f66c0669a3d2ce8290aefe8d04e6d233bd35cf2fabdeb93fb0d,2026-07-04,262,30293454194,1.715,0,
past260,썬푭,daaf961d9aa23f66c0669a3d2ce8290aefe8d04e6d233bd35cf2fabdeb93fb0d,2026-07-05,262,30293454194,1.715,,
past260,썬푭,daaf961d9aa23f66c0669a3d2ce8290aefe8d04e6d233bd35cf2fabdeb93fb0d,2026-07-06,262,30293454194,1.715,,
past260,썬푭,daaf961d9aa23f66c0669a3d2ce8290aefe8d04e6d233bd35cf2fabdeb93fb0d,2026-07-07,262,30293454194,1.715,,
past260,썬푭,daaf961d9aa23f66c0669a3d2ce8290aefe8d04e6d233bd35cf2fabdeb93fb0d,2026-07-08,262,30293454194,1.715,,
past260,썬푭,daaf961d9aa23f66c0669a3d2ce8290aefe8d04e6d233bd35cf2fabdeb93fb0d,2026-07-09,262,30293454194,1.715,,
past260,썬푭,daaf961d9aa23f66c0669a3d2ce8290aefe8d04e6d233bd35cf2fabdeb93fb0d,2026-07-10,262,30293454194,1.715,,
past260,썬푭,daaf961d9aa23f66c0669a3d2ce8290aefe8d04e6d233bd35cf2fabdeb93fb0d,2026-07-11,262,30293454194,1.715,,
past260,썬푭,daaf961d9aa23f66c0669a3d2ce8290aefe8d04e6d233bd35cf2fabdeb93fb0d,2026-07-12,262,30293454194,1.715,0,
past260,썬푭,daaf961d9aa23f66c0669a3d2ce8290aefe8d04e6d233bd35cf2fabdeb93fb0d,2026-07-13,262,30293454194,1.715,,
past260,썬푭,daaf961d9aa23f66c0669a3d2ce8290aefe8d04e6d233bd35cf2fabdeb93fb0d,2026-07-14,262,30293454194,1.715,,
past260,썬푭,daaf961d9aa23f66c0669a3d2ce8290aefe8d04e6d233bd35cf2fabdeb93fb0d,2026-07-15,262,30293454194,1.715,,
past260,썬푭,daaf961d9aa23f66c0669a3d2ce8290aefe8d04e6d233bd35cf2fabdeb93fb0d,2026-07-16,262,30293454194,1.715,,
past260,썬푭,daaf961d9aa23f66c0669a3d2ce8290aefe8d04e6d233bd35cf2fabdeb93fb0d,2026-07-17,262,30293454194,1.715,,
past260,썬푭,daaf961d9aa23f66c0669a3d2ce8290aefe8d04e6d233bd35cf2fabdeb93fb0d,2026-07-18,262,30293454194,1.715,,
past260,썬푭,daaf961d9aa23f66c0669a3d2ce8290aefe8d04e6d233bd35cf2fabdeb93fb0d,2026-07-19,262,30293454194,1.715,,
past260,썬푭,daaf961d9aa23f66c0669a3d2ce8290aefe8d04e6d233bd35cf2fabdeb93fb0d,2026-07-20,262,30293454194,1.715,0,
past260,썬푭,daaf961d9aa23f66c0669a3d2ce8290aefe8d04e6d233bd35cf2fabdeb93fb0d,2026-07-21,262,30293454194,1.715,,
past260,썬푭,daaf961d9aa23f66c0669a3d2ce8290aefe8d04e6d233bd35cf2fabdeb93fb0d,2026-07-22,262,30293454194,1.715,,
past260,날강도의하루,2da87066cf4c86508ae045c862ea752d,2026-06-18,262,47927890690,2.713,4033153,
past260,날강도의하루,2da87066cf4c86508ae045c862ea752d,2026-06-19,262,47927890690,2.713,,
past260,날강도의하루,2da87066cf4c86508ae045c862ea752d,2026-06-20,262,47927890690,2.713,,
past260,날강도의하루,2da87066cf4c86508ae045c862ea752d,2026-06-21,262,47927890690,2.713,,
past260,날강도의하루,2da87066cf4c86508ae045c862ea752d,2026-06-22,262,47927890690,2.713,,
past260,날강도의하루,2da87066cf4c86508ae045c862ea752d,2026-06-23,262,47927890690,2.713,,
past260,날강도의하루,2da87066cf4c86508ae045c862ea752d,2026-06-24,262,47927890690,2.713,,
past260,날강도의하루,2da87066cf4c86508ae045c862ea752d,2026-06-25,262,47927890690,2.713,,
past260,날강도의하루,2da87066cf4c86508ae045c862ea752d,2026-06-26,262,47927890690,2.713,4033153,
past260,날강도의하루,2da87066cf4c86508ae045c862ea752d,2026-06-27,262,47927890690,2.713,,
past260,날강도의하루,2da87066cf4c86508ae045c862ea752d,2026-06-28,262,47927890690,2.713,,
past260,날강도의하루,2da87066cf4c86508ae045c862ea752d,2026-06-29,262,47927890690,2.713,,
past260,날강도의하루,2da87066cf4c86508ae045c862ea752d,2026-06-30,262,47927890690,2.713,,
past260,날강도의하루,2da87066cf4c86508ae045c862ea752d,2026-07-01,262,47927890690,2.713,,
past260,날강도의하루,2da87066cf4c86508ae045c862ea752d,2026-07-02,262,47927890690,2.713,,
past260,날강도의하루,2da87066cf4c86508ae045c862ea752d,2026-07-03,262,47927890690,2.713,,
past260,날강도의하루,2da87066cf4c86508ae045c862ea752d,2026-07-04,262,47927890690,2.713,4033153,
past260,날강도의하루,2da87066cf4c86508ae045c862ea752d,2026-07-05,262,47927890690,2.713,,
past260,날강도의하루,2da87066cf4c86508ae045c862ea752d,2026-07-06,262,47927890690,2.713,,
past260,날강도의하루,2da87066cf4c86508ae045c862ea752d,2026-07-07,262,47927890690,2.713,,
past260,날강도의하루,2da87066cf4c86508ae045c862ea752d,2026-07-08,262,47927890690,2.713,,
past260,날강도의하루,2da87066cf4c86508ae045c862ea752d,2026-07-09,262,47927890690,2.713,,
past260,날강도의하루,2da87066cf4c86508ae045c862ea752d,2026-07-10,262,47927890690,2.713,,
past260,날강도의하루,2da87066cf4c86508ae045c862ea752d,2026-07-11,262,47927890690,2.713,,
past260,날강도의하루,2da87066cf4c86508ae045c862ea752d,2026-07-12,262,47927890690,2.713,4033153,
past260,날강도의하루,2da87066cf4c86508ae045c862ea752d,2026-07-13,262,47927890690,2.713,,
past260,날강도의하루,2da87066cf4c86508ae045c862ea752d,2026-07-14,262,47927890690,2.713,,
past260,날강도의하루,2da87066cf4c86508ae045c862ea752d,2026-07-15,262,47927890690,2.713,,
past260,날강도의하루,2da87066cf4c86508ae045c862ea752d,2026-07-16,262,47927890690,2.713,,
past260,날강도의하루,2da87066cf4c86508ae045c862ea752d,2026-07-17,262,47927890690,2.713,,
past260,날강도의하루,2da87066cf4c86508ae045c862ea752d,2026-07-18,262,47927890690,2.713,,
past260,날강도의하루,2da87066cf4c86508ae045c862ea752d,2026-07-19,262,47927890690,2.713,,
past260,날강도의하루,2da87066cf4c86508ae045c862ea752d,2026-07-20,262,47927890690,2.713,4033153,
past260,날강도의하루,2da87066cf4c86508ae045c862ea752d,2026-07-21,262,47927890690,2.713,,
past260,날강도의하루,2da87066cf4c86508ae045c862ea752d,2026-07-22,262,47927890690,2.713,,
past260,채래렌,b3d449be6175a2b7ec6cd149841e01723663933da92e7566c55104ec9ac2894d,2026-06-18,262,43571648265,2.466,3036360,
past260,채래렌,b3d449be6175a2b7ec6cd149841e01723663933da92e7566c55104ec9ac2894d,2026-06-19,262,43571648265,2.466,,
past260,채래렌,b3d449be6175a2b7ec6cd149841e01723663933da92e7566c55104ec9ac2894d,2026-06-20,262,43571648265,2.466,,
past260,채래렌,b3d449be6175a2b7ec6cd149841e01723663933da92e7566c55104ec9ac2894d,2026-06-21,262,43571648265,2.466,,
past260,채래렌,b3d449be6175a2b7ec6cd149841e01723663933da92e7566c55104ec9ac2894d,2026-06-22,262,43571648265,2.466,,
past260,채래렌,b3d449be6175a2b7ec6cd149841e01723663933da92e7566c55104ec9ac2894d,2026-06-23,262,43571648265,2.466,,
past260,채래렌,b3d449be6175a2b7ec6cd149841e01723663933da92e7566c55104ec9ac2894d,2026-06-24,262,43571648265,2.466,,
past260,채래렌,b3d449be6175a2b7ec6cd149841e01723663933da92e7566c55104ec9ac2894d,2026-06-25,262,43571648265,2.466,,
past260,채래렌,b3d449be6175a2b7ec6cd149841e01723663933da92e7566c55104ec9ac2894d,2026-06-26,262,43571648265,2.466,3036360,
past260,채래렌,b3d449be6175a2b7ec6cd149841e01723663933da92e7566c55104ec9ac2894d,2026-06-27,262,43571648265,2.466,,
past260,채래렌,b3d449be6175a2b7ec6cd149841e01723663933da92e7566c55104ec9ac2894d,2026-06-28,262,43571648265,2.466,,
past260,채래렌,b3d449be6175a2b7ec6cd149841e01723663933da92e7566c55104ec9ac2894d,2026-06-29,262,43571648265,2.466,,
past260,채래렌,b3d449be6175a2b7ec6cd149841e01723663933da92e7566c55104ec9ac2894d,2026-06-30,262,43571648265,2.466,,
past260,채래렌,b3d449be6175a2b7ec6cd149841e01723663933da92e7566c55104ec9ac2894d,2026-07-01,262,43571648265,2.466,,
past260,채래렌,b3d449be6175a2b7ec6cd149841e01723663933da92e7566c55104ec9ac2894d,2026-07-02,262,43571648265,2.466,,
past260,채래렌,b3d449be6175a2b7ec6cd149841e01723663933da92e7566c55104ec9ac2894d,2026-07-03,262,43571648265,2.466,,
past260,채래렌,b3d449be6175a2b7ec6cd149841e01723663933da92e7566c55104ec9ac2894d,2026-07-04,262,43571648265,2.466,3036360,
past260,채래렌,b3d449be6175a2b7ec6cd149841e01723663933da92e7566c55104ec9ac2894d,2026-07-05,262,43571648265,2.466,,
past260,채래렌,b3d449be6175a2b7ec6cd149841e01723663933da92e7566c55104ec9ac2894d,2026-07-06,262,43571648265,2.466,,
past260,채래렌,b3d449be6175a2b7ec6cd149841e01723663933da92e7566c55104ec9ac2894d,2026-07-07,262,43571648265,2.466,,
past260,채래렌,b3d449be6175a2b7ec6cd149841e01723663933da92e7566c55104ec9ac2894d,2026-07-08,262,43571648265,2.466,,
past260,채래렌,b3d449be6175a2b7ec6cd149841e01723663933da92e7566c55104ec9ac2894d,2026-07-09,262,43571648265,2.466,,
past260,채래렌,b3d449be6175a2b7ec6cd149841e01723663933da92e7566c55104ec9ac2894d,2026-07-10,262,43571648265,2.466,,
past260,채래렌,b3d449be6175a2b7ec6cd149841e01723663933da92e7566c55104ec9ac2894d,2026-07-11,262,43571648265,2.466,,
past260,채래렌,b3d449be6175a2b7ec6cd149841e01723663933da92e7566c55104ec9ac2894d,2026-07-12,262,43571648265,2.466,3036360,
past260,채래렌,b3d449be6175a2b7ec6cd149841e01723663933da92e7566c55104ec9ac2894d,2026-07-13,262,43571648265,2.466,,
past260,채래렌,b3d449be6175a2b7ec6cd149841e01723663933da92e7566c55104ec9ac2894d,2026-07-14,262,43571648265,2.466,,
past260,채래렌,b3d449be6175a2b7ec6cd149841e01723663933da92e7566c55104ec9ac2894d,2026-07-15,262,43571648265,2.466,,
past260,채래렌,b3d449be6175a2b7ec6cd149841e01723663933da92e7566c55104ec9ac2894d,2026-07-16,262,43571648265,2.466,,
past260,채래렌,b3d449be6175a2b7ec6cd149841e01723663933da92e7566c55104ec9ac2894d,2026-07-17,262,43571648265,2.466,,
past260,채래렌,b3d449be6175a2b7ec6cd149841e01723663933da92e7566c55104ec9ac2894d,2026-07-18,262,43571648265,2.466,,
past260,채래렌,b3d449be6175a2b7ec6cd149841e01723663933da92e7566c55104ec9ac2894d,2026-07-19,262,43571648265,2.466,,
past260,채래렌,b3d449be6175a2b7ec6cd149841e01723663933da92e7566c55104ec9ac2894d,2026-07-20,262,43571648265,2.466,3036360,
past260,채래렌,b3d449be6175a2b7ec6cd149841e01723663933da92e7566c55104ec9ac2894d,2026-07-21,262,43571648265,2.466,,
past260,채래렌,b3d449be6175a2b7ec6cd149841e01723663933da92e7566c55104ec9ac2894d,2026-07-22,262,43571648265,2.466,,
past260,캡구신,a0d22d0ce4d0b10d0d60127926071f76efe8d04e6d233bd35cf2fabdeb93fb0d,2026-06-18,,,,,stat_key_missing
past260,캡구신,a0d22d0ce4d0b10d0d60127926071f76efe8d04e6d233bd35cf2fabdeb93fb0d,2026-06-19,,,,,
past260,캡구신,a0d22d0ce4d0b10d0d60127926071f76efe8d04e6d233bd35cf2fabdeb93fb0d,2026-06-20,,,,,
past260,캡구신,a0d22d0ce4d0b10d0d60127926071f76efe8d04e6d233bd35cf2fabdeb93fb0d,2026-06-21,,,,,
past260,캡구신,a0d22d0ce4d0b10d0d60127926071f76efe8d04e6d233bd35cf2fabdeb93fb0d,2026-06-22,,,,,
past260,캡구신,a0d22d0ce4d0b10d0d60127926071f76efe8d04e6d233bd35cf2fabdeb93fb0d,2026-06-23,,,,,
past260,캡구신,a0d22d0ce4d0b10d0d60127926071f76efe8d04e6d233bd35cf2fabdeb93fb0d,2026-06-24,,,,,
past260,캡구신,a0d22d0ce4d0b10d0d60127926071f76efe8d04e6d233bd35cf2fabdeb93fb0d,2026-06-25,,,,,
past260,캡구신,a0d22d0ce4d0b10d0d60127926071f76efe8d04e6d233bd35cf2fabdeb93fb0d,2026-06-26,,,,,stat_key_missing
past260,캡구신,a0d22d0ce4d0b10d0d60127926071f76efe8d04e6d233bd35cf2fabdeb93fb0d,2026-06-27,,,,,
past260,캡구신,a0d22d0ce4d0b10d0d60127926071f76efe8d04e6d233bd35cf2fabdeb93fb0d,2026-06-28,,,,,
past260,캡구신,a0d22d0ce4d0b10d0d60127926071f76efe8d04e6d233bd35cf2fabdeb93fb0d,2026-06-29,,,,,
past260,캡구신,a0d22d0ce4d0b10d0d60127926071f76efe8d04e6d233bd35cf2fabdeb93fb0d,2026-06-30,,,,,
past260,캡구신,a0d22d0ce4d0b10d0d60127926071f76efe8d04e6d233bd35cf2fabdeb93fb0d,2026-07-01,,,,,
past260,캡구신,a0d22d0ce4d0b10d0d60127926071f76efe8d04e6d233bd35cf2fabdeb93fb0d,2026-07-02,,,,,
past260,캡구신,a0d22d0ce4d0b10d0d60127926071f76efe8d04e6d233bd35cf2fabdeb93fb0d,2026-07-03,,,,,
past260,캡구신,a0d22d0ce4d0b10d0d60127926071f76efe8d04e6d233bd35cf2fabdeb93fb0d,2026-07-04,,,,,stat_key_missing
past260,캡구신,a0d22d0ce4d0b10d0d60127926071f76efe8d04e6d233bd35cf2fabdeb93fb0d,2026-07-05,,,,,
past260,캡구신,a0d22d0ce4d0b10d0d60127926071f76efe8d04e6d233bd35cf2fabdeb93fb0d,2026-07-06,,,,,
past260,캡구신,a0d22d0ce4d0b10d0d60127926071f76efe8d04e6d233bd35cf2fabdeb93fb0d,2026-07-07,,,,,
past260,캡구신,a0d22d0ce4d0b10d0d60127926071f76efe8d04e6d233bd35cf2fabdeb93fb0d,2026-07-08,,,,,
past260,캡구신,a0d22d0ce4d0b10d0d60127926071f76efe8d04e6d233bd35cf2fabdeb93fb0d,2026-07-09,,,,,
past260,캡구신,a0d22d0ce4d0b10d0d60127926071f76efe8d04e6d233bd35cf2fabdeb93fb0d,2026-07-10,,,,,
past260,캡구신,a0d22d0ce4d0b10d0d60127926071f76efe8d04e6d233bd35cf2fabdeb93fb0d,2026-07-11,,,,,
past260,캡구신,a0d22d0ce4d0b10d0d60127926071f76efe8d04e6d233bd35cf2fabdeb93fb0d,2026-07-12,,,,,stat_key_missing
past260,캡구신,a0d22d0ce4d0b10d0d60127926071f76efe8d04e6d233bd35cf2fabdeb93fb0d,2026-07-13,,,,,
past260,캡구신,a0d22d0ce4d0b10d0d60127926071f76efe8d04e6d233bd35cf2fabdeb93fb0d,2026-07-14,,,,,
past260,캡구신,a0d22d0ce4d0b10d0d60127926071f76efe8d04e6d233bd35cf2fabdeb93fb0d,2026-07-15,,,,,
past260,캡구신,a0d22d0ce4d0b10d0d60127926071f76efe8d04e6d233bd35cf2fabdeb93fb0d,2026-07-16,,,,,
past260,캡구신,a0d22d0ce4d0b10d0d60127926071f76efe8d04e6d233bd35cf2fabdeb93fb0d,2026-07-17,,,,,
past260,캡구신,a0d22d0ce4d0b10d0d60127926071f76efe8d04e6d233bd35cf2fabdeb93fb0d,2026-07-18,,,,,
past260,캡구신,a0d22d0ce4d0b10d0d60127926071f76efe8d04e6d233bd35cf2fabdeb93fb0d,2026-07-19,,,,,
past260,캡구신,a0d22d0ce4d0b10d0d60127926071f76efe8d04e6d233bd35cf2fabdeb93fb0d,2026-07-20,,,,,stat_key_missing
past260,캡구신,a0d22d0ce4d0b10d0d60127926071f76efe8d04e6d233bd35cf2fabdeb93fb0d,2026-07-21,,,,,
past260,캡구신,a0d22d0ce4d0b10d0d60127926071f76efe8d04e6d233bd35cf2fabdeb93fb0d,2026-07-22,,,,,
past260,샅눈,01c67761f5b58be6907a98a27d5c9ba7,2026-06-18,262,45897107955,2.598,10749366,
past260,샅눈,01c67761f5b58be6907a98a27d5c9ba7,2026-06-19,262,45897107955,2.598,,
past260,샅눈,01c67761f5b58be6907a98a27d5c9ba7,2026-06-20,262,45897107955,2.598,,
past260,샅눈,01c67761f5b58be6907a98a27d5c9ba7,2026-06-21,262,45897107955,2.598,,
past260,샅눈,01c67761f5b58be6907a98a27d5c9ba7,2026-06-22,262,45897107955,2.598,,
past260,샅눈,01c67761f5b58be6907a98a27d5c9ba7,2026-06-23,262,46079577928,2.608,,
past260,샅눈,01c67761f5b58be6907a98a27d5c9ba7,2026-06-24,262,46079577928,2.608,,
past260,샅눈,01c67761f5b58be6907a98a27d5c9ba7,2026-06-25,262,46079577928,2.608,,
past260,샅눈,01c67761f5b58be6907a98a27d5c9ba7,2026-06-26,262,46262047901,2.619,10487789,
past260,샅눈,01c67761f5b58be6907a98a27d5c9ba7,2026-06-27,262,46262047901,2.619,,
past260,샅눈,01c67761f5b58be6907a98a27d5c9ba7,2026-06-28,262,46262047901,2.619,,
past260,샅눈,01c67761f5b58be6907a98a27d5c9ba7,2026-06-29,262,46262047901,2.619,,
past260,샅눈,01c67761f5b58be6907a98a27d5c9ba7,2026-06-30,262,46262047901,2.619,,
past260,샅눈,01c67761f5b58be6907a98a27d5c9ba7,2026-07-01,262,46262047901,2.619,,
past260,샅눈,01c67761f5b58be6907a98a27d5c9ba7,2026-07-02,262,46262047901,2.619,,
past260,샅눈,01c67761f5b58be6907a98a27d5c9ba7,2026-07-03,262,46262047901,2.619,,
past260,샅눈,01c67761f5b58be6907a98a27d5c9ba7,2026-07-04,262,46262047901,2.619,10222946,
past260,샅눈,01c67761f5b58be6907a98a27d5c9ba7,2026-07-05,262,46433994454,2.628,,
past260,샅눈,01c67761f5b58be6907a98a27d5c9ba7,2026-07-06,262,46433994454,2.628,,
past260,샅눈,01c67761f5b58be6907a98a27d5c9ba7,2026-07-07,262,46433994454,2.628,,
past260,샅눈,01c67761f5b58be6907a98a27d5c9ba7,2026-07-08,262,46433994454,2.628,,
past260,샅눈,01c67761f5b58be6907a98a27d5c9ba7,2026-07-09,262,46605941007,2.638,,
past260,샅눈,01c67761f5b58be6907a98a27d5c9ba7,2026-07-10,262,46605941007,2.638,,
past260,샅눈,01c67761f5b58be6907a98a27d5c9ba7,2026-07-11,262,46605941007,2.638,,
past260,샅눈,01c67761f5b58be6907a98a27d5c9ba7,2026-07-12,262,46605941007,2.638,10560083,
past260,샅눈,01c67761f5b58be6907a98a27d5c9ba7,2026-07-13,262,46605941007,2.638,,
past260,샅눈,01c67761f5b58be6907a98a27d5c9ba7,2026-07-14,262,46605941007,2.638,,
past260,샅눈,01c67761f5b58be6907a98a27d5c9ba7,2026-07-15,262,46605941007,2.638,,
past260,샅눈,01c67761f5b58be6907a98a27d5c9ba7,2026-07-16,262,46605941007,2.638,,
past260,샅눈,01c67761f5b58be6907a98a27d5c9ba7,2026-07-17,262,46777887560,2.648,,
past260,샅눈,01c67761f5b58be6907a98a27d5c9ba7,2026-07-18,262,46777887560,2.648,,
past260,샅눈,01c67761f5b58be6907a98a27d5c9ba7,2026-07-19,262,46777887560,2.648,,
past260,샅눈,01c67761f5b58be6907a98a27d5c9ba7,2026-07-20,262,46777887560,2.648,8518792,
past260,샅눈,01c67761f5b58be6907a98a27d5c9ba7,2026-07-21,262,46777887560,2.648,,
past260,샅눈,01c67761f5b58be6907a98a27d5c9ba7,2026-07-22,262,46777887560,2.648,,
past260,보리차명인,7c9ca7245a6c7efca6dcdd10dec528a8,2026-06-18,262,29348101504,1.661,0,
past260,보리차명인,7c9ca7245a6c7efca6dcdd10dec528a8,2026-06-19,262,29348101504,1.661,,
past260,보리차명인,7c9ca7245a6c7efca6dcdd10dec528a8,2026-06-20,262,29348101504,1.661,,
past260,보리차명인,7c9ca7245a6c7efca6dcdd10dec528a8,2026-06-21,262,29348101504,1.661,,
past260,보리차명인,7c9ca7245a6c7efca6dcdd10dec528a8,2026-06-22,262,29348101504,1.661,,
past260,보리차명인,7c9ca7245a6c7efca6dcdd10dec528a8,2026-06-23,262,29348101504,1.661,,
past260,보리차명인,7c9ca7245a6c7efca6dcdd10dec528a8,2026-06-24,262,29348101504,1.661,,
past260,보리차명인,7c9ca7245a6c7efca6dcdd10dec528a8,2026-06-25,262,29348101504,1.661,,
past260,보리차명인,7c9ca7245a6c7efca6dcdd10dec528a8,2026-06-26,262,29348101504,1.661,0,
past260,보리차명인,7c9ca7245a6c7efca6dcdd10dec528a8,2026-06-27,262,29348101504,1.661,,
past260,보리차명인,7c9ca7245a6c7efca6dcdd10dec528a8,2026-06-28,262,29348101504,1.661,,
past260,보리차명인,7c9ca7245a6c7efca6dcdd10dec528a8,2026-06-29,262,29348101504,1.661,,
past260,보리차명인,7c9ca7245a6c7efca6dcdd10dec528a8,2026-06-30,262,29348101504,1.661,,
past260,보리차명인,7c9ca7245a6c7efca6dcdd10dec528a8,2026-07-01,262,29348101504,1.661,,
past260,보리차명인,7c9ca7245a6c7efca6dcdd10dec528a8,2026-07-02,262,29348101504,1.661,,
past260,보리차명인,7c9ca7245a6c7efca6dcdd10dec528a8,2026-07-03,262,29348101504,1.661,,
past260,보리차명인,7c9ca7245a6c7efca6dcdd10dec528a8,2026-07-04,262,29348101504,1.661,0,
past260,보리차명인,7c9ca7245a6c7efca6dcdd10dec528a8,2026-07-05,262,29348101504,1.661,,
past260,보리차명인,7c9ca7245a6c7efca6dcdd10dec528a8,2026-07-06,262,29348101504,1.661,,
past260,보리차명인,7c9ca7245a6c7efca6dcdd10dec528a8,2026-07-07,262,29348101504,1.661,,
past260,보리차명인,7c9ca7245a6c7efca6dcdd10dec528a8,2026-07-08,262,29348101504,1.661,,
past260,보리차명인,7c9ca7245a6c7efca6dcdd10dec528a8,2026-07-09,262,29348101504,1.661,,
past260,보리차명인,7c9ca7245a6c7efca6dcdd10dec528a8,2026-07-10,262,29348101504,1.661,,
past260,보리차명인,7c9ca7245a6c7efca6dcdd10dec528a8,2026-07-11,262,29348101504,1.661,,
past260,보리차명인,7c9ca7245a6c7efca6dcdd10dec528a8,2026-07-12,262,29348101504,1.661,0,
past260,보리차명인,7c9ca7245a6c7efca6dcdd10dec528a8,2026-07-13,262,29348101504,1.661,,
past260,보리차명인,7c9ca7245a6c7efca6dcdd10dec528a8,2026-07-14,262,29348101504,1.661,,
past260,보리차명인,7c9ca7245a6c7efca6dcdd10dec528a8,2026-07-15,262,29348101504,1.661,,
past260,보리차명인,7c9ca7245a6c7efca6dcdd10dec528a8,2026-07-16,262,29348101504,1.661,,
past260,보리차명인,7c9ca7245a6c7efca6dcdd10dec528a8,2026-07-17,262,29348101504,1.661,,
past260,보리차명인,7c9ca7245a6c7efca6dcdd10dec528a8,2026-07-18,262,29348101504,1.661,,
past260,보리차명인,7c9ca7245a6c7efca6dcdd10dec528a8,2026-07-19,262,29348101504,1.661,,
past260,보리차명인,7c9ca7245a6c7efca6dcdd10dec528a8,2026-07-20,262,29348101504,1.661,0,
past260,보리차명인,7c9ca7245a6c7efca6dcdd10dec528a8,2026-07-21,262,29348101504,1.661,,
past260,보리차명인,7c9ca7245a6c7efca6dcdd10dec528a8,2026-07-22,262,29348101504,1.661,,
past260,잊댐,6ea4d16bdd8473d29f18ca2381723b48,2026-06-18,262,47859026299,2.709,8717780,
past260,잊댐,6ea4d16bdd8473d29f18ca2381723b48,2026-06-19,262,47859026299,2.709,,
past260,잊댐,6ea4d16bdd8473d29f18ca2381723b48,2026-06-20,262,47859026299,2.709,,
past260,잊댐,6ea4d16bdd8473d29f18ca2381723b48,2026-06-21,262,47859026299,2.709,,
past260,잊댐,6ea4d16bdd8473d29f18ca2381723b48,2026-06-22,262,47859026299,2.709,,
past260,잊댐,6ea4d16bdd8473d29f18ca2381723b48,2026-06-23,262,47859026299,2.709,,
past260,잊댐,6ea4d16bdd8473d29f18ca2381723b48,2026-06-24,262,47859026299,2.709,,
past260,잊댐,6ea4d16bdd8473d29f18ca2381723b48,2026-06-25,262,47859026299,2.709,,
past260,잊댐,6ea4d16bdd8473d29f18ca2381723b48,2026-06-26,262,47859026299,2.709,8717780,
past260,잊댐,6ea4d16bdd8473d29f18ca2381723b48,2026-06-27,262,47859026299,2.709,,
past260,잊댐,6ea4d16bdd8473d29f18ca2381723b48,2026-06-28,262,47859026299,2.709,,
past260,잊댐,6ea4d16bdd8473d29f18ca2381723b48,2026-06-29,262,47859026299,2.709,,
past260,잊댐,6ea4d16bdd8473d29f18ca2381723b48,2026-06-30,262,47859026299,2.709,,
past260,잊댐,6ea4d16bdd8473d29f18ca2381723b48,2026-07-01,262,47859026299,2.709,,
past260,잊댐,6ea4d16bdd8473d29f18ca2381723b48,2026-07-02,262,47859026299,2.709,,
past260,잊댐,6ea4d16bdd8473d29f18ca2381723b48,2026-07-03,262,47859026299,2.709,,
past260,잊댐,6ea4d16bdd8473d29f18ca2381723b48,2026-07-04,262,47859026299,2.709,8717780,
past260,잊댐,6ea4d16bdd8473d29f18ca2381723b48,2026-07-05,262,47859026299,2.709,,
past260,잊댐,6ea4d16bdd8473d29f18ca2381723b48,2026-07-06,262,47859026299,2.709,,
past260,잊댐,6ea4d16bdd8473d29f18ca2381723b48,2026-07-07,262,47859026299,2.709,,
past260,잊댐,6ea4d16bdd8473d29f18ca2381723b48,2026-07-08,262,47859026299,2.709,,
past260,잊댐,6ea4d16bdd8473d29f18ca2381723b48,2026-07-09,262,47859026299,2.709,,
past260,잊댐,6ea4d16bdd8473d29f18ca2381723b48,2026-07-10,262,47859026299,2.709,,
past260,잊댐,6ea4d16bdd8473d29f18ca2381723b48,2026-07-11,262,47859026299,2.709,,
past260,잊댐,6ea4d16bdd8473d29f18ca2381723b48,2026-07-12,262,47859026299,2.709,8717780,
past260,잊댐,6ea4d16bdd8473d29f18ca2381723b48,2026-07-13,262,47859026299,2.709,,
past260,잊댐,6ea4d16bdd8473d29f18ca2381723b48,2026-07-14,262,47859026299,2.709,,
past260,잊댐,6ea4d16bdd8473d29f18ca2381723b48,2026-07-15,262,47859026299,2.709,,
past260,잊댐,6ea4d16bdd8473d29f18ca2381723b48,2026-07-16,262,47859026299,2.709,,
past260,잊댐,6ea4d16bdd8473d29f18ca2381723b48,2026-07-17,262,47859026299,2.709,,
past260,잊댐,6ea4d16bdd8473d29f18ca2381723b48,2026-07-18,262,47859026299,2.709,,
past260,잊댐,6ea4d16bdd8473d29f18ca2381723b48,2026-07-19,262,47859026299,2.709,,
past260,잊댐,6ea4d16bdd8473d29f18ca2381723b48,2026-07-20,262,47859026299,2.709,8717780,
past260,잊댐,6ea4d16bdd8473d29f18ca2381723b48,2026-07-21,262,47859026299,2.709,,
past260,잊댐,6ea4d16bdd8473d29f18ca2381723b48,2026-07-22,262,47859026299,2.709,,
past260,광도면칼잡이,cdbf81513119fca5359b3ac050f3e29befe8d04e6d233bd35cf2fabdeb93fb0d,2026-06-18,262,23222211852,1.314,7028038,
past260,광도면칼잡이,cdbf81513119fca5359b3ac050f3e29befe8d04e6d233bd35cf2fabdeb93fb0d,2026-06-19,262,23222211852,1.314,,
past260,광도면칼잡이,cdbf81513119fca5359b3ac050f3e29befe8d04e6d233bd35cf2fabdeb93fb0d,2026-06-20,262,23222211852,1.314,,
past260,광도면칼잡이,cdbf81513119fca5359b3ac050f3e29befe8d04e6d233bd35cf2fabdeb93fb0d,2026-06-21,262,23222211852,1.314,,
past260,광도면칼잡이,cdbf81513119fca5359b3ac050f3e29befe8d04e6d233bd35cf2fabdeb93fb0d,2026-06-22,262,23222211852,1.314,,
past260,광도면칼잡이,cdbf81513119fca5359b3ac050f3e29befe8d04e6d233bd35cf2fabdeb93fb0d,2026-06-23,262,23222211852,1.314,,
past260,광도면칼잡이,cdbf81513119fca5359b3ac050f3e29befe8d04e6d233bd35cf2fabdeb93fb0d,2026-06-24,262,23222211852,1.314,,
past260,광도면칼잡이,cdbf81513119fca5359b3ac050f3e29befe8d04e6d233bd35cf2fabdeb93fb0d,2026-06-25,262,23222211852,1.314,,
past260,광도면칼잡이,cdbf81513119fca5359b3ac050f3e29befe8d04e6d233bd35cf2fabdeb93fb0d,2026-06-26,262,23222211852,1.314,7028038,
past260,광도면칼잡이,cdbf81513119fca5359b3ac050f3e29befe8d04e6d233bd35cf2fabdeb93fb0d,2026-06-27,262,23222211852,1.314,,
past260,광도면칼잡이,cdbf81513119fca5359b3ac050f3e29befe8d04e6d233bd35cf2fabdeb93fb0d,2026-06-28,262,23222211852,1.314,,
past260,광도면칼잡이,cdbf81513119fca5359b3ac050f3e29befe8d04e6d233bd35cf2fabdeb93fb0d,2026-06-29,262,23222211852,1.314,,
past260,광도면칼잡이,cdbf81513119fca5359b3ac050f3e29befe8d04e6d233bd35cf2fabdeb93fb0d,2026-06-30,262,23222211852,1.314,,
past260,광도면칼잡이,cdbf81513119fca5359b3ac050f3e29befe8d04e6d233bd35cf2fabdeb93fb0d,2026-07-01,262,23222211852,1.314,,
past260,광도면칼잡이,cdbf81513119fca5359b3ac050f3e29befe8d04e6d233bd35cf2fabdeb93fb0d,2026-07-02,262,23222211852,1.314,,
past260,광도면칼잡이,cdbf81513119fca5359b3ac050f3e29befe8d04e6d233bd35cf2fabdeb93fb0d,2026-07-03,262,23222211852,1.314,,
past260,광도면칼잡이,cdbf81513119fca5359b3ac050f3e29befe8d04e6d233bd35cf2fabdeb93fb0d,2026-07-04,262,23222211852,1.314,7028038,
past260,광도면칼잡이,cdbf81513119fca5359b3ac050f3e29befe8d04e6d233bd35cf2fabdeb93fb0d,2026-07-05,262,23222211852,1.314,,
past260,광도면칼잡이,cdbf81513119fca5359b3ac050f3e29befe8d04e6d233bd35cf2fabdeb93fb0d,2026-07-06,262,23222211852,1.314,,
past260,광도면칼잡이,cdbf81513119fca5359b3ac050f3e29befe8d04e6d233bd35cf2fabdeb93fb0d,2026-07-07,262,23222211852,1.314,,
past260,광도면칼잡이,cdbf81513119fca5359b3ac050f3e29befe8d04e6d233bd35cf2fabdeb93fb0d,2026-07-08,262,23222211852,1.314,,
past260,광도면칼잡이,cdbf81513119fca5359b3ac050f3e29befe8d04e6d233bd35cf2fabdeb93fb0d,2026-07-09,262,23222211852,1.314,,
past260,광도면칼잡이,cdbf81513119fca5359b3ac050f3e29befe8d04e6d233bd35cf2fabdeb93fb0d,2026-07-10,262,23222211852,1.314,,
past260,광도면칼잡이,cdbf81513119fca5359b3ac050f3e29befe8d04e6d233bd35cf2fabdeb93fb0d,2026-07-11,262,23222211852,1.314,,
past260,광도면칼잡이,cdbf81513119fca5359b3ac050f3e29befe8d04e6d233bd35cf2fabdeb93fb0d,2026-07-12,262,23222211852,1.314,7028038,
past260,광도면칼잡이,cdbf81513119fca5359b3ac050f3e29befe8d04e6d233bd35cf2fabdeb93fb0d,2026-07-13,262,23222211852,1.314,,
past260,광도면칼잡이,cdbf81513119fca5359b3ac050f3e29befe8d04e6d233bd35cf2fabdeb93fb0d,2026-07-14,262,23222211852,1.314,,
past260,광도면칼잡이,cdbf81513119fca5359b3ac050f3e29befe8d04e6d233bd35cf2fabdeb93fb0d,2026-07-15,262,23222211852,1.314,,
past260,광도면칼잡이,cdbf81513119fca5359b3ac050f3e29befe8d04e6d233bd35cf2fabdeb93fb0d,2026-07-16,262,23222211852,1.314,,
past260,광도면칼잡이,cdbf81513119fca5359b3ac050f3e29befe8d04e6d233bd35cf2fabdeb93fb0d,2026-07-17,262,23222211852,1.314,,
past260,광도면칼잡이,cdbf81513119fca5359b3ac050f3e29befe8d04e6d233bd35cf2fabdeb93fb0d,2026-07-18,262,23222211852,1.314,,
past260,광도면칼잡이,cdbf81513119fca5359b3ac050f3e29befe8d04e6d233bd35cf2fabdeb93fb0d,2026-07-19,262,23222211852,1.314,,
past260,광도면칼잡이,cdbf81513119fca5359b3ac050f3e29befe8d04e6d233bd35cf2fabdeb93fb0d,2026-07-20,262,23222211852,1.314,7028038,
past260,광도면칼잡이,cdbf81513119fca5359b3ac050f3e29befe8d04e6d233bd35cf2fabdeb93fb0d,2026-07-21,262,23222211852,1.314,,
past260,광도면칼잡이,cdbf81513119fca5359b3ac050f3e29befe8d04e6d233bd35cf2fabdeb93fb0d,2026-07-22,262,23222211852,1.314,,
past260,여주팔,60196253d450c131a0c198b8fc63a0e3efe8d04e6d233bd35cf2fabdeb93fb0d,2026-06-18,262,27975687927,1.583,8187461,
past260,여주팔,60196253d450c131a0c198b8fc63a0e3efe8d04e6d233bd35cf2fabdeb93fb0d,2026-06-19,262,27975687927,1.583,,
past260,여주팔,60196253d450c131a0c198b8fc63a0e3efe8d04e6d233bd35cf2fabdeb93fb0d,2026-06-20,262,27975687927,1.583,,
past260,여주팔,60196253d450c131a0c198b8fc63a0e3efe8d04e6d233bd35cf2fabdeb93fb0d,2026-06-21,262,27975687927,1.583,,
past260,여주팔,60196253d450c131a0c198b8fc63a0e3efe8d04e6d233bd35cf2fabdeb93fb0d,2026-06-22,262,27975687927,1.583,,
past260,여주팔,60196253d450c131a0c198b8fc63a0e3efe8d04e6d233bd35cf2fabdeb93fb0d,2026-06-23,262,27975687927,1.583,,
past260,여주팔,60196253d450c131a0c198b8fc63a0e3efe8d04e6d233bd35cf2fabdeb93fb0d,2026-06-24,262,27975687927,1.583,,
past260,여주팔,60196253d450c131a0c198b8fc63a0e3efe8d04e6d233bd35cf2fabdeb93fb0d,2026-06-25,262,27975687927,1.583,,
past260,여주팔,60196253d450c131a0c198b8fc63a0e3efe8d04e6d233bd35cf2fabdeb93fb0d,2026-06-26,262,27975687927,1.583,8187461,
past260,여주팔,60196253d450c131a0c198b8fc63a0e3efe8d04e6d233bd35cf2fabdeb93fb0d,2026-06-27,262,27975687927,1.583,,
past260,여주팔,60196253d450c131a0c198b8fc63a0e3efe8d04e6d233bd35cf2fabdeb93fb0d,2026-06-28,262,27975687927,1.583,,
past260,여주팔,60196253d450c131a0c198b8fc63a0e3efe8d04e6d233bd35cf2fabdeb93fb0d,2026-06-29,262,27975687927,1.583,,
past260,여주팔,60196253d450c131a0c198b8fc63a0e3efe8d04e6d233bd35cf2fabdeb93fb0d,2026-06-30,262,27975687927,1.583,,
past260,여주팔,60196253d450c131a0c198b8fc63a0e3efe8d04e6d233bd35cf2fabdeb93fb0d,2026-07-01,262,27975687927,1.583,,
past260,여주팔,60196253d450c131a0c198b8fc63a0e3efe8d04e6d233bd35cf2fabdeb93fb0d,2026-07-02,262,27975687927,1.583,,
past260,여주팔,60196253d450c131a0c198b8fc63a0e3efe8d04e6d233bd35cf2fabdeb93fb0d,2026-07-03,262,27975687927,1.583,,
past260,여주팔,60196253d450c131a0c198b8fc63a0e3efe8d04e6d233bd35cf2fabdeb93fb0d,2026-07-04,262,27975687927,1.583,8187461,
past260,여주팔,60196253d450c131a0c198b8fc63a0e3efe8d04e6d233bd35cf2fabdeb93fb0d,2026-07-05,262,27975687927,1.583,,
past260,여주팔,60196253d450c131a0c198b8fc63a0e3efe8d04e6d233bd35cf2fabdeb93fb0d,2026-07-06,262,27975687927,1.583,,
past260,여주팔,60196253d450c131a0c198b8fc63a0e3efe8d04e6d233bd35cf2fabdeb93fb0d,2026-07-07,262,27975687927,1.583,,
past260,여주팔,60196253d450c131a0c198b8fc63a0e3efe8d04e6d233bd35cf2fabdeb93fb0d,2026-07-08,262,27975687927,1.583,,
past260,여주팔,60196253d450c131a0c198b8fc63a0e3efe8d04e6d233bd35cf2fabdeb93fb0d,2026-07-09,262,27975687927,1.583,,
past260,여주팔,60196253d450c131a0c198b8fc63a0e3efe8d04e6d233bd35cf2fabdeb93fb0d,2026-07-10,262,27975687927,1.583,,
past260,여주팔,60196253d450c131a0c198b8fc63a0e3efe8d04e6d233bd35cf2fabdeb93fb0d,2026-07-11,262,27975687927,1.583,,
past260,여주팔,60196253d450c131a0c198b8fc63a0e3efe8d04e6d233bd35cf2fabdeb93fb0d,2026-07-12,262,27975687927,1.583,8187461,
past260,여주팔,60196253d450c131a0c198b8fc63a0e3efe8d04e6d233bd35cf2fabdeb93fb0d,2026-07-13,262,27975687927,1.583,,
past260,여주팔,60196253d450c131a0c198b8fc63a0e3efe8d04e6d233bd35cf2fabdeb93fb0d,2026-07-14,262,27975687927,1.583,,
past260,여주팔,60196253d450c131a0c198b8fc63a0e3efe8d04e6d233bd35cf2fabdeb93fb0d,2026-07-15,262,27975687927,1.583,,
past260,여주팔,60196253d450c131a0c198b8fc63a0e3efe8d04e6d233bd35cf2fabdeb93fb0d,2026-07-16,262,27975687927,1.583,,
past260,여주팔,60196253d450c131a0c198b8fc63a0e3efe8d04e6d233bd35cf2fabdeb93fb0d,2026-07-17,262,27975687927,1.583,,
past260,여주팔,60196253d450c131a0c198b8fc63a0e3efe8d04e6d233bd35cf2fabdeb93fb0d,2026-07-18,262,27975687927,1.583,,
past260,여주팔,60196253d450c131a0c198b8fc63a0e3efe8d04e6d233bd35cf2fabdeb93fb0d,2026-07-19,262,27975687927,1.583,,
past260,여주팔,60196253d450c131a0c198b8fc63a0e3efe8d04e6d233bd35cf2fabdeb93fb0d,2026-07-20,262,27975687927,1.583,8187461,
past260,여주팔,60196253d450c131a0c198b8fc63a0e3efe8d04e6d233bd35cf2fabdeb93fb0d,2026-07-21,262,27975687927,1.583,,
past260,여주팔,60196253d450c131a0c198b8fc63a0e3efe8d04e6d233bd35cf2fabdeb93fb0d,2026-07-22,262,27975687927,1.583,,
past260,0알파a베타B,c7f49a936b9ba0ea6754f63ed63393ddefe8d04e6d233bd35cf2fabdeb93fb0d,2026-06-18,262,19100592518,1.081,8847368,
past260,0알파a베타B,c7f49a936b9ba0ea6754f63ed63393ddefe8d04e6d233bd35cf2fabdeb93fb0d,2026-06-19,262,19100592518,1.081,,
past260,0알파a베타B,c7f49a936b9ba0ea6754f63ed63393ddefe8d04e6d233bd35cf2fabdeb93fb0d,2026-06-20,262,19100592518,1.081,,
past260,0알파a베타B,c7f49a936b9ba0ea6754f63ed63393ddefe8d04e6d233bd35cf2fabdeb93fb0d,2026-06-21,262,19100592518,1.081,,
past260,0알파a베타B,c7f49a936b9ba0ea6754f63ed63393ddefe8d04e6d233bd35cf2fabdeb93fb0d,2026-06-22,262,19100592518,1.081,,
past260,0알파a베타B,c7f49a936b9ba0ea6754f63ed63393ddefe8d04e6d233bd35cf2fabdeb93fb0d,2026-06-23,262,19100592518,1.081,,
past260,0알파a베타B,c7f49a936b9ba0ea6754f63ed63393ddefe8d04e6d233bd35cf2fabdeb93fb0d,2026-06-24,262,19100592518,1.081,,
past260,0알파a베타B,c7f49a936b9ba0ea6754f63ed63393ddefe8d04e6d233bd35cf2fabdeb93fb0d,2026-06-25,262,19100592518,1.081,,
past260,0알파a베타B,c7f49a936b9ba0ea6754f63ed63393ddefe8d04e6d233bd35cf2fabdeb93fb0d,2026-06-26,262,19100592518,1.081,9480434,
past260,0알파a베타B,c7f49a936b9ba0ea6754f63ed63393ddefe8d04e6d233bd35cf2fabdeb93fb0d,2026-06-27,262,19100592518,1.081,,
past260,0알파a베타B,c7f49a936b9ba0ea6754f63ed63393ddefe8d04e6d233bd35cf2fabdeb93fb0d,2026-06-28,262,19100592518,1.081,,
past260,0알파a베타B,c7f49a936b9ba0ea6754f63ed63393ddefe8d04e6d233bd35cf2fabdeb93fb0d,2026-06-29,262,19100592518,1.081,,
past260,0알파a베타B,c7f49a936b9ba0ea6754f63ed63393ddefe8d04e6d233bd35cf2fabdeb93fb0d,2026-06-30,262,19100592518,1.081,,
past260,0알파a베타B,c7f49a936b9ba0ea6754f63ed63393ddefe8d04e6d233bd35cf2fabdeb93fb0d,2026-07-01,262,19100592518,1.081,,
past260,0알파a베타B,c7f49a936b9ba0ea6754f63ed63393ddefe8d04e6d233bd35cf2fabdeb93fb0d,2026-07-02,262,19100592518,1.081,,
past260,0알파a베타B,c7f49a936b9ba0ea6754f63ed63393ddefe8d04e6d233bd35cf2fabdeb93fb0d,2026-07-03,262,19100592518,1.081,,
past260,0알파a베타B,c7f49a936b9ba0ea6754f63ed63393ddefe8d04e6d233bd35cf2fabdeb93fb0d,2026-07-04,262,19100592518,1.081,7827916,
past260,0알파a베타B,c7f49a936b9ba0ea6754f63ed63393ddefe8d04e6d233bd35cf2fabdeb93fb0d,2026-07-05,262,19100592518,1.081,,
past260,0알파a베타B,c7f49a936b9ba0ea6754f63ed63393ddefe8d04e6d233bd35cf2fabdeb93fb0d,2026-07-06,262,19100592518,1.081,,
past260,0알파a베타B,c7f49a936b9ba0ea6754f63ed63393ddefe8d04e6d233bd35cf2fabdeb93fb0d,2026-07-07,262,19100592518,1.081,,
past260,0알파a베타B,c7f49a936b9ba0ea6754f63ed63393ddefe8d04e6d233bd35cf2fabdeb93fb0d,2026-07-08,262,19100592518,1.081,,
past260,0알파a베타B,c7f49a936b9ba0ea6754f63ed63393ddefe8d04e6d233bd35cf2fabdeb93fb0d,2026-07-09,262,19100592518,1.081,,
past260,0알파a베타B,c7f49a936b9ba0ea6754f63ed63393ddefe8d04e6d233bd35cf2fabdeb93fb0d,2026-07-10,262,19100592518,1.081,,
past260,0알파a베타B,c7f49a936b9ba0ea6754f63ed63393ddefe8d04e6d233bd35cf2fabdeb93fb0d,2026-07-11,262,19100592518,1.081,,
past260,0알파a베타B,c7f49a936b9ba0ea6754f63ed63393ddefe8d04e6d233bd35cf2fabdeb93fb0d,2026-07-12,262,19100592518,1.081,8206466,
past260,0알파a베타B,c7f49a936b9ba0ea6754f63ed63393ddefe8d04e6d233bd35cf2fabdeb93fb0d,2026-07-13,262,19100592518,1.081,,
past260,0알파a베타B,c7f49a936b9ba0ea6754f63ed63393ddefe8d04e6d233bd35cf2fabdeb93fb0d,2026-07-14,262,19100592518,1.081,,
past260,0알파a베타B,c7f49a936b9ba0ea6754f63ed63393ddefe8d04e6d233bd35cf2fabdeb93fb0d,2026-07-15,262,19100592518,1.081,,
past260,0알파a베타B,c7f49a936b9ba0ea6754f63ed63393ddefe8d04e6d233bd35cf2fabdeb93fb0d,2026-07-16,262,19100592518,1.081,,
past260,0알파a베타B,c7f49a936b9ba0ea6754f63ed63393ddefe8d04e6d233bd35cf2fabdeb93fb0d,2026-07-17,262,19100592518,1.081,,
past260,0알파a베타B,c7f49a936b9ba0ea6754f63ed63393ddefe8d04e6d233bd35cf2fabdeb93fb0d,2026-07-18,262,19100592518,1.081,,
past260,0알파a베타B,c7f49a936b9ba0ea6754f63ed63393ddefe8d04e6d233bd35cf2fabdeb93fb0d,2026-07-19,262,19100592518,1.081,,
past260,0알파a베타B,c7f49a936b9ba0ea6754f63ed63393ddefe8d04e6d233bd35cf2fabdeb93fb0d,2026-07-20,262,19100592518,1.081,8283167,
past260,0알파a베타B,c7f49a936b9ba0ea6754f63ed63393ddefe8d04e6d233bd35cf2fabdeb93fb0d,2026-07-21,262,19100592518,1.081,,
past260,0알파a베타B,c7f49a936b9ba0ea6754f63ed63393ddefe8d04e6d233bd35cf2fabdeb93fb0d,2026-07-22,262,19100592518,1.081,,
past260,메카닉꼬만튀,299306f6f504427314c608927700096c,2026-06-18,262,21378721840,1.210,1014776,
past260,메카닉꼬만튀,299306f6f504427314c608927700096c,2026-06-19,262,21378721840,1.210,,
past260,메카닉꼬만튀,299306f6f504427314c608927700096c,2026-06-20,262,21378721840,1.210,,
past260,메카닉꼬만튀,299306f6f504427314c608927700096c,2026-06-21,262,21378721840,1.210,,
past260,메카닉꼬만튀,299306f6f504427314c608927700096c,2026-06-22,262,21378721840,1.210,,
past260,메카닉꼬만튀,299306f6f504427314c608927700096c,2026-06-23,262,21378721840,1.210,,
past260,메카닉꼬만튀,299306f6f504427314c608927700096c,2026-06-24,262,21378721840,1.210,,
past260,메카닉꼬만튀,299306f6f504427314c608927700096c,2026-06-25,262,21378721840,1.210,,
past260,메카닉꼬만튀,299306f6f504427314c608927700096c,2026-06-26,262,21378721840,1.210,1014776,
past260,메카닉꼬만튀,299306f6f504427314c608927700096c,2026-06-27,262,21378721840,1.210,,
past260,메카닉꼬만튀,299306f6f504427314c608927700096c,2026-06-28,262,21378721840,1.210,,
past260,메카닉꼬만튀,299306f6f504427314c608927700096c,2026-06-29,262,21378721840,1.210,,
past260,메카닉꼬만튀,299306f6f504427314c608927700096c,2026-06-30,262,21378721840,1.210,,
past260,메카닉꼬만튀,299306f6f504427314c608927700096c,2026-07-01,262,21378721840,1.210,,
past260,메카닉꼬만튀,299306f6f504427314c608927700096c,2026-07-02,262,21378721840,1.210,,
past260,메카닉꼬만튀,299306f6f504427314c608927700096c,2026-07-03,262,21378721840,1.210,,
past260,메카닉꼬만튀,299306f6f504427314c608927700096c,2026-07-04,262,21378721840,1.210,1014776,
past260,메카닉꼬만튀,299306f6f504427314c608927700096c,2026-07-05,262,21378721840,1.210,,
past260,메카닉꼬만튀,299306f6f504427314c608927700096c,2026-07-06,262,21378721840,1.210,,
past260,메카닉꼬만튀,299306f6f504427314c608927700096c,2026-07-07,262,21378721840,1.210,,
past260,메카닉꼬만튀,299306f6f504427314c608927700096c,2026-07-08,262,21378721840,1.210,,
past260,메카닉꼬만튀,299306f6f504427314c608927700096c,2026-07-09,262,21378721840,1.210,,
past260,메카닉꼬만튀,299306f6f504427314c608927700096c,2026-07-10,262,21378721840,1.210,,
past260,메카닉꼬만튀,299306f6f504427314c608927700096c,2026-07-11,262,21378721840,1.210,,
past260,메카닉꼬만튀,299306f6f504427314c608927700096c,2026-07-12,262,21378721840,1.210,1014776,
past260,메카닉꼬만튀,299306f6f504427314c608927700096c,2026-07-13,262,21378721840,1.210,,
past260,메카닉꼬만튀,299306f6f504427314c608927700096c,2026-07-14,262,21378721840,1.210,,
past260,메카닉꼬만튀,299306f6f504427314c608927700096c,2026-07-15,262,21378721840,1.210,,
past260,메카닉꼬만튀,299306f6f504427314c608927700096c,2026-07-16,262,21378721840,1.210,,
past260,메카닉꼬만튀,299306f6f504427314c608927700096c,2026-07-17,262,21378721840,1.210,,
past260,메카닉꼬만튀,299306f6f504427314c608927700096c,2026-07-18,262,21378721840,1.210,,
past260,메카닉꼬만튀,299306f6f504427314c608927700096c,2026-07-19,262,21378721840,1.210,,
past260,메카닉꼬만튀,299306f6f504427314c608927700096c,2026-07-20,262,21378721840,1.210,1014776,
past260,메카닉꼬만튀,299306f6f504427314c608927700096c,2026-07-21,262,21378721840,1.210,,
past260,메카닉꼬만튀,299306f6f504427314c608927700096c,2026-07-22,262,21378721840,1.210,,
past260,묘메,f097cf9778b1f8835f6ae5314a984994efe8d04e6d233bd35cf2fabdeb93fb0d,2026-06-18,262,54563521378,3.088,3016396,
past260,묘메,f097cf9778b1f8835f6ae5314a984994efe8d04e6d233bd35cf2fabdeb93fb0d,2026-06-19,262,54563521378,3.088,,
past260,묘메,f097cf9778b1f8835f6ae5314a984994efe8d04e6d233bd35cf2fabdeb93fb0d,2026-06-20,262,54563521378,3.088,,
past260,묘메,f097cf9778b1f8835f6ae5314a984994efe8d04e6d233bd35cf2fabdeb93fb0d,2026-06-21,262,54563521378,3.088,,
past260,묘메,f097cf9778b1f8835f6ae5314a984994efe8d04e6d233bd35cf2fabdeb93fb0d,2026-06-22,262,54563521378,3.088,,
past260,묘메,f097cf9778b1f8835f6ae5314a984994efe8d04e6d233bd35cf2fabdeb93fb0d,2026-06-23,262,54563521378,3.088,,
past260,묘메,f097cf9778b1f8835f6ae5314a984994efe8d04e6d233bd35cf2fabdeb93fb0d,2026-06-24,262,54563521378,3.088,,
past260,묘메,f097cf9778b1f8835f6ae5314a984994efe8d04e6d233bd35cf2fabdeb93fb0d,2026-06-25,262,54563521378,3.088,,
past260,묘메,f097cf9778b1f8835f6ae5314a984994efe8d04e6d233bd35cf2fabdeb93fb0d,2026-06-26,262,54563521378,3.088,3016396,
past260,묘메,f097cf9778b1f8835f6ae5314a984994efe8d04e6d233bd35cf2fabdeb93fb0d,2026-06-27,262,54563521378,3.088,,
past260,묘메,f097cf9778b1f8835f6ae5314a984994efe8d04e6d233bd35cf2fabdeb93fb0d,2026-06-28,262,54563521378,3.088,,
past260,묘메,f097cf9778b1f8835f6ae5314a984994efe8d04e6d233bd35cf2fabdeb93fb0d,2026-06-29,262,54563521378,3.088,,
past260,묘메,f097cf9778b1f8835f6ae5314a984994efe8d04e6d233bd35cf2fabdeb93fb0d,2026-06-30,262,54563521378,3.088,,
past260,묘메,f097cf9778b1f8835f6ae5314a984994efe8d04e6d233bd35cf2fabdeb93fb0d,2026-07-01,262,54563521378,3.088,,
past260,묘메,f097cf9778b1f8835f6ae5314a984994efe8d04e6d233bd35cf2fabdeb93fb0d,2026-07-02,262,54563521378,3.088,,
past260,묘메,f097cf9778b1f8835f6ae5314a984994efe8d04e6d233bd35cf2fabdeb93fb0d,2026-07-03,262,54563521378,3.088,,
past260,묘메,f097cf9778b1f8835f6ae5314a984994efe8d04e6d233bd35cf2fabdeb93fb0d,2026-07-04,262,54563521378,3.088,3395536,
past260,묘메,f097cf9778b1f8835f6ae5314a984994efe8d04e6d233bd35cf2fabdeb93fb0d,2026-07-05,262,54563521378,3.088,,
past260,묘메,f097cf9778b1f8835f6ae5314a984994efe8d04e6d233bd35cf2fabdeb93fb0d,2026-07-06,262,54563521378,3.088,,
past260,묘메,f097cf9778b1f8835f6ae5314a984994efe8d04e6d233bd35cf2fabdeb93fb0d,2026-07-07,262,54563521378,3.088,,
past260,묘메,f097cf9778b1f8835f6ae5314a984994efe8d04e6d233bd35cf2fabdeb93fb0d,2026-07-08,262,54563521378,3.088,,
past260,묘메,f097cf9778b1f8835f6ae5314a984994efe8d04e6d233bd35cf2fabdeb93fb0d,2026-07-09,262,54563521378,3.088,,
past260,묘메,f097cf9778b1f8835f6ae5314a984994efe8d04e6d233bd35cf2fabdeb93fb0d,2026-07-10,262,54563521378,3.088,,
past260,묘메,f097cf9778b1f8835f6ae5314a984994efe8d04e6d233bd35cf2fabdeb93fb0d,2026-07-11,262,54563521378,3.088,,
past260,묘메,f097cf9778b1f8835f6ae5314a984994efe8d04e6d233bd35cf2fabdeb93fb0d,2026-07-12,262,54563521378,3.088,3395536,
past260,묘메,f097cf9778b1f8835f6ae5314a984994efe8d04e6d233bd35cf2fabdeb93fb0d,2026-07-13,262,54563521378,3.088,,
past260,묘메,f097cf9778b1f8835f6ae5314a984994efe8d04e6d233bd35cf2fabdeb93fb0d,2026-07-14,262,54563521378,3.088,,
past260,묘메,f097cf9778b1f8835f6ae5314a984994efe8d04e6d233bd35cf2fabdeb93fb0d,2026-07-15,262,54563521378,3.088,,
past260,묘메,f097cf9778b1f8835f6ae5314a984994efe8d04e6d233bd35cf2fabdeb93fb0d,2026-07-16,262,54563521378,3.088,,
past260,묘메,f097cf9778b1f8835f6ae5314a984994efe8d04e6d233bd35cf2fabdeb93fb0d,2026-07-17,262,54563521378,3.088,,
past260,묘메,f097cf9778b1f8835f6ae5314a984994efe8d04e6d233bd35cf2fabdeb93fb0d,2026-07-18,262,54563521378,3.088,,
past260,묘메,f097cf9778b1f8835f6ae5314a984994efe8d04e6d233bd35cf2fabdeb93fb0d,2026-07-19,262,54563521378,3.088,,
past260,묘메,f097cf9778b1f8835f6ae5314a984994efe8d04e6d233bd35cf2fabdeb93fb0d,2026-07-20,262,54563521378,3.088,3395536,
past260,묘메,f097cf9778b1f8835f6ae5314a984994efe8d04e6d233bd35cf2fabdeb93fb0d,2026-07-21,262,54563521378,3.088,,
past260,묘메,f097cf9778b1f8835f6ae5314a984994efe8d04e6d233bd35cf2fabdeb93fb0d,2026-07-22,262,54563521378,3.088,,
past260,매우낯선열대,e9f347590a2e6677f04c9e80b6199ffaefe8d04e6d233bd35cf2fabdeb93fb0d,2026-06-18,262,22400239974,1.268,0,
past260,매우낯선열대,e9f347590a2e6677f04c9e80b6199ffaefe8d04e6d233bd35cf2fabdeb93fb0d,2026-06-19,262,22400239974,1.268,,
past260,매우낯선열대,e9f347590a2e6677f04c9e80b6199ffaefe8d04e6d233bd35cf2fabdeb93fb0d,2026-06-20,262,22400239974,1.268,,
past260,매우낯선열대,e9f347590a2e6677f04c9e80b6199ffaefe8d04e6d233bd35cf2fabdeb93fb0d,2026-06-21,262,22400239974,1.268,,
past260,매우낯선열대,e9f347590a2e6677f04c9e80b6199ffaefe8d04e6d233bd35cf2fabdeb93fb0d,2026-06-22,262,22400239974,1.268,,
past260,매우낯선열대,e9f347590a2e6677f04c9e80b6199ffaefe8d04e6d233bd35cf2fabdeb93fb0d,2026-06-23,262,22400239974,1.268,,
past260,매우낯선열대,e9f347590a2e6677f04c9e80b6199ffaefe8d04e6d233bd35cf2fabdeb93fb0d,2026-06-24,262,22400239974,1.268,,
past260,매우낯선열대,e9f347590a2e6677f04c9e80b6199ffaefe8d04e6d233bd35cf2fabdeb93fb0d,2026-06-25,262,22400239974,1.268,,
past260,매우낯선열대,e9f347590a2e6677f04c9e80b6199ffaefe8d04e6d233bd35cf2fabdeb93fb0d,2026-06-26,262,22400239974,1.268,0,
past260,매우낯선열대,e9f347590a2e6677f04c9e80b6199ffaefe8d04e6d233bd35cf2fabdeb93fb0d,2026-06-27,262,22400239974,1.268,,
past260,매우낯선열대,e9f347590a2e6677f04c9e80b6199ffaefe8d04e6d233bd35cf2fabdeb93fb0d,2026-06-28,262,22400239974,1.268,,
past260,매우낯선열대,e9f347590a2e6677f04c9e80b6199ffaefe8d04e6d233bd35cf2fabdeb93fb0d,2026-06-29,262,22400239974,1.268,,
past260,매우낯선열대,e9f347590a2e6677f04c9e80b6199ffaefe8d04e6d233bd35cf2fabdeb93fb0d,2026-06-30,262,22400239974,1.268,,
past260,매우낯선열대,e9f347590a2e6677f04c9e80b6199ffaefe8d04e6d233bd35cf2fabdeb93fb0d,2026-07-01,262,22400239974,1.268,,
past260,매우낯선열대,e9f347590a2e6677f04c9e80b6199ffaefe8d04e6d233bd35cf2fabdeb93fb0d,2026-07-02,262,22400239974,1.268,,
past260,매우낯선열대,e9f347590a2e6677f04c9e80b6199ffaefe8d04e6d233bd35cf2fabdeb93fb0d,2026-07-03,262,22400239974,1.268,,
past260,매우낯선열대,e9f347590a2e6677f04c9e80b6199ffaefe8d04e6d233bd35cf2fabdeb93fb0d,2026-07-04,262,22400239974,1.268,0,
past260,매우낯선열대,e9f347590a2e6677f04c9e80b6199ffaefe8d04e6d233bd35cf2fabdeb93fb0d,2026-07-05,262,22400239974,1.268,,
past260,매우낯선열대,e9f347590a2e6677f04c9e80b6199ffaefe8d04e6d233bd35cf2fabdeb93fb0d,2026-07-06,262,22400239974,1.268,,
past260,매우낯선열대,e9f347590a2e6677f04c9e80b6199ffaefe8d04e6d233bd35cf2fabdeb93fb0d,2026-07-07,262,22400239974,1.268,,
past260,매우낯선열대,e9f347590a2e6677f04c9e80b6199ffaefe8d04e6d233bd35cf2fabdeb93fb0d,2026-07-08,262,22400239974,1.268,,
past260,매우낯선열대,e9f347590a2e6677f04c9e80b6199ffaefe8d04e6d233bd35cf2fabdeb93fb0d,2026-07-09,262,22400239974,1.268,,
past260,매우낯선열대,e9f347590a2e6677f04c9e80b6199ffaefe8d04e6d233bd35cf2fabdeb93fb0d,2026-07-10,262,22400239974,1.268,,
past260,매우낯선열대,e9f347590a2e6677f04c9e80b6199ffaefe8d04e6d233bd35cf2fabdeb93fb0d,2026-07-11,262,22400239974,1.268,,
past260,매우낯선열대,e9f347590a2e6677f04c9e80b6199ffaefe8d04e6d233bd35cf2fabdeb93fb0d,2026-07-12,262,22400239974,1.268,0,
past260,매우낯선열대,e9f347590a2e6677f04c9e80b6199ffaefe8d04e6d233bd35cf2fabdeb93fb0d,2026-07-13,262,22400239974,1.268,,
past260,매우낯선열대,e9f347590a2e6677f04c9e80b6199ffaefe8d04e6d233bd35cf2fabdeb93fb0d,2026-07-14,262,22400239974,1.268,,
past260,매우낯선열대,e9f347590a2e6677f04c9e80b6199ffaefe8d04e6d233bd35cf2fabdeb93fb0d,2026-07-15,262,22400239974,1.268,,
past260,매우낯선열대,e9f347590a2e6677f04c9e80b6199ffaefe8d04e6d233bd35cf2fabdeb93fb0d,2026-07-16,262,22400239974,1.268,,
past260,매우낯선열대,e9f347590a2e6677f04c9e80b6199ffaefe8d04e6d233bd35cf2fabdeb93fb0d,2026-07-17,262,22400239974,1.268,,
past260,매우낯선열대,e9f347590a2e6677f04c9e80b6199ffaefe8d04e6d233bd35cf2fabdeb93fb0d,2026-07-18,262,22400239974,1.268,,
past260,매우낯선열대,e9f347590a2e6677f04c9e80b6199ffaefe8d04e6d233bd35cf2fabdeb93fb0d,2026-07-19,262,22400239974,1.268,,
past260,매우낯선열대,e9f347590a2e6677f04c9e80b6199ffaefe8d04e6d233bd35cf2fabdeb93fb0d,2026-07-20,262,22400239974,1.268,0,
past260,매우낯선열대,e9f347590a2e6677f04c9e80b6199ffaefe8d04e6d233bd35cf2fabdeb93fb0d,2026-07-21,262,22400239974,1.268,,
past260,매우낯선열대,e9f347590a2e6677f04c9e80b6199ffaefe8d04e6d233bd35cf2fabdeb93fb0d,2026-07-22,262,22400239974,1.268,,
past260,진짜개빨,e795f9fd8a1f2b14069301a88e88cde1,2026-06-18,262,33411580400,1.891,2614075,
past260,진짜개빨,e795f9fd8a1f2b14069301a88e88cde1,2026-06-19,262,33411580400,1.891,,
past260,진짜개빨,e795f9fd8a1f2b14069301a88e88cde1,2026-06-20,262,33411580400,1.891,,
past260,진짜개빨,e795f9fd8a1f2b14069301a88e88cde1,2026-06-21,262,33411580400,1.891,,
past260,진짜개빨,e795f9fd8a1f2b14069301a88e88cde1,2026-06-22,262,33411580400,1.891,,
past260,진짜개빨,e795f9fd8a1f2b14069301a88e88cde1,2026-06-23,262,33411580400,1.891,,
past260,진짜개빨,e795f9fd8a1f2b14069301a88e88cde1,2026-06-24,262,33411580400,1.891,,
past260,진짜개빨,e795f9fd8a1f2b14069301a88e88cde1,2026-06-25,262,33470757360,1.895,,
past260,진짜개빨,e795f9fd8a1f2b14069301a88e88cde1,2026-06-26,262,33470757360,1.895,2474665,
past260,진짜개빨,e795f9fd8a1f2b14069301a88e88cde1,2026-06-27,262,33470757360,1.895,,
past260,진짜개빨,e795f9fd8a1f2b14069301a88e88cde1,2026-06-28,262,33470757360,1.895,,
past260,진짜개빨,e795f9fd8a1f2b14069301a88e88cde1,2026-06-29,262,33470757360,1.895,,
past260,진짜개빨,e795f9fd8a1f2b14069301a88e88cde1,2026-06-30,262,33470757360,1.895,,
past260,진짜개빨,e795f9fd8a1f2b14069301a88e88cde1,2026-07-01,262,33470757360,1.895,,
past260,진짜개빨,e795f9fd8a1f2b14069301a88e88cde1,2026-07-02,262,33515534320,1.897,,
past260,진짜개빨,e795f9fd8a1f2b14069301a88e88cde1,2026-07-03,262,33515534320,1.897,,
past260,진짜개빨,e795f9fd8a1f2b14069301a88e88cde1,2026-07-04,262,33515534320,1.897,1998917,
past260,진짜개빨,e795f9fd8a1f2b14069301a88e88cde1,2026-07-05,262,33515534320,1.897,,
past260,진짜개빨,e795f9fd8a1f2b14069301a88e88cde1,2026-07-06,262,33515534320,1.897,,
past260,진짜개빨,e795f9fd8a1f2b14069301a88e88cde1,2026-07-07,262,33515534320,1.897,,
past260,진짜개빨,e795f9fd8a1f2b14069301a88e88cde1,2026-07-08,262,33515534320,1.897,,
past260,진짜개빨,e795f9fd8a1f2b14069301a88e88cde1,2026-07-09,262,33565591280,1.900,,
past260,진짜개빨,e795f9fd8a1f2b14069301a88e88cde1,2026-07-10,262,33565591280,1.900,,
past260,진짜개빨,e795f9fd8a1f2b14069301a88e88cde1,2026-07-11,262,33565591280,1.900,,
past260,진짜개빨,e795f9fd8a1f2b14069301a88e88cde1,2026-07-12,262,33565591280,1.900,1998917,
past260,진짜개빨,e795f9fd8a1f2b14069301a88e88cde1,2026-07-13,262,33565591280,1.900,,
past260,진짜개빨,e795f9fd8a1f2b14069301a88e88cde1,2026-07-14,262,33565591280,1.900,,
past260,진짜개빨,e795f9fd8a1f2b14069301a88e88cde1,2026-07-15,262,33565591280,1.900,,
past260,진짜개빨,e795f9fd8a1f2b14069301a88e88cde1,2026-07-16,262,33613008240,1.903,,
past260,진짜개빨,e795f9fd8a1f2b14069301a88e88cde1,2026-07-17,262,33613008240,1.903,,
past260,진짜개빨,e795f9fd8a1f2b14069301a88e88cde1,2026-07-18,262,33613008240,1.903,,
past260,진짜개빨,e795f9fd8a1f2b14069301a88e88cde1,2026-07-19,262,33613008240,1.903,,
past260,진짜개빨,e795f9fd8a1f2b14069301a88e88cde1,2026-07-20,262,33613008240,1.903,1674362,
past260,진짜개빨,e795f9fd8a1f2b14069301a88e88cde1,2026-07-21,262,33613008240,1.903,,
past260,진짜개빨,e795f9fd8a1f2b14069301a88e88cde1,2026-07-22,262,33613008240,1.903,,
past260,디와썬콜,df0c8cc78daaf8d1937b3f732d1ad4cf,2026-06-18,262,36716655371,2.078,7374584,
past260,디와썬콜,df0c8cc78daaf8d1937b3f732d1ad4cf,2026-06-19,262,36716655371,2.078,,
past260,디와썬콜,df0c8cc78daaf8d1937b3f732d1ad4cf,2026-06-20,262,36716655371,2.078,,
past260,디와썬콜,df0c8cc78daaf8d1937b3f732d1ad4cf,2026-06-21,262,36716655371,2.078,,
past260,디와썬콜,df0c8cc78daaf8d1937b3f732d1ad4cf,2026-06-22,262,36716655371,2.078,,
past260,디와썬콜,df0c8cc78daaf8d1937b3f732d1ad4cf,2026-06-23,262,36716655371,2.078,,
past260,디와썬콜,df0c8cc78daaf8d1937b3f732d1ad4cf,2026-06-24,262,36716655371,2.078,,
past260,디와썬콜,df0c8cc78daaf8d1937b3f732d1ad4cf,2026-06-25,262,36716655371,2.078,,
past260,디와썬콜,df0c8cc78daaf8d1937b3f732d1ad4cf,2026-06-26,262,36716655371,2.078,7374584,
past260,디와썬콜,df0c8cc78daaf8d1937b3f732d1ad4cf,2026-06-27,262,36716655371,2.078,,
past260,디와썬콜,df0c8cc78daaf8d1937b3f732d1ad4cf,2026-06-28,262,36716655371,2.078,,
past260,디와썬콜,df0c8cc78daaf8d1937b3f732d1ad4cf,2026-06-29,262,36716655371,2.078,,
past260,디와썬콜,df0c8cc78daaf8d1937b3f732d1ad4cf,2026-06-30,262,36716655371,2.078,,
past260,디와썬콜,df0c8cc78daaf8d1937b3f732d1ad4cf,2026-07-01,262,36716655371,2.078,,
past260,디와썬콜,df0c8cc78daaf8d1937b3f732d1ad4cf,2026-07-02,262,36716655371,2.078,,
past260,디와썬콜,df0c8cc78daaf8d1937b3f732d1ad4cf,2026-07-03,262,36716655371,2.078,,
past260,디와썬콜,df0c8cc78daaf8d1937b3f732d1ad4cf,2026-07-04,262,36716655371,2.078,7374584,
past260,디와썬콜,df0c8cc78daaf8d1937b3f732d1ad4cf,2026-07-05,262,36716655371,2.078,,
past260,디와썬콜,df0c8cc78daaf8d1937b3f732d1ad4cf,2026-07-06,262,36716655371,2.078,,
past260,디와썬콜,df0c8cc78daaf8d1937b3f732d1ad4cf,2026-07-07,262,36716655371,2.078,,
past260,디와썬콜,df0c8cc78daaf8d1937b3f732d1ad4cf,2026-07-08,262,36716655371,2.078,,
past260,디와썬콜,df0c8cc78daaf8d1937b3f732d1ad4cf,2026-07-09,262,36716655371,2.078,,
past260,디와썬콜,df0c8cc78daaf8d1937b3f732d1ad4cf,2026-07-10,262,36716655371,2.078,,
past260,디와썬콜,df0c8cc78daaf8d1937b3f732d1ad4cf,2026-07-11,262,36716655371,2.078,,
past260,디와썬콜,df0c8cc78daaf8d1937b3f732d1ad4cf,2026-07-12,262,36716655371,2.078,6137277,
past260,디와썬콜,df0c8cc78daaf8d1937b3f732d1ad4cf,2026-07-13,262,36716655371,2.078,,
past260,디와썬콜,df0c8cc78daaf8d1937b3f732d1ad4cf,2026-07-14,262,36716655371,2.078,,
past260,디와썬콜,df0c8cc78daaf8d1937b3f732d1ad4cf,2026-07-15,262,36716655371,2.078,,
past260,디와썬콜,df0c8cc78daaf8d1937b3f732d1ad4cf,2026-07-16,262,36716655371,2.078,,
past260,디와썬콜,df0c8cc78daaf8d1937b3f732d1ad4cf,2026-07-17,262,36716655371,2.078,,
past260,디와썬콜,df0c8cc78daaf8d1937b3f732d1ad4cf,2026-07-18,262,36716655371,2.078,,
past260,디와썬콜,df0c8cc78daaf8d1937b3f732d1ad4cf,2026-07-19,262,36716655371,2.078,,
past260,디와썬콜,df0c8cc78daaf8d1937b3f732d1ad4cf,2026-07-20,262,36716655371,2.078,6137277,
past260,디와썬콜,df0c8cc78daaf8d1937b3f732d1ad4cf,2026-07-21,262,36716655371,2.078,,
past260,디와썬콜,df0c8cc78daaf8d1937b3f732d1ad4cf,2026-07-22,262,36716655371,2.078,,
past260,차차모해,feca665b17d703e02977c4094b7d2f0d,2026-06-18,262,45374913394,2.568,938120,
past260,차차모해,feca665b17d703e02977c4094b7d2f0d,2026-06-19,262,45374913394,2.568,,
past260,차차모해,feca665b17d703e02977c4094b7d2f0d,2026-06-20,262,45374913394,2.568,,
past260,차차모해,feca665b17d703e02977c4094b7d2f0d,2026-06-21,262,45374913394,2.568,,
past260,차차모해,feca665b17d703e02977c4094b7d2f0d,2026-06-22,262,45374913394,2.568,,
past260,차차모해,feca665b17d703e02977c4094b7d2f0d,2026-06-23,262,45374913394,2.568,,
past260,차차모해,feca665b17d703e02977c4094b7d2f0d,2026-06-24,262,45374913394,2.568,,
past260,차차모해,feca665b17d703e02977c4094b7d2f0d,2026-06-25,262,45374913394,2.568,,
past260,차차모해,feca665b17d703e02977c4094b7d2f0d,2026-06-26,262,45374913394,2.568,938120,
past260,차차모해,feca665b17d703e02977c4094b7d2f0d,2026-06-27,262,45374913394,2.568,,
past260,차차모해,feca665b17d703e02977c4094b7d2f0d,2026-06-28,262,45374913394,2.568,,
past260,차차모해,feca665b17d703e02977c4094b7d2f0d,2026-06-29,262,45374913394,2.568,,
past260,차차모해,feca665b17d703e02977c4094b7d2f0d,2026-06-30,262,45374913394,2.568,,
past260,차차모해,feca665b17d703e02977c4094b7d2f0d,2026-07-01,262,45374913394,2.568,,
past260,차차모해,feca665b17d703e02977c4094b7d2f0d,2026-07-02,262,45374913394,2.568,,
past260,차차모해,feca665b17d703e02977c4094b7d2f0d,2026-07-03,262,45374913394,2.568,,
past260,차차모해,feca665b17d703e02977c4094b7d2f0d,2026-07-04,262,45374913394,2.568,938120,
past260,차차모해,feca665b17d703e02977c4094b7d2f0d,2026-07-05,262,45374913394,2.568,,
past260,차차모해,feca665b17d703e02977c4094b7d2f0d,2026-07-06,262,45374913394,2.568,,
past260,차차모해,feca665b17d703e02977c4094b7d2f0d,2026-07-07,262,45374913394,2.568,,
past260,차차모해,feca665b17d703e02977c4094b7d2f0d,2026-07-08,262,45374913394,2.568,,
past260,차차모해,feca665b17d703e02977c4094b7d2f0d,2026-07-09,262,45374913394,2.568,,
past260,차차모해,feca665b17d703e02977c4094b7d2f0d,2026-07-10,262,45374913394,2.568,,
past260,차차모해,feca665b17d703e02977c4094b7d2f0d,2026-07-11,262,45374913394,2.568,,
past260,차차모해,feca665b17d703e02977c4094b7d2f0d,2026-07-12,262,45374913394,2.568,938120,
past260,차차모해,feca665b17d703e02977c4094b7d2f0d,2026-07-13,262,45374913394,2.568,,
past260,차차모해,feca665b17d703e02977c4094b7d2f0d,2026-07-14,262,45374913394,2.568,,
past260,차차모해,feca665b17d703e02977c4094b7d2f0d,2026-07-15,262,45374913394,2.568,,
past260,차차모해,feca665b17d703e02977c4094b7d2f0d,2026-07-16,262,45374913394,2.568,,
past260,차차모해,feca665b17d703e02977c4094b7d2f0d,2026-07-17,262,45374913394,2.568,,
past260,차차모해,feca665b17d703e02977c4094b7d2f0d,2026-07-18,262,45374913394,2.568,,
past260,차차모해,feca665b17d703e02977c4094b7d2f0d,2026-07-19,262,45374913394,2.568,,
past260,차차모해,feca665b17d703e02977c4094b7d2f0d,2026-07-20,262,45374913394,2.568,938120,
past260,차차모해,feca665b17d703e02977c4094b7d2f0d,2026-07-21,262,45374913394,2.568,,
past260,차차모해,feca665b17d703e02977c4094b7d2f0d,2026-07-22,262,45374913394,2.568,,
past260,쟉섬,1cd09dc2931f3e095709632706675ef6efe8d04e6d233bd35cf2fabdeb93fb0d,2026-06-18,262,25320593351,1.433,9215274,
past260,쟉섬,1cd09dc2931f3e095709632706675ef6efe8d04e6d233bd35cf2fabdeb93fb0d,2026-06-19,262,25320593351,1.433,,
past260,쟉섬,1cd09dc2931f3e095709632706675ef6efe8d04e6d233bd35cf2fabdeb93fb0d,2026-06-20,262,25320593351,1.433,,
past260,쟉섬,1cd09dc2931f3e095709632706675ef6efe8d04e6d233bd35cf2fabdeb93fb0d,2026-06-21,262,25320593351,1.433,,
past260,쟉섬,1cd09dc2931f3e095709632706675ef6efe8d04e6d233bd35cf2fabdeb93fb0d,2026-06-22,262,25320593351,1.433,,
past260,쟉섬,1cd09dc2931f3e095709632706675ef6efe8d04e6d233bd35cf2fabdeb93fb0d,2026-06-23,262,25320593351,1.433,,
past260,쟉섬,1cd09dc2931f3e095709632706675ef6efe8d04e6d233bd35cf2fabdeb93fb0d,2026-06-24,262,25320593351,1.433,,
past260,쟉섬,1cd09dc2931f3e095709632706675ef6efe8d04e6d233bd35cf2fabdeb93fb0d,2026-06-25,262,25320593351,1.433,,
past260,쟉섬,1cd09dc2931f3e095709632706675ef6efe8d04e6d233bd35cf2fabdeb93fb0d,2026-06-26,262,25320593351,1.433,9228666,
past260,쟉섬,1cd09dc2931f3e095709632706675ef6efe8d04e6d233bd35cf2fabdeb93fb0d,2026-06-27,262,25320593351,1.433,,
past260,쟉섬,1cd09dc2931f3e095709632706675ef6efe8d04e6d233bd35cf2fabdeb93fb0d,2026-06-28,262,25320593351,1.433,,
past260,쟉섬,1cd09dc2931f3e095709632706675ef6efe8d04e6d233bd35cf2fabdeb93fb0d,2026-06-29,262,25320593351,1.433,,
past260,쟉섬,1cd09dc2931f3e095709632706675ef6efe8d04e6d233bd35cf2fabdeb93fb0d,2026-06-30,262,25320593351,1.433,,
past260,쟉섬,1cd09dc2931f3e095709632706675ef6efe8d04e6d233bd35cf2fabdeb93fb0d,2026-07-01,262,25320593351,1.433,,
past260,쟉섬,1cd09dc2931f3e095709632706675ef6efe8d04e6d233bd35cf2fabdeb93fb0d,2026-07-02,262,25320593351,1.433,,
past260,쟉섬,1cd09dc2931f3e095709632706675ef6efe8d04e6d233bd35cf2fabdeb93fb0d,2026-07-03,262,25320593351,1.433,,
past260,쟉섬,1cd09dc2931f3e095709632706675ef6efe8d04e6d233bd35cf2fabdeb93fb0d,2026-07-04,262,25320593351,1.433,9228666,
past260,쟉섬,1cd09dc2931f3e095709632706675ef6efe8d04e6d233bd35cf2fabdeb93fb0d,2026-07-05,262,25320593351,1.433,,
past260,쟉섬,1cd09dc2931f3e095709632706675ef6efe8d04e6d233bd35cf2fabdeb93fb0d,2026-07-06,262,25320593351,1.433,,
past260,쟉섬,1cd09dc2931f3e095709632706675ef6efe8d04e6d233bd35cf2fabdeb93fb0d,2026-07-07,262,25320593351,1.433,,
past260,쟉섬,1cd09dc2931f3e095709632706675ef6efe8d04e6d233bd35cf2fabdeb93fb0d,2026-07-08,262,25320593351,1.433,,
past260,쟉섬,1cd09dc2931f3e095709632706675ef6efe8d04e6d233bd35cf2fabdeb93fb0d,2026-07-09,262,25320593351,1.433,,
past260,쟉섬,1cd09dc2931f3e095709632706675ef6efe8d04e6d233bd35cf2fabdeb93fb0d,2026-07-10,262,25320593351,1.433,,
past260,쟉섬,1cd09dc2931f3e095709632706675ef6efe8d04e6d233bd35cf2fabdeb93fb0d,2026-07-11,262,25320593351,1.433,,
past260,쟉섬,1cd09dc2931f3e095709632706675ef6efe8d04e6d233bd35cf2fabdeb93fb0d,2026-07-12,262,25320593351,1.433,9228666,
past260,쟉섬,1cd09dc2931f3e095709632706675ef6efe8d04e6d233bd35cf2fabdeb93fb0d,2026-07-13,262,25320593351,1.433,,
past260,쟉섬,1cd09dc2931f3e095709632706675ef6efe8d04e6d233bd35cf2fabdeb93fb0d,2026-07-14,262,25320593351,1.433,,
past260,쟉섬,1cd09dc2931f3e095709632706675ef6efe8d04e6d233bd35cf2fabdeb93fb0d,2026-07-15,262,25320593351,1.433,,
past260,쟉섬,1cd09dc2931f3e095709632706675ef6efe8d04e6d233bd35cf2fabdeb93fb0d,2026-07-16,262,25320593351,1.433,,
past260,쟉섬,1cd09dc2931f3e095709632706675ef6efe8d04e6d233bd35cf2fabdeb93fb0d,2026-07-17,262,25320593351,1.433,,
past260,쟉섬,1cd09dc2931f3e095709632706675ef6efe8d04e6d233bd35cf2fabdeb93fb0d,2026-07-18,262,25320593351,1.433,,
past260,쟉섬,1cd09dc2931f3e095709632706675ef6efe8d04e6d233bd35cf2fabdeb93fb0d,2026-07-19,262,25320593351,1.433,,
past260,쟉섬,1cd09dc2931f3e095709632706675ef6efe8d04e6d233bd35cf2fabdeb93fb0d,2026-07-20,262,25320593351,1.433,9228666,
past260,쟉섬,1cd09dc2931f3e095709632706675ef6efe8d04e6d233bd35cf2fabdeb93fb0d,2026-07-21,262,25320593351,1.433,,
past260,쟉섬,1cd09dc2931f3e095709632706675ef6efe8d04e6d233bd35cf2fabdeb93fb0d,2026-07-22,262,25320593351,1.433,,
past260,카드캡터야호,0b54c763760496b844e5a1dc13f62875,2026-06-18,262,19501649438,1.104,4823341,
past260,카드캡터야호,0b54c763760496b844e5a1dc13f62875,2026-06-19,262,19501649438,1.104,,
past260,카드캡터야호,0b54c763760496b844e5a1dc13f62875,2026-06-20,262,19501649438,1.104,,
past260,카드캡터야호,0b54c763760496b844e5a1dc13f62875,2026-06-21,262,19501649438,1.104,,
past260,카드캡터야호,0b54c763760496b844e5a1dc13f62875,2026-06-22,262,19501649438,1.104,,
past260,카드캡터야호,0b54c763760496b844e5a1dc13f62875,2026-06-23,262,19501649438,1.104,,
past260,카드캡터야호,0b54c763760496b844e5a1dc13f62875,2026-06-24,262,19501649438,1.104,,
past260,카드캡터야호,0b54c763760496b844e5a1dc13f62875,2026-06-25,262,19501649438,1.104,,
past260,카드캡터야호,0b54c763760496b844e5a1dc13f62875,2026-06-26,262,19501649438,1.104,4824889,
past260,카드캡터야호,0b54c763760496b844e5a1dc13f62875,2026-06-27,262,19501649438,1.104,,
past260,카드캡터야호,0b54c763760496b844e5a1dc13f62875,2026-06-28,262,19501649438,1.104,,
past260,카드캡터야호,0b54c763760496b844e5a1dc13f62875,2026-06-29,262,19501649438,1.104,,
past260,카드캡터야호,0b54c763760496b844e5a1dc13f62875,2026-06-30,262,19501649438,1.104,,
past260,카드캡터야호,0b54c763760496b844e5a1dc13f62875,2026-07-01,262,19501649438,1.104,,
past260,카드캡터야호,0b54c763760496b844e5a1dc13f62875,2026-07-02,262,19501649438,1.104,,
past260,카드캡터야호,0b54c763760496b844e5a1dc13f62875,2026-07-03,262,19501649438,1.104,,
past260,카드캡터야호,0b54c763760496b844e5a1dc13f62875,2026-07-04,262,19501649438,1.104,4256273,
past260,카드캡터야호,0b54c763760496b844e5a1dc13f62875,2026-07-05,262,19501649438,1.104,,
past260,카드캡터야호,0b54c763760496b844e5a1dc13f62875,2026-07-06,262,19501649438,1.104,,
past260,카드캡터야호,0b54c763760496b844e5a1dc13f62875,2026-07-07,262,19501649438,1.104,,
past260,카드캡터야호,0b54c763760496b844e5a1dc13f62875,2026-07-08,262,19501649438,1.104,,
past260,카드캡터야호,0b54c763760496b844e5a1dc13f62875,2026-07-09,262,19501649438,1.104,,
past260,카드캡터야호,0b54c763760496b844e5a1dc13f62875,2026-07-10,262,19501649438,1.104,,
past260,카드캡터야호,0b54c763760496b844e5a1dc13f62875,2026-07-11,262,19501649438,1.104,,
past260,카드캡터야호,0b54c763760496b844e5a1dc13f62875,2026-07-12,262,19501649438,1.104,4256273,
past260,카드캡터야호,0b54c763760496b844e5a1dc13f62875,2026-07-13,262,19501649438,1.104,,
past260,카드캡터야호,0b54c763760496b844e5a1dc13f62875,2026-07-14,262,19501649438,1.104,,
past260,카드캡터야호,0b54c763760496b844e5a1dc13f62875,2026-07-15,262,19501649438,1.104,,
past260,카드캡터야호,0b54c763760496b844e5a1dc13f62875,2026-07-16,262,19501649438,1.104,,
past260,카드캡터야호,0b54c763760496b844e5a1dc13f62875,2026-07-17,262,19501649438,1.104,,
past260,카드캡터야호,0b54c763760496b844e5a1dc13f62875,2026-07-18,262,19501649438,1.104,,
past260,카드캡터야호,0b54c763760496b844e5a1dc13f62875,2026-07-19,262,19501649438,1.104,,
past260,카드캡터야호,0b54c763760496b844e5a1dc13f62875,2026-07-20,262,19501649438,1.104,4256273,
past260,카드캡터야호,0b54c763760496b844e5a1dc13f62875,2026-07-21,262,19501649438,1.104,,
past260,카드캡터야호,0b54c763760496b844e5a1dc13f62875,2026-07-22,262,19501649438,1.104,,
past260,장만보,6251fde7a2d04679e1ce73354d072f5fefe8d04e6d233bd35cf2fabdeb93fb0d,2026-06-18,262,38115310791,2.157,13983274,
past260,장만보,6251fde7a2d04679e1ce73354d072f5fefe8d04e6d233bd35cf2fabdeb93fb0d,2026-06-19,262,38115310791,2.157,,
past260,장만보,6251fde7a2d04679e1ce73354d072f5fefe8d04e6d233bd35cf2fabdeb93fb0d,2026-06-20,262,38115310791,2.157,,
past260,장만보,6251fde7a2d04679e1ce73354d072f5fefe8d04e6d233bd35cf2fabdeb93fb0d,2026-06-21,262,38115310791,2.157,,
past260,장만보,6251fde7a2d04679e1ce73354d072f5fefe8d04e6d233bd35cf2fabdeb93fb0d,2026-06-22,262,38115310791,2.157,,
past260,장만보,6251fde7a2d04679e1ce73354d072f5fefe8d04e6d233bd35cf2fabdeb93fb0d,2026-06-23,262,38115310791,2.157,,
past260,장만보,6251fde7a2d04679e1ce73354d072f5fefe8d04e6d233bd35cf2fabdeb93fb0d,2026-06-24,262,38115310791,2.157,,
past260,장만보,6251fde7a2d04679e1ce73354d072f5fefe8d04e6d233bd35cf2fabdeb93fb0d,2026-06-25,262,38115310791,2.157,,
past260,장만보,6251fde7a2d04679e1ce73354d072f5fefe8d04e6d233bd35cf2fabdeb93fb0d,2026-06-26,262,38115310791,2.157,13983274,
past260,장만보,6251fde7a2d04679e1ce73354d072f5fefe8d04e6d233bd35cf2fabdeb93fb0d,2026-06-27,262,38115310791,2.157,,
past260,장만보,6251fde7a2d04679e1ce73354d072f5fefe8d04e6d233bd35cf2fabdeb93fb0d,2026-06-28,262,38115310791,2.157,,
past260,장만보,6251fde7a2d04679e1ce73354d072f5fefe8d04e6d233bd35cf2fabdeb93fb0d,2026-06-29,262,38115310791,2.157,,
past260,장만보,6251fde7a2d04679e1ce73354d072f5fefe8d04e6d233bd35cf2fabdeb93fb0d,2026-06-30,262,38115310791,2.157,,
past260,장만보,6251fde7a2d04679e1ce73354d072f5fefe8d04e6d233bd35cf2fabdeb93fb0d,2026-07-01,262,38115310791,2.157,,
past260,장만보,6251fde7a2d04679e1ce73354d072f5fefe8d04e6d233bd35cf2fabdeb93fb0d,2026-07-02,262,38115310791,2.157,,
past260,장만보,6251fde7a2d04679e1ce73354d072f5fefe8d04e6d233bd35cf2fabdeb93fb0d,2026-07-03,262,38115310791,2.157,,
past260,장만보,6251fde7a2d04679e1ce73354d072f5fefe8d04e6d233bd35cf2fabdeb93fb0d,2026-07-04,262,38115310791,2.157,13983274,
past260,장만보,6251fde7a2d04679e1ce73354d072f5fefe8d04e6d233bd35cf2fabdeb93fb0d,2026-07-05,262,38115310791,2.157,,
past260,장만보,6251fde7a2d04679e1ce73354d072f5fefe8d04e6d233bd35cf2fabdeb93fb0d,2026-07-06,262,38115310791,2.157,,
past260,장만보,6251fde7a2d04679e1ce73354d072f5fefe8d04e6d233bd35cf2fabdeb93fb0d,2026-07-07,262,38115310791,2.157,,
past260,장만보,6251fde7a2d04679e1ce73354d072f5fefe8d04e6d233bd35cf2fabdeb93fb0d,2026-07-08,262,38115310791,2.157,,
past260,장만보,6251fde7a2d04679e1ce73354d072f5fefe8d04e6d233bd35cf2fabdeb93fb0d,2026-07-09,262,38115310791,2.157,,
past260,장만보,6251fde7a2d04679e1ce73354d072f5fefe8d04e6d233bd35cf2fabdeb93fb0d,2026-07-10,262,38115310791,2.157,,
past260,장만보,6251fde7a2d04679e1ce73354d072f5fefe8d04e6d233bd35cf2fabdeb93fb0d,2026-07-11,262,38115310791,2.157,,
past260,장만보,6251fde7a2d04679e1ce73354d072f5fefe8d04e6d233bd35cf2fabdeb93fb0d,2026-07-12,262,38115310791,2.157,13983274,
past260,장만보,6251fde7a2d04679e1ce73354d072f5fefe8d04e6d233bd35cf2fabdeb93fb0d,2026-07-13,262,38115310791,2.157,,
past260,장만보,6251fde7a2d04679e1ce73354d072f5fefe8d04e6d233bd35cf2fabdeb93fb0d,2026-07-14,262,38115310791,2.157,,
past260,장만보,6251fde7a2d04679e1ce73354d072f5fefe8d04e6d233bd35cf2fabdeb93fb0d,2026-07-15,262,38115310791,2.157,,
past260,장만보,6251fde7a2d04679e1ce73354d072f5fefe8d04e6d233bd35cf2fabdeb93fb0d,2026-07-16,262,38115310791,2.157,,
past260,장만보,6251fde7a2d04679e1ce73354d072f5fefe8d04e6d233bd35cf2fabdeb93fb0d,2026-07-17,262,38115310791,2.157,,
past260,장만보,6251fde7a2d04679e1ce73354d072f5fefe8d04e6d233bd35cf2fabdeb93fb0d,2026-07-18,262,38115310791,2.157,,
past260,장만보,6251fde7a2d04679e1ce73354d072f5fefe8d04e6d233bd35cf2fabdeb93fb0d,2026-07-19,262,38115310791,2.157,,
past260,장만보,6251fde7a2d04679e1ce73354d072f5fefe8d04e6d233bd35cf2fabdeb93fb0d,2026-07-20,262,38115310791,2.157,13983274,
past260,장만보,6251fde7a2d04679e1ce73354d072f5fefe8d04e6d233bd35cf2fabdeb93fb0d,2026-07-21,262,38115310791,2.157,,
past260,장만보,6251fde7a2d04679e1ce73354d072f5fefe8d04e6d233bd35cf2fabdeb93fb0d,2026-07-22,262,38115310791,2.157,,
past260,보마늦둥이,3711b59d046ce6f508b5fd21b7ca13b1,2026-06-18,262,46776336265,2.648,9752677,
past260,보마늦둥이,3711b59d046ce6f508b5fd21b7ca13b1,2026-06-19,262,46776336265,2.648,,
past260,보마늦둥이,3711b59d046ce6f508b5fd21b7ca13b1,2026-06-20,262,46776336265,2.648,,
past260,보마늦둥이,3711b59d046ce6f508b5fd21b7ca13b1,2026-06-21,262,46776336265,2.648,,
past260,보마늦둥이,3711b59d046ce6f508b5fd21b7ca13b1,2026-06-22,262,46776336265,2.648,,
past260,보마늦둥이,3711b59d046ce6f508b5fd21b7ca13b1,2026-06-23,262,46776336265,2.648,,
past260,보마늦둥이,3711b59d046ce6f508b5fd21b7ca13b1,2026-06-24,262,46776336265,2.648,,
past260,보마늦둥이,3711b59d046ce6f508b5fd21b7ca13b1,2026-06-25,262,46776336265,2.648,,
past260,보마늦둥이,3711b59d046ce6f508b5fd21b7ca13b1,2026-06-26,262,46776336265,2.648,9752677,
past260,보마늦둥이,3711b59d046ce6f508b5fd21b7ca13b1,2026-06-27,262,46776336265,2.648,,
past260,보마늦둥이,3711b59d046ce6f508b5fd21b7ca13b1,2026-06-28,262,46776336265,2.648,,
past260,보마늦둥이,3711b59d046ce6f508b5fd21b7ca13b1,2026-06-29,262,46776336265,2.648,,
past260,보마늦둥이,3711b59d046ce6f508b5fd21b7ca13b1,2026-06-30,262,46776336265,2.648,,
past260,보마늦둥이,3711b59d046ce6f508b5fd21b7ca13b1,2026-07-01,262,46776336265,2.648,,
past260,보마늦둥이,3711b59d046ce6f508b5fd21b7ca13b1,2026-07-02,262,46776336265,2.648,,
past260,보마늦둥이,3711b59d046ce6f508b5fd21b7ca13b1,2026-07-03,262,46776336265,2.648,,
past260,보마늦둥이,3711b59d046ce6f508b5fd21b7ca13b1,2026-07-04,262,46776336265,2.648,9752677,
past260,보마늦둥이,3711b59d046ce6f508b5fd21b7ca13b1,2026-07-05,262,46776336265,2.648,,
past260,보마늦둥이,3711b59d046ce6f508b5fd21b7ca13b1,2026-07-06,262,46776336265,2.648,,
past260,보마늦둥이,3711b59d046ce6f508b5fd21b7ca13b1,2026-07-07,262,46776336265,2.648,,
past260,보마늦둥이,3711b59d046ce6f508b5fd21b7ca13b1,2026-07-08,262,46776336265,2.648,,
past260,보마늦둥이,3711b59d046ce6f508b5fd21b7ca13b1,2026-07-09,262,46776336265,2.648,,
past260,보마늦둥이,3711b59d046ce6f508b5fd21b7ca13b1,2026-07-10,262,46776336265,2.648,,
past260,보마늦둥이,3711b59d046ce6f508b5fd21b7ca13b1,2026-07-11,262,46776336265,2.648,,
past260,보마늦둥이,3711b59d046ce6f508b5fd21b7ca13b1,2026-07-12,262,46776336265,2.648,9752677,
past260,보마늦둥이,3711b59d046ce6f508b5fd21b7ca13b1,2026-07-13,262,46776336265,2.648,,
past260,보마늦둥이,3711b59d046ce6f508b5fd21b7ca13b1,2026-07-14,262,46776336265,2.648,,
past260,보마늦둥이,3711b59d046ce6f508b5fd21b7ca13b1,2026-07-15,262,46776336265,2.648,,
past260,보마늦둥이,3711b59d046ce6f508b5fd21b7ca13b1,2026-07-16,262,46776336265,2.648,,
past260,보마늦둥이,3711b59d046ce6f508b5fd21b7ca13b1,2026-07-17,262,46776336265,2.648,,
past260,보마늦둥이,3711b59d046ce6f508b5fd21b7ca13b1,2026-07-18,262,46776336265,2.648,,
past260,보마늦둥이,3711b59d046ce6f508b5fd21b7ca13b1,2026-07-19,262,46776336265,2.648,,
past260,보마늦둥이,3711b59d046ce6f508b5fd21b7ca13b1,2026-07-20,262,46776336265,2.648,9752677,
past260,보마늦둥이,3711b59d046ce6f508b5fd21b7ca13b1,2026-07-21,262,46776336265,2.648,,
past260,보마늦둥이,3711b59d046ce6f508b5fd21b7ca13b1,2026-07-22,262,46776336265,2.648,,
past260,티스델,ac81eb4b0260cc3b01501cbadac3de6a,2026-06-18,262,35509517524,2.010,12008497,
past260,티스델,ac81eb4b0260cc3b01501cbadac3de6a,2026-06-19,262,77865735776,4.407,,
past260,티스델,ac81eb4b0260cc3b01501cbadac3de6a,2026-06-20,262,967844075311,54.782,,
past260,티스델,ac81eb4b0260cc3b01501cbadac3de6a,2026-06-21,262,967844075311,54.782,,
past260,티스델,ac81eb4b0260cc3b01501cbadac3de6a,2026-06-22,262,1102032017890,62.377,,
past260,티스델,ac81eb4b0260cc3b01501cbadac3de6a,2026-06-23,262,1102032017890,62.377,,
past260,티스델,ac81eb4b0260cc3b01501cbadac3de6a,2026-06-24,262,1102032017890,62.377,,
past260,티스델,ac81eb4b0260cc3b01501cbadac3de6a,2026-06-25,262,1102032017890,62.377,,
past260,티스델,ac81eb4b0260cc3b01501cbadac3de6a,2026-06-26,262,1102032017890,62.377,16458478,
past260,티스델,ac81eb4b0260cc3b01501cbadac3de6a,2026-06-27,262,1102032017890,62.377,,
past260,티스델,ac81eb4b0260cc3b01501cbadac3de6a,2026-06-28,262,1102032017890,62.377,,
past260,티스델,ac81eb4b0260cc3b01501cbadac3de6a,2026-06-29,262,1123969638148,63.619,,
past260,티스델,ac81eb4b0260cc3b01501cbadac3de6a,2026-06-30,262,1123969638148,63.619,,
past260,티스델,ac81eb4b0260cc3b01501cbadac3de6a,2026-07-01,262,1123969638148,63.619,,
past260,티스델,ac81eb4b0260cc3b01501cbadac3de6a,2026-07-02,262,1123969638148,63.619,,
past260,티스델,ac81eb4b0260cc3b01501cbadac3de6a,2026-07-03,262,1123969638148,63.619,,
past260,티스델,ac81eb4b0260cc3b01501cbadac3de6a,2026-07-04,262,1123969638148,63.619,16532772,
past260,티스델,ac81eb4b0260cc3b01501cbadac3de6a,2026-07-05,262,1123969638148,63.619,,
past260,티스델,ac81eb4b0260cc3b01501cbadac3de6a,2026-07-06,262,1123969638148,63.619,,
past260,티스델,ac81eb4b0260cc3b01501cbadac3de6a,2026-07-07,262,1123969638148,63.619,,
past260,티스델,ac81eb4b0260cc3b01501cbadac3de6a,2026-07-08,262,1123969638148,63.619,,
past260,티스델,ac81eb4b0260cc3b01501cbadac3de6a,2026-07-09,262,1123969638148,63.619,,
past260,티스델,ac81eb4b0260cc3b01501cbadac3de6a,2026-07-10,262,1123969638148,63.619,,
past260,티스델,ac81eb4b0260cc3b01501cbadac3de6a,2026-07-11,262,1123969638148,63.619,,
past260,티스델,ac81eb4b0260cc3b01501cbadac3de6a,2026-07-12,262,1123969638148,63.619,16532772,
past260,티스델,ac81eb4b0260cc3b01501cbadac3de6a,2026-07-13,262,1123969638148,63.619,,
past260,티스델,ac81eb4b0260cc3b01501cbadac3de6a,2026-07-14,262,1123969638148,63.619,,
past260,티스델,ac81eb4b0260cc3b01501cbadac3de6a,2026-07-15,262,1123969638148,63.619,,
past260,티스델,ac81eb4b0260cc3b01501cbadac3de6a,2026-07-16,262,1123969638148,63.619,,
past260,티스델,ac81eb4b0260cc3b01501cbadac3de6a,2026-07-17,262,1123969638148,63.619,,
past260,티스델,ac81eb4b0260cc3b01501cbadac3de6a,2026-07-18,262,1123969638148,63.619,,
past260,티스델,ac81eb4b0260cc3b01501cbadac3de6a,2026-07-19,262,1123969638148,63.619,,
past260,티스델,ac81eb4b0260cc3b01501cbadac3de6a,2026-07-20,262,1123969638148,63.619,16532772,
past260,티스델,ac81eb4b0260cc3b01501cbadac3de6a,2026-07-21,262,1123969638148,63.619,,
past260,티스델,ac81eb4b0260cc3b01501cbadac3de6a,2026-07-22,262,1123969638148,63.619,,
past260,성기사전용캐,d20154727c6955718f207cf29f251675,2026-06-18,262,18922364025,1.071,6959433,
past260,성기사전용캐,d20154727c6955718f207cf29f251675,2026-06-19,262,18922364025,1.071,,
past260,성기사전용캐,d20154727c6955718f207cf29f251675,2026-06-20,262,18922364025,1.071,,
past260,성기사전용캐,d20154727c6955718f207cf29f251675,2026-06-21,262,18922364025,1.071,,
past260,성기사전용캐,d20154727c6955718f207cf29f251675,2026-06-22,262,18922364025,1.071,,
past260,성기사전용캐,d20154727c6955718f207cf29f251675,2026-06-23,262,18922364025,1.071,,
past260,성기사전용캐,d20154727c6955718f207cf29f251675,2026-06-24,262,18922364025,1.071,,
past260,성기사전용캐,d20154727c6955718f207cf29f251675,2026-06-25,262,18922364025,1.071,,
past260,성기사전용캐,d20154727c6955718f207cf29f251675,2026-06-26,262,18922364025,1.071,6959433,
past260,성기사전용캐,d20154727c6955718f207cf29f251675,2026-06-27,262,18922364025,1.071,,
past260,성기사전용캐,d20154727c6955718f207cf29f251675,2026-06-28,262,18922364025,1.071,,
past260,성기사전용캐,d20154727c6955718f207cf29f251675,2026-06-29,262,18922364025,1.071,,
past260,성기사전용캐,d20154727c6955718f207cf29f251675,2026-06-30,262,18922364025,1.071,,
past260,성기사전용캐,d20154727c6955718f207cf29f251675,2026-07-01,262,18922364025,1.071,,
past260,성기사전용캐,d20154727c6955718f207cf29f251675,2026-07-02,262,18922364025,1.071,,
past260,성기사전용캐,d20154727c6955718f207cf29f251675,2026-07-03,262,18922364025,1.071,,
past260,성기사전용캐,d20154727c6955718f207cf29f251675,2026-07-04,262,18922364025,1.071,6959433,
past260,성기사전용캐,d20154727c6955718f207cf29f251675,2026-07-05,262,18922364025,1.071,,
past260,성기사전용캐,d20154727c6955718f207cf29f251675,2026-07-06,262,18922364025,1.071,,
past260,성기사전용캐,d20154727c6955718f207cf29f251675,2026-07-07,262,18922364025,1.071,,
past260,성기사전용캐,d20154727c6955718f207cf29f251675,2026-07-08,262,18922364025,1.071,,
past260,성기사전용캐,d20154727c6955718f207cf29f251675,2026-07-09,262,18922364025,1.071,,
past260,성기사전용캐,d20154727c6955718f207cf29f251675,2026-07-10,262,18922364025,1.071,,
past260,성기사전용캐,d20154727c6955718f207cf29f251675,2026-07-11,262,18922364025,1.071,,
past260,성기사전용캐,d20154727c6955718f207cf29f251675,2026-07-12,262,18922364025,1.071,7315724,
past260,성기사전용캐,d20154727c6955718f207cf29f251675,2026-07-13,262,18922364025,1.071,,
past260,성기사전용캐,d20154727c6955718f207cf29f251675,2026-07-14,262,18922364025,1.071,,
past260,성기사전용캐,d20154727c6955718f207cf29f251675,2026-07-15,262,18922364025,1.071,,
past260,성기사전용캐,d20154727c6955718f207cf29f251675,2026-07-16,262,18922364025,1.071,,
past260,성기사전용캐,d20154727c6955718f207cf29f251675,2026-07-17,262,18922364025,1.071,,
past260,성기사전용캐,d20154727c6955718f207cf29f251675,2026-07-18,262,18922364025,1.071,,
past260,성기사전용캐,d20154727c6955718f207cf29f251675,2026-07-19,262,18922364025,1.071,,
past260,성기사전용캐,d20154727c6955718f207cf29f251675,2026-07-20,262,18922364025,1.071,7315724,
past260,성기사전용캐,d20154727c6955718f207cf29f251675,2026-07-21,262,18922364025,1.071,,
past260,성기사전용캐,d20154727c6955718f207cf29f251675,2026-07-22,262,18922364025,1.071,,
past260,나는야김진혁,529db648dae3c5cccb139e15d42ed8b8,2026-06-18,,,,,http_400
past260,나는야김진혁,529db648dae3c5cccb139e15d42ed8b8,2026-06-19,,,,,http_400
past260,나는야김진혁,529db648dae3c5cccb139e15d42ed8b8,2026-06-20,,,,,http_400
past260,나는야김진혁,529db648dae3c5cccb139e15d42ed8b8,2026-06-21,,,,,http_400
past260,나는야김진혁,529db648dae3c5cccb139e15d42ed8b8,2026-06-22,,,,,http_400
past260,나는야김진혁,529db648dae3c5cccb139e15d42ed8b8,2026-06-23,,,,,http_400
past260,나는야김진혁,529db648dae3c5cccb139e15d42ed8b8,2026-06-24,,,,,http_400
past260,나는야김진혁,529db648dae3c5cccb139e15d42ed8b8,2026-06-25,,,,,http_400
past260,나는야김진혁,529db648dae3c5cccb139e15d42ed8b8,2026-06-26,,,,,http_400
past260,나는야김진혁,529db648dae3c5cccb139e15d42ed8b8,2026-06-27,,,,,http_400
past260,나는야김진혁,529db648dae3c5cccb139e15d42ed8b8,2026-06-28,,,,,http_400
past260,나는야김진혁,529db648dae3c5cccb139e15d42ed8b8,2026-06-29,,,,,http_400
past260,나는야김진혁,529db648dae3c5cccb139e15d42ed8b8,2026-06-30,,,,,http_400
past260,나는야김진혁,529db648dae3c5cccb139e15d42ed8b8,2026-07-01,,,,,http_400
past260,나는야김진혁,529db648dae3c5cccb139e15d42ed8b8,2026-07-02,,,,,http_400
past260,나는야김진혁,529db648dae3c5cccb139e15d42ed8b8,2026-07-03,,,,,http_400
past260,나는야김진혁,529db648dae3c5cccb139e15d42ed8b8,2026-07-04,,,,,http_400
past260,나는야김진혁,529db648dae3c5cccb139e15d42ed8b8,2026-07-05,,,,,http_400
past260,나는야김진혁,529db648dae3c5cccb139e15d42ed8b8,2026-07-06,,,,,http_400
past260,나는야김진혁,529db648dae3c5cccb139e15d42ed8b8,2026-07-07,,,,,http_400
past260,나는야김진혁,529db648dae3c5cccb139e15d42ed8b8,2026-07-08,,,,,http_400
past260,나는야김진혁,529db648dae3c5cccb139e15d42ed8b8,2026-07-09,,,,,http_400
past260,나는야김진혁,529db648dae3c5cccb139e15d42ed8b8,2026-07-10,,,,,http_400
past260,나는야김진혁,529db648dae3c5cccb139e15d42ed8b8,2026-07-11,,,,,http_400
past260,나는야김진혁,529db648dae3c5cccb139e15d42ed8b8,2026-07-12,,,,,http_400
past260,나는야김진혁,529db648dae3c5cccb139e15d42ed8b8,2026-07-13,,,,,http_400
past260,나는야김진혁,529db648dae3c5cccb139e15d42ed8b8,2026-07-14,,,,,http_400
past260,나는야김진혁,529db648dae3c5cccb139e15d42ed8b8,2026-07-15,,,,,http_400
past260,나는야김진혁,529db648dae3c5cccb139e15d42ed8b8,2026-07-16,,,,,http_400
past260,나는야김진혁,529db648dae3c5cccb139e15d42ed8b8,2026-07-17,,,,,http_400
past260,나는야김진혁,529db648dae3c5cccb139e15d42ed8b8,2026-07-18,,,,,http_400
past260,나는야김진혁,529db648dae3c5cccb139e15d42ed8b8,2026-07-19,,,,,http_400
past260,나는야김진혁,529db648dae3c5cccb139e15d42ed8b8,2026-07-20,,,,,http_400
past260,나는야김진혁,529db648dae3c5cccb139e15d42ed8b8,2026-07-21,,,,,http_400
past260,나는야김진혁,529db648dae3c5cccb139e15d42ed8b8,2026-07-22,,,,,http_400
past260,간편식재,362ea360f5f553a57ee311ad27258c28,2026-06-18,262,22084163539,1.250,3357048,
past260,간편식재,362ea360f5f553a57ee311ad27258c28,2026-06-19,262,22084163539,1.250,,
past260,간편식재,362ea360f5f553a57ee311ad27258c28,2026-06-20,262,22084163539,1.250,,
past260,간편식재,362ea360f5f553a57ee311ad27258c28,2026-06-21,262,22084163539,1.250,,
past260,간편식재,362ea360f5f553a57ee311ad27258c28,2026-06-22,262,22084163539,1.250,,
past260,간편식재,362ea360f5f553a57ee311ad27258c28,2026-06-23,262,22084163539,1.250,,
past260,간편식재,362ea360f5f553a57ee311ad27258c28,2026-06-24,262,22084163539,1.250,,
past260,간편식재,362ea360f5f553a57ee311ad27258c28,2026-06-25,262,22084163539,1.250,,
past260,간편식재,362ea360f5f553a57ee311ad27258c28,2026-06-26,262,22084163539,1.250,3357048,
past260,간편식재,362ea360f5f553a57ee311ad27258c28,2026-06-27,262,22084163539,1.250,,
past260,간편식재,362ea360f5f553a57ee311ad27258c28,2026-06-28,262,22084163539,1.250,,
past260,간편식재,362ea360f5f553a57ee311ad27258c28,2026-06-29,262,22084163539,1.250,,
past260,간편식재,362ea360f5f553a57ee311ad27258c28,2026-06-30,262,22084163539,1.250,,
past260,간편식재,362ea360f5f553a57ee311ad27258c28,2026-07-01,262,22084163539,1.250,,
past260,간편식재,362ea360f5f553a57ee311ad27258c28,2026-07-02,262,22084163539,1.250,,
past260,간편식재,362ea360f5f553a57ee311ad27258c28,2026-07-03,262,22084163539,1.250,,
past260,간편식재,362ea360f5f553a57ee311ad27258c28,2026-07-04,262,22084163539,1.250,3357048,
past260,간편식재,362ea360f5f553a57ee311ad27258c28,2026-07-05,262,22084163539,1.250,,
past260,간편식재,362ea360f5f553a57ee311ad27258c28,2026-07-06,262,22084163539,1.250,,
past260,간편식재,362ea360f5f553a57ee311ad27258c28,2026-07-07,262,22084163539,1.250,,
past260,간편식재,362ea360f5f553a57ee311ad27258c28,2026-07-08,262,22084163539,1.250,,
past260,간편식재,362ea360f5f553a57ee311ad27258c28,2026-07-09,262,22084163539,1.250,,
past260,간편식재,362ea360f5f553a57ee311ad27258c28,2026-07-10,262,22084163539,1.250,,
past260,간편식재,362ea360f5f553a57ee311ad27258c28,2026-07-11,262,22084163539,1.250,,
past260,간편식재,362ea360f5f553a57ee311ad27258c28,2026-07-12,262,22084163539,1.250,3357048,
past260,간편식재,362ea360f5f553a57ee311ad27258c28,2026-07-13,262,22084163539,1.250,,
past260,간편식재,362ea360f5f553a57ee311ad27258c28,2026-07-14,262,22084163539,1.250,,
past260,간편식재,362ea360f5f553a57ee311ad27258c28,2026-07-15,262,22084163539,1.250,,
past260,간편식재,362ea360f5f553a57ee311ad27258c28,2026-07-16,262,22084163539,1.250,,
past260,간편식재,362ea360f5f553a57ee311ad27258c28,2026-07-17,262,22084163539,1.250,,
past260,간편식재,362ea360f5f553a57ee311ad27258c28,2026-07-18,262,22084163539,1.250,,
past260,간편식재,362ea360f5f553a57ee311ad27258c28,2026-07-19,262,22084163539,1.250,,
past260,간편식재,362ea360f5f553a57ee311ad27258c28,2026-07-20,262,22084163539,1.250,3357048,
past260,간편식재,362ea360f5f553a57ee311ad27258c28,2026-07-21,262,22084163539,1.250,,
past260,간편식재,362ea360f5f553a57ee311ad27258c28,2026-07-22,262,22084163539,1.250,,
past260,후묘티어,c3b9ddaa41b6f885fa6f7ee5341de25fefe8d04e6d233bd35cf2fabdeb93fb0d,2026-06-18,262,50839387298,2.878,4929314,
past260,후묘티어,c3b9ddaa41b6f885fa6f7ee5341de25fefe8d04e6d233bd35cf2fabdeb93fb0d,2026-06-19,262,50839387298,2.878,,
past260,후묘티어,c3b9ddaa41b6f885fa6f7ee5341de25fefe8d04e6d233bd35cf2fabdeb93fb0d,2026-06-20,262,50839387298,2.878,,
past260,후묘티어,c3b9ddaa41b6f885fa6f7ee5341de25fefe8d04e6d233bd35cf2fabdeb93fb0d,2026-06-21,262,50839387298,2.878,,
past260,후묘티어,c3b9ddaa41b6f885fa6f7ee5341de25fefe8d04e6d233bd35cf2fabdeb93fb0d,2026-06-22,262,50839387298,2.878,,
past260,후묘티어,c3b9ddaa41b6f885fa6f7ee5341de25fefe8d04e6d233bd35cf2fabdeb93fb0d,2026-06-23,262,50839387298,2.878,,
past260,후묘티어,c3b9ddaa41b6f885fa6f7ee5341de25fefe8d04e6d233bd35cf2fabdeb93fb0d,2026-06-24,262,50839387298,2.878,,
past260,후묘티어,c3b9ddaa41b6f885fa6f7ee5341de25fefe8d04e6d233bd35cf2fabdeb93fb0d,2026-06-25,262,50839387298,2.878,,
past260,후묘티어,c3b9ddaa41b6f885fa6f7ee5341de25fefe8d04e6d233bd35cf2fabdeb93fb0d,2026-06-26,262,50839387298,2.878,4929314,
past260,후묘티어,c3b9ddaa41b6f885fa6f7ee5341de25fefe8d04e6d233bd35cf2fabdeb93fb0d,2026-06-27,262,50839387298,2.878,,
past260,후묘티어,c3b9ddaa41b6f885fa6f7ee5341de25fefe8d04e6d233bd35cf2fabdeb93fb0d,2026-06-28,262,50839387298,2.878,,
past260,후묘티어,c3b9ddaa41b6f885fa6f7ee5341de25fefe8d04e6d233bd35cf2fabdeb93fb0d,2026-06-29,262,50839387298,2.878,,
past260,후묘티어,c3b9ddaa41b6f885fa6f7ee5341de25fefe8d04e6d233bd35cf2fabdeb93fb0d,2026-06-30,262,50839387298,2.878,,
past260,후묘티어,c3b9ddaa41b6f885fa6f7ee5341de25fefe8d04e6d233bd35cf2fabdeb93fb0d,2026-07-01,262,50839387298,2.878,,
past260,후묘티어,c3b9ddaa41b6f885fa6f7ee5341de25fefe8d04e6d233bd35cf2fabdeb93fb0d,2026-07-02,262,50839387298,2.878,,
past260,후묘티어,c3b9ddaa41b6f885fa6f7ee5341de25fefe8d04e6d233bd35cf2fabdeb93fb0d,2026-07-03,262,50839387298,2.878,,
past260,후묘티어,c3b9ddaa41b6f885fa6f7ee5341de25fefe8d04e6d233bd35cf2fabdeb93fb0d,2026-07-04,262,50839387298,2.878,4929314,
past260,후묘티어,c3b9ddaa41b6f885fa6f7ee5341de25fefe8d04e6d233bd35cf2fabdeb93fb0d,2026-07-05,262,50839387298,2.878,,
past260,후묘티어,c3b9ddaa41b6f885fa6f7ee5341de25fefe8d04e6d233bd35cf2fabdeb93fb0d,2026-07-06,262,50839387298,2.878,,
past260,후묘티어,c3b9ddaa41b6f885fa6f7ee5341de25fefe8d04e6d233bd35cf2fabdeb93fb0d,2026-07-07,262,50839387298,2.878,,
past260,후묘티어,c3b9ddaa41b6f885fa6f7ee5341de25fefe8d04e6d233bd35cf2fabdeb93fb0d,2026-07-08,262,50839387298,2.878,,
past260,후묘티어,c3b9ddaa41b6f885fa6f7ee5341de25fefe8d04e6d233bd35cf2fabdeb93fb0d,2026-07-09,262,50839387298,2.878,,
past260,후묘티어,c3b9ddaa41b6f885fa6f7ee5341de25fefe8d04e6d233bd35cf2fabdeb93fb0d,2026-07-10,262,50839387298,2.878,,
past260,후묘티어,c3b9ddaa41b6f885fa6f7ee5341de25fefe8d04e6d233bd35cf2fabdeb93fb0d,2026-07-11,262,50839387298,2.878,,
past260,후묘티어,c3b9ddaa41b6f885fa6f7ee5341de25fefe8d04e6d233bd35cf2fabdeb93fb0d,2026-07-12,262,50839387298,2.878,4929314,
past260,후묘티어,c3b9ddaa41b6f885fa6f7ee5341de25fefe8d04e6d233bd35cf2fabdeb93fb0d,2026-07-13,262,50839387298,2.878,,
past260,후묘티어,c3b9ddaa41b6f885fa6f7ee5341de25fefe8d04e6d233bd35cf2fabdeb93fb0d,2026-07-14,262,50839387298,2.878,,
past260,후묘티어,c3b9ddaa41b6f885fa6f7ee5341de25fefe8d04e6d233bd35cf2fabdeb93fb0d,2026-07-15,262,50839387298,2.878,,
past260,후묘티어,c3b9ddaa41b6f885fa6f7ee5341de25fefe8d04e6d233bd35cf2fabdeb93fb0d,2026-07-16,262,50839387298,2.878,,
past260,후묘티어,c3b9ddaa41b6f885fa6f7ee5341de25fefe8d04e6d233bd35cf2fabdeb93fb0d,2026-07-17,262,50839387298,2.878,,
past260,후묘티어,c3b9ddaa41b6f885fa6f7ee5341de25fefe8d04e6d233bd35cf2fabdeb93fb0d,2026-07-18,262,50839387298,2.878,,
past260,후묘티어,c3b9ddaa41b6f885fa6f7ee5341de25fefe8d04e6d233bd35cf2fabdeb93fb0d,2026-07-19,262,50839387298,2.878,,
past260,후묘티어,c3b9ddaa41b6f885fa6f7ee5341de25fefe8d04e6d233bd35cf2fabdeb93fb0d,2026-07-20,262,50839387298,2.878,4929314,
past260,후묘티어,c3b9ddaa41b6f885fa6f7ee5341de25fefe8d04e6d233bd35cf2fabdeb93fb0d,2026-07-21,262,50839387298,2.878,,
past260,후묘티어,c3b9ddaa41b6f885fa6f7ee5341de25fefe8d04e6d233bd35cf2fabdeb93fb0d,2026-07-22,262,50839387298,2.878,,
past260,세컨파티,b071b74842dab651620671c304f40b46,2026-06-18,262,41817210168,2.367,1304907,
past260,세컨파티,b071b74842dab651620671c304f40b46,2026-06-19,262,41817210168,2.367,,
past260,세컨파티,b071b74842dab651620671c304f40b46,2026-06-20,262,41817210168,2.367,,
past260,세컨파티,b071b74842dab651620671c304f40b46,2026-06-21,262,41817210168,2.367,,
past260,세컨파티,b071b74842dab651620671c304f40b46,2026-06-22,262,41817210168,2.367,,
past260,세컨파티,b071b74842dab651620671c304f40b46,2026-06-23,262,41817210168,2.367,,
past260,세컨파티,b071b74842dab651620671c304f40b46,2026-06-24,262,41817210168,2.367,,
past260,세컨파티,b071b74842dab651620671c304f40b46,2026-06-25,262,41817210168,2.367,,
past260,세컨파티,b071b74842dab651620671c304f40b46,2026-06-26,262,41817210168,2.367,1304907,
past260,세컨파티,b071b74842dab651620671c304f40b46,2026-06-27,262,41817210168,2.367,,
past260,세컨파티,b071b74842dab651620671c304f40b46,2026-06-28,262,41817210168,2.367,,
past260,세컨파티,b071b74842dab651620671c304f40b46,2026-06-29,262,41817210168,2.367,,
past260,세컨파티,b071b74842dab651620671c304f40b46,2026-06-30,262,41817210168,2.367,,
past260,세컨파티,b071b74842dab651620671c304f40b46,2026-07-01,262,41817210168,2.367,,
past260,세컨파티,b071b74842dab651620671c304f40b46,2026-07-02,262,41817210168,2.367,,
past260,세컨파티,b071b74842dab651620671c304f40b46,2026-07-03,262,41817210168,2.367,,
past260,세컨파티,b071b74842dab651620671c304f40b46,2026-07-04,262,41817210168,2.367,1304907,
past260,세컨파티,b071b74842dab651620671c304f40b46,2026-07-05,262,41817210168,2.367,,
past260,세컨파티,b071b74842dab651620671c304f40b46,2026-07-06,262,41817210168,2.367,,
past260,세컨파티,b071b74842dab651620671c304f40b46,2026-07-07,262,41817210168,2.367,,
past260,세컨파티,b071b74842dab651620671c304f40b46,2026-07-08,262,41817210168,2.367,,
past260,세컨파티,b071b74842dab651620671c304f40b46,2026-07-09,262,41817210168,2.367,,
past260,세컨파티,b071b74842dab651620671c304f40b46,2026-07-10,262,41817210168,2.367,,
past260,세컨파티,b071b74842dab651620671c304f40b46,2026-07-11,262,41817210168,2.367,,
past260,세컨파티,b071b74842dab651620671c304f40b46,2026-07-12,262,41817210168,2.367,1304907,
past260,세컨파티,b071b74842dab651620671c304f40b46,2026-07-13,262,41817210168,2.367,,
past260,세컨파티,b071b74842dab651620671c304f40b46,2026-07-14,262,41817210168,2.367,,
past260,세컨파티,b071b74842dab651620671c304f40b46,2026-07-15,262,41817210168,2.367,,
past260,세컨파티,b071b74842dab651620671c304f40b46,2026-07-16,262,41817210168,2.367,,
past260,세컨파티,b071b74842dab651620671c304f40b46,2026-07-17,262,41817210168,2.367,,
past260,세컨파티,b071b74842dab651620671c304f40b46,2026-07-18,262,41817210168,2.367,,
past260,세컨파티,b071b74842dab651620671c304f40b46,2026-07-19,262,41817210168,2.367,,
past260,세컨파티,b071b74842dab651620671c304f40b46,2026-07-20,262,41817210168,2.367,1304907,
past260,세컨파티,b071b74842dab651620671c304f40b46,2026-07-21,262,41817210168,2.367,,
past260,세컨파티,b071b74842dab651620671c304f40b46,2026-07-22,262,41817210168,2.367,,
past260,코크베어,7c76f46ce3dd0d0aebb056a9779b7e5b,2026-06-18,262,26737258964,1.513,11146338,
past260,코크베어,7c76f46ce3dd0d0aebb056a9779b7e5b,2026-06-19,262,26737258964,1.513,,
past260,코크베어,7c76f46ce3dd0d0aebb056a9779b7e5b,2026-06-20,262,26737258964,1.513,,
past260,코크베어,7c76f46ce3dd0d0aebb056a9779b7e5b,2026-06-21,262,26737258964,1.513,,
past260,코크베어,7c76f46ce3dd0d0aebb056a9779b7e5b,2026-06-22,262,26737258964,1.513,,
past260,코크베어,7c76f46ce3dd0d0aebb056a9779b7e5b,2026-06-23,262,26737258964,1.513,,
past260,코크베어,7c76f46ce3dd0d0aebb056a9779b7e5b,2026-06-24,262,26737258964,1.513,,
past260,코크베어,7c76f46ce3dd0d0aebb056a9779b7e5b,2026-06-25,262,26737258964,1.513,,
past260,코크베어,7c76f46ce3dd0d0aebb056a9779b7e5b,2026-06-26,262,26737258964,1.513,10051473,
past260,코크베어,7c76f46ce3dd0d0aebb056a9779b7e5b,2026-06-27,262,26737258964,1.513,,
past260,코크베어,7c76f46ce3dd0d0aebb056a9779b7e5b,2026-06-28,262,26737258964,1.513,,
past260,코크베어,7c76f46ce3dd0d0aebb056a9779b7e5b,2026-06-29,262,26737258964,1.513,,
past260,코크베어,7c76f46ce3dd0d0aebb056a9779b7e5b,2026-06-30,262,26737258964,1.513,,
past260,코크베어,7c76f46ce3dd0d0aebb056a9779b7e5b,2026-07-01,262,26737258964,1.513,,
past260,코크베어,7c76f46ce3dd0d0aebb056a9779b7e5b,2026-07-02,262,26737258964,1.513,,
past260,코크베어,7c76f46ce3dd0d0aebb056a9779b7e5b,2026-07-03,262,26737258964,1.513,,
past260,코크베어,7c76f46ce3dd0d0aebb056a9779b7e5b,2026-07-04,262,26737258964,1.513,10051473,
past260,코크베어,7c76f46ce3dd0d0aebb056a9779b7e5b,2026-07-05,262,26737258964,1.513,,
past260,코크베어,7c76f46ce3dd0d0aebb056a9779b7e5b,2026-07-06,262,26737258964,1.513,,
past260,코크베어,7c76f46ce3dd0d0aebb056a9779b7e5b,2026-07-07,262,26737258964,1.513,,
past260,코크베어,7c76f46ce3dd0d0aebb056a9779b7e5b,2026-07-08,262,26737258964,1.513,,
past260,코크베어,7c76f46ce3dd0d0aebb056a9779b7e5b,2026-07-09,262,26737258964,1.513,,
past260,코크베어,7c76f46ce3dd0d0aebb056a9779b7e5b,2026-07-10,262,26737258964,1.513,,
past260,코크베어,7c76f46ce3dd0d0aebb056a9779b7e5b,2026-07-11,262,26737258964,1.513,,
past260,코크베어,7c76f46ce3dd0d0aebb056a9779b7e5b,2026-07-12,262,26737258964,1.513,10051473,
past260,코크베어,7c76f46ce3dd0d0aebb056a9779b7e5b,2026-07-13,262,26737258964,1.513,,
past260,코크베어,7c76f46ce3dd0d0aebb056a9779b7e5b,2026-07-14,262,26737258964,1.513,,
past260,코크베어,7c76f46ce3dd0d0aebb056a9779b7e5b,2026-07-15,262,26737258964,1.513,,
past260,코크베어,7c76f46ce3dd0d0aebb056a9779b7e5b,2026-07-16,262,26737258964,1.513,,
past260,코크베어,7c76f46ce3dd0d0aebb056a9779b7e5b,2026-07-17,262,26737258964,1.513,,
past260,코크베어,7c76f46ce3dd0d0aebb056a9779b7e5b,2026-07-18,262,26737258964,1.513,,
past260,코크베어,7c76f46ce3dd0d0aebb056a9779b7e5b,2026-07-19,262,26737258964,1.513,,
past260,코크베어,7c76f46ce3dd0d0aebb056a9779b7e5b,2026-07-20,262,26737258964,1.513,10051473,
past260,코크베어,7c76f46ce3dd0d0aebb056a9779b7e5b,2026-07-21,262,26737258964,1.513,,
past260,코크베어,7c76f46ce3dd0d0aebb056a9779b7e5b,2026-07-22,262,26737258964,1.513,,
past260,밤느림,241b58382aa97d7665680fcd8c1cb993,2026-06-18,262,38682166307,2.189,6191494,
past260,밤느림,241b58382aa97d7665680fcd8c1cb993,2026-06-19,262,38682166307,2.189,,
past260,밤느림,241b58382aa97d7665680fcd8c1cb993,2026-06-20,262,38682166307,2.189,,
past260,밤느림,241b58382aa97d7665680fcd8c1cb993,2026-06-21,262,38682166307,2.189,,
past260,밤느림,241b58382aa97d7665680fcd8c1cb993,2026-06-22,262,38682166307,2.189,,
past260,밤느림,241b58382aa97d7665680fcd8c1cb993,2026-06-23,262,38682166307,2.189,,
past260,밤느림,241b58382aa97d7665680fcd8c1cb993,2026-06-24,262,38682166307,2.189,,
past260,밤느림,241b58382aa97d7665680fcd8c1cb993,2026-06-25,262,38682166307,2.189,,
past260,밤느림,241b58382aa97d7665680fcd8c1cb993,2026-06-26,262,38682166307,2.189,6191494,
past260,밤느림,241b58382aa97d7665680fcd8c1cb993,2026-06-27,262,38682166307,2.189,,
past260,밤느림,241b58382aa97d7665680fcd8c1cb993,2026-06-28,262,38682166307,2.189,,
past260,밤느림,241b58382aa97d7665680fcd8c1cb993,2026-06-29,262,38682166307,2.189,,
past260,밤느림,241b58382aa97d7665680fcd8c1cb993,2026-06-30,262,38682166307,2.189,,
past260,밤느림,241b58382aa97d7665680fcd8c1cb993,2026-07-01,262,38682166307,2.189,,
past260,밤느림,241b58382aa97d7665680fcd8c1cb993,2026-07-02,262,38682166307,2.189,,
past260,밤느림,241b58382aa97d7665680fcd8c1cb993,2026-07-03,262,38682166307,2.189,,
past260,밤느림,241b58382aa97d7665680fcd8c1cb993,2026-07-04,262,38682166307,2.189,6191494,
past260,밤느림,241b58382aa97d7665680fcd8c1cb993,2026-07-05,262,38682166307,2.189,,
past260,밤느림,241b58382aa97d7665680fcd8c1cb993,2026-07-06,262,38682166307,2.189,,
past260,밤느림,241b58382aa97d7665680fcd8c1cb993,2026-07-07,262,38682166307,2.189,,
past260,밤느림,241b58382aa97d7665680fcd8c1cb993,2026-07-08,262,38682166307,2.189,,
past260,밤느림,241b58382aa97d7665680fcd8c1cb993,2026-07-09,262,38682166307,2.189,,
past260,밤느림,241b58382aa97d7665680fcd8c1cb993,2026-07-10,262,38682166307,2.189,,
past260,밤느림,241b58382aa97d7665680fcd8c1cb993,2026-07-11,262,38682166307,2.189,,
past260,밤느림,241b58382aa97d7665680fcd8c1cb993,2026-07-12,262,38682166307,2.189,6191494,
past260,밤느림,241b58382aa97d7665680fcd8c1cb993,2026-07-13,262,38682166307,2.189,,
past260,밤느림,241b58382aa97d7665680fcd8c1cb993,2026-07-14,262,38682166307,2.189,,
past260,밤느림,241b58382aa97d7665680fcd8c1cb993,2026-07-15,262,38682166307,2.189,,
past260,밤느림,241b58382aa97d7665680fcd8c1cb993,2026-07-16,262,38682166307,2.189,,
past260,밤느림,241b58382aa97d7665680fcd8c1cb993,2026-07-17,262,38682166307,2.189,,
past260,밤느림,241b58382aa97d7665680fcd8c1cb993,2026-07-18,262,38682166307,2.189,,
past260,밤느림,241b58382aa97d7665680fcd8c1cb993,2026-07-19,262,38682166307,2.189,,
past260,밤느림,241b58382aa97d7665680fcd8c1cb993,2026-07-20,262,38682166307,2.189,6191494,
past260,밤느림,241b58382aa97d7665680fcd8c1cb993,2026-07-21,262,38682166307,2.189,,
past260,밤느림,241b58382aa97d7665680fcd8c1cb993,2026-07-22,262,38682166307,2.189,,
past260,감씨보마,,2026-06-18,,,,,ocid_failed
past260,감씨보마,,2026-06-19,,,,,ocid_failed
past260,감씨보마,,2026-06-20,,,,,ocid_failed
past260,감씨보마,,2026-06-21,,,,,ocid_failed
past260,감씨보마,,2026-06-22,,,,,ocid_failed
past260,감씨보마,,2026-06-23,,,,,ocid_failed
past260,감씨보마,,2026-06-24,,,,,ocid_failed
past260,감씨보마,,2026-06-25,,,,,ocid_failed
past260,감씨보마,,2026-06-26,,,,,ocid_failed
past260,감씨보마,,2026-06-27,,,,,ocid_failed
past260,감씨보마,,2026-06-28,,,,,ocid_failed
past260,감씨보마,,2026-06-29,,,,,ocid_failed
past260,감씨보마,,2026-06-30,,,,,ocid_failed
past260,감씨보마,,2026-07-01,,,,,ocid_failed
past260,감씨보마,,2026-07-02,,,,,ocid_failed
past260,감씨보마,,2026-07-03,,,,,ocid_failed
past260,감씨보마,,2026-07-04,,,,,ocid_failed
past260,감씨보마,,2026-07-05,,,,,ocid_failed
past260,감씨보마,,2026-07-06,,,,,ocid_failed
past260,감씨보마,,2026-07-07,,,,,ocid_failed
past260,감씨보마,,2026-07-08,,,,,ocid_failed
past260,감씨보마,,2026-07-09,,,,,ocid_failed
past260,감씨보마,,2026-07-10,,,,,ocid_failed
past260,감씨보마,,2026-07-11,,,,,ocid_failed
past260,감씨보마,,2026-07-12,,,,,ocid_failed
past260,감씨보마,,2026-07-13,,,,,ocid_failed
past260,감씨보마,,2026-07-14,,,,,ocid_failed
past260,감씨보마,,2026-07-15,,,,,ocid_failed
past260,감씨보마,,2026-07-16,,,,,ocid_failed
past260,감씨보마,,2026-07-17,,,,,ocid_failed
past260,감씨보마,,2026-07-18,,,,,ocid_failed
past260,감씨보마,,2026-07-19,,,,,ocid_failed
past260,감씨보마,,2026-07-20,,,,,ocid_failed
past260,감씨보마,,2026-07-21,,,,,ocid_failed
past260,감씨보마,,2026-07-22,,,,,ocid_failed
past260,엘라엔버닝,aae100913d3ab2aa235bb1b243fcf107,2026-06-18,262,18745023089,1.061,10074710,
past260,엘라엔버닝,aae100913d3ab2aa235bb1b243fcf107,2026-06-19,262,18745023089,1.061,,
past260,엘라엔버닝,aae100913d3ab2aa235bb1b243fcf107,2026-06-20,262,18745023089,1.061,,
past260,엘라엔버닝,aae100913d3ab2aa235bb1b243fcf107,2026-06-21,262,18745023089,1.061,,
past260,엘라엔버닝,aae100913d3ab2aa235bb1b243fcf107,2026-06-22,262,18745023089,1.061,,
past260,엘라엔버닝,aae100913d3ab2aa235bb1b243fcf107,2026-06-23,262,18745023089,1.061,,
past260,엘라엔버닝,aae100913d3ab2aa235bb1b243fcf107,2026-06-24,262,18745023089,1.061,,
past260,엘라엔버닝,aae100913d3ab2aa235bb1b243fcf107,2026-06-25,262,18745023089,1.061,,
past260,엘라엔버닝,aae100913d3ab2aa235bb1b243fcf107,2026-06-26,262,18745023089,1.061,12782573,
past260,엘라엔버닝,aae100913d3ab2aa235bb1b243fcf107,2026-06-27,262,18745023089,1.061,,
past260,엘라엔버닝,aae100913d3ab2aa235bb1b243fcf107,2026-06-28,262,18745023089,1.061,,
past260,엘라엔버닝,aae100913d3ab2aa235bb1b243fcf107,2026-06-29,262,18745023089,1.061,,
past260,엘라엔버닝,aae100913d3ab2aa235bb1b243fcf107,2026-06-30,262,18745023089,1.061,,
past260,엘라엔버닝,aae100913d3ab2aa235bb1b243fcf107,2026-07-01,262,18745023089,1.061,,
past260,엘라엔버닝,aae100913d3ab2aa235bb1b243fcf107,2026-07-02,262,18745023089,1.061,,
past260,엘라엔버닝,aae100913d3ab2aa235bb1b243fcf107,2026-07-03,262,18745023089,1.061,,
past260,엘라엔버닝,aae100913d3ab2aa235bb1b243fcf107,2026-07-04,262,18746553497,1.061,11857858,
past260,엘라엔버닝,aae100913d3ab2aa235bb1b243fcf107,2026-07-05,262,18746553497,1.061,,
past260,엘라엔버닝,aae100913d3ab2aa235bb1b243fcf107,2026-07-06,262,18746553497,1.061,,
past260,엘라엔버닝,aae100913d3ab2aa235bb1b243fcf107,2026-07-07,262,18746553497,1.061,,
past260,엘라엔버닝,aae100913d3ab2aa235bb1b243fcf107,2026-07-08,262,18746553497,1.061,,
past260,엘라엔버닝,aae100913d3ab2aa235bb1b243fcf107,2026-07-09,262,18746553497,1.061,,
past260,엘라엔버닝,aae100913d3ab2aa235bb1b243fcf107,2026-07-10,262,18746553497,1.061,,
past260,엘라엔버닝,aae100913d3ab2aa235bb1b243fcf107,2026-07-11,262,18746553497,1.061,,
past260,엘라엔버닝,aae100913d3ab2aa235bb1b243fcf107,2026-07-12,262,18746553497,1.061,11866434,
past260,엘라엔버닝,aae100913d3ab2aa235bb1b243fcf107,2026-07-13,262,18746553497,1.061,,
past260,엘라엔버닝,aae100913d3ab2aa235bb1b243fcf107,2026-07-14,262,18746553497,1.061,,
past260,엘라엔버닝,aae100913d3ab2aa235bb1b243fcf107,2026-07-15,262,18746553497,1.061,,
past260,엘라엔버닝,aae100913d3ab2aa235bb1b243fcf107,2026-07-16,262,18746553497,1.061,,
past260,엘라엔버닝,aae100913d3ab2aa235bb1b243fcf107,2026-07-17,262,18746553497,1.061,,
past260,엘라엔버닝,aae100913d3ab2aa235bb1b243fcf107,2026-07-18,262,18746553497,1.061,,
past260,엘라엔버닝,aae100913d3ab2aa235bb1b243fcf107,2026-07-19,262,18746553497,1.061,,
past260,엘라엔버닝,aae100913d3ab2aa235bb1b243fcf107,2026-07-20,262,18746553497,1.061,11573616,
past260,엘라엔버닝,aae100913d3ab2aa235bb1b243fcf107,2026-07-21,262,18746553497,1.061,,
past260,엘라엔버닝,aae100913d3ab2aa235bb1b243fcf107,2026-07-22,262,18746553497,1.061,,
past260,까먹공,8e296050312b9da2be6c511e7267aa00,2026-06-18,262,21928119218,1.241,2705739,
past260,까먹공,8e296050312b9da2be6c511e7267aa00,2026-06-19,262,21928119218,1.241,,
past260,까먹공,8e296050312b9da2be6c511e7267aa00,2026-06-20,262,21928119218,1.241,,
past260,까먹공,8e296050312b9da2be6c511e7267aa00,2026-06-21,262,21928119218,1.241,,
past260,까먹공,8e296050312b9da2be6c511e7267aa00,2026-06-22,262,21928119218,1.241,,
past260,까먹공,8e296050312b9da2be6c511e7267aa00,2026-06-23,262,21928119218,1.241,,
past260,까먹공,8e296050312b9da2be6c511e7267aa00,2026-06-24,262,21928119218,1.241,,
past260,까먹공,8e296050312b9da2be6c511e7267aa00,2026-06-25,262,21928119218,1.241,,
past260,까먹공,8e296050312b9da2be6c511e7267aa00,2026-06-26,262,21928119218,1.241,2874558,
past260,까먹공,8e296050312b9da2be6c511e7267aa00,2026-06-27,262,21928119218,1.241,,
past260,까먹공,8e296050312b9da2be6c511e7267aa00,2026-06-28,262,21928119218,1.241,,
past260,까먹공,8e296050312b9da2be6c511e7267aa00,2026-06-29,262,21928119218,1.241,,
past260,까먹공,8e296050312b9da2be6c511e7267aa00,2026-06-30,262,21928119218,1.241,,
past260,까먹공,8e296050312b9da2be6c511e7267aa00,2026-07-01,262,21928119218,1.241,,
past260,까먹공,8e296050312b9da2be6c511e7267aa00,2026-07-02,262,21928119218,1.241,,
past260,까먹공,8e296050312b9da2be6c511e7267aa00,2026-07-03,262,21928119218,1.241,,
past260,까먹공,8e296050312b9da2be6c511e7267aa00,2026-07-04,262,21928119218,1.241,2874558,
past260,까먹공,8e296050312b9da2be6c511e7267aa00,2026-07-05,262,21928119218,1.241,,
past260,까먹공,8e296050312b9da2be6c511e7267aa00,2026-07-06,262,21928119218,1.241,,
past260,까먹공,8e296050312b9da2be6c511e7267aa00,2026-07-07,262,21928119218,1.241,,
past260,까먹공,8e296050312b9da2be6c511e7267aa00,2026-07-08,262,21928119218,1.241,,
past260,까먹공,8e296050312b9da2be6c511e7267aa00,2026-07-09,262,21928119218,1.241,,
past260,까먹공,8e296050312b9da2be6c511e7267aa00,2026-07-10,262,21928119218,1.241,,
past260,까먹공,8e296050312b9da2be6c511e7267aa00,2026-07-11,262,21928119218,1.241,,
past260,까먹공,8e296050312b9da2be6c511e7267aa00,2026-07-12,262,21928119218,1.241,2874558,
past260,까먹공,8e296050312b9da2be6c511e7267aa00,2026-07-13,262,21928119218,1.241,,
past260,까먹공,8e296050312b9da2be6c511e7267aa00,2026-07-14,262,21928119218,1.241,,
past260,까먹공,8e296050312b9da2be6c511e7267aa00,2026-07-15,262,21928119218,1.241,,
past260,까먹공,8e296050312b9da2be6c511e7267aa00,2026-07-16,262,21928119218,1.241,,
past260,까먹공,8e296050312b9da2be6c511e7267aa00,2026-07-17,262,21928119218,1.241,,
past260,까먹공,8e296050312b9da2be6c511e7267aa00,2026-07-18,262,21928119218,1.241,,
past260,까먹공,8e296050312b9da2be6c511e7267aa00,2026-07-19,262,21928119218,1.241,,
past260,까먹공,8e296050312b9da2be6c511e7267aa00,2026-07-20,262,21928119218,1.241,2874558,
past260,까먹공,8e296050312b9da2be6c511e7267aa00,2026-07-21,262,21928119218,1.241,,
past260,까먹공,8e296050312b9da2be6c511e7267aa00,2026-07-22,262,21928119218,1.241,,
past260,성원인데,25d0574234c030d0da28044411914c72efe8d04e6d233bd35cf2fabdeb93fb0d,2026-06-18,262,46863582676,2.653,10478816,
past260,성원인데,25d0574234c030d0da28044411914c72efe8d04e6d233bd35cf2fabdeb93fb0d,2026-06-19,262,46863582676,2.653,,
past260,성원인데,25d0574234c030d0da28044411914c72efe8d04e6d233bd35cf2fabdeb93fb0d,2026-06-20,262,46863582676,2.653,,
past260,성원인데,25d0574234c030d0da28044411914c72efe8d04e6d233bd35cf2fabdeb93fb0d,2026-06-21,262,46863582676,2.653,,
past260,성원인데,25d0574234c030d0da28044411914c72efe8d04e6d233bd35cf2fabdeb93fb0d,2026-06-22,262,46863582676,2.653,,
past260,성원인데,25d0574234c030d0da28044411914c72efe8d04e6d233bd35cf2fabdeb93fb0d,2026-06-23,262,46863582676,2.653,,
past260,성원인데,25d0574234c030d0da28044411914c72efe8d04e6d233bd35cf2fabdeb93fb0d,2026-06-24,262,46863582676,2.653,,
past260,성원인데,25d0574234c030d0da28044411914c72efe8d04e6d233bd35cf2fabdeb93fb0d,2026-06-25,262,46863582676,2.653,,
past260,성원인데,25d0574234c030d0da28044411914c72efe8d04e6d233bd35cf2fabdeb93fb0d,2026-06-26,262,46863582676,2.653,10478816,
past260,성원인데,25d0574234c030d0da28044411914c72efe8d04e6d233bd35cf2fabdeb93fb0d,2026-06-27,262,46863582676,2.653,,
past260,성원인데,25d0574234c030d0da28044411914c72efe8d04e6d233bd35cf2fabdeb93fb0d,2026-06-28,262,46863582676,2.653,,
past260,성원인데,25d0574234c030d0da28044411914c72efe8d04e6d233bd35cf2fabdeb93fb0d,2026-06-29,262,46863582676,2.653,,
past260,성원인데,25d0574234c030d0da28044411914c72efe8d04e6d233bd35cf2fabdeb93fb0d,2026-06-30,262,46863582676,2.653,,
past260,성원인데,25d0574234c030d0da28044411914c72efe8d04e6d233bd35cf2fabdeb93fb0d,2026-07-01,262,46863582676,2.653,,
past260,성원인데,25d0574234c030d0da28044411914c72efe8d04e6d233bd35cf2fabdeb93fb0d,2026-07-02,262,46863582676,2.653,,
past260,성원인데,25d0574234c030d0da28044411914c72efe8d04e6d233bd35cf2fabdeb93fb0d,2026-07-03,262,46863582676,2.653,,
past260,성원인데,25d0574234c030d0da28044411914c72efe8d04e6d233bd35cf2fabdeb93fb0d,2026-07-04,262,46863582676,2.653,10478816,
past260,성원인데,25d0574234c030d0da28044411914c72efe8d04e6d233bd35cf2fabdeb93fb0d,2026-07-05,262,46863582676,2.653,,
past260,성원인데,25d0574234c030d0da28044411914c72efe8d04e6d233bd35cf2fabdeb93fb0d,2026-07-06,262,46863582676,2.653,,
past260,성원인데,25d0574234c030d0da28044411914c72efe8d04e6d233bd35cf2fabdeb93fb0d,2026-07-07,262,46863582676,2.653,,
past260,성원인데,25d0574234c030d0da28044411914c72efe8d04e6d233bd35cf2fabdeb93fb0d,2026-07-08,262,46863582676,2.653,,
past260,성원인데,25d0574234c030d0da28044411914c72efe8d04e6d233bd35cf2fabdeb93fb0d,2026-07-09,262,46863582676,2.653,,
past260,성원인데,25d0574234c030d0da28044411914c72efe8d04e6d233bd35cf2fabdeb93fb0d,2026-07-10,262,46863582676,2.653,,
past260,성원인데,25d0574234c030d0da28044411914c72efe8d04e6d233bd35cf2fabdeb93fb0d,2026-07-11,262,46863582676,2.653,,
past260,성원인데,25d0574234c030d0da28044411914c72efe8d04e6d233bd35cf2fabdeb93fb0d,2026-07-12,262,46863582676,2.653,10478816,
past260,성원인데,25d0574234c030d0da28044411914c72efe8d04e6d233bd35cf2fabdeb93fb0d,2026-07-13,262,46863582676,2.653,,
past260,성원인데,25d0574234c030d0da28044411914c72efe8d04e6d233bd35cf2fabdeb93fb0d,2026-07-14,262,46863582676,2.653,,
past260,성원인데,25d0574234c030d0da28044411914c72efe8d04e6d233bd35cf2fabdeb93fb0d,2026-07-15,262,46863582676,2.653,,
past260,성원인데,25d0574234c030d0da28044411914c72efe8d04e6d233bd35cf2fabdeb93fb0d,2026-07-16,262,46863582676,2.653,,
past260,성원인데,25d0574234c030d0da28044411914c72efe8d04e6d233bd35cf2fabdeb93fb0d,2026-07-17,262,46863582676,2.653,,
past260,성원인데,25d0574234c030d0da28044411914c72efe8d04e6d233bd35cf2fabdeb93fb0d,2026-07-18,262,46863582676,2.653,,
past260,성원인데,25d0574234c030d0da28044411914c72efe8d04e6d233bd35cf2fabdeb93fb0d,2026-07-19,262,46863582676,2.653,,
past260,성원인데,25d0574234c030d0da28044411914c72efe8d04e6d233bd35cf2fabdeb93fb0d,2026-07-20,262,46863582676,2.653,10478816,
past260,성원인데,25d0574234c030d0da28044411914c72efe8d04e6d233bd35cf2fabdeb93fb0d,2026-07-21,262,46863582676,2.653,,
past260,성원인데,25d0574234c030d0da28044411914c72efe8d04e6d233bd35cf2fabdeb93fb0d,2026-07-22,262,46863582676,2.653,,
past260,5555333333,1df12dfc552c3d123a3550b60d78abf9c47ea5ffea2564f587ca830a8f71acb2,2026-06-18,262,24447490014,1.384,13335428,
past260,5555333333,1df12dfc552c3d123a3550b60d78abf9c47ea5ffea2564f587ca830a8f71acb2,2026-06-19,262,24447490014,1.384,,
past260,5555333333,1df12dfc552c3d123a3550b60d78abf9c47ea5ffea2564f587ca830a8f71acb2,2026-06-20,262,24447490014,1.384,,
past260,5555333333,1df12dfc552c3d123a3550b60d78abf9c47ea5ffea2564f587ca830a8f71acb2,2026-06-21,262,24447490014,1.384,,
past260,5555333333,1df12dfc552c3d123a3550b60d78abf9c47ea5ffea2564f587ca830a8f71acb2,2026-06-22,262,24447490014,1.384,,
past260,5555333333,1df12dfc552c3d123a3550b60d78abf9c47ea5ffea2564f587ca830a8f71acb2,2026-06-23,262,24447490014,1.384,,
past260,5555333333,1df12dfc552c3d123a3550b60d78abf9c47ea5ffea2564f587ca830a8f71acb2,2026-06-24,262,24447490014,1.384,,
past260,5555333333,1df12dfc552c3d123a3550b60d78abf9c47ea5ffea2564f587ca830a8f71acb2,2026-06-25,262,24447490014,1.384,,
past260,5555333333,1df12dfc552c3d123a3550b60d78abf9c47ea5ffea2564f587ca830a8f71acb2,2026-06-26,262,24447490014,1.384,13335428,
past260,5555333333,1df12dfc552c3d123a3550b60d78abf9c47ea5ffea2564f587ca830a8f71acb2,2026-06-27,262,24447490014,1.384,,
past260,5555333333,1df12dfc552c3d123a3550b60d78abf9c47ea5ffea2564f587ca830a8f71acb2,2026-06-28,262,24447490014,1.384,,
past260,5555333333,1df12dfc552c3d123a3550b60d78abf9c47ea5ffea2564f587ca830a8f71acb2,2026-06-29,262,24447490014,1.384,,
past260,5555333333,1df12dfc552c3d123a3550b60d78abf9c47ea5ffea2564f587ca830a8f71acb2,2026-06-30,262,24447490014,1.384,,
past260,5555333333,1df12dfc552c3d123a3550b60d78abf9c47ea5ffea2564f587ca830a8f71acb2,2026-07-01,262,24447490014,1.384,,
past260,5555333333,1df12dfc552c3d123a3550b60d78abf9c47ea5ffea2564f587ca830a8f71acb2,2026-07-02,262,24447490014,1.384,,
past260,5555333333,1df12dfc552c3d123a3550b60d78abf9c47ea5ffea2564f587ca830a8f71acb2,2026-07-03,262,24447490014,1.384,,
past260,5555333333,1df12dfc552c3d123a3550b60d78abf9c47ea5ffea2564f587ca830a8f71acb2,2026-07-04,262,24447490014,1.384,13335428,
past260,5555333333,1df12dfc552c3d123a3550b60d78abf9c47ea5ffea2564f587ca830a8f71acb2,2026-07-05,262,24447490014,1.384,,
past260,5555333333,1df12dfc552c3d123a3550b60d78abf9c47ea5ffea2564f587ca830a8f71acb2,2026-07-06,262,24447490014,1.384,,
past260,5555333333,1df12dfc552c3d123a3550b60d78abf9c47ea5ffea2564f587ca830a8f71acb2,2026-07-07,262,24447490014,1.384,,
past260,5555333333,1df12dfc552c3d123a3550b60d78abf9c47ea5ffea2564f587ca830a8f71acb2,2026-07-08,262,24447490014,1.384,,
past260,5555333333,1df12dfc552c3d123a3550b60d78abf9c47ea5ffea2564f587ca830a8f71acb2,2026-07-09,262,24447490014,1.384,,
past260,5555333333,1df12dfc552c3d123a3550b60d78abf9c47ea5ffea2564f587ca830a8f71acb2,2026-07-10,262,24447490014,1.384,,
past260,5555333333,1df12dfc552c3d123a3550b60d78abf9c47ea5ffea2564f587ca830a8f71acb2,2026-07-11,262,24447490014,1.384,,
past260,5555333333,1df12dfc552c3d123a3550b60d78abf9c47ea5ffea2564f587ca830a8f71acb2,2026-07-12,262,24447490014,1.384,13335428,
past260,5555333333,1df12dfc552c3d123a3550b60d78abf9c47ea5ffea2564f587ca830a8f71acb2,2026-07-13,262,24447490014,1.384,,
past260,5555333333,1df12dfc552c3d123a3550b60d78abf9c47ea5ffea2564f587ca830a8f71acb2,2026-07-14,262,24447490014,1.384,,
past260,5555333333,1df12dfc552c3d123a3550b60d78abf9c47ea5ffea2564f587ca830a8f71acb2,2026-07-15,262,24447490014,1.384,,
past260,5555333333,1df12dfc552c3d123a3550b60d78abf9c47ea5ffea2564f587ca830a8f71acb2,2026-07-16,262,24447490014,1.384,,
past260,5555333333,1df12dfc552c3d123a3550b60d78abf9c47ea5ffea2564f587ca830a8f71acb2,2026-07-17,262,24447490014,1.384,,
past260,5555333333,1df12dfc552c3d123a3550b60d78abf9c47ea5ffea2564f587ca830a8f71acb2,2026-07-18,262,24447490014,1.384,,
past260,5555333333,1df12dfc552c3d123a3550b60d78abf9c47ea5ffea2564f587ca830a8f71acb2,2026-07-19,262,24447490014,1.384,,
past260,5555333333,1df12dfc552c3d123a3550b60d78abf9c47ea5ffea2564f587ca830a8f71acb2,2026-07-20,262,24447490014,1.384,13335428,
past260,5555333333,1df12dfc552c3d123a3550b60d78abf9c47ea5ffea2564f587ca830a8f71acb2,2026-07-21,262,24447490014,1.384,,
past260,5555333333,1df12dfc552c3d123a3550b60d78abf9c47ea5ffea2564f587ca830a8f71acb2,2026-07-22,262,24447490014,1.384,,
past260,제로잠뽕,a1a3928a2359e7c190884629d1ec7e45,2026-06-18,262,48611838495,2.752,6340802,
past260,제로잠뽕,a1a3928a2359e7c190884629d1ec7e45,2026-06-19,262,48611838495,2.752,,
past260,제로잠뽕,a1a3928a2359e7c190884629d1ec7e45,2026-06-20,262,48611838495,2.752,,
past260,제로잠뽕,a1a3928a2359e7c190884629d1ec7e45,2026-06-21,262,48611838495,2.752,,
past260,제로잠뽕,a1a3928a2359e7c190884629d1ec7e45,2026-06-22,262,48611838495,2.752,,
past260,제로잠뽕,a1a3928a2359e7c190884629d1ec7e45,2026-06-23,262,48611838495,2.752,,
past260,제로잠뽕,a1a3928a2359e7c190884629d1ec7e45,2026-06-24,262,48611838495,2.752,,
past260,제로잠뽕,a1a3928a2359e7c190884629d1ec7e45,2026-06-25,262,48611838495,2.752,,
past260,제로잠뽕,a1a3928a2359e7c190884629d1ec7e45,2026-06-26,262,48611838495,2.752,6340802,
past260,제로잠뽕,a1a3928a2359e7c190884629d1ec7e45,2026-06-27,262,48611838495,2.752,,
past260,제로잠뽕,a1a3928a2359e7c190884629d1ec7e45,2026-06-28,262,48611838495,2.752,,
past260,제로잠뽕,a1a3928a2359e7c190884629d1ec7e45,2026-06-29,262,48611838495,2.752,,
past260,제로잠뽕,a1a3928a2359e7c190884629d1ec7e45,2026-06-30,262,48611838495,2.752,,
past260,제로잠뽕,a1a3928a2359e7c190884629d1ec7e45,2026-07-01,262,48611838495,2.752,,
past260,제로잠뽕,a1a3928a2359e7c190884629d1ec7e45,2026-07-02,262,48611838495,2.752,,
past260,제로잠뽕,a1a3928a2359e7c190884629d1ec7e45,2026-07-03,262,48611838495,2.752,,
past260,제로잠뽕,a1a3928a2359e7c190884629d1ec7e45,2026-07-04,262,48611838495,2.752,6340802,
past260,제로잠뽕,a1a3928a2359e7c190884629d1ec7e45,2026-07-05,262,48611838495,2.752,,
past260,제로잠뽕,a1a3928a2359e7c190884629d1ec7e45,2026-07-06,262,48611838495,2.752,,
past260,제로잠뽕,a1a3928a2359e7c190884629d1ec7e45,2026-07-07,262,48611838495,2.752,,
past260,제로잠뽕,a1a3928a2359e7c190884629d1ec7e45,2026-07-08,262,48611838495,2.752,,
past260,제로잠뽕,a1a3928a2359e7c190884629d1ec7e45,2026-07-09,262,48611838495,2.752,,
past260,제로잠뽕,a1a3928a2359e7c190884629d1ec7e45,2026-07-10,262,48611838495,2.752,,
past260,제로잠뽕,a1a3928a2359e7c190884629d1ec7e45,2026-07-11,262,48611838495,2.752,,
past260,제로잠뽕,a1a3928a2359e7c190884629d1ec7e45,2026-07-12,262,48611838495,2.752,6340802,
past260,제로잠뽕,a1a3928a2359e7c190884629d1ec7e45,2026-07-13,262,48611838495,2.752,,
past260,제로잠뽕,a1a3928a2359e7c190884629d1ec7e45,2026-07-14,262,48611838495,2.752,,
past260,제로잠뽕,a1a3928a2359e7c190884629d1ec7e45,2026-07-15,262,48611838495,2.752,,
past260,제로잠뽕,a1a3928a2359e7c190884629d1ec7e45,2026-07-16,262,48611838495,2.752,,
past260,제로잠뽕,a1a3928a2359e7c190884629d1ec7e45,2026-07-17,262,48611838495,2.752,,
past260,제로잠뽕,a1a3928a2359e7c190884629d1ec7e45,2026-07-18,262,48611838495,2.752,,
past260,제로잠뽕,a1a3928a2359e7c190884629d1ec7e45,2026-07-19,262,48611838495,2.752,,
past260,제로잠뽕,a1a3928a2359e7c190884629d1ec7e45,2026-07-20,262,48611838495,2.752,6340802,
past260,제로잠뽕,a1a3928a2359e7c190884629d1ec7e45,2026-07-21,262,48611838495,2.752,,
past260,제로잠뽕,a1a3928a2359e7c190884629d1ec7e45,2026-07-22,262,48611838495,2.752,,
past260,쁘띠앵심,,2026-06-18,,,,,ocid_failed
past260,쁘띠앵심,,2026-06-19,,,,,ocid_failed
past260,쁘띠앵심,,2026-06-20,,,,,ocid_failed
past260,쁘띠앵심,,2026-06-21,,,,,ocid_failed
past260,쁘띠앵심,,2026-06-22,,,,,ocid_failed
past260,쁘띠앵심,,2026-06-23,,,,,ocid_failed
past260,쁘띠앵심,,2026-06-24,,,,,ocid_failed
past260,쁘띠앵심,,2026-06-25,,,,,ocid_failed
past260,쁘띠앵심,,2026-06-26,,,,,ocid_failed
past260,쁘띠앵심,,2026-06-27,,,,,ocid_failed
past260,쁘띠앵심,,2026-06-28,,,,,ocid_failed
past260,쁘띠앵심,,2026-06-29,,,,,ocid_failed
past260,쁘띠앵심,,2026-06-30,,,,,ocid_failed
past260,쁘띠앵심,,2026-07-01,,,,,ocid_failed
past260,쁘띠앵심,,2026-07-02,,,,,ocid_failed
past260,쁘띠앵심,,2026-07-03,,,,,ocid_failed
past260,쁘띠앵심,,2026-07-04,,,,,ocid_failed
past260,쁘띠앵심,,2026-07-05,,,,,ocid_failed
past260,쁘띠앵심,,2026-07-06,,,,,ocid_failed
past260,쁘띠앵심,,2026-07-07,,,,,ocid_failed
past260,쁘띠앵심,,2026-07-08,,,,,ocid_failed
past260,쁘띠앵심,,2026-07-09,,,,,ocid_failed
past260,쁘띠앵심,,2026-07-10,,,,,ocid_failed
past260,쁘띠앵심,,2026-07-11,,,,,ocid_failed
past260,쁘띠앵심,,2026-07-12,,,,,ocid_failed
past260,쁘띠앵심,,2026-07-13,,,,,ocid_failed
past260,쁘띠앵심,,2026-07-14,,,,,ocid_failed
past260,쁘띠앵심,,2026-07-15,,,,,ocid_failed
past260,쁘띠앵심,,2026-07-16,,,,,ocid_failed
past260,쁘띠앵심,,2026-07-17,,,,,ocid_failed
past260,쁘띠앵심,,2026-07-18,,,,,ocid_failed
past260,쁘띠앵심,,2026-07-19,,,,,ocid_failed
past260,쁘띠앵심,,2026-07-20,,,,,ocid_failed
past260,쁘띠앵심,,2026-07-21,,,,,ocid_failed
past260,쁘띠앵심,,2026-07-22,,,,,ocid_failed
past260,별바밤바,2c7b55465b4060cde305a1ef289b698befe8d04e6d233bd35cf2fabdeb93fb0d,2026-06-18,262,28395806523,1.607,0,
past260,별바밤바,2c7b55465b4060cde305a1ef289b698befe8d04e6d233bd35cf2fabdeb93fb0d,2026-06-19,262,28395806523,1.607,,
past260,별바밤바,2c7b55465b4060cde305a1ef289b698befe8d04e6d233bd35cf2fabdeb93fb0d,2026-06-20,262,28395806523,1.607,,
past260,별바밤바,2c7b55465b4060cde305a1ef289b698befe8d04e6d233bd35cf2fabdeb93fb0d,2026-06-21,262,28395806523,1.607,,
past260,별바밤바,2c7b55465b4060cde305a1ef289b698befe8d04e6d233bd35cf2fabdeb93fb0d,2026-06-22,262,28395806523,1.607,,
past260,별바밤바,2c7b55465b4060cde305a1ef289b698befe8d04e6d233bd35cf2fabdeb93fb0d,2026-06-23,262,28395806523,1.607,,
past260,별바밤바,2c7b55465b4060cde305a1ef289b698befe8d04e6d233bd35cf2fabdeb93fb0d,2026-06-24,262,28395806523,1.607,,
past260,별바밤바,2c7b55465b4060cde305a1ef289b698befe8d04e6d233bd35cf2fabdeb93fb0d,2026-06-25,262,28395806523,1.607,,
past260,별바밤바,2c7b55465b4060cde305a1ef289b698befe8d04e6d233bd35cf2fabdeb93fb0d,2026-06-26,262,28395806523,1.607,0,
past260,별바밤바,2c7b55465b4060cde305a1ef289b698befe8d04e6d233bd35cf2fabdeb93fb0d,2026-06-27,262,28395806523,1.607,,
past260,별바밤바,2c7b55465b4060cde305a1ef289b698befe8d04e6d233bd35cf2fabdeb93fb0d,2026-06-28,262,28395806523,1.607,,
past260,별바밤바,2c7b55465b4060cde305a1ef289b698befe8d04e6d233bd35cf2fabdeb93fb0d,2026-06-29,262,28395806523,1.607,,
past260,별바밤바,2c7b55465b4060cde305a1ef289b698befe8d04e6d233bd35cf2fabdeb93fb0d,2026-06-30,262,28395806523,1.607,,
past260,별바밤바,2c7b55465b4060cde305a1ef289b698befe8d04e6d233bd35cf2fabdeb93fb0d,2026-07-01,262,28395806523,1.607,,
past260,별바밤바,2c7b55465b4060cde305a1ef289b698befe8d04e6d233bd35cf2fabdeb93fb0d,2026-07-02,262,28395806523,1.607,,
past260,별바밤바,2c7b55465b4060cde305a1ef289b698befe8d04e6d233bd35cf2fabdeb93fb0d,2026-07-03,262,28395806523,1.607,,
past260,별바밤바,2c7b55465b4060cde305a1ef289b698befe8d04e6d233bd35cf2fabdeb93fb0d,2026-07-04,262,28395806523,1.607,0,
past260,별바밤바,2c7b55465b4060cde305a1ef289b698befe8d04e6d233bd35cf2fabdeb93fb0d,2026-07-05,262,28395806523,1.607,,
past260,별바밤바,2c7b55465b4060cde305a1ef289b698befe8d04e6d233bd35cf2fabdeb93fb0d,2026-07-06,262,28395806523,1.607,,
past260,별바밤바,2c7b55465b4060cde305a1ef289b698befe8d04e6d233bd35cf2fabdeb93fb0d,2026-07-07,262,28395806523,1.607,,
past260,별바밤바,2c7b55465b4060cde305a1ef289b698befe8d04e6d233bd35cf2fabdeb93fb0d,2026-07-08,262,28395806523,1.607,,
past260,별바밤바,2c7b55465b4060cde305a1ef289b698befe8d04e6d233bd35cf2fabdeb93fb0d,2026-07-09,262,28395806523,1.607,,
past260,별바밤바,2c7b55465b4060cde305a1ef289b698befe8d04e6d233bd35cf2fabdeb93fb0d,2026-07-10,262,28395806523,1.607,,
past260,별바밤바,2c7b55465b4060cde305a1ef289b698befe8d04e6d233bd35cf2fabdeb93fb0d,2026-07-11,262,28395806523,1.607,,
past260,별바밤바,2c7b55465b4060cde305a1ef289b698befe8d04e6d233bd35cf2fabdeb93fb0d,2026-07-12,262,28395806523,1.607,0,
past260,별바밤바,2c7b55465b4060cde305a1ef289b698befe8d04e6d233bd35cf2fabdeb93fb0d,2026-07-13,262,28395806523,1.607,,
past260,별바밤바,2c7b55465b4060cde305a1ef289b698befe8d04e6d233bd35cf2fabdeb93fb0d,2026-07-14,262,28395806523,1.607,,
past260,별바밤바,2c7b55465b4060cde305a1ef289b698befe8d04e6d233bd35cf2fabdeb93fb0d,2026-07-15,262,28395806523,1.607,,
past260,별바밤바,2c7b55465b4060cde305a1ef289b698befe8d04e6d233bd35cf2fabdeb93fb0d,2026-07-16,262,28395806523,1.607,,
past260,별바밤바,2c7b55465b4060cde305a1ef289b698befe8d04e6d233bd35cf2fabdeb93fb0d,2026-07-17,262,28395806523,1.607,,
past260,별바밤바,2c7b55465b4060cde305a1ef289b698befe8d04e6d233bd35cf2fabdeb93fb0d,2026-07-18,262,28395806523,1.607,,
past260,별바밤바,2c7b55465b4060cde305a1ef289b698befe8d04e6d233bd35cf2fabdeb93fb0d,2026-07-19,262,28395806523,1.607,,
past260,별바밤바,2c7b55465b4060cde305a1ef289b698befe8d04e6d233bd35cf2fabdeb93fb0d,2026-07-20,262,28395806523,1.607,0,
past260,별바밤바,2c7b55465b4060cde305a1ef289b698befe8d04e6d233bd35cf2fabdeb93fb0d,2026-07-21,262,28395806523,1.607,,
past260,별바밤바,2c7b55465b4060cde305a1ef289b698befe8d04e6d233bd35cf2fabdeb93fb0d,2026-07-22,262,28395806523,1.607,,
past260,햄스터임,78535bb3901ed5024df8f35aa22af40f,2026-06-18,262,49069144070,2.777,5936119,
past260,햄스터임,78535bb3901ed5024df8f35aa22af40f,2026-06-19,262,49069144070,2.777,,
past260,햄스터임,78535bb3901ed5024df8f35aa22af40f,2026-06-20,262,49069144070,2.777,,
past260,햄스터임,78535bb3901ed5024df8f35aa22af40f,2026-06-21,262,49069144070,2.777,,
past260,햄스터임,78535bb3901ed5024df8f35aa22af40f,2026-06-22,262,49069144070,2.777,,
past260,햄스터임,78535bb3901ed5024df8f35aa22af40f,2026-06-23,262,49069144070,2.777,,
past260,햄스터임,78535bb3901ed5024df8f35aa22af40f,2026-06-24,262,49069144070,2.777,,
past260,햄스터임,78535bb3901ed5024df8f35aa22af40f,2026-06-25,262,49069144070,2.777,,
past260,햄스터임,78535bb3901ed5024df8f35aa22af40f,2026-06-26,262,49069144070,2.777,5936119,
past260,햄스터임,78535bb3901ed5024df8f35aa22af40f,2026-06-27,262,49069144070,2.777,,
past260,햄스터임,78535bb3901ed5024df8f35aa22af40f,2026-06-28,262,49069144070,2.777,,
past260,햄스터임,78535bb3901ed5024df8f35aa22af40f,2026-06-29,262,49069144070,2.777,,
past260,햄스터임,78535bb3901ed5024df8f35aa22af40f,2026-06-30,262,49069144070,2.777,,
past260,햄스터임,78535bb3901ed5024df8f35aa22af40f,2026-07-01,262,49069144070,2.777,,
past260,햄스터임,78535bb3901ed5024df8f35aa22af40f,2026-07-02,262,49069144070,2.777,,
past260,햄스터임,78535bb3901ed5024df8f35aa22af40f,2026-07-03,262,49069144070,2.777,,
past260,햄스터임,78535bb3901ed5024df8f35aa22af40f,2026-07-04,262,49069144070,2.777,5936119,
past260,햄스터임,78535bb3901ed5024df8f35aa22af40f,2026-07-05,262,49069144070,2.777,,
past260,햄스터임,78535bb3901ed5024df8f35aa22af40f,2026-07-06,262,49069144070,2.777,,
past260,햄스터임,78535bb3901ed5024df8f35aa22af40f,2026-07-07,262,49069144070,2.777,,
past260,햄스터임,78535bb3901ed5024df8f35aa22af40f,2026-07-08,262,49069144070,2.777,,
past260,햄스터임,78535bb3901ed5024df8f35aa22af40f,2026-07-09,262,49069144070,2.777,,
past260,햄스터임,78535bb3901ed5024df8f35aa22af40f,2026-07-10,262,49069144070,2.777,,
past260,햄스터임,78535bb3901ed5024df8f35aa22af40f,2026-07-11,262,49069144070,2.777,,
past260,햄스터임,78535bb3901ed5024df8f35aa22af40f,2026-07-12,262,49069144070,2.777,5936119,
past260,햄스터임,78535bb3901ed5024df8f35aa22af40f,2026-07-13,262,49069144070,2.777,,
past260,햄스터임,78535bb3901ed5024df8f35aa22af40f,2026-07-14,262,49069144070,2.777,,
past260,햄스터임,78535bb3901ed5024df8f35aa22af40f,2026-07-15,262,49069144070,2.777,,
past260,햄스터임,78535bb3901ed5024df8f35aa22af40f,2026-07-16,262,49069144070,2.777,,
past260,햄스터임,78535bb3901ed5024df8f35aa22af40f,2026-07-17,262,49069144070,2.777,,
past260,햄스터임,78535bb3901ed5024df8f35aa22af40f,2026-07-18,262,49069144070,2.777,,
past260,햄스터임,78535bb3901ed5024df8f35aa22af40f,2026-07-19,262,49069144070,2.777,,
past260,햄스터임,78535bb3901ed5024df8f35aa22af40f,2026-07-20,262,49069144070,2.777,5936119,
past260,햄스터임,78535bb3901ed5024df8f35aa22af40f,2026-07-21,262,49069144070,2.777,,
past260,햄스터임,78535bb3901ed5024df8f35aa22af40f,2026-07-22,262,49069144070,2.777,,
past260,무치레,3d5b766f0fc369cc4096752a8bd1c475,2026-06-18,262,44053005802,2.493,0,
past260,무치레,3d5b766f0fc369cc4096752a8bd1c475,2026-06-19,262,44053005802,2.493,,
past260,무치레,3d5b766f0fc369cc4096752a8bd1c475,2026-06-20,262,44053005802,2.493,,
past260,무치레,3d5b766f0fc369cc4096752a8bd1c475,2026-06-21,262,44053005802,2.493,,
past260,무치레,3d5b766f0fc369cc4096752a8bd1c475,2026-06-22,262,44053005802,2.493,,
past260,무치레,3d5b766f0fc369cc4096752a8bd1c475,2026-06-23,262,44053005802,2.493,,
past260,무치레,3d5b766f0fc369cc4096752a8bd1c475,2026-06-24,262,44053005802,2.493,,
past260,무치레,3d5b766f0fc369cc4096752a8bd1c475,2026-06-25,262,44053005802,2.493,,
past260,무치레,3d5b766f0fc369cc4096752a8bd1c475,2026-06-26,262,44053005802,2.493,0,
past260,무치레,3d5b766f0fc369cc4096752a8bd1c475,2026-06-27,262,44053005802,2.493,,
past260,무치레,3d5b766f0fc369cc4096752a8bd1c475,2026-06-28,262,44053005802,2.493,,
past260,무치레,3d5b766f0fc369cc4096752a8bd1c475,2026-06-29,262,44053005802,2.493,,
past260,무치레,3d5b766f0fc369cc4096752a8bd1c475,2026-06-30,262,44053005802,2.493,,
past260,무치레,3d5b766f0fc369cc4096752a8bd1c475,2026-07-01,262,44053005802,2.493,,
past260,무치레,3d5b766f0fc369cc4096752a8bd1c475,2026-07-02,262,44053005802,2.493,,
past260,무치레,3d5b766f0fc369cc4096752a8bd1c475,2026-07-03,262,44053005802,2.493,,
past260,무치레,3d5b766f0fc369cc4096752a8bd1c475,2026-07-04,262,44053005802,2.493,0,
past260,무치레,3d5b766f0fc369cc4096752a8bd1c475,2026-07-05,262,44053005802,2.493,,
past260,무치레,3d5b766f0fc369cc4096752a8bd1c475,2026-07-06,262,44053005802,2.493,,
past260,무치레,3d5b766f0fc369cc4096752a8bd1c475,2026-07-07,262,44053005802,2.493,,
past260,무치레,3d5b766f0fc369cc4096752a8bd1c475,2026-07-08,262,44053005802,2.493,,
past260,무치레,3d5b766f0fc369cc4096752a8bd1c475,2026-07-09,262,44053005802,2.493,,
past260,무치레,3d5b766f0fc369cc4096752a8bd1c475,2026-07-10,262,44053005802,2.493,,
past260,무치레,3d5b766f0fc369cc4096752a8bd1c475,2026-07-11,262,44053005802,2.493,,
past260,무치레,3d5b766f0fc369cc4096752a8bd1c475,2026-07-12,262,44053005802,2.493,0,
past260,무치레,3d5b766f0fc369cc4096752a8bd1c475,2026-07-13,262,44053005802,2.493,,
past260,무치레,3d5b766f0fc369cc4096752a8bd1c475,2026-07-14,262,44053005802,2.493,,
past260,무치레,3d5b766f0fc369cc4096752a8bd1c475,2026-07-15,262,44053005802,2.493,,
past260,무치레,3d5b766f0fc369cc4096752a8bd1c475,2026-07-16,262,44053005802,2.493,,
past260,무치레,3d5b766f0fc369cc4096752a8bd1c475,2026-07-17,262,44053005802,2.493,,
past260,무치레,3d5b766f0fc369cc4096752a8bd1c475,2026-07-18,262,44053005802,2.493,,
past260,무치레,3d5b766f0fc369cc4096752a8bd1c475,2026-07-19,262,44053005802,2.493,,
past260,무치레,3d5b766f0fc369cc4096752a8bd1c475,2026-07-20,262,44053005802,2.493,0,
past260,무치레,3d5b766f0fc369cc4096752a8bd1c475,2026-07-21,262,44053005802,2.493,,
past260,무치레,3d5b766f0fc369cc4096752a8bd1c475,2026-07-22,262,44053005802,2.493,,
past260,서어자,a8a385428ce5806bef78a49ad3b2b089a2186d8e7cf7a6ee152d97cc78f2ae8b,2026-06-18,262,40036317469,2.266,13535059,
past260,서어자,a8a385428ce5806bef78a49ad3b2b089a2186d8e7cf7a6ee152d97cc78f2ae8b,2026-06-19,262,40036317469,2.266,,
past260,서어자,a8a385428ce5806bef78a49ad3b2b089a2186d8e7cf7a6ee152d97cc78f2ae8b,2026-06-20,262,40036317469,2.266,,
past260,서어자,a8a385428ce5806bef78a49ad3b2b089a2186d8e7cf7a6ee152d97cc78f2ae8b,2026-06-21,262,40036317469,2.266,,
past260,서어자,a8a385428ce5806bef78a49ad3b2b089a2186d8e7cf7a6ee152d97cc78f2ae8b,2026-06-22,262,40036317469,2.266,,
past260,서어자,a8a385428ce5806bef78a49ad3b2b089a2186d8e7cf7a6ee152d97cc78f2ae8b,2026-06-23,262,40036317469,2.266,,
past260,서어자,a8a385428ce5806bef78a49ad3b2b089a2186d8e7cf7a6ee152d97cc78f2ae8b,2026-06-24,262,40036317469,2.266,,
past260,서어자,a8a385428ce5806bef78a49ad3b2b089a2186d8e7cf7a6ee152d97cc78f2ae8b,2026-06-25,262,40036317469,2.266,,
past260,서어자,a8a385428ce5806bef78a49ad3b2b089a2186d8e7cf7a6ee152d97cc78f2ae8b,2026-06-26,262,40036317469,2.266,13535059,
past260,서어자,a8a385428ce5806bef78a49ad3b2b089a2186d8e7cf7a6ee152d97cc78f2ae8b,2026-06-27,262,40036317469,2.266,,
past260,서어자,a8a385428ce5806bef78a49ad3b2b089a2186d8e7cf7a6ee152d97cc78f2ae8b,2026-06-28,262,40036317469,2.266,,
past260,서어자,a8a385428ce5806bef78a49ad3b2b089a2186d8e7cf7a6ee152d97cc78f2ae8b,2026-06-29,262,40036317469,2.266,,
past260,서어자,a8a385428ce5806bef78a49ad3b2b089a2186d8e7cf7a6ee152d97cc78f2ae8b,2026-06-30,262,40036317469,2.266,,
past260,서어자,a8a385428ce5806bef78a49ad3b2b089a2186d8e7cf7a6ee152d97cc78f2ae8b,2026-07-01,262,40036317469,2.266,,
past260,서어자,a8a385428ce5806bef78a49ad3b2b089a2186d8e7cf7a6ee152d97cc78f2ae8b,2026-07-02,262,40036317469,2.266,,
past260,서어자,a8a385428ce5806bef78a49ad3b2b089a2186d8e7cf7a6ee152d97cc78f2ae8b,2026-07-03,262,40036317469,2.266,,
past260,서어자,a8a385428ce5806bef78a49ad3b2b089a2186d8e7cf7a6ee152d97cc78f2ae8b,2026-07-04,262,40036317469,2.266,13535059,
past260,서어자,a8a385428ce5806bef78a49ad3b2b089a2186d8e7cf7a6ee152d97cc78f2ae8b,2026-07-05,262,40036317469,2.266,,
past260,서어자,a8a385428ce5806bef78a49ad3b2b089a2186d8e7cf7a6ee152d97cc78f2ae8b,2026-07-06,262,40036317469,2.266,,
past260,서어자,a8a385428ce5806bef78a49ad3b2b089a2186d8e7cf7a6ee152d97cc78f2ae8b,2026-07-07,262,40036317469,2.266,,
past260,서어자,a8a385428ce5806bef78a49ad3b2b089a2186d8e7cf7a6ee152d97cc78f2ae8b,2026-07-08,262,40036317469,2.266,,
past260,서어자,a8a385428ce5806bef78a49ad3b2b089a2186d8e7cf7a6ee152d97cc78f2ae8b,2026-07-09,262,40036317469,2.266,,
past260,서어자,a8a385428ce5806bef78a49ad3b2b089a2186d8e7cf7a6ee152d97cc78f2ae8b,2026-07-10,262,40036317469,2.266,,
past260,서어자,a8a385428ce5806bef78a49ad3b2b089a2186d8e7cf7a6ee152d97cc78f2ae8b,2026-07-11,262,40036317469,2.266,,
past260,서어자,a8a385428ce5806bef78a49ad3b2b089a2186d8e7cf7a6ee152d97cc78f2ae8b,2026-07-12,262,40036317469,2.266,13535059,
past260,서어자,a8a385428ce5806bef78a49ad3b2b089a2186d8e7cf7a6ee152d97cc78f2ae8b,2026-07-13,262,40036317469,2.266,,
past260,서어자,a8a385428ce5806bef78a49ad3b2b089a2186d8e7cf7a6ee152d97cc78f2ae8b,2026-07-14,262,40036317469,2.266,,
past260,서어자,a8a385428ce5806bef78a49ad3b2b089a2186d8e7cf7a6ee152d97cc78f2ae8b,2026-07-15,262,40036317469,2.266,,
past260,서어자,a8a385428ce5806bef78a49ad3b2b089a2186d8e7cf7a6ee152d97cc78f2ae8b,2026-07-16,262,40036317469,2.266,,
past260,서어자,a8a385428ce5806bef78a49ad3b2b089a2186d8e7cf7a6ee152d97cc78f2ae8b,2026-07-17,262,40036317469,2.266,,
past260,서어자,a8a385428ce5806bef78a49ad3b2b089a2186d8e7cf7a6ee152d97cc78f2ae8b,2026-07-18,262,40036317469,2.266,,
past260,서어자,a8a385428ce5806bef78a49ad3b2b089a2186d8e7cf7a6ee152d97cc78f2ae8b,2026-07-19,262,40036317469,2.266,,
past260,서어자,a8a385428ce5806bef78a49ad3b2b089a2186d8e7cf7a6ee152d97cc78f2ae8b,2026-07-20,262,40036317469,2.266,13535059,
past260,서어자,a8a385428ce5806bef78a49ad3b2b089a2186d8e7cf7a6ee152d97cc78f2ae8b,2026-07-21,262,40036317469,2.266,,
past260,서어자,a8a385428ce5806bef78a49ad3b2b089a2186d8e7cf7a6ee152d97cc78f2ae8b,2026-07-22,262,40036317469,2.266,,
past260,칼든아란,77745eee4ad81228d18b0c204ab492d6,2026-06-18,262,28082836598,1.590,1220562,
past260,칼든아란,77745eee4ad81228d18b0c204ab492d6,2026-06-19,262,28082836598,1.590,,
past260,칼든아란,77745eee4ad81228d18b0c204ab492d6,2026-06-20,262,28082836598,1.590,,
past260,칼든아란,77745eee4ad81228d18b0c204ab492d6,2026-06-21,262,28082836598,1.590,,
past260,칼든아란,77745eee4ad81228d18b0c204ab492d6,2026-06-22,262,28082836598,1.590,,
past260,칼든아란,77745eee4ad81228d18b0c204ab492d6,2026-06-23,262,28082836598,1.590,,
past260,칼든아란,77745eee4ad81228d18b0c204ab492d6,2026-06-24,262,28082836598,1.590,,
past260,칼든아란,77745eee4ad81228d18b0c204ab492d6,2026-06-25,262,28082836598,1.590,,
past260,칼든아란,77745eee4ad81228d18b0c204ab492d6,2026-06-26,262,28082836598,1.590,1220562,
past260,칼든아란,77745eee4ad81228d18b0c204ab492d6,2026-06-27,262,28082836598,1.590,,
past260,칼든아란,77745eee4ad81228d18b0c204ab492d6,2026-06-28,262,28082836598,1.590,,
past260,칼든아란,77745eee4ad81228d18b0c204ab492d6,2026-06-29,262,28082836598,1.590,,
past260,칼든아란,77745eee4ad81228d18b0c204ab492d6,2026-06-30,262,28082836598,1.590,,
past260,칼든아란,77745eee4ad81228d18b0c204ab492d6,2026-07-01,262,28082836598,1.590,,
past260,칼든아란,77745eee4ad81228d18b0c204ab492d6,2026-07-02,262,28082836598,1.590,,
past260,칼든아란,77745eee4ad81228d18b0c204ab492d6,2026-07-03,262,28082836598,1.590,,
past260,칼든아란,77745eee4ad81228d18b0c204ab492d6,2026-07-04,262,28082836598,1.590,1220562,
past260,칼든아란,77745eee4ad81228d18b0c204ab492d6,2026-07-05,262,28082836598,1.590,,
past260,칼든아란,77745eee4ad81228d18b0c204ab492d6,2026-07-06,262,28082836598,1.590,,
past260,칼든아란,77745eee4ad81228d18b0c204ab492d6,2026-07-07,262,28082836598,1.590,,
past260,칼든아란,77745eee4ad81228d18b0c204ab492d6,2026-07-08,262,28082836598,1.590,,
past260,칼든아란,77745eee4ad81228d18b0c204ab492d6,2026-07-09,262,28082836598,1.590,,
past260,칼든아란,77745eee4ad81228d18b0c204ab492d6,2026-07-10,262,28082836598,1.590,,
past260,칼든아란,77745eee4ad81228d18b0c204ab492d6,2026-07-11,262,28082836598,1.590,,
past260,칼든아란,77745eee4ad81228d18b0c204ab492d6,2026-07-12,262,28082836598,1.590,1220562,
past260,칼든아란,77745eee4ad81228d18b0c204ab492d6,2026-07-13,262,28082836598,1.590,,
past260,칼든아란,77745eee4ad81228d18b0c204ab492d6,2026-07-14,262,28082836598,1.590,,
past260,칼든아란,77745eee4ad81228d18b0c204ab492d6,2026-07-15,262,28082836598,1.590,,
past260,칼든아란,77745eee4ad81228d18b0c204ab492d6,2026-07-16,262,28082836598,1.590,,
past260,칼든아란,77745eee4ad81228d18b0c204ab492d6,2026-07-17,262,28082836598,1.590,,
past260,칼든아란,77745eee4ad81228d18b0c204ab492d6,2026-07-18,262,28082836598,1.590,,
past260,칼든아란,77745eee4ad81228d18b0c204ab492d6,2026-07-19,262,28082836598,1.590,,
past260,칼든아란,77745eee4ad81228d18b0c204ab492d6,2026-07-20,262,28082836598,1.590,1220562,
past260,칼든아란,77745eee4ad81228d18b0c204ab492d6,2026-07-21,262,28082836598,1.590,,
past260,칼든아란,77745eee4ad81228d18b0c204ab492d6,2026-07-22,262,28082836598,1.590,,
past260,하이팩키지,5ba1821568da89325981c6f0019701e8,2026-06-18,262,50937226464,2.883,7004876,
past260,하이팩키지,5ba1821568da89325981c6f0019701e8,2026-06-19,262,50937226464,2.883,,
past260,하이팩키지,5ba1821568da89325981c6f0019701e8,2026-06-20,262,50937226464,2.883,,
past260,하이팩키지,5ba1821568da89325981c6f0019701e8,2026-06-21,262,50937226464,2.883,,
past260,하이팩키지,5ba1821568da89325981c6f0019701e8,2026-06-22,262,50937226464,2.883,,
past260,하이팩키지,5ba1821568da89325981c6f0019701e8,2026-06-23,262,50937226464,2.883,,
past260,하이팩키지,5ba1821568da89325981c6f0019701e8,2026-06-24,262,50937226464,2.883,,
past260,하이팩키지,5ba1821568da89325981c6f0019701e8,2026-06-25,262,50937226464,2.883,,
past260,하이팩키지,5ba1821568da89325981c6f0019701e8,2026-06-26,262,50937226464,2.883,7004876,
past260,하이팩키지,5ba1821568da89325981c6f0019701e8,2026-06-27,262,50937226464,2.883,,
past260,하이팩키지,5ba1821568da89325981c6f0019701e8,2026-06-28,262,50937226464,2.883,,
past260,하이팩키지,5ba1821568da89325981c6f0019701e8,2026-06-29,262,50937226464,2.883,,
past260,하이팩키지,5ba1821568da89325981c6f0019701e8,2026-06-30,262,50937226464,2.883,,
past260,하이팩키지,5ba1821568da89325981c6f0019701e8,2026-07-01,262,50937226464,2.883,,
past260,하이팩키지,5ba1821568da89325981c6f0019701e8,2026-07-02,262,50937226464,2.883,,
past260,하이팩키지,5ba1821568da89325981c6f0019701e8,2026-07-03,262,50937226464,2.883,,
past260,하이팩키지,5ba1821568da89325981c6f0019701e8,2026-07-04,262,50937226464,2.883,7004876,
past260,하이팩키지,5ba1821568da89325981c6f0019701e8,2026-07-05,262,50937226464,2.883,,
past260,하이팩키지,5ba1821568da89325981c6f0019701e8,2026-07-06,262,50937226464,2.883,,
past260,하이팩키지,5ba1821568da89325981c6f0019701e8,2026-07-07,262,50937226464,2.883,,
past260,하이팩키지,5ba1821568da89325981c6f0019701e8,2026-07-08,262,50937226464,2.883,,
past260,하이팩키지,5ba1821568da89325981c6f0019701e8,2026-07-09,262,50937226464,2.883,,
past260,하이팩키지,5ba1821568da89325981c6f0019701e8,2026-07-10,262,50937226464,2.883,,
past260,하이팩키지,5ba1821568da89325981c6f0019701e8,2026-07-11,262,50937226464,2.883,,
past260,하이팩키지,5ba1821568da89325981c6f0019701e8,2026-07-12,262,50937226464,2.883,7004876,
past260,하이팩키지,5ba1821568da89325981c6f0019701e8,2026-07-13,262,50937226464,2.883,,
past260,하이팩키지,5ba1821568da89325981c6f0019701e8,2026-07-14,262,50937226464,2.883,,
past260,하이팩키지,5ba1821568da89325981c6f0019701e8,2026-07-15,262,50937226464,2.883,,
past260,하이팩키지,5ba1821568da89325981c6f0019701e8,2026-07-16,262,50937226464,2.883,,
past260,하이팩키지,5ba1821568da89325981c6f0019701e8,2026-07-17,262,50937226464,2.883,,
past260,하이팩키지,5ba1821568da89325981c6f0019701e8,2026-07-18,262,50937226464,2.883,,
past260,하이팩키지,5ba1821568da89325981c6f0019701e8,2026-07-19,262,50937226464,2.883,,
past260,하이팩키지,5ba1821568da89325981c6f0019701e8,2026-07-20,262,50937226464,2.883,7004876,
past260,하이팩키지,5ba1821568da89325981c6f0019701e8,2026-07-21,262,50937226464,2.883,,
past260,하이팩키지,5ba1821568da89325981c6f0019701e8,2026-07-22,262,50937226464,2.883,,
past260,유사쫀,fc8b81972cb2a3ebcef3850972fdba1a,2026-06-18,262,36941353529,2.091,6158613,
past260,유사쫀,fc8b81972cb2a3ebcef3850972fdba1a,2026-06-19,262,36941353529,2.091,,
past260,유사쫀,fc8b81972cb2a3ebcef3850972fdba1a,2026-06-20,262,36941353529,2.091,,
past260,유사쫀,fc8b81972cb2a3ebcef3850972fdba1a,2026-06-21,262,36941353529,2.091,,
past260,유사쫀,fc8b81972cb2a3ebcef3850972fdba1a,2026-06-22,262,36941353529,2.091,,
past260,유사쫀,fc8b81972cb2a3ebcef3850972fdba1a,2026-06-23,262,36941353529,2.091,,
past260,유사쫀,fc8b81972cb2a3ebcef3850972fdba1a,2026-06-24,262,36941353529,2.091,,
past260,유사쫀,fc8b81972cb2a3ebcef3850972fdba1a,2026-06-25,262,36941353529,2.091,,
past260,유사쫀,fc8b81972cb2a3ebcef3850972fdba1a,2026-06-26,262,36941353529,2.091,6158613,
past260,유사쫀,fc8b81972cb2a3ebcef3850972fdba1a,2026-06-27,262,36941353529,2.091,,
past260,유사쫀,fc8b81972cb2a3ebcef3850972fdba1a,2026-06-28,262,36941353529,2.091,,
past260,유사쫀,fc8b81972cb2a3ebcef3850972fdba1a,2026-06-29,262,36941353529,2.091,,
past260,유사쫀,fc8b81972cb2a3ebcef3850972fdba1a,2026-06-30,262,36941353529,2.091,,
past260,유사쫀,fc8b81972cb2a3ebcef3850972fdba1a,2026-07-01,262,36941353529,2.091,,
past260,유사쫀,fc8b81972cb2a3ebcef3850972fdba1a,2026-07-02,262,36941353529,2.091,,
past260,유사쫀,fc8b81972cb2a3ebcef3850972fdba1a,2026-07-03,262,36941353529,2.091,,
past260,유사쫀,fc8b81972cb2a3ebcef3850972fdba1a,2026-07-04,262,36941353529,2.091,6158613,
past260,유사쫀,fc8b81972cb2a3ebcef3850972fdba1a,2026-07-05,262,36941353529,2.091,,
past260,유사쫀,fc8b81972cb2a3ebcef3850972fdba1a,2026-07-06,262,36941353529,2.091,,
past260,유사쫀,fc8b81972cb2a3ebcef3850972fdba1a,2026-07-07,262,36941353529,2.091,,
past260,유사쫀,fc8b81972cb2a3ebcef3850972fdba1a,2026-07-08,262,36941353529,2.091,,
past260,유사쫀,fc8b81972cb2a3ebcef3850972fdba1a,2026-07-09,262,36941353529,2.091,,
past260,유사쫀,fc8b81972cb2a3ebcef3850972fdba1a,2026-07-10,262,36941353529,2.091,,
past260,유사쫀,fc8b81972cb2a3ebcef3850972fdba1a,2026-07-11,262,36941353529,2.091,,
past260,유사쫀,fc8b81972cb2a3ebcef3850972fdba1a,2026-07-12,262,36941353529,2.091,6158613,
past260,유사쫀,fc8b81972cb2a3ebcef3850972fdba1a,2026-07-13,262,36941353529,2.091,,
past260,유사쫀,fc8b81972cb2a3ebcef3850972fdba1a,2026-07-14,262,36941353529,2.091,,
past260,유사쫀,fc8b81972cb2a3ebcef3850972fdba1a,2026-07-15,262,36941353529,2.091,,
past260,유사쫀,fc8b81972cb2a3ebcef3850972fdba1a,2026-07-16,262,36941353529,2.091,,
past260,유사쫀,fc8b81972cb2a3ebcef3850972fdba1a,2026-07-17,262,36941353529,2.091,,
past260,유사쫀,fc8b81972cb2a3ebcef3850972fdba1a,2026-07-18,262,36941353529,2.091,,
past260,유사쫀,fc8b81972cb2a3ebcef3850972fdba1a,2026-07-19,262,36941353529,2.091,,
past260,유사쫀,fc8b81972cb2a3ebcef3850972fdba1a,2026-07-20,262,36941353529,2.091,6158613,
past260,유사쫀,fc8b81972cb2a3ebcef3850972fdba1a,2026-07-21,262,36941353529,2.091,,
past260,유사쫀,fc8b81972cb2a3ebcef3850972fdba1a,2026-07-22,262,36941353529,2.091,,
past260,궁화리암살자,11ccf601c43be97f45dc82b8cd590c87,2026-06-18,262,49180183518,2.784,2574427,
past260,궁화리암살자,11ccf601c43be97f45dc82b8cd590c87,2026-06-19,262,49180183518,2.784,,
past260,궁화리암살자,11ccf601c43be97f45dc82b8cd590c87,2026-06-20,262,49180183518,2.784,,
past260,궁화리암살자,11ccf601c43be97f45dc82b8cd590c87,2026-06-21,262,49180183518,2.784,,
past260,궁화리암살자,11ccf601c43be97f45dc82b8cd590c87,2026-06-22,262,49180183518,2.784,,
past260,궁화리암살자,11ccf601c43be97f45dc82b8cd590c87,2026-06-23,262,49180183518,2.784,,
past260,궁화리암살자,11ccf601c43be97f45dc82b8cd590c87,2026-06-24,262,49180183518,2.784,,
past260,궁화리암살자,11ccf601c43be97f45dc82b8cd590c87,2026-06-25,262,49180183518,2.784,,
past260,궁화리암살자,11ccf601c43be97f45dc82b8cd590c87,2026-06-26,262,49180183518,2.784,2574427,
past260,궁화리암살자,11ccf601c43be97f45dc82b8cd590c87,2026-06-27,262,49180183518,2.784,,
past260,궁화리암살자,11ccf601c43be97f45dc82b8cd590c87,2026-06-28,262,49180183518,2.784,,
past260,궁화리암살자,11ccf601c43be97f45dc82b8cd590c87,2026-06-29,262,49180183518,2.784,,
past260,궁화리암살자,11ccf601c43be97f45dc82b8cd590c87,2026-06-30,262,49180183518,2.784,,
past260,궁화리암살자,11ccf601c43be97f45dc82b8cd590c87,2026-07-01,262,49180183518,2.784,,
past260,궁화리암살자,11ccf601c43be97f45dc82b8cd590c87,2026-07-02,262,49180183518,2.784,,
past260,궁화리암살자,11ccf601c43be97f45dc82b8cd590c87,2026-07-03,262,49180183518,2.784,,
past260,궁화리암살자,11ccf601c43be97f45dc82b8cd590c87,2026-07-04,262,49180183518,2.784,2574427,
past260,궁화리암살자,11ccf601c43be97f45dc82b8cd590c87,2026-07-05,262,49180183518,2.784,,
past260,궁화리암살자,11ccf601c43be97f45dc82b8cd590c87,2026-07-06,262,49180183518,2.784,,
past260,궁화리암살자,11ccf601c43be97f45dc82b8cd590c87,2026-07-07,262,49180183518,2.784,,
past260,궁화리암살자,11ccf601c43be97f45dc82b8cd590c87,2026-07-08,262,49180183518,2.784,,
past260,궁화리암살자,11ccf601c43be97f45dc82b8cd590c87,2026-07-09,262,49180183518,2.784,,
past260,궁화리암살자,11ccf601c43be97f45dc82b8cd590c87,2026-07-10,262,49180183518,2.784,,
past260,궁화리암살자,11ccf601c43be97f45dc82b8cd590c87,2026-07-11,262,49180183518,2.784,,
past260,궁화리암살자,11ccf601c43be97f45dc82b8cd590c87,2026-07-12,262,49180183518,2.784,3643011,
past260,궁화리암살자,11ccf601c43be97f45dc82b8cd590c87,2026-07-13,262,49180183518,2.784,,
past260,궁화리암살자,11ccf601c43be97f45dc82b8cd590c87,2026-07-14,262,49180183518,2.784,,
past260,궁화리암살자,11ccf601c43be97f45dc82b8cd590c87,2026-07-15,262,49180183518,2.784,,
past260,궁화리암살자,11ccf601c43be97f45dc82b8cd590c87,2026-07-16,262,49180183518,2.784,,
past260,궁화리암살자,11ccf601c43be97f45dc82b8cd590c87,2026-07-17,262,49180183518,2.784,,
past260,궁화리암살자,11ccf601c43be97f45dc82b8cd590c87,2026-07-18,262,49180183518,2.784,,
past260,궁화리암살자,11ccf601c43be97f45dc82b8cd590c87,2026-07-19,262,49180183518,2.784,,
past260,궁화리암살자,11ccf601c43be97f45dc82b8cd590c87,2026-07-20,262,49180183518,2.784,3643011,
past260,궁화리암살자,11ccf601c43be97f45dc82b8cd590c87,2026-07-21,262,49180183518,2.784,,
past260,궁화리암살자,11ccf601c43be97f45dc82b8cd590c87,2026-07-22,262,49180183518,2.784,,
past260,요그좀막아줘,034f0ae6a7632747d52578618232bf9eefe8d04e6d233bd35cf2fabdeb93fb0d,2026-06-18,262,34714947752,1.965,12052702,
past260,요그좀막아줘,034f0ae6a7632747d52578618232bf9eefe8d04e6d233bd35cf2fabdeb93fb0d,2026-06-19,262,34714947752,1.965,,
past260,요그좀막아줘,034f0ae6a7632747d52578618232bf9eefe8d04e6d233bd35cf2fabdeb93fb0d,2026-06-20,262,34899508869,1.975,,
past260,요그좀막아줘,034f0ae6a7632747d52578618232bf9eefe8d04e6d233bd35cf2fabdeb93fb0d,2026-06-21,262,34899508869,1.975,,
past260,요그좀막아줘,034f0ae6a7632747d52578618232bf9eefe8d04e6d233bd35cf2fabdeb93fb0d,2026-06-22,262,34899508869,1.975,,
past260,요그좀막아줘,034f0ae6a7632747d52578618232bf9eefe8d04e6d233bd35cf2fabdeb93fb0d,2026-06-23,262,34899508869,1.975,,
past260,요그좀막아줘,034f0ae6a7632747d52578618232bf9eefe8d04e6d233bd35cf2fabdeb93fb0d,2026-06-24,262,34899508869,1.975,,
past260,요그좀막아줘,034f0ae6a7632747d52578618232bf9eefe8d04e6d233bd35cf2fabdeb93fb0d,2026-06-25,262,34899508869,1.975,,
past260,요그좀막아줘,034f0ae6a7632747d52578618232bf9eefe8d04e6d233bd35cf2fabdeb93fb0d,2026-06-26,262,34899508869,1.975,12717847,
past260,요그좀막아줘,034f0ae6a7632747d52578618232bf9eefe8d04e6d233bd35cf2fabdeb93fb0d,2026-06-27,262,34899508869,1.975,,
past260,요그좀막아줘,034f0ae6a7632747d52578618232bf9eefe8d04e6d233bd35cf2fabdeb93fb0d,2026-06-28,262,34899508869,1.975,,
past260,요그좀막아줘,034f0ae6a7632747d52578618232bf9eefe8d04e6d233bd35cf2fabdeb93fb0d,2026-06-29,262,34899508869,1.975,,
past260,요그좀막아줘,034f0ae6a7632747d52578618232bf9eefe8d04e6d233bd35cf2fabdeb93fb0d,2026-06-30,262,34899508869,1.975,,
past260,요그좀막아줘,034f0ae6a7632747d52578618232bf9eefe8d04e6d233bd35cf2fabdeb93fb0d,2026-07-01,262,34899508869,1.975,,
past260,요그좀막아줘,034f0ae6a7632747d52578618232bf9eefe8d04e6d233bd35cf2fabdeb93fb0d,2026-07-02,262,34899508869,1.975,,
past260,요그좀막아줘,034f0ae6a7632747d52578618232bf9eefe8d04e6d233bd35cf2fabdeb93fb0d,2026-07-03,262,34899508869,1.975,,
past260,요그좀막아줘,034f0ae6a7632747d52578618232bf9eefe8d04e6d233bd35cf2fabdeb93fb0d,2026-07-04,262,34899508869,1.975,12717847,
past260,요그좀막아줘,034f0ae6a7632747d52578618232bf9eefe8d04e6d233bd35cf2fabdeb93fb0d,2026-07-05,262,34899508869,1.975,,
past260,요그좀막아줘,034f0ae6a7632747d52578618232bf9eefe8d04e6d233bd35cf2fabdeb93fb0d,2026-07-06,262,35029463468,1.983,,
past260,요그좀막아줘,034f0ae6a7632747d52578618232bf9eefe8d04e6d233bd35cf2fabdeb93fb0d,2026-07-07,262,35029463468,1.983,,
past260,요그좀막아줘,034f0ae6a7632747d52578618232bf9eefe8d04e6d233bd35cf2fabdeb93fb0d,2026-07-08,262,35029463468,1.983,,
past260,요그좀막아줘,034f0ae6a7632747d52578618232bf9eefe8d04e6d233bd35cf2fabdeb93fb0d,2026-07-09,262,35029463468,1.983,,
past260,요그좀막아줘,034f0ae6a7632747d52578618232bf9eefe8d04e6d233bd35cf2fabdeb93fb0d,2026-07-10,262,35029463468,1.983,,
past260,요그좀막아줘,034f0ae6a7632747d52578618232bf9eefe8d04e6d233bd35cf2fabdeb93fb0d,2026-07-11,262,35287702067,1.997,,
past260,요그좀막아줘,034f0ae6a7632747d52578618232bf9eefe8d04e6d233bd35cf2fabdeb93fb0d,2026-07-12,262,35287702067,1.997,10806109,
past260,요그좀막아줘,034f0ae6a7632747d52578618232bf9eefe8d04e6d233bd35cf2fabdeb93fb0d,2026-07-13,262,35287702067,1.997,,
past260,요그좀막아줘,034f0ae6a7632747d52578618232bf9eefe8d04e6d233bd35cf2fabdeb93fb0d,2026-07-14,262,35287702067,1.997,,
past260,요그좀막아줘,034f0ae6a7632747d52578618232bf9eefe8d04e6d233bd35cf2fabdeb93fb0d,2026-07-15,262,35287702067,1.997,,
past260,요그좀막아줘,034f0ae6a7632747d52578618232bf9eefe8d04e6d233bd35cf2fabdeb93fb0d,2026-07-16,262,35287702067,1.997,,
past260,요그좀막아줘,034f0ae6a7632747d52578618232bf9eefe8d04e6d233bd35cf2fabdeb93fb0d,2026-07-17,262,35287702067,1.997,,
past260,요그좀막아줘,034f0ae6a7632747d52578618232bf9eefe8d04e6d233bd35cf2fabdeb93fb0d,2026-07-18,262,35287702067,1.997,,
past260,요그좀막아줘,034f0ae6a7632747d52578618232bf9eefe8d04e6d233bd35cf2fabdeb93fb0d,2026-07-19,262,35287702067,1.997,,
past260,요그좀막아줘,034f0ae6a7632747d52578618232bf9eefe8d04e6d233bd35cf2fabdeb93fb0d,2026-07-20,262,35287702067,1.997,10806109,
past260,요그좀막아줘,034f0ae6a7632747d52578618232bf9eefe8d04e6d233bd35cf2fabdeb93fb0d,2026-07-21,262,35287702067,1.997,,
past260,요그좀막아줘,034f0ae6a7632747d52578618232bf9eefe8d04e6d233bd35cf2fabdeb93fb0d,2026-07-22,262,35287702067,1.997,,
past260,단감크림샌드,28c1dd68d3e28cfc5b4d3cf10c6d27f8,2026-06-18,262,29925824540,1.694,0,
past260,단감크림샌드,28c1dd68d3e28cfc5b4d3cf10c6d27f8,2026-06-19,262,29925824540,1.694,,
past260,단감크림샌드,28c1dd68d3e28cfc5b4d3cf10c6d27f8,2026-06-20,262,29925824540,1.694,,
past260,단감크림샌드,28c1dd68d3e28cfc5b4d3cf10c6d27f8,2026-06-21,262,29925824540,1.694,,
past260,단감크림샌드,28c1dd68d3e28cfc5b4d3cf10c6d27f8,2026-06-22,262,29925824540,1.694,,
past260,단감크림샌드,28c1dd68d3e28cfc5b4d3cf10c6d27f8,2026-06-23,262,29925824540,1.694,,
past260,단감크림샌드,28c1dd68d3e28cfc5b4d3cf10c6d27f8,2026-06-24,262,29925824540,1.694,,
past260,단감크림샌드,28c1dd68d3e28cfc5b4d3cf10c6d27f8,2026-06-25,262,29925824540,1.694,,
past260,단감크림샌드,28c1dd68d3e28cfc5b4d3cf10c6d27f8,2026-06-26,262,29925824540,1.694,0,
past260,단감크림샌드,28c1dd68d3e28cfc5b4d3cf10c6d27f8,2026-06-27,262,29925824540,1.694,,
past260,단감크림샌드,28c1dd68d3e28cfc5b4d3cf10c6d27f8,2026-06-28,262,29925824540,1.694,,
past260,단감크림샌드,28c1dd68d3e28cfc5b4d3cf10c6d27f8,2026-06-29,262,29925824540,1.694,,
past260,단감크림샌드,28c1dd68d3e28cfc5b4d3cf10c6d27f8,2026-06-30,262,29925824540,1.694,,
past260,단감크림샌드,28c1dd68d3e28cfc5b4d3cf10c6d27f8,2026-07-01,262,29925824540,1.694,,
past260,단감크림샌드,28c1dd68d3e28cfc5b4d3cf10c6d27f8,2026-07-02,262,29925824540,1.694,,
past260,단감크림샌드,28c1dd68d3e28cfc5b4d3cf10c6d27f8,2026-07-03,262,29925824540,1.694,,
past260,단감크림샌드,28c1dd68d3e28cfc5b4d3cf10c6d27f8,2026-07-04,262,29925824540,1.694,0,
past260,단감크림샌드,28c1dd68d3e28cfc5b4d3cf10c6d27f8,2026-07-05,262,29925824540,1.694,,
past260,단감크림샌드,28c1dd68d3e28cfc5b4d3cf10c6d27f8,2026-07-06,262,29925824540,1.694,,
past260,단감크림샌드,28c1dd68d3e28cfc5b4d3cf10c6d27f8,2026-07-07,262,29925824540,1.694,,
past260,단감크림샌드,28c1dd68d3e28cfc5b4d3cf10c6d27f8,2026-07-08,262,29925824540,1.694,,
past260,단감크림샌드,28c1dd68d3e28cfc5b4d3cf10c6d27f8,2026-07-09,262,29925824540,1.694,,
past260,단감크림샌드,28c1dd68d3e28cfc5b4d3cf10c6d27f8,2026-07-10,262,29925824540,1.694,,
past260,단감크림샌드,28c1dd68d3e28cfc5b4d3cf10c6d27f8,2026-07-11,262,29925824540,1.694,,
past260,단감크림샌드,28c1dd68d3e28cfc5b4d3cf10c6d27f8,2026-07-12,262,29925824540,1.694,0,
past260,단감크림샌드,28c1dd68d3e28cfc5b4d3cf10c6d27f8,2026-07-13,262,29925824540,1.694,,
past260,단감크림샌드,28c1dd68d3e28cfc5b4d3cf10c6d27f8,2026-07-14,262,29925824540,1.694,,
past260,단감크림샌드,28c1dd68d3e28cfc5b4d3cf10c6d27f8,2026-07-15,262,29925824540,1.694,,
past260,단감크림샌드,28c1dd68d3e28cfc5b4d3cf10c6d27f8,2026-07-16,262,29925824540,1.694,,
past260,단감크림샌드,28c1dd68d3e28cfc5b4d3cf10c6d27f8,2026-07-17,262,29925824540,1.694,,
past260,단감크림샌드,28c1dd68d3e28cfc5b4d3cf10c6d27f8,2026-07-18,262,29925824540,1.694,,
past260,단감크림샌드,28c1dd68d3e28cfc5b4d3cf10c6d27f8,2026-07-19,262,29925824540,1.694,,
past260,단감크림샌드,28c1dd68d3e28cfc5b4d3cf10c6d27f8,2026-07-20,262,29925824540,1.694,0,
past260,단감크림샌드,28c1dd68d3e28cfc5b4d3cf10c6d27f8,2026-07-21,262,29925824540,1.694,,
past260,단감크림샌드,28c1dd68d3e28cfc5b4d3cf10c6d27f8,2026-07-22,262,29925824540,1.694,,
past260,희즈하리코,,2026-06-18,,,,,ocid_failed
past260,희즈하리코,,2026-06-19,,,,,ocid_failed
past260,희즈하리코,,2026-06-20,,,,,ocid_failed
past260,희즈하리코,,2026-06-21,,,,,ocid_failed
past260,희즈하리코,,2026-06-22,,,,,ocid_failed
past260,희즈하리코,,2026-06-23,,,,,ocid_failed
past260,희즈하리코,,2026-06-24,,,,,ocid_failed
past260,희즈하리코,,2026-06-25,,,,,ocid_failed
past260,희즈하리코,,2026-06-26,,,,,ocid_failed
past260,희즈하리코,,2026-06-27,,,,,ocid_failed
past260,희즈하리코,,2026-06-28,,,,,ocid_failed
past260,희즈하리코,,2026-06-29,,,,,ocid_failed
past260,희즈하리코,,2026-06-30,,,,,ocid_failed
past260,희즈하리코,,2026-07-01,,,,,ocid_failed
past260,희즈하리코,,2026-07-02,,,,,ocid_failed
past260,희즈하리코,,2026-07-03,,,,,ocid_failed
past260,희즈하리코,,2026-07-04,,,,,ocid_failed
past260,희즈하리코,,2026-07-05,,,,,ocid_failed
past260,희즈하리코,,2026-07-06,,,,,ocid_failed
past260,희즈하리코,,2026-07-07,,,,,ocid_failed
past260,희즈하리코,,2026-07-08,,,,,ocid_failed
past260,희즈하리코,,2026-07-09,,,,,ocid_failed
past260,희즈하리코,,2026-07-10,,,,,ocid_failed
past260,희즈하리코,,2026-07-11,,,,,ocid_failed
past260,희즈하리코,,2026-07-12,,,,,ocid_failed
past260,희즈하리코,,2026-07-13,,,,,ocid_failed
past260,희즈하리코,,2026-07-14,,,,,ocid_failed
past260,희즈하리코,,2026-07-15,,,,,ocid_failed
past260,희즈하리코,,2026-07-16,,,,,ocid_failed
past260,희즈하리코,,2026-07-17,,,,,ocid_failed
past260,희즈하리코,,2026-07-18,,,,,ocid_failed
past260,희즈하리코,,2026-07-19,,,,,ocid_failed
past260,희즈하리코,,2026-07-20,,,,,ocid_failed
past260,희즈하리코,,2026-07-21,,,,,ocid_failed
past260,희즈하리코,,2026-07-22,,,,,ocid_failed
past260,이주영이주영,d0d5a4b6a602efb651a650d440c6f5d6efe8d04e6d233bd35cf2fabdeb93fb0d,2026-06-18,262,49201942593,2.785,9254206,
past260,이주영이주영,d0d5a4b6a602efb651a650d440c6f5d6efe8d04e6d233bd35cf2fabdeb93fb0d,2026-06-19,262,49201942593,2.785,,
past260,이주영이주영,d0d5a4b6a602efb651a650d440c6f5d6efe8d04e6d233bd35cf2fabdeb93fb0d,2026-06-20,262,49201942593,2.785,,
past260,이주영이주영,d0d5a4b6a602efb651a650d440c6f5d6efe8d04e6d233bd35cf2fabdeb93fb0d,2026-06-21,262,49201942593,2.785,,
past260,이주영이주영,d0d5a4b6a602efb651a650d440c6f5d6efe8d04e6d233bd35cf2fabdeb93fb0d,2026-06-22,262,49201942593,2.785,,
past260,이주영이주영,d0d5a4b6a602efb651a650d440c6f5d6efe8d04e6d233bd35cf2fabdeb93fb0d,2026-06-23,262,49201942593,2.785,,
past260,이주영이주영,d0d5a4b6a602efb651a650d440c6f5d6efe8d04e6d233bd35cf2fabdeb93fb0d,2026-06-24,262,49201942593,2.785,,
past260,이주영이주영,d0d5a4b6a602efb651a650d440c6f5d6efe8d04e6d233bd35cf2fabdeb93fb0d,2026-06-25,262,49201942593,2.785,,
past260,이주영이주영,d0d5a4b6a602efb651a650d440c6f5d6efe8d04e6d233bd35cf2fabdeb93fb0d,2026-06-26,262,49201942593,2.785,9254206,
past260,이주영이주영,d0d5a4b6a602efb651a650d440c6f5d6efe8d04e6d233bd35cf2fabdeb93fb0d,2026-06-27,262,49201942593,2.785,,
past260,이주영이주영,d0d5a4b6a602efb651a650d440c6f5d6efe8d04e6d233bd35cf2fabdeb93fb0d,2026-06-28,262,49201942593,2.785,,
past260,이주영이주영,d0d5a4b6a602efb651a650d440c6f5d6efe8d04e6d233bd35cf2fabdeb93fb0d,2026-06-29,262,49201942593,2.785,,
past260,이주영이주영,d0d5a4b6a602efb651a650d440c6f5d6efe8d04e6d233bd35cf2fabdeb93fb0d,2026-06-30,262,49201942593,2.785,,
past260,이주영이주영,d0d5a4b6a602efb651a650d440c6f5d6efe8d04e6d233bd35cf2fabdeb93fb0d,2026-07-01,262,49201942593,2.785,,
past260,이주영이주영,d0d5a4b6a602efb651a650d440c6f5d6efe8d04e6d233bd35cf2fabdeb93fb0d,2026-07-02,262,49201942593,2.785,,
past260,이주영이주영,d0d5a4b6a602efb651a650d440c6f5d6efe8d04e6d233bd35cf2fabdeb93fb0d,2026-07-03,262,49201942593,2.785,,
past260,이주영이주영,d0d5a4b6a602efb651a650d440c6f5d6efe8d04e6d233bd35cf2fabdeb93fb0d,2026-07-04,262,49201942593,2.785,9254206,
past260,이주영이주영,d0d5a4b6a602efb651a650d440c6f5d6efe8d04e6d233bd35cf2fabdeb93fb0d,2026-07-05,262,49201942593,2.785,,
past260,이주영이주영,d0d5a4b6a602efb651a650d440c6f5d6efe8d04e6d233bd35cf2fabdeb93fb0d,2026-07-06,262,49201942593,2.785,,
past260,이주영이주영,d0d5a4b6a602efb651a650d440c6f5d6efe8d04e6d233bd35cf2fabdeb93fb0d,2026-07-07,262,49201942593,2.785,,
past260,이주영이주영,d0d5a4b6a602efb651a650d440c6f5d6efe8d04e6d233bd35cf2fabdeb93fb0d,2026-07-08,262,49201942593,2.785,,
past260,이주영이주영,d0d5a4b6a602efb651a650d440c6f5d6efe8d04e6d233bd35cf2fabdeb93fb0d,2026-07-09,262,49201942593,2.785,,
past260,이주영이주영,d0d5a4b6a602efb651a650d440c6f5d6efe8d04e6d233bd35cf2fabdeb93fb0d,2026-07-10,262,49201942593,2.785,,
past260,이주영이주영,d0d5a4b6a602efb651a650d440c6f5d6efe8d04e6d233bd35cf2fabdeb93fb0d,2026-07-11,262,49201942593,2.785,,
past260,이주영이주영,d0d5a4b6a602efb651a650d440c6f5d6efe8d04e6d233bd35cf2fabdeb93fb0d,2026-07-12,262,49201942593,2.785,9254206,
past260,이주영이주영,d0d5a4b6a602efb651a650d440c6f5d6efe8d04e6d233bd35cf2fabdeb93fb0d,2026-07-13,262,49201942593,2.785,,
past260,이주영이주영,d0d5a4b6a602efb651a650d440c6f5d6efe8d04e6d233bd35cf2fabdeb93fb0d,2026-07-14,262,49201942593,2.785,,
past260,이주영이주영,d0d5a4b6a602efb651a650d440c6f5d6efe8d04e6d233bd35cf2fabdeb93fb0d,2026-07-15,262,49201942593,2.785,,
past260,이주영이주영,d0d5a4b6a602efb651a650d440c6f5d6efe8d04e6d233bd35cf2fabdeb93fb0d,2026-07-16,262,49201942593,2.785,,
past260,이주영이주영,d0d5a4b6a602efb651a650d440c6f5d6efe8d04e6d233bd35cf2fabdeb93fb0d,2026-07-17,262,49201942593,2.785,,
past260,이주영이주영,d0d5a4b6a602efb651a650d440c6f5d6efe8d04e6d233bd35cf2fabdeb93fb0d,2026-07-18,262,49201942593,2.785,,
past260,이주영이주영,d0d5a4b6a602efb651a650d440c6f5d6efe8d04e6d233bd35cf2fabdeb93fb0d,2026-07-19,262,49201942593,2.785,,
past260,이주영이주영,d0d5a4b6a602efb651a650d440c6f5d6efe8d04e6d233bd35cf2fabdeb93fb0d,2026-07-20,262,49201942593,2.785,9254206,
past260,이주영이주영,d0d5a4b6a602efb651a650d440c6f5d6efe8d04e6d233bd35cf2fabdeb93fb0d,2026-07-21,262,49201942593,2.785,,
past260,이주영이주영,d0d5a4b6a602efb651a650d440c6f5d6efe8d04e6d233bd35cf2fabdeb93fb0d,2026-07-22,262,49201942593,2.785,,
past260,랑이가뭔데요,55dd6c792ea2cc29faf825b0e45c02e4efe8d04e6d233bd35cf2fabdeb93fb0d,2026-06-18,262,28289793618,1.601,1571249,
past260,랑이가뭔데요,55dd6c792ea2cc29faf825b0e45c02e4efe8d04e6d233bd35cf2fabdeb93fb0d,2026-06-19,262,28289793618,1.601,,
past260,랑이가뭔데요,55dd6c792ea2cc29faf825b0e45c02e4efe8d04e6d233bd35cf2fabdeb93fb0d,2026-06-20,262,28289793618,1.601,,
past260,랑이가뭔데요,55dd6c792ea2cc29faf825b0e45c02e4efe8d04e6d233bd35cf2fabdeb93fb0d,2026-06-21,262,28289793618,1.601,,
past260,랑이가뭔데요,55dd6c792ea2cc29faf825b0e45c02e4efe8d04e6d233bd35cf2fabdeb93fb0d,2026-06-22,262,28289793618,1.601,,
past260,랑이가뭔데요,55dd6c792ea2cc29faf825b0e45c02e4efe8d04e6d233bd35cf2fabdeb93fb0d,2026-06-23,262,28289793618,1.601,,
past260,랑이가뭔데요,55dd6c792ea2cc29faf825b0e45c02e4efe8d04e6d233bd35cf2fabdeb93fb0d,2026-06-24,262,28289793618,1.601,,
past260,랑이가뭔데요,55dd6c792ea2cc29faf825b0e45c02e4efe8d04e6d233bd35cf2fabdeb93fb0d,2026-06-25,262,28289793618,1.601,,
past260,랑이가뭔데요,55dd6c792ea2cc29faf825b0e45c02e4efe8d04e6d233bd35cf2fabdeb93fb0d,2026-06-26,262,28289793618,1.601,1571249,
past260,랑이가뭔데요,55dd6c792ea2cc29faf825b0e45c02e4efe8d04e6d233bd35cf2fabdeb93fb0d,2026-06-27,262,28289793618,1.601,,
past260,랑이가뭔데요,55dd6c792ea2cc29faf825b0e45c02e4efe8d04e6d233bd35cf2fabdeb93fb0d,2026-06-28,262,28289793618,1.601,,
past260,랑이가뭔데요,55dd6c792ea2cc29faf825b0e45c02e4efe8d04e6d233bd35cf2fabdeb93fb0d,2026-06-29,262,28289793618,1.601,,
past260,랑이가뭔데요,55dd6c792ea2cc29faf825b0e45c02e4efe8d04e6d233bd35cf2fabdeb93fb0d,2026-06-30,262,28289793618,1.601,,
past260,랑이가뭔데요,55dd6c792ea2cc29faf825b0e45c02e4efe8d04e6d233bd35cf2fabdeb93fb0d,2026-07-01,262,28289793618,1.601,,
past260,랑이가뭔데요,55dd6c792ea2cc29faf825b0e45c02e4efe8d04e6d233bd35cf2fabdeb93fb0d,2026-07-02,262,28289793618,1.601,,
past260,랑이가뭔데요,55dd6c792ea2cc29faf825b0e45c02e4efe8d04e6d233bd35cf2fabdeb93fb0d,2026-07-03,262,28289793618,1.601,,
past260,랑이가뭔데요,55dd6c792ea2cc29faf825b0e45c02e4efe8d04e6d233bd35cf2fabdeb93fb0d,2026-07-04,262,28289793618,1.601,1571249,
past260,랑이가뭔데요,55dd6c792ea2cc29faf825b0e45c02e4efe8d04e6d233bd35cf2fabdeb93fb0d,2026-07-05,262,28289793618,1.601,,
past260,랑이가뭔데요,55dd6c792ea2cc29faf825b0e45c02e4efe8d04e6d233bd35cf2fabdeb93fb0d,2026-07-06,262,28289793618,1.601,,
past260,랑이가뭔데요,55dd6c792ea2cc29faf825b0e45c02e4efe8d04e6d233bd35cf2fabdeb93fb0d,2026-07-07,262,28289793618,1.601,,
past260,랑이가뭔데요,55dd6c792ea2cc29faf825b0e45c02e4efe8d04e6d233bd35cf2fabdeb93fb0d,2026-07-08,262,28289793618,1.601,,
past260,랑이가뭔데요,55dd6c792ea2cc29faf825b0e45c02e4efe8d04e6d233bd35cf2fabdeb93fb0d,2026-07-09,262,28289793618,1.601,,
past260,랑이가뭔데요,55dd6c792ea2cc29faf825b0e45c02e4efe8d04e6d233bd35cf2fabdeb93fb0d,2026-07-10,262,28289793618,1.601,,
past260,랑이가뭔데요,55dd6c792ea2cc29faf825b0e45c02e4efe8d04e6d233bd35cf2fabdeb93fb0d,2026-07-11,262,28289793618,1.601,,
past260,랑이가뭔데요,55dd6c792ea2cc29faf825b0e45c02e4efe8d04e6d233bd35cf2fabdeb93fb0d,2026-07-12,262,28289793618,1.601,1571249,
past260,랑이가뭔데요,55dd6c792ea2cc29faf825b0e45c02e4efe8d04e6d233bd35cf2fabdeb93fb0d,2026-07-13,262,28289793618,1.601,,
past260,랑이가뭔데요,55dd6c792ea2cc29faf825b0e45c02e4efe8d04e6d233bd35cf2fabdeb93fb0d,2026-07-14,262,28289793618,1.601,,
past260,랑이가뭔데요,55dd6c792ea2cc29faf825b0e45c02e4efe8d04e6d233bd35cf2fabdeb93fb0d,2026-07-15,262,28289793618,1.601,,
past260,랑이가뭔데요,55dd6c792ea2cc29faf825b0e45c02e4efe8d04e6d233bd35cf2fabdeb93fb0d,2026-07-16,262,28289793618,1.601,,
past260,랑이가뭔데요,55dd6c792ea2cc29faf825b0e45c02e4efe8d04e6d233bd35cf2fabdeb93fb0d,2026-07-17,262,28289793618,1.601,,
past260,랑이가뭔데요,55dd6c792ea2cc29faf825b0e45c02e4efe8d04e6d233bd35cf2fabdeb93fb0d,2026-07-18,262,28289793618,1.601,,
past260,랑이가뭔데요,55dd6c792ea2cc29faf825b0e45c02e4efe8d04e6d233bd35cf2fabdeb93fb0d,2026-07-19,262,28289793618,1.601,,
past260,랑이가뭔데요,55dd6c792ea2cc29faf825b0e45c02e4efe8d04e6d233bd35cf2fabdeb93fb0d,2026-07-20,262,28289793618,1.601,1571249,
past260,랑이가뭔데요,55dd6c792ea2cc29faf825b0e45c02e4efe8d04e6d233bd35cf2fabdeb93fb0d,2026-07-21,262,28289793618,1.601,,
past260,랑이가뭔데요,55dd6c792ea2cc29faf825b0e45c02e4efe8d04e6d233bd35cf2fabdeb93fb0d,2026-07-22,262,28289793618,1.601,,
past260,슈망햄,c0b56d83f994e89618ee45cb9140a36b,2026-06-18,262,26248437515,1.486,3027235,
past260,슈망햄,c0b56d83f994e89618ee45cb9140a36b,2026-06-19,262,26248437515,1.486,,
past260,슈망햄,c0b56d83f994e89618ee45cb9140a36b,2026-06-20,262,26248437515,1.486,,
past260,슈망햄,c0b56d83f994e89618ee45cb9140a36b,2026-06-21,262,26248437515,1.486,,
past260,슈망햄,c0b56d83f994e89618ee45cb9140a36b,2026-06-22,262,26248437515,1.486,,
past260,슈망햄,c0b56d83f994e89618ee45cb9140a36b,2026-06-23,262,26248437515,1.486,,
past260,슈망햄,c0b56d83f994e89618ee45cb9140a36b,2026-06-24,262,26248437515,1.486,,
past260,슈망햄,c0b56d83f994e89618ee45cb9140a36b,2026-06-25,262,26248437515,1.486,,
past260,슈망햄,c0b56d83f994e89618ee45cb9140a36b,2026-06-26,262,26248437515,1.486,3027235,
past260,슈망햄,c0b56d83f994e89618ee45cb9140a36b,2026-06-27,262,26248437515,1.486,,
past260,슈망햄,c0b56d83f994e89618ee45cb9140a36b,2026-06-28,262,26248437515,1.486,,
past260,슈망햄,c0b56d83f994e89618ee45cb9140a36b,2026-06-29,262,26248437515,1.486,,
past260,슈망햄,c0b56d83f994e89618ee45cb9140a36b,2026-06-30,262,26248437515,1.486,,
past260,슈망햄,c0b56d83f994e89618ee45cb9140a36b,2026-07-01,262,26248437515,1.486,,
past260,슈망햄,c0b56d83f994e89618ee45cb9140a36b,2026-07-02,262,26248437515,1.486,,
past260,슈망햄,c0b56d83f994e89618ee45cb9140a36b,2026-07-03,262,26248437515,1.486,,
past260,슈망햄,c0b56d83f994e89618ee45cb9140a36b,2026-07-04,262,26248437515,1.486,3027235,
past260,슈망햄,c0b56d83f994e89618ee45cb9140a36b,2026-07-05,262,26248437515,1.486,,
past260,슈망햄,c0b56d83f994e89618ee45cb9140a36b,2026-07-06,262,26248437515,1.486,,
past260,슈망햄,c0b56d83f994e89618ee45cb9140a36b,2026-07-07,262,26248437515,1.486,,
past260,슈망햄,c0b56d83f994e89618ee45cb9140a36b,2026-07-08,262,26248437515,1.486,,
past260,슈망햄,c0b56d83f994e89618ee45cb9140a36b,2026-07-09,262,26248437515,1.486,,
past260,슈망햄,c0b56d83f994e89618ee45cb9140a36b,2026-07-10,262,26248437515,1.486,,
past260,슈망햄,c0b56d83f994e89618ee45cb9140a36b,2026-07-11,262,26248437515,1.486,,
past260,슈망햄,c0b56d83f994e89618ee45cb9140a36b,2026-07-12,262,26248437515,1.486,3027235,
past260,슈망햄,c0b56d83f994e89618ee45cb9140a36b,2026-07-13,262,26248437515,1.486,,
past260,슈망햄,c0b56d83f994e89618ee45cb9140a36b,2026-07-14,262,26248437515,1.486,,
past260,슈망햄,c0b56d83f994e89618ee45cb9140a36b,2026-07-15,262,26248437515,1.486,,
past260,슈망햄,c0b56d83f994e89618ee45cb9140a36b,2026-07-16,262,26248437515,1.486,,
past260,슈망햄,c0b56d83f994e89618ee45cb9140a36b,2026-07-17,262,26248437515,1.486,,
past260,슈망햄,c0b56d83f994e89618ee45cb9140a36b,2026-07-18,262,26248437515,1.486,,
past260,슈망햄,c0b56d83f994e89618ee45cb9140a36b,2026-07-19,262,26248437515,1.486,,
past260,슈망햄,c0b56d83f994e89618ee45cb9140a36b,2026-07-20,262,26248437515,1.486,3027235,
past260,슈망햄,c0b56d83f994e89618ee45cb9140a36b,2026-07-21,262,26248437515,1.486,,
past260,슈망햄,c0b56d83f994e89618ee45cb9140a36b,2026-07-22,262,26248437515,1.486,,
past260,무명검렌,60e44012732bc8cb2219a9e090bc46a3,2026-06-18,262,48902379933,2.768,4265588,
past260,무명검렌,60e44012732bc8cb2219a9e090bc46a3,2026-06-19,262,48902379933,2.768,,
past260,무명검렌,60e44012732bc8cb2219a9e090bc46a3,2026-06-20,262,48902379933,2.768,,
past260,무명검렌,60e44012732bc8cb2219a9e090bc46a3,2026-06-21,262,48902379933,2.768,,
past260,무명검렌,60e44012732bc8cb2219a9e090bc46a3,2026-06-22,262,48902379933,2.768,,
past260,무명검렌,60e44012732bc8cb2219a9e090bc46a3,2026-06-23,262,48902379933,2.768,,
past260,무명검렌,60e44012732bc8cb2219a9e090bc46a3,2026-06-24,262,48902379933,2.768,,
past260,무명검렌,60e44012732bc8cb2219a9e090bc46a3,2026-06-25,262,48902379933,2.768,,
past260,무명검렌,60e44012732bc8cb2219a9e090bc46a3,2026-06-26,262,48902379933,2.768,4265588,
past260,무명검렌,60e44012732bc8cb2219a9e090bc46a3,2026-06-27,262,48902379933,2.768,,
past260,무명검렌,60e44012732bc8cb2219a9e090bc46a3,2026-06-28,262,48902379933,2.768,,
past260,무명검렌,60e44012732bc8cb2219a9e090bc46a3,2026-06-29,262,48902379933,2.768,,
past260,무명검렌,60e44012732bc8cb2219a9e090bc46a3,2026-06-30,262,48902379933,2.768,,
past260,무명검렌,60e44012732bc8cb2219a9e090bc46a3,2026-07-01,262,48902379933,2.768,,
past260,무명검렌,60e44012732bc8cb2219a9e090bc46a3,2026-07-02,262,48902379933,2.768,,
past260,무명검렌,60e44012732bc8cb2219a9e090bc46a3,2026-07-03,262,48902379933,2.768,,
past260,무명검렌,60e44012732bc8cb2219a9e090bc46a3,2026-07-04,262,48902379933,2.768,4265588,
past260,무명검렌,60e44012732bc8cb2219a9e090bc46a3,2026-07-05,262,48902379933,2.768,,
past260,무명검렌,60e44012732bc8cb2219a9e090bc46a3,2026-07-06,262,48902379933,2.768,,
past260,무명검렌,60e44012732bc8cb2219a9e090bc46a3,2026-07-07,262,48902379933,2.768,,
past260,무명검렌,60e44012732bc8cb2219a9e090bc46a3,2026-07-08,262,48902379933,2.768,,
past260,무명검렌,60e44012732bc8cb2219a9e090bc46a3,2026-07-09,262,48902379933,2.768,,
past260,무명검렌,60e44012732bc8cb2219a9e090bc46a3,2026-07-10,262,48902379933,2.768,,
past260,무명검렌,60e44012732bc8cb2219a9e090bc46a3,2026-07-11,262,48902379933,2.768,,
past260,무명검렌,60e44012732bc8cb2219a9e090bc46a3,2026-07-12,262,48902379933,2.768,4265588,
past260,무명검렌,60e44012732bc8cb2219a9e090bc46a3,2026-07-13,262,48902379933,2.768,,
past260,무명검렌,60e44012732bc8cb2219a9e090bc46a3,2026-07-14,262,48902379933,2.768,,
past260,무명검렌,60e44012732bc8cb2219a9e090bc46a3,2026-07-15,262,48902379933,2.768,,
past260,무명검렌,60e44012732bc8cb2219a9e090bc46a3,2026-07-16,262,48902379933,2.768,,
past260,무명검렌,60e44012732bc8cb2219a9e090bc46a3,2026-07-17,262,48902379933,2.768,,
past260,무명검렌,60e44012732bc8cb2219a9e090bc46a3,2026-07-18,262,48902379933,2.768,,
past260,무명검렌,60e44012732bc8cb2219a9e090bc46a3,2026-07-19,262,48902379933,2.768,,
past260,무명검렌,60e44012732bc8cb2219a9e090bc46a3,2026-07-20,262,48902379933,2.768,4265588,
past260,무명검렌,60e44012732bc8cb2219a9e090bc46a3,2026-07-21,262,48902379933,2.768,,
past260,무명검렌,60e44012732bc8cb2219a9e090bc46a3,2026-07-22,262,48902379933,2.768,,
past260,검찰검,8c1738fcbd068f3c3af1debe5035d828,2026-06-18,262,52612965365,2.978,777424,
past260,검찰검,8c1738fcbd068f3c3af1debe5035d828,2026-06-19,262,52612965365,2.978,,
past260,검찰검,8c1738fcbd068f3c3af1debe5035d828,2026-06-20,262,52612965365,2.978,,
past260,검찰검,8c1738fcbd068f3c3af1debe5035d828,2026-06-21,262,52612965365,2.978,,
past260,검찰검,8c1738fcbd068f3c3af1debe5035d828,2026-06-22,262,52612965365,2.978,,
past260,검찰검,8c1738fcbd068f3c3af1debe5035d828,2026-06-23,262,52612965365,2.978,,
past260,검찰검,8c1738fcbd068f3c3af1debe5035d828,2026-06-24,262,52612965365,2.978,,
past260,검찰검,8c1738fcbd068f3c3af1debe5035d828,2026-06-25,262,52612965365,2.978,,
past260,검찰검,8c1738fcbd068f3c3af1debe5035d828,2026-06-26,262,52612965365,2.978,777424,
past260,검찰검,8c1738fcbd068f3c3af1debe5035d828,2026-06-27,262,52612965365,2.978,,
past260,검찰검,8c1738fcbd068f3c3af1debe5035d828,2026-06-28,262,52612965365,2.978,,
past260,검찰검,8c1738fcbd068f3c3af1debe5035d828,2026-06-29,262,52612965365,2.978,,
past260,검찰검,8c1738fcbd068f3c3af1debe5035d828,2026-06-30,262,52612965365,2.978,,
past260,검찰검,8c1738fcbd068f3c3af1debe5035d828,2026-07-01,262,52612965365,2.978,,
past260,검찰검,8c1738fcbd068f3c3af1debe5035d828,2026-07-02,262,52612965365,2.978,,
past260,검찰검,8c1738fcbd068f3c3af1debe5035d828,2026-07-03,262,52612965365,2.978,,
past260,검찰검,8c1738fcbd068f3c3af1debe5035d828,2026-07-04,262,52612965365,2.978,777424,
past260,검찰검,8c1738fcbd068f3c3af1debe5035d828,2026-07-05,262,52612965365,2.978,,
past260,검찰검,8c1738fcbd068f3c3af1debe5035d828,2026-07-06,262,52612965365,2.978,,
past260,검찰검,8c1738fcbd068f3c3af1debe5035d828,2026-07-07,262,52612965365,2.978,,
past260,검찰검,8c1738fcbd068f3c3af1debe5035d828,2026-07-08,262,52612965365,2.978,,
past260,검찰검,8c1738fcbd068f3c3af1debe5035d828,2026-07-09,262,52612965365,2.978,,
past260,검찰검,8c1738fcbd068f3c3af1debe5035d828,2026-07-10,262,52612965365,2.978,,
past260,검찰검,8c1738fcbd068f3c3af1debe5035d828,2026-07-11,262,52612965365,2.978,,
past260,검찰검,8c1738fcbd068f3c3af1debe5035d828,2026-07-12,262,52612965365,2.978,777424,
past260,검찰검,8c1738fcbd068f3c3af1debe5035d828,2026-07-13,262,52612965365,2.978,,
past260,검찰검,8c1738fcbd068f3c3af1debe5035d828,2026-07-14,262,52612965365,2.978,,
past260,검찰검,8c1738fcbd068f3c3af1debe5035d828,2026-07-15,262,52612965365,2.978,,
past260,검찰검,8c1738fcbd068f3c3af1debe5035d828,2026-07-16,262,52612965365,2.978,,
past260,검찰검,8c1738fcbd068f3c3af1debe5035d828,2026-07-17,262,52612965365,2.978,,
past260,검찰검,8c1738fcbd068f3c3af1debe5035d828,2026-07-18,262,52612965365,2.978,,
past260,검찰검,8c1738fcbd068f3c3af1debe5035d828,2026-07-19,262,52612965365,2.978,,
past260,검찰검,8c1738fcbd068f3c3af1debe5035d828,2026-07-20,262,52612965365,2.978,777424,
past260,검찰검,8c1738fcbd068f3c3af1debe5035d828,2026-07-21,262,52612965365,2.978,,
past260,검찰검,8c1738fcbd068f3c3af1debe5035d828,2026-07-22,262,52612965365,2.978,,
past260,월랑싼,ed73630a9b01b498dc6f0eff3b5bc7c1efe8d04e6d233bd35cf2fabdeb93fb0d,2026-06-18,262,54464981002,3.083,6060276,
past260,월랑싼,ed73630a9b01b498dc6f0eff3b5bc7c1efe8d04e6d233bd35cf2fabdeb93fb0d,2026-06-19,262,54464981002,3.083,,
past260,월랑싼,ed73630a9b01b498dc6f0eff3b5bc7c1efe8d04e6d233bd35cf2fabdeb93fb0d,2026-06-20,262,54464981002,3.083,,
past260,월랑싼,ed73630a9b01b498dc6f0eff3b5bc7c1efe8d04e6d233bd35cf2fabdeb93fb0d,2026-06-21,262,54464981002,3.083,,
past260,월랑싼,ed73630a9b01b498dc6f0eff3b5bc7c1efe8d04e6d233bd35cf2fabdeb93fb0d,2026-06-22,262,54464981002,3.083,,
past260,월랑싼,ed73630a9b01b498dc6f0eff3b5bc7c1efe8d04e6d233bd35cf2fabdeb93fb0d,2026-06-23,262,54464981002,3.083,,
past260,월랑싼,ed73630a9b01b498dc6f0eff3b5bc7c1efe8d04e6d233bd35cf2fabdeb93fb0d,2026-06-24,262,54464981002,3.083,,
past260,월랑싼,ed73630a9b01b498dc6f0eff3b5bc7c1efe8d04e6d233bd35cf2fabdeb93fb0d,2026-06-25,262,54464981002,3.083,,
past260,월랑싼,ed73630a9b01b498dc6f0eff3b5bc7c1efe8d04e6d233bd35cf2fabdeb93fb0d,2026-06-26,262,54464981002,3.083,6060276,
past260,월랑싼,ed73630a9b01b498dc6f0eff3b5bc7c1efe8d04e6d233bd35cf2fabdeb93fb0d,2026-06-27,262,54464981002,3.083,,
past260,월랑싼,ed73630a9b01b498dc6f0eff3b5bc7c1efe8d04e6d233bd35cf2fabdeb93fb0d,2026-06-28,262,54464981002,3.083,,
past260,월랑싼,ed73630a9b01b498dc6f0eff3b5bc7c1efe8d04e6d233bd35cf2fabdeb93fb0d,2026-06-29,262,54464981002,3.083,,
past260,월랑싼,ed73630a9b01b498dc6f0eff3b5bc7c1efe8d04e6d233bd35cf2fabdeb93fb0d,2026-06-30,262,54464981002,3.083,,
past260,월랑싼,ed73630a9b01b498dc6f0eff3b5bc7c1efe8d04e6d233bd35cf2fabdeb93fb0d,2026-07-01,262,54464981002,3.083,,
past260,월랑싼,ed73630a9b01b498dc6f0eff3b5bc7c1efe8d04e6d233bd35cf2fabdeb93fb0d,2026-07-02,262,54464981002,3.083,,
past260,월랑싼,ed73630a9b01b498dc6f0eff3b5bc7c1efe8d04e6d233bd35cf2fabdeb93fb0d,2026-07-03,262,54464981002,3.083,,
past260,월랑싼,ed73630a9b01b498dc6f0eff3b5bc7c1efe8d04e6d233bd35cf2fabdeb93fb0d,2026-07-04,262,54464981002,3.083,6060276,
past260,월랑싼,ed73630a9b01b498dc6f0eff3b5bc7c1efe8d04e6d233bd35cf2fabdeb93fb0d,2026-07-05,262,54464981002,3.083,,
past260,월랑싼,ed73630a9b01b498dc6f0eff3b5bc7c1efe8d04e6d233bd35cf2fabdeb93fb0d,2026-07-06,262,54464981002,3.083,,
past260,월랑싼,ed73630a9b01b498dc6f0eff3b5bc7c1efe8d04e6d233bd35cf2fabdeb93fb0d,2026-07-07,262,54464981002,3.083,,
past260,월랑싼,ed73630a9b01b498dc6f0eff3b5bc7c1efe8d04e6d233bd35cf2fabdeb93fb0d,2026-07-08,262,54464981002,3.083,,
past260,월랑싼,ed73630a9b01b498dc6f0eff3b5bc7c1efe8d04e6d233bd35cf2fabdeb93fb0d,2026-07-09,262,54464981002,3.083,,
past260,월랑싼,ed73630a9b01b498dc6f0eff3b5bc7c1efe8d04e6d233bd35cf2fabdeb93fb0d,2026-07-10,262,54464981002,3.083,,
past260,월랑싼,ed73630a9b01b498dc6f0eff3b5bc7c1efe8d04e6d233bd35cf2fabdeb93fb0d,2026-07-11,262,54464981002,3.083,,
past260,월랑싼,ed73630a9b01b498dc6f0eff3b5bc7c1efe8d04e6d233bd35cf2fabdeb93fb0d,2026-07-12,262,54464981002,3.083,6060276,
past260,월랑싼,ed73630a9b01b498dc6f0eff3b5bc7c1efe8d04e6d233bd35cf2fabdeb93fb0d,2026-07-13,262,54464981002,3.083,,
past260,월랑싼,ed73630a9b01b498dc6f0eff3b5bc7c1efe8d04e6d233bd35cf2fabdeb93fb0d,2026-07-14,262,54464981002,3.083,,
past260,월랑싼,ed73630a9b01b498dc6f0eff3b5bc7c1efe8d04e6d233bd35cf2fabdeb93fb0d,2026-07-15,262,54464981002,3.083,,
past260,월랑싼,ed73630a9b01b498dc6f0eff3b5bc7c1efe8d04e6d233bd35cf2fabdeb93fb0d,2026-07-16,262,54464981002,3.083,,
past260,월랑싼,ed73630a9b01b498dc6f0eff3b5bc7c1efe8d04e6d233bd35cf2fabdeb93fb0d,2026-07-17,262,54464981002,3.083,,
past260,월랑싼,ed73630a9b01b498dc6f0eff3b5bc7c1efe8d04e6d233bd35cf2fabdeb93fb0d,2026-07-18,262,54464981002,3.083,,
past260,월랑싼,ed73630a9b01b498dc6f0eff3b5bc7c1efe8d04e6d233bd35cf2fabdeb93fb0d,2026-07-19,262,54464981002,3.083,,
past260,월랑싼,ed73630a9b01b498dc6f0eff3b5bc7c1efe8d04e6d233bd35cf2fabdeb93fb0d,2026-07-20,262,54464981002,3.083,6060276,
past260,월랑싼,ed73630a9b01b498dc6f0eff3b5bc7c1efe8d04e6d233bd35cf2fabdeb93fb0d,2026-07-21,262,54464981002,3.083,,
past260,월랑싼,ed73630a9b01b498dc6f0eff3b5bc7c1efe8d04e6d233bd35cf2fabdeb93fb0d,2026-07-22,262,54464981002,3.083,,
past260,검황s,caf62b0da4e2a8262f7fcab1ee02fd76,2026-06-18,262,54608949746,3.091,2370348,
past260,검황s,caf62b0da4e2a8262f7fcab1ee02fd76,2026-06-19,262,54608949746,3.091,,
past260,검황s,caf62b0da4e2a8262f7fcab1ee02fd76,2026-06-20,262,54608949746,3.091,,
past260,검황s,caf62b0da4e2a8262f7fcab1ee02fd76,2026-06-21,262,54608949746,3.091,,
past260,검황s,caf62b0da4e2a8262f7fcab1ee02fd76,2026-06-22,262,54608949746,3.091,,
past260,검황s,caf62b0da4e2a8262f7fcab1ee02fd76,2026-06-23,262,54608949746,3.091,,
past260,검황s,caf62b0da4e2a8262f7fcab1ee02fd76,2026-06-24,262,54608949746,3.091,,
past260,검황s,caf62b0da4e2a8262f7fcab1ee02fd76,2026-06-25,262,54608949746,3.091,,
past260,검황s,caf62b0da4e2a8262f7fcab1ee02fd76,2026-06-26,262,54608949746,3.091,2370348,
past260,검황s,caf62b0da4e2a8262f7fcab1ee02fd76,2026-06-27,262,54608949746,3.091,,
past260,검황s,caf62b0da4e2a8262f7fcab1ee02fd76,2026-06-28,262,54608949746,3.091,,
past260,검황s,caf62b0da4e2a8262f7fcab1ee02fd76,2026-06-29,262,54608949746,3.091,,
past260,검황s,caf62b0da4e2a8262f7fcab1ee02fd76,2026-06-30,262,54608949746,3.091,,
past260,검황s,caf62b0da4e2a8262f7fcab1ee02fd76,2026-07-01,262,54608949746,3.091,,
past260,검황s,caf62b0da4e2a8262f7fcab1ee02fd76,2026-07-02,262,54608949746,3.091,,
past260,검황s,caf62b0da4e2a8262f7fcab1ee02fd76,2026-07-03,262,54608949746,3.091,,
past260,검황s,caf62b0da4e2a8262f7fcab1ee02fd76,2026-07-04,262,54608949746,3.091,2370348,
past260,검황s,caf62b0da4e2a8262f7fcab1ee02fd76,2026-07-05,262,54608949746,3.091,,
past260,검황s,caf62b0da4e2a8262f7fcab1ee02fd76,2026-07-06,262,54608949746,3.091,,
past260,검황s,caf62b0da4e2a8262f7fcab1ee02fd76,2026-07-07,262,54608949746,3.091,,
past260,검황s,caf62b0da4e2a8262f7fcab1ee02fd76,2026-07-08,262,54608949746,3.091,,
past260,검황s,caf62b0da4e2a8262f7fcab1ee02fd76,2026-07-09,262,54608949746,3.091,,
past260,검황s,caf62b0da4e2a8262f7fcab1ee02fd76,2026-07-10,262,54608949746,3.091,,
past260,검황s,caf62b0da4e2a8262f7fcab1ee02fd76,2026-07-11,262,54608949746,3.091,,
past260,검황s,caf62b0da4e2a8262f7fcab1ee02fd76,2026-07-12,262,54608949746,3.091,2370348,
past260,검황s,caf62b0da4e2a8262f7fcab1ee02fd76,2026-07-13,262,54608949746,3.091,,
past260,검황s,caf62b0da4e2a8262f7fcab1ee02fd76,2026-07-14,262,54608949746,3.091,,
past260,검황s,caf62b0da4e2a8262f7fcab1ee02fd76,2026-07-15,262,54608949746,3.091,,
past260,검황s,caf62b0da4e2a8262f7fcab1ee02fd76,2026-07-16,262,54608949746,3.091,,
past260,검황s,caf62b0da4e2a8262f7fcab1ee02fd76,2026-07-17,262,54608949746,3.091,,
past260,검황s,caf62b0da4e2a8262f7fcab1ee02fd76,2026-07-18,262,54608949746,3.091,,
past260,검황s,caf62b0da4e2a8262f7fcab1ee02fd76,2026-07-19,262,54608949746,3.091,,
past260,검황s,caf62b0da4e2a8262f7fcab1ee02fd76,2026-07-20,262,54608949746,3.091,2370348,
past260,검황s,caf62b0da4e2a8262f7fcab1ee02fd76,2026-07-21,262,54608949746,3.091,,
past260,검황s,caf62b0da4e2a8262f7fcab1ee02fd76,2026-07-22,262,54608949746,3.091,,
past260,대충약한이름,88e90383483beaae9db738e7866c94f3efe8d04e6d233bd35cf2fabdeb93fb0d,2026-06-18,262,49468857464,2.800,9931427,
past260,대충약한이름,88e90383483beaae9db738e7866c94f3efe8d04e6d233bd35cf2fabdeb93fb0d,2026-06-19,262,49468857464,2.800,,
past260,대충약한이름,88e90383483beaae9db738e7866c94f3efe8d04e6d233bd35cf2fabdeb93fb0d,2026-06-20,262,49468857464,2.800,,
past260,대충약한이름,88e90383483beaae9db738e7866c94f3efe8d04e6d233bd35cf2fabdeb93fb0d,2026-06-21,262,49468857464,2.800,,
past260,대충약한이름,88e90383483beaae9db738e7866c94f3efe8d04e6d233bd35cf2fabdeb93fb0d,2026-06-22,262,49468857464,2.800,,
past260,대충약한이름,88e90383483beaae9db738e7866c94f3efe8d04e6d233bd35cf2fabdeb93fb0d,2026-06-23,262,49468857464,2.800,,
past260,대충약한이름,88e90383483beaae9db738e7866c94f3efe8d04e6d233bd35cf2fabdeb93fb0d,2026-06-24,262,49571603196,2.806,,
past260,대충약한이름,88e90383483beaae9db738e7866c94f3efe8d04e6d233bd35cf2fabdeb93fb0d,2026-06-25,262,49571603196,2.806,,
past260,대충약한이름,88e90383483beaae9db738e7866c94f3efe8d04e6d233bd35cf2fabdeb93fb0d,2026-06-26,262,49571603196,2.806,12311262,
past260,대충약한이름,88e90383483beaae9db738e7866c94f3efe8d04e6d233bd35cf2fabdeb93fb0d,2026-06-27,262,49571603196,2.806,,
past260,대충약한이름,88e90383483beaae9db738e7866c94f3efe8d04e6d233bd35cf2fabdeb93fb0d,2026-06-28,262,49582140156,2.806,,
past260,대충약한이름,88e90383483beaae9db738e7866c94f3efe8d04e6d233bd35cf2fabdeb93fb0d,2026-06-29,262,49582140156,2.806,,
past260,대충약한이름,88e90383483beaae9db738e7866c94f3efe8d04e6d233bd35cf2fabdeb93fb0d,2026-06-30,262,49661525508,2.811,,
past260,대충약한이름,88e90383483beaae9db738e7866c94f3efe8d04e6d233bd35cf2fabdeb93fb0d,2026-07-01,262,49661525508,2.811,,
past260,대충약한이름,88e90383483beaae9db738e7866c94f3efe8d04e6d233bd35cf2fabdeb93fb0d,2026-07-02,262,49661525508,2.811,,
past260,대충약한이름,88e90383483beaae9db738e7866c94f3efe8d04e6d233bd35cf2fabdeb93fb0d,2026-07-03,262,49744407820,2.816,,
past260,대충약한이름,88e90383483beaae9db738e7866c94f3efe8d04e6d233bd35cf2fabdeb93fb0d,2026-07-04,262,49744407820,2.816,11271654,
past260,대충약한이름,88e90383483beaae9db738e7866c94f3efe8d04e6d233bd35cf2fabdeb93fb0d,2026-07-05,262,49744407820,2.816,,
past260,대충약한이름,88e90383483beaae9db738e7866c94f3efe8d04e6d233bd35cf2fabdeb93fb0d,2026-07-06,262,49744407820,2.816,,
past260,대충약한이름,88e90383483beaae9db738e7866c94f3efe8d04e6d233bd35cf2fabdeb93fb0d,2026-07-07,262,49744407820,2.816,,
past260,대충약한이름,88e90383483beaae9db738e7866c94f3efe8d04e6d233bd35cf2fabdeb93fb0d,2026-07-08,262,49744407820,2.816,,
past260,대충약한이름,88e90383483beaae9db738e7866c94f3efe8d04e6d233bd35cf2fabdeb93fb0d,2026-07-09,262,49744407820,2.816,,
past260,대충약한이름,88e90383483beaae9db738e7866c94f3efe8d04e6d233bd35cf2fabdeb93fb0d,2026-07-10,262,49834330132,2.821,,
past260,대충약한이름,88e90383483beaae9db738e7866c94f3efe8d04e6d233bd35cf2fabdeb93fb0d,2026-07-11,262,49834330132,2.821,,
past260,대충약한이름,88e90383483beaae9db738e7866c94f3efe8d04e6d233bd35cf2fabdeb93fb0d,2026-07-12,262,49834330132,2.821,11567657,
past260,대충약한이름,88e90383483beaae9db738e7866c94f3efe8d04e6d233bd35cf2fabdeb93fb0d,2026-07-13,262,49834330132,2.821,,
past260,대충약한이름,88e90383483beaae9db738e7866c94f3efe8d04e6d233bd35cf2fabdeb93fb0d,2026-07-14,262,49834330132,2.821,,
past260,대충약한이름,88e90383483beaae9db738e7866c94f3efe8d04e6d233bd35cf2fabdeb93fb0d,2026-07-15,262,49834330132,2.821,,
past260,대충약한이름,88e90383483beaae9db738e7866c94f3efe8d04e6d233bd35cf2fabdeb93fb0d,2026-07-16,262,49834330132,2.821,,
past260,대충약한이름,88e90383483beaae9db738e7866c94f3efe8d04e6d233bd35cf2fabdeb93fb0d,2026-07-17,262,49834330132,2.821,,
past260,대충약한이름,88e90383483beaae9db738e7866c94f3efe8d04e6d233bd35cf2fabdeb93fb0d,2026-07-18,262,49834330132,2.821,,
past260,대충약한이름,88e90383483beaae9db738e7866c94f3efe8d04e6d233bd35cf2fabdeb93fb0d,2026-07-19,262,49834330132,2.821,,
past260,대충약한이름,88e90383483beaae9db738e7866c94f3efe8d04e6d233bd35cf2fabdeb93fb0d,2026-07-20,262,49924252444,2.826,11658576,
past260,대충약한이름,88e90383483beaae9db738e7866c94f3efe8d04e6d233bd35cf2fabdeb93fb0d,2026-07-21,262,49924252444,2.826,,
past260,대충약한이름,88e90383483beaae9db738e7866c94f3efe8d04e6d233bd35cf2fabdeb93fb0d,2026-07-22,262,49924252444,2.826,,
past260,걸작갈릭소스,2fae46848f423cce4cbbd45932cf86d7,2026-06-18,262,49411471799,2.797,11435475,
past260,걸작갈릭소스,2fae46848f423cce4cbbd45932cf86d7,2026-06-19,262,49411471799,2.797,,
past260,걸작갈릭소스,2fae46848f423cce4cbbd45932cf86d7,2026-06-20,262,49411471799,2.797,,
past260,걸작갈릭소스,2fae46848f423cce4cbbd45932cf86d7,2026-06-21,262,49411471799,2.797,,
past260,걸작갈릭소스,2fae46848f423cce4cbbd45932cf86d7,2026-06-22,262,49411471799,2.797,,
past260,걸작갈릭소스,2fae46848f423cce4cbbd45932cf86d7,2026-06-23,262,49411471799,2.797,,
past260,걸작갈릭소스,2fae46848f423cce4cbbd45932cf86d7,2026-06-24,262,49411471799,2.797,,
past260,걸작갈릭소스,2fae46848f423cce4cbbd45932cf86d7,2026-06-25,262,49411471799,2.797,,
past260,걸작갈릭소스,2fae46848f423cce4cbbd45932cf86d7,2026-06-26,262,49411471799,2.797,11435475,
past260,걸작갈릭소스,2fae46848f423cce4cbbd45932cf86d7,2026-06-27,262,49411471799,2.797,,
past260,걸작갈릭소스,2fae46848f423cce4cbbd45932cf86d7,2026-06-28,262,49411471799,2.797,,
past260,걸작갈릭소스,2fae46848f423cce4cbbd45932cf86d7,2026-06-29,262,49411471799,2.797,,
past260,걸작갈릭소스,2fae46848f423cce4cbbd45932cf86d7,2026-06-30,262,49411471799,2.797,,
past260,걸작갈릭소스,2fae46848f423cce4cbbd45932cf86d7,2026-07-01,262,49411471799,2.797,,
past260,걸작갈릭소스,2fae46848f423cce4cbbd45932cf86d7,2026-07-02,262,49411471799,2.797,,
past260,걸작갈릭소스,2fae46848f423cce4cbbd45932cf86d7,2026-07-03,262,49411471799,2.797,,
past260,걸작갈릭소스,2fae46848f423cce4cbbd45932cf86d7,2026-07-04,262,49411471799,2.797,11435475,
past260,걸작갈릭소스,2fae46848f423cce4cbbd45932cf86d7,2026-07-05,262,49411471799,2.797,,
past260,걸작갈릭소스,2fae46848f423cce4cbbd45932cf86d7,2026-07-06,262,49411471799,2.797,,
past260,걸작갈릭소스,2fae46848f423cce4cbbd45932cf86d7,2026-07-07,262,49411471799,2.797,,
past260,걸작갈릭소스,2fae46848f423cce4cbbd45932cf86d7,2026-07-08,262,49411471799,2.797,,
past260,걸작갈릭소스,2fae46848f423cce4cbbd45932cf86d7,2026-07-09,262,49411471799,2.797,,
past260,걸작갈릭소스,2fae46848f423cce4cbbd45932cf86d7,2026-07-10,262,49411471799,2.797,,
past260,걸작갈릭소스,2fae46848f423cce4cbbd45932cf86d7,2026-07-11,262,49411471799,2.797,,
past260,걸작갈릭소스,2fae46848f423cce4cbbd45932cf86d7,2026-07-12,262,49411471799,2.797,11435475,
past260,걸작갈릭소스,2fae46848f423cce4cbbd45932cf86d7,2026-07-13,262,49411471799,2.797,,
past260,걸작갈릭소스,2fae46848f423cce4cbbd45932cf86d7,2026-07-14,262,49411471799,2.797,,
past260,걸작갈릭소스,2fae46848f423cce4cbbd45932cf86d7,2026-07-15,262,49411471799,2.797,,
past260,걸작갈릭소스,2fae46848f423cce4cbbd45932cf86d7,2026-07-16,262,49411471799,2.797,,
past260,걸작갈릭소스,2fae46848f423cce4cbbd45932cf86d7,2026-07-17,262,49411471799,2.797,,
past260,걸작갈릭소스,2fae46848f423cce4cbbd45932cf86d7,2026-07-18,262,49411471799,2.797,,
past260,걸작갈릭소스,2fae46848f423cce4cbbd45932cf86d7,2026-07-19,262,49411471799,2.797,,
past260,걸작갈릭소스,2fae46848f423cce4cbbd45932cf86d7,2026-07-20,262,49411471799,2.797,11435475,
past260,걸작갈릭소스,2fae46848f423cce4cbbd45932cf86d7,2026-07-21,262,49411471799,2.797,,
past260,걸작갈릭소스,2fae46848f423cce4cbbd45932cf86d7,2026-07-22,262,49411471799,2.797,,
past260,설야멱적,55a52fec86f1dabbcdbcd0eaf1e59357,2026-06-18,262,47752108973,2.703,10986348,
past260,설야멱적,55a52fec86f1dabbcdbcd0eaf1e59357,2026-06-19,262,47752108973,2.703,,
past260,설야멱적,55a52fec86f1dabbcdbcd0eaf1e59357,2026-06-20,262,47752108973,2.703,,
past260,설야멱적,55a52fec86f1dabbcdbcd0eaf1e59357,2026-06-21,262,47752108973,2.703,,
past260,설야멱적,55a52fec86f1dabbcdbcd0eaf1e59357,2026-06-22,262,47752108973,2.703,,
past260,설야멱적,55a52fec86f1dabbcdbcd0eaf1e59357,2026-06-23,262,47752108973,2.703,,
past260,설야멱적,55a52fec86f1dabbcdbcd0eaf1e59357,2026-06-24,262,47752108973,2.703,,
past260,설야멱적,55a52fec86f1dabbcdbcd0eaf1e59357,2026-06-25,262,47752108973,2.703,,
past260,설야멱적,55a52fec86f1dabbcdbcd0eaf1e59357,2026-06-26,262,47752108973,2.703,10986348,
past260,설야멱적,55a52fec86f1dabbcdbcd0eaf1e59357,2026-06-27,262,47752108973,2.703,,
past260,설야멱적,55a52fec86f1dabbcdbcd0eaf1e59357,2026-06-28,262,47752108973,2.703,,
past260,설야멱적,55a52fec86f1dabbcdbcd0eaf1e59357,2026-06-29,262,47752108973,2.703,,
past260,설야멱적,55a52fec86f1dabbcdbcd0eaf1e59357,2026-06-30,262,47752108973,2.703,,
past260,설야멱적,55a52fec86f1dabbcdbcd0eaf1e59357,2026-07-01,262,47752108973,2.703,,
past260,설야멱적,55a52fec86f1dabbcdbcd0eaf1e59357,2026-07-02,262,47752108973,2.703,,
past260,설야멱적,55a52fec86f1dabbcdbcd0eaf1e59357,2026-07-03,262,47752108973,2.703,,
past260,설야멱적,55a52fec86f1dabbcdbcd0eaf1e59357,2026-07-04,262,47752108973,2.703,10986348,
past260,설야멱적,55a52fec86f1dabbcdbcd0eaf1e59357,2026-07-05,262,47752108973,2.703,,
past260,설야멱적,55a52fec86f1dabbcdbcd0eaf1e59357,2026-07-06,262,47752108973,2.703,,
past260,설야멱적,55a52fec86f1dabbcdbcd0eaf1e59357,2026-07-07,262,47752108973,2.703,,
past260,설야멱적,55a52fec86f1dabbcdbcd0eaf1e59357,2026-07-08,262,47752108973,2.703,,
past260,설야멱적,55a52fec86f1dabbcdbcd0eaf1e59357,2026-07-09,262,47752108973,2.703,,
past260,설야멱적,55a52fec86f1dabbcdbcd0eaf1e59357,2026-07-10,262,47752108973,2.703,,
past260,설야멱적,55a52fec86f1dabbcdbcd0eaf1e59357,2026-07-11,262,47752108973,2.703,,
past260,설야멱적,55a52fec86f1dabbcdbcd0eaf1e59357,2026-07-12,262,47752108973,2.703,6290695,
past260,설야멱적,55a52fec86f1dabbcdbcd0eaf1e59357,2026-07-13,262,47752108973,2.703,,
past260,설야멱적,55a52fec86f1dabbcdbcd0eaf1e59357,2026-07-14,262,47752108973,2.703,,
past260,설야멱적,55a52fec86f1dabbcdbcd0eaf1e59357,2026-07-15,262,47752108973,2.703,,
past260,설야멱적,55a52fec86f1dabbcdbcd0eaf1e59357,2026-07-16,262,47752108973,2.703,,
past260,설야멱적,55a52fec86f1dabbcdbcd0eaf1e59357,2026-07-17,262,47752108973,2.703,,
past260,설야멱적,55a52fec86f1dabbcdbcd0eaf1e59357,2026-07-18,262,47752108973,2.703,,
past260,설야멱적,55a52fec86f1dabbcdbcd0eaf1e59357,2026-07-19,262,47752108973,2.703,,
past260,설야멱적,55a52fec86f1dabbcdbcd0eaf1e59357,2026-07-20,262,47752108973,2.703,6290695,
past260,설야멱적,55a52fec86f1dabbcdbcd0eaf1e59357,2026-07-21,262,47752108973,2.703,,
past260,설야멱적,55a52fec86f1dabbcdbcd0eaf1e59357,2026-07-22,262,47752108973,2.703,,
past260,마빡에문신함,992c873304c93ecf38c80df9c3652bfa,2026-06-18,262,26805844882,1.517,1261850,
past260,마빡에문신함,992c873304c93ecf38c80df9c3652bfa,2026-06-19,262,26805844882,1.517,,
past260,마빡에문신함,992c873304c93ecf38c80df9c3652bfa,2026-06-20,262,26805844882,1.517,,
past260,마빡에문신함,992c873304c93ecf38c80df9c3652bfa,2026-06-21,262,26805844882,1.517,,
past260,마빡에문신함,992c873304c93ecf38c80df9c3652bfa,2026-06-22,262,26805844882,1.517,,
past260,마빡에문신함,992c873304c93ecf38c80df9c3652bfa,2026-06-23,262,26805844882,1.517,,
past260,마빡에문신함,992c873304c93ecf38c80df9c3652bfa,2026-06-24,262,26805844882,1.517,,
past260,마빡에문신함,992c873304c93ecf38c80df9c3652bfa,2026-06-25,262,26805844882,1.517,,
past260,마빡에문신함,992c873304c93ecf38c80df9c3652bfa,2026-06-26,262,26805844882,1.517,1261850,
past260,마빡에문신함,992c873304c93ecf38c80df9c3652bfa,2026-06-27,262,26805844882,1.517,,
past260,마빡에문신함,992c873304c93ecf38c80df9c3652bfa,2026-06-28,262,26805844882,1.517,,
past260,마빡에문신함,992c873304c93ecf38c80df9c3652bfa,2026-06-29,262,26805844882,1.517,,
past260,마빡에문신함,992c873304c93ecf38c80df9c3652bfa,2026-06-30,262,26805844882,1.517,,
past260,마빡에문신함,992c873304c93ecf38c80df9c3652bfa,2026-07-01,262,26805844882,1.517,,
past260,마빡에문신함,992c873304c93ecf38c80df9c3652bfa,2026-07-02,262,26805844882,1.517,,
past260,마빡에문신함,992c873304c93ecf38c80df9c3652bfa,2026-07-03,262,26805844882,1.517,,
past260,마빡에문신함,992c873304c93ecf38c80df9c3652bfa,2026-07-04,262,26805844882,1.517,1261850,
past260,마빡에문신함,992c873304c93ecf38c80df9c3652bfa,2026-07-05,262,26805844882,1.517,,
past260,마빡에문신함,992c873304c93ecf38c80df9c3652bfa,2026-07-06,262,26805844882,1.517,,
past260,마빡에문신함,992c873304c93ecf38c80df9c3652bfa,2026-07-07,262,26805844882,1.517,,
past260,마빡에문신함,992c873304c93ecf38c80df9c3652bfa,2026-07-08,262,26805844882,1.517,,
past260,마빡에문신함,992c873304c93ecf38c80df9c3652bfa,2026-07-09,262,26805844882,1.517,,
past260,마빡에문신함,992c873304c93ecf38c80df9c3652bfa,2026-07-10,262,26805844882,1.517,,
past260,마빡에문신함,992c873304c93ecf38c80df9c3652bfa,2026-07-11,262,26805844882,1.517,,
past260,마빡에문신함,992c873304c93ecf38c80df9c3652bfa,2026-07-12,262,26805844882,1.517,1261850,
past260,마빡에문신함,992c873304c93ecf38c80df9c3652bfa,2026-07-13,262,26805844882,1.517,,
past260,마빡에문신함,992c873304c93ecf38c80df9c3652bfa,2026-07-14,262,26805844882,1.517,,
past260,마빡에문신함,992c873304c93ecf38c80df9c3652bfa,2026-07-15,262,26805844882,1.517,,
past260,마빡에문신함,992c873304c93ecf38c80df9c3652bfa,2026-07-16,262,26805844882,1.517,,
past260,마빡에문신함,992c873304c93ecf38c80df9c3652bfa,2026-07-17,262,26805844882,1.517,,
past260,마빡에문신함,992c873304c93ecf38c80df9c3652bfa,2026-07-18,262,26805844882,1.517,,
past260,마빡에문신함,992c873304c93ecf38c80df9c3652bfa,2026-07-19,262,26805844882,1.517,,
past260,마빡에문신함,992c873304c93ecf38c80df9c3652bfa,2026-07-20,262,26805844882,1.517,1261850,
past260,마빡에문신함,992c873304c93ecf38c80df9c3652bfa,2026-07-21,262,26805844882,1.517,,
past260,마빡에문신함,992c873304c93ecf38c80df9c3652bfa,2026-07-22,262,26805844882,1.517,,
past260,파니사랑,83389ccac534b60761a301de94b77ffb,2026-06-18,,,,,http_400
past260,파니사랑,83389ccac534b60761a301de94b77ffb,2026-06-19,,,,,http_400
past260,파니사랑,83389ccac534b60761a301de94b77ffb,2026-06-20,,,,,http_400
past260,파니사랑,83389ccac534b60761a301de94b77ffb,2026-06-21,,,,,http_400
past260,파니사랑,83389ccac534b60761a301de94b77ffb,2026-06-22,,,,,http_400
past260,파니사랑,83389ccac534b60761a301de94b77ffb,2026-06-23,,,,,http_400
past260,파니사랑,83389ccac534b60761a301de94b77ffb,2026-06-24,,,,,http_400
past260,파니사랑,83389ccac534b60761a301de94b77ffb,2026-06-25,,,,,http_400
past260,파니사랑,83389ccac534b60761a301de94b77ffb,2026-06-26,,,,,http_400
past260,파니사랑,83389ccac534b60761a301de94b77ffb,2026-06-27,,,,,http_400
past260,파니사랑,83389ccac534b60761a301de94b77ffb,2026-06-28,,,,,http_400
past260,파니사랑,83389ccac534b60761a301de94b77ffb,2026-06-29,,,,,http_400
past260,파니사랑,83389ccac534b60761a301de94b77ffb,2026-06-30,,,,,http_400
past260,파니사랑,83389ccac534b60761a301de94b77ffb,2026-07-01,,,,,http_400
past260,파니사랑,83389ccac534b60761a301de94b77ffb,2026-07-02,,,,,http_400
past260,파니사랑,83389ccac534b60761a301de94b77ffb,2026-07-03,,,,,http_400
past260,파니사랑,83389ccac534b60761a301de94b77ffb,2026-07-04,,,,,http_400
past260,파니사랑,83389ccac534b60761a301de94b77ffb,2026-07-05,,,,,http_400
past260,파니사랑,83389ccac534b60761a301de94b77ffb,2026-07-06,,,,,http_400
past260,파니사랑,83389ccac534b60761a301de94b77ffb,2026-07-07,,,,,http_400
past260,파니사랑,83389ccac534b60761a301de94b77ffb,2026-07-08,,,,,http_400
past260,파니사랑,83389ccac534b60761a301de94b77ffb,2026-07-09,,,,,http_400
past260,파니사랑,83389ccac534b60761a301de94b77ffb,2026-07-10,,,,,http_400
past260,파니사랑,83389ccac534b60761a301de94b77ffb,2026-07-11,,,,,http_400
past260,파니사랑,83389ccac534b60761a301de94b77ffb,2026-07-12,,,,,http_400
past260,파니사랑,83389ccac534b60761a301de94b77ffb,2026-07-13,,,,,http_400
past260,파니사랑,83389ccac534b60761a301de94b77ffb,2026-07-14,,,,,http_400
past260,파니사랑,83389ccac534b60761a301de94b77ffb,2026-07-15,,,,,http_400
past260,파니사랑,83389ccac534b60761a301de94b77ffb,2026-07-16,,,,,http_400
past260,파니사랑,83389ccac534b60761a301de94b77ffb,2026-07-17,,,,,http_400
past260,파니사랑,83389ccac534b60761a301de94b77ffb,2026-07-18,,,,,http_400
past260,파니사랑,83389ccac534b60761a301de94b77ffb,2026-07-19,,,,,http_400
past260,파니사랑,83389ccac534b60761a301de94b77ffb,2026-07-20,,,,,http_400
past260,파니사랑,83389ccac534b60761a301de94b77ffb,2026-07-21,,,,,http_400
past260,파니사랑,83389ccac534b60761a301de94b77ffb,2026-07-22,,,,,http_400
past260,뽀만뽀고싶다,6200f324bea2cf91944db084079b5c8defe8d04e6d233bd35cf2fabdeb93fb0d,2026-06-18,262,33130819292,1.875,4150175,
past260,뽀만뽀고싶다,6200f324bea2cf91944db084079b5c8defe8d04e6d233bd35cf2fabdeb93fb0d,2026-06-19,262,33130819292,1.875,,
past260,뽀만뽀고싶다,6200f324bea2cf91944db084079b5c8defe8d04e6d233bd35cf2fabdeb93fb0d,2026-06-20,262,33130819292,1.875,,
past260,뽀만뽀고싶다,6200f324bea2cf91944db084079b5c8defe8d04e6d233bd35cf2fabdeb93fb0d,2026-06-21,262,33130819292,1.875,,
past260,뽀만뽀고싶다,6200f324bea2cf91944db084079b5c8defe8d04e6d233bd35cf2fabdeb93fb0d,2026-06-22,262,33130819292,1.875,,
past260,뽀만뽀고싶다,6200f324bea2cf91944db084079b5c8defe8d04e6d233bd35cf2fabdeb93fb0d,2026-06-23,262,33183836252,1.878,,
past260,뽀만뽀고싶다,6200f324bea2cf91944db084079b5c8defe8d04e6d233bd35cf2fabdeb93fb0d,2026-06-24,262,33183836252,1.878,,
past260,뽀만뽀고싶다,6200f324bea2cf91944db084079b5c8defe8d04e6d233bd35cf2fabdeb93fb0d,2026-06-25,262,33183836252,1.878,,
past260,뽀만뽀고싶다,6200f324bea2cf91944db084079b5c8defe8d04e6d233bd35cf2fabdeb93fb0d,2026-06-26,262,33183836252,1.878,4933489,
past260,뽀만뽀고싶다,6200f324bea2cf91944db084079b5c8defe8d04e6d233bd35cf2fabdeb93fb0d,2026-06-27,262,33183836252,1.878,,
past260,뽀만뽀고싶다,6200f324bea2cf91944db084079b5c8defe8d04e6d233bd35cf2fabdeb93fb0d,2026-06-28,262,33183836252,1.878,,
past260,뽀만뽀고싶다,6200f324bea2cf91944db084079b5c8defe8d04e6d233bd35cf2fabdeb93fb0d,2026-06-29,262,33183836252,1.878,,
past260,뽀만뽀고싶다,6200f324bea2cf91944db084079b5c8defe8d04e6d233bd35cf2fabdeb93fb0d,2026-06-30,262,33183836252,1.878,,
past260,뽀만뽀고싶다,6200f324bea2cf91944db084079b5c8defe8d04e6d233bd35cf2fabdeb93fb0d,2026-07-01,262,33235762052,1.881,,
past260,뽀만뽀고싶다,6200f324bea2cf91944db084079b5c8defe8d04e6d233bd35cf2fabdeb93fb0d,2026-07-02,262,33235762052,1.881,,
past260,뽀만뽀고싶다,6200f324bea2cf91944db084079b5c8defe8d04e6d233bd35cf2fabdeb93fb0d,2026-07-03,262,33235762052,1.881,,
past260,뽀만뽀고싶다,6200f324bea2cf91944db084079b5c8defe8d04e6d233bd35cf2fabdeb93fb0d,2026-07-04,262,33235762052,1.881,4233958,
past260,뽀만뽀고싶다,6200f324bea2cf91944db084079b5c8defe8d04e6d233bd35cf2fabdeb93fb0d,2026-07-05,262,33235762052,1.881,,
past260,뽀만뽀고싶다,6200f324bea2cf91944db084079b5c8defe8d04e6d233bd35cf2fabdeb93fb0d,2026-07-06,262,33235762052,1.881,,
past260,뽀만뽀고싶다,6200f324bea2cf91944db084079b5c8defe8d04e6d233bd35cf2fabdeb93fb0d,2026-07-07,262,33285479012,1.884,,
past260,뽀만뽀고싶다,6200f324bea2cf91944db084079b5c8defe8d04e6d233bd35cf2fabdeb93fb0d,2026-07-08,262,33285479012,1.884,,
past260,뽀만뽀고싶다,6200f324bea2cf91944db084079b5c8defe8d04e6d233bd35cf2fabdeb93fb0d,2026-07-09,262,33285479012,1.884,,
past260,뽀만뽀고싶다,6200f324bea2cf91944db084079b5c8defe8d04e6d233bd35cf2fabdeb93fb0d,2026-07-10,262,33285479012,1.884,,
past260,뽀만뽀고싶다,6200f324bea2cf91944db084079b5c8defe8d04e6d233bd35cf2fabdeb93fb0d,2026-07-11,262,33285479012,1.884,,
past260,뽀만뽀고싶다,6200f324bea2cf91944db084079b5c8defe8d04e6d233bd35cf2fabdeb93fb0d,2026-07-12,262,33335202686,1.887,4233958,
past260,뽀만뽀고싶다,6200f324bea2cf91944db084079b5c8defe8d04e6d233bd35cf2fabdeb93fb0d,2026-07-13,262,33335202686,1.887,,
past260,뽀만뽀고싶다,6200f324bea2cf91944db084079b5c8defe8d04e6d233bd35cf2fabdeb93fb0d,2026-07-14,262,33335202686,1.887,,
past260,뽀만뽀고싶다,6200f324bea2cf91944db084079b5c8defe8d04e6d233bd35cf2fabdeb93fb0d,2026-07-15,262,33335202686,1.887,,
past260,뽀만뽀고싶다,6200f324bea2cf91944db084079b5c8defe8d04e6d233bd35cf2fabdeb93fb0d,2026-07-16,262,33335202686,1.887,,
past260,뽀만뽀고싶다,6200f324bea2cf91944db084079b5c8defe8d04e6d233bd35cf2fabdeb93fb0d,2026-07-17,262,33335202686,1.887,,
past260,뽀만뽀고싶다,6200f324bea2cf91944db084079b5c8defe8d04e6d233bd35cf2fabdeb93fb0d,2026-07-18,262,33335202686,1.887,,
past260,뽀만뽀고싶다,6200f324bea2cf91944db084079b5c8defe8d04e6d233bd35cf2fabdeb93fb0d,2026-07-19,262,33335202686,1.887,,
past260,뽀만뽀고싶다,6200f324bea2cf91944db084079b5c8defe8d04e6d233bd35cf2fabdeb93fb0d,2026-07-20,262,33335202686,1.887,4233958,
past260,뽀만뽀고싶다,6200f324bea2cf91944db084079b5c8defe8d04e6d233bd35cf2fabdeb93fb0d,2026-07-21,262,33384919646,1.890,,
past260,뽀만뽀고싶다,6200f324bea2cf91944db084079b5c8defe8d04e6d233bd35cf2fabdeb93fb0d,2026-07-22,262,33384919646,1.890,,
past260,지피오,3f4955952bdc19e49240af78f52f2086,2026-06-18,262,45391398627,2.569,4031921,
past260,지피오,3f4955952bdc19e49240af78f52f2086,2026-06-19,262,45391398627,2.569,,
past260,지피오,3f4955952bdc19e49240af78f52f2086,2026-06-20,262,45391398627,2.569,,
past260,지피오,3f4955952bdc19e49240af78f52f2086,2026-06-21,262,45391398627,2.569,,
past260,지피오,3f4955952bdc19e49240af78f52f2086,2026-06-22,262,45391398627,2.569,,
past260,지피오,3f4955952bdc19e49240af78f52f2086,2026-06-23,262,45391398627,2.569,,
past260,지피오,3f4955952bdc19e49240af78f52f2086,2026-06-24,262,45391398627,2.569,,
past260,지피오,3f4955952bdc19e49240af78f52f2086,2026-06-25,262,45391398627,2.569,,
past260,지피오,3f4955952bdc19e49240af78f52f2086,2026-06-26,262,45391398627,2.569,4031921,
past260,지피오,3f4955952bdc19e49240af78f52f2086,2026-06-27,262,45391398627,2.569,,
past260,지피오,3f4955952bdc19e49240af78f52f2086,2026-06-28,262,45391398627,2.569,,
past260,지피오,3f4955952bdc19e49240af78f52f2086,2026-06-29,262,45391398627,2.569,,
past260,지피오,3f4955952bdc19e49240af78f52f2086,2026-06-30,262,45391398627,2.569,,
past260,지피오,3f4955952bdc19e49240af78f52f2086,2026-07-01,262,45391398627,2.569,,
past260,지피오,3f4955952bdc19e49240af78f52f2086,2026-07-02,262,45391398627,2.569,,
past260,지피오,3f4955952bdc19e49240af78f52f2086,2026-07-03,262,45391398627,2.569,,
past260,지피오,3f4955952bdc19e49240af78f52f2086,2026-07-04,262,45391398627,2.569,4031921,
past260,지피오,3f4955952bdc19e49240af78f52f2086,2026-07-05,262,45391398627,2.569,,
past260,지피오,3f4955952bdc19e49240af78f52f2086,2026-07-06,262,45391398627,2.569,,
past260,지피오,3f4955952bdc19e49240af78f52f2086,2026-07-07,262,45391398627,2.569,,
past260,지피오,3f4955952bdc19e49240af78f52f2086,2026-07-08,262,45391398627,2.569,,
past260,지피오,3f4955952bdc19e49240af78f52f2086,2026-07-09,262,45391398627,2.569,,
past260,지피오,3f4955952bdc19e49240af78f52f2086,2026-07-10,262,45391398627,2.569,,
past260,지피오,3f4955952bdc19e49240af78f52f2086,2026-07-11,262,45391398627,2.569,,
past260,지피오,3f4955952bdc19e49240af78f52f2086,2026-07-12,262,45391398627,2.569,4031921,
past260,지피오,3f4955952bdc19e49240af78f52f2086,2026-07-13,262,45391398627,2.569,,
past260,지피오,3f4955952bdc19e49240af78f52f2086,2026-07-14,262,45391398627,2.569,,
past260,지피오,3f4955952bdc19e49240af78f52f2086,2026-07-15,262,45391398627,2.569,,
past260,지피오,3f4955952bdc19e49240af78f52f2086,2026-07-16,262,45391398627,2.569,,
past260,지피오,3f4955952bdc19e49240af78f52f2086,2026-07-17,262,45391398627,2.569,,
past260,지피오,3f4955952bdc19e49240af78f52f2086,2026-07-18,262,45391398627,2.569,,
past260,지피오,3f4955952bdc19e49240af78f52f2086,2026-07-19,262,45391398627,2.569,,
past260,지피오,3f4955952bdc19e49240af78f52f2086,2026-07-20,262,45391398627,2.569,4031921,
past260,지피오,3f4955952bdc19e49240af78f52f2086,2026-07-21,262,45391398627,2.569,,
past260,지피오,3f4955952bdc19e49240af78f52f2086,2026-07-22,262,45391398627,2.569,,
past260,델랭영,bea07d9c88d0447eb9b2543dd49ed2a3,2026-06-18,262,18947272813,1.072,1080718,
past260,델랭영,bea07d9c88d0447eb9b2543dd49ed2a3,2026-06-19,262,18947272813,1.072,,
past260,델랭영,bea07d9c88d0447eb9b2543dd49ed2a3,2026-06-20,262,18947272813,1.072,,
past260,델랭영,bea07d9c88d0447eb9b2543dd49ed2a3,2026-06-21,262,18947272813,1.072,,
past260,델랭영,bea07d9c88d0447eb9b2543dd49ed2a3,2026-06-22,262,18947272813,1.072,,
past260,델랭영,bea07d9c88d0447eb9b2543dd49ed2a3,2026-06-23,262,18947272813,1.072,,
past260,델랭영,bea07d9c88d0447eb9b2543dd49ed2a3,2026-06-24,262,18947272813,1.072,,
past260,델랭영,bea07d9c88d0447eb9b2543dd49ed2a3,2026-06-25,262,18947272813,1.072,,
past260,델랭영,bea07d9c88d0447eb9b2543dd49ed2a3,2026-06-26,262,18947272813,1.072,1080718,
past260,델랭영,bea07d9c88d0447eb9b2543dd49ed2a3,2026-06-27,262,18947272813,1.072,,
past260,델랭영,bea07d9c88d0447eb9b2543dd49ed2a3,2026-06-28,262,18947272813,1.072,,
past260,델랭영,bea07d9c88d0447eb9b2543dd49ed2a3,2026-06-29,262,18947272813,1.072,,
past260,델랭영,bea07d9c88d0447eb9b2543dd49ed2a3,2026-06-30,262,18947272813,1.072,,
past260,델랭영,bea07d9c88d0447eb9b2543dd49ed2a3,2026-07-01,262,18947272813,1.072,,
past260,델랭영,bea07d9c88d0447eb9b2543dd49ed2a3,2026-07-02,262,18947272813,1.072,,
past260,델랭영,bea07d9c88d0447eb9b2543dd49ed2a3,2026-07-03,262,18947272813,1.072,,
past260,델랭영,bea07d9c88d0447eb9b2543dd49ed2a3,2026-07-04,262,18947272813,1.072,1080718,
past260,델랭영,bea07d9c88d0447eb9b2543dd49ed2a3,2026-07-05,262,18947272813,1.072,,
past260,델랭영,bea07d9c88d0447eb9b2543dd49ed2a3,2026-07-06,262,18947272813,1.072,,
past260,델랭영,bea07d9c88d0447eb9b2543dd49ed2a3,2026-07-07,262,18947272813,1.072,,
past260,델랭영,bea07d9c88d0447eb9b2543dd49ed2a3,2026-07-08,262,18947272813,1.072,,
past260,델랭영,bea07d9c88d0447eb9b2543dd49ed2a3,2026-07-09,262,18947272813,1.072,,
past260,델랭영,bea07d9c88d0447eb9b2543dd49ed2a3,2026-07-10,262,18947272813,1.072,,
past260,델랭영,bea07d9c88d0447eb9b2543dd49ed2a3,2026-07-11,262,18947272813,1.072,,
past260,델랭영,bea07d9c88d0447eb9b2543dd49ed2a3,2026-07-12,262,18947272813,1.072,1080718,
past260,델랭영,bea07d9c88d0447eb9b2543dd49ed2a3,2026-07-13,262,18947272813,1.072,,
past260,델랭영,bea07d9c88d0447eb9b2543dd49ed2a3,2026-07-14,262,18947272813,1.072,,
past260,델랭영,bea07d9c88d0447eb9b2543dd49ed2a3,2026-07-15,262,18947272813,1.072,,
past260,델랭영,bea07d9c88d0447eb9b2543dd49ed2a3,2026-07-16,262,18947272813,1.072,,
past260,델랭영,bea07d9c88d0447eb9b2543dd49ed2a3,2026-07-17,262,18947272813,1.072,,
past260,델랭영,bea07d9c88d0447eb9b2543dd49ed2a3,2026-07-18,262,18947272813,1.072,,
past260,델랭영,bea07d9c88d0447eb9b2543dd49ed2a3,2026-07-19,262,18947272813,1.072,,
past260,델랭영,bea07d9c88d0447eb9b2543dd49ed2a3,2026-07-20,262,18947272813,1.072,1080718,
past260,델랭영,bea07d9c88d0447eb9b2543dd49ed2a3,2026-07-21,262,18947272813,1.072,,
past260,델랭영,bea07d9c88d0447eb9b2543dd49ed2a3,2026-07-22,262,18947272813,1.072,,
past260,스묜덩,faf1749fe884a6c8f40cc392ab1d582f,2026-06-18,262,22465956618,1.272,2172,
past260,스묜덩,faf1749fe884a6c8f40cc392ab1d582f,2026-06-19,262,22465956618,1.272,,
past260,스묜덩,faf1749fe884a6c8f40cc392ab1d582f,2026-06-20,262,22465956618,1.272,,
past260,스묜덩,faf1749fe884a6c8f40cc392ab1d582f,2026-06-21,262,22465956618,1.272,,
past260,스묜덩,faf1749fe884a6c8f40cc392ab1d582f,2026-06-22,262,22465956618,1.272,,
past260,스묜덩,faf1749fe884a6c8f40cc392ab1d582f,2026-06-23,262,22465956618,1.272,,
past260,스묜덩,faf1749fe884a6c8f40cc392ab1d582f,2026-06-24,262,22465956618,1.272,,
past260,스묜덩,faf1749fe884a6c8f40cc392ab1d582f,2026-06-25,262,22465956618,1.272,,
past260,스묜덩,faf1749fe884a6c8f40cc392ab1d582f,2026-06-26,262,22465956618,1.272,2172,
past260,스묜덩,faf1749fe884a6c8f40cc392ab1d582f,2026-06-27,262,22465956618,1.272,,
past260,스묜덩,faf1749fe884a6c8f40cc392ab1d582f,2026-06-28,262,22465956618,1.272,,
past260,스묜덩,faf1749fe884a6c8f40cc392ab1d582f,2026-06-29,262,22465956618,1.272,,
past260,스묜덩,faf1749fe884a6c8f40cc392ab1d582f,2026-06-30,262,22465956618,1.272,,
past260,스묜덩,faf1749fe884a6c8f40cc392ab1d582f,2026-07-01,262,22465956618,1.272,,
past260,스묜덩,faf1749fe884a6c8f40cc392ab1d582f,2026-07-02,262,22465956618,1.272,,
past260,스묜덩,faf1749fe884a6c8f40cc392ab1d582f,2026-07-03,262,22465956618,1.272,,
past260,스묜덩,faf1749fe884a6c8f40cc392ab1d582f,2026-07-04,262,22465956618,1.272,2172,
past260,스묜덩,faf1749fe884a6c8f40cc392ab1d582f,2026-07-05,262,22465956618,1.272,,
past260,스묜덩,faf1749fe884a6c8f40cc392ab1d582f,2026-07-06,262,22465956618,1.272,,
past260,스묜덩,faf1749fe884a6c8f40cc392ab1d582f,2026-07-07,262,22465956618,1.272,,
past260,스묜덩,faf1749fe884a6c8f40cc392ab1d582f,2026-07-08,262,22465956618,1.272,,
past260,스묜덩,faf1749fe884a6c8f40cc392ab1d582f,2026-07-09,262,22465956618,1.272,,
past260,스묜덩,faf1749fe884a6c8f40cc392ab1d582f,2026-07-10,262,22465956618,1.272,,
past260,스묜덩,faf1749fe884a6c8f40cc392ab1d582f,2026-07-11,262,22465956618,1.272,,
past260,스묜덩,faf1749fe884a6c8f40cc392ab1d582f,2026-07-12,262,22465956618,1.272,2172,
past260,스묜덩,faf1749fe884a6c8f40cc392ab1d582f,2026-07-13,262,22465956618,1.272,,
past260,스묜덩,faf1749fe884a6c8f40cc392ab1d582f,2026-07-14,262,22465956618,1.272,,
past260,스묜덩,faf1749fe884a6c8f40cc392ab1d582f,2026-07-15,262,22465956618,1.272,,
past260,스묜덩,faf1749fe884a6c8f40cc392ab1d582f,2026-07-16,262,22465956618,1.272,,
past260,스묜덩,faf1749fe884a6c8f40cc392ab1d582f,2026-07-17,262,22465956618,1.272,,
past260,스묜덩,faf1749fe884a6c8f40cc392ab1d582f,2026-07-18,262,22465956618,1.272,,
past260,스묜덩,faf1749fe884a6c8f40cc392ab1d582f,2026-07-19,262,22465956618,1.272,,
past260,스묜덩,faf1749fe884a6c8f40cc392ab1d582f,2026-07-20,262,22465956618,1.272,2172,
past260,스묜덩,faf1749fe884a6c8f40cc392ab1d582f,2026-07-21,262,22465956618,1.272,,
past260,스묜덩,faf1749fe884a6c8f40cc392ab1d582f,2026-07-22,262,22465956618,1.272,,
past260,턱신추천캡틴,11c187a1d81e1120ed83cbb4ca2e26b6,2026-06-18,262,37672466203,2.132,1776,
past260,턱신추천캡틴,11c187a1d81e1120ed83cbb4ca2e26b6,2026-06-19,262,37672466203,2.132,,
past260,턱신추천캡틴,11c187a1d81e1120ed83cbb4ca2e26b6,2026-06-20,262,37672466203,2.132,,
past260,턱신추천캡틴,11c187a1d81e1120ed83cbb4ca2e26b6,2026-06-21,262,37672466203,2.132,,
past260,턱신추천캡틴,11c187a1d81e1120ed83cbb4ca2e26b6,2026-06-22,262,37672466203,2.132,,
past260,턱신추천캡틴,11c187a1d81e1120ed83cbb4ca2e26b6,2026-06-23,262,37672466203,2.132,,
past260,턱신추천캡틴,11c187a1d81e1120ed83cbb4ca2e26b6,2026-06-24,262,37672466203,2.132,,
past260,턱신추천캡틴,11c187a1d81e1120ed83cbb4ca2e26b6,2026-06-25,262,37672466203,2.132,,
past260,턱신추천캡틴,11c187a1d81e1120ed83cbb4ca2e26b6,2026-06-26,262,37672466203,2.132,1776,
past260,턱신추천캡틴,11c187a1d81e1120ed83cbb4ca2e26b6,2026-06-27,262,37672466203,2.132,,
past260,턱신추천캡틴,11c187a1d81e1120ed83cbb4ca2e26b6,2026-06-28,262,37672466203,2.132,,
past260,턱신추천캡틴,11c187a1d81e1120ed83cbb4ca2e26b6,2026-06-29,262,37672466203,2.132,,
past260,턱신추천캡틴,11c187a1d81e1120ed83cbb4ca2e26b6,2026-06-30,262,37672466203,2.132,,
past260,턱신추천캡틴,11c187a1d81e1120ed83cbb4ca2e26b6,2026-07-01,262,37672466203,2.132,,
past260,턱신추천캡틴,11c187a1d81e1120ed83cbb4ca2e26b6,2026-07-02,262,37672466203,2.132,,
past260,턱신추천캡틴,11c187a1d81e1120ed83cbb4ca2e26b6,2026-07-03,262,37672466203,2.132,,
past260,턱신추천캡틴,11c187a1d81e1120ed83cbb4ca2e26b6,2026-07-04,262,37672466203,2.132,1776,
past260,턱신추천캡틴,11c187a1d81e1120ed83cbb4ca2e26b6,2026-07-05,262,37672466203,2.132,,
past260,턱신추천캡틴,11c187a1d81e1120ed83cbb4ca2e26b6,2026-07-06,262,37672466203,2.132,,
past260,턱신추천캡틴,11c187a1d81e1120ed83cbb4ca2e26b6,2026-07-07,262,37672466203,2.132,,
past260,턱신추천캡틴,11c187a1d81e1120ed83cbb4ca2e26b6,2026-07-08,262,37672466203,2.132,,
past260,턱신추천캡틴,11c187a1d81e1120ed83cbb4ca2e26b6,2026-07-09,262,37672466203,2.132,,
past260,턱신추천캡틴,11c187a1d81e1120ed83cbb4ca2e26b6,2026-07-10,262,37672466203,2.132,,
past260,턱신추천캡틴,11c187a1d81e1120ed83cbb4ca2e26b6,2026-07-11,262,37672466203,2.132,,
past260,턱신추천캡틴,11c187a1d81e1120ed83cbb4ca2e26b6,2026-07-12,262,37672466203,2.132,1776,
past260,턱신추천캡틴,11c187a1d81e1120ed83cbb4ca2e26b6,2026-07-13,262,37672466203,2.132,,
past260,턱신추천캡틴,11c187a1d81e1120ed83cbb4ca2e26b6,2026-07-14,262,37672466203,2.132,,
past260,턱신추천캡틴,11c187a1d81e1120ed83cbb4ca2e26b6,2026-07-15,262,37672466203,2.132,,
past260,턱신추천캡틴,11c187a1d81e1120ed83cbb4ca2e26b6,2026-07-16,262,37672466203,2.132,,
past260,턱신추천캡틴,11c187a1d81e1120ed83cbb4ca2e26b6,2026-07-17,262,37672466203,2.132,,
past260,턱신추천캡틴,11c187a1d81e1120ed83cbb4ca2e26b6,2026-07-18,262,37672466203,2.132,,
past260,턱신추천캡틴,11c187a1d81e1120ed83cbb4ca2e26b6,2026-07-19,262,37672466203,2.132,,
past260,턱신추천캡틴,11c187a1d81e1120ed83cbb4ca2e26b6,2026-07-20,262,37672466203,2.132,1776,
past260,턱신추천캡틴,11c187a1d81e1120ed83cbb4ca2e26b6,2026-07-21,262,37672466203,2.132,,
past260,턱신추천캡틴,11c187a1d81e1120ed83cbb4ca2e26b6,2026-07-22,262,37672466203,2.132,,
past260,겨울행티켓,2c6a16b3eeaa9f14e14b61eaf773840486e68d4012202d0434d05f81868f68e3,2026-06-18,262,40142535378,2.272,13248016,
past260,겨울행티켓,2c6a16b3eeaa9f14e14b61eaf773840486e68d4012202d0434d05f81868f68e3,2026-06-19,262,40142535378,2.272,,
past260,겨울행티켓,2c6a16b3eeaa9f14e14b61eaf773840486e68d4012202d0434d05f81868f68e3,2026-06-20,262,40142535378,2.272,,
past260,겨울행티켓,2c6a16b3eeaa9f14e14b61eaf773840486e68d4012202d0434d05f81868f68e3,2026-06-21,262,40142535378,2.272,,
past260,겨울행티켓,2c6a16b3eeaa9f14e14b61eaf773840486e68d4012202d0434d05f81868f68e3,2026-06-22,262,40142535378,2.272,,
past260,겨울행티켓,2c6a16b3eeaa9f14e14b61eaf773840486e68d4012202d0434d05f81868f68e3,2026-06-23,262,40142535378,2.272,,
past260,겨울행티켓,2c6a16b3eeaa9f14e14b61eaf773840486e68d4012202d0434d05f81868f68e3,2026-06-24,262,40142535378,2.272,,
past260,겨울행티켓,2c6a16b3eeaa9f14e14b61eaf773840486e68d4012202d0434d05f81868f68e3,2026-06-25,262,40142535378,2.272,,
past260,겨울행티켓,2c6a16b3eeaa9f14e14b61eaf773840486e68d4012202d0434d05f81868f68e3,2026-06-26,262,40142535378,2.272,13248016,
past260,겨울행티켓,2c6a16b3eeaa9f14e14b61eaf773840486e68d4012202d0434d05f81868f68e3,2026-06-27,262,40142535378,2.272,,
past260,겨울행티켓,2c6a16b3eeaa9f14e14b61eaf773840486e68d4012202d0434d05f81868f68e3,2026-06-28,262,40142535378,2.272,,
past260,겨울행티켓,2c6a16b3eeaa9f14e14b61eaf773840486e68d4012202d0434d05f81868f68e3,2026-06-29,262,40142535378,2.272,,
past260,겨울행티켓,2c6a16b3eeaa9f14e14b61eaf773840486e68d4012202d0434d05f81868f68e3,2026-06-30,262,40142535378,2.272,,
past260,겨울행티켓,2c6a16b3eeaa9f14e14b61eaf773840486e68d4012202d0434d05f81868f68e3,2026-07-01,262,40142535378,2.272,,
past260,겨울행티켓,2c6a16b3eeaa9f14e14b61eaf773840486e68d4012202d0434d05f81868f68e3,2026-07-02,262,40142535378,2.272,,
past260,겨울행티켓,2c6a16b3eeaa9f14e14b61eaf773840486e68d4012202d0434d05f81868f68e3,2026-07-03,262,40142535378,2.272,,
past260,겨울행티켓,2c6a16b3eeaa9f14e14b61eaf773840486e68d4012202d0434d05f81868f68e3,2026-07-04,262,40142535378,2.272,13248016,
past260,겨울행티켓,2c6a16b3eeaa9f14e14b61eaf773840486e68d4012202d0434d05f81868f68e3,2026-07-05,262,40142535378,2.272,,
past260,겨울행티켓,2c6a16b3eeaa9f14e14b61eaf773840486e68d4012202d0434d05f81868f68e3,2026-07-06,262,40142535378,2.272,,
past260,겨울행티켓,2c6a16b3eeaa9f14e14b61eaf773840486e68d4012202d0434d05f81868f68e3,2026-07-07,262,40142535378,2.272,,
past260,겨울행티켓,2c6a16b3eeaa9f14e14b61eaf773840486e68d4012202d0434d05f81868f68e3,2026-07-08,262,40142535378,2.272,,
past260,겨울행티켓,2c6a16b3eeaa9f14e14b61eaf773840486e68d4012202d0434d05f81868f68e3,2026-07-09,262,40142535378,2.272,,
past260,겨울행티켓,2c6a16b3eeaa9f14e14b61eaf773840486e68d4012202d0434d05f81868f68e3,2026-07-10,262,40142535378,2.272,,
past260,겨울행티켓,2c6a16b3eeaa9f14e14b61eaf773840486e68d4012202d0434d05f81868f68e3,2026-07-11,262,40142535378,2.272,,
past260,겨울행티켓,2c6a16b3eeaa9f14e14b61eaf773840486e68d4012202d0434d05f81868f68e3,2026-07-12,262,40142535378,2.272,13248016,
past260,겨울행티켓,2c6a16b3eeaa9f14e14b61eaf773840486e68d4012202d0434d05f81868f68e3,2026-07-13,262,40142535378,2.272,,
past260,겨울행티켓,2c6a16b3eeaa9f14e14b61eaf773840486e68d4012202d0434d05f81868f68e3,2026-07-14,262,40142535378,2.272,,
past260,겨울행티켓,2c6a16b3eeaa9f14e14b61eaf773840486e68d4012202d0434d05f81868f68e3,2026-07-15,262,40142535378,2.272,,
past260,겨울행티켓,2c6a16b3eeaa9f14e14b61eaf773840486e68d4012202d0434d05f81868f68e3,2026-07-16,262,40142535378,2.272,,
past260,겨울행티켓,2c6a16b3eeaa9f14e14b61eaf773840486e68d4012202d0434d05f81868f68e3,2026-07-17,262,40142535378,2.272,,
past260,겨울행티켓,2c6a16b3eeaa9f14e14b61eaf773840486e68d4012202d0434d05f81868f68e3,2026-07-18,262,40142535378,2.272,,
past260,겨울행티켓,2c6a16b3eeaa9f14e14b61eaf773840486e68d4012202d0434d05f81868f68e3,2026-07-19,262,40142535378,2.272,,
past260,겨울행티켓,2c6a16b3eeaa9f14e14b61eaf773840486e68d4012202d0434d05f81868f68e3,2026-07-20,262,40142535378,2.272,13248016,
past260,겨울행티켓,2c6a16b3eeaa9f14e14b61eaf773840486e68d4012202d0434d05f81868f68e3,2026-07-21,262,40142535378,2.272,,
past260,겨울행티켓,2c6a16b3eeaa9f14e14b61eaf773840486e68d4012202d0434d05f81868f68e3,2026-07-22,262,40142535378,2.272,,
past260,빡수좌,fe387774c347b28e78a16025c713b2a5efe8d04e6d233bd35cf2fabdeb93fb0d,2026-06-18,262,24101471130,1.364,6837234,
past260,빡수좌,fe387774c347b28e78a16025c713b2a5efe8d04e6d233bd35cf2fabdeb93fb0d,2026-06-19,262,24101471130,1.364,,
past260,빡수좌,fe387774c347b28e78a16025c713b2a5efe8d04e6d233bd35cf2fabdeb93fb0d,2026-06-20,262,24101471130,1.364,,
past260,빡수좌,fe387774c347b28e78a16025c713b2a5efe8d04e6d233bd35cf2fabdeb93fb0d,2026-06-21,262,24101471130,1.364,,
past260,빡수좌,fe387774c347b28e78a16025c713b2a5efe8d04e6d233bd35cf2fabdeb93fb0d,2026-06-22,262,24101471130,1.364,,
past260,빡수좌,fe387774c347b28e78a16025c713b2a5efe8d04e6d233bd35cf2fabdeb93fb0d,2026-06-23,262,24101471130,1.364,,
past260,빡수좌,fe387774c347b28e78a16025c713b2a5efe8d04e6d233bd35cf2fabdeb93fb0d,2026-06-24,262,24101471130,1.364,,
past260,빡수좌,fe387774c347b28e78a16025c713b2a5efe8d04e6d233bd35cf2fabdeb93fb0d,2026-06-25,262,24101471130,1.364,,
past260,빡수좌,fe387774c347b28e78a16025c713b2a5efe8d04e6d233bd35cf2fabdeb93fb0d,2026-06-26,262,24101471130,1.364,6837234,
past260,빡수좌,fe387774c347b28e78a16025c713b2a5efe8d04e6d233bd35cf2fabdeb93fb0d,2026-06-27,262,24101471130,1.364,,
past260,빡수좌,fe387774c347b28e78a16025c713b2a5efe8d04e6d233bd35cf2fabdeb93fb0d,2026-06-28,262,24101471130,1.364,,
past260,빡수좌,fe387774c347b28e78a16025c713b2a5efe8d04e6d233bd35cf2fabdeb93fb0d,2026-06-29,262,24101471130,1.364,,
past260,빡수좌,fe387774c347b28e78a16025c713b2a5efe8d04e6d233bd35cf2fabdeb93fb0d,2026-06-30,262,24101471130,1.364,,
past260,빡수좌,fe387774c347b28e78a16025c713b2a5efe8d04e6d233bd35cf2fabdeb93fb0d,2026-07-01,262,24101471130,1.364,,
past260,빡수좌,fe387774c347b28e78a16025c713b2a5efe8d04e6d233bd35cf2fabdeb93fb0d,2026-07-02,262,24101471130,1.364,,
past260,빡수좌,fe387774c347b28e78a16025c713b2a5efe8d04e6d233bd35cf2fabdeb93fb0d,2026-07-03,262,24101471130,1.364,,
past260,빡수좌,fe387774c347b28e78a16025c713b2a5efe8d04e6d233bd35cf2fabdeb93fb0d,2026-07-04,262,24101471130,1.364,6837234,
past260,빡수좌,fe387774c347b28e78a16025c713b2a5efe8d04e6d233bd35cf2fabdeb93fb0d,2026-07-05,262,24101471130,1.364,,
past260,빡수좌,fe387774c347b28e78a16025c713b2a5efe8d04e6d233bd35cf2fabdeb93fb0d,2026-07-06,262,24101471130,1.364,,
past260,빡수좌,fe387774c347b28e78a16025c713b2a5efe8d04e6d233bd35cf2fabdeb93fb0d,2026-07-07,262,24101471130,1.364,,
past260,빡수좌,fe387774c347b28e78a16025c713b2a5efe8d04e6d233bd35cf2fabdeb93fb0d,2026-07-08,262,24101471130,1.364,,
past260,빡수좌,fe387774c347b28e78a16025c713b2a5efe8d04e6d233bd35cf2fabdeb93fb0d,2026-07-09,262,24101471130,1.364,,
past260,빡수좌,fe387774c347b28e78a16025c713b2a5efe8d04e6d233bd35cf2fabdeb93fb0d,2026-07-10,262,24101471130,1.364,,
past260,빡수좌,fe387774c347b28e78a16025c713b2a5efe8d04e6d233bd35cf2fabdeb93fb0d,2026-07-11,262,24101471130,1.364,,
past260,빡수좌,fe387774c347b28e78a16025c713b2a5efe8d04e6d233bd35cf2fabdeb93fb0d,2026-07-12,262,24101471130,1.364,6837234,
past260,빡수좌,fe387774c347b28e78a16025c713b2a5efe8d04e6d233bd35cf2fabdeb93fb0d,2026-07-13,262,24101471130,1.364,,
past260,빡수좌,fe387774c347b28e78a16025c713b2a5efe8d04e6d233bd35cf2fabdeb93fb0d,2026-07-14,262,24101471130,1.364,,
past260,빡수좌,fe387774c347b28e78a16025c713b2a5efe8d04e6d233bd35cf2fabdeb93fb0d,2026-07-15,262,24101471130,1.364,,
past260,빡수좌,fe387774c347b28e78a16025c713b2a5efe8d04e6d233bd35cf2fabdeb93fb0d,2026-07-16,262,24101471130,1.364,,
past260,빡수좌,fe387774c347b28e78a16025c713b2a5efe8d04e6d233bd35cf2fabdeb93fb0d,2026-07-17,262,24101471130,1.364,,
past260,빡수좌,fe387774c347b28e78a16025c713b2a5efe8d04e6d233bd35cf2fabdeb93fb0d,2026-07-18,262,24101471130,1.364,,
past260,빡수좌,fe387774c347b28e78a16025c713b2a5efe8d04e6d233bd35cf2fabdeb93fb0d,2026-07-19,262,24101471130,1.364,,
past260,빡수좌,fe387774c347b28e78a16025c713b2a5efe8d04e6d233bd35cf2fabdeb93fb0d,2026-07-20,262,24101471130,1.364,6837234,
past260,빡수좌,fe387774c347b28e78a16025c713b2a5efe8d04e6d233bd35cf2fabdeb93fb0d,2026-07-21,262,24101471130,1.364,,
past260,빡수좌,fe387774c347b28e78a16025c713b2a5efe8d04e6d233bd35cf2fabdeb93fb0d,2026-07-22,262,24101471130,1.364,,
past260,가연랜,6b646c6596ae841e439ab7765e72bf8defe8d04e6d233bd35cf2fabdeb93fb0d,2026-06-18,262,50872021626,2.879,2927323,
past260,가연랜,6b646c6596ae841e439ab7765e72bf8defe8d04e6d233bd35cf2fabdeb93fb0d,2026-06-19,262,50872021626,2.879,,
past260,가연랜,6b646c6596ae841e439ab7765e72bf8defe8d04e6d233bd35cf2fabdeb93fb0d,2026-06-20,262,50872021626,2.879,,
past260,가연랜,6b646c6596ae841e439ab7765e72bf8defe8d04e6d233bd35cf2fabdeb93fb0d,2026-06-21,262,50872021626,2.879,,
past260,가연랜,6b646c6596ae841e439ab7765e72bf8defe8d04e6d233bd35cf2fabdeb93fb0d,2026-06-22,262,50872021626,2.879,,
past260,가연랜,6b646c6596ae841e439ab7765e72bf8defe8d04e6d233bd35cf2fabdeb93fb0d,2026-06-23,262,50872021626,2.879,,
past260,가연랜,6b646c6596ae841e439ab7765e72bf8defe8d04e6d233bd35cf2fabdeb93fb0d,2026-06-24,262,50872021626,2.879,,
past260,가연랜,6b646c6596ae841e439ab7765e72bf8defe8d04e6d233bd35cf2fabdeb93fb0d,2026-06-25,262,50872021626,2.879,,
past260,가연랜,6b646c6596ae841e439ab7765e72bf8defe8d04e6d233bd35cf2fabdeb93fb0d,2026-06-26,262,50872021626,2.879,2927323,
past260,가연랜,6b646c6596ae841e439ab7765e72bf8defe8d04e6d233bd35cf2fabdeb93fb0d,2026-06-27,262,50872021626,2.879,,
past260,가연랜,6b646c6596ae841e439ab7765e72bf8defe8d04e6d233bd35cf2fabdeb93fb0d,2026-06-28,262,50872021626,2.879,,
past260,가연랜,6b646c6596ae841e439ab7765e72bf8defe8d04e6d233bd35cf2fabdeb93fb0d,2026-06-29,262,50872021626,2.879,,
past260,가연랜,6b646c6596ae841e439ab7765e72bf8defe8d04e6d233bd35cf2fabdeb93fb0d,2026-06-30,262,50872021626,2.879,,
past260,가연랜,6b646c6596ae841e439ab7765e72bf8defe8d04e6d233bd35cf2fabdeb93fb0d,2026-07-01,262,50872021626,2.879,,
past260,가연랜,6b646c6596ae841e439ab7765e72bf8defe8d04e6d233bd35cf2fabdeb93fb0d,2026-07-02,262,50872021626,2.879,,
past260,가연랜,6b646c6596ae841e439ab7765e72bf8defe8d04e6d233bd35cf2fabdeb93fb0d,2026-07-03,262,50872021626,2.879,,
past260,가연랜,6b646c6596ae841e439ab7765e72bf8defe8d04e6d233bd35cf2fabdeb93fb0d,2026-07-04,262,50872021626,2.879,2927323,
past260,가연랜,6b646c6596ae841e439ab7765e72bf8defe8d04e6d233bd35cf2fabdeb93fb0d,2026-07-05,262,50872021626,2.879,,
past260,가연랜,6b646c6596ae841e439ab7765e72bf8defe8d04e6d233bd35cf2fabdeb93fb0d,2026-07-06,262,50872021626,2.879,,
past260,가연랜,6b646c6596ae841e439ab7765e72bf8defe8d04e6d233bd35cf2fabdeb93fb0d,2026-07-07,262,50872021626,2.879,,
past260,가연랜,6b646c6596ae841e439ab7765e72bf8defe8d04e6d233bd35cf2fabdeb93fb0d,2026-07-08,262,50872021626,2.879,,
past260,가연랜,6b646c6596ae841e439ab7765e72bf8defe8d04e6d233bd35cf2fabdeb93fb0d,2026-07-09,262,50872021626,2.879,,
past260,가연랜,6b646c6596ae841e439ab7765e72bf8defe8d04e6d233bd35cf2fabdeb93fb0d,2026-07-10,262,50872021626,2.879,,
past260,가연랜,6b646c6596ae841e439ab7765e72bf8defe8d04e6d233bd35cf2fabdeb93fb0d,2026-07-11,262,50872021626,2.879,,
past260,가연랜,6b646c6596ae841e439ab7765e72bf8defe8d04e6d233bd35cf2fabdeb93fb0d,2026-07-12,262,50872021626,2.879,2927323,
past260,가연랜,6b646c6596ae841e439ab7765e72bf8defe8d04e6d233bd35cf2fabdeb93fb0d,2026-07-13,262,50872021626,2.879,,
past260,가연랜,6b646c6596ae841e439ab7765e72bf8defe8d04e6d233bd35cf2fabdeb93fb0d,2026-07-14,262,50872021626,2.879,,
past260,가연랜,6b646c6596ae841e439ab7765e72bf8defe8d04e6d233bd35cf2fabdeb93fb0d,2026-07-15,262,50872021626,2.879,,
past260,가연랜,6b646c6596ae841e439ab7765e72bf8defe8d04e6d233bd35cf2fabdeb93fb0d,2026-07-16,262,50872021626,2.879,,
past260,가연랜,6b646c6596ae841e439ab7765e72bf8defe8d04e6d233bd35cf2fabdeb93fb0d,2026-07-17,262,50872021626,2.879,,
past260,가연랜,6b646c6596ae841e439ab7765e72bf8defe8d04e6d233bd35cf2fabdeb93fb0d,2026-07-18,262,50872021626,2.879,,
past260,가연랜,6b646c6596ae841e439ab7765e72bf8defe8d04e6d233bd35cf2fabdeb93fb0d,2026-07-19,262,50872021626,2.879,,
past260,가연랜,6b646c6596ae841e439ab7765e72bf8defe8d04e6d233bd35cf2fabdeb93fb0d,2026-07-20,262,50872021626,2.879,2927323,
past260,가연랜,6b646c6596ae841e439ab7765e72bf8defe8d04e6d233bd35cf2fabdeb93fb0d,2026-07-21,262,50872021626,2.879,,
past260,가연랜,6b646c6596ae841e439ab7765e72bf8defe8d04e6d233bd35cf2fabdeb93fb0d,2026-07-22,262,50872021626,2.879,,
past260,폭풍오리,f666337dfa2f027d822b94fce71ad0ce,2026-06-18,262,36319544653,2.056,11257044,
past260,폭풍오리,f666337dfa2f027d822b94fce71ad0ce,2026-06-19,262,36319544653,2.056,,
past260,폭풍오리,f666337dfa2f027d822b94fce71ad0ce,2026-06-20,262,36319544653,2.056,,
past260,폭풍오리,f666337dfa2f027d822b94fce71ad0ce,2026-06-21,262,36319544653,2.056,,
past260,폭풍오리,f666337dfa2f027d822b94fce71ad0ce,2026-06-22,262,36319544653,2.056,,
past260,폭풍오리,f666337dfa2f027d822b94fce71ad0ce,2026-06-23,262,36319544653,2.056,,
past260,폭풍오리,f666337dfa2f027d822b94fce71ad0ce,2026-06-24,262,36319544653,2.056,,
past260,폭풍오리,f666337dfa2f027d822b94fce71ad0ce,2026-06-25,262,36319544653,2.056,,
past260,폭풍오리,f666337dfa2f027d822b94fce71ad0ce,2026-06-26,262,36319544653,2.056,11257044,
past260,폭풍오리,f666337dfa2f027d822b94fce71ad0ce,2026-06-27,262,36319544653,2.056,,
past260,폭풍오리,f666337dfa2f027d822b94fce71ad0ce,2026-06-28,262,36319544653,2.056,,
past260,폭풍오리,f666337dfa2f027d822b94fce71ad0ce,2026-06-29,262,36319544653,2.056,,
past260,폭풍오리,f666337dfa2f027d822b94fce71ad0ce,2026-06-30,262,36319544653,2.056,,
past260,폭풍오리,f666337dfa2f027d822b94fce71ad0ce,2026-07-01,262,36319544653,2.056,,
past260,폭풍오리,f666337dfa2f027d822b94fce71ad0ce,2026-07-02,262,36470440194,2.064,,
past260,폭풍오리,f666337dfa2f027d822b94fce71ad0ce,2026-07-03,262,36470440194,2.064,,
past260,폭풍오리,f666337dfa2f027d822b94fce71ad0ce,2026-07-04,262,36470440194,2.064,10115038,
past260,폭풍오리,f666337dfa2f027d822b94fce71ad0ce,2026-07-05,262,36470440194,2.064,,
past260,폭풍오리,f666337dfa2f027d822b94fce71ad0ce,2026-07-06,262,36470440194,2.064,,
past260,폭풍오리,f666337dfa2f027d822b94fce71ad0ce,2026-07-07,262,36470440194,2.064,,
past260,폭풍오리,f666337dfa2f027d822b94fce71ad0ce,2026-07-08,262,36470440194,2.064,,
past260,폭풍오리,f666337dfa2f027d822b94fce71ad0ce,2026-07-09,262,36619235735,2.073,,
past260,폭풍오리,f666337dfa2f027d822b94fce71ad0ce,2026-07-10,262,36619235735,2.073,,
past260,폭풍오리,f666337dfa2f027d822b94fce71ad0ce,2026-07-11,262,36632026520,2.073,,
past260,폭풍오리,f666337dfa2f027d822b94fce71ad0ce,2026-07-12,262,36632026520,2.073,10672341,
past260,폭풍오리,f666337dfa2f027d822b94fce71ad0ce,2026-07-13,262,36632026520,2.073,,
past260,폭풍오리,f666337dfa2f027d822b94fce71ad0ce,2026-07-14,262,36632026520,2.073,,
past260,폭풍오리,f666337dfa2f027d822b94fce71ad0ce,2026-07-15,262,36632026520,2.073,,
past260,폭풍오리,f666337dfa2f027d822b94fce71ad0ce,2026-07-16,262,36785022061,2.082,,
past260,폭풍오리,f666337dfa2f027d822b94fce71ad0ce,2026-07-17,262,36785022061,2.082,,
past260,폭풍오리,f666337dfa2f027d822b94fce71ad0ce,2026-07-18,262,36785022061,2.082,,
past260,폭풍오리,f666337dfa2f027d822b94fce71ad0ce,2026-07-19,262,36785022061,2.082,,
past260,폭풍오리,f666337dfa2f027d822b94fce71ad0ce,2026-07-20,262,36785022061,2.082,11426271,
past260,폭풍오리,f666337dfa2f027d822b94fce71ad0ce,2026-07-21,262,36785022061,2.082,,
past260,폭풍오리,f666337dfa2f027d822b94fce71ad0ce,2026-07-22,262,36785022061,2.082,,
past260,푠푠만두,ba419f15d7ebb4696c57f7131f11a19f,2026-06-18,262,26247542772,1.486,4907413,
past260,푠푠만두,ba419f15d7ebb4696c57f7131f11a19f,2026-06-19,262,26247542772,1.486,,
past260,푠푠만두,ba419f15d7ebb4696c57f7131f11a19f,2026-06-20,262,26247542772,1.486,,
past260,푠푠만두,ba419f15d7ebb4696c57f7131f11a19f,2026-06-21,262,26247542772,1.486,,
past260,푠푠만두,ba419f15d7ebb4696c57f7131f11a19f,2026-06-22,262,26247542772,1.486,,
past260,푠푠만두,ba419f15d7ebb4696c57f7131f11a19f,2026-06-23,262,26247542772,1.486,,
past260,푠푠만두,ba419f15d7ebb4696c57f7131f11a19f,2026-06-24,262,26247542772,1.486,,
past260,푠푠만두,ba419f15d7ebb4696c57f7131f11a19f,2026-06-25,262,26247542772,1.486,,
past260,푠푠만두,ba419f15d7ebb4696c57f7131f11a19f,2026-06-26,262,26247542772,1.486,4907413,
past260,푠푠만두,ba419f15d7ebb4696c57f7131f11a19f,2026-06-27,262,26247542772,1.486,,
past260,푠푠만두,ba419f15d7ebb4696c57f7131f11a19f,2026-06-28,262,26247542772,1.486,,
past260,푠푠만두,ba419f15d7ebb4696c57f7131f11a19f,2026-06-29,262,26247542772,1.486,,
past260,푠푠만두,ba419f15d7ebb4696c57f7131f11a19f,2026-06-30,262,26247542772,1.486,,
past260,푠푠만두,ba419f15d7ebb4696c57f7131f11a19f,2026-07-01,262,26247542772,1.486,,
past260,푠푠만두,ba419f15d7ebb4696c57f7131f11a19f,2026-07-02,262,26247542772,1.486,,
past260,푠푠만두,ba419f15d7ebb4696c57f7131f11a19f,2026-07-03,262,26247542772,1.486,,
past260,푠푠만두,ba419f15d7ebb4696c57f7131f11a19f,2026-07-04,262,26247542772,1.486,4907413,
past260,푠푠만두,ba419f15d7ebb4696c57f7131f11a19f,2026-07-05,262,26247542772,1.486,,
past260,푠푠만두,ba419f15d7ebb4696c57f7131f11a19f,2026-07-06,262,26247542772,1.486,,
past260,푠푠만두,ba419f15d7ebb4696c57f7131f11a19f,2026-07-07,262,26247542772,1.486,,
past260,푠푠만두,ba419f15d7ebb4696c57f7131f11a19f,2026-07-08,262,26247542772,1.486,,
past260,푠푠만두,ba419f15d7ebb4696c57f7131f11a19f,2026-07-09,262,26247542772,1.486,,
past260,푠푠만두,ba419f15d7ebb4696c57f7131f11a19f,2026-07-10,262,26247542772,1.486,,
past260,푠푠만두,ba419f15d7ebb4696c57f7131f11a19f,2026-07-11,262,26247542772,1.486,,
past260,푠푠만두,ba419f15d7ebb4696c57f7131f11a19f,2026-07-12,262,26247542772,1.486,4907413,
past260,푠푠만두,ba419f15d7ebb4696c57f7131f11a19f,2026-07-13,262,26247542772,1.486,,
past260,푠푠만두,ba419f15d7ebb4696c57f7131f11a19f,2026-07-14,262,26247542772,1.486,,
past260,푠푠만두,ba419f15d7ebb4696c57f7131f11a19f,2026-07-15,262,26247542772,1.486,,
past260,푠푠만두,ba419f15d7ebb4696c57f7131f11a19f,2026-07-16,262,26247542772,1.486,,
past260,푠푠만두,ba419f15d7ebb4696c57f7131f11a19f,2026-07-17,262,26247542772,1.486,,
past260,푠푠만두,ba419f15d7ebb4696c57f7131f11a19f,2026-07-18,262,26247542772,1.486,,
past260,푠푠만두,ba419f15d7ebb4696c57f7131f11a19f,2026-07-19,262,26247542772,1.486,,
past260,푠푠만두,ba419f15d7ebb4696c57f7131f11a19f,2026-07-20,262,26247542772,1.486,4907413,
past260,푠푠만두,ba419f15d7ebb4696c57f7131f11a19f,2026-07-21,262,26247542772,1.486,,
past260,푠푠만두,ba419f15d7ebb4696c57f7131f11a19f,2026-07-22,262,26247542772,1.486,,
past260,배율주,237fbe6a235681f7f4c1b57dfcb6b7f8fd842dab14be2a956555625b37c97bff,2026-06-18,262,30760024896,1.741,9326965,
past260,배율주,237fbe6a235681f7f4c1b57dfcb6b7f8fd842dab14be2a956555625b37c97bff,2026-06-19,262,30760024896,1.741,,
past260,배율주,237fbe6a235681f7f4c1b57dfcb6b7f8fd842dab14be2a956555625b37c97bff,2026-06-20,262,30760024896,1.741,,
past260,배율주,237fbe6a235681f7f4c1b57dfcb6b7f8fd842dab14be2a956555625b37c97bff,2026-06-21,262,30760024896,1.741,,
past260,배율주,237fbe6a235681f7f4c1b57dfcb6b7f8fd842dab14be2a956555625b37c97bff,2026-06-22,262,30760024896,1.741,,
past260,배율주,237fbe6a235681f7f4c1b57dfcb6b7f8fd842dab14be2a956555625b37c97bff,2026-06-23,262,30760024896,1.741,,
past260,배율주,237fbe6a235681f7f4c1b57dfcb6b7f8fd842dab14be2a956555625b37c97bff,2026-06-24,262,30760024896,1.741,,
past260,배율주,237fbe6a235681f7f4c1b57dfcb6b7f8fd842dab14be2a956555625b37c97bff,2026-06-25,262,30760024896,1.741,,
past260,배율주,237fbe6a235681f7f4c1b57dfcb6b7f8fd842dab14be2a956555625b37c97bff,2026-06-26,262,30760024896,1.741,9326965,
past260,배율주,237fbe6a235681f7f4c1b57dfcb6b7f8fd842dab14be2a956555625b37c97bff,2026-06-27,262,30760024896,1.741,,
past260,배율주,237fbe6a235681f7f4c1b57dfcb6b7f8fd842dab14be2a956555625b37c97bff,2026-06-28,262,30760024896,1.741,,
past260,배율주,237fbe6a235681f7f4c1b57dfcb6b7f8fd842dab14be2a956555625b37c97bff,2026-06-29,262,30760024896,1.741,,
past260,배율주,237fbe6a235681f7f4c1b57dfcb6b7f8fd842dab14be2a956555625b37c97bff,2026-06-30,262,30760024896,1.741,,
past260,배율주,237fbe6a235681f7f4c1b57dfcb6b7f8fd842dab14be2a956555625b37c97bff,2026-07-01,262,30760024896,1.741,,
past260,배율주,237fbe6a235681f7f4c1b57dfcb6b7f8fd842dab14be2a956555625b37c97bff,2026-07-02,262,30760024896,1.741,,
past260,배율주,237fbe6a235681f7f4c1b57dfcb6b7f8fd842dab14be2a956555625b37c97bff,2026-07-03,262,30760024896,1.741,,
past260,배율주,237fbe6a235681f7f4c1b57dfcb6b7f8fd842dab14be2a956555625b37c97bff,2026-07-04,262,30760024896,1.741,9326965,
past260,배율주,237fbe6a235681f7f4c1b57dfcb6b7f8fd842dab14be2a956555625b37c97bff,2026-07-05,262,30760024896,1.741,,
past260,배율주,237fbe6a235681f7f4c1b57dfcb6b7f8fd842dab14be2a956555625b37c97bff,2026-07-06,262,30760024896,1.741,,
past260,배율주,237fbe6a235681f7f4c1b57dfcb6b7f8fd842dab14be2a956555625b37c97bff,2026-07-07,262,30760024896,1.741,,
past260,배율주,237fbe6a235681f7f4c1b57dfcb6b7f8fd842dab14be2a956555625b37c97bff,2026-07-08,262,30760024896,1.741,,
past260,배율주,237fbe6a235681f7f4c1b57dfcb6b7f8fd842dab14be2a956555625b37c97bff,2026-07-09,262,30760024896,1.741,,
past260,배율주,237fbe6a235681f7f4c1b57dfcb6b7f8fd842dab14be2a956555625b37c97bff,2026-07-10,262,30760024896,1.741,,
past260,배율주,237fbe6a235681f7f4c1b57dfcb6b7f8fd842dab14be2a956555625b37c97bff,2026-07-11,262,30760024896,1.741,,
past260,배율주,237fbe6a235681f7f4c1b57dfcb6b7f8fd842dab14be2a956555625b37c97bff,2026-07-12,262,30760024896,1.741,9326965,
past260,배율주,237fbe6a235681f7f4c1b57dfcb6b7f8fd842dab14be2a956555625b37c97bff,2026-07-13,262,30760024896,1.741,,
past260,배율주,237fbe6a235681f7f4c1b57dfcb6b7f8fd842dab14be2a956555625b37c97bff,2026-07-14,262,30760024896,1.741,,
past260,배율주,237fbe6a235681f7f4c1b57dfcb6b7f8fd842dab14be2a956555625b37c97bff,2026-07-15,262,30760024896,1.741,,
past260,배율주,237fbe6a235681f7f4c1b57dfcb6b7f8fd842dab14be2a956555625b37c97bff,2026-07-16,262,30760024896,1.741,,
past260,배율주,237fbe6a235681f7f4c1b57dfcb6b7f8fd842dab14be2a956555625b37c97bff,2026-07-17,262,30760024896,1.741,,
past260,배율주,237fbe6a235681f7f4c1b57dfcb6b7f8fd842dab14be2a956555625b37c97bff,2026-07-18,262,30760024896,1.741,,
past260,배율주,237fbe6a235681f7f4c1b57dfcb6b7f8fd842dab14be2a956555625b37c97bff,2026-07-19,262,30760024896,1.741,,
past260,배율주,237fbe6a235681f7f4c1b57dfcb6b7f8fd842dab14be2a956555625b37c97bff,2026-07-20,262,30760024896,1.741,9326965,
past260,배율주,237fbe6a235681f7f4c1b57dfcb6b7f8fd842dab14be2a956555625b37c97bff,2026-07-21,262,30760024896,1.741,,
past260,배율주,237fbe6a235681f7f4c1b57dfcb6b7f8fd842dab14be2a956555625b37c97bff,2026-07-22,262,30760024896,1.741,,
past260,데몬회백동,c0ffc013c6d76e2e9427e5fe3a8f3e3c,2026-06-18,262,32345960155,1.831,2017807,
past260,데몬회백동,c0ffc013c6d76e2e9427e5fe3a8f3e3c,2026-06-19,262,32345960155,1.831,,
past260,데몬회백동,c0ffc013c6d76e2e9427e5fe3a8f3e3c,2026-06-20,262,32345960155,1.831,,
past260,데몬회백동,c0ffc013c6d76e2e9427e5fe3a8f3e3c,2026-06-21,262,32345960155,1.831,,
past260,데몬회백동,c0ffc013c6d76e2e9427e5fe3a8f3e3c,2026-06-22,262,32345960155,1.831,,
past260,데몬회백동,c0ffc013c6d76e2e9427e5fe3a8f3e3c,2026-06-23,262,32345960155,1.831,,
past260,데몬회백동,c0ffc013c6d76e2e9427e5fe3a8f3e3c,2026-06-24,262,32345960155,1.831,,
past260,데몬회백동,c0ffc013c6d76e2e9427e5fe3a8f3e3c,2026-06-25,262,32345960155,1.831,,
past260,데몬회백동,c0ffc013c6d76e2e9427e5fe3a8f3e3c,2026-06-26,262,32345960155,1.831,2017807,
past260,데몬회백동,c0ffc013c6d76e2e9427e5fe3a8f3e3c,2026-06-27,262,32345960155,1.831,,
past260,데몬회백동,c0ffc013c6d76e2e9427e5fe3a8f3e3c,2026-06-28,262,32345960155,1.831,,
past260,데몬회백동,c0ffc013c6d76e2e9427e5fe3a8f3e3c,2026-06-29,262,32345960155,1.831,,
past260,데몬회백동,c0ffc013c6d76e2e9427e5fe3a8f3e3c,2026-06-30,262,32345960155,1.831,,
past260,데몬회백동,c0ffc013c6d76e2e9427e5fe3a8f3e3c,2026-07-01,262,32345960155,1.831,,
past260,데몬회백동,c0ffc013c6d76e2e9427e5fe3a8f3e3c,2026-07-02,262,32345960155,1.831,,
past260,데몬회백동,c0ffc013c6d76e2e9427e5fe3a8f3e3c,2026-07-03,262,32345960155,1.831,,
past260,데몬회백동,c0ffc013c6d76e2e9427e5fe3a8f3e3c,2026-07-04,262,32345960155,1.831,2017807,
past260,데몬회백동,c0ffc013c6d76e2e9427e5fe3a8f3e3c,2026-07-05,262,32345960155,1.831,,
past260,데몬회백동,c0ffc013c6d76e2e9427e5fe3a8f3e3c,2026-07-06,262,32345960155,1.831,,
past260,데몬회백동,c0ffc013c6d76e2e9427e5fe3a8f3e3c,2026-07-07,262,32345960155,1.831,,
past260,데몬회백동,c0ffc013c6d76e2e9427e5fe3a8f3e3c,2026-07-08,262,32345960155,1.831,,
past260,데몬회백동,c0ffc013c6d76e2e9427e5fe3a8f3e3c,2026-07-09,262,32345960155,1.831,,
past260,데몬회백동,c0ffc013c6d76e2e9427e5fe3a8f3e3c,2026-07-10,262,32345960155,1.831,,
past260,데몬회백동,c0ffc013c6d76e2e9427e5fe3a8f3e3c,2026-07-11,262,32345960155,1.831,,
past260,데몬회백동,c0ffc013c6d76e2e9427e5fe3a8f3e3c,2026-07-12,262,32345960155,1.831,2017807,
past260,데몬회백동,c0ffc013c6d76e2e9427e5fe3a8f3e3c,2026-07-13,262,32345960155,1.831,,
past260,데몬회백동,c0ffc013c6d76e2e9427e5fe3a8f3e3c,2026-07-14,262,32345960155,1.831,,
past260,데몬회백동,c0ffc013c6d76e2e9427e5fe3a8f3e3c,2026-07-15,262,32345960155,1.831,,
past260,데몬회백동,c0ffc013c6d76e2e9427e5fe3a8f3e3c,2026-07-16,262,32345960155,1.831,,
past260,데몬회백동,c0ffc013c6d76e2e9427e5fe3a8f3e3c,2026-07-17,262,32345960155,1.831,,
past260,데몬회백동,c0ffc013c6d76e2e9427e5fe3a8f3e3c,2026-07-18,262,32345960155,1.831,,
past260,데몬회백동,c0ffc013c6d76e2e9427e5fe3a8f3e3c,2026-07-19,262,32345960155,1.831,,
past260,데몬회백동,c0ffc013c6d76e2e9427e5fe3a8f3e3c,2026-07-20,262,32345960155,1.831,2017807,
past260,데몬회백동,c0ffc013c6d76e2e9427e5fe3a8f3e3c,2026-07-21,262,32345960155,1.831,,
past260,데몬회백동,c0ffc013c6d76e2e9427e5fe3a8f3e3c,2026-07-22,262,32345960155,1.831,,
past260,에반조영진,55e0bc5ef9a9cd15ac3de1e284a0cfec,2026-06-18,262,55382174462,3.135,6594566,
past260,에반조영진,55e0bc5ef9a9cd15ac3de1e284a0cfec,2026-06-19,262,55382174462,3.135,,
past260,에반조영진,55e0bc5ef9a9cd15ac3de1e284a0cfec,2026-06-20,262,55382174462,3.135,,
past260,에반조영진,55e0bc5ef9a9cd15ac3de1e284a0cfec,2026-06-21,262,55382174462,3.135,,
past260,에반조영진,55e0bc5ef9a9cd15ac3de1e284a0cfec,2026-06-22,262,55382174462,3.135,,
past260,에반조영진,55e0bc5ef9a9cd15ac3de1e284a0cfec,2026-06-23,262,55382174462,3.135,,
past260,에반조영진,55e0bc5ef9a9cd15ac3de1e284a0cfec,2026-06-24,262,55382174462,3.135,,
past260,에반조영진,55e0bc5ef9a9cd15ac3de1e284a0cfec,2026-06-25,262,55382174462,3.135,,
past260,에반조영진,55e0bc5ef9a9cd15ac3de1e284a0cfec,2026-06-26,262,55382174462,3.135,6271936,
past260,에반조영진,55e0bc5ef9a9cd15ac3de1e284a0cfec,2026-06-27,262,55382174462,3.135,,
past260,에반조영진,55e0bc5ef9a9cd15ac3de1e284a0cfec,2026-06-28,262,55382174462,3.135,,
past260,에반조영진,55e0bc5ef9a9cd15ac3de1e284a0cfec,2026-06-29,262,55382174462,3.135,,
past260,에반조영진,55e0bc5ef9a9cd15ac3de1e284a0cfec,2026-06-30,262,55382174462,3.135,,
past260,에반조영진,55e0bc5ef9a9cd15ac3de1e284a0cfec,2026-07-01,262,55382174462,3.135,,
past260,에반조영진,55e0bc5ef9a9cd15ac3de1e284a0cfec,2026-07-02,262,55382174462,3.135,,
past260,에반조영진,55e0bc5ef9a9cd15ac3de1e284a0cfec,2026-07-03,262,55382174462,3.135,,
past260,에반조영진,55e0bc5ef9a9cd15ac3de1e284a0cfec,2026-07-04,262,55382174462,3.135,6271936,
past260,에반조영진,55e0bc5ef9a9cd15ac3de1e284a0cfec,2026-07-05,262,55382174462,3.135,,
past260,에반조영진,55e0bc5ef9a9cd15ac3de1e284a0cfec,2026-07-06,262,55382174462,3.135,,
past260,에반조영진,55e0bc5ef9a9cd15ac3de1e284a0cfec,2026-07-07,262,55382174462,3.135,,
past260,에반조영진,55e0bc5ef9a9cd15ac3de1e284a0cfec,2026-07-08,262,55382174462,3.135,,
past260,에반조영진,55e0bc5ef9a9cd15ac3de1e284a0cfec,2026-07-09,262,55382174462,3.135,,
past260,에반조영진,55e0bc5ef9a9cd15ac3de1e284a0cfec,2026-07-10,262,55382174462,3.135,,
past260,에반조영진,55e0bc5ef9a9cd15ac3de1e284a0cfec,2026-07-11,262,55382174462,3.135,,
past260,에반조영진,55e0bc5ef9a9cd15ac3de1e284a0cfec,2026-07-12,262,55382174462,3.135,6271936,
past260,에반조영진,55e0bc5ef9a9cd15ac3de1e284a0cfec,2026-07-13,262,55382174462,3.135,,
past260,에반조영진,55e0bc5ef9a9cd15ac3de1e284a0cfec,2026-07-14,262,55382174462,3.135,,
past260,에반조영진,55e0bc5ef9a9cd15ac3de1e284a0cfec,2026-07-15,262,55382174462,3.135,,
past260,에반조영진,55e0bc5ef9a9cd15ac3de1e284a0cfec,2026-07-16,262,55382174462,3.135,,
past260,에반조영진,55e0bc5ef9a9cd15ac3de1e284a0cfec,2026-07-17,262,55382174462,3.135,,
past260,에반조영진,55e0bc5ef9a9cd15ac3de1e284a0cfec,2026-07-18,262,55382174462,3.135,,
past260,에반조영진,55e0bc5ef9a9cd15ac3de1e284a0cfec,2026-07-19,262,55382174462,3.135,,
past260,에반조영진,55e0bc5ef9a9cd15ac3de1e284a0cfec,2026-07-20,262,55382174462,3.135,6271936,
past260,에반조영진,55e0bc5ef9a9cd15ac3de1e284a0cfec,2026-07-21,262,55382174462,3.135,,
past260,에반조영진,55e0bc5ef9a9cd15ac3de1e284a0cfec,2026-07-22,262,55382174462,3.135,,
past260,허벅지,ac4167970d28efe1e3133878afbd43da,2026-06-18,262,26576642938,1.504,16309024,
past260,허벅지,ac4167970d28efe1e3133878afbd43da,2026-06-19,262,26576642938,1.504,,
past260,허벅지,ac4167970d28efe1e3133878afbd43da,2026-06-20,262,26576642938,1.504,,
past260,허벅지,ac4167970d28efe1e3133878afbd43da,2026-06-21,262,26576642938,1.504,,
past260,허벅지,ac4167970d28efe1e3133878afbd43da,2026-06-22,262,26613774715,1.506,,
past260,허벅지,ac4167970d28efe1e3133878afbd43da,2026-06-23,262,26741131561,1.514,,
past260,허벅지,ac4167970d28efe1e3133878afbd43da,2026-06-24,262,26741131561,1.514,,
past260,허벅지,ac4167970d28efe1e3133878afbd43da,2026-06-25,262,26741131561,1.514,,
past260,허벅지,ac4167970d28efe1e3133878afbd43da,2026-06-26,262,26741131561,1.514,16458667,
past260,허벅지,ac4167970d28efe1e3133878afbd43da,2026-06-27,262,26741131561,1.514,,
past260,허벅지,ac4167970d28efe1e3133878afbd43da,2026-06-28,262,26741131561,1.514,,
past260,허벅지,ac4167970d28efe1e3133878afbd43da,2026-06-29,262,26741131561,1.514,,
past260,허벅지,ac4167970d28efe1e3133878afbd43da,2026-06-30,262,26867946306,1.521,,
past260,허벅지,ac4167970d28efe1e3133878afbd43da,2026-07-01,262,26908909772,1.523,,
past260,허벅지,ac4167970d28efe1e3133878afbd43da,2026-07-02,262,26952962916,1.526,,
past260,허벅지,ac4167970d28efe1e3133878afbd43da,2026-07-03,262,26952962916,1.526,,
past260,허벅지,ac4167970d28efe1e3133878afbd43da,2026-07-04,262,27076359021,1.533,14473505,
past260,허벅지,ac4167970d28efe1e3133878afbd43da,2026-07-05,262,27076359021,1.533,,
past260,허벅지,ac4167970d28efe1e3133878afbd43da,2026-07-06,262,27076359021,1.533,,
past260,허벅지,ac4167970d28efe1e3133878afbd43da,2026-07-07,262,27076359021,1.533,,
past260,허벅지,ac4167970d28efe1e3133878afbd43da,2026-07-08,262,27076359021,1.533,,
past260,허벅지,ac4167970d28efe1e3133878afbd43da,2026-07-09,262,27076359021,1.533,,
past260,허벅지,ac4167970d28efe1e3133878afbd43da,2026-07-10,262,27076359021,1.533,,
past260,허벅지,ac4167970d28efe1e3133878afbd43da,2026-07-11,262,27076359021,1.533,,
past260,허벅지,ac4167970d28efe1e3133878afbd43da,2026-07-12,262,27076359021,1.533,14473505,
past260,허벅지,ac4167970d28efe1e3133878afbd43da,2026-07-13,262,27076359021,1.533,,
past260,허벅지,ac4167970d28efe1e3133878afbd43da,2026-07-14,262,27195646265,1.539,,
past260,허벅지,ac4167970d28efe1e3133878afbd43da,2026-07-15,262,27236233827,1.542,,
past260,허벅지,ac4167970d28efe1e3133878afbd43da,2026-07-16,262,27236233827,1.542,,
past260,허벅지,ac4167970d28efe1e3133878afbd43da,2026-07-17,262,27236233827,1.542,,
past260,허벅지,ac4167970d28efe1e3133878afbd43da,2026-07-18,262,27236233827,1.542,,
past260,허벅지,ac4167970d28efe1e3133878afbd43da,2026-07-19,262,27236233827,1.542,,
past260,허벅지,ac4167970d28efe1e3133878afbd43da,2026-07-20,262,27236233827,1.542,14473505,
past260,허벅지,ac4167970d28efe1e3133878afbd43da,2026-07-21,262,27352497886,1.548,,
past260,허벅지,ac4167970d28efe1e3133878afbd43da,2026-07-22,262,27401065344,1.551,,
past260,파닭냠와헌,e1d042cf6edc29c6818fa3c90378293e,2026-06-18,262,43485540977,2.461,701888,
past260,파닭냠와헌,e1d042cf6edc29c6818fa3c90378293e,2026-06-19,262,43485540977,2.461,,
past260,파닭냠와헌,e1d042cf6edc29c6818fa3c90378293e,2026-06-20,262,43485540977,2.461,,
past260,파닭냠와헌,e1d042cf6edc29c6818fa3c90378293e,2026-06-21,262,43485540977,2.461,,
past260,파닭냠와헌,e1d042cf6edc29c6818fa3c90378293e,2026-06-22,262,43485540977,2.461,,
past260,파닭냠와헌,e1d042cf6edc29c6818fa3c90378293e,2026-06-23,262,43485540977,2.461,,
past260,파닭냠와헌,e1d042cf6edc29c6818fa3c90378293e,2026-06-24,262,43485540977,2.461,,
past260,파닭냠와헌,e1d042cf6edc29c6818fa3c90378293e,2026-06-25,262,43485540977,2.461,,
past260,파닭냠와헌,e1d042cf6edc29c6818fa3c90378293e,2026-06-26,262,43485540977,2.461,701888,
past260,파닭냠와헌,e1d042cf6edc29c6818fa3c90378293e,2026-06-27,262,43485540977,2.461,,
past260,파닭냠와헌,e1d042cf6edc29c6818fa3c90378293e,2026-06-28,262,43485540977,2.461,,
past260,파닭냠와헌,e1d042cf6edc29c6818fa3c90378293e,2026-06-29,262,43485540977,2.461,,
past260,파닭냠와헌,e1d042cf6edc29c6818fa3c90378293e,2026-06-30,262,43485540977,2.461,,
past260,파닭냠와헌,e1d042cf6edc29c6818fa3c90378293e,2026-07-01,262,43485540977,2.461,,
past260,파닭냠와헌,e1d042cf6edc29c6818fa3c90378293e,2026-07-02,262,43485540977,2.461,,
past260,파닭냠와헌,e1d042cf6edc29c6818fa3c90378293e,2026-07-03,262,43485540977,2.461,,
past260,파닭냠와헌,e1d042cf6edc29c6818fa3c90378293e,2026-07-04,262,43485540977,2.461,701888,
past260,파닭냠와헌,e1d042cf6edc29c6818fa3c90378293e,2026-07-05,262,43485540977,2.461,,
past260,파닭냠와헌,e1d042cf6edc29c6818fa3c90378293e,2026-07-06,262,43485540977,2.461,,
past260,파닭냠와헌,e1d042cf6edc29c6818fa3c90378293e,2026-07-07,262,43485540977,2.461,,
past260,파닭냠와헌,e1d042cf6edc29c6818fa3c90378293e,2026-07-08,262,43485540977,2.461,,
past260,파닭냠와헌,e1d042cf6edc29c6818fa3c90378293e,2026-07-09,262,43485540977,2.461,,
past260,파닭냠와헌,e1d042cf6edc29c6818fa3c90378293e,2026-07-10,262,43485540977,2.461,,
past260,파닭냠와헌,e1d042cf6edc29c6818fa3c90378293e,2026-07-11,262,43485540977,2.461,,
past260,파닭냠와헌,e1d042cf6edc29c6818fa3c90378293e,2026-07-12,262,43485540977,2.461,701888,
past260,파닭냠와헌,e1d042cf6edc29c6818fa3c90378293e,2026-07-13,262,43485540977,2.461,,
past260,파닭냠와헌,e1d042cf6edc29c6818fa3c90378293e,2026-07-14,262,43485540977,2.461,,
past260,파닭냠와헌,e1d042cf6edc29c6818fa3c90378293e,2026-07-15,262,43485540977,2.461,,
past260,파닭냠와헌,e1d042cf6edc29c6818fa3c90378293e,2026-07-16,262,43485540977,2.461,,
past260,파닭냠와헌,e1d042cf6edc29c6818fa3c90378293e,2026-07-17,262,43485540977,2.461,,
past260,파닭냠와헌,e1d042cf6edc29c6818fa3c90378293e,2026-07-18,262,43485540977,2.461,,
past260,파닭냠와헌,e1d042cf6edc29c6818fa3c90378293e,2026-07-19,262,43485540977,2.461,,
past260,파닭냠와헌,e1d042cf6edc29c6818fa3c90378293e,2026-07-20,262,43485540977,2.461,701888,
past260,파닭냠와헌,e1d042cf6edc29c6818fa3c90378293e,2026-07-21,262,43485540977,2.461,,
past260,파닭냠와헌,e1d042cf6edc29c6818fa3c90378293e,2026-07-22,262,43485540977,2.461,,
past260,다온다니,314f9c4062e6e77063e774b0cbb1083cefe8d04e6d233bd35cf2fabdeb93fb0d,2026-06-18,262,22855651262,1.294,0,
past260,다온다니,314f9c4062e6e77063e774b0cbb1083cefe8d04e6d233bd35cf2fabdeb93fb0d,2026-06-19,262,22855651262,1.294,,
past260,다온다니,314f9c4062e6e77063e774b0cbb1083cefe8d04e6d233bd35cf2fabdeb93fb0d,2026-06-20,262,22855651262,1.294,,
past260,다온다니,314f9c4062e6e77063e774b0cbb1083cefe8d04e6d233bd35cf2fabdeb93fb0d,2026-06-21,262,22855651262,1.294,,
past260,다온다니,314f9c4062e6e77063e774b0cbb1083cefe8d04e6d233bd35cf2fabdeb93fb0d,2026-06-22,262,22855651262,1.294,,
past260,다온다니,314f9c4062e6e77063e774b0cbb1083cefe8d04e6d233bd35cf2fabdeb93fb0d,2026-06-23,262,22855651262,1.294,,
past260,다온다니,314f9c4062e6e77063e774b0cbb1083cefe8d04e6d233bd35cf2fabdeb93fb0d,2026-06-24,262,22855651262,1.294,,
past260,다온다니,314f9c4062e6e77063e774b0cbb1083cefe8d04e6d233bd35cf2fabdeb93fb0d,2026-06-25,262,22855651262,1.294,,
past260,다온다니,314f9c4062e6e77063e774b0cbb1083cefe8d04e6d233bd35cf2fabdeb93fb0d,2026-06-26,262,22855651262,1.294,0,
past260,다온다니,314f9c4062e6e77063e774b0cbb1083cefe8d04e6d233bd35cf2fabdeb93fb0d,2026-06-27,262,22855651262,1.294,,
past260,다온다니,314f9c4062e6e77063e774b0cbb1083cefe8d04e6d233bd35cf2fabdeb93fb0d,2026-06-28,262,22855651262,1.294,,
past260,다온다니,314f9c4062e6e77063e774b0cbb1083cefe8d04e6d233bd35cf2fabdeb93fb0d,2026-06-29,262,22855651262,1.294,,
past260,다온다니,314f9c4062e6e77063e774b0cbb1083cefe8d04e6d233bd35cf2fabdeb93fb0d,2026-06-30,262,22855651262,1.294,,
past260,다온다니,314f9c4062e6e77063e774b0cbb1083cefe8d04e6d233bd35cf2fabdeb93fb0d,2026-07-01,262,22855651262,1.294,,
past260,다온다니,314f9c4062e6e77063e774b0cbb1083cefe8d04e6d233bd35cf2fabdeb93fb0d,2026-07-02,262,22855651262,1.294,,
past260,다온다니,314f9c4062e6e77063e774b0cbb1083cefe8d04e6d233bd35cf2fabdeb93fb0d,2026-07-03,262,22855651262,1.294,,
past260,다온다니,314f9c4062e6e77063e774b0cbb1083cefe8d04e6d233bd35cf2fabdeb93fb0d,2026-07-04,262,22855651262,1.294,0,
past260,다온다니,314f9c4062e6e77063e774b0cbb1083cefe8d04e6d233bd35cf2fabdeb93fb0d,2026-07-05,262,22855651262,1.294,,
past260,다온다니,314f9c4062e6e77063e774b0cbb1083cefe8d04e6d233bd35cf2fabdeb93fb0d,2026-07-06,262,22855651262,1.294,,
past260,다온다니,314f9c4062e6e77063e774b0cbb1083cefe8d04e6d233bd35cf2fabdeb93fb0d,2026-07-07,262,22855651262,1.294,,
past260,다온다니,314f9c4062e6e77063e774b0cbb1083cefe8d04e6d233bd35cf2fabdeb93fb0d,2026-07-08,262,22855651262,1.294,,
past260,다온다니,314f9c4062e6e77063e774b0cbb1083cefe8d04e6d233bd35cf2fabdeb93fb0d,2026-07-09,262,22855651262,1.294,,
past260,다온다니,314f9c4062e6e77063e774b0cbb1083cefe8d04e6d233bd35cf2fabdeb93fb0d,2026-07-10,262,22855651262,1.294,,
past260,다온다니,314f9c4062e6e77063e774b0cbb1083cefe8d04e6d233bd35cf2fabdeb93fb0d,2026-07-11,262,22855651262,1.294,,
past260,다온다니,314f9c4062e6e77063e774b0cbb1083cefe8d04e6d233bd35cf2fabdeb93fb0d,2026-07-12,262,22855651262,1.294,0,
past260,다온다니,314f9c4062e6e77063e774b0cbb1083cefe8d04e6d233bd35cf2fabdeb93fb0d,2026-07-13,262,22855651262,1.294,,
past260,다온다니,314f9c4062e6e77063e774b0cbb1083cefe8d04e6d233bd35cf2fabdeb93fb0d,2026-07-14,262,22855651262,1.294,,
past260,다온다니,314f9c4062e6e77063e774b0cbb1083cefe8d04e6d233bd35cf2fabdeb93fb0d,2026-07-15,262,22855651262,1.294,,
past260,다온다니,314f9c4062e6e77063e774b0cbb1083cefe8d04e6d233bd35cf2fabdeb93fb0d,2026-07-16,262,22855651262,1.294,,
past260,다온다니,314f9c4062e6e77063e774b0cbb1083cefe8d04e6d233bd35cf2fabdeb93fb0d,2026-07-17,262,22855651262,1.294,,
past260,다온다니,314f9c4062e6e77063e774b0cbb1083cefe8d04e6d233bd35cf2fabdeb93fb0d,2026-07-18,262,22855651262,1.294,,
past260,다온다니,314f9c4062e6e77063e774b0cbb1083cefe8d04e6d233bd35cf2fabdeb93fb0d,2026-07-19,262,22855651262,1.294,,
past260,다온다니,314f9c4062e6e77063e774b0cbb1083cefe8d04e6d233bd35cf2fabdeb93fb0d,2026-07-20,262,22855651262,1.294,0,
past260,다온다니,314f9c4062e6e77063e774b0cbb1083cefe8d04e6d233bd35cf2fabdeb93fb0d,2026-07-21,262,22855651262,1.294,,
past260,다온다니,314f9c4062e6e77063e774b0cbb1083cefe8d04e6d233bd35cf2fabdeb93fb0d,2026-07-22,262,22855651262,1.294,,
past260,책임자수종,65ff1e42af9708af156aeee9572f94d8efe8d04e6d233bd35cf2fabdeb93fb0d,2026-06-18,262,21983412147,1.244,1353026,
past260,책임자수종,65ff1e42af9708af156aeee9572f94d8efe8d04e6d233bd35cf2fabdeb93fb0d,2026-06-19,262,21983412147,1.244,,
past260,책임자수종,65ff1e42af9708af156aeee9572f94d8efe8d04e6d233bd35cf2fabdeb93fb0d,2026-06-20,262,21983412147,1.244,,
past260,책임자수종,65ff1e42af9708af156aeee9572f94d8efe8d04e6d233bd35cf2fabdeb93fb0d,2026-06-21,262,21983412147,1.244,,
past260,책임자수종,65ff1e42af9708af156aeee9572f94d8efe8d04e6d233bd35cf2fabdeb93fb0d,2026-06-22,262,21983412147,1.244,,
past260,책임자수종,65ff1e42af9708af156aeee9572f94d8efe8d04e6d233bd35cf2fabdeb93fb0d,2026-06-23,262,21983412147,1.244,,
past260,책임자수종,65ff1e42af9708af156aeee9572f94d8efe8d04e6d233bd35cf2fabdeb93fb0d,2026-06-24,262,21983412147,1.244,,
past260,책임자수종,65ff1e42af9708af156aeee9572f94d8efe8d04e6d233bd35cf2fabdeb93fb0d,2026-06-25,262,21983412147,1.244,,
past260,책임자수종,65ff1e42af9708af156aeee9572f94d8efe8d04e6d233bd35cf2fabdeb93fb0d,2026-06-26,262,21983412147,1.244,1353026,
past260,책임자수종,65ff1e42af9708af156aeee9572f94d8efe8d04e6d233bd35cf2fabdeb93fb0d,2026-06-27,262,21983412147,1.244,,
past260,책임자수종,65ff1e42af9708af156aeee9572f94d8efe8d04e6d233bd35cf2fabdeb93fb0d,2026-06-28,262,21983412147,1.244,,
past260,책임자수종,65ff1e42af9708af156aeee9572f94d8efe8d04e6d233bd35cf2fabdeb93fb0d,2026-06-29,262,21983412147,1.244,,
past260,책임자수종,65ff1e42af9708af156aeee9572f94d8efe8d04e6d233bd35cf2fabdeb93fb0d,2026-06-30,262,21983412147,1.244,,
past260,책임자수종,65ff1e42af9708af156aeee9572f94d8efe8d04e6d233bd35cf2fabdeb93fb0d,2026-07-01,262,21983412147,1.244,,
past260,책임자수종,65ff1e42af9708af156aeee9572f94d8efe8d04e6d233bd35cf2fabdeb93fb0d,2026-07-02,262,21983412147,1.244,,
past260,책임자수종,65ff1e42af9708af156aeee9572f94d8efe8d04e6d233bd35cf2fabdeb93fb0d,2026-07-03,262,21983412147,1.244,,
past260,책임자수종,65ff1e42af9708af156aeee9572f94d8efe8d04e6d233bd35cf2fabdeb93fb0d,2026-07-04,262,21983412147,1.244,1353026,
past260,책임자수종,65ff1e42af9708af156aeee9572f94d8efe8d04e6d233bd35cf2fabdeb93fb0d,2026-07-05,262,21983412147,1.244,,
past260,책임자수종,65ff1e42af9708af156aeee9572f94d8efe8d04e6d233bd35cf2fabdeb93fb0d,2026-07-06,262,21983412147,1.244,,
past260,책임자수종,65ff1e42af9708af156aeee9572f94d8efe8d04e6d233bd35cf2fabdeb93fb0d,2026-07-07,262,21983412147,1.244,,
past260,책임자수종,65ff1e42af9708af156aeee9572f94d8efe8d04e6d233bd35cf2fabdeb93fb0d,2026-07-08,262,21983412147,1.244,,
past260,책임자수종,65ff1e42af9708af156aeee9572f94d8efe8d04e6d233bd35cf2fabdeb93fb0d,2026-07-09,262,21983412147,1.244,,
past260,책임자수종,65ff1e42af9708af156aeee9572f94d8efe8d04e6d233bd35cf2fabdeb93fb0d,2026-07-10,262,21983412147,1.244,,
past260,책임자수종,65ff1e42af9708af156aeee9572f94d8efe8d04e6d233bd35cf2fabdeb93fb0d,2026-07-11,262,21983412147,1.244,,
past260,책임자수종,65ff1e42af9708af156aeee9572f94d8efe8d04e6d233bd35cf2fabdeb93fb0d,2026-07-12,262,21983412147,1.244,1353026,
past260,책임자수종,65ff1e42af9708af156aeee9572f94d8efe8d04e6d233bd35cf2fabdeb93fb0d,2026-07-13,262,21983412147,1.244,,
past260,책임자수종,65ff1e42af9708af156aeee9572f94d8efe8d04e6d233bd35cf2fabdeb93fb0d,2026-07-14,262,21983412147,1.244,,
past260,책임자수종,65ff1e42af9708af156aeee9572f94d8efe8d04e6d233bd35cf2fabdeb93fb0d,2026-07-15,262,21983412147,1.244,,
past260,책임자수종,65ff1e42af9708af156aeee9572f94d8efe8d04e6d233bd35cf2fabdeb93fb0d,2026-07-16,262,21983412147,1.244,,
past260,책임자수종,65ff1e42af9708af156aeee9572f94d8efe8d04e6d233bd35cf2fabdeb93fb0d,2026-07-17,262,21983412147,1.244,,
past260,책임자수종,65ff1e42af9708af156aeee9572f94d8efe8d04e6d233bd35cf2fabdeb93fb0d,2026-07-18,262,21983412147,1.244,,
past260,책임자수종,65ff1e42af9708af156aeee9572f94d8efe8d04e6d233bd35cf2fabdeb93fb0d,2026-07-19,262,21983412147,1.244,,
past260,책임자수종,65ff1e42af9708af156aeee9572f94d8efe8d04e6d233bd35cf2fabdeb93fb0d,2026-07-20,262,21983412147,1.244,1353026,
past260,책임자수종,65ff1e42af9708af156aeee9572f94d8efe8d04e6d233bd35cf2fabdeb93fb0d,2026-07-21,262,21983412147,1.244,,
past260,책임자수종,65ff1e42af9708af156aeee9572f94d8efe8d04e6d233bd35cf2fabdeb93fb0d,2026-07-22,262,21983412147,1.244,,
past260,띵링링링링,2b65d84f98371d352ee796634274a5e5e85e07f9d5d276f44440847eec04ba68,2026-06-18,262,27271862236,1.544,2348179,
past260,띵링링링링,2b65d84f98371d352ee796634274a5e5e85e07f9d5d276f44440847eec04ba68,2026-06-19,262,27271862236,1.544,,
past260,띵링링링링,2b65d84f98371d352ee796634274a5e5e85e07f9d5d276f44440847eec04ba68,2026-06-20,262,27271862236,1.544,,
past260,띵링링링링,2b65d84f98371d352ee796634274a5e5e85e07f9d5d276f44440847eec04ba68,2026-06-21,262,27271862236,1.544,,
past260,띵링링링링,2b65d84f98371d352ee796634274a5e5e85e07f9d5d276f44440847eec04ba68,2026-06-22,262,27271862236,1.544,,
past260,띵링링링링,2b65d84f98371d352ee796634274a5e5e85e07f9d5d276f44440847eec04ba68,2026-06-23,262,27271862236,1.544,,
past260,띵링링링링,2b65d84f98371d352ee796634274a5e5e85e07f9d5d276f44440847eec04ba68,2026-06-24,262,27271862236,1.544,,
past260,띵링링링링,2b65d84f98371d352ee796634274a5e5e85e07f9d5d276f44440847eec04ba68,2026-06-25,262,27271862236,1.544,,
past260,띵링링링링,2b65d84f98371d352ee796634274a5e5e85e07f9d5d276f44440847eec04ba68,2026-06-26,262,27271862236,1.544,2348179,
past260,띵링링링링,2b65d84f98371d352ee796634274a5e5e85e07f9d5d276f44440847eec04ba68,2026-06-27,262,27271862236,1.544,,
past260,띵링링링링,2b65d84f98371d352ee796634274a5e5e85e07f9d5d276f44440847eec04ba68,2026-06-28,262,27271862236,1.544,,
past260,띵링링링링,2b65d84f98371d352ee796634274a5e5e85e07f9d5d276f44440847eec04ba68,2026-06-29,262,27271862236,1.544,,
past260,띵링링링링,2b65d84f98371d352ee796634274a5e5e85e07f9d5d276f44440847eec04ba68,2026-06-30,262,27271862236,1.544,,
past260,띵링링링링,2b65d84f98371d352ee796634274a5e5e85e07f9d5d276f44440847eec04ba68,2026-07-01,262,27271862236,1.544,,
past260,띵링링링링,2b65d84f98371d352ee796634274a5e5e85e07f9d5d276f44440847eec04ba68,2026-07-02,262,27271862236,1.544,,
past260,띵링링링링,2b65d84f98371d352ee796634274a5e5e85e07f9d5d276f44440847eec04ba68,2026-07-03,262,27271862236,1.544,,
past260,띵링링링링,2b65d84f98371d352ee796634274a5e5e85e07f9d5d276f44440847eec04ba68,2026-07-04,262,27271862236,1.544,2348179,
past260,띵링링링링,2b65d84f98371d352ee796634274a5e5e85e07f9d5d276f44440847eec04ba68,2026-07-05,262,27271862236,1.544,,
past260,띵링링링링,2b65d84f98371d352ee796634274a5e5e85e07f9d5d276f44440847eec04ba68,2026-07-06,262,27271862236,1.544,,
past260,띵링링링링,2b65d84f98371d352ee796634274a5e5e85e07f9d5d276f44440847eec04ba68,2026-07-07,262,27271862236,1.544,,
past260,띵링링링링,2b65d84f98371d352ee796634274a5e5e85e07f9d5d276f44440847eec04ba68,2026-07-08,262,27271862236,1.544,,
past260,띵링링링링,2b65d84f98371d352ee796634274a5e5e85e07f9d5d276f44440847eec04ba68,2026-07-09,262,27271862236,1.544,,
past260,띵링링링링,2b65d84f98371d352ee796634274a5e5e85e07f9d5d276f44440847eec04ba68,2026-07-10,262,27271862236,1.544,,
past260,띵링링링링,2b65d84f98371d352ee796634274a5e5e85e07f9d5d276f44440847eec04ba68,2026-07-11,262,27271862236,1.544,,
past260,띵링링링링,2b65d84f98371d352ee796634274a5e5e85e07f9d5d276f44440847eec04ba68,2026-07-12,262,27271862236,1.544,2348179,
past260,띵링링링링,2b65d84f98371d352ee796634274a5e5e85e07f9d5d276f44440847eec04ba68,2026-07-13,262,27271862236,1.544,,
past260,띵링링링링,2b65d84f98371d352ee796634274a5e5e85e07f9d5d276f44440847eec04ba68,2026-07-14,262,27271862236,1.544,,
past260,띵링링링링,2b65d84f98371d352ee796634274a5e5e85e07f9d5d276f44440847eec04ba68,2026-07-15,262,27271862236,1.544,,
past260,띵링링링링,2b65d84f98371d352ee796634274a5e5e85e07f9d5d276f44440847eec04ba68,2026-07-16,262,27271862236,1.544,,
past260,띵링링링링,2b65d84f98371d352ee796634274a5e5e85e07f9d5d276f44440847eec04ba68,2026-07-17,262,27271862236,1.544,,
past260,띵링링링링,2b65d84f98371d352ee796634274a5e5e85e07f9d5d276f44440847eec04ba68,2026-07-18,262,27271862236,1.544,,
past260,띵링링링링,2b65d84f98371d352ee796634274a5e5e85e07f9d5d276f44440847eec04ba68,2026-07-19,262,27271862236,1.544,,
past260,띵링링링링,2b65d84f98371d352ee796634274a5e5e85e07f9d5d276f44440847eec04ba68,2026-07-20,262,27271862236,1.544,2348179,
past260,띵링링링링,2b65d84f98371d352ee796634274a5e5e85e07f9d5d276f44440847eec04ba68,2026-07-21,262,27271862236,1.544,,
past260,띵링링링링,2b65d84f98371d352ee796634274a5e5e85e07f9d5d276f44440847eec04ba68,2026-07-22,262,27271862236,1.544,,
past260,쟉늠,97bd0a2fb5986b87b029ef7e7edcec52efe8d04e6d233bd35cf2fabdeb93fb0d,2026-06-18,262,23777074357,1.346,26165576,
past260,쟉늠,97bd0a2fb5986b87b029ef7e7edcec52efe8d04e6d233bd35cf2fabdeb93fb0d,2026-06-19,262,23777074357,1.346,,
past260,쟉늠,97bd0a2fb5986b87b029ef7e7edcec52efe8d04e6d233bd35cf2fabdeb93fb0d,2026-06-20,262,23777074357,1.346,,
past260,쟉늠,97bd0a2fb5986b87b029ef7e7edcec52efe8d04e6d233bd35cf2fabdeb93fb0d,2026-06-21,262,23777074357,1.346,,
past260,쟉늠,97bd0a2fb5986b87b029ef7e7edcec52efe8d04e6d233bd35cf2fabdeb93fb0d,2026-06-22,262,23777074357,1.346,,
past260,쟉늠,97bd0a2fb5986b87b029ef7e7edcec52efe8d04e6d233bd35cf2fabdeb93fb0d,2026-06-23,262,23777074357,1.346,,
past260,쟉늠,97bd0a2fb5986b87b029ef7e7edcec52efe8d04e6d233bd35cf2fabdeb93fb0d,2026-06-24,262,23777074357,1.346,,
past260,쟉늠,97bd0a2fb5986b87b029ef7e7edcec52efe8d04e6d233bd35cf2fabdeb93fb0d,2026-06-25,262,23777074357,1.346,,
past260,쟉늠,97bd0a2fb5986b87b029ef7e7edcec52efe8d04e6d233bd35cf2fabdeb93fb0d,2026-06-26,262,23777074357,1.346,26165576,
past260,쟉늠,97bd0a2fb5986b87b029ef7e7edcec52efe8d04e6d233bd35cf2fabdeb93fb0d,2026-06-27,262,23777074357,1.346,,
past260,쟉늠,97bd0a2fb5986b87b029ef7e7edcec52efe8d04e6d233bd35cf2fabdeb93fb0d,2026-06-28,262,23777074357,1.346,,
past260,쟉늠,97bd0a2fb5986b87b029ef7e7edcec52efe8d04e6d233bd35cf2fabdeb93fb0d,2026-06-29,262,23777074357,1.346,,
past260,쟉늠,97bd0a2fb5986b87b029ef7e7edcec52efe8d04e6d233bd35cf2fabdeb93fb0d,2026-06-30,262,23777074357,1.346,,
past260,쟉늠,97bd0a2fb5986b87b029ef7e7edcec52efe8d04e6d233bd35cf2fabdeb93fb0d,2026-07-01,262,23777074357,1.346,,
past260,쟉늠,97bd0a2fb5986b87b029ef7e7edcec52efe8d04e6d233bd35cf2fabdeb93fb0d,2026-07-02,262,23777074357,1.346,,
past260,쟉늠,97bd0a2fb5986b87b029ef7e7edcec52efe8d04e6d233bd35cf2fabdeb93fb0d,2026-07-03,262,23777074357,1.346,,
past260,쟉늠,97bd0a2fb5986b87b029ef7e7edcec52efe8d04e6d233bd35cf2fabdeb93fb0d,2026-07-04,262,23777074357,1.346,26165576,
past260,쟉늠,97bd0a2fb5986b87b029ef7e7edcec52efe8d04e6d233bd35cf2fabdeb93fb0d,2026-07-05,262,23777074357,1.346,,
past260,쟉늠,97bd0a2fb5986b87b029ef7e7edcec52efe8d04e6d233bd35cf2fabdeb93fb0d,2026-07-06,262,23777074357,1.346,,
past260,쟉늠,97bd0a2fb5986b87b029ef7e7edcec52efe8d04e6d233bd35cf2fabdeb93fb0d,2026-07-07,262,23777074357,1.346,,
past260,쟉늠,97bd0a2fb5986b87b029ef7e7edcec52efe8d04e6d233bd35cf2fabdeb93fb0d,2026-07-08,262,23777074357,1.346,,
past260,쟉늠,97bd0a2fb5986b87b029ef7e7edcec52efe8d04e6d233bd35cf2fabdeb93fb0d,2026-07-09,262,23777074357,1.346,,
past260,쟉늠,97bd0a2fb5986b87b029ef7e7edcec52efe8d04e6d233bd35cf2fabdeb93fb0d,2026-07-10,262,23777074357,1.346,,
past260,쟉늠,97bd0a2fb5986b87b029ef7e7edcec52efe8d04e6d233bd35cf2fabdeb93fb0d,2026-07-11,262,24531305906,1.389,,
past260,쟉늠,97bd0a2fb5986b87b029ef7e7edcec52efe8d04e6d233bd35cf2fabdeb93fb0d,2026-07-12,262,24531305906,1.389,30630338,
past260,쟉늠,97bd0a2fb5986b87b029ef7e7edcec52efe8d04e6d233bd35cf2fabdeb93fb0d,2026-07-13,262,24531305906,1.389,,
past260,쟉늠,97bd0a2fb5986b87b029ef7e7edcec52efe8d04e6d233bd35cf2fabdeb93fb0d,2026-07-14,262,24531305906,1.389,,
past260,쟉늠,97bd0a2fb5986b87b029ef7e7edcec52efe8d04e6d233bd35cf2fabdeb93fb0d,2026-07-15,262,24531305906,1.389,,
past260,쟉늠,97bd0a2fb5986b87b029ef7e7edcec52efe8d04e6d233bd35cf2fabdeb93fb0d,2026-07-16,262,24531305906,1.389,,
past260,쟉늠,97bd0a2fb5986b87b029ef7e7edcec52efe8d04e6d233bd35cf2fabdeb93fb0d,2026-07-17,262,24531305906,1.389,,
past260,쟉늠,97bd0a2fb5986b87b029ef7e7edcec52efe8d04e6d233bd35cf2fabdeb93fb0d,2026-07-18,262,24531305906,1.389,,
past260,쟉늠,97bd0a2fb5986b87b029ef7e7edcec52efe8d04e6d233bd35cf2fabdeb93fb0d,2026-07-19,262,24531305906,1.389,,
past260,쟉늠,97bd0a2fb5986b87b029ef7e7edcec52efe8d04e6d233bd35cf2fabdeb93fb0d,2026-07-20,262,24531305906,1.389,30374827,
past260,쟉늠,97bd0a2fb5986b87b029ef7e7edcec52efe8d04e6d233bd35cf2fabdeb93fb0d,2026-07-21,262,24531305906,1.389,,
past260,쟉늠,97bd0a2fb5986b87b029ef7e7edcec52efe8d04e6d233bd35cf2fabdeb93fb0d,2026-07-22,262,24531305906,1.389,,
past260,썬참냥,cc6f1c896e6eb559e093698dd04a8f1d,2026-06-18,262,28061177821,1.588,3811686,
past260,썬참냥,cc6f1c896e6eb559e093698dd04a8f1d,2026-06-19,262,28061177821,1.588,,
past260,썬참냥,cc6f1c896e6eb559e093698dd04a8f1d,2026-06-20,262,28061177821,1.588,,
past260,썬참냥,cc6f1c896e6eb559e093698dd04a8f1d,2026-06-21,262,28061177821,1.588,,
past260,썬참냥,cc6f1c896e6eb559e093698dd04a8f1d,2026-06-22,262,28061177821,1.588,,
past260,썬참냥,cc6f1c896e6eb559e093698dd04a8f1d,2026-06-23,262,28061177821,1.588,,
past260,썬참냥,cc6f1c896e6eb559e093698dd04a8f1d,2026-06-24,262,28061177821,1.588,,
past260,썬참냥,cc6f1c896e6eb559e093698dd04a8f1d,2026-06-25,262,28061177821,1.588,,
past260,썬참냥,cc6f1c896e6eb559e093698dd04a8f1d,2026-06-26,262,28061177821,1.588,3811686,
past260,썬참냥,cc6f1c896e6eb559e093698dd04a8f1d,2026-06-27,262,28061177821,1.588,,
past260,썬참냥,cc6f1c896e6eb559e093698dd04a8f1d,2026-06-28,262,28061177821,1.588,,
past260,썬참냥,cc6f1c896e6eb559e093698dd04a8f1d,2026-06-29,262,28061177821,1.588,,
past260,썬참냥,cc6f1c896e6eb559e093698dd04a8f1d,2026-06-30,262,28061177821,1.588,,
past260,썬참냥,cc6f1c896e6eb559e093698dd04a8f1d,2026-07-01,262,28061177821,1.588,,
past260,썬참냥,cc6f1c896e6eb559e093698dd04a8f1d,2026-07-02,262,28061177821,1.588,,
past260,썬참냥,cc6f1c896e6eb559e093698dd04a8f1d,2026-07-03,262,28061177821,1.588,,
past260,썬참냥,cc6f1c896e6eb559e093698dd04a8f1d,2026-07-04,262,28061177821,1.588,3811686,
past260,썬참냥,cc6f1c896e6eb559e093698dd04a8f1d,2026-07-05,262,28061177821,1.588,,
past260,썬참냥,cc6f1c896e6eb559e093698dd04a8f1d,2026-07-06,262,28061177821,1.588,,
past260,썬참냥,cc6f1c896e6eb559e093698dd04a8f1d,2026-07-07,262,28061177821,1.588,,
past260,썬참냥,cc6f1c896e6eb559e093698dd04a8f1d,2026-07-08,262,28061177821,1.588,,
past260,썬참냥,cc6f1c896e6eb559e093698dd04a8f1d,2026-07-09,262,28061177821,1.588,,
past260,썬참냥,cc6f1c896e6eb559e093698dd04a8f1d,2026-07-10,262,28061177821,1.588,,
past260,썬참냥,cc6f1c896e6eb559e093698dd04a8f1d,2026-07-11,262,28061177821,1.588,,
past260,썬참냥,cc6f1c896e6eb559e093698dd04a8f1d,2026-07-12,262,28061177821,1.588,3811686,
past260,썬참냥,cc6f1c896e6eb559e093698dd04a8f1d,2026-07-13,262,28061177821,1.588,,
past260,썬참냥,cc6f1c896e6eb559e093698dd04a8f1d,2026-07-14,262,28061177821,1.588,,
past260,썬참냥,cc6f1c896e6eb559e093698dd04a8f1d,2026-07-15,262,28061177821,1.588,,
past260,썬참냥,cc6f1c896e6eb559e093698dd04a8f1d,2026-07-16,262,28061177821,1.588,,
past260,썬참냥,cc6f1c896e6eb559e093698dd04a8f1d,2026-07-17,262,28061177821,1.588,,
past260,썬참냥,cc6f1c896e6eb559e093698dd04a8f1d,2026-07-18,262,28061177821,1.588,,
past260,썬참냥,cc6f1c896e6eb559e093698dd04a8f1d,2026-07-19,262,28061177821,1.588,,
past260,썬참냥,cc6f1c896e6eb559e093698dd04a8f1d,2026-07-20,262,28061177821,1.588,3811686,
past260,썬참냥,cc6f1c896e6eb559e093698dd04a8f1d,2026-07-21,262,28061177821,1.588,,
past260,썬참냥,cc6f1c896e6eb559e093698dd04a8f1d,2026-07-22,262,28061177821,1.588,,
past260,진로불짬뽕,b99dd86bb08330a2b14eb92c972c2e11,2026-06-18,262,20053815015,1.135,3641338,
past260,진로불짬뽕,b99dd86bb08330a2b14eb92c972c2e11,2026-06-19,262,20053815015,1.135,,
past260,진로불짬뽕,b99dd86bb08330a2b14eb92c972c2e11,2026-06-20,262,20053815015,1.135,,
past260,진로불짬뽕,b99dd86bb08330a2b14eb92c972c2e11,2026-06-21,262,20053815015,1.135,,
past260,진로불짬뽕,b99dd86bb08330a2b14eb92c972c2e11,2026-06-22,262,20053815015,1.135,,
past260,진로불짬뽕,b99dd86bb08330a2b14eb92c972c2e11,2026-06-23,262,20053815015,1.135,,
past260,진로불짬뽕,b99dd86bb08330a2b14eb92c972c2e11,2026-06-24,262,20053815015,1.135,,
past260,진로불짬뽕,b99dd86bb08330a2b14eb92c972c2e11,2026-06-25,262,20053815015,1.135,,
past260,진로불짬뽕,b99dd86bb08330a2b14eb92c972c2e11,2026-06-26,262,20053815015,1.135,2634692,
past260,진로불짬뽕,b99dd86bb08330a2b14eb92c972c2e11,2026-06-27,262,20053815015,1.135,,
past260,진로불짬뽕,b99dd86bb08330a2b14eb92c972c2e11,2026-06-28,262,20053815015,1.135,,
past260,진로불짬뽕,b99dd86bb08330a2b14eb92c972c2e11,2026-06-29,262,20053815015,1.135,,
past260,진로불짬뽕,b99dd86bb08330a2b14eb92c972c2e11,2026-06-30,262,20053815015,1.135,,
past260,진로불짬뽕,b99dd86bb08330a2b14eb92c972c2e11,2026-07-01,262,20053815015,1.135,,
past260,진로불짬뽕,b99dd86bb08330a2b14eb92c972c2e11,2026-07-02,262,20053815015,1.135,,
past260,진로불짬뽕,b99dd86bb08330a2b14eb92c972c2e11,2026-07-03,262,20053815015,1.135,,
past260,진로불짬뽕,b99dd86bb08330a2b14eb92c972c2e11,2026-07-04,262,20053815015,1.135,2634692,
past260,진로불짬뽕,b99dd86bb08330a2b14eb92c972c2e11,2026-07-05,262,20053815015,1.135,,
past260,진로불짬뽕,b99dd86bb08330a2b14eb92c972c2e11,2026-07-06,262,20053815015,1.135,,
past260,진로불짬뽕,b99dd86bb08330a2b14eb92c972c2e11,2026-07-07,262,20053815015,1.135,,
past260,진로불짬뽕,b99dd86bb08330a2b14eb92c972c2e11,2026-07-08,262,20053815015,1.135,,
past260,진로불짬뽕,b99dd86bb08330a2b14eb92c972c2e11,2026-07-09,262,20053815015,1.135,,
past260,진로불짬뽕,b99dd86bb08330a2b14eb92c972c2e11,2026-07-10,262,20053815015,1.135,,
past260,진로불짬뽕,b99dd86bb08330a2b14eb92c972c2e11,2026-07-11,262,20053815015,1.135,,
past260,진로불짬뽕,b99dd86bb08330a2b14eb92c972c2e11,2026-07-12,262,20053815015,1.135,2634692,
past260,진로불짬뽕,b99dd86bb08330a2b14eb92c972c2e11,2026-07-13,262,20053815015,1.135,,
past260,진로불짬뽕,b99dd86bb08330a2b14eb92c972c2e11,2026-07-14,262,20053815015,1.135,,
past260,진로불짬뽕,b99dd86bb08330a2b14eb92c972c2e11,2026-07-15,262,20053815015,1.135,,
past260,진로불짬뽕,b99dd86bb08330a2b14eb92c972c2e11,2026-07-16,262,20053815015,1.135,,
past260,진로불짬뽕,b99dd86bb08330a2b14eb92c972c2e11,2026-07-17,262,20053815015,1.135,,
past260,진로불짬뽕,b99dd86bb08330a2b14eb92c972c2e11,2026-07-18,262,20053815015,1.135,,
past260,진로불짬뽕,b99dd86bb08330a2b14eb92c972c2e11,2026-07-19,262,20053815015,1.135,,
past260,진로불짬뽕,b99dd86bb08330a2b14eb92c972c2e11,2026-07-20,262,20053815015,1.135,3259693,
past260,진로불짬뽕,b99dd86bb08330a2b14eb92c972c2e11,2026-07-21,262,20053815015,1.135,,
past260,진로불짬뽕,b99dd86bb08330a2b14eb92c972c2e11,2026-07-22,262,20053815015,1.135,,
past260,돌옙,4afda4a2381806047aa88389d084ecc2efe8d04e6d233bd35cf2fabdeb93fb0d,2026-06-18,262,49966633222,2.828,3795765,
past260,돌옙,4afda4a2381806047aa88389d084ecc2efe8d04e6d233bd35cf2fabdeb93fb0d,2026-06-19,262,49966633222,2.828,,
past260,돌옙,4afda4a2381806047aa88389d084ecc2efe8d04e6d233bd35cf2fabdeb93fb0d,2026-06-20,262,49966633222,2.828,,
past260,돌옙,4afda4a2381806047aa88389d084ecc2efe8d04e6d233bd35cf2fabdeb93fb0d,2026-06-21,262,49966633222,2.828,,
past260,돌옙,4afda4a2381806047aa88389d084ecc2efe8d04e6d233bd35cf2fabdeb93fb0d,2026-06-22,262,49966633222,2.828,,
past260,돌옙,4afda4a2381806047aa88389d084ecc2efe8d04e6d233bd35cf2fabdeb93fb0d,2026-06-23,262,49966633222,2.828,,
past260,돌옙,4afda4a2381806047aa88389d084ecc2efe8d04e6d233bd35cf2fabdeb93fb0d,2026-06-24,262,49966633222,2.828,,
past260,돌옙,4afda4a2381806047aa88389d084ecc2efe8d04e6d233bd35cf2fabdeb93fb0d,2026-06-25,262,49966633222,2.828,,
past260,돌옙,4afda4a2381806047aa88389d084ecc2efe8d04e6d233bd35cf2fabdeb93fb0d,2026-06-26,262,49966633222,2.828,3795765,
past260,돌옙,4afda4a2381806047aa88389d084ecc2efe8d04e6d233bd35cf2fabdeb93fb0d,2026-06-27,262,49966633222,2.828,,
past260,돌옙,4afda4a2381806047aa88389d084ecc2efe8d04e6d233bd35cf2fabdeb93fb0d,2026-06-28,262,49966633222,2.828,,
past260,돌옙,4afda4a2381806047aa88389d084ecc2efe8d04e6d233bd35cf2fabdeb93fb0d,2026-06-29,262,49966633222,2.828,,
past260,돌옙,4afda4a2381806047aa88389d084ecc2efe8d04e6d233bd35cf2fabdeb93fb0d,2026-06-30,262,49966633222,2.828,,
past260,돌옙,4afda4a2381806047aa88389d084ecc2efe8d04e6d233bd35cf2fabdeb93fb0d,2026-07-01,262,49966633222,2.828,,
past260,돌옙,4afda4a2381806047aa88389d084ecc2efe8d04e6d233bd35cf2fabdeb93fb0d,2026-07-02,262,49966633222,2.828,,
past260,돌옙,4afda4a2381806047aa88389d084ecc2efe8d04e6d233bd35cf2fabdeb93fb0d,2026-07-03,262,49966633222,2.828,,
past260,돌옙,4afda4a2381806047aa88389d084ecc2efe8d04e6d233bd35cf2fabdeb93fb0d,2026-07-04,262,49966633222,2.828,3795765,
past260,돌옙,4afda4a2381806047aa88389d084ecc2efe8d04e6d233bd35cf2fabdeb93fb0d,2026-07-05,262,49966633222,2.828,,
past260,돌옙,4afda4a2381806047aa88389d084ecc2efe8d04e6d233bd35cf2fabdeb93fb0d,2026-07-06,262,49966633222,2.828,,
past260,돌옙,4afda4a2381806047aa88389d084ecc2efe8d04e6d233bd35cf2fabdeb93fb0d,2026-07-07,262,49966633222,2.828,,
past260,돌옙,4afda4a2381806047aa88389d084ecc2efe8d04e6d233bd35cf2fabdeb93fb0d,2026-07-08,262,49966633222,2.828,,
past260,돌옙,4afda4a2381806047aa88389d084ecc2efe8d04e6d233bd35cf2fabdeb93fb0d,2026-07-09,262,49966633222,2.828,,
past260,돌옙,4afda4a2381806047aa88389d084ecc2efe8d04e6d233bd35cf2fabdeb93fb0d,2026-07-10,262,49966633222,2.828,,
past260,돌옙,4afda4a2381806047aa88389d084ecc2efe8d04e6d233bd35cf2fabdeb93fb0d,2026-07-11,262,49966633222,2.828,,
past260,돌옙,4afda4a2381806047aa88389d084ecc2efe8d04e6d233bd35cf2fabdeb93fb0d,2026-07-12,262,49966633222,2.828,3795765,
past260,돌옙,4afda4a2381806047aa88389d084ecc2efe8d04e6d233bd35cf2fabdeb93fb0d,2026-07-13,262,49966633222,2.828,,
past260,돌옙,4afda4a2381806047aa88389d084ecc2efe8d04e6d233bd35cf2fabdeb93fb0d,2026-07-14,262,49966633222,2.828,,
past260,돌옙,4afda4a2381806047aa88389d084ecc2efe8d04e6d233bd35cf2fabdeb93fb0d,2026-07-15,262,49966633222,2.828,,
past260,돌옙,4afda4a2381806047aa88389d084ecc2efe8d04e6d233bd35cf2fabdeb93fb0d,2026-07-16,262,49966633222,2.828,,
past260,돌옙,4afda4a2381806047aa88389d084ecc2efe8d04e6d233bd35cf2fabdeb93fb0d,2026-07-17,262,49966633222,2.828,,
past260,돌옙,4afda4a2381806047aa88389d084ecc2efe8d04e6d233bd35cf2fabdeb93fb0d,2026-07-18,262,49966633222,2.828,,
past260,돌옙,4afda4a2381806047aa88389d084ecc2efe8d04e6d233bd35cf2fabdeb93fb0d,2026-07-19,262,49966633222,2.828,,
past260,돌옙,4afda4a2381806047aa88389d084ecc2efe8d04e6d233bd35cf2fabdeb93fb0d,2026-07-20,262,49966633222,2.828,3795765,
past260,돌옙,4afda4a2381806047aa88389d084ecc2efe8d04e6d233bd35cf2fabdeb93fb0d,2026-07-21,262,49966633222,2.828,,
past260,돌옙,4afda4a2381806047aa88389d084ecc2efe8d04e6d233bd35cf2fabdeb93fb0d,2026-07-22,262,49966633222,2.828,,
past260,김윤인,d1ac9d19a59d601ea8b8b103e75afbb0efe8d04e6d233bd35cf2fabdeb93fb0d,2026-06-18,,,,,http_400
past260,김윤인,d1ac9d19a59d601ea8b8b103e75afbb0efe8d04e6d233bd35cf2fabdeb93fb0d,2026-06-19,,,,,http_400
past260,김윤인,d1ac9d19a59d601ea8b8b103e75afbb0efe8d04e6d233bd35cf2fabdeb93fb0d,2026-06-20,,,,,http_400
past260,김윤인,d1ac9d19a59d601ea8b8b103e75afbb0efe8d04e6d233bd35cf2fabdeb93fb0d,2026-06-21,,,,,http_400
past260,김윤인,d1ac9d19a59d601ea8b8b103e75afbb0efe8d04e6d233bd35cf2fabdeb93fb0d,2026-06-22,,,,,http_400
past260,김윤인,d1ac9d19a59d601ea8b8b103e75afbb0efe8d04e6d233bd35cf2fabdeb93fb0d,2026-06-23,,,,,http_400
past260,김윤인,d1ac9d19a59d601ea8b8b103e75afbb0efe8d04e6d233bd35cf2fabdeb93fb0d,2026-06-24,,,,,http_400
past260,김윤인,d1ac9d19a59d601ea8b8b103e75afbb0efe8d04e6d233bd35cf2fabdeb93fb0d,2026-06-25,,,,,http_400
past260,김윤인,d1ac9d19a59d601ea8b8b103e75afbb0efe8d04e6d233bd35cf2fabdeb93fb0d,2026-06-26,,,,,http_400
past260,김윤인,d1ac9d19a59d601ea8b8b103e75afbb0efe8d04e6d233bd35cf2fabdeb93fb0d,2026-06-27,,,,,http_400
past260,김윤인,d1ac9d19a59d601ea8b8b103e75afbb0efe8d04e6d233bd35cf2fabdeb93fb0d,2026-06-28,,,,,http_400
past260,김윤인,d1ac9d19a59d601ea8b8b103e75afbb0efe8d04e6d233bd35cf2fabdeb93fb0d,2026-06-29,,,,,http_400
past260,김윤인,d1ac9d19a59d601ea8b8b103e75afbb0efe8d04e6d233bd35cf2fabdeb93fb0d,2026-06-30,,,,,http_400
past260,김윤인,d1ac9d19a59d601ea8b8b103e75afbb0efe8d04e6d233bd35cf2fabdeb93fb0d,2026-07-01,,,,,http_400
past260,김윤인,d1ac9d19a59d601ea8b8b103e75afbb0efe8d04e6d233bd35cf2fabdeb93fb0d,2026-07-02,,,,,http_400
past260,김윤인,d1ac9d19a59d601ea8b8b103e75afbb0efe8d04e6d233bd35cf2fabdeb93fb0d,2026-07-03,,,,,http_400
past260,김윤인,d1ac9d19a59d601ea8b8b103e75afbb0efe8d04e6d233bd35cf2fabdeb93fb0d,2026-07-04,,,,,http_400
past260,김윤인,d1ac9d19a59d601ea8b8b103e75afbb0efe8d04e6d233bd35cf2fabdeb93fb0d,2026-07-05,,,,,http_400
past260,김윤인,d1ac9d19a59d601ea8b8b103e75afbb0efe8d04e6d233bd35cf2fabdeb93fb0d,2026-07-06,,,,,http_400
past260,김윤인,d1ac9d19a59d601ea8b8b103e75afbb0efe8d04e6d233bd35cf2fabdeb93fb0d,2026-07-07,,,,,http_400
past260,김윤인,d1ac9d19a59d601ea8b8b103e75afbb0efe8d04e6d233bd35cf2fabdeb93fb0d,2026-07-08,,,,,http_400
past260,김윤인,d1ac9d19a59d601ea8b8b103e75afbb0efe8d04e6d233bd35cf2fabdeb93fb0d,2026-07-09,,,,,http_400
past260,김윤인,d1ac9d19a59d601ea8b8b103e75afbb0efe8d04e6d233bd35cf2fabdeb93fb0d,2026-07-10,,,,,http_400
past260,김윤인,d1ac9d19a59d601ea8b8b103e75afbb0efe8d04e6d233bd35cf2fabdeb93fb0d,2026-07-11,,,,,http_400
past260,김윤인,d1ac9d19a59d601ea8b8b103e75afbb0efe8d04e6d233bd35cf2fabdeb93fb0d,2026-07-12,,,,,http_400
past260,김윤인,d1ac9d19a59d601ea8b8b103e75afbb0efe8d04e6d233bd35cf2fabdeb93fb0d,2026-07-13,,,,,http_400
past260,김윤인,d1ac9d19a59d601ea8b8b103e75afbb0efe8d04e6d233bd35cf2fabdeb93fb0d,2026-07-14,,,,,http_400
past260,김윤인,d1ac9d19a59d601ea8b8b103e75afbb0efe8d04e6d233bd35cf2fabdeb93fb0d,2026-07-15,,,,,http_400
past260,김윤인,d1ac9d19a59d601ea8b8b103e75afbb0efe8d04e6d233bd35cf2fabdeb93fb0d,2026-07-16,,,,,http_400
past260,김윤인,d1ac9d19a59d601ea8b8b103e75afbb0efe8d04e6d233bd35cf2fabdeb93fb0d,2026-07-17,,,,,http_400
past260,김윤인,d1ac9d19a59d601ea8b8b103e75afbb0efe8d04e6d233bd35cf2fabdeb93fb0d,2026-07-18,,,,,http_400
past260,김윤인,d1ac9d19a59d601ea8b8b103e75afbb0efe8d04e6d233bd35cf2fabdeb93fb0d,2026-07-19,,,,,http_400
past260,김윤인,d1ac9d19a59d601ea8b8b103e75afbb0efe8d04e6d233bd35cf2fabdeb93fb0d,2026-07-20,,,,,http_400
past260,김윤인,d1ac9d19a59d601ea8b8b103e75afbb0efe8d04e6d233bd35cf2fabdeb93fb0d,2026-07-21,,,,,http_400
past260,김윤인,d1ac9d19a59d601ea8b8b103e75afbb0efe8d04e6d233bd35cf2fabdeb93fb0d,2026-07-22,,,,,http_400
past260,회사조출,282c0b3c7c0be0a50df792fb272d95e4efe8d04e6d233bd35cf2fabdeb93fb0d,2026-06-18,262,32212133987,1.823,179394,
past260,회사조출,282c0b3c7c0be0a50df792fb272d95e4efe8d04e6d233bd35cf2fabdeb93fb0d,2026-06-19,262,32212133987,1.823,,
past260,회사조출,282c0b3c7c0be0a50df792fb272d95e4efe8d04e6d233bd35cf2fabdeb93fb0d,2026-06-20,262,32212133987,1.823,,
past260,회사조출,282c0b3c7c0be0a50df792fb272d95e4efe8d04e6d233bd35cf2fabdeb93fb0d,2026-06-21,262,32212133987,1.823,,
past260,회사조출,282c0b3c7c0be0a50df792fb272d95e4efe8d04e6d233bd35cf2fabdeb93fb0d,2026-06-22,262,32212133987,1.823,,
past260,회사조출,282c0b3c7c0be0a50df792fb272d95e4efe8d04e6d233bd35cf2fabdeb93fb0d,2026-06-23,262,32212133987,1.823,,
past260,회사조출,282c0b3c7c0be0a50df792fb272d95e4efe8d04e6d233bd35cf2fabdeb93fb0d,2026-06-24,262,32212133987,1.823,,
past260,회사조출,282c0b3c7c0be0a50df792fb272d95e4efe8d04e6d233bd35cf2fabdeb93fb0d,2026-06-25,262,32212133987,1.823,,
past260,회사조출,282c0b3c7c0be0a50df792fb272d95e4efe8d04e6d233bd35cf2fabdeb93fb0d,2026-06-26,262,32212133987,1.823,179394,
past260,회사조출,282c0b3c7c0be0a50df792fb272d95e4efe8d04e6d233bd35cf2fabdeb93fb0d,2026-06-27,262,32212133987,1.823,,
past260,회사조출,282c0b3c7c0be0a50df792fb272d95e4efe8d04e6d233bd35cf2fabdeb93fb0d,2026-06-28,262,32212133987,1.823,,
past260,회사조출,282c0b3c7c0be0a50df792fb272d95e4efe8d04e6d233bd35cf2fabdeb93fb0d,2026-06-29,262,32212133987,1.823,,
past260,회사조출,282c0b3c7c0be0a50df792fb272d95e4efe8d04e6d233bd35cf2fabdeb93fb0d,2026-06-30,262,32212133987,1.823,,
past260,회사조출,282c0b3c7c0be0a50df792fb272d95e4efe8d04e6d233bd35cf2fabdeb93fb0d,2026-07-01,262,32212133987,1.823,,
past260,회사조출,282c0b3c7c0be0a50df792fb272d95e4efe8d04e6d233bd35cf2fabdeb93fb0d,2026-07-02,262,32212133987,1.823,,
past260,회사조출,282c0b3c7c0be0a50df792fb272d95e4efe8d04e6d233bd35cf2fabdeb93fb0d,2026-07-03,262,32212133987,1.823,,
past260,회사조출,282c0b3c7c0be0a50df792fb272d95e4efe8d04e6d233bd35cf2fabdeb93fb0d,2026-07-04,262,32212133987,1.823,179394,
past260,회사조출,282c0b3c7c0be0a50df792fb272d95e4efe8d04e6d233bd35cf2fabdeb93fb0d,2026-07-05,262,32212133987,1.823,,
past260,회사조출,282c0b3c7c0be0a50df792fb272d95e4efe8d04e6d233bd35cf2fabdeb93fb0d,2026-07-06,262,32212133987,1.823,,
past260,회사조출,282c0b3c7c0be0a50df792fb272d95e4efe8d04e6d233bd35cf2fabdeb93fb0d,2026-07-07,262,32212133987,1.823,,
past260,회사조출,282c0b3c7c0be0a50df792fb272d95e4efe8d04e6d233bd35cf2fabdeb93fb0d,2026-07-08,262,32212133987,1.823,,
past260,회사조출,282c0b3c7c0be0a50df792fb272d95e4efe8d04e6d233bd35cf2fabdeb93fb0d,2026-07-09,262,32212133987,1.823,,
past260,회사조출,282c0b3c7c0be0a50df792fb272d95e4efe8d04e6d233bd35cf2fabdeb93fb0d,2026-07-10,262,32212133987,1.823,,
past260,회사조출,282c0b3c7c0be0a50df792fb272d95e4efe8d04e6d233bd35cf2fabdeb93fb0d,2026-07-11,262,32212133987,1.823,,
past260,회사조출,282c0b3c7c0be0a50df792fb272d95e4efe8d04e6d233bd35cf2fabdeb93fb0d,2026-07-12,262,32212133987,1.823,179394,
past260,회사조출,282c0b3c7c0be0a50df792fb272d95e4efe8d04e6d233bd35cf2fabdeb93fb0d,2026-07-13,262,32212133987,1.823,,
past260,회사조출,282c0b3c7c0be0a50df792fb272d95e4efe8d04e6d233bd35cf2fabdeb93fb0d,2026-07-14,262,32212133987,1.823,,
past260,회사조출,282c0b3c7c0be0a50df792fb272d95e4efe8d04e6d233bd35cf2fabdeb93fb0d,2026-07-15,262,32212133987,1.823,,
past260,회사조출,282c0b3c7c0be0a50df792fb272d95e4efe8d04e6d233bd35cf2fabdeb93fb0d,2026-07-16,262,32212133987,1.823,,
past260,회사조출,282c0b3c7c0be0a50df792fb272d95e4efe8d04e6d233bd35cf2fabdeb93fb0d,2026-07-17,262,32212133987,1.823,,
past260,회사조출,282c0b3c7c0be0a50df792fb272d95e4efe8d04e6d233bd35cf2fabdeb93fb0d,2026-07-18,262,32212133987,1.823,,
past260,회사조출,282c0b3c7c0be0a50df792fb272d95e4efe8d04e6d233bd35cf2fabdeb93fb0d,2026-07-19,262,32212133987,1.823,,
past260,회사조출,282c0b3c7c0be0a50df792fb272d95e4efe8d04e6d233bd35cf2fabdeb93fb0d,2026-07-20,262,32212133987,1.823,179394,
past260,회사조출,282c0b3c7c0be0a50df792fb272d95e4efe8d04e6d233bd35cf2fabdeb93fb0d,2026-07-21,262,32212133987,1.823,,
past260,회사조출,282c0b3c7c0be0a50df792fb272d95e4efe8d04e6d233bd35cf2fabdeb93fb0d,2026-07-22,262,32212133987,1.823,,
past260,듣걸,0818d14338c6233658b47a621cf170ce,2026-06-18,262,41799118610,2.366,10777812,
past260,듣걸,0818d14338c6233658b47a621cf170ce,2026-06-19,262,41799118610,2.366,,
past260,듣걸,0818d14338c6233658b47a621cf170ce,2026-06-20,262,41799118610,2.366,,
past260,듣걸,0818d14338c6233658b47a621cf170ce,2026-06-21,262,41799118610,2.366,,
past260,듣걸,0818d14338c6233658b47a621cf170ce,2026-06-22,262,41799118610,2.366,,
past260,듣걸,0818d14338c6233658b47a621cf170ce,2026-06-23,262,41799118610,2.366,,
past260,듣걸,0818d14338c6233658b47a621cf170ce,2026-06-24,262,41799118610,2.366,,
past260,듣걸,0818d14338c6233658b47a621cf170ce,2026-06-25,262,41799118610,2.366,,
past260,듣걸,0818d14338c6233658b47a621cf170ce,2026-06-26,262,41799118610,2.366,10777812,
past260,듣걸,0818d14338c6233658b47a621cf170ce,2026-06-27,262,41799118610,2.366,,
past260,듣걸,0818d14338c6233658b47a621cf170ce,2026-06-28,262,41799118610,2.366,,
past260,듣걸,0818d14338c6233658b47a621cf170ce,2026-06-29,262,41799118610,2.366,,
past260,듣걸,0818d14338c6233658b47a621cf170ce,2026-06-30,262,41799118610,2.366,,
past260,듣걸,0818d14338c6233658b47a621cf170ce,2026-07-01,262,41799118610,2.366,,
past260,듣걸,0818d14338c6233658b47a621cf170ce,2026-07-02,262,41799118610,2.366,,
past260,듣걸,0818d14338c6233658b47a621cf170ce,2026-07-03,262,41799118610,2.366,,
past260,듣걸,0818d14338c6233658b47a621cf170ce,2026-07-04,262,41799118610,2.366,10777812,
past260,듣걸,0818d14338c6233658b47a621cf170ce,2026-07-05,262,41799118610,2.366,,
past260,듣걸,0818d14338c6233658b47a621cf170ce,2026-07-06,262,41799118610,2.366,,
past260,듣걸,0818d14338c6233658b47a621cf170ce,2026-07-07,262,41799118610,2.366,,
past260,듣걸,0818d14338c6233658b47a621cf170ce,2026-07-08,262,41799118610,2.366,,
past260,듣걸,0818d14338c6233658b47a621cf170ce,2026-07-09,262,41799118610,2.366,,
past260,듣걸,0818d14338c6233658b47a621cf170ce,2026-07-10,262,41799118610,2.366,,
past260,듣걸,0818d14338c6233658b47a621cf170ce,2026-07-11,262,41799118610,2.366,,
past260,듣걸,0818d14338c6233658b47a621cf170ce,2026-07-12,262,41799118610,2.366,10777812,
past260,듣걸,0818d14338c6233658b47a621cf170ce,2026-07-13,262,41799118610,2.366,,
past260,듣걸,0818d14338c6233658b47a621cf170ce,2026-07-14,262,41799118610,2.366,,
past260,듣걸,0818d14338c6233658b47a621cf170ce,2026-07-15,262,41799118610,2.366,,
past260,듣걸,0818d14338c6233658b47a621cf170ce,2026-07-16,262,41799118610,2.366,,
past260,듣걸,0818d14338c6233658b47a621cf170ce,2026-07-17,262,41799118610,2.366,,
past260,듣걸,0818d14338c6233658b47a621cf170ce,2026-07-18,262,41799118610,2.366,,
past260,듣걸,0818d14338c6233658b47a621cf170ce,2026-07-19,262,41799118610,2.366,,
past260,듣걸,0818d14338c6233658b47a621cf170ce,2026-07-20,262,41799118610,2.366,10777812,
past260,듣걸,0818d14338c6233658b47a621cf170ce,2026-07-21,262,41799118610,2.366,,
past260,듣걸,0818d14338c6233658b47a621cf170ce,2026-07-22,262,41799118610,2.366,,
past260,찐녹차뚱카롱,a17c5fb02a17f99a787f4a67426987d1efe8d04e6d233bd35cf2fabdeb93fb0d,2026-06-18,262,48167348841,2.726,11027673,
past260,찐녹차뚱카롱,a17c5fb02a17f99a787f4a67426987d1efe8d04e6d233bd35cf2fabdeb93fb0d,2026-06-19,262,48167348841,2.726,,
past260,찐녹차뚱카롱,a17c5fb02a17f99a787f4a67426987d1efe8d04e6d233bd35cf2fabdeb93fb0d,2026-06-20,262,48167348841,2.726,,
past260,찐녹차뚱카롱,a17c5fb02a17f99a787f4a67426987d1efe8d04e6d233bd35cf2fabdeb93fb0d,2026-06-21,262,48167348841,2.726,,
past260,찐녹차뚱카롱,a17c5fb02a17f99a787f4a67426987d1efe8d04e6d233bd35cf2fabdeb93fb0d,2026-06-22,262,48167348841,2.726,,
past260,찐녹차뚱카롱,a17c5fb02a17f99a787f4a67426987d1efe8d04e6d233bd35cf2fabdeb93fb0d,2026-06-23,262,48167348841,2.726,,
past260,찐녹차뚱카롱,a17c5fb02a17f99a787f4a67426987d1efe8d04e6d233bd35cf2fabdeb93fb0d,2026-06-24,262,48167348841,2.726,,
past260,찐녹차뚱카롱,a17c5fb02a17f99a787f4a67426987d1efe8d04e6d233bd35cf2fabdeb93fb0d,2026-06-25,262,48167348841,2.726,,
past260,찐녹차뚱카롱,a17c5fb02a17f99a787f4a67426987d1efe8d04e6d233bd35cf2fabdeb93fb0d,2026-06-26,262,48167348841,2.726,11027673,
past260,찐녹차뚱카롱,a17c5fb02a17f99a787f4a67426987d1efe8d04e6d233bd35cf2fabdeb93fb0d,2026-06-27,262,48167348841,2.726,,
past260,찐녹차뚱카롱,a17c5fb02a17f99a787f4a67426987d1efe8d04e6d233bd35cf2fabdeb93fb0d,2026-06-28,262,48167348841,2.726,,
past260,찐녹차뚱카롱,a17c5fb02a17f99a787f4a67426987d1efe8d04e6d233bd35cf2fabdeb93fb0d,2026-06-29,262,48167348841,2.726,,
past260,찐녹차뚱카롱,a17c5fb02a17f99a787f4a67426987d1efe8d04e6d233bd35cf2fabdeb93fb0d,2026-06-30,262,48167348841,2.726,,
past260,찐녹차뚱카롱,a17c5fb02a17f99a787f4a67426987d1efe8d04e6d233bd35cf2fabdeb93fb0d,2026-07-01,262,48167348841,2.726,,
past260,찐녹차뚱카롱,a17c5fb02a17f99a787f4a67426987d1efe8d04e6d233bd35cf2fabdeb93fb0d,2026-07-02,262,48167348841,2.726,,
past260,찐녹차뚱카롱,a17c5fb02a17f99a787f4a67426987d1efe8d04e6d233bd35cf2fabdeb93fb0d,2026-07-03,262,48169308470,2.726,,
past260,찐녹차뚱카롱,a17c5fb02a17f99a787f4a67426987d1efe8d04e6d233bd35cf2fabdeb93fb0d,2026-07-04,262,221805305250,12.555,4319103,
past260,찐녹차뚱카롱,a17c5fb02a17f99a787f4a67426987d1efe8d04e6d233bd35cf2fabdeb93fb0d,2026-07-05,262,429992376381,24.338,,
past260,찐녹차뚱카롱,a17c5fb02a17f99a787f4a67426987d1efe8d04e6d233bd35cf2fabdeb93fb0d,2026-07-06,262,660487607595,37.385,,
past260,찐녹차뚱카롱,a17c5fb02a17f99a787f4a67426987d1efe8d04e6d233bd35cf2fabdeb93fb0d,2026-07-07,262,660487607595,37.385,,
past260,찐녹차뚱카롱,a17c5fb02a17f99a787f4a67426987d1efe8d04e6d233bd35cf2fabdeb93fb0d,2026-07-08,262,660487607595,37.385,,
past260,찐녹차뚱카롱,a17c5fb02a17f99a787f4a67426987d1efe8d04e6d233bd35cf2fabdeb93fb0d,2026-07-09,262,660487607595,37.385,,
past260,찐녹차뚱카롱,a17c5fb02a17f99a787f4a67426987d1efe8d04e6d233bd35cf2fabdeb93fb0d,2026-07-10,262,660487607595,37.385,,
past260,찐녹차뚱카롱,a17c5fb02a17f99a787f4a67426987d1efe8d04e6d233bd35cf2fabdeb93fb0d,2026-07-11,262,660487607595,37.385,,
past260,찐녹차뚱카롱,a17c5fb02a17f99a787f4a67426987d1efe8d04e6d233bd35cf2fabdeb93fb0d,2026-07-12,262,660487607595,37.385,5138073,
past260,찐녹차뚱카롱,a17c5fb02a17f99a787f4a67426987d1efe8d04e6d233bd35cf2fabdeb93fb0d,2026-07-13,262,660487607595,37.385,,
past260,찐녹차뚱카롱,a17c5fb02a17f99a787f4a67426987d1efe8d04e6d233bd35cf2fabdeb93fb0d,2026-07-14,262,660487607595,37.385,,
past260,찐녹차뚱카롱,a17c5fb02a17f99a787f4a67426987d1efe8d04e6d233bd35cf2fabdeb93fb0d,2026-07-15,262,660487607595,37.385,,
past260,찐녹차뚱카롱,a17c5fb02a17f99a787f4a67426987d1efe8d04e6d233bd35cf2fabdeb93fb0d,2026-07-16,262,660487607595,37.385,,
past260,찐녹차뚱카롱,a17c5fb02a17f99a787f4a67426987d1efe8d04e6d233bd35cf2fabdeb93fb0d,2026-07-17,262,660487607595,37.385,,
past260,찐녹차뚱카롱,a17c5fb02a17f99a787f4a67426987d1efe8d04e6d233bd35cf2fabdeb93fb0d,2026-07-18,262,660487607595,37.385,,
past260,찐녹차뚱카롱,a17c5fb02a17f99a787f4a67426987d1efe8d04e6d233bd35cf2fabdeb93fb0d,2026-07-19,262,660487607595,37.385,,
past260,찐녹차뚱카롱,a17c5fb02a17f99a787f4a67426987d1efe8d04e6d233bd35cf2fabdeb93fb0d,2026-07-20,262,660487607595,37.385,5138073,
past260,찐녹차뚱카롱,a17c5fb02a17f99a787f4a67426987d1efe8d04e6d233bd35cf2fabdeb93fb0d,2026-07-21,262,660487607595,37.385,,
past260,찐녹차뚱카롱,a17c5fb02a17f99a787f4a67426987d1efe8d04e6d233bd35cf2fabdeb93fb0d,2026-07-22,262,660487607595,37.385,,
past260,듀로월즈무관,fff6aad156e16e105b703d184eaba030,2026-06-18,262,42803567323,2.423,1365680,
past260,듀로월즈무관,fff6aad156e16e105b703d184eaba030,2026-06-19,262,42803567323,2.423,,
past260,듀로월즈무관,fff6aad156e16e105b703d184eaba030,2026-06-20,262,42803567323,2.423,,
past260,듀로월즈무관,fff6aad156e16e105b703d184eaba030,2026-06-21,262,42803567323,2.423,,
past260,듀로월즈무관,fff6aad156e16e105b703d184eaba030,2026-06-22,262,42803567323,2.423,,
past260,듀로월즈무관,fff6aad156e16e105b703d184eaba030,2026-06-23,262,42803567323,2.423,,
past260,듀로월즈무관,fff6aad156e16e105b703d184eaba030,2026-06-24,262,42803567323,2.423,,
past260,듀로월즈무관,fff6aad156e16e105b703d184eaba030,2026-06-25,262,42803567323,2.423,,
past260,듀로월즈무관,fff6aad156e16e105b703d184eaba030,2026-06-26,262,42803567323,2.423,1365680,
past260,듀로월즈무관,fff6aad156e16e105b703d184eaba030,2026-06-27,262,42803567323,2.423,,
past260,듀로월즈무관,fff6aad156e16e105b703d184eaba030,2026-06-28,262,42803567323,2.423,,
past260,듀로월즈무관,fff6aad156e16e105b703d184eaba030,2026-06-29,262,42803567323,2.423,,
past260,듀로월즈무관,fff6aad156e16e105b703d184eaba030,2026-06-30,262,42803567323,2.423,,
past260,듀로월즈무관,fff6aad156e16e105b703d184eaba030,2026-07-01,262,42803567323,2.423,,
past260,듀로월즈무관,fff6aad156e16e105b703d184eaba030,2026-07-02,262,42803567323,2.423,,
past260,듀로월즈무관,fff6aad156e16e105b703d184eaba030,2026-07-03,262,42803567323,2.423,,
past260,듀로월즈무관,fff6aad156e16e105b703d184eaba030,2026-07-04,262,42803567323,2.423,1365680,
past260,듀로월즈무관,fff6aad156e16e105b703d184eaba030,2026-07-05,262,42803567323,2.423,,
past260,듀로월즈무관,fff6aad156e16e105b703d184eaba030,2026-07-06,262,42803567323,2.423,,
past260,듀로월즈무관,fff6aad156e16e105b703d184eaba030,2026-07-07,262,42803567323,2.423,,
past260,듀로월즈무관,fff6aad156e16e105b703d184eaba030,2026-07-08,262,42803567323,2.423,,
past260,듀로월즈무관,fff6aad156e16e105b703d184eaba030,2026-07-09,262,42803567323,2.423,,
past260,듀로월즈무관,fff6aad156e16e105b703d184eaba030,2026-07-10,262,42803567323,2.423,,
past260,듀로월즈무관,fff6aad156e16e105b703d184eaba030,2026-07-11,262,42803567323,2.423,,
past260,듀로월즈무관,fff6aad156e16e105b703d184eaba030,2026-07-12,262,42803567323,2.423,1365680,
past260,듀로월즈무관,fff6aad156e16e105b703d184eaba030,2026-07-13,262,42803567323,2.423,,
past260,듀로월즈무관,fff6aad156e16e105b703d184eaba030,2026-07-14,262,42803567323,2.423,,
past260,듀로월즈무관,fff6aad156e16e105b703d184eaba030,2026-07-15,262,42803567323,2.423,,
past260,듀로월즈무관,fff6aad156e16e105b703d184eaba030,2026-07-16,262,42803567323,2.423,,
past260,듀로월즈무관,fff6aad156e16e105b703d184eaba030,2026-07-17,262,42803567323,2.423,,
past260,듀로월즈무관,fff6aad156e16e105b703d184eaba030,2026-07-18,262,42803567323,2.423,,
past260,듀로월즈무관,fff6aad156e16e105b703d184eaba030,2026-07-19,262,42803567323,2.423,,
past260,듀로월즈무관,fff6aad156e16e105b703d184eaba030,2026-07-20,262,42803567323,2.423,1365680,
past260,듀로월즈무관,fff6aad156e16e105b703d184eaba030,2026-07-21,262,42803567323,2.423,,
past260,듀로월즈무관,fff6aad156e16e105b703d184eaba030,2026-07-22,262,42803567323,2.423,,
past260,나나나맛,e843b43c9a891156672f211f1b5d59be,2026-06-18,262,32560497256,1.843,9016322,
past260,나나나맛,e843b43c9a891156672f211f1b5d59be,2026-06-19,262,32560497256,1.843,,
past260,나나나맛,e843b43c9a891156672f211f1b5d59be,2026-06-20,262,32560497256,1.843,,
past260,나나나맛,e843b43c9a891156672f211f1b5d59be,2026-06-21,262,32560497256,1.843,,
past260,나나나맛,e843b43c9a891156672f211f1b5d59be,2026-06-22,262,32560497256,1.843,,
past260,나나나맛,e843b43c9a891156672f211f1b5d59be,2026-06-23,262,32560497256,1.843,,
past260,나나나맛,e843b43c9a891156672f211f1b5d59be,2026-06-24,262,32560497256,1.843,,
past260,나나나맛,e843b43c9a891156672f211f1b5d59be,2026-06-25,262,32560497256,1.843,,
past260,나나나맛,e843b43c9a891156672f211f1b5d59be,2026-06-26,262,32560497256,1.843,9016322,
past260,나나나맛,e843b43c9a891156672f211f1b5d59be,2026-06-27,262,32560497256,1.843,,
past260,나나나맛,e843b43c9a891156672f211f1b5d59be,2026-06-28,262,32560497256,1.843,,
past260,나나나맛,e843b43c9a891156672f211f1b5d59be,2026-06-29,262,32560497256,1.843,,
past260,나나나맛,e843b43c9a891156672f211f1b5d59be,2026-06-30,262,32560497256,1.843,,
past260,나나나맛,e843b43c9a891156672f211f1b5d59be,2026-07-01,262,32560497256,1.843,,
past260,나나나맛,e843b43c9a891156672f211f1b5d59be,2026-07-02,262,32560497256,1.843,,
past260,나나나맛,e843b43c9a891156672f211f1b5d59be,2026-07-03,262,32560497256,1.843,,
past260,나나나맛,e843b43c9a891156672f211f1b5d59be,2026-07-04,262,32560497256,1.843,9016322,
past260,나나나맛,e843b43c9a891156672f211f1b5d59be,2026-07-05,262,32560497256,1.843,,
past260,나나나맛,e843b43c9a891156672f211f1b5d59be,2026-07-06,262,32560497256,1.843,,
past260,나나나맛,e843b43c9a891156672f211f1b5d59be,2026-07-07,262,32560497256,1.843,,
past260,나나나맛,e843b43c9a891156672f211f1b5d59be,2026-07-08,262,32560497256,1.843,,
past260,나나나맛,e843b43c9a891156672f211f1b5d59be,2026-07-09,262,32560497256,1.843,,
past260,나나나맛,e843b43c9a891156672f211f1b5d59be,2026-07-10,262,32560497256,1.843,,
past260,나나나맛,e843b43c9a891156672f211f1b5d59be,2026-07-11,262,32560497256,1.843,,
past260,나나나맛,e843b43c9a891156672f211f1b5d59be,2026-07-12,262,32560497256,1.843,9016322,
past260,나나나맛,e843b43c9a891156672f211f1b5d59be,2026-07-13,262,32560497256,1.843,,
past260,나나나맛,e843b43c9a891156672f211f1b5d59be,2026-07-14,262,32560497256,1.843,,
past260,나나나맛,e843b43c9a891156672f211f1b5d59be,2026-07-15,262,32560497256,1.843,,
past260,나나나맛,e843b43c9a891156672f211f1b5d59be,2026-07-16,262,32560497256,1.843,,
past260,나나나맛,e843b43c9a891156672f211f1b5d59be,2026-07-17,262,32560497256,1.843,,
past260,나나나맛,e843b43c9a891156672f211f1b5d59be,2026-07-18,262,32560497256,1.843,,
past260,나나나맛,e843b43c9a891156672f211f1b5d59be,2026-07-19,262,32560497256,1.843,,
past260,나나나맛,e843b43c9a891156672f211f1b5d59be,2026-07-20,262,32560497256,1.843,0,
past260,나나나맛,e843b43c9a891156672f211f1b5d59be,2026-07-21,262,32560497256,1.843,,
past260,나나나맛,e843b43c9a891156672f211f1b5d59be,2026-07-22,262,32560497256,1.843,,
past260,기사가디,f9ab2713ac540e8ca708d108f236d047efe8d04e6d233bd35cf2fabdeb93fb0d,2026-06-18,262,44059648265,2.494,2771229,
past260,기사가디,f9ab2713ac540e8ca708d108f236d047efe8d04e6d233bd35cf2fabdeb93fb0d,2026-06-19,262,44059648265,2.494,,
past260,기사가디,f9ab2713ac540e8ca708d108f236d047efe8d04e6d233bd35cf2fabdeb93fb0d,2026-06-20,262,44059648265,2.494,,
past260,기사가디,f9ab2713ac540e8ca708d108f236d047efe8d04e6d233bd35cf2fabdeb93fb0d,2026-06-21,262,44059648265,2.494,,
past260,기사가디,f9ab2713ac540e8ca708d108f236d047efe8d04e6d233bd35cf2fabdeb93fb0d,2026-06-22,262,44059648265,2.494,,
past260,기사가디,f9ab2713ac540e8ca708d108f236d047efe8d04e6d233bd35cf2fabdeb93fb0d,2026-06-23,262,44059648265,2.494,,
past260,기사가디,f9ab2713ac540e8ca708d108f236d047efe8d04e6d233bd35cf2fabdeb93fb0d,2026-06-24,262,44059648265,2.494,,
past260,기사가디,f9ab2713ac540e8ca708d108f236d047efe8d04e6d233bd35cf2fabdeb93fb0d,2026-06-25,262,44059648265,2.494,,
past260,기사가디,f9ab2713ac540e8ca708d108f236d047efe8d04e6d233bd35cf2fabdeb93fb0d,2026-06-26,262,44059648265,2.494,2771229,
past260,기사가디,f9ab2713ac540e8ca708d108f236d047efe8d04e6d233bd35cf2fabdeb93fb0d,2026-06-27,262,44059648265,2.494,,
past260,기사가디,f9ab2713ac540e8ca708d108f236d047efe8d04e6d233bd35cf2fabdeb93fb0d,2026-06-28,262,44059648265,2.494,,
past260,기사가디,f9ab2713ac540e8ca708d108f236d047efe8d04e6d233bd35cf2fabdeb93fb0d,2026-06-29,262,44059648265,2.494,,
past260,기사가디,f9ab2713ac540e8ca708d108f236d047efe8d04e6d233bd35cf2fabdeb93fb0d,2026-06-30,262,44059648265,2.494,,
past260,기사가디,f9ab2713ac540e8ca708d108f236d047efe8d04e6d233bd35cf2fabdeb93fb0d,2026-07-01,262,44059648265,2.494,,
past260,기사가디,f9ab2713ac540e8ca708d108f236d047efe8d04e6d233bd35cf2fabdeb93fb0d,2026-07-02,262,44059648265,2.494,,
past260,기사가디,f9ab2713ac540e8ca708d108f236d047efe8d04e6d233bd35cf2fabdeb93fb0d,2026-07-03,262,44059648265,2.494,,
past260,기사가디,f9ab2713ac540e8ca708d108f236d047efe8d04e6d233bd35cf2fabdeb93fb0d,2026-07-04,262,44059648265,2.494,2771229,
past260,기사가디,f9ab2713ac540e8ca708d108f236d047efe8d04e6d233bd35cf2fabdeb93fb0d,2026-07-05,262,44059648265,2.494,,
past260,기사가디,f9ab2713ac540e8ca708d108f236d047efe8d04e6d233bd35cf2fabdeb93fb0d,2026-07-06,262,44059648265,2.494,,
past260,기사가디,f9ab2713ac540e8ca708d108f236d047efe8d04e6d233bd35cf2fabdeb93fb0d,2026-07-07,262,44059648265,2.494,,
past260,기사가디,f9ab2713ac540e8ca708d108f236d047efe8d04e6d233bd35cf2fabdeb93fb0d,2026-07-08,262,44059648265,2.494,,
past260,기사가디,f9ab2713ac540e8ca708d108f236d047efe8d04e6d233bd35cf2fabdeb93fb0d,2026-07-09,262,44059648265,2.494,,
past260,기사가디,f9ab2713ac540e8ca708d108f236d047efe8d04e6d233bd35cf2fabdeb93fb0d,2026-07-10,262,44059648265,2.494,,
past260,기사가디,f9ab2713ac540e8ca708d108f236d047efe8d04e6d233bd35cf2fabdeb93fb0d,2026-07-11,262,44059648265,2.494,,
past260,기사가디,f9ab2713ac540e8ca708d108f236d047efe8d04e6d233bd35cf2fabdeb93fb0d,2026-07-12,262,44059648265,2.494,2771229,
past260,기사가디,f9ab2713ac540e8ca708d108f236d047efe8d04e6d233bd35cf2fabdeb93fb0d,2026-07-13,262,44059648265,2.494,,
past260,기사가디,f9ab2713ac540e8ca708d108f236d047efe8d04e6d233bd35cf2fabdeb93fb0d,2026-07-14,262,44059648265,2.494,,
past260,기사가디,f9ab2713ac540e8ca708d108f236d047efe8d04e6d233bd35cf2fabdeb93fb0d,2026-07-15,262,44059648265,2.494,,
past260,기사가디,f9ab2713ac540e8ca708d108f236d047efe8d04e6d233bd35cf2fabdeb93fb0d,2026-07-16,262,44059648265,2.494,,
past260,기사가디,f9ab2713ac540e8ca708d108f236d047efe8d04e6d233bd35cf2fabdeb93fb0d,2026-07-17,262,44059648265,2.494,,
past260,기사가디,f9ab2713ac540e8ca708d108f236d047efe8d04e6d233bd35cf2fabdeb93fb0d,2026-07-18,262,44059648265,2.494,,
past260,기사가디,f9ab2713ac540e8ca708d108f236d047efe8d04e6d233bd35cf2fabdeb93fb0d,2026-07-19,262,44059648265,2.494,,
past260,기사가디,f9ab2713ac540e8ca708d108f236d047efe8d04e6d233bd35cf2fabdeb93fb0d,2026-07-20,262,44059648265,2.494,2771229,
past260,기사가디,f9ab2713ac540e8ca708d108f236d047efe8d04e6d233bd35cf2fabdeb93fb0d,2026-07-21,262,44059648265,2.494,,
past260,기사가디,f9ab2713ac540e8ca708d108f236d047efe8d04e6d233bd35cf2fabdeb93fb0d,2026-07-22,262,44059648265,2.494,,
past260,래월체,ad2e6be54305807b5943c54aa2b1aa97efe8d04e6d233bd35cf2fabdeb93fb0d,2026-06-18,262,54268638834,3.072,5727853,
past260,래월체,ad2e6be54305807b5943c54aa2b1aa97efe8d04e6d233bd35cf2fabdeb93fb0d,2026-06-19,262,54268638834,3.072,,
past260,래월체,ad2e6be54305807b5943c54aa2b1aa97efe8d04e6d233bd35cf2fabdeb93fb0d,2026-06-20,262,54268638834,3.072,,
past260,래월체,ad2e6be54305807b5943c54aa2b1aa97efe8d04e6d233bd35cf2fabdeb93fb0d,2026-06-21,262,54268638834,3.072,,
past260,래월체,ad2e6be54305807b5943c54aa2b1aa97efe8d04e6d233bd35cf2fabdeb93fb0d,2026-06-22,262,54268638834,3.072,,
past260,래월체,ad2e6be54305807b5943c54aa2b1aa97efe8d04e6d233bd35cf2fabdeb93fb0d,2026-06-23,262,54268638834,3.072,,
past260,래월체,ad2e6be54305807b5943c54aa2b1aa97efe8d04e6d233bd35cf2fabdeb93fb0d,2026-06-24,262,54268638834,3.072,,
past260,래월체,ad2e6be54305807b5943c54aa2b1aa97efe8d04e6d233bd35cf2fabdeb93fb0d,2026-06-25,262,54268638834,3.072,,
past260,래월체,ad2e6be54305807b5943c54aa2b1aa97efe8d04e6d233bd35cf2fabdeb93fb0d,2026-06-26,262,54268638834,3.072,5727853,
past260,래월체,ad2e6be54305807b5943c54aa2b1aa97efe8d04e6d233bd35cf2fabdeb93fb0d,2026-06-27,262,54268638834,3.072,,
past260,래월체,ad2e6be54305807b5943c54aa2b1aa97efe8d04e6d233bd35cf2fabdeb93fb0d,2026-06-28,262,54268638834,3.072,,
past260,래월체,ad2e6be54305807b5943c54aa2b1aa97efe8d04e6d233bd35cf2fabdeb93fb0d,2026-06-29,262,54268638834,3.072,,
past260,래월체,ad2e6be54305807b5943c54aa2b1aa97efe8d04e6d233bd35cf2fabdeb93fb0d,2026-06-30,262,54268638834,3.072,,
past260,래월체,ad2e6be54305807b5943c54aa2b1aa97efe8d04e6d233bd35cf2fabdeb93fb0d,2026-07-01,262,54268638834,3.072,,
past260,래월체,ad2e6be54305807b5943c54aa2b1aa97efe8d04e6d233bd35cf2fabdeb93fb0d,2026-07-02,262,54268638834,3.072,,
past260,래월체,ad2e6be54305807b5943c54aa2b1aa97efe8d04e6d233bd35cf2fabdeb93fb0d,2026-07-03,262,54268638834,3.072,,
past260,래월체,ad2e6be54305807b5943c54aa2b1aa97efe8d04e6d233bd35cf2fabdeb93fb0d,2026-07-04,262,54268638834,3.072,5727853,
past260,래월체,ad2e6be54305807b5943c54aa2b1aa97efe8d04e6d233bd35cf2fabdeb93fb0d,2026-07-05,262,54268638834,3.072,,
past260,래월체,ad2e6be54305807b5943c54aa2b1aa97efe8d04e6d233bd35cf2fabdeb93fb0d,2026-07-06,262,54268638834,3.072,,
past260,래월체,ad2e6be54305807b5943c54aa2b1aa97efe8d04e6d233bd35cf2fabdeb93fb0d,2026-07-07,262,54268638834,3.072,,
past260,래월체,ad2e6be54305807b5943c54aa2b1aa97efe8d04e6d233bd35cf2fabdeb93fb0d,2026-07-08,262,54268638834,3.072,,
past260,래월체,ad2e6be54305807b5943c54aa2b1aa97efe8d04e6d233bd35cf2fabdeb93fb0d,2026-07-09,262,54268638834,3.072,,
past260,래월체,ad2e6be54305807b5943c54aa2b1aa97efe8d04e6d233bd35cf2fabdeb93fb0d,2026-07-10,262,54268638834,3.072,,
past260,래월체,ad2e6be54305807b5943c54aa2b1aa97efe8d04e6d233bd35cf2fabdeb93fb0d,2026-07-11,262,54268638834,3.072,,
past260,래월체,ad2e6be54305807b5943c54aa2b1aa97efe8d04e6d233bd35cf2fabdeb93fb0d,2026-07-12,262,54268638834,3.072,5727853,
past260,래월체,ad2e6be54305807b5943c54aa2b1aa97efe8d04e6d233bd35cf2fabdeb93fb0d,2026-07-13,262,54268638834,3.072,,
past260,래월체,ad2e6be54305807b5943c54aa2b1aa97efe8d04e6d233bd35cf2fabdeb93fb0d,2026-07-14,262,54268638834,3.072,,
past260,래월체,ad2e6be54305807b5943c54aa2b1aa97efe8d04e6d233bd35cf2fabdeb93fb0d,2026-07-15,262,54268638834,3.072,,
past260,래월체,ad2e6be54305807b5943c54aa2b1aa97efe8d04e6d233bd35cf2fabdeb93fb0d,2026-07-16,262,54268638834,3.072,,
past260,래월체,ad2e6be54305807b5943c54aa2b1aa97efe8d04e6d233bd35cf2fabdeb93fb0d,2026-07-17,262,54268638834,3.072,,
past260,래월체,ad2e6be54305807b5943c54aa2b1aa97efe8d04e6d233bd35cf2fabdeb93fb0d,2026-07-18,262,54268638834,3.072,,
past260,래월체,ad2e6be54305807b5943c54aa2b1aa97efe8d04e6d233bd35cf2fabdeb93fb0d,2026-07-19,262,54268638834,3.072,,
past260,래월체,ad2e6be54305807b5943c54aa2b1aa97efe8d04e6d233bd35cf2fabdeb93fb0d,2026-07-20,262,54268638834,3.072,5727853,
past260,래월체,ad2e6be54305807b5943c54aa2b1aa97efe8d04e6d233bd35cf2fabdeb93fb0d,2026-07-21,262,54268638834,3.072,,
past260,래월체,ad2e6be54305807b5943c54aa2b1aa97efe8d04e6d233bd35cf2fabdeb93fb0d,2026-07-22,262,54268638834,3.072,,
past260,에레라,09ce26f7f7b457d08f11d71baf16b125,2026-06-18,262,40740556382,2.306,16344394,
past260,에레라,09ce26f7f7b457d08f11d71baf16b125,2026-06-19,262,40740556382,2.306,,
past260,에레라,09ce26f7f7b457d08f11d71baf16b125,2026-06-20,262,40740556382,2.306,,
past260,에레라,09ce26f7f7b457d08f11d71baf16b125,2026-06-21,262,40740556382,2.306,,
past260,에레라,09ce26f7f7b457d08f11d71baf16b125,2026-06-22,262,40740556382,2.306,,
past260,에레라,09ce26f7f7b457d08f11d71baf16b125,2026-06-23,262,40775631028,2.308,,
past260,에레라,09ce26f7f7b457d08f11d71baf16b125,2026-06-24,262,40852591028,2.312,,
past260,에레라,09ce26f7f7b457d08f11d71baf16b125,2026-06-25,262,40852591028,2.312,,
past260,에레라,09ce26f7f7b457d08f11d71baf16b125,2026-06-26,262,40852591028,2.312,17272883,
past260,에레라,09ce26f7f7b457d08f11d71baf16b125,2026-06-27,262,40852591028,2.312,,
past260,에레라,09ce26f7f7b457d08f11d71baf16b125,2026-06-28,262,40852591028,2.312,,
past260,에레라,09ce26f7f7b457d08f11d71baf16b125,2026-06-29,262,40852591028,2.312,,
past260,에레라,09ce26f7f7b457d08f11d71baf16b125,2026-06-30,262,40852591028,2.312,,
past260,에레라,09ce26f7f7b457d08f11d71baf16b125,2026-07-01,262,40852591028,2.312,,
past260,에레라,09ce26f7f7b457d08f11d71baf16b125,2026-07-02,262,40852591028,2.312,,
past260,에레라,09ce26f7f7b457d08f11d71baf16b125,2026-07-03,262,40852591028,2.312,,
past260,에레라,09ce26f7f7b457d08f11d71baf16b125,2026-07-04,262,40852591028,2.312,17272883,
past260,에레라,09ce26f7f7b457d08f11d71baf16b125,2026-07-05,262,40852591028,2.312,,
past260,에레라,09ce26f7f7b457d08f11d71baf16b125,2026-07-06,262,40852591028,2.312,,
past260,에레라,09ce26f7f7b457d08f11d71baf16b125,2026-07-07,262,40852591028,2.312,,
past260,에레라,09ce26f7f7b457d08f11d71baf16b125,2026-07-08,262,40852591028,2.312,,
past260,에레라,09ce26f7f7b457d08f11d71baf16b125,2026-07-09,262,40852591028,2.312,,
past260,에레라,09ce26f7f7b457d08f11d71baf16b125,2026-07-10,262,40852591028,2.312,,
past260,에레라,09ce26f7f7b457d08f11d71baf16b125,2026-07-11,262,40852591028,2.312,,
past260,에레라,09ce26f7f7b457d08f11d71baf16b125,2026-07-12,262,40852591028,2.312,17272883,
past260,에레라,09ce26f7f7b457d08f11d71baf16b125,2026-07-13,262,40852591028,2.312,,
past260,에레라,09ce26f7f7b457d08f11d71baf16b125,2026-07-14,262,40852591028,2.312,,
past260,에레라,09ce26f7f7b457d08f11d71baf16b125,2026-07-15,262,40852591028,2.312,,
past260,에레라,09ce26f7f7b457d08f11d71baf16b125,2026-07-16,262,40852591028,2.312,,
past260,에레라,09ce26f7f7b457d08f11d71baf16b125,2026-07-17,262,40852591028,2.312,,
past260,에레라,09ce26f7f7b457d08f11d71baf16b125,2026-07-18,262,40852591028,2.312,,
past260,에레라,09ce26f7f7b457d08f11d71baf16b125,2026-07-19,262,40852591028,2.312,,
past260,에레라,09ce26f7f7b457d08f11d71baf16b125,2026-07-20,262,40852591028,2.312,17909014,
past260,에레라,09ce26f7f7b457d08f11d71baf16b125,2026-07-21,262,40852591028,2.312,,
past260,에레라,09ce26f7f7b457d08f11d71baf16b125,2026-07-22,262,40852591028,2.312,,
past260,뮤쇼,dd3356900e3eb198a50ce389742b189e,2026-06-18,262,47895360356,2.711,8028461,
past260,뮤쇼,dd3356900e3eb198a50ce389742b189e,2026-06-19,262,47895360356,2.711,,
past260,뮤쇼,dd3356900e3eb198a50ce389742b189e,2026-06-20,262,47895360356,2.711,,
past260,뮤쇼,dd3356900e3eb198a50ce389742b189e,2026-06-21,262,47895360356,2.711,,
past260,뮤쇼,dd3356900e3eb198a50ce389742b189e,2026-06-22,262,47895360356,2.711,,
past260,뮤쇼,dd3356900e3eb198a50ce389742b189e,2026-06-23,262,47895360356,2.711,,
past260,뮤쇼,dd3356900e3eb198a50ce389742b189e,2026-06-24,262,47895360356,2.711,,
past260,뮤쇼,dd3356900e3eb198a50ce389742b189e,2026-06-25,262,47895360356,2.711,,
past260,뮤쇼,dd3356900e3eb198a50ce389742b189e,2026-06-26,262,47895360356,2.711,8028461,
past260,뮤쇼,dd3356900e3eb198a50ce389742b189e,2026-06-27,262,47895360356,2.711,,
past260,뮤쇼,dd3356900e3eb198a50ce389742b189e,2026-06-28,262,47895360356,2.711,,
past260,뮤쇼,dd3356900e3eb198a50ce389742b189e,2026-06-29,262,47895360356,2.711,,
past260,뮤쇼,dd3356900e3eb198a50ce389742b189e,2026-06-30,262,47895360356,2.711,,
past260,뮤쇼,dd3356900e3eb198a50ce389742b189e,2026-07-01,262,47895360356,2.711,,
past260,뮤쇼,dd3356900e3eb198a50ce389742b189e,2026-07-02,262,47895360356,2.711,,
past260,뮤쇼,dd3356900e3eb198a50ce389742b189e,2026-07-03,262,47895360356,2.711,,
past260,뮤쇼,dd3356900e3eb198a50ce389742b189e,2026-07-04,262,47895360356,2.711,8028461,
past260,뮤쇼,dd3356900e3eb198a50ce389742b189e,2026-07-05,262,47895360356,2.711,,
past260,뮤쇼,dd3356900e3eb198a50ce389742b189e,2026-07-06,262,47895360356,2.711,,
past260,뮤쇼,dd3356900e3eb198a50ce389742b189e,2026-07-07,262,47895360356,2.711,,
past260,뮤쇼,dd3356900e3eb198a50ce389742b189e,2026-07-08,262,47895360356,2.711,,
past260,뮤쇼,dd3356900e3eb198a50ce389742b189e,2026-07-09,262,47895360356,2.711,,
past260,뮤쇼,dd3356900e3eb198a50ce389742b189e,2026-07-10,262,47895360356,2.711,,
past260,뮤쇼,dd3356900e3eb198a50ce389742b189e,2026-07-11,262,47895360356,2.711,,
past260,뮤쇼,dd3356900e3eb198a50ce389742b189e,2026-07-12,262,47895360356,2.711,8028461,
past260,뮤쇼,dd3356900e3eb198a50ce389742b189e,2026-07-13,262,47895360356,2.711,,
past260,뮤쇼,dd3356900e3eb198a50ce389742b189e,2026-07-14,262,47895360356,2.711,,
past260,뮤쇼,dd3356900e3eb198a50ce389742b189e,2026-07-15,262,47895360356,2.711,,
past260,뮤쇼,dd3356900e3eb198a50ce389742b189e,2026-07-16,262,47895360356,2.711,,
past260,뮤쇼,dd3356900e3eb198a50ce389742b189e,2026-07-17,262,47895360356,2.711,,
past260,뮤쇼,dd3356900e3eb198a50ce389742b189e,2026-07-18,262,47895360356,2.711,,
past260,뮤쇼,dd3356900e3eb198a50ce389742b189e,2026-07-19,262,47895360356,2.711,,
past260,뮤쇼,dd3356900e3eb198a50ce389742b189e,2026-07-20,262,47895360356,2.711,8028461,
past260,뮤쇼,dd3356900e3eb198a50ce389742b189e,2026-07-21,262,47895360356,2.711,,
past260,뮤쇼,dd3356900e3eb198a50ce389742b189e,2026-07-22,262,47895360356,2.711,,
past260,근대씨앗,51a659a0be95720a2870528352a4f557,2026-06-18,262,45072992237,2.551,7783854,
past260,근대씨앗,51a659a0be95720a2870528352a4f557,2026-06-19,262,45072992237,2.551,,
past260,근대씨앗,51a659a0be95720a2870528352a4f557,2026-06-20,262,45072992237,2.551,,
past260,근대씨앗,51a659a0be95720a2870528352a4f557,2026-06-21,262,45072992237,2.551,,
past260,근대씨앗,51a659a0be95720a2870528352a4f557,2026-06-22,262,45072992237,2.551,,
past260,근대씨앗,51a659a0be95720a2870528352a4f557,2026-06-23,262,45072992237,2.551,,
past260,근대씨앗,51a659a0be95720a2870528352a4f557,2026-06-24,262,45072992237,2.551,,
past260,근대씨앗,51a659a0be95720a2870528352a4f557,2026-06-25,262,45072992237,2.551,,
past260,근대씨앗,51a659a0be95720a2870528352a4f557,2026-06-26,262,45072992237,2.551,7783854,
past260,근대씨앗,51a659a0be95720a2870528352a4f557,2026-06-27,262,45072992237,2.551,,
past260,근대씨앗,51a659a0be95720a2870528352a4f557,2026-06-28,262,45072992237,2.551,,
past260,근대씨앗,51a659a0be95720a2870528352a4f557,2026-06-29,262,45072992237,2.551,,
past260,근대씨앗,51a659a0be95720a2870528352a4f557,2026-06-30,262,45072992237,2.551,,
past260,근대씨앗,51a659a0be95720a2870528352a4f557,2026-07-01,262,45072992237,2.551,,
past260,근대씨앗,51a659a0be95720a2870528352a4f557,2026-07-02,262,45072992237,2.551,,
past260,근대씨앗,51a659a0be95720a2870528352a4f557,2026-07-03,262,45072992237,2.551,,
past260,근대씨앗,51a659a0be95720a2870528352a4f557,2026-07-04,262,45072992237,2.551,7783854,
past260,근대씨앗,51a659a0be95720a2870528352a4f557,2026-07-05,262,45072992237,2.551,,
past260,근대씨앗,51a659a0be95720a2870528352a4f557,2026-07-06,262,45072992237,2.551,,
past260,근대씨앗,51a659a0be95720a2870528352a4f557,2026-07-07,262,45072992237,2.551,,
past260,근대씨앗,51a659a0be95720a2870528352a4f557,2026-07-08,262,45072992237,2.551,,
past260,근대씨앗,51a659a0be95720a2870528352a4f557,2026-07-09,262,45072992237,2.551,,
past260,근대씨앗,51a659a0be95720a2870528352a4f557,2026-07-10,262,45072992237,2.551,,
past260,근대씨앗,51a659a0be95720a2870528352a4f557,2026-07-11,262,45072992237,2.551,,
past260,근대씨앗,51a659a0be95720a2870528352a4f557,2026-07-12,262,45072992237,2.551,7783854,
past260,근대씨앗,51a659a0be95720a2870528352a4f557,2026-07-13,262,45072992237,2.551,,
past260,근대씨앗,51a659a0be95720a2870528352a4f557,2026-07-14,262,45072992237,2.551,,
past260,근대씨앗,51a659a0be95720a2870528352a4f557,2026-07-15,262,45072992237,2.551,,
past260,근대씨앗,51a659a0be95720a2870528352a4f557,2026-07-16,262,45072992237,2.551,,
past260,근대씨앗,51a659a0be95720a2870528352a4f557,2026-07-17,262,45072992237,2.551,,
past260,근대씨앗,51a659a0be95720a2870528352a4f557,2026-07-18,262,45072992237,2.551,,
past260,근대씨앗,51a659a0be95720a2870528352a4f557,2026-07-19,262,45072992237,2.551,,
past260,근대씨앗,51a659a0be95720a2870528352a4f557,2026-07-20,262,45072992237,2.551,7783854,
past260,근대씨앗,51a659a0be95720a2870528352a4f557,2026-07-21,262,45072992237,2.551,,
past260,근대씨앗,51a659a0be95720a2870528352a4f557,2026-07-22,262,45072992237,2.551,,
past260,총총한총장님,a3135254bbf6c95ad614b7b7ef41ccacefe8d04e6d233bd35cf2fabdeb93fb0d,2026-06-18,262,32437433879,1.836,15997094,
past260,총총한총장님,a3135254bbf6c95ad614b7b7ef41ccacefe8d04e6d233bd35cf2fabdeb93fb0d,2026-06-19,262,32437433879,1.836,,
past260,총총한총장님,a3135254bbf6c95ad614b7b7ef41ccacefe8d04e6d233bd35cf2fabdeb93fb0d,2026-06-20,262,32437433879,1.836,,
past260,총총한총장님,a3135254bbf6c95ad614b7b7ef41ccacefe8d04e6d233bd35cf2fabdeb93fb0d,2026-06-21,262,32437433879,1.836,,
past260,총총한총장님,a3135254bbf6c95ad614b7b7ef41ccacefe8d04e6d233bd35cf2fabdeb93fb0d,2026-06-22,262,32437433879,1.836,,
past260,총총한총장님,a3135254bbf6c95ad614b7b7ef41ccacefe8d04e6d233bd35cf2fabdeb93fb0d,2026-06-23,262,32437433879,1.836,,
past260,총총한총장님,a3135254bbf6c95ad614b7b7ef41ccacefe8d04e6d233bd35cf2fabdeb93fb0d,2026-06-24,262,32437433879,1.836,,
past260,총총한총장님,a3135254bbf6c95ad614b7b7ef41ccacefe8d04e6d233bd35cf2fabdeb93fb0d,2026-06-25,262,32437433879,1.836,,
past260,총총한총장님,a3135254bbf6c95ad614b7b7ef41ccacefe8d04e6d233bd35cf2fabdeb93fb0d,2026-06-26,262,32437433879,1.836,15997094,
past260,총총한총장님,a3135254bbf6c95ad614b7b7ef41ccacefe8d04e6d233bd35cf2fabdeb93fb0d,2026-06-27,262,32437433879,1.836,,
past260,총총한총장님,a3135254bbf6c95ad614b7b7ef41ccacefe8d04e6d233bd35cf2fabdeb93fb0d,2026-06-28,262,32437433879,1.836,,
past260,총총한총장님,a3135254bbf6c95ad614b7b7ef41ccacefe8d04e6d233bd35cf2fabdeb93fb0d,2026-06-29,262,32437433879,1.836,,
past260,총총한총장님,a3135254bbf6c95ad614b7b7ef41ccacefe8d04e6d233bd35cf2fabdeb93fb0d,2026-06-30,262,32437433879,1.836,,
past260,총총한총장님,a3135254bbf6c95ad614b7b7ef41ccacefe8d04e6d233bd35cf2fabdeb93fb0d,2026-07-01,262,32437433879,1.836,,
past260,총총한총장님,a3135254bbf6c95ad614b7b7ef41ccacefe8d04e6d233bd35cf2fabdeb93fb0d,2026-07-02,262,32437433879,1.836,,
past260,총총한총장님,a3135254bbf6c95ad614b7b7ef41ccacefe8d04e6d233bd35cf2fabdeb93fb0d,2026-07-03,262,32437433879,1.836,,
past260,총총한총장님,a3135254bbf6c95ad614b7b7ef41ccacefe8d04e6d233bd35cf2fabdeb93fb0d,2026-07-04,262,32437433879,1.836,15997094,
past260,총총한총장님,a3135254bbf6c95ad614b7b7ef41ccacefe8d04e6d233bd35cf2fabdeb93fb0d,2026-07-05,262,32437433879,1.836,,
past260,총총한총장님,a3135254bbf6c95ad614b7b7ef41ccacefe8d04e6d233bd35cf2fabdeb93fb0d,2026-07-06,262,32437433879,1.836,,
past260,총총한총장님,a3135254bbf6c95ad614b7b7ef41ccacefe8d04e6d233bd35cf2fabdeb93fb0d,2026-07-07,262,32437433879,1.836,,
past260,총총한총장님,a3135254bbf6c95ad614b7b7ef41ccacefe8d04e6d233bd35cf2fabdeb93fb0d,2026-07-08,262,32437433879,1.836,,
past260,총총한총장님,a3135254bbf6c95ad614b7b7ef41ccacefe8d04e6d233bd35cf2fabdeb93fb0d,2026-07-09,262,32437433879,1.836,,
past260,총총한총장님,a3135254bbf6c95ad614b7b7ef41ccacefe8d04e6d233bd35cf2fabdeb93fb0d,2026-07-10,262,32437433879,1.836,,
past260,총총한총장님,a3135254bbf6c95ad614b7b7ef41ccacefe8d04e6d233bd35cf2fabdeb93fb0d,2026-07-11,262,32437433879,1.836,,
past260,총총한총장님,a3135254bbf6c95ad614b7b7ef41ccacefe8d04e6d233bd35cf2fabdeb93fb0d,2026-07-12,262,32437433879,1.836,15997094,
past260,총총한총장님,a3135254bbf6c95ad614b7b7ef41ccacefe8d04e6d233bd35cf2fabdeb93fb0d,2026-07-13,262,32437433879,1.836,,
past260,총총한총장님,a3135254bbf6c95ad614b7b7ef41ccacefe8d04e6d233bd35cf2fabdeb93fb0d,2026-07-14,262,32437433879,1.836,,
past260,총총한총장님,a3135254bbf6c95ad614b7b7ef41ccacefe8d04e6d233bd35cf2fabdeb93fb0d,2026-07-15,262,32437433879,1.836,,
past260,총총한총장님,a3135254bbf6c95ad614b7b7ef41ccacefe8d04e6d233bd35cf2fabdeb93fb0d,2026-07-16,262,32437433879,1.836,,
past260,총총한총장님,a3135254bbf6c95ad614b7b7ef41ccacefe8d04e6d233bd35cf2fabdeb93fb0d,2026-07-17,262,32437433879,1.836,,
past260,총총한총장님,a3135254bbf6c95ad614b7b7ef41ccacefe8d04e6d233bd35cf2fabdeb93fb0d,2026-07-18,262,32437433879,1.836,,
past260,총총한총장님,a3135254bbf6c95ad614b7b7ef41ccacefe8d04e6d233bd35cf2fabdeb93fb0d,2026-07-19,262,32437433879,1.836,,
past260,총총한총장님,a3135254bbf6c95ad614b7b7ef41ccacefe8d04e6d233bd35cf2fabdeb93fb0d,2026-07-20,262,32437433879,1.836,15997094,
past260,총총한총장님,a3135254bbf6c95ad614b7b7ef41ccacefe8d04e6d233bd35cf2fabdeb93fb0d,2026-07-21,262,32437433879,1.836,,
past260,총총한총장님,a3135254bbf6c95ad614b7b7ef41ccacefe8d04e6d233bd35cf2fabdeb93fb0d,2026-07-22,262,32437433879,1.836,,
past260,오이소박이,6c7b65381e03295da533ff3700ab8d02,2026-06-18,262,19174177339,1.085,13267997,
past260,오이소박이,6c7b65381e03295da533ff3700ab8d02,2026-06-19,262,19174177339,1.085,,
past260,오이소박이,6c7b65381e03295da533ff3700ab8d02,2026-06-20,262,19174177339,1.085,,
past260,오이소박이,6c7b65381e03295da533ff3700ab8d02,2026-06-21,262,19174177339,1.085,,
past260,오이소박이,6c7b65381e03295da533ff3700ab8d02,2026-06-22,262,19174177339,1.085,,
past260,오이소박이,6c7b65381e03295da533ff3700ab8d02,2026-06-23,262,19174177339,1.085,,
past260,오이소박이,6c7b65381e03295da533ff3700ab8d02,2026-06-24,262,19174177339,1.085,,
past260,오이소박이,6c7b65381e03295da533ff3700ab8d02,2026-06-25,262,19174177339,1.085,,
past260,오이소박이,6c7b65381e03295da533ff3700ab8d02,2026-06-26,262,19174177339,1.085,13267997,
past260,오이소박이,6c7b65381e03295da533ff3700ab8d02,2026-06-27,262,19174177339,1.085,,
past260,오이소박이,6c7b65381e03295da533ff3700ab8d02,2026-06-28,262,19174177339,1.085,,
past260,오이소박이,6c7b65381e03295da533ff3700ab8d02,2026-06-29,262,19174177339,1.085,,
past260,오이소박이,6c7b65381e03295da533ff3700ab8d02,2026-06-30,262,19174177339,1.085,,
past260,오이소박이,6c7b65381e03295da533ff3700ab8d02,2026-07-01,262,19174177339,1.085,,
past260,오이소박이,6c7b65381e03295da533ff3700ab8d02,2026-07-02,262,19174177339,1.085,,
past260,오이소박이,6c7b65381e03295da533ff3700ab8d02,2026-07-03,262,19174177339,1.085,,
past260,오이소박이,6c7b65381e03295da533ff3700ab8d02,2026-07-04,262,19174177339,1.085,13267997,
past260,오이소박이,6c7b65381e03295da533ff3700ab8d02,2026-07-05,262,19174177339,1.085,,
past260,오이소박이,6c7b65381e03295da533ff3700ab8d02,2026-07-06,262,19174177339,1.085,,
past260,오이소박이,6c7b65381e03295da533ff3700ab8d02,2026-07-07,262,19174177339,1.085,,
past260,오이소박이,6c7b65381e03295da533ff3700ab8d02,2026-07-08,262,19174177339,1.085,,
past260,오이소박이,6c7b65381e03295da533ff3700ab8d02,2026-07-09,262,19174177339,1.085,,
past260,오이소박이,6c7b65381e03295da533ff3700ab8d02,2026-07-10,262,19174177339,1.085,,
past260,오이소박이,6c7b65381e03295da533ff3700ab8d02,2026-07-11,262,19174177339,1.085,,
past260,오이소박이,6c7b65381e03295da533ff3700ab8d02,2026-07-12,262,19174177339,1.085,13267997,
past260,오이소박이,6c7b65381e03295da533ff3700ab8d02,2026-07-13,262,19174177339,1.085,,
past260,오이소박이,6c7b65381e03295da533ff3700ab8d02,2026-07-14,262,19174177339,1.085,,
past260,오이소박이,6c7b65381e03295da533ff3700ab8d02,2026-07-15,262,19174177339,1.085,,
past260,오이소박이,6c7b65381e03295da533ff3700ab8d02,2026-07-16,262,19174177339,1.085,,
past260,오이소박이,6c7b65381e03295da533ff3700ab8d02,2026-07-17,262,19174177339,1.085,,
past260,오이소박이,6c7b65381e03295da533ff3700ab8d02,2026-07-18,262,19174177339,1.085,,
past260,오이소박이,6c7b65381e03295da533ff3700ab8d02,2026-07-19,262,19174177339,1.085,,
past260,오이소박이,6c7b65381e03295da533ff3700ab8d02,2026-07-20,262,19174177339,1.085,13267997,
past260,오이소박이,6c7b65381e03295da533ff3700ab8d02,2026-07-21,262,19174177339,1.085,,
past260,오이소박이,6c7b65381e03295da533ff3700ab8d02,2026-07-22,262,19174177339,1.085,,
past260,toast0205,64ba0d725c12d81514ade05ab0c5a47dfd842dab14be2a956555625b37c97bff,2026-06-18,262,34863491396,1.973,4176564,
past260,toast0205,64ba0d725c12d81514ade05ab0c5a47dfd842dab14be2a956555625b37c97bff,2026-06-19,262,34863491396,1.973,,
past260,toast0205,64ba0d725c12d81514ade05ab0c5a47dfd842dab14be2a956555625b37c97bff,2026-06-20,262,34863491396,1.973,,
past260,toast0205,64ba0d725c12d81514ade05ab0c5a47dfd842dab14be2a956555625b37c97bff,2026-06-21,262,34863491396,1.973,,
past260,toast0205,64ba0d725c12d81514ade05ab0c5a47dfd842dab14be2a956555625b37c97bff,2026-06-22,262,34863491396,1.973,,
past260,toast0205,64ba0d725c12d81514ade05ab0c5a47dfd842dab14be2a956555625b37c97bff,2026-06-23,262,34863491396,1.973,,
past260,toast0205,64ba0d725c12d81514ade05ab0c5a47dfd842dab14be2a956555625b37c97bff,2026-06-24,262,34863491396,1.973,,
past260,toast0205,64ba0d725c12d81514ade05ab0c5a47dfd842dab14be2a956555625b37c97bff,2026-06-25,262,34863491396,1.973,,
past260,toast0205,64ba0d725c12d81514ade05ab0c5a47dfd842dab14be2a956555625b37c97bff,2026-06-26,262,34863491396,1.973,4176564,
past260,toast0205,64ba0d725c12d81514ade05ab0c5a47dfd842dab14be2a956555625b37c97bff,2026-06-27,262,34863491396,1.973,,
past260,toast0205,64ba0d725c12d81514ade05ab0c5a47dfd842dab14be2a956555625b37c97bff,2026-06-28,262,34863491396,1.973,,
past260,toast0205,64ba0d725c12d81514ade05ab0c5a47dfd842dab14be2a956555625b37c97bff,2026-06-29,262,34863491396,1.973,,
past260,toast0205,64ba0d725c12d81514ade05ab0c5a47dfd842dab14be2a956555625b37c97bff,2026-06-30,262,34863491396,1.973,,
past260,toast0205,64ba0d725c12d81514ade05ab0c5a47dfd842dab14be2a956555625b37c97bff,2026-07-01,262,34863491396,1.973,,
past260,toast0205,64ba0d725c12d81514ade05ab0c5a47dfd842dab14be2a956555625b37c97bff,2026-07-02,262,34863491396,1.973,,
past260,toast0205,64ba0d725c12d81514ade05ab0c5a47dfd842dab14be2a956555625b37c97bff,2026-07-03,262,34863491396,1.973,,
past260,toast0205,64ba0d725c12d81514ade05ab0c5a47dfd842dab14be2a956555625b37c97bff,2026-07-04,262,34863491396,1.973,4176564,
past260,toast0205,64ba0d725c12d81514ade05ab0c5a47dfd842dab14be2a956555625b37c97bff,2026-07-05,262,34863491396,1.973,,
past260,toast0205,64ba0d725c12d81514ade05ab0c5a47dfd842dab14be2a956555625b37c97bff,2026-07-06,262,34863491396,1.973,,
past260,toast0205,64ba0d725c12d81514ade05ab0c5a47dfd842dab14be2a956555625b37c97bff,2026-07-07,262,34863491396,1.973,,
past260,toast0205,64ba0d725c12d81514ade05ab0c5a47dfd842dab14be2a956555625b37c97bff,2026-07-08,262,34863491396,1.973,,
past260,toast0205,64ba0d725c12d81514ade05ab0c5a47dfd842dab14be2a956555625b37c97bff,2026-07-09,262,34863491396,1.973,,
past260,toast0205,64ba0d725c12d81514ade05ab0c5a47dfd842dab14be2a956555625b37c97bff,2026-07-10,262,34863491396,1.973,,
past260,toast0205,64ba0d725c12d81514ade05ab0c5a47dfd842dab14be2a956555625b37c97bff,2026-07-11,262,34863491396,1.973,,
past260,toast0205,64ba0d725c12d81514ade05ab0c5a47dfd842dab14be2a956555625b37c97bff,2026-07-12,262,34863491396,1.973,4176564,
past260,toast0205,64ba0d725c12d81514ade05ab0c5a47dfd842dab14be2a956555625b37c97bff,2026-07-13,262,34863491396,1.973,,
past260,toast0205,64ba0d725c12d81514ade05ab0c5a47dfd842dab14be2a956555625b37c97bff,2026-07-14,262,34863491396,1.973,,
past260,toast0205,64ba0d725c12d81514ade05ab0c5a47dfd842dab14be2a956555625b37c97bff,2026-07-15,262,34863491396,1.973,,
past260,toast0205,64ba0d725c12d81514ade05ab0c5a47dfd842dab14be2a956555625b37c97bff,2026-07-16,262,34863491396,1.973,,
past260,toast0205,64ba0d725c12d81514ade05ab0c5a47dfd842dab14be2a956555625b37c97bff,2026-07-17,262,34863491396,1.973,,
past260,toast0205,64ba0d725c12d81514ade05ab0c5a47dfd842dab14be2a956555625b37c97bff,2026-07-18,262,34863491396,1.973,,
past260,toast0205,64ba0d725c12d81514ade05ab0c5a47dfd842dab14be2a956555625b37c97bff,2026-07-19,262,34863491396,1.973,,
past260,toast0205,64ba0d725c12d81514ade05ab0c5a47dfd842dab14be2a956555625b37c97bff,2026-07-20,262,34863491396,1.973,4176564,
past260,toast0205,64ba0d725c12d81514ade05ab0c5a47dfd842dab14be2a956555625b37c97bff,2026-07-21,262,34863491396,1.973,,
past260,toast0205,64ba0d725c12d81514ade05ab0c5a47dfd842dab14be2a956555625b37c97bff,2026-07-22,262,34863491396,1.973,,
past260,파스톰,78cac13a4db5b991e538c0498d46bcacefe8d04e6d233bd35cf2fabdeb93fb0d,2026-06-18,262,22510845452,1.274,2537936,
past260,파스톰,78cac13a4db5b991e538c0498d46bcacefe8d04e6d233bd35cf2fabdeb93fb0d,2026-06-19,262,22510845452,1.274,,
past260,파스톰,78cac13a4db5b991e538c0498d46bcacefe8d04e6d233bd35cf2fabdeb93fb0d,2026-06-20,262,22510845452,1.274,,
past260,파스톰,78cac13a4db5b991e538c0498d46bcacefe8d04e6d233bd35cf2fabdeb93fb0d,2026-06-21,262,22510845452,1.274,,
past260,파스톰,78cac13a4db5b991e538c0498d46bcacefe8d04e6d233bd35cf2fabdeb93fb0d,2026-06-22,262,22510845452,1.274,,
past260,파스톰,78cac13a4db5b991e538c0498d46bcacefe8d04e6d233bd35cf2fabdeb93fb0d,2026-06-23,262,22510845452,1.274,,
past260,파스톰,78cac13a4db5b991e538c0498d46bcacefe8d04e6d233bd35cf2fabdeb93fb0d,2026-06-24,262,22510845452,1.274,,
past260,파스톰,78cac13a4db5b991e538c0498d46bcacefe8d04e6d233bd35cf2fabdeb93fb0d,2026-06-25,262,22510845452,1.274,,
past260,파스톰,78cac13a4db5b991e538c0498d46bcacefe8d04e6d233bd35cf2fabdeb93fb0d,2026-06-26,262,22510845452,1.274,2537936,
past260,파스톰,78cac13a4db5b991e538c0498d46bcacefe8d04e6d233bd35cf2fabdeb93fb0d,2026-06-27,262,22510845452,1.274,,
past260,파스톰,78cac13a4db5b991e538c0498d46bcacefe8d04e6d233bd35cf2fabdeb93fb0d,2026-06-28,262,22510845452,1.274,,
past260,파스톰,78cac13a4db5b991e538c0498d46bcacefe8d04e6d233bd35cf2fabdeb93fb0d,2026-06-29,262,22510845452,1.274,,
past260,파스톰,78cac13a4db5b991e538c0498d46bcacefe8d04e6d233bd35cf2fabdeb93fb0d,2026-06-30,262,22510845452,1.274,,
past260,파스톰,78cac13a4db5b991e538c0498d46bcacefe8d04e6d233bd35cf2fabdeb93fb0d,2026-07-01,262,22510845452,1.274,,
past260,파스톰,78cac13a4db5b991e538c0498d46bcacefe8d04e6d233bd35cf2fabdeb93fb0d,2026-07-02,262,22510845452,1.274,,
past260,파스톰,78cac13a4db5b991e538c0498d46bcacefe8d04e6d233bd35cf2fabdeb93fb0d,2026-07-03,262,22510845452,1.274,,
past260,파스톰,78cac13a4db5b991e538c0498d46bcacefe8d04e6d233bd35cf2fabdeb93fb0d,2026-07-04,262,22510845452,1.274,2537936,
past260,파스톰,78cac13a4db5b991e538c0498d46bcacefe8d04e6d233bd35cf2fabdeb93fb0d,2026-07-05,262,22510845452,1.274,,
past260,파스톰,78cac13a4db5b991e538c0498d46bcacefe8d04e6d233bd35cf2fabdeb93fb0d,2026-07-06,262,22510845452,1.274,,
past260,파스톰,78cac13a4db5b991e538c0498d46bcacefe8d04e6d233bd35cf2fabdeb93fb0d,2026-07-07,262,22510845452,1.274,,
past260,파스톰,78cac13a4db5b991e538c0498d46bcacefe8d04e6d233bd35cf2fabdeb93fb0d,2026-07-08,262,22510845452,1.274,,
past260,파스톰,78cac13a4db5b991e538c0498d46bcacefe8d04e6d233bd35cf2fabdeb93fb0d,2026-07-09,262,22510845452,1.274,,
past260,파스톰,78cac13a4db5b991e538c0498d46bcacefe8d04e6d233bd35cf2fabdeb93fb0d,2026-07-10,262,22510845452,1.274,,
past260,파스톰,78cac13a4db5b991e538c0498d46bcacefe8d04e6d233bd35cf2fabdeb93fb0d,2026-07-11,262,22510845452,1.274,,
past260,파스톰,78cac13a4db5b991e538c0498d46bcacefe8d04e6d233bd35cf2fabdeb93fb0d,2026-07-12,262,22510845452,1.274,2537936,
past260,파스톰,78cac13a4db5b991e538c0498d46bcacefe8d04e6d233bd35cf2fabdeb93fb0d,2026-07-13,262,22510845452,1.274,,
past260,파스톰,78cac13a4db5b991e538c0498d46bcacefe8d04e6d233bd35cf2fabdeb93fb0d,2026-07-14,262,22510845452,1.274,,
past260,파스톰,78cac13a4db5b991e538c0498d46bcacefe8d04e6d233bd35cf2fabdeb93fb0d,2026-07-15,262,22510845452,1.274,,
past260,파스톰,78cac13a4db5b991e538c0498d46bcacefe8d04e6d233bd35cf2fabdeb93fb0d,2026-07-16,262,22510845452,1.274,,
past260,파스톰,78cac13a4db5b991e538c0498d46bcacefe8d04e6d233bd35cf2fabdeb93fb0d,2026-07-17,262,22510845452,1.274,,
past260,파스톰,78cac13a4db5b991e538c0498d46bcacefe8d04e6d233bd35cf2fabdeb93fb0d,2026-07-18,262,22510845452,1.274,,
past260,파스톰,78cac13a4db5b991e538c0498d46bcacefe8d04e6d233bd35cf2fabdeb93fb0d,2026-07-19,262,22510845452,1.274,,
past260,파스톰,78cac13a4db5b991e538c0498d46bcacefe8d04e6d233bd35cf2fabdeb93fb0d,2026-07-20,262,22510845452,1.274,2537936,
past260,파스톰,78cac13a4db5b991e538c0498d46bcacefe8d04e6d233bd35cf2fabdeb93fb0d,2026-07-21,262,22510845452,1.274,,
past260,파스톰,78cac13a4db5b991e538c0498d46bcacefe8d04e6d233bd35cf2fabdeb93fb0d,2026-07-22,262,22510845452,1.274,,
past260,TeaMBiShop,913c2a45be3959e40cd8ffece11fa0ecefe8d04e6d233bd35cf2fabdeb93fb0d,2026-06-18,262,19200405714,1.087,875606,
past260,TeaMBiShop,913c2a45be3959e40cd8ffece11fa0ecefe8d04e6d233bd35cf2fabdeb93fb0d,2026-06-19,262,19200405714,1.087,,
past260,TeaMBiShop,913c2a45be3959e40cd8ffece11fa0ecefe8d04e6d233bd35cf2fabdeb93fb0d,2026-06-20,262,19200405714,1.087,,
past260,TeaMBiShop,913c2a45be3959e40cd8ffece11fa0ecefe8d04e6d233bd35cf2fabdeb93fb0d,2026-06-21,262,19200405714,1.087,,
past260,TeaMBiShop,913c2a45be3959e40cd8ffece11fa0ecefe8d04e6d233bd35cf2fabdeb93fb0d,2026-06-22,262,19200405714,1.087,,
past260,TeaMBiShop,913c2a45be3959e40cd8ffece11fa0ecefe8d04e6d233bd35cf2fabdeb93fb0d,2026-06-23,262,19200405714,1.087,,
past260,TeaMBiShop,913c2a45be3959e40cd8ffece11fa0ecefe8d04e6d233bd35cf2fabdeb93fb0d,2026-06-24,262,19200405714,1.087,,
past260,TeaMBiShop,913c2a45be3959e40cd8ffece11fa0ecefe8d04e6d233bd35cf2fabdeb93fb0d,2026-06-25,262,19200405714,1.087,,
past260,TeaMBiShop,913c2a45be3959e40cd8ffece11fa0ecefe8d04e6d233bd35cf2fabdeb93fb0d,2026-06-26,262,19200405714,1.087,875606,
past260,TeaMBiShop,913c2a45be3959e40cd8ffece11fa0ecefe8d04e6d233bd35cf2fabdeb93fb0d,2026-06-27,262,19200405714,1.087,,
past260,TeaMBiShop,913c2a45be3959e40cd8ffece11fa0ecefe8d04e6d233bd35cf2fabdeb93fb0d,2026-06-28,262,19200405714,1.087,,
past260,TeaMBiShop,913c2a45be3959e40cd8ffece11fa0ecefe8d04e6d233bd35cf2fabdeb93fb0d,2026-06-29,262,19200405714,1.087,,
past260,TeaMBiShop,913c2a45be3959e40cd8ffece11fa0ecefe8d04e6d233bd35cf2fabdeb93fb0d,2026-06-30,262,19200405714,1.087,,
past260,TeaMBiShop,913c2a45be3959e40cd8ffece11fa0ecefe8d04e6d233bd35cf2fabdeb93fb0d,2026-07-01,262,19200405714,1.087,,
past260,TeaMBiShop,913c2a45be3959e40cd8ffece11fa0ecefe8d04e6d233bd35cf2fabdeb93fb0d,2026-07-02,262,19200405714,1.087,,
past260,TeaMBiShop,913c2a45be3959e40cd8ffece11fa0ecefe8d04e6d233bd35cf2fabdeb93fb0d,2026-07-03,262,19200405714,1.087,,
past260,TeaMBiShop,913c2a45be3959e40cd8ffece11fa0ecefe8d04e6d233bd35cf2fabdeb93fb0d,2026-07-04,262,19200405714,1.087,875606,
past260,TeaMBiShop,913c2a45be3959e40cd8ffece11fa0ecefe8d04e6d233bd35cf2fabdeb93fb0d,2026-07-05,262,19200405714,1.087,,
past260,TeaMBiShop,913c2a45be3959e40cd8ffece11fa0ecefe8d04e6d233bd35cf2fabdeb93fb0d,2026-07-06,262,19200405714,1.087,,
past260,TeaMBiShop,913c2a45be3959e40cd8ffece11fa0ecefe8d04e6d233bd35cf2fabdeb93fb0d,2026-07-07,262,19200405714,1.087,,
past260,TeaMBiShop,913c2a45be3959e40cd8ffece11fa0ecefe8d04e6d233bd35cf2fabdeb93fb0d,2026-07-08,262,19200405714,1.087,,
past260,TeaMBiShop,913c2a45be3959e40cd8ffece11fa0ecefe8d04e6d233bd35cf2fabdeb93fb0d,2026-07-09,262,19200405714,1.087,,
past260,TeaMBiShop,913c2a45be3959e40cd8ffece11fa0ecefe8d04e6d233bd35cf2fabdeb93fb0d,2026-07-10,262,19200405714,1.087,,
past260,TeaMBiShop,913c2a45be3959e40cd8ffece11fa0ecefe8d04e6d233bd35cf2fabdeb93fb0d,2026-07-11,262,19200405714,1.087,,
past260,TeaMBiShop,913c2a45be3959e40cd8ffece11fa0ecefe8d04e6d233bd35cf2fabdeb93fb0d,2026-07-12,262,19200405714,1.087,875606,
past260,TeaMBiShop,913c2a45be3959e40cd8ffece11fa0ecefe8d04e6d233bd35cf2fabdeb93fb0d,2026-07-13,262,19200405714,1.087,,
past260,TeaMBiShop,913c2a45be3959e40cd8ffece11fa0ecefe8d04e6d233bd35cf2fabdeb93fb0d,2026-07-14,262,19200405714,1.087,,
past260,TeaMBiShop,913c2a45be3959e40cd8ffece11fa0ecefe8d04e6d233bd35cf2fabdeb93fb0d,2026-07-15,262,19200405714,1.087,,
past260,TeaMBiShop,913c2a45be3959e40cd8ffece11fa0ecefe8d04e6d233bd35cf2fabdeb93fb0d,2026-07-16,262,19200405714,1.087,,
past260,TeaMBiShop,913c2a45be3959e40cd8ffece11fa0ecefe8d04e6d233bd35cf2fabdeb93fb0d,2026-07-17,262,19200405714,1.087,,
past260,TeaMBiShop,913c2a45be3959e40cd8ffece11fa0ecefe8d04e6d233bd35cf2fabdeb93fb0d,2026-07-18,262,19200405714,1.087,,
past260,TeaMBiShop,913c2a45be3959e40cd8ffece11fa0ecefe8d04e6d233bd35cf2fabdeb93fb0d,2026-07-19,262,19200405714,1.087,,
past260,TeaMBiShop,913c2a45be3959e40cd8ffece11fa0ecefe8d04e6d233bd35cf2fabdeb93fb0d,2026-07-20,262,19200405714,1.087,875606,
past260,TeaMBiShop,913c2a45be3959e40cd8ffece11fa0ecefe8d04e6d233bd35cf2fabdeb93fb0d,2026-07-21,262,19200405714,1.087,,
past260,TeaMBiShop,913c2a45be3959e40cd8ffece11fa0ecefe8d04e6d233bd35cf2fabdeb93fb0d,2026-07-22,262,19200405714,1.087,,
past260,수제다,229e2ca0f54f8088f6e42207bbf4ccd3,2026-06-18,262,42673202506,2.415,11395355,
past260,수제다,229e2ca0f54f8088f6e42207bbf4ccd3,2026-06-19,262,42673202506,2.415,,
past260,수제다,229e2ca0f54f8088f6e42207bbf4ccd3,2026-06-20,262,42673202506,2.415,,
past260,수제다,229e2ca0f54f8088f6e42207bbf4ccd3,2026-06-21,262,42673202506,2.415,,
past260,수제다,229e2ca0f54f8088f6e42207bbf4ccd3,2026-06-22,262,42673202506,2.415,,
past260,수제다,229e2ca0f54f8088f6e42207bbf4ccd3,2026-06-23,262,42673202506,2.415,,
past260,수제다,229e2ca0f54f8088f6e42207bbf4ccd3,2026-06-24,262,42673202506,2.415,,
past260,수제다,229e2ca0f54f8088f6e42207bbf4ccd3,2026-06-25,262,42673202506,2.415,,
past260,수제다,229e2ca0f54f8088f6e42207bbf4ccd3,2026-06-26,262,42673202506,2.415,11395355,
past260,수제다,229e2ca0f54f8088f6e42207bbf4ccd3,2026-06-27,262,42673202506,2.415,,
past260,수제다,229e2ca0f54f8088f6e42207bbf4ccd3,2026-06-28,262,42673202506,2.415,,
past260,수제다,229e2ca0f54f8088f6e42207bbf4ccd3,2026-06-29,262,42673202506,2.415,,
past260,수제다,229e2ca0f54f8088f6e42207bbf4ccd3,2026-06-30,262,42673202506,2.415,,
past260,수제다,229e2ca0f54f8088f6e42207bbf4ccd3,2026-07-01,262,42673202506,2.415,,
past260,수제다,229e2ca0f54f8088f6e42207bbf4ccd3,2026-07-02,262,42673202506,2.415,,
past260,수제다,229e2ca0f54f8088f6e42207bbf4ccd3,2026-07-03,262,42673202506,2.415,,
past260,수제다,229e2ca0f54f8088f6e42207bbf4ccd3,2026-07-04,262,42673202506,2.415,11395355,
past260,수제다,229e2ca0f54f8088f6e42207bbf4ccd3,2026-07-05,262,42673202506,2.415,,
past260,수제다,229e2ca0f54f8088f6e42207bbf4ccd3,2026-07-06,262,42673202506,2.415,,
past260,수제다,229e2ca0f54f8088f6e42207bbf4ccd3,2026-07-07,262,42673202506,2.415,,
past260,수제다,229e2ca0f54f8088f6e42207bbf4ccd3,2026-07-08,262,42673202506,2.415,,
past260,수제다,229e2ca0f54f8088f6e42207bbf4ccd3,2026-07-09,262,42673202506,2.415,,
past260,수제다,229e2ca0f54f8088f6e42207bbf4ccd3,2026-07-10,262,42673202506,2.415,,
past260,수제다,229e2ca0f54f8088f6e42207bbf4ccd3,2026-07-11,262,42673202506,2.415,,
past260,수제다,229e2ca0f54f8088f6e42207bbf4ccd3,2026-07-12,262,42673202506,2.415,11395355,
past260,수제다,229e2ca0f54f8088f6e42207bbf4ccd3,2026-07-13,262,42673202506,2.415,,
past260,수제다,229e2ca0f54f8088f6e42207bbf4ccd3,2026-07-14,262,42673202506,2.415,,
past260,수제다,229e2ca0f54f8088f6e42207bbf4ccd3,2026-07-15,262,42673202506,2.415,,
past260,수제다,229e2ca0f54f8088f6e42207bbf4ccd3,2026-07-16,262,42673202506,2.415,,
past260,수제다,229e2ca0f54f8088f6e42207bbf4ccd3,2026-07-17,262,42673202506,2.415,,
past260,수제다,229e2ca0f54f8088f6e42207bbf4ccd3,2026-07-18,262,42673202506,2.415,,
past260,수제다,229e2ca0f54f8088f6e42207bbf4ccd3,2026-07-19,262,42673202506,2.415,,
past260,수제다,229e2ca0f54f8088f6e42207bbf4ccd3,2026-07-20,262,42673202506,2.415,11395355,
past260,수제다,229e2ca0f54f8088f6e42207bbf4ccd3,2026-07-21,262,42673202506,2.415,,
past260,수제다,229e2ca0f54f8088f6e42207bbf4ccd3,2026-07-22,262,42673202506,2.415,,
past260,도연궁,e57948d1c62a73d31471851e0ae6b9d3,2026-06-18,262,33534593670,1.898,13671071,
past260,도연궁,e57948d1c62a73d31471851e0ae6b9d3,2026-06-19,262,33534593670,1.898,,
past260,도연궁,e57948d1c62a73d31471851e0ae6b9d3,2026-06-20,262,33534593670,1.898,,
past260,도연궁,e57948d1c62a73d31471851e0ae6b9d3,2026-06-21,262,33534593670,1.898,,
past260,도연궁,e57948d1c62a73d31471851e0ae6b9d3,2026-06-22,262,33534593670,1.898,,
past260,도연궁,e57948d1c62a73d31471851e0ae6b9d3,2026-06-23,262,33534593670,1.898,,
past260,도연궁,e57948d1c62a73d31471851e0ae6b9d3,2026-06-24,262,33534593670,1.898,,
past260,도연궁,e57948d1c62a73d31471851e0ae6b9d3,2026-06-25,262,33534593670,1.898,,
past260,도연궁,e57948d1c62a73d31471851e0ae6b9d3,2026-06-26,262,33534593670,1.898,13671071,
past260,도연궁,e57948d1c62a73d31471851e0ae6b9d3,2026-06-27,262,33534593670,1.898,,
past260,도연궁,e57948d1c62a73d31471851e0ae6b9d3,2026-06-28,262,33534593670,1.898,,
past260,도연궁,e57948d1c62a73d31471851e0ae6b9d3,2026-06-29,262,33534593670,1.898,,
past260,도연궁,e57948d1c62a73d31471851e0ae6b9d3,2026-06-30,262,33534593670,1.898,,
past260,도연궁,e57948d1c62a73d31471851e0ae6b9d3,2026-07-01,262,33534593670,1.898,,
past260,도연궁,e57948d1c62a73d31471851e0ae6b9d3,2026-07-02,262,33534593670,1.898,,
past260,도연궁,e57948d1c62a73d31471851e0ae6b9d3,2026-07-03,262,33534593670,1.898,,
past260,도연궁,e57948d1c62a73d31471851e0ae6b9d3,2026-07-04,262,33534593670,1.898,13671071,
past260,도연궁,e57948d1c62a73d31471851e0ae6b9d3,2026-07-05,262,33534593670,1.898,,
past260,도연궁,e57948d1c62a73d31471851e0ae6b9d3,2026-07-06,262,33534593670,1.898,,
past260,도연궁,e57948d1c62a73d31471851e0ae6b9d3,2026-07-07,262,33534593670,1.898,,
past260,도연궁,e57948d1c62a73d31471851e0ae6b9d3,2026-07-08,262,33534593670,1.898,,
past260,도연궁,e57948d1c62a73d31471851e0ae6b9d3,2026-07-09,262,33534593670,1.898,,
past260,도연궁,e57948d1c62a73d31471851e0ae6b9d3,2026-07-10,262,33534593670,1.898,,
past260,도연궁,e57948d1c62a73d31471851e0ae6b9d3,2026-07-11,262,33534593670,1.898,,
past260,도연궁,e57948d1c62a73d31471851e0ae6b9d3,2026-07-12,262,33534593670,1.898,13671071,
past260,도연궁,e57948d1c62a73d31471851e0ae6b9d3,2026-07-13,262,33534593670,1.898,,
past260,도연궁,e57948d1c62a73d31471851e0ae6b9d3,2026-07-14,262,33534593670,1.898,,
past260,도연궁,e57948d1c62a73d31471851e0ae6b9d3,2026-07-15,262,33534593670,1.898,,
past260,도연궁,e57948d1c62a73d31471851e0ae6b9d3,2026-07-16,262,33534593670,1.898,,
past260,도연궁,e57948d1c62a73d31471851e0ae6b9d3,2026-07-17,262,33534593670,1.898,,
past260,도연궁,e57948d1c62a73d31471851e0ae6b9d3,2026-07-18,262,33534593670,1.898,,
past260,도연궁,e57948d1c62a73d31471851e0ae6b9d3,2026-07-19,262,33534593670,1.898,,
past260,도연궁,e57948d1c62a73d31471851e0ae6b9d3,2026-07-20,262,33534593670,1.898,13671071,
past260,도연궁,e57948d1c62a73d31471851e0ae6b9d3,2026-07-21,262,33534593670,1.898,,
past260,도연궁,e57948d1c62a73d31471851e0ae6b9d3,2026-07-22,262,33534593670,1.898,,
past260,뽀써리,11aa0fce047d41987cc21c8b5dce2d19,2026-06-18,262,53840734368,3.047,0,
past260,뽀써리,11aa0fce047d41987cc21c8b5dce2d19,2026-06-19,262,53840734368,3.047,,
past260,뽀써리,11aa0fce047d41987cc21c8b5dce2d19,2026-06-20,262,53840734368,3.047,,
past260,뽀써리,11aa0fce047d41987cc21c8b5dce2d19,2026-06-21,262,53840734368,3.047,,
past260,뽀써리,11aa0fce047d41987cc21c8b5dce2d19,2026-06-22,262,53840734368,3.047,,
past260,뽀써리,11aa0fce047d41987cc21c8b5dce2d19,2026-06-23,262,53840734368,3.047,,
past260,뽀써리,11aa0fce047d41987cc21c8b5dce2d19,2026-06-24,262,53840734368,3.047,,
past260,뽀써리,11aa0fce047d41987cc21c8b5dce2d19,2026-06-25,262,53840734368,3.047,,
past260,뽀써리,11aa0fce047d41987cc21c8b5dce2d19,2026-06-26,262,53840734368,3.047,0,
past260,뽀써리,11aa0fce047d41987cc21c8b5dce2d19,2026-06-27,262,53840734368,3.047,,
past260,뽀써리,11aa0fce047d41987cc21c8b5dce2d19,2026-06-28,262,53840734368,3.047,,
past260,뽀써리,11aa0fce047d41987cc21c8b5dce2d19,2026-06-29,262,53840734368,3.047,,
past260,뽀써리,11aa0fce047d41987cc21c8b5dce2d19,2026-06-30,262,53840734368,3.047,,
past260,뽀써리,11aa0fce047d41987cc21c8b5dce2d19,2026-07-01,262,53840734368,3.047,,
past260,뽀써리,11aa0fce047d41987cc21c8b5dce2d19,2026-07-02,262,53840734368,3.047,,
past260,뽀써리,11aa0fce047d41987cc21c8b5dce2d19,2026-07-03,262,53840734368,3.047,,
past260,뽀써리,11aa0fce047d41987cc21c8b5dce2d19,2026-07-04,262,53840734368,3.047,0,
past260,뽀써리,11aa0fce047d41987cc21c8b5dce2d19,2026-07-05,262,53840734368,3.047,,
past260,뽀써리,11aa0fce047d41987cc21c8b5dce2d19,2026-07-06,262,53840734368,3.047,,
past260,뽀써리,11aa0fce047d41987cc21c8b5dce2d19,2026-07-07,262,53840734368,3.047,,
past260,뽀써리,11aa0fce047d41987cc21c8b5dce2d19,2026-07-08,262,53840734368,3.047,,
past260,뽀써리,11aa0fce047d41987cc21c8b5dce2d19,2026-07-09,262,53840734368,3.047,,
past260,뽀써리,11aa0fce047d41987cc21c8b5dce2d19,2026-07-10,262,53840734368,3.047,,
past260,뽀써리,11aa0fce047d41987cc21c8b5dce2d19,2026-07-11,262,53840734368,3.047,,
past260,뽀써리,11aa0fce047d41987cc21c8b5dce2d19,2026-07-12,262,53840734368,3.047,0,
past260,뽀써리,11aa0fce047d41987cc21c8b5dce2d19,2026-07-13,262,53840734368,3.047,,
past260,뽀써리,11aa0fce047d41987cc21c8b5dce2d19,2026-07-14,262,53840734368,3.047,,
past260,뽀써리,11aa0fce047d41987cc21c8b5dce2d19,2026-07-15,262,53840734368,3.047,,
past260,뽀써리,11aa0fce047d41987cc21c8b5dce2d19,2026-07-16,262,53840734368,3.047,,
past260,뽀써리,11aa0fce047d41987cc21c8b5dce2d19,2026-07-17,262,53840734368,3.047,,
past260,뽀써리,11aa0fce047d41987cc21c8b5dce2d19,2026-07-18,262,53840734368,3.047,,
past260,뽀써리,11aa0fce047d41987cc21c8b5dce2d19,2026-07-19,262,53840734368,3.047,,
past260,뽀써리,11aa0fce047d41987cc21c8b5dce2d19,2026-07-20,262,53840734368,3.047,0,
past260,뽀써리,11aa0fce047d41987cc21c8b5dce2d19,2026-07-21,262,53840734368,3.047,,
past260,뽀써리,11aa0fce047d41987cc21c8b5dce2d19,2026-07-22,262,53840734368,3.047,,
