cohort,character_name,ocid,date,level,exp,exp_rate,combat_power,error_code
approach,노현솔,db3cade0511875435786133c6e2304b2,2026-06-18,251,247760164,0.129,0,
approach,노현솔,db3cade0511875435786133c6e2304b2,2026-06-19,251,247760164,0.129,,
approach,노현솔,db3cade0511875435786133c6e2304b2,2026-06-20,251,247760164,0.129,,
approach,노현솔,db3cade0511875435786133c6e2304b2,2026-06-21,251,247760164,0.129,,
approach,노현솔,db3cade0511875435786133c6e2304b2,2026-06-22,251,247760164,0.129,,
approach,노현솔,db3cade0511875435786133c6e2304b2,2026-06-23,251,247760164,0.129,,
approach,노현솔,db3cade0511875435786133c6e2304b2,2026-06-24,251,247760164,0.129,,
approach,노현솔,db3cade0511875435786133c6e2304b2,2026-06-25,251,247760164,0.129,,
approach,노현솔,db3cade0511875435786133c6e2304b2,2026-06-26,251,247760164,0.129,0,
approach,노현솔,db3cade0511875435786133c6e2304b2,2026-06-27,251,247760164,0.129,,
approach,노현솔,db3cade0511875435786133c6e2304b2,2026-06-28,251,247760164,0.129,,
approach,노현솔,db3cade0511875435786133c6e2304b2,2026-06-29,251,247760164,0.129,,
approach,노현솔,db3cade0511875435786133c6e2304b2,2026-06-30,251,247760164,0.129,,
approach,노현솔,db3cade0511875435786133c6e2304b2,2026-07-01,251,247760164,0.129,,
approach,노현솔,db3cade0511875435786133c6e2304b2,2026-07-02,251,247760164,0.129,,
approach,노현솔,db3cade0511875435786133c6e2304b2,2026-07-03,251,247760164,0.129,,
approach,노현솔,db3cade0511875435786133c6e2304b2,2026-07-04,251,247760164,0.129,0,
approach,노현솔,db3cade0511875435786133c6e2304b2,2026-07-05,251,247760164,0.129,,
approach,노현솔,db3cade0511875435786133c6e2304b2,2026-07-06,251,247760164,0.129,,
approach,노현솔,db3cade0511875435786133c6e2304b2,2026-07-07,251,247760164,0.129,,
approach,노현솔,db3cade0511875435786133c6e2304b2,2026-07-08,251,247760164,0.129,,
approach,노현솔,db3cade0511875435786133c6e2304b2,2026-07-09,251,247760164,0.129,,
approach,노현솔,db3cade0511875435786133c6e2304b2,2026-07-10,251,247760164,0.129,,
approach,노현솔,db3cade0511875435786133c6e2304b2,2026-07-11,251,247760164,0.129,,
approach,노현솔,db3cade0511875435786133c6e2304b2,2026-07-12,251,247760164,0.129,0,
approach,에스웍스터보,7a75854e8db35ba537d912a8b7410992efe8d04e6d233bd35cf2fabdeb93fb0d,2026-06-18,251,234181608,0.122,309070,
approach,에스웍스터보,7a75854e8db35ba537d912a8b7410992efe8d04e6d233bd35cf2fabdeb93fb0d,2026-06-19,251,234181608,0.122,,
approach,에스웍스터보,7a75854e8db35ba537d912a8b7410992efe8d04e6d233bd35cf2fabdeb93fb0d,2026-06-20,251,234181608,0.122,,
approach,에스웍스터보,7a75854e8db35ba537d912a8b7410992efe8d04e6d233bd35cf2fabdeb93fb0d,2026-06-21,251,234181608,0.122,,
approach,에스웍스터보,7a75854e8db35ba537d912a8b7410992efe8d04e6d233bd35cf2fabdeb93fb0d,2026-06-22,251,234181608,0.122,,
approach,에스웍스터보,7a75854e8db35ba537d912a8b7410992efe8d04e6d233bd35cf2fabdeb93fb0d,2026-06-23,251,234181608,0.122,,
approach,에스웍스터보,7a75854e8db35ba537d912a8b7410992efe8d04e6d233bd35cf2fabdeb93fb0d,2026-06-24,251,234181608,0.122,,
approach,에스웍스터보,7a75854e8db35ba537d912a8b7410992efe8d04e6d233bd35cf2fabdeb93fb0d,2026-06-25,251,234181608,0.122,,
approach,에스웍스터보,7a75854e8db35ba537d912a8b7410992efe8d04e6d233bd35cf2fabdeb93fb0d,2026-06-26,251,234181608,0.122,309070,
approach,에스웍스터보,7a75854e8db35ba537d912a8b7410992efe8d04e6d233bd35cf2fabdeb93fb0d,2026-06-27,251,234181608,0.122,,
approach,에스웍스터보,7a75854e8db35ba537d912a8b7410992efe8d04e6d233bd35cf2fabdeb93fb0d,2026-06-28,251,234181608,0.122,,
approach,에스웍스터보,7a75854e8db35ba537d912a8b7410992efe8d04e6d233bd35cf2fabdeb93fb0d,2026-06-29,251,234181608,0.122,,
approach,에스웍스터보,7a75854e8db35ba537d912a8b7410992efe8d04e6d233bd35cf2fabdeb93fb0d,2026-06-30,251,234181608,0.122,,
approach,에스웍스터보,7a75854e8db35ba537d912a8b7410992efe8d04e6d233bd35cf2fabdeb93fb0d,2026-07-01,251,234181608,0.122,,
approach,에스웍스터보,7a75854e8db35ba537d912a8b7410992efe8d04e6d233bd35cf2fabdeb93fb0d,2026-07-02,251,234181608,0.122,,
approach,에스웍스터보,7a75854e8db35ba537d912a8b7410992efe8d04e6d233bd35cf2fabdeb93fb0d,2026-07-03,251,234181608,0.122,,
approach,에스웍스터보,7a75854e8db35ba537d912a8b7410992efe8d04e6d233bd35cf2fabdeb93fb0d,2026-07-04,251,234181608,0.122,309070,
approach,에스웍스터보,7a75854e8db35ba537d912a8b7410992efe8d04e6d233bd35cf2fabdeb93fb0d,2026-07-05,251,234181608,0.122,,
approach,에스웍스터보,7a75854e8db35ba537d912a8b7410992efe8d04e6d233bd35cf2fabdeb93fb0d,2026-07-06,251,234181608,0.122,,
approach,에스웍스터보,7a75854e8db35ba537d912a8b7410992efe8d04e6d233bd35cf2fabdeb93fb0d,2026-07-07,251,234181608,0.122,,
approach,에스웍스터보,7a75854e8db35ba537d912a8b7410992efe8d04e6d233bd35cf2fabdeb93fb0d,2026-07-08,251,234181608,0.122,,
approach,에스웍스터보,7a75854e8db35ba537d912a8b7410992efe8d04e6d233bd35cf2fabdeb93fb0d,2026-07-09,251,234181608,0.122,,
approach,에스웍스터보,7a75854e8db35ba537d912a8b7410992efe8d04e6d233bd35cf2fabdeb93fb0d,2026-07-10,251,234181608,0.122,,
approach,에스웍스터보,7a75854e8db35ba537d912a8b7410992efe8d04e6d233bd35cf2fabdeb93fb0d,2026-07-11,251,234181608,0.122,,
approach,에스웍스터보,7a75854e8db35ba537d912a8b7410992efe8d04e6d233bd35cf2fabdeb93fb0d,2026-07-12,251,234181608,0.122,309070,
approach,씨흔,36fd9436306d69ceaa20b114f956bc97,2026-06-18,251,254544737,0.132,211842,
approach,씨흔,36fd9436306d69ceaa20b114f956bc97,2026-06-19,251,254544737,0.132,,
approach,씨흔,36fd9436306d69ceaa20b114f956bc97,2026-06-20,251,254544737,0.132,,
approach,씨흔,36fd9436306d69ceaa20b114f956bc97,2026-06-21,251,254544737,0.132,,
approach,씨흔,36fd9436306d69ceaa20b114f956bc97,2026-06-22,251,254544737,0.132,,
approach,씨흔,36fd9436306d69ceaa20b114f956bc97,2026-06-23,251,254544737,0.132,,
approach,씨흔,36fd9436306d69ceaa20b114f956bc97,2026-06-24,251,254544737,0.132,,
approach,씨흔,36fd9436306d69ceaa20b114f956bc97,2026-06-25,251,254544737,0.132,,
approach,씨흔,36fd9436306d69ceaa20b114f956bc97,2026-06-26,251,254544737,0.132,211842,
approach,씨흔,36fd9436306d69ceaa20b114f956bc97,2026-06-27,251,254544737,0.132,,
approach,씨흔,36fd9436306d69ceaa20b114f956bc97,2026-06-28,251,254544737,0.132,,
approach,씨흔,36fd9436306d69ceaa20b114f956bc97,2026-06-29,251,254544737,0.132,,
approach,씨흔,36fd9436306d69ceaa20b114f956bc97,2026-06-30,251,254544737,0.132,,
approach,씨흔,36fd9436306d69ceaa20b114f956bc97,2026-07-01,251,254544737,0.132,,
approach,씨흔,36fd9436306d69ceaa20b114f956bc97,2026-07-02,251,254544737,0.132,,
approach,씨흔,36fd9436306d69ceaa20b114f956bc97,2026-07-03,251,254544737,0.132,,
approach,씨흔,36fd9436306d69ceaa20b114f956bc97,2026-07-04,251,254544737,0.132,211842,
approach,씨흔,36fd9436306d69ceaa20b114f956bc97,2026-07-05,251,254544737,0.132,,
approach,씨흔,36fd9436306d69ceaa20b114f956bc97,2026-07-06,251,254544737,0.132,,
approach,씨흔,36fd9436306d69ceaa20b114f956bc97,2026-07-07,251,254544737,0.132,,
approach,씨흔,36fd9436306d69ceaa20b114f956bc97,2026-07-08,251,254544737,0.132,,
approach,씨흔,36fd9436306d69ceaa20b114f956bc97,2026-07-09,251,254544737,0.132,,
approach,씨흔,36fd9436306d69ceaa20b114f956bc97,2026-07-10,251,254544737,0.132,,
approach,씨흔,36fd9436306d69ceaa20b114f956bc97,2026-07-11,251,254544737,0.132,,
approach,씨흔,36fd9436306d69ceaa20b114f956bc97,2026-07-12,251,254544737,0.132,211842,
approach,왈아란이,2c9aea595bb947f82ecf3cbb6694efd9,2026-06-18,251,255296733,0.056,5649370,
approach,왈아란이,2c9aea595bb947f82ecf3cbb6694efd9,2026-06-19,251,255296733,0.056,,
approach,왈아란이,2c9aea595bb947f82ecf3cbb6694efd9,2026-06-20,251,255296733,0.133,,
approach,왈아란이,2c9aea595bb947f82ecf3cbb6694efd9,2026-06-21,251,255296733,0.133,,
approach,왈아란이,2c9aea595bb947f82ecf3cbb6694efd9,2026-06-22,251,255296733,0.133,,
approach,왈아란이,2c9aea595bb947f82ecf3cbb6694efd9,2026-06-23,251,255296733,0.133,,
approach,왈아란이,2c9aea595bb947f82ecf3cbb6694efd9,2026-06-24,251,255296733,0.133,,
approach,왈아란이,2c9aea595bb947f82ecf3cbb6694efd9,2026-06-25,251,255296733,0.133,,
approach,왈아란이,2c9aea595bb947f82ecf3cbb6694efd9,2026-06-26,251,255296733,0.133,5166466,
approach,왈아란이,2c9aea595bb947f82ecf3cbb6694efd9,2026-06-27,251,255296733,0.133,,
approach,왈아란이,2c9aea595bb947f82ecf3cbb6694efd9,2026-06-28,251,255296733,0.133,,
approach,왈아란이,2c9aea595bb947f82ecf3cbb6694efd9,2026-06-29,251,255296733,0.133,,
approach,왈아란이,2c9aea595bb947f82ecf3cbb6694efd9,2026-06-30,251,255296733,0.133,,
approach,왈아란이,2c9aea595bb947f82ecf3cbb6694efd9,2026-07-01,251,255296733,0.133,,
approach,왈아란이,2c9aea595bb947f82ecf3cbb6694efd9,2026-07-02,251,255296733,0.133,,
approach,왈아란이,2c9aea595bb947f82ecf3cbb6694efd9,2026-07-03,251,255296733,0.133,,
approach,왈아란이,2c9aea595bb947f82ecf3cbb6694efd9,2026-07-04,251,255296733,0.133,5166466,
approach,왈아란이,2c9aea595bb947f82ecf3cbb6694efd9,2026-07-05,251,255296733,0.133,,
approach,왈아란이,2c9aea595bb947f82ecf3cbb6694efd9,2026-07-06,251,255296733,0.133,,
approach,왈아란이,2c9aea595bb947f82ecf3cbb6694efd9,2026-07-07,251,255296733,0.133,,
approach,왈아란이,2c9aea595bb947f82ecf3cbb6694efd9,2026-07-08,251,255296733,0.133,,
approach,왈아란이,2c9aea595bb947f82ecf3cbb6694efd9,2026-07-09,251,255296733,0.133,,
approach,왈아란이,2c9aea595bb947f82ecf3cbb6694efd9,2026-07-10,251,255296733,0.133,,
approach,왈아란이,2c9aea595bb947f82ecf3cbb6694efd9,2026-07-11,251,255296733,0.133,,
approach,왈아란이,2c9aea595bb947f82ecf3cbb6694efd9,2026-07-12,251,255296733,0.133,5166466,
approach,미미앤장군,5fb6fe832583c03ef08695d46a9227c0,2026-06-18,251,304746397,0.159,105987,
approach,미미앤장군,5fb6fe832583c03ef08695d46a9227c0,2026-06-19,251,304746397,0.159,,
approach,미미앤장군,5fb6fe832583c03ef08695d46a9227c0,2026-06-20,251,304746397,0.159,,
approach,미미앤장군,5fb6fe832583c03ef08695d46a9227c0,2026-06-21,251,304746397,0.159,,
approach,미미앤장군,5fb6fe832583c03ef08695d46a9227c0,2026-06-22,251,304746397,0.159,,
approach,미미앤장군,5fb6fe832583c03ef08695d46a9227c0,2026-06-23,251,304746397,0.159,,
approach,미미앤장군,5fb6fe832583c03ef08695d46a9227c0,2026-06-24,251,304746397,0.159,,
approach,미미앤장군,5fb6fe832583c03ef08695d46a9227c0,2026-06-25,251,304746397,0.159,,
approach,미미앤장군,5fb6fe832583c03ef08695d46a9227c0,2026-06-26,251,304746397,0.159,105987,
approach,미미앤장군,5fb6fe832583c03ef08695d46a9227c0,2026-06-27,251,304746397,0.159,,
approach,미미앤장군,5fb6fe832583c03ef08695d46a9227c0,2026-06-28,251,304746397,0.159,,
approach,미미앤장군,5fb6fe832583c03ef08695d46a9227c0,2026-06-29,251,304746397,0.159,,
approach,미미앤장군,5fb6fe832583c03ef08695d46a9227c0,2026-06-30,251,304746397,0.159,,
approach,미미앤장군,5fb6fe832583c03ef08695d46a9227c0,2026-07-01,251,304746397,0.159,,
approach,미미앤장군,5fb6fe832583c03ef08695d46a9227c0,2026-07-02,251,304746397,0.159,,
approach,미미앤장군,5fb6fe832583c03ef08695d46a9227c0,2026-07-03,251,304746397,0.159,,
approach,미미앤장군,5fb6fe832583c03ef08695d46a9227c0,2026-07-04,251,304746397,0.159,105987,
approach,미미앤장군,5fb6fe832583c03ef08695d46a9227c0,2026-07-05,251,304746397,0.159,,
approach,미미앤장군,5fb6fe832583c03ef08695d46a9227c0,2026-07-06,251,304746397,0.159,,
approach,미미앤장군,5fb6fe832583c03ef08695d46a9227c0,2026-07-07,251,304746397,0.159,,
approach,미미앤장군,5fb6fe832583c03ef08695d46a9227c0,2026-07-08,251,304746397,0.159,,
approach,미미앤장군,5fb6fe832583c03ef08695d46a9227c0,2026-07-09,251,304746397,0.159,,
approach,미미앤장군,5fb6fe832583c03ef08695d46a9227c0,2026-07-10,251,304746397,0.159,,
approach,미미앤장군,5fb6fe832583c03ef08695d46a9227c0,2026-07-11,251,304746397,0.159,,
approach,미미앤장군,5fb6fe832583c03ef08695d46a9227c0,2026-07-12,251,304746397,0.159,105987,
approach,에온메카닉,b971fbb483bc7cc8d11a911453e8c9e3,2026-06-18,251,270200547,0.141,229985,
approach,에온메카닉,b971fbb483bc7cc8d11a911453e8c9e3,2026-06-19,251,270200547,0.141,,
approach,에온메카닉,b971fbb483bc7cc8d11a911453e8c9e3,2026-06-20,251,270200547,0.141,,
approach,에온메카닉,b971fbb483bc7cc8d11a911453e8c9e3,2026-06-21,251,270200547,0.141,,
approach,에온메카닉,b971fbb483bc7cc8d11a911453e8c9e3,2026-06-22,251,270200547,0.141,,
approach,에온메카닉,b971fbb483bc7cc8d11a911453e8c9e3,2026-06-23,251,270200547,0.141,,
approach,에온메카닉,b971fbb483bc7cc8d11a911453e8c9e3,2026-06-24,251,270200547,0.141,,
approach,에온메카닉,b971fbb483bc7cc8d11a911453e8c9e3,2026-06-25,251,270200547,0.141,,
approach,에온메카닉,b971fbb483bc7cc8d11a911453e8c9e3,2026-06-26,251,270200547,0.141,229985,
approach,에온메카닉,b971fbb483bc7cc8d11a911453e8c9e3,2026-06-27,251,270200547,0.141,,
approach,에온메카닉,b971fbb483bc7cc8d11a911453e8c9e3,2026-06-28,251,270200547,0.141,,
approach,에온메카닉,b971fbb483bc7cc8d11a911453e8c9e3,2026-06-29,251,270200547,0.141,,
approach,에온메카닉,b971fbb483bc7cc8d11a911453e8c9e3,2026-06-30,251,270200547,0.141,,
approach,에온메카닉,b971fbb483bc7cc8d11a911453e8c9e3,2026-07-01,251,270200547,0.141,,
approach,에온메카닉,b971fbb483bc7cc8d11a911453e8c9e3,2026-07-02,251,270200547,0.141,,
approach,에온메카닉,b971fbb483bc7cc8d11a911453e8c9e3,2026-07-03,251,270200547,0.141,,
approach,에온메카닉,b971fbb483bc7cc8d11a911453e8c9e3,2026-07-04,251,270200547,0.141,229985,
approach,에온메카닉,b971fbb483bc7cc8d11a911453e8c9e3,2026-07-05,251,270200547,0.141,,
approach,에온메카닉,b971fbb483bc7cc8d11a911453e8c9e3,2026-07-06,251,270200547,0.141,,
approach,에온메카닉,b971fbb483bc7cc8d11a911453e8c9e3,2026-07-07,251,270200547,0.141,,
approach,에온메카닉,b971fbb483bc7cc8d11a911453e8c9e3,2026-07-08,251,270200547,0.141,,
approach,에온메카닉,b971fbb483bc7cc8d11a911453e8c9e3,2026-07-09,251,270200547,0.141,,
approach,에온메카닉,b971fbb483bc7cc8d11a911453e8c9e3,2026-07-10,251,270200547,0.141,,
approach,에온메카닉,b971fbb483bc7cc8d11a911453e8c9e3,2026-07-11,251,270200547,0.141,,
approach,에온메카닉,b971fbb483bc7cc8d11a911453e8c9e3,2026-07-12,251,270200547,0.141,229985,
approach,설인방,cb59416e41cd22927440cb5d0095e028,2026-06-18,251,280407469,0.146,63781,
approach,설인방,cb59416e41cd22927440cb5d0095e028,2026-06-19,251,280407469,0.146,,
approach,설인방,cb59416e41cd22927440cb5d0095e028,2026-06-20,251,280407469,0.146,,
approach,설인방,cb59416e41cd22927440cb5d0095e028,2026-06-21,251,280407469,0.146,,
approach,설인방,cb59416e41cd22927440cb5d0095e028,2026-06-22,251,280407469,0.146,,
approach,설인방,cb59416e41cd22927440cb5d0095e028,2026-06-23,251,280407469,0.146,,
approach,설인방,cb59416e41cd22927440cb5d0095e028,2026-06-24,251,280407469,0.146,,
approach,설인방,cb59416e41cd22927440cb5d0095e028,2026-06-25,251,280407469,0.146,,
approach,설인방,cb59416e41cd22927440cb5d0095e028,2026-06-26,251,280407469,0.146,63781,
approach,설인방,cb59416e41cd22927440cb5d0095e028,2026-06-27,251,280407469,0.146,,
approach,설인방,cb59416e41cd22927440cb5d0095e028,2026-06-28,251,280407469,0.146,,
approach,설인방,cb59416e41cd22927440cb5d0095e028,2026-06-29,251,280407469,0.146,,
approach,설인방,cb59416e41cd22927440cb5d0095e028,2026-06-30,251,280407469,0.146,,
approach,설인방,cb59416e41cd22927440cb5d0095e028,2026-07-01,251,280407469,0.146,,
approach,설인방,cb59416e41cd22927440cb5d0095e028,2026-07-02,251,280407469,0.146,,
approach,설인방,cb59416e41cd22927440cb5d0095e028,2026-07-03,251,280407469,0.146,,
approach,설인방,cb59416e41cd22927440cb5d0095e028,2026-07-04,251,280407469,0.146,63781,
approach,설인방,cb59416e41cd22927440cb5d0095e028,2026-07-05,251,280407469,0.146,,
approach,설인방,cb59416e41cd22927440cb5d0095e028,2026-07-06,251,280407469,0.146,,
approach,설인방,cb59416e41cd22927440cb5d0095e028,2026-07-07,251,280407469,0.146,,
approach,설인방,cb59416e41cd22927440cb5d0095e028,2026-07-08,251,280407469,0.146,,
approach,설인방,cb59416e41cd22927440cb5d0095e028,2026-07-09,251,280407469,0.146,,
approach,설인방,cb59416e41cd22927440cb5d0095e028,2026-07-10,251,280407469,0.146,,
approach,설인방,cb59416e41cd22927440cb5d0095e028,2026-07-11,251,280407469,0.146,,
approach,설인방,cb59416e41cd22927440cb5d0095e028,2026-07-12,251,280407469,0.146,63781,
approach,12227,b90e7186b438694eb88842593be5dd63efe8d04e6d233bd35cf2fabdeb93fb0d,2026-06-18,251,223219191,0.116,838756,
approach,12227,b90e7186b438694eb88842593be5dd63efe8d04e6d233bd35cf2fabdeb93fb0d,2026-06-19,251,223219191,0.116,,
approach,12227,b90e7186b438694eb88842593be5dd63efe8d04e6d233bd35cf2fabdeb93fb0d,2026-06-20,251,223219191,0.116,,
approach,12227,b90e7186b438694eb88842593be5dd63efe8d04e6d233bd35cf2fabdeb93fb0d,2026-06-21,251,223219191,0.116,,
approach,12227,b90e7186b438694eb88842593be5dd63efe8d04e6d233bd35cf2fabdeb93fb0d,2026-06-22,251,223219191,0.116,,
approach,12227,b90e7186b438694eb88842593be5dd63efe8d04e6d233bd35cf2fabdeb93fb0d,2026-06-23,251,223219191,0.116,,
approach,12227,b90e7186b438694eb88842593be5dd63efe8d04e6d233bd35cf2fabdeb93fb0d,2026-06-24,251,223219191,0.116,,
approach,12227,b90e7186b438694eb88842593be5dd63efe8d04e6d233bd35cf2fabdeb93fb0d,2026-06-25,251,223219191,0.116,,
approach,12227,b90e7186b438694eb88842593be5dd63efe8d04e6d233bd35cf2fabdeb93fb0d,2026-06-26,251,223219191,0.116,838756,
approach,12227,b90e7186b438694eb88842593be5dd63efe8d04e6d233bd35cf2fabdeb93fb0d,2026-06-27,251,223219191,0.116,,
approach,12227,b90e7186b438694eb88842593be5dd63efe8d04e6d233bd35cf2fabdeb93fb0d,2026-06-28,251,223219191,0.116,,
approach,12227,b90e7186b438694eb88842593be5dd63efe8d04e6d233bd35cf2fabdeb93fb0d,2026-06-29,251,223219191,0.116,,
approach,12227,b90e7186b438694eb88842593be5dd63efe8d04e6d233bd35cf2fabdeb93fb0d,2026-06-30,251,223219191,0.116,,
approach,12227,b90e7186b438694eb88842593be5dd63efe8d04e6d233bd35cf2fabdeb93fb0d,2026-07-01,251,223219191,0.116,,
approach,12227,b90e7186b438694eb88842593be5dd63efe8d04e6d233bd35cf2fabdeb93fb0d,2026-07-02,251,223219191,0.116,,
approach,12227,b90e7186b438694eb88842593be5dd63efe8d04e6d233bd35cf2fabdeb93fb0d,2026-07-03,251,223219191,0.116,,
approach,12227,b90e7186b438694eb88842593be5dd63efe8d04e6d233bd35cf2fabdeb93fb0d,2026-07-04,251,223219191,0.116,838756,
approach,12227,b90e7186b438694eb88842593be5dd63efe8d04e6d233bd35cf2fabdeb93fb0d,2026-07-05,251,223219191,0.116,,
approach,12227,b90e7186b438694eb88842593be5dd63efe8d04e6d233bd35cf2fabdeb93fb0d,2026-07-06,251,223219191,0.116,,
approach,12227,b90e7186b438694eb88842593be5dd63efe8d04e6d233bd35cf2fabdeb93fb0d,2026-07-07,251,223219191,0.116,,
approach,12227,b90e7186b438694eb88842593be5dd63efe8d04e6d233bd35cf2fabdeb93fb0d,2026-07-08,251,223219191,0.116,,
approach,12227,b90e7186b438694eb88842593be5dd63efe8d04e6d233bd35cf2fabdeb93fb0d,2026-07-09,251,223219191,0.116,,
approach,12227,b90e7186b438694eb88842593be5dd63efe8d04e6d233bd35cf2fabdeb93fb0d,2026-07-10,251,223219191,0.116,,
approach,12227,b90e7186b438694eb88842593be5dd63efe8d04e6d233bd35cf2fabdeb93fb0d,2026-07-11,251,223219191,0.116,,
approach,12227,b90e7186b438694eb88842593be5dd63efe8d04e6d233bd35cf2fabdeb93fb0d,2026-07-12,251,223219191,0.116,838756,
approach,완전소된엔버,aec0496fe0296524fc1b5c5f55123991,2026-06-18,251,313228784,0.163,197008,
approach,완전소된엔버,aec0496fe0296524fc1b5c5f55123991,2026-06-19,251,313228784,0.163,,
approach,완전소된엔버,aec0496fe0296524fc1b5c5f55123991,2026-06-20,251,313228784,0.163,,
approach,완전소된엔버,aec0496fe0296524fc1b5c5f55123991,2026-06-21,251,313228784,0.163,,
approach,완전소된엔버,aec0496fe0296524fc1b5c5f55123991,2026-06-22,251,313228784,0.163,,
approach,완전소된엔버,aec0496fe0296524fc1b5c5f55123991,2026-06-23,251,313228784,0.163,,
approach,완전소된엔버,aec0496fe0296524fc1b5c5f55123991,2026-06-24,251,313228784,0.163,,
approach,완전소된엔버,aec0496fe0296524fc1b5c5f55123991,2026-06-25,251,313228784,0.163,,
approach,완전소된엔버,aec0496fe0296524fc1b5c5f55123991,2026-06-26,251,313228784,0.163,197008,
approach,완전소된엔버,aec0496fe0296524fc1b5c5f55123991,2026-06-27,251,313228784,0.163,,
approach,완전소된엔버,aec0496fe0296524fc1b5c5f55123991,2026-06-28,251,313228784,0.163,,
approach,완전소된엔버,aec0496fe0296524fc1b5c5f55123991,2026-06-29,251,313228784,0.163,,
approach,완전소된엔버,aec0496fe0296524fc1b5c5f55123991,2026-06-30,251,313228784,0.163,,
approach,완전소된엔버,aec0496fe0296524fc1b5c5f55123991,2026-07-01,251,313228784,0.163,,
approach,완전소된엔버,aec0496fe0296524fc1b5c5f55123991,2026-07-02,251,313228784,0.163,,
approach,완전소된엔버,aec0496fe0296524fc1b5c5f55123991,2026-07-03,251,313228784,0.163,,
approach,완전소된엔버,aec0496fe0296524fc1b5c5f55123991,2026-07-04,251,313228784,0.163,197008,
approach,완전소된엔버,aec0496fe0296524fc1b5c5f55123991,2026-07-05,251,313228784,0.163,,
approach,완전소된엔버,aec0496fe0296524fc1b5c5f55123991,2026-07-06,251,313228784,0.163,,
approach,완전소된엔버,aec0496fe0296524fc1b5c5f55123991,2026-07-07,251,313228784,0.163,,
approach,완전소된엔버,aec0496fe0296524fc1b5c5f55123991,2026-07-08,251,313228784,0.163,,
approach,완전소된엔버,aec0496fe0296524fc1b5c5f55123991,2026-07-09,251,313228784,0.163,,
approach,완전소된엔버,aec0496fe0296524fc1b5c5f55123991,2026-07-10,251,313228784,0.163,,
approach,완전소된엔버,aec0496fe0296524fc1b5c5f55123991,2026-07-11,251,313228784,0.163,,
approach,완전소된엔버,aec0496fe0296524fc1b5c5f55123991,2026-07-12,251,313228784,0.163,197008,
approach,로뀨메르,85c544fe96169eb8001509b809dc6e44efe8d04e6d233bd35cf2fabdeb93fb0d,2026-06-18,251,320472081,0.167,148697,
approach,로뀨메르,85c544fe96169eb8001509b809dc6e44efe8d04e6d233bd35cf2fabdeb93fb0d,2026-06-19,251,320472081,0.167,,
approach,로뀨메르,85c544fe96169eb8001509b809dc6e44efe8d04e6d233bd35cf2fabdeb93fb0d,2026-06-20,251,320472081,0.167,,
approach,로뀨메르,85c544fe96169eb8001509b809dc6e44efe8d04e6d233bd35cf2fabdeb93fb0d,2026-06-21,251,320472081,0.167,,
approach,로뀨메르,85c544fe96169eb8001509b809dc6e44efe8d04e6d233bd35cf2fabdeb93fb0d,2026-06-22,251,320472081,0.167,,
approach,로뀨메르,85c544fe96169eb8001509b809dc6e44efe8d04e6d233bd35cf2fabdeb93fb0d,2026-06-23,251,320472081,0.167,,
approach,로뀨메르,85c544fe96169eb8001509b809dc6e44efe8d04e6d233bd35cf2fabdeb93fb0d,2026-06-24,251,320472081,0.167,,
approach,로뀨메르,85c544fe96169eb8001509b809dc6e44efe8d04e6d233bd35cf2fabdeb93fb0d,2026-06-25,251,320472081,0.167,,
approach,로뀨메르,85c544fe96169eb8001509b809dc6e44efe8d04e6d233bd35cf2fabdeb93fb0d,2026-06-26,251,320472081,0.167,148697,
approach,로뀨메르,85c544fe96169eb8001509b809dc6e44efe8d04e6d233bd35cf2fabdeb93fb0d,2026-06-27,251,320472081,0.167,,
approach,로뀨메르,85c544fe96169eb8001509b809dc6e44efe8d04e6d233bd35cf2fabdeb93fb0d,2026-06-28,251,320472081,0.167,,
approach,로뀨메르,85c544fe96169eb8001509b809dc6e44efe8d04e6d233bd35cf2fabdeb93fb0d,2026-06-29,251,320472081,0.167,,
approach,로뀨메르,85c544fe96169eb8001509b809dc6e44efe8d04e6d233bd35cf2fabdeb93fb0d,2026-06-30,251,320472081,0.167,,
approach,로뀨메르,85c544fe96169eb8001509b809dc6e44efe8d04e6d233bd35cf2fabdeb93fb0d,2026-07-01,251,320472081,0.167,,
approach,로뀨메르,85c544fe96169eb8001509b809dc6e44efe8d04e6d233bd35cf2fabdeb93fb0d,2026-07-02,251,320472081,0.167,,
approach,로뀨메르,85c544fe96169eb8001509b809dc6e44efe8d04e6d233bd35cf2fabdeb93fb0d,2026-07-03,251,320472081,0.167,,
approach,로뀨메르,85c544fe96169eb8001509b809dc6e44efe8d04e6d233bd35cf2fabdeb93fb0d,2026-07-04,251,320472081,0.167,148697,
approach,로뀨메르,85c544fe96169eb8001509b809dc6e44efe8d04e6d233bd35cf2fabdeb93fb0d,2026-07-05,251,320472081,0.167,,
approach,로뀨메르,85c544fe96169eb8001509b809dc6e44efe8d04e6d233bd35cf2fabdeb93fb0d,2026-07-06,251,320472081,0.167,,
approach,로뀨메르,85c544fe96169eb8001509b809dc6e44efe8d04e6d233bd35cf2fabdeb93fb0d,2026-07-07,251,320472081,0.167,,
approach,로뀨메르,85c544fe96169eb8001509b809dc6e44efe8d04e6d233bd35cf2fabdeb93fb0d,2026-07-08,251,320472081,0.167,,
approach,로뀨메르,85c544fe96169eb8001509b809dc6e44efe8d04e6d233bd35cf2fabdeb93fb0d,2026-07-09,251,320472081,0.167,,
approach,로뀨메르,85c544fe96169eb8001509b809dc6e44efe8d04e6d233bd35cf2fabdeb93fb0d,2026-07-10,251,320472081,0.167,,
approach,로뀨메르,85c544fe96169eb8001509b809dc6e44efe8d04e6d233bd35cf2fabdeb93fb0d,2026-07-11,251,320472081,0.167,,
approach,로뀨메르,85c544fe96169eb8001509b809dc6e44efe8d04e6d233bd35cf2fabdeb93fb0d,2026-07-12,251,320472081,0.167,148697,
approach,도로시메르,,2026-06-18,,,,,ocid_failed
approach,도로시메르,,2026-06-19,,,,,ocid_failed
approach,도로시메르,,2026-06-20,,,,,ocid_failed
approach,도로시메르,,2026-06-21,,,,,ocid_failed
approach,도로시메르,,2026-06-22,,,,,ocid_failed
approach,도로시메르,,2026-06-23,,,,,ocid_failed
approach,도로시메르,,2026-06-24,,,,,ocid_failed
approach,도로시메르,,2026-06-25,,,,,ocid_failed
approach,도로시메르,,2026-06-26,,,,,ocid_failed
approach,도로시메르,,2026-06-27,,,,,ocid_failed
approach,도로시메르,,2026-06-28,,,,,ocid_failed
approach,도로시메르,,2026-06-29,,,,,ocid_failed
approach,도로시메르,,2026-06-30,,,,,ocid_failed
approach,도로시메르,,2026-07-01,,,,,ocid_failed
approach,도로시메르,,2026-07-02,,,,,ocid_failed
approach,도로시메르,,2026-07-03,,,,,ocid_failed
approach,도로시메르,,2026-07-04,,,,,ocid_failed
approach,도로시메르,,2026-07-05,,,,,ocid_failed
approach,도로시메르,,2026-07-06,,,,,ocid_failed
approach,도로시메르,,2026-07-07,,,,,ocid_failed
approach,도로시메르,,2026-07-08,,,,,ocid_failed
approach,도로시메르,,2026-07-09,,,,,ocid_failed
approach,도로시메르,,2026-07-10,,,,,ocid_failed
approach,도로시메르,,2026-07-11,,,,,ocid_failed
approach,도로시메르,,2026-07-12,,,,,ocid_failed
approach,묘츄츄소마,7bff6e1d892ac4e73e8d99138235b2be,2026-06-18,251,297332092,0.155,73628,
approach,묘츄츄소마,7bff6e1d892ac4e73e8d99138235b2be,2026-06-19,251,297332092,0.155,,
approach,묘츄츄소마,7bff6e1d892ac4e73e8d99138235b2be,2026-06-20,251,297332092,0.155,,
approach,묘츄츄소마,7bff6e1d892ac4e73e8d99138235b2be,2026-06-21,251,297332092,0.155,,
approach,묘츄츄소마,7bff6e1d892ac4e73e8d99138235b2be,2026-06-22,251,297332092,0.155,,
approach,묘츄츄소마,7bff6e1d892ac4e73e8d99138235b2be,2026-06-23,251,297332092,0.155,,
approach,묘츄츄소마,7bff6e1d892ac4e73e8d99138235b2be,2026-06-24,251,297332092,0.155,,
approach,묘츄츄소마,7bff6e1d892ac4e73e8d99138235b2be,2026-06-25,251,297332092,0.155,,
approach,묘츄츄소마,7bff6e1d892ac4e73e8d99138235b2be,2026-06-26,251,297332092,0.155,73628,
approach,묘츄츄소마,7bff6e1d892ac4e73e8d99138235b2be,2026-06-27,251,297332092,0.155,,
approach,묘츄츄소마,7bff6e1d892ac4e73e8d99138235b2be,2026-06-28,251,297332092,0.155,,
approach,묘츄츄소마,7bff6e1d892ac4e73e8d99138235b2be,2026-06-29,251,297332092,0.155,,
approach,묘츄츄소마,7bff6e1d892ac4e73e8d99138235b2be,2026-06-30,251,297332092,0.155,,
approach,묘츄츄소마,7bff6e1d892ac4e73e8d99138235b2be,2026-07-01,251,297332092,0.155,,
approach,묘츄츄소마,7bff6e1d892ac4e73e8d99138235b2be,2026-07-02,251,297332092,0.155,,
approach,묘츄츄소마,7bff6e1d892ac4e73e8d99138235b2be,2026-07-03,251,297332092,0.155,,
approach,묘츄츄소마,7bff6e1d892ac4e73e8d99138235b2be,2026-07-04,251,297332092,0.155,73628,
approach,묘츄츄소마,7bff6e1d892ac4e73e8d99138235b2be,2026-07-05,251,297332092,0.155,,
approach,묘츄츄소마,7bff6e1d892ac4e73e8d99138235b2be,2026-07-06,251,297332092,0.155,,
approach,묘츄츄소마,7bff6e1d892ac4e73e8d99138235b2be,2026-07-07,251,297332092,0.155,,
approach,묘츄츄소마,7bff6e1d892ac4e73e8d99138235b2be,2026-07-08,251,297332092,0.155,,
approach,묘츄츄소마,7bff6e1d892ac4e73e8d99138235b2be,2026-07-09,251,297332092,0.155,,
approach,묘츄츄소마,7bff6e1d892ac4e73e8d99138235b2be,2026-07-10,251,297332092,0.155,,
approach,묘츄츄소마,7bff6e1d892ac4e73e8d99138235b2be,2026-07-11,251,297332092,0.155,,
approach,묘츄츄소마,7bff6e1d892ac4e73e8d99138235b2be,2026-07-12,251,297332092,0.155,73628,
approach,물결유뇬일,08532845c163eea72c7b22185003330c,2026-06-18,251,262814374,0.137,70948,
approach,물결유뇬일,08532845c163eea72c7b22185003330c,2026-06-19,251,262814374,0.137,,
approach,물결유뇬일,08532845c163eea72c7b22185003330c,2026-06-20,251,262814374,0.137,,
approach,물결유뇬일,08532845c163eea72c7b22185003330c,2026-06-21,251,262814374,0.137,,
approach,물결유뇬일,08532845c163eea72c7b22185003330c,2026-06-22,251,262814374,0.137,,
approach,물결유뇬일,08532845c163eea72c7b22185003330c,2026-06-23,251,262814374,0.137,,
approach,물결유뇬일,08532845c163eea72c7b22185003330c,2026-06-24,251,262814374,0.137,,
approach,물결유뇬일,08532845c163eea72c7b22185003330c,2026-06-25,251,262814374,0.137,,
approach,물결유뇬일,08532845c163eea72c7b22185003330c,2026-06-26,251,262814374,0.137,70948,
approach,물결유뇬일,08532845c163eea72c7b22185003330c,2026-06-27,251,262814374,0.137,,
approach,물결유뇬일,08532845c163eea72c7b22185003330c,2026-06-28,251,262814374,0.137,,
approach,물결유뇬일,08532845c163eea72c7b22185003330c,2026-06-29,251,262814374,0.137,,
approach,물결유뇬일,08532845c163eea72c7b22185003330c,2026-06-30,251,262814374,0.137,,
approach,물결유뇬일,08532845c163eea72c7b22185003330c,2026-07-01,251,262814374,0.137,,
approach,물결유뇬일,08532845c163eea72c7b22185003330c,2026-07-02,251,262814374,0.137,,
approach,물결유뇬일,08532845c163eea72c7b22185003330c,2026-07-03,251,262814374,0.137,,
approach,물결유뇬일,08532845c163eea72c7b22185003330c,2026-07-04,251,262814374,0.137,70948,
approach,물결유뇬일,08532845c163eea72c7b22185003330c,2026-07-05,251,262814374,0.137,,
approach,물결유뇬일,08532845c163eea72c7b22185003330c,2026-07-06,251,262814374,0.137,,
approach,물결유뇬일,08532845c163eea72c7b22185003330c,2026-07-07,251,262814374,0.137,,
approach,물결유뇬일,08532845c163eea72c7b22185003330c,2026-07-08,251,262814374,0.137,,
approach,물결유뇬일,08532845c163eea72c7b22185003330c,2026-07-09,251,262814374,0.137,,
approach,물결유뇬일,08532845c163eea72c7b22185003330c,2026-07-10,251,262814374,0.137,,
approach,물결유뇬일,08532845c163eea72c7b22185003330c,2026-07-11,251,262814374,0.137,,
approach,물결유뇬일,08532845c163eea72c7b22185003330c,2026-07-12,251,262814374,0.137,70948,
approach,왕빵댕이신궁,24deb8e3770b1886ffe8733d53f1157c,2026-06-18,251,224034073,0.117,55860,
approach,왕빵댕이신궁,24deb8e3770b1886ffe8733d53f1157c,2026-06-19,251,224034073,0.117,,
approach,왕빵댕이신궁,24deb8e3770b1886ffe8733d53f1157c,2026-06-20,251,224034073,0.117,,
approach,왕빵댕이신궁,24deb8e3770b1886ffe8733d53f1157c,2026-06-21,251,224034073,0.117,,
approach,왕빵댕이신궁,24deb8e3770b1886ffe8733d53f1157c,2026-06-22,251,224034073,0.117,,
approach,왕빵댕이신궁,24deb8e3770b1886ffe8733d53f1157c,2026-06-23,251,224034073,0.117,,
approach,왕빵댕이신궁,24deb8e3770b1886ffe8733d53f1157c,2026-06-24,251,224034073,0.117,,
approach,왕빵댕이신궁,24deb8e3770b1886ffe8733d53f1157c,2026-06-25,251,224034073,0.117,,
approach,왕빵댕이신궁,24deb8e3770b1886ffe8733d53f1157c,2026-06-26,251,224034073,0.117,55860,
approach,왕빵댕이신궁,24deb8e3770b1886ffe8733d53f1157c,2026-06-27,251,224034073,0.117,,
approach,왕빵댕이신궁,24deb8e3770b1886ffe8733d53f1157c,2026-06-28,251,224034073,0.117,,
approach,왕빵댕이신궁,24deb8e3770b1886ffe8733d53f1157c,2026-06-29,251,224034073,0.117,,
approach,왕빵댕이신궁,24deb8e3770b1886ffe8733d53f1157c,2026-06-30,251,224034073,0.117,,
approach,왕빵댕이신궁,24deb8e3770b1886ffe8733d53f1157c,2026-07-01,251,224034073,0.117,,
approach,왕빵댕이신궁,24deb8e3770b1886ffe8733d53f1157c,2026-07-02,251,224034073,0.117,,
approach,왕빵댕이신궁,24deb8e3770b1886ffe8733d53f1157c,2026-07-03,251,224034073,0.117,,
approach,왕빵댕이신궁,24deb8e3770b1886ffe8733d53f1157c,2026-07-04,251,224034073,0.117,55860,
approach,왕빵댕이신궁,24deb8e3770b1886ffe8733d53f1157c,2026-07-05,251,224034073,0.117,,
approach,왕빵댕이신궁,24deb8e3770b1886ffe8733d53f1157c,2026-07-06,251,224034073,0.117,,
approach,왕빵댕이신궁,24deb8e3770b1886ffe8733d53f1157c,2026-07-07,251,224034073,0.117,,
approach,왕빵댕이신궁,24deb8e3770b1886ffe8733d53f1157c,2026-07-08,251,224034073,0.117,,
approach,왕빵댕이신궁,24deb8e3770b1886ffe8733d53f1157c,2026-07-09,251,224034073,0.117,,
approach,왕빵댕이신궁,24deb8e3770b1886ffe8733d53f1157c,2026-07-10,251,224034073,0.117,,
approach,왕빵댕이신궁,24deb8e3770b1886ffe8733d53f1157c,2026-07-11,251,224034073,0.117,,
approach,왕빵댕이신궁,24deb8e3770b1886ffe8733d53f1157c,2026-07-12,251,224034073,0.117,55860,
approach,빠그빠그1인,ea94d75dbadee6e48d17f0ad6cc6e2f6,2026-06-18,251,282094844,0.147,150091,
approach,빠그빠그1인,ea94d75dbadee6e48d17f0ad6cc6e2f6,2026-06-19,251,282094844,0.147,,
approach,빠그빠그1인,ea94d75dbadee6e48d17f0ad6cc6e2f6,2026-06-20,251,282094844,0.147,,
approach,빠그빠그1인,ea94d75dbadee6e48d17f0ad6cc6e2f6,2026-06-21,251,282094844,0.147,,
approach,빠그빠그1인,ea94d75dbadee6e48d17f0ad6cc6e2f6,2026-06-22,251,282094844,0.147,,
approach,빠그빠그1인,ea94d75dbadee6e48d17f0ad6cc6e2f6,2026-06-23,251,282094844,0.147,,
approach,빠그빠그1인,ea94d75dbadee6e48d17f0ad6cc6e2f6,2026-06-24,251,282094844,0.147,,
approach,빠그빠그1인,ea94d75dbadee6e48d17f0ad6cc6e2f6,2026-06-25,251,282094844,0.147,,
approach,빠그빠그1인,ea94d75dbadee6e48d17f0ad6cc6e2f6,2026-06-26,251,282094844,0.147,150091,
approach,빠그빠그1인,ea94d75dbadee6e48d17f0ad6cc6e2f6,2026-06-27,251,282094844,0.147,,
approach,빠그빠그1인,ea94d75dbadee6e48d17f0ad6cc6e2f6,2026-06-28,251,282094844,0.147,,
approach,빠그빠그1인,ea94d75dbadee6e48d17f0ad6cc6e2f6,2026-06-29,251,282094844,0.147,,
approach,빠그빠그1인,ea94d75dbadee6e48d17f0ad6cc6e2f6,2026-06-30,251,282094844,0.147,,
approach,빠그빠그1인,ea94d75dbadee6e48d17f0ad6cc6e2f6,2026-07-01,251,282094844,0.147,,
approach,빠그빠그1인,ea94d75dbadee6e48d17f0ad6cc6e2f6,2026-07-02,251,282094844,0.147,,
approach,빠그빠그1인,ea94d75dbadee6e48d17f0ad6cc6e2f6,2026-07-03,251,282094844,0.147,,
approach,빠그빠그1인,ea94d75dbadee6e48d17f0ad6cc6e2f6,2026-07-04,251,282094844,0.147,150091,
approach,빠그빠그1인,ea94d75dbadee6e48d17f0ad6cc6e2f6,2026-07-05,251,282094844,0.147,,
approach,빠그빠그1인,ea94d75dbadee6e48d17f0ad6cc6e2f6,2026-07-06,251,282094844,0.147,,
approach,빠그빠그1인,ea94d75dbadee6e48d17f0ad6cc6e2f6,2026-07-07,251,282094844,0.147,,
approach,빠그빠그1인,ea94d75dbadee6e48d17f0ad6cc6e2f6,2026-07-08,251,282094844,0.147,,
approach,빠그빠그1인,ea94d75dbadee6e48d17f0ad6cc6e2f6,2026-07-09,251,282094844,0.147,,
approach,빠그빠그1인,ea94d75dbadee6e48d17f0ad6cc6e2f6,2026-07-10,251,282094844,0.147,,
approach,빠그빠그1인,ea94d75dbadee6e48d17f0ad6cc6e2f6,2026-07-11,251,282094844,0.147,,
approach,빠그빠그1인,ea94d75dbadee6e48d17f0ad6cc6e2f6,2026-07-12,251,282094844,0.147,150091,
approach,마을공주,96e7bbfc1c831f81ebc6605710852de7,2026-06-18,251,213735939,0.111,0,
approach,마을공주,96e7bbfc1c831f81ebc6605710852de7,2026-06-19,251,213735939,0.111,,
approach,마을공주,96e7bbfc1c831f81ebc6605710852de7,2026-06-20,251,213735939,0.111,,
approach,마을공주,96e7bbfc1c831f81ebc6605710852de7,2026-06-21,251,213735939,0.111,,
approach,마을공주,96e7bbfc1c831f81ebc6605710852de7,2026-06-22,251,213735939,0.111,,
approach,마을공주,96e7bbfc1c831f81ebc6605710852de7,2026-06-23,251,213735939,0.111,,
approach,마을공주,96e7bbfc1c831f81ebc6605710852de7,2026-06-24,251,213735939,0.111,,
approach,마을공주,96e7bbfc1c831f81ebc6605710852de7,2026-06-25,251,213735939,0.111,,
approach,마을공주,96e7bbfc1c831f81ebc6605710852de7,2026-06-26,251,213735939,0.111,0,
approach,마을공주,96e7bbfc1c831f81ebc6605710852de7,2026-06-27,251,213735939,0.111,,
approach,마을공주,96e7bbfc1c831f81ebc6605710852de7,2026-06-28,251,213735939,0.111,,
approach,마을공주,96e7bbfc1c831f81ebc6605710852de7,2026-06-29,251,213735939,0.111,,
approach,마을공주,96e7bbfc1c831f81ebc6605710852de7,2026-06-30,251,213735939,0.111,,
approach,마을공주,96e7bbfc1c831f81ebc6605710852de7,2026-07-01,251,213735939,0.111,,
approach,마을공주,96e7bbfc1c831f81ebc6605710852de7,2026-07-02,251,213735939,0.111,,
approach,마을공주,96e7bbfc1c831f81ebc6605710852de7,2026-07-03,251,213735939,0.111,,
approach,마을공주,96e7bbfc1c831f81ebc6605710852de7,2026-07-04,251,213735939,0.111,0,
approach,마을공주,96e7bbfc1c831f81ebc6605710852de7,2026-07-05,251,213735939,0.111,,
approach,마을공주,96e7bbfc1c831f81ebc6605710852de7,2026-07-06,251,213735939,0.111,,
approach,마을공주,96e7bbfc1c831f81ebc6605710852de7,2026-07-07,251,213735939,0.111,,
approach,마을공주,96e7bbfc1c831f81ebc6605710852de7,2026-07-08,251,213735939,0.111,,
approach,마을공주,96e7bbfc1c831f81ebc6605710852de7,2026-07-09,251,213735939,0.111,,
approach,마을공주,96e7bbfc1c831f81ebc6605710852de7,2026-07-10,251,213735939,0.111,,
approach,마을공주,96e7bbfc1c831f81ebc6605710852de7,2026-07-11,251,213735939,0.111,,
approach,마을공주,96e7bbfc1c831f81ebc6605710852de7,2026-07-12,251,213735939,0.111,0,
approach,찍멋는,6a44c4ca0771abbb49f5ee1eeae7f00aefe8d04e6d233bd35cf2fabdeb93fb0d,2026-06-18,251,226406865,0.050,927355,
approach,찍멋는,6a44c4ca0771abbb49f5ee1eeae7f00aefe8d04e6d233bd35cf2fabdeb93fb0d,2026-06-19,251,226406865,0.050,,
approach,찍멋는,6a44c4ca0771abbb49f5ee1eeae7f00aefe8d04e6d233bd35cf2fabdeb93fb0d,2026-06-20,251,226406865,0.050,,
approach,찍멋는,6a44c4ca0771abbb49f5ee1eeae7f00aefe8d04e6d233bd35cf2fabdeb93fb0d,2026-06-21,251,226406865,0.050,,
approach,찍멋는,6a44c4ca0771abbb49f5ee1eeae7f00aefe8d04e6d233bd35cf2fabdeb93fb0d,2026-06-22,251,226406865,0.050,,
approach,찍멋는,6a44c4ca0771abbb49f5ee1eeae7f00aefe8d04e6d233bd35cf2fabdeb93fb0d,2026-06-23,251,226406865,0.050,,
approach,찍멋는,6a44c4ca0771abbb49f5ee1eeae7f00aefe8d04e6d233bd35cf2fabdeb93fb0d,2026-06-24,251,226406865,0.050,,
approach,찍멋는,6a44c4ca0771abbb49f5ee1eeae7f00aefe8d04e6d233bd35cf2fabdeb93fb0d,2026-06-25,251,226406865,0.050,,
approach,찍멋는,6a44c4ca0771abbb49f5ee1eeae7f00aefe8d04e6d233bd35cf2fabdeb93fb0d,2026-06-26,251,226406865,0.050,927355,
approach,찍멋는,6a44c4ca0771abbb49f5ee1eeae7f00aefe8d04e6d233bd35cf2fabdeb93fb0d,2026-06-27,251,226406865,0.050,,
approach,찍멋는,6a44c4ca0771abbb49f5ee1eeae7f00aefe8d04e6d233bd35cf2fabdeb93fb0d,2026-06-28,251,226406865,0.050,,
approach,찍멋는,6a44c4ca0771abbb49f5ee1eeae7f00aefe8d04e6d233bd35cf2fabdeb93fb0d,2026-06-29,251,226406865,0.050,,
approach,찍멋는,6a44c4ca0771abbb49f5ee1eeae7f00aefe8d04e6d233bd35cf2fabdeb93fb0d,2026-06-30,251,226406865,0.050,,
approach,찍멋는,6a44c4ca0771abbb49f5ee1eeae7f00aefe8d04e6d233bd35cf2fabdeb93fb0d,2026-07-01,251,226406865,0.050,,
approach,찍멋는,6a44c4ca0771abbb49f5ee1eeae7f00aefe8d04e6d233bd35cf2fabdeb93fb0d,2026-07-02,251,226406865,0.050,,
approach,찍멋는,6a44c4ca0771abbb49f5ee1eeae7f00aefe8d04e6d233bd35cf2fabdeb93fb0d,2026-07-03,251,226406865,0.050,,
approach,찍멋는,6a44c4ca0771abbb49f5ee1eeae7f00aefe8d04e6d233bd35cf2fabdeb93fb0d,2026-07-04,251,226406865,0.050,927355,
approach,찍멋는,6a44c4ca0771abbb49f5ee1eeae7f00aefe8d04e6d233bd35cf2fabdeb93fb0d,2026-07-05,251,226406865,0.050,,
approach,찍멋는,6a44c4ca0771abbb49f5ee1eeae7f00aefe8d04e6d233bd35cf2fabdeb93fb0d,2026-07-06,251,226406865,0.050,,
approach,찍멋는,6a44c4ca0771abbb49f5ee1eeae7f00aefe8d04e6d233bd35cf2fabdeb93fb0d,2026-07-07,251,226406865,0.050,,
approach,찍멋는,6a44c4ca0771abbb49f5ee1eeae7f00aefe8d04e6d233bd35cf2fabdeb93fb0d,2026-07-08,251,226406865,0.050,,
approach,찍멋는,6a44c4ca0771abbb49f5ee1eeae7f00aefe8d04e6d233bd35cf2fabdeb93fb0d,2026-07-09,251,226406865,0.050,,
approach,찍멋는,6a44c4ca0771abbb49f5ee1eeae7f00aefe8d04e6d233bd35cf2fabdeb93fb0d,2026-07-10,251,226406865,0.050,,
approach,찍멋는,6a44c4ca0771abbb49f5ee1eeae7f00aefe8d04e6d233bd35cf2fabdeb93fb0d,2026-07-11,251,226406865,0.050,,
approach,찍멋는,6a44c4ca0771abbb49f5ee1eeae7f00aefe8d04e6d233bd35cf2fabdeb93fb0d,2026-07-12,251,226406865,0.050,927355,
approach,망고는재밌어,,2026-06-18,,,,,ocid_failed
approach,망고는재밌어,,2026-06-19,,,,,ocid_failed
approach,망고는재밌어,,2026-06-20,,,,,ocid_failed
approach,망고는재밌어,,2026-06-21,,,,,ocid_failed
approach,망고는재밌어,,2026-06-22,,,,,ocid_failed
approach,망고는재밌어,,2026-06-23,,,,,ocid_failed
approach,망고는재밌어,,2026-06-24,,,,,ocid_failed
approach,망고는재밌어,,2026-06-25,,,,,ocid_failed
approach,망고는재밌어,,2026-06-26,,,,,ocid_failed
approach,망고는재밌어,,2026-06-27,,,,,ocid_failed
approach,망고는재밌어,,2026-06-28,,,,,ocid_failed
approach,망고는재밌어,,2026-06-29,,,,,ocid_failed
approach,망고는재밌어,,2026-06-30,,,,,ocid_failed
approach,망고는재밌어,,2026-07-01,,,,,ocid_failed
approach,망고는재밌어,,2026-07-02,,,,,ocid_failed
approach,망고는재밌어,,2026-07-03,,,,,ocid_failed
approach,망고는재밌어,,2026-07-04,,,,,ocid_failed
approach,망고는재밌어,,2026-07-05,,,,,ocid_failed
approach,망고는재밌어,,2026-07-06,,,,,ocid_failed
approach,망고는재밌어,,2026-07-07,,,,,ocid_failed
approach,망고는재밌어,,2026-07-08,,,,,ocid_failed
approach,망고는재밌어,,2026-07-09,,,,,ocid_failed
approach,망고는재밌어,,2026-07-10,,,,,ocid_failed
approach,망고는재밌어,,2026-07-11,,,,,ocid_failed
approach,망고는재밌어,,2026-07-12,,,,,ocid_failed
approach,찡긋찡긋숲,a4df162fe9de32e1344ca58478737716,2026-06-18,251,238024941,0.124,1204956,
approach,찡긋찡긋숲,a4df162fe9de32e1344ca58478737716,2026-06-19,251,238024941,0.124,,
approach,찡긋찡긋숲,a4df162fe9de32e1344ca58478737716,2026-06-20,251,238024941,0.124,,
approach,찡긋찡긋숲,a4df162fe9de32e1344ca58478737716,2026-06-21,251,238024941,0.124,,
approach,찡긋찡긋숲,a4df162fe9de32e1344ca58478737716,2026-06-22,251,238024941,0.124,,
approach,찡긋찡긋숲,a4df162fe9de32e1344ca58478737716,2026-06-23,251,238024941,0.124,,
approach,찡긋찡긋숲,a4df162fe9de32e1344ca58478737716,2026-06-24,251,238024941,0.124,,
approach,찡긋찡긋숲,a4df162fe9de32e1344ca58478737716,2026-06-25,251,238024941,0.124,,
approach,찡긋찡긋숲,a4df162fe9de32e1344ca58478737716,2026-06-26,251,238024941,0.124,1204956,
approach,찡긋찡긋숲,a4df162fe9de32e1344ca58478737716,2026-06-27,251,238024941,0.124,,
approach,찡긋찡긋숲,a4df162fe9de32e1344ca58478737716,2026-06-28,251,238024941,0.124,,
approach,찡긋찡긋숲,a4df162fe9de32e1344ca58478737716,2026-06-29,251,238024941,0.124,,
approach,찡긋찡긋숲,a4df162fe9de32e1344ca58478737716,2026-06-30,251,238024941,0.124,,
approach,찡긋찡긋숲,a4df162fe9de32e1344ca58478737716,2026-07-01,251,238024941,0.124,,
approach,찡긋찡긋숲,a4df162fe9de32e1344ca58478737716,2026-07-02,251,238024941,0.124,,
approach,찡긋찡긋숲,a4df162fe9de32e1344ca58478737716,2026-07-03,251,238024941,0.124,,
approach,찡긋찡긋숲,a4df162fe9de32e1344ca58478737716,2026-07-04,251,238024941,0.124,1204956,
approach,찡긋찡긋숲,a4df162fe9de32e1344ca58478737716,2026-07-05,251,238024941,0.124,,
approach,찡긋찡긋숲,a4df162fe9de32e1344ca58478737716,2026-07-06,251,238024941,0.124,,
approach,찡긋찡긋숲,a4df162fe9de32e1344ca58478737716,2026-07-07,251,238024941,0.124,,
approach,찡긋찡긋숲,a4df162fe9de32e1344ca58478737716,2026-07-08,251,238024941,0.124,,
approach,찡긋찡긋숲,a4df162fe9de32e1344ca58478737716,2026-07-09,251,238024941,0.124,,
approach,찡긋찡긋숲,a4df162fe9de32e1344ca58478737716,2026-07-10,251,238024941,0.124,,
approach,찡긋찡긋숲,a4df162fe9de32e1344ca58478737716,2026-07-11,251,238024941,0.124,,
approach,찡긋찡긋숲,a4df162fe9de32e1344ca58478737716,2026-07-12,251,238024941,0.124,1204956,
approach,꼬맹바니,bb65e6f68ccb111da5109058cd61db6c,2026-06-18,251,324921621,0.169,855241,
approach,꼬맹바니,bb65e6f68ccb111da5109058cd61db6c,2026-06-19,251,324921621,0.169,,
approach,꼬맹바니,bb65e6f68ccb111da5109058cd61db6c,2026-06-20,251,324921621,0.169,,
approach,꼬맹바니,bb65e6f68ccb111da5109058cd61db6c,2026-06-21,251,324921621,0.169,,
approach,꼬맹바니,bb65e6f68ccb111da5109058cd61db6c,2026-06-22,251,324921621,0.169,,
approach,꼬맹바니,bb65e6f68ccb111da5109058cd61db6c,2026-06-23,251,324921621,0.169,,
approach,꼬맹바니,bb65e6f68ccb111da5109058cd61db6c,2026-06-24,251,324921621,0.169,,
approach,꼬맹바니,bb65e6f68ccb111da5109058cd61db6c,2026-06-25,251,324921621,0.169,,
approach,꼬맹바니,bb65e6f68ccb111da5109058cd61db6c,2026-06-26,251,324921621,0.169,855241,
approach,꼬맹바니,bb65e6f68ccb111da5109058cd61db6c,2026-06-27,251,324921621,0.169,,
approach,꼬맹바니,bb65e6f68ccb111da5109058cd61db6c,2026-06-28,251,324921621,0.169,,
approach,꼬맹바니,bb65e6f68ccb111da5109058cd61db6c,2026-06-29,251,324921621,0.169,,
approach,꼬맹바니,bb65e6f68ccb111da5109058cd61db6c,2026-06-30,251,324921621,0.169,,
approach,꼬맹바니,bb65e6f68ccb111da5109058cd61db6c,2026-07-01,251,324921621,0.169,,
approach,꼬맹바니,bb65e6f68ccb111da5109058cd61db6c,2026-07-02,251,324921621,0.169,,
approach,꼬맹바니,bb65e6f68ccb111da5109058cd61db6c,2026-07-03,251,324921621,0.169,,
approach,꼬맹바니,bb65e6f68ccb111da5109058cd61db6c,2026-07-04,251,324921621,0.169,855241,
approach,꼬맹바니,bb65e6f68ccb111da5109058cd61db6c,2026-07-05,251,324921621,0.169,,
approach,꼬맹바니,bb65e6f68ccb111da5109058cd61db6c,2026-07-06,251,324921621,0.169,,
approach,꼬맹바니,bb65e6f68ccb111da5109058cd61db6c,2026-07-07,251,324921621,0.169,,
approach,꼬맹바니,bb65e6f68ccb111da5109058cd61db6c,2026-07-08,251,324921621,0.169,,
approach,꼬맹바니,bb65e6f68ccb111da5109058cd61db6c,2026-07-09,251,324921621,0.169,,
approach,꼬맹바니,bb65e6f68ccb111da5109058cd61db6c,2026-07-10,251,324921621,0.169,,
approach,꼬맹바니,bb65e6f68ccb111da5109058cd61db6c,2026-07-11,251,324921621,0.169,,
approach,꼬맹바니,bb65e6f68ccb111da5109058cd61db6c,2026-07-12,251,324921621,0.169,855241,
approach,동근이의그녀,56192f43b1997b39e865d4523607e1dd,2026-06-18,251,233093391,0.121,81396,
approach,동근이의그녀,56192f43b1997b39e865d4523607e1dd,2026-06-19,251,233093391,0.121,,
approach,동근이의그녀,56192f43b1997b39e865d4523607e1dd,2026-06-20,251,233093391,0.121,,
approach,동근이의그녀,56192f43b1997b39e865d4523607e1dd,2026-06-21,251,233093391,0.121,,
approach,동근이의그녀,56192f43b1997b39e865d4523607e1dd,2026-06-22,251,233093391,0.121,,
approach,동근이의그녀,56192f43b1997b39e865d4523607e1dd,2026-06-23,251,233093391,0.121,,
approach,동근이의그녀,56192f43b1997b39e865d4523607e1dd,2026-06-24,251,233093391,0.121,,
approach,동근이의그녀,56192f43b1997b39e865d4523607e1dd,2026-06-25,251,233093391,0.121,,
approach,동근이의그녀,56192f43b1997b39e865d4523607e1dd,2026-06-26,251,233093391,0.121,81396,
approach,동근이의그녀,56192f43b1997b39e865d4523607e1dd,2026-06-27,251,233093391,0.121,,
approach,동근이의그녀,56192f43b1997b39e865d4523607e1dd,2026-06-28,251,233093391,0.121,,
approach,동근이의그녀,56192f43b1997b39e865d4523607e1dd,2026-06-29,251,233093391,0.121,,
approach,동근이의그녀,56192f43b1997b39e865d4523607e1dd,2026-06-30,251,233093391,0.121,,
approach,동근이의그녀,56192f43b1997b39e865d4523607e1dd,2026-07-01,251,233093391,0.121,,
approach,동근이의그녀,56192f43b1997b39e865d4523607e1dd,2026-07-02,251,233093391,0.121,,
approach,동근이의그녀,56192f43b1997b39e865d4523607e1dd,2026-07-03,251,233093391,0.121,,
approach,동근이의그녀,56192f43b1997b39e865d4523607e1dd,2026-07-04,251,233093391,0.121,81396,
approach,동근이의그녀,56192f43b1997b39e865d4523607e1dd,2026-07-05,251,233093391,0.121,,
approach,동근이의그녀,56192f43b1997b39e865d4523607e1dd,2026-07-06,251,233093391,0.121,,
approach,동근이의그녀,56192f43b1997b39e865d4523607e1dd,2026-07-07,251,233093391,0.121,,
approach,동근이의그녀,56192f43b1997b39e865d4523607e1dd,2026-07-08,251,233093391,0.121,,
approach,동근이의그녀,56192f43b1997b39e865d4523607e1dd,2026-07-09,251,233093391,0.121,,
approach,동근이의그녀,56192f43b1997b39e865d4523607e1dd,2026-07-10,251,233093391,0.121,,
approach,동근이의그녀,56192f43b1997b39e865d4523607e1dd,2026-07-11,251,233093391,0.121,,
approach,동근이의그녀,56192f43b1997b39e865d4523607e1dd,2026-07-12,251,233093391,0.121,81396,
approach,데브리테,7d010b8734965312cd0a4c224cdb0b7c,2026-06-18,251,228406157,0.119,46939,
approach,데브리테,7d010b8734965312cd0a4c224cdb0b7c,2026-06-19,251,228406157,0.119,,
approach,데브리테,7d010b8734965312cd0a4c224cdb0b7c,2026-06-20,251,228406157,0.119,,
approach,데브리테,7d010b8734965312cd0a4c224cdb0b7c,2026-06-21,251,228406157,0.119,,
approach,데브리테,7d010b8734965312cd0a4c224cdb0b7c,2026-06-22,251,228406157,0.119,,
approach,데브리테,7d010b8734965312cd0a4c224cdb0b7c,2026-06-23,251,228406157,0.119,,
approach,데브리테,7d010b8734965312cd0a4c224cdb0b7c,2026-06-24,251,228406157,0.119,,
approach,데브리테,7d010b8734965312cd0a4c224cdb0b7c,2026-06-25,251,228406157,0.119,,
approach,데브리테,7d010b8734965312cd0a4c224cdb0b7c,2026-06-26,251,228406157,0.119,46939,
approach,데브리테,7d010b8734965312cd0a4c224cdb0b7c,2026-06-27,251,228406157,0.119,,
approach,데브리테,7d010b8734965312cd0a4c224cdb0b7c,2026-06-28,251,228406157,0.119,,
approach,데브리테,7d010b8734965312cd0a4c224cdb0b7c,2026-06-29,251,228406157,0.119,,
approach,데브리테,7d010b8734965312cd0a4c224cdb0b7c,2026-06-30,251,228406157,0.119,,
approach,데브리테,7d010b8734965312cd0a4c224cdb0b7c,2026-07-01,251,228406157,0.119,,
approach,데브리테,7d010b8734965312cd0a4c224cdb0b7c,2026-07-02,251,228406157,0.119,,
approach,데브리테,7d010b8734965312cd0a4c224cdb0b7c,2026-07-03,251,228406157,0.119,,
approach,데브리테,7d010b8734965312cd0a4c224cdb0b7c,2026-07-04,251,228406157,0.119,46939,
approach,데브리테,7d010b8734965312cd0a4c224cdb0b7c,2026-07-05,251,228406157,0.119,,
approach,데브리테,7d010b8734965312cd0a4c224cdb0b7c,2026-07-06,251,228406157,0.119,,
approach,데브리테,7d010b8734965312cd0a4c224cdb0b7c,2026-07-07,251,228406157,0.119,,
approach,데브리테,7d010b8734965312cd0a4c224cdb0b7c,2026-07-08,251,228406157,0.119,,
approach,데브리테,7d010b8734965312cd0a4c224cdb0b7c,2026-07-09,251,228406157,0.119,,
approach,데브리테,7d010b8734965312cd0a4c224cdb0b7c,2026-07-10,251,228406157,0.119,,
approach,데브리테,7d010b8734965312cd0a4c224cdb0b7c,2026-07-11,251,228406157,0.119,,
approach,데브리테,7d010b8734965312cd0a4c224cdb0b7c,2026-07-12,251,228406157,0.119,46939,
approach,올포텐,f46e5c750fbb8e1dc0168b11605cc34b,2026-06-18,251,262200207,0.136,246633,
approach,올포텐,f46e5c750fbb8e1dc0168b11605cc34b,2026-06-19,251,262200207,0.136,,
approach,올포텐,f46e5c750fbb8e1dc0168b11605cc34b,2026-06-20,251,262200207,0.136,,
approach,올포텐,f46e5c750fbb8e1dc0168b11605cc34b,2026-06-21,251,262200207,0.136,,
approach,올포텐,f46e5c750fbb8e1dc0168b11605cc34b,2026-06-22,251,262200207,0.136,,
approach,올포텐,f46e5c750fbb8e1dc0168b11605cc34b,2026-06-23,251,262200207,0.136,,
approach,올포텐,f46e5c750fbb8e1dc0168b11605cc34b,2026-06-24,251,262200207,0.136,,
approach,올포텐,f46e5c750fbb8e1dc0168b11605cc34b,2026-06-25,251,262200207,0.136,,
approach,올포텐,f46e5c750fbb8e1dc0168b11605cc34b,2026-06-26,251,262200207,0.136,246633,
approach,올포텐,f46e5c750fbb8e1dc0168b11605cc34b,2026-06-27,251,262200207,0.136,,
approach,올포텐,f46e5c750fbb8e1dc0168b11605cc34b,2026-06-28,251,262200207,0.136,,
approach,올포텐,f46e5c750fbb8e1dc0168b11605cc34b,2026-06-29,251,262200207,0.136,,
approach,올포텐,f46e5c750fbb8e1dc0168b11605cc34b,2026-06-30,251,262200207,0.136,,
approach,올포텐,f46e5c750fbb8e1dc0168b11605cc34b,2026-07-01,251,262200207,0.136,,
approach,올포텐,f46e5c750fbb8e1dc0168b11605cc34b,2026-07-02,251,262200207,0.136,,
approach,올포텐,f46e5c750fbb8e1dc0168b11605cc34b,2026-07-03,251,262200207,0.136,,
approach,올포텐,f46e5c750fbb8e1dc0168b11605cc34b,2026-07-04,251,262200207,0.136,246633,
approach,올포텐,f46e5c750fbb8e1dc0168b11605cc34b,2026-07-05,251,262200207,0.136,,
approach,올포텐,f46e5c750fbb8e1dc0168b11605cc34b,2026-07-06,251,262200207,0.136,,
approach,올포텐,f46e5c750fbb8e1dc0168b11605cc34b,2026-07-07,251,262200207,0.136,,
approach,올포텐,f46e5c750fbb8e1dc0168b11605cc34b,2026-07-08,251,262200207,0.136,,
approach,올포텐,f46e5c750fbb8e1dc0168b11605cc34b,2026-07-09,251,262200207,0.136,,
approach,올포텐,f46e5c750fbb8e1dc0168b11605cc34b,2026-07-10,251,262200207,0.136,,
approach,올포텐,f46e5c750fbb8e1dc0168b11605cc34b,2026-07-11,251,262200207,0.136,,
approach,올포텐,f46e5c750fbb8e1dc0168b11605cc34b,2026-07-12,251,262200207,0.136,246633,
approach,뮤헤꽃,a6599d0f722025faca0efae15f46526befe8d04e6d233bd35cf2fabdeb93fb0d,2026-06-18,251,266353941,0.139,8394415,
approach,뮤헤꽃,a6599d0f722025faca0efae15f46526befe8d04e6d233bd35cf2fabdeb93fb0d,2026-06-19,251,266353941,0.139,,
approach,뮤헤꽃,a6599d0f722025faca0efae15f46526befe8d04e6d233bd35cf2fabdeb93fb0d,2026-06-20,251,266353941,0.139,,
approach,뮤헤꽃,a6599d0f722025faca0efae15f46526befe8d04e6d233bd35cf2fabdeb93fb0d,2026-06-21,251,266353941,0.139,,
approach,뮤헤꽃,a6599d0f722025faca0efae15f46526befe8d04e6d233bd35cf2fabdeb93fb0d,2026-06-22,251,266353941,0.139,,
approach,뮤헤꽃,a6599d0f722025faca0efae15f46526befe8d04e6d233bd35cf2fabdeb93fb0d,2026-06-23,251,266353941,0.139,,
approach,뮤헤꽃,a6599d0f722025faca0efae15f46526befe8d04e6d233bd35cf2fabdeb93fb0d,2026-06-24,251,266353941,0.139,,
approach,뮤헤꽃,a6599d0f722025faca0efae15f46526befe8d04e6d233bd35cf2fabdeb93fb0d,2026-06-25,251,266353941,0.139,,
approach,뮤헤꽃,a6599d0f722025faca0efae15f46526befe8d04e6d233bd35cf2fabdeb93fb0d,2026-06-26,251,266353941,0.139,8555667,
approach,뮤헤꽃,a6599d0f722025faca0efae15f46526befe8d04e6d233bd35cf2fabdeb93fb0d,2026-06-27,251,266353941,0.139,,
approach,뮤헤꽃,a6599d0f722025faca0efae15f46526befe8d04e6d233bd35cf2fabdeb93fb0d,2026-06-28,251,266353941,0.139,,
approach,뮤헤꽃,a6599d0f722025faca0efae15f46526befe8d04e6d233bd35cf2fabdeb93fb0d,2026-06-29,251,266353941,0.139,,
approach,뮤헤꽃,a6599d0f722025faca0efae15f46526befe8d04e6d233bd35cf2fabdeb93fb0d,2026-06-30,251,266353941,0.139,,
approach,뮤헤꽃,a6599d0f722025faca0efae15f46526befe8d04e6d233bd35cf2fabdeb93fb0d,2026-07-01,251,266353941,0.139,,
approach,뮤헤꽃,a6599d0f722025faca0efae15f46526befe8d04e6d233bd35cf2fabdeb93fb0d,2026-07-02,251,266353941,0.139,,
approach,뮤헤꽃,a6599d0f722025faca0efae15f46526befe8d04e6d233bd35cf2fabdeb93fb0d,2026-07-03,251,266353941,0.139,,
approach,뮤헤꽃,a6599d0f722025faca0efae15f46526befe8d04e6d233bd35cf2fabdeb93fb0d,2026-07-04,251,266353941,0.139,7400742,
approach,뮤헤꽃,a6599d0f722025faca0efae15f46526befe8d04e6d233bd35cf2fabdeb93fb0d,2026-07-05,251,266353941,0.139,,
approach,뮤헤꽃,a6599d0f722025faca0efae15f46526befe8d04e6d233bd35cf2fabdeb93fb0d,2026-07-06,251,266353941,0.139,,
approach,뮤헤꽃,a6599d0f722025faca0efae15f46526befe8d04e6d233bd35cf2fabdeb93fb0d,2026-07-07,251,266353941,0.139,,
approach,뮤헤꽃,a6599d0f722025faca0efae15f46526befe8d04e6d233bd35cf2fabdeb93fb0d,2026-07-08,251,266353941,0.139,,
approach,뮤헤꽃,a6599d0f722025faca0efae15f46526befe8d04e6d233bd35cf2fabdeb93fb0d,2026-07-09,251,266353941,0.139,,
approach,뮤헤꽃,a6599d0f722025faca0efae15f46526befe8d04e6d233bd35cf2fabdeb93fb0d,2026-07-10,251,266353941,0.139,,
approach,뮤헤꽃,a6599d0f722025faca0efae15f46526befe8d04e6d233bd35cf2fabdeb93fb0d,2026-07-11,251,266353941,0.139,,
approach,뮤헤꽃,a6599d0f722025faca0efae15f46526befe8d04e6d233bd35cf2fabdeb93fb0d,2026-07-12,251,266353941,0.139,6598493,
approach,둘쩌,3959fcd121db8b66cbe758428b3b6560efe8d04e6d233bd35cf2fabdeb93fb0d,2026-06-18,251,236350811,0.123,6555472,
approach,둘쩌,3959fcd121db8b66cbe758428b3b6560efe8d04e6d233bd35cf2fabdeb93fb0d,2026-06-19,251,236350811,0.123,,
approach,둘쩌,3959fcd121db8b66cbe758428b3b6560efe8d04e6d233bd35cf2fabdeb93fb0d,2026-06-20,251,236350811,0.123,,
approach,둘쩌,3959fcd121db8b66cbe758428b3b6560efe8d04e6d233bd35cf2fabdeb93fb0d,2026-06-21,251,236350811,0.123,,
approach,둘쩌,3959fcd121db8b66cbe758428b3b6560efe8d04e6d233bd35cf2fabdeb93fb0d,2026-06-22,251,236350811,0.123,,
approach,둘쩌,3959fcd121db8b66cbe758428b3b6560efe8d04e6d233bd35cf2fabdeb93fb0d,2026-06-23,251,236350811,0.123,,
approach,둘쩌,3959fcd121db8b66cbe758428b3b6560efe8d04e6d233bd35cf2fabdeb93fb0d,2026-06-24,251,236350811,0.123,,
approach,둘쩌,3959fcd121db8b66cbe758428b3b6560efe8d04e6d233bd35cf2fabdeb93fb0d,2026-06-25,251,236350811,0.123,,
approach,둘쩌,3959fcd121db8b66cbe758428b3b6560efe8d04e6d233bd35cf2fabdeb93fb0d,2026-06-26,251,236350811,0.123,6555472,
approach,둘쩌,3959fcd121db8b66cbe758428b3b6560efe8d04e6d233bd35cf2fabdeb93fb0d,2026-06-27,251,236350811,0.123,,
approach,둘쩌,3959fcd121db8b66cbe758428b3b6560efe8d04e6d233bd35cf2fabdeb93fb0d,2026-06-28,251,236350811,0.123,,
approach,둘쩌,3959fcd121db8b66cbe758428b3b6560efe8d04e6d233bd35cf2fabdeb93fb0d,2026-06-29,251,236350811,0.123,,
approach,둘쩌,3959fcd121db8b66cbe758428b3b6560efe8d04e6d233bd35cf2fabdeb93fb0d,2026-06-30,251,236350811,0.123,,
approach,둘쩌,3959fcd121db8b66cbe758428b3b6560efe8d04e6d233bd35cf2fabdeb93fb0d,2026-07-01,251,236350811,0.123,,
approach,둘쩌,3959fcd121db8b66cbe758428b3b6560efe8d04e6d233bd35cf2fabdeb93fb0d,2026-07-02,251,236350811,0.123,,
approach,둘쩌,3959fcd121db8b66cbe758428b3b6560efe8d04e6d233bd35cf2fabdeb93fb0d,2026-07-03,251,236350811,0.123,,
approach,둘쩌,3959fcd121db8b66cbe758428b3b6560efe8d04e6d233bd35cf2fabdeb93fb0d,2026-07-04,251,236350811,0.123,6555472,
approach,둘쩌,3959fcd121db8b66cbe758428b3b6560efe8d04e6d233bd35cf2fabdeb93fb0d,2026-07-05,251,236350811,0.123,,
approach,둘쩌,3959fcd121db8b66cbe758428b3b6560efe8d04e6d233bd35cf2fabdeb93fb0d,2026-07-06,251,236350811,0.123,,
approach,둘쩌,3959fcd121db8b66cbe758428b3b6560efe8d04e6d233bd35cf2fabdeb93fb0d,2026-07-07,251,236350811,0.123,,
approach,둘쩌,3959fcd121db8b66cbe758428b3b6560efe8d04e6d233bd35cf2fabdeb93fb0d,2026-07-08,251,236350811,0.123,,
approach,둘쩌,3959fcd121db8b66cbe758428b3b6560efe8d04e6d233bd35cf2fabdeb93fb0d,2026-07-09,251,236350811,0.123,,
approach,둘쩌,3959fcd121db8b66cbe758428b3b6560efe8d04e6d233bd35cf2fabdeb93fb0d,2026-07-10,251,236350811,0.123,,
approach,둘쩌,3959fcd121db8b66cbe758428b3b6560efe8d04e6d233bd35cf2fabdeb93fb0d,2026-07-11,251,236350811,0.123,,
approach,둘쩌,3959fcd121db8b66cbe758428b3b6560efe8d04e6d233bd35cf2fabdeb93fb0d,2026-07-12,251,236350811,0.123,6555472,
approach,은월혼백,,2026-06-18,,,,,ocid_failed
approach,은월혼백,,2026-06-19,,,,,ocid_failed
approach,은월혼백,,2026-06-20,,,,,ocid_failed
approach,은월혼백,,2026-06-21,,,,,ocid_failed
approach,은월혼백,,2026-06-22,,,,,ocid_failed
approach,은월혼백,,2026-06-23,,,,,ocid_failed
approach,은월혼백,,2026-06-24,,,,,ocid_failed
approach,은월혼백,,2026-06-25,,,,,ocid_failed
approach,은월혼백,,2026-06-26,,,,,ocid_failed
approach,은월혼백,,2026-06-27,,,,,ocid_failed
approach,은월혼백,,2026-06-28,,,,,ocid_failed
approach,은월혼백,,2026-06-29,,,,,ocid_failed
approach,은월혼백,,2026-06-30,,,,,ocid_failed
approach,은월혼백,,2026-07-01,,,,,ocid_failed
approach,은월혼백,,2026-07-02,,,,,ocid_failed
approach,은월혼백,,2026-07-03,,,,,ocid_failed
approach,은월혼백,,2026-07-04,,,,,ocid_failed
approach,은월혼백,,2026-07-05,,,,,ocid_failed
approach,은월혼백,,2026-07-06,,,,,ocid_failed
approach,은월혼백,,2026-07-07,,,,,ocid_failed
approach,은월혼백,,2026-07-08,,,,,ocid_failed
approach,은월혼백,,2026-07-09,,,,,ocid_failed
approach,은월혼백,,2026-07-10,,,,,ocid_failed
approach,은월혼백,,2026-07-11,,,,,ocid_failed
approach,은월혼백,,2026-07-12,,,,,ocid_failed
approach,본투디선인도,652437ed1ddfdac7ce617855364d7e24,2026-06-18,251,264768087,0.058,6480628,
approach,본투디선인도,652437ed1ddfdac7ce617855364d7e24,2026-06-19,251,264768087,0.058,,
approach,본투디선인도,652437ed1ddfdac7ce617855364d7e24,2026-06-20,251,264768087,0.058,,
approach,본투디선인도,652437ed1ddfdac7ce617855364d7e24,2026-06-21,251,264768087,0.058,,
approach,본투디선인도,652437ed1ddfdac7ce617855364d7e24,2026-06-22,251,264768087,0.058,,
approach,본투디선인도,652437ed1ddfdac7ce617855364d7e24,2026-06-23,251,264768087,0.058,,
approach,본투디선인도,652437ed1ddfdac7ce617855364d7e24,2026-06-24,251,264768087,0.058,,
approach,본투디선인도,652437ed1ddfdac7ce617855364d7e24,2026-06-25,251,264768087,0.058,,
approach,본투디선인도,652437ed1ddfdac7ce617855364d7e24,2026-06-26,251,264768087,0.058,6480628,
approach,본투디선인도,652437ed1ddfdac7ce617855364d7e24,2026-06-27,251,264768087,0.058,,
approach,본투디선인도,652437ed1ddfdac7ce617855364d7e24,2026-06-28,251,264768087,0.058,,
approach,본투디선인도,652437ed1ddfdac7ce617855364d7e24,2026-06-29,251,264768087,0.058,,
approach,본투디선인도,652437ed1ddfdac7ce617855364d7e24,2026-06-30,251,264768087,0.058,,
approach,본투디선인도,652437ed1ddfdac7ce617855364d7e24,2026-07-01,251,264768087,0.058,,
approach,본투디선인도,652437ed1ddfdac7ce617855364d7e24,2026-07-02,251,264768087,0.058,,
approach,본투디선인도,652437ed1ddfdac7ce617855364d7e24,2026-07-03,251,264768087,0.058,,
approach,본투디선인도,652437ed1ddfdac7ce617855364d7e24,2026-07-04,251,264768087,0.058,6480628,
approach,본투디선인도,652437ed1ddfdac7ce617855364d7e24,2026-07-05,251,264768087,0.058,,
approach,본투디선인도,652437ed1ddfdac7ce617855364d7e24,2026-07-06,251,264768087,0.058,,
approach,본투디선인도,652437ed1ddfdac7ce617855364d7e24,2026-07-07,251,264768087,0.058,,
approach,본투디선인도,652437ed1ddfdac7ce617855364d7e24,2026-07-08,251,264768087,0.058,,
approach,본투디선인도,652437ed1ddfdac7ce617855364d7e24,2026-07-09,251,264768087,0.058,,
approach,본투디선인도,652437ed1ddfdac7ce617855364d7e24,2026-07-10,251,264768087,0.058,,
approach,본투디선인도,652437ed1ddfdac7ce617855364d7e24,2026-07-11,251,264768087,0.058,,
approach,본투디선인도,652437ed1ddfdac7ce617855364d7e24,2026-07-12,251,264768087,0.058,6480628,
approach,금방접을건대,47eedd77817d10cb1f9d04f490504af3,2026-06-18,251,313824627,0.069,428382,
approach,금방접을건대,47eedd77817d10cb1f9d04f490504af3,2026-06-19,251,313824627,0.069,,
approach,금방접을건대,47eedd77817d10cb1f9d04f490504af3,2026-06-20,251,313824627,0.069,,
approach,금방접을건대,47eedd77817d10cb1f9d04f490504af3,2026-06-21,251,313824627,0.069,,
approach,금방접을건대,47eedd77817d10cb1f9d04f490504af3,2026-06-22,251,313824627,0.069,,
approach,금방접을건대,47eedd77817d10cb1f9d04f490504af3,2026-06-23,251,313824627,0.069,,
approach,금방접을건대,47eedd77817d10cb1f9d04f490504af3,2026-06-24,251,313824627,0.069,,
approach,금방접을건대,47eedd77817d10cb1f9d04f490504af3,2026-06-25,251,313824627,0.069,,
approach,금방접을건대,47eedd77817d10cb1f9d04f490504af3,2026-06-26,251,313824627,0.069,428382,
approach,금방접을건대,47eedd77817d10cb1f9d04f490504af3,2026-06-27,251,313824627,0.069,,
approach,금방접을건대,47eedd77817d10cb1f9d04f490504af3,2026-06-28,251,313824627,0.069,,
approach,금방접을건대,47eedd77817d10cb1f9d04f490504af3,2026-06-29,251,313824627,0.069,,
approach,금방접을건대,47eedd77817d10cb1f9d04f490504af3,2026-06-30,251,313824627,0.069,,
approach,금방접을건대,47eedd77817d10cb1f9d04f490504af3,2026-07-01,251,313824627,0.069,,
approach,금방접을건대,47eedd77817d10cb1f9d04f490504af3,2026-07-02,251,313824627,0.069,,
approach,금방접을건대,47eedd77817d10cb1f9d04f490504af3,2026-07-03,251,313824627,0.069,,
approach,금방접을건대,47eedd77817d10cb1f9d04f490504af3,2026-07-04,251,313824627,0.069,428382,
approach,금방접을건대,47eedd77817d10cb1f9d04f490504af3,2026-07-05,251,313824627,0.069,,
approach,금방접을건대,47eedd77817d10cb1f9d04f490504af3,2026-07-06,251,313824627,0.069,,
approach,금방접을건대,47eedd77817d10cb1f9d04f490504af3,2026-07-07,251,313824627,0.069,,
approach,금방접을건대,47eedd77817d10cb1f9d04f490504af3,2026-07-08,251,313824627,0.069,,
approach,금방접을건대,47eedd77817d10cb1f9d04f490504af3,2026-07-09,251,313824627,0.069,,
approach,금방접을건대,47eedd77817d10cb1f9d04f490504af3,2026-07-10,251,313824627,0.069,,
approach,금방접을건대,47eedd77817d10cb1f9d04f490504af3,2026-07-11,251,313824627,0.069,,
approach,금방접을건대,47eedd77817d10cb1f9d04f490504af3,2026-07-12,251,313824627,0.069,428382,
approach,츄르도둑블래,d2060797eb4d660664993deba65bbec7,2026-06-18,251,312509350,0.163,26381,
approach,츄르도둑블래,d2060797eb4d660664993deba65bbec7,2026-06-19,251,312509350,0.163,,
approach,츄르도둑블래,d2060797eb4d660664993deba65bbec7,2026-06-20,251,312509350,0.163,,
approach,츄르도둑블래,d2060797eb4d660664993deba65bbec7,2026-06-21,251,312509350,0.163,,
approach,츄르도둑블래,d2060797eb4d660664993deba65bbec7,2026-06-22,251,312509350,0.163,,
approach,츄르도둑블래,d2060797eb4d660664993deba65bbec7,2026-06-23,251,312509350,0.163,,
approach,츄르도둑블래,d2060797eb4d660664993deba65bbec7,2026-06-24,251,312509350,0.163,,
approach,츄르도둑블래,d2060797eb4d660664993deba65bbec7,2026-06-25,251,312509350,0.163,,
approach,츄르도둑블래,d2060797eb4d660664993deba65bbec7,2026-06-26,251,312509350,0.163,26381,
approach,츄르도둑블래,d2060797eb4d660664993deba65bbec7,2026-06-27,251,312509350,0.163,,
approach,츄르도둑블래,d2060797eb4d660664993deba65bbec7,2026-06-28,251,312509350,0.163,,
approach,츄르도둑블래,d2060797eb4d660664993deba65bbec7,2026-06-29,251,312509350,0.163,,
approach,츄르도둑블래,d2060797eb4d660664993deba65bbec7,2026-06-30,251,312509350,0.163,,
approach,츄르도둑블래,d2060797eb4d660664993deba65bbec7,2026-07-01,251,312509350,0.163,,
approach,츄르도둑블래,d2060797eb4d660664993deba65bbec7,2026-07-02,251,312509350,0.163,,
approach,츄르도둑블래,d2060797eb4d660664993deba65bbec7,2026-07-03,251,312509350,0.163,,
approach,츄르도둑블래,d2060797eb4d660664993deba65bbec7,2026-07-04,251,312509350,0.163,26381,
approach,츄르도둑블래,d2060797eb4d660664993deba65bbec7,2026-07-05,251,312509350,0.163,,
approach,츄르도둑블래,d2060797eb4d660664993deba65bbec7,2026-07-06,251,312509350,0.163,,
approach,츄르도둑블래,d2060797eb4d660664993deba65bbec7,2026-07-07,251,312509350,0.163,,
approach,츄르도둑블래,d2060797eb4d660664993deba65bbec7,2026-07-08,251,312509350,0.163,,
approach,츄르도둑블래,d2060797eb4d660664993deba65bbec7,2026-07-09,251,312509350,0.163,,
approach,츄르도둑블래,d2060797eb4d660664993deba65bbec7,2026-07-10,251,312509350,0.163,,
approach,츄르도둑블래,d2060797eb4d660664993deba65bbec7,2026-07-11,251,312509350,0.163,,
approach,츄르도둑블래,d2060797eb4d660664993deba65bbec7,2026-07-12,251,312509350,0.163,26381,
approach,취직한준배,74c3b8cb09fee16c7d6d8c3c1c4c692f,2026-06-18,251,320875912,0.070,0,
approach,취직한준배,74c3b8cb09fee16c7d6d8c3c1c4c692f,2026-06-19,251,320875912,0.070,,
approach,취직한준배,74c3b8cb09fee16c7d6d8c3c1c4c692f,2026-06-20,251,320875912,0.070,,
approach,취직한준배,74c3b8cb09fee16c7d6d8c3c1c4c692f,2026-06-21,251,320875912,0.070,,
approach,취직한준배,74c3b8cb09fee16c7d6d8c3c1c4c692f,2026-06-22,251,320875912,0.070,,
approach,취직한준배,74c3b8cb09fee16c7d6d8c3c1c4c692f,2026-06-23,251,320875912,0.070,,
approach,취직한준배,74c3b8cb09fee16c7d6d8c3c1c4c692f,2026-06-24,251,320875912,0.070,,
approach,취직한준배,74c3b8cb09fee16c7d6d8c3c1c4c692f,2026-06-25,251,320875912,0.070,,
approach,취직한준배,74c3b8cb09fee16c7d6d8c3c1c4c692f,2026-06-26,251,320875912,0.070,0,
approach,취직한준배,74c3b8cb09fee16c7d6d8c3c1c4c692f,2026-06-27,251,320875912,0.070,,
approach,취직한준배,74c3b8cb09fee16c7d6d8c3c1c4c692f,2026-06-28,251,320875912,0.070,,
approach,취직한준배,74c3b8cb09fee16c7d6d8c3c1c4c692f,2026-06-29,251,320875912,0.070,,
approach,취직한준배,74c3b8cb09fee16c7d6d8c3c1c4c692f,2026-06-30,251,320875912,0.070,,
approach,취직한준배,74c3b8cb09fee16c7d6d8c3c1c4c692f,2026-07-01,251,320875912,0.070,,
approach,취직한준배,74c3b8cb09fee16c7d6d8c3c1c4c692f,2026-07-02,251,320875912,0.070,,
approach,취직한준배,74c3b8cb09fee16c7d6d8c3c1c4c692f,2026-07-03,251,320875912,0.070,,
approach,취직한준배,74c3b8cb09fee16c7d6d8c3c1c4c692f,2026-07-04,251,320875912,0.070,0,
approach,취직한준배,74c3b8cb09fee16c7d6d8c3c1c4c692f,2026-07-05,251,320875912,0.070,,
approach,취직한준배,74c3b8cb09fee16c7d6d8c3c1c4c692f,2026-07-06,251,320875912,0.070,,
approach,취직한준배,74c3b8cb09fee16c7d6d8c3c1c4c692f,2026-07-07,251,320875912,0.070,,
approach,취직한준배,74c3b8cb09fee16c7d6d8c3c1c4c692f,2026-07-08,251,320875912,0.070,,
approach,취직한준배,74c3b8cb09fee16c7d6d8c3c1c4c692f,2026-07-09,251,320875912,0.070,,
approach,취직한준배,74c3b8cb09fee16c7d6d8c3c1c4c692f,2026-07-10,251,320875912,0.070,,
approach,취직한준배,74c3b8cb09fee16c7d6d8c3c1c4c692f,2026-07-11,251,320875912,0.070,,
approach,취직한준배,74c3b8cb09fee16c7d6d8c3c1c4c692f,2026-07-12,251,320875912,0.070,0,
approach,팔라디뉴,d188a68a2af5477c2ad82a3d7177880cefe8d04e6d233bd35cf2fabdeb93fb0d,2026-06-18,251,225501591,0.049,1408117,
approach,팔라디뉴,d188a68a2af5477c2ad82a3d7177880cefe8d04e6d233bd35cf2fabdeb93fb0d,2026-06-19,251,225501591,0.049,,
approach,팔라디뉴,d188a68a2af5477c2ad82a3d7177880cefe8d04e6d233bd35cf2fabdeb93fb0d,2026-06-20,251,225501591,0.049,,
approach,팔라디뉴,d188a68a2af5477c2ad82a3d7177880cefe8d04e6d233bd35cf2fabdeb93fb0d,2026-06-21,251,225501591,0.049,,
approach,팔라디뉴,d188a68a2af5477c2ad82a3d7177880cefe8d04e6d233bd35cf2fabdeb93fb0d,2026-06-22,251,225501591,0.049,,
approach,팔라디뉴,d188a68a2af5477c2ad82a3d7177880cefe8d04e6d233bd35cf2fabdeb93fb0d,2026-06-23,251,225501591,0.049,,
approach,팔라디뉴,d188a68a2af5477c2ad82a3d7177880cefe8d04e6d233bd35cf2fabdeb93fb0d,2026-06-24,251,225501591,0.049,,
approach,팔라디뉴,d188a68a2af5477c2ad82a3d7177880cefe8d04e6d233bd35cf2fabdeb93fb0d,2026-06-25,251,225501591,0.049,,
approach,팔라디뉴,d188a68a2af5477c2ad82a3d7177880cefe8d04e6d233bd35cf2fabdeb93fb0d,2026-06-26,251,225501591,0.049,1408117,
approach,팔라디뉴,d188a68a2af5477c2ad82a3d7177880cefe8d04e6d233bd35cf2fabdeb93fb0d,2026-06-27,251,225501591,0.049,,
approach,팔라디뉴,d188a68a2af5477c2ad82a3d7177880cefe8d04e6d233bd35cf2fabdeb93fb0d,2026-06-28,251,225501591,0.049,,
approach,팔라디뉴,d188a68a2af5477c2ad82a3d7177880cefe8d04e6d233bd35cf2fabdeb93fb0d,2026-06-29,251,225501591,0.049,,
approach,팔라디뉴,d188a68a2af5477c2ad82a3d7177880cefe8d04e6d233bd35cf2fabdeb93fb0d,2026-06-30,251,225501591,0.049,,
approach,팔라디뉴,d188a68a2af5477c2ad82a3d7177880cefe8d04e6d233bd35cf2fabdeb93fb0d,2026-07-01,251,225501591,0.049,,
approach,팔라디뉴,d188a68a2af5477c2ad82a3d7177880cefe8d04e6d233bd35cf2fabdeb93fb0d,2026-07-02,251,225501591,0.049,,
approach,팔라디뉴,d188a68a2af5477c2ad82a3d7177880cefe8d04e6d233bd35cf2fabdeb93fb0d,2026-07-03,251,225501591,0.049,,
approach,팔라디뉴,d188a68a2af5477c2ad82a3d7177880cefe8d04e6d233bd35cf2fabdeb93fb0d,2026-07-04,251,225501591,0.049,1408117,
approach,팔라디뉴,d188a68a2af5477c2ad82a3d7177880cefe8d04e6d233bd35cf2fabdeb93fb0d,2026-07-05,251,225501591,0.049,,
approach,팔라디뉴,d188a68a2af5477c2ad82a3d7177880cefe8d04e6d233bd35cf2fabdeb93fb0d,2026-07-06,251,225501591,0.049,,
approach,팔라디뉴,d188a68a2af5477c2ad82a3d7177880cefe8d04e6d233bd35cf2fabdeb93fb0d,2026-07-07,251,225501591,0.049,,
approach,팔라디뉴,d188a68a2af5477c2ad82a3d7177880cefe8d04e6d233bd35cf2fabdeb93fb0d,2026-07-08,251,225501591,0.049,,
approach,팔라디뉴,d188a68a2af5477c2ad82a3d7177880cefe8d04e6d233bd35cf2fabdeb93fb0d,2026-07-09,251,225501591,0.049,,
approach,팔라디뉴,d188a68a2af5477c2ad82a3d7177880cefe8d04e6d233bd35cf2fabdeb93fb0d,2026-07-10,251,225501591,0.049,,
approach,팔라디뉴,d188a68a2af5477c2ad82a3d7177880cefe8d04e6d233bd35cf2fabdeb93fb0d,2026-07-11,251,225501591,0.049,,
approach,팔라디뉴,d188a68a2af5477c2ad82a3d7177880cefe8d04e6d233bd35cf2fabdeb93fb0d,2026-07-12,251,225501591,0.049,1408117,
approach,론솜의팔라딘,965a7906f01c44d559eaf1e152c6233befe8d04e6d233bd35cf2fabdeb93fb0d,2026-06-18,251,279614898,0.145,2037741,
approach,론솜의팔라딘,965a7906f01c44d559eaf1e152c6233befe8d04e6d233bd35cf2fabdeb93fb0d,2026-06-19,251,279614898,0.145,,
approach,론솜의팔라딘,965a7906f01c44d559eaf1e152c6233befe8d04e6d233bd35cf2fabdeb93fb0d,2026-06-20,251,279614898,0.145,,
approach,론솜의팔라딘,965a7906f01c44d559eaf1e152c6233befe8d04e6d233bd35cf2fabdeb93fb0d,2026-06-21,251,279614898,0.145,,
approach,론솜의팔라딘,965a7906f01c44d559eaf1e152c6233befe8d04e6d233bd35cf2fabdeb93fb0d,2026-06-22,251,279614898,0.145,,
approach,론솜의팔라딘,965a7906f01c44d559eaf1e152c6233befe8d04e6d233bd35cf2fabdeb93fb0d,2026-06-23,251,279614898,0.145,,
approach,론솜의팔라딘,965a7906f01c44d559eaf1e152c6233befe8d04e6d233bd35cf2fabdeb93fb0d,2026-06-24,251,279614898,0.145,,
approach,론솜의팔라딘,965a7906f01c44d559eaf1e152c6233befe8d04e6d233bd35cf2fabdeb93fb0d,2026-06-25,251,279614898,0.145,,
approach,론솜의팔라딘,965a7906f01c44d559eaf1e152c6233befe8d04e6d233bd35cf2fabdeb93fb0d,2026-06-26,251,279614898,0.145,2037741,
approach,론솜의팔라딘,965a7906f01c44d559eaf1e152c6233befe8d04e6d233bd35cf2fabdeb93fb0d,2026-06-27,251,279614898,0.145,,
approach,론솜의팔라딘,965a7906f01c44d559eaf1e152c6233befe8d04e6d233bd35cf2fabdeb93fb0d,2026-06-28,251,279614898,0.145,,
approach,론솜의팔라딘,965a7906f01c44d559eaf1e152c6233befe8d04e6d233bd35cf2fabdeb93fb0d,2026-06-29,251,279614898,0.145,,
approach,론솜의팔라딘,965a7906f01c44d559eaf1e152c6233befe8d04e6d233bd35cf2fabdeb93fb0d,2026-06-30,251,279614898,0.145,,
approach,론솜의팔라딘,965a7906f01c44d559eaf1e152c6233befe8d04e6d233bd35cf2fabdeb93fb0d,2026-07-01,251,279614898,0.145,,
approach,론솜의팔라딘,965a7906f01c44d559eaf1e152c6233befe8d04e6d233bd35cf2fabdeb93fb0d,2026-07-02,251,279614898,0.145,,
approach,론솜의팔라딘,965a7906f01c44d559eaf1e152c6233befe8d04e6d233bd35cf2fabdeb93fb0d,2026-07-03,251,279614898,0.145,,
approach,론솜의팔라딘,965a7906f01c44d559eaf1e152c6233befe8d04e6d233bd35cf2fabdeb93fb0d,2026-07-04,251,279614898,0.145,2037741,
approach,론솜의팔라딘,965a7906f01c44d559eaf1e152c6233befe8d04e6d233bd35cf2fabdeb93fb0d,2026-07-05,251,279614898,0.145,,
approach,론솜의팔라딘,965a7906f01c44d559eaf1e152c6233befe8d04e6d233bd35cf2fabdeb93fb0d,2026-07-06,251,279614898,0.145,,
approach,론솜의팔라딘,965a7906f01c44d559eaf1e152c6233befe8d04e6d233bd35cf2fabdeb93fb0d,2026-07-07,251,279614898,0.145,,
approach,론솜의팔라딘,965a7906f01c44d559eaf1e152c6233befe8d04e6d233bd35cf2fabdeb93fb0d,2026-07-08,251,279614898,0.145,,
approach,론솜의팔라딘,965a7906f01c44d559eaf1e152c6233befe8d04e6d233bd35cf2fabdeb93fb0d,2026-07-09,251,279614898,0.145,,
approach,론솜의팔라딘,965a7906f01c44d559eaf1e152c6233befe8d04e6d233bd35cf2fabdeb93fb0d,2026-07-10,251,279614898,0.145,,
approach,론솜의팔라딘,965a7906f01c44d559eaf1e152c6233befe8d04e6d233bd35cf2fabdeb93fb0d,2026-07-11,251,279614898,0.145,,
approach,론솜의팔라딘,965a7906f01c44d559eaf1e152c6233befe8d04e6d233bd35cf2fabdeb93fb0d,2026-07-12,251,279614898,0.145,2037741,
approach,꽃잠날,cc2f89af76866ea2cca854a3ada3357fefe8d04e6d233bd35cf2fabdeb93fb0d,2026-06-18,251,270853035,0.141,172718,
approach,꽃잠날,cc2f89af76866ea2cca854a3ada3357fefe8d04e6d233bd35cf2fabdeb93fb0d,2026-06-19,251,270853035,0.141,,
approach,꽃잠날,cc2f89af76866ea2cca854a3ada3357fefe8d04e6d233bd35cf2fabdeb93fb0d,2026-06-20,251,270853035,0.141,,
approach,꽃잠날,cc2f89af76866ea2cca854a3ada3357fefe8d04e6d233bd35cf2fabdeb93fb0d,2026-06-21,251,270853035,0.141,,
approach,꽃잠날,cc2f89af76866ea2cca854a3ada3357fefe8d04e6d233bd35cf2fabdeb93fb0d,2026-06-22,251,270853035,0.141,,
approach,꽃잠날,cc2f89af76866ea2cca854a3ada3357fefe8d04e6d233bd35cf2fabdeb93fb0d,2026-06-23,251,270853035,0.141,,
approach,꽃잠날,cc2f89af76866ea2cca854a3ada3357fefe8d04e6d233bd35cf2fabdeb93fb0d,2026-06-24,251,270853035,0.141,,
approach,꽃잠날,cc2f89af76866ea2cca854a3ada3357fefe8d04e6d233bd35cf2fabdeb93fb0d,2026-06-25,251,270853035,0.141,,
approach,꽃잠날,cc2f89af76866ea2cca854a3ada3357fefe8d04e6d233bd35cf2fabdeb93fb0d,2026-06-26,251,270853035,0.141,172718,
approach,꽃잠날,cc2f89af76866ea2cca854a3ada3357fefe8d04e6d233bd35cf2fabdeb93fb0d,2026-06-27,251,270853035,0.141,,
approach,꽃잠날,cc2f89af76866ea2cca854a3ada3357fefe8d04e6d233bd35cf2fabdeb93fb0d,2026-06-28,251,270853035,0.141,,
approach,꽃잠날,cc2f89af76866ea2cca854a3ada3357fefe8d04e6d233bd35cf2fabdeb93fb0d,2026-06-29,251,270853035,0.141,,
approach,꽃잠날,cc2f89af76866ea2cca854a3ada3357fefe8d04e6d233bd35cf2fabdeb93fb0d,2026-06-30,251,270853035,0.141,,
approach,꽃잠날,cc2f89af76866ea2cca854a3ada3357fefe8d04e6d233bd35cf2fabdeb93fb0d,2026-07-01,251,270853035,0.141,,
approach,꽃잠날,cc2f89af76866ea2cca854a3ada3357fefe8d04e6d233bd35cf2fabdeb93fb0d,2026-07-02,251,270853035,0.141,,
approach,꽃잠날,cc2f89af76866ea2cca854a3ada3357fefe8d04e6d233bd35cf2fabdeb93fb0d,2026-07-03,251,270853035,0.141,,
approach,꽃잠날,cc2f89af76866ea2cca854a3ada3357fefe8d04e6d233bd35cf2fabdeb93fb0d,2026-07-04,251,270853035,0.141,172718,
approach,꽃잠날,cc2f89af76866ea2cca854a3ada3357fefe8d04e6d233bd35cf2fabdeb93fb0d,2026-07-05,251,270853035,0.141,,
approach,꽃잠날,cc2f89af76866ea2cca854a3ada3357fefe8d04e6d233bd35cf2fabdeb93fb0d,2026-07-06,251,270853035,0.141,,
approach,꽃잠날,cc2f89af76866ea2cca854a3ada3357fefe8d04e6d233bd35cf2fabdeb93fb0d,2026-07-07,251,270853035,0.141,,
approach,꽃잠날,cc2f89af76866ea2cca854a3ada3357fefe8d04e6d233bd35cf2fabdeb93fb0d,2026-07-08,251,270853035,0.141,,
approach,꽃잠날,cc2f89af76866ea2cca854a3ada3357fefe8d04e6d233bd35cf2fabdeb93fb0d,2026-07-09,251,270853035,0.141,,
approach,꽃잠날,cc2f89af76866ea2cca854a3ada3357fefe8d04e6d233bd35cf2fabdeb93fb0d,2026-07-10,251,270853035,0.141,,
approach,꽃잠날,cc2f89af76866ea2cca854a3ada3357fefe8d04e6d233bd35cf2fabdeb93fb0d,2026-07-11,251,270853035,0.141,,
approach,꽃잠날,cc2f89af76866ea2cca854a3ada3357fefe8d04e6d233bd35cf2fabdeb93fb0d,2026-07-12,251,270853035,0.141,172718,
approach,은돗끼,6d8820b0f451aa5b955fdc77c9d3cc3e,2026-06-18,251,223832134,0.116,47528,
approach,은돗끼,6d8820b0f451aa5b955fdc77c9d3cc3e,2026-06-19,251,223832134,0.116,,
approach,은돗끼,6d8820b0f451aa5b955fdc77c9d3cc3e,2026-06-20,251,223832134,0.116,,
approach,은돗끼,6d8820b0f451aa5b955fdc77c9d3cc3e,2026-06-21,251,223832134,0.116,,
approach,은돗끼,6d8820b0f451aa5b955fdc77c9d3cc3e,2026-06-22,251,223832134,0.116,,
approach,은돗끼,6d8820b0f451aa5b955fdc77c9d3cc3e,2026-06-23,251,223832134,0.116,,
approach,은돗끼,6d8820b0f451aa5b955fdc77c9d3cc3e,2026-06-24,251,223832134,0.116,,
approach,은돗끼,6d8820b0f451aa5b955fdc77c9d3cc3e,2026-06-25,251,223832134,0.116,,
approach,은돗끼,6d8820b0f451aa5b955fdc77c9d3cc3e,2026-06-26,251,223832134,0.116,47528,
approach,은돗끼,6d8820b0f451aa5b955fdc77c9d3cc3e,2026-06-27,251,223832134,0.116,,
approach,은돗끼,6d8820b0f451aa5b955fdc77c9d3cc3e,2026-06-28,251,223832134,0.116,,
approach,은돗끼,6d8820b0f451aa5b955fdc77c9d3cc3e,2026-06-29,251,223832134,0.116,,
approach,은돗끼,6d8820b0f451aa5b955fdc77c9d3cc3e,2026-06-30,251,223832134,0.116,,
approach,은돗끼,6d8820b0f451aa5b955fdc77c9d3cc3e,2026-07-01,251,223832134,0.116,,
approach,은돗끼,6d8820b0f451aa5b955fdc77c9d3cc3e,2026-07-02,251,223832134,0.116,,
approach,은돗끼,6d8820b0f451aa5b955fdc77c9d3cc3e,2026-07-03,251,223832134,0.116,,
approach,은돗끼,6d8820b0f451aa5b955fdc77c9d3cc3e,2026-07-04,251,223832134,0.116,47528,
approach,은돗끼,6d8820b0f451aa5b955fdc77c9d3cc3e,2026-07-05,251,223832134,0.116,,
approach,은돗끼,6d8820b0f451aa5b955fdc77c9d3cc3e,2026-07-06,251,223832134,0.116,,
approach,은돗끼,6d8820b0f451aa5b955fdc77c9d3cc3e,2026-07-07,251,223832134,0.116,,
approach,은돗끼,6d8820b0f451aa5b955fdc77c9d3cc3e,2026-07-08,251,223832134,0.116,,
approach,은돗끼,6d8820b0f451aa5b955fdc77c9d3cc3e,2026-07-09,251,223832134,0.116,,
approach,은돗끼,6d8820b0f451aa5b955fdc77c9d3cc3e,2026-07-10,251,223832134,0.116,,
approach,은돗끼,6d8820b0f451aa5b955fdc77c9d3cc3e,2026-07-11,251,223832134,0.116,,
approach,은돗끼,6d8820b0f451aa5b955fdc77c9d3cc3e,2026-07-12,251,223832134,0.116,47528,
approach,움움맹맹이,cc138a806510ec0ee3633691dca614d7,2026-06-18,251,274454003,0.143,38597,
approach,움움맹맹이,cc138a806510ec0ee3633691dca614d7,2026-06-19,251,274454003,0.143,,
approach,움움맹맹이,cc138a806510ec0ee3633691dca614d7,2026-06-20,251,274454003,0.143,,
approach,움움맹맹이,cc138a806510ec0ee3633691dca614d7,2026-06-21,251,274454003,0.143,,
approach,움움맹맹이,cc138a806510ec0ee3633691dca614d7,2026-06-22,251,274454003,0.143,,
approach,움움맹맹이,cc138a806510ec0ee3633691dca614d7,2026-06-23,251,274454003,0.143,,
approach,움움맹맹이,cc138a806510ec0ee3633691dca614d7,2026-06-24,251,274454003,0.143,,
approach,움움맹맹이,cc138a806510ec0ee3633691dca614d7,2026-06-25,251,274454003,0.143,,
approach,움움맹맹이,cc138a806510ec0ee3633691dca614d7,2026-06-26,251,274454003,0.143,38597,
approach,움움맹맹이,cc138a806510ec0ee3633691dca614d7,2026-06-27,251,274454003,0.143,,
approach,움움맹맹이,cc138a806510ec0ee3633691dca614d7,2026-06-28,251,274454003,0.143,,
approach,움움맹맹이,cc138a806510ec0ee3633691dca614d7,2026-06-29,251,274454003,0.143,,
approach,움움맹맹이,cc138a806510ec0ee3633691dca614d7,2026-06-30,251,274454003,0.143,,
approach,움움맹맹이,cc138a806510ec0ee3633691dca614d7,2026-07-01,251,274454003,0.143,,
approach,움움맹맹이,cc138a806510ec0ee3633691dca614d7,2026-07-02,251,274454003,0.143,,
approach,움움맹맹이,cc138a806510ec0ee3633691dca614d7,2026-07-03,251,274454003,0.143,,
approach,움움맹맹이,cc138a806510ec0ee3633691dca614d7,2026-07-04,251,274454003,0.143,38597,
approach,움움맹맹이,cc138a806510ec0ee3633691dca614d7,2026-07-05,251,274454003,0.143,,
approach,움움맹맹이,cc138a806510ec0ee3633691dca614d7,2026-07-06,251,274454003,0.143,,
approach,움움맹맹이,cc138a806510ec0ee3633691dca614d7,2026-07-07,251,274454003,0.143,,
approach,움움맹맹이,cc138a806510ec0ee3633691dca614d7,2026-07-08,251,274454003,0.143,,
approach,움움맹맹이,cc138a806510ec0ee3633691dca614d7,2026-07-09,251,274454003,0.143,,
approach,움움맹맹이,cc138a806510ec0ee3633691dca614d7,2026-07-10,251,274454003,0.143,,
approach,움움맹맹이,cc138a806510ec0ee3633691dca614d7,2026-07-11,251,274454003,0.143,,
approach,움움맹맹이,cc138a806510ec0ee3633691dca614d7,2026-07-12,251,274454003,0.143,38597,
approach,용은월진,c8db12052496f509ec973925f5ba4776aae77432709819edb959e1fd5d1d77b4,2026-06-18,251,236210618,0.052,1812371,
approach,용은월진,c8db12052496f509ec973925f5ba4776aae77432709819edb959e1fd5d1d77b4,2026-06-19,251,236210618,0.052,,
approach,용은월진,c8db12052496f509ec973925f5ba4776aae77432709819edb959e1fd5d1d77b4,2026-06-20,251,236210618,0.052,,
approach,용은월진,c8db12052496f509ec973925f5ba4776aae77432709819edb959e1fd5d1d77b4,2026-06-21,251,236210618,0.052,,
approach,용은월진,c8db12052496f509ec973925f5ba4776aae77432709819edb959e1fd5d1d77b4,2026-06-22,251,236210618,0.052,,
approach,용은월진,c8db12052496f509ec973925f5ba4776aae77432709819edb959e1fd5d1d77b4,2026-06-23,251,236210618,0.052,,
approach,용은월진,c8db12052496f509ec973925f5ba4776aae77432709819edb959e1fd5d1d77b4,2026-06-24,251,236210618,0.052,,
approach,용은월진,c8db12052496f509ec973925f5ba4776aae77432709819edb959e1fd5d1d77b4,2026-06-25,251,236210618,0.052,,
approach,용은월진,c8db12052496f509ec973925f5ba4776aae77432709819edb959e1fd5d1d77b4,2026-06-26,251,236210618,0.052,1812371,
approach,용은월진,c8db12052496f509ec973925f5ba4776aae77432709819edb959e1fd5d1d77b4,2026-06-27,251,236210618,0.052,,
approach,용은월진,c8db12052496f509ec973925f5ba4776aae77432709819edb959e1fd5d1d77b4,2026-06-28,251,236210618,0.052,,
approach,용은월진,c8db12052496f509ec973925f5ba4776aae77432709819edb959e1fd5d1d77b4,2026-06-29,251,236210618,0.052,,
approach,용은월진,c8db12052496f509ec973925f5ba4776aae77432709819edb959e1fd5d1d77b4,2026-06-30,251,236210618,0.052,,
approach,용은월진,c8db12052496f509ec973925f5ba4776aae77432709819edb959e1fd5d1d77b4,2026-07-01,251,236210618,0.052,,
approach,용은월진,c8db12052496f509ec973925f5ba4776aae77432709819edb959e1fd5d1d77b4,2026-07-02,251,236210618,0.052,,
approach,용은월진,c8db12052496f509ec973925f5ba4776aae77432709819edb959e1fd5d1d77b4,2026-07-03,251,236210618,0.052,,
approach,용은월진,c8db12052496f509ec973925f5ba4776aae77432709819edb959e1fd5d1d77b4,2026-07-04,251,236210618,0.052,1812371,
approach,용은월진,c8db12052496f509ec973925f5ba4776aae77432709819edb959e1fd5d1d77b4,2026-07-05,251,236210618,0.052,,
approach,용은월진,c8db12052496f509ec973925f5ba4776aae77432709819edb959e1fd5d1d77b4,2026-07-06,251,236210618,0.052,,
approach,용은월진,c8db12052496f509ec973925f5ba4776aae77432709819edb959e1fd5d1d77b4,2026-07-07,251,236210618,0.052,,
approach,용은월진,c8db12052496f509ec973925f5ba4776aae77432709819edb959e1fd5d1d77b4,2026-07-08,251,236210618,0.052,,
approach,용은월진,c8db12052496f509ec973925f5ba4776aae77432709819edb959e1fd5d1d77b4,2026-07-09,251,236210618,0.052,,
approach,용은월진,c8db12052496f509ec973925f5ba4776aae77432709819edb959e1fd5d1d77b4,2026-07-10,251,236210618,0.052,,
approach,용은월진,c8db12052496f509ec973925f5ba4776aae77432709819edb959e1fd5d1d77b4,2026-07-11,251,236210618,0.052,,
approach,용은월진,c8db12052496f509ec973925f5ba4776aae77432709819edb959e1fd5d1d77b4,2026-07-12,251,236210618,0.052,1812371,
approach,자영업블래,27e89ba81265a483c3c18559b517c81d,2026-06-18,251,272409997,0.142,173783,
approach,자영업블래,27e89ba81265a483c3c18559b517c81d,2026-06-19,251,272409997,0.142,,
approach,자영업블래,27e89ba81265a483c3c18559b517c81d,2026-06-20,251,272409997,0.142,,
approach,자영업블래,27e89ba81265a483c3c18559b517c81d,2026-06-21,251,272409997,0.142,,
approach,자영업블래,27e89ba81265a483c3c18559b517c81d,2026-06-22,251,272409997,0.142,,
approach,자영업블래,27e89ba81265a483c3c18559b517c81d,2026-06-23,251,272409997,0.142,,
approach,자영업블래,27e89ba81265a483c3c18559b517c81d,2026-06-24,251,272409997,0.142,,
approach,자영업블래,27e89ba81265a483c3c18559b517c81d,2026-06-25,251,272409997,0.142,,
approach,자영업블래,27e89ba81265a483c3c18559b517c81d,2026-06-26,251,272409997,0.142,173783,
approach,자영업블래,27e89ba81265a483c3c18559b517c81d,2026-06-27,251,272409997,0.142,,
approach,자영업블래,27e89ba81265a483c3c18559b517c81d,2026-06-28,251,272409997,0.142,,
approach,자영업블래,27e89ba81265a483c3c18559b517c81d,2026-06-29,251,272409997,0.142,,
approach,자영업블래,27e89ba81265a483c3c18559b517c81d,2026-06-30,251,272409997,0.142,,
approach,자영업블래,27e89ba81265a483c3c18559b517c81d,2026-07-01,251,272409997,0.142,,
approach,자영업블래,27e89ba81265a483c3c18559b517c81d,2026-07-02,251,272409997,0.142,,
approach,자영업블래,27e89ba81265a483c3c18559b517c81d,2026-07-03,251,272409997,0.142,,
approach,자영업블래,27e89ba81265a483c3c18559b517c81d,2026-07-04,251,272409997,0.142,173783,
approach,자영업블래,27e89ba81265a483c3c18559b517c81d,2026-07-05,251,272409997,0.142,,
approach,자영업블래,27e89ba81265a483c3c18559b517c81d,2026-07-06,251,272409997,0.142,,
approach,자영업블래,27e89ba81265a483c3c18559b517c81d,2026-07-07,251,272409997,0.142,,
approach,자영업블래,27e89ba81265a483c3c18559b517c81d,2026-07-08,251,272409997,0.142,,
approach,자영업블래,27e89ba81265a483c3c18559b517c81d,2026-07-09,251,272409997,0.142,,
approach,자영업블래,27e89ba81265a483c3c18559b517c81d,2026-07-10,251,272409997,0.142,,
approach,자영업블래,27e89ba81265a483c3c18559b517c81d,2026-07-11,251,272409997,0.142,,
approach,자영업블래,27e89ba81265a483c3c18559b517c81d,2026-07-12,251,272409997,0.142,173783,
approach,호영링크염,14364c830e58af71f84651e4884de20e,2026-06-18,251,304954530,0.159,767119,
approach,호영링크염,14364c830e58af71f84651e4884de20e,2026-06-19,251,304954530,0.159,,
approach,호영링크염,14364c830e58af71f84651e4884de20e,2026-06-20,251,304954530,0.159,,
approach,호영링크염,14364c830e58af71f84651e4884de20e,2026-06-21,251,304954530,0.159,,
approach,호영링크염,14364c830e58af71f84651e4884de20e,2026-06-22,251,304954530,0.159,,
approach,호영링크염,14364c830e58af71f84651e4884de20e,2026-06-23,251,304954530,0.159,,
approach,호영링크염,14364c830e58af71f84651e4884de20e,2026-06-24,251,304954530,0.159,,
approach,호영링크염,14364c830e58af71f84651e4884de20e,2026-06-25,251,304954530,0.159,,
approach,호영링크염,14364c830e58af71f84651e4884de20e,2026-06-26,251,304954530,0.159,767119,
approach,호영링크염,14364c830e58af71f84651e4884de20e,2026-06-27,251,304954530,0.159,,
approach,호영링크염,14364c830e58af71f84651e4884de20e,2026-06-28,251,304954530,0.159,,
approach,호영링크염,14364c830e58af71f84651e4884de20e,2026-06-29,251,304954530,0.159,,
approach,호영링크염,14364c830e58af71f84651e4884de20e,2026-06-30,251,304954530,0.159,,
approach,호영링크염,14364c830e58af71f84651e4884de20e,2026-07-01,251,304954530,0.159,,
approach,호영링크염,14364c830e58af71f84651e4884de20e,2026-07-02,251,304954530,0.159,,
approach,호영링크염,14364c830e58af71f84651e4884de20e,2026-07-03,251,304954530,0.159,,
approach,호영링크염,14364c830e58af71f84651e4884de20e,2026-07-04,251,304954530,0.159,767119,
approach,호영링크염,14364c830e58af71f84651e4884de20e,2026-07-05,251,304954530,0.159,,
approach,호영링크염,14364c830e58af71f84651e4884de20e,2026-07-06,251,304954530,0.159,,
approach,호영링크염,14364c830e58af71f84651e4884de20e,2026-07-07,251,304954530,0.159,,
approach,호영링크염,14364c830e58af71f84651e4884de20e,2026-07-08,251,304954530,0.159,,
approach,호영링크염,14364c830e58af71f84651e4884de20e,2026-07-09,251,304954530,0.159,,
approach,호영링크염,14364c830e58af71f84651e4884de20e,2026-07-10,251,304954530,0.159,,
approach,호영링크염,14364c830e58af71f84651e4884de20e,2026-07-11,251,304954530,0.159,,
approach,호영링크염,14364c830e58af71f84651e4884de20e,2026-07-12,251,304954530,0.159,767119,
approach,너홍홍,536b771f83c605eb269ded656578b364,2026-06-18,251,321210283,0.167,557131,
approach,너홍홍,536b771f83c605eb269ded656578b364,2026-06-19,251,321210283,0.167,,
approach,너홍홍,536b771f83c605eb269ded656578b364,2026-06-20,251,321210283,0.167,,
approach,너홍홍,536b771f83c605eb269ded656578b364,2026-06-21,251,321210283,0.167,,
approach,너홍홍,536b771f83c605eb269ded656578b364,2026-06-22,251,321210283,0.167,,
approach,너홍홍,536b771f83c605eb269ded656578b364,2026-06-23,251,321210283,0.167,,
approach,너홍홍,536b771f83c605eb269ded656578b364,2026-06-24,251,321210283,0.167,,
approach,너홍홍,536b771f83c605eb269ded656578b364,2026-06-25,251,321210283,0.167,,
approach,너홍홍,536b771f83c605eb269ded656578b364,2026-06-26,251,321210283,0.167,557131,
approach,너홍홍,536b771f83c605eb269ded656578b364,2026-06-27,251,321210283,0.167,,
approach,너홍홍,536b771f83c605eb269ded656578b364,2026-06-28,251,321210283,0.167,,
approach,너홍홍,536b771f83c605eb269ded656578b364,2026-06-29,251,321210283,0.167,,
approach,너홍홍,536b771f83c605eb269ded656578b364,2026-06-30,251,321210283,0.167,,
approach,너홍홍,536b771f83c605eb269ded656578b364,2026-07-01,251,321210283,0.167,,
approach,너홍홍,536b771f83c605eb269ded656578b364,2026-07-02,251,321210283,0.167,,
approach,너홍홍,536b771f83c605eb269ded656578b364,2026-07-03,251,321210283,0.167,,
approach,너홍홍,536b771f83c605eb269ded656578b364,2026-07-04,251,321210283,0.167,557131,
approach,너홍홍,536b771f83c605eb269ded656578b364,2026-07-05,251,321210283,0.167,,
approach,너홍홍,536b771f83c605eb269ded656578b364,2026-07-06,251,321210283,0.167,,
approach,너홍홍,536b771f83c605eb269ded656578b364,2026-07-07,251,321210283,0.167,,
approach,너홍홍,536b771f83c605eb269ded656578b364,2026-07-08,251,321210283,0.167,,
approach,너홍홍,536b771f83c605eb269ded656578b364,2026-07-09,251,321210283,0.167,,
approach,너홍홍,536b771f83c605eb269ded656578b364,2026-07-10,251,321210283,0.167,,
approach,너홍홍,536b771f83c605eb269ded656578b364,2026-07-11,251,321210283,0.167,,
approach,너홍홍,536b771f83c605eb269ded656578b364,2026-07-12,251,321210283,0.167,557131,
approach,팬텀으로스세,6758d6570eacc6ee234619f06256e96b,2026-06-18,251,238838068,0.124,17557,
approach,팬텀으로스세,6758d6570eacc6ee234619f06256e96b,2026-06-19,251,238838068,0.124,,
approach,팬텀으로스세,6758d6570eacc6ee234619f06256e96b,2026-06-20,251,238838068,0.124,,
approach,팬텀으로스세,6758d6570eacc6ee234619f06256e96b,2026-06-21,251,238838068,0.124,,
approach,팬텀으로스세,6758d6570eacc6ee234619f06256e96b,2026-06-22,251,238838068,0.124,,
approach,팬텀으로스세,6758d6570eacc6ee234619f06256e96b,2026-06-23,251,238838068,0.124,,
approach,팬텀으로스세,6758d6570eacc6ee234619f06256e96b,2026-06-24,251,238838068,0.124,,
approach,팬텀으로스세,6758d6570eacc6ee234619f06256e96b,2026-06-25,251,238838068,0.124,,
approach,팬텀으로스세,6758d6570eacc6ee234619f06256e96b,2026-06-26,251,238838068,0.124,17557,
approach,팬텀으로스세,6758d6570eacc6ee234619f06256e96b,2026-06-27,251,238838068,0.124,,
approach,팬텀으로스세,6758d6570eacc6ee234619f06256e96b,2026-06-28,251,238838068,0.124,,
approach,팬텀으로스세,6758d6570eacc6ee234619f06256e96b,2026-06-29,251,238838068,0.124,,
approach,팬텀으로스세,6758d6570eacc6ee234619f06256e96b,2026-06-30,251,238838068,0.124,,
approach,팬텀으로스세,6758d6570eacc6ee234619f06256e96b,2026-07-01,251,238838068,0.124,,
approach,팬텀으로스세,6758d6570eacc6ee234619f06256e96b,2026-07-02,251,238838068,0.124,,
approach,팬텀으로스세,6758d6570eacc6ee234619f06256e96b,2026-07-03,251,238838068,0.124,,
approach,팬텀으로스세,6758d6570eacc6ee234619f06256e96b,2026-07-04,251,238838068,0.124,17557,
approach,팬텀으로스세,6758d6570eacc6ee234619f06256e96b,2026-07-05,251,238838068,0.124,,
approach,팬텀으로스세,6758d6570eacc6ee234619f06256e96b,2026-07-06,251,238838068,0.124,,
approach,팬텀으로스세,6758d6570eacc6ee234619f06256e96b,2026-07-07,251,238838068,0.124,,
approach,팬텀으로스세,6758d6570eacc6ee234619f06256e96b,2026-07-08,251,238838068,0.124,,
approach,팬텀으로스세,6758d6570eacc6ee234619f06256e96b,2026-07-09,251,238838068,0.124,,
approach,팬텀으로스세,6758d6570eacc6ee234619f06256e96b,2026-07-10,251,238838068,0.124,,
approach,팬텀으로스세,6758d6570eacc6ee234619f06256e96b,2026-07-11,251,238838068,0.124,,
approach,팬텀으로스세,6758d6570eacc6ee234619f06256e96b,2026-07-12,251,238838068,0.124,17557,
approach,메킹마족,de6f8181498b858c8071728c891b3ea5,2026-06-18,251,224420332,0.117,0,
approach,메킹마족,de6f8181498b858c8071728c891b3ea5,2026-06-19,251,224420332,0.117,,
approach,메킹마족,de6f8181498b858c8071728c891b3ea5,2026-06-20,251,224420332,0.117,,
approach,메킹마족,de6f8181498b858c8071728c891b3ea5,2026-06-21,251,224420332,0.117,,
approach,메킹마족,de6f8181498b858c8071728c891b3ea5,2026-06-22,251,224420332,0.117,,
approach,메킹마족,de6f8181498b858c8071728c891b3ea5,2026-06-23,251,224420332,0.117,,
approach,메킹마족,de6f8181498b858c8071728c891b3ea5,2026-06-24,251,224420332,0.117,,
approach,메킹마족,de6f8181498b858c8071728c891b3ea5,2026-06-25,251,224420332,0.117,,
approach,메킹마족,de6f8181498b858c8071728c891b3ea5,2026-06-26,251,224420332,0.117,0,
approach,메킹마족,de6f8181498b858c8071728c891b3ea5,2026-06-27,251,224420332,0.117,,
approach,메킹마족,de6f8181498b858c8071728c891b3ea5,2026-06-28,251,224420332,0.117,,
approach,메킹마족,de6f8181498b858c8071728c891b3ea5,2026-06-29,251,224420332,0.117,,
approach,메킹마족,de6f8181498b858c8071728c891b3ea5,2026-06-30,251,224420332,0.117,,
approach,메킹마족,de6f8181498b858c8071728c891b3ea5,2026-07-01,251,224420332,0.117,,
approach,메킹마족,de6f8181498b858c8071728c891b3ea5,2026-07-02,251,224420332,0.117,,
approach,메킹마족,de6f8181498b858c8071728c891b3ea5,2026-07-03,251,224420332,0.117,,
approach,메킹마족,de6f8181498b858c8071728c891b3ea5,2026-07-04,251,224420332,0.117,0,
approach,메킹마족,de6f8181498b858c8071728c891b3ea5,2026-07-05,251,224420332,0.117,,
approach,메킹마족,de6f8181498b858c8071728c891b3ea5,2026-07-06,251,224420332,0.117,,
approach,메킹마족,de6f8181498b858c8071728c891b3ea5,2026-07-07,251,224420332,0.117,,
approach,메킹마족,de6f8181498b858c8071728c891b3ea5,2026-07-08,251,224420332,0.117,,
approach,메킹마족,de6f8181498b858c8071728c891b3ea5,2026-07-09,251,224420332,0.117,,
approach,메킹마족,de6f8181498b858c8071728c891b3ea5,2026-07-10,251,224420332,0.117,,
approach,메킹마족,de6f8181498b858c8071728c891b3ea5,2026-07-11,251,224420332,0.117,,
approach,메킹마족,de6f8181498b858c8071728c891b3ea5,2026-07-12,251,224420332,0.117,0,
approach,LG폰특가,c547faa58e97dc3b4aa4131c21ee0eaa,2026-06-18,251,234050530,0.051,1388936,
approach,LG폰특가,c547faa58e97dc3b4aa4131c21ee0eaa,2026-06-19,251,234050530,0.051,,
approach,LG폰특가,c547faa58e97dc3b4aa4131c21ee0eaa,2026-06-20,251,234050530,0.051,,
approach,LG폰특가,c547faa58e97dc3b4aa4131c21ee0eaa,2026-06-21,251,234050530,0.051,,
approach,LG폰특가,c547faa58e97dc3b4aa4131c21ee0eaa,2026-06-22,251,234050530,0.051,,
approach,LG폰특가,c547faa58e97dc3b4aa4131c21ee0eaa,2026-06-23,251,234050530,0.051,,
approach,LG폰특가,c547faa58e97dc3b4aa4131c21ee0eaa,2026-06-24,251,234050530,0.051,,
approach,LG폰특가,c547faa58e97dc3b4aa4131c21ee0eaa,2026-06-25,251,234050530,0.051,,
approach,LG폰특가,c547faa58e97dc3b4aa4131c21ee0eaa,2026-06-26,251,234050530,0.051,1388936,
approach,LG폰특가,c547faa58e97dc3b4aa4131c21ee0eaa,2026-06-27,251,234050530,0.051,,
approach,LG폰특가,c547faa58e97dc3b4aa4131c21ee0eaa,2026-06-28,251,234050530,0.051,,
approach,LG폰특가,c547faa58e97dc3b4aa4131c21ee0eaa,2026-06-29,251,234050530,0.051,,
approach,LG폰특가,c547faa58e97dc3b4aa4131c21ee0eaa,2026-06-30,251,234050530,0.051,,
approach,LG폰특가,c547faa58e97dc3b4aa4131c21ee0eaa,2026-07-01,251,234050530,0.051,,
approach,LG폰특가,c547faa58e97dc3b4aa4131c21ee0eaa,2026-07-02,251,234050530,0.051,,
approach,LG폰특가,c547faa58e97dc3b4aa4131c21ee0eaa,2026-07-03,251,234050530,0.051,,
approach,LG폰특가,c547faa58e97dc3b4aa4131c21ee0eaa,2026-07-04,251,234050530,0.051,1388936,
approach,LG폰특가,c547faa58e97dc3b4aa4131c21ee0eaa,2026-07-05,251,234050530,0.051,,
approach,LG폰특가,c547faa58e97dc3b4aa4131c21ee0eaa,2026-07-06,251,234050530,0.051,,
approach,LG폰특가,c547faa58e97dc3b4aa4131c21ee0eaa,2026-07-07,251,234050530,0.051,,
approach,LG폰특가,c547faa58e97dc3b4aa4131c21ee0eaa,2026-07-08,251,234050530,0.051,,
approach,LG폰특가,c547faa58e97dc3b4aa4131c21ee0eaa,2026-07-09,251,234050530,0.051,,
approach,LG폰특가,c547faa58e97dc3b4aa4131c21ee0eaa,2026-07-10,251,234050530,0.051,,
approach,LG폰특가,c547faa58e97dc3b4aa4131c21ee0eaa,2026-07-11,251,234050530,0.051,,
approach,LG폰특가,c547faa58e97dc3b4aa4131c21ee0eaa,2026-07-12,251,234050530,0.051,1388936,
approach,유뇬용메카헤,2b08282cb0ad8bb911e279d73258e946efe8d04e6d233bd35cf2fabdeb93fb0d,2026-06-18,251,255827032,0.133,302722,
approach,유뇬용메카헤,2b08282cb0ad8bb911e279d73258e946efe8d04e6d233bd35cf2fabdeb93fb0d,2026-06-19,251,255827032,0.133,,
approach,유뇬용메카헤,2b08282cb0ad8bb911e279d73258e946efe8d04e6d233bd35cf2fabdeb93fb0d,2026-06-20,251,255827032,0.133,,
approach,유뇬용메카헤,2b08282cb0ad8bb911e279d73258e946efe8d04e6d233bd35cf2fabdeb93fb0d,2026-06-21,251,255827032,0.133,,
approach,유뇬용메카헤,2b08282cb0ad8bb911e279d73258e946efe8d04e6d233bd35cf2fabdeb93fb0d,2026-06-22,251,255827032,0.133,,
approach,유뇬용메카헤,2b08282cb0ad8bb911e279d73258e946efe8d04e6d233bd35cf2fabdeb93fb0d,2026-06-23,251,255827032,0.133,,
approach,유뇬용메카헤,2b08282cb0ad8bb911e279d73258e946efe8d04e6d233bd35cf2fabdeb93fb0d,2026-06-24,251,255827032,0.133,,
approach,유뇬용메카헤,2b08282cb0ad8bb911e279d73258e946efe8d04e6d233bd35cf2fabdeb93fb0d,2026-06-25,251,255827032,0.133,,
approach,유뇬용메카헤,2b08282cb0ad8bb911e279d73258e946efe8d04e6d233bd35cf2fabdeb93fb0d,2026-06-26,251,255827032,0.133,302722,
approach,유뇬용메카헤,2b08282cb0ad8bb911e279d73258e946efe8d04e6d233bd35cf2fabdeb93fb0d,2026-06-27,251,255827032,0.133,,
approach,유뇬용메카헤,2b08282cb0ad8bb911e279d73258e946efe8d04e6d233bd35cf2fabdeb93fb0d,2026-06-28,251,255827032,0.133,,
approach,유뇬용메카헤,2b08282cb0ad8bb911e279d73258e946efe8d04e6d233bd35cf2fabdeb93fb0d,2026-06-29,251,255827032,0.133,,
approach,유뇬용메카헤,2b08282cb0ad8bb911e279d73258e946efe8d04e6d233bd35cf2fabdeb93fb0d,2026-06-30,251,255827032,0.133,,
approach,유뇬용메카헤,2b08282cb0ad8bb911e279d73258e946efe8d04e6d233bd35cf2fabdeb93fb0d,2026-07-01,251,255827032,0.133,,
approach,유뇬용메카헤,2b08282cb0ad8bb911e279d73258e946efe8d04e6d233bd35cf2fabdeb93fb0d,2026-07-02,251,255827032,0.133,,
approach,유뇬용메카헤,2b08282cb0ad8bb911e279d73258e946efe8d04e6d233bd35cf2fabdeb93fb0d,2026-07-03,251,255827032,0.133,,
approach,유뇬용메카헤,2b08282cb0ad8bb911e279d73258e946efe8d04e6d233bd35cf2fabdeb93fb0d,2026-07-04,251,255827032,0.133,302722,
approach,유뇬용메카헤,2b08282cb0ad8bb911e279d73258e946efe8d04e6d233bd35cf2fabdeb93fb0d,2026-07-05,251,255827032,0.133,,
approach,유뇬용메카헤,2b08282cb0ad8bb911e279d73258e946efe8d04e6d233bd35cf2fabdeb93fb0d,2026-07-06,251,255827032,0.133,,
approach,유뇬용메카헤,2b08282cb0ad8bb911e279d73258e946efe8d04e6d233bd35cf2fabdeb93fb0d,2026-07-07,251,255827032,0.133,,
approach,유뇬용메카헤,2b08282cb0ad8bb911e279d73258e946efe8d04e6d233bd35cf2fabdeb93fb0d,2026-07-08,251,255827032,0.133,,
approach,유뇬용메카헤,2b08282cb0ad8bb911e279d73258e946efe8d04e6d233bd35cf2fabdeb93fb0d,2026-07-09,251,255827032,0.133,,
approach,유뇬용메카헤,2b08282cb0ad8bb911e279d73258e946efe8d04e6d233bd35cf2fabdeb93fb0d,2026-07-10,251,255827032,0.133,,
approach,유뇬용메카헤,2b08282cb0ad8bb911e279d73258e946efe8d04e6d233bd35cf2fabdeb93fb0d,2026-07-11,251,255827032,0.133,,
approach,유뇬용메카헤,2b08282cb0ad8bb911e279d73258e946efe8d04e6d233bd35cf2fabdeb93fb0d,2026-07-12,251,255827032,0.133,302722,
approach,팬텀응팁,39c27b36fbf58829fe724538fc47b7fa,2026-06-18,251,245455405,0.128,23615,
approach,팬텀응팁,39c27b36fbf58829fe724538fc47b7fa,2026-06-19,251,245455405,0.128,,
approach,팬텀응팁,39c27b36fbf58829fe724538fc47b7fa,2026-06-20,251,245455405,0.128,,
approach,팬텀응팁,39c27b36fbf58829fe724538fc47b7fa,2026-06-21,251,245455405,0.128,,
approach,팬텀응팁,39c27b36fbf58829fe724538fc47b7fa,2026-06-22,251,245455405,0.128,,
approach,팬텀응팁,39c27b36fbf58829fe724538fc47b7fa,2026-06-23,251,245455405,0.128,,
approach,팬텀응팁,39c27b36fbf58829fe724538fc47b7fa,2026-06-24,251,245455405,0.128,,
approach,팬텀응팁,39c27b36fbf58829fe724538fc47b7fa,2026-06-25,251,245455405,0.128,,
approach,팬텀응팁,39c27b36fbf58829fe724538fc47b7fa,2026-06-26,251,245455405,0.128,23615,
approach,팬텀응팁,39c27b36fbf58829fe724538fc47b7fa,2026-06-27,251,245455405,0.128,,
approach,팬텀응팁,39c27b36fbf58829fe724538fc47b7fa,2026-06-28,251,245455405,0.128,,
approach,팬텀응팁,39c27b36fbf58829fe724538fc47b7fa,2026-06-29,251,245455405,0.128,,
approach,팬텀응팁,39c27b36fbf58829fe724538fc47b7fa,2026-06-30,251,245455405,0.128,,
approach,팬텀응팁,39c27b36fbf58829fe724538fc47b7fa,2026-07-01,251,245455405,0.128,,
approach,팬텀응팁,39c27b36fbf58829fe724538fc47b7fa,2026-07-02,251,245455405,0.128,,
approach,팬텀응팁,39c27b36fbf58829fe724538fc47b7fa,2026-07-03,251,245455405,0.128,,
approach,팬텀응팁,39c27b36fbf58829fe724538fc47b7fa,2026-07-04,251,245455405,0.128,23615,
approach,팬텀응팁,39c27b36fbf58829fe724538fc47b7fa,2026-07-05,251,245455405,0.128,,
approach,팬텀응팁,39c27b36fbf58829fe724538fc47b7fa,2026-07-06,251,245455405,0.128,,
approach,팬텀응팁,39c27b36fbf58829fe724538fc47b7fa,2026-07-07,251,245455405,0.128,,
approach,팬텀응팁,39c27b36fbf58829fe724538fc47b7fa,2026-07-08,251,245455405,0.128,,
approach,팬텀응팁,39c27b36fbf58829fe724538fc47b7fa,2026-07-09,251,245455405,0.128,,
approach,팬텀응팁,39c27b36fbf58829fe724538fc47b7fa,2026-07-10,251,245455405,0.128,,
approach,팬텀응팁,39c27b36fbf58829fe724538fc47b7fa,2026-07-11,251,245455405,0.128,,
approach,팬텀응팁,39c27b36fbf58829fe724538fc47b7fa,2026-07-12,251,245455405,0.128,23615,
approach,형지금궁서체,e80f275f1b83fef662b8ec51a334e0de,2026-06-18,251,304713595,0.159,68581,
approach,형지금궁서체,e80f275f1b83fef662b8ec51a334e0de,2026-06-19,251,304713595,0.159,,
approach,형지금궁서체,e80f275f1b83fef662b8ec51a334e0de,2026-06-20,251,304713595,0.159,,
approach,형지금궁서체,e80f275f1b83fef662b8ec51a334e0de,2026-06-21,251,304713595,0.159,,
approach,형지금궁서체,e80f275f1b83fef662b8ec51a334e0de,2026-06-22,251,304713595,0.159,,
approach,형지금궁서체,e80f275f1b83fef662b8ec51a334e0de,2026-06-23,251,304713595,0.159,,
approach,형지금궁서체,e80f275f1b83fef662b8ec51a334e0de,2026-06-24,251,304713595,0.159,,
approach,형지금궁서체,e80f275f1b83fef662b8ec51a334e0de,2026-06-25,251,304713595,0.159,,
approach,형지금궁서체,e80f275f1b83fef662b8ec51a334e0de,2026-06-26,251,304713595,0.159,68581,
approach,형지금궁서체,e80f275f1b83fef662b8ec51a334e0de,2026-06-27,251,304713595,0.159,,
approach,형지금궁서체,e80f275f1b83fef662b8ec51a334e0de,2026-06-28,251,304713595,0.159,,
approach,형지금궁서체,e80f275f1b83fef662b8ec51a334e0de,2026-06-29,251,304713595,0.159,,
approach,형지금궁서체,e80f275f1b83fef662b8ec51a334e0de,2026-06-30,251,304713595,0.159,,
approach,형지금궁서체,e80f275f1b83fef662b8ec51a334e0de,2026-07-01,251,304713595,0.159,,
approach,형지금궁서체,e80f275f1b83fef662b8ec51a334e0de,2026-07-02,251,304713595,0.159,,
approach,형지금궁서체,e80f275f1b83fef662b8ec51a334e0de,2026-07-03,251,304713595,0.159,,
approach,형지금궁서체,e80f275f1b83fef662b8ec51a334e0de,2026-07-04,251,304713595,0.159,68581,
approach,형지금궁서체,e80f275f1b83fef662b8ec51a334e0de,2026-07-05,251,304713595,0.159,,
approach,형지금궁서체,e80f275f1b83fef662b8ec51a334e0de,2026-07-06,251,304713595,0.159,,
approach,형지금궁서체,e80f275f1b83fef662b8ec51a334e0de,2026-07-07,251,304713595,0.159,,
approach,형지금궁서체,e80f275f1b83fef662b8ec51a334e0de,2026-07-08,251,304713595,0.159,,
approach,형지금궁서체,e80f275f1b83fef662b8ec51a334e0de,2026-07-09,251,304713595,0.159,,
approach,형지금궁서체,e80f275f1b83fef662b8ec51a334e0de,2026-07-10,251,304713595,0.159,,
approach,형지금궁서체,e80f275f1b83fef662b8ec51a334e0de,2026-07-11,251,304713595,0.159,,
approach,형지금궁서체,e80f275f1b83fef662b8ec51a334e0de,2026-07-12,251,304713595,0.159,68581,
approach,GG메르,5eea6b5eda45e96c46cd0fcb7e0ec025,2026-06-18,251,284503499,0.148,55999,
approach,GG메르,5eea6b5eda45e96c46cd0fcb7e0ec025,2026-06-19,251,284503499,0.148,,
approach,GG메르,5eea6b5eda45e96c46cd0fcb7e0ec025,2026-06-20,251,284503499,0.148,,
approach,GG메르,5eea6b5eda45e96c46cd0fcb7e0ec025,2026-06-21,251,284503499,0.148,,
approach,GG메르,5eea6b5eda45e96c46cd0fcb7e0ec025,2026-06-22,251,284503499,0.148,,
approach,GG메르,5eea6b5eda45e96c46cd0fcb7e0ec025,2026-06-23,251,284503499,0.148,,
approach,GG메르,5eea6b5eda45e96c46cd0fcb7e0ec025,2026-06-24,251,284503499,0.148,,
approach,GG메르,5eea6b5eda45e96c46cd0fcb7e0ec025,2026-06-25,251,284503499,0.148,,
approach,GG메르,5eea6b5eda45e96c46cd0fcb7e0ec025,2026-06-26,251,284503499,0.148,55999,
approach,GG메르,5eea6b5eda45e96c46cd0fcb7e0ec025,2026-06-27,251,284503499,0.148,,
approach,GG메르,5eea6b5eda45e96c46cd0fcb7e0ec025,2026-06-28,251,284503499,0.148,,
approach,GG메르,5eea6b5eda45e96c46cd0fcb7e0ec025,2026-06-29,251,284503499,0.148,,
approach,GG메르,5eea6b5eda45e96c46cd0fcb7e0ec025,2026-06-30,251,284503499,0.148,,
approach,GG메르,5eea6b5eda45e96c46cd0fcb7e0ec025,2026-07-01,251,284503499,0.148,,
approach,GG메르,5eea6b5eda45e96c46cd0fcb7e0ec025,2026-07-02,251,284503499,0.148,,
approach,GG메르,5eea6b5eda45e96c46cd0fcb7e0ec025,2026-07-03,251,284503499,0.148,,
approach,GG메르,5eea6b5eda45e96c46cd0fcb7e0ec025,2026-07-04,251,284503499,0.148,55999,
approach,GG메르,5eea6b5eda45e96c46cd0fcb7e0ec025,2026-07-05,251,284503499,0.148,,
approach,GG메르,5eea6b5eda45e96c46cd0fcb7e0ec025,2026-07-06,251,284503499,0.148,,
approach,GG메르,5eea6b5eda45e96c46cd0fcb7e0ec025,2026-07-07,251,284503499,0.148,,
approach,GG메르,5eea6b5eda45e96c46cd0fcb7e0ec025,2026-07-08,251,284503499,0.148,,
approach,GG메르,5eea6b5eda45e96c46cd0fcb7e0ec025,2026-07-09,251,284503499,0.148,,
approach,GG메르,5eea6b5eda45e96c46cd0fcb7e0ec025,2026-07-10,251,284503499,0.148,,
approach,GG메르,5eea6b5eda45e96c46cd0fcb7e0ec025,2026-07-11,251,284503499,0.148,,
approach,GG메르,5eea6b5eda45e96c46cd0fcb7e0ec025,2026-07-12,251,284503499,0.148,55999,
approach,방무66,b61dd0c09a684a225ac79f43c63df363efe8d04e6d233bd35cf2fabdeb93fb0d,2026-06-18,251,255795136,0.133,117621,
approach,방무66,b61dd0c09a684a225ac79f43c63df363efe8d04e6d233bd35cf2fabdeb93fb0d,2026-06-19,251,255795136,0.133,,
approach,방무66,b61dd0c09a684a225ac79f43c63df363efe8d04e6d233bd35cf2fabdeb93fb0d,2026-06-20,251,255795136,0.133,,
approach,방무66,b61dd0c09a684a225ac79f43c63df363efe8d04e6d233bd35cf2fabdeb93fb0d,2026-06-21,251,255795136,0.133,,
approach,방무66,b61dd0c09a684a225ac79f43c63df363efe8d04e6d233bd35cf2fabdeb93fb0d,2026-06-22,251,255795136,0.133,,
approach,방무66,b61dd0c09a684a225ac79f43c63df363efe8d04e6d233bd35cf2fabdeb93fb0d,2026-06-23,251,255795136,0.133,,
approach,방무66,b61dd0c09a684a225ac79f43c63df363efe8d04e6d233bd35cf2fabdeb93fb0d,2026-06-24,251,255795136,0.133,,
approach,방무66,b61dd0c09a684a225ac79f43c63df363efe8d04e6d233bd35cf2fabdeb93fb0d,2026-06-25,251,255795136,0.133,,
approach,방무66,b61dd0c09a684a225ac79f43c63df363efe8d04e6d233bd35cf2fabdeb93fb0d,2026-06-26,251,255795136,0.133,117621,
approach,방무66,b61dd0c09a684a225ac79f43c63df363efe8d04e6d233bd35cf2fabdeb93fb0d,2026-06-27,251,255795136,0.133,,
approach,방무66,b61dd0c09a684a225ac79f43c63df363efe8d04e6d233bd35cf2fabdeb93fb0d,2026-06-28,251,255795136,0.133,,
approach,방무66,b61dd0c09a684a225ac79f43c63df363efe8d04e6d233bd35cf2fabdeb93fb0d,2026-06-29,251,255795136,0.133,,
approach,방무66,b61dd0c09a684a225ac79f43c63df363efe8d04e6d233bd35cf2fabdeb93fb0d,2026-06-30,251,255795136,0.133,,
approach,방무66,b61dd0c09a684a225ac79f43c63df363efe8d04e6d233bd35cf2fabdeb93fb0d,2026-07-01,251,255795136,0.133,,
approach,방무66,b61dd0c09a684a225ac79f43c63df363efe8d04e6d233bd35cf2fabdeb93fb0d,2026-07-02,251,255795136,0.133,,
approach,방무66,b61dd0c09a684a225ac79f43c63df363efe8d04e6d233bd35cf2fabdeb93fb0d,2026-07-03,251,255795136,0.133,,
approach,방무66,b61dd0c09a684a225ac79f43c63df363efe8d04e6d233bd35cf2fabdeb93fb0d,2026-07-04,251,255795136,0.133,117621,
approach,방무66,b61dd0c09a684a225ac79f43c63df363efe8d04e6d233bd35cf2fabdeb93fb0d,2026-07-05,251,255795136,0.133,,
approach,방무66,b61dd0c09a684a225ac79f43c63df363efe8d04e6d233bd35cf2fabdeb93fb0d,2026-07-06,251,255795136,0.133,,
approach,방무66,b61dd0c09a684a225ac79f43c63df363efe8d04e6d233bd35cf2fabdeb93fb0d,2026-07-07,251,255795136,0.133,,
approach,방무66,b61dd0c09a684a225ac79f43c63df363efe8d04e6d233bd35cf2fabdeb93fb0d,2026-07-08,251,255795136,0.133,,
approach,방무66,b61dd0c09a684a225ac79f43c63df363efe8d04e6d233bd35cf2fabdeb93fb0d,2026-07-09,251,255795136,0.133,,
approach,방무66,b61dd0c09a684a225ac79f43c63df363efe8d04e6d233bd35cf2fabdeb93fb0d,2026-07-10,251,255795136,0.133,,
approach,방무66,b61dd0c09a684a225ac79f43c63df363efe8d04e6d233bd35cf2fabdeb93fb0d,2026-07-11,251,255795136,0.133,,
approach,방무66,b61dd0c09a684a225ac79f43c63df363efe8d04e6d233bd35cf2fabdeb93fb0d,2026-07-12,251,255795136,0.133,117621,
approach,은은한에펠,753937beb8a7612220213f7f1c533ca3,2026-06-18,251,237941552,0.124,257539,
approach,은은한에펠,753937beb8a7612220213f7f1c533ca3,2026-06-19,251,237941552,0.124,,
approach,은은한에펠,753937beb8a7612220213f7f1c533ca3,2026-06-20,251,237941552,0.124,,
approach,은은한에펠,753937beb8a7612220213f7f1c533ca3,2026-06-21,251,237941552,0.124,,
approach,은은한에펠,753937beb8a7612220213f7f1c533ca3,2026-06-22,251,237941552,0.124,,
approach,은은한에펠,753937beb8a7612220213f7f1c533ca3,2026-06-23,251,237941552,0.124,,
approach,은은한에펠,753937beb8a7612220213f7f1c533ca3,2026-06-24,251,237941552,0.124,,
approach,은은한에펠,753937beb8a7612220213f7f1c533ca3,2026-06-25,251,237941552,0.124,,
approach,은은한에펠,753937beb8a7612220213f7f1c533ca3,2026-06-26,251,237941552,0.124,257539,
approach,은은한에펠,753937beb8a7612220213f7f1c533ca3,2026-06-27,251,237941552,0.124,,
approach,은은한에펠,753937beb8a7612220213f7f1c533ca3,2026-06-28,251,237941552,0.124,,
approach,은은한에펠,753937beb8a7612220213f7f1c533ca3,2026-06-29,251,237941552,0.124,,
approach,은은한에펠,753937beb8a7612220213f7f1c533ca3,2026-06-30,251,237941552,0.124,,
approach,은은한에펠,753937beb8a7612220213f7f1c533ca3,2026-07-01,251,237941552,0.124,,
approach,은은한에펠,753937beb8a7612220213f7f1c533ca3,2026-07-02,251,237941552,0.124,,
approach,은은한에펠,753937beb8a7612220213f7f1c533ca3,2026-07-03,251,237941552,0.124,,
approach,은은한에펠,753937beb8a7612220213f7f1c533ca3,2026-07-04,251,237941552,0.124,257539,
approach,은은한에펠,753937beb8a7612220213f7f1c533ca3,2026-07-05,251,237941552,0.124,,
approach,은은한에펠,753937beb8a7612220213f7f1c533ca3,2026-07-06,251,237941552,0.124,,
approach,은은한에펠,753937beb8a7612220213f7f1c533ca3,2026-07-07,251,237941552,0.124,,
approach,은은한에펠,753937beb8a7612220213f7f1c533ca3,2026-07-08,251,237941552,0.124,,
approach,은은한에펠,753937beb8a7612220213f7f1c533ca3,2026-07-09,251,237941552,0.124,,
approach,은은한에펠,753937beb8a7612220213f7f1c533ca3,2026-07-10,251,237941552,0.124,,
approach,은은한에펠,753937beb8a7612220213f7f1c533ca3,2026-07-11,251,237941552,0.124,,
approach,은은한에펠,753937beb8a7612220213f7f1c533ca3,2026-07-12,251,237941552,0.124,257539,
approach,흐냐냐냐냠,a9ef743df8b2ba6c7c896ecd3a1752d9,2026-06-18,251,227677845,0.050,1381656,
approach,흐냐냐냐냠,a9ef743df8b2ba6c7c896ecd3a1752d9,2026-06-19,251,227677845,0.050,,
approach,흐냐냐냐냠,a9ef743df8b2ba6c7c896ecd3a1752d9,2026-06-20,251,227677845,0.050,,
approach,흐냐냐냐냠,a9ef743df8b2ba6c7c896ecd3a1752d9,2026-06-21,251,227677845,0.050,,
approach,흐냐냐냐냠,a9ef743df8b2ba6c7c896ecd3a1752d9,2026-06-22,251,227677845,0.050,,
approach,흐냐냐냐냠,a9ef743df8b2ba6c7c896ecd3a1752d9,2026-06-23,251,227677845,0.050,,
approach,흐냐냐냐냠,a9ef743df8b2ba6c7c896ecd3a1752d9,2026-06-24,251,227677845,0.050,,
approach,흐냐냐냐냠,a9ef743df8b2ba6c7c896ecd3a1752d9,2026-06-25,251,227677845,0.050,,
approach,흐냐냐냐냠,a9ef743df8b2ba6c7c896ecd3a1752d9,2026-06-26,251,227677845,0.050,1381656,
approach,흐냐냐냐냠,a9ef743df8b2ba6c7c896ecd3a1752d9,2026-06-27,251,227677845,0.050,,
approach,흐냐냐냐냠,a9ef743df8b2ba6c7c896ecd3a1752d9,2026-06-28,251,227677845,0.050,,
approach,흐냐냐냐냠,a9ef743df8b2ba6c7c896ecd3a1752d9,2026-06-29,251,227677845,0.050,,
approach,흐냐냐냐냠,a9ef743df8b2ba6c7c896ecd3a1752d9,2026-06-30,251,227677845,0.050,,
approach,흐냐냐냐냠,a9ef743df8b2ba6c7c896ecd3a1752d9,2026-07-01,251,227677845,0.050,,
approach,흐냐냐냐냠,a9ef743df8b2ba6c7c896ecd3a1752d9,2026-07-02,251,227677845,0.050,,
approach,흐냐냐냐냠,a9ef743df8b2ba6c7c896ecd3a1752d9,2026-07-03,251,227677845,0.050,,
approach,흐냐냐냐냠,a9ef743df8b2ba6c7c896ecd3a1752d9,2026-07-04,251,227677845,0.050,1381656,
approach,흐냐냐냐냠,a9ef743df8b2ba6c7c896ecd3a1752d9,2026-07-05,251,227677845,0.050,,
approach,흐냐냐냐냠,a9ef743df8b2ba6c7c896ecd3a1752d9,2026-07-06,251,227677845,0.050,,
approach,흐냐냐냐냠,a9ef743df8b2ba6c7c896ecd3a1752d9,2026-07-07,251,227677845,0.050,,
approach,흐냐냐냐냠,a9ef743df8b2ba6c7c896ecd3a1752d9,2026-07-08,251,227677845,0.050,,
approach,흐냐냐냐냠,a9ef743df8b2ba6c7c896ecd3a1752d9,2026-07-09,251,227677845,0.050,,
approach,흐냐냐냐냠,a9ef743df8b2ba6c7c896ecd3a1752d9,2026-07-10,251,227677845,0.050,,
approach,흐냐냐냐냠,a9ef743df8b2ba6c7c896ecd3a1752d9,2026-07-11,251,227677845,0.050,,
approach,흐냐냐냐냠,a9ef743df8b2ba6c7c896ecd3a1752d9,2026-07-12,251,227677845,0.050,1381656,
approach,만년고졸업생,4d73afee788a085575be39cadbb50827,2026-06-18,251,320040149,0.167,2266845,
approach,만년고졸업생,4d73afee788a085575be39cadbb50827,2026-06-19,251,320040149,0.167,,
approach,만년고졸업생,4d73afee788a085575be39cadbb50827,2026-06-20,251,320040149,0.167,,
approach,만년고졸업생,4d73afee788a085575be39cadbb50827,2026-06-21,251,320040149,0.167,,
approach,만년고졸업생,4d73afee788a085575be39cadbb50827,2026-06-22,251,320040149,0.167,,
approach,만년고졸업생,4d73afee788a085575be39cadbb50827,2026-06-23,251,320040149,0.167,,
approach,만년고졸업생,4d73afee788a085575be39cadbb50827,2026-06-24,251,320040149,0.167,,
approach,만년고졸업생,4d73afee788a085575be39cadbb50827,2026-06-25,251,320040149,0.167,,
approach,만년고졸업생,4d73afee788a085575be39cadbb50827,2026-06-26,251,320040149,0.167,2266845,
approach,만년고졸업생,4d73afee788a085575be39cadbb50827,2026-06-27,251,320040149,0.167,,
approach,만년고졸업생,4d73afee788a085575be39cadbb50827,2026-06-28,251,320040149,0.167,,
approach,만년고졸업생,4d73afee788a085575be39cadbb50827,2026-06-29,251,320040149,0.167,,
approach,만년고졸업생,4d73afee788a085575be39cadbb50827,2026-06-30,251,320040149,0.167,,
approach,만년고졸업생,4d73afee788a085575be39cadbb50827,2026-07-01,251,320040149,0.167,,
approach,만년고졸업생,4d73afee788a085575be39cadbb50827,2026-07-02,251,320040149,0.167,,
approach,만년고졸업생,4d73afee788a085575be39cadbb50827,2026-07-03,251,320040149,0.167,,
approach,만년고졸업생,4d73afee788a085575be39cadbb50827,2026-07-04,251,320040149,0.167,2266845,
approach,만년고졸업생,4d73afee788a085575be39cadbb50827,2026-07-05,251,320040149,0.167,,
approach,만년고졸업생,4d73afee788a085575be39cadbb50827,2026-07-06,251,320040149,0.167,,
approach,만년고졸업생,4d73afee788a085575be39cadbb50827,2026-07-07,251,320040149,0.167,,
approach,만년고졸업생,4d73afee788a085575be39cadbb50827,2026-07-08,251,320040149,0.167,,
approach,만년고졸업생,4d73afee788a085575be39cadbb50827,2026-07-09,251,320040149,0.167,,
approach,만년고졸업생,4d73afee788a085575be39cadbb50827,2026-07-10,251,320040149,0.167,,
approach,만년고졸업생,4d73afee788a085575be39cadbb50827,2026-07-11,251,320040149,0.167,,
approach,만년고졸업생,4d73afee788a085575be39cadbb50827,2026-07-12,251,320040149,0.167,2266845,
approach,풀파파,06560b20f37452fc17792ead3ded2e2a,2026-06-18,251,248373074,0.129,195246,
approach,풀파파,06560b20f37452fc17792ead3ded2e2a,2026-06-19,251,248373074,0.129,,
approach,풀파파,06560b20f37452fc17792ead3ded2e2a,2026-06-20,251,248373074,0.129,,
approach,풀파파,06560b20f37452fc17792ead3ded2e2a,2026-06-21,251,248373074,0.129,,
approach,풀파파,06560b20f37452fc17792ead3ded2e2a,2026-06-22,251,248373074,0.129,,
approach,풀파파,06560b20f37452fc17792ead3ded2e2a,2026-06-23,251,248373074,0.129,,
approach,풀파파,06560b20f37452fc17792ead3ded2e2a,2026-06-24,251,248373074,0.129,,
approach,풀파파,06560b20f37452fc17792ead3ded2e2a,2026-06-25,251,248373074,0.129,,
approach,풀파파,06560b20f37452fc17792ead3ded2e2a,2026-06-26,251,248373074,0.129,145301,
approach,풀파파,06560b20f37452fc17792ead3ded2e2a,2026-06-27,251,248373074,0.129,,
approach,풀파파,06560b20f37452fc17792ead3ded2e2a,2026-06-28,251,248373074,0.129,,
approach,풀파파,06560b20f37452fc17792ead3ded2e2a,2026-06-29,251,248373074,0.129,,
approach,풀파파,06560b20f37452fc17792ead3ded2e2a,2026-06-30,251,248373074,0.129,,
approach,풀파파,06560b20f37452fc17792ead3ded2e2a,2026-07-01,251,248373074,0.129,,
approach,풀파파,06560b20f37452fc17792ead3ded2e2a,2026-07-02,251,248373074,0.129,,
approach,풀파파,06560b20f37452fc17792ead3ded2e2a,2026-07-03,251,248373074,0.129,,
approach,풀파파,06560b20f37452fc17792ead3ded2e2a,2026-07-04,251,248373074,0.129,145301,
approach,풀파파,06560b20f37452fc17792ead3ded2e2a,2026-07-05,251,248373074,0.129,,
approach,풀파파,06560b20f37452fc17792ead3ded2e2a,2026-07-06,251,248373074,0.129,,
approach,풀파파,06560b20f37452fc17792ead3ded2e2a,2026-07-07,251,248373074,0.129,,
approach,풀파파,06560b20f37452fc17792ead3ded2e2a,2026-07-08,251,248373074,0.129,,
approach,풀파파,06560b20f37452fc17792ead3ded2e2a,2026-07-09,251,248373074,0.129,,
approach,풀파파,06560b20f37452fc17792ead3ded2e2a,2026-07-10,251,248373074,0.129,,
approach,풀파파,06560b20f37452fc17792ead3ded2e2a,2026-07-11,251,248373074,0.129,,
approach,풀파파,06560b20f37452fc17792ead3ded2e2a,2026-07-12,251,248373074,0.129,145301,
approach,에로스01,fd049be79b0c1eecbd5e5d539032a4bdefe8d04e6d233bd35cf2fabdeb93fb0d,2026-06-18,251,309977684,0.161,152551,
approach,에로스01,fd049be79b0c1eecbd5e5d539032a4bdefe8d04e6d233bd35cf2fabdeb93fb0d,2026-06-19,251,309977684,0.161,,
approach,에로스01,fd049be79b0c1eecbd5e5d539032a4bdefe8d04e6d233bd35cf2fabdeb93fb0d,2026-06-20,251,309977684,0.161,,
approach,에로스01,fd049be79b0c1eecbd5e5d539032a4bdefe8d04e6d233bd35cf2fabdeb93fb0d,2026-06-21,251,309977684,0.161,,
approach,에로스01,fd049be79b0c1eecbd5e5d539032a4bdefe8d04e6d233bd35cf2fabdeb93fb0d,2026-06-22,251,309977684,0.161,,
approach,에로스01,fd049be79b0c1eecbd5e5d539032a4bdefe8d04e6d233bd35cf2fabdeb93fb0d,2026-06-23,251,309977684,0.161,,
approach,에로스01,fd049be79b0c1eecbd5e5d539032a4bdefe8d04e6d233bd35cf2fabdeb93fb0d,2026-06-24,251,309977684,0.161,,
approach,에로스01,fd049be79b0c1eecbd5e5d539032a4bdefe8d04e6d233bd35cf2fabdeb93fb0d,2026-06-25,251,309977684,0.161,,
approach,에로스01,fd049be79b0c1eecbd5e5d539032a4bdefe8d04e6d233bd35cf2fabdeb93fb0d,2026-06-26,251,309977684,0.161,152551,
approach,에로스01,fd049be79b0c1eecbd5e5d539032a4bdefe8d04e6d233bd35cf2fabdeb93fb0d,2026-06-27,251,309977684,0.161,,
approach,에로스01,fd049be79b0c1eecbd5e5d539032a4bdefe8d04e6d233bd35cf2fabdeb93fb0d,2026-06-28,251,309977684,0.161,,
approach,에로스01,fd049be79b0c1eecbd5e5d539032a4bdefe8d04e6d233bd35cf2fabdeb93fb0d,2026-06-29,251,309977684,0.161,,
approach,에로스01,fd049be79b0c1eecbd5e5d539032a4bdefe8d04e6d233bd35cf2fabdeb93fb0d,2026-06-30,251,309977684,0.161,,
approach,에로스01,fd049be79b0c1eecbd5e5d539032a4bdefe8d04e6d233bd35cf2fabdeb93fb0d,2026-07-01,251,309977684,0.161,,
approach,에로스01,fd049be79b0c1eecbd5e5d539032a4bdefe8d04e6d233bd35cf2fabdeb93fb0d,2026-07-02,251,309977684,0.161,,
approach,에로스01,fd049be79b0c1eecbd5e5d539032a4bdefe8d04e6d233bd35cf2fabdeb93fb0d,2026-07-03,251,309977684,0.161,,
approach,에로스01,fd049be79b0c1eecbd5e5d539032a4bdefe8d04e6d233bd35cf2fabdeb93fb0d,2026-07-04,251,309977684,0.161,152551,
approach,에로스01,fd049be79b0c1eecbd5e5d539032a4bdefe8d04e6d233bd35cf2fabdeb93fb0d,2026-07-05,251,309977684,0.161,,
approach,에로스01,fd049be79b0c1eecbd5e5d539032a4bdefe8d04e6d233bd35cf2fabdeb93fb0d,2026-07-06,251,309977684,0.161,,
approach,에로스01,fd049be79b0c1eecbd5e5d539032a4bdefe8d04e6d233bd35cf2fabdeb93fb0d,2026-07-07,251,309977684,0.161,,
approach,에로스01,fd049be79b0c1eecbd5e5d539032a4bdefe8d04e6d233bd35cf2fabdeb93fb0d,2026-07-08,251,309977684,0.161,,
approach,에로스01,fd049be79b0c1eecbd5e5d539032a4bdefe8d04e6d233bd35cf2fabdeb93fb0d,2026-07-09,251,309977684,0.161,,
approach,에로스01,fd049be79b0c1eecbd5e5d539032a4bdefe8d04e6d233bd35cf2fabdeb93fb0d,2026-07-10,251,309977684,0.161,,
approach,에로스01,fd049be79b0c1eecbd5e5d539032a4bdefe8d04e6d233bd35cf2fabdeb93fb0d,2026-07-11,251,309977684,0.161,,
approach,에로스01,fd049be79b0c1eecbd5e5d539032a4bdefe8d04e6d233bd35cf2fabdeb93fb0d,2026-07-12,251,309977684,0.161,152551,
approach,융용융22,891457c319f72eeb9789ddd35fc9d2b4,2026-06-18,251,241724376,0.126,460634,
approach,융용융22,891457c319f72eeb9789ddd35fc9d2b4,2026-06-19,251,241724376,0.126,,
approach,융용융22,891457c319f72eeb9789ddd35fc9d2b4,2026-06-20,251,241724376,0.126,,
approach,융용융22,891457c319f72eeb9789ddd35fc9d2b4,2026-06-21,251,241724376,0.126,,
approach,융용융22,891457c319f72eeb9789ddd35fc9d2b4,2026-06-22,251,241724376,0.126,,
approach,융용융22,891457c319f72eeb9789ddd35fc9d2b4,2026-06-23,251,241724376,0.126,,
approach,융용융22,891457c319f72eeb9789ddd35fc9d2b4,2026-06-24,251,241724376,0.126,,
approach,융용융22,891457c319f72eeb9789ddd35fc9d2b4,2026-06-25,251,241724376,0.126,,
approach,융용융22,891457c319f72eeb9789ddd35fc9d2b4,2026-06-26,251,241724376,0.126,460634,
approach,융용융22,891457c319f72eeb9789ddd35fc9d2b4,2026-06-27,251,241724376,0.126,,
approach,융용융22,891457c319f72eeb9789ddd35fc9d2b4,2026-06-28,251,241724376,0.126,,
approach,융용융22,891457c319f72eeb9789ddd35fc9d2b4,2026-06-29,251,241724376,0.126,,
approach,융용융22,891457c319f72eeb9789ddd35fc9d2b4,2026-06-30,251,241724376,0.126,,
approach,융용융22,891457c319f72eeb9789ddd35fc9d2b4,2026-07-01,251,241724376,0.126,,
approach,융용융22,891457c319f72eeb9789ddd35fc9d2b4,2026-07-02,251,241724376,0.126,,
approach,융용융22,891457c319f72eeb9789ddd35fc9d2b4,2026-07-03,251,241724376,0.126,,
approach,융용융22,891457c319f72eeb9789ddd35fc9d2b4,2026-07-04,251,241724376,0.126,460634,
approach,융용융22,891457c319f72eeb9789ddd35fc9d2b4,2026-07-05,251,241724376,0.126,,
approach,융용융22,891457c319f72eeb9789ddd35fc9d2b4,2026-07-06,251,241724376,0.126,,
approach,융용융22,891457c319f72eeb9789ddd35fc9d2b4,2026-07-07,251,241724376,0.126,,
approach,융용융22,891457c319f72eeb9789ddd35fc9d2b4,2026-07-08,251,241724376,0.126,,
approach,융용융22,891457c319f72eeb9789ddd35fc9d2b4,2026-07-09,251,241724376,0.126,,
approach,융용융22,891457c319f72eeb9789ddd35fc9d2b4,2026-07-10,251,241724376,0.126,,
approach,융용융22,891457c319f72eeb9789ddd35fc9d2b4,2026-07-11,251,241724376,0.126,,
approach,융용융22,891457c319f72eeb9789ddd35fc9d2b4,2026-07-12,251,241724376,0.126,460634,
approach,맘에은월이,,2026-06-18,,,,,ocid_failed
approach,맘에은월이,,2026-06-19,,,,,ocid_failed
approach,맘에은월이,,2026-06-20,,,,,ocid_failed
approach,맘에은월이,,2026-06-21,,,,,ocid_failed
approach,맘에은월이,,2026-06-22,,,,,ocid_failed
approach,맘에은월이,,2026-06-23,,,,,ocid_failed
approach,맘에은월이,,2026-06-24,,,,,ocid_failed
approach,맘에은월이,,2026-06-25,,,,,ocid_failed
approach,맘에은월이,,2026-06-26,,,,,ocid_failed
approach,맘에은월이,,2026-06-27,,,,,ocid_failed
approach,맘에은월이,,2026-06-28,,,,,ocid_failed
approach,맘에은월이,,2026-06-29,,,,,ocid_failed
approach,맘에은월이,,2026-06-30,,,,,ocid_failed
approach,맘에은월이,,2026-07-01,,,,,ocid_failed
approach,맘에은월이,,2026-07-02,,,,,ocid_failed
approach,맘에은월이,,2026-07-03,,,,,ocid_failed
approach,맘에은월이,,2026-07-04,,,,,ocid_failed
approach,맘에은월이,,2026-07-05,,,,,ocid_failed
approach,맘에은월이,,2026-07-06,,,,,ocid_failed
approach,맘에은월이,,2026-07-07,,,,,ocid_failed
approach,맘에은월이,,2026-07-08,,,,,ocid_failed
approach,맘에은월이,,2026-07-09,,,,,ocid_failed
approach,맘에은월이,,2026-07-10,,,,,ocid_failed
approach,맘에은월이,,2026-07-11,,,,,ocid_failed
approach,맘에은월이,,2026-07-12,,,,,ocid_failed
approach,문WAR,1de8fbb4a01df7b5ca8c1f3c37b868f8,2026-06-18,251,301666861,0.066,1208054,
approach,문WAR,1de8fbb4a01df7b5ca8c1f3c37b868f8,2026-06-19,251,301666861,0.066,,
approach,문WAR,1de8fbb4a01df7b5ca8c1f3c37b868f8,2026-06-20,251,301666861,0.066,,
approach,문WAR,1de8fbb4a01df7b5ca8c1f3c37b868f8,2026-06-21,251,301666861,0.066,,
approach,문WAR,1de8fbb4a01df7b5ca8c1f3c37b868f8,2026-06-22,251,301666861,0.066,,
approach,문WAR,1de8fbb4a01df7b5ca8c1f3c37b868f8,2026-06-23,251,301666861,0.066,,
approach,문WAR,1de8fbb4a01df7b5ca8c1f3c37b868f8,2026-06-24,251,301666861,0.066,,
approach,문WAR,1de8fbb4a01df7b5ca8c1f3c37b868f8,2026-06-25,251,301666861,0.066,,
approach,문WAR,1de8fbb4a01df7b5ca8c1f3c37b868f8,2026-06-26,251,301666861,0.066,1208054,
approach,문WAR,1de8fbb4a01df7b5ca8c1f3c37b868f8,2026-06-27,251,301666861,0.066,,
approach,문WAR,1de8fbb4a01df7b5ca8c1f3c37b868f8,2026-06-28,251,301666861,0.066,,
approach,문WAR,1de8fbb4a01df7b5ca8c1f3c37b868f8,2026-06-29,251,301666861,0.066,,
approach,문WAR,1de8fbb4a01df7b5ca8c1f3c37b868f8,2026-06-30,251,301666861,0.066,,
approach,문WAR,1de8fbb4a01df7b5ca8c1f3c37b868f8,2026-07-01,251,301666861,0.066,,
approach,문WAR,1de8fbb4a01df7b5ca8c1f3c37b868f8,2026-07-02,251,301666861,0.066,,
approach,문WAR,1de8fbb4a01df7b5ca8c1f3c37b868f8,2026-07-03,251,301666861,0.066,,
approach,문WAR,1de8fbb4a01df7b5ca8c1f3c37b868f8,2026-07-04,251,301666861,0.066,1208054,
approach,문WAR,1de8fbb4a01df7b5ca8c1f3c37b868f8,2026-07-05,251,301666861,0.066,,
approach,문WAR,1de8fbb4a01df7b5ca8c1f3c37b868f8,2026-07-06,251,301666861,0.066,,
approach,문WAR,1de8fbb4a01df7b5ca8c1f3c37b868f8,2026-07-07,251,301666861,0.066,,
approach,문WAR,1de8fbb4a01df7b5ca8c1f3c37b868f8,2026-07-08,251,301666861,0.066,,
approach,문WAR,1de8fbb4a01df7b5ca8c1f3c37b868f8,2026-07-09,251,301666861,0.066,,
approach,문WAR,1de8fbb4a01df7b5ca8c1f3c37b868f8,2026-07-10,251,301666861,0.066,,
approach,문WAR,1de8fbb4a01df7b5ca8c1f3c37b868f8,2026-07-11,251,301666861,0.066,,
approach,문WAR,1de8fbb4a01df7b5ca8c1f3c37b868f8,2026-07-12,251,301666861,0.066,1208054,
approach,자브하이퍼2,1763b2cd320a3864418a00c8ee5118d4efe8d04e6d233bd35cf2fabdeb93fb0d,2026-06-18,251,266628816,0.059,565060,
approach,자브하이퍼2,1763b2cd320a3864418a00c8ee5118d4efe8d04e6d233bd35cf2fabdeb93fb0d,2026-06-19,251,266628816,0.059,,
approach,자브하이퍼2,1763b2cd320a3864418a00c8ee5118d4efe8d04e6d233bd35cf2fabdeb93fb0d,2026-06-20,251,266628816,0.059,,
approach,자브하이퍼2,1763b2cd320a3864418a00c8ee5118d4efe8d04e6d233bd35cf2fabdeb93fb0d,2026-06-21,251,266628816,0.059,,
approach,자브하이퍼2,1763b2cd320a3864418a00c8ee5118d4efe8d04e6d233bd35cf2fabdeb93fb0d,2026-06-22,251,266628816,0.059,,
approach,자브하이퍼2,1763b2cd320a3864418a00c8ee5118d4efe8d04e6d233bd35cf2fabdeb93fb0d,2026-06-23,251,266628816,0.059,,
approach,자브하이퍼2,1763b2cd320a3864418a00c8ee5118d4efe8d04e6d233bd35cf2fabdeb93fb0d,2026-06-24,251,266628816,0.139,,
approach,자브하이퍼2,1763b2cd320a3864418a00c8ee5118d4efe8d04e6d233bd35cf2fabdeb93fb0d,2026-06-25,251,266628816,0.139,,
approach,자브하이퍼2,1763b2cd320a3864418a00c8ee5118d4efe8d04e6d233bd35cf2fabdeb93fb0d,2026-06-26,251,266628816,0.139,574309,
approach,자브하이퍼2,1763b2cd320a3864418a00c8ee5118d4efe8d04e6d233bd35cf2fabdeb93fb0d,2026-06-27,251,266628816,0.139,,
approach,자브하이퍼2,1763b2cd320a3864418a00c8ee5118d4efe8d04e6d233bd35cf2fabdeb93fb0d,2026-06-28,251,266628816,0.139,,
approach,자브하이퍼2,1763b2cd320a3864418a00c8ee5118d4efe8d04e6d233bd35cf2fabdeb93fb0d,2026-06-29,251,266628816,0.139,,
approach,자브하이퍼2,1763b2cd320a3864418a00c8ee5118d4efe8d04e6d233bd35cf2fabdeb93fb0d,2026-06-30,251,266628816,0.139,,
approach,자브하이퍼2,1763b2cd320a3864418a00c8ee5118d4efe8d04e6d233bd35cf2fabdeb93fb0d,2026-07-01,251,266628816,0.139,,
approach,자브하이퍼2,1763b2cd320a3864418a00c8ee5118d4efe8d04e6d233bd35cf2fabdeb93fb0d,2026-07-02,251,266628816,0.139,,
approach,자브하이퍼2,1763b2cd320a3864418a00c8ee5118d4efe8d04e6d233bd35cf2fabdeb93fb0d,2026-07-03,251,266628816,0.139,,
approach,자브하이퍼2,1763b2cd320a3864418a00c8ee5118d4efe8d04e6d233bd35cf2fabdeb93fb0d,2026-07-04,251,266628816,0.139,574309,
approach,자브하이퍼2,1763b2cd320a3864418a00c8ee5118d4efe8d04e6d233bd35cf2fabdeb93fb0d,2026-07-05,251,266628816,0.139,,
approach,자브하이퍼2,1763b2cd320a3864418a00c8ee5118d4efe8d04e6d233bd35cf2fabdeb93fb0d,2026-07-06,251,266628816,0.139,,
approach,자브하이퍼2,1763b2cd320a3864418a00c8ee5118d4efe8d04e6d233bd35cf2fabdeb93fb0d,2026-07-07,251,266628816,0.139,,
approach,자브하이퍼2,1763b2cd320a3864418a00c8ee5118d4efe8d04e6d233bd35cf2fabdeb93fb0d,2026-07-08,251,266628816,0.139,,
approach,자브하이퍼2,1763b2cd320a3864418a00c8ee5118d4efe8d04e6d233bd35cf2fabdeb93fb0d,2026-07-09,251,266628816,0.139,,
approach,자브하이퍼2,1763b2cd320a3864418a00c8ee5118d4efe8d04e6d233bd35cf2fabdeb93fb0d,2026-07-10,251,266628816,0.139,,
approach,자브하이퍼2,1763b2cd320a3864418a00c8ee5118d4efe8d04e6d233bd35cf2fabdeb93fb0d,2026-07-11,251,266628816,0.139,,
approach,자브하이퍼2,1763b2cd320a3864418a00c8ee5118d4efe8d04e6d233bd35cf2fabdeb93fb0d,2026-07-12,251,266628816,0.139,574309,
approach,로봇햄서,bd5c545993516183e8c7d0c67b2aa91efd842dab14be2a956555625b37c97bff,2026-06-18,251,249491075,0.130,28736,
approach,로봇햄서,bd5c545993516183e8c7d0c67b2aa91efd842dab14be2a956555625b37c97bff,2026-06-19,251,249491075,0.130,,
approach,로봇햄서,bd5c545993516183e8c7d0c67b2aa91efd842dab14be2a956555625b37c97bff,2026-06-20,251,249491075,0.130,,
approach,로봇햄서,bd5c545993516183e8c7d0c67b2aa91efd842dab14be2a956555625b37c97bff,2026-06-21,251,249491075,0.130,,
approach,로봇햄서,bd5c545993516183e8c7d0c67b2aa91efd842dab14be2a956555625b37c97bff,2026-06-22,251,249491075,0.130,,
approach,로봇햄서,bd5c545993516183e8c7d0c67b2aa91efd842dab14be2a956555625b37c97bff,2026-06-23,251,249491075,0.130,,
approach,로봇햄서,bd5c545993516183e8c7d0c67b2aa91efd842dab14be2a956555625b37c97bff,2026-06-24,251,249491075,0.130,,
approach,로봇햄서,bd5c545993516183e8c7d0c67b2aa91efd842dab14be2a956555625b37c97bff,2026-06-25,251,249491075,0.130,,
approach,로봇햄서,bd5c545993516183e8c7d0c67b2aa91efd842dab14be2a956555625b37c97bff,2026-06-26,251,249491075,0.130,28736,
approach,로봇햄서,bd5c545993516183e8c7d0c67b2aa91efd842dab14be2a956555625b37c97bff,2026-06-27,251,249491075,0.130,,
approach,로봇햄서,bd5c545993516183e8c7d0c67b2aa91efd842dab14be2a956555625b37c97bff,2026-06-28,251,249491075,0.130,,
approach,로봇햄서,bd5c545993516183e8c7d0c67b2aa91efd842dab14be2a956555625b37c97bff,2026-06-29,251,249491075,0.130,,
approach,로봇햄서,bd5c545993516183e8c7d0c67b2aa91efd842dab14be2a956555625b37c97bff,2026-06-30,251,249491075,0.130,,
approach,로봇햄서,bd5c545993516183e8c7d0c67b2aa91efd842dab14be2a956555625b37c97bff,2026-07-01,251,249491075,0.130,,
approach,로봇햄서,bd5c545993516183e8c7d0c67b2aa91efd842dab14be2a956555625b37c97bff,2026-07-02,251,249491075,0.130,,
approach,로봇햄서,bd5c545993516183e8c7d0c67b2aa91efd842dab14be2a956555625b37c97bff,2026-07-03,251,249491075,0.130,,
approach,로봇햄서,bd5c545993516183e8c7d0c67b2aa91efd842dab14be2a956555625b37c97bff,2026-07-04,251,249491075,0.130,28736,
approach,로봇햄서,bd5c545993516183e8c7d0c67b2aa91efd842dab14be2a956555625b37c97bff,2026-07-05,251,249491075,0.130,,
approach,로봇햄서,bd5c545993516183e8c7d0c67b2aa91efd842dab14be2a956555625b37c97bff,2026-07-06,251,249491075,0.130,,
approach,로봇햄서,bd5c545993516183e8c7d0c67b2aa91efd842dab14be2a956555625b37c97bff,2026-07-07,251,249491075,0.130,,
approach,로봇햄서,bd5c545993516183e8c7d0c67b2aa91efd842dab14be2a956555625b37c97bff,2026-07-08,251,249491075,0.130,,
approach,로봇햄서,bd5c545993516183e8c7d0c67b2aa91efd842dab14be2a956555625b37c97bff,2026-07-09,251,249491075,0.130,,
approach,로봇햄서,bd5c545993516183e8c7d0c67b2aa91efd842dab14be2a956555625b37c97bff,2026-07-10,251,249491075,0.130,,
approach,로봇햄서,bd5c545993516183e8c7d0c67b2aa91efd842dab14be2a956555625b37c97bff,2026-07-11,251,249491075,0.130,,
approach,로봇햄서,bd5c545993516183e8c7d0c67b2aa91efd842dab14be2a956555625b37c97bff,2026-07-12,251,249491075,0.130,28736,
approach,지학인,4c52885860d4753445fe99fd1ebceddd,2026-06-18,251,276568746,0.144,261305,
approach,지학인,4c52885860d4753445fe99fd1ebceddd,2026-06-19,251,276568746,0.144,,
approach,지학인,4c52885860d4753445fe99fd1ebceddd,2026-06-20,251,276568746,0.144,,
approach,지학인,4c52885860d4753445fe99fd1ebceddd,2026-06-21,251,276568746,0.144,,
approach,지학인,4c52885860d4753445fe99fd1ebceddd,2026-06-22,251,276568746,0.144,,
approach,지학인,4c52885860d4753445fe99fd1ebceddd,2026-06-23,251,276568746,0.144,,
approach,지학인,4c52885860d4753445fe99fd1ebceddd,2026-06-24,251,276568746,0.144,,
approach,지학인,4c52885860d4753445fe99fd1ebceddd,2026-06-25,251,276568746,0.144,,
approach,지학인,4c52885860d4753445fe99fd1ebceddd,2026-06-26,251,276568746,0.144,261305,
approach,지학인,4c52885860d4753445fe99fd1ebceddd,2026-06-27,251,276568746,0.144,,
approach,지학인,4c52885860d4753445fe99fd1ebceddd,2026-06-28,251,276568746,0.144,,
approach,지학인,4c52885860d4753445fe99fd1ebceddd,2026-06-29,251,276568746,0.144,,
approach,지학인,4c52885860d4753445fe99fd1ebceddd,2026-06-30,251,276568746,0.144,,
approach,지학인,4c52885860d4753445fe99fd1ebceddd,2026-07-01,251,276568746,0.144,,
approach,지학인,4c52885860d4753445fe99fd1ebceddd,2026-07-02,251,276568746,0.144,,
approach,지학인,4c52885860d4753445fe99fd1ebceddd,2026-07-03,251,276568746,0.144,,
approach,지학인,4c52885860d4753445fe99fd1ebceddd,2026-07-04,251,276568746,0.144,261305,
approach,지학인,4c52885860d4753445fe99fd1ebceddd,2026-07-05,251,276568746,0.144,,
approach,지학인,4c52885860d4753445fe99fd1ebceddd,2026-07-06,251,276568746,0.144,,
approach,지학인,4c52885860d4753445fe99fd1ebceddd,2026-07-07,251,276568746,0.144,,
approach,지학인,4c52885860d4753445fe99fd1ebceddd,2026-07-08,251,276568746,0.144,,
approach,지학인,4c52885860d4753445fe99fd1ebceddd,2026-07-09,251,276568746,0.144,,
approach,지학인,4c52885860d4753445fe99fd1ebceddd,2026-07-10,251,276568746,0.144,,
approach,지학인,4c52885860d4753445fe99fd1ebceddd,2026-07-11,251,276568746,0.144,,
approach,지학인,4c52885860d4753445fe99fd1ebceddd,2026-07-12,251,276568746,0.144,261305,
approach,Lyingl팬텀l,7a2e6e8f0e9ce0a6be16123f73d53866,2026-06-18,251,254938005,0.133,55915,
approach,Lyingl팬텀l,7a2e6e8f0e9ce0a6be16123f73d53866,2026-06-19,251,254938005,0.133,,
approach,Lyingl팬텀l,7a2e6e8f0e9ce0a6be16123f73d53866,2026-06-20,251,254938005,0.133,,
approach,Lyingl팬텀l,7a2e6e8f0e9ce0a6be16123f73d53866,2026-06-21,251,254938005,0.133,,
approach,Lyingl팬텀l,7a2e6e8f0e9ce0a6be16123f73d53866,2026-06-22,251,254938005,0.133,,
approach,Lyingl팬텀l,7a2e6e8f0e9ce0a6be16123f73d53866,2026-06-23,251,254938005,0.133,,
approach,Lyingl팬텀l,7a2e6e8f0e9ce0a6be16123f73d53866,2026-06-24,251,254938005,0.133,,
approach,Lyingl팬텀l,7a2e6e8f0e9ce0a6be16123f73d53866,2026-06-25,251,254938005,0.133,,
approach,Lyingl팬텀l,7a2e6e8f0e9ce0a6be16123f73d53866,2026-06-26,251,254938005,0.133,55915,
approach,Lyingl팬텀l,7a2e6e8f0e9ce0a6be16123f73d53866,2026-06-27,251,254938005,0.133,,
approach,Lyingl팬텀l,7a2e6e8f0e9ce0a6be16123f73d53866,2026-06-28,251,254938005,0.133,,
approach,Lyingl팬텀l,7a2e6e8f0e9ce0a6be16123f73d53866,2026-06-29,251,254938005,0.133,,
approach,Lyingl팬텀l,7a2e6e8f0e9ce0a6be16123f73d53866,2026-06-30,251,254938005,0.133,,
approach,Lyingl팬텀l,7a2e6e8f0e9ce0a6be16123f73d53866,2026-07-01,251,254938005,0.133,,
approach,Lyingl팬텀l,7a2e6e8f0e9ce0a6be16123f73d53866,2026-07-02,251,254938005,0.133,,
approach,Lyingl팬텀l,7a2e6e8f0e9ce0a6be16123f73d53866,2026-07-03,251,254938005,0.133,,
approach,Lyingl팬텀l,7a2e6e8f0e9ce0a6be16123f73d53866,2026-07-04,251,254938005,0.133,55915,
approach,Lyingl팬텀l,7a2e6e8f0e9ce0a6be16123f73d53866,2026-07-05,251,254938005,0.133,,
approach,Lyingl팬텀l,7a2e6e8f0e9ce0a6be16123f73d53866,2026-07-06,251,254938005,0.133,,
approach,Lyingl팬텀l,7a2e6e8f0e9ce0a6be16123f73d53866,2026-07-07,251,254938005,0.133,,
approach,Lyingl팬텀l,7a2e6e8f0e9ce0a6be16123f73d53866,2026-07-08,251,254938005,0.133,,
approach,Lyingl팬텀l,7a2e6e8f0e9ce0a6be16123f73d53866,2026-07-09,251,254938005,0.133,,
approach,Lyingl팬텀l,7a2e6e8f0e9ce0a6be16123f73d53866,2026-07-10,251,254938005,0.133,,
approach,Lyingl팬텀l,7a2e6e8f0e9ce0a6be16123f73d53866,2026-07-11,251,254938005,0.133,,
approach,Lyingl팬텀l,7a2e6e8f0e9ce0a6be16123f73d53866,2026-07-12,251,254938005,0.133,55915,
approach,원기월급도둑,8b090fbdceacf97077b6678ed8100ec7,2026-06-18,251,299713223,0.156,166226,
approach,원기월급도둑,8b090fbdceacf97077b6678ed8100ec7,2026-06-19,251,299713223,0.156,,
approach,원기월급도둑,8b090fbdceacf97077b6678ed8100ec7,2026-06-20,251,299713223,0.156,,
approach,원기월급도둑,8b090fbdceacf97077b6678ed8100ec7,2026-06-21,251,299713223,0.156,,
approach,원기월급도둑,8b090fbdceacf97077b6678ed8100ec7,2026-06-22,251,299713223,0.156,,
approach,원기월급도둑,8b090fbdceacf97077b6678ed8100ec7,2026-06-23,251,299713223,0.156,,
approach,원기월급도둑,8b090fbdceacf97077b6678ed8100ec7,2026-06-24,251,299713223,0.156,,
approach,원기월급도둑,8b090fbdceacf97077b6678ed8100ec7,2026-06-25,251,299713223,0.156,,
approach,원기월급도둑,8b090fbdceacf97077b6678ed8100ec7,2026-06-26,251,299713223,0.156,166226,
approach,원기월급도둑,8b090fbdceacf97077b6678ed8100ec7,2026-06-27,251,299713223,0.156,,
approach,원기월급도둑,8b090fbdceacf97077b6678ed8100ec7,2026-06-28,251,299713223,0.156,,
approach,원기월급도둑,8b090fbdceacf97077b6678ed8100ec7,2026-06-29,251,299713223,0.156,,
approach,원기월급도둑,8b090fbdceacf97077b6678ed8100ec7,2026-06-30,251,299713223,0.156,,
approach,원기월급도둑,8b090fbdceacf97077b6678ed8100ec7,2026-07-01,251,299713223,0.156,,
approach,원기월급도둑,8b090fbdceacf97077b6678ed8100ec7,2026-07-02,251,299713223,0.156,,
approach,원기월급도둑,8b090fbdceacf97077b6678ed8100ec7,2026-07-03,251,299713223,0.156,,
approach,원기월급도둑,8b090fbdceacf97077b6678ed8100ec7,2026-07-04,251,299713223,0.156,166226,
approach,원기월급도둑,8b090fbdceacf97077b6678ed8100ec7,2026-07-05,251,299713223,0.156,,
approach,원기월급도둑,8b090fbdceacf97077b6678ed8100ec7,2026-07-06,251,299713223,0.156,,
approach,원기월급도둑,8b090fbdceacf97077b6678ed8100ec7,2026-07-07,251,299713223,0.156,,
approach,원기월급도둑,8b090fbdceacf97077b6678ed8100ec7,2026-07-08,251,299713223,0.156,,
approach,원기월급도둑,8b090fbdceacf97077b6678ed8100ec7,2026-07-09,251,299713223,0.156,,
approach,원기월급도둑,8b090fbdceacf97077b6678ed8100ec7,2026-07-10,251,299713223,0.156,,
approach,원기월급도둑,8b090fbdceacf97077b6678ed8100ec7,2026-07-11,251,299713223,0.156,,
approach,원기월급도둑,8b090fbdceacf97077b6678ed8100ec7,2026-07-12,251,299713223,0.156,166226,
approach,부캐곧무원24,58b5591c6e6f4ad815c5f58c1a103a5defe8d04e6d233bd35cf2fabdeb93fb0d,2026-06-18,251,217425557,0.048,379797,
approach,부캐곧무원24,58b5591c6e6f4ad815c5f58c1a103a5defe8d04e6d233bd35cf2fabdeb93fb0d,2026-06-19,251,217425557,0.048,,
approach,부캐곧무원24,58b5591c6e6f4ad815c5f58c1a103a5defe8d04e6d233bd35cf2fabdeb93fb0d,2026-06-20,251,217425557,0.048,,
approach,부캐곧무원24,58b5591c6e6f4ad815c5f58c1a103a5defe8d04e6d233bd35cf2fabdeb93fb0d,2026-06-21,251,217425557,0.048,,
approach,부캐곧무원24,58b5591c6e6f4ad815c5f58c1a103a5defe8d04e6d233bd35cf2fabdeb93fb0d,2026-06-22,251,217425557,0.048,,
approach,부캐곧무원24,58b5591c6e6f4ad815c5f58c1a103a5defe8d04e6d233bd35cf2fabdeb93fb0d,2026-06-23,251,217425557,0.048,,
approach,부캐곧무원24,58b5591c6e6f4ad815c5f58c1a103a5defe8d04e6d233bd35cf2fabdeb93fb0d,2026-06-24,251,217425557,0.048,,
approach,부캐곧무원24,58b5591c6e6f4ad815c5f58c1a103a5defe8d04e6d233bd35cf2fabdeb93fb0d,2026-06-25,251,217425557,0.048,,
approach,부캐곧무원24,58b5591c6e6f4ad815c5f58c1a103a5defe8d04e6d233bd35cf2fabdeb93fb0d,2026-06-26,251,217425557,0.048,379797,
approach,부캐곧무원24,58b5591c6e6f4ad815c5f58c1a103a5defe8d04e6d233bd35cf2fabdeb93fb0d,2026-06-27,251,217425557,0.048,,
approach,부캐곧무원24,58b5591c6e6f4ad815c5f58c1a103a5defe8d04e6d233bd35cf2fabdeb93fb0d,2026-06-28,251,217425557,0.048,,
approach,부캐곧무원24,58b5591c6e6f4ad815c5f58c1a103a5defe8d04e6d233bd35cf2fabdeb93fb0d,2026-06-29,251,217425557,0.048,,
approach,부캐곧무원24,58b5591c6e6f4ad815c5f58c1a103a5defe8d04e6d233bd35cf2fabdeb93fb0d,2026-06-30,251,217425557,0.048,,
approach,부캐곧무원24,58b5591c6e6f4ad815c5f58c1a103a5defe8d04e6d233bd35cf2fabdeb93fb0d,2026-07-01,251,217425557,0.048,,
approach,부캐곧무원24,58b5591c6e6f4ad815c5f58c1a103a5defe8d04e6d233bd35cf2fabdeb93fb0d,2026-07-02,251,217425557,0.048,,
approach,부캐곧무원24,58b5591c6e6f4ad815c5f58c1a103a5defe8d04e6d233bd35cf2fabdeb93fb0d,2026-07-03,251,217425557,0.048,,
approach,부캐곧무원24,58b5591c6e6f4ad815c5f58c1a103a5defe8d04e6d233bd35cf2fabdeb93fb0d,2026-07-04,251,217425557,0.048,379797,
approach,부캐곧무원24,58b5591c6e6f4ad815c5f58c1a103a5defe8d04e6d233bd35cf2fabdeb93fb0d,2026-07-05,251,217425557,0.048,,
approach,부캐곧무원24,58b5591c6e6f4ad815c5f58c1a103a5defe8d04e6d233bd35cf2fabdeb93fb0d,2026-07-06,251,217425557,0.048,,
approach,부캐곧무원24,58b5591c6e6f4ad815c5f58c1a103a5defe8d04e6d233bd35cf2fabdeb93fb0d,2026-07-07,251,217425557,0.048,,
approach,부캐곧무원24,58b5591c6e6f4ad815c5f58c1a103a5defe8d04e6d233bd35cf2fabdeb93fb0d,2026-07-08,251,217425557,0.048,,
approach,부캐곧무원24,58b5591c6e6f4ad815c5f58c1a103a5defe8d04e6d233bd35cf2fabdeb93fb0d,2026-07-09,251,217425557,0.048,,
approach,부캐곧무원24,58b5591c6e6f4ad815c5f58c1a103a5defe8d04e6d233bd35cf2fabdeb93fb0d,2026-07-10,251,217425557,0.048,,
approach,부캐곧무원24,58b5591c6e6f4ad815c5f58c1a103a5defe8d04e6d233bd35cf2fabdeb93fb0d,2026-07-11,251,217425557,0.048,,
approach,부캐곧무원24,58b5591c6e6f4ad815c5f58c1a103a5defe8d04e6d233bd35cf2fabdeb93fb0d,2026-07-12,251,217425557,0.048,379797,
approach,탱쿠랭,f5527018e4186613282261c4d2c4f9a6,2026-06-18,251,307224943,0.160,199894,
approach,탱쿠랭,f5527018e4186613282261c4d2c4f9a6,2026-06-19,251,307224943,0.160,,
approach,탱쿠랭,f5527018e4186613282261c4d2c4f9a6,2026-06-20,251,307224943,0.160,,
approach,탱쿠랭,f5527018e4186613282261c4d2c4f9a6,2026-06-21,251,307224943,0.160,,
approach,탱쿠랭,f5527018e4186613282261c4d2c4f9a6,2026-06-22,251,307224943,0.160,,
approach,탱쿠랭,f5527018e4186613282261c4d2c4f9a6,2026-06-23,251,307224943,0.160,,
approach,탱쿠랭,f5527018e4186613282261c4d2c4f9a6,2026-06-24,251,307224943,0.160,,
approach,탱쿠랭,f5527018e4186613282261c4d2c4f9a6,2026-06-25,251,307224943,0.160,,
approach,탱쿠랭,f5527018e4186613282261c4d2c4f9a6,2026-06-26,251,307224943,0.160,199894,
approach,탱쿠랭,f5527018e4186613282261c4d2c4f9a6,2026-06-27,251,307224943,0.160,,
approach,탱쿠랭,f5527018e4186613282261c4d2c4f9a6,2026-06-28,251,307224943,0.160,,
approach,탱쿠랭,f5527018e4186613282261c4d2c4f9a6,2026-06-29,251,307224943,0.160,,
approach,탱쿠랭,f5527018e4186613282261c4d2c4f9a6,2026-06-30,251,307224943,0.160,,
approach,탱쿠랭,f5527018e4186613282261c4d2c4f9a6,2026-07-01,251,307224943,0.160,,
approach,탱쿠랭,f5527018e4186613282261c4d2c4f9a6,2026-07-02,251,307224943,0.160,,
approach,탱쿠랭,f5527018e4186613282261c4d2c4f9a6,2026-07-03,251,307224943,0.160,,
approach,탱쿠랭,f5527018e4186613282261c4d2c4f9a6,2026-07-04,251,307224943,0.160,199894,
approach,탱쿠랭,f5527018e4186613282261c4d2c4f9a6,2026-07-05,251,307224943,0.160,,
approach,탱쿠랭,f5527018e4186613282261c4d2c4f9a6,2026-07-06,251,307224943,0.160,,
approach,탱쿠랭,f5527018e4186613282261c4d2c4f9a6,2026-07-07,251,307224943,0.160,,
approach,탱쿠랭,f5527018e4186613282261c4d2c4f9a6,2026-07-08,251,307224943,0.160,,
approach,탱쿠랭,f5527018e4186613282261c4d2c4f9a6,2026-07-09,251,307224943,0.160,,
approach,탱쿠랭,f5527018e4186613282261c4d2c4f9a6,2026-07-10,251,307224943,0.160,,
approach,탱쿠랭,f5527018e4186613282261c4d2c4f9a6,2026-07-11,251,307224943,0.160,,
approach,탱쿠랭,f5527018e4186613282261c4d2c4f9a6,2026-07-12,251,307224943,0.160,199894,
approach,하드워커단일,db13c6c2cd4037f297a6ef05a97b768dfd842dab14be2a956555625b37c97bff,2026-06-18,251,230885183,0.051,3703028,
approach,하드워커단일,db13c6c2cd4037f297a6ef05a97b768dfd842dab14be2a956555625b37c97bff,2026-06-19,251,230885183,0.051,,
approach,하드워커단일,db13c6c2cd4037f297a6ef05a97b768dfd842dab14be2a956555625b37c97bff,2026-06-20,251,230885183,0.051,,
approach,하드워커단일,db13c6c2cd4037f297a6ef05a97b768dfd842dab14be2a956555625b37c97bff,2026-06-21,251,230885183,0.051,,
approach,하드워커단일,db13c6c2cd4037f297a6ef05a97b768dfd842dab14be2a956555625b37c97bff,2026-06-22,251,230885183,0.051,,
approach,하드워커단일,db13c6c2cd4037f297a6ef05a97b768dfd842dab14be2a956555625b37c97bff,2026-06-23,251,230885183,0.051,,
approach,하드워커단일,db13c6c2cd4037f297a6ef05a97b768dfd842dab14be2a956555625b37c97bff,2026-06-24,251,230885183,0.051,,
approach,하드워커단일,db13c6c2cd4037f297a6ef05a97b768dfd842dab14be2a956555625b37c97bff,2026-06-25,251,230885183,0.051,,
approach,하드워커단일,db13c6c2cd4037f297a6ef05a97b768dfd842dab14be2a956555625b37c97bff,2026-06-26,251,230885183,0.051,3703028,
approach,하드워커단일,db13c6c2cd4037f297a6ef05a97b768dfd842dab14be2a956555625b37c97bff,2026-06-27,251,230885183,0.051,,
approach,하드워커단일,db13c6c2cd4037f297a6ef05a97b768dfd842dab14be2a956555625b37c97bff,2026-06-28,251,230885183,0.051,,
approach,하드워커단일,db13c6c2cd4037f297a6ef05a97b768dfd842dab14be2a956555625b37c97bff,2026-06-29,251,230885183,0.051,,
approach,하드워커단일,db13c6c2cd4037f297a6ef05a97b768dfd842dab14be2a956555625b37c97bff,2026-06-30,251,230885183,0.051,,
approach,하드워커단일,db13c6c2cd4037f297a6ef05a97b768dfd842dab14be2a956555625b37c97bff,2026-07-01,251,230885183,0.051,,
approach,하드워커단일,db13c6c2cd4037f297a6ef05a97b768dfd842dab14be2a956555625b37c97bff,2026-07-02,251,230885183,0.051,,
approach,하드워커단일,db13c6c2cd4037f297a6ef05a97b768dfd842dab14be2a956555625b37c97bff,2026-07-03,251,230885183,0.051,,
approach,하드워커단일,db13c6c2cd4037f297a6ef05a97b768dfd842dab14be2a956555625b37c97bff,2026-07-04,251,230885183,0.051,3703028,
approach,하드워커단일,db13c6c2cd4037f297a6ef05a97b768dfd842dab14be2a956555625b37c97bff,2026-07-05,251,230885183,0.051,,
approach,하드워커단일,db13c6c2cd4037f297a6ef05a97b768dfd842dab14be2a956555625b37c97bff,2026-07-06,251,230885183,0.051,,
approach,하드워커단일,db13c6c2cd4037f297a6ef05a97b768dfd842dab14be2a956555625b37c97bff,2026-07-07,251,230885183,0.051,,
approach,하드워커단일,db13c6c2cd4037f297a6ef05a97b768dfd842dab14be2a956555625b37c97bff,2026-07-08,251,230885183,0.051,,
approach,하드워커단일,db13c6c2cd4037f297a6ef05a97b768dfd842dab14be2a956555625b37c97bff,2026-07-09,251,230885183,0.051,,
approach,하드워커단일,db13c6c2cd4037f297a6ef05a97b768dfd842dab14be2a956555625b37c97bff,2026-07-10,251,230885183,0.051,,
approach,하드워커단일,db13c6c2cd4037f297a6ef05a97b768dfd842dab14be2a956555625b37c97bff,2026-07-11,251,230885183,0.051,,
approach,하드워커단일,db13c6c2cd4037f297a6ef05a97b768dfd842dab14be2a956555625b37c97bff,2026-07-12,251,230885183,0.051,3703028,
approach,메카꽃향기,889afe1cda281a63a7146078a8ceb9d5,2026-06-18,251,257380119,0.134,93897,
approach,메카꽃향기,889afe1cda281a63a7146078a8ceb9d5,2026-06-19,251,257380119,0.134,,
approach,메카꽃향기,889afe1cda281a63a7146078a8ceb9d5,2026-06-20,251,257380119,0.134,,
approach,메카꽃향기,889afe1cda281a63a7146078a8ceb9d5,2026-06-21,251,257380119,0.134,,
approach,메카꽃향기,889afe1cda281a63a7146078a8ceb9d5,2026-06-22,251,257380119,0.134,,
approach,메카꽃향기,889afe1cda281a63a7146078a8ceb9d5,2026-06-23,251,257380119,0.134,,
approach,메카꽃향기,889afe1cda281a63a7146078a8ceb9d5,2026-06-24,251,257380119,0.134,,
approach,메카꽃향기,889afe1cda281a63a7146078a8ceb9d5,2026-06-25,251,257380119,0.134,,
approach,메카꽃향기,889afe1cda281a63a7146078a8ceb9d5,2026-06-26,251,257380119,0.134,93897,
approach,메카꽃향기,889afe1cda281a63a7146078a8ceb9d5,2026-06-27,251,257380119,0.134,,
approach,메카꽃향기,889afe1cda281a63a7146078a8ceb9d5,2026-06-28,251,257380119,0.134,,
approach,메카꽃향기,889afe1cda281a63a7146078a8ceb9d5,2026-06-29,251,257380119,0.134,,
approach,메카꽃향기,889afe1cda281a63a7146078a8ceb9d5,2026-06-30,251,257380119,0.134,,
approach,메카꽃향기,889afe1cda281a63a7146078a8ceb9d5,2026-07-01,251,257380119,0.134,,
approach,메카꽃향기,889afe1cda281a63a7146078a8ceb9d5,2026-07-02,251,257380119,0.134,,
approach,메카꽃향기,889afe1cda281a63a7146078a8ceb9d5,2026-07-03,251,257380119,0.134,,
approach,메카꽃향기,889afe1cda281a63a7146078a8ceb9d5,2026-07-04,251,257380119,0.134,93897,
approach,메카꽃향기,889afe1cda281a63a7146078a8ceb9d5,2026-07-05,251,257380119,0.134,,
approach,메카꽃향기,889afe1cda281a63a7146078a8ceb9d5,2026-07-06,251,257380119,0.134,,
approach,메카꽃향기,889afe1cda281a63a7146078a8ceb9d5,2026-07-07,251,257380119,0.134,,
approach,메카꽃향기,889afe1cda281a63a7146078a8ceb9d5,2026-07-08,251,257380119,0.134,,
approach,메카꽃향기,889afe1cda281a63a7146078a8ceb9d5,2026-07-09,251,257380119,0.134,,
approach,메카꽃향기,889afe1cda281a63a7146078a8ceb9d5,2026-07-10,251,257380119,0.134,,
approach,메카꽃향기,889afe1cda281a63a7146078a8ceb9d5,2026-07-11,251,257380119,0.134,,
approach,메카꽃향기,889afe1cda281a63a7146078a8ceb9d5,2026-07-12,251,257380119,0.134,93897,
approach,너도경험치62,4dafa2299aa67a9f1b0499e03b113e7d,2026-06-18,251,286465340,0.149,16614,
approach,너도경험치62,4dafa2299aa67a9f1b0499e03b113e7d,2026-06-19,251,286465340,0.149,,
approach,너도경험치62,4dafa2299aa67a9f1b0499e03b113e7d,2026-06-20,251,286465340,0.149,,
approach,너도경험치62,4dafa2299aa67a9f1b0499e03b113e7d,2026-06-21,251,286465340,0.149,,
approach,너도경험치62,4dafa2299aa67a9f1b0499e03b113e7d,2026-06-22,251,286465340,0.149,,
approach,너도경험치62,4dafa2299aa67a9f1b0499e03b113e7d,2026-06-23,251,286465340,0.149,,
approach,너도경험치62,4dafa2299aa67a9f1b0499e03b113e7d,2026-06-24,251,286465340,0.149,,
approach,너도경험치62,4dafa2299aa67a9f1b0499e03b113e7d,2026-06-25,251,286465340,0.149,,
approach,너도경험치62,4dafa2299aa67a9f1b0499e03b113e7d,2026-06-26,251,286465340,0.149,16614,
approach,너도경험치62,4dafa2299aa67a9f1b0499e03b113e7d,2026-06-27,251,286465340,0.149,,
approach,너도경험치62,4dafa2299aa67a9f1b0499e03b113e7d,2026-06-28,251,286465340,0.149,,
approach,너도경험치62,4dafa2299aa67a9f1b0499e03b113e7d,2026-06-29,251,286465340,0.149,,
approach,너도경험치62,4dafa2299aa67a9f1b0499e03b113e7d,2026-06-30,251,286465340,0.149,,
approach,너도경험치62,4dafa2299aa67a9f1b0499e03b113e7d,2026-07-01,251,286465340,0.149,,
approach,너도경험치62,4dafa2299aa67a9f1b0499e03b113e7d,2026-07-02,251,286465340,0.149,,
approach,너도경험치62,4dafa2299aa67a9f1b0499e03b113e7d,2026-07-03,251,286465340,0.149,,
approach,너도경험치62,4dafa2299aa67a9f1b0499e03b113e7d,2026-07-04,251,286465340,0.149,16614,
approach,너도경험치62,4dafa2299aa67a9f1b0499e03b113e7d,2026-07-05,251,286465340,0.149,,
approach,너도경험치62,4dafa2299aa67a9f1b0499e03b113e7d,2026-07-06,251,286465340,0.149,,
approach,너도경험치62,4dafa2299aa67a9f1b0499e03b113e7d,2026-07-07,251,286465340,0.149,,
approach,너도경험치62,4dafa2299aa67a9f1b0499e03b113e7d,2026-07-08,251,286465340,0.149,,
approach,너도경험치62,4dafa2299aa67a9f1b0499e03b113e7d,2026-07-09,251,286465340,0.149,,
approach,너도경험치62,4dafa2299aa67a9f1b0499e03b113e7d,2026-07-10,251,286465340,0.149,,
approach,너도경험치62,4dafa2299aa67a9f1b0499e03b113e7d,2026-07-11,251,286465340,0.149,,
approach,너도경험치62,4dafa2299aa67a9f1b0499e03b113e7d,2026-07-12,251,286465340,0.149,16614,
approach,호노로로롱,a167d738aad553e557e93f4bfa7816ed,2026-06-18,251,231064344,0.120,194378,
approach,호노로로롱,a167d738aad553e557e93f4bfa7816ed,2026-06-19,251,231064344,0.120,,
approach,호노로로롱,a167d738aad553e557e93f4bfa7816ed,2026-06-20,251,231064344,0.120,,
approach,호노로로롱,a167d738aad553e557e93f4bfa7816ed,2026-06-21,251,231064344,0.120,,
approach,호노로로롱,a167d738aad553e557e93f4bfa7816ed,2026-06-22,251,231064344,0.120,,
approach,호노로로롱,a167d738aad553e557e93f4bfa7816ed,2026-06-23,251,231064344,0.120,,
approach,호노로로롱,a167d738aad553e557e93f4bfa7816ed,2026-06-24,251,231064344,0.120,,
approach,호노로로롱,a167d738aad553e557e93f4bfa7816ed,2026-06-25,251,231064344,0.120,,
approach,호노로로롱,a167d738aad553e557e93f4bfa7816ed,2026-06-26,251,231064344,0.120,194378,
approach,호노로로롱,a167d738aad553e557e93f4bfa7816ed,2026-06-27,251,231064344,0.120,,
approach,호노로로롱,a167d738aad553e557e93f4bfa7816ed,2026-06-28,251,231064344,0.120,,
approach,호노로로롱,a167d738aad553e557e93f4bfa7816ed,2026-06-29,251,231064344,0.120,,
approach,호노로로롱,a167d738aad553e557e93f4bfa7816ed,2026-06-30,251,231064344,0.120,,
approach,호노로로롱,a167d738aad553e557e93f4bfa7816ed,2026-07-01,251,231064344,0.120,,
approach,호노로로롱,a167d738aad553e557e93f4bfa7816ed,2026-07-02,251,231064344,0.120,,
approach,호노로로롱,a167d738aad553e557e93f4bfa7816ed,2026-07-03,251,231064344,0.120,,
approach,호노로로롱,a167d738aad553e557e93f4bfa7816ed,2026-07-04,251,231064344,0.120,194378,
approach,호노로로롱,a167d738aad553e557e93f4bfa7816ed,2026-07-05,251,231064344,0.120,,
approach,호노로로롱,a167d738aad553e557e93f4bfa7816ed,2026-07-06,251,231064344,0.120,,
approach,호노로로롱,a167d738aad553e557e93f4bfa7816ed,2026-07-07,251,231064344,0.120,,
approach,호노로로롱,a167d738aad553e557e93f4bfa7816ed,2026-07-08,251,231064344,0.120,,
approach,호노로로롱,a167d738aad553e557e93f4bfa7816ed,2026-07-09,251,231064344,0.120,,
approach,호노로로롱,a167d738aad553e557e93f4bfa7816ed,2026-07-10,251,231064344,0.120,,
approach,호노로로롱,a167d738aad553e557e93f4bfa7816ed,2026-07-11,251,231064344,0.120,,
approach,호노로로롱,a167d738aad553e557e93f4bfa7816ed,2026-07-12,251,231064344,0.120,194378,
approach,링크f2344,d6608f646827ffee3cd13d437a68031f,2026-06-18,251,290075559,0.151,296,
approach,링크f2344,d6608f646827ffee3cd13d437a68031f,2026-06-19,251,290075559,0.151,,
approach,링크f2344,d6608f646827ffee3cd13d437a68031f,2026-06-20,251,290075559,0.151,,
approach,링크f2344,d6608f646827ffee3cd13d437a68031f,2026-06-21,251,290075559,0.151,,
approach,링크f2344,d6608f646827ffee3cd13d437a68031f,2026-06-22,251,290075559,0.151,,
approach,링크f2344,d6608f646827ffee3cd13d437a68031f,2026-06-23,251,290075559,0.151,,
approach,링크f2344,d6608f646827ffee3cd13d437a68031f,2026-06-24,251,290075559,0.151,,
approach,링크f2344,d6608f646827ffee3cd13d437a68031f,2026-06-25,251,290075559,0.151,,
approach,링크f2344,d6608f646827ffee3cd13d437a68031f,2026-06-26,251,290075559,0.151,296,
approach,링크f2344,d6608f646827ffee3cd13d437a68031f,2026-06-27,251,290075559,0.151,,
approach,링크f2344,d6608f646827ffee3cd13d437a68031f,2026-06-28,251,290075559,0.151,,
approach,링크f2344,d6608f646827ffee3cd13d437a68031f,2026-06-29,251,290075559,0.151,,
approach,링크f2344,d6608f646827ffee3cd13d437a68031f,2026-06-30,251,290075559,0.151,,
approach,링크f2344,d6608f646827ffee3cd13d437a68031f,2026-07-01,251,290075559,0.151,,
approach,링크f2344,d6608f646827ffee3cd13d437a68031f,2026-07-02,251,290075559,0.151,,
approach,링크f2344,d6608f646827ffee3cd13d437a68031f,2026-07-03,251,290075559,0.151,,
approach,링크f2344,d6608f646827ffee3cd13d437a68031f,2026-07-04,251,290075559,0.151,296,
approach,링크f2344,d6608f646827ffee3cd13d437a68031f,2026-07-05,251,290075559,0.151,,
approach,링크f2344,d6608f646827ffee3cd13d437a68031f,2026-07-06,251,290075559,0.151,,
approach,링크f2344,d6608f646827ffee3cd13d437a68031f,2026-07-07,251,290075559,0.151,,
approach,링크f2344,d6608f646827ffee3cd13d437a68031f,2026-07-08,251,290075559,0.151,,
approach,링크f2344,d6608f646827ffee3cd13d437a68031f,2026-07-09,251,290075559,0.151,,
approach,링크f2344,d6608f646827ffee3cd13d437a68031f,2026-07-10,251,290075559,0.151,,
approach,링크f2344,d6608f646827ffee3cd13d437a68031f,2026-07-11,251,290075559,0.151,,
approach,링크f2344,d6608f646827ffee3cd13d437a68031f,2026-07-12,251,290075559,0.151,296,
approach,머종데몬,c8af9e27e0ba3304887a13bc6ad19260efe8d04e6d233bd35cf2fabdeb93fb0d,2026-06-18,251,302874782,0.158,54372,
approach,머종데몬,c8af9e27e0ba3304887a13bc6ad19260efe8d04e6d233bd35cf2fabdeb93fb0d,2026-06-19,251,302874782,0.158,,
approach,머종데몬,c8af9e27e0ba3304887a13bc6ad19260efe8d04e6d233bd35cf2fabdeb93fb0d,2026-06-20,251,302874782,0.158,,
approach,머종데몬,c8af9e27e0ba3304887a13bc6ad19260efe8d04e6d233bd35cf2fabdeb93fb0d,2026-06-21,251,302874782,0.158,,
approach,머종데몬,c8af9e27e0ba3304887a13bc6ad19260efe8d04e6d233bd35cf2fabdeb93fb0d,2026-06-22,251,302874782,0.158,,
approach,머종데몬,c8af9e27e0ba3304887a13bc6ad19260efe8d04e6d233bd35cf2fabdeb93fb0d,2026-06-23,251,302874782,0.158,,
approach,머종데몬,c8af9e27e0ba3304887a13bc6ad19260efe8d04e6d233bd35cf2fabdeb93fb0d,2026-06-24,251,302874782,0.158,,
approach,머종데몬,c8af9e27e0ba3304887a13bc6ad19260efe8d04e6d233bd35cf2fabdeb93fb0d,2026-06-25,251,302874782,0.158,,
approach,머종데몬,c8af9e27e0ba3304887a13bc6ad19260efe8d04e6d233bd35cf2fabdeb93fb0d,2026-06-26,251,302874782,0.158,54372,
approach,머종데몬,c8af9e27e0ba3304887a13bc6ad19260efe8d04e6d233bd35cf2fabdeb93fb0d,2026-06-27,251,302874782,0.158,,
approach,머종데몬,c8af9e27e0ba3304887a13bc6ad19260efe8d04e6d233bd35cf2fabdeb93fb0d,2026-06-28,251,302874782,0.158,,
approach,머종데몬,c8af9e27e0ba3304887a13bc6ad19260efe8d04e6d233bd35cf2fabdeb93fb0d,2026-06-29,251,302874782,0.158,,
approach,머종데몬,c8af9e27e0ba3304887a13bc6ad19260efe8d04e6d233bd35cf2fabdeb93fb0d,2026-06-30,251,302874782,0.158,,
approach,머종데몬,c8af9e27e0ba3304887a13bc6ad19260efe8d04e6d233bd35cf2fabdeb93fb0d,2026-07-01,251,302874782,0.158,,
approach,머종데몬,c8af9e27e0ba3304887a13bc6ad19260efe8d04e6d233bd35cf2fabdeb93fb0d,2026-07-02,251,302874782,0.158,,
approach,머종데몬,c8af9e27e0ba3304887a13bc6ad19260efe8d04e6d233bd35cf2fabdeb93fb0d,2026-07-03,251,302874782,0.158,,
approach,머종데몬,c8af9e27e0ba3304887a13bc6ad19260efe8d04e6d233bd35cf2fabdeb93fb0d,2026-07-04,251,302874782,0.158,54372,
approach,머종데몬,c8af9e27e0ba3304887a13bc6ad19260efe8d04e6d233bd35cf2fabdeb93fb0d,2026-07-05,251,302874782,0.158,,
approach,머종데몬,c8af9e27e0ba3304887a13bc6ad19260efe8d04e6d233bd35cf2fabdeb93fb0d,2026-07-06,251,302874782,0.158,,
approach,머종데몬,c8af9e27e0ba3304887a13bc6ad19260efe8d04e6d233bd35cf2fabdeb93fb0d,2026-07-07,251,302874782,0.158,,
approach,머종데몬,c8af9e27e0ba3304887a13bc6ad19260efe8d04e6d233bd35cf2fabdeb93fb0d,2026-07-08,251,302874782,0.158,,
approach,머종데몬,c8af9e27e0ba3304887a13bc6ad19260efe8d04e6d233bd35cf2fabdeb93fb0d,2026-07-09,251,302874782,0.158,,
approach,머종데몬,c8af9e27e0ba3304887a13bc6ad19260efe8d04e6d233bd35cf2fabdeb93fb0d,2026-07-10,251,302874782,0.158,,
approach,머종데몬,c8af9e27e0ba3304887a13bc6ad19260efe8d04e6d233bd35cf2fabdeb93fb0d,2026-07-11,251,302874782,0.158,,
approach,머종데몬,c8af9e27e0ba3304887a13bc6ad19260efe8d04e6d233bd35cf2fabdeb93fb0d,2026-07-12,251,302874782,0.158,54372,
approach,이이이이이띠,6c3ef962b143c5526d7b0ccfc9db60cc,2026-06-18,251,305078306,0.159,73574,
approach,이이이이이띠,6c3ef962b143c5526d7b0ccfc9db60cc,2026-06-19,251,305078306,0.159,,
approach,이이이이이띠,6c3ef962b143c5526d7b0ccfc9db60cc,2026-06-20,251,305078306,0.159,,
approach,이이이이이띠,6c3ef962b143c5526d7b0ccfc9db60cc,2026-06-21,251,305078306,0.159,,
approach,이이이이이띠,6c3ef962b143c5526d7b0ccfc9db60cc,2026-06-22,251,305078306,0.159,,
approach,이이이이이띠,6c3ef962b143c5526d7b0ccfc9db60cc,2026-06-23,251,305078306,0.159,,
approach,이이이이이띠,6c3ef962b143c5526d7b0ccfc9db60cc,2026-06-24,251,305078306,0.159,,
approach,이이이이이띠,6c3ef962b143c5526d7b0ccfc9db60cc,2026-06-25,251,305078306,0.159,,
approach,이이이이이띠,6c3ef962b143c5526d7b0ccfc9db60cc,2026-06-26,251,305078306,0.159,73574,
approach,이이이이이띠,6c3ef962b143c5526d7b0ccfc9db60cc,2026-06-27,251,305078306,0.159,,
approach,이이이이이띠,6c3ef962b143c5526d7b0ccfc9db60cc,2026-06-28,251,305078306,0.159,,
approach,이이이이이띠,6c3ef962b143c5526d7b0ccfc9db60cc,2026-06-29,251,305078306,0.159,,
approach,이이이이이띠,6c3ef962b143c5526d7b0ccfc9db60cc,2026-06-30,251,305078306,0.159,,
approach,이이이이이띠,6c3ef962b143c5526d7b0ccfc9db60cc,2026-07-01,251,305078306,0.159,,
approach,이이이이이띠,6c3ef962b143c5526d7b0ccfc9db60cc,2026-07-02,251,305078306,0.159,,
approach,이이이이이띠,6c3ef962b143c5526d7b0ccfc9db60cc,2026-07-03,251,305078306,0.159,,
approach,이이이이이띠,6c3ef962b143c5526d7b0ccfc9db60cc,2026-07-04,251,305078306,0.159,73574,
approach,이이이이이띠,6c3ef962b143c5526d7b0ccfc9db60cc,2026-07-05,251,305078306,0.159,,
approach,이이이이이띠,6c3ef962b143c5526d7b0ccfc9db60cc,2026-07-06,251,305078306,0.159,,
approach,이이이이이띠,6c3ef962b143c5526d7b0ccfc9db60cc,2026-07-07,251,305078306,0.159,,
approach,이이이이이띠,6c3ef962b143c5526d7b0ccfc9db60cc,2026-07-08,251,305078306,0.159,,
approach,이이이이이띠,6c3ef962b143c5526d7b0ccfc9db60cc,2026-07-09,251,305078306,0.159,,
approach,이이이이이띠,6c3ef962b143c5526d7b0ccfc9db60cc,2026-07-10,251,305078306,0.159,,
approach,이이이이이띠,6c3ef962b143c5526d7b0ccfc9db60cc,2026-07-11,251,305078306,0.159,,
approach,이이이이이띠,6c3ef962b143c5526d7b0ccfc9db60cc,2026-07-12,251,305078306,0.159,73574,
approach,불래수우터,3bfba48b518e5bb7247117742e759984,2026-06-18,251,300549342,0.156,50831,
approach,불래수우터,3bfba48b518e5bb7247117742e759984,2026-06-19,251,300549342,0.156,,
approach,불래수우터,3bfba48b518e5bb7247117742e759984,2026-06-20,251,300549342,0.156,,
approach,불래수우터,3bfba48b518e5bb7247117742e759984,2026-06-21,251,300549342,0.156,,
approach,불래수우터,3bfba48b518e5bb7247117742e759984,2026-06-22,251,300549342,0.156,,
approach,불래수우터,3bfba48b518e5bb7247117742e759984,2026-06-23,251,300549342,0.156,,
approach,불래수우터,3bfba48b518e5bb7247117742e759984,2026-06-24,251,300549342,0.156,,
approach,불래수우터,3bfba48b518e5bb7247117742e759984,2026-06-25,251,300549342,0.156,,
approach,불래수우터,3bfba48b518e5bb7247117742e759984,2026-06-26,251,300549342,0.156,50831,
approach,불래수우터,3bfba48b518e5bb7247117742e759984,2026-06-27,251,300549342,0.156,,
approach,불래수우터,3bfba48b518e5bb7247117742e759984,2026-06-28,251,300549342,0.156,,
approach,불래수우터,3bfba48b518e5bb7247117742e759984,2026-06-29,251,300549342,0.156,,
approach,불래수우터,3bfba48b518e5bb7247117742e759984,2026-06-30,251,300549342,0.156,,
approach,불래수우터,3bfba48b518e5bb7247117742e759984,2026-07-01,251,300549342,0.156,,
approach,불래수우터,3bfba48b518e5bb7247117742e759984,2026-07-02,251,300549342,0.156,,
approach,불래수우터,3bfba48b518e5bb7247117742e759984,2026-07-03,251,300549342,0.156,,
approach,불래수우터,3bfba48b518e5bb7247117742e759984,2026-07-04,251,300549342,0.156,50831,
approach,불래수우터,3bfba48b518e5bb7247117742e759984,2026-07-05,251,300549342,0.156,,
approach,불래수우터,3bfba48b518e5bb7247117742e759984,2026-07-06,251,300549342,0.156,,
approach,불래수우터,3bfba48b518e5bb7247117742e759984,2026-07-07,251,300549342,0.156,,
approach,불래수우터,3bfba48b518e5bb7247117742e759984,2026-07-08,251,300549342,0.156,,
approach,불래수우터,3bfba48b518e5bb7247117742e759984,2026-07-09,251,300549342,0.156,,
approach,불래수우터,3bfba48b518e5bb7247117742e759984,2026-07-10,251,300549342,0.156,,
approach,불래수우터,3bfba48b518e5bb7247117742e759984,2026-07-11,251,300549342,0.156,,
approach,불래수우터,3bfba48b518e5bb7247117742e759984,2026-07-12,251,300549342,0.156,50831,
approach,망고체리자두,0bc18403bb52d4c811f9c7d19bbd698eefe8d04e6d233bd35cf2fabdeb93fb0d,2026-06-18,251,223063222,0.116,61964,
approach,망고체리자두,0bc18403bb52d4c811f9c7d19bbd698eefe8d04e6d233bd35cf2fabdeb93fb0d,2026-06-19,251,223063222,0.116,,
approach,망고체리자두,0bc18403bb52d4c811f9c7d19bbd698eefe8d04e6d233bd35cf2fabdeb93fb0d,2026-06-20,251,223063222,0.116,,
approach,망고체리자두,0bc18403bb52d4c811f9c7d19bbd698eefe8d04e6d233bd35cf2fabdeb93fb0d,2026-06-21,251,223063222,0.116,,
approach,망고체리자두,0bc18403bb52d4c811f9c7d19bbd698eefe8d04e6d233bd35cf2fabdeb93fb0d,2026-06-22,251,223063222,0.116,,
approach,망고체리자두,0bc18403bb52d4c811f9c7d19bbd698eefe8d04e6d233bd35cf2fabdeb93fb0d,2026-06-23,251,223063222,0.116,,
approach,망고체리자두,0bc18403bb52d4c811f9c7d19bbd698eefe8d04e6d233bd35cf2fabdeb93fb0d,2026-06-24,251,223063222,0.116,,
approach,망고체리자두,0bc18403bb52d4c811f9c7d19bbd698eefe8d04e6d233bd35cf2fabdeb93fb0d,2026-06-25,251,223063222,0.116,,
approach,망고체리자두,0bc18403bb52d4c811f9c7d19bbd698eefe8d04e6d233bd35cf2fabdeb93fb0d,2026-06-26,251,223063222,0.116,61964,
approach,망고체리자두,0bc18403bb52d4c811f9c7d19bbd698eefe8d04e6d233bd35cf2fabdeb93fb0d,2026-06-27,251,223063222,0.116,,
approach,망고체리자두,0bc18403bb52d4c811f9c7d19bbd698eefe8d04e6d233bd35cf2fabdeb93fb0d,2026-06-28,251,223063222,0.116,,
approach,망고체리자두,0bc18403bb52d4c811f9c7d19bbd698eefe8d04e6d233bd35cf2fabdeb93fb0d,2026-06-29,251,223063222,0.116,,
approach,망고체리자두,0bc18403bb52d4c811f9c7d19bbd698eefe8d04e6d233bd35cf2fabdeb93fb0d,2026-06-30,251,223063222,0.116,,
approach,망고체리자두,0bc18403bb52d4c811f9c7d19bbd698eefe8d04e6d233bd35cf2fabdeb93fb0d,2026-07-01,251,223063222,0.116,,
approach,망고체리자두,0bc18403bb52d4c811f9c7d19bbd698eefe8d04e6d233bd35cf2fabdeb93fb0d,2026-07-02,251,223063222,0.116,,
approach,망고체리자두,0bc18403bb52d4c811f9c7d19bbd698eefe8d04e6d233bd35cf2fabdeb93fb0d,2026-07-03,251,223063222,0.116,,
approach,망고체리자두,0bc18403bb52d4c811f9c7d19bbd698eefe8d04e6d233bd35cf2fabdeb93fb0d,2026-07-04,251,223063222,0.116,61964,
approach,망고체리자두,0bc18403bb52d4c811f9c7d19bbd698eefe8d04e6d233bd35cf2fabdeb93fb0d,2026-07-05,251,223063222,0.116,,
approach,망고체리자두,0bc18403bb52d4c811f9c7d19bbd698eefe8d04e6d233bd35cf2fabdeb93fb0d,2026-07-06,251,223063222,0.116,,
approach,망고체리자두,0bc18403bb52d4c811f9c7d19bbd698eefe8d04e6d233bd35cf2fabdeb93fb0d,2026-07-07,251,223063222,0.116,,
approach,망고체리자두,0bc18403bb52d4c811f9c7d19bbd698eefe8d04e6d233bd35cf2fabdeb93fb0d,2026-07-08,251,223063222,0.116,,
approach,망고체리자두,0bc18403bb52d4c811f9c7d19bbd698eefe8d04e6d233bd35cf2fabdeb93fb0d,2026-07-09,251,223063222,0.116,,
approach,망고체리자두,0bc18403bb52d4c811f9c7d19bbd698eefe8d04e6d233bd35cf2fabdeb93fb0d,2026-07-10,251,223063222,0.116,,
approach,망고체리자두,0bc18403bb52d4c811f9c7d19bbd698eefe8d04e6d233bd35cf2fabdeb93fb0d,2026-07-11,251,223063222,0.116,,
approach,망고체리자두,0bc18403bb52d4c811f9c7d19bbd698eefe8d04e6d233bd35cf2fabdeb93fb0d,2026-07-12,251,223063222,0.116,61964,
approach,트럼프햄버거,8879d022d925eaaa5d742f6955dfb2baefe8d04e6d233bd35cf2fabdeb93fb0d,2026-06-18,251,304040702,0.158,59676,
approach,트럼프햄버거,8879d022d925eaaa5d742f6955dfb2baefe8d04e6d233bd35cf2fabdeb93fb0d,2026-06-19,251,304040702,0.158,,
approach,트럼프햄버거,8879d022d925eaaa5d742f6955dfb2baefe8d04e6d233bd35cf2fabdeb93fb0d,2026-06-20,251,304040702,0.158,,
approach,트럼프햄버거,8879d022d925eaaa5d742f6955dfb2baefe8d04e6d233bd35cf2fabdeb93fb0d,2026-06-21,251,304040702,0.158,,
approach,트럼프햄버거,8879d022d925eaaa5d742f6955dfb2baefe8d04e6d233bd35cf2fabdeb93fb0d,2026-06-22,251,304040702,0.158,,
approach,트럼프햄버거,8879d022d925eaaa5d742f6955dfb2baefe8d04e6d233bd35cf2fabdeb93fb0d,2026-06-23,251,304040702,0.158,,
approach,트럼프햄버거,8879d022d925eaaa5d742f6955dfb2baefe8d04e6d233bd35cf2fabdeb93fb0d,2026-06-24,251,304040702,0.158,,
approach,트럼프햄버거,8879d022d925eaaa5d742f6955dfb2baefe8d04e6d233bd35cf2fabdeb93fb0d,2026-06-25,251,304040702,0.158,,
approach,트럼프햄버거,8879d022d925eaaa5d742f6955dfb2baefe8d04e6d233bd35cf2fabdeb93fb0d,2026-06-26,251,304040702,0.158,59676,
approach,트럼프햄버거,8879d022d925eaaa5d742f6955dfb2baefe8d04e6d233bd35cf2fabdeb93fb0d,2026-06-27,251,304040702,0.158,,
approach,트럼프햄버거,8879d022d925eaaa5d742f6955dfb2baefe8d04e6d233bd35cf2fabdeb93fb0d,2026-06-28,251,304040702,0.158,,
approach,트럼프햄버거,8879d022d925eaaa5d742f6955dfb2baefe8d04e6d233bd35cf2fabdeb93fb0d,2026-06-29,251,304040702,0.158,,
approach,트럼프햄버거,8879d022d925eaaa5d742f6955dfb2baefe8d04e6d233bd35cf2fabdeb93fb0d,2026-06-30,251,304040702,0.158,,
approach,트럼프햄버거,8879d022d925eaaa5d742f6955dfb2baefe8d04e6d233bd35cf2fabdeb93fb0d,2026-07-01,251,304040702,0.158,,
approach,트럼프햄버거,8879d022d925eaaa5d742f6955dfb2baefe8d04e6d233bd35cf2fabdeb93fb0d,2026-07-02,251,304040702,0.158,,
approach,트럼프햄버거,8879d022d925eaaa5d742f6955dfb2baefe8d04e6d233bd35cf2fabdeb93fb0d,2026-07-03,251,304040702,0.158,,
approach,트럼프햄버거,8879d022d925eaaa5d742f6955dfb2baefe8d04e6d233bd35cf2fabdeb93fb0d,2026-07-04,251,304040702,0.158,59676,
approach,트럼프햄버거,8879d022d925eaaa5d742f6955dfb2baefe8d04e6d233bd35cf2fabdeb93fb0d,2026-07-05,251,304040702,0.158,,
approach,트럼프햄버거,8879d022d925eaaa5d742f6955dfb2baefe8d04e6d233bd35cf2fabdeb93fb0d,2026-07-06,251,304040702,0.158,,
approach,트럼프햄버거,8879d022d925eaaa5d742f6955dfb2baefe8d04e6d233bd35cf2fabdeb93fb0d,2026-07-07,251,304040702,0.158,,
approach,트럼프햄버거,8879d022d925eaaa5d742f6955dfb2baefe8d04e6d233bd35cf2fabdeb93fb0d,2026-07-08,251,304040702,0.158,,
approach,트럼프햄버거,8879d022d925eaaa5d742f6955dfb2baefe8d04e6d233bd35cf2fabdeb93fb0d,2026-07-09,251,304040702,0.158,,
approach,트럼프햄버거,8879d022d925eaaa5d742f6955dfb2baefe8d04e6d233bd35cf2fabdeb93fb0d,2026-07-10,251,304040702,0.158,,
approach,트럼프햄버거,8879d022d925eaaa5d742f6955dfb2baefe8d04e6d233bd35cf2fabdeb93fb0d,2026-07-11,251,304040702,0.158,,
approach,트럼프햄버거,8879d022d925eaaa5d742f6955dfb2baefe8d04e6d233bd35cf2fabdeb93fb0d,2026-07-12,251,304040702,0.158,59676,
approach,아비드지,e6a7e5527099dbbe9e3d8e23297c75ef,2026-06-18,251,264102302,0.058,1045294,
approach,아비드지,e6a7e5527099dbbe9e3d8e23297c75ef,2026-06-19,251,264102302,0.058,,
approach,아비드지,e6a7e5527099dbbe9e3d8e23297c75ef,2026-06-20,251,264102302,0.058,,
approach,아비드지,e6a7e5527099dbbe9e3d8e23297c75ef,2026-06-21,251,264102302,0.058,,
approach,아비드지,e6a7e5527099dbbe9e3d8e23297c75ef,2026-06-22,251,264102302,0.058,,
approach,아비드지,e6a7e5527099dbbe9e3d8e23297c75ef,2026-06-23,251,264102302,0.058,,
approach,아비드지,e6a7e5527099dbbe9e3d8e23297c75ef,2026-06-24,251,264102302,0.058,,
approach,아비드지,e6a7e5527099dbbe9e3d8e23297c75ef,2026-06-25,251,264102302,0.058,,
approach,아비드지,e6a7e5527099dbbe9e3d8e23297c75ef,2026-06-26,251,264102302,0.058,1045294,
approach,아비드지,e6a7e5527099dbbe9e3d8e23297c75ef,2026-06-27,251,264102302,0.058,,
approach,아비드지,e6a7e5527099dbbe9e3d8e23297c75ef,2026-06-28,251,264102302,0.058,,
approach,아비드지,e6a7e5527099dbbe9e3d8e23297c75ef,2026-06-29,251,264102302,0.058,,
approach,아비드지,e6a7e5527099dbbe9e3d8e23297c75ef,2026-06-30,251,264102302,0.058,,
approach,아비드지,e6a7e5527099dbbe9e3d8e23297c75ef,2026-07-01,251,264102302,0.058,,
approach,아비드지,e6a7e5527099dbbe9e3d8e23297c75ef,2026-07-02,251,264102302,0.058,,
approach,아비드지,e6a7e5527099dbbe9e3d8e23297c75ef,2026-07-03,251,264102302,0.058,,
approach,아비드지,e6a7e5527099dbbe9e3d8e23297c75ef,2026-07-04,251,264102302,0.058,1045294,
approach,아비드지,e6a7e5527099dbbe9e3d8e23297c75ef,2026-07-05,251,264102302,0.058,,
approach,아비드지,e6a7e5527099dbbe9e3d8e23297c75ef,2026-07-06,251,264102302,0.058,,
approach,아비드지,e6a7e5527099dbbe9e3d8e23297c75ef,2026-07-07,251,264102302,0.058,,
approach,아비드지,e6a7e5527099dbbe9e3d8e23297c75ef,2026-07-08,251,264102302,0.058,,
approach,아비드지,e6a7e5527099dbbe9e3d8e23297c75ef,2026-07-09,251,264102302,0.058,,
approach,아비드지,e6a7e5527099dbbe9e3d8e23297c75ef,2026-07-10,251,264102302,0.058,,
approach,아비드지,e6a7e5527099dbbe9e3d8e23297c75ef,2026-07-11,251,264102302,0.058,,
approach,아비드지,e6a7e5527099dbbe9e3d8e23297c75ef,2026-07-12,251,264102302,0.058,1045294,
approach,은월크뎀줘어,27797175aa8eb36fad7533f935f3e4a8,2026-06-18,251,251466335,0.131,130,
approach,은월크뎀줘어,27797175aa8eb36fad7533f935f3e4a8,2026-06-19,251,251466335,0.131,,
approach,은월크뎀줘어,27797175aa8eb36fad7533f935f3e4a8,2026-06-20,251,251466335,0.131,,
approach,은월크뎀줘어,27797175aa8eb36fad7533f935f3e4a8,2026-06-21,251,251466335,0.131,,
approach,은월크뎀줘어,27797175aa8eb36fad7533f935f3e4a8,2026-06-22,251,251466335,0.131,,
approach,은월크뎀줘어,27797175aa8eb36fad7533f935f3e4a8,2026-06-23,251,251466335,0.131,,
approach,은월크뎀줘어,27797175aa8eb36fad7533f935f3e4a8,2026-06-24,251,251466335,0.131,,
approach,은월크뎀줘어,27797175aa8eb36fad7533f935f3e4a8,2026-06-25,251,251466335,0.131,,
approach,은월크뎀줘어,27797175aa8eb36fad7533f935f3e4a8,2026-06-26,251,251466335,0.131,130,
approach,은월크뎀줘어,27797175aa8eb36fad7533f935f3e4a8,2026-06-27,251,251466335,0.131,,
approach,은월크뎀줘어,27797175aa8eb36fad7533f935f3e4a8,2026-06-28,251,251466335,0.131,,
approach,은월크뎀줘어,27797175aa8eb36fad7533f935f3e4a8,2026-06-29,251,251466335,0.131,,
approach,은월크뎀줘어,27797175aa8eb36fad7533f935f3e4a8,2026-06-30,251,251466335,0.131,,
approach,은월크뎀줘어,27797175aa8eb36fad7533f935f3e4a8,2026-07-01,251,251466335,0.131,,
approach,은월크뎀줘어,27797175aa8eb36fad7533f935f3e4a8,2026-07-02,251,251466335,0.131,,
approach,은월크뎀줘어,27797175aa8eb36fad7533f935f3e4a8,2026-07-03,251,251466335,0.131,,
approach,은월크뎀줘어,27797175aa8eb36fad7533f935f3e4a8,2026-07-04,251,251466335,0.131,130,
approach,은월크뎀줘어,27797175aa8eb36fad7533f935f3e4a8,2026-07-05,251,251466335,0.131,,
approach,은월크뎀줘어,27797175aa8eb36fad7533f935f3e4a8,2026-07-06,251,251466335,0.131,,
approach,은월크뎀줘어,27797175aa8eb36fad7533f935f3e4a8,2026-07-07,251,251466335,0.131,,
approach,은월크뎀줘어,27797175aa8eb36fad7533f935f3e4a8,2026-07-08,251,251466335,0.131,,
approach,은월크뎀줘어,27797175aa8eb36fad7533f935f3e4a8,2026-07-09,251,251466335,0.131,,
approach,은월크뎀줘어,27797175aa8eb36fad7533f935f3e4a8,2026-07-10,251,251466335,0.131,,
approach,은월크뎀줘어,27797175aa8eb36fad7533f935f3e4a8,2026-07-11,251,251466335,0.131,,
approach,은월크뎀줘어,27797175aa8eb36fad7533f935f3e4a8,2026-07-12,251,251466335,0.131,130,
approach,다뤼아델,8c728d9d2107259b2e22b6ed68035180,2026-06-18,251,244250889,0.127,7903239,
approach,다뤼아델,8c728d9d2107259b2e22b6ed68035180,2026-06-19,251,244250889,0.127,,
approach,다뤼아델,8c728d9d2107259b2e22b6ed68035180,2026-06-20,251,330102123,0.172,,
approach,다뤼아델,8c728d9d2107259b2e22b6ed68035180,2026-06-21,251,330102123,0.172,,
approach,다뤼아델,8c728d9d2107259b2e22b6ed68035180,2026-06-22,251,330102123,0.172,,
approach,다뤼아델,8c728d9d2107259b2e22b6ed68035180,2026-06-23,251,330102123,0.172,,
approach,다뤼아델,8c728d9d2107259b2e22b6ed68035180,2026-06-24,251,330102123,0.172,,
approach,다뤼아델,8c728d9d2107259b2e22b6ed68035180,2026-06-25,251,330102123,0.172,,
approach,다뤼아델,8c728d9d2107259b2e22b6ed68035180,2026-06-26,251,330102123,0.172,8093463,
approach,다뤼아델,8c728d9d2107259b2e22b6ed68035180,2026-06-27,251,330102123,0.172,,
approach,다뤼아델,8c728d9d2107259b2e22b6ed68035180,2026-06-28,251,330102123,0.172,,
approach,다뤼아델,8c728d9d2107259b2e22b6ed68035180,2026-06-29,251,409168227,0.213,,
approach,다뤼아델,8c728d9d2107259b2e22b6ed68035180,2026-06-30,251,409168227,0.213,,
approach,다뤼아델,8c728d9d2107259b2e22b6ed68035180,2026-07-01,251,409168227,0.213,,
approach,다뤼아델,8c728d9d2107259b2e22b6ed68035180,2026-07-02,251,409168227,0.213,,
approach,다뤼아델,8c728d9d2107259b2e22b6ed68035180,2026-07-03,251,409168227,0.213,,
approach,다뤼아델,8c728d9d2107259b2e22b6ed68035180,2026-07-04,251,409168227,0.213,7460351,
approach,다뤼아델,8c728d9d2107259b2e22b6ed68035180,2026-07-05,251,409168227,0.213,,
approach,다뤼아델,8c728d9d2107259b2e22b6ed68035180,2026-07-06,251,409168227,0.213,,
approach,다뤼아델,8c728d9d2107259b2e22b6ed68035180,2026-07-07,251,488234331,0.254,,
approach,다뤼아델,8c728d9d2107259b2e22b6ed68035180,2026-07-08,251,488234331,0.254,,
approach,다뤼아델,8c728d9d2107259b2e22b6ed68035180,2026-07-09,251,488234331,0.254,,
approach,다뤼아델,8c728d9d2107259b2e22b6ed68035180,2026-07-10,251,488234331,0.254,,
approach,다뤼아델,8c728d9d2107259b2e22b6ed68035180,2026-07-11,251,567300435,0.295,,
approach,다뤼아델,8c728d9d2107259b2e22b6ed68035180,2026-07-12,251,567300435,0.295,8510375,
approach,블래이쁜이,6c118b4c1317084a691ea983fcb779b0,2026-06-18,251,267409696,0.139,51346,
approach,블래이쁜이,6c118b4c1317084a691ea983fcb779b0,2026-06-19,251,267409696,0.139,,
approach,블래이쁜이,6c118b4c1317084a691ea983fcb779b0,2026-06-20,251,267409696,0.139,,
approach,블래이쁜이,6c118b4c1317084a691ea983fcb779b0,2026-06-21,251,267409696,0.139,,
approach,블래이쁜이,6c118b4c1317084a691ea983fcb779b0,2026-06-22,251,267409696,0.139,,
approach,블래이쁜이,6c118b4c1317084a691ea983fcb779b0,2026-06-23,251,267409696,0.139,,
approach,블래이쁜이,6c118b4c1317084a691ea983fcb779b0,2026-06-24,251,267409696,0.139,,
approach,블래이쁜이,6c118b4c1317084a691ea983fcb779b0,2026-06-25,251,267409696,0.139,,
approach,블래이쁜이,6c118b4c1317084a691ea983fcb779b0,2026-06-26,251,267409696,0.139,51346,
approach,블래이쁜이,6c118b4c1317084a691ea983fcb779b0,2026-06-27,251,267409696,0.139,,
approach,블래이쁜이,6c118b4c1317084a691ea983fcb779b0,2026-06-28,251,267409696,0.139,,
approach,블래이쁜이,6c118b4c1317084a691ea983fcb779b0,2026-06-29,251,267409696,0.139,,
approach,블래이쁜이,6c118b4c1317084a691ea983fcb779b0,2026-06-30,251,267409696,0.139,,
approach,블래이쁜이,6c118b4c1317084a691ea983fcb779b0,2026-07-01,251,267409696,0.139,,
approach,블래이쁜이,6c118b4c1317084a691ea983fcb779b0,2026-07-02,251,267409696,0.139,,
approach,블래이쁜이,6c118b4c1317084a691ea983fcb779b0,2026-07-03,251,267409696,0.139,,
approach,블래이쁜이,6c118b4c1317084a691ea983fcb779b0,2026-07-04,251,267409696,0.139,51346,
approach,블래이쁜이,6c118b4c1317084a691ea983fcb779b0,2026-07-05,251,267409696,0.139,,
approach,블래이쁜이,6c118b4c1317084a691ea983fcb779b0,2026-07-06,251,267409696,0.139,,
approach,블래이쁜이,6c118b4c1317084a691ea983fcb779b0,2026-07-07,251,267409696,0.139,,
approach,블래이쁜이,6c118b4c1317084a691ea983fcb779b0,2026-07-08,251,267409696,0.139,,
approach,블래이쁜이,6c118b4c1317084a691ea983fcb779b0,2026-07-09,251,267409696,0.139,,
approach,블래이쁜이,6c118b4c1317084a691ea983fcb779b0,2026-07-10,251,267409696,0.139,,
approach,블래이쁜이,6c118b4c1317084a691ea983fcb779b0,2026-07-11,251,267409696,0.139,,
approach,블래이쁜이,6c118b4c1317084a691ea983fcb779b0,2026-07-12,251,267409696,0.139,51346,
approach,MMeCe,eff975d64b85b79179cc4f90e8893421efe8d04e6d233bd35cf2fabdeb93fb0d,2026-06-18,251,311833623,0.162,302023,
approach,MMeCe,eff975d64b85b79179cc4f90e8893421efe8d04e6d233bd35cf2fabdeb93fb0d,2026-06-19,251,311833623,0.162,,
approach,MMeCe,eff975d64b85b79179cc4f90e8893421efe8d04e6d233bd35cf2fabdeb93fb0d,2026-06-20,251,311833623,0.162,,
approach,MMeCe,eff975d64b85b79179cc4f90e8893421efe8d04e6d233bd35cf2fabdeb93fb0d,2026-06-21,251,311833623,0.162,,
approach,MMeCe,eff975d64b85b79179cc4f90e8893421efe8d04e6d233bd35cf2fabdeb93fb0d,2026-06-22,251,311833623,0.162,,
approach,MMeCe,eff975d64b85b79179cc4f90e8893421efe8d04e6d233bd35cf2fabdeb93fb0d,2026-06-23,251,311833623,0.162,,
approach,MMeCe,eff975d64b85b79179cc4f90e8893421efe8d04e6d233bd35cf2fabdeb93fb0d,2026-06-24,251,311833623,0.162,,
approach,MMeCe,eff975d64b85b79179cc4f90e8893421efe8d04e6d233bd35cf2fabdeb93fb0d,2026-06-25,251,311833623,0.162,,
approach,MMeCe,eff975d64b85b79179cc4f90e8893421efe8d04e6d233bd35cf2fabdeb93fb0d,2026-06-26,251,311833623,0.162,302023,
approach,MMeCe,eff975d64b85b79179cc4f90e8893421efe8d04e6d233bd35cf2fabdeb93fb0d,2026-06-27,251,311833623,0.162,,
approach,MMeCe,eff975d64b85b79179cc4f90e8893421efe8d04e6d233bd35cf2fabdeb93fb0d,2026-06-28,251,311833623,0.162,,
approach,MMeCe,eff975d64b85b79179cc4f90e8893421efe8d04e6d233bd35cf2fabdeb93fb0d,2026-06-29,251,311833623,0.162,,
approach,MMeCe,eff975d64b85b79179cc4f90e8893421efe8d04e6d233bd35cf2fabdeb93fb0d,2026-06-30,251,311833623,0.162,,
approach,MMeCe,eff975d64b85b79179cc4f90e8893421efe8d04e6d233bd35cf2fabdeb93fb0d,2026-07-01,251,311833623,0.162,,
approach,MMeCe,eff975d64b85b79179cc4f90e8893421efe8d04e6d233bd35cf2fabdeb93fb0d,2026-07-02,251,311833623,0.162,,
approach,MMeCe,eff975d64b85b79179cc4f90e8893421efe8d04e6d233bd35cf2fabdeb93fb0d,2026-07-03,251,311833623,0.162,,
approach,MMeCe,eff975d64b85b79179cc4f90e8893421efe8d04e6d233bd35cf2fabdeb93fb0d,2026-07-04,251,311833623,0.162,302023,
approach,MMeCe,eff975d64b85b79179cc4f90e8893421efe8d04e6d233bd35cf2fabdeb93fb0d,2026-07-05,251,311833623,0.162,,
approach,MMeCe,eff975d64b85b79179cc4f90e8893421efe8d04e6d233bd35cf2fabdeb93fb0d,2026-07-06,251,311833623,0.162,,
approach,MMeCe,eff975d64b85b79179cc4f90e8893421efe8d04e6d233bd35cf2fabdeb93fb0d,2026-07-07,251,311833623,0.162,,
approach,MMeCe,eff975d64b85b79179cc4f90e8893421efe8d04e6d233bd35cf2fabdeb93fb0d,2026-07-08,251,311833623,0.162,,
approach,MMeCe,eff975d64b85b79179cc4f90e8893421efe8d04e6d233bd35cf2fabdeb93fb0d,2026-07-09,251,311833623,0.162,,
approach,MMeCe,eff975d64b85b79179cc4f90e8893421efe8d04e6d233bd35cf2fabdeb93fb0d,2026-07-10,251,311833623,0.162,,
approach,MMeCe,eff975d64b85b79179cc4f90e8893421efe8d04e6d233bd35cf2fabdeb93fb0d,2026-07-11,251,311833623,0.162,,
approach,MMeCe,eff975d64b85b79179cc4f90e8893421efe8d04e6d233bd35cf2fabdeb93fb0d,2026-07-12,251,311833623,0.162,302023,
approach,랑이샷,2c41025af72be7950e0c8e9e38c1dee6,2026-06-18,251,278209498,0.061,1480072,
approach,랑이샷,2c41025af72be7950e0c8e9e38c1dee6,2026-06-19,251,278209498,0.061,,
approach,랑이샷,2c41025af72be7950e0c8e9e38c1dee6,2026-06-20,251,278209498,0.061,,
approach,랑이샷,2c41025af72be7950e0c8e9e38c1dee6,2026-06-21,251,278209498,0.061,,
approach,랑이샷,2c41025af72be7950e0c8e9e38c1dee6,2026-06-22,251,278209498,0.061,,
approach,랑이샷,2c41025af72be7950e0c8e9e38c1dee6,2026-06-23,251,278209498,0.061,,
approach,랑이샷,2c41025af72be7950e0c8e9e38c1dee6,2026-06-24,251,278209498,0.061,,
approach,랑이샷,2c41025af72be7950e0c8e9e38c1dee6,2026-06-25,251,278209498,0.061,,
approach,랑이샷,2c41025af72be7950e0c8e9e38c1dee6,2026-06-26,251,278209498,0.061,1480072,
approach,랑이샷,2c41025af72be7950e0c8e9e38c1dee6,2026-06-27,251,278209498,0.061,,
approach,랑이샷,2c41025af72be7950e0c8e9e38c1dee6,2026-06-28,251,278209498,0.061,,
approach,랑이샷,2c41025af72be7950e0c8e9e38c1dee6,2026-06-29,251,278209498,0.061,,
approach,랑이샷,2c41025af72be7950e0c8e9e38c1dee6,2026-06-30,251,278209498,0.061,,
approach,랑이샷,2c41025af72be7950e0c8e9e38c1dee6,2026-07-01,251,278209498,0.061,,
approach,랑이샷,2c41025af72be7950e0c8e9e38c1dee6,2026-07-02,251,278209498,0.061,,
approach,랑이샷,2c41025af72be7950e0c8e9e38c1dee6,2026-07-03,251,278209498,0.061,,
approach,랑이샷,2c41025af72be7950e0c8e9e38c1dee6,2026-07-04,251,278209498,0.061,1480072,
approach,랑이샷,2c41025af72be7950e0c8e9e38c1dee6,2026-07-05,251,278209498,0.061,,
approach,랑이샷,2c41025af72be7950e0c8e9e38c1dee6,2026-07-06,251,278209498,0.061,,
approach,랑이샷,2c41025af72be7950e0c8e9e38c1dee6,2026-07-07,251,278209498,0.061,,
approach,랑이샷,2c41025af72be7950e0c8e9e38c1dee6,2026-07-08,251,278209498,0.061,,
approach,랑이샷,2c41025af72be7950e0c8e9e38c1dee6,2026-07-09,251,278209498,0.061,,
approach,랑이샷,2c41025af72be7950e0c8e9e38c1dee6,2026-07-10,251,278209498,0.061,,
approach,랑이샷,2c41025af72be7950e0c8e9e38c1dee6,2026-07-11,251,278209498,0.061,,
approach,랑이샷,2c41025af72be7950e0c8e9e38c1dee6,2026-07-12,251,278209498,0.061,1480072,
approach,히Roine,47b23ba7ede04582e22713c5ef88cc9fefe8d04e6d233bd35cf2fabdeb93fb0d,2026-06-18,251,279228494,0.145,1902653,
approach,히Roine,47b23ba7ede04582e22713c5ef88cc9fefe8d04e6d233bd35cf2fabdeb93fb0d,2026-06-19,251,279228494,0.145,,
approach,히Roine,47b23ba7ede04582e22713c5ef88cc9fefe8d04e6d233bd35cf2fabdeb93fb0d,2026-06-20,251,279228494,0.145,,
approach,히Roine,47b23ba7ede04582e22713c5ef88cc9fefe8d04e6d233bd35cf2fabdeb93fb0d,2026-06-21,251,279228494,0.145,,
approach,히Roine,47b23ba7ede04582e22713c5ef88cc9fefe8d04e6d233bd35cf2fabdeb93fb0d,2026-06-22,251,279228494,0.145,,
approach,히Roine,47b23ba7ede04582e22713c5ef88cc9fefe8d04e6d233bd35cf2fabdeb93fb0d,2026-06-23,251,279228494,0.145,,
approach,히Roine,47b23ba7ede04582e22713c5ef88cc9fefe8d04e6d233bd35cf2fabdeb93fb0d,2026-06-24,251,279228494,0.145,,
approach,히Roine,47b23ba7ede04582e22713c5ef88cc9fefe8d04e6d233bd35cf2fabdeb93fb0d,2026-06-25,251,279228494,0.145,,
approach,히Roine,47b23ba7ede04582e22713c5ef88cc9fefe8d04e6d233bd35cf2fabdeb93fb0d,2026-06-26,251,279228494,0.145,1902653,
approach,히Roine,47b23ba7ede04582e22713c5ef88cc9fefe8d04e6d233bd35cf2fabdeb93fb0d,2026-06-27,251,279228494,0.145,,
approach,히Roine,47b23ba7ede04582e22713c5ef88cc9fefe8d04e6d233bd35cf2fabdeb93fb0d,2026-06-28,251,279228494,0.145,,
approach,히Roine,47b23ba7ede04582e22713c5ef88cc9fefe8d04e6d233bd35cf2fabdeb93fb0d,2026-06-29,251,279228494,0.145,,
approach,히Roine,47b23ba7ede04582e22713c5ef88cc9fefe8d04e6d233bd35cf2fabdeb93fb0d,2026-06-30,251,279228494,0.145,,
approach,히Roine,47b23ba7ede04582e22713c5ef88cc9fefe8d04e6d233bd35cf2fabdeb93fb0d,2026-07-01,251,279228494,0.145,,
approach,히Roine,47b23ba7ede04582e22713c5ef88cc9fefe8d04e6d233bd35cf2fabdeb93fb0d,2026-07-02,251,279228494,0.145,,
approach,히Roine,47b23ba7ede04582e22713c5ef88cc9fefe8d04e6d233bd35cf2fabdeb93fb0d,2026-07-03,251,279228494,0.145,,
approach,히Roine,47b23ba7ede04582e22713c5ef88cc9fefe8d04e6d233bd35cf2fabdeb93fb0d,2026-07-04,251,279228494,0.145,1902653,
approach,히Roine,47b23ba7ede04582e22713c5ef88cc9fefe8d04e6d233bd35cf2fabdeb93fb0d,2026-07-05,251,279228494,0.145,,
approach,히Roine,47b23ba7ede04582e22713c5ef88cc9fefe8d04e6d233bd35cf2fabdeb93fb0d,2026-07-06,251,279228494,0.145,,
approach,히Roine,47b23ba7ede04582e22713c5ef88cc9fefe8d04e6d233bd35cf2fabdeb93fb0d,2026-07-07,251,279228494,0.145,,
approach,히Roine,47b23ba7ede04582e22713c5ef88cc9fefe8d04e6d233bd35cf2fabdeb93fb0d,2026-07-08,251,279228494,0.145,,
approach,히Roine,47b23ba7ede04582e22713c5ef88cc9fefe8d04e6d233bd35cf2fabdeb93fb0d,2026-07-09,251,279228494,0.145,,
approach,히Roine,47b23ba7ede04582e22713c5ef88cc9fefe8d04e6d233bd35cf2fabdeb93fb0d,2026-07-10,251,279228494,0.145,,
approach,히Roine,47b23ba7ede04582e22713c5ef88cc9fefe8d04e6d233bd35cf2fabdeb93fb0d,2026-07-11,251,279228494,0.145,,
approach,히Roine,47b23ba7ede04582e22713c5ef88cc9fefe8d04e6d233bd35cf2fabdeb93fb0d,2026-07-12,251,279228494,0.145,1902653,
approach,은월돌돌이,21f527173c2df9716ddaa6d763f60e51,2026-06-18,251,237113723,0.123,89373,
approach,은월돌돌이,21f527173c2df9716ddaa6d763f60e51,2026-06-19,251,237113723,0.123,,
approach,은월돌돌이,21f527173c2df9716ddaa6d763f60e51,2026-06-20,251,237113723,0.123,,
approach,은월돌돌이,21f527173c2df9716ddaa6d763f60e51,2026-06-21,251,237113723,0.123,,
approach,은월돌돌이,21f527173c2df9716ddaa6d763f60e51,2026-06-22,251,237113723,0.123,,
approach,은월돌돌이,21f527173c2df9716ddaa6d763f60e51,2026-06-23,251,237113723,0.123,,
approach,은월돌돌이,21f527173c2df9716ddaa6d763f60e51,2026-06-24,251,237113723,0.123,,
approach,은월돌돌이,21f527173c2df9716ddaa6d763f60e51,2026-06-25,251,237113723,0.123,,
approach,은월돌돌이,21f527173c2df9716ddaa6d763f60e51,2026-06-26,251,237113723,0.123,89373,
approach,은월돌돌이,21f527173c2df9716ddaa6d763f60e51,2026-06-27,251,237113723,0.123,,
approach,은월돌돌이,21f527173c2df9716ddaa6d763f60e51,2026-06-28,251,237113723,0.123,,
approach,은월돌돌이,21f527173c2df9716ddaa6d763f60e51,2026-06-29,251,237113723,0.123,,
approach,은월돌돌이,21f527173c2df9716ddaa6d763f60e51,2026-06-30,251,237113723,0.123,,
approach,은월돌돌이,21f527173c2df9716ddaa6d763f60e51,2026-07-01,251,237113723,0.123,,
approach,은월돌돌이,21f527173c2df9716ddaa6d763f60e51,2026-07-02,251,237113723,0.123,,
approach,은월돌돌이,21f527173c2df9716ddaa6d763f60e51,2026-07-03,251,237113723,0.123,,
approach,은월돌돌이,21f527173c2df9716ddaa6d763f60e51,2026-07-04,251,237113723,0.123,89373,
approach,은월돌돌이,21f527173c2df9716ddaa6d763f60e51,2026-07-05,251,237113723,0.123,,
approach,은월돌돌이,21f527173c2df9716ddaa6d763f60e51,2026-07-06,251,237113723,0.123,,
approach,은월돌돌이,21f527173c2df9716ddaa6d763f60e51,2026-07-07,251,237113723,0.123,,
approach,은월돌돌이,21f527173c2df9716ddaa6d763f60e51,2026-07-08,251,237113723,0.123,,
approach,은월돌돌이,21f527173c2df9716ddaa6d763f60e51,2026-07-09,251,237113723,0.123,,
approach,은월돌돌이,21f527173c2df9716ddaa6d763f60e51,2026-07-10,251,237113723,0.123,,
approach,은월돌돌이,21f527173c2df9716ddaa6d763f60e51,2026-07-11,251,237113723,0.123,,
approach,은월돌돌이,21f527173c2df9716ddaa6d763f60e51,2026-07-12,251,237113723,0.123,89373,
approach,글자네에레브,f4da4393a34142334e29bf9b0091986d,2026-06-18,251,258647443,0.135,56553,
approach,글자네에레브,f4da4393a34142334e29bf9b0091986d,2026-06-19,251,258647443,0.135,,
approach,글자네에레브,f4da4393a34142334e29bf9b0091986d,2026-06-20,251,258647443,0.135,,
approach,글자네에레브,f4da4393a34142334e29bf9b0091986d,2026-06-21,251,258647443,0.135,,
approach,글자네에레브,f4da4393a34142334e29bf9b0091986d,2026-06-22,251,258647443,0.135,,
approach,글자네에레브,f4da4393a34142334e29bf9b0091986d,2026-06-23,251,258647443,0.135,,
approach,글자네에레브,f4da4393a34142334e29bf9b0091986d,2026-06-24,251,258647443,0.135,,
approach,글자네에레브,f4da4393a34142334e29bf9b0091986d,2026-06-25,251,258647443,0.135,,
approach,글자네에레브,f4da4393a34142334e29bf9b0091986d,2026-06-26,251,258647443,0.135,56553,
approach,글자네에레브,f4da4393a34142334e29bf9b0091986d,2026-06-27,251,258647443,0.135,,
approach,글자네에레브,f4da4393a34142334e29bf9b0091986d,2026-06-28,251,258647443,0.135,,
approach,글자네에레브,f4da4393a34142334e29bf9b0091986d,2026-06-29,251,258647443,0.135,,
approach,글자네에레브,f4da4393a34142334e29bf9b0091986d,2026-06-30,251,258647443,0.135,,
approach,글자네에레브,f4da4393a34142334e29bf9b0091986d,2026-07-01,251,258647443,0.135,,
approach,글자네에레브,f4da4393a34142334e29bf9b0091986d,2026-07-02,251,258647443,0.135,,
approach,글자네에레브,f4da4393a34142334e29bf9b0091986d,2026-07-03,251,258647443,0.135,,
approach,글자네에레브,f4da4393a34142334e29bf9b0091986d,2026-07-04,251,258647443,0.135,56553,
approach,글자네에레브,f4da4393a34142334e29bf9b0091986d,2026-07-05,251,258647443,0.135,,
approach,글자네에레브,f4da4393a34142334e29bf9b0091986d,2026-07-06,251,258647443,0.135,,
approach,글자네에레브,f4da4393a34142334e29bf9b0091986d,2026-07-07,251,258647443,0.135,,
approach,글자네에레브,f4da4393a34142334e29bf9b0091986d,2026-07-08,251,258647443,0.135,,
approach,글자네에레브,f4da4393a34142334e29bf9b0091986d,2026-07-09,251,258647443,0.135,,
approach,글자네에레브,f4da4393a34142334e29bf9b0091986d,2026-07-10,251,258647443,0.135,,
approach,글자네에레브,f4da4393a34142334e29bf9b0091986d,2026-07-11,251,258647443,0.135,,
approach,글자네에레브,f4da4393a34142334e29bf9b0091986d,2026-07-12,251,258647443,0.135,56553,
approach,서지우짱,0a6fe5bea6ff811d928682712efce2ea,2026-06-18,251,223913337,0.117,215464,
approach,서지우짱,0a6fe5bea6ff811d928682712efce2ea,2026-06-19,251,223913337,0.117,,
approach,서지우짱,0a6fe5bea6ff811d928682712efce2ea,2026-06-20,251,223913337,0.117,,
approach,서지우짱,0a6fe5bea6ff811d928682712efce2ea,2026-06-21,251,223913337,0.117,,
approach,서지우짱,0a6fe5bea6ff811d928682712efce2ea,2026-06-22,251,223913337,0.117,,
approach,서지우짱,0a6fe5bea6ff811d928682712efce2ea,2026-06-23,251,223913337,0.117,,
approach,서지우짱,0a6fe5bea6ff811d928682712efce2ea,2026-06-24,251,223913337,0.117,,
approach,서지우짱,0a6fe5bea6ff811d928682712efce2ea,2026-06-25,251,223913337,0.117,,
approach,서지우짱,0a6fe5bea6ff811d928682712efce2ea,2026-06-26,251,223913337,0.117,215464,
approach,서지우짱,0a6fe5bea6ff811d928682712efce2ea,2026-06-27,251,223913337,0.117,,
approach,서지우짱,0a6fe5bea6ff811d928682712efce2ea,2026-06-28,251,223913337,0.117,,
approach,서지우짱,0a6fe5bea6ff811d928682712efce2ea,2026-06-29,251,223913337,0.117,,
approach,서지우짱,0a6fe5bea6ff811d928682712efce2ea,2026-06-30,251,223913337,0.117,,
approach,서지우짱,0a6fe5bea6ff811d928682712efce2ea,2026-07-01,251,223913337,0.117,,
approach,서지우짱,0a6fe5bea6ff811d928682712efce2ea,2026-07-02,251,223913337,0.117,,
approach,서지우짱,0a6fe5bea6ff811d928682712efce2ea,2026-07-03,251,223913337,0.117,,
approach,서지우짱,0a6fe5bea6ff811d928682712efce2ea,2026-07-04,251,223913337,0.117,215464,
approach,서지우짱,0a6fe5bea6ff811d928682712efce2ea,2026-07-05,251,223913337,0.117,,
approach,서지우짱,0a6fe5bea6ff811d928682712efce2ea,2026-07-06,251,223913337,0.117,,
approach,서지우짱,0a6fe5bea6ff811d928682712efce2ea,2026-07-07,251,223913337,0.117,,
approach,서지우짱,0a6fe5bea6ff811d928682712efce2ea,2026-07-08,251,223913337,0.117,,
approach,서지우짱,0a6fe5bea6ff811d928682712efce2ea,2026-07-09,251,223913337,0.117,,
approach,서지우짱,0a6fe5bea6ff811d928682712efce2ea,2026-07-10,251,223913337,0.117,,
approach,서지우짱,0a6fe5bea6ff811d928682712efce2ea,2026-07-11,251,223913337,0.117,,
approach,서지우짱,0a6fe5bea6ff811d928682712efce2ea,2026-07-12,251,223913337,0.117,215464,
approach,광양곱도리탕,2eb44bb805a9231b95e48eb01006d50b,2026-06-18,251,259103941,0.135,48972,
approach,광양곱도리탕,2eb44bb805a9231b95e48eb01006d50b,2026-06-19,251,259103941,0.135,,
approach,광양곱도리탕,2eb44bb805a9231b95e48eb01006d50b,2026-06-20,251,259103941,0.135,,
approach,광양곱도리탕,2eb44bb805a9231b95e48eb01006d50b,2026-06-21,251,259103941,0.135,,
approach,광양곱도리탕,2eb44bb805a9231b95e48eb01006d50b,2026-06-22,251,259103941,0.135,,
approach,광양곱도리탕,2eb44bb805a9231b95e48eb01006d50b,2026-06-23,251,259103941,0.135,,
approach,광양곱도리탕,2eb44bb805a9231b95e48eb01006d50b,2026-06-24,251,259103941,0.135,,
approach,광양곱도리탕,2eb44bb805a9231b95e48eb01006d50b,2026-06-25,251,259103941,0.135,,
approach,광양곱도리탕,2eb44bb805a9231b95e48eb01006d50b,2026-06-26,251,259103941,0.135,48972,
approach,광양곱도리탕,2eb44bb805a9231b95e48eb01006d50b,2026-06-27,251,259103941,0.135,,
approach,광양곱도리탕,2eb44bb805a9231b95e48eb01006d50b,2026-06-28,251,259103941,0.135,,
approach,광양곱도리탕,2eb44bb805a9231b95e48eb01006d50b,2026-06-29,251,259103941,0.135,,
approach,광양곱도리탕,2eb44bb805a9231b95e48eb01006d50b,2026-06-30,251,259103941,0.135,,
approach,광양곱도리탕,2eb44bb805a9231b95e48eb01006d50b,2026-07-01,251,259103941,0.135,,
approach,광양곱도리탕,2eb44bb805a9231b95e48eb01006d50b,2026-07-02,251,259103941,0.135,,
approach,광양곱도리탕,2eb44bb805a9231b95e48eb01006d50b,2026-07-03,251,259103941,0.135,,
approach,광양곱도리탕,2eb44bb805a9231b95e48eb01006d50b,2026-07-04,251,259103941,0.135,48972,
approach,광양곱도리탕,2eb44bb805a9231b95e48eb01006d50b,2026-07-05,251,259103941,0.135,,
approach,광양곱도리탕,2eb44bb805a9231b95e48eb01006d50b,2026-07-06,251,259103941,0.135,,
approach,광양곱도리탕,2eb44bb805a9231b95e48eb01006d50b,2026-07-07,251,259103941,0.135,,
approach,광양곱도리탕,2eb44bb805a9231b95e48eb01006d50b,2026-07-08,251,259103941,0.135,,
approach,광양곱도리탕,2eb44bb805a9231b95e48eb01006d50b,2026-07-09,251,259103941,0.135,,
approach,광양곱도리탕,2eb44bb805a9231b95e48eb01006d50b,2026-07-10,251,259103941,0.135,,
approach,광양곱도리탕,2eb44bb805a9231b95e48eb01006d50b,2026-07-11,251,259103941,0.135,,
approach,광양곱도리탕,2eb44bb805a9231b95e48eb01006d50b,2026-07-12,251,259103941,0.135,48972,
approach,금요일저녁비,f8c2f91ce554eef177b0b9f92fced182,2026-06-18,251,267400036,0.139,1219712,
approach,금요일저녁비,f8c2f91ce554eef177b0b9f92fced182,2026-06-19,251,267400036,0.139,,
approach,금요일저녁비,f8c2f91ce554eef177b0b9f92fced182,2026-06-20,251,267400036,0.139,,
approach,금요일저녁비,f8c2f91ce554eef177b0b9f92fced182,2026-06-21,251,267400036,0.139,,
approach,금요일저녁비,f8c2f91ce554eef177b0b9f92fced182,2026-06-22,251,267400036,0.139,,
approach,금요일저녁비,f8c2f91ce554eef177b0b9f92fced182,2026-06-23,251,267400036,0.139,,
approach,금요일저녁비,f8c2f91ce554eef177b0b9f92fced182,2026-06-24,251,267400036,0.139,,
approach,금요일저녁비,f8c2f91ce554eef177b0b9f92fced182,2026-06-25,251,267400036,0.139,,
approach,금요일저녁비,f8c2f91ce554eef177b0b9f92fced182,2026-06-26,251,267400036,0.139,1219712,
approach,금요일저녁비,f8c2f91ce554eef177b0b9f92fced182,2026-06-27,251,267400036,0.139,,
approach,금요일저녁비,f8c2f91ce554eef177b0b9f92fced182,2026-06-28,251,267400036,0.139,,
approach,금요일저녁비,f8c2f91ce554eef177b0b9f92fced182,2026-06-29,251,267400036,0.139,,
approach,금요일저녁비,f8c2f91ce554eef177b0b9f92fced182,2026-06-30,251,267400036,0.139,,
approach,금요일저녁비,f8c2f91ce554eef177b0b9f92fced182,2026-07-01,251,267400036,0.139,,
approach,금요일저녁비,f8c2f91ce554eef177b0b9f92fced182,2026-07-02,251,267400036,0.139,,
approach,금요일저녁비,f8c2f91ce554eef177b0b9f92fced182,2026-07-03,251,267400036,0.139,,
approach,금요일저녁비,f8c2f91ce554eef177b0b9f92fced182,2026-07-04,251,267400036,0.139,1219712,
approach,금요일저녁비,f8c2f91ce554eef177b0b9f92fced182,2026-07-05,251,267400036,0.139,,
approach,금요일저녁비,f8c2f91ce554eef177b0b9f92fced182,2026-07-06,251,267400036,0.139,,
approach,금요일저녁비,f8c2f91ce554eef177b0b9f92fced182,2026-07-07,251,267400036,0.139,,
approach,금요일저녁비,f8c2f91ce554eef177b0b9f92fced182,2026-07-08,251,267400036,0.139,,
approach,금요일저녁비,f8c2f91ce554eef177b0b9f92fced182,2026-07-09,251,267400036,0.139,,
approach,금요일저녁비,f8c2f91ce554eef177b0b9f92fced182,2026-07-10,251,267400036,0.139,,
approach,금요일저녁비,f8c2f91ce554eef177b0b9f92fced182,2026-07-11,251,267400036,0.139,,
approach,금요일저녁비,f8c2f91ce554eef177b0b9f92fced182,2026-07-12,251,267400036,0.139,1219712,
approach,은월교탈,234dc7e84a4034f9a64a2bc38e07b9b6efe8d04e6d233bd35cf2fabdeb93fb0d,2026-06-18,251,277064200,0.061,1505637,
approach,은월교탈,234dc7e84a4034f9a64a2bc38e07b9b6efe8d04e6d233bd35cf2fabdeb93fb0d,2026-06-19,251,277064200,0.061,,
approach,은월교탈,234dc7e84a4034f9a64a2bc38e07b9b6efe8d04e6d233bd35cf2fabdeb93fb0d,2026-06-20,251,277064200,0.061,,
approach,은월교탈,234dc7e84a4034f9a64a2bc38e07b9b6efe8d04e6d233bd35cf2fabdeb93fb0d,2026-06-21,251,277064200,0.061,,
approach,은월교탈,234dc7e84a4034f9a64a2bc38e07b9b6efe8d04e6d233bd35cf2fabdeb93fb0d,2026-06-22,251,277064200,0.061,,
approach,은월교탈,234dc7e84a4034f9a64a2bc38e07b9b6efe8d04e6d233bd35cf2fabdeb93fb0d,2026-06-23,251,277064200,0.061,,
approach,은월교탈,234dc7e84a4034f9a64a2bc38e07b9b6efe8d04e6d233bd35cf2fabdeb93fb0d,2026-06-24,251,277064200,0.061,,
approach,은월교탈,234dc7e84a4034f9a64a2bc38e07b9b6efe8d04e6d233bd35cf2fabdeb93fb0d,2026-06-25,251,277064200,0.061,,
approach,은월교탈,234dc7e84a4034f9a64a2bc38e07b9b6efe8d04e6d233bd35cf2fabdeb93fb0d,2026-06-26,251,277064200,0.061,1505637,
approach,은월교탈,234dc7e84a4034f9a64a2bc38e07b9b6efe8d04e6d233bd35cf2fabdeb93fb0d,2026-06-27,251,277064200,0.061,,
approach,은월교탈,234dc7e84a4034f9a64a2bc38e07b9b6efe8d04e6d233bd35cf2fabdeb93fb0d,2026-06-28,251,277064200,0.061,,
approach,은월교탈,234dc7e84a4034f9a64a2bc38e07b9b6efe8d04e6d233bd35cf2fabdeb93fb0d,2026-06-29,251,277064200,0.061,,
approach,은월교탈,234dc7e84a4034f9a64a2bc38e07b9b6efe8d04e6d233bd35cf2fabdeb93fb0d,2026-06-30,251,277064200,0.061,,
approach,은월교탈,234dc7e84a4034f9a64a2bc38e07b9b6efe8d04e6d233bd35cf2fabdeb93fb0d,2026-07-01,251,277064200,0.061,,
approach,은월교탈,234dc7e84a4034f9a64a2bc38e07b9b6efe8d04e6d233bd35cf2fabdeb93fb0d,2026-07-02,251,277064200,0.061,,
approach,은월교탈,234dc7e84a4034f9a64a2bc38e07b9b6efe8d04e6d233bd35cf2fabdeb93fb0d,2026-07-03,251,277064200,0.061,,
approach,은월교탈,234dc7e84a4034f9a64a2bc38e07b9b6efe8d04e6d233bd35cf2fabdeb93fb0d,2026-07-04,251,277064200,0.061,1505637,
approach,은월교탈,234dc7e84a4034f9a64a2bc38e07b9b6efe8d04e6d233bd35cf2fabdeb93fb0d,2026-07-05,251,277064200,0.061,,
approach,은월교탈,234dc7e84a4034f9a64a2bc38e07b9b6efe8d04e6d233bd35cf2fabdeb93fb0d,2026-07-06,251,277064200,0.061,,
approach,은월교탈,234dc7e84a4034f9a64a2bc38e07b9b6efe8d04e6d233bd35cf2fabdeb93fb0d,2026-07-07,251,277064200,0.061,,
approach,은월교탈,234dc7e84a4034f9a64a2bc38e07b9b6efe8d04e6d233bd35cf2fabdeb93fb0d,2026-07-08,251,277064200,0.061,,
approach,은월교탈,234dc7e84a4034f9a64a2bc38e07b9b6efe8d04e6d233bd35cf2fabdeb93fb0d,2026-07-09,251,277064200,0.061,,
approach,은월교탈,234dc7e84a4034f9a64a2bc38e07b9b6efe8d04e6d233bd35cf2fabdeb93fb0d,2026-07-10,251,277064200,0.061,,
approach,은월교탈,234dc7e84a4034f9a64a2bc38e07b9b6efe8d04e6d233bd35cf2fabdeb93fb0d,2026-07-11,251,277064200,0.061,,
approach,은월교탈,234dc7e84a4034f9a64a2bc38e07b9b6efe8d04e6d233bd35cf2fabdeb93fb0d,2026-07-12,251,277064200,0.061,1505637,
approach,우혜진띠,c61638b660fbc88a30311e9a9517428b,2026-06-18,251,289497079,0.151,728625,
approach,우혜진띠,c61638b660fbc88a30311e9a9517428b,2026-06-19,251,289497079,0.151,,
approach,우혜진띠,c61638b660fbc88a30311e9a9517428b,2026-06-20,251,289497079,0.151,,
approach,우혜진띠,c61638b660fbc88a30311e9a9517428b,2026-06-21,251,289497079,0.151,,
approach,우혜진띠,c61638b660fbc88a30311e9a9517428b,2026-06-22,251,289497079,0.151,,
approach,우혜진띠,c61638b660fbc88a30311e9a9517428b,2026-06-23,251,289497079,0.151,,
approach,우혜진띠,c61638b660fbc88a30311e9a9517428b,2026-06-24,251,289497079,0.151,,
approach,우혜진띠,c61638b660fbc88a30311e9a9517428b,2026-06-25,251,289497079,0.151,,
approach,우혜진띠,c61638b660fbc88a30311e9a9517428b,2026-06-26,251,289497079,0.151,728625,
approach,우혜진띠,c61638b660fbc88a30311e9a9517428b,2026-06-27,251,289497079,0.151,,
approach,우혜진띠,c61638b660fbc88a30311e9a9517428b,2026-06-28,251,289497079,0.151,,
approach,우혜진띠,c61638b660fbc88a30311e9a9517428b,2026-06-29,251,289497079,0.151,,
approach,우혜진띠,c61638b660fbc88a30311e9a9517428b,2026-06-30,251,289497079,0.151,,
approach,우혜진띠,c61638b660fbc88a30311e9a9517428b,2026-07-01,251,289497079,0.151,,
approach,우혜진띠,c61638b660fbc88a30311e9a9517428b,2026-07-02,251,289497079,0.151,,
approach,우혜진띠,c61638b660fbc88a30311e9a9517428b,2026-07-03,251,289497079,0.151,,
approach,우혜진띠,c61638b660fbc88a30311e9a9517428b,2026-07-04,251,289497079,0.151,728625,
approach,우혜진띠,c61638b660fbc88a30311e9a9517428b,2026-07-05,251,289497079,0.151,,
approach,우혜진띠,c61638b660fbc88a30311e9a9517428b,2026-07-06,251,289497079,0.151,,
approach,우혜진띠,c61638b660fbc88a30311e9a9517428b,2026-07-07,251,289497079,0.151,,
approach,우혜진띠,c61638b660fbc88a30311e9a9517428b,2026-07-08,251,289497079,0.151,,
approach,우혜진띠,c61638b660fbc88a30311e9a9517428b,2026-07-09,251,289497079,0.151,,
approach,우혜진띠,c61638b660fbc88a30311e9a9517428b,2026-07-10,251,289497079,0.151,,
approach,우혜진띠,c61638b660fbc88a30311e9a9517428b,2026-07-11,251,289497079,0.151,,
approach,우혜진띠,c61638b660fbc88a30311e9a9517428b,2026-07-12,251,289497079,0.151,728625,
approach,손목기부요,a3f3c5b707ceb8957837ccde94fa0581,2026-06-18,251,290128963,0.151,264958,
approach,손목기부요,a3f3c5b707ceb8957837ccde94fa0581,2026-06-19,251,290128963,0.151,,
approach,손목기부요,a3f3c5b707ceb8957837ccde94fa0581,2026-06-20,251,290128963,0.151,,
approach,손목기부요,a3f3c5b707ceb8957837ccde94fa0581,2026-06-21,251,290128963,0.151,,
approach,손목기부요,a3f3c5b707ceb8957837ccde94fa0581,2026-06-22,251,290128963,0.151,,
approach,손목기부요,a3f3c5b707ceb8957837ccde94fa0581,2026-06-23,251,290128963,0.151,,
approach,손목기부요,a3f3c5b707ceb8957837ccde94fa0581,2026-06-24,251,290128963,0.151,,
approach,손목기부요,a3f3c5b707ceb8957837ccde94fa0581,2026-06-25,251,290128963,0.151,,
approach,손목기부요,a3f3c5b707ceb8957837ccde94fa0581,2026-06-26,251,290128963,0.151,264958,
approach,손목기부요,a3f3c5b707ceb8957837ccde94fa0581,2026-06-27,251,290128963,0.151,,
approach,손목기부요,a3f3c5b707ceb8957837ccde94fa0581,2026-06-28,251,290128963,0.151,,
approach,손목기부요,a3f3c5b707ceb8957837ccde94fa0581,2026-06-29,251,290128963,0.151,,
approach,손목기부요,a3f3c5b707ceb8957837ccde94fa0581,2026-06-30,251,290128963,0.151,,
approach,손목기부요,a3f3c5b707ceb8957837ccde94fa0581,2026-07-01,251,290128963,0.151,,
approach,손목기부요,a3f3c5b707ceb8957837ccde94fa0581,2026-07-02,251,290128963,0.151,,
approach,손목기부요,a3f3c5b707ceb8957837ccde94fa0581,2026-07-03,251,290128963,0.151,,
approach,손목기부요,a3f3c5b707ceb8957837ccde94fa0581,2026-07-04,251,290128963,0.151,264958,
approach,손목기부요,a3f3c5b707ceb8957837ccde94fa0581,2026-07-05,251,290128963,0.151,,
approach,손목기부요,a3f3c5b707ceb8957837ccde94fa0581,2026-07-06,251,290128963,0.151,,
approach,손목기부요,a3f3c5b707ceb8957837ccde94fa0581,2026-07-07,251,290128963,0.151,,
approach,손목기부요,a3f3c5b707ceb8957837ccde94fa0581,2026-07-08,251,290128963,0.151,,
approach,손목기부요,a3f3c5b707ceb8957837ccde94fa0581,2026-07-09,251,290128963,0.151,,
approach,손목기부요,a3f3c5b707ceb8957837ccde94fa0581,2026-07-10,251,290128963,0.151,,
approach,손목기부요,a3f3c5b707ceb8957837ccde94fa0581,2026-07-11,251,290128963,0.151,,
approach,손목기부요,a3f3c5b707ceb8957837ccde94fa0581,2026-07-12,251,290128963,0.151,264958,
approach,순수바니걸,7546ef4227f74639b2f8ea867c6b72d2efe8d04e6d233bd35cf2fabdeb93fb0d,2026-06-18,251,301513432,0.157,20338,
approach,순수바니걸,7546ef4227f74639b2f8ea867c6b72d2efe8d04e6d233bd35cf2fabdeb93fb0d,2026-06-19,251,301513432,0.157,,
approach,순수바니걸,7546ef4227f74639b2f8ea867c6b72d2efe8d04e6d233bd35cf2fabdeb93fb0d,2026-06-20,251,301513432,0.157,,
approach,순수바니걸,7546ef4227f74639b2f8ea867c6b72d2efe8d04e6d233bd35cf2fabdeb93fb0d,2026-06-21,251,301513432,0.157,,
approach,순수바니걸,7546ef4227f74639b2f8ea867c6b72d2efe8d04e6d233bd35cf2fabdeb93fb0d,2026-06-22,251,301513432,0.157,,
approach,순수바니걸,7546ef4227f74639b2f8ea867c6b72d2efe8d04e6d233bd35cf2fabdeb93fb0d,2026-06-23,251,301513432,0.157,,
approach,순수바니걸,7546ef4227f74639b2f8ea867c6b72d2efe8d04e6d233bd35cf2fabdeb93fb0d,2026-06-24,251,301513432,0.157,,
approach,순수바니걸,7546ef4227f74639b2f8ea867c6b72d2efe8d04e6d233bd35cf2fabdeb93fb0d,2026-06-25,251,301513432,0.157,,
approach,순수바니걸,7546ef4227f74639b2f8ea867c6b72d2efe8d04e6d233bd35cf2fabdeb93fb0d,2026-06-26,251,301513432,0.157,20338,
approach,순수바니걸,7546ef4227f74639b2f8ea867c6b72d2efe8d04e6d233bd35cf2fabdeb93fb0d,2026-06-27,251,301513432,0.157,,
approach,순수바니걸,7546ef4227f74639b2f8ea867c6b72d2efe8d04e6d233bd35cf2fabdeb93fb0d,2026-06-28,251,301513432,0.157,,
approach,순수바니걸,7546ef4227f74639b2f8ea867c6b72d2efe8d04e6d233bd35cf2fabdeb93fb0d,2026-06-29,251,301513432,0.157,,
approach,순수바니걸,7546ef4227f74639b2f8ea867c6b72d2efe8d04e6d233bd35cf2fabdeb93fb0d,2026-06-30,251,301513432,0.157,,
approach,순수바니걸,7546ef4227f74639b2f8ea867c6b72d2efe8d04e6d233bd35cf2fabdeb93fb0d,2026-07-01,251,301513432,0.157,,
approach,순수바니걸,7546ef4227f74639b2f8ea867c6b72d2efe8d04e6d233bd35cf2fabdeb93fb0d,2026-07-02,251,301513432,0.157,,
approach,순수바니걸,7546ef4227f74639b2f8ea867c6b72d2efe8d04e6d233bd35cf2fabdeb93fb0d,2026-07-03,251,301513432,0.157,,
approach,순수바니걸,7546ef4227f74639b2f8ea867c6b72d2efe8d04e6d233bd35cf2fabdeb93fb0d,2026-07-04,251,301513432,0.157,20338,
approach,순수바니걸,7546ef4227f74639b2f8ea867c6b72d2efe8d04e6d233bd35cf2fabdeb93fb0d,2026-07-05,251,301513432,0.157,,
approach,순수바니걸,7546ef4227f74639b2f8ea867c6b72d2efe8d04e6d233bd35cf2fabdeb93fb0d,2026-07-06,251,301513432,0.157,,
approach,순수바니걸,7546ef4227f74639b2f8ea867c6b72d2efe8d04e6d233bd35cf2fabdeb93fb0d,2026-07-07,251,301513432,0.157,,
approach,순수바니걸,7546ef4227f74639b2f8ea867c6b72d2efe8d04e6d233bd35cf2fabdeb93fb0d,2026-07-08,251,301513432,0.157,,
approach,순수바니걸,7546ef4227f74639b2f8ea867c6b72d2efe8d04e6d233bd35cf2fabdeb93fb0d,2026-07-09,251,301513432,0.157,,
approach,순수바니걸,7546ef4227f74639b2f8ea867c6b72d2efe8d04e6d233bd35cf2fabdeb93fb0d,2026-07-10,251,301513432,0.157,,
approach,순수바니걸,7546ef4227f74639b2f8ea867c6b72d2efe8d04e6d233bd35cf2fabdeb93fb0d,2026-07-11,251,301513432,0.157,,
approach,순수바니걸,7546ef4227f74639b2f8ea867c6b72d2efe8d04e6d233bd35cf2fabdeb93fb0d,2026-07-12,251,301513432,0.157,20338,
approach,뻬깅,839499cb96e3d1d3ce1d039b40949699,2026-06-18,251,228479117,0.119,116475,
approach,뻬깅,839499cb96e3d1d3ce1d039b40949699,2026-06-19,251,228479117,0.119,,
approach,뻬깅,839499cb96e3d1d3ce1d039b40949699,2026-06-20,251,228479117,0.119,,
approach,뻬깅,839499cb96e3d1d3ce1d039b40949699,2026-06-21,251,228479117,0.119,,
approach,뻬깅,839499cb96e3d1d3ce1d039b40949699,2026-06-22,251,228479117,0.119,,
approach,뻬깅,839499cb96e3d1d3ce1d039b40949699,2026-06-23,251,228479117,0.119,,
approach,뻬깅,839499cb96e3d1d3ce1d039b40949699,2026-06-24,251,228479117,0.119,,
approach,뻬깅,839499cb96e3d1d3ce1d039b40949699,2026-06-25,251,228479117,0.119,,
approach,뻬깅,839499cb96e3d1d3ce1d039b40949699,2026-06-26,251,228479117,0.119,116475,
approach,뻬깅,839499cb96e3d1d3ce1d039b40949699,2026-06-27,251,228479117,0.119,,
approach,뻬깅,839499cb96e3d1d3ce1d039b40949699,2026-06-28,251,228479117,0.119,,
approach,뻬깅,839499cb96e3d1d3ce1d039b40949699,2026-06-29,251,228479117,0.119,,
approach,뻬깅,839499cb96e3d1d3ce1d039b40949699,2026-06-30,251,228479117,0.119,,
approach,뻬깅,839499cb96e3d1d3ce1d039b40949699,2026-07-01,251,228479117,0.119,,
approach,뻬깅,839499cb96e3d1d3ce1d039b40949699,2026-07-02,251,228479117,0.119,,
approach,뻬깅,839499cb96e3d1d3ce1d039b40949699,2026-07-03,251,228479117,0.119,,
approach,뻬깅,839499cb96e3d1d3ce1d039b40949699,2026-07-04,251,228479117,0.119,116475,
approach,뻬깅,839499cb96e3d1d3ce1d039b40949699,2026-07-05,251,228479117,0.119,,
approach,뻬깅,839499cb96e3d1d3ce1d039b40949699,2026-07-06,251,228479117,0.119,,
approach,뻬깅,839499cb96e3d1d3ce1d039b40949699,2026-07-07,251,228479117,0.119,,
approach,뻬깅,839499cb96e3d1d3ce1d039b40949699,2026-07-08,251,228479117,0.119,,
approach,뻬깅,839499cb96e3d1d3ce1d039b40949699,2026-07-09,251,228479117,0.119,,
approach,뻬깅,839499cb96e3d1d3ce1d039b40949699,2026-07-10,251,228479117,0.119,,
approach,뻬깅,839499cb96e3d1d3ce1d039b40949699,2026-07-11,251,228479117,0.119,,
approach,뻬깅,839499cb96e3d1d3ce1d039b40949699,2026-07-12,251,228479117,0.119,116475,
approach,데벤하는처니,e19463c425cad7da90221addb69721a73663933da92e7566c55104ec9ac2894d,2026-06-18,251,316233310,0.165,55819,
approach,데벤하는처니,e19463c425cad7da90221addb69721a73663933da92e7566c55104ec9ac2894d,2026-06-19,251,316233310,0.165,,
approach,데벤하는처니,e19463c425cad7da90221addb69721a73663933da92e7566c55104ec9ac2894d,2026-06-20,251,316233310,0.165,,
approach,데벤하는처니,e19463c425cad7da90221addb69721a73663933da92e7566c55104ec9ac2894d,2026-06-21,251,316233310,0.165,,
approach,데벤하는처니,e19463c425cad7da90221addb69721a73663933da92e7566c55104ec9ac2894d,2026-06-22,251,316233310,0.165,,
approach,데벤하는처니,e19463c425cad7da90221addb69721a73663933da92e7566c55104ec9ac2894d,2026-06-23,251,316233310,0.165,,
approach,데벤하는처니,e19463c425cad7da90221addb69721a73663933da92e7566c55104ec9ac2894d,2026-06-24,251,316233310,0.165,,
approach,데벤하는처니,e19463c425cad7da90221addb69721a73663933da92e7566c55104ec9ac2894d,2026-06-25,251,316233310,0.165,,
approach,데벤하는처니,e19463c425cad7da90221addb69721a73663933da92e7566c55104ec9ac2894d,2026-06-26,251,316233310,0.165,55819,
approach,데벤하는처니,e19463c425cad7da90221addb69721a73663933da92e7566c55104ec9ac2894d,2026-06-27,251,316233310,0.165,,
approach,데벤하는처니,e19463c425cad7da90221addb69721a73663933da92e7566c55104ec9ac2894d,2026-06-28,251,316233310,0.165,,
approach,데벤하는처니,e19463c425cad7da90221addb69721a73663933da92e7566c55104ec9ac2894d,2026-06-29,251,316233310,0.165,,
approach,데벤하는처니,e19463c425cad7da90221addb69721a73663933da92e7566c55104ec9ac2894d,2026-06-30,251,316233310,0.165,,
approach,데벤하는처니,e19463c425cad7da90221addb69721a73663933da92e7566c55104ec9ac2894d,2026-07-01,251,316233310,0.165,,
approach,데벤하는처니,e19463c425cad7da90221addb69721a73663933da92e7566c55104ec9ac2894d,2026-07-02,251,316233310,0.165,,
approach,데벤하는처니,e19463c425cad7da90221addb69721a73663933da92e7566c55104ec9ac2894d,2026-07-03,251,316233310,0.165,,
approach,데벤하는처니,e19463c425cad7da90221addb69721a73663933da92e7566c55104ec9ac2894d,2026-07-04,251,316233310,0.165,55819,
approach,데벤하는처니,e19463c425cad7da90221addb69721a73663933da92e7566c55104ec9ac2894d,2026-07-05,251,316233310,0.165,,
approach,데벤하는처니,e19463c425cad7da90221addb69721a73663933da92e7566c55104ec9ac2894d,2026-07-06,251,316233310,0.165,,
approach,데벤하는처니,e19463c425cad7da90221addb69721a73663933da92e7566c55104ec9ac2894d,2026-07-07,251,316233310,0.165,,
approach,데벤하는처니,e19463c425cad7da90221addb69721a73663933da92e7566c55104ec9ac2894d,2026-07-08,251,316233310,0.165,,
approach,데벤하는처니,e19463c425cad7da90221addb69721a73663933da92e7566c55104ec9ac2894d,2026-07-09,251,316233310,0.165,,
approach,데벤하는처니,e19463c425cad7da90221addb69721a73663933da92e7566c55104ec9ac2894d,2026-07-10,251,316233310,0.165,,
approach,데벤하는처니,e19463c425cad7da90221addb69721a73663933da92e7566c55104ec9ac2894d,2026-07-11,251,316233310,0.165,,
approach,데벤하는처니,e19463c425cad7da90221addb69721a73663933da92e7566c55104ec9ac2894d,2026-07-12,251,316233310,0.165,55819,
approach,도어리메르,,2026-06-18,,,,,ocid_failed
approach,도어리메르,,2026-06-19,,,,,ocid_failed
approach,도어리메르,,2026-06-20,,,,,ocid_failed
approach,도어리메르,,2026-06-21,,,,,ocid_failed
approach,도어리메르,,2026-06-22,,,,,ocid_failed
approach,도어리메르,,2026-06-23,,,,,ocid_failed
approach,도어리메르,,2026-06-24,,,,,ocid_failed
approach,도어리메르,,2026-06-25,,,,,ocid_failed
approach,도어리메르,,2026-06-26,,,,,ocid_failed
approach,도어리메르,,2026-06-27,,,,,ocid_failed
approach,도어리메르,,2026-06-28,,,,,ocid_failed
approach,도어리메르,,2026-06-29,,,,,ocid_failed
approach,도어리메르,,2026-06-30,,,,,ocid_failed
approach,도어리메르,,2026-07-01,,,,,ocid_failed
approach,도어리메르,,2026-07-02,,,,,ocid_failed
approach,도어리메르,,2026-07-03,,,,,ocid_failed
approach,도어리메르,,2026-07-04,,,,,ocid_failed
approach,도어리메르,,2026-07-05,,,,,ocid_failed
approach,도어리메르,,2026-07-06,,,,,ocid_failed
approach,도어리메르,,2026-07-07,,,,,ocid_failed
approach,도어리메르,,2026-07-08,,,,,ocid_failed
approach,도어리메르,,2026-07-09,,,,,ocid_failed
approach,도어리메르,,2026-07-10,,,,,ocid_failed
approach,도어리메르,,2026-07-11,,,,,ocid_failed
approach,도어리메르,,2026-07-12,,,,,ocid_failed
approach,하울링친구22,59c69a8fe644da4fbf77df9f9312aff3a2186d8e7cf7a6ee152d97cc78f2ae8b,2026-06-18,251,279213070,0.145,27156,
approach,하울링친구22,59c69a8fe644da4fbf77df9f9312aff3a2186d8e7cf7a6ee152d97cc78f2ae8b,2026-06-19,251,279213070,0.145,,
approach,하울링친구22,59c69a8fe644da4fbf77df9f9312aff3a2186d8e7cf7a6ee152d97cc78f2ae8b,2026-06-20,251,279213070,0.145,,
approach,하울링친구22,59c69a8fe644da4fbf77df9f9312aff3a2186d8e7cf7a6ee152d97cc78f2ae8b,2026-06-21,251,279213070,0.145,,
approach,하울링친구22,59c69a8fe644da4fbf77df9f9312aff3a2186d8e7cf7a6ee152d97cc78f2ae8b,2026-06-22,251,279213070,0.145,,
approach,하울링친구22,59c69a8fe644da4fbf77df9f9312aff3a2186d8e7cf7a6ee152d97cc78f2ae8b,2026-06-23,251,279213070,0.145,,
approach,하울링친구22,59c69a8fe644da4fbf77df9f9312aff3a2186d8e7cf7a6ee152d97cc78f2ae8b,2026-06-24,251,279213070,0.145,,
approach,하울링친구22,59c69a8fe644da4fbf77df9f9312aff3a2186d8e7cf7a6ee152d97cc78f2ae8b,2026-06-25,251,279213070,0.145,,
approach,하울링친구22,59c69a8fe644da4fbf77df9f9312aff3a2186d8e7cf7a6ee152d97cc78f2ae8b,2026-06-26,251,279213070,0.145,27156,
approach,하울링친구22,59c69a8fe644da4fbf77df9f9312aff3a2186d8e7cf7a6ee152d97cc78f2ae8b,2026-06-27,251,279213070,0.145,,
approach,하울링친구22,59c69a8fe644da4fbf77df9f9312aff3a2186d8e7cf7a6ee152d97cc78f2ae8b,2026-06-28,251,279213070,0.145,,
approach,하울링친구22,59c69a8fe644da4fbf77df9f9312aff3a2186d8e7cf7a6ee152d97cc78f2ae8b,2026-06-29,251,279213070,0.145,,
approach,하울링친구22,59c69a8fe644da4fbf77df9f9312aff3a2186d8e7cf7a6ee152d97cc78f2ae8b,2026-06-30,251,279213070,0.145,,
approach,하울링친구22,59c69a8fe644da4fbf77df9f9312aff3a2186d8e7cf7a6ee152d97cc78f2ae8b,2026-07-01,251,279213070,0.145,,
approach,하울링친구22,59c69a8fe644da4fbf77df9f9312aff3a2186d8e7cf7a6ee152d97cc78f2ae8b,2026-07-02,251,279213070,0.145,,
approach,하울링친구22,59c69a8fe644da4fbf77df9f9312aff3a2186d8e7cf7a6ee152d97cc78f2ae8b,2026-07-03,251,279213070,0.145,,
approach,하울링친구22,59c69a8fe644da4fbf77df9f9312aff3a2186d8e7cf7a6ee152d97cc78f2ae8b,2026-07-04,251,279213070,0.145,27156,
approach,하울링친구22,59c69a8fe644da4fbf77df9f9312aff3a2186d8e7cf7a6ee152d97cc78f2ae8b,2026-07-05,251,279213070,0.145,,
approach,하울링친구22,59c69a8fe644da4fbf77df9f9312aff3a2186d8e7cf7a6ee152d97cc78f2ae8b,2026-07-06,251,279213070,0.145,,
approach,하울링친구22,59c69a8fe644da4fbf77df9f9312aff3a2186d8e7cf7a6ee152d97cc78f2ae8b,2026-07-07,251,279213070,0.145,,
approach,하울링친구22,59c69a8fe644da4fbf77df9f9312aff3a2186d8e7cf7a6ee152d97cc78f2ae8b,2026-07-08,251,279213070,0.145,,
approach,하울링친구22,59c69a8fe644da4fbf77df9f9312aff3a2186d8e7cf7a6ee152d97cc78f2ae8b,2026-07-09,251,279213070,0.145,,
approach,하울링친구22,59c69a8fe644da4fbf77df9f9312aff3a2186d8e7cf7a6ee152d97cc78f2ae8b,2026-07-10,251,279213070,0.145,,
approach,하울링친구22,59c69a8fe644da4fbf77df9f9312aff3a2186d8e7cf7a6ee152d97cc78f2ae8b,2026-07-11,251,279213070,0.145,,
approach,하울링친구22,59c69a8fe644da4fbf77df9f9312aff3a2186d8e7cf7a6ee152d97cc78f2ae8b,2026-07-12,251,279213070,0.145,27156,
approach,일메일카체,b9909455709349657c4ab24400262213,2026-06-18,251,315869492,0.164,113669,
approach,일메일카체,b9909455709349657c4ab24400262213,2026-06-19,251,315869492,0.164,,
approach,일메일카체,b9909455709349657c4ab24400262213,2026-06-20,251,315869492,0.164,,
approach,일메일카체,b9909455709349657c4ab24400262213,2026-06-21,251,315869492,0.164,,
approach,일메일카체,b9909455709349657c4ab24400262213,2026-06-22,251,315869492,0.164,,
approach,일메일카체,b9909455709349657c4ab24400262213,2026-06-23,251,315869492,0.164,,
approach,일메일카체,b9909455709349657c4ab24400262213,2026-06-24,251,315869492,0.164,,
approach,일메일카체,b9909455709349657c4ab24400262213,2026-06-25,251,315869492,0.164,,
approach,일메일카체,b9909455709349657c4ab24400262213,2026-06-26,251,315869492,0.164,113669,
approach,일메일카체,b9909455709349657c4ab24400262213,2026-06-27,251,315869492,0.164,,
approach,일메일카체,b9909455709349657c4ab24400262213,2026-06-28,251,315869492,0.164,,
approach,일메일카체,b9909455709349657c4ab24400262213,2026-06-29,251,315869492,0.164,,
approach,일메일카체,b9909455709349657c4ab24400262213,2026-06-30,251,315869492,0.164,,
approach,일메일카체,b9909455709349657c4ab24400262213,2026-07-01,251,315869492,0.164,,
approach,일메일카체,b9909455709349657c4ab24400262213,2026-07-02,251,315869492,0.164,,
approach,일메일카체,b9909455709349657c4ab24400262213,2026-07-03,251,315869492,0.164,,
approach,일메일카체,b9909455709349657c4ab24400262213,2026-07-04,251,315869492,0.164,113669,
approach,일메일카체,b9909455709349657c4ab24400262213,2026-07-05,251,315869492,0.164,,
approach,일메일카체,b9909455709349657c4ab24400262213,2026-07-06,251,315869492,0.164,,
approach,일메일카체,b9909455709349657c4ab24400262213,2026-07-07,251,315869492,0.164,,
approach,일메일카체,b9909455709349657c4ab24400262213,2026-07-08,251,315869492,0.164,,
approach,일메일카체,b9909455709349657c4ab24400262213,2026-07-09,251,315869492,0.164,,
approach,일메일카체,b9909455709349657c4ab24400262213,2026-07-10,251,315869492,0.164,,
approach,일메일카체,b9909455709349657c4ab24400262213,2026-07-11,251,315869492,0.164,,
approach,일메일카체,b9909455709349657c4ab24400262213,2026-07-12,251,315869492,0.164,113669,
approach,탈모오지훈,cff15c744c5378a9f67b65770fedf1a6,2026-06-18,251,237991463,0.124,148857,
approach,탈모오지훈,cff15c744c5378a9f67b65770fedf1a6,2026-06-19,251,237991463,0.124,,
approach,탈모오지훈,cff15c744c5378a9f67b65770fedf1a6,2026-06-20,251,237991463,0.124,,
approach,탈모오지훈,cff15c744c5378a9f67b65770fedf1a6,2026-06-21,251,237991463,0.124,,
approach,탈모오지훈,cff15c744c5378a9f67b65770fedf1a6,2026-06-22,251,237991463,0.124,,
approach,탈모오지훈,cff15c744c5378a9f67b65770fedf1a6,2026-06-23,251,237991463,0.124,,
approach,탈모오지훈,cff15c744c5378a9f67b65770fedf1a6,2026-06-24,251,237991463,0.124,,
approach,탈모오지훈,cff15c744c5378a9f67b65770fedf1a6,2026-06-25,251,237991463,0.124,,
approach,탈모오지훈,cff15c744c5378a9f67b65770fedf1a6,2026-06-26,251,237991463,0.124,148857,
approach,탈모오지훈,cff15c744c5378a9f67b65770fedf1a6,2026-06-27,251,237991463,0.124,,
approach,탈모오지훈,cff15c744c5378a9f67b65770fedf1a6,2026-06-28,251,237991463,0.124,,
approach,탈모오지훈,cff15c744c5378a9f67b65770fedf1a6,2026-06-29,251,237991463,0.124,,
approach,탈모오지훈,cff15c744c5378a9f67b65770fedf1a6,2026-06-30,251,237991463,0.124,,
approach,탈모오지훈,cff15c744c5378a9f67b65770fedf1a6,2026-07-01,251,237991463,0.124,,
approach,탈모오지훈,cff15c744c5378a9f67b65770fedf1a6,2026-07-02,251,237991463,0.124,,
approach,탈모오지훈,cff15c744c5378a9f67b65770fedf1a6,2026-07-03,251,237991463,0.124,,
approach,탈모오지훈,cff15c744c5378a9f67b65770fedf1a6,2026-07-04,251,237991463,0.124,148857,
approach,탈모오지훈,cff15c744c5378a9f67b65770fedf1a6,2026-07-05,251,237991463,0.124,,
approach,탈모오지훈,cff15c744c5378a9f67b65770fedf1a6,2026-07-06,251,237991463,0.124,,
approach,탈모오지훈,cff15c744c5378a9f67b65770fedf1a6,2026-07-07,251,237991463,0.124,,
approach,탈모오지훈,cff15c744c5378a9f67b65770fedf1a6,2026-07-08,251,237991463,0.124,,
approach,탈모오지훈,cff15c744c5378a9f67b65770fedf1a6,2026-07-09,251,237991463,0.124,,
approach,탈모오지훈,cff15c744c5378a9f67b65770fedf1a6,2026-07-10,251,237991463,0.124,,
approach,탈모오지훈,cff15c744c5378a9f67b65770fedf1a6,2026-07-11,251,237991463,0.124,,
approach,탈모오지훈,cff15c744c5378a9f67b65770fedf1a6,2026-07-12,251,237991463,0.124,148857,
approach,밈멈믐밈,757170506cc40e28b1415d1cd8fce3e9efe8d04e6d233bd35cf2fabdeb93fb0d,2026-06-18,251,257223374,0.056,1467819,
approach,밈멈믐밈,757170506cc40e28b1415d1cd8fce3e9efe8d04e6d233bd35cf2fabdeb93fb0d,2026-06-19,251,257223374,0.056,,
approach,밈멈믐밈,757170506cc40e28b1415d1cd8fce3e9efe8d04e6d233bd35cf2fabdeb93fb0d,2026-06-20,251,257223374,0.056,,
approach,밈멈믐밈,757170506cc40e28b1415d1cd8fce3e9efe8d04e6d233bd35cf2fabdeb93fb0d,2026-06-21,251,257223374,0.056,,
approach,밈멈믐밈,757170506cc40e28b1415d1cd8fce3e9efe8d04e6d233bd35cf2fabdeb93fb0d,2026-06-22,251,257223374,0.056,,
approach,밈멈믐밈,757170506cc40e28b1415d1cd8fce3e9efe8d04e6d233bd35cf2fabdeb93fb0d,2026-06-23,251,257223374,0.056,,
approach,밈멈믐밈,757170506cc40e28b1415d1cd8fce3e9efe8d04e6d233bd35cf2fabdeb93fb0d,2026-06-24,251,257223374,0.056,,
approach,밈멈믐밈,757170506cc40e28b1415d1cd8fce3e9efe8d04e6d233bd35cf2fabdeb93fb0d,2026-06-25,251,257223374,0.056,,
approach,밈멈믐밈,757170506cc40e28b1415d1cd8fce3e9efe8d04e6d233bd35cf2fabdeb93fb0d,2026-06-26,251,257223374,0.056,1467819,
approach,밈멈믐밈,757170506cc40e28b1415d1cd8fce3e9efe8d04e6d233bd35cf2fabdeb93fb0d,2026-06-27,251,257223374,0.056,,
approach,밈멈믐밈,757170506cc40e28b1415d1cd8fce3e9efe8d04e6d233bd35cf2fabdeb93fb0d,2026-06-28,251,257223374,0.056,,
approach,밈멈믐밈,757170506cc40e28b1415d1cd8fce3e9efe8d04e6d233bd35cf2fabdeb93fb0d,2026-06-29,251,257223374,0.056,,
approach,밈멈믐밈,757170506cc40e28b1415d1cd8fce3e9efe8d04e6d233bd35cf2fabdeb93fb0d,2026-06-30,251,257223374,0.056,,
approach,밈멈믐밈,757170506cc40e28b1415d1cd8fce3e9efe8d04e6d233bd35cf2fabdeb93fb0d,2026-07-01,251,257223374,0.056,,
approach,밈멈믐밈,757170506cc40e28b1415d1cd8fce3e9efe8d04e6d233bd35cf2fabdeb93fb0d,2026-07-02,251,257223374,0.056,,
approach,밈멈믐밈,757170506cc40e28b1415d1cd8fce3e9efe8d04e6d233bd35cf2fabdeb93fb0d,2026-07-03,251,257223374,0.056,,
approach,밈멈믐밈,757170506cc40e28b1415d1cd8fce3e9efe8d04e6d233bd35cf2fabdeb93fb0d,2026-07-04,251,257223374,0.056,1467819,
approach,밈멈믐밈,757170506cc40e28b1415d1cd8fce3e9efe8d04e6d233bd35cf2fabdeb93fb0d,2026-07-05,251,257223374,0.056,,
approach,밈멈믐밈,757170506cc40e28b1415d1cd8fce3e9efe8d04e6d233bd35cf2fabdeb93fb0d,2026-07-06,251,257223374,0.056,,
approach,밈멈믐밈,757170506cc40e28b1415d1cd8fce3e9efe8d04e6d233bd35cf2fabdeb93fb0d,2026-07-07,251,257223374,0.056,,
approach,밈멈믐밈,757170506cc40e28b1415d1cd8fce3e9efe8d04e6d233bd35cf2fabdeb93fb0d,2026-07-08,251,257223374,0.056,,
approach,밈멈믐밈,757170506cc40e28b1415d1cd8fce3e9efe8d04e6d233bd35cf2fabdeb93fb0d,2026-07-09,251,257223374,0.056,,
approach,밈멈믐밈,757170506cc40e28b1415d1cd8fce3e9efe8d04e6d233bd35cf2fabdeb93fb0d,2026-07-10,251,257223374,0.056,,
approach,밈멈믐밈,757170506cc40e28b1415d1cd8fce3e9efe8d04e6d233bd35cf2fabdeb93fb0d,2026-07-11,251,257223374,0.056,,
approach,밈멈믐밈,757170506cc40e28b1415d1cd8fce3e9efe8d04e6d233bd35cf2fabdeb93fb0d,2026-07-12,251,257223374,0.056,1467819,
approach,이쁜꽃을,7264adbfb8f1f10d217b9cdea0036dd7efe8d04e6d233bd35cf2fabdeb93fb0d,2026-06-18,251,276718428,0.144,0,
approach,이쁜꽃을,7264adbfb8f1f10d217b9cdea0036dd7efe8d04e6d233bd35cf2fabdeb93fb0d,2026-06-19,251,276718428,0.144,,
approach,이쁜꽃을,7264adbfb8f1f10d217b9cdea0036dd7efe8d04e6d233bd35cf2fabdeb93fb0d,2026-06-20,251,276718428,0.144,,
approach,이쁜꽃을,7264adbfb8f1f10d217b9cdea0036dd7efe8d04e6d233bd35cf2fabdeb93fb0d,2026-06-21,251,276718428,0.144,,
approach,이쁜꽃을,7264adbfb8f1f10d217b9cdea0036dd7efe8d04e6d233bd35cf2fabdeb93fb0d,2026-06-22,251,276718428,0.144,,
approach,이쁜꽃을,7264adbfb8f1f10d217b9cdea0036dd7efe8d04e6d233bd35cf2fabdeb93fb0d,2026-06-23,251,276718428,0.144,,
approach,이쁜꽃을,7264adbfb8f1f10d217b9cdea0036dd7efe8d04e6d233bd35cf2fabdeb93fb0d,2026-06-24,251,276718428,0.144,,
approach,이쁜꽃을,7264adbfb8f1f10d217b9cdea0036dd7efe8d04e6d233bd35cf2fabdeb93fb0d,2026-06-25,251,276718428,0.144,,
approach,이쁜꽃을,7264adbfb8f1f10d217b9cdea0036dd7efe8d04e6d233bd35cf2fabdeb93fb0d,2026-06-26,251,276718428,0.144,0,
approach,이쁜꽃을,7264adbfb8f1f10d217b9cdea0036dd7efe8d04e6d233bd35cf2fabdeb93fb0d,2026-06-27,251,276718428,0.144,,
approach,이쁜꽃을,7264adbfb8f1f10d217b9cdea0036dd7efe8d04e6d233bd35cf2fabdeb93fb0d,2026-06-28,251,276718428,0.144,,
approach,이쁜꽃을,7264adbfb8f1f10d217b9cdea0036dd7efe8d04e6d233bd35cf2fabdeb93fb0d,2026-06-29,251,276718428,0.144,,
approach,이쁜꽃을,7264adbfb8f1f10d217b9cdea0036dd7efe8d04e6d233bd35cf2fabdeb93fb0d,2026-06-30,251,276718428,0.144,,
approach,이쁜꽃을,7264adbfb8f1f10d217b9cdea0036dd7efe8d04e6d233bd35cf2fabdeb93fb0d,2026-07-01,251,276718428,0.144,,
approach,이쁜꽃을,7264adbfb8f1f10d217b9cdea0036dd7efe8d04e6d233bd35cf2fabdeb93fb0d,2026-07-02,251,276718428,0.144,,
approach,이쁜꽃을,7264adbfb8f1f10d217b9cdea0036dd7efe8d04e6d233bd35cf2fabdeb93fb0d,2026-07-03,251,276718428,0.144,,
approach,이쁜꽃을,7264adbfb8f1f10d217b9cdea0036dd7efe8d04e6d233bd35cf2fabdeb93fb0d,2026-07-04,251,276718428,0.144,0,
approach,이쁜꽃을,7264adbfb8f1f10d217b9cdea0036dd7efe8d04e6d233bd35cf2fabdeb93fb0d,2026-07-05,251,276718428,0.144,,
approach,이쁜꽃을,7264adbfb8f1f10d217b9cdea0036dd7efe8d04e6d233bd35cf2fabdeb93fb0d,2026-07-06,251,276718428,0.144,,
approach,이쁜꽃을,7264adbfb8f1f10d217b9cdea0036dd7efe8d04e6d233bd35cf2fabdeb93fb0d,2026-07-07,251,276718428,0.144,,
approach,이쁜꽃을,7264adbfb8f1f10d217b9cdea0036dd7efe8d04e6d233bd35cf2fabdeb93fb0d,2026-07-08,251,276718428,0.144,,
approach,이쁜꽃을,7264adbfb8f1f10d217b9cdea0036dd7efe8d04e6d233bd35cf2fabdeb93fb0d,2026-07-09,251,276718428,0.144,,
approach,이쁜꽃을,7264adbfb8f1f10d217b9cdea0036dd7efe8d04e6d233bd35cf2fabdeb93fb0d,2026-07-10,251,276718428,0.144,,
approach,이쁜꽃을,7264adbfb8f1f10d217b9cdea0036dd7efe8d04e6d233bd35cf2fabdeb93fb0d,2026-07-11,251,276718428,0.144,,
approach,이쁜꽃을,7264adbfb8f1f10d217b9cdea0036dd7efe8d04e6d233bd35cf2fabdeb93fb0d,2026-07-12,251,276718428,0.144,0,
approach,멍꿀메르메르,dee8cb06a0945f1afc27d385b2a4e3c5,2026-06-18,251,308470545,0.068,3613044,
approach,멍꿀메르메르,dee8cb06a0945f1afc27d385b2a4e3c5,2026-06-19,251,308470545,0.068,,
approach,멍꿀메르메르,dee8cb06a0945f1afc27d385b2a4e3c5,2026-06-20,251,308470545,0.068,,
approach,멍꿀메르메르,dee8cb06a0945f1afc27d385b2a4e3c5,2026-06-21,251,308470545,0.068,,
approach,멍꿀메르메르,dee8cb06a0945f1afc27d385b2a4e3c5,2026-06-22,251,308470545,0.068,,
approach,멍꿀메르메르,dee8cb06a0945f1afc27d385b2a4e3c5,2026-06-23,251,308470545,0.068,,
approach,멍꿀메르메르,dee8cb06a0945f1afc27d385b2a4e3c5,2026-06-24,251,308470545,0.068,,
approach,멍꿀메르메르,dee8cb06a0945f1afc27d385b2a4e3c5,2026-06-25,251,308470545,0.068,,
approach,멍꿀메르메르,dee8cb06a0945f1afc27d385b2a4e3c5,2026-06-26,251,308470545,0.068,3613044,
approach,멍꿀메르메르,dee8cb06a0945f1afc27d385b2a4e3c5,2026-06-27,251,308470545,0.068,,
approach,멍꿀메르메르,dee8cb06a0945f1afc27d385b2a4e3c5,2026-06-28,251,308470545,0.068,,
approach,멍꿀메르메르,dee8cb06a0945f1afc27d385b2a4e3c5,2026-06-29,251,308470545,0.068,,
approach,멍꿀메르메르,dee8cb06a0945f1afc27d385b2a4e3c5,2026-06-30,251,308470545,0.068,,
approach,멍꿀메르메르,dee8cb06a0945f1afc27d385b2a4e3c5,2026-07-01,251,308470545,0.068,,
approach,멍꿀메르메르,dee8cb06a0945f1afc27d385b2a4e3c5,2026-07-02,251,308470545,0.068,,
approach,멍꿀메르메르,dee8cb06a0945f1afc27d385b2a4e3c5,2026-07-03,251,308470545,0.068,,
approach,멍꿀메르메르,dee8cb06a0945f1afc27d385b2a4e3c5,2026-07-04,251,308470545,0.068,3613044,
approach,멍꿀메르메르,dee8cb06a0945f1afc27d385b2a4e3c5,2026-07-05,251,308470545,0.068,,
approach,멍꿀메르메르,dee8cb06a0945f1afc27d385b2a4e3c5,2026-07-06,251,308470545,0.068,,
approach,멍꿀메르메르,dee8cb06a0945f1afc27d385b2a4e3c5,2026-07-07,251,308470545,0.068,,
approach,멍꿀메르메르,dee8cb06a0945f1afc27d385b2a4e3c5,2026-07-08,251,308470545,0.068,,
approach,멍꿀메르메르,dee8cb06a0945f1afc27d385b2a4e3c5,2026-07-09,251,308470545,0.068,,
approach,멍꿀메르메르,dee8cb06a0945f1afc27d385b2a4e3c5,2026-07-10,251,308470545,0.068,,
approach,멍꿀메르메르,dee8cb06a0945f1afc27d385b2a4e3c5,2026-07-11,251,308470545,0.068,,
approach,멍꿀메르메르,dee8cb06a0945f1afc27d385b2a4e3c5,2026-07-12,251,308470545,0.068,3613044,
approach,톼눕,1cb364cf31b3de7cb84ed9ad4b170994efe8d04e6d233bd35cf2fabdeb93fb0d,2026-06-18,251,229526517,0.119,55617,
approach,톼눕,1cb364cf31b3de7cb84ed9ad4b170994efe8d04e6d233bd35cf2fabdeb93fb0d,2026-06-19,251,229526517,0.119,,
approach,톼눕,1cb364cf31b3de7cb84ed9ad4b170994efe8d04e6d233bd35cf2fabdeb93fb0d,2026-06-20,251,229526517,0.119,,
approach,톼눕,1cb364cf31b3de7cb84ed9ad4b170994efe8d04e6d233bd35cf2fabdeb93fb0d,2026-06-21,251,229526517,0.119,,
approach,톼눕,1cb364cf31b3de7cb84ed9ad4b170994efe8d04e6d233bd35cf2fabdeb93fb0d,2026-06-22,251,229526517,0.119,,
approach,톼눕,1cb364cf31b3de7cb84ed9ad4b170994efe8d04e6d233bd35cf2fabdeb93fb0d,2026-06-23,251,229526517,0.119,,
approach,톼눕,1cb364cf31b3de7cb84ed9ad4b170994efe8d04e6d233bd35cf2fabdeb93fb0d,2026-06-24,251,229526517,0.119,,
approach,톼눕,1cb364cf31b3de7cb84ed9ad4b170994efe8d04e6d233bd35cf2fabdeb93fb0d,2026-06-25,251,229526517,0.119,,
approach,톼눕,1cb364cf31b3de7cb84ed9ad4b170994efe8d04e6d233bd35cf2fabdeb93fb0d,2026-06-26,251,229526517,0.119,55617,
approach,톼눕,1cb364cf31b3de7cb84ed9ad4b170994efe8d04e6d233bd35cf2fabdeb93fb0d,2026-06-27,251,229526517,0.119,,
approach,톼눕,1cb364cf31b3de7cb84ed9ad4b170994efe8d04e6d233bd35cf2fabdeb93fb0d,2026-06-28,251,229526517,0.119,,
approach,톼눕,1cb364cf31b3de7cb84ed9ad4b170994efe8d04e6d233bd35cf2fabdeb93fb0d,2026-06-29,251,229526517,0.119,,
approach,톼눕,1cb364cf31b3de7cb84ed9ad4b170994efe8d04e6d233bd35cf2fabdeb93fb0d,2026-06-30,251,229526517,0.119,,
approach,톼눕,1cb364cf31b3de7cb84ed9ad4b170994efe8d04e6d233bd35cf2fabdeb93fb0d,2026-07-01,251,229526517,0.119,,
approach,톼눕,1cb364cf31b3de7cb84ed9ad4b170994efe8d04e6d233bd35cf2fabdeb93fb0d,2026-07-02,251,229526517,0.119,,
approach,톼눕,1cb364cf31b3de7cb84ed9ad4b170994efe8d04e6d233bd35cf2fabdeb93fb0d,2026-07-03,251,229526517,0.119,,
approach,톼눕,1cb364cf31b3de7cb84ed9ad4b170994efe8d04e6d233bd35cf2fabdeb93fb0d,2026-07-04,251,229526517,0.119,55617,
approach,톼눕,1cb364cf31b3de7cb84ed9ad4b170994efe8d04e6d233bd35cf2fabdeb93fb0d,2026-07-05,251,229526517,0.119,,
approach,톼눕,1cb364cf31b3de7cb84ed9ad4b170994efe8d04e6d233bd35cf2fabdeb93fb0d,2026-07-06,251,229526517,0.119,,
approach,톼눕,1cb364cf31b3de7cb84ed9ad4b170994efe8d04e6d233bd35cf2fabdeb93fb0d,2026-07-07,251,229526517,0.119,,
approach,톼눕,1cb364cf31b3de7cb84ed9ad4b170994efe8d04e6d233bd35cf2fabdeb93fb0d,2026-07-08,251,229526517,0.119,,
approach,톼눕,1cb364cf31b3de7cb84ed9ad4b170994efe8d04e6d233bd35cf2fabdeb93fb0d,2026-07-09,251,229526517,0.119,,
approach,톼눕,1cb364cf31b3de7cb84ed9ad4b170994efe8d04e6d233bd35cf2fabdeb93fb0d,2026-07-10,251,229526517,0.119,,
approach,톼눕,1cb364cf31b3de7cb84ed9ad4b170994efe8d04e6d233bd35cf2fabdeb93fb0d,2026-07-11,251,229526517,0.119,,
approach,톼눕,1cb364cf31b3de7cb84ed9ad4b170994efe8d04e6d233bd35cf2fabdeb93fb0d,2026-07-12,251,229526517,0.119,55617,
approach,루미네오너,b780eb244f1558b504e3c3d714c9d696efe8d04e6d233bd35cf2fabdeb93fb0d,2026-06-18,251,232070963,0.121,1463259,
approach,루미네오너,b780eb244f1558b504e3c3d714c9d696efe8d04e6d233bd35cf2fabdeb93fb0d,2026-06-19,251,232070963,0.121,,
approach,루미네오너,b780eb244f1558b504e3c3d714c9d696efe8d04e6d233bd35cf2fabdeb93fb0d,2026-06-20,251,232070963,0.121,,
approach,루미네오너,b780eb244f1558b504e3c3d714c9d696efe8d04e6d233bd35cf2fabdeb93fb0d,2026-06-21,251,232070963,0.121,,
approach,루미네오너,b780eb244f1558b504e3c3d714c9d696efe8d04e6d233bd35cf2fabdeb93fb0d,2026-06-22,251,232070963,0.121,,
approach,루미네오너,b780eb244f1558b504e3c3d714c9d696efe8d04e6d233bd35cf2fabdeb93fb0d,2026-06-23,251,232070963,0.121,,
approach,루미네오너,b780eb244f1558b504e3c3d714c9d696efe8d04e6d233bd35cf2fabdeb93fb0d,2026-06-24,251,232070963,0.121,,
approach,루미네오너,b780eb244f1558b504e3c3d714c9d696efe8d04e6d233bd35cf2fabdeb93fb0d,2026-06-25,251,232070963,0.121,,
approach,루미네오너,b780eb244f1558b504e3c3d714c9d696efe8d04e6d233bd35cf2fabdeb93fb0d,2026-06-26,251,232070963,0.121,1463259,
approach,루미네오너,b780eb244f1558b504e3c3d714c9d696efe8d04e6d233bd35cf2fabdeb93fb0d,2026-06-27,251,232070963,0.121,,
approach,루미네오너,b780eb244f1558b504e3c3d714c9d696efe8d04e6d233bd35cf2fabdeb93fb0d,2026-06-28,251,232070963,0.121,,
approach,루미네오너,b780eb244f1558b504e3c3d714c9d696efe8d04e6d233bd35cf2fabdeb93fb0d,2026-06-29,251,232070963,0.121,,
approach,루미네오너,b780eb244f1558b504e3c3d714c9d696efe8d04e6d233bd35cf2fabdeb93fb0d,2026-06-30,251,232070963,0.121,,
approach,루미네오너,b780eb244f1558b504e3c3d714c9d696efe8d04e6d233bd35cf2fabdeb93fb0d,2026-07-01,251,232070963,0.121,,
approach,루미네오너,b780eb244f1558b504e3c3d714c9d696efe8d04e6d233bd35cf2fabdeb93fb0d,2026-07-02,251,232070963,0.121,,
approach,루미네오너,b780eb244f1558b504e3c3d714c9d696efe8d04e6d233bd35cf2fabdeb93fb0d,2026-07-03,251,232070963,0.121,,
approach,루미네오너,b780eb244f1558b504e3c3d714c9d696efe8d04e6d233bd35cf2fabdeb93fb0d,2026-07-04,251,232070963,0.121,1463259,
approach,루미네오너,b780eb244f1558b504e3c3d714c9d696efe8d04e6d233bd35cf2fabdeb93fb0d,2026-07-05,251,232070963,0.121,,
approach,루미네오너,b780eb244f1558b504e3c3d714c9d696efe8d04e6d233bd35cf2fabdeb93fb0d,2026-07-06,251,232070963,0.121,,
approach,루미네오너,b780eb244f1558b504e3c3d714c9d696efe8d04e6d233bd35cf2fabdeb93fb0d,2026-07-07,251,232070963,0.121,,
approach,루미네오너,b780eb244f1558b504e3c3d714c9d696efe8d04e6d233bd35cf2fabdeb93fb0d,2026-07-08,251,232070963,0.121,,
approach,루미네오너,b780eb244f1558b504e3c3d714c9d696efe8d04e6d233bd35cf2fabdeb93fb0d,2026-07-09,251,232070963,0.121,,
approach,루미네오너,b780eb244f1558b504e3c3d714c9d696efe8d04e6d233bd35cf2fabdeb93fb0d,2026-07-10,251,232070963,0.121,,
approach,루미네오너,b780eb244f1558b504e3c3d714c9d696efe8d04e6d233bd35cf2fabdeb93fb0d,2026-07-11,251,232070963,0.121,,
approach,루미네오너,b780eb244f1558b504e3c3d714c9d696efe8d04e6d233bd35cf2fabdeb93fb0d,2026-07-12,251,232070963,0.121,1463259,
approach,앰히얍,9b3d848121384234f00838b74ca8c47b,2026-06-18,251,313834981,0.163,93909,
approach,앰히얍,9b3d848121384234f00838b74ca8c47b,2026-06-19,251,313834981,0.163,,
approach,앰히얍,9b3d848121384234f00838b74ca8c47b,2026-06-20,251,313834981,0.163,,
approach,앰히얍,9b3d848121384234f00838b74ca8c47b,2026-06-21,251,313834981,0.163,,
approach,앰히얍,9b3d848121384234f00838b74ca8c47b,2026-06-22,251,313834981,0.163,,
approach,앰히얍,9b3d848121384234f00838b74ca8c47b,2026-06-23,251,313834981,0.163,,
approach,앰히얍,9b3d848121384234f00838b74ca8c47b,2026-06-24,251,313834981,0.163,,
approach,앰히얍,9b3d848121384234f00838b74ca8c47b,2026-06-25,251,313834981,0.163,,
approach,앰히얍,9b3d848121384234f00838b74ca8c47b,2026-06-26,251,313834981,0.163,93909,
approach,앰히얍,9b3d848121384234f00838b74ca8c47b,2026-06-27,251,313834981,0.163,,
approach,앰히얍,9b3d848121384234f00838b74ca8c47b,2026-06-28,251,313834981,0.163,,
approach,앰히얍,9b3d848121384234f00838b74ca8c47b,2026-06-29,251,313834981,0.163,,
approach,앰히얍,9b3d848121384234f00838b74ca8c47b,2026-06-30,251,313834981,0.163,,
approach,앰히얍,9b3d848121384234f00838b74ca8c47b,2026-07-01,251,313834981,0.163,,
approach,앰히얍,9b3d848121384234f00838b74ca8c47b,2026-07-02,251,313834981,0.163,,
approach,앰히얍,9b3d848121384234f00838b74ca8c47b,2026-07-03,251,313834981,0.163,,
approach,앰히얍,9b3d848121384234f00838b74ca8c47b,2026-07-04,251,313834981,0.163,93909,
approach,앰히얍,9b3d848121384234f00838b74ca8c47b,2026-07-05,251,313834981,0.163,,
approach,앰히얍,9b3d848121384234f00838b74ca8c47b,2026-07-06,251,313834981,0.163,,
approach,앰히얍,9b3d848121384234f00838b74ca8c47b,2026-07-07,251,313834981,0.163,,
approach,앰히얍,9b3d848121384234f00838b74ca8c47b,2026-07-08,251,313834981,0.163,,
approach,앰히얍,9b3d848121384234f00838b74ca8c47b,2026-07-09,251,313834981,0.163,,
approach,앰히얍,9b3d848121384234f00838b74ca8c47b,2026-07-10,251,313834981,0.163,,
approach,앰히얍,9b3d848121384234f00838b74ca8c47b,2026-07-11,251,313834981,0.163,,
approach,앰히얍,9b3d848121384234f00838b74ca8c47b,2026-07-12,251,313834981,0.163,93909,
approach,250뚝딱발사,,2026-06-18,,,,,ocid_failed
approach,250뚝딱발사,,2026-06-19,,,,,ocid_failed
approach,250뚝딱발사,,2026-06-20,,,,,ocid_failed
approach,250뚝딱발사,,2026-06-21,,,,,ocid_failed
approach,250뚝딱발사,,2026-06-22,,,,,ocid_failed
approach,250뚝딱발사,,2026-06-23,,,,,ocid_failed
approach,250뚝딱발사,,2026-06-24,,,,,ocid_failed
approach,250뚝딱발사,,2026-06-25,,,,,ocid_failed
approach,250뚝딱발사,,2026-06-26,,,,,ocid_failed
approach,250뚝딱발사,,2026-06-27,,,,,ocid_failed
approach,250뚝딱발사,,2026-06-28,,,,,ocid_failed
approach,250뚝딱발사,,2026-06-29,,,,,ocid_failed
approach,250뚝딱발사,,2026-06-30,,,,,ocid_failed
approach,250뚝딱발사,,2026-07-01,,,,,ocid_failed
approach,250뚝딱발사,,2026-07-02,,,,,ocid_failed
approach,250뚝딱발사,,2026-07-03,,,,,ocid_failed
approach,250뚝딱발사,,2026-07-04,,,,,ocid_failed
approach,250뚝딱발사,,2026-07-05,,,,,ocid_failed
approach,250뚝딱발사,,2026-07-06,,,,,ocid_failed
approach,250뚝딱발사,,2026-07-07,,,,,ocid_failed
approach,250뚝딱발사,,2026-07-08,,,,,ocid_failed
approach,250뚝딱발사,,2026-07-09,,,,,ocid_failed
approach,250뚝딱발사,,2026-07-10,,,,,ocid_failed
approach,250뚝딱발사,,2026-07-11,,,,,ocid_failed
approach,250뚝딱발사,,2026-07-12,,,,,ocid_failed
approach,즈에르으우,33575b01c021bb43d6e9d3d4aad9c73cefe8d04e6d233bd35cf2fabdeb93fb0d,2026-06-18,251,216583707,0.113,191758,
approach,즈에르으우,33575b01c021bb43d6e9d3d4aad9c73cefe8d04e6d233bd35cf2fabdeb93fb0d,2026-06-19,251,216583707,0.113,,
approach,즈에르으우,33575b01c021bb43d6e9d3d4aad9c73cefe8d04e6d233bd35cf2fabdeb93fb0d,2026-06-20,251,216583707,0.113,,
approach,즈에르으우,33575b01c021bb43d6e9d3d4aad9c73cefe8d04e6d233bd35cf2fabdeb93fb0d,2026-06-21,251,216583707,0.113,,
approach,즈에르으우,33575b01c021bb43d6e9d3d4aad9c73cefe8d04e6d233bd35cf2fabdeb93fb0d,2026-06-22,251,216583707,0.113,,
approach,즈에르으우,33575b01c021bb43d6e9d3d4aad9c73cefe8d04e6d233bd35cf2fabdeb93fb0d,2026-06-23,251,216583707,0.113,,
approach,즈에르으우,33575b01c021bb43d6e9d3d4aad9c73cefe8d04e6d233bd35cf2fabdeb93fb0d,2026-06-24,251,216583707,0.113,,
approach,즈에르으우,33575b01c021bb43d6e9d3d4aad9c73cefe8d04e6d233bd35cf2fabdeb93fb0d,2026-06-25,251,216583707,0.113,,
approach,즈에르으우,33575b01c021bb43d6e9d3d4aad9c73cefe8d04e6d233bd35cf2fabdeb93fb0d,2026-06-26,251,216583707,0.113,191758,
approach,즈에르으우,33575b01c021bb43d6e9d3d4aad9c73cefe8d04e6d233bd35cf2fabdeb93fb0d,2026-06-27,251,216583707,0.113,,
approach,즈에르으우,33575b01c021bb43d6e9d3d4aad9c73cefe8d04e6d233bd35cf2fabdeb93fb0d,2026-06-28,251,216583707,0.113,,
approach,즈에르으우,33575b01c021bb43d6e9d3d4aad9c73cefe8d04e6d233bd35cf2fabdeb93fb0d,2026-06-29,251,216583707,0.113,,
approach,즈에르으우,33575b01c021bb43d6e9d3d4aad9c73cefe8d04e6d233bd35cf2fabdeb93fb0d,2026-06-30,251,216583707,0.113,,
approach,즈에르으우,33575b01c021bb43d6e9d3d4aad9c73cefe8d04e6d233bd35cf2fabdeb93fb0d,2026-07-01,251,216583707,0.113,,
approach,즈에르으우,33575b01c021bb43d6e9d3d4aad9c73cefe8d04e6d233bd35cf2fabdeb93fb0d,2026-07-02,251,216583707,0.113,,
approach,즈에르으우,33575b01c021bb43d6e9d3d4aad9c73cefe8d04e6d233bd35cf2fabdeb93fb0d,2026-07-03,251,216583707,0.113,,
approach,즈에르으우,33575b01c021bb43d6e9d3d4aad9c73cefe8d04e6d233bd35cf2fabdeb93fb0d,2026-07-04,251,216583707,0.113,191758,
approach,즈에르으우,33575b01c021bb43d6e9d3d4aad9c73cefe8d04e6d233bd35cf2fabdeb93fb0d,2026-07-05,251,216583707,0.113,,
approach,즈에르으우,33575b01c021bb43d6e9d3d4aad9c73cefe8d04e6d233bd35cf2fabdeb93fb0d,2026-07-06,251,216583707,0.113,,
approach,즈에르으우,33575b01c021bb43d6e9d3d4aad9c73cefe8d04e6d233bd35cf2fabdeb93fb0d,2026-07-07,251,216583707,0.113,,
approach,즈에르으우,33575b01c021bb43d6e9d3d4aad9c73cefe8d04e6d233bd35cf2fabdeb93fb0d,2026-07-08,251,216583707,0.113,,
approach,즈에르으우,33575b01c021bb43d6e9d3d4aad9c73cefe8d04e6d233bd35cf2fabdeb93fb0d,2026-07-09,251,216583707,0.113,,
approach,즈에르으우,33575b01c021bb43d6e9d3d4aad9c73cefe8d04e6d233bd35cf2fabdeb93fb0d,2026-07-10,251,216583707,0.113,,
approach,즈에르으우,33575b01c021bb43d6e9d3d4aad9c73cefe8d04e6d233bd35cf2fabdeb93fb0d,2026-07-11,251,216583707,0.113,,
approach,즈에르으우,33575b01c021bb43d6e9d3d4aad9c73cefe8d04e6d233bd35cf2fabdeb93fb0d,2026-07-12,251,216583707,0.113,191758,
approach,버프지속크림,c08400f5b60f6d19d77efda833772741,2026-06-18,251,212906955,0.047,910768,
approach,버프지속크림,c08400f5b60f6d19d77efda833772741,2026-06-19,251,212906955,0.047,,
approach,버프지속크림,c08400f5b60f6d19d77efda833772741,2026-06-20,251,212906955,0.047,,
approach,버프지속크림,c08400f5b60f6d19d77efda833772741,2026-06-21,251,212906955,0.047,,
approach,버프지속크림,c08400f5b60f6d19d77efda833772741,2026-06-22,251,212906955,0.047,,
approach,버프지속크림,c08400f5b60f6d19d77efda833772741,2026-06-23,251,212906955,0.047,,
approach,버프지속크림,c08400f5b60f6d19d77efda833772741,2026-06-24,251,212906955,0.047,,
approach,버프지속크림,c08400f5b60f6d19d77efda833772741,2026-06-25,251,212906955,0.047,,
approach,버프지속크림,c08400f5b60f6d19d77efda833772741,2026-06-26,251,212906955,0.047,910768,
approach,버프지속크림,c08400f5b60f6d19d77efda833772741,2026-06-27,251,212906955,0.047,,
approach,버프지속크림,c08400f5b60f6d19d77efda833772741,2026-06-28,251,212906955,0.047,,
approach,버프지속크림,c08400f5b60f6d19d77efda833772741,2026-06-29,251,212906955,0.047,,
approach,버프지속크림,c08400f5b60f6d19d77efda833772741,2026-06-30,251,212906955,0.047,,
approach,버프지속크림,c08400f5b60f6d19d77efda833772741,2026-07-01,251,212906955,0.047,,
approach,버프지속크림,c08400f5b60f6d19d77efda833772741,2026-07-02,251,212906955,0.047,,
approach,버프지속크림,c08400f5b60f6d19d77efda833772741,2026-07-03,251,212906955,0.047,,
approach,버프지속크림,c08400f5b60f6d19d77efda833772741,2026-07-04,251,212906955,0.047,910768,
approach,버프지속크림,c08400f5b60f6d19d77efda833772741,2026-07-05,251,212906955,0.047,,
approach,버프지속크림,c08400f5b60f6d19d77efda833772741,2026-07-06,251,212906955,0.047,,
approach,버프지속크림,c08400f5b60f6d19d77efda833772741,2026-07-07,251,212906955,0.047,,
approach,버프지속크림,c08400f5b60f6d19d77efda833772741,2026-07-08,251,212906955,0.047,,
approach,버프지속크림,c08400f5b60f6d19d77efda833772741,2026-07-09,251,212906955,0.047,,
approach,버프지속크림,c08400f5b60f6d19d77efda833772741,2026-07-10,251,212906955,0.047,,
approach,버프지속크림,c08400f5b60f6d19d77efda833772741,2026-07-11,251,212906955,0.047,,
approach,버프지속크림,c08400f5b60f6d19d77efda833772741,2026-07-12,251,212906955,0.111,923391,
approach,루끼드,633428fc8555a94131b3ca87bb5878caefe8d04e6d233bd35cf2fabdeb93fb0d,2026-06-18,251,283046785,0.147,0,
approach,루끼드,633428fc8555a94131b3ca87bb5878caefe8d04e6d233bd35cf2fabdeb93fb0d,2026-06-19,251,283046785,0.147,,
approach,루끼드,633428fc8555a94131b3ca87bb5878caefe8d04e6d233bd35cf2fabdeb93fb0d,2026-06-20,251,283046785,0.147,,
approach,루끼드,633428fc8555a94131b3ca87bb5878caefe8d04e6d233bd35cf2fabdeb93fb0d,2026-06-21,251,283046785,0.147,,
approach,루끼드,633428fc8555a94131b3ca87bb5878caefe8d04e6d233bd35cf2fabdeb93fb0d,2026-06-22,251,283046785,0.147,,
approach,루끼드,633428fc8555a94131b3ca87bb5878caefe8d04e6d233bd35cf2fabdeb93fb0d,2026-06-23,251,283046785,0.147,,
approach,루끼드,633428fc8555a94131b3ca87bb5878caefe8d04e6d233bd35cf2fabdeb93fb0d,2026-06-24,251,283046785,0.147,,
approach,루끼드,633428fc8555a94131b3ca87bb5878caefe8d04e6d233bd35cf2fabdeb93fb0d,2026-06-25,251,283046785,0.147,,
approach,루끼드,633428fc8555a94131b3ca87bb5878caefe8d04e6d233bd35cf2fabdeb93fb0d,2026-06-26,251,283046785,0.147,0,
approach,루끼드,633428fc8555a94131b3ca87bb5878caefe8d04e6d233bd35cf2fabdeb93fb0d,2026-06-27,251,283046785,0.147,,
approach,루끼드,633428fc8555a94131b3ca87bb5878caefe8d04e6d233bd35cf2fabdeb93fb0d,2026-06-28,251,283046785,0.147,,
approach,루끼드,633428fc8555a94131b3ca87bb5878caefe8d04e6d233bd35cf2fabdeb93fb0d,2026-06-29,251,283046785,0.147,,
approach,루끼드,633428fc8555a94131b3ca87bb5878caefe8d04e6d233bd35cf2fabdeb93fb0d,2026-06-30,251,283046785,0.147,,
approach,루끼드,633428fc8555a94131b3ca87bb5878caefe8d04e6d233bd35cf2fabdeb93fb0d,2026-07-01,251,283046785,0.147,,
approach,루끼드,633428fc8555a94131b3ca87bb5878caefe8d04e6d233bd35cf2fabdeb93fb0d,2026-07-02,251,283046785,0.147,,
approach,루끼드,633428fc8555a94131b3ca87bb5878caefe8d04e6d233bd35cf2fabdeb93fb0d,2026-07-03,251,283046785,0.147,,
approach,루끼드,633428fc8555a94131b3ca87bb5878caefe8d04e6d233bd35cf2fabdeb93fb0d,2026-07-04,251,283046785,0.147,0,
approach,루끼드,633428fc8555a94131b3ca87bb5878caefe8d04e6d233bd35cf2fabdeb93fb0d,2026-07-05,251,283046785,0.147,,
approach,루끼드,633428fc8555a94131b3ca87bb5878caefe8d04e6d233bd35cf2fabdeb93fb0d,2026-07-06,251,283046785,0.147,,
approach,루끼드,633428fc8555a94131b3ca87bb5878caefe8d04e6d233bd35cf2fabdeb93fb0d,2026-07-07,251,283046785,0.147,,
approach,루끼드,633428fc8555a94131b3ca87bb5878caefe8d04e6d233bd35cf2fabdeb93fb0d,2026-07-08,251,283046785,0.147,,
approach,루끼드,633428fc8555a94131b3ca87bb5878caefe8d04e6d233bd35cf2fabdeb93fb0d,2026-07-09,251,283046785,0.147,,
approach,루끼드,633428fc8555a94131b3ca87bb5878caefe8d04e6d233bd35cf2fabdeb93fb0d,2026-07-10,251,283046785,0.147,,
approach,루끼드,633428fc8555a94131b3ca87bb5878caefe8d04e6d233bd35cf2fabdeb93fb0d,2026-07-11,251,283046785,0.147,,
approach,루끼드,633428fc8555a94131b3ca87bb5878caefe8d04e6d233bd35cf2fabdeb93fb0d,2026-07-12,251,283046785,0.147,0,
approach,인파쿠키,84ee22ae1e81a51fa5eeafe6b288d1de,2026-06-18,251,306736280,0.160,1809993,
approach,인파쿠키,84ee22ae1e81a51fa5eeafe6b288d1de,2026-06-19,251,306736280,0.160,,
approach,인파쿠키,84ee22ae1e81a51fa5eeafe6b288d1de,2026-06-20,251,306736280,0.160,,
approach,인파쿠키,84ee22ae1e81a51fa5eeafe6b288d1de,2026-06-21,251,306736280,0.160,,
approach,인파쿠키,84ee22ae1e81a51fa5eeafe6b288d1de,2026-06-22,251,306736280,0.160,,
approach,인파쿠키,84ee22ae1e81a51fa5eeafe6b288d1de,2026-06-23,251,306736280,0.160,,
approach,인파쿠키,84ee22ae1e81a51fa5eeafe6b288d1de,2026-06-24,251,306736280,0.160,,
approach,인파쿠키,84ee22ae1e81a51fa5eeafe6b288d1de,2026-06-25,251,306736280,0.160,,
approach,인파쿠키,84ee22ae1e81a51fa5eeafe6b288d1de,2026-06-26,251,306736280,0.160,1809993,
approach,인파쿠키,84ee22ae1e81a51fa5eeafe6b288d1de,2026-06-27,251,306736280,0.160,,
approach,인파쿠키,84ee22ae1e81a51fa5eeafe6b288d1de,2026-06-28,251,306736280,0.160,,
approach,인파쿠키,84ee22ae1e81a51fa5eeafe6b288d1de,2026-06-29,251,306736280,0.160,,
approach,인파쿠키,84ee22ae1e81a51fa5eeafe6b288d1de,2026-06-30,251,306736280,0.160,,
approach,인파쿠키,84ee22ae1e81a51fa5eeafe6b288d1de,2026-07-01,251,306736280,0.160,,
approach,인파쿠키,84ee22ae1e81a51fa5eeafe6b288d1de,2026-07-02,251,306736280,0.160,,
approach,인파쿠키,84ee22ae1e81a51fa5eeafe6b288d1de,2026-07-03,251,306736280,0.160,,
approach,인파쿠키,84ee22ae1e81a51fa5eeafe6b288d1de,2026-07-04,251,306736280,0.160,1809993,
approach,인파쿠키,84ee22ae1e81a51fa5eeafe6b288d1de,2026-07-05,251,306736280,0.160,,
approach,인파쿠키,84ee22ae1e81a51fa5eeafe6b288d1de,2026-07-06,251,306736280,0.160,,
approach,인파쿠키,84ee22ae1e81a51fa5eeafe6b288d1de,2026-07-07,251,306736280,0.160,,
approach,인파쿠키,84ee22ae1e81a51fa5eeafe6b288d1de,2026-07-08,251,306736280,0.160,,
approach,인파쿠키,84ee22ae1e81a51fa5eeafe6b288d1de,2026-07-09,251,306736280,0.160,,
approach,인파쿠키,84ee22ae1e81a51fa5eeafe6b288d1de,2026-07-10,251,306736280,0.160,,
approach,인파쿠키,84ee22ae1e81a51fa5eeafe6b288d1de,2026-07-11,251,306736280,0.160,,
approach,인파쿠키,84ee22ae1e81a51fa5eeafe6b288d1de,2026-07-12,251,306736280,0.160,1809993,
approach,바인드붕이,0626122e5d404a3cf3edd66e46572c9d,2026-06-18,251,238960314,0.124,119099,
approach,바인드붕이,0626122e5d404a3cf3edd66e46572c9d,2026-06-19,251,238960314,0.124,,
approach,바인드붕이,0626122e5d404a3cf3edd66e46572c9d,2026-06-20,251,238960314,0.124,,
approach,바인드붕이,0626122e5d404a3cf3edd66e46572c9d,2026-06-21,251,238960314,0.124,,
approach,바인드붕이,0626122e5d404a3cf3edd66e46572c9d,2026-06-22,251,238960314,0.124,,
approach,바인드붕이,0626122e5d404a3cf3edd66e46572c9d,2026-06-23,251,238960314,0.124,,
approach,바인드붕이,0626122e5d404a3cf3edd66e46572c9d,2026-06-24,251,238960314,0.124,,
approach,바인드붕이,0626122e5d404a3cf3edd66e46572c9d,2026-06-25,251,238960314,0.124,,
approach,바인드붕이,0626122e5d404a3cf3edd66e46572c9d,2026-06-26,251,238960314,0.124,119099,
approach,바인드붕이,0626122e5d404a3cf3edd66e46572c9d,2026-06-27,251,238960314,0.124,,
approach,바인드붕이,0626122e5d404a3cf3edd66e46572c9d,2026-06-28,251,238960314,0.124,,
approach,바인드붕이,0626122e5d404a3cf3edd66e46572c9d,2026-06-29,251,238960314,0.124,,
approach,바인드붕이,0626122e5d404a3cf3edd66e46572c9d,2026-06-30,251,238960314,0.124,,
approach,바인드붕이,0626122e5d404a3cf3edd66e46572c9d,2026-07-01,251,238960314,0.124,,
approach,바인드붕이,0626122e5d404a3cf3edd66e46572c9d,2026-07-02,251,238960314,0.124,,
approach,바인드붕이,0626122e5d404a3cf3edd66e46572c9d,2026-07-03,251,238960314,0.124,,
approach,바인드붕이,0626122e5d404a3cf3edd66e46572c9d,2026-07-04,251,238960314,0.124,119099,
approach,바인드붕이,0626122e5d404a3cf3edd66e46572c9d,2026-07-05,251,238960314,0.124,,
approach,바인드붕이,0626122e5d404a3cf3edd66e46572c9d,2026-07-06,251,238960314,0.124,,
approach,바인드붕이,0626122e5d404a3cf3edd66e46572c9d,2026-07-07,251,238960314,0.124,,
approach,바인드붕이,0626122e5d404a3cf3edd66e46572c9d,2026-07-08,251,238960314,0.124,,
approach,바인드붕이,0626122e5d404a3cf3edd66e46572c9d,2026-07-09,251,238960314,0.124,,
approach,바인드붕이,0626122e5d404a3cf3edd66e46572c9d,2026-07-10,251,238960314,0.124,,
approach,바인드붕이,0626122e5d404a3cf3edd66e46572c9d,2026-07-11,251,238960314,0.124,,
approach,바인드붕이,0626122e5d404a3cf3edd66e46572c9d,2026-07-12,251,238960314,0.124,119099,
approach,난초낀은1월,bb1abc7a74563e119f38d0769b913e0d,2026-06-18,251,254763165,0.056,1107964,
approach,난초낀은1월,bb1abc7a74563e119f38d0769b913e0d,2026-06-19,251,254763165,0.056,,
approach,난초낀은1월,bb1abc7a74563e119f38d0769b913e0d,2026-06-20,251,254763165,0.056,,
approach,난초낀은1월,bb1abc7a74563e119f38d0769b913e0d,2026-06-21,251,254763165,0.056,,
approach,난초낀은1월,bb1abc7a74563e119f38d0769b913e0d,2026-06-22,251,254763165,0.056,,
approach,난초낀은1월,bb1abc7a74563e119f38d0769b913e0d,2026-06-23,251,254763165,0.056,,
approach,난초낀은1월,bb1abc7a74563e119f38d0769b913e0d,2026-06-24,251,254763165,0.056,,
approach,난초낀은1월,bb1abc7a74563e119f38d0769b913e0d,2026-06-25,251,254763165,0.056,,
approach,난초낀은1월,bb1abc7a74563e119f38d0769b913e0d,2026-06-26,251,254763165,0.056,1107964,
approach,난초낀은1월,bb1abc7a74563e119f38d0769b913e0d,2026-06-27,251,254763165,0.056,,
approach,난초낀은1월,bb1abc7a74563e119f38d0769b913e0d,2026-06-28,251,254763165,0.056,,
approach,난초낀은1월,bb1abc7a74563e119f38d0769b913e0d,2026-06-29,251,254763165,0.056,,
approach,난초낀은1월,bb1abc7a74563e119f38d0769b913e0d,2026-06-30,251,254763165,0.056,,
approach,난초낀은1월,bb1abc7a74563e119f38d0769b913e0d,2026-07-01,251,254763165,0.056,,
approach,난초낀은1월,bb1abc7a74563e119f38d0769b913e0d,2026-07-02,251,254763165,0.056,,
approach,난초낀은1월,bb1abc7a74563e119f38d0769b913e0d,2026-07-03,251,254763165,0.056,,
approach,난초낀은1월,bb1abc7a74563e119f38d0769b913e0d,2026-07-04,251,254763165,0.056,1107964,
approach,난초낀은1월,bb1abc7a74563e119f38d0769b913e0d,2026-07-05,251,254763165,0.056,,
approach,난초낀은1월,bb1abc7a74563e119f38d0769b913e0d,2026-07-06,251,254763165,0.056,,
approach,난초낀은1월,bb1abc7a74563e119f38d0769b913e0d,2026-07-07,251,254763165,0.056,,
approach,난초낀은1월,bb1abc7a74563e119f38d0769b913e0d,2026-07-08,251,254763165,0.056,,
approach,난초낀은1월,bb1abc7a74563e119f38d0769b913e0d,2026-07-09,251,254763165,0.056,,
approach,난초낀은1월,bb1abc7a74563e119f38d0769b913e0d,2026-07-10,251,254763165,0.056,,
approach,난초낀은1월,bb1abc7a74563e119f38d0769b913e0d,2026-07-11,251,254763165,0.056,,
approach,난초낀은1월,bb1abc7a74563e119f38d0769b913e0d,2026-07-12,251,254763165,0.056,1107964,
approach,유니렌이다,5e5edaf83103f06a1e75a82e07de3447,2026-06-18,251,279000465,0.145,52201,
approach,유니렌이다,5e5edaf83103f06a1e75a82e07de3447,2026-06-19,251,279000465,0.145,,
approach,유니렌이다,5e5edaf83103f06a1e75a82e07de3447,2026-06-20,251,279000465,0.145,,
approach,유니렌이다,5e5edaf83103f06a1e75a82e07de3447,2026-06-21,251,279000465,0.145,,
approach,유니렌이다,5e5edaf83103f06a1e75a82e07de3447,2026-06-22,251,279000465,0.145,,
approach,유니렌이다,5e5edaf83103f06a1e75a82e07de3447,2026-06-23,251,279000465,0.145,,
approach,유니렌이다,5e5edaf83103f06a1e75a82e07de3447,2026-06-24,251,279000465,0.145,,
approach,유니렌이다,5e5edaf83103f06a1e75a82e07de3447,2026-06-25,251,279000465,0.145,,
approach,유니렌이다,5e5edaf83103f06a1e75a82e07de3447,2026-06-26,251,279000465,0.145,52201,
approach,유니렌이다,5e5edaf83103f06a1e75a82e07de3447,2026-06-27,251,279000465,0.145,,
approach,유니렌이다,5e5edaf83103f06a1e75a82e07de3447,2026-06-28,251,279000465,0.145,,
approach,유니렌이다,5e5edaf83103f06a1e75a82e07de3447,2026-06-29,251,279000465,0.145,,
approach,유니렌이다,5e5edaf83103f06a1e75a82e07de3447,2026-06-30,251,279000465,0.145,,
approach,유니렌이다,5e5edaf83103f06a1e75a82e07de3447,2026-07-01,251,279000465,0.145,,
approach,유니렌이다,5e5edaf83103f06a1e75a82e07de3447,2026-07-02,251,279000465,0.145,,
approach,유니렌이다,5e5edaf83103f06a1e75a82e07de3447,2026-07-03,251,279000465,0.145,,
approach,유니렌이다,5e5edaf83103f06a1e75a82e07de3447,2026-07-04,251,279000465,0.145,52201,
approach,유니렌이다,5e5edaf83103f06a1e75a82e07de3447,2026-07-05,251,279000465,0.145,,
approach,유니렌이다,5e5edaf83103f06a1e75a82e07de3447,2026-07-06,251,279000465,0.145,,
approach,유니렌이다,5e5edaf83103f06a1e75a82e07de3447,2026-07-07,251,279000465,0.145,,
approach,유니렌이다,5e5edaf83103f06a1e75a82e07de3447,2026-07-08,251,279000465,0.145,,
approach,유니렌이다,5e5edaf83103f06a1e75a82e07de3447,2026-07-09,251,279000465,0.145,,
approach,유니렌이다,5e5edaf83103f06a1e75a82e07de3447,2026-07-10,251,279000465,0.145,,
approach,유니렌이다,5e5edaf83103f06a1e75a82e07de3447,2026-07-11,251,279000465,0.145,,
approach,유니렌이다,5e5edaf83103f06a1e75a82e07de3447,2026-07-12,251,279000465,0.145,52201,
approach,공카닉버프,9480f51d72a72b8fc2fe8d2606c7c09e,2026-06-18,251,299080002,0.156,75283,
approach,공카닉버프,9480f51d72a72b8fc2fe8d2606c7c09e,2026-06-19,251,299080002,0.156,,
approach,공카닉버프,9480f51d72a72b8fc2fe8d2606c7c09e,2026-06-20,251,299080002,0.156,,
approach,공카닉버프,9480f51d72a72b8fc2fe8d2606c7c09e,2026-06-21,251,299080002,0.156,,
approach,공카닉버프,9480f51d72a72b8fc2fe8d2606c7c09e,2026-06-22,251,299080002,0.156,,
approach,공카닉버프,9480f51d72a72b8fc2fe8d2606c7c09e,2026-06-23,251,299080002,0.156,,
approach,공카닉버프,9480f51d72a72b8fc2fe8d2606c7c09e,2026-06-24,251,299080002,0.156,,
approach,공카닉버프,9480f51d72a72b8fc2fe8d2606c7c09e,2026-06-25,251,299080002,0.156,,
approach,공카닉버프,9480f51d72a72b8fc2fe8d2606c7c09e,2026-06-26,251,299080002,0.156,75283,
approach,공카닉버프,9480f51d72a72b8fc2fe8d2606c7c09e,2026-06-27,251,299080002,0.156,,
approach,공카닉버프,9480f51d72a72b8fc2fe8d2606c7c09e,2026-06-28,251,299080002,0.156,,
approach,공카닉버프,9480f51d72a72b8fc2fe8d2606c7c09e,2026-06-29,251,299080002,0.156,,
approach,공카닉버프,9480f51d72a72b8fc2fe8d2606c7c09e,2026-06-30,251,299080002,0.156,,
approach,공카닉버프,9480f51d72a72b8fc2fe8d2606c7c09e,2026-07-01,251,299080002,0.156,,
approach,공카닉버프,9480f51d72a72b8fc2fe8d2606c7c09e,2026-07-02,251,299080002,0.156,,
approach,공카닉버프,9480f51d72a72b8fc2fe8d2606c7c09e,2026-07-03,251,299080002,0.156,,
approach,공카닉버프,9480f51d72a72b8fc2fe8d2606c7c09e,2026-07-04,251,299080002,0.156,75283,
approach,공카닉버프,9480f51d72a72b8fc2fe8d2606c7c09e,2026-07-05,251,299080002,0.156,,
approach,공카닉버프,9480f51d72a72b8fc2fe8d2606c7c09e,2026-07-06,251,299080002,0.156,,
approach,공카닉버프,9480f51d72a72b8fc2fe8d2606c7c09e,2026-07-07,251,299080002,0.156,,
approach,공카닉버프,9480f51d72a72b8fc2fe8d2606c7c09e,2026-07-08,251,299080002,0.156,,
approach,공카닉버프,9480f51d72a72b8fc2fe8d2606c7c09e,2026-07-09,251,299080002,0.156,,
approach,공카닉버프,9480f51d72a72b8fc2fe8d2606c7c09e,2026-07-10,251,299080002,0.156,,
approach,공카닉버프,9480f51d72a72b8fc2fe8d2606c7c09e,2026-07-11,251,299080002,0.156,,
approach,공카닉버프,9480f51d72a72b8fc2fe8d2606c7c09e,2026-07-12,251,299080002,0.156,75283,
approach,랫관,bd16fcfd306cee235438ed40449347b3efe8d04e6d233bd35cf2fabdeb93fb0d,2026-06-18,251,273587963,0.142,232407,
approach,랫관,bd16fcfd306cee235438ed40449347b3efe8d04e6d233bd35cf2fabdeb93fb0d,2026-06-19,251,273587963,0.142,,
approach,랫관,bd16fcfd306cee235438ed40449347b3efe8d04e6d233bd35cf2fabdeb93fb0d,2026-06-20,251,273587963,0.142,,
approach,랫관,bd16fcfd306cee235438ed40449347b3efe8d04e6d233bd35cf2fabdeb93fb0d,2026-06-21,251,273587963,0.142,,
approach,랫관,bd16fcfd306cee235438ed40449347b3efe8d04e6d233bd35cf2fabdeb93fb0d,2026-06-22,251,273587963,0.142,,
approach,랫관,bd16fcfd306cee235438ed40449347b3efe8d04e6d233bd35cf2fabdeb93fb0d,2026-06-23,251,273587963,0.142,,
approach,랫관,bd16fcfd306cee235438ed40449347b3efe8d04e6d233bd35cf2fabdeb93fb0d,2026-06-24,251,273587963,0.142,,
approach,랫관,bd16fcfd306cee235438ed40449347b3efe8d04e6d233bd35cf2fabdeb93fb0d,2026-06-25,251,273587963,0.142,,
approach,랫관,bd16fcfd306cee235438ed40449347b3efe8d04e6d233bd35cf2fabdeb93fb0d,2026-06-26,251,273587963,0.142,232407,
approach,랫관,bd16fcfd306cee235438ed40449347b3efe8d04e6d233bd35cf2fabdeb93fb0d,2026-06-27,251,273587963,0.142,,
approach,랫관,bd16fcfd306cee235438ed40449347b3efe8d04e6d233bd35cf2fabdeb93fb0d,2026-06-28,251,273587963,0.142,,
approach,랫관,bd16fcfd306cee235438ed40449347b3efe8d04e6d233bd35cf2fabdeb93fb0d,2026-06-29,251,273587963,0.142,,
approach,랫관,bd16fcfd306cee235438ed40449347b3efe8d04e6d233bd35cf2fabdeb93fb0d,2026-06-30,251,273587963,0.142,,
approach,랫관,bd16fcfd306cee235438ed40449347b3efe8d04e6d233bd35cf2fabdeb93fb0d,2026-07-01,251,273587963,0.142,,
approach,랫관,bd16fcfd306cee235438ed40449347b3efe8d04e6d233bd35cf2fabdeb93fb0d,2026-07-02,251,273587963,0.142,,
approach,랫관,bd16fcfd306cee235438ed40449347b3efe8d04e6d233bd35cf2fabdeb93fb0d,2026-07-03,251,273587963,0.142,,
approach,랫관,bd16fcfd306cee235438ed40449347b3efe8d04e6d233bd35cf2fabdeb93fb0d,2026-07-04,251,273587963,0.142,232407,
approach,랫관,bd16fcfd306cee235438ed40449347b3efe8d04e6d233bd35cf2fabdeb93fb0d,2026-07-05,251,273587963,0.142,,
approach,랫관,bd16fcfd306cee235438ed40449347b3efe8d04e6d233bd35cf2fabdeb93fb0d,2026-07-06,251,273587963,0.142,,
approach,랫관,bd16fcfd306cee235438ed40449347b3efe8d04e6d233bd35cf2fabdeb93fb0d,2026-07-07,251,273587963,0.142,,
approach,랫관,bd16fcfd306cee235438ed40449347b3efe8d04e6d233bd35cf2fabdeb93fb0d,2026-07-08,251,273587963,0.142,,
approach,랫관,bd16fcfd306cee235438ed40449347b3efe8d04e6d233bd35cf2fabdeb93fb0d,2026-07-09,251,273587963,0.142,,
approach,랫관,bd16fcfd306cee235438ed40449347b3efe8d04e6d233bd35cf2fabdeb93fb0d,2026-07-10,251,273587963,0.142,,
approach,랫관,bd16fcfd306cee235438ed40449347b3efe8d04e6d233bd35cf2fabdeb93fb0d,2026-07-11,251,273587963,0.142,,
approach,랫관,bd16fcfd306cee235438ed40449347b3efe8d04e6d233bd35cf2fabdeb93fb0d,2026-07-12,251,273587963,0.142,232407,
approach,견쿨녀,17407aa11d3d2468cbaba396d80c3009c47ea5ffea2564f587ca830a8f71acb2,2026-06-18,251,246856217,0.128,0,
approach,견쿨녀,17407aa11d3d2468cbaba396d80c3009c47ea5ffea2564f587ca830a8f71acb2,2026-06-19,251,246856217,0.128,,
approach,견쿨녀,17407aa11d3d2468cbaba396d80c3009c47ea5ffea2564f587ca830a8f71acb2,2026-06-20,251,246856217,0.128,,
approach,견쿨녀,17407aa11d3d2468cbaba396d80c3009c47ea5ffea2564f587ca830a8f71acb2,2026-06-21,251,246856217,0.128,,
approach,견쿨녀,17407aa11d3d2468cbaba396d80c3009c47ea5ffea2564f587ca830a8f71acb2,2026-06-22,251,246856217,0.128,,
approach,견쿨녀,17407aa11d3d2468cbaba396d80c3009c47ea5ffea2564f587ca830a8f71acb2,2026-06-23,251,246856217,0.128,,
approach,견쿨녀,17407aa11d3d2468cbaba396d80c3009c47ea5ffea2564f587ca830a8f71acb2,2026-06-24,251,246856217,0.128,,
approach,견쿨녀,17407aa11d3d2468cbaba396d80c3009c47ea5ffea2564f587ca830a8f71acb2,2026-06-25,251,246856217,0.128,,
approach,견쿨녀,17407aa11d3d2468cbaba396d80c3009c47ea5ffea2564f587ca830a8f71acb2,2026-06-26,251,246856217,0.128,0,
approach,견쿨녀,17407aa11d3d2468cbaba396d80c3009c47ea5ffea2564f587ca830a8f71acb2,2026-06-27,251,246856217,0.128,,
approach,견쿨녀,17407aa11d3d2468cbaba396d80c3009c47ea5ffea2564f587ca830a8f71acb2,2026-06-28,251,246856217,0.128,,
approach,견쿨녀,17407aa11d3d2468cbaba396d80c3009c47ea5ffea2564f587ca830a8f71acb2,2026-06-29,251,246856217,0.128,,
approach,견쿨녀,17407aa11d3d2468cbaba396d80c3009c47ea5ffea2564f587ca830a8f71acb2,2026-06-30,251,246856217,0.128,,
approach,견쿨녀,17407aa11d3d2468cbaba396d80c3009c47ea5ffea2564f587ca830a8f71acb2,2026-07-01,251,246856217,0.128,,
approach,견쿨녀,17407aa11d3d2468cbaba396d80c3009c47ea5ffea2564f587ca830a8f71acb2,2026-07-02,251,246856217,0.128,,
approach,견쿨녀,17407aa11d3d2468cbaba396d80c3009c47ea5ffea2564f587ca830a8f71acb2,2026-07-03,251,246856217,0.128,,
approach,견쿨녀,17407aa11d3d2468cbaba396d80c3009c47ea5ffea2564f587ca830a8f71acb2,2026-07-04,251,246856217,0.128,0,
approach,견쿨녀,17407aa11d3d2468cbaba396d80c3009c47ea5ffea2564f587ca830a8f71acb2,2026-07-05,251,246856217,0.128,,
approach,견쿨녀,17407aa11d3d2468cbaba396d80c3009c47ea5ffea2564f587ca830a8f71acb2,2026-07-06,251,246856217,0.128,,
approach,견쿨녀,17407aa11d3d2468cbaba396d80c3009c47ea5ffea2564f587ca830a8f71acb2,2026-07-07,251,246856217,0.128,,
approach,견쿨녀,17407aa11d3d2468cbaba396d80c3009c47ea5ffea2564f587ca830a8f71acb2,2026-07-08,251,246856217,0.128,,
approach,견쿨녀,17407aa11d3d2468cbaba396d80c3009c47ea5ffea2564f587ca830a8f71acb2,2026-07-09,251,246856217,0.128,,
approach,견쿨녀,17407aa11d3d2468cbaba396d80c3009c47ea5ffea2564f587ca830a8f71acb2,2026-07-10,251,246856217,0.128,,
approach,견쿨녀,17407aa11d3d2468cbaba396d80c3009c47ea5ffea2564f587ca830a8f71acb2,2026-07-11,251,246856217,0.128,,
approach,견쿨녀,17407aa11d3d2468cbaba396d80c3009c47ea5ffea2564f587ca830a8f71acb2,2026-07-12,251,246856217,0.128,0,
approach,압둘알칼리,714d6970c253e43434fa6a58cb635593,2026-06-18,251,219545849,0.114,4794249,
approach,압둘알칼리,714d6970c253e43434fa6a58cb635593,2026-06-19,251,219545849,0.114,,
approach,압둘알칼리,714d6970c253e43434fa6a58cb635593,2026-06-20,251,219545849,0.114,,
approach,압둘알칼리,714d6970c253e43434fa6a58cb635593,2026-06-21,251,219545849,0.114,,
approach,압둘알칼리,714d6970c253e43434fa6a58cb635593,2026-06-22,251,219545849,0.114,,
approach,압둘알칼리,714d6970c253e43434fa6a58cb635593,2026-06-23,251,219545849,0.114,,
approach,압둘알칼리,714d6970c253e43434fa6a58cb635593,2026-06-24,251,219545849,0.114,,
approach,압둘알칼리,714d6970c253e43434fa6a58cb635593,2026-06-25,251,219545849,0.114,,
approach,압둘알칼리,714d6970c253e43434fa6a58cb635593,2026-06-26,251,219545849,0.114,4794249,
approach,압둘알칼리,714d6970c253e43434fa6a58cb635593,2026-06-27,251,219545849,0.114,,
approach,압둘알칼리,714d6970c253e43434fa6a58cb635593,2026-06-28,251,219545849,0.114,,
approach,압둘알칼리,714d6970c253e43434fa6a58cb635593,2026-06-29,251,219545849,0.114,,
approach,압둘알칼리,714d6970c253e43434fa6a58cb635593,2026-06-30,251,219545849,0.114,,
approach,압둘알칼리,714d6970c253e43434fa6a58cb635593,2026-07-01,251,219545849,0.114,,
approach,압둘알칼리,714d6970c253e43434fa6a58cb635593,2026-07-02,251,219545849,0.114,,
approach,압둘알칼리,714d6970c253e43434fa6a58cb635593,2026-07-03,251,219545849,0.114,,
approach,압둘알칼리,714d6970c253e43434fa6a58cb635593,2026-07-04,251,219545849,0.114,4794249,
approach,압둘알칼리,714d6970c253e43434fa6a58cb635593,2026-07-05,251,219545849,0.114,,
approach,압둘알칼리,714d6970c253e43434fa6a58cb635593,2026-07-06,251,219545849,0.114,,
approach,압둘알칼리,714d6970c253e43434fa6a58cb635593,2026-07-07,251,219545849,0.114,,
approach,압둘알칼리,714d6970c253e43434fa6a58cb635593,2026-07-08,251,219545849,0.114,,
approach,압둘알칼리,714d6970c253e43434fa6a58cb635593,2026-07-09,251,219545849,0.114,,
approach,압둘알칼리,714d6970c253e43434fa6a58cb635593,2026-07-10,251,219545849,0.114,,
approach,압둘알칼리,714d6970c253e43434fa6a58cb635593,2026-07-11,251,219545849,0.114,,
approach,압둘알칼리,714d6970c253e43434fa6a58cb635593,2026-07-12,251,219545849,0.114,4794249,
approach,퐁퐁송,672082d84097f105b2c82d87ab68fec4efe8d04e6d233bd35cf2fabdeb93fb0d,2026-06-18,251,229988438,0.120,7393436,
approach,퐁퐁송,672082d84097f105b2c82d87ab68fec4efe8d04e6d233bd35cf2fabdeb93fb0d,2026-06-19,251,229988438,0.120,,
approach,퐁퐁송,672082d84097f105b2c82d87ab68fec4efe8d04e6d233bd35cf2fabdeb93fb0d,2026-06-20,251,229988438,0.120,,
approach,퐁퐁송,672082d84097f105b2c82d87ab68fec4efe8d04e6d233bd35cf2fabdeb93fb0d,2026-06-21,251,229988438,0.120,,
approach,퐁퐁송,672082d84097f105b2c82d87ab68fec4efe8d04e6d233bd35cf2fabdeb93fb0d,2026-06-22,251,229988438,0.120,,
approach,퐁퐁송,672082d84097f105b2c82d87ab68fec4efe8d04e6d233bd35cf2fabdeb93fb0d,2026-06-23,251,229988438,0.120,,
approach,퐁퐁송,672082d84097f105b2c82d87ab68fec4efe8d04e6d233bd35cf2fabdeb93fb0d,2026-06-24,251,229988438,0.120,,
approach,퐁퐁송,672082d84097f105b2c82d87ab68fec4efe8d04e6d233bd35cf2fabdeb93fb0d,2026-06-25,251,229988438,0.120,,
approach,퐁퐁송,672082d84097f105b2c82d87ab68fec4efe8d04e6d233bd35cf2fabdeb93fb0d,2026-06-26,251,229988438,0.120,7393436,
approach,퐁퐁송,672082d84097f105b2c82d87ab68fec4efe8d04e6d233bd35cf2fabdeb93fb0d,2026-06-27,251,229988438,0.120,,
approach,퐁퐁송,672082d84097f105b2c82d87ab68fec4efe8d04e6d233bd35cf2fabdeb93fb0d,2026-06-28,251,229988438,0.120,,
approach,퐁퐁송,672082d84097f105b2c82d87ab68fec4efe8d04e6d233bd35cf2fabdeb93fb0d,2026-06-29,251,229988438,0.120,,
approach,퐁퐁송,672082d84097f105b2c82d87ab68fec4efe8d04e6d233bd35cf2fabdeb93fb0d,2026-06-30,251,229988438,0.120,,
approach,퐁퐁송,672082d84097f105b2c82d87ab68fec4efe8d04e6d233bd35cf2fabdeb93fb0d,2026-07-01,251,229988438,0.120,,
approach,퐁퐁송,672082d84097f105b2c82d87ab68fec4efe8d04e6d233bd35cf2fabdeb93fb0d,2026-07-02,251,229988438,0.120,,
approach,퐁퐁송,672082d84097f105b2c82d87ab68fec4efe8d04e6d233bd35cf2fabdeb93fb0d,2026-07-03,251,229988438,0.120,,
approach,퐁퐁송,672082d84097f105b2c82d87ab68fec4efe8d04e6d233bd35cf2fabdeb93fb0d,2026-07-04,251,229988438,0.120,6907600,
approach,퐁퐁송,672082d84097f105b2c82d87ab68fec4efe8d04e6d233bd35cf2fabdeb93fb0d,2026-07-05,251,229988438,0.120,,
approach,퐁퐁송,672082d84097f105b2c82d87ab68fec4efe8d04e6d233bd35cf2fabdeb93fb0d,2026-07-06,251,229988438,0.120,,
approach,퐁퐁송,672082d84097f105b2c82d87ab68fec4efe8d04e6d233bd35cf2fabdeb93fb0d,2026-07-07,251,229988438,0.120,,
approach,퐁퐁송,672082d84097f105b2c82d87ab68fec4efe8d04e6d233bd35cf2fabdeb93fb0d,2026-07-08,251,229988438,0.120,,
approach,퐁퐁송,672082d84097f105b2c82d87ab68fec4efe8d04e6d233bd35cf2fabdeb93fb0d,2026-07-09,251,229988438,0.120,,
approach,퐁퐁송,672082d84097f105b2c82d87ab68fec4efe8d04e6d233bd35cf2fabdeb93fb0d,2026-07-10,251,229988438,0.120,,
approach,퐁퐁송,672082d84097f105b2c82d87ab68fec4efe8d04e6d233bd35cf2fabdeb93fb0d,2026-07-11,251,229988438,0.120,,
approach,퐁퐁송,672082d84097f105b2c82d87ab68fec4efe8d04e6d233bd35cf2fabdeb93fb0d,2026-07-12,251,229988438,0.120,6907600,
approach,신궁둥이뚜,deac83da3ad038653b044abfa5ff4195,2026-06-18,251,322272740,0.168,252401,
approach,신궁둥이뚜,deac83da3ad038653b044abfa5ff4195,2026-06-19,251,322272740,0.168,,
approach,신궁둥이뚜,deac83da3ad038653b044abfa5ff4195,2026-06-20,251,322272740,0.168,,
approach,신궁둥이뚜,deac83da3ad038653b044abfa5ff4195,2026-06-21,251,322272740,0.168,,
approach,신궁둥이뚜,deac83da3ad038653b044abfa5ff4195,2026-06-22,251,322272740,0.168,,
approach,신궁둥이뚜,deac83da3ad038653b044abfa5ff4195,2026-06-23,251,322272740,0.168,,
approach,신궁둥이뚜,deac83da3ad038653b044abfa5ff4195,2026-06-24,251,322272740,0.168,,
approach,신궁둥이뚜,deac83da3ad038653b044abfa5ff4195,2026-06-25,251,322272740,0.168,,
approach,신궁둥이뚜,deac83da3ad038653b044abfa5ff4195,2026-06-26,251,322272740,0.168,252401,
approach,신궁둥이뚜,deac83da3ad038653b044abfa5ff4195,2026-06-27,251,322272740,0.168,,
approach,신궁둥이뚜,deac83da3ad038653b044abfa5ff4195,2026-06-28,251,322272740,0.168,,
approach,신궁둥이뚜,deac83da3ad038653b044abfa5ff4195,2026-06-29,251,322272740,0.168,,
approach,신궁둥이뚜,deac83da3ad038653b044abfa5ff4195,2026-06-30,251,322272740,0.168,,
approach,신궁둥이뚜,deac83da3ad038653b044abfa5ff4195,2026-07-01,251,322272740,0.168,,
approach,신궁둥이뚜,deac83da3ad038653b044abfa5ff4195,2026-07-02,251,322272740,0.168,,
approach,신궁둥이뚜,deac83da3ad038653b044abfa5ff4195,2026-07-03,251,322272740,0.168,,
approach,신궁둥이뚜,deac83da3ad038653b044abfa5ff4195,2026-07-04,251,322272740,0.168,252401,
approach,신궁둥이뚜,deac83da3ad038653b044abfa5ff4195,2026-07-05,251,322272740,0.168,,
approach,신궁둥이뚜,deac83da3ad038653b044abfa5ff4195,2026-07-06,251,322272740,0.168,,
approach,신궁둥이뚜,deac83da3ad038653b044abfa5ff4195,2026-07-07,251,322272740,0.168,,
approach,신궁둥이뚜,deac83da3ad038653b044abfa5ff4195,2026-07-08,251,322272740,0.168,,
approach,신궁둥이뚜,deac83da3ad038653b044abfa5ff4195,2026-07-09,251,322272740,0.168,,
approach,신궁둥이뚜,deac83da3ad038653b044abfa5ff4195,2026-07-10,251,322272740,0.168,,
approach,신궁둥이뚜,deac83da3ad038653b044abfa5ff4195,2026-07-11,251,322272740,0.168,,
approach,신궁둥이뚜,deac83da3ad038653b044abfa5ff4195,2026-07-12,251,322272740,0.168,252401,
approach,빅꿈나무,1c05fa07beb8a34dd7673ea9ea46a177,2026-06-18,251,303746216,0.158,11553122,
approach,빅꿈나무,1c05fa07beb8a34dd7673ea9ea46a177,2026-06-19,251,303746216,0.158,,
approach,빅꿈나무,1c05fa07beb8a34dd7673ea9ea46a177,2026-06-20,251,303746216,0.158,,
approach,빅꿈나무,1c05fa07beb8a34dd7673ea9ea46a177,2026-06-21,251,303746216,0.158,,
approach,빅꿈나무,1c05fa07beb8a34dd7673ea9ea46a177,2026-06-22,251,303746216,0.158,,
approach,빅꿈나무,1c05fa07beb8a34dd7673ea9ea46a177,2026-06-23,251,303746216,0.158,,
approach,빅꿈나무,1c05fa07beb8a34dd7673ea9ea46a177,2026-06-24,251,303746216,0.158,,
approach,빅꿈나무,1c05fa07beb8a34dd7673ea9ea46a177,2026-06-25,251,303746216,0.158,,
approach,빅꿈나무,1c05fa07beb8a34dd7673ea9ea46a177,2026-06-26,251,303746216,0.158,11553122,
approach,빅꿈나무,1c05fa07beb8a34dd7673ea9ea46a177,2026-06-27,251,303746216,0.158,,
approach,빅꿈나무,1c05fa07beb8a34dd7673ea9ea46a177,2026-06-28,251,303746216,0.158,,
approach,빅꿈나무,1c05fa07beb8a34dd7673ea9ea46a177,2026-06-29,251,303746216,0.158,,
approach,빅꿈나무,1c05fa07beb8a34dd7673ea9ea46a177,2026-06-30,251,303746216,0.158,,
approach,빅꿈나무,1c05fa07beb8a34dd7673ea9ea46a177,2026-07-01,251,303746216,0.158,,
approach,빅꿈나무,1c05fa07beb8a34dd7673ea9ea46a177,2026-07-02,251,303746216,0.158,,
approach,빅꿈나무,1c05fa07beb8a34dd7673ea9ea46a177,2026-07-03,251,303746216,0.158,,
approach,빅꿈나무,1c05fa07beb8a34dd7673ea9ea46a177,2026-07-04,251,303746216,0.158,11553122,
approach,빅꿈나무,1c05fa07beb8a34dd7673ea9ea46a177,2026-07-05,251,303746216,0.158,,
approach,빅꿈나무,1c05fa07beb8a34dd7673ea9ea46a177,2026-07-06,251,303746216,0.158,,
approach,빅꿈나무,1c05fa07beb8a34dd7673ea9ea46a177,2026-07-07,251,303746216,0.158,,
approach,빅꿈나무,1c05fa07beb8a34dd7673ea9ea46a177,2026-07-08,251,303746216,0.158,,
approach,빅꿈나무,1c05fa07beb8a34dd7673ea9ea46a177,2026-07-09,251,303746216,0.158,,
approach,빅꿈나무,1c05fa07beb8a34dd7673ea9ea46a177,2026-07-10,251,303746216,0.158,,
approach,빅꿈나무,1c05fa07beb8a34dd7673ea9ea46a177,2026-07-11,251,303746216,0.158,,
approach,빅꿈나무,1c05fa07beb8a34dd7673ea9ea46a177,2026-07-12,251,303746216,0.158,11553122,
approach,은쯩쯩,6c799019b8aaf1901ac36199e75f8672,2026-06-18,251,229542825,0.050,6598420,
approach,은쯩쯩,6c799019b8aaf1901ac36199e75f8672,2026-06-19,251,229542825,0.050,,
approach,은쯩쯩,6c799019b8aaf1901ac36199e75f8672,2026-06-20,251,229542825,0.050,,
approach,은쯩쯩,6c799019b8aaf1901ac36199e75f8672,2026-06-21,251,229542825,0.050,,
approach,은쯩쯩,6c799019b8aaf1901ac36199e75f8672,2026-06-22,251,229542825,0.050,,
approach,은쯩쯩,6c799019b8aaf1901ac36199e75f8672,2026-06-23,251,229542825,0.050,,
approach,은쯩쯩,6c799019b8aaf1901ac36199e75f8672,2026-06-24,251,229542825,0.050,,
approach,은쯩쯩,6c799019b8aaf1901ac36199e75f8672,2026-06-25,251,229542825,0.050,,
approach,은쯩쯩,6c799019b8aaf1901ac36199e75f8672,2026-06-26,251,229542825,0.050,6598420,
approach,은쯩쯩,6c799019b8aaf1901ac36199e75f8672,2026-06-27,251,229542825,0.050,,
approach,은쯩쯩,6c799019b8aaf1901ac36199e75f8672,2026-06-28,251,229542825,0.050,,
approach,은쯩쯩,6c799019b8aaf1901ac36199e75f8672,2026-06-29,251,229542825,0.050,,
approach,은쯩쯩,6c799019b8aaf1901ac36199e75f8672,2026-06-30,251,229542825,0.050,,
approach,은쯩쯩,6c799019b8aaf1901ac36199e75f8672,2026-07-01,251,229542825,0.050,,
approach,은쯩쯩,6c799019b8aaf1901ac36199e75f8672,2026-07-02,251,229542825,0.050,,
approach,은쯩쯩,6c799019b8aaf1901ac36199e75f8672,2026-07-03,251,229542825,0.050,,
approach,은쯩쯩,6c799019b8aaf1901ac36199e75f8672,2026-07-04,251,229542825,0.050,6598420,
approach,은쯩쯩,6c799019b8aaf1901ac36199e75f8672,2026-07-05,251,229542825,0.050,,
approach,은쯩쯩,6c799019b8aaf1901ac36199e75f8672,2026-07-06,251,229542825,0.050,,
approach,은쯩쯩,6c799019b8aaf1901ac36199e75f8672,2026-07-07,251,229542825,0.050,,
approach,은쯩쯩,6c799019b8aaf1901ac36199e75f8672,2026-07-08,251,229542825,0.050,,
approach,은쯩쯩,6c799019b8aaf1901ac36199e75f8672,2026-07-09,251,229542825,0.050,,
approach,은쯩쯩,6c799019b8aaf1901ac36199e75f8672,2026-07-10,251,229542825,0.050,,
approach,은쯩쯩,6c799019b8aaf1901ac36199e75f8672,2026-07-11,251,229542825,0.050,,
approach,은쯩쯩,6c799019b8aaf1901ac36199e75f8672,2026-07-12,251,229542825,0.050,6598420,
approach,푸르달아,fa55206445bbafc88ab23bb92b5da0a0efe8d04e6d233bd35cf2fabdeb93fb0d,2026-06-18,251,214153971,0.047,2297,
approach,푸르달아,fa55206445bbafc88ab23bb92b5da0a0efe8d04e6d233bd35cf2fabdeb93fb0d,2026-06-19,251,214153971,0.047,,
approach,푸르달아,fa55206445bbafc88ab23bb92b5da0a0efe8d04e6d233bd35cf2fabdeb93fb0d,2026-06-20,251,214153971,0.047,,
approach,푸르달아,fa55206445bbafc88ab23bb92b5da0a0efe8d04e6d233bd35cf2fabdeb93fb0d,2026-06-21,251,214153971,0.047,,
approach,푸르달아,fa55206445bbafc88ab23bb92b5da0a0efe8d04e6d233bd35cf2fabdeb93fb0d,2026-06-22,251,214153971,0.047,,
approach,푸르달아,fa55206445bbafc88ab23bb92b5da0a0efe8d04e6d233bd35cf2fabdeb93fb0d,2026-06-23,251,214153971,0.047,,
approach,푸르달아,fa55206445bbafc88ab23bb92b5da0a0efe8d04e6d233bd35cf2fabdeb93fb0d,2026-06-24,251,214153971,0.047,,
approach,푸르달아,fa55206445bbafc88ab23bb92b5da0a0efe8d04e6d233bd35cf2fabdeb93fb0d,2026-06-25,251,214153971,0.047,,
approach,푸르달아,fa55206445bbafc88ab23bb92b5da0a0efe8d04e6d233bd35cf2fabdeb93fb0d,2026-06-26,251,214153971,0.047,2297,
approach,푸르달아,fa55206445bbafc88ab23bb92b5da0a0efe8d04e6d233bd35cf2fabdeb93fb0d,2026-06-27,251,214153971,0.047,,
approach,푸르달아,fa55206445bbafc88ab23bb92b5da0a0efe8d04e6d233bd35cf2fabdeb93fb0d,2026-06-28,251,214153971,0.047,,
approach,푸르달아,fa55206445bbafc88ab23bb92b5da0a0efe8d04e6d233bd35cf2fabdeb93fb0d,2026-06-29,251,214153971,0.047,,
approach,푸르달아,fa55206445bbafc88ab23bb92b5da0a0efe8d04e6d233bd35cf2fabdeb93fb0d,2026-06-30,251,214153971,0.047,,
approach,푸르달아,fa55206445bbafc88ab23bb92b5da0a0efe8d04e6d233bd35cf2fabdeb93fb0d,2026-07-01,251,214153971,0.047,,
approach,푸르달아,fa55206445bbafc88ab23bb92b5da0a0efe8d04e6d233bd35cf2fabdeb93fb0d,2026-07-02,251,214153971,0.047,,
approach,푸르달아,fa55206445bbafc88ab23bb92b5da0a0efe8d04e6d233bd35cf2fabdeb93fb0d,2026-07-03,251,214153971,0.047,,
approach,푸르달아,fa55206445bbafc88ab23bb92b5da0a0efe8d04e6d233bd35cf2fabdeb93fb0d,2026-07-04,251,214153971,0.047,2297,
approach,푸르달아,fa55206445bbafc88ab23bb92b5da0a0efe8d04e6d233bd35cf2fabdeb93fb0d,2026-07-05,251,214153971,0.047,,
approach,푸르달아,fa55206445bbafc88ab23bb92b5da0a0efe8d04e6d233bd35cf2fabdeb93fb0d,2026-07-06,251,214153971,0.047,,
approach,푸르달아,fa55206445bbafc88ab23bb92b5da0a0efe8d04e6d233bd35cf2fabdeb93fb0d,2026-07-07,251,214153971,0.047,,
approach,푸르달아,fa55206445bbafc88ab23bb92b5da0a0efe8d04e6d233bd35cf2fabdeb93fb0d,2026-07-08,251,214153971,0.047,,
approach,푸르달아,fa55206445bbafc88ab23bb92b5da0a0efe8d04e6d233bd35cf2fabdeb93fb0d,2026-07-09,251,214153971,0.047,,
approach,푸르달아,fa55206445bbafc88ab23bb92b5da0a0efe8d04e6d233bd35cf2fabdeb93fb0d,2026-07-10,251,214153971,0.047,,
approach,푸르달아,fa55206445bbafc88ab23bb92b5da0a0efe8d04e6d233bd35cf2fabdeb93fb0d,2026-07-11,251,214153971,0.047,,
approach,푸르달아,fa55206445bbafc88ab23bb92b5da0a0efe8d04e6d233bd35cf2fabdeb93fb0d,2026-07-12,251,214153971,0.047,2297,
approach,김쮸폴암,674d08e9f0a213fffdbd557aca762a6b,2026-06-18,251,323898136,0.071,1180797,
approach,김쮸폴암,674d08e9f0a213fffdbd557aca762a6b,2026-06-19,251,323898136,0.071,,
approach,김쮸폴암,674d08e9f0a213fffdbd557aca762a6b,2026-06-20,251,323898136,0.071,,
approach,김쮸폴암,674d08e9f0a213fffdbd557aca762a6b,2026-06-21,251,323898136,0.071,,
approach,김쮸폴암,674d08e9f0a213fffdbd557aca762a6b,2026-06-22,251,323898136,0.071,,
approach,김쮸폴암,674d08e9f0a213fffdbd557aca762a6b,2026-06-23,251,323898136,0.071,,
approach,김쮸폴암,674d08e9f0a213fffdbd557aca762a6b,2026-06-24,251,323898136,0.071,,
approach,김쮸폴암,674d08e9f0a213fffdbd557aca762a6b,2026-06-25,251,323898136,0.071,,
approach,김쮸폴암,674d08e9f0a213fffdbd557aca762a6b,2026-06-26,251,323898136,0.071,1180797,
approach,김쮸폴암,674d08e9f0a213fffdbd557aca762a6b,2026-06-27,251,323898136,0.071,,
approach,김쮸폴암,674d08e9f0a213fffdbd557aca762a6b,2026-06-28,251,323898136,0.071,,
approach,김쮸폴암,674d08e9f0a213fffdbd557aca762a6b,2026-06-29,251,323898136,0.071,,
approach,김쮸폴암,674d08e9f0a213fffdbd557aca762a6b,2026-06-30,251,323898136,0.071,,
approach,김쮸폴암,674d08e9f0a213fffdbd557aca762a6b,2026-07-01,251,323898136,0.071,,
approach,김쮸폴암,674d08e9f0a213fffdbd557aca762a6b,2026-07-02,251,323898136,0.071,,
approach,김쮸폴암,674d08e9f0a213fffdbd557aca762a6b,2026-07-03,251,323898136,0.071,,
approach,김쮸폴암,674d08e9f0a213fffdbd557aca762a6b,2026-07-04,251,323898136,0.071,1180797,
approach,김쮸폴암,674d08e9f0a213fffdbd557aca762a6b,2026-07-05,251,323898136,0.071,,
approach,김쮸폴암,674d08e9f0a213fffdbd557aca762a6b,2026-07-06,251,323898136,0.071,,
approach,김쮸폴암,674d08e9f0a213fffdbd557aca762a6b,2026-07-07,251,323898136,0.071,,
approach,김쮸폴암,674d08e9f0a213fffdbd557aca762a6b,2026-07-08,251,323898136,0.071,,
approach,김쮸폴암,674d08e9f0a213fffdbd557aca762a6b,2026-07-09,251,323898136,0.071,,
approach,김쮸폴암,674d08e9f0a213fffdbd557aca762a6b,2026-07-10,251,323898136,0.071,,
approach,김쮸폴암,674d08e9f0a213fffdbd557aca762a6b,2026-07-11,251,323898136,0.071,,
approach,김쮸폴암,674d08e9f0a213fffdbd557aca762a6b,2026-07-12,251,323898136,0.071,1180797,
approach,셰보래,489eec3cd548165f8ccb0eb1dbcf2ec3efe8d04e6d233bd35cf2fabdeb93fb0d,2026-06-18,251,303682450,0.158,861977,
approach,셰보래,489eec3cd548165f8ccb0eb1dbcf2ec3efe8d04e6d233bd35cf2fabdeb93fb0d,2026-06-19,251,303682450,0.158,,
approach,셰보래,489eec3cd548165f8ccb0eb1dbcf2ec3efe8d04e6d233bd35cf2fabdeb93fb0d,2026-06-20,251,303682450,0.158,,
approach,셰보래,489eec3cd548165f8ccb0eb1dbcf2ec3efe8d04e6d233bd35cf2fabdeb93fb0d,2026-06-21,251,303682450,0.158,,
approach,셰보래,489eec3cd548165f8ccb0eb1dbcf2ec3efe8d04e6d233bd35cf2fabdeb93fb0d,2026-06-22,251,303682450,0.158,,
approach,셰보래,489eec3cd548165f8ccb0eb1dbcf2ec3efe8d04e6d233bd35cf2fabdeb93fb0d,2026-06-23,251,303682450,0.158,,
approach,셰보래,489eec3cd548165f8ccb0eb1dbcf2ec3efe8d04e6d233bd35cf2fabdeb93fb0d,2026-06-24,251,303682450,0.158,,
approach,셰보래,489eec3cd548165f8ccb0eb1dbcf2ec3efe8d04e6d233bd35cf2fabdeb93fb0d,2026-06-25,251,303682450,0.158,,
approach,셰보래,489eec3cd548165f8ccb0eb1dbcf2ec3efe8d04e6d233bd35cf2fabdeb93fb0d,2026-06-26,251,303682450,0.158,861977,
approach,셰보래,489eec3cd548165f8ccb0eb1dbcf2ec3efe8d04e6d233bd35cf2fabdeb93fb0d,2026-06-27,251,303682450,0.158,,
approach,셰보래,489eec3cd548165f8ccb0eb1dbcf2ec3efe8d04e6d233bd35cf2fabdeb93fb0d,2026-06-28,251,303682450,0.158,,
approach,셰보래,489eec3cd548165f8ccb0eb1dbcf2ec3efe8d04e6d233bd35cf2fabdeb93fb0d,2026-06-29,251,303682450,0.158,,
approach,셰보래,489eec3cd548165f8ccb0eb1dbcf2ec3efe8d04e6d233bd35cf2fabdeb93fb0d,2026-06-30,251,303682450,0.158,,
approach,셰보래,489eec3cd548165f8ccb0eb1dbcf2ec3efe8d04e6d233bd35cf2fabdeb93fb0d,2026-07-01,251,303682450,0.158,,
approach,셰보래,489eec3cd548165f8ccb0eb1dbcf2ec3efe8d04e6d233bd35cf2fabdeb93fb0d,2026-07-02,251,303682450,0.158,,
approach,셰보래,489eec3cd548165f8ccb0eb1dbcf2ec3efe8d04e6d233bd35cf2fabdeb93fb0d,2026-07-03,251,303682450,0.158,,
approach,셰보래,489eec3cd548165f8ccb0eb1dbcf2ec3efe8d04e6d233bd35cf2fabdeb93fb0d,2026-07-04,251,303682450,0.158,861977,
approach,셰보래,489eec3cd548165f8ccb0eb1dbcf2ec3efe8d04e6d233bd35cf2fabdeb93fb0d,2026-07-05,251,303682450,0.158,,
approach,셰보래,489eec3cd548165f8ccb0eb1dbcf2ec3efe8d04e6d233bd35cf2fabdeb93fb0d,2026-07-06,251,303682450,0.158,,
approach,셰보래,489eec3cd548165f8ccb0eb1dbcf2ec3efe8d04e6d233bd35cf2fabdeb93fb0d,2026-07-07,251,303682450,0.158,,
approach,셰보래,489eec3cd548165f8ccb0eb1dbcf2ec3efe8d04e6d233bd35cf2fabdeb93fb0d,2026-07-08,251,303682450,0.158,,
approach,셰보래,489eec3cd548165f8ccb0eb1dbcf2ec3efe8d04e6d233bd35cf2fabdeb93fb0d,2026-07-09,251,303682450,0.158,,
approach,셰보래,489eec3cd548165f8ccb0eb1dbcf2ec3efe8d04e6d233bd35cf2fabdeb93fb0d,2026-07-10,251,303682450,0.158,,
approach,셰보래,489eec3cd548165f8ccb0eb1dbcf2ec3efe8d04e6d233bd35cf2fabdeb93fb0d,2026-07-11,251,303682450,0.158,,
approach,셰보래,489eec3cd548165f8ccb0eb1dbcf2ec3efe8d04e6d233bd35cf2fabdeb93fb0d,2026-07-12,251,303682450,0.158,861977,
approach,sisi0,a017a57c32147c0183c0b20f951e2048,2026-06-18,251,233525341,0.122,0,
approach,sisi0,a017a57c32147c0183c0b20f951e2048,2026-06-19,251,233525341,0.122,,
approach,sisi0,a017a57c32147c0183c0b20f951e2048,2026-06-20,251,233525341,0.122,,
approach,sisi0,a017a57c32147c0183c0b20f951e2048,2026-06-21,251,233525341,0.122,,
approach,sisi0,a017a57c32147c0183c0b20f951e2048,2026-06-22,251,233525341,0.122,,
approach,sisi0,a017a57c32147c0183c0b20f951e2048,2026-06-23,251,233525341,0.122,,
approach,sisi0,a017a57c32147c0183c0b20f951e2048,2026-06-24,251,233525341,0.122,,
approach,sisi0,a017a57c32147c0183c0b20f951e2048,2026-06-25,251,233525341,0.122,,
approach,sisi0,a017a57c32147c0183c0b20f951e2048,2026-06-26,251,233525341,0.122,0,
approach,sisi0,a017a57c32147c0183c0b20f951e2048,2026-06-27,251,233525341,0.122,,
approach,sisi0,a017a57c32147c0183c0b20f951e2048,2026-06-28,251,233525341,0.122,,
approach,sisi0,a017a57c32147c0183c0b20f951e2048,2026-06-29,251,233525341,0.122,,
approach,sisi0,a017a57c32147c0183c0b20f951e2048,2026-06-30,251,233525341,0.122,,
approach,sisi0,a017a57c32147c0183c0b20f951e2048,2026-07-01,251,233525341,0.122,,
approach,sisi0,a017a57c32147c0183c0b20f951e2048,2026-07-02,251,233525341,0.122,,
approach,sisi0,a017a57c32147c0183c0b20f951e2048,2026-07-03,251,233525341,0.122,,
approach,sisi0,a017a57c32147c0183c0b20f951e2048,2026-07-04,251,233525341,0.122,0,
approach,sisi0,a017a57c32147c0183c0b20f951e2048,2026-07-05,251,233525341,0.122,,
approach,sisi0,a017a57c32147c0183c0b20f951e2048,2026-07-06,251,233525341,0.122,,
approach,sisi0,a017a57c32147c0183c0b20f951e2048,2026-07-07,251,233525341,0.122,,
approach,sisi0,a017a57c32147c0183c0b20f951e2048,2026-07-08,251,233525341,0.122,,
approach,sisi0,a017a57c32147c0183c0b20f951e2048,2026-07-09,251,233525341,0.122,,
approach,sisi0,a017a57c32147c0183c0b20f951e2048,2026-07-10,251,233525341,0.122,,
approach,sisi0,a017a57c32147c0183c0b20f951e2048,2026-07-11,251,233525341,0.122,,
approach,sisi0,a017a57c32147c0183c0b20f951e2048,2026-07-12,251,233525341,0.122,0,
approach,반가문나로4,b90419e2fc405bb0558c742fe6d940d9efe8d04e6d233bd35cf2fabdeb93fb0d,2026-06-18,251,284194384,0.148,92473,
approach,반가문나로4,b90419e2fc405bb0558c742fe6d940d9efe8d04e6d233bd35cf2fabdeb93fb0d,2026-06-19,251,284194384,0.148,,
approach,반가문나로4,b90419e2fc405bb0558c742fe6d940d9efe8d04e6d233bd35cf2fabdeb93fb0d,2026-06-20,251,284194384,0.148,,
approach,반가문나로4,b90419e2fc405bb0558c742fe6d940d9efe8d04e6d233bd35cf2fabdeb93fb0d,2026-06-21,251,284194384,0.148,,
approach,반가문나로4,b90419e2fc405bb0558c742fe6d940d9efe8d04e6d233bd35cf2fabdeb93fb0d,2026-06-22,251,284194384,0.148,,
approach,반가문나로4,b90419e2fc405bb0558c742fe6d940d9efe8d04e6d233bd35cf2fabdeb93fb0d,2026-06-23,251,284194384,0.148,,
approach,반가문나로4,b90419e2fc405bb0558c742fe6d940d9efe8d04e6d233bd35cf2fabdeb93fb0d,2026-06-24,251,284194384,0.148,,
approach,반가문나로4,b90419e2fc405bb0558c742fe6d940d9efe8d04e6d233bd35cf2fabdeb93fb0d,2026-06-25,251,284194384,0.148,,
approach,반가문나로4,b90419e2fc405bb0558c742fe6d940d9efe8d04e6d233bd35cf2fabdeb93fb0d,2026-06-26,251,284194384,0.148,92473,
approach,반가문나로4,b90419e2fc405bb0558c742fe6d940d9efe8d04e6d233bd35cf2fabdeb93fb0d,2026-06-27,251,284194384,0.148,,
approach,반가문나로4,b90419e2fc405bb0558c742fe6d940d9efe8d04e6d233bd35cf2fabdeb93fb0d,2026-06-28,251,284194384,0.148,,
approach,반가문나로4,b90419e2fc405bb0558c742fe6d940d9efe8d04e6d233bd35cf2fabdeb93fb0d,2026-06-29,251,284194384,0.148,,
approach,반가문나로4,b90419e2fc405bb0558c742fe6d940d9efe8d04e6d233bd35cf2fabdeb93fb0d,2026-06-30,251,284194384,0.148,,
approach,반가문나로4,b90419e2fc405bb0558c742fe6d940d9efe8d04e6d233bd35cf2fabdeb93fb0d,2026-07-01,251,284194384,0.148,,
approach,반가문나로4,b90419e2fc405bb0558c742fe6d940d9efe8d04e6d233bd35cf2fabdeb93fb0d,2026-07-02,251,284194384,0.148,,
approach,반가문나로4,b90419e2fc405bb0558c742fe6d940d9efe8d04e6d233bd35cf2fabdeb93fb0d,2026-07-03,251,284194384,0.148,,
approach,반가문나로4,b90419e2fc405bb0558c742fe6d940d9efe8d04e6d233bd35cf2fabdeb93fb0d,2026-07-04,251,284194384,0.148,92473,
approach,반가문나로4,b90419e2fc405bb0558c742fe6d940d9efe8d04e6d233bd35cf2fabdeb93fb0d,2026-07-05,251,284194384,0.148,,
approach,반가문나로4,b90419e2fc405bb0558c742fe6d940d9efe8d04e6d233bd35cf2fabdeb93fb0d,2026-07-06,251,284194384,0.148,,
approach,반가문나로4,b90419e2fc405bb0558c742fe6d940d9efe8d04e6d233bd35cf2fabdeb93fb0d,2026-07-07,251,284194384,0.148,,
approach,반가문나로4,b90419e2fc405bb0558c742fe6d940d9efe8d04e6d233bd35cf2fabdeb93fb0d,2026-07-08,251,284194384,0.148,,
approach,반가문나로4,b90419e2fc405bb0558c742fe6d940d9efe8d04e6d233bd35cf2fabdeb93fb0d,2026-07-09,251,284194384,0.148,,
approach,반가문나로4,b90419e2fc405bb0558c742fe6d940d9efe8d04e6d233bd35cf2fabdeb93fb0d,2026-07-10,251,284194384,0.148,,
approach,반가문나로4,b90419e2fc405bb0558c742fe6d940d9efe8d04e6d233bd35cf2fabdeb93fb0d,2026-07-11,251,284194384,0.148,,
approach,반가문나로4,b90419e2fc405bb0558c742fe6d940d9efe8d04e6d233bd35cf2fabdeb93fb0d,2026-07-12,251,284194384,0.148,92473,
approach,링크오찬2,c8e2d04be9820b57bbc34efd59e2af7e,2026-06-18,251,214428476,0.112,40329,
approach,링크오찬2,c8e2d04be9820b57bbc34efd59e2af7e,2026-06-19,251,214428476,0.112,,
approach,링크오찬2,c8e2d04be9820b57bbc34efd59e2af7e,2026-06-20,251,214428476,0.112,,
approach,링크오찬2,c8e2d04be9820b57bbc34efd59e2af7e,2026-06-21,251,214428476,0.112,,
approach,링크오찬2,c8e2d04be9820b57bbc34efd59e2af7e,2026-06-22,251,214428476,0.112,,
approach,링크오찬2,c8e2d04be9820b57bbc34efd59e2af7e,2026-06-23,251,214428476,0.112,,
approach,링크오찬2,c8e2d04be9820b57bbc34efd59e2af7e,2026-06-24,251,214428476,0.112,,
approach,링크오찬2,c8e2d04be9820b57bbc34efd59e2af7e,2026-06-25,251,214428476,0.112,,
approach,링크오찬2,c8e2d04be9820b57bbc34efd59e2af7e,2026-06-26,251,214428476,0.112,40329,
approach,링크오찬2,c8e2d04be9820b57bbc34efd59e2af7e,2026-06-27,251,214428476,0.112,,
approach,링크오찬2,c8e2d04be9820b57bbc34efd59e2af7e,2026-06-28,251,214428476,0.112,,
approach,링크오찬2,c8e2d04be9820b57bbc34efd59e2af7e,2026-06-29,251,214428476,0.112,,
approach,링크오찬2,c8e2d04be9820b57bbc34efd59e2af7e,2026-06-30,251,214428476,0.112,,
approach,링크오찬2,c8e2d04be9820b57bbc34efd59e2af7e,2026-07-01,251,214428476,0.112,,
approach,링크오찬2,c8e2d04be9820b57bbc34efd59e2af7e,2026-07-02,251,214428476,0.112,,
approach,링크오찬2,c8e2d04be9820b57bbc34efd59e2af7e,2026-07-03,251,214428476,0.112,,
approach,링크오찬2,c8e2d04be9820b57bbc34efd59e2af7e,2026-07-04,251,214428476,0.112,40329,
approach,링크오찬2,c8e2d04be9820b57bbc34efd59e2af7e,2026-07-05,251,214428476,0.112,,
approach,링크오찬2,c8e2d04be9820b57bbc34efd59e2af7e,2026-07-06,251,214428476,0.112,,
approach,링크오찬2,c8e2d04be9820b57bbc34efd59e2af7e,2026-07-07,251,214428476,0.112,,
approach,링크오찬2,c8e2d04be9820b57bbc34efd59e2af7e,2026-07-08,251,214428476,0.112,,
approach,링크오찬2,c8e2d04be9820b57bbc34efd59e2af7e,2026-07-09,251,214428476,0.112,,
approach,링크오찬2,c8e2d04be9820b57bbc34efd59e2af7e,2026-07-10,251,214428476,0.112,,
approach,링크오찬2,c8e2d04be9820b57bbc34efd59e2af7e,2026-07-11,251,214428476,0.112,,
approach,링크오찬2,c8e2d04be9820b57bbc34efd59e2af7e,2026-07-12,251,214428476,0.112,40329,
approach,아맞다패파,50a2dd5879ee6ccccc8ecbb538df5dba,2026-06-18,251,291986450,0.152,83757,
approach,아맞다패파,50a2dd5879ee6ccccc8ecbb538df5dba,2026-06-19,251,291986450,0.152,,
approach,아맞다패파,50a2dd5879ee6ccccc8ecbb538df5dba,2026-06-20,251,291986450,0.152,,
approach,아맞다패파,50a2dd5879ee6ccccc8ecbb538df5dba,2026-06-21,251,291986450,0.152,,
approach,아맞다패파,50a2dd5879ee6ccccc8ecbb538df5dba,2026-06-22,251,291986450,0.152,,
approach,아맞다패파,50a2dd5879ee6ccccc8ecbb538df5dba,2026-06-23,251,291986450,0.152,,
approach,아맞다패파,50a2dd5879ee6ccccc8ecbb538df5dba,2026-06-24,251,291986450,0.152,,
approach,아맞다패파,50a2dd5879ee6ccccc8ecbb538df5dba,2026-06-25,251,291986450,0.152,,
approach,아맞다패파,50a2dd5879ee6ccccc8ecbb538df5dba,2026-06-26,251,291986450,0.152,83757,
approach,아맞다패파,50a2dd5879ee6ccccc8ecbb538df5dba,2026-06-27,251,291986450,0.152,,
approach,아맞다패파,50a2dd5879ee6ccccc8ecbb538df5dba,2026-06-28,251,291986450,0.152,,
approach,아맞다패파,50a2dd5879ee6ccccc8ecbb538df5dba,2026-06-29,251,291986450,0.152,,
approach,아맞다패파,50a2dd5879ee6ccccc8ecbb538df5dba,2026-06-30,251,291986450,0.152,,
approach,아맞다패파,50a2dd5879ee6ccccc8ecbb538df5dba,2026-07-01,251,291986450,0.152,,
approach,아맞다패파,50a2dd5879ee6ccccc8ecbb538df5dba,2026-07-02,251,291986450,0.152,,
approach,아맞다패파,50a2dd5879ee6ccccc8ecbb538df5dba,2026-07-03,251,291986450,0.152,,
approach,아맞다패파,50a2dd5879ee6ccccc8ecbb538df5dba,2026-07-04,251,291986450,0.152,83757,
approach,아맞다패파,50a2dd5879ee6ccccc8ecbb538df5dba,2026-07-05,251,291986450,0.152,,
approach,아맞다패파,50a2dd5879ee6ccccc8ecbb538df5dba,2026-07-06,251,291986450,0.152,,
approach,아맞다패파,50a2dd5879ee6ccccc8ecbb538df5dba,2026-07-07,251,291986450,0.152,,
approach,아맞다패파,50a2dd5879ee6ccccc8ecbb538df5dba,2026-07-08,251,291986450,0.152,,
approach,아맞다패파,50a2dd5879ee6ccccc8ecbb538df5dba,2026-07-09,251,291986450,0.152,,
approach,아맞다패파,50a2dd5879ee6ccccc8ecbb538df5dba,2026-07-10,251,291986450,0.152,,
approach,아맞다패파,50a2dd5879ee6ccccc8ecbb538df5dba,2026-07-11,251,291986450,0.152,,
approach,아맞다패파,50a2dd5879ee6ccccc8ecbb538df5dba,2026-07-12,251,291986450,0.152,83757,
approach,최고존엄19호,4a3ec6fe8f52e92bb5b4b799dc4bcf95,2026-06-18,251,271508745,0.141,69283,
approach,최고존엄19호,4a3ec6fe8f52e92bb5b4b799dc4bcf95,2026-06-19,251,271508745,0.141,,
approach,최고존엄19호,4a3ec6fe8f52e92bb5b4b799dc4bcf95,2026-06-20,251,271508745,0.141,,
approach,최고존엄19호,4a3ec6fe8f52e92bb5b4b799dc4bcf95,2026-06-21,251,271508745,0.141,,
approach,최고존엄19호,4a3ec6fe8f52e92bb5b4b799dc4bcf95,2026-06-22,251,271508745,0.141,,
approach,최고존엄19호,4a3ec6fe8f52e92bb5b4b799dc4bcf95,2026-06-23,251,271508745,0.141,,
approach,최고존엄19호,4a3ec6fe8f52e92bb5b4b799dc4bcf95,2026-06-24,251,271508745,0.141,,
approach,최고존엄19호,4a3ec6fe8f52e92bb5b4b799dc4bcf95,2026-06-25,251,271508745,0.141,,
approach,최고존엄19호,4a3ec6fe8f52e92bb5b4b799dc4bcf95,2026-06-26,251,271508745,0.141,69283,
approach,최고존엄19호,4a3ec6fe8f52e92bb5b4b799dc4bcf95,2026-06-27,251,271508745,0.141,,
approach,최고존엄19호,4a3ec6fe8f52e92bb5b4b799dc4bcf95,2026-06-28,251,271508745,0.141,,
approach,최고존엄19호,4a3ec6fe8f52e92bb5b4b799dc4bcf95,2026-06-29,251,271508745,0.141,,
approach,최고존엄19호,4a3ec6fe8f52e92bb5b4b799dc4bcf95,2026-06-30,251,271508745,0.141,,
approach,최고존엄19호,4a3ec6fe8f52e92bb5b4b799dc4bcf95,2026-07-01,251,271508745,0.141,,
approach,최고존엄19호,4a3ec6fe8f52e92bb5b4b799dc4bcf95,2026-07-02,251,271508745,0.141,,
approach,최고존엄19호,4a3ec6fe8f52e92bb5b4b799dc4bcf95,2026-07-03,251,271508745,0.141,,
approach,최고존엄19호,4a3ec6fe8f52e92bb5b4b799dc4bcf95,2026-07-04,251,271508745,0.141,69283,
approach,최고존엄19호,4a3ec6fe8f52e92bb5b4b799dc4bcf95,2026-07-05,251,271508745,0.141,,
approach,최고존엄19호,4a3ec6fe8f52e92bb5b4b799dc4bcf95,2026-07-06,251,271508745,0.141,,
approach,최고존엄19호,4a3ec6fe8f52e92bb5b4b799dc4bcf95,2026-07-07,251,271508745,0.141,,
approach,최고존엄19호,4a3ec6fe8f52e92bb5b4b799dc4bcf95,2026-07-08,251,271508745,0.141,,
approach,최고존엄19호,4a3ec6fe8f52e92bb5b4b799dc4bcf95,2026-07-09,251,271508745,0.141,,
approach,최고존엄19호,4a3ec6fe8f52e92bb5b4b799dc4bcf95,2026-07-10,251,271508745,0.141,,
approach,최고존엄19호,4a3ec6fe8f52e92bb5b4b799dc4bcf95,2026-07-11,251,271508745,0.141,,
approach,최고존엄19호,4a3ec6fe8f52e92bb5b4b799dc4bcf95,2026-07-12,251,271508745,0.141,69283,
approach,낙낙에게,575b7ba8220fff2c790465fa612c36c7,2026-06-18,251,245734476,0.054,28884,
approach,낙낙에게,575b7ba8220fff2c790465fa612c36c7,2026-06-19,251,245734476,0.054,,
approach,낙낙에게,575b7ba8220fff2c790465fa612c36c7,2026-06-20,251,245734476,0.054,,
approach,낙낙에게,575b7ba8220fff2c790465fa612c36c7,2026-06-21,251,245734476,0.054,,
approach,낙낙에게,575b7ba8220fff2c790465fa612c36c7,2026-06-22,251,245734476,0.054,,
approach,낙낙에게,575b7ba8220fff2c790465fa612c36c7,2026-06-23,251,245734476,0.054,,
approach,낙낙에게,575b7ba8220fff2c790465fa612c36c7,2026-06-24,251,245734476,0.054,,
approach,낙낙에게,575b7ba8220fff2c790465fa612c36c7,2026-06-25,251,245734476,0.054,,
approach,낙낙에게,575b7ba8220fff2c790465fa612c36c7,2026-06-26,251,245734476,0.054,28884,
approach,낙낙에게,575b7ba8220fff2c790465fa612c36c7,2026-06-27,251,245734476,0.054,,
approach,낙낙에게,575b7ba8220fff2c790465fa612c36c7,2026-06-28,251,245734476,0.054,,
approach,낙낙에게,575b7ba8220fff2c790465fa612c36c7,2026-06-29,251,245734476,0.054,,
approach,낙낙에게,575b7ba8220fff2c790465fa612c36c7,2026-06-30,251,245734476,0.054,,
approach,낙낙에게,575b7ba8220fff2c790465fa612c36c7,2026-07-01,251,245734476,0.054,,
approach,낙낙에게,575b7ba8220fff2c790465fa612c36c7,2026-07-02,251,245734476,0.054,,
approach,낙낙에게,575b7ba8220fff2c790465fa612c36c7,2026-07-03,251,245734476,0.054,,
approach,낙낙에게,575b7ba8220fff2c790465fa612c36c7,2026-07-04,251,245734476,0.054,28884,
approach,낙낙에게,575b7ba8220fff2c790465fa612c36c7,2026-07-05,251,245734476,0.054,,
approach,낙낙에게,575b7ba8220fff2c790465fa612c36c7,2026-07-06,251,245734476,0.054,,
approach,낙낙에게,575b7ba8220fff2c790465fa612c36c7,2026-07-07,251,245734476,0.054,,
approach,낙낙에게,575b7ba8220fff2c790465fa612c36c7,2026-07-08,251,245734476,0.054,,
approach,낙낙에게,575b7ba8220fff2c790465fa612c36c7,2026-07-09,251,245734476,0.054,,
approach,낙낙에게,575b7ba8220fff2c790465fa612c36c7,2026-07-10,251,245734476,0.054,,
approach,낙낙에게,575b7ba8220fff2c790465fa612c36c7,2026-07-11,251,245734476,0.054,,
approach,낙낙에게,575b7ba8220fff2c790465fa612c36c7,2026-07-12,251,245734476,0.054,28884,
approach,인트용3,ef0f2f68161fa1e4edb90339ac513530efe8d04e6d233bd35cf2fabdeb93fb0d,2026-06-18,251,280892407,0.146,538134,
approach,인트용3,ef0f2f68161fa1e4edb90339ac513530efe8d04e6d233bd35cf2fabdeb93fb0d,2026-06-19,251,280892407,0.146,,
approach,인트용3,ef0f2f68161fa1e4edb90339ac513530efe8d04e6d233bd35cf2fabdeb93fb0d,2026-06-20,251,280892407,0.146,,
approach,인트용3,ef0f2f68161fa1e4edb90339ac513530efe8d04e6d233bd35cf2fabdeb93fb0d,2026-06-21,251,280892407,0.146,,
approach,인트용3,ef0f2f68161fa1e4edb90339ac513530efe8d04e6d233bd35cf2fabdeb93fb0d,2026-06-22,251,280892407,0.146,,
approach,인트용3,ef0f2f68161fa1e4edb90339ac513530efe8d04e6d233bd35cf2fabdeb93fb0d,2026-06-23,251,280892407,0.146,,
approach,인트용3,ef0f2f68161fa1e4edb90339ac513530efe8d04e6d233bd35cf2fabdeb93fb0d,2026-06-24,251,280892407,0.146,,
approach,인트용3,ef0f2f68161fa1e4edb90339ac513530efe8d04e6d233bd35cf2fabdeb93fb0d,2026-06-25,251,280892407,0.146,,
approach,인트용3,ef0f2f68161fa1e4edb90339ac513530efe8d04e6d233bd35cf2fabdeb93fb0d,2026-06-26,251,280892407,0.146,538134,
approach,인트용3,ef0f2f68161fa1e4edb90339ac513530efe8d04e6d233bd35cf2fabdeb93fb0d,2026-06-27,251,280892407,0.146,,
approach,인트용3,ef0f2f68161fa1e4edb90339ac513530efe8d04e6d233bd35cf2fabdeb93fb0d,2026-06-28,251,280892407,0.146,,
approach,인트용3,ef0f2f68161fa1e4edb90339ac513530efe8d04e6d233bd35cf2fabdeb93fb0d,2026-06-29,251,280892407,0.146,,
approach,인트용3,ef0f2f68161fa1e4edb90339ac513530efe8d04e6d233bd35cf2fabdeb93fb0d,2026-06-30,251,280892407,0.146,,
approach,인트용3,ef0f2f68161fa1e4edb90339ac513530efe8d04e6d233bd35cf2fabdeb93fb0d,2026-07-01,251,280892407,0.146,,
approach,인트용3,ef0f2f68161fa1e4edb90339ac513530efe8d04e6d233bd35cf2fabdeb93fb0d,2026-07-02,251,280892407,0.146,,
approach,인트용3,ef0f2f68161fa1e4edb90339ac513530efe8d04e6d233bd35cf2fabdeb93fb0d,2026-07-03,251,280892407,0.146,,
approach,인트용3,ef0f2f68161fa1e4edb90339ac513530efe8d04e6d233bd35cf2fabdeb93fb0d,2026-07-04,251,280892407,0.146,550947,
approach,인트용3,ef0f2f68161fa1e4edb90339ac513530efe8d04e6d233bd35cf2fabdeb93fb0d,2026-07-05,251,280892407,0.146,,
approach,인트용3,ef0f2f68161fa1e4edb90339ac513530efe8d04e6d233bd35cf2fabdeb93fb0d,2026-07-06,251,280892407,0.146,,
approach,인트용3,ef0f2f68161fa1e4edb90339ac513530efe8d04e6d233bd35cf2fabdeb93fb0d,2026-07-07,251,280892407,0.146,,
approach,인트용3,ef0f2f68161fa1e4edb90339ac513530efe8d04e6d233bd35cf2fabdeb93fb0d,2026-07-08,251,280892407,0.146,,
approach,인트용3,ef0f2f68161fa1e4edb90339ac513530efe8d04e6d233bd35cf2fabdeb93fb0d,2026-07-09,251,280892407,0.146,,
approach,인트용3,ef0f2f68161fa1e4edb90339ac513530efe8d04e6d233bd35cf2fabdeb93fb0d,2026-07-10,251,280892407,0.146,,
approach,인트용3,ef0f2f68161fa1e4edb90339ac513530efe8d04e6d233bd35cf2fabdeb93fb0d,2026-07-11,251,280892407,0.146,,
approach,인트용3,ef0f2f68161fa1e4edb90339ac513530efe8d04e6d233bd35cf2fabdeb93fb0d,2026-07-12,251,280892407,0.146,550947,
approach,Iv패왕vI,fd377d001968be9550fb9070064048f9efe8d04e6d233bd35cf2fabdeb93fb0d,2026-06-18,251,256497784,0.133,1092187,
approach,Iv패왕vI,fd377d001968be9550fb9070064048f9efe8d04e6d233bd35cf2fabdeb93fb0d,2026-06-19,251,256497784,0.133,,
approach,Iv패왕vI,fd377d001968be9550fb9070064048f9efe8d04e6d233bd35cf2fabdeb93fb0d,2026-06-20,251,256497784,0.133,,
approach,Iv패왕vI,fd377d001968be9550fb9070064048f9efe8d04e6d233bd35cf2fabdeb93fb0d,2026-06-21,251,256497784,0.133,,
approach,Iv패왕vI,fd377d001968be9550fb9070064048f9efe8d04e6d233bd35cf2fabdeb93fb0d,2026-06-22,251,256497784,0.133,,
approach,Iv패왕vI,fd377d001968be9550fb9070064048f9efe8d04e6d233bd35cf2fabdeb93fb0d,2026-06-23,251,256497784,0.133,,
approach,Iv패왕vI,fd377d001968be9550fb9070064048f9efe8d04e6d233bd35cf2fabdeb93fb0d,2026-06-24,251,256497784,0.133,,
approach,Iv패왕vI,fd377d001968be9550fb9070064048f9efe8d04e6d233bd35cf2fabdeb93fb0d,2026-06-25,251,256497784,0.133,,
approach,Iv패왕vI,fd377d001968be9550fb9070064048f9efe8d04e6d233bd35cf2fabdeb93fb0d,2026-06-26,251,256497784,0.133,1092187,
approach,Iv패왕vI,fd377d001968be9550fb9070064048f9efe8d04e6d233bd35cf2fabdeb93fb0d,2026-06-27,251,256497784,0.133,,
approach,Iv패왕vI,fd377d001968be9550fb9070064048f9efe8d04e6d233bd35cf2fabdeb93fb0d,2026-06-28,251,256497784,0.133,,
approach,Iv패왕vI,fd377d001968be9550fb9070064048f9efe8d04e6d233bd35cf2fabdeb93fb0d,2026-06-29,251,256497784,0.133,,
approach,Iv패왕vI,fd377d001968be9550fb9070064048f9efe8d04e6d233bd35cf2fabdeb93fb0d,2026-06-30,251,256497784,0.133,,
approach,Iv패왕vI,fd377d001968be9550fb9070064048f9efe8d04e6d233bd35cf2fabdeb93fb0d,2026-07-01,251,256497784,0.133,,
approach,Iv패왕vI,fd377d001968be9550fb9070064048f9efe8d04e6d233bd35cf2fabdeb93fb0d,2026-07-02,251,256497784,0.133,,
approach,Iv패왕vI,fd377d001968be9550fb9070064048f9efe8d04e6d233bd35cf2fabdeb93fb0d,2026-07-03,251,256497784,0.133,,
approach,Iv패왕vI,fd377d001968be9550fb9070064048f9efe8d04e6d233bd35cf2fabdeb93fb0d,2026-07-04,251,256497784,0.133,1053607,
approach,Iv패왕vI,fd377d001968be9550fb9070064048f9efe8d04e6d233bd35cf2fabdeb93fb0d,2026-07-05,251,256497784,0.133,,
approach,Iv패왕vI,fd377d001968be9550fb9070064048f9efe8d04e6d233bd35cf2fabdeb93fb0d,2026-07-06,251,256497784,0.133,,
approach,Iv패왕vI,fd377d001968be9550fb9070064048f9efe8d04e6d233bd35cf2fabdeb93fb0d,2026-07-07,251,256497784,0.133,,
approach,Iv패왕vI,fd377d001968be9550fb9070064048f9efe8d04e6d233bd35cf2fabdeb93fb0d,2026-07-08,251,256497784,0.133,,
approach,Iv패왕vI,fd377d001968be9550fb9070064048f9efe8d04e6d233bd35cf2fabdeb93fb0d,2026-07-09,251,256497784,0.133,,
approach,Iv패왕vI,fd377d001968be9550fb9070064048f9efe8d04e6d233bd35cf2fabdeb93fb0d,2026-07-10,251,256497784,0.133,,
approach,Iv패왕vI,fd377d001968be9550fb9070064048f9efe8d04e6d233bd35cf2fabdeb93fb0d,2026-07-11,251,256497784,0.133,,
approach,Iv패왕vI,fd377d001968be9550fb9070064048f9efe8d04e6d233bd35cf2fabdeb93fb0d,2026-07-12,251,256497784,0.133,1053607,
approach,유료쿠폰증정,4b384b27b558b42f63a1f11f8f071f49,2026-06-18,251,274996252,0.143,43094,
approach,유료쿠폰증정,4b384b27b558b42f63a1f11f8f071f49,2026-06-19,251,274996252,0.143,,
approach,유료쿠폰증정,4b384b27b558b42f63a1f11f8f071f49,2026-06-20,251,274996252,0.143,,
approach,유료쿠폰증정,4b384b27b558b42f63a1f11f8f071f49,2026-06-21,251,274996252,0.143,,
approach,유료쿠폰증정,4b384b27b558b42f63a1f11f8f071f49,2026-06-22,251,274996252,0.143,,
approach,유료쿠폰증정,4b384b27b558b42f63a1f11f8f071f49,2026-06-23,251,274996252,0.143,,
approach,유료쿠폰증정,4b384b27b558b42f63a1f11f8f071f49,2026-06-24,251,274996252,0.143,,
approach,유료쿠폰증정,4b384b27b558b42f63a1f11f8f071f49,2026-06-25,251,274996252,0.143,,
approach,유료쿠폰증정,4b384b27b558b42f63a1f11f8f071f49,2026-06-26,251,274996252,0.143,43094,
approach,유료쿠폰증정,4b384b27b558b42f63a1f11f8f071f49,2026-06-27,251,274996252,0.143,,
approach,유료쿠폰증정,4b384b27b558b42f63a1f11f8f071f49,2026-06-28,251,274996252,0.143,,
approach,유료쿠폰증정,4b384b27b558b42f63a1f11f8f071f49,2026-06-29,251,274996252,0.143,,
approach,유료쿠폰증정,4b384b27b558b42f63a1f11f8f071f49,2026-06-30,251,274996252,0.143,,
approach,유료쿠폰증정,4b384b27b558b42f63a1f11f8f071f49,2026-07-01,251,274996252,0.143,,
approach,유료쿠폰증정,4b384b27b558b42f63a1f11f8f071f49,2026-07-02,251,274996252,0.143,,
approach,유료쿠폰증정,4b384b27b558b42f63a1f11f8f071f49,2026-07-03,251,274996252,0.143,,
approach,유료쿠폰증정,4b384b27b558b42f63a1f11f8f071f49,2026-07-04,251,274996252,0.143,43094,
approach,유료쿠폰증정,4b384b27b558b42f63a1f11f8f071f49,2026-07-05,251,274996252,0.143,,
approach,유료쿠폰증정,4b384b27b558b42f63a1f11f8f071f49,2026-07-06,251,274996252,0.143,,
approach,유료쿠폰증정,4b384b27b558b42f63a1f11f8f071f49,2026-07-07,251,274996252,0.143,,
approach,유료쿠폰증정,4b384b27b558b42f63a1f11f8f071f49,2026-07-08,251,274996252,0.143,,
approach,유료쿠폰증정,4b384b27b558b42f63a1f11f8f071f49,2026-07-09,251,274996252,0.143,,
approach,유료쿠폰증정,4b384b27b558b42f63a1f11f8f071f49,2026-07-10,251,274996252,0.143,,
approach,유료쿠폰증정,4b384b27b558b42f63a1f11f8f071f49,2026-07-11,251,274996252,0.143,,
approach,유료쿠폰증정,4b384b27b558b42f63a1f11f8f071f49,2026-07-12,251,274996252,0.143,43094,
approach,고인향,4334d56d7cce33567862762e6bcc11a5,2026-06-18,251,314007777,0.163,137242,
approach,고인향,4334d56d7cce33567862762e6bcc11a5,2026-06-19,251,314007777,0.163,,
approach,고인향,4334d56d7cce33567862762e6bcc11a5,2026-06-20,251,314007777,0.163,,
approach,고인향,4334d56d7cce33567862762e6bcc11a5,2026-06-21,251,314007777,0.163,,
approach,고인향,4334d56d7cce33567862762e6bcc11a5,2026-06-22,251,314007777,0.163,,
approach,고인향,4334d56d7cce33567862762e6bcc11a5,2026-06-23,251,314007777,0.163,,
approach,고인향,4334d56d7cce33567862762e6bcc11a5,2026-06-24,251,314007777,0.163,,
approach,고인향,4334d56d7cce33567862762e6bcc11a5,2026-06-25,251,314007777,0.163,,
approach,고인향,4334d56d7cce33567862762e6bcc11a5,2026-06-26,251,314007777,0.163,137242,
approach,고인향,4334d56d7cce33567862762e6bcc11a5,2026-06-27,251,314007777,0.163,,
approach,고인향,4334d56d7cce33567862762e6bcc11a5,2026-06-28,251,314007777,0.163,,
approach,고인향,4334d56d7cce33567862762e6bcc11a5,2026-06-29,251,314007777,0.163,,
approach,고인향,4334d56d7cce33567862762e6bcc11a5,2026-06-30,251,314007777,0.163,,
approach,고인향,4334d56d7cce33567862762e6bcc11a5,2026-07-01,251,314007777,0.163,,
approach,고인향,4334d56d7cce33567862762e6bcc11a5,2026-07-02,251,314007777,0.163,,
approach,고인향,4334d56d7cce33567862762e6bcc11a5,2026-07-03,251,314007777,0.163,,
approach,고인향,4334d56d7cce33567862762e6bcc11a5,2026-07-04,251,314007777,0.163,137242,
approach,고인향,4334d56d7cce33567862762e6bcc11a5,2026-07-05,251,314007777,0.163,,
approach,고인향,4334d56d7cce33567862762e6bcc11a5,2026-07-06,251,314007777,0.163,,
approach,고인향,4334d56d7cce33567862762e6bcc11a5,2026-07-07,251,314007777,0.163,,
approach,고인향,4334d56d7cce33567862762e6bcc11a5,2026-07-08,251,314007777,0.163,,
approach,고인향,4334d56d7cce33567862762e6bcc11a5,2026-07-09,251,314007777,0.163,,
approach,고인향,4334d56d7cce33567862762e6bcc11a5,2026-07-10,251,314007777,0.163,,
approach,고인향,4334d56d7cce33567862762e6bcc11a5,2026-07-11,251,314007777,0.163,,
approach,고인향,4334d56d7cce33567862762e6bcc11a5,2026-07-12,251,314007777,0.163,137242,
approach,긴과니,a7fb7efa4ac323707c3180540665021f,2026-06-18,251,260601664,0.136,9964,
approach,긴과니,a7fb7efa4ac323707c3180540665021f,2026-06-19,251,260601664,0.136,,
approach,긴과니,a7fb7efa4ac323707c3180540665021f,2026-06-20,251,260601664,0.136,,
approach,긴과니,a7fb7efa4ac323707c3180540665021f,2026-06-21,251,260601664,0.136,,
approach,긴과니,a7fb7efa4ac323707c3180540665021f,2026-06-22,251,260601664,0.136,,
approach,긴과니,a7fb7efa4ac323707c3180540665021f,2026-06-23,251,260601664,0.136,,
approach,긴과니,a7fb7efa4ac323707c3180540665021f,2026-06-24,251,260601664,0.136,,
approach,긴과니,a7fb7efa4ac323707c3180540665021f,2026-06-25,251,260601664,0.136,,
approach,긴과니,a7fb7efa4ac323707c3180540665021f,2026-06-26,251,260601664,0.136,9964,
approach,긴과니,a7fb7efa4ac323707c3180540665021f,2026-06-27,251,260601664,0.136,,
approach,긴과니,a7fb7efa4ac323707c3180540665021f,2026-06-28,251,260601664,0.136,,
approach,긴과니,a7fb7efa4ac323707c3180540665021f,2026-06-29,251,260601664,0.136,,
approach,긴과니,a7fb7efa4ac323707c3180540665021f,2026-06-30,251,260601664,0.136,,
approach,긴과니,a7fb7efa4ac323707c3180540665021f,2026-07-01,251,260601664,0.136,,
approach,긴과니,a7fb7efa4ac323707c3180540665021f,2026-07-02,251,260601664,0.136,,
approach,긴과니,a7fb7efa4ac323707c3180540665021f,2026-07-03,251,260601664,0.136,,
approach,긴과니,a7fb7efa4ac323707c3180540665021f,2026-07-04,251,260601664,0.136,9964,
approach,긴과니,a7fb7efa4ac323707c3180540665021f,2026-07-05,251,260601664,0.136,,
approach,긴과니,a7fb7efa4ac323707c3180540665021f,2026-07-06,251,260601664,0.136,,
approach,긴과니,a7fb7efa4ac323707c3180540665021f,2026-07-07,251,260601664,0.136,,
approach,긴과니,a7fb7efa4ac323707c3180540665021f,2026-07-08,251,260601664,0.136,,
approach,긴과니,a7fb7efa4ac323707c3180540665021f,2026-07-09,251,260601664,0.136,,
approach,긴과니,a7fb7efa4ac323707c3180540665021f,2026-07-10,251,260601664,0.136,,
approach,긴과니,a7fb7efa4ac323707c3180540665021f,2026-07-11,251,260601664,0.136,,
approach,긴과니,a7fb7efa4ac323707c3180540665021f,2026-07-12,251,260601664,0.136,9964,
approach,씩씩와,506a2a1dd6413d201e155e3f424849cf,2026-06-18,251,271002562,0.141,0,
approach,씩씩와,506a2a1dd6413d201e155e3f424849cf,2026-06-19,251,271002562,0.141,,
approach,씩씩와,506a2a1dd6413d201e155e3f424849cf,2026-06-20,251,271002562,0.141,,
approach,씩씩와,506a2a1dd6413d201e155e3f424849cf,2026-06-21,251,271002562,0.141,,
approach,씩씩와,506a2a1dd6413d201e155e3f424849cf,2026-06-22,251,271002562,0.141,,
approach,씩씩와,506a2a1dd6413d201e155e3f424849cf,2026-06-23,251,271002562,0.141,,
approach,씩씩와,506a2a1dd6413d201e155e3f424849cf,2026-06-24,251,271002562,0.141,,
approach,씩씩와,506a2a1dd6413d201e155e3f424849cf,2026-06-25,251,271002562,0.141,,
approach,씩씩와,506a2a1dd6413d201e155e3f424849cf,2026-06-26,251,271002562,0.141,0,
approach,씩씩와,506a2a1dd6413d201e155e3f424849cf,2026-06-27,251,271002562,0.141,,
approach,씩씩와,506a2a1dd6413d201e155e3f424849cf,2026-06-28,251,271002562,0.141,,
approach,씩씩와,506a2a1dd6413d201e155e3f424849cf,2026-06-29,251,271002562,0.141,,
approach,씩씩와,506a2a1dd6413d201e155e3f424849cf,2026-06-30,251,271002562,0.141,,
approach,씩씩와,506a2a1dd6413d201e155e3f424849cf,2026-07-01,251,271002562,0.141,,
approach,씩씩와,506a2a1dd6413d201e155e3f424849cf,2026-07-02,251,271002562,0.141,,
approach,씩씩와,506a2a1dd6413d201e155e3f424849cf,2026-07-03,251,271002562,0.141,,
approach,씩씩와,506a2a1dd6413d201e155e3f424849cf,2026-07-04,251,271002562,0.141,0,
approach,씩씩와,506a2a1dd6413d201e155e3f424849cf,2026-07-05,251,271002562,0.141,,
approach,씩씩와,506a2a1dd6413d201e155e3f424849cf,2026-07-06,251,271002562,0.141,,
approach,씩씩와,506a2a1dd6413d201e155e3f424849cf,2026-07-07,251,271002562,0.141,,
approach,씩씩와,506a2a1dd6413d201e155e3f424849cf,2026-07-08,251,271002562,0.141,,
approach,씩씩와,506a2a1dd6413d201e155e3f424849cf,2026-07-09,251,271002562,0.141,,
approach,씩씩와,506a2a1dd6413d201e155e3f424849cf,2026-07-10,251,271002562,0.141,,
approach,씩씩와,506a2a1dd6413d201e155e3f424849cf,2026-07-11,251,271002562,0.141,,
approach,씩씩와,506a2a1dd6413d201e155e3f424849cf,2026-07-12,251,271002562,0.141,0,
approach,나연뿌웅,273862d5ac596508c53cbf4f49f5e7ed,2026-06-18,251,301808615,0.157,76690,
approach,나연뿌웅,273862d5ac596508c53cbf4f49f5e7ed,2026-06-19,251,301808615,0.157,,
approach,나연뿌웅,273862d5ac596508c53cbf4f49f5e7ed,2026-06-20,251,301808615,0.157,,
approach,나연뿌웅,273862d5ac596508c53cbf4f49f5e7ed,2026-06-21,251,301808615,0.157,,
approach,나연뿌웅,273862d5ac596508c53cbf4f49f5e7ed,2026-06-22,251,301808615,0.157,,
approach,나연뿌웅,273862d5ac596508c53cbf4f49f5e7ed,2026-06-23,251,301808615,0.157,,
approach,나연뿌웅,273862d5ac596508c53cbf4f49f5e7ed,2026-06-24,251,301808615,0.157,,
approach,나연뿌웅,273862d5ac596508c53cbf4f49f5e7ed,2026-06-25,251,301808615,0.157,,
approach,나연뿌웅,273862d5ac596508c53cbf4f49f5e7ed,2026-06-26,251,301808615,0.157,76690,
approach,나연뿌웅,273862d5ac596508c53cbf4f49f5e7ed,2026-06-27,251,301808615,0.157,,
approach,나연뿌웅,273862d5ac596508c53cbf4f49f5e7ed,2026-06-28,251,301808615,0.157,,
approach,나연뿌웅,273862d5ac596508c53cbf4f49f5e7ed,2026-06-29,251,301808615,0.157,,
approach,나연뿌웅,273862d5ac596508c53cbf4f49f5e7ed,2026-06-30,251,301808615,0.157,,
approach,나연뿌웅,273862d5ac596508c53cbf4f49f5e7ed,2026-07-01,251,301808615,0.157,,
approach,나연뿌웅,273862d5ac596508c53cbf4f49f5e7ed,2026-07-02,251,301808615,0.157,,
approach,나연뿌웅,273862d5ac596508c53cbf4f49f5e7ed,2026-07-03,251,301808615,0.157,,
approach,나연뿌웅,273862d5ac596508c53cbf4f49f5e7ed,2026-07-04,251,301808615,0.157,76690,
approach,나연뿌웅,273862d5ac596508c53cbf4f49f5e7ed,2026-07-05,251,301808615,0.157,,
approach,나연뿌웅,273862d5ac596508c53cbf4f49f5e7ed,2026-07-06,251,301808615,0.157,,
approach,나연뿌웅,273862d5ac596508c53cbf4f49f5e7ed,2026-07-07,251,301808615,0.157,,
approach,나연뿌웅,273862d5ac596508c53cbf4f49f5e7ed,2026-07-08,251,301808615,0.157,,
approach,나연뿌웅,273862d5ac596508c53cbf4f49f5e7ed,2026-07-09,251,301808615,0.157,,
approach,나연뿌웅,273862d5ac596508c53cbf4f49f5e7ed,2026-07-10,251,301808615,0.157,,
approach,나연뿌웅,273862d5ac596508c53cbf4f49f5e7ed,2026-07-11,251,301808615,0.157,,
approach,나연뿌웅,273862d5ac596508c53cbf4f49f5e7ed,2026-07-12,251,301808615,0.157,76690,
approach,파토르,4f6d48a7f3b15aeb646f2098b01dea01,2026-06-18,251,295750165,0.154,359964,
approach,파토르,4f6d48a7f3b15aeb646f2098b01dea01,2026-06-19,251,295750165,0.154,,
approach,파토르,4f6d48a7f3b15aeb646f2098b01dea01,2026-06-20,251,295750165,0.154,,
approach,파토르,4f6d48a7f3b15aeb646f2098b01dea01,2026-06-21,251,295750165,0.154,,
approach,파토르,4f6d48a7f3b15aeb646f2098b01dea01,2026-06-22,251,295750165,0.154,,
approach,파토르,4f6d48a7f3b15aeb646f2098b01dea01,2026-06-23,251,295750165,0.154,,
approach,파토르,4f6d48a7f3b15aeb646f2098b01dea01,2026-06-24,251,295750165,0.154,,
approach,파토르,4f6d48a7f3b15aeb646f2098b01dea01,2026-06-25,251,295750165,0.154,,
approach,파토르,4f6d48a7f3b15aeb646f2098b01dea01,2026-06-26,251,295750165,0.154,359964,
approach,파토르,4f6d48a7f3b15aeb646f2098b01dea01,2026-06-27,251,295750165,0.154,,
approach,파토르,4f6d48a7f3b15aeb646f2098b01dea01,2026-06-28,251,295750165,0.154,,
approach,파토르,4f6d48a7f3b15aeb646f2098b01dea01,2026-06-29,251,295750165,0.154,,
approach,파토르,4f6d48a7f3b15aeb646f2098b01dea01,2026-06-30,251,295750165,0.154,,
approach,파토르,4f6d48a7f3b15aeb646f2098b01dea01,2026-07-01,251,295750165,0.154,,
approach,파토르,4f6d48a7f3b15aeb646f2098b01dea01,2026-07-02,251,295750165,0.154,,
approach,파토르,4f6d48a7f3b15aeb646f2098b01dea01,2026-07-03,251,295750165,0.154,,
approach,파토르,4f6d48a7f3b15aeb646f2098b01dea01,2026-07-04,251,295750165,0.154,235877,
approach,파토르,4f6d48a7f3b15aeb646f2098b01dea01,2026-07-05,251,295750165,0.154,,
approach,파토르,4f6d48a7f3b15aeb646f2098b01dea01,2026-07-06,251,295750165,0.154,,
approach,파토르,4f6d48a7f3b15aeb646f2098b01dea01,2026-07-07,251,295750165,0.154,,
approach,파토르,4f6d48a7f3b15aeb646f2098b01dea01,2026-07-08,251,295750165,0.154,,
approach,파토르,4f6d48a7f3b15aeb646f2098b01dea01,2026-07-09,251,295750165,0.154,,
approach,파토르,4f6d48a7f3b15aeb646f2098b01dea01,2026-07-10,251,295750165,0.154,,
approach,파토르,4f6d48a7f3b15aeb646f2098b01dea01,2026-07-11,251,295750165,0.154,,
approach,파토르,4f6d48a7f3b15aeb646f2098b01dea01,2026-07-12,251,295750165,0.154,305465,
approach,요르요르숫,96d038080bd65ece45d659d0b735923a,2026-06-18,251,292121438,0.064,3794995,
approach,요르요르숫,96d038080bd65ece45d659d0b735923a,2026-06-19,251,292121438,0.064,,
approach,요르요르숫,96d038080bd65ece45d659d0b735923a,2026-06-20,251,292121438,0.064,,
approach,요르요르숫,96d038080bd65ece45d659d0b735923a,2026-06-21,251,292121438,0.064,,
approach,요르요르숫,96d038080bd65ece45d659d0b735923a,2026-06-22,251,292121438,0.064,,
approach,요르요르숫,96d038080bd65ece45d659d0b735923a,2026-06-23,251,292121438,0.064,,
approach,요르요르숫,96d038080bd65ece45d659d0b735923a,2026-06-24,251,292121438,0.064,,
approach,요르요르숫,96d038080bd65ece45d659d0b735923a,2026-06-25,251,292121438,0.064,,
approach,요르요르숫,96d038080bd65ece45d659d0b735923a,2026-06-26,251,292121438,0.064,3794995,
approach,요르요르숫,96d038080bd65ece45d659d0b735923a,2026-06-27,251,292121438,0.064,,
approach,요르요르숫,96d038080bd65ece45d659d0b735923a,2026-06-28,251,292121438,0.064,,
approach,요르요르숫,96d038080bd65ece45d659d0b735923a,2026-06-29,251,292121438,0.064,,
approach,요르요르숫,96d038080bd65ece45d659d0b735923a,2026-06-30,251,292121438,0.064,,
approach,요르요르숫,96d038080bd65ece45d659d0b735923a,2026-07-01,251,292121438,0.064,,
approach,요르요르숫,96d038080bd65ece45d659d0b735923a,2026-07-02,251,292121438,0.064,,
approach,요르요르숫,96d038080bd65ece45d659d0b735923a,2026-07-03,251,292121438,0.064,,
approach,요르요르숫,96d038080bd65ece45d659d0b735923a,2026-07-04,251,292121438,0.064,3794995,
approach,요르요르숫,96d038080bd65ece45d659d0b735923a,2026-07-05,251,292121438,0.064,,
approach,요르요르숫,96d038080bd65ece45d659d0b735923a,2026-07-06,251,292121438,0.064,,
approach,요르요르숫,96d038080bd65ece45d659d0b735923a,2026-07-07,251,292121438,0.064,,
approach,요르요르숫,96d038080bd65ece45d659d0b735923a,2026-07-08,251,292121438,0.064,,
approach,요르요르숫,96d038080bd65ece45d659d0b735923a,2026-07-09,251,292121438,0.064,,
approach,요르요르숫,96d038080bd65ece45d659d0b735923a,2026-07-10,251,292121438,0.064,,
approach,요르요르숫,96d038080bd65ece45d659d0b735923a,2026-07-11,251,292121438,0.064,,
approach,요르요르숫,96d038080bd65ece45d659d0b735923a,2026-07-12,251,292121438,0.064,3794995,
approach,블래링크3998,8bb4c25fe36a8416dad270100d23f4a4,2026-06-18,251,325161516,0.169,184361,
approach,블래링크3998,8bb4c25fe36a8416dad270100d23f4a4,2026-06-19,251,325161516,0.169,,
approach,블래링크3998,8bb4c25fe36a8416dad270100d23f4a4,2026-06-20,251,325161516,0.169,,
approach,블래링크3998,8bb4c25fe36a8416dad270100d23f4a4,2026-06-21,251,325161516,0.169,,
approach,블래링크3998,8bb4c25fe36a8416dad270100d23f4a4,2026-06-22,251,325161516,0.169,,
approach,블래링크3998,8bb4c25fe36a8416dad270100d23f4a4,2026-06-23,251,325161516,0.169,,
approach,블래링크3998,8bb4c25fe36a8416dad270100d23f4a4,2026-06-24,251,325161516,0.169,,
approach,블래링크3998,8bb4c25fe36a8416dad270100d23f4a4,2026-06-25,251,325161516,0.169,,
approach,블래링크3998,8bb4c25fe36a8416dad270100d23f4a4,2026-06-26,251,325161516,0.169,184361,
approach,블래링크3998,8bb4c25fe36a8416dad270100d23f4a4,2026-06-27,251,325161516,0.169,,
approach,블래링크3998,8bb4c25fe36a8416dad270100d23f4a4,2026-06-28,251,325161516,0.169,,
approach,블래링크3998,8bb4c25fe36a8416dad270100d23f4a4,2026-06-29,251,325161516,0.169,,
approach,블래링크3998,8bb4c25fe36a8416dad270100d23f4a4,2026-06-30,251,325161516,0.169,,
approach,블래링크3998,8bb4c25fe36a8416dad270100d23f4a4,2026-07-01,251,325161516,0.169,,
approach,블래링크3998,8bb4c25fe36a8416dad270100d23f4a4,2026-07-02,251,325161516,0.169,,
approach,블래링크3998,8bb4c25fe36a8416dad270100d23f4a4,2026-07-03,251,325161516,0.169,,
approach,블래링크3998,8bb4c25fe36a8416dad270100d23f4a4,2026-07-04,251,325161516,0.169,184361,
approach,블래링크3998,8bb4c25fe36a8416dad270100d23f4a4,2026-07-05,251,325161516,0.169,,
approach,블래링크3998,8bb4c25fe36a8416dad270100d23f4a4,2026-07-06,251,325161516,0.169,,
approach,블래링크3998,8bb4c25fe36a8416dad270100d23f4a4,2026-07-07,251,325161516,0.169,,
approach,블래링크3998,8bb4c25fe36a8416dad270100d23f4a4,2026-07-08,251,325161516,0.169,,
approach,블래링크3998,8bb4c25fe36a8416dad270100d23f4a4,2026-07-09,251,325161516,0.169,,
approach,블래링크3998,8bb4c25fe36a8416dad270100d23f4a4,2026-07-10,251,325161516,0.169,,
approach,블래링크3998,8bb4c25fe36a8416dad270100d23f4a4,2026-07-11,251,325161516,0.169,,
approach,블래링크3998,8bb4c25fe36a8416dad270100d23f4a4,2026-07-12,251,325161516,0.169,184361,
approach,러브끼,76096c1256b89373b1d83a374bd8d632,2026-06-18,251,291646895,0.152,28404,
approach,러브끼,76096c1256b89373b1d83a374bd8d632,2026-06-19,251,291646895,0.152,,
approach,러브끼,76096c1256b89373b1d83a374bd8d632,2026-06-20,251,291646895,0.152,,
approach,러브끼,76096c1256b89373b1d83a374bd8d632,2026-06-21,251,291646895,0.152,,
approach,러브끼,76096c1256b89373b1d83a374bd8d632,2026-06-22,251,291646895,0.152,,
approach,러브끼,76096c1256b89373b1d83a374bd8d632,2026-06-23,251,291646895,0.152,,
approach,러브끼,76096c1256b89373b1d83a374bd8d632,2026-06-24,251,291646895,0.152,,
approach,러브끼,76096c1256b89373b1d83a374bd8d632,2026-06-25,251,291646895,0.152,,
approach,러브끼,76096c1256b89373b1d83a374bd8d632,2026-06-26,251,291646895,0.152,28404,
approach,러브끼,76096c1256b89373b1d83a374bd8d632,2026-06-27,251,291646895,0.152,,
approach,러브끼,76096c1256b89373b1d83a374bd8d632,2026-06-28,251,291646895,0.152,,
approach,러브끼,76096c1256b89373b1d83a374bd8d632,2026-06-29,251,291646895,0.152,,
approach,러브끼,76096c1256b89373b1d83a374bd8d632,2026-06-30,251,291646895,0.152,,
approach,러브끼,76096c1256b89373b1d83a374bd8d632,2026-07-01,251,291646895,0.152,,
approach,러브끼,76096c1256b89373b1d83a374bd8d632,2026-07-02,251,291646895,0.152,,
approach,러브끼,76096c1256b89373b1d83a374bd8d632,2026-07-03,251,291646895,0.152,,
approach,러브끼,76096c1256b89373b1d83a374bd8d632,2026-07-04,251,291646895,0.152,28404,
approach,러브끼,76096c1256b89373b1d83a374bd8d632,2026-07-05,251,291646895,0.152,,
approach,러브끼,76096c1256b89373b1d83a374bd8d632,2026-07-06,251,291646895,0.152,,
approach,러브끼,76096c1256b89373b1d83a374bd8d632,2026-07-07,251,291646895,0.152,,
approach,러브끼,76096c1256b89373b1d83a374bd8d632,2026-07-08,251,291646895,0.152,,
approach,러브끼,76096c1256b89373b1d83a374bd8d632,2026-07-09,251,291646895,0.152,,
approach,러브끼,76096c1256b89373b1d83a374bd8d632,2026-07-10,251,291646895,0.152,,
approach,러브끼,76096c1256b89373b1d83a374bd8d632,2026-07-11,251,291646895,0.152,,
approach,러브끼,76096c1256b89373b1d83a374bd8d632,2026-07-12,251,291646895,0.152,28404,
approach,피디다,5e435512bd762458e973b981ffbd1d54,2026-06-18,251,224845188,0.117,775612,
approach,피디다,5e435512bd762458e973b981ffbd1d54,2026-06-19,251,224845188,0.117,,
approach,피디다,5e435512bd762458e973b981ffbd1d54,2026-06-20,251,224845188,0.117,,
approach,피디다,5e435512bd762458e973b981ffbd1d54,2026-06-21,251,224845188,0.117,,
approach,피디다,5e435512bd762458e973b981ffbd1d54,2026-06-22,251,224845188,0.117,,
approach,피디다,5e435512bd762458e973b981ffbd1d54,2026-06-23,251,224845188,0.117,,
approach,피디다,5e435512bd762458e973b981ffbd1d54,2026-06-24,251,224845188,0.117,,
approach,피디다,5e435512bd762458e973b981ffbd1d54,2026-06-25,251,224845188,0.117,,
approach,피디다,5e435512bd762458e973b981ffbd1d54,2026-06-26,251,224845188,0.117,775612,
approach,피디다,5e435512bd762458e973b981ffbd1d54,2026-06-27,251,224845188,0.117,,
approach,피디다,5e435512bd762458e973b981ffbd1d54,2026-06-28,251,224845188,0.117,,
approach,피디다,5e435512bd762458e973b981ffbd1d54,2026-06-29,251,224845188,0.117,,
approach,피디다,5e435512bd762458e973b981ffbd1d54,2026-06-30,251,224845188,0.117,,
approach,피디다,5e435512bd762458e973b981ffbd1d54,2026-07-01,251,224845188,0.117,,
approach,피디다,5e435512bd762458e973b981ffbd1d54,2026-07-02,251,224845188,0.117,,
approach,피디다,5e435512bd762458e973b981ffbd1d54,2026-07-03,251,224845188,0.117,,
approach,피디다,5e435512bd762458e973b981ffbd1d54,2026-07-04,251,224845188,0.117,775612,
approach,피디다,5e435512bd762458e973b981ffbd1d54,2026-07-05,251,224845188,0.117,,
approach,피디다,5e435512bd762458e973b981ffbd1d54,2026-07-06,251,224845188,0.117,,
approach,피디다,5e435512bd762458e973b981ffbd1d54,2026-07-07,251,224845188,0.117,,
approach,피디다,5e435512bd762458e973b981ffbd1d54,2026-07-08,251,224845188,0.117,,
approach,피디다,5e435512bd762458e973b981ffbd1d54,2026-07-09,251,224845188,0.117,,
approach,피디다,5e435512bd762458e973b981ffbd1d54,2026-07-10,251,224845188,0.117,,
approach,피디다,5e435512bd762458e973b981ffbd1d54,2026-07-11,251,224845188,0.117,,
approach,피디다,5e435512bd762458e973b981ffbd1d54,2026-07-12,251,224845188,0.117,775612,
approach,메세자환,fbf9eb20ffe45952e0ac83a82e122508aae77432709819edb959e1fd5d1d77b4,2026-06-18,251,222116813,0.116,147850,
approach,메세자환,fbf9eb20ffe45952e0ac83a82e122508aae77432709819edb959e1fd5d1d77b4,2026-06-19,251,222116813,0.116,,
approach,메세자환,fbf9eb20ffe45952e0ac83a82e122508aae77432709819edb959e1fd5d1d77b4,2026-06-20,251,222116813,0.116,,
approach,메세자환,fbf9eb20ffe45952e0ac83a82e122508aae77432709819edb959e1fd5d1d77b4,2026-06-21,251,222116813,0.116,,
approach,메세자환,fbf9eb20ffe45952e0ac83a82e122508aae77432709819edb959e1fd5d1d77b4,2026-06-22,251,222116813,0.116,,
approach,메세자환,fbf9eb20ffe45952e0ac83a82e122508aae77432709819edb959e1fd5d1d77b4,2026-06-23,251,222116813,0.116,,
approach,메세자환,fbf9eb20ffe45952e0ac83a82e122508aae77432709819edb959e1fd5d1d77b4,2026-06-24,251,222116813,0.116,,
approach,메세자환,fbf9eb20ffe45952e0ac83a82e122508aae77432709819edb959e1fd5d1d77b4,2026-06-25,251,222116813,0.116,,
approach,메세자환,fbf9eb20ffe45952e0ac83a82e122508aae77432709819edb959e1fd5d1d77b4,2026-06-26,251,222116813,0.116,147850,
approach,메세자환,fbf9eb20ffe45952e0ac83a82e122508aae77432709819edb959e1fd5d1d77b4,2026-06-27,251,222116813,0.116,,
approach,메세자환,fbf9eb20ffe45952e0ac83a82e122508aae77432709819edb959e1fd5d1d77b4,2026-06-28,251,222116813,0.116,,
approach,메세자환,fbf9eb20ffe45952e0ac83a82e122508aae77432709819edb959e1fd5d1d77b4,2026-06-29,251,222116813,0.116,,
approach,메세자환,fbf9eb20ffe45952e0ac83a82e122508aae77432709819edb959e1fd5d1d77b4,2026-06-30,251,222116813,0.116,,
approach,메세자환,fbf9eb20ffe45952e0ac83a82e122508aae77432709819edb959e1fd5d1d77b4,2026-07-01,251,222116813,0.116,,
approach,메세자환,fbf9eb20ffe45952e0ac83a82e122508aae77432709819edb959e1fd5d1d77b4,2026-07-02,251,222116813,0.116,,
approach,메세자환,fbf9eb20ffe45952e0ac83a82e122508aae77432709819edb959e1fd5d1d77b4,2026-07-03,251,222116813,0.116,,
approach,메세자환,fbf9eb20ffe45952e0ac83a82e122508aae77432709819edb959e1fd5d1d77b4,2026-07-04,251,222116813,0.116,147850,
approach,메세자환,fbf9eb20ffe45952e0ac83a82e122508aae77432709819edb959e1fd5d1d77b4,2026-07-05,251,222116813,0.116,,
approach,메세자환,fbf9eb20ffe45952e0ac83a82e122508aae77432709819edb959e1fd5d1d77b4,2026-07-06,251,222116813,0.116,,
approach,메세자환,fbf9eb20ffe45952e0ac83a82e122508aae77432709819edb959e1fd5d1d77b4,2026-07-07,251,222116813,0.116,,
approach,메세자환,fbf9eb20ffe45952e0ac83a82e122508aae77432709819edb959e1fd5d1d77b4,2026-07-08,251,222116813,0.116,,
approach,메세자환,fbf9eb20ffe45952e0ac83a82e122508aae77432709819edb959e1fd5d1d77b4,2026-07-09,251,222116813,0.116,,
approach,메세자환,fbf9eb20ffe45952e0ac83a82e122508aae77432709819edb959e1fd5d1d77b4,2026-07-10,251,222116813,0.116,,
approach,메세자환,fbf9eb20ffe45952e0ac83a82e122508aae77432709819edb959e1fd5d1d77b4,2026-07-11,251,222116813,0.116,,
approach,메세자환,fbf9eb20ffe45952e0ac83a82e122508aae77432709819edb959e1fd5d1d77b4,2026-07-12,251,222116813,0.116,147850,
approach,1코어거드라,9af55904fc723277aa48af6b166ea1d4,2026-06-18,251,303182093,0.158,159359,
approach,1코어거드라,9af55904fc723277aa48af6b166ea1d4,2026-06-19,251,303182093,0.158,,
approach,1코어거드라,9af55904fc723277aa48af6b166ea1d4,2026-06-20,251,303182093,0.158,,
approach,1코어거드라,9af55904fc723277aa48af6b166ea1d4,2026-06-21,251,303182093,0.158,,
approach,1코어거드라,9af55904fc723277aa48af6b166ea1d4,2026-06-22,251,303182093,0.158,,
approach,1코어거드라,9af55904fc723277aa48af6b166ea1d4,2026-06-23,251,303182093,0.158,,
approach,1코어거드라,9af55904fc723277aa48af6b166ea1d4,2026-06-24,251,303182093,0.158,,
approach,1코어거드라,9af55904fc723277aa48af6b166ea1d4,2026-06-25,251,303182093,0.158,,
approach,1코어거드라,9af55904fc723277aa48af6b166ea1d4,2026-06-26,251,303182093,0.158,159359,
approach,1코어거드라,9af55904fc723277aa48af6b166ea1d4,2026-06-27,251,303182093,0.158,,
approach,1코어거드라,9af55904fc723277aa48af6b166ea1d4,2026-06-28,251,303182093,0.158,,
approach,1코어거드라,9af55904fc723277aa48af6b166ea1d4,2026-06-29,251,303182093,0.158,,
approach,1코어거드라,9af55904fc723277aa48af6b166ea1d4,2026-06-30,251,303182093,0.158,,
approach,1코어거드라,9af55904fc723277aa48af6b166ea1d4,2026-07-01,251,303182093,0.158,,
approach,1코어거드라,9af55904fc723277aa48af6b166ea1d4,2026-07-02,251,303182093,0.158,,
approach,1코어거드라,9af55904fc723277aa48af6b166ea1d4,2026-07-03,251,303182093,0.158,,
approach,1코어거드라,9af55904fc723277aa48af6b166ea1d4,2026-07-04,251,303182093,0.158,159359,
approach,1코어거드라,9af55904fc723277aa48af6b166ea1d4,2026-07-05,251,303182093,0.158,,
approach,1코어거드라,9af55904fc723277aa48af6b166ea1d4,2026-07-06,251,303182093,0.158,,
approach,1코어거드라,9af55904fc723277aa48af6b166ea1d4,2026-07-07,251,303182093,0.158,,
approach,1코어거드라,9af55904fc723277aa48af6b166ea1d4,2026-07-08,251,303182093,0.158,,
approach,1코어거드라,9af55904fc723277aa48af6b166ea1d4,2026-07-09,251,303182093,0.158,,
approach,1코어거드라,9af55904fc723277aa48af6b166ea1d4,2026-07-10,251,303182093,0.158,,
approach,1코어거드라,9af55904fc723277aa48af6b166ea1d4,2026-07-11,251,303182093,0.158,,
approach,1코어거드라,9af55904fc723277aa48af6b166ea1d4,2026-07-12,251,303182093,0.158,159359,
approach,꾸꾸p,9f73a59397519575770016ed377f7915,2026-06-18,251,313099290,0.163,72137,
approach,꾸꾸p,9f73a59397519575770016ed377f7915,2026-06-19,251,313099290,0.163,,
approach,꾸꾸p,9f73a59397519575770016ed377f7915,2026-06-20,251,313099290,0.163,,
approach,꾸꾸p,9f73a59397519575770016ed377f7915,2026-06-21,251,313099290,0.163,,
approach,꾸꾸p,9f73a59397519575770016ed377f7915,2026-06-22,251,313099290,0.163,,
approach,꾸꾸p,9f73a59397519575770016ed377f7915,2026-06-23,251,313099290,0.163,,
approach,꾸꾸p,9f73a59397519575770016ed377f7915,2026-06-24,251,313099290,0.163,,
approach,꾸꾸p,9f73a59397519575770016ed377f7915,2026-06-25,251,313099290,0.163,,
approach,꾸꾸p,9f73a59397519575770016ed377f7915,2026-06-26,251,313099290,0.163,72137,
approach,꾸꾸p,9f73a59397519575770016ed377f7915,2026-06-27,251,313099290,0.163,,
approach,꾸꾸p,9f73a59397519575770016ed377f7915,2026-06-28,251,313099290,0.163,,
approach,꾸꾸p,9f73a59397519575770016ed377f7915,2026-06-29,251,313099290,0.163,,
approach,꾸꾸p,9f73a59397519575770016ed377f7915,2026-06-30,251,313099290,0.163,,
approach,꾸꾸p,9f73a59397519575770016ed377f7915,2026-07-01,251,313099290,0.163,,
approach,꾸꾸p,9f73a59397519575770016ed377f7915,2026-07-02,251,313099290,0.163,,
approach,꾸꾸p,9f73a59397519575770016ed377f7915,2026-07-03,251,313099290,0.163,,
approach,꾸꾸p,9f73a59397519575770016ed377f7915,2026-07-04,251,313099290,0.163,72137,
approach,꾸꾸p,9f73a59397519575770016ed377f7915,2026-07-05,251,313099290,0.163,,
approach,꾸꾸p,9f73a59397519575770016ed377f7915,2026-07-06,251,313099290,0.163,,
approach,꾸꾸p,9f73a59397519575770016ed377f7915,2026-07-07,251,313099290,0.163,,
approach,꾸꾸p,9f73a59397519575770016ed377f7915,2026-07-08,251,313099290,0.163,,
approach,꾸꾸p,9f73a59397519575770016ed377f7915,2026-07-09,251,313099290,0.163,,
approach,꾸꾸p,9f73a59397519575770016ed377f7915,2026-07-10,251,313099290,0.163,,
approach,꾸꾸p,9f73a59397519575770016ed377f7915,2026-07-11,251,313099290,0.163,,
approach,꾸꾸p,9f73a59397519575770016ed377f7915,2026-07-12,251,313099290,0.163,72137,
approach,은월나무줄기,b80fc3897be9385cd115e4e56517abf2,2026-06-18,251,228569627,0.119,177,
approach,은월나무줄기,b80fc3897be9385cd115e4e56517abf2,2026-06-19,251,228569627,0.119,,
approach,은월나무줄기,b80fc3897be9385cd115e4e56517abf2,2026-06-20,251,228569627,0.119,,
approach,은월나무줄기,b80fc3897be9385cd115e4e56517abf2,2026-06-21,251,228569627,0.119,,
approach,은월나무줄기,b80fc3897be9385cd115e4e56517abf2,2026-06-22,251,228569627,0.119,,
approach,은월나무줄기,b80fc3897be9385cd115e4e56517abf2,2026-06-23,251,228569627,0.119,,
approach,은월나무줄기,b80fc3897be9385cd115e4e56517abf2,2026-06-24,251,228569627,0.119,,
approach,은월나무줄기,b80fc3897be9385cd115e4e56517abf2,2026-06-25,251,228569627,0.119,,
approach,은월나무줄기,b80fc3897be9385cd115e4e56517abf2,2026-06-26,251,228569627,0.119,177,
approach,은월나무줄기,b80fc3897be9385cd115e4e56517abf2,2026-06-27,251,228569627,0.119,,
approach,은월나무줄기,b80fc3897be9385cd115e4e56517abf2,2026-06-28,251,228569627,0.119,,
approach,은월나무줄기,b80fc3897be9385cd115e4e56517abf2,2026-06-29,251,228569627,0.119,,
approach,은월나무줄기,b80fc3897be9385cd115e4e56517abf2,2026-06-30,251,228569627,0.119,,
approach,은월나무줄기,b80fc3897be9385cd115e4e56517abf2,2026-07-01,251,228569627,0.119,,
approach,은월나무줄기,b80fc3897be9385cd115e4e56517abf2,2026-07-02,251,228569627,0.119,,
approach,은월나무줄기,b80fc3897be9385cd115e4e56517abf2,2026-07-03,251,228569627,0.119,,
approach,은월나무줄기,b80fc3897be9385cd115e4e56517abf2,2026-07-04,251,228569627,0.119,177,
approach,은월나무줄기,b80fc3897be9385cd115e4e56517abf2,2026-07-05,251,228569627,0.119,,
approach,은월나무줄기,b80fc3897be9385cd115e4e56517abf2,2026-07-06,251,228569627,0.119,,
approach,은월나무줄기,b80fc3897be9385cd115e4e56517abf2,2026-07-07,251,228569627,0.119,,
approach,은월나무줄기,b80fc3897be9385cd115e4e56517abf2,2026-07-08,251,228569627,0.119,,
approach,은월나무줄기,b80fc3897be9385cd115e4e56517abf2,2026-07-09,251,228569627,0.119,,
approach,은월나무줄기,b80fc3897be9385cd115e4e56517abf2,2026-07-10,251,228569627,0.119,,
approach,은월나무줄기,b80fc3897be9385cd115e4e56517abf2,2026-07-11,251,228569627,0.119,,
approach,은월나무줄기,b80fc3897be9385cd115e4e56517abf2,2026-07-12,251,228569627,0.119,177,
approach,로블럼,67401d2eca73ba8dd6719e1cad1560e5,2026-06-18,251,284257350,0.148,147927,
approach,로블럼,67401d2eca73ba8dd6719e1cad1560e5,2026-06-19,251,284257350,0.148,,
approach,로블럼,67401d2eca73ba8dd6719e1cad1560e5,2026-06-20,251,284257350,0.148,,
approach,로블럼,67401d2eca73ba8dd6719e1cad1560e5,2026-06-21,251,284257350,0.148,,
approach,로블럼,67401d2eca73ba8dd6719e1cad1560e5,2026-06-22,251,284257350,0.148,,
approach,로블럼,67401d2eca73ba8dd6719e1cad1560e5,2026-06-23,251,284257350,0.148,,
approach,로블럼,67401d2eca73ba8dd6719e1cad1560e5,2026-06-24,251,284257350,0.148,,
approach,로블럼,67401d2eca73ba8dd6719e1cad1560e5,2026-06-25,251,284257350,0.148,,
approach,로블럼,67401d2eca73ba8dd6719e1cad1560e5,2026-06-26,251,284257350,0.148,147927,
approach,로블럼,67401d2eca73ba8dd6719e1cad1560e5,2026-06-27,251,284257350,0.148,,
approach,로블럼,67401d2eca73ba8dd6719e1cad1560e5,2026-06-28,251,284257350,0.148,,
approach,로블럼,67401d2eca73ba8dd6719e1cad1560e5,2026-06-29,251,284257350,0.148,,
approach,로블럼,67401d2eca73ba8dd6719e1cad1560e5,2026-06-30,251,284257350,0.148,,
approach,로블럼,67401d2eca73ba8dd6719e1cad1560e5,2026-07-01,251,284257350,0.148,,
approach,로블럼,67401d2eca73ba8dd6719e1cad1560e5,2026-07-02,251,284257350,0.148,,
approach,로블럼,67401d2eca73ba8dd6719e1cad1560e5,2026-07-03,251,284257350,0.148,,
approach,로블럼,67401d2eca73ba8dd6719e1cad1560e5,2026-07-04,251,284257350,0.148,147927,
approach,로블럼,67401d2eca73ba8dd6719e1cad1560e5,2026-07-05,251,284257350,0.148,,
approach,로블럼,67401d2eca73ba8dd6719e1cad1560e5,2026-07-06,251,284257350,0.148,,
approach,로블럼,67401d2eca73ba8dd6719e1cad1560e5,2026-07-07,251,284257350,0.148,,
approach,로블럼,67401d2eca73ba8dd6719e1cad1560e5,2026-07-08,251,284257350,0.148,,
approach,로블럼,67401d2eca73ba8dd6719e1cad1560e5,2026-07-09,251,284257350,0.148,,
approach,로블럼,67401d2eca73ba8dd6719e1cad1560e5,2026-07-10,251,284257350,0.148,,
approach,로블럼,67401d2eca73ba8dd6719e1cad1560e5,2026-07-11,251,284257350,0.148,,
approach,로블럼,67401d2eca73ba8dd6719e1cad1560e5,2026-07-12,251,284257350,0.148,147927,
approach,독히살인마,06ac1e33b72146d1a5a78c4e105403a7efe8d04e6d233bd35cf2fabdeb93fb0d,2026-06-18,251,285885162,0.149,214198,
approach,독히살인마,06ac1e33b72146d1a5a78c4e105403a7efe8d04e6d233bd35cf2fabdeb93fb0d,2026-06-19,251,285885162,0.149,,
approach,독히살인마,06ac1e33b72146d1a5a78c4e105403a7efe8d04e6d233bd35cf2fabdeb93fb0d,2026-06-20,251,285885162,0.149,,
approach,독히살인마,06ac1e33b72146d1a5a78c4e105403a7efe8d04e6d233bd35cf2fabdeb93fb0d,2026-06-21,251,285885162,0.149,,
approach,독히살인마,06ac1e33b72146d1a5a78c4e105403a7efe8d04e6d233bd35cf2fabdeb93fb0d,2026-06-22,251,285885162,0.149,,
approach,독히살인마,06ac1e33b72146d1a5a78c4e105403a7efe8d04e6d233bd35cf2fabdeb93fb0d,2026-06-23,251,285885162,0.149,,
approach,독히살인마,06ac1e33b72146d1a5a78c4e105403a7efe8d04e6d233bd35cf2fabdeb93fb0d,2026-06-24,251,285885162,0.149,,
approach,독히살인마,06ac1e33b72146d1a5a78c4e105403a7efe8d04e6d233bd35cf2fabdeb93fb0d,2026-06-25,251,285885162,0.149,,
approach,독히살인마,06ac1e33b72146d1a5a78c4e105403a7efe8d04e6d233bd35cf2fabdeb93fb0d,2026-06-26,251,285885162,0.149,214198,
approach,독히살인마,06ac1e33b72146d1a5a78c4e105403a7efe8d04e6d233bd35cf2fabdeb93fb0d,2026-06-27,251,285885162,0.149,,
approach,독히살인마,06ac1e33b72146d1a5a78c4e105403a7efe8d04e6d233bd35cf2fabdeb93fb0d,2026-06-28,251,285885162,0.149,,
approach,독히살인마,06ac1e33b72146d1a5a78c4e105403a7efe8d04e6d233bd35cf2fabdeb93fb0d,2026-06-29,251,285885162,0.149,,
approach,독히살인마,06ac1e33b72146d1a5a78c4e105403a7efe8d04e6d233bd35cf2fabdeb93fb0d,2026-06-30,251,285885162,0.149,,
approach,독히살인마,06ac1e33b72146d1a5a78c4e105403a7efe8d04e6d233bd35cf2fabdeb93fb0d,2026-07-01,251,285885162,0.149,,
approach,독히살인마,06ac1e33b72146d1a5a78c4e105403a7efe8d04e6d233bd35cf2fabdeb93fb0d,2026-07-02,251,285885162,0.149,,
approach,독히살인마,06ac1e33b72146d1a5a78c4e105403a7efe8d04e6d233bd35cf2fabdeb93fb0d,2026-07-03,251,285885162,0.149,,
approach,독히살인마,06ac1e33b72146d1a5a78c4e105403a7efe8d04e6d233bd35cf2fabdeb93fb0d,2026-07-04,251,285885162,0.149,214198,
approach,독히살인마,06ac1e33b72146d1a5a78c4e105403a7efe8d04e6d233bd35cf2fabdeb93fb0d,2026-07-05,251,285885162,0.149,,
approach,독히살인마,06ac1e33b72146d1a5a78c4e105403a7efe8d04e6d233bd35cf2fabdeb93fb0d,2026-07-06,251,285885162,0.149,,
approach,독히살인마,06ac1e33b72146d1a5a78c4e105403a7efe8d04e6d233bd35cf2fabdeb93fb0d,2026-07-07,251,285885162,0.149,,
approach,독히살인마,06ac1e33b72146d1a5a78c4e105403a7efe8d04e6d233bd35cf2fabdeb93fb0d,2026-07-08,251,285885162,0.149,,
approach,독히살인마,06ac1e33b72146d1a5a78c4e105403a7efe8d04e6d233bd35cf2fabdeb93fb0d,2026-07-09,251,285885162,0.149,,
approach,독히살인마,06ac1e33b72146d1a5a78c4e105403a7efe8d04e6d233bd35cf2fabdeb93fb0d,2026-07-10,251,285885162,0.149,,
approach,독히살인마,06ac1e33b72146d1a5a78c4e105403a7efe8d04e6d233bd35cf2fabdeb93fb0d,2026-07-11,251,285885162,0.149,,
approach,독히살인마,06ac1e33b72146d1a5a78c4e105403a7efe8d04e6d233bd35cf2fabdeb93fb0d,2026-07-12,251,285885162,0.149,214198,
approach,나나나잇,2438eebf18619d2eb88e9292089445ca,2026-06-18,251,299388752,0.156,0,
approach,나나나잇,2438eebf18619d2eb88e9292089445ca,2026-06-19,251,299388752,0.156,,
approach,나나나잇,2438eebf18619d2eb88e9292089445ca,2026-06-20,251,299388752,0.156,,
approach,나나나잇,2438eebf18619d2eb88e9292089445ca,2026-06-21,251,299388752,0.156,,
approach,나나나잇,2438eebf18619d2eb88e9292089445ca,2026-06-22,251,299388752,0.156,,
approach,나나나잇,2438eebf18619d2eb88e9292089445ca,2026-06-23,251,299388752,0.156,,
approach,나나나잇,2438eebf18619d2eb88e9292089445ca,2026-06-24,251,299388752,0.156,,
approach,나나나잇,2438eebf18619d2eb88e9292089445ca,2026-06-25,251,299388752,0.156,,
approach,나나나잇,2438eebf18619d2eb88e9292089445ca,2026-06-26,251,299388752,0.156,0,
approach,나나나잇,2438eebf18619d2eb88e9292089445ca,2026-06-27,251,299388752,0.156,,
approach,나나나잇,2438eebf18619d2eb88e9292089445ca,2026-06-28,251,299388752,0.156,,
approach,나나나잇,2438eebf18619d2eb88e9292089445ca,2026-06-29,251,299388752,0.156,,
approach,나나나잇,2438eebf18619d2eb88e9292089445ca,2026-06-30,251,299388752,0.156,,
approach,나나나잇,2438eebf18619d2eb88e9292089445ca,2026-07-01,251,299388752,0.156,,
approach,나나나잇,2438eebf18619d2eb88e9292089445ca,2026-07-02,251,299388752,0.156,,
approach,나나나잇,2438eebf18619d2eb88e9292089445ca,2026-07-03,251,299388752,0.156,,
approach,나나나잇,2438eebf18619d2eb88e9292089445ca,2026-07-04,251,299388752,0.156,0,
approach,나나나잇,2438eebf18619d2eb88e9292089445ca,2026-07-05,251,299388752,0.156,,
approach,나나나잇,2438eebf18619d2eb88e9292089445ca,2026-07-06,251,299388752,0.156,,
approach,나나나잇,2438eebf18619d2eb88e9292089445ca,2026-07-07,251,299388752,0.156,,
approach,나나나잇,2438eebf18619d2eb88e9292089445ca,2026-07-08,251,299388752,0.156,,
approach,나나나잇,2438eebf18619d2eb88e9292089445ca,2026-07-09,251,299388752,0.156,,
approach,나나나잇,2438eebf18619d2eb88e9292089445ca,2026-07-10,251,299388752,0.156,,
approach,나나나잇,2438eebf18619d2eb88e9292089445ca,2026-07-11,251,299388752,0.156,,
approach,나나나잇,2438eebf18619d2eb88e9292089445ca,2026-07-12,251,299388752,0.156,0,
approach,집에가잣,817c746aeb79323f34e94a67f21cebb8,2026-06-18,251,266799096,0.139,237666,
approach,집에가잣,817c746aeb79323f34e94a67f21cebb8,2026-06-19,251,266799096,0.139,,
approach,집에가잣,817c746aeb79323f34e94a67f21cebb8,2026-06-20,251,266799096,0.139,,
approach,집에가잣,817c746aeb79323f34e94a67f21cebb8,2026-06-21,251,266799096,0.139,,
approach,집에가잣,817c746aeb79323f34e94a67f21cebb8,2026-06-22,251,266799096,0.139,,
approach,집에가잣,817c746aeb79323f34e94a67f21cebb8,2026-06-23,251,266799096,0.139,,
approach,집에가잣,817c746aeb79323f34e94a67f21cebb8,2026-06-24,251,266799096,0.139,,
approach,집에가잣,817c746aeb79323f34e94a67f21cebb8,2026-06-25,251,266799096,0.139,,
approach,집에가잣,817c746aeb79323f34e94a67f21cebb8,2026-06-26,251,266799096,0.139,237666,
approach,집에가잣,817c746aeb79323f34e94a67f21cebb8,2026-06-27,251,266799096,0.139,,
approach,집에가잣,817c746aeb79323f34e94a67f21cebb8,2026-06-28,251,266799096,0.139,,
approach,집에가잣,817c746aeb79323f34e94a67f21cebb8,2026-06-29,251,266799096,0.139,,
approach,집에가잣,817c746aeb79323f34e94a67f21cebb8,2026-06-30,251,266799096,0.139,,
approach,집에가잣,817c746aeb79323f34e94a67f21cebb8,2026-07-01,251,266799096,0.139,,
approach,집에가잣,817c746aeb79323f34e94a67f21cebb8,2026-07-02,251,266799096,0.139,,
approach,집에가잣,817c746aeb79323f34e94a67f21cebb8,2026-07-03,251,266799096,0.139,,
approach,집에가잣,817c746aeb79323f34e94a67f21cebb8,2026-07-04,251,266799096,0.139,237666,
approach,집에가잣,817c746aeb79323f34e94a67f21cebb8,2026-07-05,251,266799096,0.139,,
approach,집에가잣,817c746aeb79323f34e94a67f21cebb8,2026-07-06,251,266799096,0.139,,
approach,집에가잣,817c746aeb79323f34e94a67f21cebb8,2026-07-07,251,266799096,0.139,,
approach,집에가잣,817c746aeb79323f34e94a67f21cebb8,2026-07-08,251,266799096,0.139,,
approach,집에가잣,817c746aeb79323f34e94a67f21cebb8,2026-07-09,251,266799096,0.139,,
approach,집에가잣,817c746aeb79323f34e94a67f21cebb8,2026-07-10,251,266799096,0.139,,
approach,집에가잣,817c746aeb79323f34e94a67f21cebb8,2026-07-11,251,266799096,0.139,,
approach,집에가잣,817c746aeb79323f34e94a67f21cebb8,2026-07-12,251,266799096,0.139,237666,
approach,고평곤,70f358624c951f5d81c38c3aad3ac7cfefe8d04e6d233bd35cf2fabdeb93fb0d,2026-06-18,251,276825424,0.144,103673,
approach,고평곤,70f358624c951f5d81c38c3aad3ac7cfefe8d04e6d233bd35cf2fabdeb93fb0d,2026-06-19,251,276825424,0.144,,
approach,고평곤,70f358624c951f5d81c38c3aad3ac7cfefe8d04e6d233bd35cf2fabdeb93fb0d,2026-06-20,251,276825424,0.144,,
approach,고평곤,70f358624c951f5d81c38c3aad3ac7cfefe8d04e6d233bd35cf2fabdeb93fb0d,2026-06-21,251,276825424,0.144,,
approach,고평곤,70f358624c951f5d81c38c3aad3ac7cfefe8d04e6d233bd35cf2fabdeb93fb0d,2026-06-22,251,276825424,0.144,,
approach,고평곤,70f358624c951f5d81c38c3aad3ac7cfefe8d04e6d233bd35cf2fabdeb93fb0d,2026-06-23,251,276825424,0.144,,
approach,고평곤,70f358624c951f5d81c38c3aad3ac7cfefe8d04e6d233bd35cf2fabdeb93fb0d,2026-06-24,251,276825424,0.144,,
approach,고평곤,70f358624c951f5d81c38c3aad3ac7cfefe8d04e6d233bd35cf2fabdeb93fb0d,2026-06-25,251,276825424,0.144,,
approach,고평곤,70f358624c951f5d81c38c3aad3ac7cfefe8d04e6d233bd35cf2fabdeb93fb0d,2026-06-26,251,276825424,0.144,115199,
approach,고평곤,70f358624c951f5d81c38c3aad3ac7cfefe8d04e6d233bd35cf2fabdeb93fb0d,2026-06-27,251,276825424,0.144,,
approach,고평곤,70f358624c951f5d81c38c3aad3ac7cfefe8d04e6d233bd35cf2fabdeb93fb0d,2026-06-28,251,276825424,0.144,,
approach,고평곤,70f358624c951f5d81c38c3aad3ac7cfefe8d04e6d233bd35cf2fabdeb93fb0d,2026-06-29,251,276825424,0.144,,
approach,고평곤,70f358624c951f5d81c38c3aad3ac7cfefe8d04e6d233bd35cf2fabdeb93fb0d,2026-06-30,251,276825424,0.144,,
approach,고평곤,70f358624c951f5d81c38c3aad3ac7cfefe8d04e6d233bd35cf2fabdeb93fb0d,2026-07-01,251,276825424,0.144,,
approach,고평곤,70f358624c951f5d81c38c3aad3ac7cfefe8d04e6d233bd35cf2fabdeb93fb0d,2026-07-02,251,276825424,0.144,,
approach,고평곤,70f358624c951f5d81c38c3aad3ac7cfefe8d04e6d233bd35cf2fabdeb93fb0d,2026-07-03,251,276825424,0.144,,
approach,고평곤,70f358624c951f5d81c38c3aad3ac7cfefe8d04e6d233bd35cf2fabdeb93fb0d,2026-07-04,251,276825424,0.144,115199,
approach,고평곤,70f358624c951f5d81c38c3aad3ac7cfefe8d04e6d233bd35cf2fabdeb93fb0d,2026-07-05,251,276825424,0.144,,
approach,고평곤,70f358624c951f5d81c38c3aad3ac7cfefe8d04e6d233bd35cf2fabdeb93fb0d,2026-07-06,251,276825424,0.144,,
approach,고평곤,70f358624c951f5d81c38c3aad3ac7cfefe8d04e6d233bd35cf2fabdeb93fb0d,2026-07-07,251,276825424,0.144,,
approach,고평곤,70f358624c951f5d81c38c3aad3ac7cfefe8d04e6d233bd35cf2fabdeb93fb0d,2026-07-08,251,276825424,0.144,,
approach,고평곤,70f358624c951f5d81c38c3aad3ac7cfefe8d04e6d233bd35cf2fabdeb93fb0d,2026-07-09,251,276825424,0.144,,
approach,고평곤,70f358624c951f5d81c38c3aad3ac7cfefe8d04e6d233bd35cf2fabdeb93fb0d,2026-07-10,251,276825424,0.144,,
approach,고평곤,70f358624c951f5d81c38c3aad3ac7cfefe8d04e6d233bd35cf2fabdeb93fb0d,2026-07-11,251,276825424,0.144,,
approach,고평곤,70f358624c951f5d81c38c3aad3ac7cfefe8d04e6d233bd35cf2fabdeb93fb0d,2026-07-12,251,276825424,0.144,115199,
approach,8132134,25b73b77020a2ac225dacbb988571b73,2026-06-18,251,239952085,0.125,218243,
approach,8132134,25b73b77020a2ac225dacbb988571b73,2026-06-19,251,239952085,0.125,,
approach,8132134,25b73b77020a2ac225dacbb988571b73,2026-06-20,251,239952085,0.125,,
approach,8132134,25b73b77020a2ac225dacbb988571b73,2026-06-21,251,239952085,0.125,,
approach,8132134,25b73b77020a2ac225dacbb988571b73,2026-06-22,251,239952085,0.125,,
approach,8132134,25b73b77020a2ac225dacbb988571b73,2026-06-23,251,239952085,0.125,,
approach,8132134,25b73b77020a2ac225dacbb988571b73,2026-06-24,251,239952085,0.125,,
approach,8132134,25b73b77020a2ac225dacbb988571b73,2026-06-25,251,239952085,0.125,,
approach,8132134,25b73b77020a2ac225dacbb988571b73,2026-06-26,251,239952085,0.125,218243,
approach,8132134,25b73b77020a2ac225dacbb988571b73,2026-06-27,251,239952085,0.125,,
approach,8132134,25b73b77020a2ac225dacbb988571b73,2026-06-28,251,239952085,0.125,,
approach,8132134,25b73b77020a2ac225dacbb988571b73,2026-06-29,251,239952085,0.125,,
approach,8132134,25b73b77020a2ac225dacbb988571b73,2026-06-30,251,239952085,0.125,,
approach,8132134,25b73b77020a2ac225dacbb988571b73,2026-07-01,251,239952085,0.125,,
approach,8132134,25b73b77020a2ac225dacbb988571b73,2026-07-02,251,239952085,0.125,,
approach,8132134,25b73b77020a2ac225dacbb988571b73,2026-07-03,251,239952085,0.125,,
approach,8132134,25b73b77020a2ac225dacbb988571b73,2026-07-04,251,239952085,0.125,218243,
approach,8132134,25b73b77020a2ac225dacbb988571b73,2026-07-05,251,239952085,0.125,,
approach,8132134,25b73b77020a2ac225dacbb988571b73,2026-07-06,251,239952085,0.125,,
approach,8132134,25b73b77020a2ac225dacbb988571b73,2026-07-07,251,239952085,0.125,,
approach,8132134,25b73b77020a2ac225dacbb988571b73,2026-07-08,251,239952085,0.125,,
approach,8132134,25b73b77020a2ac225dacbb988571b73,2026-07-09,251,239952085,0.125,,
approach,8132134,25b73b77020a2ac225dacbb988571b73,2026-07-10,251,239952085,0.125,,
approach,8132134,25b73b77020a2ac225dacbb988571b73,2026-07-11,251,239952085,0.125,,
approach,8132134,25b73b77020a2ac225dacbb988571b73,2026-07-12,251,239952085,0.125,218243,
approach,은월고3,bad4affe48854991aee5f382904aacd2efe8d04e6d233bd35cf2fabdeb93fb0d,2026-06-18,251,249155754,0.130,23206,
approach,은월고3,bad4affe48854991aee5f382904aacd2efe8d04e6d233bd35cf2fabdeb93fb0d,2026-06-19,251,249155754,0.130,,
approach,은월고3,bad4affe48854991aee5f382904aacd2efe8d04e6d233bd35cf2fabdeb93fb0d,2026-06-20,251,249155754,0.130,,
approach,은월고3,bad4affe48854991aee5f382904aacd2efe8d04e6d233bd35cf2fabdeb93fb0d,2026-06-21,251,249155754,0.130,,
approach,은월고3,bad4affe48854991aee5f382904aacd2efe8d04e6d233bd35cf2fabdeb93fb0d,2026-06-22,251,249155754,0.130,,
approach,은월고3,bad4affe48854991aee5f382904aacd2efe8d04e6d233bd35cf2fabdeb93fb0d,2026-06-23,251,249155754,0.130,,
approach,은월고3,bad4affe48854991aee5f382904aacd2efe8d04e6d233bd35cf2fabdeb93fb0d,2026-06-24,251,249155754,0.130,,
approach,은월고3,bad4affe48854991aee5f382904aacd2efe8d04e6d233bd35cf2fabdeb93fb0d,2026-06-25,251,249155754,0.130,,
approach,은월고3,bad4affe48854991aee5f382904aacd2efe8d04e6d233bd35cf2fabdeb93fb0d,2026-06-26,251,249155754,0.130,23206,
approach,은월고3,bad4affe48854991aee5f382904aacd2efe8d04e6d233bd35cf2fabdeb93fb0d,2026-06-27,251,249155754,0.130,,
approach,은월고3,bad4affe48854991aee5f382904aacd2efe8d04e6d233bd35cf2fabdeb93fb0d,2026-06-28,251,249155754,0.130,,
approach,은월고3,bad4affe48854991aee5f382904aacd2efe8d04e6d233bd35cf2fabdeb93fb0d,2026-06-29,251,249155754,0.130,,
approach,은월고3,bad4affe48854991aee5f382904aacd2efe8d04e6d233bd35cf2fabdeb93fb0d,2026-06-30,251,249155754,0.130,,
approach,은월고3,bad4affe48854991aee5f382904aacd2efe8d04e6d233bd35cf2fabdeb93fb0d,2026-07-01,251,249155754,0.130,,
approach,은월고3,bad4affe48854991aee5f382904aacd2efe8d04e6d233bd35cf2fabdeb93fb0d,2026-07-02,251,249155754,0.130,,
approach,은월고3,bad4affe48854991aee5f382904aacd2efe8d04e6d233bd35cf2fabdeb93fb0d,2026-07-03,251,249155754,0.130,,
approach,은월고3,bad4affe48854991aee5f382904aacd2efe8d04e6d233bd35cf2fabdeb93fb0d,2026-07-04,251,249155754,0.130,23206,
approach,은월고3,bad4affe48854991aee5f382904aacd2efe8d04e6d233bd35cf2fabdeb93fb0d,2026-07-05,251,249155754,0.130,,
approach,은월고3,bad4affe48854991aee5f382904aacd2efe8d04e6d233bd35cf2fabdeb93fb0d,2026-07-06,251,249155754,0.130,,
approach,은월고3,bad4affe48854991aee5f382904aacd2efe8d04e6d233bd35cf2fabdeb93fb0d,2026-07-07,251,249155754,0.130,,
approach,은월고3,bad4affe48854991aee5f382904aacd2efe8d04e6d233bd35cf2fabdeb93fb0d,2026-07-08,251,249155754,0.130,,
approach,은월고3,bad4affe48854991aee5f382904aacd2efe8d04e6d233bd35cf2fabdeb93fb0d,2026-07-09,251,249155754,0.130,,
approach,은월고3,bad4affe48854991aee5f382904aacd2efe8d04e6d233bd35cf2fabdeb93fb0d,2026-07-10,251,249155754,0.130,,
approach,은월고3,bad4affe48854991aee5f382904aacd2efe8d04e6d233bd35cf2fabdeb93fb0d,2026-07-11,251,249155754,0.130,,
approach,은월고3,bad4affe48854991aee5f382904aacd2efe8d04e6d233bd35cf2fabdeb93fb0d,2026-07-12,251,249155754,0.130,23206,
approach,만듀와간장,f7b06610a6eae159c1e414f5677c4c4d,2026-06-18,251,260758527,0.057,5133051,
approach,만듀와간장,f7b06610a6eae159c1e414f5677c4c4d,2026-06-19,251,260758527,0.057,,
approach,만듀와간장,f7b06610a6eae159c1e414f5677c4c4d,2026-06-20,251,260758527,0.057,,
approach,만듀와간장,f7b06610a6eae159c1e414f5677c4c4d,2026-06-21,251,260758527,0.057,,
approach,만듀와간장,f7b06610a6eae159c1e414f5677c4c4d,2026-06-22,251,260758527,0.057,,
approach,만듀와간장,f7b06610a6eae159c1e414f5677c4c4d,2026-06-23,251,260758527,0.057,,
approach,만듀와간장,f7b06610a6eae159c1e414f5677c4c4d,2026-06-24,251,260758527,0.057,,
approach,만듀와간장,f7b06610a6eae159c1e414f5677c4c4d,2026-06-25,251,260758527,0.057,,
approach,만듀와간장,f7b06610a6eae159c1e414f5677c4c4d,2026-06-26,251,260758527,0.057,5133051,
approach,만듀와간장,f7b06610a6eae159c1e414f5677c4c4d,2026-06-27,251,260758527,0.057,,
approach,만듀와간장,f7b06610a6eae159c1e414f5677c4c4d,2026-06-28,251,260758527,0.057,,
approach,만듀와간장,f7b06610a6eae159c1e414f5677c4c4d,2026-06-29,251,260758527,0.057,,
approach,만듀와간장,f7b06610a6eae159c1e414f5677c4c4d,2026-06-30,251,260758527,0.057,,
approach,만듀와간장,f7b06610a6eae159c1e414f5677c4c4d,2026-07-01,251,260758527,0.057,,
approach,만듀와간장,f7b06610a6eae159c1e414f5677c4c4d,2026-07-02,251,260758527,0.057,,
approach,만듀와간장,f7b06610a6eae159c1e414f5677c4c4d,2026-07-03,251,260758527,0.057,,
approach,만듀와간장,f7b06610a6eae159c1e414f5677c4c4d,2026-07-04,251,260758527,0.057,5133051,
approach,만듀와간장,f7b06610a6eae159c1e414f5677c4c4d,2026-07-05,251,260758527,0.057,,
approach,만듀와간장,f7b06610a6eae159c1e414f5677c4c4d,2026-07-06,251,260758527,0.057,,
approach,만듀와간장,f7b06610a6eae159c1e414f5677c4c4d,2026-07-07,251,260758527,0.057,,
approach,만듀와간장,f7b06610a6eae159c1e414f5677c4c4d,2026-07-08,251,260758527,0.057,,
approach,만듀와간장,f7b06610a6eae159c1e414f5677c4c4d,2026-07-09,251,260758527,0.057,,
approach,만듀와간장,f7b06610a6eae159c1e414f5677c4c4d,2026-07-10,251,260758527,0.057,,
approach,만듀와간장,f7b06610a6eae159c1e414f5677c4c4d,2026-07-11,251,260758527,0.057,,
approach,만듀와간장,f7b06610a6eae159c1e414f5677c4c4d,2026-07-12,251,260758527,0.057,5133051,
approach,스토리긴유니,49a3ec13d0edde5d7366f7a0ce25c012efe8d04e6d233bd35cf2fabdeb93fb0d,2026-06-18,251,304314050,0.158,274010,
approach,스토리긴유니,49a3ec13d0edde5d7366f7a0ce25c012efe8d04e6d233bd35cf2fabdeb93fb0d,2026-06-19,251,304314050,0.158,,
approach,스토리긴유니,49a3ec13d0edde5d7366f7a0ce25c012efe8d04e6d233bd35cf2fabdeb93fb0d,2026-06-20,251,304314050,0.158,,
approach,스토리긴유니,49a3ec13d0edde5d7366f7a0ce25c012efe8d04e6d233bd35cf2fabdeb93fb0d,2026-06-21,251,304314050,0.158,,
approach,스토리긴유니,49a3ec13d0edde5d7366f7a0ce25c012efe8d04e6d233bd35cf2fabdeb93fb0d,2026-06-22,251,304314050,0.158,,
approach,스토리긴유니,49a3ec13d0edde5d7366f7a0ce25c012efe8d04e6d233bd35cf2fabdeb93fb0d,2026-06-23,251,304314050,0.158,,
approach,스토리긴유니,49a3ec13d0edde5d7366f7a0ce25c012efe8d04e6d233bd35cf2fabdeb93fb0d,2026-06-24,251,304314050,0.158,,
approach,스토리긴유니,49a3ec13d0edde5d7366f7a0ce25c012efe8d04e6d233bd35cf2fabdeb93fb0d,2026-06-25,251,304314050,0.158,,
approach,스토리긴유니,49a3ec13d0edde5d7366f7a0ce25c012efe8d04e6d233bd35cf2fabdeb93fb0d,2026-06-26,251,304314050,0.158,274010,
approach,스토리긴유니,49a3ec13d0edde5d7366f7a0ce25c012efe8d04e6d233bd35cf2fabdeb93fb0d,2026-06-27,251,304314050,0.158,,
approach,스토리긴유니,49a3ec13d0edde5d7366f7a0ce25c012efe8d04e6d233bd35cf2fabdeb93fb0d,2026-06-28,251,304314050,0.158,,
approach,스토리긴유니,49a3ec13d0edde5d7366f7a0ce25c012efe8d04e6d233bd35cf2fabdeb93fb0d,2026-06-29,251,304314050,0.158,,
approach,스토리긴유니,49a3ec13d0edde5d7366f7a0ce25c012efe8d04e6d233bd35cf2fabdeb93fb0d,2026-06-30,251,304314050,0.158,,
approach,스토리긴유니,49a3ec13d0edde5d7366f7a0ce25c012efe8d04e6d233bd35cf2fabdeb93fb0d,2026-07-01,251,304314050,0.158,,
approach,스토리긴유니,49a3ec13d0edde5d7366f7a0ce25c012efe8d04e6d233bd35cf2fabdeb93fb0d,2026-07-02,251,304314050,0.158,,
approach,스토리긴유니,49a3ec13d0edde5d7366f7a0ce25c012efe8d04e6d233bd35cf2fabdeb93fb0d,2026-07-03,251,304314050,0.158,,
approach,스토리긴유니,49a3ec13d0edde5d7366f7a0ce25c012efe8d04e6d233bd35cf2fabdeb93fb0d,2026-07-04,251,304314050,0.158,274010,
approach,스토리긴유니,49a3ec13d0edde5d7366f7a0ce25c012efe8d04e6d233bd35cf2fabdeb93fb0d,2026-07-05,251,304314050,0.158,,
approach,스토리긴유니,49a3ec13d0edde5d7366f7a0ce25c012efe8d04e6d233bd35cf2fabdeb93fb0d,2026-07-06,251,304314050,0.158,,
approach,스토리긴유니,49a3ec13d0edde5d7366f7a0ce25c012efe8d04e6d233bd35cf2fabdeb93fb0d,2026-07-07,251,304314050,0.158,,
approach,스토리긴유니,49a3ec13d0edde5d7366f7a0ce25c012efe8d04e6d233bd35cf2fabdeb93fb0d,2026-07-08,251,304314050,0.158,,
approach,스토리긴유니,49a3ec13d0edde5d7366f7a0ce25c012efe8d04e6d233bd35cf2fabdeb93fb0d,2026-07-09,251,304314050,0.158,,
approach,스토리긴유니,49a3ec13d0edde5d7366f7a0ce25c012efe8d04e6d233bd35cf2fabdeb93fb0d,2026-07-10,251,304314050,0.158,,
approach,스토리긴유니,49a3ec13d0edde5d7366f7a0ce25c012efe8d04e6d233bd35cf2fabdeb93fb0d,2026-07-11,251,304314050,0.158,,
approach,스토리긴유니,49a3ec13d0edde5d7366f7a0ce25c012efe8d04e6d233bd35cf2fabdeb93fb0d,2026-07-12,251,304314050,0.158,274010,
approach,신궁재미게따,2918b0328998e0ef7f57ddb3deb3fe15,2026-06-18,251,271601560,0.141,122319,
approach,신궁재미게따,2918b0328998e0ef7f57ddb3deb3fe15,2026-06-19,251,271601560,0.141,,
approach,신궁재미게따,2918b0328998e0ef7f57ddb3deb3fe15,2026-06-20,251,271601560,0.141,,
approach,신궁재미게따,2918b0328998e0ef7f57ddb3deb3fe15,2026-06-21,251,271601560,0.141,,
approach,신궁재미게따,2918b0328998e0ef7f57ddb3deb3fe15,2026-06-22,251,271601560,0.141,,
approach,신궁재미게따,2918b0328998e0ef7f57ddb3deb3fe15,2026-06-23,251,271601560,0.141,,
approach,신궁재미게따,2918b0328998e0ef7f57ddb3deb3fe15,2026-06-24,251,271601560,0.141,,
approach,신궁재미게따,2918b0328998e0ef7f57ddb3deb3fe15,2026-06-25,251,271601560,0.141,,
approach,신궁재미게따,2918b0328998e0ef7f57ddb3deb3fe15,2026-06-26,251,271601560,0.141,122319,
approach,신궁재미게따,2918b0328998e0ef7f57ddb3deb3fe15,2026-06-27,251,271601560,0.141,,
approach,신궁재미게따,2918b0328998e0ef7f57ddb3deb3fe15,2026-06-28,251,271601560,0.141,,
approach,신궁재미게따,2918b0328998e0ef7f57ddb3deb3fe15,2026-06-29,251,271601560,0.141,,
approach,신궁재미게따,2918b0328998e0ef7f57ddb3deb3fe15,2026-06-30,251,271601560,0.141,,
approach,신궁재미게따,2918b0328998e0ef7f57ddb3deb3fe15,2026-07-01,251,271601560,0.141,,
approach,신궁재미게따,2918b0328998e0ef7f57ddb3deb3fe15,2026-07-02,251,271601560,0.141,,
approach,신궁재미게따,2918b0328998e0ef7f57ddb3deb3fe15,2026-07-03,251,271601560,0.141,,
approach,신궁재미게따,2918b0328998e0ef7f57ddb3deb3fe15,2026-07-04,251,271601560,0.141,122319,
approach,신궁재미게따,2918b0328998e0ef7f57ddb3deb3fe15,2026-07-05,251,271601560,0.141,,
approach,신궁재미게따,2918b0328998e0ef7f57ddb3deb3fe15,2026-07-06,251,271601560,0.141,,
approach,신궁재미게따,2918b0328998e0ef7f57ddb3deb3fe15,2026-07-07,251,271601560,0.141,,
approach,신궁재미게따,2918b0328998e0ef7f57ddb3deb3fe15,2026-07-08,251,271601560,0.141,,
approach,신궁재미게따,2918b0328998e0ef7f57ddb3deb3fe15,2026-07-09,251,271601560,0.141,,
approach,신궁재미게따,2918b0328998e0ef7f57ddb3deb3fe15,2026-07-10,251,271601560,0.141,,
approach,신궁재미게따,2918b0328998e0ef7f57ddb3deb3fe15,2026-07-11,251,271601560,0.141,,
approach,신궁재미게따,2918b0328998e0ef7f57ddb3deb3fe15,2026-07-12,251,271601560,0.141,122319,
approach,hyungi6,a2b6f53736f9ca464de0327d5499e0b1,2026-06-18,251,241835466,0.126,175202,
approach,hyungi6,a2b6f53736f9ca464de0327d5499e0b1,2026-06-19,251,241835466,0.126,,
approach,hyungi6,a2b6f53736f9ca464de0327d5499e0b1,2026-06-20,251,241835466,0.126,,
approach,hyungi6,a2b6f53736f9ca464de0327d5499e0b1,2026-06-21,251,241835466,0.126,,
approach,hyungi6,a2b6f53736f9ca464de0327d5499e0b1,2026-06-22,251,241835466,0.126,,
approach,hyungi6,a2b6f53736f9ca464de0327d5499e0b1,2026-06-23,251,241835466,0.126,,
approach,hyungi6,a2b6f53736f9ca464de0327d5499e0b1,2026-06-24,251,241835466,0.126,,
approach,hyungi6,a2b6f53736f9ca464de0327d5499e0b1,2026-06-25,251,241835466,0.126,,
approach,hyungi6,a2b6f53736f9ca464de0327d5499e0b1,2026-06-26,251,241835466,0.126,175202,
approach,hyungi6,a2b6f53736f9ca464de0327d5499e0b1,2026-06-27,251,241835466,0.126,,
approach,hyungi6,a2b6f53736f9ca464de0327d5499e0b1,2026-06-28,251,241835466,0.126,,
approach,hyungi6,a2b6f53736f9ca464de0327d5499e0b1,2026-06-29,251,241835466,0.126,,
approach,hyungi6,a2b6f53736f9ca464de0327d5499e0b1,2026-06-30,251,241835466,0.126,,
approach,hyungi6,a2b6f53736f9ca464de0327d5499e0b1,2026-07-01,251,241835466,0.126,,
approach,hyungi6,a2b6f53736f9ca464de0327d5499e0b1,2026-07-02,251,241835466,0.126,,
approach,hyungi6,a2b6f53736f9ca464de0327d5499e0b1,2026-07-03,251,241835466,0.126,,
approach,hyungi6,a2b6f53736f9ca464de0327d5499e0b1,2026-07-04,251,241835466,0.126,175202,
approach,hyungi6,a2b6f53736f9ca464de0327d5499e0b1,2026-07-05,251,241835466,0.126,,
approach,hyungi6,a2b6f53736f9ca464de0327d5499e0b1,2026-07-06,251,241835466,0.126,,
approach,hyungi6,a2b6f53736f9ca464de0327d5499e0b1,2026-07-07,251,241835466,0.126,,
approach,hyungi6,a2b6f53736f9ca464de0327d5499e0b1,2026-07-08,251,241835466,0.126,,
approach,hyungi6,a2b6f53736f9ca464de0327d5499e0b1,2026-07-09,251,241835466,0.126,,
approach,hyungi6,a2b6f53736f9ca464de0327d5499e0b1,2026-07-10,251,241835466,0.126,,
approach,hyungi6,a2b6f53736f9ca464de0327d5499e0b1,2026-07-11,251,241835466,0.126,,
approach,hyungi6,a2b6f53736f9ca464de0327d5499e0b1,2026-07-12,251,241835466,0.126,175202,
approach,링크캉10호,9ebbd34a4de8d7f737e5d6c72993b9e5,2026-06-18,251,321887197,0.167,66295,
approach,링크캉10호,9ebbd34a4de8d7f737e5d6c72993b9e5,2026-06-19,251,321887197,0.167,,
approach,링크캉10호,9ebbd34a4de8d7f737e5d6c72993b9e5,2026-06-20,251,321887197,0.167,,
approach,링크캉10호,9ebbd34a4de8d7f737e5d6c72993b9e5,2026-06-21,251,321887197,0.167,,
approach,링크캉10호,9ebbd34a4de8d7f737e5d6c72993b9e5,2026-06-22,251,321887197,0.167,,
approach,링크캉10호,9ebbd34a4de8d7f737e5d6c72993b9e5,2026-06-23,251,321887197,0.167,,
approach,링크캉10호,9ebbd34a4de8d7f737e5d6c72993b9e5,2026-06-24,251,321887197,0.167,,
approach,링크캉10호,9ebbd34a4de8d7f737e5d6c72993b9e5,2026-06-25,251,321887197,0.167,,
approach,링크캉10호,9ebbd34a4de8d7f737e5d6c72993b9e5,2026-06-26,251,321887197,0.167,66295,
approach,링크캉10호,9ebbd34a4de8d7f737e5d6c72993b9e5,2026-06-27,251,321887197,0.167,,
approach,링크캉10호,9ebbd34a4de8d7f737e5d6c72993b9e5,2026-06-28,251,321887197,0.167,,
approach,링크캉10호,9ebbd34a4de8d7f737e5d6c72993b9e5,2026-06-29,251,321887197,0.167,,
approach,링크캉10호,9ebbd34a4de8d7f737e5d6c72993b9e5,2026-06-30,251,321887197,0.167,,
approach,링크캉10호,9ebbd34a4de8d7f737e5d6c72993b9e5,2026-07-01,251,321887197,0.167,,
approach,링크캉10호,9ebbd34a4de8d7f737e5d6c72993b9e5,2026-07-02,251,321887197,0.167,,
approach,링크캉10호,9ebbd34a4de8d7f737e5d6c72993b9e5,2026-07-03,251,321887197,0.167,,
approach,링크캉10호,9ebbd34a4de8d7f737e5d6c72993b9e5,2026-07-04,251,321887197,0.167,66295,
approach,링크캉10호,9ebbd34a4de8d7f737e5d6c72993b9e5,2026-07-05,251,321887197,0.167,,
approach,링크캉10호,9ebbd34a4de8d7f737e5d6c72993b9e5,2026-07-06,251,321887197,0.167,,
approach,링크캉10호,9ebbd34a4de8d7f737e5d6c72993b9e5,2026-07-07,251,321887197,0.167,,
approach,링크캉10호,9ebbd34a4de8d7f737e5d6c72993b9e5,2026-07-08,251,321887197,0.167,,
approach,링크캉10호,9ebbd34a4de8d7f737e5d6c72993b9e5,2026-07-09,251,321887197,0.167,,
approach,링크캉10호,9ebbd34a4de8d7f737e5d6c72993b9e5,2026-07-10,251,321887197,0.167,,
approach,링크캉10호,9ebbd34a4de8d7f737e5d6c72993b9e5,2026-07-11,251,321887197,0.167,,
approach,링크캉10호,9ebbd34a4de8d7f737e5d6c72993b9e5,2026-07-12,251,321887197,0.167,66295,
approach,검은빛북극곰,4de28a3fa2874bbfed4cfed759ed9eea,2026-06-18,251,281076439,0.146,82433,
approach,검은빛북극곰,4de28a3fa2874bbfed4cfed759ed9eea,2026-06-19,251,281076439,0.146,,
approach,검은빛북극곰,4de28a3fa2874bbfed4cfed759ed9eea,2026-06-20,251,281076439,0.146,,
approach,검은빛북극곰,4de28a3fa2874bbfed4cfed759ed9eea,2026-06-21,251,281076439,0.146,,
approach,검은빛북극곰,4de28a3fa2874bbfed4cfed759ed9eea,2026-06-22,251,281076439,0.146,,
approach,검은빛북극곰,4de28a3fa2874bbfed4cfed759ed9eea,2026-06-23,251,281076439,0.146,,
approach,검은빛북극곰,4de28a3fa2874bbfed4cfed759ed9eea,2026-06-24,251,281076439,0.146,,
approach,검은빛북극곰,4de28a3fa2874bbfed4cfed759ed9eea,2026-06-25,251,281076439,0.146,,
approach,검은빛북극곰,4de28a3fa2874bbfed4cfed759ed9eea,2026-06-26,251,281076439,0.146,82433,
approach,검은빛북극곰,4de28a3fa2874bbfed4cfed759ed9eea,2026-06-27,251,281076439,0.146,,
approach,검은빛북극곰,4de28a3fa2874bbfed4cfed759ed9eea,2026-06-28,251,281076439,0.146,,
approach,검은빛북극곰,4de28a3fa2874bbfed4cfed759ed9eea,2026-06-29,251,281076439,0.146,,
approach,검은빛북극곰,4de28a3fa2874bbfed4cfed759ed9eea,2026-06-30,251,281076439,0.146,,
approach,검은빛북극곰,4de28a3fa2874bbfed4cfed759ed9eea,2026-07-01,251,281076439,0.146,,
approach,검은빛북극곰,4de28a3fa2874bbfed4cfed759ed9eea,2026-07-02,251,281076439,0.146,,
approach,검은빛북극곰,4de28a3fa2874bbfed4cfed759ed9eea,2026-07-03,251,281076439,0.146,,
approach,검은빛북극곰,4de28a3fa2874bbfed4cfed759ed9eea,2026-07-04,251,281076439,0.146,82433,
approach,검은빛북극곰,4de28a3fa2874bbfed4cfed759ed9eea,2026-07-05,251,281076439,0.146,,
approach,검은빛북극곰,4de28a3fa2874bbfed4cfed759ed9eea,2026-07-06,251,281076439,0.146,,
approach,검은빛북극곰,4de28a3fa2874bbfed4cfed759ed9eea,2026-07-07,251,281076439,0.146,,
approach,검은빛북극곰,4de28a3fa2874bbfed4cfed759ed9eea,2026-07-08,251,281076439,0.146,,
approach,검은빛북극곰,4de28a3fa2874bbfed4cfed759ed9eea,2026-07-09,251,281076439,0.146,,
approach,검은빛북극곰,4de28a3fa2874bbfed4cfed759ed9eea,2026-07-10,251,281076439,0.146,,
approach,검은빛북극곰,4de28a3fa2874bbfed4cfed759ed9eea,2026-07-11,251,281076439,0.146,,
approach,검은빛북극곰,4de28a3fa2874bbfed4cfed759ed9eea,2026-07-12,251,281076439,0.146,82433,
approach,멘탈약한은수,ed848164282bda01f9e2fc7ffc440ba4efe8d04e6d233bd35cf2fabdeb93fb0d,2026-06-18,251,250989935,0.131,447321,
approach,멘탈약한은수,ed848164282bda01f9e2fc7ffc440ba4efe8d04e6d233bd35cf2fabdeb93fb0d,2026-06-19,251,250989935,0.131,,
approach,멘탈약한은수,ed848164282bda01f9e2fc7ffc440ba4efe8d04e6d233bd35cf2fabdeb93fb0d,2026-06-20,251,250989935,0.131,,
approach,멘탈약한은수,ed848164282bda01f9e2fc7ffc440ba4efe8d04e6d233bd35cf2fabdeb93fb0d,2026-06-21,251,250989935,0.131,,
approach,멘탈약한은수,ed848164282bda01f9e2fc7ffc440ba4efe8d04e6d233bd35cf2fabdeb93fb0d,2026-06-22,251,250989935,0.131,,
approach,멘탈약한은수,ed848164282bda01f9e2fc7ffc440ba4efe8d04e6d233bd35cf2fabdeb93fb0d,2026-06-23,251,250989935,0.131,,
approach,멘탈약한은수,ed848164282bda01f9e2fc7ffc440ba4efe8d04e6d233bd35cf2fabdeb93fb0d,2026-06-24,251,250989935,0.131,,
approach,멘탈약한은수,ed848164282bda01f9e2fc7ffc440ba4efe8d04e6d233bd35cf2fabdeb93fb0d,2026-06-25,251,250989935,0.131,,
approach,멘탈약한은수,ed848164282bda01f9e2fc7ffc440ba4efe8d04e6d233bd35cf2fabdeb93fb0d,2026-06-26,251,250989935,0.131,447321,
approach,멘탈약한은수,ed848164282bda01f9e2fc7ffc440ba4efe8d04e6d233bd35cf2fabdeb93fb0d,2026-06-27,251,250989935,0.131,,
approach,멘탈약한은수,ed848164282bda01f9e2fc7ffc440ba4efe8d04e6d233bd35cf2fabdeb93fb0d,2026-06-28,251,250989935,0.131,,
approach,멘탈약한은수,ed848164282bda01f9e2fc7ffc440ba4efe8d04e6d233bd35cf2fabdeb93fb0d,2026-06-29,251,250989935,0.131,,
approach,멘탈약한은수,ed848164282bda01f9e2fc7ffc440ba4efe8d04e6d233bd35cf2fabdeb93fb0d,2026-06-30,251,250989935,0.131,,
approach,멘탈약한은수,ed848164282bda01f9e2fc7ffc440ba4efe8d04e6d233bd35cf2fabdeb93fb0d,2026-07-01,251,250989935,0.131,,
approach,멘탈약한은수,ed848164282bda01f9e2fc7ffc440ba4efe8d04e6d233bd35cf2fabdeb93fb0d,2026-07-02,251,250989935,0.131,,
approach,멘탈약한은수,ed848164282bda01f9e2fc7ffc440ba4efe8d04e6d233bd35cf2fabdeb93fb0d,2026-07-03,251,250989935,0.131,,
approach,멘탈약한은수,ed848164282bda01f9e2fc7ffc440ba4efe8d04e6d233bd35cf2fabdeb93fb0d,2026-07-04,251,250989935,0.131,447321,
approach,멘탈약한은수,ed848164282bda01f9e2fc7ffc440ba4efe8d04e6d233bd35cf2fabdeb93fb0d,2026-07-05,251,250989935,0.131,,
approach,멘탈약한은수,ed848164282bda01f9e2fc7ffc440ba4efe8d04e6d233bd35cf2fabdeb93fb0d,2026-07-06,251,250989935,0.131,,
approach,멘탈약한은수,ed848164282bda01f9e2fc7ffc440ba4efe8d04e6d233bd35cf2fabdeb93fb0d,2026-07-07,251,250989935,0.131,,
approach,멘탈약한은수,ed848164282bda01f9e2fc7ffc440ba4efe8d04e6d233bd35cf2fabdeb93fb0d,2026-07-08,251,250989935,0.131,,
approach,멘탈약한은수,ed848164282bda01f9e2fc7ffc440ba4efe8d04e6d233bd35cf2fabdeb93fb0d,2026-07-09,251,250989935,0.131,,
approach,멘탈약한은수,ed848164282bda01f9e2fc7ffc440ba4efe8d04e6d233bd35cf2fabdeb93fb0d,2026-07-10,251,250989935,0.131,,
approach,멘탈약한은수,ed848164282bda01f9e2fc7ffc440ba4efe8d04e6d233bd35cf2fabdeb93fb0d,2026-07-11,251,250989935,0.131,,
approach,멘탈약한은수,ed848164282bda01f9e2fc7ffc440ba4efe8d04e6d233bd35cf2fabdeb93fb0d,2026-07-12,251,250989935,0.131,447321,
approach,떡잎마을도벽,0273dd4cf6a680f84a5dc6b5216fa6e1efe8d04e6d233bd35cf2fabdeb93fb0d,2026-06-18,251,312044840,0.162,105797,
approach,떡잎마을도벽,0273dd4cf6a680f84a5dc6b5216fa6e1efe8d04e6d233bd35cf2fabdeb93fb0d,2026-06-19,251,312044840,0.162,,
approach,떡잎마을도벽,0273dd4cf6a680f84a5dc6b5216fa6e1efe8d04e6d233bd35cf2fabdeb93fb0d,2026-06-20,251,312044840,0.162,,
approach,떡잎마을도벽,0273dd4cf6a680f84a5dc6b5216fa6e1efe8d04e6d233bd35cf2fabdeb93fb0d,2026-06-21,251,312044840,0.162,,
approach,떡잎마을도벽,0273dd4cf6a680f84a5dc6b5216fa6e1efe8d04e6d233bd35cf2fabdeb93fb0d,2026-06-22,251,312044840,0.162,,
approach,떡잎마을도벽,0273dd4cf6a680f84a5dc6b5216fa6e1efe8d04e6d233bd35cf2fabdeb93fb0d,2026-06-23,251,312044840,0.162,,
approach,떡잎마을도벽,0273dd4cf6a680f84a5dc6b5216fa6e1efe8d04e6d233bd35cf2fabdeb93fb0d,2026-06-24,251,312044840,0.162,,
approach,떡잎마을도벽,0273dd4cf6a680f84a5dc6b5216fa6e1efe8d04e6d233bd35cf2fabdeb93fb0d,2026-06-25,251,312044840,0.162,,
approach,떡잎마을도벽,0273dd4cf6a680f84a5dc6b5216fa6e1efe8d04e6d233bd35cf2fabdeb93fb0d,2026-06-26,251,312044840,0.162,105797,
approach,떡잎마을도벽,0273dd4cf6a680f84a5dc6b5216fa6e1efe8d04e6d233bd35cf2fabdeb93fb0d,2026-06-27,251,312044840,0.162,,
approach,떡잎마을도벽,0273dd4cf6a680f84a5dc6b5216fa6e1efe8d04e6d233bd35cf2fabdeb93fb0d,2026-06-28,251,312044840,0.162,,
approach,떡잎마을도벽,0273dd4cf6a680f84a5dc6b5216fa6e1efe8d04e6d233bd35cf2fabdeb93fb0d,2026-06-29,251,312044840,0.162,,
approach,떡잎마을도벽,0273dd4cf6a680f84a5dc6b5216fa6e1efe8d04e6d233bd35cf2fabdeb93fb0d,2026-06-30,251,312044840,0.162,,
approach,떡잎마을도벽,0273dd4cf6a680f84a5dc6b5216fa6e1efe8d04e6d233bd35cf2fabdeb93fb0d,2026-07-01,251,312044840,0.162,,
approach,떡잎마을도벽,0273dd4cf6a680f84a5dc6b5216fa6e1efe8d04e6d233bd35cf2fabdeb93fb0d,2026-07-02,251,312044840,0.162,,
approach,떡잎마을도벽,0273dd4cf6a680f84a5dc6b5216fa6e1efe8d04e6d233bd35cf2fabdeb93fb0d,2026-07-03,251,312044840,0.162,,
approach,떡잎마을도벽,0273dd4cf6a680f84a5dc6b5216fa6e1efe8d04e6d233bd35cf2fabdeb93fb0d,2026-07-04,251,312044840,0.162,105797,
approach,떡잎마을도벽,0273dd4cf6a680f84a5dc6b5216fa6e1efe8d04e6d233bd35cf2fabdeb93fb0d,2026-07-05,251,312044840,0.162,,
approach,떡잎마을도벽,0273dd4cf6a680f84a5dc6b5216fa6e1efe8d04e6d233bd35cf2fabdeb93fb0d,2026-07-06,251,312044840,0.162,,
approach,떡잎마을도벽,0273dd4cf6a680f84a5dc6b5216fa6e1efe8d04e6d233bd35cf2fabdeb93fb0d,2026-07-07,251,312044840,0.162,,
approach,떡잎마을도벽,0273dd4cf6a680f84a5dc6b5216fa6e1efe8d04e6d233bd35cf2fabdeb93fb0d,2026-07-08,251,312044840,0.162,,
approach,떡잎마을도벽,0273dd4cf6a680f84a5dc6b5216fa6e1efe8d04e6d233bd35cf2fabdeb93fb0d,2026-07-09,251,312044840,0.162,,
approach,떡잎마을도벽,0273dd4cf6a680f84a5dc6b5216fa6e1efe8d04e6d233bd35cf2fabdeb93fb0d,2026-07-10,251,312044840,0.162,,
approach,떡잎마을도벽,0273dd4cf6a680f84a5dc6b5216fa6e1efe8d04e6d233bd35cf2fabdeb93fb0d,2026-07-11,251,312044840,0.162,,
approach,떡잎마을도벽,0273dd4cf6a680f84a5dc6b5216fa6e1efe8d04e6d233bd35cf2fabdeb93fb0d,2026-07-12,251,312044840,0.162,105797,
approach,데벤슬레이오,2702d81aacaa6db01ac8b751e7b19467,2026-06-18,251,226627447,0.118,83490,
approach,데벤슬레이오,2702d81aacaa6db01ac8b751e7b19467,2026-06-19,251,226627447,0.118,,
approach,데벤슬레이오,2702d81aacaa6db01ac8b751e7b19467,2026-06-20,251,226627447,0.118,,
approach,데벤슬레이오,2702d81aacaa6db01ac8b751e7b19467,2026-06-21,251,226627447,0.118,,
approach,데벤슬레이오,2702d81aacaa6db01ac8b751e7b19467,2026-06-22,251,226627447,0.118,,
approach,데벤슬레이오,2702d81aacaa6db01ac8b751e7b19467,2026-06-23,251,226627447,0.118,,
approach,데벤슬레이오,2702d81aacaa6db01ac8b751e7b19467,2026-06-24,251,226627447,0.118,,
approach,데벤슬레이오,2702d81aacaa6db01ac8b751e7b19467,2026-06-25,251,226627447,0.118,,
approach,데벤슬레이오,2702d81aacaa6db01ac8b751e7b19467,2026-06-26,251,226627447,0.118,83490,
approach,데벤슬레이오,2702d81aacaa6db01ac8b751e7b19467,2026-06-27,251,226627447,0.118,,
approach,데벤슬레이오,2702d81aacaa6db01ac8b751e7b19467,2026-06-28,251,226627447,0.118,,
approach,데벤슬레이오,2702d81aacaa6db01ac8b751e7b19467,2026-06-29,251,226627447,0.118,,
approach,데벤슬레이오,2702d81aacaa6db01ac8b751e7b19467,2026-06-30,251,226627447,0.118,,
approach,데벤슬레이오,2702d81aacaa6db01ac8b751e7b19467,2026-07-01,251,226627447,0.118,,
approach,데벤슬레이오,2702d81aacaa6db01ac8b751e7b19467,2026-07-02,251,226627447,0.118,,
approach,데벤슬레이오,2702d81aacaa6db01ac8b751e7b19467,2026-07-03,251,226627447,0.118,,
approach,데벤슬레이오,2702d81aacaa6db01ac8b751e7b19467,2026-07-04,251,226627447,0.118,83490,
approach,데벤슬레이오,2702d81aacaa6db01ac8b751e7b19467,2026-07-05,251,226627447,0.118,,
approach,데벤슬레이오,2702d81aacaa6db01ac8b751e7b19467,2026-07-06,251,226627447,0.118,,
approach,데벤슬레이오,2702d81aacaa6db01ac8b751e7b19467,2026-07-07,251,226627447,0.118,,
approach,데벤슬레이오,2702d81aacaa6db01ac8b751e7b19467,2026-07-08,251,226627447,0.118,,
approach,데벤슬레이오,2702d81aacaa6db01ac8b751e7b19467,2026-07-09,251,226627447,0.118,,
approach,데벤슬레이오,2702d81aacaa6db01ac8b751e7b19467,2026-07-10,251,226627447,0.118,,
approach,데벤슬레이오,2702d81aacaa6db01ac8b751e7b19467,2026-07-11,251,226627447,0.118,,
approach,데벤슬레이오,2702d81aacaa6db01ac8b751e7b19467,2026-07-12,251,226627447,0.118,83490,
approach,라라타이거,3af4520b8c5e5177f8fa947c12edb050,2026-06-18,251,287017460,0.063,0,
approach,라라타이거,3af4520b8c5e5177f8fa947c12edb050,2026-06-19,251,287017460,0.063,,
approach,라라타이거,3af4520b8c5e5177f8fa947c12edb050,2026-06-20,251,287017460,0.063,,
approach,라라타이거,3af4520b8c5e5177f8fa947c12edb050,2026-06-21,251,287017460,0.063,,
approach,라라타이거,3af4520b8c5e5177f8fa947c12edb050,2026-06-22,251,287017460,0.063,,
approach,라라타이거,3af4520b8c5e5177f8fa947c12edb050,2026-06-23,251,287017460,0.063,,
approach,라라타이거,3af4520b8c5e5177f8fa947c12edb050,2026-06-24,251,287017460,0.063,,
approach,라라타이거,3af4520b8c5e5177f8fa947c12edb050,2026-06-25,251,287017460,0.063,,
approach,라라타이거,3af4520b8c5e5177f8fa947c12edb050,2026-06-26,251,287017460,0.063,0,
approach,라라타이거,3af4520b8c5e5177f8fa947c12edb050,2026-06-27,251,287017460,0.063,,
approach,라라타이거,3af4520b8c5e5177f8fa947c12edb050,2026-06-28,251,287017460,0.063,,
approach,라라타이거,3af4520b8c5e5177f8fa947c12edb050,2026-06-29,251,287017460,0.063,,
approach,라라타이거,3af4520b8c5e5177f8fa947c12edb050,2026-06-30,251,287017460,0.063,,
approach,라라타이거,3af4520b8c5e5177f8fa947c12edb050,2026-07-01,251,287017460,0.063,,
approach,라라타이거,3af4520b8c5e5177f8fa947c12edb050,2026-07-02,251,287017460,0.063,,
approach,라라타이거,3af4520b8c5e5177f8fa947c12edb050,2026-07-03,251,287017460,0.063,,
approach,라라타이거,3af4520b8c5e5177f8fa947c12edb050,2026-07-04,251,287017460,0.063,0,
approach,라라타이거,3af4520b8c5e5177f8fa947c12edb050,2026-07-05,251,287017460,0.063,,
approach,라라타이거,3af4520b8c5e5177f8fa947c12edb050,2026-07-06,251,287017460,0.063,,
approach,라라타이거,3af4520b8c5e5177f8fa947c12edb050,2026-07-07,251,287017460,0.063,,
approach,라라타이거,3af4520b8c5e5177f8fa947c12edb050,2026-07-08,251,287017460,0.063,,
approach,라라타이거,3af4520b8c5e5177f8fa947c12edb050,2026-07-09,251,287017460,0.063,,
approach,라라타이거,3af4520b8c5e5177f8fa947c12edb050,2026-07-10,251,287017460,0.063,,
approach,라라타이거,3af4520b8c5e5177f8fa947c12edb050,2026-07-11,251,287017460,0.063,,
approach,라라타이거,3af4520b8c5e5177f8fa947c12edb050,2026-07-12,251,287017460,0.063,0,
approach,훔쳐요훔쳐,0bc404add8e3f245d94d1e222ad89f4b,2026-06-18,251,278444908,0.145,61911,
approach,훔쳐요훔쳐,0bc404add8e3f245d94d1e222ad89f4b,2026-06-19,251,278444908,0.145,,
approach,훔쳐요훔쳐,0bc404add8e3f245d94d1e222ad89f4b,2026-06-20,251,278444908,0.145,,
approach,훔쳐요훔쳐,0bc404add8e3f245d94d1e222ad89f4b,2026-06-21,251,278444908,0.145,,
approach,훔쳐요훔쳐,0bc404add8e3f245d94d1e222ad89f4b,2026-06-22,251,278444908,0.145,,
approach,훔쳐요훔쳐,0bc404add8e3f245d94d1e222ad89f4b,2026-06-23,251,278444908,0.145,,
approach,훔쳐요훔쳐,0bc404add8e3f245d94d1e222ad89f4b,2026-06-24,251,278444908,0.145,,
approach,훔쳐요훔쳐,0bc404add8e3f245d94d1e222ad89f4b,2026-06-25,251,278444908,0.145,,
approach,훔쳐요훔쳐,0bc404add8e3f245d94d1e222ad89f4b,2026-06-26,251,278444908,0.145,61911,
approach,훔쳐요훔쳐,0bc404add8e3f245d94d1e222ad89f4b,2026-06-27,251,278444908,0.145,,
approach,훔쳐요훔쳐,0bc404add8e3f245d94d1e222ad89f4b,2026-06-28,251,278444908,0.145,,
approach,훔쳐요훔쳐,0bc404add8e3f245d94d1e222ad89f4b,2026-06-29,251,278444908,0.145,,
approach,훔쳐요훔쳐,0bc404add8e3f245d94d1e222ad89f4b,2026-06-30,251,278444908,0.145,,
approach,훔쳐요훔쳐,0bc404add8e3f245d94d1e222ad89f4b,2026-07-01,251,278444908,0.145,,
approach,훔쳐요훔쳐,0bc404add8e3f245d94d1e222ad89f4b,2026-07-02,251,278444908,0.145,,
approach,훔쳐요훔쳐,0bc404add8e3f245d94d1e222ad89f4b,2026-07-03,251,278444908,0.145,,
approach,훔쳐요훔쳐,0bc404add8e3f245d94d1e222ad89f4b,2026-07-04,251,278444908,0.145,61911,
approach,훔쳐요훔쳐,0bc404add8e3f245d94d1e222ad89f4b,2026-07-05,251,278444908,0.145,,
approach,훔쳐요훔쳐,0bc404add8e3f245d94d1e222ad89f4b,2026-07-06,251,278444908,0.145,,
approach,훔쳐요훔쳐,0bc404add8e3f245d94d1e222ad89f4b,2026-07-07,251,278444908,0.145,,
approach,훔쳐요훔쳐,0bc404add8e3f245d94d1e222ad89f4b,2026-07-08,251,278444908,0.145,,
approach,훔쳐요훔쳐,0bc404add8e3f245d94d1e222ad89f4b,2026-07-09,251,278444908,0.145,,
approach,훔쳐요훔쳐,0bc404add8e3f245d94d1e222ad89f4b,2026-07-10,251,278444908,0.145,,
approach,훔쳐요훔쳐,0bc404add8e3f245d94d1e222ad89f4b,2026-07-11,251,278444908,0.145,,
approach,훔쳐요훔쳐,0bc404add8e3f245d94d1e222ad89f4b,2026-07-12,251,278444908,0.145,61911,
approach,팡월꿍,7bac2a411c28391f7349d5b23f882757,2026-06-18,251,277236962,0.144,365953,
approach,팡월꿍,7bac2a411c28391f7349d5b23f882757,2026-06-19,251,277236962,0.144,,
approach,팡월꿍,7bac2a411c28391f7349d5b23f882757,2026-06-20,251,277236962,0.144,,
approach,팡월꿍,7bac2a411c28391f7349d5b23f882757,2026-06-21,251,277236962,0.144,,
approach,팡월꿍,7bac2a411c28391f7349d5b23f882757,2026-06-22,251,277236962,0.144,,
approach,팡월꿍,7bac2a411c28391f7349d5b23f882757,2026-06-23,251,277236962,0.144,,
approach,팡월꿍,7bac2a411c28391f7349d5b23f882757,2026-06-24,251,277236962,0.144,,
approach,팡월꿍,7bac2a411c28391f7349d5b23f882757,2026-06-25,251,277236962,0.144,,
approach,팡월꿍,7bac2a411c28391f7349d5b23f882757,2026-06-26,251,277236962,0.144,365953,
approach,팡월꿍,7bac2a411c28391f7349d5b23f882757,2026-06-27,251,277236962,0.144,,
approach,팡월꿍,7bac2a411c28391f7349d5b23f882757,2026-06-28,251,277236962,0.144,,
approach,팡월꿍,7bac2a411c28391f7349d5b23f882757,2026-06-29,251,277236962,0.144,,
approach,팡월꿍,7bac2a411c28391f7349d5b23f882757,2026-06-30,251,277236962,0.144,,
approach,팡월꿍,7bac2a411c28391f7349d5b23f882757,2026-07-01,251,277236962,0.144,,
approach,팡월꿍,7bac2a411c28391f7349d5b23f882757,2026-07-02,251,277236962,0.144,,
approach,팡월꿍,7bac2a411c28391f7349d5b23f882757,2026-07-03,251,277236962,0.144,,
approach,팡월꿍,7bac2a411c28391f7349d5b23f882757,2026-07-04,251,277236962,0.144,365953,
approach,팡월꿍,7bac2a411c28391f7349d5b23f882757,2026-07-05,251,277236962,0.144,,
approach,팡월꿍,7bac2a411c28391f7349d5b23f882757,2026-07-06,251,277236962,0.144,,
approach,팡월꿍,7bac2a411c28391f7349d5b23f882757,2026-07-07,251,277236962,0.144,,
approach,팡월꿍,7bac2a411c28391f7349d5b23f882757,2026-07-08,251,277236962,0.144,,
approach,팡월꿍,7bac2a411c28391f7349d5b23f882757,2026-07-09,251,277236962,0.144,,
approach,팡월꿍,7bac2a411c28391f7349d5b23f882757,2026-07-10,251,277236962,0.144,,
approach,팡월꿍,7bac2a411c28391f7349d5b23f882757,2026-07-11,251,277236962,0.144,,
approach,팡월꿍,7bac2a411c28391f7349d5b23f882757,2026-07-12,251,277236962,0.144,365953,
approach,블래스터키22,,2026-06-18,,,,,ocid_failed
approach,블래스터키22,,2026-06-19,,,,,ocid_failed
approach,블래스터키22,,2026-06-20,,,,,ocid_failed
approach,블래스터키22,,2026-06-21,,,,,ocid_failed
approach,블래스터키22,,2026-06-22,,,,,ocid_failed
approach,블래스터키22,,2026-06-23,,,,,ocid_failed
approach,블래스터키22,,2026-06-24,,,,,ocid_failed
approach,블래스터키22,,2026-06-25,,,,,ocid_failed
approach,블래스터키22,,2026-06-26,,,,,ocid_failed
approach,블래스터키22,,2026-06-27,,,,,ocid_failed
approach,블래스터키22,,2026-06-28,,,,,ocid_failed
approach,블래스터키22,,2026-06-29,,,,,ocid_failed
approach,블래스터키22,,2026-06-30,,,,,ocid_failed
approach,블래스터키22,,2026-07-01,,,,,ocid_failed
approach,블래스터키22,,2026-07-02,,,,,ocid_failed
approach,블래스터키22,,2026-07-03,,,,,ocid_failed
approach,블래스터키22,,2026-07-04,,,,,ocid_failed
approach,블래스터키22,,2026-07-05,,,,,ocid_failed
approach,블래스터키22,,2026-07-06,,,,,ocid_failed
approach,블래스터키22,,2026-07-07,,,,,ocid_failed
approach,블래스터키22,,2026-07-08,,,,,ocid_failed
approach,블래스터키22,,2026-07-09,,,,,ocid_failed
approach,블래스터키22,,2026-07-10,,,,,ocid_failed
approach,블래스터키22,,2026-07-11,,,,,ocid_failed
approach,블래스터키22,,2026-07-12,,,,,ocid_failed
approach,갱상도로보트,edca5fb24f2301ecf896f4033b7f149b,2026-06-18,251,213006703,0.111,259,
approach,갱상도로보트,edca5fb24f2301ecf896f4033b7f149b,2026-06-19,251,213006703,0.111,,
approach,갱상도로보트,edca5fb24f2301ecf896f4033b7f149b,2026-06-20,251,213006703,0.111,,
approach,갱상도로보트,edca5fb24f2301ecf896f4033b7f149b,2026-06-21,251,213006703,0.111,,
approach,갱상도로보트,edca5fb24f2301ecf896f4033b7f149b,2026-06-22,251,213006703,0.111,,
approach,갱상도로보트,edca5fb24f2301ecf896f4033b7f149b,2026-06-23,251,213006703,0.111,,
approach,갱상도로보트,edca5fb24f2301ecf896f4033b7f149b,2026-06-24,251,213006703,0.111,,
approach,갱상도로보트,edca5fb24f2301ecf896f4033b7f149b,2026-06-25,251,213006703,0.111,,
approach,갱상도로보트,edca5fb24f2301ecf896f4033b7f149b,2026-06-26,251,213006703,0.111,259,
approach,갱상도로보트,edca5fb24f2301ecf896f4033b7f149b,2026-06-27,251,213006703,0.111,,
approach,갱상도로보트,edca5fb24f2301ecf896f4033b7f149b,2026-06-28,251,213006703,0.111,,
approach,갱상도로보트,edca5fb24f2301ecf896f4033b7f149b,2026-06-29,251,213006703,0.111,,
approach,갱상도로보트,edca5fb24f2301ecf896f4033b7f149b,2026-06-30,251,213006703,0.111,,
approach,갱상도로보트,edca5fb24f2301ecf896f4033b7f149b,2026-07-01,251,213006703,0.111,,
approach,갱상도로보트,edca5fb24f2301ecf896f4033b7f149b,2026-07-02,251,213006703,0.111,,
approach,갱상도로보트,edca5fb24f2301ecf896f4033b7f149b,2026-07-03,251,213006703,0.111,,
approach,갱상도로보트,edca5fb24f2301ecf896f4033b7f149b,2026-07-04,251,213006703,0.111,259,
approach,갱상도로보트,edca5fb24f2301ecf896f4033b7f149b,2026-07-05,251,213006703,0.111,,
approach,갱상도로보트,edca5fb24f2301ecf896f4033b7f149b,2026-07-06,251,213006703,0.111,,
approach,갱상도로보트,edca5fb24f2301ecf896f4033b7f149b,2026-07-07,251,213006703,0.111,,
approach,갱상도로보트,edca5fb24f2301ecf896f4033b7f149b,2026-07-08,251,213006703,0.111,,
approach,갱상도로보트,edca5fb24f2301ecf896f4033b7f149b,2026-07-09,251,213006703,0.111,,
approach,갱상도로보트,edca5fb24f2301ecf896f4033b7f149b,2026-07-10,251,213006703,0.111,,
approach,갱상도로보트,edca5fb24f2301ecf896f4033b7f149b,2026-07-11,251,213006703,0.111,,
approach,갱상도로보트,edca5fb24f2301ecf896f4033b7f149b,2026-07-12,251,213006703,0.111,259,
approach,내자리라고씨,2001d17819de130555367b24dee9427b,2026-06-18,251,285034721,0.148,405602,
approach,내자리라고씨,2001d17819de130555367b24dee9427b,2026-06-19,251,285034721,0.148,,
approach,내자리라고씨,2001d17819de130555367b24dee9427b,2026-06-20,251,285034721,0.148,,
approach,내자리라고씨,2001d17819de130555367b24dee9427b,2026-06-21,251,285034721,0.148,,
approach,내자리라고씨,2001d17819de130555367b24dee9427b,2026-06-22,251,285034721,0.148,,
approach,내자리라고씨,2001d17819de130555367b24dee9427b,2026-06-23,251,285034721,0.148,,
approach,내자리라고씨,2001d17819de130555367b24dee9427b,2026-06-24,251,285034721,0.148,,
approach,내자리라고씨,2001d17819de130555367b24dee9427b,2026-06-25,251,285034721,0.148,,
approach,내자리라고씨,2001d17819de130555367b24dee9427b,2026-06-26,251,285034721,0.148,405602,
approach,내자리라고씨,2001d17819de130555367b24dee9427b,2026-06-27,251,285034721,0.148,,
approach,내자리라고씨,2001d17819de130555367b24dee9427b,2026-06-28,251,285034721,0.148,,
approach,내자리라고씨,2001d17819de130555367b24dee9427b,2026-06-29,251,285034721,0.148,,
approach,내자리라고씨,2001d17819de130555367b24dee9427b,2026-06-30,251,285034721,0.148,,
approach,내자리라고씨,2001d17819de130555367b24dee9427b,2026-07-01,251,285034721,0.148,,
approach,내자리라고씨,2001d17819de130555367b24dee9427b,2026-07-02,251,285034721,0.148,,
approach,내자리라고씨,2001d17819de130555367b24dee9427b,2026-07-03,251,285034721,0.148,,
approach,내자리라고씨,2001d17819de130555367b24dee9427b,2026-07-04,251,285034721,0.148,405602,
approach,내자리라고씨,2001d17819de130555367b24dee9427b,2026-07-05,251,285034721,0.148,,
approach,내자리라고씨,2001d17819de130555367b24dee9427b,2026-07-06,251,285034721,0.148,,
approach,내자리라고씨,2001d17819de130555367b24dee9427b,2026-07-07,251,285034721,0.148,,
approach,내자리라고씨,2001d17819de130555367b24dee9427b,2026-07-08,251,285034721,0.148,,
approach,내자리라고씨,2001d17819de130555367b24dee9427b,2026-07-09,251,285034721,0.148,,
approach,내자리라고씨,2001d17819de130555367b24dee9427b,2026-07-10,251,285034721,0.148,,
approach,내자리라고씨,2001d17819de130555367b24dee9427b,2026-07-11,251,285034721,0.148,,
approach,내자리라고씨,2001d17819de130555367b24dee9427b,2026-07-12,251,285034721,0.148,405602,
approach,qwewr135,9b8b8e11ddcf8832ed83decc248a61bc,2026-06-18,251,295552097,0.154,273243,
approach,qwewr135,9b8b8e11ddcf8832ed83decc248a61bc,2026-06-19,251,295552097,0.154,,
approach,qwewr135,9b8b8e11ddcf8832ed83decc248a61bc,2026-06-20,251,295552097,0.154,,
approach,qwewr135,9b8b8e11ddcf8832ed83decc248a61bc,2026-06-21,251,295552097,0.154,,
approach,qwewr135,9b8b8e11ddcf8832ed83decc248a61bc,2026-06-22,251,295552097,0.154,,
approach,qwewr135,9b8b8e11ddcf8832ed83decc248a61bc,2026-06-23,251,295552097,0.154,,
approach,qwewr135,9b8b8e11ddcf8832ed83decc248a61bc,2026-06-24,251,295552097,0.154,,
approach,qwewr135,9b8b8e11ddcf8832ed83decc248a61bc,2026-06-25,251,295552097,0.154,,
approach,qwewr135,9b8b8e11ddcf8832ed83decc248a61bc,2026-06-26,251,295552097,0.154,273243,
approach,qwewr135,9b8b8e11ddcf8832ed83decc248a61bc,2026-06-27,251,295552097,0.154,,
approach,qwewr135,9b8b8e11ddcf8832ed83decc248a61bc,2026-06-28,251,295552097,0.154,,
approach,qwewr135,9b8b8e11ddcf8832ed83decc248a61bc,2026-06-29,251,295552097,0.154,,
approach,qwewr135,9b8b8e11ddcf8832ed83decc248a61bc,2026-06-30,251,295552097,0.154,,
approach,qwewr135,9b8b8e11ddcf8832ed83decc248a61bc,2026-07-01,251,295552097,0.154,,
approach,qwewr135,9b8b8e11ddcf8832ed83decc248a61bc,2026-07-02,251,295552097,0.154,,
approach,qwewr135,9b8b8e11ddcf8832ed83decc248a61bc,2026-07-03,251,295552097,0.154,,
approach,qwewr135,9b8b8e11ddcf8832ed83decc248a61bc,2026-07-04,251,295552097,0.154,273243,
approach,qwewr135,9b8b8e11ddcf8832ed83decc248a61bc,2026-07-05,251,295552097,0.154,,
approach,qwewr135,9b8b8e11ddcf8832ed83decc248a61bc,2026-07-06,251,295552097,0.154,,
approach,qwewr135,9b8b8e11ddcf8832ed83decc248a61bc,2026-07-07,251,295552097,0.154,,
approach,qwewr135,9b8b8e11ddcf8832ed83decc248a61bc,2026-07-08,251,295552097,0.154,,
approach,qwewr135,9b8b8e11ddcf8832ed83decc248a61bc,2026-07-09,251,295552097,0.154,,
approach,qwewr135,9b8b8e11ddcf8832ed83decc248a61bc,2026-07-10,251,295552097,0.154,,
approach,qwewr135,9b8b8e11ddcf8832ed83decc248a61bc,2026-07-11,251,295552097,0.154,,
approach,qwewr135,9b8b8e11ddcf8832ed83decc248a61bc,2026-07-12,251,295552097,0.154,273243,
approach,늦긍서포터즈,17ab67299b418932a347fd4d1fb56124,2026-06-18,251,261511590,0.057,785299,
approach,늦긍서포터즈,17ab67299b418932a347fd4d1fb56124,2026-06-19,251,261511590,0.057,,
approach,늦긍서포터즈,17ab67299b418932a347fd4d1fb56124,2026-06-20,251,261511590,0.057,,
approach,늦긍서포터즈,17ab67299b418932a347fd4d1fb56124,2026-06-21,251,261511590,0.057,,
approach,늦긍서포터즈,17ab67299b418932a347fd4d1fb56124,2026-06-22,251,261511590,0.057,,
approach,늦긍서포터즈,17ab67299b418932a347fd4d1fb56124,2026-06-23,251,261511590,0.057,,
approach,늦긍서포터즈,17ab67299b418932a347fd4d1fb56124,2026-06-24,251,261511590,0.057,,
approach,늦긍서포터즈,17ab67299b418932a347fd4d1fb56124,2026-06-25,251,261511590,0.057,,
approach,늦긍서포터즈,17ab67299b418932a347fd4d1fb56124,2026-06-26,251,261511590,0.057,785299,
approach,늦긍서포터즈,17ab67299b418932a347fd4d1fb56124,2026-06-27,251,261511590,0.057,,
approach,늦긍서포터즈,17ab67299b418932a347fd4d1fb56124,2026-06-28,251,261511590,0.057,,
approach,늦긍서포터즈,17ab67299b418932a347fd4d1fb56124,2026-06-29,251,261511590,0.057,,
approach,늦긍서포터즈,17ab67299b418932a347fd4d1fb56124,2026-06-30,251,261511590,0.057,,
approach,늦긍서포터즈,17ab67299b418932a347fd4d1fb56124,2026-07-01,251,261511590,0.057,,
approach,늦긍서포터즈,17ab67299b418932a347fd4d1fb56124,2026-07-02,251,261511590,0.057,,
approach,늦긍서포터즈,17ab67299b418932a347fd4d1fb56124,2026-07-03,251,261511590,0.057,,
approach,늦긍서포터즈,17ab67299b418932a347fd4d1fb56124,2026-07-04,251,261511590,0.057,785299,
approach,늦긍서포터즈,17ab67299b418932a347fd4d1fb56124,2026-07-05,251,261511590,0.057,,
approach,늦긍서포터즈,17ab67299b418932a347fd4d1fb56124,2026-07-06,251,261511590,0.057,,
approach,늦긍서포터즈,17ab67299b418932a347fd4d1fb56124,2026-07-07,251,261511590,0.057,,
approach,늦긍서포터즈,17ab67299b418932a347fd4d1fb56124,2026-07-08,251,261511590,0.057,,
approach,늦긍서포터즈,17ab67299b418932a347fd4d1fb56124,2026-07-09,251,261511590,0.057,,
approach,늦긍서포터즈,17ab67299b418932a347fd4d1fb56124,2026-07-10,251,261511590,0.057,,
approach,늦긍서포터즈,17ab67299b418932a347fd4d1fb56124,2026-07-11,251,261511590,0.057,,
approach,늦긍서포터즈,17ab67299b418932a347fd4d1fb56124,2026-07-12,251,261511590,0.057,785299,
approach,므느앙,ec6513dabf56669ff0bab1bed1c5bc4d,2026-06-18,251,285249896,0.063,390214,
approach,므느앙,ec6513dabf56669ff0bab1bed1c5bc4d,2026-06-19,251,285249896,0.063,,
approach,므느앙,ec6513dabf56669ff0bab1bed1c5bc4d,2026-06-20,251,285249896,0.063,,
approach,므느앙,ec6513dabf56669ff0bab1bed1c5bc4d,2026-06-21,251,285249896,0.063,,
approach,므느앙,ec6513dabf56669ff0bab1bed1c5bc4d,2026-06-22,251,285249896,0.063,,
approach,므느앙,ec6513dabf56669ff0bab1bed1c5bc4d,2026-06-23,251,285249896,0.063,,
approach,므느앙,ec6513dabf56669ff0bab1bed1c5bc4d,2026-06-24,251,285249896,0.063,,
approach,므느앙,ec6513dabf56669ff0bab1bed1c5bc4d,2026-06-25,251,285249896,0.063,,
approach,므느앙,ec6513dabf56669ff0bab1bed1c5bc4d,2026-06-26,251,285249896,0.063,390214,
approach,므느앙,ec6513dabf56669ff0bab1bed1c5bc4d,2026-06-27,251,285249896,0.063,,
approach,므느앙,ec6513dabf56669ff0bab1bed1c5bc4d,2026-06-28,251,285249896,0.063,,
approach,므느앙,ec6513dabf56669ff0bab1bed1c5bc4d,2026-06-29,251,285249896,0.063,,
approach,므느앙,ec6513dabf56669ff0bab1bed1c5bc4d,2026-06-30,251,285249896,0.063,,
approach,므느앙,ec6513dabf56669ff0bab1bed1c5bc4d,2026-07-01,251,285249896,0.063,,
approach,므느앙,ec6513dabf56669ff0bab1bed1c5bc4d,2026-07-02,251,285249896,0.063,,
approach,므느앙,ec6513dabf56669ff0bab1bed1c5bc4d,2026-07-03,251,285249896,0.063,,
approach,므느앙,ec6513dabf56669ff0bab1bed1c5bc4d,2026-07-04,251,285249896,0.063,390214,
approach,므느앙,ec6513dabf56669ff0bab1bed1c5bc4d,2026-07-05,251,285249896,0.063,,
approach,므느앙,ec6513dabf56669ff0bab1bed1c5bc4d,2026-07-06,251,285249896,0.063,,
approach,므느앙,ec6513dabf56669ff0bab1bed1c5bc4d,2026-07-07,251,285249896,0.063,,
approach,므느앙,ec6513dabf56669ff0bab1bed1c5bc4d,2026-07-08,251,285249896,0.063,,
approach,므느앙,ec6513dabf56669ff0bab1bed1c5bc4d,2026-07-09,251,285249896,0.063,,
approach,므느앙,ec6513dabf56669ff0bab1bed1c5bc4d,2026-07-10,251,285249896,0.063,,
approach,므느앙,ec6513dabf56669ff0bab1bed1c5bc4d,2026-07-11,251,285249896,0.063,,
approach,므느앙,ec6513dabf56669ff0bab1bed1c5bc4d,2026-07-12,251,285249896,0.063,390214,
approach,캐러멜블루칩,87266b84e636695078666852ca698af7,2026-06-18,251,297639073,0.065,523259,
approach,캐러멜블루칩,87266b84e636695078666852ca698af7,2026-06-19,251,297639073,0.065,,
approach,캐러멜블루칩,87266b84e636695078666852ca698af7,2026-06-20,251,297639073,0.065,,
approach,캐러멜블루칩,87266b84e636695078666852ca698af7,2026-06-21,251,297639073,0.065,,
approach,캐러멜블루칩,87266b84e636695078666852ca698af7,2026-06-22,251,297639073,0.065,,
approach,캐러멜블루칩,87266b84e636695078666852ca698af7,2026-06-23,251,297639073,0.065,,
approach,캐러멜블루칩,87266b84e636695078666852ca698af7,2026-06-24,251,297639073,0.065,,
approach,캐러멜블루칩,87266b84e636695078666852ca698af7,2026-06-25,251,297639073,0.065,,
approach,캐러멜블루칩,87266b84e636695078666852ca698af7,2026-06-26,251,297639073,0.065,523259,
approach,캐러멜블루칩,87266b84e636695078666852ca698af7,2026-06-27,251,297639073,0.065,,
approach,캐러멜블루칩,87266b84e636695078666852ca698af7,2026-06-28,251,297639073,0.065,,
approach,캐러멜블루칩,87266b84e636695078666852ca698af7,2026-06-29,251,297639073,0.065,,
approach,캐러멜블루칩,87266b84e636695078666852ca698af7,2026-06-30,251,297639073,0.065,,
approach,캐러멜블루칩,87266b84e636695078666852ca698af7,2026-07-01,251,297639073,0.065,,
approach,캐러멜블루칩,87266b84e636695078666852ca698af7,2026-07-02,251,297639073,0.065,,
approach,캐러멜블루칩,87266b84e636695078666852ca698af7,2026-07-03,251,297639073,0.065,,
approach,캐러멜블루칩,87266b84e636695078666852ca698af7,2026-07-04,251,297639073,0.065,523259,
approach,캐러멜블루칩,87266b84e636695078666852ca698af7,2026-07-05,251,297639073,0.065,,
approach,캐러멜블루칩,87266b84e636695078666852ca698af7,2026-07-06,251,297639073,0.065,,
approach,캐러멜블루칩,87266b84e636695078666852ca698af7,2026-07-07,251,297639073,0.065,,
approach,캐러멜블루칩,87266b84e636695078666852ca698af7,2026-07-08,251,297639073,0.065,,
approach,캐러멜블루칩,87266b84e636695078666852ca698af7,2026-07-09,251,297639073,0.065,,
approach,캐러멜블루칩,87266b84e636695078666852ca698af7,2026-07-10,251,297639073,0.065,,
approach,캐러멜블루칩,87266b84e636695078666852ca698af7,2026-07-11,251,297639073,0.065,,
approach,캐러멜블루칩,87266b84e636695078666852ca698af7,2026-07-12,251,297639073,0.065,523259,
approach,팔도네심벌레,6855066d677f4d82c718b51f44792155efe8d04e6d233bd35cf2fabdeb93fb0d,2026-06-18,251,280553877,0.146,30432,
approach,팔도네심벌레,6855066d677f4d82c718b51f44792155efe8d04e6d233bd35cf2fabdeb93fb0d,2026-06-19,251,280553877,0.146,,
approach,팔도네심벌레,6855066d677f4d82c718b51f44792155efe8d04e6d233bd35cf2fabdeb93fb0d,2026-06-20,251,280553877,0.146,,
approach,팔도네심벌레,6855066d677f4d82c718b51f44792155efe8d04e6d233bd35cf2fabdeb93fb0d,2026-06-21,251,280553877,0.146,,
approach,팔도네심벌레,6855066d677f4d82c718b51f44792155efe8d04e6d233bd35cf2fabdeb93fb0d,2026-06-22,251,280553877,0.146,,
approach,팔도네심벌레,6855066d677f4d82c718b51f44792155efe8d04e6d233bd35cf2fabdeb93fb0d,2026-06-23,251,280553877,0.146,,
approach,팔도네심벌레,6855066d677f4d82c718b51f44792155efe8d04e6d233bd35cf2fabdeb93fb0d,2026-06-24,251,280553877,0.146,,
approach,팔도네심벌레,6855066d677f4d82c718b51f44792155efe8d04e6d233bd35cf2fabdeb93fb0d,2026-06-25,251,280553877,0.146,,
approach,팔도네심벌레,6855066d677f4d82c718b51f44792155efe8d04e6d233bd35cf2fabdeb93fb0d,2026-06-26,251,280553877,0.146,30432,
approach,팔도네심벌레,6855066d677f4d82c718b51f44792155efe8d04e6d233bd35cf2fabdeb93fb0d,2026-06-27,251,280553877,0.146,,
approach,팔도네심벌레,6855066d677f4d82c718b51f44792155efe8d04e6d233bd35cf2fabdeb93fb0d,2026-06-28,251,280553877,0.146,,
approach,팔도네심벌레,6855066d677f4d82c718b51f44792155efe8d04e6d233bd35cf2fabdeb93fb0d,2026-06-29,251,280553877,0.146,,
approach,팔도네심벌레,6855066d677f4d82c718b51f44792155efe8d04e6d233bd35cf2fabdeb93fb0d,2026-06-30,251,280553877,0.146,,
approach,팔도네심벌레,6855066d677f4d82c718b51f44792155efe8d04e6d233bd35cf2fabdeb93fb0d,2026-07-01,251,280553877,0.146,,
approach,팔도네심벌레,6855066d677f4d82c718b51f44792155efe8d04e6d233bd35cf2fabdeb93fb0d,2026-07-02,251,280553877,0.146,,
approach,팔도네심벌레,6855066d677f4d82c718b51f44792155efe8d04e6d233bd35cf2fabdeb93fb0d,2026-07-03,251,280553877,0.146,,
approach,팔도네심벌레,6855066d677f4d82c718b51f44792155efe8d04e6d233bd35cf2fabdeb93fb0d,2026-07-04,251,280553877,0.146,30432,
approach,팔도네심벌레,6855066d677f4d82c718b51f44792155efe8d04e6d233bd35cf2fabdeb93fb0d,2026-07-05,251,280553877,0.146,,
approach,팔도네심벌레,6855066d677f4d82c718b51f44792155efe8d04e6d233bd35cf2fabdeb93fb0d,2026-07-06,251,280553877,0.146,,
approach,팔도네심벌레,6855066d677f4d82c718b51f44792155efe8d04e6d233bd35cf2fabdeb93fb0d,2026-07-07,251,280553877,0.146,,
approach,팔도네심벌레,6855066d677f4d82c718b51f44792155efe8d04e6d233bd35cf2fabdeb93fb0d,2026-07-08,251,280553877,0.146,,
approach,팔도네심벌레,6855066d677f4d82c718b51f44792155efe8d04e6d233bd35cf2fabdeb93fb0d,2026-07-09,251,280553877,0.146,,
approach,팔도네심벌레,6855066d677f4d82c718b51f44792155efe8d04e6d233bd35cf2fabdeb93fb0d,2026-07-10,251,280553877,0.146,,
approach,팔도네심벌레,6855066d677f4d82c718b51f44792155efe8d04e6d233bd35cf2fabdeb93fb0d,2026-07-11,251,280553877,0.146,,
approach,팔도네심벌레,6855066d677f4d82c718b51f44792155efe8d04e6d233bd35cf2fabdeb93fb0d,2026-07-12,251,280553877,0.146,30432,
approach,멀보노보노지,b5ed035821e53dbd9bca07cf6eaf8950,2026-06-18,251,217093553,0.113,905551,
approach,멀보노보노지,b5ed035821e53dbd9bca07cf6eaf8950,2026-06-19,251,217093553,0.113,,
approach,멀보노보노지,b5ed035821e53dbd9bca07cf6eaf8950,2026-06-20,251,217093553,0.113,,
approach,멀보노보노지,b5ed035821e53dbd9bca07cf6eaf8950,2026-06-21,251,217093553,0.113,,
approach,멀보노보노지,b5ed035821e53dbd9bca07cf6eaf8950,2026-06-22,251,217093553,0.113,,
approach,멀보노보노지,b5ed035821e53dbd9bca07cf6eaf8950,2026-06-23,251,217093553,0.113,,
approach,멀보노보노지,b5ed035821e53dbd9bca07cf6eaf8950,2026-06-24,251,217093553,0.113,,
approach,멀보노보노지,b5ed035821e53dbd9bca07cf6eaf8950,2026-06-25,251,217093553,0.113,,
approach,멀보노보노지,b5ed035821e53dbd9bca07cf6eaf8950,2026-06-26,251,217093553,0.113,905551,
approach,멀보노보노지,b5ed035821e53dbd9bca07cf6eaf8950,2026-06-27,251,217093553,0.113,,
approach,멀보노보노지,b5ed035821e53dbd9bca07cf6eaf8950,2026-06-28,251,217093553,0.113,,
approach,멀보노보노지,b5ed035821e53dbd9bca07cf6eaf8950,2026-06-29,251,217093553,0.113,,
approach,멀보노보노지,b5ed035821e53dbd9bca07cf6eaf8950,2026-06-30,251,217093553,0.113,,
approach,멀보노보노지,b5ed035821e53dbd9bca07cf6eaf8950,2026-07-01,251,217093553,0.113,,
approach,멀보노보노지,b5ed035821e53dbd9bca07cf6eaf8950,2026-07-02,251,217093553,0.113,,
approach,멀보노보노지,b5ed035821e53dbd9bca07cf6eaf8950,2026-07-03,251,217093553,0.113,,
approach,멀보노보노지,b5ed035821e53dbd9bca07cf6eaf8950,2026-07-04,251,217093553,0.113,905551,
approach,멀보노보노지,b5ed035821e53dbd9bca07cf6eaf8950,2026-07-05,251,217093553,0.113,,
approach,멀보노보노지,b5ed035821e53dbd9bca07cf6eaf8950,2026-07-06,251,217093553,0.113,,
approach,멀보노보노지,b5ed035821e53dbd9bca07cf6eaf8950,2026-07-07,251,217093553,0.113,,
approach,멀보노보노지,b5ed035821e53dbd9bca07cf6eaf8950,2026-07-08,251,217093553,0.113,,
approach,멀보노보노지,b5ed035821e53dbd9bca07cf6eaf8950,2026-07-09,251,217093553,0.113,,
approach,멀보노보노지,b5ed035821e53dbd9bca07cf6eaf8950,2026-07-10,251,217093553,0.113,,
approach,멀보노보노지,b5ed035821e53dbd9bca07cf6eaf8950,2026-07-11,251,217093553,0.113,,
approach,멀보노보노지,b5ed035821e53dbd9bca07cf6eaf8950,2026-07-12,251,217093553,0.113,905551,
approach,매횻메세,bff6885bacfc82ff50f6a7bccd7f8e19,2026-06-18,251,253883735,0.132,11675615,
approach,매횻메세,bff6885bacfc82ff50f6a7bccd7f8e19,2026-06-19,251,253883735,0.132,,
approach,매횻메세,bff6885bacfc82ff50f6a7bccd7f8e19,2026-06-20,251,253883735,0.132,,
approach,매횻메세,bff6885bacfc82ff50f6a7bccd7f8e19,2026-06-21,251,253883735,0.132,,
approach,매횻메세,bff6885bacfc82ff50f6a7bccd7f8e19,2026-06-22,251,253883735,0.132,,
approach,매횻메세,bff6885bacfc82ff50f6a7bccd7f8e19,2026-06-23,251,253883735,0.132,,
approach,매횻메세,bff6885bacfc82ff50f6a7bccd7f8e19,2026-06-24,251,253883735,0.132,,
approach,매횻메세,bff6885bacfc82ff50f6a7bccd7f8e19,2026-06-25,251,253883735,0.132,,
approach,매횻메세,bff6885bacfc82ff50f6a7bccd7f8e19,2026-06-26,251,253883735,0.132,11851927,
approach,매횻메세,bff6885bacfc82ff50f6a7bccd7f8e19,2026-06-27,251,253883735,0.132,,
approach,매횻메세,bff6885bacfc82ff50f6a7bccd7f8e19,2026-06-28,251,253883735,0.132,,
approach,매횻메세,bff6885bacfc82ff50f6a7bccd7f8e19,2026-06-29,251,253883735,0.132,,
approach,매횻메세,bff6885bacfc82ff50f6a7bccd7f8e19,2026-06-30,251,253883735,0.132,,
approach,매횻메세,bff6885bacfc82ff50f6a7bccd7f8e19,2026-07-01,251,253883735,0.132,,
approach,매횻메세,bff6885bacfc82ff50f6a7bccd7f8e19,2026-07-02,251,253883735,0.132,,
approach,매횻메세,bff6885bacfc82ff50f6a7bccd7f8e19,2026-07-03,251,253883735,0.132,,
approach,매횻메세,bff6885bacfc82ff50f6a7bccd7f8e19,2026-07-04,251,253883735,0.132,10216231,
approach,매횻메세,bff6885bacfc82ff50f6a7bccd7f8e19,2026-07-05,251,253883735,0.132,,
approach,매횻메세,bff6885bacfc82ff50f6a7bccd7f8e19,2026-07-06,251,253883735,0.132,,
approach,매횻메세,bff6885bacfc82ff50f6a7bccd7f8e19,2026-07-07,251,253883735,0.132,,
approach,매횻메세,bff6885bacfc82ff50f6a7bccd7f8e19,2026-07-08,251,253883735,0.132,,
approach,매횻메세,bff6885bacfc82ff50f6a7bccd7f8e19,2026-07-09,251,253883735,0.132,,
approach,매횻메세,bff6885bacfc82ff50f6a7bccd7f8e19,2026-07-10,251,253883735,0.132,,
approach,매횻메세,bff6885bacfc82ff50f6a7bccd7f8e19,2026-07-11,251,253883735,0.132,,
approach,매횻메세,bff6885bacfc82ff50f6a7bccd7f8e19,2026-07-12,251,253883735,0.132,10216231,
approach,스나고무,55923c87be2e0e0638a50314b5c46532efe8d04e6d233bd35cf2fabdeb93fb0d,2026-06-18,251,295228754,0.154,288908,
approach,스나고무,55923c87be2e0e0638a50314b5c46532efe8d04e6d233bd35cf2fabdeb93fb0d,2026-06-19,251,295228754,0.154,,
approach,스나고무,55923c87be2e0e0638a50314b5c46532efe8d04e6d233bd35cf2fabdeb93fb0d,2026-06-20,251,295228754,0.154,,
approach,스나고무,55923c87be2e0e0638a50314b5c46532efe8d04e6d233bd35cf2fabdeb93fb0d,2026-06-21,251,295228754,0.154,,
approach,스나고무,55923c87be2e0e0638a50314b5c46532efe8d04e6d233bd35cf2fabdeb93fb0d,2026-06-22,251,295228754,0.154,,
approach,스나고무,55923c87be2e0e0638a50314b5c46532efe8d04e6d233bd35cf2fabdeb93fb0d,2026-06-23,251,295228754,0.154,,
approach,스나고무,55923c87be2e0e0638a50314b5c46532efe8d04e6d233bd35cf2fabdeb93fb0d,2026-06-24,251,295228754,0.154,,
approach,스나고무,55923c87be2e0e0638a50314b5c46532efe8d04e6d233bd35cf2fabdeb93fb0d,2026-06-25,251,295228754,0.154,,
approach,스나고무,55923c87be2e0e0638a50314b5c46532efe8d04e6d233bd35cf2fabdeb93fb0d,2026-06-26,251,295228754,0.154,288908,
approach,스나고무,55923c87be2e0e0638a50314b5c46532efe8d04e6d233bd35cf2fabdeb93fb0d,2026-06-27,251,295228754,0.154,,
approach,스나고무,55923c87be2e0e0638a50314b5c46532efe8d04e6d233bd35cf2fabdeb93fb0d,2026-06-28,251,295228754,0.154,,
approach,스나고무,55923c87be2e0e0638a50314b5c46532efe8d04e6d233bd35cf2fabdeb93fb0d,2026-06-29,251,295228754,0.154,,
approach,스나고무,55923c87be2e0e0638a50314b5c46532efe8d04e6d233bd35cf2fabdeb93fb0d,2026-06-30,251,295228754,0.154,,
approach,스나고무,55923c87be2e0e0638a50314b5c46532efe8d04e6d233bd35cf2fabdeb93fb0d,2026-07-01,251,295228754,0.154,,
approach,스나고무,55923c87be2e0e0638a50314b5c46532efe8d04e6d233bd35cf2fabdeb93fb0d,2026-07-02,251,295228754,0.154,,
approach,스나고무,55923c87be2e0e0638a50314b5c46532efe8d04e6d233bd35cf2fabdeb93fb0d,2026-07-03,251,295228754,0.154,,
approach,스나고무,55923c87be2e0e0638a50314b5c46532efe8d04e6d233bd35cf2fabdeb93fb0d,2026-07-04,251,295228754,0.154,288908,
approach,스나고무,55923c87be2e0e0638a50314b5c46532efe8d04e6d233bd35cf2fabdeb93fb0d,2026-07-05,251,295228754,0.154,,
approach,스나고무,55923c87be2e0e0638a50314b5c46532efe8d04e6d233bd35cf2fabdeb93fb0d,2026-07-06,251,295228754,0.154,,
approach,스나고무,55923c87be2e0e0638a50314b5c46532efe8d04e6d233bd35cf2fabdeb93fb0d,2026-07-07,251,295228754,0.154,,
approach,스나고무,55923c87be2e0e0638a50314b5c46532efe8d04e6d233bd35cf2fabdeb93fb0d,2026-07-08,251,295228754,0.154,,
approach,스나고무,55923c87be2e0e0638a50314b5c46532efe8d04e6d233bd35cf2fabdeb93fb0d,2026-07-09,251,295228754,0.154,,
approach,스나고무,55923c87be2e0e0638a50314b5c46532efe8d04e6d233bd35cf2fabdeb93fb0d,2026-07-10,251,295228754,0.154,,
approach,스나고무,55923c87be2e0e0638a50314b5c46532efe8d04e6d233bd35cf2fabdeb93fb0d,2026-07-11,251,295228754,0.154,,
approach,스나고무,55923c87be2e0e0638a50314b5c46532efe8d04e6d233bd35cf2fabdeb93fb0d,2026-07-12,251,295228754,0.154,288908,
approach,일리움추천,305cfeffbf0e3cd3f77e03d3017accd3,2026-06-18,251,305610731,0.159,78638,
approach,일리움추천,305cfeffbf0e3cd3f77e03d3017accd3,2026-06-19,251,305610731,0.159,,
approach,일리움추천,305cfeffbf0e3cd3f77e03d3017accd3,2026-06-20,251,305610731,0.159,,
approach,일리움추천,305cfeffbf0e3cd3f77e03d3017accd3,2026-06-21,251,305610731,0.159,,
approach,일리움추천,305cfeffbf0e3cd3f77e03d3017accd3,2026-06-22,251,305610731,0.159,,
approach,일리움추천,305cfeffbf0e3cd3f77e03d3017accd3,2026-06-23,251,305610731,0.159,,
approach,일리움추천,305cfeffbf0e3cd3f77e03d3017accd3,2026-06-24,251,305610731,0.159,,
approach,일리움추천,305cfeffbf0e3cd3f77e03d3017accd3,2026-06-25,251,305610731,0.159,,
approach,일리움추천,305cfeffbf0e3cd3f77e03d3017accd3,2026-06-26,251,305610731,0.159,78638,
approach,일리움추천,305cfeffbf0e3cd3f77e03d3017accd3,2026-06-27,251,305610731,0.159,,
approach,일리움추천,305cfeffbf0e3cd3f77e03d3017accd3,2026-06-28,251,305610731,0.159,,
approach,일리움추천,305cfeffbf0e3cd3f77e03d3017accd3,2026-06-29,251,305610731,0.159,,
approach,일리움추천,305cfeffbf0e3cd3f77e03d3017accd3,2026-06-30,251,305610731,0.159,,
approach,일리움추천,305cfeffbf0e3cd3f77e03d3017accd3,2026-07-01,251,305610731,0.159,,
approach,일리움추천,305cfeffbf0e3cd3f77e03d3017accd3,2026-07-02,251,305610731,0.159,,
approach,일리움추천,305cfeffbf0e3cd3f77e03d3017accd3,2026-07-03,251,305610731,0.159,,
approach,일리움추천,305cfeffbf0e3cd3f77e03d3017accd3,2026-07-04,251,305610731,0.159,78638,
approach,일리움추천,305cfeffbf0e3cd3f77e03d3017accd3,2026-07-05,251,305610731,0.159,,
approach,일리움추천,305cfeffbf0e3cd3f77e03d3017accd3,2026-07-06,251,305610731,0.159,,
approach,일리움추천,305cfeffbf0e3cd3f77e03d3017accd3,2026-07-07,251,305610731,0.159,,
approach,일리움추천,305cfeffbf0e3cd3f77e03d3017accd3,2026-07-08,251,305610731,0.159,,
approach,일리움추천,305cfeffbf0e3cd3f77e03d3017accd3,2026-07-09,251,305610731,0.159,,
approach,일리움추천,305cfeffbf0e3cd3f77e03d3017accd3,2026-07-10,251,305610731,0.159,,
approach,일리움추천,305cfeffbf0e3cd3f77e03d3017accd3,2026-07-11,251,305610731,0.159,,
approach,일리움추천,305cfeffbf0e3cd3f77e03d3017accd3,2026-07-12,251,305610731,0.159,78638,
approach,도히부캐11,9571870c7ab6da06db11cabb2131cb75,2026-06-18,251,323424283,0.168,71036,
approach,도히부캐11,9571870c7ab6da06db11cabb2131cb75,2026-06-19,251,323424283,0.168,,
approach,도히부캐11,9571870c7ab6da06db11cabb2131cb75,2026-06-20,251,323424283,0.168,,
approach,도히부캐11,9571870c7ab6da06db11cabb2131cb75,2026-06-21,251,323424283,0.168,,
approach,도히부캐11,9571870c7ab6da06db11cabb2131cb75,2026-06-22,251,323424283,0.168,,
approach,도히부캐11,9571870c7ab6da06db11cabb2131cb75,2026-06-23,251,323424283,0.168,,
approach,도히부캐11,9571870c7ab6da06db11cabb2131cb75,2026-06-24,251,323424283,0.168,,
approach,도히부캐11,9571870c7ab6da06db11cabb2131cb75,2026-06-25,251,323424283,0.168,,
approach,도히부캐11,9571870c7ab6da06db11cabb2131cb75,2026-06-26,251,323424283,0.168,71036,
approach,도히부캐11,9571870c7ab6da06db11cabb2131cb75,2026-06-27,251,323424283,0.168,,
approach,도히부캐11,9571870c7ab6da06db11cabb2131cb75,2026-06-28,251,323424283,0.168,,
approach,도히부캐11,9571870c7ab6da06db11cabb2131cb75,2026-06-29,251,323424283,0.168,,
approach,도히부캐11,9571870c7ab6da06db11cabb2131cb75,2026-06-30,251,323424283,0.168,,
approach,도히부캐11,9571870c7ab6da06db11cabb2131cb75,2026-07-01,251,323424283,0.168,,
approach,도히부캐11,9571870c7ab6da06db11cabb2131cb75,2026-07-02,251,323424283,0.168,,
approach,도히부캐11,9571870c7ab6da06db11cabb2131cb75,2026-07-03,251,323424283,0.168,,
approach,도히부캐11,9571870c7ab6da06db11cabb2131cb75,2026-07-04,251,323424283,0.168,71036,
approach,도히부캐11,9571870c7ab6da06db11cabb2131cb75,2026-07-05,251,323424283,0.168,,
approach,도히부캐11,9571870c7ab6da06db11cabb2131cb75,2026-07-06,251,323424283,0.168,,
approach,도히부캐11,9571870c7ab6da06db11cabb2131cb75,2026-07-07,251,323424283,0.168,,
approach,도히부캐11,9571870c7ab6da06db11cabb2131cb75,2026-07-08,251,323424283,0.168,,
approach,도히부캐11,9571870c7ab6da06db11cabb2131cb75,2026-07-09,251,323424283,0.168,,
approach,도히부캐11,9571870c7ab6da06db11cabb2131cb75,2026-07-10,251,323424283,0.168,,
approach,도히부캐11,9571870c7ab6da06db11cabb2131cb75,2026-07-11,251,323424283,0.168,,
approach,도히부캐11,9571870c7ab6da06db11cabb2131cb75,2026-07-12,251,323424283,0.168,71036,
approach,손구락뿌가각,83f4e2358ce7c0c2b497c7c61ee60d86efe8d04e6d233bd35cf2fabdeb93fb0d,2026-06-18,251,263524409,0.137,74335,
approach,손구락뿌가각,83f4e2358ce7c0c2b497c7c61ee60d86efe8d04e6d233bd35cf2fabdeb93fb0d,2026-06-19,251,263524409,0.137,,
approach,손구락뿌가각,83f4e2358ce7c0c2b497c7c61ee60d86efe8d04e6d233bd35cf2fabdeb93fb0d,2026-06-20,251,263524409,0.137,,
approach,손구락뿌가각,83f4e2358ce7c0c2b497c7c61ee60d86efe8d04e6d233bd35cf2fabdeb93fb0d,2026-06-21,251,263524409,0.137,,
approach,손구락뿌가각,83f4e2358ce7c0c2b497c7c61ee60d86efe8d04e6d233bd35cf2fabdeb93fb0d,2026-06-22,251,263524409,0.137,,
approach,손구락뿌가각,83f4e2358ce7c0c2b497c7c61ee60d86efe8d04e6d233bd35cf2fabdeb93fb0d,2026-06-23,251,263524409,0.137,,
approach,손구락뿌가각,83f4e2358ce7c0c2b497c7c61ee60d86efe8d04e6d233bd35cf2fabdeb93fb0d,2026-06-24,251,263524409,0.137,,
approach,손구락뿌가각,83f4e2358ce7c0c2b497c7c61ee60d86efe8d04e6d233bd35cf2fabdeb93fb0d,2026-06-25,251,263524409,0.137,,
approach,손구락뿌가각,83f4e2358ce7c0c2b497c7c61ee60d86efe8d04e6d233bd35cf2fabdeb93fb0d,2026-06-26,251,263524409,0.137,74335,
approach,손구락뿌가각,83f4e2358ce7c0c2b497c7c61ee60d86efe8d04e6d233bd35cf2fabdeb93fb0d,2026-06-27,251,263524409,0.137,,
approach,손구락뿌가각,83f4e2358ce7c0c2b497c7c61ee60d86efe8d04e6d233bd35cf2fabdeb93fb0d,2026-06-28,251,263524409,0.137,,
approach,손구락뿌가각,83f4e2358ce7c0c2b497c7c61ee60d86efe8d04e6d233bd35cf2fabdeb93fb0d,2026-06-29,251,263524409,0.137,,
approach,손구락뿌가각,83f4e2358ce7c0c2b497c7c61ee60d86efe8d04e6d233bd35cf2fabdeb93fb0d,2026-06-30,251,263524409,0.137,,
approach,손구락뿌가각,83f4e2358ce7c0c2b497c7c61ee60d86efe8d04e6d233bd35cf2fabdeb93fb0d,2026-07-01,251,263524409,0.137,,
approach,손구락뿌가각,83f4e2358ce7c0c2b497c7c61ee60d86efe8d04e6d233bd35cf2fabdeb93fb0d,2026-07-02,251,263524409,0.137,,
approach,손구락뿌가각,83f4e2358ce7c0c2b497c7c61ee60d86efe8d04e6d233bd35cf2fabdeb93fb0d,2026-07-03,251,263524409,0.137,,
approach,손구락뿌가각,83f4e2358ce7c0c2b497c7c61ee60d86efe8d04e6d233bd35cf2fabdeb93fb0d,2026-07-04,251,263524409,0.137,74335,
approach,손구락뿌가각,83f4e2358ce7c0c2b497c7c61ee60d86efe8d04e6d233bd35cf2fabdeb93fb0d,2026-07-05,251,263524409,0.137,,
approach,손구락뿌가각,83f4e2358ce7c0c2b497c7c61ee60d86efe8d04e6d233bd35cf2fabdeb93fb0d,2026-07-06,251,263524409,0.137,,
approach,손구락뿌가각,83f4e2358ce7c0c2b497c7c61ee60d86efe8d04e6d233bd35cf2fabdeb93fb0d,2026-07-07,251,263524409,0.137,,
approach,손구락뿌가각,83f4e2358ce7c0c2b497c7c61ee60d86efe8d04e6d233bd35cf2fabdeb93fb0d,2026-07-08,251,263524409,0.137,,
approach,손구락뿌가각,83f4e2358ce7c0c2b497c7c61ee60d86efe8d04e6d233bd35cf2fabdeb93fb0d,2026-07-09,251,263524409,0.137,,
approach,손구락뿌가각,83f4e2358ce7c0c2b497c7c61ee60d86efe8d04e6d233bd35cf2fabdeb93fb0d,2026-07-10,251,263524409,0.137,,
approach,손구락뿌가각,83f4e2358ce7c0c2b497c7c61ee60d86efe8d04e6d233bd35cf2fabdeb93fb0d,2026-07-11,251,263524409,0.137,,
approach,손구락뿌가각,83f4e2358ce7c0c2b497c7c61ee60d86efe8d04e6d233bd35cf2fabdeb93fb0d,2026-07-12,251,263524409,0.137,74335,
approach,시연울,aba231fdbe664aa914935b01fe006444,2026-06-18,251,240375461,0.125,124997,
approach,시연울,aba231fdbe664aa914935b01fe006444,2026-06-19,251,240375461,0.125,,
approach,시연울,aba231fdbe664aa914935b01fe006444,2026-06-20,251,240375461,0.125,,
approach,시연울,aba231fdbe664aa914935b01fe006444,2026-06-21,251,240375461,0.125,,
approach,시연울,aba231fdbe664aa914935b01fe006444,2026-06-22,251,240375461,0.125,,
approach,시연울,aba231fdbe664aa914935b01fe006444,2026-06-23,251,240375461,0.125,,
approach,시연울,aba231fdbe664aa914935b01fe006444,2026-06-24,251,240375461,0.125,,
approach,시연울,aba231fdbe664aa914935b01fe006444,2026-06-25,251,240375461,0.125,,
approach,시연울,aba231fdbe664aa914935b01fe006444,2026-06-26,251,240375461,0.125,124997,
approach,시연울,aba231fdbe664aa914935b01fe006444,2026-06-27,251,240375461,0.125,,
approach,시연울,aba231fdbe664aa914935b01fe006444,2026-06-28,251,240375461,0.125,,
approach,시연울,aba231fdbe664aa914935b01fe006444,2026-06-29,251,240375461,0.125,,
approach,시연울,aba231fdbe664aa914935b01fe006444,2026-06-30,251,240375461,0.125,,
approach,시연울,aba231fdbe664aa914935b01fe006444,2026-07-01,251,240375461,0.125,,
approach,시연울,aba231fdbe664aa914935b01fe006444,2026-07-02,251,240375461,0.125,,
approach,시연울,aba231fdbe664aa914935b01fe006444,2026-07-03,251,240375461,0.125,,
approach,시연울,aba231fdbe664aa914935b01fe006444,2026-07-04,251,240375461,0.125,94121,
approach,시연울,aba231fdbe664aa914935b01fe006444,2026-07-05,251,240375461,0.125,,
approach,시연울,aba231fdbe664aa914935b01fe006444,2026-07-06,251,240375461,0.125,,
approach,시연울,aba231fdbe664aa914935b01fe006444,2026-07-07,251,240375461,0.125,,
approach,시연울,aba231fdbe664aa914935b01fe006444,2026-07-08,251,240375461,0.125,,
approach,시연울,aba231fdbe664aa914935b01fe006444,2026-07-09,251,240375461,0.125,,
approach,시연울,aba231fdbe664aa914935b01fe006444,2026-07-10,251,240375461,0.125,,
approach,시연울,aba231fdbe664aa914935b01fe006444,2026-07-11,251,240375461,0.125,,
approach,시연울,aba231fdbe664aa914935b01fe006444,2026-07-12,251,240375461,0.125,94121,
approach,유뇬육쳔,e00da408ba47c005755c7a2811feb194,2026-06-18,251,314616571,0.164,461891,
approach,유뇬육쳔,e00da408ba47c005755c7a2811feb194,2026-06-19,251,314616571,0.164,,
approach,유뇬육쳔,e00da408ba47c005755c7a2811feb194,2026-06-20,251,314616571,0.164,,
approach,유뇬육쳔,e00da408ba47c005755c7a2811feb194,2026-06-21,251,314616571,0.164,,
approach,유뇬육쳔,e00da408ba47c005755c7a2811feb194,2026-06-22,251,314616571,0.164,,
approach,유뇬육쳔,e00da408ba47c005755c7a2811feb194,2026-06-23,251,314616571,0.164,,
approach,유뇬육쳔,e00da408ba47c005755c7a2811feb194,2026-06-24,251,314616571,0.164,,
approach,유뇬육쳔,e00da408ba47c005755c7a2811feb194,2026-06-25,251,314616571,0.164,,
approach,유뇬육쳔,e00da408ba47c005755c7a2811feb194,2026-06-26,251,314616571,0.164,461891,
approach,유뇬육쳔,e00da408ba47c005755c7a2811feb194,2026-06-27,251,314616571,0.164,,
approach,유뇬육쳔,e00da408ba47c005755c7a2811feb194,2026-06-28,251,314616571,0.164,,
approach,유뇬육쳔,e00da408ba47c005755c7a2811feb194,2026-06-29,251,314616571,0.164,,
approach,유뇬육쳔,e00da408ba47c005755c7a2811feb194,2026-06-30,251,314616571,0.164,,
approach,유뇬육쳔,e00da408ba47c005755c7a2811feb194,2026-07-01,251,314616571,0.164,,
approach,유뇬육쳔,e00da408ba47c005755c7a2811feb194,2026-07-02,251,314616571,0.164,,
approach,유뇬육쳔,e00da408ba47c005755c7a2811feb194,2026-07-03,251,314616571,0.164,,
approach,유뇬육쳔,e00da408ba47c005755c7a2811feb194,2026-07-04,251,314616571,0.164,461891,
approach,유뇬육쳔,e00da408ba47c005755c7a2811feb194,2026-07-05,251,314616571,0.164,,
approach,유뇬육쳔,e00da408ba47c005755c7a2811feb194,2026-07-06,251,314616571,0.164,,
approach,유뇬육쳔,e00da408ba47c005755c7a2811feb194,2026-07-07,251,314616571,0.164,,
approach,유뇬육쳔,e00da408ba47c005755c7a2811feb194,2026-07-08,251,314616571,0.164,,
approach,유뇬육쳔,e00da408ba47c005755c7a2811feb194,2026-07-09,251,314616571,0.164,,
approach,유뇬육쳔,e00da408ba47c005755c7a2811feb194,2026-07-10,251,314616571,0.164,,
approach,유뇬육쳔,e00da408ba47c005755c7a2811feb194,2026-07-11,251,314616571,0.164,,
approach,유뇬육쳔,e00da408ba47c005755c7a2811feb194,2026-07-12,251,314616571,0.164,461891,
approach,심대현,c20021b1694bd9aad5407c79700f38c4,2026-06-18,251,225275885,0.049,1537609,
approach,심대현,c20021b1694bd9aad5407c79700f38c4,2026-06-19,251,225275885,0.049,,
approach,심대현,c20021b1694bd9aad5407c79700f38c4,2026-06-20,251,225275885,0.049,,
approach,심대현,c20021b1694bd9aad5407c79700f38c4,2026-06-21,251,225275885,0.049,,
approach,심대현,c20021b1694bd9aad5407c79700f38c4,2026-06-22,251,225275885,0.049,,
approach,심대현,c20021b1694bd9aad5407c79700f38c4,2026-06-23,251,225275885,0.049,,
approach,심대현,c20021b1694bd9aad5407c79700f38c4,2026-06-24,251,225275885,0.049,,
approach,심대현,c20021b1694bd9aad5407c79700f38c4,2026-06-25,251,225275885,0.049,,
approach,심대현,c20021b1694bd9aad5407c79700f38c4,2026-06-26,251,225275885,0.049,1537609,
approach,심대현,c20021b1694bd9aad5407c79700f38c4,2026-06-27,251,225275885,0.049,,
approach,심대현,c20021b1694bd9aad5407c79700f38c4,2026-06-28,251,225275885,0.049,,
approach,심대현,c20021b1694bd9aad5407c79700f38c4,2026-06-29,251,225275885,0.049,,
approach,심대현,c20021b1694bd9aad5407c79700f38c4,2026-06-30,251,225275885,0.049,,
approach,심대현,c20021b1694bd9aad5407c79700f38c4,2026-07-01,251,225275885,0.049,,
approach,심대현,c20021b1694bd9aad5407c79700f38c4,2026-07-02,251,225275885,0.049,,
approach,심대현,c20021b1694bd9aad5407c79700f38c4,2026-07-03,251,225275885,0.049,,
approach,심대현,c20021b1694bd9aad5407c79700f38c4,2026-07-04,251,225275885,0.049,1537609,
approach,심대현,c20021b1694bd9aad5407c79700f38c4,2026-07-05,251,225275885,0.049,,
approach,심대현,c20021b1694bd9aad5407c79700f38c4,2026-07-06,251,225275885,0.049,,
approach,심대현,c20021b1694bd9aad5407c79700f38c4,2026-07-07,251,225275885,0.049,,
approach,심대현,c20021b1694bd9aad5407c79700f38c4,2026-07-08,251,225275885,0.049,,
approach,심대현,c20021b1694bd9aad5407c79700f38c4,2026-07-09,251,225275885,0.049,,
approach,심대현,c20021b1694bd9aad5407c79700f38c4,2026-07-10,251,225275885,0.049,,
approach,심대현,c20021b1694bd9aad5407c79700f38c4,2026-07-11,251,225275885,0.049,,
approach,심대현,c20021b1694bd9aad5407c79700f38c4,2026-07-12,251,225275885,0.049,1537609,
approach,찍먹해봄윈브,e92a7e93bc87365072e003a17824974fefe8d04e6d233bd35cf2fabdeb93fb0d,2026-06-18,251,265920284,0.138,199461,
approach,찍먹해봄윈브,e92a7e93bc87365072e003a17824974fefe8d04e6d233bd35cf2fabdeb93fb0d,2026-06-19,251,265920284,0.138,,
approach,찍먹해봄윈브,e92a7e93bc87365072e003a17824974fefe8d04e6d233bd35cf2fabdeb93fb0d,2026-06-20,251,265920284,0.138,,
approach,찍먹해봄윈브,e92a7e93bc87365072e003a17824974fefe8d04e6d233bd35cf2fabdeb93fb0d,2026-06-21,251,265920284,0.138,,
approach,찍먹해봄윈브,e92a7e93bc87365072e003a17824974fefe8d04e6d233bd35cf2fabdeb93fb0d,2026-06-22,251,265920284,0.138,,
approach,찍먹해봄윈브,e92a7e93bc87365072e003a17824974fefe8d04e6d233bd35cf2fabdeb93fb0d,2026-06-23,251,265920284,0.138,,
approach,찍먹해봄윈브,e92a7e93bc87365072e003a17824974fefe8d04e6d233bd35cf2fabdeb93fb0d,2026-06-24,251,265920284,0.138,,
approach,찍먹해봄윈브,e92a7e93bc87365072e003a17824974fefe8d04e6d233bd35cf2fabdeb93fb0d,2026-06-25,251,265920284,0.138,,
approach,찍먹해봄윈브,e92a7e93bc87365072e003a17824974fefe8d04e6d233bd35cf2fabdeb93fb0d,2026-06-26,251,265920284,0.138,199461,
approach,찍먹해봄윈브,e92a7e93bc87365072e003a17824974fefe8d04e6d233bd35cf2fabdeb93fb0d,2026-06-27,251,265920284,0.138,,
approach,찍먹해봄윈브,e92a7e93bc87365072e003a17824974fefe8d04e6d233bd35cf2fabdeb93fb0d,2026-06-28,251,265920284,0.138,,
approach,찍먹해봄윈브,e92a7e93bc87365072e003a17824974fefe8d04e6d233bd35cf2fabdeb93fb0d,2026-06-29,251,265920284,0.138,,
approach,찍먹해봄윈브,e92a7e93bc87365072e003a17824974fefe8d04e6d233bd35cf2fabdeb93fb0d,2026-06-30,251,265920284,0.138,,
approach,찍먹해봄윈브,e92a7e93bc87365072e003a17824974fefe8d04e6d233bd35cf2fabdeb93fb0d,2026-07-01,251,265920284,0.138,,
approach,찍먹해봄윈브,e92a7e93bc87365072e003a17824974fefe8d04e6d233bd35cf2fabdeb93fb0d,2026-07-02,251,265920284,0.138,,
approach,찍먹해봄윈브,e92a7e93bc87365072e003a17824974fefe8d04e6d233bd35cf2fabdeb93fb0d,2026-07-03,251,265920284,0.138,,
approach,찍먹해봄윈브,e92a7e93bc87365072e003a17824974fefe8d04e6d233bd35cf2fabdeb93fb0d,2026-07-04,251,265920284,0.138,199461,
approach,찍먹해봄윈브,e92a7e93bc87365072e003a17824974fefe8d04e6d233bd35cf2fabdeb93fb0d,2026-07-05,251,265920284,0.138,,
approach,찍먹해봄윈브,e92a7e93bc87365072e003a17824974fefe8d04e6d233bd35cf2fabdeb93fb0d,2026-07-06,251,265920284,0.138,,
approach,찍먹해봄윈브,e92a7e93bc87365072e003a17824974fefe8d04e6d233bd35cf2fabdeb93fb0d,2026-07-07,251,265920284,0.138,,
approach,찍먹해봄윈브,e92a7e93bc87365072e003a17824974fefe8d04e6d233bd35cf2fabdeb93fb0d,2026-07-08,251,265920284,0.138,,
approach,찍먹해봄윈브,e92a7e93bc87365072e003a17824974fefe8d04e6d233bd35cf2fabdeb93fb0d,2026-07-09,251,265920284,0.138,,
approach,찍먹해봄윈브,e92a7e93bc87365072e003a17824974fefe8d04e6d233bd35cf2fabdeb93fb0d,2026-07-10,251,265920284,0.138,,
approach,찍먹해봄윈브,e92a7e93bc87365072e003a17824974fefe8d04e6d233bd35cf2fabdeb93fb0d,2026-07-11,251,265920284,0.138,,
approach,찍먹해봄윈브,e92a7e93bc87365072e003a17824974fefe8d04e6d233bd35cf2fabdeb93fb0d,2026-07-12,251,265920284,0.138,199461,
approach,얜머리색이,b5ce5a289a3a4755cb2a5a22f7a4214eefe8d04e6d233bd35cf2fabdeb93fb0d,2026-06-18,251,299227481,0.156,136027,
approach,얜머리색이,b5ce5a289a3a4755cb2a5a22f7a4214eefe8d04e6d233bd35cf2fabdeb93fb0d,2026-06-19,251,299227481,0.156,,
approach,얜머리색이,b5ce5a289a3a4755cb2a5a22f7a4214eefe8d04e6d233bd35cf2fabdeb93fb0d,2026-06-20,251,299227481,0.156,,
approach,얜머리색이,b5ce5a289a3a4755cb2a5a22f7a4214eefe8d04e6d233bd35cf2fabdeb93fb0d,2026-06-21,251,299227481,0.156,,
approach,얜머리색이,b5ce5a289a3a4755cb2a5a22f7a4214eefe8d04e6d233bd35cf2fabdeb93fb0d,2026-06-22,251,299227481,0.156,,
approach,얜머리색이,b5ce5a289a3a4755cb2a5a22f7a4214eefe8d04e6d233bd35cf2fabdeb93fb0d,2026-06-23,251,299227481,0.156,,
approach,얜머리색이,b5ce5a289a3a4755cb2a5a22f7a4214eefe8d04e6d233bd35cf2fabdeb93fb0d,2026-06-24,251,299227481,0.156,,
approach,얜머리색이,b5ce5a289a3a4755cb2a5a22f7a4214eefe8d04e6d233bd35cf2fabdeb93fb0d,2026-06-25,251,299227481,0.156,,
approach,얜머리색이,b5ce5a289a3a4755cb2a5a22f7a4214eefe8d04e6d233bd35cf2fabdeb93fb0d,2026-06-26,251,299227481,0.156,136027,
approach,얜머리색이,b5ce5a289a3a4755cb2a5a22f7a4214eefe8d04e6d233bd35cf2fabdeb93fb0d,2026-06-27,251,299227481,0.156,,
approach,얜머리색이,b5ce5a289a3a4755cb2a5a22f7a4214eefe8d04e6d233bd35cf2fabdeb93fb0d,2026-06-28,251,299227481,0.156,,
approach,얜머리색이,b5ce5a289a3a4755cb2a5a22f7a4214eefe8d04e6d233bd35cf2fabdeb93fb0d,2026-06-29,251,299227481,0.156,,
approach,얜머리색이,b5ce5a289a3a4755cb2a5a22f7a4214eefe8d04e6d233bd35cf2fabdeb93fb0d,2026-06-30,251,299227481,0.156,,
approach,얜머리색이,b5ce5a289a3a4755cb2a5a22f7a4214eefe8d04e6d233bd35cf2fabdeb93fb0d,2026-07-01,251,299227481,0.156,,
approach,얜머리색이,b5ce5a289a3a4755cb2a5a22f7a4214eefe8d04e6d233bd35cf2fabdeb93fb0d,2026-07-02,251,299227481,0.156,,
approach,얜머리색이,b5ce5a289a3a4755cb2a5a22f7a4214eefe8d04e6d233bd35cf2fabdeb93fb0d,2026-07-03,251,299227481,0.156,,
approach,얜머리색이,b5ce5a289a3a4755cb2a5a22f7a4214eefe8d04e6d233bd35cf2fabdeb93fb0d,2026-07-04,251,299227481,0.156,136027,
approach,얜머리색이,b5ce5a289a3a4755cb2a5a22f7a4214eefe8d04e6d233bd35cf2fabdeb93fb0d,2026-07-05,251,299227481,0.156,,
approach,얜머리색이,b5ce5a289a3a4755cb2a5a22f7a4214eefe8d04e6d233bd35cf2fabdeb93fb0d,2026-07-06,251,299227481,0.156,,
approach,얜머리색이,b5ce5a289a3a4755cb2a5a22f7a4214eefe8d04e6d233bd35cf2fabdeb93fb0d,2026-07-07,251,299227481,0.156,,
approach,얜머리색이,b5ce5a289a3a4755cb2a5a22f7a4214eefe8d04e6d233bd35cf2fabdeb93fb0d,2026-07-08,251,299227481,0.156,,
approach,얜머리색이,b5ce5a289a3a4755cb2a5a22f7a4214eefe8d04e6d233bd35cf2fabdeb93fb0d,2026-07-09,251,299227481,0.156,,
approach,얜머리색이,b5ce5a289a3a4755cb2a5a22f7a4214eefe8d04e6d233bd35cf2fabdeb93fb0d,2026-07-10,251,299227481,0.156,,
approach,얜머리색이,b5ce5a289a3a4755cb2a5a22f7a4214eefe8d04e6d233bd35cf2fabdeb93fb0d,2026-07-11,251,299227481,0.156,,
approach,얜머리색이,b5ce5a289a3a4755cb2a5a22f7a4214eefe8d04e6d233bd35cf2fabdeb93fb0d,2026-07-12,251,299227481,0.156,136027,
approach,팬텀DOe,0cb779fb0a69e1c7805cc510e7db7e8c,2026-06-18,251,249681460,0.130,681035,
approach,팬텀DOe,0cb779fb0a69e1c7805cc510e7db7e8c,2026-06-19,251,249681460,0.130,,
approach,팬텀DOe,0cb779fb0a69e1c7805cc510e7db7e8c,2026-06-20,251,249681460,0.130,,
approach,팬텀DOe,0cb779fb0a69e1c7805cc510e7db7e8c,2026-06-21,251,249681460,0.130,,
approach,팬텀DOe,0cb779fb0a69e1c7805cc510e7db7e8c,2026-06-22,251,249681460,0.130,,
approach,팬텀DOe,0cb779fb0a69e1c7805cc510e7db7e8c,2026-06-23,251,249681460,0.130,,
approach,팬텀DOe,0cb779fb0a69e1c7805cc510e7db7e8c,2026-06-24,251,249681460,0.130,,
approach,팬텀DOe,0cb779fb0a69e1c7805cc510e7db7e8c,2026-06-25,251,249681460,0.130,,
approach,팬텀DOe,0cb779fb0a69e1c7805cc510e7db7e8c,2026-06-26,251,249681460,0.130,681035,
approach,팬텀DOe,0cb779fb0a69e1c7805cc510e7db7e8c,2026-06-27,251,249681460,0.130,,
approach,팬텀DOe,0cb779fb0a69e1c7805cc510e7db7e8c,2026-06-28,251,249681460,0.130,,
approach,팬텀DOe,0cb779fb0a69e1c7805cc510e7db7e8c,2026-06-29,251,249681460,0.130,,
approach,팬텀DOe,0cb779fb0a69e1c7805cc510e7db7e8c,2026-06-30,251,249681460,0.130,,
approach,팬텀DOe,0cb779fb0a69e1c7805cc510e7db7e8c,2026-07-01,251,249681460,0.130,,
approach,팬텀DOe,0cb779fb0a69e1c7805cc510e7db7e8c,2026-07-02,251,249681460,0.130,,
approach,팬텀DOe,0cb779fb0a69e1c7805cc510e7db7e8c,2026-07-03,251,249681460,0.130,,
approach,팬텀DOe,0cb779fb0a69e1c7805cc510e7db7e8c,2026-07-04,251,249681460,0.130,681035,
approach,팬텀DOe,0cb779fb0a69e1c7805cc510e7db7e8c,2026-07-05,251,249681460,0.130,,
approach,팬텀DOe,0cb779fb0a69e1c7805cc510e7db7e8c,2026-07-06,251,249681460,0.130,,
approach,팬텀DOe,0cb779fb0a69e1c7805cc510e7db7e8c,2026-07-07,251,249681460,0.130,,
approach,팬텀DOe,0cb779fb0a69e1c7805cc510e7db7e8c,2026-07-08,251,249681460,0.130,,
approach,팬텀DOe,0cb779fb0a69e1c7805cc510e7db7e8c,2026-07-09,251,249681460,0.130,,
approach,팬텀DOe,0cb779fb0a69e1c7805cc510e7db7e8c,2026-07-10,251,249681460,0.130,,
approach,팬텀DOe,0cb779fb0a69e1c7805cc510e7db7e8c,2026-07-11,251,249681460,0.130,,
approach,팬텀DOe,0cb779fb0a69e1c7805cc510e7db7e8c,2026-07-12,251,249681460,0.130,681035,
approach,르르중독,e159db7a13d77b1f596ed8e07832c6f2,2026-06-18,251,295986574,0.065,1201661,
approach,르르중독,e159db7a13d77b1f596ed8e07832c6f2,2026-06-19,251,295986574,0.065,,
approach,르르중독,e159db7a13d77b1f596ed8e07832c6f2,2026-06-20,251,295986574,0.065,,
approach,르르중독,e159db7a13d77b1f596ed8e07832c6f2,2026-06-21,251,295986574,0.065,,
approach,르르중독,e159db7a13d77b1f596ed8e07832c6f2,2026-06-22,251,295986574,0.065,,
approach,르르중독,e159db7a13d77b1f596ed8e07832c6f2,2026-06-23,251,295986574,0.065,,
approach,르르중독,e159db7a13d77b1f596ed8e07832c6f2,2026-06-24,251,295986574,0.065,,
approach,르르중독,e159db7a13d77b1f596ed8e07832c6f2,2026-06-25,251,295986574,0.065,,
approach,르르중독,e159db7a13d77b1f596ed8e07832c6f2,2026-06-26,251,295986574,0.065,1201661,
approach,르르중독,e159db7a13d77b1f596ed8e07832c6f2,2026-06-27,251,295986574,0.065,,
approach,르르중독,e159db7a13d77b1f596ed8e07832c6f2,2026-06-28,251,295986574,0.065,,
approach,르르중독,e159db7a13d77b1f596ed8e07832c6f2,2026-06-29,251,295986574,0.065,,
approach,르르중독,e159db7a13d77b1f596ed8e07832c6f2,2026-06-30,251,295986574,0.065,,
approach,르르중독,e159db7a13d77b1f596ed8e07832c6f2,2026-07-01,251,295986574,0.065,,
approach,르르중독,e159db7a13d77b1f596ed8e07832c6f2,2026-07-02,251,295986574,0.065,,
approach,르르중독,e159db7a13d77b1f596ed8e07832c6f2,2026-07-03,251,295986574,0.065,,
approach,르르중독,e159db7a13d77b1f596ed8e07832c6f2,2026-07-04,251,295986574,0.065,1201661,
approach,르르중독,e159db7a13d77b1f596ed8e07832c6f2,2026-07-05,251,295986574,0.065,,
approach,르르중독,e159db7a13d77b1f596ed8e07832c6f2,2026-07-06,251,295986574,0.065,,
approach,르르중독,e159db7a13d77b1f596ed8e07832c6f2,2026-07-07,251,295986574,0.065,,
approach,르르중독,e159db7a13d77b1f596ed8e07832c6f2,2026-07-08,251,295986574,0.065,,
approach,르르중독,e159db7a13d77b1f596ed8e07832c6f2,2026-07-09,251,295986574,0.065,,
approach,르르중독,e159db7a13d77b1f596ed8e07832c6f2,2026-07-10,251,295986574,0.065,,
approach,르르중독,e159db7a13d77b1f596ed8e07832c6f2,2026-07-11,251,295986574,0.065,,
approach,르르중독,e159db7a13d77b1f596ed8e07832c6f2,2026-07-12,251,295986574,0.065,1201661,
approach,링크뎀증쳐,47a966bff577aca778ca725ef1c1b39f,2026-06-18,251,285788892,0.149,65470,
approach,링크뎀증쳐,47a966bff577aca778ca725ef1c1b39f,2026-06-19,251,285788892,0.149,,
approach,링크뎀증쳐,47a966bff577aca778ca725ef1c1b39f,2026-06-20,251,285788892,0.149,,
approach,링크뎀증쳐,47a966bff577aca778ca725ef1c1b39f,2026-06-21,251,285788892,0.149,,
approach,링크뎀증쳐,47a966bff577aca778ca725ef1c1b39f,2026-06-22,251,285788892,0.149,,
approach,링크뎀증쳐,47a966bff577aca778ca725ef1c1b39f,2026-06-23,251,285788892,0.149,,
approach,링크뎀증쳐,47a966bff577aca778ca725ef1c1b39f,2026-06-24,251,285788892,0.149,,
approach,링크뎀증쳐,47a966bff577aca778ca725ef1c1b39f,2026-06-25,251,285788892,0.149,,
approach,링크뎀증쳐,47a966bff577aca778ca725ef1c1b39f,2026-06-26,251,285788892,0.149,65470,
approach,링크뎀증쳐,47a966bff577aca778ca725ef1c1b39f,2026-06-27,251,285788892,0.149,,
approach,링크뎀증쳐,47a966bff577aca778ca725ef1c1b39f,2026-06-28,251,285788892,0.149,,
approach,링크뎀증쳐,47a966bff577aca778ca725ef1c1b39f,2026-06-29,251,285788892,0.149,,
approach,링크뎀증쳐,47a966bff577aca778ca725ef1c1b39f,2026-06-30,251,285788892,0.149,,
approach,링크뎀증쳐,47a966bff577aca778ca725ef1c1b39f,2026-07-01,251,285788892,0.149,,
approach,링크뎀증쳐,47a966bff577aca778ca725ef1c1b39f,2026-07-02,251,285788892,0.149,,
approach,링크뎀증쳐,47a966bff577aca778ca725ef1c1b39f,2026-07-03,251,285788892,0.149,,
approach,링크뎀증쳐,47a966bff577aca778ca725ef1c1b39f,2026-07-04,251,285788892,0.149,65470,
approach,링크뎀증쳐,47a966bff577aca778ca725ef1c1b39f,2026-07-05,251,285788892,0.149,,
approach,링크뎀증쳐,47a966bff577aca778ca725ef1c1b39f,2026-07-06,251,285788892,0.149,,
approach,링크뎀증쳐,47a966bff577aca778ca725ef1c1b39f,2026-07-07,251,285788892,0.149,,
approach,링크뎀증쳐,47a966bff577aca778ca725ef1c1b39f,2026-07-08,251,285788892,0.149,,
approach,링크뎀증쳐,47a966bff577aca778ca725ef1c1b39f,2026-07-09,251,285788892,0.149,,
approach,링크뎀증쳐,47a966bff577aca778ca725ef1c1b39f,2026-07-10,251,285788892,0.149,,
approach,링크뎀증쳐,47a966bff577aca778ca725ef1c1b39f,2026-07-11,251,285788892,0.149,,
approach,링크뎀증쳐,47a966bff577aca778ca725ef1c1b39f,2026-07-12,251,285788892,0.149,65470,
approach,강약중펀치,4e8bfec395849e40f0b917600eb2c4d2,2026-06-18,251,258936700,0.135,67533,
approach,강약중펀치,4e8bfec395849e40f0b917600eb2c4d2,2026-06-19,251,258936700,0.135,,
approach,강약중펀치,4e8bfec395849e40f0b917600eb2c4d2,2026-06-20,251,258936700,0.135,,
approach,강약중펀치,4e8bfec395849e40f0b917600eb2c4d2,2026-06-21,251,258936700,0.135,,
approach,강약중펀치,4e8bfec395849e40f0b917600eb2c4d2,2026-06-22,251,258936700,0.135,,
approach,강약중펀치,4e8bfec395849e40f0b917600eb2c4d2,2026-06-23,251,258936700,0.135,,
approach,강약중펀치,4e8bfec395849e40f0b917600eb2c4d2,2026-06-24,251,258936700,0.135,,
approach,강약중펀치,4e8bfec395849e40f0b917600eb2c4d2,2026-06-25,251,258936700,0.135,,
approach,강약중펀치,4e8bfec395849e40f0b917600eb2c4d2,2026-06-26,251,258936700,0.135,67533,
approach,강약중펀치,4e8bfec395849e40f0b917600eb2c4d2,2026-06-27,251,258936700,0.135,,
approach,강약중펀치,4e8bfec395849e40f0b917600eb2c4d2,2026-06-28,251,258936700,0.135,,
approach,강약중펀치,4e8bfec395849e40f0b917600eb2c4d2,2026-06-29,251,258936700,0.135,,
approach,강약중펀치,4e8bfec395849e40f0b917600eb2c4d2,2026-06-30,251,258936700,0.135,,
approach,강약중펀치,4e8bfec395849e40f0b917600eb2c4d2,2026-07-01,251,258936700,0.135,,
approach,강약중펀치,4e8bfec395849e40f0b917600eb2c4d2,2026-07-02,251,258936700,0.135,,
approach,강약중펀치,4e8bfec395849e40f0b917600eb2c4d2,2026-07-03,251,258936700,0.135,,
approach,강약중펀치,4e8bfec395849e40f0b917600eb2c4d2,2026-07-04,251,258936700,0.135,67533,
approach,강약중펀치,4e8bfec395849e40f0b917600eb2c4d2,2026-07-05,251,258936700,0.135,,
approach,강약중펀치,4e8bfec395849e40f0b917600eb2c4d2,2026-07-06,251,258936700,0.135,,
approach,강약중펀치,4e8bfec395849e40f0b917600eb2c4d2,2026-07-07,251,258936700,0.135,,
approach,강약중펀치,4e8bfec395849e40f0b917600eb2c4d2,2026-07-08,251,258936700,0.135,,
approach,강약중펀치,4e8bfec395849e40f0b917600eb2c4d2,2026-07-09,251,258936700,0.135,,
approach,강약중펀치,4e8bfec395849e40f0b917600eb2c4d2,2026-07-10,251,258936700,0.135,,
approach,강약중펀치,4e8bfec395849e40f0b917600eb2c4d2,2026-07-11,251,258936700,0.135,,
approach,강약중펀치,4e8bfec395849e40f0b917600eb2c4d2,2026-07-12,251,258936700,0.135,67533,
approach,강1해린,9ed67ef8c429ba060d68291226aff039,2026-06-18,251,242940085,0.053,0,
approach,강1해린,9ed67ef8c429ba060d68291226aff039,2026-06-19,251,242940085,0.053,,
approach,강1해린,9ed67ef8c429ba060d68291226aff039,2026-06-20,251,242940085,0.053,,
approach,강1해린,9ed67ef8c429ba060d68291226aff039,2026-06-21,251,242940085,0.053,,
approach,강1해린,9ed67ef8c429ba060d68291226aff039,2026-06-22,251,242940085,0.053,,
approach,강1해린,9ed67ef8c429ba060d68291226aff039,2026-06-23,251,242940085,0.053,,
approach,강1해린,9ed67ef8c429ba060d68291226aff039,2026-06-24,251,242940085,0.053,,
approach,강1해린,9ed67ef8c429ba060d68291226aff039,2026-06-25,251,242940085,0.053,,
approach,강1해린,9ed67ef8c429ba060d68291226aff039,2026-06-26,251,242940085,0.053,0,
approach,강1해린,9ed67ef8c429ba060d68291226aff039,2026-06-27,251,242940085,0.053,,
approach,강1해린,9ed67ef8c429ba060d68291226aff039,2026-06-28,251,242940085,0.053,,
approach,강1해린,9ed67ef8c429ba060d68291226aff039,2026-06-29,251,242940085,0.053,,
approach,강1해린,9ed67ef8c429ba060d68291226aff039,2026-06-30,251,242940085,0.053,,
approach,강1해린,9ed67ef8c429ba060d68291226aff039,2026-07-01,251,242940085,0.053,,
approach,강1해린,9ed67ef8c429ba060d68291226aff039,2026-07-02,251,242940085,0.053,,
approach,강1해린,9ed67ef8c429ba060d68291226aff039,2026-07-03,251,242940085,0.053,,
approach,강1해린,9ed67ef8c429ba060d68291226aff039,2026-07-04,251,242940085,0.053,0,
approach,강1해린,9ed67ef8c429ba060d68291226aff039,2026-07-05,251,242940085,0.053,,
approach,강1해린,9ed67ef8c429ba060d68291226aff039,2026-07-06,251,242940085,0.053,,
approach,강1해린,9ed67ef8c429ba060d68291226aff039,2026-07-07,251,242940085,0.053,,
approach,강1해린,9ed67ef8c429ba060d68291226aff039,2026-07-08,251,242940085,0.053,,
approach,강1해린,9ed67ef8c429ba060d68291226aff039,2026-07-09,251,242940085,0.053,,
approach,강1해린,9ed67ef8c429ba060d68291226aff039,2026-07-10,251,242940085,0.053,,
approach,강1해린,9ed67ef8c429ba060d68291226aff039,2026-07-11,251,242940085,0.053,,
approach,강1해린,9ed67ef8c429ba060d68291226aff039,2026-07-12,251,242940085,0.053,0,
approach,스마일지니,05d4a39d0022c9aa2275881d4e42185a,2026-06-18,251,311355052,0.162,448409,
approach,스마일지니,05d4a39d0022c9aa2275881d4e42185a,2026-06-19,251,311355052,0.162,,
approach,스마일지니,05d4a39d0022c9aa2275881d4e42185a,2026-06-20,251,311355052,0.162,,
approach,스마일지니,05d4a39d0022c9aa2275881d4e42185a,2026-06-21,251,311355052,0.162,,
approach,스마일지니,05d4a39d0022c9aa2275881d4e42185a,2026-06-22,251,311355052,0.162,,
approach,스마일지니,05d4a39d0022c9aa2275881d4e42185a,2026-06-23,251,311355052,0.162,,
approach,스마일지니,05d4a39d0022c9aa2275881d4e42185a,2026-06-24,251,311355052,0.162,,
approach,스마일지니,05d4a39d0022c9aa2275881d4e42185a,2026-06-25,251,311355052,0.162,,
approach,스마일지니,05d4a39d0022c9aa2275881d4e42185a,2026-06-26,251,311355052,0.162,448409,
approach,스마일지니,05d4a39d0022c9aa2275881d4e42185a,2026-06-27,251,311355052,0.162,,
approach,스마일지니,05d4a39d0022c9aa2275881d4e42185a,2026-06-28,251,311355052,0.162,,
approach,스마일지니,05d4a39d0022c9aa2275881d4e42185a,2026-06-29,251,311355052,0.162,,
approach,스마일지니,05d4a39d0022c9aa2275881d4e42185a,2026-06-30,251,311355052,0.162,,
approach,스마일지니,05d4a39d0022c9aa2275881d4e42185a,2026-07-01,251,311355052,0.162,,
approach,스마일지니,05d4a39d0022c9aa2275881d4e42185a,2026-07-02,251,311355052,0.162,,
approach,스마일지니,05d4a39d0022c9aa2275881d4e42185a,2026-07-03,251,311355052,0.162,,
approach,스마일지니,05d4a39d0022c9aa2275881d4e42185a,2026-07-04,251,311355052,0.162,448409,
approach,스마일지니,05d4a39d0022c9aa2275881d4e42185a,2026-07-05,251,311355052,0.162,,
approach,스마일지니,05d4a39d0022c9aa2275881d4e42185a,2026-07-06,251,311355052,0.162,,
approach,스마일지니,05d4a39d0022c9aa2275881d4e42185a,2026-07-07,251,311355052,0.162,,
approach,스마일지니,05d4a39d0022c9aa2275881d4e42185a,2026-07-08,251,311355052,0.162,,
approach,스마일지니,05d4a39d0022c9aa2275881d4e42185a,2026-07-09,251,311355052,0.162,,
approach,스마일지니,05d4a39d0022c9aa2275881d4e42185a,2026-07-10,251,311355052,0.162,,
approach,스마일지니,05d4a39d0022c9aa2275881d4e42185a,2026-07-11,251,311355052,0.162,,
approach,스마일지니,05d4a39d0022c9aa2275881d4e42185a,2026-07-12,251,311355052,0.162,448409,
approach,범구름과자,cbc3bc70542c363fcad1cfc3e803f161,2026-06-18,,,,,http_400
approach,범구름과자,cbc3bc70542c363fcad1cfc3e803f161,2026-06-19,,,,,http_400
approach,범구름과자,cbc3bc70542c363fcad1cfc3e803f161,2026-06-20,,,,,http_400
approach,범구름과자,cbc3bc70542c363fcad1cfc3e803f161,2026-06-21,,,,,http_400
approach,범구름과자,cbc3bc70542c363fcad1cfc3e803f161,2026-06-22,,,,,http_400
approach,범구름과자,cbc3bc70542c363fcad1cfc3e803f161,2026-06-23,,,,,http_400
approach,범구름과자,cbc3bc70542c363fcad1cfc3e803f161,2026-06-24,,,,,http_400
approach,범구름과자,cbc3bc70542c363fcad1cfc3e803f161,2026-06-25,,,,,http_400
approach,범구름과자,cbc3bc70542c363fcad1cfc3e803f161,2026-06-26,,,,,http_400
approach,범구름과자,cbc3bc70542c363fcad1cfc3e803f161,2026-06-27,,,,,http_400
approach,범구름과자,cbc3bc70542c363fcad1cfc3e803f161,2026-06-28,,,,,http_400
approach,범구름과자,cbc3bc70542c363fcad1cfc3e803f161,2026-06-29,,,,,http_400
approach,범구름과자,cbc3bc70542c363fcad1cfc3e803f161,2026-06-30,,,,,http_400
approach,범구름과자,cbc3bc70542c363fcad1cfc3e803f161,2026-07-01,,,,,http_400
approach,범구름과자,cbc3bc70542c363fcad1cfc3e803f161,2026-07-02,,,,,http_400
approach,범구름과자,cbc3bc70542c363fcad1cfc3e803f161,2026-07-03,,,,,http_400
approach,범구름과자,cbc3bc70542c363fcad1cfc3e803f161,2026-07-04,,,,,http_400
approach,범구름과자,cbc3bc70542c363fcad1cfc3e803f161,2026-07-05,,,,,http_400
approach,범구름과자,cbc3bc70542c363fcad1cfc3e803f161,2026-07-06,,,,,http_400
approach,범구름과자,cbc3bc70542c363fcad1cfc3e803f161,2026-07-07,,,,,http_400
approach,범구름과자,cbc3bc70542c363fcad1cfc3e803f161,2026-07-08,,,,,http_400
approach,범구름과자,cbc3bc70542c363fcad1cfc3e803f161,2026-07-09,,,,,http_400
approach,범구름과자,cbc3bc70542c363fcad1cfc3e803f161,2026-07-10,,,,,http_400
approach,범구름과자,cbc3bc70542c363fcad1cfc3e803f161,2026-07-11,,,,,http_400
approach,범구름과자,cbc3bc70542c363fcad1cfc3e803f161,2026-07-12,,,,,http_400
approach,아임메카닉s,79baa3faa63af29591f1310fd1f90889efe8d04e6d233bd35cf2fabdeb93fb0d,2026-06-18,251,272309197,0.142,25158,
approach,아임메카닉s,79baa3faa63af29591f1310fd1f90889efe8d04e6d233bd35cf2fabdeb93fb0d,2026-06-19,251,272309197,0.142,,
approach,아임메카닉s,79baa3faa63af29591f1310fd1f90889efe8d04e6d233bd35cf2fabdeb93fb0d,2026-06-20,251,272309197,0.142,,
approach,아임메카닉s,79baa3faa63af29591f1310fd1f90889efe8d04e6d233bd35cf2fabdeb93fb0d,2026-06-21,251,272309197,0.142,,
approach,아임메카닉s,79baa3faa63af29591f1310fd1f90889efe8d04e6d233bd35cf2fabdeb93fb0d,2026-06-22,251,272309197,0.142,,
approach,아임메카닉s,79baa3faa63af29591f1310fd1f90889efe8d04e6d233bd35cf2fabdeb93fb0d,2026-06-23,251,272309197,0.142,,
approach,아임메카닉s,79baa3faa63af29591f1310fd1f90889efe8d04e6d233bd35cf2fabdeb93fb0d,2026-06-24,251,272309197,0.142,,
approach,아임메카닉s,79baa3faa63af29591f1310fd1f90889efe8d04e6d233bd35cf2fabdeb93fb0d,2026-06-25,251,272309197,0.142,,
approach,아임메카닉s,79baa3faa63af29591f1310fd1f90889efe8d04e6d233bd35cf2fabdeb93fb0d,2026-06-26,251,272309197,0.142,25158,
approach,아임메카닉s,79baa3faa63af29591f1310fd1f90889efe8d04e6d233bd35cf2fabdeb93fb0d,2026-06-27,251,272309197,0.142,,
approach,아임메카닉s,79baa3faa63af29591f1310fd1f90889efe8d04e6d233bd35cf2fabdeb93fb0d,2026-06-28,251,272309197,0.142,,
approach,아임메카닉s,79baa3faa63af29591f1310fd1f90889efe8d04e6d233bd35cf2fabdeb93fb0d,2026-06-29,251,272309197,0.142,,
approach,아임메카닉s,79baa3faa63af29591f1310fd1f90889efe8d04e6d233bd35cf2fabdeb93fb0d,2026-06-30,251,272309197,0.142,,
approach,아임메카닉s,79baa3faa63af29591f1310fd1f90889efe8d04e6d233bd35cf2fabdeb93fb0d,2026-07-01,251,272309197,0.142,,
approach,아임메카닉s,79baa3faa63af29591f1310fd1f90889efe8d04e6d233bd35cf2fabdeb93fb0d,2026-07-02,251,272309197,0.142,,
approach,아임메카닉s,79baa3faa63af29591f1310fd1f90889efe8d04e6d233bd35cf2fabdeb93fb0d,2026-07-03,251,272309197,0.142,,
approach,아임메카닉s,79baa3faa63af29591f1310fd1f90889efe8d04e6d233bd35cf2fabdeb93fb0d,2026-07-04,251,272309197,0.142,25158,
approach,아임메카닉s,79baa3faa63af29591f1310fd1f90889efe8d04e6d233bd35cf2fabdeb93fb0d,2026-07-05,251,272309197,0.142,,
approach,아임메카닉s,79baa3faa63af29591f1310fd1f90889efe8d04e6d233bd35cf2fabdeb93fb0d,2026-07-06,251,272309197,0.142,,
approach,아임메카닉s,79baa3faa63af29591f1310fd1f90889efe8d04e6d233bd35cf2fabdeb93fb0d,2026-07-07,251,272309197,0.142,,
approach,아임메카닉s,79baa3faa63af29591f1310fd1f90889efe8d04e6d233bd35cf2fabdeb93fb0d,2026-07-08,251,272309197,0.142,,
approach,아임메카닉s,79baa3faa63af29591f1310fd1f90889efe8d04e6d233bd35cf2fabdeb93fb0d,2026-07-09,251,272309197,0.142,,
approach,아임메카닉s,79baa3faa63af29591f1310fd1f90889efe8d04e6d233bd35cf2fabdeb93fb0d,2026-07-10,251,272309197,0.142,,
approach,아임메카닉s,79baa3faa63af29591f1310fd1f90889efe8d04e6d233bd35cf2fabdeb93fb0d,2026-07-11,251,272309197,0.142,,
approach,아임메카닉s,79baa3faa63af29591f1310fd1f90889efe8d04e6d233bd35cf2fabdeb93fb0d,2026-07-12,251,272309197,0.142,25158,
approach,아욱당,39a13ddefe1734fe15e030af6ea579d6,2026-06-18,251,275998522,0.061,156805,
approach,아욱당,39a13ddefe1734fe15e030af6ea579d6,2026-06-19,251,275998522,0.061,,
approach,아욱당,39a13ddefe1734fe15e030af6ea579d6,2026-06-20,251,275998522,0.061,,
approach,아욱당,39a13ddefe1734fe15e030af6ea579d6,2026-06-21,251,275998522,0.061,,
approach,아욱당,39a13ddefe1734fe15e030af6ea579d6,2026-06-22,251,275998522,0.061,,
approach,아욱당,39a13ddefe1734fe15e030af6ea579d6,2026-06-23,251,275998522,0.061,,
approach,아욱당,39a13ddefe1734fe15e030af6ea579d6,2026-06-24,251,275998522,0.061,,
approach,아욱당,39a13ddefe1734fe15e030af6ea579d6,2026-06-25,251,275998522,0.061,,
approach,아욱당,39a13ddefe1734fe15e030af6ea579d6,2026-06-26,251,275998522,0.061,156805,
approach,아욱당,39a13ddefe1734fe15e030af6ea579d6,2026-06-27,251,275998522,0.061,,
approach,아욱당,39a13ddefe1734fe15e030af6ea579d6,2026-06-28,251,275998522,0.061,,
approach,아욱당,39a13ddefe1734fe15e030af6ea579d6,2026-06-29,251,275998522,0.061,,
approach,아욱당,39a13ddefe1734fe15e030af6ea579d6,2026-06-30,251,275998522,0.061,,
approach,아욱당,39a13ddefe1734fe15e030af6ea579d6,2026-07-01,251,275998522,0.061,,
approach,아욱당,39a13ddefe1734fe15e030af6ea579d6,2026-07-02,251,275998522,0.061,,
approach,아욱당,39a13ddefe1734fe15e030af6ea579d6,2026-07-03,251,275998522,0.061,,
approach,아욱당,39a13ddefe1734fe15e030af6ea579d6,2026-07-04,251,275998522,0.061,156805,
approach,아욱당,39a13ddefe1734fe15e030af6ea579d6,2026-07-05,251,275998522,0.061,,
approach,아욱당,39a13ddefe1734fe15e030af6ea579d6,2026-07-06,251,275998522,0.061,,
approach,아욱당,39a13ddefe1734fe15e030af6ea579d6,2026-07-07,251,275998522,0.061,,
approach,아욱당,39a13ddefe1734fe15e030af6ea579d6,2026-07-08,251,275998522,0.061,,
approach,아욱당,39a13ddefe1734fe15e030af6ea579d6,2026-07-09,251,275998522,0.061,,
approach,아욱당,39a13ddefe1734fe15e030af6ea579d6,2026-07-10,251,275998522,0.061,,
approach,아욱당,39a13ddefe1734fe15e030af6ea579d6,2026-07-11,251,275998522,0.061,,
approach,아욱당,39a13ddefe1734fe15e030af6ea579d6,2026-07-12,251,275998522,0.061,156805,
approach,Arcides,4a6601bac5a33385958506be9c201eaa,2026-06-18,251,239611925,0.125,38888,
approach,Arcides,4a6601bac5a33385958506be9c201eaa,2026-06-19,251,239611925,0.125,,
approach,Arcides,4a6601bac5a33385958506be9c201eaa,2026-06-20,251,239611925,0.125,,
approach,Arcides,4a6601bac5a33385958506be9c201eaa,2026-06-21,251,239611925,0.125,,
approach,Arcides,4a6601bac5a33385958506be9c201eaa,2026-06-22,251,239611925,0.125,,
approach,Arcides,4a6601bac5a33385958506be9c201eaa,2026-06-23,251,239611925,0.125,,
approach,Arcides,4a6601bac5a33385958506be9c201eaa,2026-06-24,251,239611925,0.125,,
approach,Arcides,4a6601bac5a33385958506be9c201eaa,2026-06-25,251,239611925,0.125,,
approach,Arcides,4a6601bac5a33385958506be9c201eaa,2026-06-26,251,239611925,0.125,38888,
approach,Arcides,4a6601bac5a33385958506be9c201eaa,2026-06-27,251,239611925,0.125,,
approach,Arcides,4a6601bac5a33385958506be9c201eaa,2026-06-28,251,239611925,0.125,,
approach,Arcides,4a6601bac5a33385958506be9c201eaa,2026-06-29,251,239611925,0.125,,
approach,Arcides,4a6601bac5a33385958506be9c201eaa,2026-06-30,251,239611925,0.125,,
approach,Arcides,4a6601bac5a33385958506be9c201eaa,2026-07-01,251,239611925,0.125,,
approach,Arcides,4a6601bac5a33385958506be9c201eaa,2026-07-02,251,239611925,0.125,,
approach,Arcides,4a6601bac5a33385958506be9c201eaa,2026-07-03,251,239611925,0.125,,
approach,Arcides,4a6601bac5a33385958506be9c201eaa,2026-07-04,251,239611925,0.125,38888,
approach,Arcides,4a6601bac5a33385958506be9c201eaa,2026-07-05,251,239611925,0.125,,
approach,Arcides,4a6601bac5a33385958506be9c201eaa,2026-07-06,251,239611925,0.125,,
approach,Arcides,4a6601bac5a33385958506be9c201eaa,2026-07-07,251,239611925,0.125,,
approach,Arcides,4a6601bac5a33385958506be9c201eaa,2026-07-08,251,239611925,0.125,,
approach,Arcides,4a6601bac5a33385958506be9c201eaa,2026-07-09,251,239611925,0.125,,
approach,Arcides,4a6601bac5a33385958506be9c201eaa,2026-07-10,251,239611925,0.125,,
approach,Arcides,4a6601bac5a33385958506be9c201eaa,2026-07-11,251,239611925,0.125,,
approach,Arcides,4a6601bac5a33385958506be9c201eaa,2026-07-12,251,239611925,0.125,38888,
approach,란영월,5bbb424bcbeecdff87dfbda3c7733644,2026-06-18,251,260441230,0.057,1255897,
approach,란영월,5bbb424bcbeecdff87dfbda3c7733644,2026-06-19,251,260441230,0.057,,
approach,란영월,5bbb424bcbeecdff87dfbda3c7733644,2026-06-20,251,260441230,0.057,,
approach,란영월,5bbb424bcbeecdff87dfbda3c7733644,2026-06-21,251,260441230,0.057,,
approach,란영월,5bbb424bcbeecdff87dfbda3c7733644,2026-06-22,251,260441230,0.057,,
approach,란영월,5bbb424bcbeecdff87dfbda3c7733644,2026-06-23,251,260441230,0.057,,
approach,란영월,5bbb424bcbeecdff87dfbda3c7733644,2026-06-24,251,260441230,0.057,,
approach,란영월,5bbb424bcbeecdff87dfbda3c7733644,2026-06-25,251,260441230,0.057,,
approach,란영월,5bbb424bcbeecdff87dfbda3c7733644,2026-06-26,251,260441230,0.057,1255897,
approach,란영월,5bbb424bcbeecdff87dfbda3c7733644,2026-06-27,251,260441230,0.057,,
approach,란영월,5bbb424bcbeecdff87dfbda3c7733644,2026-06-28,251,260441230,0.057,,
approach,란영월,5bbb424bcbeecdff87dfbda3c7733644,2026-06-29,251,260441230,0.057,,
approach,란영월,5bbb424bcbeecdff87dfbda3c7733644,2026-06-30,251,260441230,0.057,,
approach,란영월,5bbb424bcbeecdff87dfbda3c7733644,2026-07-01,251,260441230,0.057,,
approach,란영월,5bbb424bcbeecdff87dfbda3c7733644,2026-07-02,251,260441230,0.057,,
approach,란영월,5bbb424bcbeecdff87dfbda3c7733644,2026-07-03,251,260441230,0.057,,
approach,란영월,5bbb424bcbeecdff87dfbda3c7733644,2026-07-04,251,260441230,0.057,1255897,
approach,란영월,5bbb424bcbeecdff87dfbda3c7733644,2026-07-05,251,260441230,0.057,,
approach,란영월,5bbb424bcbeecdff87dfbda3c7733644,2026-07-06,251,260441230,0.057,,
approach,란영월,5bbb424bcbeecdff87dfbda3c7733644,2026-07-07,251,260441230,0.057,,
approach,란영월,5bbb424bcbeecdff87dfbda3c7733644,2026-07-08,251,260441230,0.057,,
approach,란영월,5bbb424bcbeecdff87dfbda3c7733644,2026-07-09,251,260441230,0.057,,
approach,란영월,5bbb424bcbeecdff87dfbda3c7733644,2026-07-10,251,260441230,0.057,,
approach,란영월,5bbb424bcbeecdff87dfbda3c7733644,2026-07-11,251,260441230,0.057,,
approach,란영월,5bbb424bcbeecdff87dfbda3c7733644,2026-07-12,251,260441230,0.057,1255897,
approach,메르세데크스,1909b188015b35952643008ab422587b,2026-06-18,251,325194757,0.071,0,
approach,메르세데크스,1909b188015b35952643008ab422587b,2026-06-19,251,325194757,0.071,,
approach,메르세데크스,1909b188015b35952643008ab422587b,2026-06-20,251,325194757,0.071,,
approach,메르세데크스,1909b188015b35952643008ab422587b,2026-06-21,251,325194757,0.071,,
approach,메르세데크스,1909b188015b35952643008ab422587b,2026-06-22,251,325194757,0.071,,
approach,메르세데크스,1909b188015b35952643008ab422587b,2026-06-23,251,325194757,0.071,,
approach,메르세데크스,1909b188015b35952643008ab422587b,2026-06-24,251,325194757,0.071,,
approach,메르세데크스,1909b188015b35952643008ab422587b,2026-06-25,251,325194757,0.071,,
approach,메르세데크스,1909b188015b35952643008ab422587b,2026-06-26,251,325194757,0.071,0,
approach,메르세데크스,1909b188015b35952643008ab422587b,2026-06-27,251,325194757,0.071,,
approach,메르세데크스,1909b188015b35952643008ab422587b,2026-06-28,251,325194757,0.071,,
approach,메르세데크스,1909b188015b35952643008ab422587b,2026-06-29,251,325194757,0.071,,
approach,메르세데크스,1909b188015b35952643008ab422587b,2026-06-30,251,325194757,0.071,,
approach,메르세데크스,1909b188015b35952643008ab422587b,2026-07-01,251,325194757,0.071,,
approach,메르세데크스,1909b188015b35952643008ab422587b,2026-07-02,251,325194757,0.071,,
approach,메르세데크스,1909b188015b35952643008ab422587b,2026-07-03,251,325194757,0.071,,
approach,메르세데크스,1909b188015b35952643008ab422587b,2026-07-04,251,325194757,0.071,0,
approach,메르세데크스,1909b188015b35952643008ab422587b,2026-07-05,251,325194757,0.071,,
approach,메르세데크스,1909b188015b35952643008ab422587b,2026-07-06,251,325194757,0.071,,
approach,메르세데크스,1909b188015b35952643008ab422587b,2026-07-07,251,325194757,0.071,,
approach,메르세데크스,1909b188015b35952643008ab422587b,2026-07-08,251,325194757,0.071,,
approach,메르세데크스,1909b188015b35952643008ab422587b,2026-07-09,251,325194757,0.071,,
approach,메르세데크스,1909b188015b35952643008ab422587b,2026-07-10,251,325194757,0.071,,
approach,메르세데크스,1909b188015b35952643008ab422587b,2026-07-11,251,325194757,0.071,,
approach,메르세데크스,1909b188015b35952643008ab422587b,2026-07-12,251,325194757,0.071,0,
approach,맛있는귤나나,8f251784b2814023bd61b7ad71bf9d46,2026-06-18,251,304451813,0.158,188399,
approach,맛있는귤나나,8f251784b2814023bd61b7ad71bf9d46,2026-06-19,251,304451813,0.158,,
approach,맛있는귤나나,8f251784b2814023bd61b7ad71bf9d46,2026-06-20,251,304451813,0.158,,
approach,맛있는귤나나,8f251784b2814023bd61b7ad71bf9d46,2026-06-21,251,304451813,0.158,,
approach,맛있는귤나나,8f251784b2814023bd61b7ad71bf9d46,2026-06-22,251,304451813,0.158,,
approach,맛있는귤나나,8f251784b2814023bd61b7ad71bf9d46,2026-06-23,251,304451813,0.158,,
approach,맛있는귤나나,8f251784b2814023bd61b7ad71bf9d46,2026-06-24,251,304451813,0.158,,
approach,맛있는귤나나,8f251784b2814023bd61b7ad71bf9d46,2026-06-25,251,304451813,0.158,,
approach,맛있는귤나나,8f251784b2814023bd61b7ad71bf9d46,2026-06-26,251,304451813,0.158,188399,
approach,맛있는귤나나,8f251784b2814023bd61b7ad71bf9d46,2026-06-27,251,304451813,0.158,,
approach,맛있는귤나나,8f251784b2814023bd61b7ad71bf9d46,2026-06-28,251,304451813,0.158,,
approach,맛있는귤나나,8f251784b2814023bd61b7ad71bf9d46,2026-06-29,251,304451813,0.158,,
approach,맛있는귤나나,8f251784b2814023bd61b7ad71bf9d46,2026-06-30,251,304451813,0.158,,
approach,맛있는귤나나,8f251784b2814023bd61b7ad71bf9d46,2026-07-01,251,304451813,0.158,,
approach,맛있는귤나나,8f251784b2814023bd61b7ad71bf9d46,2026-07-02,251,304451813,0.158,,
approach,맛있는귤나나,8f251784b2814023bd61b7ad71bf9d46,2026-07-03,251,304451813,0.158,,
approach,맛있는귤나나,8f251784b2814023bd61b7ad71bf9d46,2026-07-04,251,304451813,0.158,188399,
approach,맛있는귤나나,8f251784b2814023bd61b7ad71bf9d46,2026-07-05,251,304451813,0.158,,
approach,맛있는귤나나,8f251784b2814023bd61b7ad71bf9d46,2026-07-06,251,304451813,0.158,,
approach,맛있는귤나나,8f251784b2814023bd61b7ad71bf9d46,2026-07-07,251,304451813,0.158,,
approach,맛있는귤나나,8f251784b2814023bd61b7ad71bf9d46,2026-07-08,251,304451813,0.158,,
approach,맛있는귤나나,8f251784b2814023bd61b7ad71bf9d46,2026-07-09,251,304451813,0.158,,
approach,맛있는귤나나,8f251784b2814023bd61b7ad71bf9d46,2026-07-10,251,304451813,0.158,,
approach,맛있는귤나나,8f251784b2814023bd61b7ad71bf9d46,2026-07-11,251,304451813,0.158,,
approach,맛있는귤나나,8f251784b2814023bd61b7ad71bf9d46,2026-07-12,251,304451813,0.158,188399,
approach,여우유리제로,0aa6896bcd1259d4473ee561c4f93031,2026-06-18,251,213665167,0.047,924997,
approach,여우유리제로,0aa6896bcd1259d4473ee561c4f93031,2026-06-19,251,213665167,0.047,,
approach,여우유리제로,0aa6896bcd1259d4473ee561c4f93031,2026-06-20,251,213665167,0.047,,
approach,여우유리제로,0aa6896bcd1259d4473ee561c4f93031,2026-06-21,251,213665167,0.047,,
approach,여우유리제로,0aa6896bcd1259d4473ee561c4f93031,2026-06-22,251,213665167,0.047,,
approach,여우유리제로,0aa6896bcd1259d4473ee561c4f93031,2026-06-23,251,213665167,0.047,,
approach,여우유리제로,0aa6896bcd1259d4473ee561c4f93031,2026-06-24,251,213665167,0.047,,
approach,여우유리제로,0aa6896bcd1259d4473ee561c4f93031,2026-06-25,251,213665167,0.047,,
approach,여우유리제로,0aa6896bcd1259d4473ee561c4f93031,2026-06-26,251,213665167,0.047,924997,
approach,여우유리제로,0aa6896bcd1259d4473ee561c4f93031,2026-06-27,251,213665167,0.047,,
approach,여우유리제로,0aa6896bcd1259d4473ee561c4f93031,2026-06-28,251,213665167,0.047,,
approach,여우유리제로,0aa6896bcd1259d4473ee561c4f93031,2026-06-29,251,213665167,0.047,,
approach,여우유리제로,0aa6896bcd1259d4473ee561c4f93031,2026-06-30,251,213665167,0.047,,
approach,여우유리제로,0aa6896bcd1259d4473ee561c4f93031,2026-07-01,251,213665167,0.047,,
approach,여우유리제로,0aa6896bcd1259d4473ee561c4f93031,2026-07-02,251,213665167,0.047,,
approach,여우유리제로,0aa6896bcd1259d4473ee561c4f93031,2026-07-03,251,213665167,0.047,,
approach,여우유리제로,0aa6896bcd1259d4473ee561c4f93031,2026-07-04,251,213665167,0.047,924997,
approach,여우유리제로,0aa6896bcd1259d4473ee561c4f93031,2026-07-05,251,213665167,0.047,,
approach,여우유리제로,0aa6896bcd1259d4473ee561c4f93031,2026-07-06,251,213665167,0.047,,
approach,여우유리제로,0aa6896bcd1259d4473ee561c4f93031,2026-07-07,251,213665167,0.047,,
approach,여우유리제로,0aa6896bcd1259d4473ee561c4f93031,2026-07-08,251,213665167,0.047,,
approach,여우유리제로,0aa6896bcd1259d4473ee561c4f93031,2026-07-09,251,213665167,0.047,,
approach,여우유리제로,0aa6896bcd1259d4473ee561c4f93031,2026-07-10,251,213665167,0.047,,
approach,여우유리제로,0aa6896bcd1259d4473ee561c4f93031,2026-07-11,251,213665167,0.047,,
approach,여우유리제로,0aa6896bcd1259d4473ee561c4f93031,2026-07-12,251,213665167,0.047,924997,
approach,실체조아,9aef3930d0c4bb12db2553fec19725c6,2026-06-18,251,315290107,0.164,1217048,
approach,실체조아,9aef3930d0c4bb12db2553fec19725c6,2026-06-19,251,315290107,0.164,,
approach,실체조아,9aef3930d0c4bb12db2553fec19725c6,2026-06-20,251,315290107,0.164,,
approach,실체조아,9aef3930d0c4bb12db2553fec19725c6,2026-06-21,251,315290107,0.164,,
approach,실체조아,9aef3930d0c4bb12db2553fec19725c6,2026-06-22,251,315290107,0.164,,
approach,실체조아,9aef3930d0c4bb12db2553fec19725c6,2026-06-23,251,315290107,0.164,,
approach,실체조아,9aef3930d0c4bb12db2553fec19725c6,2026-06-24,251,315290107,0.164,,
approach,실체조아,9aef3930d0c4bb12db2553fec19725c6,2026-06-25,251,315290107,0.164,,
approach,실체조아,9aef3930d0c4bb12db2553fec19725c6,2026-06-26,251,315290107,0.164,1217048,
approach,실체조아,9aef3930d0c4bb12db2553fec19725c6,2026-06-27,251,315290107,0.164,,
approach,실체조아,9aef3930d0c4bb12db2553fec19725c6,2026-06-28,251,315290107,0.164,,
approach,실체조아,9aef3930d0c4bb12db2553fec19725c6,2026-06-29,251,315290107,0.164,,
approach,실체조아,9aef3930d0c4bb12db2553fec19725c6,2026-06-30,251,315290107,0.164,,
approach,실체조아,9aef3930d0c4bb12db2553fec19725c6,2026-07-01,251,315290107,0.164,,
approach,실체조아,9aef3930d0c4bb12db2553fec19725c6,2026-07-02,251,315290107,0.164,,
approach,실체조아,9aef3930d0c4bb12db2553fec19725c6,2026-07-03,251,315290107,0.164,,
approach,실체조아,9aef3930d0c4bb12db2553fec19725c6,2026-07-04,251,315290107,0.164,1217048,
approach,실체조아,9aef3930d0c4bb12db2553fec19725c6,2026-07-05,251,315290107,0.164,,
approach,실체조아,9aef3930d0c4bb12db2553fec19725c6,2026-07-06,251,315290107,0.164,,
approach,실체조아,9aef3930d0c4bb12db2553fec19725c6,2026-07-07,251,315290107,0.164,,
approach,실체조아,9aef3930d0c4bb12db2553fec19725c6,2026-07-08,251,315290107,0.164,,
approach,실체조아,9aef3930d0c4bb12db2553fec19725c6,2026-07-09,251,315290107,0.164,,
approach,실체조아,9aef3930d0c4bb12db2553fec19725c6,2026-07-10,251,315290107,0.164,,
approach,실체조아,9aef3930d0c4bb12db2553fec19725c6,2026-07-11,251,315290107,0.164,,
approach,실체조아,9aef3930d0c4bb12db2553fec19725c6,2026-07-12,251,315290107,0.164,1217048,
approach,스틸범이꿈임,5aa322ecf775df0f0d0a1785ed537400,2026-06-18,251,257401987,0.134,57337,
approach,스틸범이꿈임,5aa322ecf775df0f0d0a1785ed537400,2026-06-19,251,257401987,0.134,,
approach,스틸범이꿈임,5aa322ecf775df0f0d0a1785ed537400,2026-06-20,251,257401987,0.134,,
approach,스틸범이꿈임,5aa322ecf775df0f0d0a1785ed537400,2026-06-21,251,257401987,0.134,,
approach,스틸범이꿈임,5aa322ecf775df0f0d0a1785ed537400,2026-06-22,251,257401987,0.134,,
approach,스틸범이꿈임,5aa322ecf775df0f0d0a1785ed537400,2026-06-23,251,257401987,0.134,,
approach,스틸범이꿈임,5aa322ecf775df0f0d0a1785ed537400,2026-06-24,251,257401987,0.134,,
approach,스틸범이꿈임,5aa322ecf775df0f0d0a1785ed537400,2026-06-25,251,257401987,0.134,,
approach,스틸범이꿈임,5aa322ecf775df0f0d0a1785ed537400,2026-06-26,251,257401987,0.134,57337,
approach,스틸범이꿈임,5aa322ecf775df0f0d0a1785ed537400,2026-06-27,251,257401987,0.134,,
approach,스틸범이꿈임,5aa322ecf775df0f0d0a1785ed537400,2026-06-28,251,257401987,0.134,,
approach,스틸범이꿈임,5aa322ecf775df0f0d0a1785ed537400,2026-06-29,251,257401987,0.134,,
approach,스틸범이꿈임,5aa322ecf775df0f0d0a1785ed537400,2026-06-30,251,257401987,0.134,,
approach,스틸범이꿈임,5aa322ecf775df0f0d0a1785ed537400,2026-07-01,251,257401987,0.134,,
approach,스틸범이꿈임,5aa322ecf775df0f0d0a1785ed537400,2026-07-02,251,257401987,0.134,,
approach,스틸범이꿈임,5aa322ecf775df0f0d0a1785ed537400,2026-07-03,251,257401987,0.134,,
approach,스틸범이꿈임,5aa322ecf775df0f0d0a1785ed537400,2026-07-04,251,257401987,0.134,57337,
approach,스틸범이꿈임,5aa322ecf775df0f0d0a1785ed537400,2026-07-05,251,257401987,0.134,,
approach,스틸범이꿈임,5aa322ecf775df0f0d0a1785ed537400,2026-07-06,251,257401987,0.134,,
approach,스틸범이꿈임,5aa322ecf775df0f0d0a1785ed537400,2026-07-07,251,257401987,0.134,,
approach,스틸범이꿈임,5aa322ecf775df0f0d0a1785ed537400,2026-07-08,251,257401987,0.134,,
approach,스틸범이꿈임,5aa322ecf775df0f0d0a1785ed537400,2026-07-09,251,257401987,0.134,,
approach,스틸범이꿈임,5aa322ecf775df0f0d0a1785ed537400,2026-07-10,251,257401987,0.134,,
approach,스틸범이꿈임,5aa322ecf775df0f0d0a1785ed537400,2026-07-11,251,257401987,0.134,,
approach,스틸범이꿈임,5aa322ecf775df0f0d0a1785ed537400,2026-07-12,251,257401987,0.134,57337,
approach,뀨뛴,cb59c6496cd036703a81d247bd11885cefe8d04e6d233bd35cf2fabdeb93fb0d,2026-06-18,251,274558915,0.143,1254073,
approach,뀨뛴,cb59c6496cd036703a81d247bd11885cefe8d04e6d233bd35cf2fabdeb93fb0d,2026-06-19,251,274558915,0.143,,
approach,뀨뛴,cb59c6496cd036703a81d247bd11885cefe8d04e6d233bd35cf2fabdeb93fb0d,2026-06-20,251,274558915,0.143,,
approach,뀨뛴,cb59c6496cd036703a81d247bd11885cefe8d04e6d233bd35cf2fabdeb93fb0d,2026-06-21,251,274558915,0.143,,
approach,뀨뛴,cb59c6496cd036703a81d247bd11885cefe8d04e6d233bd35cf2fabdeb93fb0d,2026-06-22,251,274558915,0.143,,
approach,뀨뛴,cb59c6496cd036703a81d247bd11885cefe8d04e6d233bd35cf2fabdeb93fb0d,2026-06-23,251,274558915,0.143,,
approach,뀨뛴,cb59c6496cd036703a81d247bd11885cefe8d04e6d233bd35cf2fabdeb93fb0d,2026-06-24,251,274558915,0.143,,
approach,뀨뛴,cb59c6496cd036703a81d247bd11885cefe8d04e6d233bd35cf2fabdeb93fb0d,2026-06-25,251,274558915,0.143,,
approach,뀨뛴,cb59c6496cd036703a81d247bd11885cefe8d04e6d233bd35cf2fabdeb93fb0d,2026-06-26,251,274558915,0.143,1254073,
approach,뀨뛴,cb59c6496cd036703a81d247bd11885cefe8d04e6d233bd35cf2fabdeb93fb0d,2026-06-27,251,274558915,0.143,,
approach,뀨뛴,cb59c6496cd036703a81d247bd11885cefe8d04e6d233bd35cf2fabdeb93fb0d,2026-06-28,251,274558915,0.143,,
approach,뀨뛴,cb59c6496cd036703a81d247bd11885cefe8d04e6d233bd35cf2fabdeb93fb0d,2026-06-29,251,274558915,0.143,,
approach,뀨뛴,cb59c6496cd036703a81d247bd11885cefe8d04e6d233bd35cf2fabdeb93fb0d,2026-06-30,251,274558915,0.143,,
approach,뀨뛴,cb59c6496cd036703a81d247bd11885cefe8d04e6d233bd35cf2fabdeb93fb0d,2026-07-01,251,274558915,0.143,,
approach,뀨뛴,cb59c6496cd036703a81d247bd11885cefe8d04e6d233bd35cf2fabdeb93fb0d,2026-07-02,251,274558915,0.143,,
approach,뀨뛴,cb59c6496cd036703a81d247bd11885cefe8d04e6d233bd35cf2fabdeb93fb0d,2026-07-03,251,274558915,0.143,,
approach,뀨뛴,cb59c6496cd036703a81d247bd11885cefe8d04e6d233bd35cf2fabdeb93fb0d,2026-07-04,251,274558915,0.143,1254073,
approach,뀨뛴,cb59c6496cd036703a81d247bd11885cefe8d04e6d233bd35cf2fabdeb93fb0d,2026-07-05,251,274558915,0.143,,
approach,뀨뛴,cb59c6496cd036703a81d247bd11885cefe8d04e6d233bd35cf2fabdeb93fb0d,2026-07-06,251,274558915,0.143,,
approach,뀨뛴,cb59c6496cd036703a81d247bd11885cefe8d04e6d233bd35cf2fabdeb93fb0d,2026-07-07,251,274558915,0.143,,
approach,뀨뛴,cb59c6496cd036703a81d247bd11885cefe8d04e6d233bd35cf2fabdeb93fb0d,2026-07-08,251,274558915,0.143,,
approach,뀨뛴,cb59c6496cd036703a81d247bd11885cefe8d04e6d233bd35cf2fabdeb93fb0d,2026-07-09,251,274558915,0.143,,
approach,뀨뛴,cb59c6496cd036703a81d247bd11885cefe8d04e6d233bd35cf2fabdeb93fb0d,2026-07-10,251,274558915,0.143,,
approach,뀨뛴,cb59c6496cd036703a81d247bd11885cefe8d04e6d233bd35cf2fabdeb93fb0d,2026-07-11,251,274558915,0.143,,
approach,뀨뛴,cb59c6496cd036703a81d247bd11885cefe8d04e6d233bd35cf2fabdeb93fb0d,2026-07-12,251,274558915,0.143,1254073,
approach,세열링크02,605fb808539073a96c4206e7e640be77,2026-06-18,251,259966621,0.057,491035,
approach,세열링크02,605fb808539073a96c4206e7e640be77,2026-06-19,251,259966621,0.057,,
approach,세열링크02,605fb808539073a96c4206e7e640be77,2026-06-20,251,259966621,0.057,,
approach,세열링크02,605fb808539073a96c4206e7e640be77,2026-06-21,251,259966621,0.057,,
approach,세열링크02,605fb808539073a96c4206e7e640be77,2026-06-22,251,259966621,0.057,,
approach,세열링크02,605fb808539073a96c4206e7e640be77,2026-06-23,251,259966621,0.057,,
approach,세열링크02,605fb808539073a96c4206e7e640be77,2026-06-24,251,259966621,0.057,,
approach,세열링크02,605fb808539073a96c4206e7e640be77,2026-06-25,251,259966621,0.057,,
approach,세열링크02,605fb808539073a96c4206e7e640be77,2026-06-26,251,259966621,0.057,491035,
approach,세열링크02,605fb808539073a96c4206e7e640be77,2026-06-27,251,259966621,0.057,,
approach,세열링크02,605fb808539073a96c4206e7e640be77,2026-06-28,251,259966621,0.057,,
approach,세열링크02,605fb808539073a96c4206e7e640be77,2026-06-29,251,259966621,0.057,,
approach,세열링크02,605fb808539073a96c4206e7e640be77,2026-06-30,251,259966621,0.057,,
approach,세열링크02,605fb808539073a96c4206e7e640be77,2026-07-01,251,259966621,0.057,,
approach,세열링크02,605fb808539073a96c4206e7e640be77,2026-07-02,251,259966621,0.057,,
approach,세열링크02,605fb808539073a96c4206e7e640be77,2026-07-03,251,259966621,0.057,,
approach,세열링크02,605fb808539073a96c4206e7e640be77,2026-07-04,251,259966621,0.057,491035,
approach,세열링크02,605fb808539073a96c4206e7e640be77,2026-07-05,251,259966621,0.057,,
approach,세열링크02,605fb808539073a96c4206e7e640be77,2026-07-06,251,259966621,0.057,,
approach,세열링크02,605fb808539073a96c4206e7e640be77,2026-07-07,251,259966621,0.057,,
approach,세열링크02,605fb808539073a96c4206e7e640be77,2026-07-08,251,259966621,0.057,,
approach,세열링크02,605fb808539073a96c4206e7e640be77,2026-07-09,251,259966621,0.057,,
approach,세열링크02,605fb808539073a96c4206e7e640be77,2026-07-10,251,259966621,0.057,,
approach,세열링크02,605fb808539073a96c4206e7e640be77,2026-07-11,251,259966621,0.057,,
approach,세열링크02,605fb808539073a96c4206e7e640be77,2026-07-12,251,259966621,0.057,491035,
approach,기오연,df5cd55b03b8cd0e1157e3b5224657d5,2026-06-18,251,224897143,0.117,802163,
approach,기오연,df5cd55b03b8cd0e1157e3b5224657d5,2026-06-19,251,224897143,0.117,,
approach,기오연,df5cd55b03b8cd0e1157e3b5224657d5,2026-06-20,251,224897143,0.117,,
approach,기오연,df5cd55b03b8cd0e1157e3b5224657d5,2026-06-21,251,224897143,0.117,,
approach,기오연,df5cd55b03b8cd0e1157e3b5224657d5,2026-06-22,251,224897143,0.117,,
approach,기오연,df5cd55b03b8cd0e1157e3b5224657d5,2026-06-23,251,224897143,0.117,,
approach,기오연,df5cd55b03b8cd0e1157e3b5224657d5,2026-06-24,251,224897143,0.117,,
approach,기오연,df5cd55b03b8cd0e1157e3b5224657d5,2026-06-25,251,224897143,0.117,,
approach,기오연,df5cd55b03b8cd0e1157e3b5224657d5,2026-06-26,251,224897143,0.117,802163,
approach,기오연,df5cd55b03b8cd0e1157e3b5224657d5,2026-06-27,251,224897143,0.117,,
approach,기오연,df5cd55b03b8cd0e1157e3b5224657d5,2026-06-28,251,224897143,0.117,,
approach,기오연,df5cd55b03b8cd0e1157e3b5224657d5,2026-06-29,251,224897143,0.117,,
approach,기오연,df5cd55b03b8cd0e1157e3b5224657d5,2026-06-30,251,224897143,0.117,,
approach,기오연,df5cd55b03b8cd0e1157e3b5224657d5,2026-07-01,251,224897143,0.117,,
approach,기오연,df5cd55b03b8cd0e1157e3b5224657d5,2026-07-02,251,224897143,0.117,,
approach,기오연,df5cd55b03b8cd0e1157e3b5224657d5,2026-07-03,251,224897143,0.117,,
approach,기오연,df5cd55b03b8cd0e1157e3b5224657d5,2026-07-04,251,224897143,0.117,802163,
approach,기오연,df5cd55b03b8cd0e1157e3b5224657d5,2026-07-05,251,224897143,0.117,,
approach,기오연,df5cd55b03b8cd0e1157e3b5224657d5,2026-07-06,251,224897143,0.117,,
approach,기오연,df5cd55b03b8cd0e1157e3b5224657d5,2026-07-07,251,224897143,0.117,,
approach,기오연,df5cd55b03b8cd0e1157e3b5224657d5,2026-07-08,251,224897143,0.117,,
approach,기오연,df5cd55b03b8cd0e1157e3b5224657d5,2026-07-09,251,224897143,0.117,,
approach,기오연,df5cd55b03b8cd0e1157e3b5224657d5,2026-07-10,251,224897143,0.117,,
approach,기오연,df5cd55b03b8cd0e1157e3b5224657d5,2026-07-11,251,224897143,0.117,,
approach,기오연,df5cd55b03b8cd0e1157e3b5224657d5,2026-07-12,251,224897143,0.117,802163,
approach,나는꾼사기꾼,f9e848284ba6645ab84607e606c60609efe8d04e6d233bd35cf2fabdeb93fb0d,2026-06-18,,,,,http_400
approach,나는꾼사기꾼,f9e848284ba6645ab84607e606c60609efe8d04e6d233bd35cf2fabdeb93fb0d,2026-06-19,,,,,http_400
approach,나는꾼사기꾼,f9e848284ba6645ab84607e606c60609efe8d04e6d233bd35cf2fabdeb93fb0d,2026-06-20,,,,,http_400
approach,나는꾼사기꾼,f9e848284ba6645ab84607e606c60609efe8d04e6d233bd35cf2fabdeb93fb0d,2026-06-21,,,,,http_400
approach,나는꾼사기꾼,f9e848284ba6645ab84607e606c60609efe8d04e6d233bd35cf2fabdeb93fb0d,2026-06-22,,,,,http_400
approach,나는꾼사기꾼,f9e848284ba6645ab84607e606c60609efe8d04e6d233bd35cf2fabdeb93fb0d,2026-06-23,,,,,http_400
approach,나는꾼사기꾼,f9e848284ba6645ab84607e606c60609efe8d04e6d233bd35cf2fabdeb93fb0d,2026-06-24,,,,,http_400
approach,나는꾼사기꾼,f9e848284ba6645ab84607e606c60609efe8d04e6d233bd35cf2fabdeb93fb0d,2026-06-25,,,,,http_400
approach,나는꾼사기꾼,f9e848284ba6645ab84607e606c60609efe8d04e6d233bd35cf2fabdeb93fb0d,2026-06-26,,,,,http_400
approach,나는꾼사기꾼,f9e848284ba6645ab84607e606c60609efe8d04e6d233bd35cf2fabdeb93fb0d,2026-06-27,,,,,http_400
approach,나는꾼사기꾼,f9e848284ba6645ab84607e606c60609efe8d04e6d233bd35cf2fabdeb93fb0d,2026-06-28,,,,,http_400
approach,나는꾼사기꾼,f9e848284ba6645ab84607e606c60609efe8d04e6d233bd35cf2fabdeb93fb0d,2026-06-29,,,,,http_400
approach,나는꾼사기꾼,f9e848284ba6645ab84607e606c60609efe8d04e6d233bd35cf2fabdeb93fb0d,2026-06-30,,,,,http_400
approach,나는꾼사기꾼,f9e848284ba6645ab84607e606c60609efe8d04e6d233bd35cf2fabdeb93fb0d,2026-07-01,,,,,http_400
approach,나는꾼사기꾼,f9e848284ba6645ab84607e606c60609efe8d04e6d233bd35cf2fabdeb93fb0d,2026-07-02,,,,,http_400
approach,나는꾼사기꾼,f9e848284ba6645ab84607e606c60609efe8d04e6d233bd35cf2fabdeb93fb0d,2026-07-03,,,,,http_400
approach,나는꾼사기꾼,f9e848284ba6645ab84607e606c60609efe8d04e6d233bd35cf2fabdeb93fb0d,2026-07-04,,,,,http_400
approach,나는꾼사기꾼,f9e848284ba6645ab84607e606c60609efe8d04e6d233bd35cf2fabdeb93fb0d,2026-07-05,,,,,http_400
approach,나는꾼사기꾼,f9e848284ba6645ab84607e606c60609efe8d04e6d233bd35cf2fabdeb93fb0d,2026-07-06,,,,,http_400
approach,나는꾼사기꾼,f9e848284ba6645ab84607e606c60609efe8d04e6d233bd35cf2fabdeb93fb0d,2026-07-07,,,,,http_400
approach,나는꾼사기꾼,f9e848284ba6645ab84607e606c60609efe8d04e6d233bd35cf2fabdeb93fb0d,2026-07-08,,,,,http_400
approach,나는꾼사기꾼,f9e848284ba6645ab84607e606c60609efe8d04e6d233bd35cf2fabdeb93fb0d,2026-07-09,,,,,http_400
approach,나는꾼사기꾼,f9e848284ba6645ab84607e606c60609efe8d04e6d233bd35cf2fabdeb93fb0d,2026-07-10,,,,,http_400
approach,나는꾼사기꾼,f9e848284ba6645ab84607e606c60609efe8d04e6d233bd35cf2fabdeb93fb0d,2026-07-11,,,,,http_400
approach,나는꾼사기꾼,f9e848284ba6645ab84607e606c60609efe8d04e6d233bd35cf2fabdeb93fb0d,2026-07-12,,,,,http_400
approach,새송이버섯추,1bd2928b8d8129d097a1d799736fb6f8efe8d04e6d233bd35cf2fabdeb93fb0d,2026-06-18,251,318594324,0.166,0,
approach,새송이버섯추,1bd2928b8d8129d097a1d799736fb6f8efe8d04e6d233bd35cf2fabdeb93fb0d,2026-06-19,251,318594324,0.166,,
approach,새송이버섯추,1bd2928b8d8129d097a1d799736fb6f8efe8d04e6d233bd35cf2fabdeb93fb0d,2026-06-20,251,318594324,0.166,,
approach,새송이버섯추,1bd2928b8d8129d097a1d799736fb6f8efe8d04e6d233bd35cf2fabdeb93fb0d,2026-06-21,251,318594324,0.166,,
approach,새송이버섯추,1bd2928b8d8129d097a1d799736fb6f8efe8d04e6d233bd35cf2fabdeb93fb0d,2026-06-22,251,318594324,0.166,,
approach,새송이버섯추,1bd2928b8d8129d097a1d799736fb6f8efe8d04e6d233bd35cf2fabdeb93fb0d,2026-06-23,251,318594324,0.166,,
approach,새송이버섯추,1bd2928b8d8129d097a1d799736fb6f8efe8d04e6d233bd35cf2fabdeb93fb0d,2026-06-24,251,318594324,0.166,,
approach,새송이버섯추,1bd2928b8d8129d097a1d799736fb6f8efe8d04e6d233bd35cf2fabdeb93fb0d,2026-06-25,251,318594324,0.166,,
approach,새송이버섯추,1bd2928b8d8129d097a1d799736fb6f8efe8d04e6d233bd35cf2fabdeb93fb0d,2026-06-26,251,318594324,0.166,0,
approach,새송이버섯추,1bd2928b8d8129d097a1d799736fb6f8efe8d04e6d233bd35cf2fabdeb93fb0d,2026-06-27,251,318594324,0.166,,
approach,새송이버섯추,1bd2928b8d8129d097a1d799736fb6f8efe8d04e6d233bd35cf2fabdeb93fb0d,2026-06-28,251,318594324,0.166,,
approach,새송이버섯추,1bd2928b8d8129d097a1d799736fb6f8efe8d04e6d233bd35cf2fabdeb93fb0d,2026-06-29,251,318594324,0.166,,
approach,새송이버섯추,1bd2928b8d8129d097a1d799736fb6f8efe8d04e6d233bd35cf2fabdeb93fb0d,2026-06-30,251,318594324,0.166,,
approach,새송이버섯추,1bd2928b8d8129d097a1d799736fb6f8efe8d04e6d233bd35cf2fabdeb93fb0d,2026-07-01,251,318594324,0.166,,
approach,새송이버섯추,1bd2928b8d8129d097a1d799736fb6f8efe8d04e6d233bd35cf2fabdeb93fb0d,2026-07-02,251,318594324,0.166,,
approach,새송이버섯추,1bd2928b8d8129d097a1d799736fb6f8efe8d04e6d233bd35cf2fabdeb93fb0d,2026-07-03,251,318594324,0.166,,
approach,새송이버섯추,1bd2928b8d8129d097a1d799736fb6f8efe8d04e6d233bd35cf2fabdeb93fb0d,2026-07-04,251,318594324,0.166,0,
approach,새송이버섯추,1bd2928b8d8129d097a1d799736fb6f8efe8d04e6d233bd35cf2fabdeb93fb0d,2026-07-05,251,318594324,0.166,,
approach,새송이버섯추,1bd2928b8d8129d097a1d799736fb6f8efe8d04e6d233bd35cf2fabdeb93fb0d,2026-07-06,251,318594324,0.166,,
approach,새송이버섯추,1bd2928b8d8129d097a1d799736fb6f8efe8d04e6d233bd35cf2fabdeb93fb0d,2026-07-07,251,318594324,0.166,,
approach,새송이버섯추,1bd2928b8d8129d097a1d799736fb6f8efe8d04e6d233bd35cf2fabdeb93fb0d,2026-07-08,251,318594324,0.166,,
approach,새송이버섯추,1bd2928b8d8129d097a1d799736fb6f8efe8d04e6d233bd35cf2fabdeb93fb0d,2026-07-09,251,318594324,0.166,,
approach,새송이버섯추,1bd2928b8d8129d097a1d799736fb6f8efe8d04e6d233bd35cf2fabdeb93fb0d,2026-07-10,251,318594324,0.166,,
approach,새송이버섯추,1bd2928b8d8129d097a1d799736fb6f8efe8d04e6d233bd35cf2fabdeb93fb0d,2026-07-11,251,318594324,0.166,,
approach,새송이버섯추,1bd2928b8d8129d097a1d799736fb6f8efe8d04e6d233bd35cf2fabdeb93fb0d,2026-07-12,251,318594324,0.166,0,
approach,AK222,12a9afa932aaeb46c827714e0baea222efe8d04e6d233bd35cf2fabdeb93fb0d,2026-06-18,251,311424857,0.162,130698,
approach,AK222,12a9afa932aaeb46c827714e0baea222efe8d04e6d233bd35cf2fabdeb93fb0d,2026-06-19,251,311424857,0.162,,
approach,AK222,12a9afa932aaeb46c827714e0baea222efe8d04e6d233bd35cf2fabdeb93fb0d,2026-06-20,251,311424857,0.162,,
approach,AK222,12a9afa932aaeb46c827714e0baea222efe8d04e6d233bd35cf2fabdeb93fb0d,2026-06-21,251,311424857,0.162,,
approach,AK222,12a9afa932aaeb46c827714e0baea222efe8d04e6d233bd35cf2fabdeb93fb0d,2026-06-22,251,311424857,0.162,,
approach,AK222,12a9afa932aaeb46c827714e0baea222efe8d04e6d233bd35cf2fabdeb93fb0d,2026-06-23,251,311424857,0.162,,
approach,AK222,12a9afa932aaeb46c827714e0baea222efe8d04e6d233bd35cf2fabdeb93fb0d,2026-06-24,251,311424857,0.162,,
approach,AK222,12a9afa932aaeb46c827714e0baea222efe8d04e6d233bd35cf2fabdeb93fb0d,2026-06-25,251,311424857,0.162,,
approach,AK222,12a9afa932aaeb46c827714e0baea222efe8d04e6d233bd35cf2fabdeb93fb0d,2026-06-26,251,311424857,0.162,130698,
approach,AK222,12a9afa932aaeb46c827714e0baea222efe8d04e6d233bd35cf2fabdeb93fb0d,2026-06-27,251,311424857,0.162,,
approach,AK222,12a9afa932aaeb46c827714e0baea222efe8d04e6d233bd35cf2fabdeb93fb0d,2026-06-28,251,311424857,0.162,,
approach,AK222,12a9afa932aaeb46c827714e0baea222efe8d04e6d233bd35cf2fabdeb93fb0d,2026-06-29,251,311424857,0.162,,
approach,AK222,12a9afa932aaeb46c827714e0baea222efe8d04e6d233bd35cf2fabdeb93fb0d,2026-06-30,251,311424857,0.162,,
approach,AK222,12a9afa932aaeb46c827714e0baea222efe8d04e6d233bd35cf2fabdeb93fb0d,2026-07-01,251,311424857,0.162,,
approach,AK222,12a9afa932aaeb46c827714e0baea222efe8d04e6d233bd35cf2fabdeb93fb0d,2026-07-02,251,311424857,0.162,,
approach,AK222,12a9afa932aaeb46c827714e0baea222efe8d04e6d233bd35cf2fabdeb93fb0d,2026-07-03,251,311424857,0.162,,
approach,AK222,12a9afa932aaeb46c827714e0baea222efe8d04e6d233bd35cf2fabdeb93fb0d,2026-07-04,251,311424857,0.162,130698,
approach,AK222,12a9afa932aaeb46c827714e0baea222efe8d04e6d233bd35cf2fabdeb93fb0d,2026-07-05,251,311424857,0.162,,
approach,AK222,12a9afa932aaeb46c827714e0baea222efe8d04e6d233bd35cf2fabdeb93fb0d,2026-07-06,251,311424857,0.162,,
approach,AK222,12a9afa932aaeb46c827714e0baea222efe8d04e6d233bd35cf2fabdeb93fb0d,2026-07-07,251,311424857,0.162,,
approach,AK222,12a9afa932aaeb46c827714e0baea222efe8d04e6d233bd35cf2fabdeb93fb0d,2026-07-08,251,311424857,0.162,,
approach,AK222,12a9afa932aaeb46c827714e0baea222efe8d04e6d233bd35cf2fabdeb93fb0d,2026-07-09,251,311424857,0.162,,
approach,AK222,12a9afa932aaeb46c827714e0baea222efe8d04e6d233bd35cf2fabdeb93fb0d,2026-07-10,251,311424857,0.162,,
approach,AK222,12a9afa932aaeb46c827714e0baea222efe8d04e6d233bd35cf2fabdeb93fb0d,2026-07-11,251,311424857,0.162,,
approach,AK222,12a9afa932aaeb46c827714e0baea222efe8d04e6d233bd35cf2fabdeb93fb0d,2026-07-12,251,311424857,0.162,130698,
approach,여은자월자,349411c899a3eaf1784abed1025fbb53efe8d04e6d233bd35cf2fabdeb93fb0d,2026-06-18,251,242926009,0.053,1334876,
approach,여은자월자,349411c899a3eaf1784abed1025fbb53efe8d04e6d233bd35cf2fabdeb93fb0d,2026-06-19,251,242926009,0.053,,
approach,여은자월자,349411c899a3eaf1784abed1025fbb53efe8d04e6d233bd35cf2fabdeb93fb0d,2026-06-20,251,242926009,0.053,,
approach,여은자월자,349411c899a3eaf1784abed1025fbb53efe8d04e6d233bd35cf2fabdeb93fb0d,2026-06-21,251,242926009,0.053,,
approach,여은자월자,349411c899a3eaf1784abed1025fbb53efe8d04e6d233bd35cf2fabdeb93fb0d,2026-06-22,251,242926009,0.053,,
approach,여은자월자,349411c899a3eaf1784abed1025fbb53efe8d04e6d233bd35cf2fabdeb93fb0d,2026-06-23,251,242926009,0.053,,
approach,여은자월자,349411c899a3eaf1784abed1025fbb53efe8d04e6d233bd35cf2fabdeb93fb0d,2026-06-24,251,242926009,0.053,,
approach,여은자월자,349411c899a3eaf1784abed1025fbb53efe8d04e6d233bd35cf2fabdeb93fb0d,2026-06-25,251,242926009,0.053,,
approach,여은자월자,349411c899a3eaf1784abed1025fbb53efe8d04e6d233bd35cf2fabdeb93fb0d,2026-06-26,251,242926009,0.053,1334876,
approach,여은자월자,349411c899a3eaf1784abed1025fbb53efe8d04e6d233bd35cf2fabdeb93fb0d,2026-06-27,251,242926009,0.053,,
approach,여은자월자,349411c899a3eaf1784abed1025fbb53efe8d04e6d233bd35cf2fabdeb93fb0d,2026-06-28,251,242926009,0.053,,
approach,여은자월자,349411c899a3eaf1784abed1025fbb53efe8d04e6d233bd35cf2fabdeb93fb0d,2026-06-29,251,242926009,0.053,,
approach,여은자월자,349411c899a3eaf1784abed1025fbb53efe8d04e6d233bd35cf2fabdeb93fb0d,2026-06-30,251,242926009,0.053,,
approach,여은자월자,349411c899a3eaf1784abed1025fbb53efe8d04e6d233bd35cf2fabdeb93fb0d,2026-07-01,251,242926009,0.053,,
approach,여은자월자,349411c899a3eaf1784abed1025fbb53efe8d04e6d233bd35cf2fabdeb93fb0d,2026-07-02,251,242926009,0.053,,
approach,여은자월자,349411c899a3eaf1784abed1025fbb53efe8d04e6d233bd35cf2fabdeb93fb0d,2026-07-03,251,242926009,0.053,,
approach,여은자월자,349411c899a3eaf1784abed1025fbb53efe8d04e6d233bd35cf2fabdeb93fb0d,2026-07-04,251,242926009,0.053,1334876,
approach,여은자월자,349411c899a3eaf1784abed1025fbb53efe8d04e6d233bd35cf2fabdeb93fb0d,2026-07-05,251,242926009,0.053,,
approach,여은자월자,349411c899a3eaf1784abed1025fbb53efe8d04e6d233bd35cf2fabdeb93fb0d,2026-07-06,251,242926009,0.053,,
approach,여은자월자,349411c899a3eaf1784abed1025fbb53efe8d04e6d233bd35cf2fabdeb93fb0d,2026-07-07,251,242926009,0.053,,
approach,여은자월자,349411c899a3eaf1784abed1025fbb53efe8d04e6d233bd35cf2fabdeb93fb0d,2026-07-08,251,242926009,0.053,,
approach,여은자월자,349411c899a3eaf1784abed1025fbb53efe8d04e6d233bd35cf2fabdeb93fb0d,2026-07-09,251,242926009,0.053,,
approach,여은자월자,349411c899a3eaf1784abed1025fbb53efe8d04e6d233bd35cf2fabdeb93fb0d,2026-07-10,251,242926009,0.053,,
approach,여은자월자,349411c899a3eaf1784abed1025fbb53efe8d04e6d233bd35cf2fabdeb93fb0d,2026-07-11,251,242926009,0.053,,
approach,여은자월자,349411c899a3eaf1784abed1025fbb53efe8d04e6d233bd35cf2fabdeb93fb0d,2026-07-12,251,242926009,0.053,1334876,
approach,녘샹,fd627c2ce765b3adb8801845c1b102608295750b1f4857867454debc45ec9c8a,2026-06-18,251,232689909,0.121,0,
approach,녘샹,fd627c2ce765b3adb8801845c1b102608295750b1f4857867454debc45ec9c8a,2026-06-19,251,232689909,0.121,,
approach,녘샹,fd627c2ce765b3adb8801845c1b102608295750b1f4857867454debc45ec9c8a,2026-06-20,251,232689909,0.121,,
approach,녘샹,fd627c2ce765b3adb8801845c1b102608295750b1f4857867454debc45ec9c8a,2026-06-21,251,232689909,0.121,,
approach,녘샹,fd627c2ce765b3adb8801845c1b102608295750b1f4857867454debc45ec9c8a,2026-06-22,251,232689909,0.121,,
approach,녘샹,fd627c2ce765b3adb8801845c1b102608295750b1f4857867454debc45ec9c8a,2026-06-23,251,232689909,0.121,,
approach,녘샹,fd627c2ce765b3adb8801845c1b102608295750b1f4857867454debc45ec9c8a,2026-06-24,251,232689909,0.121,,
approach,녘샹,fd627c2ce765b3adb8801845c1b102608295750b1f4857867454debc45ec9c8a,2026-06-25,251,232689909,0.121,,
approach,녘샹,fd627c2ce765b3adb8801845c1b102608295750b1f4857867454debc45ec9c8a,2026-06-26,251,232689909,0.121,0,
approach,녘샹,fd627c2ce765b3adb8801845c1b102608295750b1f4857867454debc45ec9c8a,2026-06-27,251,232689909,0.121,,
approach,녘샹,fd627c2ce765b3adb8801845c1b102608295750b1f4857867454debc45ec9c8a,2026-06-28,251,232689909,0.121,,
approach,녘샹,fd627c2ce765b3adb8801845c1b102608295750b1f4857867454debc45ec9c8a,2026-06-29,251,232689909,0.121,,
approach,녘샹,fd627c2ce765b3adb8801845c1b102608295750b1f4857867454debc45ec9c8a,2026-06-30,251,232689909,0.121,,
approach,녘샹,fd627c2ce765b3adb8801845c1b102608295750b1f4857867454debc45ec9c8a,2026-07-01,251,232689909,0.121,,
approach,녘샹,fd627c2ce765b3adb8801845c1b102608295750b1f4857867454debc45ec9c8a,2026-07-02,251,232689909,0.121,,
approach,녘샹,fd627c2ce765b3adb8801845c1b102608295750b1f4857867454debc45ec9c8a,2026-07-03,251,232689909,0.121,,
approach,녘샹,fd627c2ce765b3adb8801845c1b102608295750b1f4857867454debc45ec9c8a,2026-07-04,251,232689909,0.121,0,
approach,녘샹,fd627c2ce765b3adb8801845c1b102608295750b1f4857867454debc45ec9c8a,2026-07-05,251,232689909,0.121,,
approach,녘샹,fd627c2ce765b3adb8801845c1b102608295750b1f4857867454debc45ec9c8a,2026-07-06,251,232689909,0.121,,
approach,녘샹,fd627c2ce765b3adb8801845c1b102608295750b1f4857867454debc45ec9c8a,2026-07-07,251,232689909,0.121,,
approach,녘샹,fd627c2ce765b3adb8801845c1b102608295750b1f4857867454debc45ec9c8a,2026-07-08,251,232689909,0.121,,
approach,녘샹,fd627c2ce765b3adb8801845c1b102608295750b1f4857867454debc45ec9c8a,2026-07-09,251,232689909,0.121,,
approach,녘샹,fd627c2ce765b3adb8801845c1b102608295750b1f4857867454debc45ec9c8a,2026-07-10,251,232689909,0.121,,
approach,녘샹,fd627c2ce765b3adb8801845c1b102608295750b1f4857867454debc45ec9c8a,2026-07-11,251,232689909,0.121,,
approach,녘샹,fd627c2ce765b3adb8801845c1b102608295750b1f4857867454debc45ec9c8a,2026-07-12,251,232689909,0.121,0,
approach,이화어학원1,e737dc96d9c0ee45e2aaebe17e4512dfefe8d04e6d233bd35cf2fabdeb93fb0d,2026-06-18,251,280808951,0.146,254947,
approach,이화어학원1,e737dc96d9c0ee45e2aaebe17e4512dfefe8d04e6d233bd35cf2fabdeb93fb0d,2026-06-19,251,280808951,0.146,,
approach,이화어학원1,e737dc96d9c0ee45e2aaebe17e4512dfefe8d04e6d233bd35cf2fabdeb93fb0d,2026-06-20,251,280808951,0.146,,
approach,이화어학원1,e737dc96d9c0ee45e2aaebe17e4512dfefe8d04e6d233bd35cf2fabdeb93fb0d,2026-06-21,251,280808951,0.146,,
approach,이화어학원1,e737dc96d9c0ee45e2aaebe17e4512dfefe8d04e6d233bd35cf2fabdeb93fb0d,2026-06-22,251,280808951,0.146,,
approach,이화어학원1,e737dc96d9c0ee45e2aaebe17e4512dfefe8d04e6d233bd35cf2fabdeb93fb0d,2026-06-23,251,280808951,0.146,,
approach,이화어학원1,e737dc96d9c0ee45e2aaebe17e4512dfefe8d04e6d233bd35cf2fabdeb93fb0d,2026-06-24,251,280808951,0.146,,
approach,이화어학원1,e737dc96d9c0ee45e2aaebe17e4512dfefe8d04e6d233bd35cf2fabdeb93fb0d,2026-06-25,251,280808951,0.146,,
approach,이화어학원1,e737dc96d9c0ee45e2aaebe17e4512dfefe8d04e6d233bd35cf2fabdeb93fb0d,2026-06-26,251,280808951,0.146,254947,
approach,이화어학원1,e737dc96d9c0ee45e2aaebe17e4512dfefe8d04e6d233bd35cf2fabdeb93fb0d,2026-06-27,251,280808951,0.146,,
approach,이화어학원1,e737dc96d9c0ee45e2aaebe17e4512dfefe8d04e6d233bd35cf2fabdeb93fb0d,2026-06-28,251,280808951,0.146,,
approach,이화어학원1,e737dc96d9c0ee45e2aaebe17e4512dfefe8d04e6d233bd35cf2fabdeb93fb0d,2026-06-29,251,280808951,0.146,,
approach,이화어학원1,e737dc96d9c0ee45e2aaebe17e4512dfefe8d04e6d233bd35cf2fabdeb93fb0d,2026-06-30,251,280808951,0.146,,
approach,이화어학원1,e737dc96d9c0ee45e2aaebe17e4512dfefe8d04e6d233bd35cf2fabdeb93fb0d,2026-07-01,251,280808951,0.146,,
approach,이화어학원1,e737dc96d9c0ee45e2aaebe17e4512dfefe8d04e6d233bd35cf2fabdeb93fb0d,2026-07-02,251,280808951,0.146,,
approach,이화어학원1,e737dc96d9c0ee45e2aaebe17e4512dfefe8d04e6d233bd35cf2fabdeb93fb0d,2026-07-03,251,280808951,0.146,,
approach,이화어학원1,e737dc96d9c0ee45e2aaebe17e4512dfefe8d04e6d233bd35cf2fabdeb93fb0d,2026-07-04,251,280808951,0.146,254947,
approach,이화어학원1,e737dc96d9c0ee45e2aaebe17e4512dfefe8d04e6d233bd35cf2fabdeb93fb0d,2026-07-05,251,280808951,0.146,,
approach,이화어학원1,e737dc96d9c0ee45e2aaebe17e4512dfefe8d04e6d233bd35cf2fabdeb93fb0d,2026-07-06,251,280808951,0.146,,
approach,이화어학원1,e737dc96d9c0ee45e2aaebe17e4512dfefe8d04e6d233bd35cf2fabdeb93fb0d,2026-07-07,251,280808951,0.146,,
approach,이화어학원1,e737dc96d9c0ee45e2aaebe17e4512dfefe8d04e6d233bd35cf2fabdeb93fb0d,2026-07-08,251,280808951,0.146,,
approach,이화어학원1,e737dc96d9c0ee45e2aaebe17e4512dfefe8d04e6d233bd35cf2fabdeb93fb0d,2026-07-09,251,280808951,0.146,,
approach,이화어학원1,e737dc96d9c0ee45e2aaebe17e4512dfefe8d04e6d233bd35cf2fabdeb93fb0d,2026-07-10,251,280808951,0.146,,
approach,이화어학원1,e737dc96d9c0ee45e2aaebe17e4512dfefe8d04e6d233bd35cf2fabdeb93fb0d,2026-07-11,251,280808951,0.146,,
approach,이화어학원1,e737dc96d9c0ee45e2aaebe17e4512dfefe8d04e6d233bd35cf2fabdeb93fb0d,2026-07-12,251,280808951,0.146,254947,
approach,엽엽시치,faf059742471b4531fb786b60f07fb17,2026-06-18,251,214730663,0.112,72389,
approach,엽엽시치,faf059742471b4531fb786b60f07fb17,2026-06-19,251,214730663,0.112,,
approach,엽엽시치,faf059742471b4531fb786b60f07fb17,2026-06-20,251,214730663,0.112,,
approach,엽엽시치,faf059742471b4531fb786b60f07fb17,2026-06-21,251,214730663,0.112,,
approach,엽엽시치,faf059742471b4531fb786b60f07fb17,2026-06-22,251,214730663,0.112,,
approach,엽엽시치,faf059742471b4531fb786b60f07fb17,2026-06-23,251,214730663,0.112,,
approach,엽엽시치,faf059742471b4531fb786b60f07fb17,2026-06-24,251,214730663,0.112,,
approach,엽엽시치,faf059742471b4531fb786b60f07fb17,2026-06-25,251,214730663,0.112,,
approach,엽엽시치,faf059742471b4531fb786b60f07fb17,2026-06-26,251,214730663,0.112,72389,
approach,엽엽시치,faf059742471b4531fb786b60f07fb17,2026-06-27,251,214730663,0.112,,
approach,엽엽시치,faf059742471b4531fb786b60f07fb17,2026-06-28,251,214730663,0.112,,
approach,엽엽시치,faf059742471b4531fb786b60f07fb17,2026-06-29,251,214730663,0.112,,
approach,엽엽시치,faf059742471b4531fb786b60f07fb17,2026-06-30,251,214730663,0.112,,
approach,엽엽시치,faf059742471b4531fb786b60f07fb17,2026-07-01,251,214730663,0.112,,
approach,엽엽시치,faf059742471b4531fb786b60f07fb17,2026-07-02,251,214730663,0.112,,
approach,엽엽시치,faf059742471b4531fb786b60f07fb17,2026-07-03,251,214730663,0.112,,
approach,엽엽시치,faf059742471b4531fb786b60f07fb17,2026-07-04,251,214730663,0.112,72389,
approach,엽엽시치,faf059742471b4531fb786b60f07fb17,2026-07-05,251,214730663,0.112,,
approach,엽엽시치,faf059742471b4531fb786b60f07fb17,2026-07-06,251,214730663,0.112,,
approach,엽엽시치,faf059742471b4531fb786b60f07fb17,2026-07-07,251,214730663,0.112,,
approach,엽엽시치,faf059742471b4531fb786b60f07fb17,2026-07-08,251,214730663,0.112,,
approach,엽엽시치,faf059742471b4531fb786b60f07fb17,2026-07-09,251,214730663,0.112,,
approach,엽엽시치,faf059742471b4531fb786b60f07fb17,2026-07-10,251,214730663,0.112,,
approach,엽엽시치,faf059742471b4531fb786b60f07fb17,2026-07-11,251,214730663,0.112,,
approach,엽엽시치,faf059742471b4531fb786b60f07fb17,2026-07-12,251,214730663,0.112,72389,
approach,데몬검성,458d5a91325da9ab02d313bd238e5cd36fbb98200a15be5bcc73a64995849e9c,2026-06-18,251,222364266,0.116,93027,
approach,데몬검성,458d5a91325da9ab02d313bd238e5cd36fbb98200a15be5bcc73a64995849e9c,2026-06-19,251,222364266,0.116,,
approach,데몬검성,458d5a91325da9ab02d313bd238e5cd36fbb98200a15be5bcc73a64995849e9c,2026-06-20,251,222364266,0.116,,
approach,데몬검성,458d5a91325da9ab02d313bd238e5cd36fbb98200a15be5bcc73a64995849e9c,2026-06-21,251,222364266,0.116,,
approach,데몬검성,458d5a91325da9ab02d313bd238e5cd36fbb98200a15be5bcc73a64995849e9c,2026-06-22,251,222364266,0.116,,
approach,데몬검성,458d5a91325da9ab02d313bd238e5cd36fbb98200a15be5bcc73a64995849e9c,2026-06-23,251,222364266,0.116,,
approach,데몬검성,458d5a91325da9ab02d313bd238e5cd36fbb98200a15be5bcc73a64995849e9c,2026-06-24,251,222364266,0.116,,
approach,데몬검성,458d5a91325da9ab02d313bd238e5cd36fbb98200a15be5bcc73a64995849e9c,2026-06-25,251,222364266,0.116,,
approach,데몬검성,458d5a91325da9ab02d313bd238e5cd36fbb98200a15be5bcc73a64995849e9c,2026-06-26,251,222364266,0.116,93027,
approach,데몬검성,458d5a91325da9ab02d313bd238e5cd36fbb98200a15be5bcc73a64995849e9c,2026-06-27,251,222364266,0.116,,
approach,데몬검성,458d5a91325da9ab02d313bd238e5cd36fbb98200a15be5bcc73a64995849e9c,2026-06-28,251,222364266,0.116,,
approach,데몬검성,458d5a91325da9ab02d313bd238e5cd36fbb98200a15be5bcc73a64995849e9c,2026-06-29,251,222364266,0.116,,
approach,데몬검성,458d5a91325da9ab02d313bd238e5cd36fbb98200a15be5bcc73a64995849e9c,2026-06-30,251,222364266,0.116,,
approach,데몬검성,458d5a91325da9ab02d313bd238e5cd36fbb98200a15be5bcc73a64995849e9c,2026-07-01,251,222364266,0.116,,
approach,데몬검성,458d5a91325da9ab02d313bd238e5cd36fbb98200a15be5bcc73a64995849e9c,2026-07-02,251,222364266,0.116,,
approach,데몬검성,458d5a91325da9ab02d313bd238e5cd36fbb98200a15be5bcc73a64995849e9c,2026-07-03,251,222364266,0.116,,
approach,데몬검성,458d5a91325da9ab02d313bd238e5cd36fbb98200a15be5bcc73a64995849e9c,2026-07-04,251,222364266,0.116,93027,
approach,데몬검성,458d5a91325da9ab02d313bd238e5cd36fbb98200a15be5bcc73a64995849e9c,2026-07-05,251,222364266,0.116,,
approach,데몬검성,458d5a91325da9ab02d313bd238e5cd36fbb98200a15be5bcc73a64995849e9c,2026-07-06,251,222364266,0.116,,
approach,데몬검성,458d5a91325da9ab02d313bd238e5cd36fbb98200a15be5bcc73a64995849e9c,2026-07-07,251,222364266,0.116,,
approach,데몬검성,458d5a91325da9ab02d313bd238e5cd36fbb98200a15be5bcc73a64995849e9c,2026-07-08,251,222364266,0.116,,
approach,데몬검성,458d5a91325da9ab02d313bd238e5cd36fbb98200a15be5bcc73a64995849e9c,2026-07-09,251,222364266,0.116,,
approach,데몬검성,458d5a91325da9ab02d313bd238e5cd36fbb98200a15be5bcc73a64995849e9c,2026-07-10,251,222364266,0.116,,
approach,데몬검성,458d5a91325da9ab02d313bd238e5cd36fbb98200a15be5bcc73a64995849e9c,2026-07-11,251,222364266,0.116,,
approach,데몬검성,458d5a91325da9ab02d313bd238e5cd36fbb98200a15be5bcc73a64995849e9c,2026-07-12,251,222364266,0.116,93027,
approach,아앙마아앙마,af1ab2c67d778da8a4099c6d00109bac,2026-06-18,251,223036525,0.116,550135,
approach,아앙마아앙마,af1ab2c67d778da8a4099c6d00109bac,2026-06-19,251,223036525,0.116,,
approach,아앙마아앙마,af1ab2c67d778da8a4099c6d00109bac,2026-06-20,251,223036525,0.116,,
approach,아앙마아앙마,af1ab2c67d778da8a4099c6d00109bac,2026-06-21,251,223036525,0.116,,
approach,아앙마아앙마,af1ab2c67d778da8a4099c6d00109bac,2026-06-22,251,223036525,0.116,,
approach,아앙마아앙마,af1ab2c67d778da8a4099c6d00109bac,2026-06-23,251,223036525,0.116,,
approach,아앙마아앙마,af1ab2c67d778da8a4099c6d00109bac,2026-06-24,251,223036525,0.116,,
approach,아앙마아앙마,af1ab2c67d778da8a4099c6d00109bac,2026-06-25,251,223036525,0.116,,
approach,아앙마아앙마,af1ab2c67d778da8a4099c6d00109bac,2026-06-26,251,223036525,0.116,550135,
approach,아앙마아앙마,af1ab2c67d778da8a4099c6d00109bac,2026-06-27,251,223036525,0.116,,
approach,아앙마아앙마,af1ab2c67d778da8a4099c6d00109bac,2026-06-28,251,223036525,0.116,,
approach,아앙마아앙마,af1ab2c67d778da8a4099c6d00109bac,2026-06-29,251,223036525,0.116,,
approach,아앙마아앙마,af1ab2c67d778da8a4099c6d00109bac,2026-06-30,251,223036525,0.116,,
approach,아앙마아앙마,af1ab2c67d778da8a4099c6d00109bac,2026-07-01,251,223036525,0.116,,
approach,아앙마아앙마,af1ab2c67d778da8a4099c6d00109bac,2026-07-02,251,223036525,0.116,,
approach,아앙마아앙마,af1ab2c67d778da8a4099c6d00109bac,2026-07-03,251,223036525,0.116,,
approach,아앙마아앙마,af1ab2c67d778da8a4099c6d00109bac,2026-07-04,251,223036525,0.116,550135,
approach,아앙마아앙마,af1ab2c67d778da8a4099c6d00109bac,2026-07-05,251,223036525,0.116,,
approach,아앙마아앙마,af1ab2c67d778da8a4099c6d00109bac,2026-07-06,251,223036525,0.116,,
approach,아앙마아앙마,af1ab2c67d778da8a4099c6d00109bac,2026-07-07,251,223036525,0.116,,
approach,아앙마아앙마,af1ab2c67d778da8a4099c6d00109bac,2026-07-08,251,223036525,0.116,,
approach,아앙마아앙마,af1ab2c67d778da8a4099c6d00109bac,2026-07-09,251,223036525,0.116,,
approach,아앙마아앙마,af1ab2c67d778da8a4099c6d00109bac,2026-07-10,251,223036525,0.116,,
approach,아앙마아앙마,af1ab2c67d778da8a4099c6d00109bac,2026-07-11,251,223036525,0.116,,
approach,아앙마아앙마,af1ab2c67d778da8a4099c6d00109bac,2026-07-12,251,223036525,0.116,550135,
approach,우유먹는원기,40628316b1c492bd5dd1387de1130400,2026-06-18,251,276359343,0.144,2297355,
approach,우유먹는원기,40628316b1c492bd5dd1387de1130400,2026-06-19,251,276359343,0.144,,
approach,우유먹는원기,40628316b1c492bd5dd1387de1130400,2026-06-20,251,276359343,0.144,,
approach,우유먹는원기,40628316b1c492bd5dd1387de1130400,2026-06-21,251,276359343,0.144,,
approach,우유먹는원기,40628316b1c492bd5dd1387de1130400,2026-06-22,251,276359343,0.144,,
approach,우유먹는원기,40628316b1c492bd5dd1387de1130400,2026-06-23,251,276359343,0.144,,
approach,우유먹는원기,40628316b1c492bd5dd1387de1130400,2026-06-24,251,276359343,0.144,,
approach,우유먹는원기,40628316b1c492bd5dd1387de1130400,2026-06-25,251,276359343,0.144,,
approach,우유먹는원기,40628316b1c492bd5dd1387de1130400,2026-06-26,251,276359343,0.144,2297355,
approach,우유먹는원기,40628316b1c492bd5dd1387de1130400,2026-06-27,251,276359343,0.144,,
approach,우유먹는원기,40628316b1c492bd5dd1387de1130400,2026-06-28,251,276359343,0.144,,
approach,우유먹는원기,40628316b1c492bd5dd1387de1130400,2026-06-29,251,276359343,0.144,,
approach,우유먹는원기,40628316b1c492bd5dd1387de1130400,2026-06-30,251,276359343,0.144,,
approach,우유먹는원기,40628316b1c492bd5dd1387de1130400,2026-07-01,251,276359343,0.144,,
approach,우유먹는원기,40628316b1c492bd5dd1387de1130400,2026-07-02,251,276359343,0.144,,
approach,우유먹는원기,40628316b1c492bd5dd1387de1130400,2026-07-03,251,276359343,0.144,,
approach,우유먹는원기,40628316b1c492bd5dd1387de1130400,2026-07-04,251,276359343,0.144,2297355,
approach,우유먹는원기,40628316b1c492bd5dd1387de1130400,2026-07-05,251,276359343,0.144,,
approach,우유먹는원기,40628316b1c492bd5dd1387de1130400,2026-07-06,251,276359343,0.144,,
approach,우유먹는원기,40628316b1c492bd5dd1387de1130400,2026-07-07,251,276359343,0.144,,
approach,우유먹는원기,40628316b1c492bd5dd1387de1130400,2026-07-08,251,276359343,0.144,,
approach,우유먹는원기,40628316b1c492bd5dd1387de1130400,2026-07-09,251,276359343,0.144,,
approach,우유먹는원기,40628316b1c492bd5dd1387de1130400,2026-07-10,251,276359343,0.144,,
approach,우유먹는원기,40628316b1c492bd5dd1387de1130400,2026-07-11,251,276359343,0.144,,
approach,우유먹는원기,40628316b1c492bd5dd1387de1130400,2026-07-12,251,276359343,0.144,2297355,
approach,설리a,dbd158ccf92ff709820e4f88103aabf2efe8d04e6d233bd35cf2fabdeb93fb0d,2026-06-18,251,284838465,0.148,460013,
approach,설리a,dbd158ccf92ff709820e4f88103aabf2efe8d04e6d233bd35cf2fabdeb93fb0d,2026-06-19,251,284838465,0.148,,
approach,설리a,dbd158ccf92ff709820e4f88103aabf2efe8d04e6d233bd35cf2fabdeb93fb0d,2026-06-20,251,284838465,0.148,,
approach,설리a,dbd158ccf92ff709820e4f88103aabf2efe8d04e6d233bd35cf2fabdeb93fb0d,2026-06-21,251,284838465,0.148,,
approach,설리a,dbd158ccf92ff709820e4f88103aabf2efe8d04e6d233bd35cf2fabdeb93fb0d,2026-06-22,251,284838465,0.148,,
approach,설리a,dbd158ccf92ff709820e4f88103aabf2efe8d04e6d233bd35cf2fabdeb93fb0d,2026-06-23,251,284838465,0.148,,
approach,설리a,dbd158ccf92ff709820e4f88103aabf2efe8d04e6d233bd35cf2fabdeb93fb0d,2026-06-24,251,284838465,0.148,,
approach,설리a,dbd158ccf92ff709820e4f88103aabf2efe8d04e6d233bd35cf2fabdeb93fb0d,2026-06-25,251,284838465,0.148,,
approach,설리a,dbd158ccf92ff709820e4f88103aabf2efe8d04e6d233bd35cf2fabdeb93fb0d,2026-06-26,251,284838465,0.148,460013,
approach,설리a,dbd158ccf92ff709820e4f88103aabf2efe8d04e6d233bd35cf2fabdeb93fb0d,2026-06-27,251,284838465,0.148,,
approach,설리a,dbd158ccf92ff709820e4f88103aabf2efe8d04e6d233bd35cf2fabdeb93fb0d,2026-06-28,251,284838465,0.148,,
approach,설리a,dbd158ccf92ff709820e4f88103aabf2efe8d04e6d233bd35cf2fabdeb93fb0d,2026-06-29,251,284838465,0.148,,
approach,설리a,dbd158ccf92ff709820e4f88103aabf2efe8d04e6d233bd35cf2fabdeb93fb0d,2026-06-30,251,284838465,0.148,,
approach,설리a,dbd158ccf92ff709820e4f88103aabf2efe8d04e6d233bd35cf2fabdeb93fb0d,2026-07-01,251,284838465,0.148,,
approach,설리a,dbd158ccf92ff709820e4f88103aabf2efe8d04e6d233bd35cf2fabdeb93fb0d,2026-07-02,251,284838465,0.148,,
approach,설리a,dbd158ccf92ff709820e4f88103aabf2efe8d04e6d233bd35cf2fabdeb93fb0d,2026-07-03,251,284838465,0.148,,
approach,설리a,dbd158ccf92ff709820e4f88103aabf2efe8d04e6d233bd35cf2fabdeb93fb0d,2026-07-04,251,284838465,0.148,460013,
approach,설리a,dbd158ccf92ff709820e4f88103aabf2efe8d04e6d233bd35cf2fabdeb93fb0d,2026-07-05,251,284838465,0.148,,
approach,설리a,dbd158ccf92ff709820e4f88103aabf2efe8d04e6d233bd35cf2fabdeb93fb0d,2026-07-06,251,284838465,0.148,,
approach,설리a,dbd158ccf92ff709820e4f88103aabf2efe8d04e6d233bd35cf2fabdeb93fb0d,2026-07-07,251,284838465,0.148,,
approach,설리a,dbd158ccf92ff709820e4f88103aabf2efe8d04e6d233bd35cf2fabdeb93fb0d,2026-07-08,251,284838465,0.148,,
approach,설리a,dbd158ccf92ff709820e4f88103aabf2efe8d04e6d233bd35cf2fabdeb93fb0d,2026-07-09,251,284838465,0.148,,
approach,설리a,dbd158ccf92ff709820e4f88103aabf2efe8d04e6d233bd35cf2fabdeb93fb0d,2026-07-10,251,284838465,0.148,,
approach,설리a,dbd158ccf92ff709820e4f88103aabf2efe8d04e6d233bd35cf2fabdeb93fb0d,2026-07-11,251,284838465,0.148,,
approach,설리a,dbd158ccf92ff709820e4f88103aabf2efe8d04e6d233bd35cf2fabdeb93fb0d,2026-07-12,251,284838465,0.148,460013,
approach,반갑너구리면,3e45f9fff9fc1abf962dde2f5cebc9bd,2026-06-18,251,315153031,0.164,200,
approach,반갑너구리면,3e45f9fff9fc1abf962dde2f5cebc9bd,2026-06-19,251,315153031,0.164,,
approach,반갑너구리면,3e45f9fff9fc1abf962dde2f5cebc9bd,2026-06-20,251,315153031,0.164,,
approach,반갑너구리면,3e45f9fff9fc1abf962dde2f5cebc9bd,2026-06-21,251,315153031,0.164,,
approach,반갑너구리면,3e45f9fff9fc1abf962dde2f5cebc9bd,2026-06-22,251,315153031,0.164,,
approach,반갑너구리면,3e45f9fff9fc1abf962dde2f5cebc9bd,2026-06-23,251,315153031,0.164,,
approach,반갑너구리면,3e45f9fff9fc1abf962dde2f5cebc9bd,2026-06-24,251,315153031,0.164,,
approach,반갑너구리면,3e45f9fff9fc1abf962dde2f5cebc9bd,2026-06-25,251,315153031,0.164,,
approach,반갑너구리면,3e45f9fff9fc1abf962dde2f5cebc9bd,2026-06-26,251,315153031,0.164,200,
approach,반갑너구리면,3e45f9fff9fc1abf962dde2f5cebc9bd,2026-06-27,251,315153031,0.164,,
approach,반갑너구리면,3e45f9fff9fc1abf962dde2f5cebc9bd,2026-06-28,251,315153031,0.164,,
approach,반갑너구리면,3e45f9fff9fc1abf962dde2f5cebc9bd,2026-06-29,251,315153031,0.164,,
approach,반갑너구리면,3e45f9fff9fc1abf962dde2f5cebc9bd,2026-06-30,251,315153031,0.164,,
approach,반갑너구리면,3e45f9fff9fc1abf962dde2f5cebc9bd,2026-07-01,251,315153031,0.164,,
approach,반갑너구리면,3e45f9fff9fc1abf962dde2f5cebc9bd,2026-07-02,251,315153031,0.164,,
approach,반갑너구리면,3e45f9fff9fc1abf962dde2f5cebc9bd,2026-07-03,251,315153031,0.164,,
approach,반갑너구리면,3e45f9fff9fc1abf962dde2f5cebc9bd,2026-07-04,251,315153031,0.164,200,
approach,반갑너구리면,3e45f9fff9fc1abf962dde2f5cebc9bd,2026-07-05,251,315153031,0.164,,
approach,반갑너구리면,3e45f9fff9fc1abf962dde2f5cebc9bd,2026-07-06,251,315153031,0.164,,
approach,반갑너구리면,3e45f9fff9fc1abf962dde2f5cebc9bd,2026-07-07,251,315153031,0.164,,
approach,반갑너구리면,3e45f9fff9fc1abf962dde2f5cebc9bd,2026-07-08,251,315153031,0.164,,
approach,반갑너구리면,3e45f9fff9fc1abf962dde2f5cebc9bd,2026-07-09,251,315153031,0.164,,
approach,반갑너구리면,3e45f9fff9fc1abf962dde2f5cebc9bd,2026-07-10,251,315153031,0.164,,
approach,반갑너구리면,3e45f9fff9fc1abf962dde2f5cebc9bd,2026-07-11,251,315153031,0.164,,
approach,반갑너구리면,3e45f9fff9fc1abf962dde2f5cebc9bd,2026-07-12,251,315153031,0.164,200,
approach,아이유클이육,9b498645b9cbf2767c8f0c32c342309d,2026-06-18,251,215608638,0.112,0,
approach,아이유클이육,9b498645b9cbf2767c8f0c32c342309d,2026-06-19,251,215608638,0.112,,
approach,아이유클이육,9b498645b9cbf2767c8f0c32c342309d,2026-06-20,251,215608638,0.112,,
approach,아이유클이육,9b498645b9cbf2767c8f0c32c342309d,2026-06-21,251,215608638,0.112,,
approach,아이유클이육,9b498645b9cbf2767c8f0c32c342309d,2026-06-22,251,215608638,0.112,,
approach,아이유클이육,9b498645b9cbf2767c8f0c32c342309d,2026-06-23,251,215608638,0.112,,
approach,아이유클이육,9b498645b9cbf2767c8f0c32c342309d,2026-06-24,251,215608638,0.112,,
approach,아이유클이육,9b498645b9cbf2767c8f0c32c342309d,2026-06-25,251,215608638,0.112,,
approach,아이유클이육,9b498645b9cbf2767c8f0c32c342309d,2026-06-26,251,215608638,0.112,0,
approach,아이유클이육,9b498645b9cbf2767c8f0c32c342309d,2026-06-27,251,215608638,0.112,,
approach,아이유클이육,9b498645b9cbf2767c8f0c32c342309d,2026-06-28,251,215608638,0.112,,
approach,아이유클이육,9b498645b9cbf2767c8f0c32c342309d,2026-06-29,251,215608638,0.112,,
approach,아이유클이육,9b498645b9cbf2767c8f0c32c342309d,2026-06-30,251,215608638,0.112,,
approach,아이유클이육,9b498645b9cbf2767c8f0c32c342309d,2026-07-01,251,215608638,0.112,,
approach,아이유클이육,9b498645b9cbf2767c8f0c32c342309d,2026-07-02,251,215608638,0.112,,
approach,아이유클이육,9b498645b9cbf2767c8f0c32c342309d,2026-07-03,251,215608638,0.112,,
approach,아이유클이육,9b498645b9cbf2767c8f0c32c342309d,2026-07-04,251,215608638,0.112,0,
approach,아이유클이육,9b498645b9cbf2767c8f0c32c342309d,2026-07-05,251,215608638,0.112,,
approach,아이유클이육,9b498645b9cbf2767c8f0c32c342309d,2026-07-06,251,215608638,0.112,,
approach,아이유클이육,9b498645b9cbf2767c8f0c32c342309d,2026-07-07,251,215608638,0.112,,
approach,아이유클이육,9b498645b9cbf2767c8f0c32c342309d,2026-07-08,251,215608638,0.112,,
approach,아이유클이육,9b498645b9cbf2767c8f0c32c342309d,2026-07-09,251,215608638,0.112,,
approach,아이유클이육,9b498645b9cbf2767c8f0c32c342309d,2026-07-10,251,215608638,0.112,,
approach,아이유클이육,9b498645b9cbf2767c8f0c32c342309d,2026-07-11,251,215608638,0.112,,
approach,아이유클이육,9b498645b9cbf2767c8f0c32c342309d,2026-07-12,251,215608638,0.112,0,
approach,유무메카,152b48e72916a0840bb94839b919a2d1,2026-06-18,251,248126637,0.129,91672,
approach,유무메카,152b48e72916a0840bb94839b919a2d1,2026-06-19,251,248126637,0.129,,
approach,유무메카,152b48e72916a0840bb94839b919a2d1,2026-06-20,251,248126637,0.129,,
approach,유무메카,152b48e72916a0840bb94839b919a2d1,2026-06-21,251,248126637,0.129,,
approach,유무메카,152b48e72916a0840bb94839b919a2d1,2026-06-22,251,248126637,0.129,,
approach,유무메카,152b48e72916a0840bb94839b919a2d1,2026-06-23,251,248126637,0.129,,
approach,유무메카,152b48e72916a0840bb94839b919a2d1,2026-06-24,251,248126637,0.129,,
approach,유무메카,152b48e72916a0840bb94839b919a2d1,2026-06-25,251,248126637,0.129,,
approach,유무메카,152b48e72916a0840bb94839b919a2d1,2026-06-26,251,248126637,0.129,91672,
approach,유무메카,152b48e72916a0840bb94839b919a2d1,2026-06-27,251,248126637,0.129,,
approach,유무메카,152b48e72916a0840bb94839b919a2d1,2026-06-28,251,248126637,0.129,,
approach,유무메카,152b48e72916a0840bb94839b919a2d1,2026-06-29,251,248126637,0.129,,
approach,유무메카,152b48e72916a0840bb94839b919a2d1,2026-06-30,251,248126637,0.129,,
approach,유무메카,152b48e72916a0840bb94839b919a2d1,2026-07-01,251,248126637,0.129,,
approach,유무메카,152b48e72916a0840bb94839b919a2d1,2026-07-02,251,248126637,0.129,,
approach,유무메카,152b48e72916a0840bb94839b919a2d1,2026-07-03,251,248126637,0.129,,
approach,유무메카,152b48e72916a0840bb94839b919a2d1,2026-07-04,251,248126637,0.129,91672,
approach,유무메카,152b48e72916a0840bb94839b919a2d1,2026-07-05,251,248126637,0.129,,
approach,유무메카,152b48e72916a0840bb94839b919a2d1,2026-07-06,251,248126637,0.129,,
approach,유무메카,152b48e72916a0840bb94839b919a2d1,2026-07-07,251,248126637,0.129,,
approach,유무메카,152b48e72916a0840bb94839b919a2d1,2026-07-08,251,248126637,0.129,,
approach,유무메카,152b48e72916a0840bb94839b919a2d1,2026-07-09,251,248126637,0.129,,
approach,유무메카,152b48e72916a0840bb94839b919a2d1,2026-07-10,251,248126637,0.129,,
approach,유무메카,152b48e72916a0840bb94839b919a2d1,2026-07-11,251,248126637,0.129,,
approach,유무메카,152b48e72916a0840bb94839b919a2d1,2026-07-12,251,248126637,0.129,91672,
approach,나는환이당,509a79ef02dbc9a6159501e55f427c4a,2026-06-18,251,243920418,0.127,75021,
approach,나는환이당,509a79ef02dbc9a6159501e55f427c4a,2026-06-19,251,243920418,0.127,,
approach,나는환이당,509a79ef02dbc9a6159501e55f427c4a,2026-06-20,251,243920418,0.127,,
approach,나는환이당,509a79ef02dbc9a6159501e55f427c4a,2026-06-21,251,243920418,0.127,,
approach,나는환이당,509a79ef02dbc9a6159501e55f427c4a,2026-06-22,251,243920418,0.127,,
approach,나는환이당,509a79ef02dbc9a6159501e55f427c4a,2026-06-23,251,243920418,0.127,,
approach,나는환이당,509a79ef02dbc9a6159501e55f427c4a,2026-06-24,251,243920418,0.127,,
approach,나는환이당,509a79ef02dbc9a6159501e55f427c4a,2026-06-25,251,243920418,0.127,,
approach,나는환이당,509a79ef02dbc9a6159501e55f427c4a,2026-06-26,251,243920418,0.127,75021,
approach,나는환이당,509a79ef02dbc9a6159501e55f427c4a,2026-06-27,251,243920418,0.127,,
approach,나는환이당,509a79ef02dbc9a6159501e55f427c4a,2026-06-28,251,243920418,0.127,,
approach,나는환이당,509a79ef02dbc9a6159501e55f427c4a,2026-06-29,251,243920418,0.127,,
approach,나는환이당,509a79ef02dbc9a6159501e55f427c4a,2026-06-30,251,243920418,0.127,,
approach,나는환이당,509a79ef02dbc9a6159501e55f427c4a,2026-07-01,251,243920418,0.127,,
approach,나는환이당,509a79ef02dbc9a6159501e55f427c4a,2026-07-02,251,243920418,0.127,,
approach,나는환이당,509a79ef02dbc9a6159501e55f427c4a,2026-07-03,251,243920418,0.127,,
approach,나는환이당,509a79ef02dbc9a6159501e55f427c4a,2026-07-04,251,243920418,0.127,75021,
approach,나는환이당,509a79ef02dbc9a6159501e55f427c4a,2026-07-05,251,243920418,0.127,,
approach,나는환이당,509a79ef02dbc9a6159501e55f427c4a,2026-07-06,251,243920418,0.127,,
approach,나는환이당,509a79ef02dbc9a6159501e55f427c4a,2026-07-07,251,243920418,0.127,,
approach,나는환이당,509a79ef02dbc9a6159501e55f427c4a,2026-07-08,251,243920418,0.127,,
approach,나는환이당,509a79ef02dbc9a6159501e55f427c4a,2026-07-09,251,243920418,0.127,,
approach,나는환이당,509a79ef02dbc9a6159501e55f427c4a,2026-07-10,251,243920418,0.127,,
approach,나는환이당,509a79ef02dbc9a6159501e55f427c4a,2026-07-11,251,243920418,0.127,,
approach,나는환이당,509a79ef02dbc9a6159501e55f427c4a,2026-07-12,251,243920418,0.127,75021,
approach,솥나하기싫어,11cf30820abb365c9d0e5b5be13798c4efe8d04e6d233bd35cf2fabdeb93fb0d,2026-06-18,251,256614257,0.134,29554,
approach,솥나하기싫어,11cf30820abb365c9d0e5b5be13798c4efe8d04e6d233bd35cf2fabdeb93fb0d,2026-06-19,251,256614257,0.134,,
approach,솥나하기싫어,11cf30820abb365c9d0e5b5be13798c4efe8d04e6d233bd35cf2fabdeb93fb0d,2026-06-20,251,256614257,0.134,,
approach,솥나하기싫어,11cf30820abb365c9d0e5b5be13798c4efe8d04e6d233bd35cf2fabdeb93fb0d,2026-06-21,251,256614257,0.134,,
approach,솥나하기싫어,11cf30820abb365c9d0e5b5be13798c4efe8d04e6d233bd35cf2fabdeb93fb0d,2026-06-22,251,256614257,0.134,,
approach,솥나하기싫어,11cf30820abb365c9d0e5b5be13798c4efe8d04e6d233bd35cf2fabdeb93fb0d,2026-06-23,251,256614257,0.134,,
approach,솥나하기싫어,11cf30820abb365c9d0e5b5be13798c4efe8d04e6d233bd35cf2fabdeb93fb0d,2026-06-24,251,256614257,0.134,,
approach,솥나하기싫어,11cf30820abb365c9d0e5b5be13798c4efe8d04e6d233bd35cf2fabdeb93fb0d,2026-06-25,251,256614257,0.134,,
approach,솥나하기싫어,11cf30820abb365c9d0e5b5be13798c4efe8d04e6d233bd35cf2fabdeb93fb0d,2026-06-26,251,256614257,0.134,29554,
approach,솥나하기싫어,11cf30820abb365c9d0e5b5be13798c4efe8d04e6d233bd35cf2fabdeb93fb0d,2026-06-27,251,256614257,0.134,,
approach,솥나하기싫어,11cf30820abb365c9d0e5b5be13798c4efe8d04e6d233bd35cf2fabdeb93fb0d,2026-06-28,251,256614257,0.134,,
approach,솥나하기싫어,11cf30820abb365c9d0e5b5be13798c4efe8d04e6d233bd35cf2fabdeb93fb0d,2026-06-29,251,256614257,0.134,,
approach,솥나하기싫어,11cf30820abb365c9d0e5b5be13798c4efe8d04e6d233bd35cf2fabdeb93fb0d,2026-06-30,251,256614257,0.134,,
approach,솥나하기싫어,11cf30820abb365c9d0e5b5be13798c4efe8d04e6d233bd35cf2fabdeb93fb0d,2026-07-01,251,256614257,0.134,,
approach,솥나하기싫어,11cf30820abb365c9d0e5b5be13798c4efe8d04e6d233bd35cf2fabdeb93fb0d,2026-07-02,251,256614257,0.134,,
approach,솥나하기싫어,11cf30820abb365c9d0e5b5be13798c4efe8d04e6d233bd35cf2fabdeb93fb0d,2026-07-03,251,256614257,0.134,,
approach,솥나하기싫어,11cf30820abb365c9d0e5b5be13798c4efe8d04e6d233bd35cf2fabdeb93fb0d,2026-07-04,251,256614257,0.134,29554,
approach,솥나하기싫어,11cf30820abb365c9d0e5b5be13798c4efe8d04e6d233bd35cf2fabdeb93fb0d,2026-07-05,251,256614257,0.134,,
approach,솥나하기싫어,11cf30820abb365c9d0e5b5be13798c4efe8d04e6d233bd35cf2fabdeb93fb0d,2026-07-06,251,256614257,0.134,,
approach,솥나하기싫어,11cf30820abb365c9d0e5b5be13798c4efe8d04e6d233bd35cf2fabdeb93fb0d,2026-07-07,251,256614257,0.134,,
approach,솥나하기싫어,11cf30820abb365c9d0e5b5be13798c4efe8d04e6d233bd35cf2fabdeb93fb0d,2026-07-08,251,256614257,0.134,,
approach,솥나하기싫어,11cf30820abb365c9d0e5b5be13798c4efe8d04e6d233bd35cf2fabdeb93fb0d,2026-07-09,251,256614257,0.134,,
approach,솥나하기싫어,11cf30820abb365c9d0e5b5be13798c4efe8d04e6d233bd35cf2fabdeb93fb0d,2026-07-10,251,256614257,0.134,,
approach,솥나하기싫어,11cf30820abb365c9d0e5b5be13798c4efe8d04e6d233bd35cf2fabdeb93fb0d,2026-07-11,251,256614257,0.134,,
approach,솥나하기싫어,11cf30820abb365c9d0e5b5be13798c4efe8d04e6d233bd35cf2fabdeb93fb0d,2026-07-12,251,256614257,0.134,29554,
approach,감만삭,ad9f8440907cd22bb3d81ff30d9926fa,2026-06-18,251,273101883,0.142,477,
approach,감만삭,ad9f8440907cd22bb3d81ff30d9926fa,2026-06-19,251,273101883,0.142,,
approach,감만삭,ad9f8440907cd22bb3d81ff30d9926fa,2026-06-20,251,273101883,0.142,,
approach,감만삭,ad9f8440907cd22bb3d81ff30d9926fa,2026-06-21,251,273101883,0.142,,
approach,감만삭,ad9f8440907cd22bb3d81ff30d9926fa,2026-06-22,251,273101883,0.142,,
approach,감만삭,ad9f8440907cd22bb3d81ff30d9926fa,2026-06-23,251,273101883,0.142,,
approach,감만삭,ad9f8440907cd22bb3d81ff30d9926fa,2026-06-24,251,273101883,0.142,,
approach,감만삭,ad9f8440907cd22bb3d81ff30d9926fa,2026-06-25,251,273101883,0.142,,
approach,감만삭,ad9f8440907cd22bb3d81ff30d9926fa,2026-06-26,251,273101883,0.142,477,
approach,감만삭,ad9f8440907cd22bb3d81ff30d9926fa,2026-06-27,251,273101883,0.142,,
approach,감만삭,ad9f8440907cd22bb3d81ff30d9926fa,2026-06-28,251,273101883,0.142,,
approach,감만삭,ad9f8440907cd22bb3d81ff30d9926fa,2026-06-29,251,273101883,0.142,,
approach,감만삭,ad9f8440907cd22bb3d81ff30d9926fa,2026-06-30,251,273101883,0.142,,
approach,감만삭,ad9f8440907cd22bb3d81ff30d9926fa,2026-07-01,251,273101883,0.142,,
approach,감만삭,ad9f8440907cd22bb3d81ff30d9926fa,2026-07-02,251,273101883,0.142,,
approach,감만삭,ad9f8440907cd22bb3d81ff30d9926fa,2026-07-03,251,273101883,0.142,,
approach,감만삭,ad9f8440907cd22bb3d81ff30d9926fa,2026-07-04,251,273101883,0.142,477,
approach,감만삭,ad9f8440907cd22bb3d81ff30d9926fa,2026-07-05,251,273101883,0.142,,
approach,감만삭,ad9f8440907cd22bb3d81ff30d9926fa,2026-07-06,251,273101883,0.142,,
approach,감만삭,ad9f8440907cd22bb3d81ff30d9926fa,2026-07-07,251,273101883,0.142,,
approach,감만삭,ad9f8440907cd22bb3d81ff30d9926fa,2026-07-08,251,273101883,0.142,,
approach,감만삭,ad9f8440907cd22bb3d81ff30d9926fa,2026-07-09,251,273101883,0.142,,
approach,감만삭,ad9f8440907cd22bb3d81ff30d9926fa,2026-07-10,251,273101883,0.142,,
approach,감만삭,ad9f8440907cd22bb3d81ff30d9926fa,2026-07-11,251,273101883,0.142,,
approach,감만삭,ad9f8440907cd22bb3d81ff30d9926fa,2026-07-12,251,273101883,0.142,477,
approach,링크35124123,43ad00f5bbd2053d4f7f77f14a8822aa,2026-06-18,251,313579655,0.163,173973,
approach,링크35124123,43ad00f5bbd2053d4f7f77f14a8822aa,2026-06-19,251,313579655,0.163,,
approach,링크35124123,43ad00f5bbd2053d4f7f77f14a8822aa,2026-06-20,251,313579655,0.163,,
approach,링크35124123,43ad00f5bbd2053d4f7f77f14a8822aa,2026-06-21,251,313579655,0.163,,
approach,링크35124123,43ad00f5bbd2053d4f7f77f14a8822aa,2026-06-22,251,313579655,0.163,,
approach,링크35124123,43ad00f5bbd2053d4f7f77f14a8822aa,2026-06-23,251,313579655,0.163,,
approach,링크35124123,43ad00f5bbd2053d4f7f77f14a8822aa,2026-06-24,251,313579655,0.163,,
approach,링크35124123,43ad00f5bbd2053d4f7f77f14a8822aa,2026-06-25,251,313579655,0.163,,
approach,링크35124123,43ad00f5bbd2053d4f7f77f14a8822aa,2026-06-26,251,313579655,0.163,173973,
approach,링크35124123,43ad00f5bbd2053d4f7f77f14a8822aa,2026-06-27,251,313579655,0.163,,
approach,링크35124123,43ad00f5bbd2053d4f7f77f14a8822aa,2026-06-28,251,313579655,0.163,,
approach,링크35124123,43ad00f5bbd2053d4f7f77f14a8822aa,2026-06-29,251,313579655,0.163,,
approach,링크35124123,43ad00f5bbd2053d4f7f77f14a8822aa,2026-06-30,251,313579655,0.163,,
approach,링크35124123,43ad00f5bbd2053d4f7f77f14a8822aa,2026-07-01,251,313579655,0.163,,
approach,링크35124123,43ad00f5bbd2053d4f7f77f14a8822aa,2026-07-02,251,313579655,0.163,,
approach,링크35124123,43ad00f5bbd2053d4f7f77f14a8822aa,2026-07-03,251,313579655,0.163,,
approach,링크35124123,43ad00f5bbd2053d4f7f77f14a8822aa,2026-07-04,251,313579655,0.163,173973,
approach,링크35124123,43ad00f5bbd2053d4f7f77f14a8822aa,2026-07-05,251,313579655,0.163,,
approach,링크35124123,43ad00f5bbd2053d4f7f77f14a8822aa,2026-07-06,251,313579655,0.163,,
approach,링크35124123,43ad00f5bbd2053d4f7f77f14a8822aa,2026-07-07,251,313579655,0.163,,
approach,링크35124123,43ad00f5bbd2053d4f7f77f14a8822aa,2026-07-08,251,313579655,0.163,,
approach,링크35124123,43ad00f5bbd2053d4f7f77f14a8822aa,2026-07-09,251,313579655,0.163,,
approach,링크35124123,43ad00f5bbd2053d4f7f77f14a8822aa,2026-07-10,251,313579655,0.163,,
approach,링크35124123,43ad00f5bbd2053d4f7f77f14a8822aa,2026-07-11,251,313579655,0.163,,
approach,링크35124123,43ad00f5bbd2053d4f7f77f14a8822aa,2026-07-12,251,313579655,0.163,173973,
approach,무자비한배찌,23c24b91787501cb8f38b861ef954724,2026-06-18,251,217661967,0.113,229346,
approach,무자비한배찌,23c24b91787501cb8f38b861ef954724,2026-06-19,251,217661967,0.113,,
approach,무자비한배찌,23c24b91787501cb8f38b861ef954724,2026-06-20,251,217661967,0.113,,
approach,무자비한배찌,23c24b91787501cb8f38b861ef954724,2026-06-21,251,217661967,0.113,,
approach,무자비한배찌,23c24b91787501cb8f38b861ef954724,2026-06-22,251,217661967,0.113,,
approach,무자비한배찌,23c24b91787501cb8f38b861ef954724,2026-06-23,251,217661967,0.113,,
approach,무자비한배찌,23c24b91787501cb8f38b861ef954724,2026-06-24,251,217661967,0.113,,
approach,무자비한배찌,23c24b91787501cb8f38b861ef954724,2026-06-25,251,217661967,0.113,,
approach,무자비한배찌,23c24b91787501cb8f38b861ef954724,2026-06-26,251,217661967,0.113,229346,
approach,무자비한배찌,23c24b91787501cb8f38b861ef954724,2026-06-27,251,217661967,0.113,,
approach,무자비한배찌,23c24b91787501cb8f38b861ef954724,2026-06-28,251,217661967,0.113,,
approach,무자비한배찌,23c24b91787501cb8f38b861ef954724,2026-06-29,251,217661967,0.113,,
approach,무자비한배찌,23c24b91787501cb8f38b861ef954724,2026-06-30,251,217661967,0.113,,
approach,무자비한배찌,23c24b91787501cb8f38b861ef954724,2026-07-01,251,217661967,0.113,,
approach,무자비한배찌,23c24b91787501cb8f38b861ef954724,2026-07-02,251,217661967,0.113,,
approach,무자비한배찌,23c24b91787501cb8f38b861ef954724,2026-07-03,251,217661967,0.113,,
approach,무자비한배찌,23c24b91787501cb8f38b861ef954724,2026-07-04,251,217661967,0.113,229346,
approach,무자비한배찌,23c24b91787501cb8f38b861ef954724,2026-07-05,251,217661967,0.113,,
approach,무자비한배찌,23c24b91787501cb8f38b861ef954724,2026-07-06,251,217661967,0.113,,
approach,무자비한배찌,23c24b91787501cb8f38b861ef954724,2026-07-07,251,217661967,0.113,,
approach,무자비한배찌,23c24b91787501cb8f38b861ef954724,2026-07-08,251,217661967,0.113,,
approach,무자비한배찌,23c24b91787501cb8f38b861ef954724,2026-07-09,251,217661967,0.113,,
approach,무자비한배찌,23c24b91787501cb8f38b861ef954724,2026-07-10,251,217661967,0.113,,
approach,무자비한배찌,23c24b91787501cb8f38b861ef954724,2026-07-11,251,217661967,0.113,,
approach,무자비한배찌,23c24b91787501cb8f38b861ef954724,2026-07-12,251,217661967,0.113,229346,
approach,아오하기싫오,01ecc3fb806a7d506305bf9f32648fb3,2026-06-18,251,305718429,0.159,160117,
approach,아오하기싫오,01ecc3fb806a7d506305bf9f32648fb3,2026-06-19,251,305718429,0.159,,
approach,아오하기싫오,01ecc3fb806a7d506305bf9f32648fb3,2026-06-20,251,305718429,0.159,,
approach,아오하기싫오,01ecc3fb806a7d506305bf9f32648fb3,2026-06-21,251,305718429,0.159,,
approach,아오하기싫오,01ecc3fb806a7d506305bf9f32648fb3,2026-06-22,251,305718429,0.159,,
approach,아오하기싫오,01ecc3fb806a7d506305bf9f32648fb3,2026-06-23,251,305718429,0.159,,
approach,아오하기싫오,01ecc3fb806a7d506305bf9f32648fb3,2026-06-24,251,305718429,0.159,,
approach,아오하기싫오,01ecc3fb806a7d506305bf9f32648fb3,2026-06-25,251,305718429,0.159,,
approach,아오하기싫오,01ecc3fb806a7d506305bf9f32648fb3,2026-06-26,251,305718429,0.159,160117,
approach,아오하기싫오,01ecc3fb806a7d506305bf9f32648fb3,2026-06-27,251,305718429,0.159,,
approach,아오하기싫오,01ecc3fb806a7d506305bf9f32648fb3,2026-06-28,251,305718429,0.159,,
approach,아오하기싫오,01ecc3fb806a7d506305bf9f32648fb3,2026-06-29,251,305718429,0.159,,
approach,아오하기싫오,01ecc3fb806a7d506305bf9f32648fb3,2026-06-30,251,305718429,0.159,,
approach,아오하기싫오,01ecc3fb806a7d506305bf9f32648fb3,2026-07-01,251,305718429,0.159,,
approach,아오하기싫오,01ecc3fb806a7d506305bf9f32648fb3,2026-07-02,251,305718429,0.159,,
approach,아오하기싫오,01ecc3fb806a7d506305bf9f32648fb3,2026-07-03,251,305718429,0.159,,
approach,아오하기싫오,01ecc3fb806a7d506305bf9f32648fb3,2026-07-04,251,305718429,0.159,160117,
approach,아오하기싫오,01ecc3fb806a7d506305bf9f32648fb3,2026-07-05,251,305718429,0.159,,
approach,아오하기싫오,01ecc3fb806a7d506305bf9f32648fb3,2026-07-06,251,305718429,0.159,,
approach,아오하기싫오,01ecc3fb806a7d506305bf9f32648fb3,2026-07-07,251,305718429,0.159,,
approach,아오하기싫오,01ecc3fb806a7d506305bf9f32648fb3,2026-07-08,251,305718429,0.159,,
approach,아오하기싫오,01ecc3fb806a7d506305bf9f32648fb3,2026-07-09,251,305718429,0.159,,
approach,아오하기싫오,01ecc3fb806a7d506305bf9f32648fb3,2026-07-10,251,305718429,0.159,,
approach,아오하기싫오,01ecc3fb806a7d506305bf9f32648fb3,2026-07-11,251,305718429,0.159,,
approach,아오하기싫오,01ecc3fb806a7d506305bf9f32648fb3,2026-07-12,251,305718429,0.159,160117,
approach,1211자,8627aedc2f39db5d19eec1e64fc7157d,2026-06-18,251,251915590,0.131,116044,
approach,1211자,8627aedc2f39db5d19eec1e64fc7157d,2026-06-19,251,251915590,0.131,,
approach,1211자,8627aedc2f39db5d19eec1e64fc7157d,2026-06-20,251,251915590,0.131,,
approach,1211자,8627aedc2f39db5d19eec1e64fc7157d,2026-06-21,251,251915590,0.131,,
approach,1211자,8627aedc2f39db5d19eec1e64fc7157d,2026-06-22,251,251915590,0.131,,
approach,1211자,8627aedc2f39db5d19eec1e64fc7157d,2026-06-23,251,251915590,0.131,,
approach,1211자,8627aedc2f39db5d19eec1e64fc7157d,2026-06-24,251,251915590,0.131,,
approach,1211자,8627aedc2f39db5d19eec1e64fc7157d,2026-06-25,251,251915590,0.131,,
approach,1211자,8627aedc2f39db5d19eec1e64fc7157d,2026-06-26,251,251915590,0.131,116044,
approach,1211자,8627aedc2f39db5d19eec1e64fc7157d,2026-06-27,251,251915590,0.131,,
approach,1211자,8627aedc2f39db5d19eec1e64fc7157d,2026-06-28,251,251915590,0.131,,
approach,1211자,8627aedc2f39db5d19eec1e64fc7157d,2026-06-29,251,251915590,0.131,,
approach,1211자,8627aedc2f39db5d19eec1e64fc7157d,2026-06-30,251,251915590,0.131,,
approach,1211자,8627aedc2f39db5d19eec1e64fc7157d,2026-07-01,251,251915590,0.131,,
approach,1211자,8627aedc2f39db5d19eec1e64fc7157d,2026-07-02,251,251915590,0.131,,
approach,1211자,8627aedc2f39db5d19eec1e64fc7157d,2026-07-03,251,251915590,0.131,,
approach,1211자,8627aedc2f39db5d19eec1e64fc7157d,2026-07-04,251,251915590,0.131,116044,
approach,1211자,8627aedc2f39db5d19eec1e64fc7157d,2026-07-05,251,251915590,0.131,,
approach,1211자,8627aedc2f39db5d19eec1e64fc7157d,2026-07-06,251,251915590,0.131,,
approach,1211자,8627aedc2f39db5d19eec1e64fc7157d,2026-07-07,251,251915590,0.131,,
approach,1211자,8627aedc2f39db5d19eec1e64fc7157d,2026-07-08,251,251915590,0.131,,
approach,1211자,8627aedc2f39db5d19eec1e64fc7157d,2026-07-09,251,251915590,0.131,,
approach,1211자,8627aedc2f39db5d19eec1e64fc7157d,2026-07-10,251,251915590,0.131,,
approach,1211자,8627aedc2f39db5d19eec1e64fc7157d,2026-07-11,251,251915590,0.131,,
approach,1211자,8627aedc2f39db5d19eec1e64fc7157d,2026-07-12,251,251915590,0.131,116044,
approach,로마정,a340605c918ec73da4494caaf0529ab0efe8d04e6d233bd35cf2fabdeb93fb0d,2026-06-18,251,297479689,0.155,416410,
approach,로마정,a340605c918ec73da4494caaf0529ab0efe8d04e6d233bd35cf2fabdeb93fb0d,2026-06-19,251,297479689,0.155,,
approach,로마정,a340605c918ec73da4494caaf0529ab0efe8d04e6d233bd35cf2fabdeb93fb0d,2026-06-20,251,297479689,0.155,,
approach,로마정,a340605c918ec73da4494caaf0529ab0efe8d04e6d233bd35cf2fabdeb93fb0d,2026-06-21,251,297479689,0.155,,
approach,로마정,a340605c918ec73da4494caaf0529ab0efe8d04e6d233bd35cf2fabdeb93fb0d,2026-06-22,251,297479689,0.155,,
approach,로마정,a340605c918ec73da4494caaf0529ab0efe8d04e6d233bd35cf2fabdeb93fb0d,2026-06-23,251,297479689,0.155,,
approach,로마정,a340605c918ec73da4494caaf0529ab0efe8d04e6d233bd35cf2fabdeb93fb0d,2026-06-24,251,297479689,0.155,,
approach,로마정,a340605c918ec73da4494caaf0529ab0efe8d04e6d233bd35cf2fabdeb93fb0d,2026-06-25,251,297479689,0.155,,
approach,로마정,a340605c918ec73da4494caaf0529ab0efe8d04e6d233bd35cf2fabdeb93fb0d,2026-06-26,251,297479689,0.155,416410,
approach,로마정,a340605c918ec73da4494caaf0529ab0efe8d04e6d233bd35cf2fabdeb93fb0d,2026-06-27,251,297479689,0.155,,
approach,로마정,a340605c918ec73da4494caaf0529ab0efe8d04e6d233bd35cf2fabdeb93fb0d,2026-06-28,251,297479689,0.155,,
approach,로마정,a340605c918ec73da4494caaf0529ab0efe8d04e6d233bd35cf2fabdeb93fb0d,2026-06-29,251,297479689,0.155,,
approach,로마정,a340605c918ec73da4494caaf0529ab0efe8d04e6d233bd35cf2fabdeb93fb0d,2026-06-30,251,297479689,0.155,,
approach,로마정,a340605c918ec73da4494caaf0529ab0efe8d04e6d233bd35cf2fabdeb93fb0d,2026-07-01,251,297479689,0.155,,
approach,로마정,a340605c918ec73da4494caaf0529ab0efe8d04e6d233bd35cf2fabdeb93fb0d,2026-07-02,251,297479689,0.155,,
approach,로마정,a340605c918ec73da4494caaf0529ab0efe8d04e6d233bd35cf2fabdeb93fb0d,2026-07-03,251,297479689,0.155,,
approach,로마정,a340605c918ec73da4494caaf0529ab0efe8d04e6d233bd35cf2fabdeb93fb0d,2026-07-04,251,297479689,0.155,416410,
approach,로마정,a340605c918ec73da4494caaf0529ab0efe8d04e6d233bd35cf2fabdeb93fb0d,2026-07-05,251,297479689,0.155,,
approach,로마정,a340605c918ec73da4494caaf0529ab0efe8d04e6d233bd35cf2fabdeb93fb0d,2026-07-06,251,297479689,0.155,,
approach,로마정,a340605c918ec73da4494caaf0529ab0efe8d04e6d233bd35cf2fabdeb93fb0d,2026-07-07,251,297479689,0.155,,
approach,로마정,a340605c918ec73da4494caaf0529ab0efe8d04e6d233bd35cf2fabdeb93fb0d,2026-07-08,251,297479689,0.155,,
approach,로마정,a340605c918ec73da4494caaf0529ab0efe8d04e6d233bd35cf2fabdeb93fb0d,2026-07-09,251,297479689,0.155,,
approach,로마정,a340605c918ec73da4494caaf0529ab0efe8d04e6d233bd35cf2fabdeb93fb0d,2026-07-10,251,297479689,0.155,,
approach,로마정,a340605c918ec73da4494caaf0529ab0efe8d04e6d233bd35cf2fabdeb93fb0d,2026-07-11,251,297479689,0.155,,
approach,로마정,a340605c918ec73da4494caaf0529ab0efe8d04e6d233bd35cf2fabdeb93fb0d,2026-07-12,251,297479689,0.155,416410,
approach,짹멕,920e7e7d6e0aaaf2c4fb90c6158074ee,2026-06-18,251,282995457,0.147,70087,
approach,짹멕,920e7e7d6e0aaaf2c4fb90c6158074ee,2026-06-19,251,282995457,0.147,,
approach,짹멕,920e7e7d6e0aaaf2c4fb90c6158074ee,2026-06-20,251,282995457,0.147,,
approach,짹멕,920e7e7d6e0aaaf2c4fb90c6158074ee,2026-06-21,251,282995457,0.147,,
approach,짹멕,920e7e7d6e0aaaf2c4fb90c6158074ee,2026-06-22,251,282995457,0.147,,
approach,짹멕,920e7e7d6e0aaaf2c4fb90c6158074ee,2026-06-23,251,282995457,0.147,,
approach,짹멕,920e7e7d6e0aaaf2c4fb90c6158074ee,2026-06-24,251,282995457,0.147,,
approach,짹멕,920e7e7d6e0aaaf2c4fb90c6158074ee,2026-06-25,251,282995457,0.147,,
approach,짹멕,920e7e7d6e0aaaf2c4fb90c6158074ee,2026-06-26,251,282995457,0.147,70087,
approach,짹멕,920e7e7d6e0aaaf2c4fb90c6158074ee,2026-06-27,251,282995457,0.147,,
approach,짹멕,920e7e7d6e0aaaf2c4fb90c6158074ee,2026-06-28,251,282995457,0.147,,
approach,짹멕,920e7e7d6e0aaaf2c4fb90c6158074ee,2026-06-29,251,282995457,0.147,,
approach,짹멕,920e7e7d6e0aaaf2c4fb90c6158074ee,2026-06-30,251,282995457,0.147,,
approach,짹멕,920e7e7d6e0aaaf2c4fb90c6158074ee,2026-07-01,251,282995457,0.147,,
approach,짹멕,920e7e7d6e0aaaf2c4fb90c6158074ee,2026-07-02,251,282995457,0.147,,
approach,짹멕,920e7e7d6e0aaaf2c4fb90c6158074ee,2026-07-03,251,282995457,0.147,,
approach,짹멕,920e7e7d6e0aaaf2c4fb90c6158074ee,2026-07-04,251,282995457,0.147,70087,
approach,짹멕,920e7e7d6e0aaaf2c4fb90c6158074ee,2026-07-05,251,282995457,0.147,,
approach,짹멕,920e7e7d6e0aaaf2c4fb90c6158074ee,2026-07-06,251,282995457,0.147,,
approach,짹멕,920e7e7d6e0aaaf2c4fb90c6158074ee,2026-07-07,251,282995457,0.147,,
approach,짹멕,920e7e7d6e0aaaf2c4fb90c6158074ee,2026-07-08,251,282995457,0.147,,
approach,짹멕,920e7e7d6e0aaaf2c4fb90c6158074ee,2026-07-09,251,282995457,0.147,,
approach,짹멕,920e7e7d6e0aaaf2c4fb90c6158074ee,2026-07-10,251,282995457,0.147,,
approach,짹멕,920e7e7d6e0aaaf2c4fb90c6158074ee,2026-07-11,251,282995457,0.147,,
approach,짹멕,920e7e7d6e0aaaf2c4fb90c6158074ee,2026-07-12,251,282995457,0.147,70087,
approach,망치쾅팡,f444fab0b84a1418b12fa2810b31d329,2026-06-18,251,215492307,0.112,3493994,
approach,망치쾅팡,f444fab0b84a1418b12fa2810b31d329,2026-06-19,251,215492307,0.112,,
approach,망치쾅팡,f444fab0b84a1418b12fa2810b31d329,2026-06-20,251,215492307,0.112,,
approach,망치쾅팡,f444fab0b84a1418b12fa2810b31d329,2026-06-21,251,215492307,0.112,,
approach,망치쾅팡,f444fab0b84a1418b12fa2810b31d329,2026-06-22,251,215492307,0.112,,
approach,망치쾅팡,f444fab0b84a1418b12fa2810b31d329,2026-06-23,251,215492307,0.112,,
approach,망치쾅팡,f444fab0b84a1418b12fa2810b31d329,2026-06-24,251,215492307,0.112,,
approach,망치쾅팡,f444fab0b84a1418b12fa2810b31d329,2026-06-25,251,215492307,0.112,,
approach,망치쾅팡,f444fab0b84a1418b12fa2810b31d329,2026-06-26,251,215492307,0.112,3493994,
approach,망치쾅팡,f444fab0b84a1418b12fa2810b31d329,2026-06-27,251,215492307,0.112,,
approach,망치쾅팡,f444fab0b84a1418b12fa2810b31d329,2026-06-28,251,215492307,0.112,,
approach,망치쾅팡,f444fab0b84a1418b12fa2810b31d329,2026-06-29,251,215492307,0.112,,
approach,망치쾅팡,f444fab0b84a1418b12fa2810b31d329,2026-06-30,251,215492307,0.112,,
approach,망치쾅팡,f444fab0b84a1418b12fa2810b31d329,2026-07-01,251,215492307,0.112,,
approach,망치쾅팡,f444fab0b84a1418b12fa2810b31d329,2026-07-02,251,215492307,0.112,,
approach,망치쾅팡,f444fab0b84a1418b12fa2810b31d329,2026-07-03,251,215492307,0.112,,
approach,망치쾅팡,f444fab0b84a1418b12fa2810b31d329,2026-07-04,251,215492307,0.112,3493994,
approach,망치쾅팡,f444fab0b84a1418b12fa2810b31d329,2026-07-05,251,215492307,0.112,,
approach,망치쾅팡,f444fab0b84a1418b12fa2810b31d329,2026-07-06,251,215492307,0.112,,
approach,망치쾅팡,f444fab0b84a1418b12fa2810b31d329,2026-07-07,251,215492307,0.112,,
approach,망치쾅팡,f444fab0b84a1418b12fa2810b31d329,2026-07-08,251,215492307,0.112,,
approach,망치쾅팡,f444fab0b84a1418b12fa2810b31d329,2026-07-09,251,215492307,0.112,,
approach,망치쾅팡,f444fab0b84a1418b12fa2810b31d329,2026-07-10,251,215492307,0.112,,
approach,망치쾅팡,f444fab0b84a1418b12fa2810b31d329,2026-07-11,251,215492307,0.112,,
approach,망치쾅팡,f444fab0b84a1418b12fa2810b31d329,2026-07-12,251,215492307,0.112,3493994,
approach,10노잼신궁,3fd53f5b98793cb97d5c6b1c0699b307,2026-06-18,251,319865414,0.166,504812,
approach,10노잼신궁,3fd53f5b98793cb97d5c6b1c0699b307,2026-06-19,251,319865414,0.166,,
approach,10노잼신궁,3fd53f5b98793cb97d5c6b1c0699b307,2026-06-20,251,319865414,0.166,,
approach,10노잼신궁,3fd53f5b98793cb97d5c6b1c0699b307,2026-06-21,251,319865414,0.166,,
approach,10노잼신궁,3fd53f5b98793cb97d5c6b1c0699b307,2026-06-22,251,319865414,0.166,,
approach,10노잼신궁,3fd53f5b98793cb97d5c6b1c0699b307,2026-06-23,251,319865414,0.166,,
approach,10노잼신궁,3fd53f5b98793cb97d5c6b1c0699b307,2026-06-24,251,319865414,0.166,,
approach,10노잼신궁,3fd53f5b98793cb97d5c6b1c0699b307,2026-06-25,251,319865414,0.166,,
approach,10노잼신궁,3fd53f5b98793cb97d5c6b1c0699b307,2026-06-26,251,319865414,0.166,504812,
approach,10노잼신궁,3fd53f5b98793cb97d5c6b1c0699b307,2026-06-27,251,319865414,0.166,,
approach,10노잼신궁,3fd53f5b98793cb97d5c6b1c0699b307,2026-06-28,251,319865414,0.166,,
approach,10노잼신궁,3fd53f5b98793cb97d5c6b1c0699b307,2026-06-29,251,319865414,0.166,,
approach,10노잼신궁,3fd53f5b98793cb97d5c6b1c0699b307,2026-06-30,251,319865414,0.166,,
approach,10노잼신궁,3fd53f5b98793cb97d5c6b1c0699b307,2026-07-01,251,319865414,0.166,,
approach,10노잼신궁,3fd53f5b98793cb97d5c6b1c0699b307,2026-07-02,251,319865414,0.166,,
approach,10노잼신궁,3fd53f5b98793cb97d5c6b1c0699b307,2026-07-03,251,319865414,0.166,,
approach,10노잼신궁,3fd53f5b98793cb97d5c6b1c0699b307,2026-07-04,251,319865414,0.166,504812,
approach,10노잼신궁,3fd53f5b98793cb97d5c6b1c0699b307,2026-07-05,251,319865414,0.166,,
approach,10노잼신궁,3fd53f5b98793cb97d5c6b1c0699b307,2026-07-06,251,319865414,0.166,,
approach,10노잼신궁,3fd53f5b98793cb97d5c6b1c0699b307,2026-07-07,251,319865414,0.166,,
approach,10노잼신궁,3fd53f5b98793cb97d5c6b1c0699b307,2026-07-08,251,319865414,0.166,,
approach,10노잼신궁,3fd53f5b98793cb97d5c6b1c0699b307,2026-07-09,251,319865414,0.166,,
approach,10노잼신궁,3fd53f5b98793cb97d5c6b1c0699b307,2026-07-10,251,319865414,0.166,,
approach,10노잼신궁,3fd53f5b98793cb97d5c6b1c0699b307,2026-07-11,251,319865414,0.166,,
approach,10노잼신궁,3fd53f5b98793cb97d5c6b1c0699b307,2026-07-12,251,319865414,0.166,504812,
approach,찬우링크캐,a6e7aa7c0d006df52e850cfbd3b730f8,2026-06-18,251,268392372,0.140,74278,
approach,찬우링크캐,a6e7aa7c0d006df52e850cfbd3b730f8,2026-06-19,251,268392372,0.140,,
approach,찬우링크캐,a6e7aa7c0d006df52e850cfbd3b730f8,2026-06-20,251,268392372,0.140,,
approach,찬우링크캐,a6e7aa7c0d006df52e850cfbd3b730f8,2026-06-21,251,268392372,0.140,,
approach,찬우링크캐,a6e7aa7c0d006df52e850cfbd3b730f8,2026-06-22,251,268392372,0.140,,
approach,찬우링크캐,a6e7aa7c0d006df52e850cfbd3b730f8,2026-06-23,251,268392372,0.140,,
approach,찬우링크캐,a6e7aa7c0d006df52e850cfbd3b730f8,2026-06-24,251,268392372,0.140,,
approach,찬우링크캐,a6e7aa7c0d006df52e850cfbd3b730f8,2026-06-25,251,268392372,0.140,,
approach,찬우링크캐,a6e7aa7c0d006df52e850cfbd3b730f8,2026-06-26,251,268392372,0.140,74278,
approach,찬우링크캐,a6e7aa7c0d006df52e850cfbd3b730f8,2026-06-27,251,268392372,0.140,,
approach,찬우링크캐,a6e7aa7c0d006df52e850cfbd3b730f8,2026-06-28,251,268392372,0.140,,
approach,찬우링크캐,a6e7aa7c0d006df52e850cfbd3b730f8,2026-06-29,251,268392372,0.140,,
approach,찬우링크캐,a6e7aa7c0d006df52e850cfbd3b730f8,2026-06-30,251,268392372,0.140,,
approach,찬우링크캐,a6e7aa7c0d006df52e850cfbd3b730f8,2026-07-01,251,268392372,0.140,,
approach,찬우링크캐,a6e7aa7c0d006df52e850cfbd3b730f8,2026-07-02,251,268392372,0.140,,
approach,찬우링크캐,a6e7aa7c0d006df52e850cfbd3b730f8,2026-07-03,251,268392372,0.140,,
approach,찬우링크캐,a6e7aa7c0d006df52e850cfbd3b730f8,2026-07-04,251,268392372,0.140,74278,
approach,찬우링크캐,a6e7aa7c0d006df52e850cfbd3b730f8,2026-07-05,251,268392372,0.140,,
approach,찬우링크캐,a6e7aa7c0d006df52e850cfbd3b730f8,2026-07-06,251,268392372,0.140,,
approach,찬우링크캐,a6e7aa7c0d006df52e850cfbd3b730f8,2026-07-07,251,268392372,0.140,,
approach,찬우링크캐,a6e7aa7c0d006df52e850cfbd3b730f8,2026-07-08,251,268392372,0.140,,
approach,찬우링크캐,a6e7aa7c0d006df52e850cfbd3b730f8,2026-07-09,251,268392372,0.140,,
approach,찬우링크캐,a6e7aa7c0d006df52e850cfbd3b730f8,2026-07-10,251,268392372,0.140,,
approach,찬우링크캐,a6e7aa7c0d006df52e850cfbd3b730f8,2026-07-11,251,268392372,0.140,,
approach,찬우링크캐,a6e7aa7c0d006df52e850cfbd3b730f8,2026-07-12,251,268392372,0.140,74278,
approach,옹하아,c3d56e6201c08d56ff10bdcc24b78dfcefe8d04e6d233bd35cf2fabdeb93fb0d,2026-06-18,251,308025915,0.068,391242,
approach,옹하아,c3d56e6201c08d56ff10bdcc24b78dfcefe8d04e6d233bd35cf2fabdeb93fb0d,2026-06-19,251,308025915,0.068,,
approach,옹하아,c3d56e6201c08d56ff10bdcc24b78dfcefe8d04e6d233bd35cf2fabdeb93fb0d,2026-06-20,251,308025915,0.068,,
approach,옹하아,c3d56e6201c08d56ff10bdcc24b78dfcefe8d04e6d233bd35cf2fabdeb93fb0d,2026-06-21,251,308025915,0.068,,
approach,옹하아,c3d56e6201c08d56ff10bdcc24b78dfcefe8d04e6d233bd35cf2fabdeb93fb0d,2026-06-22,251,308025915,0.068,,
approach,옹하아,c3d56e6201c08d56ff10bdcc24b78dfcefe8d04e6d233bd35cf2fabdeb93fb0d,2026-06-23,251,308025915,0.068,,
approach,옹하아,c3d56e6201c08d56ff10bdcc24b78dfcefe8d04e6d233bd35cf2fabdeb93fb0d,2026-06-24,251,308025915,0.068,,
approach,옹하아,c3d56e6201c08d56ff10bdcc24b78dfcefe8d04e6d233bd35cf2fabdeb93fb0d,2026-06-25,251,308025915,0.068,,
approach,옹하아,c3d56e6201c08d56ff10bdcc24b78dfcefe8d04e6d233bd35cf2fabdeb93fb0d,2026-06-26,251,308025915,0.068,391242,
approach,옹하아,c3d56e6201c08d56ff10bdcc24b78dfcefe8d04e6d233bd35cf2fabdeb93fb0d,2026-06-27,251,308025915,0.068,,
approach,옹하아,c3d56e6201c08d56ff10bdcc24b78dfcefe8d04e6d233bd35cf2fabdeb93fb0d,2026-06-28,251,308025915,0.068,,
approach,옹하아,c3d56e6201c08d56ff10bdcc24b78dfcefe8d04e6d233bd35cf2fabdeb93fb0d,2026-06-29,251,308025915,0.068,,
approach,옹하아,c3d56e6201c08d56ff10bdcc24b78dfcefe8d04e6d233bd35cf2fabdeb93fb0d,2026-06-30,251,308025915,0.068,,
approach,옹하아,c3d56e6201c08d56ff10bdcc24b78dfcefe8d04e6d233bd35cf2fabdeb93fb0d,2026-07-01,251,308025915,0.068,,
approach,옹하아,c3d56e6201c08d56ff10bdcc24b78dfcefe8d04e6d233bd35cf2fabdeb93fb0d,2026-07-02,251,308025915,0.068,,
approach,옹하아,c3d56e6201c08d56ff10bdcc24b78dfcefe8d04e6d233bd35cf2fabdeb93fb0d,2026-07-03,251,308025915,0.068,,
approach,옹하아,c3d56e6201c08d56ff10bdcc24b78dfcefe8d04e6d233bd35cf2fabdeb93fb0d,2026-07-04,251,308025915,0.068,391242,
approach,옹하아,c3d56e6201c08d56ff10bdcc24b78dfcefe8d04e6d233bd35cf2fabdeb93fb0d,2026-07-05,251,308025915,0.068,,
approach,옹하아,c3d56e6201c08d56ff10bdcc24b78dfcefe8d04e6d233bd35cf2fabdeb93fb0d,2026-07-06,251,308025915,0.068,,
approach,옹하아,c3d56e6201c08d56ff10bdcc24b78dfcefe8d04e6d233bd35cf2fabdeb93fb0d,2026-07-07,251,308025915,0.068,,
approach,옹하아,c3d56e6201c08d56ff10bdcc24b78dfcefe8d04e6d233bd35cf2fabdeb93fb0d,2026-07-08,251,308025915,0.068,,
approach,옹하아,c3d56e6201c08d56ff10bdcc24b78dfcefe8d04e6d233bd35cf2fabdeb93fb0d,2026-07-09,251,308025915,0.068,,
approach,옹하아,c3d56e6201c08d56ff10bdcc24b78dfcefe8d04e6d233bd35cf2fabdeb93fb0d,2026-07-10,251,308025915,0.068,,
approach,옹하아,c3d56e6201c08d56ff10bdcc24b78dfcefe8d04e6d233bd35cf2fabdeb93fb0d,2026-07-11,251,308025915,0.068,,
approach,옹하아,c3d56e6201c08d56ff10bdcc24b78dfcefe8d04e6d233bd35cf2fabdeb93fb0d,2026-07-12,251,308025915,0.068,391242,
approach,주먹크잉,3632fdd27413f5bdd8bfd2040ce39d69efe8d04e6d233bd35cf2fabdeb93fb0d,2026-06-18,251,242412414,0.126,30085,
approach,주먹크잉,3632fdd27413f5bdd8bfd2040ce39d69efe8d04e6d233bd35cf2fabdeb93fb0d,2026-06-19,251,242412414,0.126,,
approach,주먹크잉,3632fdd27413f5bdd8bfd2040ce39d69efe8d04e6d233bd35cf2fabdeb93fb0d,2026-06-20,251,242412414,0.126,,
approach,주먹크잉,3632fdd27413f5bdd8bfd2040ce39d69efe8d04e6d233bd35cf2fabdeb93fb0d,2026-06-21,251,242412414,0.126,,
approach,주먹크잉,3632fdd27413f5bdd8bfd2040ce39d69efe8d04e6d233bd35cf2fabdeb93fb0d,2026-06-22,251,242412414,0.126,,
approach,주먹크잉,3632fdd27413f5bdd8bfd2040ce39d69efe8d04e6d233bd35cf2fabdeb93fb0d,2026-06-23,251,242412414,0.126,,
approach,주먹크잉,3632fdd27413f5bdd8bfd2040ce39d69efe8d04e6d233bd35cf2fabdeb93fb0d,2026-06-24,251,242412414,0.126,,
approach,주먹크잉,3632fdd27413f5bdd8bfd2040ce39d69efe8d04e6d233bd35cf2fabdeb93fb0d,2026-06-25,251,242412414,0.126,,
approach,주먹크잉,3632fdd27413f5bdd8bfd2040ce39d69efe8d04e6d233bd35cf2fabdeb93fb0d,2026-06-26,251,242412414,0.126,30085,
approach,주먹크잉,3632fdd27413f5bdd8bfd2040ce39d69efe8d04e6d233bd35cf2fabdeb93fb0d,2026-06-27,251,242412414,0.126,,
approach,주먹크잉,3632fdd27413f5bdd8bfd2040ce39d69efe8d04e6d233bd35cf2fabdeb93fb0d,2026-06-28,251,242412414,0.126,,
approach,주먹크잉,3632fdd27413f5bdd8bfd2040ce39d69efe8d04e6d233bd35cf2fabdeb93fb0d,2026-06-29,251,242412414,0.126,,
approach,주먹크잉,3632fdd27413f5bdd8bfd2040ce39d69efe8d04e6d233bd35cf2fabdeb93fb0d,2026-06-30,251,242412414,0.126,,
approach,주먹크잉,3632fdd27413f5bdd8bfd2040ce39d69efe8d04e6d233bd35cf2fabdeb93fb0d,2026-07-01,251,242412414,0.126,,
approach,주먹크잉,3632fdd27413f5bdd8bfd2040ce39d69efe8d04e6d233bd35cf2fabdeb93fb0d,2026-07-02,251,242412414,0.126,,
approach,주먹크잉,3632fdd27413f5bdd8bfd2040ce39d69efe8d04e6d233bd35cf2fabdeb93fb0d,2026-07-03,251,242412414,0.126,,
approach,주먹크잉,3632fdd27413f5bdd8bfd2040ce39d69efe8d04e6d233bd35cf2fabdeb93fb0d,2026-07-04,251,242412414,0.126,30085,
approach,주먹크잉,3632fdd27413f5bdd8bfd2040ce39d69efe8d04e6d233bd35cf2fabdeb93fb0d,2026-07-05,251,242412414,0.126,,
approach,주먹크잉,3632fdd27413f5bdd8bfd2040ce39d69efe8d04e6d233bd35cf2fabdeb93fb0d,2026-07-06,251,242412414,0.126,,
approach,주먹크잉,3632fdd27413f5bdd8bfd2040ce39d69efe8d04e6d233bd35cf2fabdeb93fb0d,2026-07-07,251,242412414,0.126,,
approach,주먹크잉,3632fdd27413f5bdd8bfd2040ce39d69efe8d04e6d233bd35cf2fabdeb93fb0d,2026-07-08,251,242412414,0.126,,
approach,주먹크잉,3632fdd27413f5bdd8bfd2040ce39d69efe8d04e6d233bd35cf2fabdeb93fb0d,2026-07-09,251,242412414,0.126,,
approach,주먹크잉,3632fdd27413f5bdd8bfd2040ce39d69efe8d04e6d233bd35cf2fabdeb93fb0d,2026-07-10,251,242412414,0.126,,
approach,주먹크잉,3632fdd27413f5bdd8bfd2040ce39d69efe8d04e6d233bd35cf2fabdeb93fb0d,2026-07-11,251,242412414,0.126,,
approach,주먹크잉,3632fdd27413f5bdd8bfd2040ce39d69efe8d04e6d233bd35cf2fabdeb93fb0d,2026-07-12,251,242412414,0.126,30085,
approach,핏료,5d0c585c55050016b404c1a2f44be259efe8d04e6d233bd35cf2fabdeb93fb0d,2026-06-18,251,229744708,0.120,1861866,
approach,핏료,5d0c585c55050016b404c1a2f44be259efe8d04e6d233bd35cf2fabdeb93fb0d,2026-06-19,251,229744708,0.120,,
approach,핏료,5d0c585c55050016b404c1a2f44be259efe8d04e6d233bd35cf2fabdeb93fb0d,2026-06-20,251,229744708,0.120,,
approach,핏료,5d0c585c55050016b404c1a2f44be259efe8d04e6d233bd35cf2fabdeb93fb0d,2026-06-21,251,229744708,0.120,,
approach,핏료,5d0c585c55050016b404c1a2f44be259efe8d04e6d233bd35cf2fabdeb93fb0d,2026-06-22,251,229744708,0.120,,
approach,핏료,5d0c585c55050016b404c1a2f44be259efe8d04e6d233bd35cf2fabdeb93fb0d,2026-06-23,251,229744708,0.120,,
approach,핏료,5d0c585c55050016b404c1a2f44be259efe8d04e6d233bd35cf2fabdeb93fb0d,2026-06-24,251,229744708,0.120,,
approach,핏료,5d0c585c55050016b404c1a2f44be259efe8d04e6d233bd35cf2fabdeb93fb0d,2026-06-25,251,229744708,0.120,,
approach,핏료,5d0c585c55050016b404c1a2f44be259efe8d04e6d233bd35cf2fabdeb93fb0d,2026-06-26,251,229744708,0.120,1820457,
approach,핏료,5d0c585c55050016b404c1a2f44be259efe8d04e6d233bd35cf2fabdeb93fb0d,2026-06-27,251,229744708,0.120,,
approach,핏료,5d0c585c55050016b404c1a2f44be259efe8d04e6d233bd35cf2fabdeb93fb0d,2026-06-28,251,229744708,0.120,,
approach,핏료,5d0c585c55050016b404c1a2f44be259efe8d04e6d233bd35cf2fabdeb93fb0d,2026-06-29,251,229744708,0.120,,
approach,핏료,5d0c585c55050016b404c1a2f44be259efe8d04e6d233bd35cf2fabdeb93fb0d,2026-06-30,251,229744708,0.120,,
approach,핏료,5d0c585c55050016b404c1a2f44be259efe8d04e6d233bd35cf2fabdeb93fb0d,2026-07-01,251,229744708,0.120,,
approach,핏료,5d0c585c55050016b404c1a2f44be259efe8d04e6d233bd35cf2fabdeb93fb0d,2026-07-02,251,229744708,0.120,,
approach,핏료,5d0c585c55050016b404c1a2f44be259efe8d04e6d233bd35cf2fabdeb93fb0d,2026-07-03,251,229744708,0.120,,
approach,핏료,5d0c585c55050016b404c1a2f44be259efe8d04e6d233bd35cf2fabdeb93fb0d,2026-07-04,251,229744708,0.120,1820457,
approach,핏료,5d0c585c55050016b404c1a2f44be259efe8d04e6d233bd35cf2fabdeb93fb0d,2026-07-05,251,229744708,0.120,,
approach,핏료,5d0c585c55050016b404c1a2f44be259efe8d04e6d233bd35cf2fabdeb93fb0d,2026-07-06,251,229744708,0.120,,
approach,핏료,5d0c585c55050016b404c1a2f44be259efe8d04e6d233bd35cf2fabdeb93fb0d,2026-07-07,251,229744708,0.120,,
approach,핏료,5d0c585c55050016b404c1a2f44be259efe8d04e6d233bd35cf2fabdeb93fb0d,2026-07-08,251,229744708,0.120,,
approach,핏료,5d0c585c55050016b404c1a2f44be259efe8d04e6d233bd35cf2fabdeb93fb0d,2026-07-09,251,229744708,0.120,,
approach,핏료,5d0c585c55050016b404c1a2f44be259efe8d04e6d233bd35cf2fabdeb93fb0d,2026-07-10,251,229744708,0.120,,
approach,핏료,5d0c585c55050016b404c1a2f44be259efe8d04e6d233bd35cf2fabdeb93fb0d,2026-07-11,251,229744708,0.120,,
approach,핏료,5d0c585c55050016b404c1a2f44be259efe8d04e6d233bd35cf2fabdeb93fb0d,2026-07-12,251,229744708,0.120,1820457,
approach,메하민1,e5519f868b7a03d325f3c793f2261918,2026-06-18,251,233139005,0.121,35227,
approach,메하민1,e5519f868b7a03d325f3c793f2261918,2026-06-19,251,233139005,0.121,,
approach,메하민1,e5519f868b7a03d325f3c793f2261918,2026-06-20,251,233139005,0.121,,
approach,메하민1,e5519f868b7a03d325f3c793f2261918,2026-06-21,251,233139005,0.121,,
approach,메하민1,e5519f868b7a03d325f3c793f2261918,2026-06-22,251,233139005,0.121,,
approach,메하민1,e5519f868b7a03d325f3c793f2261918,2026-06-23,251,233139005,0.121,,
approach,메하민1,e5519f868b7a03d325f3c793f2261918,2026-06-24,251,233139005,0.121,,
approach,메하민1,e5519f868b7a03d325f3c793f2261918,2026-06-25,251,233139005,0.121,,
approach,메하민1,e5519f868b7a03d325f3c793f2261918,2026-06-26,251,233139005,0.121,35227,
approach,메하민1,e5519f868b7a03d325f3c793f2261918,2026-06-27,251,233139005,0.121,,
approach,메하민1,e5519f868b7a03d325f3c793f2261918,2026-06-28,251,233139005,0.121,,
approach,메하민1,e5519f868b7a03d325f3c793f2261918,2026-06-29,251,233139005,0.121,,
approach,메하민1,e5519f868b7a03d325f3c793f2261918,2026-06-30,251,233139005,0.121,,
approach,메하민1,e5519f868b7a03d325f3c793f2261918,2026-07-01,251,233139005,0.121,,
approach,메하민1,e5519f868b7a03d325f3c793f2261918,2026-07-02,251,233139005,0.121,,
approach,메하민1,e5519f868b7a03d325f3c793f2261918,2026-07-03,251,233139005,0.121,,
approach,메하민1,e5519f868b7a03d325f3c793f2261918,2026-07-04,251,233139005,0.121,35227,
approach,메하민1,e5519f868b7a03d325f3c793f2261918,2026-07-05,251,233139005,0.121,,
approach,메하민1,e5519f868b7a03d325f3c793f2261918,2026-07-06,251,233139005,0.121,,
approach,메하민1,e5519f868b7a03d325f3c793f2261918,2026-07-07,251,233139005,0.121,,
approach,메하민1,e5519f868b7a03d325f3c793f2261918,2026-07-08,251,233139005,0.121,,
approach,메하민1,e5519f868b7a03d325f3c793f2261918,2026-07-09,251,233139005,0.121,,
approach,메하민1,e5519f868b7a03d325f3c793f2261918,2026-07-10,251,233139005,0.121,,
approach,메하민1,e5519f868b7a03d325f3c793f2261918,2026-07-11,251,233139005,0.121,,
approach,메하민1,e5519f868b7a03d325f3c793f2261918,2026-07-12,251,233139005,0.121,35227,
approach,복실빵슬,35743c3e206ce25227591eeafea1160e,2026-06-18,251,314120915,0.163,57195,
approach,복실빵슬,35743c3e206ce25227591eeafea1160e,2026-06-19,251,314120915,0.163,,
approach,복실빵슬,35743c3e206ce25227591eeafea1160e,2026-06-20,251,314120915,0.163,,
approach,복실빵슬,35743c3e206ce25227591eeafea1160e,2026-06-21,251,314120915,0.163,,
approach,복실빵슬,35743c3e206ce25227591eeafea1160e,2026-06-22,251,314120915,0.163,,
approach,복실빵슬,35743c3e206ce25227591eeafea1160e,2026-06-23,251,314120915,0.163,,
approach,복실빵슬,35743c3e206ce25227591eeafea1160e,2026-06-24,251,314120915,0.163,,
approach,복실빵슬,35743c3e206ce25227591eeafea1160e,2026-06-25,251,314120915,0.163,,
approach,복실빵슬,35743c3e206ce25227591eeafea1160e,2026-06-26,251,314120915,0.163,57195,
approach,복실빵슬,35743c3e206ce25227591eeafea1160e,2026-06-27,251,314120915,0.163,,
approach,복실빵슬,35743c3e206ce25227591eeafea1160e,2026-06-28,251,314120915,0.163,,
approach,복실빵슬,35743c3e206ce25227591eeafea1160e,2026-06-29,251,314120915,0.163,,
approach,복실빵슬,35743c3e206ce25227591eeafea1160e,2026-06-30,251,314120915,0.163,,
approach,복실빵슬,35743c3e206ce25227591eeafea1160e,2026-07-01,251,314120915,0.163,,
approach,복실빵슬,35743c3e206ce25227591eeafea1160e,2026-07-02,251,314120915,0.163,,
approach,복실빵슬,35743c3e206ce25227591eeafea1160e,2026-07-03,251,314120915,0.163,,
approach,복실빵슬,35743c3e206ce25227591eeafea1160e,2026-07-04,251,314120915,0.163,57195,
approach,복실빵슬,35743c3e206ce25227591eeafea1160e,2026-07-05,251,314120915,0.163,,
approach,복실빵슬,35743c3e206ce25227591eeafea1160e,2026-07-06,251,314120915,0.163,,
approach,복실빵슬,35743c3e206ce25227591eeafea1160e,2026-07-07,251,314120915,0.163,,
approach,복실빵슬,35743c3e206ce25227591eeafea1160e,2026-07-08,251,314120915,0.163,,
approach,복실빵슬,35743c3e206ce25227591eeafea1160e,2026-07-09,251,314120915,0.163,,
approach,복실빵슬,35743c3e206ce25227591eeafea1160e,2026-07-10,251,314120915,0.163,,
approach,복실빵슬,35743c3e206ce25227591eeafea1160e,2026-07-11,251,314120915,0.163,,
approach,복실빵슬,35743c3e206ce25227591eeafea1160e,2026-07-12,251,314120915,0.163,57195,
approach,여호일링크18,36098dff39ec064c391ce7b1fc5f0361,2026-06-18,251,311331160,0.162,254,
approach,여호일링크18,36098dff39ec064c391ce7b1fc5f0361,2026-06-19,251,311331160,0.162,,
approach,여호일링크18,36098dff39ec064c391ce7b1fc5f0361,2026-06-20,251,311331160,0.162,,
approach,여호일링크18,36098dff39ec064c391ce7b1fc5f0361,2026-06-21,251,311331160,0.162,,
approach,여호일링크18,36098dff39ec064c391ce7b1fc5f0361,2026-06-22,251,311331160,0.162,,
approach,여호일링크18,36098dff39ec064c391ce7b1fc5f0361,2026-06-23,251,311331160,0.162,,
approach,여호일링크18,36098dff39ec064c391ce7b1fc5f0361,2026-06-24,251,311331160,0.162,,
approach,여호일링크18,36098dff39ec064c391ce7b1fc5f0361,2026-06-25,251,311331160,0.162,,
approach,여호일링크18,36098dff39ec064c391ce7b1fc5f0361,2026-06-26,251,311331160,0.162,254,
approach,여호일링크18,36098dff39ec064c391ce7b1fc5f0361,2026-06-27,251,311331160,0.162,,
approach,여호일링크18,36098dff39ec064c391ce7b1fc5f0361,2026-06-28,251,311331160,0.162,,
approach,여호일링크18,36098dff39ec064c391ce7b1fc5f0361,2026-06-29,251,311331160,0.162,,
approach,여호일링크18,36098dff39ec064c391ce7b1fc5f0361,2026-06-30,251,311331160,0.162,,
approach,여호일링크18,36098dff39ec064c391ce7b1fc5f0361,2026-07-01,251,311331160,0.162,,
approach,여호일링크18,36098dff39ec064c391ce7b1fc5f0361,2026-07-02,251,311331160,0.162,,
approach,여호일링크18,36098dff39ec064c391ce7b1fc5f0361,2026-07-03,251,311331160,0.162,,
approach,여호일링크18,36098dff39ec064c391ce7b1fc5f0361,2026-07-04,251,311331160,0.162,254,
approach,여호일링크18,36098dff39ec064c391ce7b1fc5f0361,2026-07-05,251,311331160,0.162,,
approach,여호일링크18,36098dff39ec064c391ce7b1fc5f0361,2026-07-06,251,311331160,0.162,,
approach,여호일링크18,36098dff39ec064c391ce7b1fc5f0361,2026-07-07,251,311331160,0.162,,
approach,여호일링크18,36098dff39ec064c391ce7b1fc5f0361,2026-07-08,251,311331160,0.162,,
approach,여호일링크18,36098dff39ec064c391ce7b1fc5f0361,2026-07-09,251,311331160,0.162,,
approach,여호일링크18,36098dff39ec064c391ce7b1fc5f0361,2026-07-10,251,311331160,0.162,,
approach,여호일링크18,36098dff39ec064c391ce7b1fc5f0361,2026-07-11,251,311331160,0.162,,
approach,여호일링크18,36098dff39ec064c391ce7b1fc5f0361,2026-07-12,251,311331160,0.162,254,
approach,흩날리는물빛,c5dd4b9d3a79a06bf9edc15a3dc2fbdb,2026-06-18,251,231408746,0.120,0,
approach,흩날리는물빛,c5dd4b9d3a79a06bf9edc15a3dc2fbdb,2026-06-19,251,231408746,0.120,,
approach,흩날리는물빛,c5dd4b9d3a79a06bf9edc15a3dc2fbdb,2026-06-20,251,231408746,0.120,,
approach,흩날리는물빛,c5dd4b9d3a79a06bf9edc15a3dc2fbdb,2026-06-21,251,231408746,0.120,,
approach,흩날리는물빛,c5dd4b9d3a79a06bf9edc15a3dc2fbdb,2026-06-22,251,231408746,0.120,,
approach,흩날리는물빛,c5dd4b9d3a79a06bf9edc15a3dc2fbdb,2026-06-23,251,231408746,0.120,,
approach,흩날리는물빛,c5dd4b9d3a79a06bf9edc15a3dc2fbdb,2026-06-24,251,231408746,0.120,,
approach,흩날리는물빛,c5dd4b9d3a79a06bf9edc15a3dc2fbdb,2026-06-25,251,231408746,0.120,,
approach,흩날리는물빛,c5dd4b9d3a79a06bf9edc15a3dc2fbdb,2026-06-26,251,231408746,0.120,0,
approach,흩날리는물빛,c5dd4b9d3a79a06bf9edc15a3dc2fbdb,2026-06-27,251,231408746,0.120,,
approach,흩날리는물빛,c5dd4b9d3a79a06bf9edc15a3dc2fbdb,2026-06-28,251,231408746,0.120,,
approach,흩날리는물빛,c5dd4b9d3a79a06bf9edc15a3dc2fbdb,2026-06-29,251,231408746,0.120,,
approach,흩날리는물빛,c5dd4b9d3a79a06bf9edc15a3dc2fbdb,2026-06-30,251,231408746,0.120,,
approach,흩날리는물빛,c5dd4b9d3a79a06bf9edc15a3dc2fbdb,2026-07-01,251,231408746,0.120,,
approach,흩날리는물빛,c5dd4b9d3a79a06bf9edc15a3dc2fbdb,2026-07-02,251,231408746,0.120,,
approach,흩날리는물빛,c5dd4b9d3a79a06bf9edc15a3dc2fbdb,2026-07-03,251,231408746,0.120,,
approach,흩날리는물빛,c5dd4b9d3a79a06bf9edc15a3dc2fbdb,2026-07-04,251,231408746,0.120,0,
approach,흩날리는물빛,c5dd4b9d3a79a06bf9edc15a3dc2fbdb,2026-07-05,251,231408746,0.120,,
approach,흩날리는물빛,c5dd4b9d3a79a06bf9edc15a3dc2fbdb,2026-07-06,251,231408746,0.120,,
approach,흩날리는물빛,c5dd4b9d3a79a06bf9edc15a3dc2fbdb,2026-07-07,251,231408746,0.120,,
approach,흩날리는물빛,c5dd4b9d3a79a06bf9edc15a3dc2fbdb,2026-07-08,251,231408746,0.120,,
approach,흩날리는물빛,c5dd4b9d3a79a06bf9edc15a3dc2fbdb,2026-07-09,251,231408746,0.120,,
approach,흩날리는물빛,c5dd4b9d3a79a06bf9edc15a3dc2fbdb,2026-07-10,251,231408746,0.120,,
approach,흩날리는물빛,c5dd4b9d3a79a06bf9edc15a3dc2fbdb,2026-07-11,251,231408746,0.120,,
approach,흩날리는물빛,c5dd4b9d3a79a06bf9edc15a3dc2fbdb,2026-07-12,251,231408746,0.120,0,
approach,200하고접엇,11f189b4da6339e36effd886f2ea00b6,2026-06-18,251,297272066,0.155,394,
approach,200하고접엇,11f189b4da6339e36effd886f2ea00b6,2026-06-19,251,297272066,0.155,,
approach,200하고접엇,11f189b4da6339e36effd886f2ea00b6,2026-06-20,251,297272066,0.155,,
approach,200하고접엇,11f189b4da6339e36effd886f2ea00b6,2026-06-21,251,297272066,0.155,,
approach,200하고접엇,11f189b4da6339e36effd886f2ea00b6,2026-06-22,251,297272066,0.155,,
approach,200하고접엇,11f189b4da6339e36effd886f2ea00b6,2026-06-23,251,297272066,0.155,,
approach,200하고접엇,11f189b4da6339e36effd886f2ea00b6,2026-06-24,251,297272066,0.155,,
approach,200하고접엇,11f189b4da6339e36effd886f2ea00b6,2026-06-25,251,297272066,0.155,,
approach,200하고접엇,11f189b4da6339e36effd886f2ea00b6,2026-06-26,251,297272066,0.155,394,
approach,200하고접엇,11f189b4da6339e36effd886f2ea00b6,2026-06-27,251,297272066,0.155,,
approach,200하고접엇,11f189b4da6339e36effd886f2ea00b6,2026-06-28,251,297272066,0.155,,
approach,200하고접엇,11f189b4da6339e36effd886f2ea00b6,2026-06-29,251,297272066,0.155,,
approach,200하고접엇,11f189b4da6339e36effd886f2ea00b6,2026-06-30,251,297272066,0.155,,
approach,200하고접엇,11f189b4da6339e36effd886f2ea00b6,2026-07-01,251,297272066,0.155,,
approach,200하고접엇,11f189b4da6339e36effd886f2ea00b6,2026-07-02,251,297272066,0.155,,
approach,200하고접엇,11f189b4da6339e36effd886f2ea00b6,2026-07-03,251,297272066,0.155,,
approach,200하고접엇,11f189b4da6339e36effd886f2ea00b6,2026-07-04,251,297272066,0.155,394,
approach,200하고접엇,11f189b4da6339e36effd886f2ea00b6,2026-07-05,251,297272066,0.155,,
approach,200하고접엇,11f189b4da6339e36effd886f2ea00b6,2026-07-06,251,297272066,0.155,,
approach,200하고접엇,11f189b4da6339e36effd886f2ea00b6,2026-07-07,251,297272066,0.155,,
approach,200하고접엇,11f189b4da6339e36effd886f2ea00b6,2026-07-08,251,297272066,0.155,,
approach,200하고접엇,11f189b4da6339e36effd886f2ea00b6,2026-07-09,251,297272066,0.155,,
approach,200하고접엇,11f189b4da6339e36effd886f2ea00b6,2026-07-10,251,297272066,0.155,,
approach,200하고접엇,11f189b4da6339e36effd886f2ea00b6,2026-07-11,251,297272066,0.155,,
approach,200하고접엇,11f189b4da6339e36effd886f2ea00b6,2026-07-12,251,297272066,0.155,394,
approach,계란조리,a324ab06228cd71851def39f47053d15,2026-06-18,251,324795283,0.169,1892497,
approach,계란조리,a324ab06228cd71851def39f47053d15,2026-06-19,251,324795283,0.169,,
approach,계란조리,a324ab06228cd71851def39f47053d15,2026-06-20,251,324795283,0.169,,
approach,계란조리,a324ab06228cd71851def39f47053d15,2026-06-21,251,324795283,0.169,,
approach,계란조리,a324ab06228cd71851def39f47053d15,2026-06-22,251,324795283,0.169,,
approach,계란조리,a324ab06228cd71851def39f47053d15,2026-06-23,251,324795283,0.169,,
approach,계란조리,a324ab06228cd71851def39f47053d15,2026-06-24,251,324795283,0.169,,
approach,계란조리,a324ab06228cd71851def39f47053d15,2026-06-25,251,324795283,0.169,,
approach,계란조리,a324ab06228cd71851def39f47053d15,2026-06-26,251,324795283,0.169,1892497,
approach,계란조리,a324ab06228cd71851def39f47053d15,2026-06-27,251,324795283,0.169,,
approach,계란조리,a324ab06228cd71851def39f47053d15,2026-06-28,251,324795283,0.169,,
approach,계란조리,a324ab06228cd71851def39f47053d15,2026-06-29,251,324795283,0.169,,
approach,계란조리,a324ab06228cd71851def39f47053d15,2026-06-30,251,324795283,0.169,,
approach,계란조리,a324ab06228cd71851def39f47053d15,2026-07-01,251,324795283,0.169,,
approach,계란조리,a324ab06228cd71851def39f47053d15,2026-07-02,251,324795283,0.169,,
approach,계란조리,a324ab06228cd71851def39f47053d15,2026-07-03,251,324795283,0.169,,
approach,계란조리,a324ab06228cd71851def39f47053d15,2026-07-04,251,324795283,0.169,1892497,
approach,계란조리,a324ab06228cd71851def39f47053d15,2026-07-05,251,324795283,0.169,,
approach,계란조리,a324ab06228cd71851def39f47053d15,2026-07-06,251,324795283,0.169,,
approach,계란조리,a324ab06228cd71851def39f47053d15,2026-07-07,251,324795283,0.169,,
approach,계란조리,a324ab06228cd71851def39f47053d15,2026-07-08,251,324795283,0.169,,
approach,계란조리,a324ab06228cd71851def39f47053d15,2026-07-09,251,324795283,0.169,,
approach,계란조리,a324ab06228cd71851def39f47053d15,2026-07-10,251,324795283,0.169,,
approach,계란조리,a324ab06228cd71851def39f47053d15,2026-07-11,251,324795283,0.169,,
approach,계란조리,a324ab06228cd71851def39f47053d15,2026-07-12,251,324795283,0.169,1479224,
approach,히카레나이토,bcfe036684d7ec1e48254a0ad3a6e4be,2026-06-18,251,248915910,0.130,98705,
approach,히카레나이토,bcfe036684d7ec1e48254a0ad3a6e4be,2026-06-19,251,248915910,0.130,,
approach,히카레나이토,bcfe036684d7ec1e48254a0ad3a6e4be,2026-06-20,251,248915910,0.130,,
approach,히카레나이토,bcfe036684d7ec1e48254a0ad3a6e4be,2026-06-21,251,248915910,0.130,,
approach,히카레나이토,bcfe036684d7ec1e48254a0ad3a6e4be,2026-06-22,251,248915910,0.130,,
approach,히카레나이토,bcfe036684d7ec1e48254a0ad3a6e4be,2026-06-23,251,248915910,0.130,,
approach,히카레나이토,bcfe036684d7ec1e48254a0ad3a6e4be,2026-06-24,251,248915910,0.130,,
approach,히카레나이토,bcfe036684d7ec1e48254a0ad3a6e4be,2026-06-25,251,248915910,0.130,,
approach,히카레나이토,bcfe036684d7ec1e48254a0ad3a6e4be,2026-06-26,251,248915910,0.130,98705,
approach,히카레나이토,bcfe036684d7ec1e48254a0ad3a6e4be,2026-06-27,251,248915910,0.130,,
approach,히카레나이토,bcfe036684d7ec1e48254a0ad3a6e4be,2026-06-28,251,248915910,0.130,,
approach,히카레나이토,bcfe036684d7ec1e48254a0ad3a6e4be,2026-06-29,251,248915910,0.130,,
approach,히카레나이토,bcfe036684d7ec1e48254a0ad3a6e4be,2026-06-30,251,248915910,0.130,,
approach,히카레나이토,bcfe036684d7ec1e48254a0ad3a6e4be,2026-07-01,251,248915910,0.130,,
approach,히카레나이토,bcfe036684d7ec1e48254a0ad3a6e4be,2026-07-02,251,248915910,0.130,,
approach,히카레나이토,bcfe036684d7ec1e48254a0ad3a6e4be,2026-07-03,251,248915910,0.130,,
approach,히카레나이토,bcfe036684d7ec1e48254a0ad3a6e4be,2026-07-04,251,248915910,0.130,98705,
approach,히카레나이토,bcfe036684d7ec1e48254a0ad3a6e4be,2026-07-05,251,248915910,0.130,,
approach,히카레나이토,bcfe036684d7ec1e48254a0ad3a6e4be,2026-07-06,251,248915910,0.130,,
approach,히카레나이토,bcfe036684d7ec1e48254a0ad3a6e4be,2026-07-07,251,248915910,0.130,,
approach,히카레나이토,bcfe036684d7ec1e48254a0ad3a6e4be,2026-07-08,251,248915910,0.130,,
approach,히카레나이토,bcfe036684d7ec1e48254a0ad3a6e4be,2026-07-09,251,248915910,0.130,,
approach,히카레나이토,bcfe036684d7ec1e48254a0ad3a6e4be,2026-07-10,251,248915910,0.130,,
approach,히카레나이토,bcfe036684d7ec1e48254a0ad3a6e4be,2026-07-11,251,248915910,0.130,,
approach,히카레나이토,bcfe036684d7ec1e48254a0ad3a6e4be,2026-07-12,251,248915910,0.130,98705,
approach,윈브낭맨,c42583359f43762c2a0d48ef8a2eec963663933da92e7566c55104ec9ac2894d,2026-06-18,251,301827503,0.157,376727,
approach,윈브낭맨,c42583359f43762c2a0d48ef8a2eec963663933da92e7566c55104ec9ac2894d,2026-06-19,251,301827503,0.157,,
approach,윈브낭맨,c42583359f43762c2a0d48ef8a2eec963663933da92e7566c55104ec9ac2894d,2026-06-20,251,301827503,0.157,,
approach,윈브낭맨,c42583359f43762c2a0d48ef8a2eec963663933da92e7566c55104ec9ac2894d,2026-06-21,251,301827503,0.157,,
approach,윈브낭맨,c42583359f43762c2a0d48ef8a2eec963663933da92e7566c55104ec9ac2894d,2026-06-22,251,301827503,0.157,,
approach,윈브낭맨,c42583359f43762c2a0d48ef8a2eec963663933da92e7566c55104ec9ac2894d,2026-06-23,251,301827503,0.157,,
approach,윈브낭맨,c42583359f43762c2a0d48ef8a2eec963663933da92e7566c55104ec9ac2894d,2026-06-24,251,301827503,0.157,,
approach,윈브낭맨,c42583359f43762c2a0d48ef8a2eec963663933da92e7566c55104ec9ac2894d,2026-06-25,251,301827503,0.157,,
approach,윈브낭맨,c42583359f43762c2a0d48ef8a2eec963663933da92e7566c55104ec9ac2894d,2026-06-26,251,301827503,0.157,376727,
approach,윈브낭맨,c42583359f43762c2a0d48ef8a2eec963663933da92e7566c55104ec9ac2894d,2026-06-27,251,301827503,0.157,,
approach,윈브낭맨,c42583359f43762c2a0d48ef8a2eec963663933da92e7566c55104ec9ac2894d,2026-06-28,251,301827503,0.157,,
approach,윈브낭맨,c42583359f43762c2a0d48ef8a2eec963663933da92e7566c55104ec9ac2894d,2026-06-29,251,301827503,0.157,,
approach,윈브낭맨,c42583359f43762c2a0d48ef8a2eec963663933da92e7566c55104ec9ac2894d,2026-06-30,251,301827503,0.157,,
approach,윈브낭맨,c42583359f43762c2a0d48ef8a2eec963663933da92e7566c55104ec9ac2894d,2026-07-01,251,301827503,0.157,,
approach,윈브낭맨,c42583359f43762c2a0d48ef8a2eec963663933da92e7566c55104ec9ac2894d,2026-07-02,251,301827503,0.157,,
approach,윈브낭맨,c42583359f43762c2a0d48ef8a2eec963663933da92e7566c55104ec9ac2894d,2026-07-03,251,301827503,0.157,,
approach,윈브낭맨,c42583359f43762c2a0d48ef8a2eec963663933da92e7566c55104ec9ac2894d,2026-07-04,251,301827503,0.157,376727,
approach,윈브낭맨,c42583359f43762c2a0d48ef8a2eec963663933da92e7566c55104ec9ac2894d,2026-07-05,251,301827503,0.157,,
approach,윈브낭맨,c42583359f43762c2a0d48ef8a2eec963663933da92e7566c55104ec9ac2894d,2026-07-06,251,301827503,0.157,,
approach,윈브낭맨,c42583359f43762c2a0d48ef8a2eec963663933da92e7566c55104ec9ac2894d,2026-07-07,251,301827503,0.157,,
approach,윈브낭맨,c42583359f43762c2a0d48ef8a2eec963663933da92e7566c55104ec9ac2894d,2026-07-08,251,301827503,0.157,,
approach,윈브낭맨,c42583359f43762c2a0d48ef8a2eec963663933da92e7566c55104ec9ac2894d,2026-07-09,251,301827503,0.157,,
approach,윈브낭맨,c42583359f43762c2a0d48ef8a2eec963663933da92e7566c55104ec9ac2894d,2026-07-10,251,301827503,0.157,,
approach,윈브낭맨,c42583359f43762c2a0d48ef8a2eec963663933da92e7566c55104ec9ac2894d,2026-07-11,251,301827503,0.157,,
approach,윈브낭맨,c42583359f43762c2a0d48ef8a2eec963663933da92e7566c55104ec9ac2894d,2026-07-12,251,301827503,0.157,459871,
approach,라구동글,46e451194adf44697adb28adf76a51d8,2026-06-18,251,323155958,0.168,35760,
approach,라구동글,46e451194adf44697adb28adf76a51d8,2026-06-19,251,323155958,0.168,,
approach,라구동글,46e451194adf44697adb28adf76a51d8,2026-06-20,251,323155958,0.168,,
approach,라구동글,46e451194adf44697adb28adf76a51d8,2026-06-21,251,323155958,0.168,,
approach,라구동글,46e451194adf44697adb28adf76a51d8,2026-06-22,251,323155958,0.168,,
approach,라구동글,46e451194adf44697adb28adf76a51d8,2026-06-23,251,323155958,0.168,,
approach,라구동글,46e451194adf44697adb28adf76a51d8,2026-06-24,251,323155958,0.168,,
approach,라구동글,46e451194adf44697adb28adf76a51d8,2026-06-25,251,323155958,0.168,,
approach,라구동글,46e451194adf44697adb28adf76a51d8,2026-06-26,251,323155958,0.168,35760,
approach,라구동글,46e451194adf44697adb28adf76a51d8,2026-06-27,251,323155958,0.168,,
approach,라구동글,46e451194adf44697adb28adf76a51d8,2026-06-28,251,323155958,0.168,,
approach,라구동글,46e451194adf44697adb28adf76a51d8,2026-06-29,251,323155958,0.168,,
approach,라구동글,46e451194adf44697adb28adf76a51d8,2026-06-30,251,323155958,0.168,,
approach,라구동글,46e451194adf44697adb28adf76a51d8,2026-07-01,251,323155958,0.168,,
approach,라구동글,46e451194adf44697adb28adf76a51d8,2026-07-02,251,323155958,0.168,,
approach,라구동글,46e451194adf44697adb28adf76a51d8,2026-07-03,251,323155958,0.168,,
approach,라구동글,46e451194adf44697adb28adf76a51d8,2026-07-04,251,323155958,0.168,35760,
approach,라구동글,46e451194adf44697adb28adf76a51d8,2026-07-05,251,323155958,0.168,,
approach,라구동글,46e451194adf44697adb28adf76a51d8,2026-07-06,251,323155958,0.168,,
approach,라구동글,46e451194adf44697adb28adf76a51d8,2026-07-07,251,323155958,0.168,,
approach,라구동글,46e451194adf44697adb28adf76a51d8,2026-07-08,251,323155958,0.168,,
approach,라구동글,46e451194adf44697adb28adf76a51d8,2026-07-09,251,323155958,0.168,,
approach,라구동글,46e451194adf44697adb28adf76a51d8,2026-07-10,251,323155958,0.168,,
approach,라구동글,46e451194adf44697adb28adf76a51d8,2026-07-11,251,323155958,0.168,,
approach,라구동글,46e451194adf44697adb28adf76a51d8,2026-07-12,251,323155958,0.168,35760,
approach,목련화Q,735aba0aba13099dc5272ab5fbc18aa7efe8d04e6d233bd35cf2fabdeb93fb0d,2026-06-18,251,221470511,0.115,398511,
approach,목련화Q,735aba0aba13099dc5272ab5fbc18aa7efe8d04e6d233bd35cf2fabdeb93fb0d,2026-06-19,251,221470511,0.115,,
approach,목련화Q,735aba0aba13099dc5272ab5fbc18aa7efe8d04e6d233bd35cf2fabdeb93fb0d,2026-06-20,251,221470511,0.115,,
approach,목련화Q,735aba0aba13099dc5272ab5fbc18aa7efe8d04e6d233bd35cf2fabdeb93fb0d,2026-06-21,251,221470511,0.115,,
approach,목련화Q,735aba0aba13099dc5272ab5fbc18aa7efe8d04e6d233bd35cf2fabdeb93fb0d,2026-06-22,251,221470511,0.115,,
approach,목련화Q,735aba0aba13099dc5272ab5fbc18aa7efe8d04e6d233bd35cf2fabdeb93fb0d,2026-06-23,251,221470511,0.115,,
approach,목련화Q,735aba0aba13099dc5272ab5fbc18aa7efe8d04e6d233bd35cf2fabdeb93fb0d,2026-06-24,251,221470511,0.115,,
approach,목련화Q,735aba0aba13099dc5272ab5fbc18aa7efe8d04e6d233bd35cf2fabdeb93fb0d,2026-06-25,251,221470511,0.115,,
approach,목련화Q,735aba0aba13099dc5272ab5fbc18aa7efe8d04e6d233bd35cf2fabdeb93fb0d,2026-06-26,251,221470511,0.115,398511,
approach,목련화Q,735aba0aba13099dc5272ab5fbc18aa7efe8d04e6d233bd35cf2fabdeb93fb0d,2026-06-27,251,221470511,0.115,,
approach,목련화Q,735aba0aba13099dc5272ab5fbc18aa7efe8d04e6d233bd35cf2fabdeb93fb0d,2026-06-28,251,221470511,0.115,,
approach,목련화Q,735aba0aba13099dc5272ab5fbc18aa7efe8d04e6d233bd35cf2fabdeb93fb0d,2026-06-29,251,221470511,0.115,,
approach,목련화Q,735aba0aba13099dc5272ab5fbc18aa7efe8d04e6d233bd35cf2fabdeb93fb0d,2026-06-30,251,221470511,0.115,,
approach,목련화Q,735aba0aba13099dc5272ab5fbc18aa7efe8d04e6d233bd35cf2fabdeb93fb0d,2026-07-01,251,221470511,0.115,,
approach,목련화Q,735aba0aba13099dc5272ab5fbc18aa7efe8d04e6d233bd35cf2fabdeb93fb0d,2026-07-02,251,221470511,0.115,,
approach,목련화Q,735aba0aba13099dc5272ab5fbc18aa7efe8d04e6d233bd35cf2fabdeb93fb0d,2026-07-03,251,221470511,0.115,,
approach,목련화Q,735aba0aba13099dc5272ab5fbc18aa7efe8d04e6d233bd35cf2fabdeb93fb0d,2026-07-04,251,221470511,0.115,398511,
approach,목련화Q,735aba0aba13099dc5272ab5fbc18aa7efe8d04e6d233bd35cf2fabdeb93fb0d,2026-07-05,251,221470511,0.115,,
approach,목련화Q,735aba0aba13099dc5272ab5fbc18aa7efe8d04e6d233bd35cf2fabdeb93fb0d,2026-07-06,251,221470511,0.115,,
approach,목련화Q,735aba0aba13099dc5272ab5fbc18aa7efe8d04e6d233bd35cf2fabdeb93fb0d,2026-07-07,251,221470511,0.115,,
approach,목련화Q,735aba0aba13099dc5272ab5fbc18aa7efe8d04e6d233bd35cf2fabdeb93fb0d,2026-07-08,251,221470511,0.115,,
approach,목련화Q,735aba0aba13099dc5272ab5fbc18aa7efe8d04e6d233bd35cf2fabdeb93fb0d,2026-07-09,251,221470511,0.115,,
approach,목련화Q,735aba0aba13099dc5272ab5fbc18aa7efe8d04e6d233bd35cf2fabdeb93fb0d,2026-07-10,251,221470511,0.115,,
approach,목련화Q,735aba0aba13099dc5272ab5fbc18aa7efe8d04e6d233bd35cf2fabdeb93fb0d,2026-07-11,251,221470511,0.115,,
approach,목련화Q,735aba0aba13099dc5272ab5fbc18aa7efe8d04e6d233bd35cf2fabdeb93fb0d,2026-07-12,251,221470511,0.115,398511,
approach,미하일적중,2e686b36bc68482eca5eabc25495a761,2026-06-18,251,304713595,0.159,51500,
approach,미하일적중,2e686b36bc68482eca5eabc25495a761,2026-06-19,251,304713595,0.159,,
approach,미하일적중,2e686b36bc68482eca5eabc25495a761,2026-06-20,251,304713595,0.159,,
approach,미하일적중,2e686b36bc68482eca5eabc25495a761,2026-06-21,251,304713595,0.159,,
approach,미하일적중,2e686b36bc68482eca5eabc25495a761,2026-06-22,251,304713595,0.159,,
approach,미하일적중,2e686b36bc68482eca5eabc25495a761,2026-06-23,251,304713595,0.159,,
approach,미하일적중,2e686b36bc68482eca5eabc25495a761,2026-06-24,251,304713595,0.159,,
approach,미하일적중,2e686b36bc68482eca5eabc25495a761,2026-06-25,251,304713595,0.159,,
approach,미하일적중,2e686b36bc68482eca5eabc25495a761,2026-06-26,251,304713595,0.159,51500,
approach,미하일적중,2e686b36bc68482eca5eabc25495a761,2026-06-27,251,304713595,0.159,,
approach,미하일적중,2e686b36bc68482eca5eabc25495a761,2026-06-28,251,304713595,0.159,,
approach,미하일적중,2e686b36bc68482eca5eabc25495a761,2026-06-29,251,304713595,0.159,,
approach,미하일적중,2e686b36bc68482eca5eabc25495a761,2026-06-30,251,304713595,0.159,,
approach,미하일적중,2e686b36bc68482eca5eabc25495a761,2026-07-01,251,304713595,0.159,,
approach,미하일적중,2e686b36bc68482eca5eabc25495a761,2026-07-02,251,304713595,0.159,,
approach,미하일적중,2e686b36bc68482eca5eabc25495a761,2026-07-03,251,304713595,0.159,,
approach,미하일적중,2e686b36bc68482eca5eabc25495a761,2026-07-04,251,304713595,0.159,51500,
approach,미하일적중,2e686b36bc68482eca5eabc25495a761,2026-07-05,251,304713595,0.159,,
approach,미하일적중,2e686b36bc68482eca5eabc25495a761,2026-07-06,251,304713595,0.159,,
approach,미하일적중,2e686b36bc68482eca5eabc25495a761,2026-07-07,251,304713595,0.159,,
approach,미하일적중,2e686b36bc68482eca5eabc25495a761,2026-07-08,251,304713595,0.159,,
approach,미하일적중,2e686b36bc68482eca5eabc25495a761,2026-07-09,251,304713595,0.159,,
approach,미하일적중,2e686b36bc68482eca5eabc25495a761,2026-07-10,251,304713595,0.159,,
approach,미하일적중,2e686b36bc68482eca5eabc25495a761,2026-07-11,251,304713595,0.159,,
approach,미하일적중,2e686b36bc68482eca5eabc25495a761,2026-07-12,251,304713595,0.159,51500,
approach,링크큭은월,a2a7d6b90036c023c7467fc13da4422befe8d04e6d233bd35cf2fabdeb93fb0d,2026-06-18,251,249175835,0.130,26499,
approach,링크큭은월,a2a7d6b90036c023c7467fc13da4422befe8d04e6d233bd35cf2fabdeb93fb0d,2026-06-19,251,249175835,0.130,,
approach,링크큭은월,a2a7d6b90036c023c7467fc13da4422befe8d04e6d233bd35cf2fabdeb93fb0d,2026-06-20,251,249175835,0.130,,
approach,링크큭은월,a2a7d6b90036c023c7467fc13da4422befe8d04e6d233bd35cf2fabdeb93fb0d,2026-06-21,251,249175835,0.130,,
approach,링크큭은월,a2a7d6b90036c023c7467fc13da4422befe8d04e6d233bd35cf2fabdeb93fb0d,2026-06-22,251,249175835,0.130,,
approach,링크큭은월,a2a7d6b90036c023c7467fc13da4422befe8d04e6d233bd35cf2fabdeb93fb0d,2026-06-23,251,249175835,0.130,,
approach,링크큭은월,a2a7d6b90036c023c7467fc13da4422befe8d04e6d233bd35cf2fabdeb93fb0d,2026-06-24,251,249175835,0.130,,
approach,링크큭은월,a2a7d6b90036c023c7467fc13da4422befe8d04e6d233bd35cf2fabdeb93fb0d,2026-06-25,251,249175835,0.130,,
approach,링크큭은월,a2a7d6b90036c023c7467fc13da4422befe8d04e6d233bd35cf2fabdeb93fb0d,2026-06-26,251,249175835,0.130,26499,
approach,링크큭은월,a2a7d6b90036c023c7467fc13da4422befe8d04e6d233bd35cf2fabdeb93fb0d,2026-06-27,251,249175835,0.130,,
approach,링크큭은월,a2a7d6b90036c023c7467fc13da4422befe8d04e6d233bd35cf2fabdeb93fb0d,2026-06-28,251,249175835,0.130,,
approach,링크큭은월,a2a7d6b90036c023c7467fc13da4422befe8d04e6d233bd35cf2fabdeb93fb0d,2026-06-29,251,249175835,0.130,,
approach,링크큭은월,a2a7d6b90036c023c7467fc13da4422befe8d04e6d233bd35cf2fabdeb93fb0d,2026-06-30,251,249175835,0.130,,
approach,링크큭은월,a2a7d6b90036c023c7467fc13da4422befe8d04e6d233bd35cf2fabdeb93fb0d,2026-07-01,251,249175835,0.130,,
approach,링크큭은월,a2a7d6b90036c023c7467fc13da4422befe8d04e6d233bd35cf2fabdeb93fb0d,2026-07-02,251,249175835,0.130,,
approach,링크큭은월,a2a7d6b90036c023c7467fc13da4422befe8d04e6d233bd35cf2fabdeb93fb0d,2026-07-03,251,249175835,0.130,,
approach,링크큭은월,a2a7d6b90036c023c7467fc13da4422befe8d04e6d233bd35cf2fabdeb93fb0d,2026-07-04,251,249175835,0.130,26499,
approach,링크큭은월,a2a7d6b90036c023c7467fc13da4422befe8d04e6d233bd35cf2fabdeb93fb0d,2026-07-05,251,249175835,0.130,,
approach,링크큭은월,a2a7d6b90036c023c7467fc13da4422befe8d04e6d233bd35cf2fabdeb93fb0d,2026-07-06,251,249175835,0.130,,
approach,링크큭은월,a2a7d6b90036c023c7467fc13da4422befe8d04e6d233bd35cf2fabdeb93fb0d,2026-07-07,251,249175835,0.130,,
approach,링크큭은월,a2a7d6b90036c023c7467fc13da4422befe8d04e6d233bd35cf2fabdeb93fb0d,2026-07-08,251,249175835,0.130,,
approach,링크큭은월,a2a7d6b90036c023c7467fc13da4422befe8d04e6d233bd35cf2fabdeb93fb0d,2026-07-09,251,249175835,0.130,,
approach,링크큭은월,a2a7d6b90036c023c7467fc13da4422befe8d04e6d233bd35cf2fabdeb93fb0d,2026-07-10,251,249175835,0.130,,
approach,링크큭은월,a2a7d6b90036c023c7467fc13da4422befe8d04e6d233bd35cf2fabdeb93fb0d,2026-07-11,251,249175835,0.130,,
approach,링크큭은월,a2a7d6b90036c023c7467fc13da4422befe8d04e6d233bd35cf2fabdeb93fb0d,2026-07-12,251,249175835,0.130,26499,
approach,6UCCl,6855f154ad5a0f1cee9dddc04390d5a1,2026-06-18,251,277760149,0.145,177814,
approach,6UCCl,6855f154ad5a0f1cee9dddc04390d5a1,2026-06-19,251,277760149,0.145,,
approach,6UCCl,6855f154ad5a0f1cee9dddc04390d5a1,2026-06-20,251,277760149,0.145,,
approach,6UCCl,6855f154ad5a0f1cee9dddc04390d5a1,2026-06-21,251,277760149,0.145,,
approach,6UCCl,6855f154ad5a0f1cee9dddc04390d5a1,2026-06-22,251,277760149,0.145,,
approach,6UCCl,6855f154ad5a0f1cee9dddc04390d5a1,2026-06-23,251,277760149,0.145,,
approach,6UCCl,6855f154ad5a0f1cee9dddc04390d5a1,2026-06-24,251,277760149,0.145,,
approach,6UCCl,6855f154ad5a0f1cee9dddc04390d5a1,2026-06-25,251,277760149,0.145,,
approach,6UCCl,6855f154ad5a0f1cee9dddc04390d5a1,2026-06-26,251,277760149,0.145,177814,
approach,6UCCl,6855f154ad5a0f1cee9dddc04390d5a1,2026-06-27,251,277760149,0.145,,
approach,6UCCl,6855f154ad5a0f1cee9dddc04390d5a1,2026-06-28,251,277760149,0.145,,
approach,6UCCl,6855f154ad5a0f1cee9dddc04390d5a1,2026-06-29,251,277760149,0.145,,
approach,6UCCl,6855f154ad5a0f1cee9dddc04390d5a1,2026-06-30,251,277760149,0.145,,
approach,6UCCl,6855f154ad5a0f1cee9dddc04390d5a1,2026-07-01,251,277760149,0.145,,
approach,6UCCl,6855f154ad5a0f1cee9dddc04390d5a1,2026-07-02,251,277760149,0.145,,
approach,6UCCl,6855f154ad5a0f1cee9dddc04390d5a1,2026-07-03,251,277760149,0.145,,
approach,6UCCl,6855f154ad5a0f1cee9dddc04390d5a1,2026-07-04,251,277760149,0.145,177814,
approach,6UCCl,6855f154ad5a0f1cee9dddc04390d5a1,2026-07-05,251,277760149,0.145,,
approach,6UCCl,6855f154ad5a0f1cee9dddc04390d5a1,2026-07-06,251,277760149,0.145,,
approach,6UCCl,6855f154ad5a0f1cee9dddc04390d5a1,2026-07-07,251,277760149,0.145,,
approach,6UCCl,6855f154ad5a0f1cee9dddc04390d5a1,2026-07-08,251,277760149,0.145,,
approach,6UCCl,6855f154ad5a0f1cee9dddc04390d5a1,2026-07-09,251,277760149,0.145,,
approach,6UCCl,6855f154ad5a0f1cee9dddc04390d5a1,2026-07-10,251,277760149,0.145,,
approach,6UCCl,6855f154ad5a0f1cee9dddc04390d5a1,2026-07-11,251,277760149,0.145,,
approach,6UCCl,6855f154ad5a0f1cee9dddc04390d5a1,2026-07-12,251,277760149,0.145,177814,
approach,철호라라라,d42092067ce94e3fef8dc163ddefee64,2026-06-18,251,264317358,0.138,128275,
approach,철호라라라,d42092067ce94e3fef8dc163ddefee64,2026-06-19,251,264317358,0.138,,
approach,철호라라라,d42092067ce94e3fef8dc163ddefee64,2026-06-20,251,264317358,0.138,,
approach,철호라라라,d42092067ce94e3fef8dc163ddefee64,2026-06-21,251,264317358,0.138,,
approach,철호라라라,d42092067ce94e3fef8dc163ddefee64,2026-06-22,251,264317358,0.138,,
approach,철호라라라,d42092067ce94e3fef8dc163ddefee64,2026-06-23,251,264317358,0.138,,
approach,철호라라라,d42092067ce94e3fef8dc163ddefee64,2026-06-24,251,264317358,0.138,,
approach,철호라라라,d42092067ce94e3fef8dc163ddefee64,2026-06-25,251,264317358,0.138,,
approach,철호라라라,d42092067ce94e3fef8dc163ddefee64,2026-06-26,251,264317358,0.138,99990,
approach,철호라라라,d42092067ce94e3fef8dc163ddefee64,2026-06-27,251,264317358,0.138,,
approach,철호라라라,d42092067ce94e3fef8dc163ddefee64,2026-06-28,251,264317358,0.138,,
approach,철호라라라,d42092067ce94e3fef8dc163ddefee64,2026-06-29,251,264317358,0.138,,
approach,철호라라라,d42092067ce94e3fef8dc163ddefee64,2026-06-30,251,264317358,0.138,,
approach,철호라라라,d42092067ce94e3fef8dc163ddefee64,2026-07-01,251,264317358,0.138,,
approach,철호라라라,d42092067ce94e3fef8dc163ddefee64,2026-07-02,251,264317358,0.138,,
approach,철호라라라,d42092067ce94e3fef8dc163ddefee64,2026-07-03,251,264317358,0.138,,
approach,철호라라라,d42092067ce94e3fef8dc163ddefee64,2026-07-04,251,264317358,0.138,99990,
approach,철호라라라,d42092067ce94e3fef8dc163ddefee64,2026-07-05,251,264317358,0.138,,
approach,철호라라라,d42092067ce94e3fef8dc163ddefee64,2026-07-06,251,264317358,0.138,,
approach,철호라라라,d42092067ce94e3fef8dc163ddefee64,2026-07-07,251,264317358,0.138,,
approach,철호라라라,d42092067ce94e3fef8dc163ddefee64,2026-07-08,251,264317358,0.138,,
approach,철호라라라,d42092067ce94e3fef8dc163ddefee64,2026-07-09,251,264317358,0.138,,
approach,철호라라라,d42092067ce94e3fef8dc163ddefee64,2026-07-10,251,264317358,0.138,,
approach,철호라라라,d42092067ce94e3fef8dc163ddefee64,2026-07-11,251,264317358,0.138,,
approach,철호라라라,d42092067ce94e3fef8dc163ddefee64,2026-07-12,251,264317358,0.138,99990,
approach,수비니채고,93ef68780df150709339fe1946a5f198,2026-06-18,251,308405088,0.068,40307,
approach,수비니채고,93ef68780df150709339fe1946a5f198,2026-06-19,251,308405088,0.068,,
approach,수비니채고,93ef68780df150709339fe1946a5f198,2026-06-20,251,308405088,0.068,,
approach,수비니채고,93ef68780df150709339fe1946a5f198,2026-06-21,251,308405088,0.068,,
approach,수비니채고,93ef68780df150709339fe1946a5f198,2026-06-22,251,308405088,0.068,,
approach,수비니채고,93ef68780df150709339fe1946a5f198,2026-06-23,251,308405088,0.068,,
approach,수비니채고,93ef68780df150709339fe1946a5f198,2026-06-24,251,308405088,0.068,,
approach,수비니채고,93ef68780df150709339fe1946a5f198,2026-06-25,251,308405088,0.068,,
approach,수비니채고,93ef68780df150709339fe1946a5f198,2026-06-26,251,308405088,0.068,40307,
approach,수비니채고,93ef68780df150709339fe1946a5f198,2026-06-27,251,308405088,0.068,,
approach,수비니채고,93ef68780df150709339fe1946a5f198,2026-06-28,251,308405088,0.068,,
approach,수비니채고,93ef68780df150709339fe1946a5f198,2026-06-29,251,308405088,0.068,,
approach,수비니채고,93ef68780df150709339fe1946a5f198,2026-06-30,251,308405088,0.068,,
approach,수비니채고,93ef68780df150709339fe1946a5f198,2026-07-01,251,308405088,0.068,,
approach,수비니채고,93ef68780df150709339fe1946a5f198,2026-07-02,251,308405088,0.068,,
approach,수비니채고,93ef68780df150709339fe1946a5f198,2026-07-03,251,308405088,0.068,,
approach,수비니채고,93ef68780df150709339fe1946a5f198,2026-07-04,251,308405088,0.068,40307,
approach,수비니채고,93ef68780df150709339fe1946a5f198,2026-07-05,251,308405088,0.068,,
approach,수비니채고,93ef68780df150709339fe1946a5f198,2026-07-06,251,308405088,0.068,,
approach,수비니채고,93ef68780df150709339fe1946a5f198,2026-07-07,251,308405088,0.068,,
approach,수비니채고,93ef68780df150709339fe1946a5f198,2026-07-08,251,308405088,0.068,,
approach,수비니채고,93ef68780df150709339fe1946a5f198,2026-07-09,251,308405088,0.068,,
approach,수비니채고,93ef68780df150709339fe1946a5f198,2026-07-10,251,308405088,0.068,,
approach,수비니채고,93ef68780df150709339fe1946a5f198,2026-07-11,251,308405088,0.068,,
approach,수비니채고,93ef68780df150709339fe1946a5f198,2026-07-12,251,308405088,0.068,40307,
approach,아이띠예,0af8d1ce7cf7133fb7bc115c91ee83e4efe8d04e6d233bd35cf2fabdeb93fb0d,2026-06-18,251,239955024,0.125,128701,
approach,아이띠예,0af8d1ce7cf7133fb7bc115c91ee83e4efe8d04e6d233bd35cf2fabdeb93fb0d,2026-06-19,251,239955024,0.125,,
approach,아이띠예,0af8d1ce7cf7133fb7bc115c91ee83e4efe8d04e6d233bd35cf2fabdeb93fb0d,2026-06-20,251,239955024,0.125,,
approach,아이띠예,0af8d1ce7cf7133fb7bc115c91ee83e4efe8d04e6d233bd35cf2fabdeb93fb0d,2026-06-21,251,239955024,0.125,,
approach,아이띠예,0af8d1ce7cf7133fb7bc115c91ee83e4efe8d04e6d233bd35cf2fabdeb93fb0d,2026-06-22,251,239955024,0.125,,
approach,아이띠예,0af8d1ce7cf7133fb7bc115c91ee83e4efe8d04e6d233bd35cf2fabdeb93fb0d,2026-06-23,251,239955024,0.125,,
approach,아이띠예,0af8d1ce7cf7133fb7bc115c91ee83e4efe8d04e6d233bd35cf2fabdeb93fb0d,2026-06-24,251,239955024,0.125,,
approach,아이띠예,0af8d1ce7cf7133fb7bc115c91ee83e4efe8d04e6d233bd35cf2fabdeb93fb0d,2026-06-25,251,239955024,0.125,,
approach,아이띠예,0af8d1ce7cf7133fb7bc115c91ee83e4efe8d04e6d233bd35cf2fabdeb93fb0d,2026-06-26,251,239955024,0.125,128701,
approach,아이띠예,0af8d1ce7cf7133fb7bc115c91ee83e4efe8d04e6d233bd35cf2fabdeb93fb0d,2026-06-27,251,239955024,0.125,,
approach,아이띠예,0af8d1ce7cf7133fb7bc115c91ee83e4efe8d04e6d233bd35cf2fabdeb93fb0d,2026-06-28,251,239955024,0.125,,
approach,아이띠예,0af8d1ce7cf7133fb7bc115c91ee83e4efe8d04e6d233bd35cf2fabdeb93fb0d,2026-06-29,251,239955024,0.125,,
approach,아이띠예,0af8d1ce7cf7133fb7bc115c91ee83e4efe8d04e6d233bd35cf2fabdeb93fb0d,2026-06-30,251,239955024,0.125,,
approach,아이띠예,0af8d1ce7cf7133fb7bc115c91ee83e4efe8d04e6d233bd35cf2fabdeb93fb0d,2026-07-01,251,239955024,0.125,,
approach,아이띠예,0af8d1ce7cf7133fb7bc115c91ee83e4efe8d04e6d233bd35cf2fabdeb93fb0d,2026-07-02,251,239955024,0.125,,
approach,아이띠예,0af8d1ce7cf7133fb7bc115c91ee83e4efe8d04e6d233bd35cf2fabdeb93fb0d,2026-07-03,251,239955024,0.125,,
approach,아이띠예,0af8d1ce7cf7133fb7bc115c91ee83e4efe8d04e6d233bd35cf2fabdeb93fb0d,2026-07-04,251,239955024,0.125,128701,
approach,아이띠예,0af8d1ce7cf7133fb7bc115c91ee83e4efe8d04e6d233bd35cf2fabdeb93fb0d,2026-07-05,251,239955024,0.125,,
approach,아이띠예,0af8d1ce7cf7133fb7bc115c91ee83e4efe8d04e6d233bd35cf2fabdeb93fb0d,2026-07-06,251,239955024,0.125,,
approach,아이띠예,0af8d1ce7cf7133fb7bc115c91ee83e4efe8d04e6d233bd35cf2fabdeb93fb0d,2026-07-07,251,239955024,0.125,,
approach,아이띠예,0af8d1ce7cf7133fb7bc115c91ee83e4efe8d04e6d233bd35cf2fabdeb93fb0d,2026-07-08,251,239955024,0.125,,
approach,아이띠예,0af8d1ce7cf7133fb7bc115c91ee83e4efe8d04e6d233bd35cf2fabdeb93fb0d,2026-07-09,251,239955024,0.125,,
approach,아이띠예,0af8d1ce7cf7133fb7bc115c91ee83e4efe8d04e6d233bd35cf2fabdeb93fb0d,2026-07-10,251,239955024,0.125,,
approach,아이띠예,0af8d1ce7cf7133fb7bc115c91ee83e4efe8d04e6d233bd35cf2fabdeb93fb0d,2026-07-11,251,239955024,0.125,,
approach,아이띠예,0af8d1ce7cf7133fb7bc115c91ee83e4efe8d04e6d233bd35cf2fabdeb93fb0d,2026-07-12,251,239955024,0.125,128701,
approach,리웅대,eca00f7cad7fd5a70e499cf1e139010defe8d04e6d233bd35cf2fabdeb93fb0d,2026-06-18,251,234636207,0.122,5993814,
approach,리웅대,eca00f7cad7fd5a70e499cf1e139010defe8d04e6d233bd35cf2fabdeb93fb0d,2026-06-19,251,234636207,0.122,,
approach,리웅대,eca00f7cad7fd5a70e499cf1e139010defe8d04e6d233bd35cf2fabdeb93fb0d,2026-06-20,251,234636207,0.122,,
approach,리웅대,eca00f7cad7fd5a70e499cf1e139010defe8d04e6d233bd35cf2fabdeb93fb0d,2026-06-21,251,234636207,0.122,,
approach,리웅대,eca00f7cad7fd5a70e499cf1e139010defe8d04e6d233bd35cf2fabdeb93fb0d,2026-06-22,251,234636207,0.122,,
approach,리웅대,eca00f7cad7fd5a70e499cf1e139010defe8d04e6d233bd35cf2fabdeb93fb0d,2026-06-23,251,234636207,0.122,,
approach,리웅대,eca00f7cad7fd5a70e499cf1e139010defe8d04e6d233bd35cf2fabdeb93fb0d,2026-06-24,251,234636207,0.122,,
approach,리웅대,eca00f7cad7fd5a70e499cf1e139010defe8d04e6d233bd35cf2fabdeb93fb0d,2026-06-25,251,234636207,0.122,,
approach,리웅대,eca00f7cad7fd5a70e499cf1e139010defe8d04e6d233bd35cf2fabdeb93fb0d,2026-06-26,251,234636207,0.122,5993814,
approach,리웅대,eca00f7cad7fd5a70e499cf1e139010defe8d04e6d233bd35cf2fabdeb93fb0d,2026-06-27,251,234636207,0.122,,
approach,리웅대,eca00f7cad7fd5a70e499cf1e139010defe8d04e6d233bd35cf2fabdeb93fb0d,2026-06-28,251,234636207,0.122,,
approach,리웅대,eca00f7cad7fd5a70e499cf1e139010defe8d04e6d233bd35cf2fabdeb93fb0d,2026-06-29,251,234636207,0.122,,
approach,리웅대,eca00f7cad7fd5a70e499cf1e139010defe8d04e6d233bd35cf2fabdeb93fb0d,2026-06-30,251,234636207,0.122,,
approach,리웅대,eca00f7cad7fd5a70e499cf1e139010defe8d04e6d233bd35cf2fabdeb93fb0d,2026-07-01,251,234636207,0.122,,
approach,리웅대,eca00f7cad7fd5a70e499cf1e139010defe8d04e6d233bd35cf2fabdeb93fb0d,2026-07-02,251,234636207,0.122,,
approach,리웅대,eca00f7cad7fd5a70e499cf1e139010defe8d04e6d233bd35cf2fabdeb93fb0d,2026-07-03,251,234636207,0.122,,
approach,리웅대,eca00f7cad7fd5a70e499cf1e139010defe8d04e6d233bd35cf2fabdeb93fb0d,2026-07-04,251,234636207,0.122,5993814,
approach,리웅대,eca00f7cad7fd5a70e499cf1e139010defe8d04e6d233bd35cf2fabdeb93fb0d,2026-07-05,251,234636207,0.122,,
approach,리웅대,eca00f7cad7fd5a70e499cf1e139010defe8d04e6d233bd35cf2fabdeb93fb0d,2026-07-06,251,234636207,0.122,,
approach,리웅대,eca00f7cad7fd5a70e499cf1e139010defe8d04e6d233bd35cf2fabdeb93fb0d,2026-07-07,251,234636207,0.122,,
approach,리웅대,eca00f7cad7fd5a70e499cf1e139010defe8d04e6d233bd35cf2fabdeb93fb0d,2026-07-08,251,234636207,0.122,,
approach,리웅대,eca00f7cad7fd5a70e499cf1e139010defe8d04e6d233bd35cf2fabdeb93fb0d,2026-07-09,251,234636207,0.122,,
approach,리웅대,eca00f7cad7fd5a70e499cf1e139010defe8d04e6d233bd35cf2fabdeb93fb0d,2026-07-10,251,234636207,0.122,,
approach,리웅대,eca00f7cad7fd5a70e499cf1e139010defe8d04e6d233bd35cf2fabdeb93fb0d,2026-07-11,251,234636207,0.122,,
approach,리웅대,eca00f7cad7fd5a70e499cf1e139010defe8d04e6d233bd35cf2fabdeb93fb0d,2026-07-12,251,234636207,0.122,5993814,
approach,뚜잇궁수,,2026-06-18,,,,,ocid_failed
approach,뚜잇궁수,,2026-06-19,,,,,ocid_failed
approach,뚜잇궁수,,2026-06-20,,,,,ocid_failed
approach,뚜잇궁수,,2026-06-21,,,,,ocid_failed
approach,뚜잇궁수,,2026-06-22,,,,,ocid_failed
approach,뚜잇궁수,,2026-06-23,,,,,ocid_failed
approach,뚜잇궁수,,2026-06-24,,,,,ocid_failed
approach,뚜잇궁수,,2026-06-25,,,,,ocid_failed
approach,뚜잇궁수,,2026-06-26,,,,,ocid_failed
approach,뚜잇궁수,,2026-06-27,,,,,ocid_failed
approach,뚜잇궁수,,2026-06-28,,,,,ocid_failed
approach,뚜잇궁수,,2026-06-29,,,,,ocid_failed
approach,뚜잇궁수,,2026-06-30,,,,,ocid_failed
approach,뚜잇궁수,,2026-07-01,,,,,ocid_failed
approach,뚜잇궁수,,2026-07-02,,,,,ocid_failed
approach,뚜잇궁수,,2026-07-03,,,,,ocid_failed
approach,뚜잇궁수,,2026-07-04,,,,,ocid_failed
approach,뚜잇궁수,,2026-07-05,,,,,ocid_failed
approach,뚜잇궁수,,2026-07-06,,,,,ocid_failed
approach,뚜잇궁수,,2026-07-07,,,,,ocid_failed
approach,뚜잇궁수,,2026-07-08,,,,,ocid_failed
approach,뚜잇궁수,,2026-07-09,,,,,ocid_failed
approach,뚜잇궁수,,2026-07-10,,,,,ocid_failed
approach,뚜잇궁수,,2026-07-11,,,,,ocid_failed
approach,뚜잇궁수,,2026-07-12,,,,,ocid_failed
approach,몽쉘몽쉘통통,2a93e3de2a0d2be921db129e5b262e4cefe8d04e6d233bd35cf2fabdeb93fb0d,2026-06-18,251,275407863,0.060,0,
approach,몽쉘몽쉘통통,2a93e3de2a0d2be921db129e5b262e4cefe8d04e6d233bd35cf2fabdeb93fb0d,2026-06-19,251,275407863,0.060,,
approach,몽쉘몽쉘통통,2a93e3de2a0d2be921db129e5b262e4cefe8d04e6d233bd35cf2fabdeb93fb0d,2026-06-20,251,275407863,0.060,,
approach,몽쉘몽쉘통통,2a93e3de2a0d2be921db129e5b262e4cefe8d04e6d233bd35cf2fabdeb93fb0d,2026-06-21,251,275407863,0.060,,
approach,몽쉘몽쉘통통,2a93e3de2a0d2be921db129e5b262e4cefe8d04e6d233bd35cf2fabdeb93fb0d,2026-06-22,251,275407863,0.060,,
approach,몽쉘몽쉘통통,2a93e3de2a0d2be921db129e5b262e4cefe8d04e6d233bd35cf2fabdeb93fb0d,2026-06-23,251,275407863,0.060,,
approach,몽쉘몽쉘통통,2a93e3de2a0d2be921db129e5b262e4cefe8d04e6d233bd35cf2fabdeb93fb0d,2026-06-24,251,275407863,0.060,,
approach,몽쉘몽쉘통통,2a93e3de2a0d2be921db129e5b262e4cefe8d04e6d233bd35cf2fabdeb93fb0d,2026-06-25,251,275407863,0.060,,
approach,몽쉘몽쉘통통,2a93e3de2a0d2be921db129e5b262e4cefe8d04e6d233bd35cf2fabdeb93fb0d,2026-06-26,251,275407863,0.060,0,
approach,몽쉘몽쉘통통,2a93e3de2a0d2be921db129e5b262e4cefe8d04e6d233bd35cf2fabdeb93fb0d,2026-06-27,251,275407863,0.060,,
approach,몽쉘몽쉘통통,2a93e3de2a0d2be921db129e5b262e4cefe8d04e6d233bd35cf2fabdeb93fb0d,2026-06-28,251,275407863,0.060,,
approach,몽쉘몽쉘통통,2a93e3de2a0d2be921db129e5b262e4cefe8d04e6d233bd35cf2fabdeb93fb0d,2026-06-29,251,275407863,0.060,,
approach,몽쉘몽쉘통통,2a93e3de2a0d2be921db129e5b262e4cefe8d04e6d233bd35cf2fabdeb93fb0d,2026-06-30,251,275407863,0.060,,
approach,몽쉘몽쉘통통,2a93e3de2a0d2be921db129e5b262e4cefe8d04e6d233bd35cf2fabdeb93fb0d,2026-07-01,251,275407863,0.060,,
approach,몽쉘몽쉘통통,2a93e3de2a0d2be921db129e5b262e4cefe8d04e6d233bd35cf2fabdeb93fb0d,2026-07-02,251,275407863,0.060,,
approach,몽쉘몽쉘통통,2a93e3de2a0d2be921db129e5b262e4cefe8d04e6d233bd35cf2fabdeb93fb0d,2026-07-03,251,275407863,0.060,,
approach,몽쉘몽쉘통통,2a93e3de2a0d2be921db129e5b262e4cefe8d04e6d233bd35cf2fabdeb93fb0d,2026-07-04,251,275407863,0.060,0,
approach,몽쉘몽쉘통통,2a93e3de2a0d2be921db129e5b262e4cefe8d04e6d233bd35cf2fabdeb93fb0d,2026-07-05,251,275407863,0.060,,
approach,몽쉘몽쉘통통,2a93e3de2a0d2be921db129e5b262e4cefe8d04e6d233bd35cf2fabdeb93fb0d,2026-07-06,251,275407863,0.060,,
approach,몽쉘몽쉘통통,2a93e3de2a0d2be921db129e5b262e4cefe8d04e6d233bd35cf2fabdeb93fb0d,2026-07-07,251,275407863,0.060,,
approach,몽쉘몽쉘통통,2a93e3de2a0d2be921db129e5b262e4cefe8d04e6d233bd35cf2fabdeb93fb0d,2026-07-08,251,275407863,0.060,,
approach,몽쉘몽쉘통통,2a93e3de2a0d2be921db129e5b262e4cefe8d04e6d233bd35cf2fabdeb93fb0d,2026-07-09,251,275407863,0.060,,
approach,몽쉘몽쉘통통,2a93e3de2a0d2be921db129e5b262e4cefe8d04e6d233bd35cf2fabdeb93fb0d,2026-07-10,251,275407863,0.060,,
approach,몽쉘몽쉘통통,2a93e3de2a0d2be921db129e5b262e4cefe8d04e6d233bd35cf2fabdeb93fb0d,2026-07-11,251,275407863,0.060,,
approach,몽쉘몽쉘통통,2a93e3de2a0d2be921db129e5b262e4cefe8d04e6d233bd35cf2fabdeb93fb0d,2026-07-12,251,275407863,0.060,0,
approach,뉴빙팡,7a6e95f650de3d8cbfe56f6a5dfe9fff,2026-06-18,251,286439597,0.063,332086,
approach,뉴빙팡,7a6e95f650de3d8cbfe56f6a5dfe9fff,2026-06-19,251,286439597,0.063,,
approach,뉴빙팡,7a6e95f650de3d8cbfe56f6a5dfe9fff,2026-06-20,251,286439597,0.063,,
approach,뉴빙팡,7a6e95f650de3d8cbfe56f6a5dfe9fff,2026-06-21,251,286439597,0.063,,
approach,뉴빙팡,7a6e95f650de3d8cbfe56f6a5dfe9fff,2026-06-22,251,286439597,0.063,,
approach,뉴빙팡,7a6e95f650de3d8cbfe56f6a5dfe9fff,2026-06-23,251,286439597,0.063,,
approach,뉴빙팡,7a6e95f650de3d8cbfe56f6a5dfe9fff,2026-06-24,251,286439597,0.063,,
approach,뉴빙팡,7a6e95f650de3d8cbfe56f6a5dfe9fff,2026-06-25,251,286439597,0.063,,
approach,뉴빙팡,7a6e95f650de3d8cbfe56f6a5dfe9fff,2026-06-26,251,286439597,0.063,332086,
approach,뉴빙팡,7a6e95f650de3d8cbfe56f6a5dfe9fff,2026-06-27,251,286439597,0.063,,
approach,뉴빙팡,7a6e95f650de3d8cbfe56f6a5dfe9fff,2026-06-28,251,286439597,0.063,,
approach,뉴빙팡,7a6e95f650de3d8cbfe56f6a5dfe9fff,2026-06-29,251,286439597,0.063,,
approach,뉴빙팡,7a6e95f650de3d8cbfe56f6a5dfe9fff,2026-06-30,251,286439597,0.063,,
approach,뉴빙팡,7a6e95f650de3d8cbfe56f6a5dfe9fff,2026-07-01,251,286439597,0.063,,
approach,뉴빙팡,7a6e95f650de3d8cbfe56f6a5dfe9fff,2026-07-02,251,286439597,0.063,,
approach,뉴빙팡,7a6e95f650de3d8cbfe56f6a5dfe9fff,2026-07-03,251,286439597,0.063,,
approach,뉴빙팡,7a6e95f650de3d8cbfe56f6a5dfe9fff,2026-07-04,251,286439597,0.063,332086,
approach,뉴빙팡,7a6e95f650de3d8cbfe56f6a5dfe9fff,2026-07-05,251,286439597,0.063,,
approach,뉴빙팡,7a6e95f650de3d8cbfe56f6a5dfe9fff,2026-07-06,251,286439597,0.063,,
approach,뉴빙팡,7a6e95f650de3d8cbfe56f6a5dfe9fff,2026-07-07,251,286439597,0.063,,
approach,뉴빙팡,7a6e95f650de3d8cbfe56f6a5dfe9fff,2026-07-08,251,286439597,0.063,,
approach,뉴빙팡,7a6e95f650de3d8cbfe56f6a5dfe9fff,2026-07-09,251,286439597,0.063,,
approach,뉴빙팡,7a6e95f650de3d8cbfe56f6a5dfe9fff,2026-07-10,251,286439597,0.063,,
approach,뉴빙팡,7a6e95f650de3d8cbfe56f6a5dfe9fff,2026-07-11,251,286439597,0.063,,
approach,뉴빙팡,7a6e95f650de3d8cbfe56f6a5dfe9fff,2026-07-12,251,286439597,0.063,332086,
approach,fantasic메세,5469179dc5550667136352bafb62cc35efe8d04e6d233bd35cf2fabdeb93fb0d,2026-06-18,251,255245399,0.133,70233,
approach,fantasic메세,5469179dc5550667136352bafb62cc35efe8d04e6d233bd35cf2fabdeb93fb0d,2026-06-19,251,255245399,0.133,,
approach,fantasic메세,5469179dc5550667136352bafb62cc35efe8d04e6d233bd35cf2fabdeb93fb0d,2026-06-20,251,255245399,0.133,,
approach,fantasic메세,5469179dc5550667136352bafb62cc35efe8d04e6d233bd35cf2fabdeb93fb0d,2026-06-21,251,255245399,0.133,,
approach,fantasic메세,5469179dc5550667136352bafb62cc35efe8d04e6d233bd35cf2fabdeb93fb0d,2026-06-22,251,255245399,0.133,,
approach,fantasic메세,5469179dc5550667136352bafb62cc35efe8d04e6d233bd35cf2fabdeb93fb0d,2026-06-23,251,255245399,0.133,,
approach,fantasic메세,5469179dc5550667136352bafb62cc35efe8d04e6d233bd35cf2fabdeb93fb0d,2026-06-24,251,255245399,0.133,,
approach,fantasic메세,5469179dc5550667136352bafb62cc35efe8d04e6d233bd35cf2fabdeb93fb0d,2026-06-25,251,255245399,0.133,,
approach,fantasic메세,5469179dc5550667136352bafb62cc35efe8d04e6d233bd35cf2fabdeb93fb0d,2026-06-26,251,255245399,0.133,70233,
approach,fantasic메세,5469179dc5550667136352bafb62cc35efe8d04e6d233bd35cf2fabdeb93fb0d,2026-06-27,251,255245399,0.133,,
approach,fantasic메세,5469179dc5550667136352bafb62cc35efe8d04e6d233bd35cf2fabdeb93fb0d,2026-06-28,251,255245399,0.133,,
approach,fantasic메세,5469179dc5550667136352bafb62cc35efe8d04e6d233bd35cf2fabdeb93fb0d,2026-06-29,251,255245399,0.133,,
approach,fantasic메세,5469179dc5550667136352bafb62cc35efe8d04e6d233bd35cf2fabdeb93fb0d,2026-06-30,251,255245399,0.133,,
approach,fantasic메세,5469179dc5550667136352bafb62cc35efe8d04e6d233bd35cf2fabdeb93fb0d,2026-07-01,251,255245399,0.133,,
approach,fantasic메세,5469179dc5550667136352bafb62cc35efe8d04e6d233bd35cf2fabdeb93fb0d,2026-07-02,251,255245399,0.133,,
approach,fantasic메세,5469179dc5550667136352bafb62cc35efe8d04e6d233bd35cf2fabdeb93fb0d,2026-07-03,251,255245399,0.133,,
approach,fantasic메세,5469179dc5550667136352bafb62cc35efe8d04e6d233bd35cf2fabdeb93fb0d,2026-07-04,251,255245399,0.133,70233,
approach,fantasic메세,5469179dc5550667136352bafb62cc35efe8d04e6d233bd35cf2fabdeb93fb0d,2026-07-05,251,255245399,0.133,,
approach,fantasic메세,5469179dc5550667136352bafb62cc35efe8d04e6d233bd35cf2fabdeb93fb0d,2026-07-06,251,255245399,0.133,,
approach,fantasic메세,5469179dc5550667136352bafb62cc35efe8d04e6d233bd35cf2fabdeb93fb0d,2026-07-07,251,255245399,0.133,,
approach,fantasic메세,5469179dc5550667136352bafb62cc35efe8d04e6d233bd35cf2fabdeb93fb0d,2026-07-08,251,255245399,0.133,,
approach,fantasic메세,5469179dc5550667136352bafb62cc35efe8d04e6d233bd35cf2fabdeb93fb0d,2026-07-09,251,255245399,0.133,,
approach,fantasic메세,5469179dc5550667136352bafb62cc35efe8d04e6d233bd35cf2fabdeb93fb0d,2026-07-10,251,255245399,0.133,,
approach,fantasic메세,5469179dc5550667136352bafb62cc35efe8d04e6d233bd35cf2fabdeb93fb0d,2026-07-11,251,255245399,0.133,,
approach,fantasic메세,5469179dc5550667136352bafb62cc35efe8d04e6d233bd35cf2fabdeb93fb0d,2026-07-12,251,255245399,0.133,70233,
approach,상큼한거먹고,403ff8afe9e747b6f5477ccc8907c03a,2026-06-18,251,255662014,0.133,1147892,
approach,상큼한거먹고,403ff8afe9e747b6f5477ccc8907c03a,2026-06-19,251,255662014,0.133,,
approach,상큼한거먹고,403ff8afe9e747b6f5477ccc8907c03a,2026-06-20,251,255662014,0.133,,
approach,상큼한거먹고,403ff8afe9e747b6f5477ccc8907c03a,2026-06-21,251,255662014,0.133,,
approach,상큼한거먹고,403ff8afe9e747b6f5477ccc8907c03a,2026-06-22,251,255662014,0.133,,
approach,상큼한거먹고,403ff8afe9e747b6f5477ccc8907c03a,2026-06-23,251,255662014,0.133,,
approach,상큼한거먹고,403ff8afe9e747b6f5477ccc8907c03a,2026-06-24,251,255662014,0.133,,
approach,상큼한거먹고,403ff8afe9e747b6f5477ccc8907c03a,2026-06-25,251,255662014,0.133,,
approach,상큼한거먹고,403ff8afe9e747b6f5477ccc8907c03a,2026-06-26,251,255662014,0.133,1147892,
approach,상큼한거먹고,403ff8afe9e747b6f5477ccc8907c03a,2026-06-27,251,255662014,0.133,,
approach,상큼한거먹고,403ff8afe9e747b6f5477ccc8907c03a,2026-06-28,251,255662014,0.133,,
approach,상큼한거먹고,403ff8afe9e747b6f5477ccc8907c03a,2026-06-29,251,255662014,0.133,,
approach,상큼한거먹고,403ff8afe9e747b6f5477ccc8907c03a,2026-06-30,251,255662014,0.133,,
approach,상큼한거먹고,403ff8afe9e747b6f5477ccc8907c03a,2026-07-01,251,255662014,0.133,,
approach,상큼한거먹고,403ff8afe9e747b6f5477ccc8907c03a,2026-07-02,251,255662014,0.133,,
approach,상큼한거먹고,403ff8afe9e747b6f5477ccc8907c03a,2026-07-03,251,255662014,0.133,,
approach,상큼한거먹고,403ff8afe9e747b6f5477ccc8907c03a,2026-07-04,251,255662014,0.133,1147892,
approach,상큼한거먹고,403ff8afe9e747b6f5477ccc8907c03a,2026-07-05,251,255662014,0.133,,
approach,상큼한거먹고,403ff8afe9e747b6f5477ccc8907c03a,2026-07-06,251,255662014,0.133,,
approach,상큼한거먹고,403ff8afe9e747b6f5477ccc8907c03a,2026-07-07,251,255662014,0.133,,
approach,상큼한거먹고,403ff8afe9e747b6f5477ccc8907c03a,2026-07-08,251,255662014,0.133,,
approach,상큼한거먹고,403ff8afe9e747b6f5477ccc8907c03a,2026-07-09,251,255662014,0.133,,
approach,상큼한거먹고,403ff8afe9e747b6f5477ccc8907c03a,2026-07-10,251,255662014,0.133,,
approach,상큼한거먹고,403ff8afe9e747b6f5477ccc8907c03a,2026-07-11,251,255662014,0.133,,
approach,상큼한거먹고,403ff8afe9e747b6f5477ccc8907c03a,2026-07-12,251,255662014,0.133,1147892,
approach,솔제나,1d861cc033d7f1e6364a96a739d6122daae77432709819edb959e1fd5d1d77b4,2026-06-18,251,226359990,0.118,0,
approach,솔제나,1d861cc033d7f1e6364a96a739d6122daae77432709819edb959e1fd5d1d77b4,2026-06-19,251,226359990,0.118,,
approach,솔제나,1d861cc033d7f1e6364a96a739d6122daae77432709819edb959e1fd5d1d77b4,2026-06-20,251,226359990,0.118,,
approach,솔제나,1d861cc033d7f1e6364a96a739d6122daae77432709819edb959e1fd5d1d77b4,2026-06-21,251,226359990,0.118,,
approach,솔제나,1d861cc033d7f1e6364a96a739d6122daae77432709819edb959e1fd5d1d77b4,2026-06-22,251,226359990,0.118,,
approach,솔제나,1d861cc033d7f1e6364a96a739d6122daae77432709819edb959e1fd5d1d77b4,2026-06-23,251,226359990,0.118,,
approach,솔제나,1d861cc033d7f1e6364a96a739d6122daae77432709819edb959e1fd5d1d77b4,2026-06-24,251,226359990,0.118,,
approach,솔제나,1d861cc033d7f1e6364a96a739d6122daae77432709819edb959e1fd5d1d77b4,2026-06-25,251,226359990,0.118,,
approach,솔제나,1d861cc033d7f1e6364a96a739d6122daae77432709819edb959e1fd5d1d77b4,2026-06-26,251,226359990,0.118,0,
approach,솔제나,1d861cc033d7f1e6364a96a739d6122daae77432709819edb959e1fd5d1d77b4,2026-06-27,251,226359990,0.118,,
approach,솔제나,1d861cc033d7f1e6364a96a739d6122daae77432709819edb959e1fd5d1d77b4,2026-06-28,251,226359990,0.118,,
approach,솔제나,1d861cc033d7f1e6364a96a739d6122daae77432709819edb959e1fd5d1d77b4,2026-06-29,251,226359990,0.118,,
approach,솔제나,1d861cc033d7f1e6364a96a739d6122daae77432709819edb959e1fd5d1d77b4,2026-06-30,251,226359990,0.118,,
approach,솔제나,1d861cc033d7f1e6364a96a739d6122daae77432709819edb959e1fd5d1d77b4,2026-07-01,251,226359990,0.118,,
approach,솔제나,1d861cc033d7f1e6364a96a739d6122daae77432709819edb959e1fd5d1d77b4,2026-07-02,251,226359990,0.118,,
approach,솔제나,1d861cc033d7f1e6364a96a739d6122daae77432709819edb959e1fd5d1d77b4,2026-07-03,251,226359990,0.118,,
approach,솔제나,1d861cc033d7f1e6364a96a739d6122daae77432709819edb959e1fd5d1d77b4,2026-07-04,251,226359990,0.118,0,
approach,솔제나,1d861cc033d7f1e6364a96a739d6122daae77432709819edb959e1fd5d1d77b4,2026-07-05,251,226359990,0.118,,
approach,솔제나,1d861cc033d7f1e6364a96a739d6122daae77432709819edb959e1fd5d1d77b4,2026-07-06,251,226359990,0.118,,
approach,솔제나,1d861cc033d7f1e6364a96a739d6122daae77432709819edb959e1fd5d1d77b4,2026-07-07,251,226359990,0.118,,
approach,솔제나,1d861cc033d7f1e6364a96a739d6122daae77432709819edb959e1fd5d1d77b4,2026-07-08,251,226359990,0.118,,
approach,솔제나,1d861cc033d7f1e6364a96a739d6122daae77432709819edb959e1fd5d1d77b4,2026-07-09,251,226359990,0.118,,
approach,솔제나,1d861cc033d7f1e6364a96a739d6122daae77432709819edb959e1fd5d1d77b4,2026-07-10,251,226359990,0.118,,
approach,솔제나,1d861cc033d7f1e6364a96a739d6122daae77432709819edb959e1fd5d1d77b4,2026-07-11,251,226359990,0.118,,
approach,솔제나,1d861cc033d7f1e6364a96a739d6122daae77432709819edb959e1fd5d1d77b4,2026-07-12,251,226359990,0.118,0,
approach,학교안간딸기,b021955e657b3b094cf9be4e56a21828,2026-06-18,251,263895924,0.058,0,
approach,학교안간딸기,b021955e657b3b094cf9be4e56a21828,2026-06-19,251,263895924,0.058,,
approach,학교안간딸기,b021955e657b3b094cf9be4e56a21828,2026-06-20,251,263895924,0.058,,
approach,학교안간딸기,b021955e657b3b094cf9be4e56a21828,2026-06-21,251,263895924,0.058,,
approach,학교안간딸기,b021955e657b3b094cf9be4e56a21828,2026-06-22,251,263895924,0.058,,
approach,학교안간딸기,b021955e657b3b094cf9be4e56a21828,2026-06-23,251,263895924,0.058,,
approach,학교안간딸기,b021955e657b3b094cf9be4e56a21828,2026-06-24,251,263895924,0.058,,
approach,학교안간딸기,b021955e657b3b094cf9be4e56a21828,2026-06-25,251,263895924,0.058,,
approach,학교안간딸기,b021955e657b3b094cf9be4e56a21828,2026-06-26,251,263895924,0.058,0,
approach,학교안간딸기,b021955e657b3b094cf9be4e56a21828,2026-06-27,251,263895924,0.058,,
approach,학교안간딸기,b021955e657b3b094cf9be4e56a21828,2026-06-28,251,263895924,0.058,,
approach,학교안간딸기,b021955e657b3b094cf9be4e56a21828,2026-06-29,251,263895924,0.058,,
approach,학교안간딸기,b021955e657b3b094cf9be4e56a21828,2026-06-30,251,263895924,0.058,,
approach,학교안간딸기,b021955e657b3b094cf9be4e56a21828,2026-07-01,251,263895924,0.058,,
approach,학교안간딸기,b021955e657b3b094cf9be4e56a21828,2026-07-02,251,263895924,0.058,,
approach,학교안간딸기,b021955e657b3b094cf9be4e56a21828,2026-07-03,251,263895924,0.058,,
approach,학교안간딸기,b021955e657b3b094cf9be4e56a21828,2026-07-04,251,263895924,0.058,0,
approach,학교안간딸기,b021955e657b3b094cf9be4e56a21828,2026-07-05,251,263895924,0.058,,
approach,학교안간딸기,b021955e657b3b094cf9be4e56a21828,2026-07-06,251,263895924,0.058,,
approach,학교안간딸기,b021955e657b3b094cf9be4e56a21828,2026-07-07,251,263895924,0.058,,
approach,학교안간딸기,b021955e657b3b094cf9be4e56a21828,2026-07-08,251,263895924,0.058,,
approach,학교안간딸기,b021955e657b3b094cf9be4e56a21828,2026-07-09,251,263895924,0.058,,
approach,학교안간딸기,b021955e657b3b094cf9be4e56a21828,2026-07-10,251,263895924,0.058,,
approach,학교안간딸기,b021955e657b3b094cf9be4e56a21828,2026-07-11,251,263895924,0.058,,
approach,학교안간딸기,b021955e657b3b094cf9be4e56a21828,2026-07-12,251,263895924,0.058,0,
approach,세탁과메카닉,c985244a70751df303e2a3e9e5bf187a6fbb98200a15be5bcc73a64995849e9c,2026-06-18,251,250800456,0.131,70402,
approach,세탁과메카닉,c985244a70751df303e2a3e9e5bf187a6fbb98200a15be5bcc73a64995849e9c,2026-06-19,251,250800456,0.131,,
approach,세탁과메카닉,c985244a70751df303e2a3e9e5bf187a6fbb98200a15be5bcc73a64995849e9c,2026-06-20,251,250800456,0.131,,
approach,세탁과메카닉,c985244a70751df303e2a3e9e5bf187a6fbb98200a15be5bcc73a64995849e9c,2026-06-21,251,250800456,0.131,,
approach,세탁과메카닉,c985244a70751df303e2a3e9e5bf187a6fbb98200a15be5bcc73a64995849e9c,2026-06-22,251,250800456,0.131,,
approach,세탁과메카닉,c985244a70751df303e2a3e9e5bf187a6fbb98200a15be5bcc73a64995849e9c,2026-06-23,251,250800456,0.131,,
approach,세탁과메카닉,c985244a70751df303e2a3e9e5bf187a6fbb98200a15be5bcc73a64995849e9c,2026-06-24,251,250800456,0.131,,
approach,세탁과메카닉,c985244a70751df303e2a3e9e5bf187a6fbb98200a15be5bcc73a64995849e9c,2026-06-25,251,250800456,0.131,,
approach,세탁과메카닉,c985244a70751df303e2a3e9e5bf187a6fbb98200a15be5bcc73a64995849e9c,2026-06-26,251,250800456,0.131,70402,
approach,세탁과메카닉,c985244a70751df303e2a3e9e5bf187a6fbb98200a15be5bcc73a64995849e9c,2026-06-27,251,250800456,0.131,,
approach,세탁과메카닉,c985244a70751df303e2a3e9e5bf187a6fbb98200a15be5bcc73a64995849e9c,2026-06-28,251,250800456,0.131,,
approach,세탁과메카닉,c985244a70751df303e2a3e9e5bf187a6fbb98200a15be5bcc73a64995849e9c,2026-06-29,251,250800456,0.131,,
approach,세탁과메카닉,c985244a70751df303e2a3e9e5bf187a6fbb98200a15be5bcc73a64995849e9c,2026-06-30,251,250800456,0.131,,
approach,세탁과메카닉,c985244a70751df303e2a3e9e5bf187a6fbb98200a15be5bcc73a64995849e9c,2026-07-01,251,250800456,0.131,,
approach,세탁과메카닉,c985244a70751df303e2a3e9e5bf187a6fbb98200a15be5bcc73a64995849e9c,2026-07-02,251,250800456,0.131,,
approach,세탁과메카닉,c985244a70751df303e2a3e9e5bf187a6fbb98200a15be5bcc73a64995849e9c,2026-07-03,251,250800456,0.131,,
approach,세탁과메카닉,c985244a70751df303e2a3e9e5bf187a6fbb98200a15be5bcc73a64995849e9c,2026-07-04,251,250800456,0.131,70402,
approach,세탁과메카닉,c985244a70751df303e2a3e9e5bf187a6fbb98200a15be5bcc73a64995849e9c,2026-07-05,251,250800456,0.131,,
approach,세탁과메카닉,c985244a70751df303e2a3e9e5bf187a6fbb98200a15be5bcc73a64995849e9c,2026-07-06,251,250800456,0.131,,
approach,세탁과메카닉,c985244a70751df303e2a3e9e5bf187a6fbb98200a15be5bcc73a64995849e9c,2026-07-07,251,250800456,0.131,,
approach,세탁과메카닉,c985244a70751df303e2a3e9e5bf187a6fbb98200a15be5bcc73a64995849e9c,2026-07-08,251,250800456,0.131,,
approach,세탁과메카닉,c985244a70751df303e2a3e9e5bf187a6fbb98200a15be5bcc73a64995849e9c,2026-07-09,251,250800456,0.131,,
approach,세탁과메카닉,c985244a70751df303e2a3e9e5bf187a6fbb98200a15be5bcc73a64995849e9c,2026-07-10,251,250800456,0.131,,
approach,세탁과메카닉,c985244a70751df303e2a3e9e5bf187a6fbb98200a15be5bcc73a64995849e9c,2026-07-11,251,250800456,0.131,,
approach,세탁과메카닉,c985244a70751df303e2a3e9e5bf187a6fbb98200a15be5bcc73a64995849e9c,2026-07-12,251,250800456,0.131,70402,
approach,exe07,ecdba59cbf3b886ab3e3bbdca766a6a6efe8d04e6d233bd35cf2fabdeb93fb0d,2026-06-18,251,290597466,0.151,99951,
approach,exe07,ecdba59cbf3b886ab3e3bbdca766a6a6efe8d04e6d233bd35cf2fabdeb93fb0d,2026-06-19,251,290597466,0.151,,
approach,exe07,ecdba59cbf3b886ab3e3bbdca766a6a6efe8d04e6d233bd35cf2fabdeb93fb0d,2026-06-20,251,290597466,0.151,,
approach,exe07,ecdba59cbf3b886ab3e3bbdca766a6a6efe8d04e6d233bd35cf2fabdeb93fb0d,2026-06-21,251,290597466,0.151,,
approach,exe07,ecdba59cbf3b886ab3e3bbdca766a6a6efe8d04e6d233bd35cf2fabdeb93fb0d,2026-06-22,251,290597466,0.151,,
approach,exe07,ecdba59cbf3b886ab3e3bbdca766a6a6efe8d04e6d233bd35cf2fabdeb93fb0d,2026-06-23,251,290597466,0.151,,
approach,exe07,ecdba59cbf3b886ab3e3bbdca766a6a6efe8d04e6d233bd35cf2fabdeb93fb0d,2026-06-24,251,290597466,0.151,,
approach,exe07,ecdba59cbf3b886ab3e3bbdca766a6a6efe8d04e6d233bd35cf2fabdeb93fb0d,2026-06-25,251,290597519,0.151,,
approach,exe07,ecdba59cbf3b886ab3e3bbdca766a6a6efe8d04e6d233bd35cf2fabdeb93fb0d,2026-06-26,251,290597519,0.151,96612,
approach,exe07,ecdba59cbf3b886ab3e3bbdca766a6a6efe8d04e6d233bd35cf2fabdeb93fb0d,2026-06-27,251,290597519,0.151,,
approach,exe07,ecdba59cbf3b886ab3e3bbdca766a6a6efe8d04e6d233bd35cf2fabdeb93fb0d,2026-06-28,251,290597519,0.151,,
approach,exe07,ecdba59cbf3b886ab3e3bbdca766a6a6efe8d04e6d233bd35cf2fabdeb93fb0d,2026-06-29,251,290597519,0.151,,
approach,exe07,ecdba59cbf3b886ab3e3bbdca766a6a6efe8d04e6d233bd35cf2fabdeb93fb0d,2026-06-30,251,290597519,0.151,,
approach,exe07,ecdba59cbf3b886ab3e3bbdca766a6a6efe8d04e6d233bd35cf2fabdeb93fb0d,2026-07-01,251,290597519,0.151,,
approach,exe07,ecdba59cbf3b886ab3e3bbdca766a6a6efe8d04e6d233bd35cf2fabdeb93fb0d,2026-07-02,251,290597519,0.151,,
approach,exe07,ecdba59cbf3b886ab3e3bbdca766a6a6efe8d04e6d233bd35cf2fabdeb93fb0d,2026-07-03,251,290597519,0.151,,
approach,exe07,ecdba59cbf3b886ab3e3bbdca766a6a6efe8d04e6d233bd35cf2fabdeb93fb0d,2026-07-04,251,290597519,0.151,96612,
approach,exe07,ecdba59cbf3b886ab3e3bbdca766a6a6efe8d04e6d233bd35cf2fabdeb93fb0d,2026-07-05,251,290597519,0.151,,
approach,exe07,ecdba59cbf3b886ab3e3bbdca766a6a6efe8d04e6d233bd35cf2fabdeb93fb0d,2026-07-06,251,290597519,0.151,,
approach,exe07,ecdba59cbf3b886ab3e3bbdca766a6a6efe8d04e6d233bd35cf2fabdeb93fb0d,2026-07-07,251,290597519,0.151,,
approach,exe07,ecdba59cbf3b886ab3e3bbdca766a6a6efe8d04e6d233bd35cf2fabdeb93fb0d,2026-07-08,251,290597519,0.151,,
approach,exe07,ecdba59cbf3b886ab3e3bbdca766a6a6efe8d04e6d233bd35cf2fabdeb93fb0d,2026-07-09,251,290597519,0.151,,
approach,exe07,ecdba59cbf3b886ab3e3bbdca766a6a6efe8d04e6d233bd35cf2fabdeb93fb0d,2026-07-10,251,290597519,0.151,,
approach,exe07,ecdba59cbf3b886ab3e3bbdca766a6a6efe8d04e6d233bd35cf2fabdeb93fb0d,2026-07-11,251,290597519,0.151,,
approach,exe07,ecdba59cbf3b886ab3e3bbdca766a6a6efe8d04e6d233bd35cf2fabdeb93fb0d,2026-07-12,251,290597519,0.151,96612,
approach,이파리꽃,a15340dd6bd5480271d7e75186c2af26efe8d04e6d233bd35cf2fabdeb93fb0d,2026-06-18,251,272364220,0.142,678293,
approach,이파리꽃,a15340dd6bd5480271d7e75186c2af26efe8d04e6d233bd35cf2fabdeb93fb0d,2026-06-19,251,272364220,0.142,,
approach,이파리꽃,a15340dd6bd5480271d7e75186c2af26efe8d04e6d233bd35cf2fabdeb93fb0d,2026-06-20,251,272364220,0.142,,
approach,이파리꽃,a15340dd6bd5480271d7e75186c2af26efe8d04e6d233bd35cf2fabdeb93fb0d,2026-06-21,251,272364220,0.142,,
approach,이파리꽃,a15340dd6bd5480271d7e75186c2af26efe8d04e6d233bd35cf2fabdeb93fb0d,2026-06-22,251,272364220,0.142,,
approach,이파리꽃,a15340dd6bd5480271d7e75186c2af26efe8d04e6d233bd35cf2fabdeb93fb0d,2026-06-23,251,272364220,0.142,,
approach,이파리꽃,a15340dd6bd5480271d7e75186c2af26efe8d04e6d233bd35cf2fabdeb93fb0d,2026-06-24,251,272364220,0.142,,
approach,이파리꽃,a15340dd6bd5480271d7e75186c2af26efe8d04e6d233bd35cf2fabdeb93fb0d,2026-06-25,251,272364220,0.142,,
approach,이파리꽃,a15340dd6bd5480271d7e75186c2af26efe8d04e6d233bd35cf2fabdeb93fb0d,2026-06-26,251,272364220,0.142,678293,
approach,이파리꽃,a15340dd6bd5480271d7e75186c2af26efe8d04e6d233bd35cf2fabdeb93fb0d,2026-06-27,251,272364220,0.142,,
approach,이파리꽃,a15340dd6bd5480271d7e75186c2af26efe8d04e6d233bd35cf2fabdeb93fb0d,2026-06-28,251,272364220,0.142,,
approach,이파리꽃,a15340dd6bd5480271d7e75186c2af26efe8d04e6d233bd35cf2fabdeb93fb0d,2026-06-29,251,272364220,0.142,,
approach,이파리꽃,a15340dd6bd5480271d7e75186c2af26efe8d04e6d233bd35cf2fabdeb93fb0d,2026-06-30,251,272364220,0.142,,
approach,이파리꽃,a15340dd6bd5480271d7e75186c2af26efe8d04e6d233bd35cf2fabdeb93fb0d,2026-07-01,251,272364220,0.142,,
approach,이파리꽃,a15340dd6bd5480271d7e75186c2af26efe8d04e6d233bd35cf2fabdeb93fb0d,2026-07-02,251,272364220,0.142,,
approach,이파리꽃,a15340dd6bd5480271d7e75186c2af26efe8d04e6d233bd35cf2fabdeb93fb0d,2026-07-03,251,272364220,0.142,,
approach,이파리꽃,a15340dd6bd5480271d7e75186c2af26efe8d04e6d233bd35cf2fabdeb93fb0d,2026-07-04,251,272364220,0.142,678293,
approach,이파리꽃,a15340dd6bd5480271d7e75186c2af26efe8d04e6d233bd35cf2fabdeb93fb0d,2026-07-05,251,272364220,0.142,,
approach,이파리꽃,a15340dd6bd5480271d7e75186c2af26efe8d04e6d233bd35cf2fabdeb93fb0d,2026-07-06,251,272364220,0.142,,
approach,이파리꽃,a15340dd6bd5480271d7e75186c2af26efe8d04e6d233bd35cf2fabdeb93fb0d,2026-07-07,251,272364220,0.142,,
approach,이파리꽃,a15340dd6bd5480271d7e75186c2af26efe8d04e6d233bd35cf2fabdeb93fb0d,2026-07-08,251,272364220,0.142,,
approach,이파리꽃,a15340dd6bd5480271d7e75186c2af26efe8d04e6d233bd35cf2fabdeb93fb0d,2026-07-09,251,272364220,0.142,,
approach,이파리꽃,a15340dd6bd5480271d7e75186c2af26efe8d04e6d233bd35cf2fabdeb93fb0d,2026-07-10,251,272364220,0.142,,
approach,이파리꽃,a15340dd6bd5480271d7e75186c2af26efe8d04e6d233bd35cf2fabdeb93fb0d,2026-07-11,251,272364220,0.142,,
approach,이파리꽃,a15340dd6bd5480271d7e75186c2af26efe8d04e6d233bd35cf2fabdeb93fb0d,2026-07-12,251,272364220,0.142,678293,
approach,iIIi라이트,5ebf5efb593c50faa97ae4d5498c8741efe8d04e6d233bd35cf2fabdeb93fb0d,2026-06-18,251,316756317,0.165,1011136,
approach,iIIi라이트,5ebf5efb593c50faa97ae4d5498c8741efe8d04e6d233bd35cf2fabdeb93fb0d,2026-06-19,251,316756317,0.165,,
approach,iIIi라이트,5ebf5efb593c50faa97ae4d5498c8741efe8d04e6d233bd35cf2fabdeb93fb0d,2026-06-20,251,316756317,0.165,,
approach,iIIi라이트,5ebf5efb593c50faa97ae4d5498c8741efe8d04e6d233bd35cf2fabdeb93fb0d,2026-06-21,251,316756317,0.165,,
approach,iIIi라이트,5ebf5efb593c50faa97ae4d5498c8741efe8d04e6d233bd35cf2fabdeb93fb0d,2026-06-22,251,316756317,0.165,,
approach,iIIi라이트,5ebf5efb593c50faa97ae4d5498c8741efe8d04e6d233bd35cf2fabdeb93fb0d,2026-06-23,251,316756317,0.165,,
approach,iIIi라이트,5ebf5efb593c50faa97ae4d5498c8741efe8d04e6d233bd35cf2fabdeb93fb0d,2026-06-24,251,316756317,0.165,,
approach,iIIi라이트,5ebf5efb593c50faa97ae4d5498c8741efe8d04e6d233bd35cf2fabdeb93fb0d,2026-06-25,251,316756317,0.165,,
approach,iIIi라이트,5ebf5efb593c50faa97ae4d5498c8741efe8d04e6d233bd35cf2fabdeb93fb0d,2026-06-26,251,316756317,0.165,1011136,
approach,iIIi라이트,5ebf5efb593c50faa97ae4d5498c8741efe8d04e6d233bd35cf2fabdeb93fb0d,2026-06-27,251,316756317,0.165,,
approach,iIIi라이트,5ebf5efb593c50faa97ae4d5498c8741efe8d04e6d233bd35cf2fabdeb93fb0d,2026-06-28,251,316756317,0.165,,
approach,iIIi라이트,5ebf5efb593c50faa97ae4d5498c8741efe8d04e6d233bd35cf2fabdeb93fb0d,2026-06-29,251,316756317,0.165,,
approach,iIIi라이트,5ebf5efb593c50faa97ae4d5498c8741efe8d04e6d233bd35cf2fabdeb93fb0d,2026-06-30,251,316756317,0.165,,
approach,iIIi라이트,5ebf5efb593c50faa97ae4d5498c8741efe8d04e6d233bd35cf2fabdeb93fb0d,2026-07-01,251,316756317,0.165,,
approach,iIIi라이트,5ebf5efb593c50faa97ae4d5498c8741efe8d04e6d233bd35cf2fabdeb93fb0d,2026-07-02,251,316756317,0.165,,
approach,iIIi라이트,5ebf5efb593c50faa97ae4d5498c8741efe8d04e6d233bd35cf2fabdeb93fb0d,2026-07-03,251,316756317,0.165,,
approach,iIIi라이트,5ebf5efb593c50faa97ae4d5498c8741efe8d04e6d233bd35cf2fabdeb93fb0d,2026-07-04,251,316756317,0.165,1011136,
approach,iIIi라이트,5ebf5efb593c50faa97ae4d5498c8741efe8d04e6d233bd35cf2fabdeb93fb0d,2026-07-05,251,316756317,0.165,,
approach,iIIi라이트,5ebf5efb593c50faa97ae4d5498c8741efe8d04e6d233bd35cf2fabdeb93fb0d,2026-07-06,251,316756317,0.165,,
approach,iIIi라이트,5ebf5efb593c50faa97ae4d5498c8741efe8d04e6d233bd35cf2fabdeb93fb0d,2026-07-07,251,316756317,0.165,,
approach,iIIi라이트,5ebf5efb593c50faa97ae4d5498c8741efe8d04e6d233bd35cf2fabdeb93fb0d,2026-07-08,251,316756317,0.165,,
approach,iIIi라이트,5ebf5efb593c50faa97ae4d5498c8741efe8d04e6d233bd35cf2fabdeb93fb0d,2026-07-09,251,316756317,0.165,,
approach,iIIi라이트,5ebf5efb593c50faa97ae4d5498c8741efe8d04e6d233bd35cf2fabdeb93fb0d,2026-07-10,251,316756317,0.165,,
approach,iIIi라이트,5ebf5efb593c50faa97ae4d5498c8741efe8d04e6d233bd35cf2fabdeb93fb0d,2026-07-11,251,316756317,0.165,,
approach,iIIi라이트,5ebf5efb593c50faa97ae4d5498c8741efe8d04e6d233bd35cf2fabdeb93fb0d,2026-07-12,251,316756317,0.165,1011136,
approach,옹국도,ce8c0a13c18cb84e722ac0b9d5b5a277efe8d04e6d233bd35cf2fabdeb93fb0d,2026-06-18,251,276970580,0.144,824984,
approach,옹국도,ce8c0a13c18cb84e722ac0b9d5b5a277efe8d04e6d233bd35cf2fabdeb93fb0d,2026-06-19,251,276970580,0.144,,
approach,옹국도,ce8c0a13c18cb84e722ac0b9d5b5a277efe8d04e6d233bd35cf2fabdeb93fb0d,2026-06-20,251,276970580,0.144,,
approach,옹국도,ce8c0a13c18cb84e722ac0b9d5b5a277efe8d04e6d233bd35cf2fabdeb93fb0d,2026-06-21,251,276970580,0.144,,
approach,옹국도,ce8c0a13c18cb84e722ac0b9d5b5a277efe8d04e6d233bd35cf2fabdeb93fb0d,2026-06-22,251,276970580,0.144,,
approach,옹국도,ce8c0a13c18cb84e722ac0b9d5b5a277efe8d04e6d233bd35cf2fabdeb93fb0d,2026-06-23,251,276970580,0.144,,
approach,옹국도,ce8c0a13c18cb84e722ac0b9d5b5a277efe8d04e6d233bd35cf2fabdeb93fb0d,2026-06-24,251,276970580,0.144,,
approach,옹국도,ce8c0a13c18cb84e722ac0b9d5b5a277efe8d04e6d233bd35cf2fabdeb93fb0d,2026-06-25,251,276970580,0.144,,
approach,옹국도,ce8c0a13c18cb84e722ac0b9d5b5a277efe8d04e6d233bd35cf2fabdeb93fb0d,2026-06-26,251,276970580,0.144,824984,
approach,옹국도,ce8c0a13c18cb84e722ac0b9d5b5a277efe8d04e6d233bd35cf2fabdeb93fb0d,2026-06-27,251,276970580,0.144,,
approach,옹국도,ce8c0a13c18cb84e722ac0b9d5b5a277efe8d04e6d233bd35cf2fabdeb93fb0d,2026-06-28,251,276970580,0.144,,
approach,옹국도,ce8c0a13c18cb84e722ac0b9d5b5a277efe8d04e6d233bd35cf2fabdeb93fb0d,2026-06-29,251,276970580,0.144,,
approach,옹국도,ce8c0a13c18cb84e722ac0b9d5b5a277efe8d04e6d233bd35cf2fabdeb93fb0d,2026-06-30,251,276970580,0.144,,
approach,옹국도,ce8c0a13c18cb84e722ac0b9d5b5a277efe8d04e6d233bd35cf2fabdeb93fb0d,2026-07-01,251,276970580,0.144,,
approach,옹국도,ce8c0a13c18cb84e722ac0b9d5b5a277efe8d04e6d233bd35cf2fabdeb93fb0d,2026-07-02,251,276970580,0.144,,
approach,옹국도,ce8c0a13c18cb84e722ac0b9d5b5a277efe8d04e6d233bd35cf2fabdeb93fb0d,2026-07-03,251,276970580,0.144,,
approach,옹국도,ce8c0a13c18cb84e722ac0b9d5b5a277efe8d04e6d233bd35cf2fabdeb93fb0d,2026-07-04,251,276970580,0.144,824984,
approach,옹국도,ce8c0a13c18cb84e722ac0b9d5b5a277efe8d04e6d233bd35cf2fabdeb93fb0d,2026-07-05,251,276970580,0.144,,
approach,옹국도,ce8c0a13c18cb84e722ac0b9d5b5a277efe8d04e6d233bd35cf2fabdeb93fb0d,2026-07-06,251,276970580,0.144,,
approach,옹국도,ce8c0a13c18cb84e722ac0b9d5b5a277efe8d04e6d233bd35cf2fabdeb93fb0d,2026-07-07,251,276970580,0.144,,
approach,옹국도,ce8c0a13c18cb84e722ac0b9d5b5a277efe8d04e6d233bd35cf2fabdeb93fb0d,2026-07-08,251,276970580,0.144,,
approach,옹국도,ce8c0a13c18cb84e722ac0b9d5b5a277efe8d04e6d233bd35cf2fabdeb93fb0d,2026-07-09,251,276970580,0.144,,
approach,옹국도,ce8c0a13c18cb84e722ac0b9d5b5a277efe8d04e6d233bd35cf2fabdeb93fb0d,2026-07-10,251,276970580,0.144,,
approach,옹국도,ce8c0a13c18cb84e722ac0b9d5b5a277efe8d04e6d233bd35cf2fabdeb93fb0d,2026-07-11,251,276970580,0.144,,
approach,옹국도,ce8c0a13c18cb84e722ac0b9d5b5a277efe8d04e6d233bd35cf2fabdeb93fb0d,2026-07-12,251,276970580,0.144,824984,
approach,5월의재수생,dfde2d809b4096b7b047f0c1960d7421,2026-06-18,251,230139193,0.120,485437,
approach,5월의재수생,dfde2d809b4096b7b047f0c1960d7421,2026-06-19,251,230139193,0.120,,
approach,5월의재수생,dfde2d809b4096b7b047f0c1960d7421,2026-06-20,251,230139193,0.120,,
approach,5월의재수생,dfde2d809b4096b7b047f0c1960d7421,2026-06-21,251,230139193,0.120,,
approach,5월의재수생,dfde2d809b4096b7b047f0c1960d7421,2026-06-22,251,230139193,0.120,,
approach,5월의재수생,dfde2d809b4096b7b047f0c1960d7421,2026-06-23,251,230139193,0.120,,
approach,5월의재수생,dfde2d809b4096b7b047f0c1960d7421,2026-06-24,251,230139193,0.120,,
approach,5월의재수생,dfde2d809b4096b7b047f0c1960d7421,2026-06-25,251,230139193,0.120,,
approach,5월의재수생,dfde2d809b4096b7b047f0c1960d7421,2026-06-26,251,230139193,0.120,485437,
approach,5월의재수생,dfde2d809b4096b7b047f0c1960d7421,2026-06-27,251,230139193,0.120,,
approach,5월의재수생,dfde2d809b4096b7b047f0c1960d7421,2026-06-28,251,230139193,0.120,,
approach,5월의재수생,dfde2d809b4096b7b047f0c1960d7421,2026-06-29,251,230139193,0.120,,
approach,5월의재수생,dfde2d809b4096b7b047f0c1960d7421,2026-06-30,251,230139193,0.120,,
approach,5월의재수생,dfde2d809b4096b7b047f0c1960d7421,2026-07-01,251,230139193,0.120,,
approach,5월의재수생,dfde2d809b4096b7b047f0c1960d7421,2026-07-02,251,230139193,0.120,,
approach,5월의재수생,dfde2d809b4096b7b047f0c1960d7421,2026-07-03,251,230139193,0.120,,
approach,5월의재수생,dfde2d809b4096b7b047f0c1960d7421,2026-07-04,251,230139193,0.120,485437,
approach,5월의재수생,dfde2d809b4096b7b047f0c1960d7421,2026-07-05,251,230139193,0.120,,
approach,5월의재수생,dfde2d809b4096b7b047f0c1960d7421,2026-07-06,251,230139193,0.120,,
approach,5월의재수생,dfde2d809b4096b7b047f0c1960d7421,2026-07-07,251,230139193,0.120,,
approach,5월의재수생,dfde2d809b4096b7b047f0c1960d7421,2026-07-08,251,230139193,0.120,,
approach,5월의재수생,dfde2d809b4096b7b047f0c1960d7421,2026-07-09,251,230139193,0.120,,
approach,5월의재수생,dfde2d809b4096b7b047f0c1960d7421,2026-07-10,251,230139193,0.120,,
approach,5월의재수생,dfde2d809b4096b7b047f0c1960d7421,2026-07-11,251,230139193,0.120,,
approach,5월의재수생,dfde2d809b4096b7b047f0c1960d7421,2026-07-12,251,230139193,0.120,485437,
approach,뱅큐크14,c4b8a3ddc7a818b5efef35c92b79d715efe8d04e6d233bd35cf2fabdeb93fb0d,2026-06-18,251,228639067,0.119,50664,
approach,뱅큐크14,c4b8a3ddc7a818b5efef35c92b79d715efe8d04e6d233bd35cf2fabdeb93fb0d,2026-06-19,251,228639067,0.119,,
approach,뱅큐크14,c4b8a3ddc7a818b5efef35c92b79d715efe8d04e6d233bd35cf2fabdeb93fb0d,2026-06-20,251,228639067,0.119,,
approach,뱅큐크14,c4b8a3ddc7a818b5efef35c92b79d715efe8d04e6d233bd35cf2fabdeb93fb0d,2026-06-21,251,228639067,0.119,,
approach,뱅큐크14,c4b8a3ddc7a818b5efef35c92b79d715efe8d04e6d233bd35cf2fabdeb93fb0d,2026-06-22,251,228639067,0.119,,
approach,뱅큐크14,c4b8a3ddc7a818b5efef35c92b79d715efe8d04e6d233bd35cf2fabdeb93fb0d,2026-06-23,251,228639067,0.119,,
approach,뱅큐크14,c4b8a3ddc7a818b5efef35c92b79d715efe8d04e6d233bd35cf2fabdeb93fb0d,2026-06-24,251,228639067,0.119,,
approach,뱅큐크14,c4b8a3ddc7a818b5efef35c92b79d715efe8d04e6d233bd35cf2fabdeb93fb0d,2026-06-25,251,228639067,0.119,,
approach,뱅큐크14,c4b8a3ddc7a818b5efef35c92b79d715efe8d04e6d233bd35cf2fabdeb93fb0d,2026-06-26,251,228639067,0.119,50664,
approach,뱅큐크14,c4b8a3ddc7a818b5efef35c92b79d715efe8d04e6d233bd35cf2fabdeb93fb0d,2026-06-27,251,228639067,0.119,,
approach,뱅큐크14,c4b8a3ddc7a818b5efef35c92b79d715efe8d04e6d233bd35cf2fabdeb93fb0d,2026-06-28,251,228639067,0.119,,
approach,뱅큐크14,c4b8a3ddc7a818b5efef35c92b79d715efe8d04e6d233bd35cf2fabdeb93fb0d,2026-06-29,251,228639067,0.119,,
approach,뱅큐크14,c4b8a3ddc7a818b5efef35c92b79d715efe8d04e6d233bd35cf2fabdeb93fb0d,2026-06-30,251,228639067,0.119,,
approach,뱅큐크14,c4b8a3ddc7a818b5efef35c92b79d715efe8d04e6d233bd35cf2fabdeb93fb0d,2026-07-01,251,228639067,0.119,,
approach,뱅큐크14,c4b8a3ddc7a818b5efef35c92b79d715efe8d04e6d233bd35cf2fabdeb93fb0d,2026-07-02,251,228639067,0.119,,
approach,뱅큐크14,c4b8a3ddc7a818b5efef35c92b79d715efe8d04e6d233bd35cf2fabdeb93fb0d,2026-07-03,251,228639067,0.119,,
approach,뱅큐크14,c4b8a3ddc7a818b5efef35c92b79d715efe8d04e6d233bd35cf2fabdeb93fb0d,2026-07-04,251,228639067,0.119,50664,
approach,뱅큐크14,c4b8a3ddc7a818b5efef35c92b79d715efe8d04e6d233bd35cf2fabdeb93fb0d,2026-07-05,251,228639067,0.119,,
approach,뱅큐크14,c4b8a3ddc7a818b5efef35c92b79d715efe8d04e6d233bd35cf2fabdeb93fb0d,2026-07-06,251,228639067,0.119,,
approach,뱅큐크14,c4b8a3ddc7a818b5efef35c92b79d715efe8d04e6d233bd35cf2fabdeb93fb0d,2026-07-07,251,228639067,0.119,,
approach,뱅큐크14,c4b8a3ddc7a818b5efef35c92b79d715efe8d04e6d233bd35cf2fabdeb93fb0d,2026-07-08,251,228639067,0.119,,
approach,뱅큐크14,c4b8a3ddc7a818b5efef35c92b79d715efe8d04e6d233bd35cf2fabdeb93fb0d,2026-07-09,251,228639067,0.119,,
approach,뱅큐크14,c4b8a3ddc7a818b5efef35c92b79d715efe8d04e6d233bd35cf2fabdeb93fb0d,2026-07-10,251,228639067,0.119,,
approach,뱅큐크14,c4b8a3ddc7a818b5efef35c92b79d715efe8d04e6d233bd35cf2fabdeb93fb0d,2026-07-11,251,228639067,0.119,,
approach,뱅큐크14,c4b8a3ddc7a818b5efef35c92b79d715efe8d04e6d233bd35cf2fabdeb93fb0d,2026-07-12,251,228639067,0.119,50664,
approach,불량한샤프,1cc77866e7b1d9a15af2e5f3b2f570d8,2026-06-18,251,286653568,0.149,319186,
approach,불량한샤프,1cc77866e7b1d9a15af2e5f3b2f570d8,2026-06-19,251,286653568,0.149,,
approach,불량한샤프,1cc77866e7b1d9a15af2e5f3b2f570d8,2026-06-20,251,286653568,0.149,,
approach,불량한샤프,1cc77866e7b1d9a15af2e5f3b2f570d8,2026-06-21,251,286653568,0.149,,
approach,불량한샤프,1cc77866e7b1d9a15af2e5f3b2f570d8,2026-06-22,251,286653568,0.149,,
approach,불량한샤프,1cc77866e7b1d9a15af2e5f3b2f570d8,2026-06-23,251,286653568,0.149,,
approach,불량한샤프,1cc77866e7b1d9a15af2e5f3b2f570d8,2026-06-24,251,286653568,0.149,,
approach,불량한샤프,1cc77866e7b1d9a15af2e5f3b2f570d8,2026-06-25,251,286653568,0.149,,
approach,불량한샤프,1cc77866e7b1d9a15af2e5f3b2f570d8,2026-06-26,251,286653568,0.149,319186,
approach,불량한샤프,1cc77866e7b1d9a15af2e5f3b2f570d8,2026-06-27,251,286653568,0.149,,
approach,불량한샤프,1cc77866e7b1d9a15af2e5f3b2f570d8,2026-06-28,251,286653568,0.149,,
approach,불량한샤프,1cc77866e7b1d9a15af2e5f3b2f570d8,2026-06-29,251,286653568,0.149,,
approach,불량한샤프,1cc77866e7b1d9a15af2e5f3b2f570d8,2026-06-30,251,286653568,0.149,,
approach,불량한샤프,1cc77866e7b1d9a15af2e5f3b2f570d8,2026-07-01,251,286653568,0.149,,
approach,불량한샤프,1cc77866e7b1d9a15af2e5f3b2f570d8,2026-07-02,251,286653568,0.149,,
approach,불량한샤프,1cc77866e7b1d9a15af2e5f3b2f570d8,2026-07-03,251,286653568,0.149,,
approach,불량한샤프,1cc77866e7b1d9a15af2e5f3b2f570d8,2026-07-04,251,286653568,0.149,319186,
approach,불량한샤프,1cc77866e7b1d9a15af2e5f3b2f570d8,2026-07-05,251,286653568,0.149,,
approach,불량한샤프,1cc77866e7b1d9a15af2e5f3b2f570d8,2026-07-06,251,286653568,0.149,,
approach,불량한샤프,1cc77866e7b1d9a15af2e5f3b2f570d8,2026-07-07,251,286653568,0.149,,
approach,불량한샤프,1cc77866e7b1d9a15af2e5f3b2f570d8,2026-07-08,251,286653568,0.149,,
approach,불량한샤프,1cc77866e7b1d9a15af2e5f3b2f570d8,2026-07-09,251,286653568,0.149,,
approach,불량한샤프,1cc77866e7b1d9a15af2e5f3b2f570d8,2026-07-10,251,286653568,0.149,,
approach,불량한샤프,1cc77866e7b1d9a15af2e5f3b2f570d8,2026-07-11,251,286653568,0.149,,
approach,불량한샤프,1cc77866e7b1d9a15af2e5f3b2f570d8,2026-07-12,251,286653568,0.149,319186,
approach,행팡은월,a5320e1080c5626331ccb14db2d576be,2026-06-18,251,282361272,0.147,100679,
approach,행팡은월,a5320e1080c5626331ccb14db2d576be,2026-06-19,251,282361272,0.147,,
approach,행팡은월,a5320e1080c5626331ccb14db2d576be,2026-06-20,251,282361272,0.147,,
approach,행팡은월,a5320e1080c5626331ccb14db2d576be,2026-06-21,251,282361272,0.147,,
approach,행팡은월,a5320e1080c5626331ccb14db2d576be,2026-06-22,251,282361272,0.147,,
approach,행팡은월,a5320e1080c5626331ccb14db2d576be,2026-06-23,251,282361272,0.147,,
approach,행팡은월,a5320e1080c5626331ccb14db2d576be,2026-06-24,251,282361272,0.147,,
approach,행팡은월,a5320e1080c5626331ccb14db2d576be,2026-06-25,251,282361272,0.147,,
approach,행팡은월,a5320e1080c5626331ccb14db2d576be,2026-06-26,251,282361272,0.147,100679,
approach,행팡은월,a5320e1080c5626331ccb14db2d576be,2026-06-27,251,282361272,0.147,,
approach,행팡은월,a5320e1080c5626331ccb14db2d576be,2026-06-28,251,282361272,0.147,,
approach,행팡은월,a5320e1080c5626331ccb14db2d576be,2026-06-29,251,282361272,0.147,,
approach,행팡은월,a5320e1080c5626331ccb14db2d576be,2026-06-30,251,282361272,0.147,,
approach,행팡은월,a5320e1080c5626331ccb14db2d576be,2026-07-01,251,282361272,0.147,,
approach,행팡은월,a5320e1080c5626331ccb14db2d576be,2026-07-02,251,282361272,0.147,,
approach,행팡은월,a5320e1080c5626331ccb14db2d576be,2026-07-03,251,282361272,0.147,,
approach,행팡은월,a5320e1080c5626331ccb14db2d576be,2026-07-04,251,282361272,0.147,100679,
approach,행팡은월,a5320e1080c5626331ccb14db2d576be,2026-07-05,251,282361272,0.147,,
approach,행팡은월,a5320e1080c5626331ccb14db2d576be,2026-07-06,251,282361272,0.147,,
approach,행팡은월,a5320e1080c5626331ccb14db2d576be,2026-07-07,251,282361272,0.147,,
approach,행팡은월,a5320e1080c5626331ccb14db2d576be,2026-07-08,251,282361272,0.147,,
approach,행팡은월,a5320e1080c5626331ccb14db2d576be,2026-07-09,251,282361272,0.147,,
approach,행팡은월,a5320e1080c5626331ccb14db2d576be,2026-07-10,251,282361272,0.147,,
approach,행팡은월,a5320e1080c5626331ccb14db2d576be,2026-07-11,251,282361272,0.147,,
approach,행팡은월,a5320e1080c5626331ccb14db2d576be,2026-07-12,251,282361272,0.147,100679,
approach,나는하버할랭,8bf985315b4d42f6ec3645184f8f5fa2,2026-06-18,251,297438642,0.065,1366174,
approach,나는하버할랭,8bf985315b4d42f6ec3645184f8f5fa2,2026-06-19,251,297438642,0.065,,
approach,나는하버할랭,8bf985315b4d42f6ec3645184f8f5fa2,2026-06-20,251,297438642,0.065,,
approach,나는하버할랭,8bf985315b4d42f6ec3645184f8f5fa2,2026-06-21,251,297438642,0.065,,
approach,나는하버할랭,8bf985315b4d42f6ec3645184f8f5fa2,2026-06-22,251,297438642,0.065,,
approach,나는하버할랭,8bf985315b4d42f6ec3645184f8f5fa2,2026-06-23,251,297438642,0.065,,
approach,나는하버할랭,8bf985315b4d42f6ec3645184f8f5fa2,2026-06-24,251,297438642,0.065,,
approach,나는하버할랭,8bf985315b4d42f6ec3645184f8f5fa2,2026-06-25,251,297438642,0.065,,
approach,나는하버할랭,8bf985315b4d42f6ec3645184f8f5fa2,2026-06-26,251,297438642,0.065,1366174,
approach,나는하버할랭,8bf985315b4d42f6ec3645184f8f5fa2,2026-06-27,251,297438642,0.065,,
approach,나는하버할랭,8bf985315b4d42f6ec3645184f8f5fa2,2026-06-28,251,297438642,0.065,,
approach,나는하버할랭,8bf985315b4d42f6ec3645184f8f5fa2,2026-06-29,251,297438642,0.065,,
approach,나는하버할랭,8bf985315b4d42f6ec3645184f8f5fa2,2026-06-30,251,297438642,0.065,,
approach,나는하버할랭,8bf985315b4d42f6ec3645184f8f5fa2,2026-07-01,251,297438642,0.065,,
approach,나는하버할랭,8bf985315b4d42f6ec3645184f8f5fa2,2026-07-02,251,297438642,0.065,,
approach,나는하버할랭,8bf985315b4d42f6ec3645184f8f5fa2,2026-07-03,251,297438642,0.065,,
approach,나는하버할랭,8bf985315b4d42f6ec3645184f8f5fa2,2026-07-04,251,297438642,0.065,1366174,
approach,나는하버할랭,8bf985315b4d42f6ec3645184f8f5fa2,2026-07-05,251,297438642,0.065,,
approach,나는하버할랭,8bf985315b4d42f6ec3645184f8f5fa2,2026-07-06,251,297438642,0.065,,
approach,나는하버할랭,8bf985315b4d42f6ec3645184f8f5fa2,2026-07-07,251,297438642,0.065,,
approach,나는하버할랭,8bf985315b4d42f6ec3645184f8f5fa2,2026-07-08,251,297438642,0.065,,
approach,나는하버할랭,8bf985315b4d42f6ec3645184f8f5fa2,2026-07-09,251,297438642,0.065,,
approach,나는하버할랭,8bf985315b4d42f6ec3645184f8f5fa2,2026-07-10,251,297438642,0.065,,
approach,나는하버할랭,8bf985315b4d42f6ec3645184f8f5fa2,2026-07-11,251,297438642,0.065,,
approach,나는하버할랭,8bf985315b4d42f6ec3645184f8f5fa2,2026-07-12,251,297438642,0.065,1366174,
approach,위험한독구름,08d9141a208b75e2bb96eec379e30761,2026-06-18,251,297617016,0.155,2700076,
approach,위험한독구름,08d9141a208b75e2bb96eec379e30761,2026-06-19,251,297617016,0.155,,
approach,위험한독구름,08d9141a208b75e2bb96eec379e30761,2026-06-20,251,297617016,0.155,,
approach,위험한독구름,08d9141a208b75e2bb96eec379e30761,2026-06-21,251,297617016,0.155,,
approach,위험한독구름,08d9141a208b75e2bb96eec379e30761,2026-06-22,251,297617016,0.155,,
approach,위험한독구름,08d9141a208b75e2bb96eec379e30761,2026-06-23,251,297617016,0.155,,
approach,위험한독구름,08d9141a208b75e2bb96eec379e30761,2026-06-24,251,297617016,0.155,,
approach,위험한독구름,08d9141a208b75e2bb96eec379e30761,2026-06-25,251,297617016,0.155,,
approach,위험한독구름,08d9141a208b75e2bb96eec379e30761,2026-06-26,251,297617016,0.155,2700076,
approach,위험한독구름,08d9141a208b75e2bb96eec379e30761,2026-06-27,251,297617016,0.155,,
approach,위험한독구름,08d9141a208b75e2bb96eec379e30761,2026-06-28,251,297617016,0.155,,
approach,위험한독구름,08d9141a208b75e2bb96eec379e30761,2026-06-29,251,297617016,0.155,,
approach,위험한독구름,08d9141a208b75e2bb96eec379e30761,2026-06-30,251,297617016,0.155,,
approach,위험한독구름,08d9141a208b75e2bb96eec379e30761,2026-07-01,251,297617016,0.155,,
approach,위험한독구름,08d9141a208b75e2bb96eec379e30761,2026-07-02,251,297617016,0.155,,
approach,위험한독구름,08d9141a208b75e2bb96eec379e30761,2026-07-03,251,297617016,0.155,,
approach,위험한독구름,08d9141a208b75e2bb96eec379e30761,2026-07-04,251,297617016,0.155,2700076,
approach,위험한독구름,08d9141a208b75e2bb96eec379e30761,2026-07-05,251,297617016,0.155,,
approach,위험한독구름,08d9141a208b75e2bb96eec379e30761,2026-07-06,251,297617016,0.155,,
approach,위험한독구름,08d9141a208b75e2bb96eec379e30761,2026-07-07,251,297617016,0.155,,
approach,위험한독구름,08d9141a208b75e2bb96eec379e30761,2026-07-08,251,297617016,0.155,,
approach,위험한독구름,08d9141a208b75e2bb96eec379e30761,2026-07-09,251,297617016,0.155,,
approach,위험한독구름,08d9141a208b75e2bb96eec379e30761,2026-07-10,251,297617016,0.155,,
approach,위험한독구름,08d9141a208b75e2bb96eec379e30761,2026-07-11,251,297617016,0.155,,
approach,위험한독구름,08d9141a208b75e2bb96eec379e30761,2026-07-12,251,297617016,0.155,2700076,
approach,폐지줍는캐슈,346fc906e925cf1a0e47407f8d058bc0efe8d04e6d233bd35cf2fabdeb93fb0d,2026-06-18,251,308059282,0.160,402920,
approach,폐지줍는캐슈,346fc906e925cf1a0e47407f8d058bc0efe8d04e6d233bd35cf2fabdeb93fb0d,2026-06-19,251,308059282,0.160,,
approach,폐지줍는캐슈,346fc906e925cf1a0e47407f8d058bc0efe8d04e6d233bd35cf2fabdeb93fb0d,2026-06-20,251,308059282,0.160,,
approach,폐지줍는캐슈,346fc906e925cf1a0e47407f8d058bc0efe8d04e6d233bd35cf2fabdeb93fb0d,2026-06-21,251,308059282,0.160,,
approach,폐지줍는캐슈,346fc906e925cf1a0e47407f8d058bc0efe8d04e6d233bd35cf2fabdeb93fb0d,2026-06-22,251,308059282,0.160,,
approach,폐지줍는캐슈,346fc906e925cf1a0e47407f8d058bc0efe8d04e6d233bd35cf2fabdeb93fb0d,2026-06-23,251,308059282,0.160,,
approach,폐지줍는캐슈,346fc906e925cf1a0e47407f8d058bc0efe8d04e6d233bd35cf2fabdeb93fb0d,2026-06-24,251,308059282,0.160,,
approach,폐지줍는캐슈,346fc906e925cf1a0e47407f8d058bc0efe8d04e6d233bd35cf2fabdeb93fb0d,2026-06-25,251,308059282,0.160,,
approach,폐지줍는캐슈,346fc906e925cf1a0e47407f8d058bc0efe8d04e6d233bd35cf2fabdeb93fb0d,2026-06-26,251,308059282,0.160,402920,
approach,폐지줍는캐슈,346fc906e925cf1a0e47407f8d058bc0efe8d04e6d233bd35cf2fabdeb93fb0d,2026-06-27,251,308059282,0.160,,
approach,폐지줍는캐슈,346fc906e925cf1a0e47407f8d058bc0efe8d04e6d233bd35cf2fabdeb93fb0d,2026-06-28,251,308059282,0.160,,
approach,폐지줍는캐슈,346fc906e925cf1a0e47407f8d058bc0efe8d04e6d233bd35cf2fabdeb93fb0d,2026-06-29,251,308059282,0.160,,
approach,폐지줍는캐슈,346fc906e925cf1a0e47407f8d058bc0efe8d04e6d233bd35cf2fabdeb93fb0d,2026-06-30,251,308059282,0.160,,
approach,폐지줍는캐슈,346fc906e925cf1a0e47407f8d058bc0efe8d04e6d233bd35cf2fabdeb93fb0d,2026-07-01,251,308059282,0.160,,
approach,폐지줍는캐슈,346fc906e925cf1a0e47407f8d058bc0efe8d04e6d233bd35cf2fabdeb93fb0d,2026-07-02,251,308059282,0.160,,
approach,폐지줍는캐슈,346fc906e925cf1a0e47407f8d058bc0efe8d04e6d233bd35cf2fabdeb93fb0d,2026-07-03,251,308059282,0.160,,
approach,폐지줍는캐슈,346fc906e925cf1a0e47407f8d058bc0efe8d04e6d233bd35cf2fabdeb93fb0d,2026-07-04,251,308059282,0.160,402920,
approach,폐지줍는캐슈,346fc906e925cf1a0e47407f8d058bc0efe8d04e6d233bd35cf2fabdeb93fb0d,2026-07-05,251,308059282,0.160,,
approach,폐지줍는캐슈,346fc906e925cf1a0e47407f8d058bc0efe8d04e6d233bd35cf2fabdeb93fb0d,2026-07-06,251,308059282,0.160,,
approach,폐지줍는캐슈,346fc906e925cf1a0e47407f8d058bc0efe8d04e6d233bd35cf2fabdeb93fb0d,2026-07-07,251,308059282,0.160,,
approach,폐지줍는캐슈,346fc906e925cf1a0e47407f8d058bc0efe8d04e6d233bd35cf2fabdeb93fb0d,2026-07-08,251,308059282,0.160,,
approach,폐지줍는캐슈,346fc906e925cf1a0e47407f8d058bc0efe8d04e6d233bd35cf2fabdeb93fb0d,2026-07-09,251,308059282,0.160,,
approach,폐지줍는캐슈,346fc906e925cf1a0e47407f8d058bc0efe8d04e6d233bd35cf2fabdeb93fb0d,2026-07-10,251,308059282,0.160,,
approach,폐지줍는캐슈,346fc906e925cf1a0e47407f8d058bc0efe8d04e6d233bd35cf2fabdeb93fb0d,2026-07-11,251,308059282,0.160,,
approach,폐지줍는캐슈,346fc906e925cf1a0e47407f8d058bc0efe8d04e6d233bd35cf2fabdeb93fb0d,2026-07-12,251,308059282,0.160,402920,
approach,점심먹는부엉,f2c8f6f035055085a969f86f5b99847aaae77432709819edb959e1fd5d1d77b4,2026-06-18,251,234061602,0.122,61827,
approach,점심먹는부엉,f2c8f6f035055085a969f86f5b99847aaae77432709819edb959e1fd5d1d77b4,2026-06-19,251,234061602,0.122,,
approach,점심먹는부엉,f2c8f6f035055085a969f86f5b99847aaae77432709819edb959e1fd5d1d77b4,2026-06-20,251,234061602,0.122,,
approach,점심먹는부엉,f2c8f6f035055085a969f86f5b99847aaae77432709819edb959e1fd5d1d77b4,2026-06-21,251,234061602,0.122,,
approach,점심먹는부엉,f2c8f6f035055085a969f86f5b99847aaae77432709819edb959e1fd5d1d77b4,2026-06-22,251,234061602,0.122,,
approach,점심먹는부엉,f2c8f6f035055085a969f86f5b99847aaae77432709819edb959e1fd5d1d77b4,2026-06-23,251,234061602,0.122,,
approach,점심먹는부엉,f2c8f6f035055085a969f86f5b99847aaae77432709819edb959e1fd5d1d77b4,2026-06-24,251,234061602,0.122,,
approach,점심먹는부엉,f2c8f6f035055085a969f86f5b99847aaae77432709819edb959e1fd5d1d77b4,2026-06-25,251,234061602,0.122,,
approach,점심먹는부엉,f2c8f6f035055085a969f86f5b99847aaae77432709819edb959e1fd5d1d77b4,2026-06-26,251,234061602,0.122,61827,
approach,점심먹는부엉,f2c8f6f035055085a969f86f5b99847aaae77432709819edb959e1fd5d1d77b4,2026-06-27,251,234061602,0.122,,
approach,점심먹는부엉,f2c8f6f035055085a969f86f5b99847aaae77432709819edb959e1fd5d1d77b4,2026-06-28,251,234061602,0.122,,
approach,점심먹는부엉,f2c8f6f035055085a969f86f5b99847aaae77432709819edb959e1fd5d1d77b4,2026-06-29,251,234061602,0.122,,
approach,점심먹는부엉,f2c8f6f035055085a969f86f5b99847aaae77432709819edb959e1fd5d1d77b4,2026-06-30,251,234061602,0.122,,
approach,점심먹는부엉,f2c8f6f035055085a969f86f5b99847aaae77432709819edb959e1fd5d1d77b4,2026-07-01,251,234061602,0.122,,
approach,점심먹는부엉,f2c8f6f035055085a969f86f5b99847aaae77432709819edb959e1fd5d1d77b4,2026-07-02,251,234061602,0.122,,
approach,점심먹는부엉,f2c8f6f035055085a969f86f5b99847aaae77432709819edb959e1fd5d1d77b4,2026-07-03,251,234061602,0.122,,
approach,점심먹는부엉,f2c8f6f035055085a969f86f5b99847aaae77432709819edb959e1fd5d1d77b4,2026-07-04,251,234061602,0.122,61827,
approach,점심먹는부엉,f2c8f6f035055085a969f86f5b99847aaae77432709819edb959e1fd5d1d77b4,2026-07-05,251,234061602,0.122,,
approach,점심먹는부엉,f2c8f6f035055085a969f86f5b99847aaae77432709819edb959e1fd5d1d77b4,2026-07-06,251,234061602,0.122,,
approach,점심먹는부엉,f2c8f6f035055085a969f86f5b99847aaae77432709819edb959e1fd5d1d77b4,2026-07-07,251,234061602,0.122,,
approach,점심먹는부엉,f2c8f6f035055085a969f86f5b99847aaae77432709819edb959e1fd5d1d77b4,2026-07-08,251,234061602,0.122,,
approach,점심먹는부엉,f2c8f6f035055085a969f86f5b99847aaae77432709819edb959e1fd5d1d77b4,2026-07-09,251,234061602,0.122,,
approach,점심먹는부엉,f2c8f6f035055085a969f86f5b99847aaae77432709819edb959e1fd5d1d77b4,2026-07-10,251,234061602,0.122,,
approach,점심먹는부엉,f2c8f6f035055085a969f86f5b99847aaae77432709819edb959e1fd5d1d77b4,2026-07-11,251,234061602,0.122,,
approach,점심먹는부엉,f2c8f6f035055085a969f86f5b99847aaae77432709819edb959e1fd5d1d77b4,2026-07-12,251,234061602,0.122,47248,
approach,성장록,3575ccaa17779f325eb3b21fd85a39eeefe8d04e6d233bd35cf2fabdeb93fb0d,2026-06-18,251,222137962,0.049,2100218,
approach,성장록,3575ccaa17779f325eb3b21fd85a39eeefe8d04e6d233bd35cf2fabdeb93fb0d,2026-06-19,251,222137962,0.049,,
approach,성장록,3575ccaa17779f325eb3b21fd85a39eeefe8d04e6d233bd35cf2fabdeb93fb0d,2026-06-20,251,222137962,0.049,,
approach,성장록,3575ccaa17779f325eb3b21fd85a39eeefe8d04e6d233bd35cf2fabdeb93fb0d,2026-06-21,251,222137962,0.049,,
approach,성장록,3575ccaa17779f325eb3b21fd85a39eeefe8d04e6d233bd35cf2fabdeb93fb0d,2026-06-22,251,222137962,0.049,,
approach,성장록,3575ccaa17779f325eb3b21fd85a39eeefe8d04e6d233bd35cf2fabdeb93fb0d,2026-06-23,251,222137962,0.049,,
approach,성장록,3575ccaa17779f325eb3b21fd85a39eeefe8d04e6d233bd35cf2fabdeb93fb0d,2026-06-24,251,222137962,0.049,,
approach,성장록,3575ccaa17779f325eb3b21fd85a39eeefe8d04e6d233bd35cf2fabdeb93fb0d,2026-06-25,251,222137962,0.049,,
approach,성장록,3575ccaa17779f325eb3b21fd85a39eeefe8d04e6d233bd35cf2fabdeb93fb0d,2026-06-26,251,222137962,0.049,2100218,
approach,성장록,3575ccaa17779f325eb3b21fd85a39eeefe8d04e6d233bd35cf2fabdeb93fb0d,2026-06-27,251,222137962,0.049,,
approach,성장록,3575ccaa17779f325eb3b21fd85a39eeefe8d04e6d233bd35cf2fabdeb93fb0d,2026-06-28,251,222137962,0.049,,
approach,성장록,3575ccaa17779f325eb3b21fd85a39eeefe8d04e6d233bd35cf2fabdeb93fb0d,2026-06-29,251,222137962,0.049,,
approach,성장록,3575ccaa17779f325eb3b21fd85a39eeefe8d04e6d233bd35cf2fabdeb93fb0d,2026-06-30,251,222137962,0.049,,
approach,성장록,3575ccaa17779f325eb3b21fd85a39eeefe8d04e6d233bd35cf2fabdeb93fb0d,2026-07-01,251,222137962,0.049,,
approach,성장록,3575ccaa17779f325eb3b21fd85a39eeefe8d04e6d233bd35cf2fabdeb93fb0d,2026-07-02,251,222137962,0.049,,
approach,성장록,3575ccaa17779f325eb3b21fd85a39eeefe8d04e6d233bd35cf2fabdeb93fb0d,2026-07-03,251,222137962,0.049,,
approach,성장록,3575ccaa17779f325eb3b21fd85a39eeefe8d04e6d233bd35cf2fabdeb93fb0d,2026-07-04,251,222137962,0.049,2100218,
approach,성장록,3575ccaa17779f325eb3b21fd85a39eeefe8d04e6d233bd35cf2fabdeb93fb0d,2026-07-05,251,222137962,0.049,,
approach,성장록,3575ccaa17779f325eb3b21fd85a39eeefe8d04e6d233bd35cf2fabdeb93fb0d,2026-07-06,251,222137962,0.049,,
approach,성장록,3575ccaa17779f325eb3b21fd85a39eeefe8d04e6d233bd35cf2fabdeb93fb0d,2026-07-07,251,222137962,0.049,,
approach,성장록,3575ccaa17779f325eb3b21fd85a39eeefe8d04e6d233bd35cf2fabdeb93fb0d,2026-07-08,251,222137962,0.049,,
approach,성장록,3575ccaa17779f325eb3b21fd85a39eeefe8d04e6d233bd35cf2fabdeb93fb0d,2026-07-09,251,222137962,0.049,,
approach,성장록,3575ccaa17779f325eb3b21fd85a39eeefe8d04e6d233bd35cf2fabdeb93fb0d,2026-07-10,251,222137962,0.049,,
approach,성장록,3575ccaa17779f325eb3b21fd85a39eeefe8d04e6d233bd35cf2fabdeb93fb0d,2026-07-11,251,222137962,0.049,,
approach,성장록,3575ccaa17779f325eb3b21fd85a39eeefe8d04e6d233bd35cf2fabdeb93fb0d,2026-07-12,251,222137962,0.049,2100218,
approach,유니멜우심심,5f576b76cbcc144efcef129e064f3dab,2026-06-18,251,298343471,0.155,35484,
approach,유니멜우심심,5f576b76cbcc144efcef129e064f3dab,2026-06-19,251,298343471,0.155,,
approach,유니멜우심심,5f576b76cbcc144efcef129e064f3dab,2026-06-20,251,298343471,0.155,,
approach,유니멜우심심,5f576b76cbcc144efcef129e064f3dab,2026-06-21,251,298343471,0.155,,
approach,유니멜우심심,5f576b76cbcc144efcef129e064f3dab,2026-06-22,251,298343471,0.155,,
approach,유니멜우심심,5f576b76cbcc144efcef129e064f3dab,2026-06-23,251,298343471,0.155,,
approach,유니멜우심심,5f576b76cbcc144efcef129e064f3dab,2026-06-24,251,298343471,0.155,,
approach,유니멜우심심,5f576b76cbcc144efcef129e064f3dab,2026-06-25,251,298343471,0.155,,
approach,유니멜우심심,5f576b76cbcc144efcef129e064f3dab,2026-06-26,251,298343471,0.155,35484,
approach,유니멜우심심,5f576b76cbcc144efcef129e064f3dab,2026-06-27,251,298343471,0.155,,
approach,유니멜우심심,5f576b76cbcc144efcef129e064f3dab,2026-06-28,251,298343471,0.155,,
approach,유니멜우심심,5f576b76cbcc144efcef129e064f3dab,2026-06-29,251,298343471,0.155,,
approach,유니멜우심심,5f576b76cbcc144efcef129e064f3dab,2026-06-30,251,298343471,0.155,,
approach,유니멜우심심,5f576b76cbcc144efcef129e064f3dab,2026-07-01,251,298343471,0.155,,
approach,유니멜우심심,5f576b76cbcc144efcef129e064f3dab,2026-07-02,251,298343471,0.155,,
approach,유니멜우심심,5f576b76cbcc144efcef129e064f3dab,2026-07-03,251,298343471,0.155,,
approach,유니멜우심심,5f576b76cbcc144efcef129e064f3dab,2026-07-04,251,298343471,0.155,35484,
approach,유니멜우심심,5f576b76cbcc144efcef129e064f3dab,2026-07-05,251,298343471,0.155,,
approach,유니멜우심심,5f576b76cbcc144efcef129e064f3dab,2026-07-06,251,298343471,0.155,,
approach,유니멜우심심,5f576b76cbcc144efcef129e064f3dab,2026-07-07,251,298343471,0.155,,
approach,유니멜우심심,5f576b76cbcc144efcef129e064f3dab,2026-07-08,251,298343471,0.155,,
approach,유니멜우심심,5f576b76cbcc144efcef129e064f3dab,2026-07-09,251,298343471,0.155,,
approach,유니멜우심심,5f576b76cbcc144efcef129e064f3dab,2026-07-10,251,298343471,0.155,,
approach,유니멜우심심,5f576b76cbcc144efcef129e064f3dab,2026-07-11,251,298343471,0.155,,
approach,유니멜우심심,5f576b76cbcc144efcef129e064f3dab,2026-07-12,251,298343471,0.155,35484,
approach,tkqlba,c2127235c02cc352c86e07b69621fec7efe8d04e6d233bd35cf2fabdeb93fb0d,2026-06-18,251,241020581,0.125,396414,
approach,tkqlba,c2127235c02cc352c86e07b69621fec7efe8d04e6d233bd35cf2fabdeb93fb0d,2026-06-19,251,241020581,0.125,,
approach,tkqlba,c2127235c02cc352c86e07b69621fec7efe8d04e6d233bd35cf2fabdeb93fb0d,2026-06-20,251,241020581,0.125,,
approach,tkqlba,c2127235c02cc352c86e07b69621fec7efe8d04e6d233bd35cf2fabdeb93fb0d,2026-06-21,251,241020581,0.125,,
approach,tkqlba,c2127235c02cc352c86e07b69621fec7efe8d04e6d233bd35cf2fabdeb93fb0d,2026-06-22,251,241020581,0.125,,
approach,tkqlba,c2127235c02cc352c86e07b69621fec7efe8d04e6d233bd35cf2fabdeb93fb0d,2026-06-23,251,241020581,0.125,,
approach,tkqlba,c2127235c02cc352c86e07b69621fec7efe8d04e6d233bd35cf2fabdeb93fb0d,2026-06-24,251,241020581,0.125,,
approach,tkqlba,c2127235c02cc352c86e07b69621fec7efe8d04e6d233bd35cf2fabdeb93fb0d,2026-06-25,251,241020581,0.125,,
approach,tkqlba,c2127235c02cc352c86e07b69621fec7efe8d04e6d233bd35cf2fabdeb93fb0d,2026-06-26,251,241020581,0.125,396414,
approach,tkqlba,c2127235c02cc352c86e07b69621fec7efe8d04e6d233bd35cf2fabdeb93fb0d,2026-06-27,251,241020581,0.125,,
approach,tkqlba,c2127235c02cc352c86e07b69621fec7efe8d04e6d233bd35cf2fabdeb93fb0d,2026-06-28,251,241020581,0.125,,
approach,tkqlba,c2127235c02cc352c86e07b69621fec7efe8d04e6d233bd35cf2fabdeb93fb0d,2026-06-29,251,241020581,0.125,,
approach,tkqlba,c2127235c02cc352c86e07b69621fec7efe8d04e6d233bd35cf2fabdeb93fb0d,2026-06-30,251,241020581,0.125,,
approach,tkqlba,c2127235c02cc352c86e07b69621fec7efe8d04e6d233bd35cf2fabdeb93fb0d,2026-07-01,251,241020581,0.125,,
approach,tkqlba,c2127235c02cc352c86e07b69621fec7efe8d04e6d233bd35cf2fabdeb93fb0d,2026-07-02,251,241020581,0.125,,
approach,tkqlba,c2127235c02cc352c86e07b69621fec7efe8d04e6d233bd35cf2fabdeb93fb0d,2026-07-03,251,241020581,0.125,,
approach,tkqlba,c2127235c02cc352c86e07b69621fec7efe8d04e6d233bd35cf2fabdeb93fb0d,2026-07-04,251,241020581,0.125,396414,
approach,tkqlba,c2127235c02cc352c86e07b69621fec7efe8d04e6d233bd35cf2fabdeb93fb0d,2026-07-05,251,241020581,0.125,,
approach,tkqlba,c2127235c02cc352c86e07b69621fec7efe8d04e6d233bd35cf2fabdeb93fb0d,2026-07-06,251,241020581,0.125,,
approach,tkqlba,c2127235c02cc352c86e07b69621fec7efe8d04e6d233bd35cf2fabdeb93fb0d,2026-07-07,251,241020581,0.125,,
approach,tkqlba,c2127235c02cc352c86e07b69621fec7efe8d04e6d233bd35cf2fabdeb93fb0d,2026-07-08,251,241020581,0.125,,
approach,tkqlba,c2127235c02cc352c86e07b69621fec7efe8d04e6d233bd35cf2fabdeb93fb0d,2026-07-09,251,241020581,0.125,,
approach,tkqlba,c2127235c02cc352c86e07b69621fec7efe8d04e6d233bd35cf2fabdeb93fb0d,2026-07-10,251,241020581,0.125,,
approach,tkqlba,c2127235c02cc352c86e07b69621fec7efe8d04e6d233bd35cf2fabdeb93fb0d,2026-07-11,251,241020581,0.125,,
approach,tkqlba,c2127235c02cc352c86e07b69621fec7efe8d04e6d233bd35cf2fabdeb93fb0d,2026-07-12,251,241020581,0.125,396414,
approach,유뇬메세001,009452683327635678c4e7072ea3b5ddfd842dab14be2a956555625b37c97bff,2026-06-18,251,219937750,0.114,3890,
approach,유뇬메세001,009452683327635678c4e7072ea3b5ddfd842dab14be2a956555625b37c97bff,2026-06-19,251,219937750,0.114,,
approach,유뇬메세001,009452683327635678c4e7072ea3b5ddfd842dab14be2a956555625b37c97bff,2026-06-20,251,219937750,0.114,,
approach,유뇬메세001,009452683327635678c4e7072ea3b5ddfd842dab14be2a956555625b37c97bff,2026-06-21,251,219937750,0.114,,
approach,유뇬메세001,009452683327635678c4e7072ea3b5ddfd842dab14be2a956555625b37c97bff,2026-06-22,251,219937750,0.114,,
approach,유뇬메세001,009452683327635678c4e7072ea3b5ddfd842dab14be2a956555625b37c97bff,2026-06-23,251,219937750,0.114,,
approach,유뇬메세001,009452683327635678c4e7072ea3b5ddfd842dab14be2a956555625b37c97bff,2026-06-24,251,219937750,0.114,,
approach,유뇬메세001,009452683327635678c4e7072ea3b5ddfd842dab14be2a956555625b37c97bff,2026-06-25,251,219937750,0.114,,
approach,유뇬메세001,009452683327635678c4e7072ea3b5ddfd842dab14be2a956555625b37c97bff,2026-06-26,251,219937750,0.114,3890,
approach,유뇬메세001,009452683327635678c4e7072ea3b5ddfd842dab14be2a956555625b37c97bff,2026-06-27,251,219937750,0.114,,
approach,유뇬메세001,009452683327635678c4e7072ea3b5ddfd842dab14be2a956555625b37c97bff,2026-06-28,251,219937750,0.114,,
approach,유뇬메세001,009452683327635678c4e7072ea3b5ddfd842dab14be2a956555625b37c97bff,2026-06-29,251,219937750,0.114,,
approach,유뇬메세001,009452683327635678c4e7072ea3b5ddfd842dab14be2a956555625b37c97bff,2026-06-30,251,219937750,0.114,,
approach,유뇬메세001,009452683327635678c4e7072ea3b5ddfd842dab14be2a956555625b37c97bff,2026-07-01,251,219937750,0.114,,
approach,유뇬메세001,009452683327635678c4e7072ea3b5ddfd842dab14be2a956555625b37c97bff,2026-07-02,251,219937750,0.114,,
approach,유뇬메세001,009452683327635678c4e7072ea3b5ddfd842dab14be2a956555625b37c97bff,2026-07-03,251,219937750,0.114,,
approach,유뇬메세001,009452683327635678c4e7072ea3b5ddfd842dab14be2a956555625b37c97bff,2026-07-04,251,219937750,0.114,3890,
approach,유뇬메세001,009452683327635678c4e7072ea3b5ddfd842dab14be2a956555625b37c97bff,2026-07-05,251,219937750,0.114,,
approach,유뇬메세001,009452683327635678c4e7072ea3b5ddfd842dab14be2a956555625b37c97bff,2026-07-06,251,219937750,0.114,,
approach,유뇬메세001,009452683327635678c4e7072ea3b5ddfd842dab14be2a956555625b37c97bff,2026-07-07,251,219937750,0.114,,
approach,유뇬메세001,009452683327635678c4e7072ea3b5ddfd842dab14be2a956555625b37c97bff,2026-07-08,251,219937750,0.114,,
approach,유뇬메세001,009452683327635678c4e7072ea3b5ddfd842dab14be2a956555625b37c97bff,2026-07-09,251,219937750,0.114,,
approach,유뇬메세001,009452683327635678c4e7072ea3b5ddfd842dab14be2a956555625b37c97bff,2026-07-10,251,219937750,0.114,,
approach,유뇬메세001,009452683327635678c4e7072ea3b5ddfd842dab14be2a956555625b37c97bff,2026-07-11,251,219937750,0.114,,
approach,유뇬메세001,009452683327635678c4e7072ea3b5ddfd842dab14be2a956555625b37c97bff,2026-07-12,251,219937750,0.114,3890,
approach,월장룡,998262326426f542cf4c0f63cc6723e6,2026-06-18,251,305040430,0.159,168238,
approach,월장룡,998262326426f542cf4c0f63cc6723e6,2026-06-19,251,305040430,0.159,,
approach,월장룡,998262326426f542cf4c0f63cc6723e6,2026-06-20,251,305040430,0.159,,
approach,월장룡,998262326426f542cf4c0f63cc6723e6,2026-06-21,251,305040430,0.159,,
approach,월장룡,998262326426f542cf4c0f63cc6723e6,2026-06-22,251,305040430,0.159,,
approach,월장룡,998262326426f542cf4c0f63cc6723e6,2026-06-23,251,305040430,0.159,,
approach,월장룡,998262326426f542cf4c0f63cc6723e6,2026-06-24,251,305040430,0.159,,
approach,월장룡,998262326426f542cf4c0f63cc6723e6,2026-06-25,251,305040430,0.159,,
approach,월장룡,998262326426f542cf4c0f63cc6723e6,2026-06-26,251,305040430,0.159,168238,
approach,월장룡,998262326426f542cf4c0f63cc6723e6,2026-06-27,251,305040430,0.159,,
approach,월장룡,998262326426f542cf4c0f63cc6723e6,2026-06-28,251,305040430,0.159,,
approach,월장룡,998262326426f542cf4c0f63cc6723e6,2026-06-29,251,305040430,0.159,,
approach,월장룡,998262326426f542cf4c0f63cc6723e6,2026-06-30,251,305040430,0.159,,
approach,월장룡,998262326426f542cf4c0f63cc6723e6,2026-07-01,251,305040430,0.159,,
approach,월장룡,998262326426f542cf4c0f63cc6723e6,2026-07-02,251,305040430,0.159,,
approach,월장룡,998262326426f542cf4c0f63cc6723e6,2026-07-03,251,305040430,0.159,,
approach,월장룡,998262326426f542cf4c0f63cc6723e6,2026-07-04,251,305040430,0.159,168238,
approach,월장룡,998262326426f542cf4c0f63cc6723e6,2026-07-05,251,305040430,0.159,,
approach,월장룡,998262326426f542cf4c0f63cc6723e6,2026-07-06,251,305040430,0.159,,
approach,월장룡,998262326426f542cf4c0f63cc6723e6,2026-07-07,251,305040430,0.159,,
approach,월장룡,998262326426f542cf4c0f63cc6723e6,2026-07-08,251,305040430,0.159,,
approach,월장룡,998262326426f542cf4c0f63cc6723e6,2026-07-09,251,305040430,0.159,,
approach,월장룡,998262326426f542cf4c0f63cc6723e6,2026-07-10,251,305040430,0.159,,
approach,월장룡,998262326426f542cf4c0f63cc6723e6,2026-07-11,251,305040430,0.159,,
approach,월장룡,998262326426f542cf4c0f63cc6723e6,2026-07-12,251,305040430,0.159,168238,
approach,펜텀io,f1a4803f68d6c7a27c27ecc06a613955efe8d04e6d233bd35cf2fabdeb93fb0d,2026-06-18,251,220541048,0.115,193648,
approach,펜텀io,f1a4803f68d6c7a27c27ecc06a613955efe8d04e6d233bd35cf2fabdeb93fb0d,2026-06-19,251,220541048,0.115,,
approach,펜텀io,f1a4803f68d6c7a27c27ecc06a613955efe8d04e6d233bd35cf2fabdeb93fb0d,2026-06-20,251,220541048,0.115,,
approach,펜텀io,f1a4803f68d6c7a27c27ecc06a613955efe8d04e6d233bd35cf2fabdeb93fb0d,2026-06-21,251,220541048,0.115,,
approach,펜텀io,f1a4803f68d6c7a27c27ecc06a613955efe8d04e6d233bd35cf2fabdeb93fb0d,2026-06-22,251,220541048,0.115,,
approach,펜텀io,f1a4803f68d6c7a27c27ecc06a613955efe8d04e6d233bd35cf2fabdeb93fb0d,2026-06-23,251,220541048,0.115,,
approach,펜텀io,f1a4803f68d6c7a27c27ecc06a613955efe8d04e6d233bd35cf2fabdeb93fb0d,2026-06-24,251,220541048,0.115,,
approach,펜텀io,f1a4803f68d6c7a27c27ecc06a613955efe8d04e6d233bd35cf2fabdeb93fb0d,2026-06-25,251,220541048,0.115,,
approach,펜텀io,f1a4803f68d6c7a27c27ecc06a613955efe8d04e6d233bd35cf2fabdeb93fb0d,2026-06-26,251,220541048,0.115,193648,
approach,펜텀io,f1a4803f68d6c7a27c27ecc06a613955efe8d04e6d233bd35cf2fabdeb93fb0d,2026-06-27,251,220541048,0.115,,
approach,펜텀io,f1a4803f68d6c7a27c27ecc06a613955efe8d04e6d233bd35cf2fabdeb93fb0d,2026-06-28,251,220541048,0.115,,
approach,펜텀io,f1a4803f68d6c7a27c27ecc06a613955efe8d04e6d233bd35cf2fabdeb93fb0d,2026-06-29,251,220541048,0.115,,
approach,펜텀io,f1a4803f68d6c7a27c27ecc06a613955efe8d04e6d233bd35cf2fabdeb93fb0d,2026-06-30,251,220541048,0.115,,
approach,펜텀io,f1a4803f68d6c7a27c27ecc06a613955efe8d04e6d233bd35cf2fabdeb93fb0d,2026-07-01,251,220541048,0.115,,
approach,펜텀io,f1a4803f68d6c7a27c27ecc06a613955efe8d04e6d233bd35cf2fabdeb93fb0d,2026-07-02,251,220541048,0.115,,
approach,펜텀io,f1a4803f68d6c7a27c27ecc06a613955efe8d04e6d233bd35cf2fabdeb93fb0d,2026-07-03,251,220541048,0.115,,
approach,펜텀io,f1a4803f68d6c7a27c27ecc06a613955efe8d04e6d233bd35cf2fabdeb93fb0d,2026-07-04,251,220541048,0.115,193648,
approach,펜텀io,f1a4803f68d6c7a27c27ecc06a613955efe8d04e6d233bd35cf2fabdeb93fb0d,2026-07-05,251,220541048,0.115,,
approach,펜텀io,f1a4803f68d6c7a27c27ecc06a613955efe8d04e6d233bd35cf2fabdeb93fb0d,2026-07-06,251,220541048,0.115,,
approach,펜텀io,f1a4803f68d6c7a27c27ecc06a613955efe8d04e6d233bd35cf2fabdeb93fb0d,2026-07-07,251,220541048,0.115,,
approach,펜텀io,f1a4803f68d6c7a27c27ecc06a613955efe8d04e6d233bd35cf2fabdeb93fb0d,2026-07-08,251,220541048,0.115,,
approach,펜텀io,f1a4803f68d6c7a27c27ecc06a613955efe8d04e6d233bd35cf2fabdeb93fb0d,2026-07-09,251,220541048,0.115,,
approach,펜텀io,f1a4803f68d6c7a27c27ecc06a613955efe8d04e6d233bd35cf2fabdeb93fb0d,2026-07-10,251,220541048,0.115,,
approach,펜텀io,f1a4803f68d6c7a27c27ecc06a613955efe8d04e6d233bd35cf2fabdeb93fb0d,2026-07-11,251,220541048,0.115,,
approach,펜텀io,f1a4803f68d6c7a27c27ecc06a613955efe8d04e6d233bd35cf2fabdeb93fb0d,2026-07-12,251,220541048,0.115,193648,
approach,쿨수링크01,a06ab0a2beabb3321e392afb8c37db87efe8d04e6d233bd35cf2fabdeb93fb0d,2026-06-18,251,317945950,0.165,84336,
approach,쿨수링크01,a06ab0a2beabb3321e392afb8c37db87efe8d04e6d233bd35cf2fabdeb93fb0d,2026-06-19,251,317945950,0.165,,
approach,쿨수링크01,a06ab0a2beabb3321e392afb8c37db87efe8d04e6d233bd35cf2fabdeb93fb0d,2026-06-20,251,317945950,0.165,,
approach,쿨수링크01,a06ab0a2beabb3321e392afb8c37db87efe8d04e6d233bd35cf2fabdeb93fb0d,2026-06-21,251,317945950,0.165,,
approach,쿨수링크01,a06ab0a2beabb3321e392afb8c37db87efe8d04e6d233bd35cf2fabdeb93fb0d,2026-06-22,251,317945950,0.165,,
approach,쿨수링크01,a06ab0a2beabb3321e392afb8c37db87efe8d04e6d233bd35cf2fabdeb93fb0d,2026-06-23,251,317945950,0.165,,
approach,쿨수링크01,a06ab0a2beabb3321e392afb8c37db87efe8d04e6d233bd35cf2fabdeb93fb0d,2026-06-24,251,317945950,0.165,,
approach,쿨수링크01,a06ab0a2beabb3321e392afb8c37db87efe8d04e6d233bd35cf2fabdeb93fb0d,2026-06-25,251,317945950,0.165,,
approach,쿨수링크01,a06ab0a2beabb3321e392afb8c37db87efe8d04e6d233bd35cf2fabdeb93fb0d,2026-06-26,251,317945950,0.165,84336,
approach,쿨수링크01,a06ab0a2beabb3321e392afb8c37db87efe8d04e6d233bd35cf2fabdeb93fb0d,2026-06-27,251,317945950,0.165,,
approach,쿨수링크01,a06ab0a2beabb3321e392afb8c37db87efe8d04e6d233bd35cf2fabdeb93fb0d,2026-06-28,251,317945950,0.165,,
approach,쿨수링크01,a06ab0a2beabb3321e392afb8c37db87efe8d04e6d233bd35cf2fabdeb93fb0d,2026-06-29,251,317945950,0.165,,
approach,쿨수링크01,a06ab0a2beabb3321e392afb8c37db87efe8d04e6d233bd35cf2fabdeb93fb0d,2026-06-30,251,317945950,0.165,,
approach,쿨수링크01,a06ab0a2beabb3321e392afb8c37db87efe8d04e6d233bd35cf2fabdeb93fb0d,2026-07-01,251,317945950,0.165,,
approach,쿨수링크01,a06ab0a2beabb3321e392afb8c37db87efe8d04e6d233bd35cf2fabdeb93fb0d,2026-07-02,251,317945950,0.165,,
approach,쿨수링크01,a06ab0a2beabb3321e392afb8c37db87efe8d04e6d233bd35cf2fabdeb93fb0d,2026-07-03,251,317945950,0.165,,
approach,쿨수링크01,a06ab0a2beabb3321e392afb8c37db87efe8d04e6d233bd35cf2fabdeb93fb0d,2026-07-04,251,317945950,0.165,84336,
approach,쿨수링크01,a06ab0a2beabb3321e392afb8c37db87efe8d04e6d233bd35cf2fabdeb93fb0d,2026-07-05,251,317945950,0.165,,
approach,쿨수링크01,a06ab0a2beabb3321e392afb8c37db87efe8d04e6d233bd35cf2fabdeb93fb0d,2026-07-06,251,317945950,0.165,,
approach,쿨수링크01,a06ab0a2beabb3321e392afb8c37db87efe8d04e6d233bd35cf2fabdeb93fb0d,2026-07-07,251,317945950,0.165,,
approach,쿨수링크01,a06ab0a2beabb3321e392afb8c37db87efe8d04e6d233bd35cf2fabdeb93fb0d,2026-07-08,251,317945950,0.165,,
approach,쿨수링크01,a06ab0a2beabb3321e392afb8c37db87efe8d04e6d233bd35cf2fabdeb93fb0d,2026-07-09,251,317945950,0.165,,
approach,쿨수링크01,a06ab0a2beabb3321e392afb8c37db87efe8d04e6d233bd35cf2fabdeb93fb0d,2026-07-10,251,317945950,0.165,,
approach,쿨수링크01,a06ab0a2beabb3321e392afb8c37db87efe8d04e6d233bd35cf2fabdeb93fb0d,2026-07-11,251,317945950,0.165,,
approach,쿨수링크01,a06ab0a2beabb3321e392afb8c37db87efe8d04e6d233bd35cf2fabdeb93fb0d,2026-07-12,251,317945950,0.165,84336,
approach,우제야라면끓,1f39036dd9900ba572d8027298f92a594723574b05820acf03e7ec3162ff5bed,2026-06-18,251,217112095,0.048,1115844,
approach,우제야라면끓,1f39036dd9900ba572d8027298f92a594723574b05820acf03e7ec3162ff5bed,2026-06-19,251,217112095,0.048,,
approach,우제야라면끓,1f39036dd9900ba572d8027298f92a594723574b05820acf03e7ec3162ff5bed,2026-06-20,251,217112095,0.048,,
approach,우제야라면끓,1f39036dd9900ba572d8027298f92a594723574b05820acf03e7ec3162ff5bed,2026-06-21,251,217112095,0.048,,
approach,우제야라면끓,1f39036dd9900ba572d8027298f92a594723574b05820acf03e7ec3162ff5bed,2026-06-22,251,217112095,0.048,,
approach,우제야라면끓,1f39036dd9900ba572d8027298f92a594723574b05820acf03e7ec3162ff5bed,2026-06-23,251,217112095,0.048,,
approach,우제야라면끓,1f39036dd9900ba572d8027298f92a594723574b05820acf03e7ec3162ff5bed,2026-06-24,251,217112095,0.048,,
approach,우제야라면끓,1f39036dd9900ba572d8027298f92a594723574b05820acf03e7ec3162ff5bed,2026-06-25,251,217112095,0.048,,
approach,우제야라면끓,1f39036dd9900ba572d8027298f92a594723574b05820acf03e7ec3162ff5bed,2026-06-26,251,217112095,0.048,1115844,
approach,우제야라면끓,1f39036dd9900ba572d8027298f92a594723574b05820acf03e7ec3162ff5bed,2026-06-27,251,217112095,0.048,,
approach,우제야라면끓,1f39036dd9900ba572d8027298f92a594723574b05820acf03e7ec3162ff5bed,2026-06-28,251,217112095,0.048,,
approach,우제야라면끓,1f39036dd9900ba572d8027298f92a594723574b05820acf03e7ec3162ff5bed,2026-06-29,251,217112095,0.048,,
approach,우제야라면끓,1f39036dd9900ba572d8027298f92a594723574b05820acf03e7ec3162ff5bed,2026-06-30,251,217112095,0.048,,
approach,우제야라면끓,1f39036dd9900ba572d8027298f92a594723574b05820acf03e7ec3162ff5bed,2026-07-01,251,217112095,0.048,,
approach,우제야라면끓,1f39036dd9900ba572d8027298f92a594723574b05820acf03e7ec3162ff5bed,2026-07-02,251,217112095,0.048,,
approach,우제야라면끓,1f39036dd9900ba572d8027298f92a594723574b05820acf03e7ec3162ff5bed,2026-07-03,251,217112095,0.048,,
approach,우제야라면끓,1f39036dd9900ba572d8027298f92a594723574b05820acf03e7ec3162ff5bed,2026-07-04,251,217112095,0.048,1115844,
approach,우제야라면끓,1f39036dd9900ba572d8027298f92a594723574b05820acf03e7ec3162ff5bed,2026-07-05,251,217112095,0.048,,
approach,우제야라면끓,1f39036dd9900ba572d8027298f92a594723574b05820acf03e7ec3162ff5bed,2026-07-06,251,217112095,0.048,,
approach,우제야라면끓,1f39036dd9900ba572d8027298f92a594723574b05820acf03e7ec3162ff5bed,2026-07-07,251,217112095,0.048,,
approach,우제야라면끓,1f39036dd9900ba572d8027298f92a594723574b05820acf03e7ec3162ff5bed,2026-07-08,251,217112095,0.048,,
approach,우제야라면끓,1f39036dd9900ba572d8027298f92a594723574b05820acf03e7ec3162ff5bed,2026-07-09,251,217112095,0.048,,
approach,우제야라면끓,1f39036dd9900ba572d8027298f92a594723574b05820acf03e7ec3162ff5bed,2026-07-10,251,217112095,0.048,,
approach,우제야라면끓,1f39036dd9900ba572d8027298f92a594723574b05820acf03e7ec3162ff5bed,2026-07-11,251,217112095,0.048,,
approach,우제야라면끓,1f39036dd9900ba572d8027298f92a594723574b05820acf03e7ec3162ff5bed,2026-07-12,251,217112095,0.048,1115844,
approach,첫번째신궁1,9d5044211e5316eac6de0df0e865c32c,2026-06-18,251,250269267,0.130,295776,
approach,첫번째신궁1,9d5044211e5316eac6de0df0e865c32c,2026-06-19,251,250269267,0.130,,
approach,첫번째신궁1,9d5044211e5316eac6de0df0e865c32c,2026-06-20,251,250269267,0.130,,
approach,첫번째신궁1,9d5044211e5316eac6de0df0e865c32c,2026-06-21,251,250269267,0.130,,
approach,첫번째신궁1,9d5044211e5316eac6de0df0e865c32c,2026-06-22,251,250269267,0.130,,
approach,첫번째신궁1,9d5044211e5316eac6de0df0e865c32c,2026-06-23,251,250269267,0.130,,
approach,첫번째신궁1,9d5044211e5316eac6de0df0e865c32c,2026-06-24,251,250269267,0.130,,
approach,첫번째신궁1,9d5044211e5316eac6de0df0e865c32c,2026-06-25,251,250269267,0.130,,
approach,첫번째신궁1,9d5044211e5316eac6de0df0e865c32c,2026-06-26,251,250269267,0.130,295776,
approach,첫번째신궁1,9d5044211e5316eac6de0df0e865c32c,2026-06-27,251,250269267,0.130,,
approach,첫번째신궁1,9d5044211e5316eac6de0df0e865c32c,2026-06-28,251,250269267,0.130,,
approach,첫번째신궁1,9d5044211e5316eac6de0df0e865c32c,2026-06-29,251,250269267,0.130,,
approach,첫번째신궁1,9d5044211e5316eac6de0df0e865c32c,2026-06-30,251,250269267,0.130,,
approach,첫번째신궁1,9d5044211e5316eac6de0df0e865c32c,2026-07-01,251,250269267,0.130,,
approach,첫번째신궁1,9d5044211e5316eac6de0df0e865c32c,2026-07-02,251,250269267,0.130,,
approach,첫번째신궁1,9d5044211e5316eac6de0df0e865c32c,2026-07-03,251,250269267,0.130,,
approach,첫번째신궁1,9d5044211e5316eac6de0df0e865c32c,2026-07-04,251,250269267,0.130,295776,
approach,첫번째신궁1,9d5044211e5316eac6de0df0e865c32c,2026-07-05,251,250269267,0.130,,
approach,첫번째신궁1,9d5044211e5316eac6de0df0e865c32c,2026-07-06,251,250269267,0.130,,
approach,첫번째신궁1,9d5044211e5316eac6de0df0e865c32c,2026-07-07,251,250269267,0.130,,
approach,첫번째신궁1,9d5044211e5316eac6de0df0e865c32c,2026-07-08,251,250269267,0.130,,
approach,첫번째신궁1,9d5044211e5316eac6de0df0e865c32c,2026-07-09,251,250269267,0.130,,
approach,첫번째신궁1,9d5044211e5316eac6de0df0e865c32c,2026-07-10,251,250269267,0.130,,
approach,첫번째신궁1,9d5044211e5316eac6de0df0e865c32c,2026-07-11,251,250269267,0.130,,
approach,첫번째신궁1,9d5044211e5316eac6de0df0e865c32c,2026-07-12,251,250269267,0.130,295776,
approach,NLords,aa80333639ef2a80ced8be5412b978e1,2026-06-18,251,240583434,0.125,223118,
approach,NLords,aa80333639ef2a80ced8be5412b978e1,2026-06-19,251,240583434,0.125,,
approach,NLords,aa80333639ef2a80ced8be5412b978e1,2026-06-20,251,240583434,0.125,,
approach,NLords,aa80333639ef2a80ced8be5412b978e1,2026-06-21,251,240583434,0.125,,
approach,NLords,aa80333639ef2a80ced8be5412b978e1,2026-06-22,251,240583434,0.125,,
approach,NLords,aa80333639ef2a80ced8be5412b978e1,2026-06-23,251,240583434,0.125,,
approach,NLords,aa80333639ef2a80ced8be5412b978e1,2026-06-24,251,240583434,0.125,,
approach,NLords,aa80333639ef2a80ced8be5412b978e1,2026-06-25,251,240583434,0.125,,
approach,NLords,aa80333639ef2a80ced8be5412b978e1,2026-06-26,251,240583434,0.125,223118,
approach,NLords,aa80333639ef2a80ced8be5412b978e1,2026-06-27,251,240583434,0.125,,
approach,NLords,aa80333639ef2a80ced8be5412b978e1,2026-06-28,251,240583434,0.125,,
approach,NLords,aa80333639ef2a80ced8be5412b978e1,2026-06-29,251,240583434,0.125,,
approach,NLords,aa80333639ef2a80ced8be5412b978e1,2026-06-30,251,240583434,0.125,,
approach,NLords,aa80333639ef2a80ced8be5412b978e1,2026-07-01,251,240583434,0.125,,
approach,NLords,aa80333639ef2a80ced8be5412b978e1,2026-07-02,251,240583434,0.125,,
approach,NLords,aa80333639ef2a80ced8be5412b978e1,2026-07-03,251,240583434,0.125,,
approach,NLords,aa80333639ef2a80ced8be5412b978e1,2026-07-04,251,240583434,0.125,223118,
approach,NLords,aa80333639ef2a80ced8be5412b978e1,2026-07-05,251,240583434,0.125,,
approach,NLords,aa80333639ef2a80ced8be5412b978e1,2026-07-06,251,240583434,0.125,,
approach,NLords,aa80333639ef2a80ced8be5412b978e1,2026-07-07,251,240583434,0.125,,
approach,NLords,aa80333639ef2a80ced8be5412b978e1,2026-07-08,251,240583434,0.125,,
approach,NLords,aa80333639ef2a80ced8be5412b978e1,2026-07-09,251,240583434,0.125,,
approach,NLords,aa80333639ef2a80ced8be5412b978e1,2026-07-10,251,240583434,0.125,,
approach,NLords,aa80333639ef2a80ced8be5412b978e1,2026-07-11,251,240583434,0.125,,
approach,NLords,aa80333639ef2a80ced8be5412b978e1,2026-07-12,251,240583434,0.125,223118,
approach,나워몰름,275a5ed73a7ecab4b1cf600b5b66db67,2026-06-18,,,,,http_400
approach,나워몰름,275a5ed73a7ecab4b1cf600b5b66db67,2026-06-19,,,,,http_400
approach,나워몰름,275a5ed73a7ecab4b1cf600b5b66db67,2026-06-20,,,,,http_400
approach,나워몰름,275a5ed73a7ecab4b1cf600b5b66db67,2026-06-21,,,,,http_400
approach,나워몰름,275a5ed73a7ecab4b1cf600b5b66db67,2026-06-22,,,,,http_400
approach,나워몰름,275a5ed73a7ecab4b1cf600b5b66db67,2026-06-23,,,,,http_400
approach,나워몰름,275a5ed73a7ecab4b1cf600b5b66db67,2026-06-24,,,,,http_400
approach,나워몰름,275a5ed73a7ecab4b1cf600b5b66db67,2026-06-25,,,,,http_400
approach,나워몰름,275a5ed73a7ecab4b1cf600b5b66db67,2026-06-26,,,,,http_400
approach,나워몰름,275a5ed73a7ecab4b1cf600b5b66db67,2026-06-27,,,,,http_400
approach,나워몰름,275a5ed73a7ecab4b1cf600b5b66db67,2026-06-28,,,,,http_400
approach,나워몰름,275a5ed73a7ecab4b1cf600b5b66db67,2026-06-29,,,,,http_400
approach,나워몰름,275a5ed73a7ecab4b1cf600b5b66db67,2026-06-30,,,,,http_400
approach,나워몰름,275a5ed73a7ecab4b1cf600b5b66db67,2026-07-01,,,,,http_400
approach,나워몰름,275a5ed73a7ecab4b1cf600b5b66db67,2026-07-02,,,,,http_400
approach,나워몰름,275a5ed73a7ecab4b1cf600b5b66db67,2026-07-03,,,,,http_400
approach,나워몰름,275a5ed73a7ecab4b1cf600b5b66db67,2026-07-04,,,,,http_400
approach,나워몰름,275a5ed73a7ecab4b1cf600b5b66db67,2026-07-05,,,,,http_400
approach,나워몰름,275a5ed73a7ecab4b1cf600b5b66db67,2026-07-06,,,,,http_400
approach,나워몰름,275a5ed73a7ecab4b1cf600b5b66db67,2026-07-07,,,,,http_400
approach,나워몰름,275a5ed73a7ecab4b1cf600b5b66db67,2026-07-08,,,,,http_400
approach,나워몰름,275a5ed73a7ecab4b1cf600b5b66db67,2026-07-09,,,,,http_400
approach,나워몰름,275a5ed73a7ecab4b1cf600b5b66db67,2026-07-10,,,,,http_400
approach,나워몰름,275a5ed73a7ecab4b1cf600b5b66db67,2026-07-11,,,,,http_400
approach,나워몰름,275a5ed73a7ecab4b1cf600b5b66db67,2026-07-12,,,,,http_400
approach,PiIy,20114dc08a25057f1344b89fada96b5c,2026-06-18,251,214534492,0.112,355896,
approach,PiIy,20114dc08a25057f1344b89fada96b5c,2026-06-19,251,214534492,0.112,,
approach,PiIy,20114dc08a25057f1344b89fada96b5c,2026-06-20,251,214534492,0.112,,
approach,PiIy,20114dc08a25057f1344b89fada96b5c,2026-06-21,251,214534492,0.112,,
approach,PiIy,20114dc08a25057f1344b89fada96b5c,2026-06-22,251,214534492,0.112,,
approach,PiIy,20114dc08a25057f1344b89fada96b5c,2026-06-23,251,214534492,0.112,,
approach,PiIy,20114dc08a25057f1344b89fada96b5c,2026-06-24,251,214534492,0.112,,
approach,PiIy,20114dc08a25057f1344b89fada96b5c,2026-06-25,251,214534492,0.112,,
approach,PiIy,20114dc08a25057f1344b89fada96b5c,2026-06-26,251,214534492,0.112,355896,
approach,PiIy,20114dc08a25057f1344b89fada96b5c,2026-06-27,251,214534492,0.112,,
approach,PiIy,20114dc08a25057f1344b89fada96b5c,2026-06-28,251,214534492,0.112,,
approach,PiIy,20114dc08a25057f1344b89fada96b5c,2026-06-29,251,214534492,0.112,,
approach,PiIy,20114dc08a25057f1344b89fada96b5c,2026-06-30,251,214534492,0.112,,
approach,PiIy,20114dc08a25057f1344b89fada96b5c,2026-07-01,251,214534492,0.112,,
approach,PiIy,20114dc08a25057f1344b89fada96b5c,2026-07-02,251,214534492,0.112,,
approach,PiIy,20114dc08a25057f1344b89fada96b5c,2026-07-03,251,214534492,0.112,,
approach,PiIy,20114dc08a25057f1344b89fada96b5c,2026-07-04,251,214534492,0.112,355896,
approach,PiIy,20114dc08a25057f1344b89fada96b5c,2026-07-05,251,214534492,0.112,,
approach,PiIy,20114dc08a25057f1344b89fada96b5c,2026-07-06,251,214534492,0.112,,
approach,PiIy,20114dc08a25057f1344b89fada96b5c,2026-07-07,251,214534492,0.112,,
approach,PiIy,20114dc08a25057f1344b89fada96b5c,2026-07-08,251,214534492,0.112,,
approach,PiIy,20114dc08a25057f1344b89fada96b5c,2026-07-09,251,214534492,0.112,,
approach,PiIy,20114dc08a25057f1344b89fada96b5c,2026-07-10,251,214534492,0.112,,
approach,PiIy,20114dc08a25057f1344b89fada96b5c,2026-07-11,251,214534492,0.112,,
approach,PiIy,20114dc08a25057f1344b89fada96b5c,2026-07-12,251,214534492,0.112,355896,
approach,NineSprint,8915d04a6b4d51c9ca34dc8369fb9d17efe8d04e6d233bd35cf2fabdeb93fb0d,2026-06-18,251,235121178,0.052,2518256,
approach,NineSprint,8915d04a6b4d51c9ca34dc8369fb9d17efe8d04e6d233bd35cf2fabdeb93fb0d,2026-06-19,251,235121178,0.052,,
approach,NineSprint,8915d04a6b4d51c9ca34dc8369fb9d17efe8d04e6d233bd35cf2fabdeb93fb0d,2026-06-20,251,235121178,0.052,,
approach,NineSprint,8915d04a6b4d51c9ca34dc8369fb9d17efe8d04e6d233bd35cf2fabdeb93fb0d,2026-06-21,251,235121178,0.052,,
approach,NineSprint,8915d04a6b4d51c9ca34dc8369fb9d17efe8d04e6d233bd35cf2fabdeb93fb0d,2026-06-22,251,235121178,0.052,,
approach,NineSprint,8915d04a6b4d51c9ca34dc8369fb9d17efe8d04e6d233bd35cf2fabdeb93fb0d,2026-06-23,251,235121178,0.052,,
approach,NineSprint,8915d04a6b4d51c9ca34dc8369fb9d17efe8d04e6d233bd35cf2fabdeb93fb0d,2026-06-24,251,235121178,0.052,,
approach,NineSprint,8915d04a6b4d51c9ca34dc8369fb9d17efe8d04e6d233bd35cf2fabdeb93fb0d,2026-06-25,251,235121178,0.052,,
approach,NineSprint,8915d04a6b4d51c9ca34dc8369fb9d17efe8d04e6d233bd35cf2fabdeb93fb0d,2026-06-26,251,235121178,0.052,2518256,
approach,NineSprint,8915d04a6b4d51c9ca34dc8369fb9d17efe8d04e6d233bd35cf2fabdeb93fb0d,2026-06-27,251,235121178,0.052,,
approach,NineSprint,8915d04a6b4d51c9ca34dc8369fb9d17efe8d04e6d233bd35cf2fabdeb93fb0d,2026-06-28,251,235121178,0.052,,
approach,NineSprint,8915d04a6b4d51c9ca34dc8369fb9d17efe8d04e6d233bd35cf2fabdeb93fb0d,2026-06-29,251,235121178,0.052,,
approach,NineSprint,8915d04a6b4d51c9ca34dc8369fb9d17efe8d04e6d233bd35cf2fabdeb93fb0d,2026-06-30,251,235121178,0.052,,
approach,NineSprint,8915d04a6b4d51c9ca34dc8369fb9d17efe8d04e6d233bd35cf2fabdeb93fb0d,2026-07-01,251,235121178,0.052,,
approach,NineSprint,8915d04a6b4d51c9ca34dc8369fb9d17efe8d04e6d233bd35cf2fabdeb93fb0d,2026-07-02,251,235121178,0.052,,
approach,NineSprint,8915d04a6b4d51c9ca34dc8369fb9d17efe8d04e6d233bd35cf2fabdeb93fb0d,2026-07-03,251,235121178,0.052,,
approach,NineSprint,8915d04a6b4d51c9ca34dc8369fb9d17efe8d04e6d233bd35cf2fabdeb93fb0d,2026-07-04,251,235121178,0.052,2518256,
approach,NineSprint,8915d04a6b4d51c9ca34dc8369fb9d17efe8d04e6d233bd35cf2fabdeb93fb0d,2026-07-05,251,235121178,0.052,,
approach,NineSprint,8915d04a6b4d51c9ca34dc8369fb9d17efe8d04e6d233bd35cf2fabdeb93fb0d,2026-07-06,251,235121178,0.052,,
approach,NineSprint,8915d04a6b4d51c9ca34dc8369fb9d17efe8d04e6d233bd35cf2fabdeb93fb0d,2026-07-07,251,235121178,0.052,,
approach,NineSprint,8915d04a6b4d51c9ca34dc8369fb9d17efe8d04e6d233bd35cf2fabdeb93fb0d,2026-07-08,251,235121178,0.052,,
approach,NineSprint,8915d04a6b4d51c9ca34dc8369fb9d17efe8d04e6d233bd35cf2fabdeb93fb0d,2026-07-09,251,235121178,0.052,,
approach,NineSprint,8915d04a6b4d51c9ca34dc8369fb9d17efe8d04e6d233bd35cf2fabdeb93fb0d,2026-07-10,251,235121178,0.052,,
approach,NineSprint,8915d04a6b4d51c9ca34dc8369fb9d17efe8d04e6d233bd35cf2fabdeb93fb0d,2026-07-11,251,235121178,0.052,,
approach,NineSprint,8915d04a6b4d51c9ca34dc8369fb9d17efe8d04e6d233bd35cf2fabdeb93fb0d,2026-07-12,251,235121178,0.052,2518256,
approach,겸치싸개2수,75870a6708e21dea0c4c4b6c07abd431,2026-06-18,251,260634782,0.136,37852,
approach,겸치싸개2수,75870a6708e21dea0c4c4b6c07abd431,2026-06-19,251,260634782,0.136,,
approach,겸치싸개2수,75870a6708e21dea0c4c4b6c07abd431,2026-06-20,251,260634782,0.136,,
approach,겸치싸개2수,75870a6708e21dea0c4c4b6c07abd431,2026-06-21,251,260634782,0.136,,
approach,겸치싸개2수,75870a6708e21dea0c4c4b6c07abd431,2026-06-22,251,260634782,0.136,,
approach,겸치싸개2수,75870a6708e21dea0c4c4b6c07abd431,2026-06-23,251,260634782,0.136,,
approach,겸치싸개2수,75870a6708e21dea0c4c4b6c07abd431,2026-06-24,251,260634782,0.136,,
approach,겸치싸개2수,75870a6708e21dea0c4c4b6c07abd431,2026-06-25,251,260634782,0.136,,
approach,겸치싸개2수,75870a6708e21dea0c4c4b6c07abd431,2026-06-26,251,260634782,0.136,37852,
approach,겸치싸개2수,75870a6708e21dea0c4c4b6c07abd431,2026-06-27,251,260634782,0.136,,
approach,겸치싸개2수,75870a6708e21dea0c4c4b6c07abd431,2026-06-28,251,260634782,0.136,,
approach,겸치싸개2수,75870a6708e21dea0c4c4b6c07abd431,2026-06-29,251,260634782,0.136,,
approach,겸치싸개2수,75870a6708e21dea0c4c4b6c07abd431,2026-06-30,251,260634782,0.136,,
approach,겸치싸개2수,75870a6708e21dea0c4c4b6c07abd431,2026-07-01,251,260634782,0.136,,
approach,겸치싸개2수,75870a6708e21dea0c4c4b6c07abd431,2026-07-02,251,260634782,0.136,,
approach,겸치싸개2수,75870a6708e21dea0c4c4b6c07abd431,2026-07-03,251,260634782,0.136,,
approach,겸치싸개2수,75870a6708e21dea0c4c4b6c07abd431,2026-07-04,251,260634782,0.136,37852,
approach,겸치싸개2수,75870a6708e21dea0c4c4b6c07abd431,2026-07-05,251,260634782,0.136,,
approach,겸치싸개2수,75870a6708e21dea0c4c4b6c07abd431,2026-07-06,251,260634782,0.136,,
approach,겸치싸개2수,75870a6708e21dea0c4c4b6c07abd431,2026-07-07,251,260634782,0.136,,
approach,겸치싸개2수,75870a6708e21dea0c4c4b6c07abd431,2026-07-08,251,260634782,0.136,,
approach,겸치싸개2수,75870a6708e21dea0c4c4b6c07abd431,2026-07-09,251,260634782,0.136,,
approach,겸치싸개2수,75870a6708e21dea0c4c4b6c07abd431,2026-07-10,251,260634782,0.136,,
approach,겸치싸개2수,75870a6708e21dea0c4c4b6c07abd431,2026-07-11,251,260634782,0.136,,
approach,겸치싸개2수,75870a6708e21dea0c4c4b6c07abd431,2026-07-12,251,260634782,0.136,37852,
approach,보빡이123,36cb14a01777f6b64d7e3fe44991d946,2026-06-18,251,316497818,0.165,250312,
approach,보빡이123,36cb14a01777f6b64d7e3fe44991d946,2026-06-19,251,316497818,0.165,,
approach,보빡이123,36cb14a01777f6b64d7e3fe44991d946,2026-06-20,251,316497818,0.165,,
approach,보빡이123,36cb14a01777f6b64d7e3fe44991d946,2026-06-21,251,316497818,0.165,,
approach,보빡이123,36cb14a01777f6b64d7e3fe44991d946,2026-06-22,251,316497818,0.165,,
approach,보빡이123,36cb14a01777f6b64d7e3fe44991d946,2026-06-23,251,316497818,0.165,,
approach,보빡이123,36cb14a01777f6b64d7e3fe44991d946,2026-06-24,251,316497818,0.165,,
approach,보빡이123,36cb14a01777f6b64d7e3fe44991d946,2026-06-25,251,316497818,0.165,,
approach,보빡이123,36cb14a01777f6b64d7e3fe44991d946,2026-06-26,251,316497818,0.165,250312,
approach,보빡이123,36cb14a01777f6b64d7e3fe44991d946,2026-06-27,251,316497818,0.165,,
approach,보빡이123,36cb14a01777f6b64d7e3fe44991d946,2026-06-28,251,316497818,0.165,,
approach,보빡이123,36cb14a01777f6b64d7e3fe44991d946,2026-06-29,251,316497818,0.165,,
approach,보빡이123,36cb14a01777f6b64d7e3fe44991d946,2026-06-30,251,316497818,0.165,,
approach,보빡이123,36cb14a01777f6b64d7e3fe44991d946,2026-07-01,251,316497818,0.165,,
approach,보빡이123,36cb14a01777f6b64d7e3fe44991d946,2026-07-02,251,316497818,0.165,,
approach,보빡이123,36cb14a01777f6b64d7e3fe44991d946,2026-07-03,251,316497818,0.165,,
approach,보빡이123,36cb14a01777f6b64d7e3fe44991d946,2026-07-04,251,316497818,0.165,250312,
approach,보빡이123,36cb14a01777f6b64d7e3fe44991d946,2026-07-05,251,316497818,0.165,,
approach,보빡이123,36cb14a01777f6b64d7e3fe44991d946,2026-07-06,251,316497818,0.165,,
approach,보빡이123,36cb14a01777f6b64d7e3fe44991d946,2026-07-07,251,316497818,0.165,,
approach,보빡이123,36cb14a01777f6b64d7e3fe44991d946,2026-07-08,251,316497818,0.165,,
approach,보빡이123,36cb14a01777f6b64d7e3fe44991d946,2026-07-09,251,316497818,0.165,,
approach,보빡이123,36cb14a01777f6b64d7e3fe44991d946,2026-07-10,251,316497818,0.165,,
approach,보빡이123,36cb14a01777f6b64d7e3fe44991d946,2026-07-11,251,316497818,0.165,,
approach,보빡이123,36cb14a01777f6b64d7e3fe44991d946,2026-07-12,251,316497818,0.165,250312,
approach,제로빅건,f81a3b31334fd3b7eef0327ef5ebc7f1,2026-06-18,251,224473899,0.117,123504,
approach,제로빅건,f81a3b31334fd3b7eef0327ef5ebc7f1,2026-06-19,251,224473899,0.117,,
approach,제로빅건,f81a3b31334fd3b7eef0327ef5ebc7f1,2026-06-20,251,224473899,0.117,,
approach,제로빅건,f81a3b31334fd3b7eef0327ef5ebc7f1,2026-06-21,251,224473899,0.117,,
approach,제로빅건,f81a3b31334fd3b7eef0327ef5ebc7f1,2026-06-22,251,224473899,0.117,,
approach,제로빅건,f81a3b31334fd3b7eef0327ef5ebc7f1,2026-06-23,251,224473899,0.117,,
approach,제로빅건,f81a3b31334fd3b7eef0327ef5ebc7f1,2026-06-24,251,224473899,0.117,,
approach,제로빅건,f81a3b31334fd3b7eef0327ef5ebc7f1,2026-06-25,251,224473899,0.117,,
approach,제로빅건,f81a3b31334fd3b7eef0327ef5ebc7f1,2026-06-26,251,224473899,0.117,103791,
approach,제로빅건,f81a3b31334fd3b7eef0327ef5ebc7f1,2026-06-27,251,224473899,0.117,,
approach,제로빅건,f81a3b31334fd3b7eef0327ef5ebc7f1,2026-06-28,251,224473899,0.117,,
approach,제로빅건,f81a3b31334fd3b7eef0327ef5ebc7f1,2026-06-29,251,224473899,0.117,,
approach,제로빅건,f81a3b31334fd3b7eef0327ef5ebc7f1,2026-06-30,251,224473899,0.117,,
approach,제로빅건,f81a3b31334fd3b7eef0327ef5ebc7f1,2026-07-01,251,224473899,0.117,,
approach,제로빅건,f81a3b31334fd3b7eef0327ef5ebc7f1,2026-07-02,251,224473899,0.117,,
approach,제로빅건,f81a3b31334fd3b7eef0327ef5ebc7f1,2026-07-03,251,224473899,0.117,,
approach,제로빅건,f81a3b31334fd3b7eef0327ef5ebc7f1,2026-07-04,251,224473899,0.117,103791,
approach,제로빅건,f81a3b31334fd3b7eef0327ef5ebc7f1,2026-07-05,251,224473899,0.117,,
approach,제로빅건,f81a3b31334fd3b7eef0327ef5ebc7f1,2026-07-06,251,224473899,0.117,,
approach,제로빅건,f81a3b31334fd3b7eef0327ef5ebc7f1,2026-07-07,251,224473899,0.117,,
approach,제로빅건,f81a3b31334fd3b7eef0327ef5ebc7f1,2026-07-08,251,224473899,0.117,,
approach,제로빅건,f81a3b31334fd3b7eef0327ef5ebc7f1,2026-07-09,251,224473899,0.117,,
approach,제로빅건,f81a3b31334fd3b7eef0327ef5ebc7f1,2026-07-10,251,224473899,0.117,,
approach,제로빅건,f81a3b31334fd3b7eef0327ef5ebc7f1,2026-07-11,251,224473899,0.117,,
approach,제로빅건,f81a3b31334fd3b7eef0327ef5ebc7f1,2026-07-12,251,224473899,0.117,103791,
approach,표창니얼굴에,89791f7ab861dbe46ff07093683b36a2efe8d04e6d233bd35cf2fabdeb93fb0d,2026-06-18,251,323567574,0.168,333873,
approach,표창니얼굴에,89791f7ab861dbe46ff07093683b36a2efe8d04e6d233bd35cf2fabdeb93fb0d,2026-06-19,251,323567574,0.168,,
approach,표창니얼굴에,89791f7ab861dbe46ff07093683b36a2efe8d04e6d233bd35cf2fabdeb93fb0d,2026-06-20,251,323567574,0.168,,
approach,표창니얼굴에,89791f7ab861dbe46ff07093683b36a2efe8d04e6d233bd35cf2fabdeb93fb0d,2026-06-21,251,323567574,0.168,,
approach,표창니얼굴에,89791f7ab861dbe46ff07093683b36a2efe8d04e6d233bd35cf2fabdeb93fb0d,2026-06-22,251,323567574,0.168,,
approach,표창니얼굴에,89791f7ab861dbe46ff07093683b36a2efe8d04e6d233bd35cf2fabdeb93fb0d,2026-06-23,251,323567574,0.168,,
approach,표창니얼굴에,89791f7ab861dbe46ff07093683b36a2efe8d04e6d233bd35cf2fabdeb93fb0d,2026-06-24,251,323567574,0.168,,
approach,표창니얼굴에,89791f7ab861dbe46ff07093683b36a2efe8d04e6d233bd35cf2fabdeb93fb0d,2026-06-25,251,323567574,0.168,,
approach,표창니얼굴에,89791f7ab861dbe46ff07093683b36a2efe8d04e6d233bd35cf2fabdeb93fb0d,2026-06-26,251,323567574,0.168,333873,
approach,표창니얼굴에,89791f7ab861dbe46ff07093683b36a2efe8d04e6d233bd35cf2fabdeb93fb0d,2026-06-27,251,323567574,0.168,,
approach,표창니얼굴에,89791f7ab861dbe46ff07093683b36a2efe8d04e6d233bd35cf2fabdeb93fb0d,2026-06-28,251,323567574,0.168,,
approach,표창니얼굴에,89791f7ab861dbe46ff07093683b36a2efe8d04e6d233bd35cf2fabdeb93fb0d,2026-06-29,251,323567574,0.168,,
approach,표창니얼굴에,89791f7ab861dbe46ff07093683b36a2efe8d04e6d233bd35cf2fabdeb93fb0d,2026-06-30,251,323567574,0.168,,
approach,표창니얼굴에,89791f7ab861dbe46ff07093683b36a2efe8d04e6d233bd35cf2fabdeb93fb0d,2026-07-01,251,323567574,0.168,,
approach,표창니얼굴에,89791f7ab861dbe46ff07093683b36a2efe8d04e6d233bd35cf2fabdeb93fb0d,2026-07-02,251,323567574,0.168,,
approach,표창니얼굴에,89791f7ab861dbe46ff07093683b36a2efe8d04e6d233bd35cf2fabdeb93fb0d,2026-07-03,251,323567574,0.168,,
approach,표창니얼굴에,89791f7ab861dbe46ff07093683b36a2efe8d04e6d233bd35cf2fabdeb93fb0d,2026-07-04,251,323567574,0.168,333873,
approach,표창니얼굴에,89791f7ab861dbe46ff07093683b36a2efe8d04e6d233bd35cf2fabdeb93fb0d,2026-07-05,251,323567574,0.168,,
approach,표창니얼굴에,89791f7ab861dbe46ff07093683b36a2efe8d04e6d233bd35cf2fabdeb93fb0d,2026-07-06,251,323567574,0.168,,
approach,표창니얼굴에,89791f7ab861dbe46ff07093683b36a2efe8d04e6d233bd35cf2fabdeb93fb0d,2026-07-07,251,323567574,0.168,,
approach,표창니얼굴에,89791f7ab861dbe46ff07093683b36a2efe8d04e6d233bd35cf2fabdeb93fb0d,2026-07-08,251,323567574,0.168,,
approach,표창니얼굴에,89791f7ab861dbe46ff07093683b36a2efe8d04e6d233bd35cf2fabdeb93fb0d,2026-07-09,251,323567574,0.168,,
approach,표창니얼굴에,89791f7ab861dbe46ff07093683b36a2efe8d04e6d233bd35cf2fabdeb93fb0d,2026-07-10,251,323567574,0.168,,
approach,표창니얼굴에,89791f7ab861dbe46ff07093683b36a2efe8d04e6d233bd35cf2fabdeb93fb0d,2026-07-11,251,323567574,0.168,,
approach,표창니얼굴에,89791f7ab861dbe46ff07093683b36a2efe8d04e6d233bd35cf2fabdeb93fb0d,2026-07-12,251,323567574,0.168,333873,
approach,두루산,21ba76aa05e27b7311300b0a8599a307,2026-06-18,251,229732526,0.120,64705,
approach,두루산,21ba76aa05e27b7311300b0a8599a307,2026-06-19,251,229732526,0.120,,
approach,두루산,21ba76aa05e27b7311300b0a8599a307,2026-06-20,251,229732526,0.120,,
approach,두루산,21ba76aa05e27b7311300b0a8599a307,2026-06-21,251,229732526,0.120,,
approach,두루산,21ba76aa05e27b7311300b0a8599a307,2026-06-22,251,229732526,0.120,,
approach,두루산,21ba76aa05e27b7311300b0a8599a307,2026-06-23,251,229732526,0.120,,
approach,두루산,21ba76aa05e27b7311300b0a8599a307,2026-06-24,251,229732526,0.120,,
approach,두루산,21ba76aa05e27b7311300b0a8599a307,2026-06-25,251,229732526,0.120,,
approach,두루산,21ba76aa05e27b7311300b0a8599a307,2026-06-26,251,229732526,0.120,64705,
approach,두루산,21ba76aa05e27b7311300b0a8599a307,2026-06-27,251,229732526,0.120,,
approach,두루산,21ba76aa05e27b7311300b0a8599a307,2026-06-28,251,229732526,0.120,,
approach,두루산,21ba76aa05e27b7311300b0a8599a307,2026-06-29,251,229732526,0.120,,
approach,두루산,21ba76aa05e27b7311300b0a8599a307,2026-06-30,251,229732526,0.120,,
approach,두루산,21ba76aa05e27b7311300b0a8599a307,2026-07-01,251,229732526,0.120,,
approach,두루산,21ba76aa05e27b7311300b0a8599a307,2026-07-02,251,229732526,0.120,,
approach,두루산,21ba76aa05e27b7311300b0a8599a307,2026-07-03,251,229732526,0.120,,
approach,두루산,21ba76aa05e27b7311300b0a8599a307,2026-07-04,251,229732526,0.120,64705,
approach,두루산,21ba76aa05e27b7311300b0a8599a307,2026-07-05,251,229732526,0.120,,
approach,두루산,21ba76aa05e27b7311300b0a8599a307,2026-07-06,251,229732526,0.120,,
approach,두루산,21ba76aa05e27b7311300b0a8599a307,2026-07-07,251,229732526,0.120,,
approach,두루산,21ba76aa05e27b7311300b0a8599a307,2026-07-08,251,229732526,0.120,,
approach,두루산,21ba76aa05e27b7311300b0a8599a307,2026-07-09,251,229732526,0.120,,
approach,두루산,21ba76aa05e27b7311300b0a8599a307,2026-07-10,251,229732526,0.120,,
approach,두루산,21ba76aa05e27b7311300b0a8599a307,2026-07-11,251,229732526,0.120,,
approach,두루산,21ba76aa05e27b7311300b0a8599a307,2026-07-12,251,229732526,0.120,64705,
approach,웃고싶Er,f28877b2f1bdb62c1d4b2d8a99e4a79c,2026-06-18,251,275601372,0.060,2932120,
approach,웃고싶Er,f28877b2f1bdb62c1d4b2d8a99e4a79c,2026-06-19,251,275601372,0.060,,
approach,웃고싶Er,f28877b2f1bdb62c1d4b2d8a99e4a79c,2026-06-20,251,275601372,0.060,,
approach,웃고싶Er,f28877b2f1bdb62c1d4b2d8a99e4a79c,2026-06-21,251,275601372,0.060,,
approach,웃고싶Er,f28877b2f1bdb62c1d4b2d8a99e4a79c,2026-06-22,251,275601372,0.060,,
approach,웃고싶Er,f28877b2f1bdb62c1d4b2d8a99e4a79c,2026-06-23,251,275601372,0.060,,
approach,웃고싶Er,f28877b2f1bdb62c1d4b2d8a99e4a79c,2026-06-24,251,275601372,0.060,,
approach,웃고싶Er,f28877b2f1bdb62c1d4b2d8a99e4a79c,2026-06-25,251,275601372,0.060,,
approach,웃고싶Er,f28877b2f1bdb62c1d4b2d8a99e4a79c,2026-06-26,251,275601372,0.060,2932120,
approach,웃고싶Er,f28877b2f1bdb62c1d4b2d8a99e4a79c,2026-06-27,251,275601372,0.060,,
approach,웃고싶Er,f28877b2f1bdb62c1d4b2d8a99e4a79c,2026-06-28,251,275601372,0.060,,
approach,웃고싶Er,f28877b2f1bdb62c1d4b2d8a99e4a79c,2026-06-29,251,275601372,0.060,,
approach,웃고싶Er,f28877b2f1bdb62c1d4b2d8a99e4a79c,2026-06-30,251,275601372,0.060,,
approach,웃고싶Er,f28877b2f1bdb62c1d4b2d8a99e4a79c,2026-07-01,251,275601372,0.060,,
approach,웃고싶Er,f28877b2f1bdb62c1d4b2d8a99e4a79c,2026-07-02,251,275601372,0.060,,
approach,웃고싶Er,f28877b2f1bdb62c1d4b2d8a99e4a79c,2026-07-03,251,275601372,0.060,,
approach,웃고싶Er,f28877b2f1bdb62c1d4b2d8a99e4a79c,2026-07-04,251,275601372,0.060,2932120,
approach,웃고싶Er,f28877b2f1bdb62c1d4b2d8a99e4a79c,2026-07-05,251,275601372,0.060,,
approach,웃고싶Er,f28877b2f1bdb62c1d4b2d8a99e4a79c,2026-07-06,251,275601372,0.060,,
approach,웃고싶Er,f28877b2f1bdb62c1d4b2d8a99e4a79c,2026-07-07,251,275601372,0.060,,
approach,웃고싶Er,f28877b2f1bdb62c1d4b2d8a99e4a79c,2026-07-08,251,275601372,0.060,,
approach,웃고싶Er,f28877b2f1bdb62c1d4b2d8a99e4a79c,2026-07-09,251,275601372,0.060,,
approach,웃고싶Er,f28877b2f1bdb62c1d4b2d8a99e4a79c,2026-07-10,251,275601372,0.060,,
approach,웃고싶Er,f28877b2f1bdb62c1d4b2d8a99e4a79c,2026-07-11,251,275601372,0.060,,
approach,웃고싶Er,f28877b2f1bdb62c1d4b2d8a99e4a79c,2026-07-12,251,275601372,0.060,2932120,
approach,파도타기젤리,2ff7c4b52828039a111d85ee800b1b53,2026-06-18,251,246760047,0.128,911949,
approach,파도타기젤리,2ff7c4b52828039a111d85ee800b1b53,2026-06-19,251,246760047,0.128,,
approach,파도타기젤리,2ff7c4b52828039a111d85ee800b1b53,2026-06-20,251,246760047,0.128,,
approach,파도타기젤리,2ff7c4b52828039a111d85ee800b1b53,2026-06-21,251,246760047,0.128,,
approach,파도타기젤리,2ff7c4b52828039a111d85ee800b1b53,2026-06-22,251,246760047,0.128,,
approach,파도타기젤리,2ff7c4b52828039a111d85ee800b1b53,2026-06-23,251,246760047,0.128,,
approach,파도타기젤리,2ff7c4b52828039a111d85ee800b1b53,2026-06-24,251,246760047,0.128,,
approach,파도타기젤리,2ff7c4b52828039a111d85ee800b1b53,2026-06-25,251,246760047,0.128,,
approach,파도타기젤리,2ff7c4b52828039a111d85ee800b1b53,2026-06-26,251,246760047,0.128,911949,
approach,파도타기젤리,2ff7c4b52828039a111d85ee800b1b53,2026-06-27,251,246760047,0.128,,
approach,파도타기젤리,2ff7c4b52828039a111d85ee800b1b53,2026-06-28,251,246760047,0.128,,
approach,파도타기젤리,2ff7c4b52828039a111d85ee800b1b53,2026-06-29,251,246760047,0.128,,
approach,파도타기젤리,2ff7c4b52828039a111d85ee800b1b53,2026-06-30,251,246760047,0.128,,
approach,파도타기젤리,2ff7c4b52828039a111d85ee800b1b53,2026-07-01,251,246760047,0.128,,
approach,파도타기젤리,2ff7c4b52828039a111d85ee800b1b53,2026-07-02,251,246760047,0.128,,
approach,파도타기젤리,2ff7c4b52828039a111d85ee800b1b53,2026-07-03,251,246760047,0.128,,
approach,파도타기젤리,2ff7c4b52828039a111d85ee800b1b53,2026-07-04,251,246760047,0.128,911949,
approach,파도타기젤리,2ff7c4b52828039a111d85ee800b1b53,2026-07-05,251,246760047,0.128,,
approach,파도타기젤리,2ff7c4b52828039a111d85ee800b1b53,2026-07-06,251,246760047,0.128,,
approach,파도타기젤리,2ff7c4b52828039a111d85ee800b1b53,2026-07-07,251,246760047,0.128,,
approach,파도타기젤리,2ff7c4b52828039a111d85ee800b1b53,2026-07-08,251,246760047,0.128,,
approach,파도타기젤리,2ff7c4b52828039a111d85ee800b1b53,2026-07-09,251,246760047,0.128,,
approach,파도타기젤리,2ff7c4b52828039a111d85ee800b1b53,2026-07-10,251,246760047,0.128,,
approach,파도타기젤리,2ff7c4b52828039a111d85ee800b1b53,2026-07-11,251,246760047,0.128,,
approach,파도타기젤리,2ff7c4b52828039a111d85ee800b1b53,2026-07-12,251,246760047,0.128,911949,
approach,혀로여포메타,32ba79f01ee8c8c5d879c19763f4863f,2026-06-18,251,301282368,0.157,786880,
approach,혀로여포메타,32ba79f01ee8c8c5d879c19763f4863f,2026-06-19,251,301282368,0.157,,
approach,혀로여포메타,32ba79f01ee8c8c5d879c19763f4863f,2026-06-20,251,301282368,0.157,,
approach,혀로여포메타,32ba79f01ee8c8c5d879c19763f4863f,2026-06-21,251,301282368,0.157,,
approach,혀로여포메타,32ba79f01ee8c8c5d879c19763f4863f,2026-06-22,251,301282368,0.157,,
approach,혀로여포메타,32ba79f01ee8c8c5d879c19763f4863f,2026-06-23,251,301282368,0.157,,
approach,혀로여포메타,32ba79f01ee8c8c5d879c19763f4863f,2026-06-24,251,301282368,0.157,,
approach,혀로여포메타,32ba79f01ee8c8c5d879c19763f4863f,2026-06-25,251,301282368,0.157,,
approach,혀로여포메타,32ba79f01ee8c8c5d879c19763f4863f,2026-06-26,251,301282368,0.157,786880,
approach,혀로여포메타,32ba79f01ee8c8c5d879c19763f4863f,2026-06-27,251,301282368,0.157,,
approach,혀로여포메타,32ba79f01ee8c8c5d879c19763f4863f,2026-06-28,251,301282368,0.157,,
approach,혀로여포메타,32ba79f01ee8c8c5d879c19763f4863f,2026-06-29,251,301282368,0.157,,
approach,혀로여포메타,32ba79f01ee8c8c5d879c19763f4863f,2026-06-30,251,301282368,0.157,,
approach,혀로여포메타,32ba79f01ee8c8c5d879c19763f4863f,2026-07-01,251,301282368,0.157,,
approach,혀로여포메타,32ba79f01ee8c8c5d879c19763f4863f,2026-07-02,251,301282368,0.157,,
approach,혀로여포메타,32ba79f01ee8c8c5d879c19763f4863f,2026-07-03,251,301282368,0.157,,
approach,혀로여포메타,32ba79f01ee8c8c5d879c19763f4863f,2026-07-04,251,301282368,0.157,786880,
approach,혀로여포메타,32ba79f01ee8c8c5d879c19763f4863f,2026-07-05,251,301282368,0.157,,
approach,혀로여포메타,32ba79f01ee8c8c5d879c19763f4863f,2026-07-06,251,301282368,0.157,,
approach,혀로여포메타,32ba79f01ee8c8c5d879c19763f4863f,2026-07-07,251,301282368,0.157,,
approach,혀로여포메타,32ba79f01ee8c8c5d879c19763f4863f,2026-07-08,251,301282368,0.157,,
approach,혀로여포메타,32ba79f01ee8c8c5d879c19763f4863f,2026-07-09,251,301282368,0.157,,
approach,혀로여포메타,32ba79f01ee8c8c5d879c19763f4863f,2026-07-10,251,301282368,0.157,,
approach,혀로여포메타,32ba79f01ee8c8c5d879c19763f4863f,2026-07-11,251,301282368,0.157,,
approach,혀로여포메타,32ba79f01ee8c8c5d879c19763f4863f,2026-07-12,251,301282368,0.157,786880,
approach,괴물쥐환슥,3bbb31798d41654e89c5524b007c77fb,2026-06-18,251,221323567,0.115,2376744,
approach,괴물쥐환슥,3bbb31798d41654e89c5524b007c77fb,2026-06-19,251,221323567,0.115,,
approach,괴물쥐환슥,3bbb31798d41654e89c5524b007c77fb,2026-06-20,251,221323567,0.115,,
approach,괴물쥐환슥,3bbb31798d41654e89c5524b007c77fb,2026-06-21,251,221323567,0.115,,
approach,괴물쥐환슥,3bbb31798d41654e89c5524b007c77fb,2026-06-22,251,221323567,0.115,,
approach,괴물쥐환슥,3bbb31798d41654e89c5524b007c77fb,2026-06-23,251,221323567,0.115,,
approach,괴물쥐환슥,3bbb31798d41654e89c5524b007c77fb,2026-06-24,251,221323567,0.115,,
approach,괴물쥐환슥,3bbb31798d41654e89c5524b007c77fb,2026-06-25,251,221323567,0.115,,
approach,괴물쥐환슥,3bbb31798d41654e89c5524b007c77fb,2026-06-26,251,221323567,0.115,2376744,
approach,괴물쥐환슥,3bbb31798d41654e89c5524b007c77fb,2026-06-27,251,221323567,0.115,,
approach,괴물쥐환슥,3bbb31798d41654e89c5524b007c77fb,2026-06-28,251,221323567,0.115,,
approach,괴물쥐환슥,3bbb31798d41654e89c5524b007c77fb,2026-06-29,251,221323567,0.115,,
approach,괴물쥐환슥,3bbb31798d41654e89c5524b007c77fb,2026-06-30,251,221323567,0.115,,
approach,괴물쥐환슥,3bbb31798d41654e89c5524b007c77fb,2026-07-01,251,221323567,0.115,,
approach,괴물쥐환슥,3bbb31798d41654e89c5524b007c77fb,2026-07-02,251,221323567,0.115,,
approach,괴물쥐환슥,3bbb31798d41654e89c5524b007c77fb,2026-07-03,251,221323567,0.115,,
approach,괴물쥐환슥,3bbb31798d41654e89c5524b007c77fb,2026-07-04,251,221323567,0.115,2376744,
approach,괴물쥐환슥,3bbb31798d41654e89c5524b007c77fb,2026-07-05,251,221323567,0.115,,
approach,괴물쥐환슥,3bbb31798d41654e89c5524b007c77fb,2026-07-06,251,221323567,0.115,,
approach,괴물쥐환슥,3bbb31798d41654e89c5524b007c77fb,2026-07-07,251,221323567,0.115,,
approach,괴물쥐환슥,3bbb31798d41654e89c5524b007c77fb,2026-07-08,251,221323567,0.115,,
approach,괴물쥐환슥,3bbb31798d41654e89c5524b007c77fb,2026-07-09,251,221323567,0.115,,
approach,괴물쥐환슥,3bbb31798d41654e89c5524b007c77fb,2026-07-10,251,221323567,0.115,,
approach,괴물쥐환슥,3bbb31798d41654e89c5524b007c77fb,2026-07-11,251,221323567,0.115,,
approach,괴물쥐환슥,3bbb31798d41654e89c5524b007c77fb,2026-07-12,251,221323567,0.115,2376744,
approach,킹짱엠페러킹,e31b3c6afeccba5e7fd612973e8f2e6a,2026-06-18,251,269252136,0.140,414594,
approach,킹짱엠페러킹,e31b3c6afeccba5e7fd612973e8f2e6a,2026-06-19,251,269252136,0.140,,
approach,킹짱엠페러킹,e31b3c6afeccba5e7fd612973e8f2e6a,2026-06-20,251,269252136,0.140,,
approach,킹짱엠페러킹,e31b3c6afeccba5e7fd612973e8f2e6a,2026-06-21,251,269252136,0.140,,
approach,킹짱엠페러킹,e31b3c6afeccba5e7fd612973e8f2e6a,2026-06-22,251,269252136,0.140,,
approach,킹짱엠페러킹,e31b3c6afeccba5e7fd612973e8f2e6a,2026-06-23,251,269252136,0.140,,
approach,킹짱엠페러킹,e31b3c6afeccba5e7fd612973e8f2e6a,2026-06-24,251,269252136,0.140,,
approach,킹짱엠페러킹,e31b3c6afeccba5e7fd612973e8f2e6a,2026-06-25,251,269252136,0.140,,
approach,킹짱엠페러킹,e31b3c6afeccba5e7fd612973e8f2e6a,2026-06-26,251,269252136,0.140,414594,
approach,킹짱엠페러킹,e31b3c6afeccba5e7fd612973e8f2e6a,2026-06-27,251,269252136,0.140,,
approach,킹짱엠페러킹,e31b3c6afeccba5e7fd612973e8f2e6a,2026-06-28,251,269252136,0.140,,
approach,킹짱엠페러킹,e31b3c6afeccba5e7fd612973e8f2e6a,2026-06-29,251,269252136,0.140,,
approach,킹짱엠페러킹,e31b3c6afeccba5e7fd612973e8f2e6a,2026-06-30,251,269252136,0.140,,
approach,킹짱엠페러킹,e31b3c6afeccba5e7fd612973e8f2e6a,2026-07-01,251,269252136,0.140,,
approach,킹짱엠페러킹,e31b3c6afeccba5e7fd612973e8f2e6a,2026-07-02,251,269252136,0.140,,
approach,킹짱엠페러킹,e31b3c6afeccba5e7fd612973e8f2e6a,2026-07-03,251,269252136,0.140,,
approach,킹짱엠페러킹,e31b3c6afeccba5e7fd612973e8f2e6a,2026-07-04,251,269252136,0.140,414594,
approach,킹짱엠페러킹,e31b3c6afeccba5e7fd612973e8f2e6a,2026-07-05,251,269252136,0.140,,
approach,킹짱엠페러킹,e31b3c6afeccba5e7fd612973e8f2e6a,2026-07-06,251,269252136,0.140,,
approach,킹짱엠페러킹,e31b3c6afeccba5e7fd612973e8f2e6a,2026-07-07,251,269252136,0.140,,
approach,킹짱엠페러킹,e31b3c6afeccba5e7fd612973e8f2e6a,2026-07-08,251,269252136,0.140,,
approach,킹짱엠페러킹,e31b3c6afeccba5e7fd612973e8f2e6a,2026-07-09,251,269252136,0.140,,
approach,킹짱엠페러킹,e31b3c6afeccba5e7fd612973e8f2e6a,2026-07-10,251,269252136,0.140,,
approach,킹짱엠페러킹,e31b3c6afeccba5e7fd612973e8f2e6a,2026-07-11,251,269252136,0.140,,
approach,킹짱엠페러킹,e31b3c6afeccba5e7fd612973e8f2e6a,2026-07-12,251,269252136,0.140,414594,
approach,찰폐,64ab0e4a6143e01663109f198bb1376aefe8d04e6d233bd35cf2fabdeb93fb0d,2026-06-18,251,227421759,0.118,3177491,
approach,찰폐,64ab0e4a6143e01663109f198bb1376aefe8d04e6d233bd35cf2fabdeb93fb0d,2026-06-19,251,227421759,0.118,,
approach,찰폐,64ab0e4a6143e01663109f198bb1376aefe8d04e6d233bd35cf2fabdeb93fb0d,2026-06-20,251,227421759,0.118,,
approach,찰폐,64ab0e4a6143e01663109f198bb1376aefe8d04e6d233bd35cf2fabdeb93fb0d,2026-06-21,251,227421759,0.118,,
approach,찰폐,64ab0e4a6143e01663109f198bb1376aefe8d04e6d233bd35cf2fabdeb93fb0d,2026-06-22,251,227421759,0.118,,
approach,찰폐,64ab0e4a6143e01663109f198bb1376aefe8d04e6d233bd35cf2fabdeb93fb0d,2026-06-23,251,227421759,0.118,,
approach,찰폐,64ab0e4a6143e01663109f198bb1376aefe8d04e6d233bd35cf2fabdeb93fb0d,2026-06-24,251,227421759,0.118,,
approach,찰폐,64ab0e4a6143e01663109f198bb1376aefe8d04e6d233bd35cf2fabdeb93fb0d,2026-06-25,251,227421759,0.118,,
approach,찰폐,64ab0e4a6143e01663109f198bb1376aefe8d04e6d233bd35cf2fabdeb93fb0d,2026-06-26,251,227421759,0.118,3177491,
approach,찰폐,64ab0e4a6143e01663109f198bb1376aefe8d04e6d233bd35cf2fabdeb93fb0d,2026-06-27,251,227421759,0.118,,
approach,찰폐,64ab0e4a6143e01663109f198bb1376aefe8d04e6d233bd35cf2fabdeb93fb0d,2026-06-28,251,227421759,0.118,,
approach,찰폐,64ab0e4a6143e01663109f198bb1376aefe8d04e6d233bd35cf2fabdeb93fb0d,2026-06-29,251,227421759,0.118,,
approach,찰폐,64ab0e4a6143e01663109f198bb1376aefe8d04e6d233bd35cf2fabdeb93fb0d,2026-06-30,251,227421759,0.118,,
approach,찰폐,64ab0e4a6143e01663109f198bb1376aefe8d04e6d233bd35cf2fabdeb93fb0d,2026-07-01,251,227421759,0.118,,
approach,찰폐,64ab0e4a6143e01663109f198bb1376aefe8d04e6d233bd35cf2fabdeb93fb0d,2026-07-02,251,227421759,0.118,,
approach,찰폐,64ab0e4a6143e01663109f198bb1376aefe8d04e6d233bd35cf2fabdeb93fb0d,2026-07-03,251,227421759,0.118,,
approach,찰폐,64ab0e4a6143e01663109f198bb1376aefe8d04e6d233bd35cf2fabdeb93fb0d,2026-07-04,251,227421759,0.118,3177491,
approach,찰폐,64ab0e4a6143e01663109f198bb1376aefe8d04e6d233bd35cf2fabdeb93fb0d,2026-07-05,251,227421759,0.118,,
approach,찰폐,64ab0e4a6143e01663109f198bb1376aefe8d04e6d233bd35cf2fabdeb93fb0d,2026-07-06,251,227421759,0.118,,
approach,찰폐,64ab0e4a6143e01663109f198bb1376aefe8d04e6d233bd35cf2fabdeb93fb0d,2026-07-07,251,227421759,0.118,,
approach,찰폐,64ab0e4a6143e01663109f198bb1376aefe8d04e6d233bd35cf2fabdeb93fb0d,2026-07-08,251,227421759,0.118,,
approach,찰폐,64ab0e4a6143e01663109f198bb1376aefe8d04e6d233bd35cf2fabdeb93fb0d,2026-07-09,251,227421759,0.118,,
approach,찰폐,64ab0e4a6143e01663109f198bb1376aefe8d04e6d233bd35cf2fabdeb93fb0d,2026-07-10,251,227421759,0.118,,
approach,찰폐,64ab0e4a6143e01663109f198bb1376aefe8d04e6d233bd35cf2fabdeb93fb0d,2026-07-11,251,227421759,0.118,,
approach,찰폐,64ab0e4a6143e01663109f198bb1376aefe8d04e6d233bd35cf2fabdeb93fb0d,2026-07-12,251,227421759,0.118,3177491,
approach,전율의은월,4704b244c5d350960aa95f5ee23de4f5efe8d04e6d233bd35cf2fabdeb93fb0d,2026-06-18,251,239049191,0.052,1373,
approach,전율의은월,4704b244c5d350960aa95f5ee23de4f5efe8d04e6d233bd35cf2fabdeb93fb0d,2026-06-19,251,239049191,0.052,,
approach,전율의은월,4704b244c5d350960aa95f5ee23de4f5efe8d04e6d233bd35cf2fabdeb93fb0d,2026-06-20,251,239049191,0.052,,
approach,전율의은월,4704b244c5d350960aa95f5ee23de4f5efe8d04e6d233bd35cf2fabdeb93fb0d,2026-06-21,251,239049191,0.052,,
approach,전율의은월,4704b244c5d350960aa95f5ee23de4f5efe8d04e6d233bd35cf2fabdeb93fb0d,2026-06-22,251,239049191,0.052,,
approach,전율의은월,4704b244c5d350960aa95f5ee23de4f5efe8d04e6d233bd35cf2fabdeb93fb0d,2026-06-23,251,239049191,0.052,,
approach,전율의은월,4704b244c5d350960aa95f5ee23de4f5efe8d04e6d233bd35cf2fabdeb93fb0d,2026-06-24,251,239049191,0.052,,
approach,전율의은월,4704b244c5d350960aa95f5ee23de4f5efe8d04e6d233bd35cf2fabdeb93fb0d,2026-06-25,251,239049191,0.052,,
approach,전율의은월,4704b244c5d350960aa95f5ee23de4f5efe8d04e6d233bd35cf2fabdeb93fb0d,2026-06-26,251,239049191,0.052,1373,
approach,전율의은월,4704b244c5d350960aa95f5ee23de4f5efe8d04e6d233bd35cf2fabdeb93fb0d,2026-06-27,251,239049191,0.052,,
approach,전율의은월,4704b244c5d350960aa95f5ee23de4f5efe8d04e6d233bd35cf2fabdeb93fb0d,2026-06-28,251,239049191,0.052,,
approach,전율의은월,4704b244c5d350960aa95f5ee23de4f5efe8d04e6d233bd35cf2fabdeb93fb0d,2026-06-29,251,239049191,0.052,,
approach,전율의은월,4704b244c5d350960aa95f5ee23de4f5efe8d04e6d233bd35cf2fabdeb93fb0d,2026-06-30,251,239049191,0.052,,
approach,전율의은월,4704b244c5d350960aa95f5ee23de4f5efe8d04e6d233bd35cf2fabdeb93fb0d,2026-07-01,251,239049191,0.052,,
approach,전율의은월,4704b244c5d350960aa95f5ee23de4f5efe8d04e6d233bd35cf2fabdeb93fb0d,2026-07-02,251,239049191,0.052,,
approach,전율의은월,4704b244c5d350960aa95f5ee23de4f5efe8d04e6d233bd35cf2fabdeb93fb0d,2026-07-03,251,239049191,0.052,,
approach,전율의은월,4704b244c5d350960aa95f5ee23de4f5efe8d04e6d233bd35cf2fabdeb93fb0d,2026-07-04,251,239049191,0.052,1373,
approach,전율의은월,4704b244c5d350960aa95f5ee23de4f5efe8d04e6d233bd35cf2fabdeb93fb0d,2026-07-05,251,239049191,0.052,,
approach,전율의은월,4704b244c5d350960aa95f5ee23de4f5efe8d04e6d233bd35cf2fabdeb93fb0d,2026-07-06,251,239049191,0.052,,
approach,전율의은월,4704b244c5d350960aa95f5ee23de4f5efe8d04e6d233bd35cf2fabdeb93fb0d,2026-07-07,251,239049191,0.052,,
approach,전율의은월,4704b244c5d350960aa95f5ee23de4f5efe8d04e6d233bd35cf2fabdeb93fb0d,2026-07-08,251,239049191,0.052,,
approach,전율의은월,4704b244c5d350960aa95f5ee23de4f5efe8d04e6d233bd35cf2fabdeb93fb0d,2026-07-09,251,239049191,0.052,,
approach,전율의은월,4704b244c5d350960aa95f5ee23de4f5efe8d04e6d233bd35cf2fabdeb93fb0d,2026-07-10,251,239049191,0.052,,
approach,전율의은월,4704b244c5d350960aa95f5ee23de4f5efe8d04e6d233bd35cf2fabdeb93fb0d,2026-07-11,251,239049191,0.052,,
approach,전율의은월,4704b244c5d350960aa95f5ee23de4f5efe8d04e6d233bd35cf2fabdeb93fb0d,2026-07-12,251,239049191,0.052,1373,
approach,만득희,c40c866076dfdb81d8dcf04eb46231a1,2026-06-18,251,277326807,0.144,46507,
approach,만득희,c40c866076dfdb81d8dcf04eb46231a1,2026-06-19,251,277326807,0.144,,
approach,만득희,c40c866076dfdb81d8dcf04eb46231a1,2026-06-20,251,277326807,0.144,,
approach,만득희,c40c866076dfdb81d8dcf04eb46231a1,2026-06-21,251,277326807,0.144,,
approach,만득희,c40c866076dfdb81d8dcf04eb46231a1,2026-06-22,251,277326807,0.144,,
approach,만득희,c40c866076dfdb81d8dcf04eb46231a1,2026-06-23,251,277326807,0.144,,
approach,만득희,c40c866076dfdb81d8dcf04eb46231a1,2026-06-24,251,277326807,0.144,,
approach,만득희,c40c866076dfdb81d8dcf04eb46231a1,2026-06-25,251,277326807,0.144,,
approach,만득희,c40c866076dfdb81d8dcf04eb46231a1,2026-06-26,251,277326807,0.144,46507,
approach,만득희,c40c866076dfdb81d8dcf04eb46231a1,2026-06-27,251,277326807,0.144,,
approach,만득희,c40c866076dfdb81d8dcf04eb46231a1,2026-06-28,251,277326807,0.144,,
approach,만득희,c40c866076dfdb81d8dcf04eb46231a1,2026-06-29,251,277326807,0.144,,
approach,만득희,c40c866076dfdb81d8dcf04eb46231a1,2026-06-30,251,277326807,0.144,,
approach,만득희,c40c866076dfdb81d8dcf04eb46231a1,2026-07-01,251,277326807,0.144,,
approach,만득희,c40c866076dfdb81d8dcf04eb46231a1,2026-07-02,251,277326807,0.144,,
approach,만득희,c40c866076dfdb81d8dcf04eb46231a1,2026-07-03,251,277326807,0.144,,
approach,만득희,c40c866076dfdb81d8dcf04eb46231a1,2026-07-04,251,277326807,0.144,46507,
approach,만득희,c40c866076dfdb81d8dcf04eb46231a1,2026-07-05,251,277326807,0.144,,
approach,만득희,c40c866076dfdb81d8dcf04eb46231a1,2026-07-06,251,277326807,0.144,,
approach,만득희,c40c866076dfdb81d8dcf04eb46231a1,2026-07-07,251,277326807,0.144,,
approach,만득희,c40c866076dfdb81d8dcf04eb46231a1,2026-07-08,251,277326807,0.144,,
approach,만득희,c40c866076dfdb81d8dcf04eb46231a1,2026-07-09,251,277326807,0.144,,
approach,만득희,c40c866076dfdb81d8dcf04eb46231a1,2026-07-10,251,277326807,0.144,,
approach,만득희,c40c866076dfdb81d8dcf04eb46231a1,2026-07-11,251,277326807,0.144,,
approach,만득희,c40c866076dfdb81d8dcf04eb46231a1,2026-07-12,251,277326807,0.144,46507,
approach,카틀리야,9cd36d9cbac5931262fa54179eabc314efe8d04e6d233bd35cf2fabdeb93fb0d,2026-06-18,251,289276138,0.151,314744,
approach,카틀리야,9cd36d9cbac5931262fa54179eabc314efe8d04e6d233bd35cf2fabdeb93fb0d,2026-06-19,251,289276138,0.151,,
approach,카틀리야,9cd36d9cbac5931262fa54179eabc314efe8d04e6d233bd35cf2fabdeb93fb0d,2026-06-20,251,289276138,0.151,,
approach,카틀리야,9cd36d9cbac5931262fa54179eabc314efe8d04e6d233bd35cf2fabdeb93fb0d,2026-06-21,251,289276138,0.151,,
approach,카틀리야,9cd36d9cbac5931262fa54179eabc314efe8d04e6d233bd35cf2fabdeb93fb0d,2026-06-22,251,289276138,0.151,,
approach,카틀리야,9cd36d9cbac5931262fa54179eabc314efe8d04e6d233bd35cf2fabdeb93fb0d,2026-06-23,251,289276138,0.151,,
approach,카틀리야,9cd36d9cbac5931262fa54179eabc314efe8d04e6d233bd35cf2fabdeb93fb0d,2026-06-24,251,289276138,0.151,,
approach,카틀리야,9cd36d9cbac5931262fa54179eabc314efe8d04e6d233bd35cf2fabdeb93fb0d,2026-06-25,251,289276138,0.151,,
approach,카틀리야,9cd36d9cbac5931262fa54179eabc314efe8d04e6d233bd35cf2fabdeb93fb0d,2026-06-26,251,289276138,0.151,314744,
approach,카틀리야,9cd36d9cbac5931262fa54179eabc314efe8d04e6d233bd35cf2fabdeb93fb0d,2026-06-27,251,289276138,0.151,,
approach,카틀리야,9cd36d9cbac5931262fa54179eabc314efe8d04e6d233bd35cf2fabdeb93fb0d,2026-06-28,251,289276138,0.151,,
approach,카틀리야,9cd36d9cbac5931262fa54179eabc314efe8d04e6d233bd35cf2fabdeb93fb0d,2026-06-29,251,289276138,0.151,,
approach,카틀리야,9cd36d9cbac5931262fa54179eabc314efe8d04e6d233bd35cf2fabdeb93fb0d,2026-06-30,251,289276138,0.151,,
approach,카틀리야,9cd36d9cbac5931262fa54179eabc314efe8d04e6d233bd35cf2fabdeb93fb0d,2026-07-01,251,289276138,0.151,,
approach,카틀리야,9cd36d9cbac5931262fa54179eabc314efe8d04e6d233bd35cf2fabdeb93fb0d,2026-07-02,251,289276138,0.151,,
approach,카틀리야,9cd36d9cbac5931262fa54179eabc314efe8d04e6d233bd35cf2fabdeb93fb0d,2026-07-03,251,289276138,0.151,,
approach,카틀리야,9cd36d9cbac5931262fa54179eabc314efe8d04e6d233bd35cf2fabdeb93fb0d,2026-07-04,251,289276138,0.151,314744,
approach,카틀리야,9cd36d9cbac5931262fa54179eabc314efe8d04e6d233bd35cf2fabdeb93fb0d,2026-07-05,251,289276138,0.151,,
approach,카틀리야,9cd36d9cbac5931262fa54179eabc314efe8d04e6d233bd35cf2fabdeb93fb0d,2026-07-06,251,289276138,0.151,,
approach,카틀리야,9cd36d9cbac5931262fa54179eabc314efe8d04e6d233bd35cf2fabdeb93fb0d,2026-07-07,251,289276138,0.151,,
approach,카틀리야,9cd36d9cbac5931262fa54179eabc314efe8d04e6d233bd35cf2fabdeb93fb0d,2026-07-08,251,289276138,0.151,,
approach,카틀리야,9cd36d9cbac5931262fa54179eabc314efe8d04e6d233bd35cf2fabdeb93fb0d,2026-07-09,251,289276138,0.151,,
approach,카틀리야,9cd36d9cbac5931262fa54179eabc314efe8d04e6d233bd35cf2fabdeb93fb0d,2026-07-10,251,289276138,0.151,,
approach,카틀리야,9cd36d9cbac5931262fa54179eabc314efe8d04e6d233bd35cf2fabdeb93fb0d,2026-07-11,251,289276138,0.151,,
approach,카틀리야,9cd36d9cbac5931262fa54179eabc314efe8d04e6d233bd35cf2fabdeb93fb0d,2026-07-12,251,289276138,0.151,314744,
approach,삼만원은9억,05946163ec8fba2af18102be66740948efe8d04e6d233bd35cf2fabdeb93fb0d,2026-06-18,251,268197577,0.059,1069103,
approach,삼만원은9억,05946163ec8fba2af18102be66740948efe8d04e6d233bd35cf2fabdeb93fb0d,2026-06-19,251,268197577,0.059,,
approach,삼만원은9억,05946163ec8fba2af18102be66740948efe8d04e6d233bd35cf2fabdeb93fb0d,2026-06-20,251,268197577,0.059,,
approach,삼만원은9억,05946163ec8fba2af18102be66740948efe8d04e6d233bd35cf2fabdeb93fb0d,2026-06-21,251,268197577,0.059,,
approach,삼만원은9억,05946163ec8fba2af18102be66740948efe8d04e6d233bd35cf2fabdeb93fb0d,2026-06-22,251,268197577,0.059,,
approach,삼만원은9억,05946163ec8fba2af18102be66740948efe8d04e6d233bd35cf2fabdeb93fb0d,2026-06-23,251,268197577,0.059,,
approach,삼만원은9억,05946163ec8fba2af18102be66740948efe8d04e6d233bd35cf2fabdeb93fb0d,2026-06-24,251,268197577,0.059,,
approach,삼만원은9억,05946163ec8fba2af18102be66740948efe8d04e6d233bd35cf2fabdeb93fb0d,2026-06-25,251,268197577,0.059,,
approach,삼만원은9억,05946163ec8fba2af18102be66740948efe8d04e6d233bd35cf2fabdeb93fb0d,2026-06-26,251,268197577,0.059,1069103,
approach,삼만원은9억,05946163ec8fba2af18102be66740948efe8d04e6d233bd35cf2fabdeb93fb0d,2026-06-27,251,268197577,0.059,,
approach,삼만원은9억,05946163ec8fba2af18102be66740948efe8d04e6d233bd35cf2fabdeb93fb0d,2026-06-28,251,268197577,0.059,,
approach,삼만원은9억,05946163ec8fba2af18102be66740948efe8d04e6d233bd35cf2fabdeb93fb0d,2026-06-29,251,268197577,0.059,,
approach,삼만원은9억,05946163ec8fba2af18102be66740948efe8d04e6d233bd35cf2fabdeb93fb0d,2026-06-30,251,268197577,0.059,,
approach,삼만원은9억,05946163ec8fba2af18102be66740948efe8d04e6d233bd35cf2fabdeb93fb0d,2026-07-01,251,268197577,0.059,,
approach,삼만원은9억,05946163ec8fba2af18102be66740948efe8d04e6d233bd35cf2fabdeb93fb0d,2026-07-02,251,268197577,0.059,,
approach,삼만원은9억,05946163ec8fba2af18102be66740948efe8d04e6d233bd35cf2fabdeb93fb0d,2026-07-03,251,268197577,0.059,,
approach,삼만원은9억,05946163ec8fba2af18102be66740948efe8d04e6d233bd35cf2fabdeb93fb0d,2026-07-04,251,268197577,0.059,1069103,
approach,삼만원은9억,05946163ec8fba2af18102be66740948efe8d04e6d233bd35cf2fabdeb93fb0d,2026-07-05,251,268197577,0.059,,
approach,삼만원은9억,05946163ec8fba2af18102be66740948efe8d04e6d233bd35cf2fabdeb93fb0d,2026-07-06,251,268197577,0.059,,
approach,삼만원은9억,05946163ec8fba2af18102be66740948efe8d04e6d233bd35cf2fabdeb93fb0d,2026-07-07,251,268197577,0.059,,
approach,삼만원은9억,05946163ec8fba2af18102be66740948efe8d04e6d233bd35cf2fabdeb93fb0d,2026-07-08,251,268197577,0.059,,
approach,삼만원은9억,05946163ec8fba2af18102be66740948efe8d04e6d233bd35cf2fabdeb93fb0d,2026-07-09,251,268197577,0.059,,
approach,삼만원은9억,05946163ec8fba2af18102be66740948efe8d04e6d233bd35cf2fabdeb93fb0d,2026-07-10,251,268197577,0.059,,
approach,삼만원은9억,05946163ec8fba2af18102be66740948efe8d04e6d233bd35cf2fabdeb93fb0d,2026-07-11,251,268197577,0.059,,
approach,삼만원은9억,05946163ec8fba2af18102be66740948efe8d04e6d233bd35cf2fabdeb93fb0d,2026-07-12,251,268197577,0.059,1069103,
approach,편안크,32cccfae7c6a4fcfc16190e110157d4c,2026-06-18,251,272910619,0.142,2189336,
approach,편안크,32cccfae7c6a4fcfc16190e110157d4c,2026-06-19,251,272910619,0.142,,
approach,편안크,32cccfae7c6a4fcfc16190e110157d4c,2026-06-20,251,272910619,0.142,,
approach,편안크,32cccfae7c6a4fcfc16190e110157d4c,2026-06-21,251,272910619,0.142,,
approach,편안크,32cccfae7c6a4fcfc16190e110157d4c,2026-06-22,251,272910619,0.142,,
approach,편안크,32cccfae7c6a4fcfc16190e110157d4c,2026-06-23,251,272910619,0.142,,
approach,편안크,32cccfae7c6a4fcfc16190e110157d4c,2026-06-24,251,272910619,0.142,,
approach,편안크,32cccfae7c6a4fcfc16190e110157d4c,2026-06-25,251,272910619,0.142,,
approach,편안크,32cccfae7c6a4fcfc16190e110157d4c,2026-06-26,251,272910619,0.142,2189336,
approach,편안크,32cccfae7c6a4fcfc16190e110157d4c,2026-06-27,251,272910619,0.142,,
approach,편안크,32cccfae7c6a4fcfc16190e110157d4c,2026-06-28,251,272910619,0.142,,
approach,편안크,32cccfae7c6a4fcfc16190e110157d4c,2026-06-29,251,272910619,0.142,,
approach,편안크,32cccfae7c6a4fcfc16190e110157d4c,2026-06-30,251,272910619,0.142,,
approach,편안크,32cccfae7c6a4fcfc16190e110157d4c,2026-07-01,251,272910619,0.142,,
approach,편안크,32cccfae7c6a4fcfc16190e110157d4c,2026-07-02,251,272910619,0.142,,
approach,편안크,32cccfae7c6a4fcfc16190e110157d4c,2026-07-03,251,272910619,0.142,,
approach,편안크,32cccfae7c6a4fcfc16190e110157d4c,2026-07-04,251,272910619,0.142,2189336,
approach,편안크,32cccfae7c6a4fcfc16190e110157d4c,2026-07-05,251,272910619,0.142,,
approach,편안크,32cccfae7c6a4fcfc16190e110157d4c,2026-07-06,251,272910619,0.142,,
approach,편안크,32cccfae7c6a4fcfc16190e110157d4c,2026-07-07,251,272910619,0.142,,
approach,편안크,32cccfae7c6a4fcfc16190e110157d4c,2026-07-08,251,272910619,0.142,,
approach,편안크,32cccfae7c6a4fcfc16190e110157d4c,2026-07-09,251,272910619,0.142,,
approach,편안크,32cccfae7c6a4fcfc16190e110157d4c,2026-07-10,251,272910619,0.142,,
approach,편안크,32cccfae7c6a4fcfc16190e110157d4c,2026-07-11,251,272910619,0.142,,
approach,편안크,32cccfae7c6a4fcfc16190e110157d4c,2026-07-12,251,272910619,0.142,2189336,
approach,스공은높게,4fca895611997f23258575fb74970c4d,2026-06-18,251,316694828,0.165,1119139,
approach,스공은높게,4fca895611997f23258575fb74970c4d,2026-06-19,251,316694828,0.165,,
approach,스공은높게,4fca895611997f23258575fb74970c4d,2026-06-20,251,316694828,0.165,,
approach,스공은높게,4fca895611997f23258575fb74970c4d,2026-06-21,251,316694828,0.165,,
approach,스공은높게,4fca895611997f23258575fb74970c4d,2026-06-22,251,316694828,0.165,,
approach,스공은높게,4fca895611997f23258575fb74970c4d,2026-06-23,251,316694828,0.165,,
approach,스공은높게,4fca895611997f23258575fb74970c4d,2026-06-24,251,316694828,0.165,,
approach,스공은높게,4fca895611997f23258575fb74970c4d,2026-06-25,251,316694828,0.165,,
approach,스공은높게,4fca895611997f23258575fb74970c4d,2026-06-26,251,316694828,0.165,1119139,
approach,스공은높게,4fca895611997f23258575fb74970c4d,2026-06-27,251,316694828,0.165,,
approach,스공은높게,4fca895611997f23258575fb74970c4d,2026-06-28,251,316694828,0.165,,
approach,스공은높게,4fca895611997f23258575fb74970c4d,2026-06-29,251,316694828,0.165,,
approach,스공은높게,4fca895611997f23258575fb74970c4d,2026-06-30,251,316694828,0.165,,
approach,스공은높게,4fca895611997f23258575fb74970c4d,2026-07-01,251,316694828,0.165,,
approach,스공은높게,4fca895611997f23258575fb74970c4d,2026-07-02,251,316694828,0.165,,
approach,스공은높게,4fca895611997f23258575fb74970c4d,2026-07-03,251,316694828,0.165,,
approach,스공은높게,4fca895611997f23258575fb74970c4d,2026-07-04,251,316694828,0.165,1119139,
approach,스공은높게,4fca895611997f23258575fb74970c4d,2026-07-05,251,316694828,0.165,,
approach,스공은높게,4fca895611997f23258575fb74970c4d,2026-07-06,251,316694828,0.165,,
approach,스공은높게,4fca895611997f23258575fb74970c4d,2026-07-07,251,316694828,0.165,,
approach,스공은높게,4fca895611997f23258575fb74970c4d,2026-07-08,251,316694828,0.165,,
approach,스공은높게,4fca895611997f23258575fb74970c4d,2026-07-09,251,316694828,0.165,,
approach,스공은높게,4fca895611997f23258575fb74970c4d,2026-07-10,251,316694828,0.165,,
approach,스공은높게,4fca895611997f23258575fb74970c4d,2026-07-11,251,316694828,0.165,,
approach,스공은높게,4fca895611997f23258575fb74970c4d,2026-07-12,251,316694828,0.165,1119139,
approach,루멀땅,a425ea8ca9e8c683069afd8be5fe38d6,2026-06-18,251,258893017,0.135,65914,
approach,루멀땅,a425ea8ca9e8c683069afd8be5fe38d6,2026-06-19,251,258893017,0.135,,
approach,루멀땅,a425ea8ca9e8c683069afd8be5fe38d6,2026-06-20,251,258893017,0.135,,
approach,루멀땅,a425ea8ca9e8c683069afd8be5fe38d6,2026-06-21,251,258893017,0.135,,
approach,루멀땅,a425ea8ca9e8c683069afd8be5fe38d6,2026-06-22,251,258893017,0.135,,
approach,루멀땅,a425ea8ca9e8c683069afd8be5fe38d6,2026-06-23,251,258893017,0.135,,
approach,루멀땅,a425ea8ca9e8c683069afd8be5fe38d6,2026-06-24,251,258893017,0.135,,
approach,루멀땅,a425ea8ca9e8c683069afd8be5fe38d6,2026-06-25,251,258893017,0.135,,
approach,루멀땅,a425ea8ca9e8c683069afd8be5fe38d6,2026-06-26,251,258893017,0.135,65914,
approach,루멀땅,a425ea8ca9e8c683069afd8be5fe38d6,2026-06-27,251,258893017,0.135,,
approach,루멀땅,a425ea8ca9e8c683069afd8be5fe38d6,2026-06-28,251,258893017,0.135,,
approach,루멀땅,a425ea8ca9e8c683069afd8be5fe38d6,2026-06-29,251,258893017,0.135,,
approach,루멀땅,a425ea8ca9e8c683069afd8be5fe38d6,2026-06-30,251,258893017,0.135,,
approach,루멀땅,a425ea8ca9e8c683069afd8be5fe38d6,2026-07-01,251,258893017,0.135,,
approach,루멀땅,a425ea8ca9e8c683069afd8be5fe38d6,2026-07-02,251,258893017,0.135,,
approach,루멀땅,a425ea8ca9e8c683069afd8be5fe38d6,2026-07-03,251,258893017,0.135,,
approach,루멀땅,a425ea8ca9e8c683069afd8be5fe38d6,2026-07-04,251,258893017,0.135,65914,
approach,루멀땅,a425ea8ca9e8c683069afd8be5fe38d6,2026-07-05,251,258893017,0.135,,
approach,루멀땅,a425ea8ca9e8c683069afd8be5fe38d6,2026-07-06,251,258893017,0.135,,
approach,루멀땅,a425ea8ca9e8c683069afd8be5fe38d6,2026-07-07,251,258893017,0.135,,
approach,루멀땅,a425ea8ca9e8c683069afd8be5fe38d6,2026-07-08,251,258893017,0.135,,
approach,루멀땅,a425ea8ca9e8c683069afd8be5fe38d6,2026-07-09,251,258893017,0.135,,
approach,루멀땅,a425ea8ca9e8c683069afd8be5fe38d6,2026-07-10,251,258893017,0.135,,
approach,루멀땅,a425ea8ca9e8c683069afd8be5fe38d6,2026-07-11,251,258893017,0.135,,
approach,루멀땅,a425ea8ca9e8c683069afd8be5fe38d6,2026-07-12,251,258893017,0.135,65914,
approach,fgfagfd,a68e4923a88cc84ea4991f842be83a34efe8d04e6d233bd35cf2fabdeb93fb0d,2026-06-18,251,312869175,0.163,725936,
approach,fgfagfd,a68e4923a88cc84ea4991f842be83a34efe8d04e6d233bd35cf2fabdeb93fb0d,2026-06-19,251,312869175,0.163,,
approach,fgfagfd,a68e4923a88cc84ea4991f842be83a34efe8d04e6d233bd35cf2fabdeb93fb0d,2026-06-20,251,312869175,0.163,,
approach,fgfagfd,a68e4923a88cc84ea4991f842be83a34efe8d04e6d233bd35cf2fabdeb93fb0d,2026-06-21,251,312869175,0.163,,
approach,fgfagfd,a68e4923a88cc84ea4991f842be83a34efe8d04e6d233bd35cf2fabdeb93fb0d,2026-06-22,251,312869175,0.163,,
approach,fgfagfd,a68e4923a88cc84ea4991f842be83a34efe8d04e6d233bd35cf2fabdeb93fb0d,2026-06-23,251,312869175,0.163,,
approach,fgfagfd,a68e4923a88cc84ea4991f842be83a34efe8d04e6d233bd35cf2fabdeb93fb0d,2026-06-24,251,312869175,0.163,,
approach,fgfagfd,a68e4923a88cc84ea4991f842be83a34efe8d04e6d233bd35cf2fabdeb93fb0d,2026-06-25,251,312869175,0.163,,
approach,fgfagfd,a68e4923a88cc84ea4991f842be83a34efe8d04e6d233bd35cf2fabdeb93fb0d,2026-06-26,251,312869175,0.163,725936,
approach,fgfagfd,a68e4923a88cc84ea4991f842be83a34efe8d04e6d233bd35cf2fabdeb93fb0d,2026-06-27,251,312869175,0.163,,
approach,fgfagfd,a68e4923a88cc84ea4991f842be83a34efe8d04e6d233bd35cf2fabdeb93fb0d,2026-06-28,251,312869175,0.163,,
approach,fgfagfd,a68e4923a88cc84ea4991f842be83a34efe8d04e6d233bd35cf2fabdeb93fb0d,2026-06-29,251,312869175,0.163,,
approach,fgfagfd,a68e4923a88cc84ea4991f842be83a34efe8d04e6d233bd35cf2fabdeb93fb0d,2026-06-30,251,312869175,0.163,,
approach,fgfagfd,a68e4923a88cc84ea4991f842be83a34efe8d04e6d233bd35cf2fabdeb93fb0d,2026-07-01,251,312869175,0.163,,
approach,fgfagfd,a68e4923a88cc84ea4991f842be83a34efe8d04e6d233bd35cf2fabdeb93fb0d,2026-07-02,251,312869175,0.163,,
approach,fgfagfd,a68e4923a88cc84ea4991f842be83a34efe8d04e6d233bd35cf2fabdeb93fb0d,2026-07-03,251,312869175,0.163,,
approach,fgfagfd,a68e4923a88cc84ea4991f842be83a34efe8d04e6d233bd35cf2fabdeb93fb0d,2026-07-04,251,312869175,0.163,725936,
approach,fgfagfd,a68e4923a88cc84ea4991f842be83a34efe8d04e6d233bd35cf2fabdeb93fb0d,2026-07-05,251,312869175,0.163,,
approach,fgfagfd,a68e4923a88cc84ea4991f842be83a34efe8d04e6d233bd35cf2fabdeb93fb0d,2026-07-06,251,312869175,0.163,,
approach,fgfagfd,a68e4923a88cc84ea4991f842be83a34efe8d04e6d233bd35cf2fabdeb93fb0d,2026-07-07,251,312869175,0.163,,
approach,fgfagfd,a68e4923a88cc84ea4991f842be83a34efe8d04e6d233bd35cf2fabdeb93fb0d,2026-07-08,251,312869175,0.163,,
approach,fgfagfd,a68e4923a88cc84ea4991f842be83a34efe8d04e6d233bd35cf2fabdeb93fb0d,2026-07-09,251,312869175,0.163,,
approach,fgfagfd,a68e4923a88cc84ea4991f842be83a34efe8d04e6d233bd35cf2fabdeb93fb0d,2026-07-10,251,312869175,0.163,,
approach,fgfagfd,a68e4923a88cc84ea4991f842be83a34efe8d04e6d233bd35cf2fabdeb93fb0d,2026-07-11,251,312869175,0.163,,
approach,fgfagfd,a68e4923a88cc84ea4991f842be83a34efe8d04e6d233bd35cf2fabdeb93fb0d,2026-07-12,251,312869175,0.163,725936,
approach,크리가져와야,b838e7be91c49feba88248385407110e,2026-06-18,251,235069968,0.122,41998,
approach,크리가져와야,b838e7be91c49feba88248385407110e,2026-06-19,251,235069968,0.122,,
approach,크리가져와야,b838e7be91c49feba88248385407110e,2026-06-20,251,235069968,0.122,,
approach,크리가져와야,b838e7be91c49feba88248385407110e,2026-06-21,251,235069968,0.122,,
approach,크리가져와야,b838e7be91c49feba88248385407110e,2026-06-22,251,235069968,0.122,,
approach,크리가져와야,b838e7be91c49feba88248385407110e,2026-06-23,251,235069968,0.122,,
approach,크리가져와야,b838e7be91c49feba88248385407110e,2026-06-24,251,235069968,0.122,,
approach,크리가져와야,b838e7be91c49feba88248385407110e,2026-06-25,251,235069968,0.122,,
approach,크리가져와야,b838e7be91c49feba88248385407110e,2026-06-26,251,235069968,0.122,41998,
approach,크리가져와야,b838e7be91c49feba88248385407110e,2026-06-27,251,235069968,0.122,,
approach,크리가져와야,b838e7be91c49feba88248385407110e,2026-06-28,251,235069968,0.122,,
approach,크리가져와야,b838e7be91c49feba88248385407110e,2026-06-29,251,235069968,0.122,,
approach,크리가져와야,b838e7be91c49feba88248385407110e,2026-06-30,251,235069968,0.122,,
approach,크리가져와야,b838e7be91c49feba88248385407110e,2026-07-01,251,235069968,0.122,,
approach,크리가져와야,b838e7be91c49feba88248385407110e,2026-07-02,251,235069968,0.122,,
approach,크리가져와야,b838e7be91c49feba88248385407110e,2026-07-03,251,235069968,0.122,,
approach,크리가져와야,b838e7be91c49feba88248385407110e,2026-07-04,251,235069968,0.122,41998,
approach,크리가져와야,b838e7be91c49feba88248385407110e,2026-07-05,251,235069968,0.122,,
approach,크리가져와야,b838e7be91c49feba88248385407110e,2026-07-06,251,235069968,0.122,,
approach,크리가져와야,b838e7be91c49feba88248385407110e,2026-07-07,251,235069968,0.122,,
approach,크리가져와야,b838e7be91c49feba88248385407110e,2026-07-08,251,235069968,0.122,,
approach,크리가져와야,b838e7be91c49feba88248385407110e,2026-07-09,251,235069968,0.122,,
approach,크리가져와야,b838e7be91c49feba88248385407110e,2026-07-10,251,235069968,0.122,,
approach,크리가져와야,b838e7be91c49feba88248385407110e,2026-07-11,251,235069968,0.122,,
approach,크리가져와야,b838e7be91c49feba88248385407110e,2026-07-12,251,235069968,0.122,41998,
approach,미르란이,75f75e96d1b3c497d6587e9c625b39da,2026-06-18,251,285016503,0.063,422956,
approach,미르란이,75f75e96d1b3c497d6587e9c625b39da,2026-06-19,251,285016503,0.063,,
approach,미르란이,75f75e96d1b3c497d6587e9c625b39da,2026-06-20,251,285016503,0.063,,
approach,미르란이,75f75e96d1b3c497d6587e9c625b39da,2026-06-21,251,285016503,0.063,,
approach,미르란이,75f75e96d1b3c497d6587e9c625b39da,2026-06-22,251,285016503,0.063,,
approach,미르란이,75f75e96d1b3c497d6587e9c625b39da,2026-06-23,251,285016503,0.063,,
approach,미르란이,75f75e96d1b3c497d6587e9c625b39da,2026-06-24,251,285016503,0.063,,
approach,미르란이,75f75e96d1b3c497d6587e9c625b39da,2026-06-25,251,285016503,0.063,,
approach,미르란이,75f75e96d1b3c497d6587e9c625b39da,2026-06-26,251,285016503,0.063,422956,
approach,미르란이,75f75e96d1b3c497d6587e9c625b39da,2026-06-27,251,285016503,0.063,,
approach,미르란이,75f75e96d1b3c497d6587e9c625b39da,2026-06-28,251,285016503,0.063,,
approach,미르란이,75f75e96d1b3c497d6587e9c625b39da,2026-06-29,251,285016503,0.063,,
approach,미르란이,75f75e96d1b3c497d6587e9c625b39da,2026-06-30,251,285016503,0.063,,
approach,미르란이,75f75e96d1b3c497d6587e9c625b39da,2026-07-01,251,285016503,0.063,,
approach,미르란이,75f75e96d1b3c497d6587e9c625b39da,2026-07-02,251,285016503,0.063,,
approach,미르란이,75f75e96d1b3c497d6587e9c625b39da,2026-07-03,251,285016503,0.148,,
approach,미르란이,75f75e96d1b3c497d6587e9c625b39da,2026-07-04,251,285016503,0.148,440342,
approach,미르란이,75f75e96d1b3c497d6587e9c625b39da,2026-07-05,251,285016503,0.148,,
approach,미르란이,75f75e96d1b3c497d6587e9c625b39da,2026-07-06,251,285016503,0.148,,
approach,미르란이,75f75e96d1b3c497d6587e9c625b39da,2026-07-07,251,285016503,0.148,,
approach,미르란이,75f75e96d1b3c497d6587e9c625b39da,2026-07-08,251,285016503,0.148,,
approach,미르란이,75f75e96d1b3c497d6587e9c625b39da,2026-07-09,251,285016503,0.148,,
approach,미르란이,75f75e96d1b3c497d6587e9c625b39da,2026-07-10,251,285016503,0.148,,
approach,미르란이,75f75e96d1b3c497d6587e9c625b39da,2026-07-11,251,285016503,0.148,,
approach,미르란이,75f75e96d1b3c497d6587e9c625b39da,2026-07-12,251,285016503,0.148,440342,
approach,버섯시밧새,22a81d94d2860667aee4ac5b1af6e05e,2026-06-18,251,259199385,0.135,260912,
approach,버섯시밧새,22a81d94d2860667aee4ac5b1af6e05e,2026-06-19,251,259199385,0.135,,
approach,버섯시밧새,22a81d94d2860667aee4ac5b1af6e05e,2026-06-20,251,259199385,0.135,,
approach,버섯시밧새,22a81d94d2860667aee4ac5b1af6e05e,2026-06-21,251,259199385,0.135,,
approach,버섯시밧새,22a81d94d2860667aee4ac5b1af6e05e,2026-06-22,251,259199385,0.135,,
approach,버섯시밧새,22a81d94d2860667aee4ac5b1af6e05e,2026-06-23,251,259199385,0.135,,
approach,버섯시밧새,22a81d94d2860667aee4ac5b1af6e05e,2026-06-24,251,259199385,0.135,,
approach,버섯시밧새,22a81d94d2860667aee4ac5b1af6e05e,2026-06-25,251,259199385,0.135,,
approach,버섯시밧새,22a81d94d2860667aee4ac5b1af6e05e,2026-06-26,251,259199385,0.135,260912,
approach,버섯시밧새,22a81d94d2860667aee4ac5b1af6e05e,2026-06-27,251,259199385,0.135,,
approach,버섯시밧새,22a81d94d2860667aee4ac5b1af6e05e,2026-06-28,251,259199385,0.135,,
approach,버섯시밧새,22a81d94d2860667aee4ac5b1af6e05e,2026-06-29,251,259199385,0.135,,
approach,버섯시밧새,22a81d94d2860667aee4ac5b1af6e05e,2026-06-30,251,259199385,0.135,,
approach,버섯시밧새,22a81d94d2860667aee4ac5b1af6e05e,2026-07-01,251,259199385,0.135,,
approach,버섯시밧새,22a81d94d2860667aee4ac5b1af6e05e,2026-07-02,251,259199385,0.135,,
approach,버섯시밧새,22a81d94d2860667aee4ac5b1af6e05e,2026-07-03,251,259199385,0.135,,
approach,버섯시밧새,22a81d94d2860667aee4ac5b1af6e05e,2026-07-04,251,259199385,0.135,260912,
approach,버섯시밧새,22a81d94d2860667aee4ac5b1af6e05e,2026-07-05,251,259199385,0.135,,
approach,버섯시밧새,22a81d94d2860667aee4ac5b1af6e05e,2026-07-06,251,259199385,0.135,,
approach,버섯시밧새,22a81d94d2860667aee4ac5b1af6e05e,2026-07-07,251,259199385,0.135,,
approach,버섯시밧새,22a81d94d2860667aee4ac5b1af6e05e,2026-07-08,251,259199385,0.135,,
approach,버섯시밧새,22a81d94d2860667aee4ac5b1af6e05e,2026-07-09,251,259199385,0.135,,
approach,버섯시밧새,22a81d94d2860667aee4ac5b1af6e05e,2026-07-10,251,259199385,0.135,,
approach,버섯시밧새,22a81d94d2860667aee4ac5b1af6e05e,2026-07-11,251,259199385,0.135,,
approach,버섯시밧새,22a81d94d2860667aee4ac5b1af6e05e,2026-07-12,251,259199385,0.135,260912,
approach,갓두공기,ddbe488c41e5a6c7125341477688ccb1,2026-06-18,251,279852627,0.061,904914,
approach,갓두공기,ddbe488c41e5a6c7125341477688ccb1,2026-06-19,251,279852627,0.061,,
approach,갓두공기,ddbe488c41e5a6c7125341477688ccb1,2026-06-20,251,279852627,0.061,,
approach,갓두공기,ddbe488c41e5a6c7125341477688ccb1,2026-06-21,251,279852627,0.061,,
approach,갓두공기,ddbe488c41e5a6c7125341477688ccb1,2026-06-22,251,279852627,0.061,,
approach,갓두공기,ddbe488c41e5a6c7125341477688ccb1,2026-06-23,251,279852627,0.061,,
approach,갓두공기,ddbe488c41e5a6c7125341477688ccb1,2026-06-24,251,279852627,0.061,,
approach,갓두공기,ddbe488c41e5a6c7125341477688ccb1,2026-06-25,251,279852627,0.061,,
approach,갓두공기,ddbe488c41e5a6c7125341477688ccb1,2026-06-26,251,279852627,0.061,904914,
approach,갓두공기,ddbe488c41e5a6c7125341477688ccb1,2026-06-27,251,279852627,0.061,,
approach,갓두공기,ddbe488c41e5a6c7125341477688ccb1,2026-06-28,251,279852627,0.061,,
approach,갓두공기,ddbe488c41e5a6c7125341477688ccb1,2026-06-29,251,279852627,0.061,,
approach,갓두공기,ddbe488c41e5a6c7125341477688ccb1,2026-06-30,251,279852627,0.061,,
approach,갓두공기,ddbe488c41e5a6c7125341477688ccb1,2026-07-01,251,279852627,0.061,,
approach,갓두공기,ddbe488c41e5a6c7125341477688ccb1,2026-07-02,251,279852627,0.061,,
approach,갓두공기,ddbe488c41e5a6c7125341477688ccb1,2026-07-03,251,279852627,0.061,,
approach,갓두공기,ddbe488c41e5a6c7125341477688ccb1,2026-07-04,251,279852627,0.061,904914,
approach,갓두공기,ddbe488c41e5a6c7125341477688ccb1,2026-07-05,251,279852627,0.061,,
approach,갓두공기,ddbe488c41e5a6c7125341477688ccb1,2026-07-06,251,279852627,0.061,,
approach,갓두공기,ddbe488c41e5a6c7125341477688ccb1,2026-07-07,251,279852627,0.061,,
approach,갓두공기,ddbe488c41e5a6c7125341477688ccb1,2026-07-08,251,279852627,0.061,,
approach,갓두공기,ddbe488c41e5a6c7125341477688ccb1,2026-07-09,251,279852627,0.061,,
approach,갓두공기,ddbe488c41e5a6c7125341477688ccb1,2026-07-10,251,279852627,0.061,,
approach,갓두공기,ddbe488c41e5a6c7125341477688ccb1,2026-07-11,251,279852627,0.061,,
approach,갓두공기,ddbe488c41e5a6c7125341477688ccb1,2026-07-12,251,279852627,0.061,904914,
approach,노현솔,db3cade0511875435786133c6e2304b2,2026-07-13,251,247760164,0.129,,
approach,노현솔,db3cade0511875435786133c6e2304b2,2026-07-14,251,247760164,0.129,,
approach,노현솔,db3cade0511875435786133c6e2304b2,2026-07-15,251,247760164,0.129,,
approach,노현솔,db3cade0511875435786133c6e2304b2,2026-07-16,251,247760164,0.129,,
approach,노현솔,db3cade0511875435786133c6e2304b2,2026-07-17,251,247760164,0.129,,
approach,노현솔,db3cade0511875435786133c6e2304b2,2026-07-18,251,247760164,0.129,,
approach,노현솔,db3cade0511875435786133c6e2304b2,2026-07-19,251,247760164,0.129,,
approach,노현솔,db3cade0511875435786133c6e2304b2,2026-07-20,251,247760164,0.129,0,
approach,노현솔,db3cade0511875435786133c6e2304b2,2026-07-21,251,247760164,0.129,,
approach,노현솔,db3cade0511875435786133c6e2304b2,2026-07-22,251,247760164,0.129,,
approach,에스웍스터보,7a75854e8db35ba537d912a8b7410992efe8d04e6d233bd35cf2fabdeb93fb0d,2026-07-13,251,234181608,0.122,,
approach,에스웍스터보,7a75854e8db35ba537d912a8b7410992efe8d04e6d233bd35cf2fabdeb93fb0d,2026-07-14,251,234181608,0.122,,
approach,에스웍스터보,7a75854e8db35ba537d912a8b7410992efe8d04e6d233bd35cf2fabdeb93fb0d,2026-07-15,251,234181608,0.122,,
approach,에스웍스터보,7a75854e8db35ba537d912a8b7410992efe8d04e6d233bd35cf2fabdeb93fb0d,2026-07-16,251,234181608,0.122,,
approach,에스웍스터보,7a75854e8db35ba537d912a8b7410992efe8d04e6d233bd35cf2fabdeb93fb0d,2026-07-17,251,234181608,0.122,,
approach,에스웍스터보,7a75854e8db35ba537d912a8b7410992efe8d04e6d233bd35cf2fabdeb93fb0d,2026-07-18,251,234181608,0.122,,
approach,에스웍스터보,7a75854e8db35ba537d912a8b7410992efe8d04e6d233bd35cf2fabdeb93fb0d,2026-07-19,251,234181608,0.122,,
approach,에스웍스터보,7a75854e8db35ba537d912a8b7410992efe8d04e6d233bd35cf2fabdeb93fb0d,2026-07-20,251,234181608,0.122,309070,
approach,에스웍스터보,7a75854e8db35ba537d912a8b7410992efe8d04e6d233bd35cf2fabdeb93fb0d,2026-07-21,251,234181608,0.122,,
approach,에스웍스터보,7a75854e8db35ba537d912a8b7410992efe8d04e6d233bd35cf2fabdeb93fb0d,2026-07-22,251,234181608,0.122,,
approach,씨흔,36fd9436306d69ceaa20b114f956bc97,2026-07-13,251,254544737,0.132,,
approach,씨흔,36fd9436306d69ceaa20b114f956bc97,2026-07-14,251,254544737,0.132,,
approach,씨흔,36fd9436306d69ceaa20b114f956bc97,2026-07-15,251,254544737,0.132,,
approach,씨흔,36fd9436306d69ceaa20b114f956bc97,2026-07-16,251,254544737,0.132,,
approach,씨흔,36fd9436306d69ceaa20b114f956bc97,2026-07-17,251,254544737,0.132,,
approach,씨흔,36fd9436306d69ceaa20b114f956bc97,2026-07-18,251,254544737,0.132,,
approach,씨흔,36fd9436306d69ceaa20b114f956bc97,2026-07-19,251,254544737,0.132,,
approach,씨흔,36fd9436306d69ceaa20b114f956bc97,2026-07-20,251,254544737,0.132,211842,
approach,씨흔,36fd9436306d69ceaa20b114f956bc97,2026-07-21,251,254544737,0.132,,
approach,씨흔,36fd9436306d69ceaa20b114f956bc97,2026-07-22,251,254544737,0.132,,
approach,왈아란이,2c9aea595bb947f82ecf3cbb6694efd9,2026-07-13,251,255296733,0.133,,
approach,왈아란이,2c9aea595bb947f82ecf3cbb6694efd9,2026-07-14,251,255296733,0.133,,
approach,왈아란이,2c9aea595bb947f82ecf3cbb6694efd9,2026-07-15,251,255296733,0.133,,
approach,왈아란이,2c9aea595bb947f82ecf3cbb6694efd9,2026-07-16,251,255296733,0.133,,
approach,왈아란이,2c9aea595bb947f82ecf3cbb6694efd9,2026-07-17,251,255296733,0.133,,
approach,왈아란이,2c9aea595bb947f82ecf3cbb6694efd9,2026-07-18,251,255296733,0.133,,
approach,왈아란이,2c9aea595bb947f82ecf3cbb6694efd9,2026-07-19,251,255296733,0.133,,
approach,왈아란이,2c9aea595bb947f82ecf3cbb6694efd9,2026-07-20,251,255296733,0.133,5166466,
approach,왈아란이,2c9aea595bb947f82ecf3cbb6694efd9,2026-07-21,251,255296733,0.133,,
approach,왈아란이,2c9aea595bb947f82ecf3cbb6694efd9,2026-07-22,251,255296733,0.133,,
approach,미미앤장군,5fb6fe832583c03ef08695d46a9227c0,2026-07-13,251,304746397,0.159,,
approach,미미앤장군,5fb6fe832583c03ef08695d46a9227c0,2026-07-14,251,304746397,0.159,,
approach,미미앤장군,5fb6fe832583c03ef08695d46a9227c0,2026-07-15,251,304746397,0.159,,
approach,미미앤장군,5fb6fe832583c03ef08695d46a9227c0,2026-07-16,251,304746397,0.159,,
approach,미미앤장군,5fb6fe832583c03ef08695d46a9227c0,2026-07-17,251,304746397,0.159,,
approach,미미앤장군,5fb6fe832583c03ef08695d46a9227c0,2026-07-18,251,304746397,0.159,,
approach,미미앤장군,5fb6fe832583c03ef08695d46a9227c0,2026-07-19,251,304746397,0.159,,
approach,미미앤장군,5fb6fe832583c03ef08695d46a9227c0,2026-07-20,251,304746397,0.159,105987,
approach,미미앤장군,5fb6fe832583c03ef08695d46a9227c0,2026-07-21,251,304746397,0.159,,
approach,미미앤장군,5fb6fe832583c03ef08695d46a9227c0,2026-07-22,251,304746397,0.159,,
approach,에온메카닉,b971fbb483bc7cc8d11a911453e8c9e3,2026-07-13,251,270200547,0.141,,
approach,에온메카닉,b971fbb483bc7cc8d11a911453e8c9e3,2026-07-14,251,270200547,0.141,,
approach,에온메카닉,b971fbb483bc7cc8d11a911453e8c9e3,2026-07-15,251,270200547,0.141,,
approach,에온메카닉,b971fbb483bc7cc8d11a911453e8c9e3,2026-07-16,251,270200547,0.141,,
approach,에온메카닉,b971fbb483bc7cc8d11a911453e8c9e3,2026-07-17,251,270200547,0.141,,
approach,에온메카닉,b971fbb483bc7cc8d11a911453e8c9e3,2026-07-18,251,270200547,0.141,,
approach,에온메카닉,b971fbb483bc7cc8d11a911453e8c9e3,2026-07-19,251,270200547,0.141,,
approach,에온메카닉,b971fbb483bc7cc8d11a911453e8c9e3,2026-07-20,251,270200547,0.141,229985,
approach,에온메카닉,b971fbb483bc7cc8d11a911453e8c9e3,2026-07-21,251,270200547,0.141,,
approach,에온메카닉,b971fbb483bc7cc8d11a911453e8c9e3,2026-07-22,251,270200547,0.141,,
approach,설인방,cb59416e41cd22927440cb5d0095e028,2026-07-13,251,280407469,0.146,,
approach,설인방,cb59416e41cd22927440cb5d0095e028,2026-07-14,251,280407469,0.146,,
approach,설인방,cb59416e41cd22927440cb5d0095e028,2026-07-15,251,280407469,0.146,,
approach,설인방,cb59416e41cd22927440cb5d0095e028,2026-07-16,251,280407469,0.146,,
approach,설인방,cb59416e41cd22927440cb5d0095e028,2026-07-17,251,280407469,0.146,,
approach,설인방,cb59416e41cd22927440cb5d0095e028,2026-07-18,251,280407469,0.146,,
approach,설인방,cb59416e41cd22927440cb5d0095e028,2026-07-19,251,280407469,0.146,,
approach,설인방,cb59416e41cd22927440cb5d0095e028,2026-07-20,251,280407469,0.146,63781,
approach,설인방,cb59416e41cd22927440cb5d0095e028,2026-07-21,251,280407469,0.146,,
approach,설인방,cb59416e41cd22927440cb5d0095e028,2026-07-22,251,280407469,0.146,,
approach,12227,b90e7186b438694eb88842593be5dd63efe8d04e6d233bd35cf2fabdeb93fb0d,2026-07-13,251,223219191,0.116,,
approach,12227,b90e7186b438694eb88842593be5dd63efe8d04e6d233bd35cf2fabdeb93fb0d,2026-07-14,251,223219191,0.116,,
approach,12227,b90e7186b438694eb88842593be5dd63efe8d04e6d233bd35cf2fabdeb93fb0d,2026-07-15,251,223219191,0.116,,
approach,12227,b90e7186b438694eb88842593be5dd63efe8d04e6d233bd35cf2fabdeb93fb0d,2026-07-16,251,223219191,0.116,,
approach,12227,b90e7186b438694eb88842593be5dd63efe8d04e6d233bd35cf2fabdeb93fb0d,2026-07-17,251,223219191,0.116,,
approach,12227,b90e7186b438694eb88842593be5dd63efe8d04e6d233bd35cf2fabdeb93fb0d,2026-07-18,251,223219191,0.116,,
approach,12227,b90e7186b438694eb88842593be5dd63efe8d04e6d233bd35cf2fabdeb93fb0d,2026-07-19,251,223219191,0.116,,
approach,12227,b90e7186b438694eb88842593be5dd63efe8d04e6d233bd35cf2fabdeb93fb0d,2026-07-20,251,223219191,0.116,838756,
approach,12227,b90e7186b438694eb88842593be5dd63efe8d04e6d233bd35cf2fabdeb93fb0d,2026-07-21,251,223219191,0.116,,
approach,12227,b90e7186b438694eb88842593be5dd63efe8d04e6d233bd35cf2fabdeb93fb0d,2026-07-22,251,223219191,0.116,,
approach,완전소된엔버,aec0496fe0296524fc1b5c5f55123991,2026-07-13,251,313228784,0.163,,
approach,완전소된엔버,aec0496fe0296524fc1b5c5f55123991,2026-07-14,251,313228784,0.163,,
approach,완전소된엔버,aec0496fe0296524fc1b5c5f55123991,2026-07-15,251,313228784,0.163,,
approach,완전소된엔버,aec0496fe0296524fc1b5c5f55123991,2026-07-16,251,313228784,0.163,,
approach,완전소된엔버,aec0496fe0296524fc1b5c5f55123991,2026-07-17,251,313228784,0.163,,
approach,완전소된엔버,aec0496fe0296524fc1b5c5f55123991,2026-07-18,251,313228784,0.163,,
approach,완전소된엔버,aec0496fe0296524fc1b5c5f55123991,2026-07-19,251,313228784,0.163,,
approach,완전소된엔버,aec0496fe0296524fc1b5c5f55123991,2026-07-20,251,313228784,0.163,197008,
approach,완전소된엔버,aec0496fe0296524fc1b5c5f55123991,2026-07-21,251,313228784,0.163,,
approach,완전소된엔버,aec0496fe0296524fc1b5c5f55123991,2026-07-22,251,313228784,0.163,,
approach,로뀨메르,85c544fe96169eb8001509b809dc6e44efe8d04e6d233bd35cf2fabdeb93fb0d,2026-07-13,251,320472081,0.167,,
approach,로뀨메르,85c544fe96169eb8001509b809dc6e44efe8d04e6d233bd35cf2fabdeb93fb0d,2026-07-14,251,320472081,0.167,,
approach,로뀨메르,85c544fe96169eb8001509b809dc6e44efe8d04e6d233bd35cf2fabdeb93fb0d,2026-07-15,251,320472081,0.167,,
approach,로뀨메르,85c544fe96169eb8001509b809dc6e44efe8d04e6d233bd35cf2fabdeb93fb0d,2026-07-16,251,320472081,0.167,,
approach,로뀨메르,85c544fe96169eb8001509b809dc6e44efe8d04e6d233bd35cf2fabdeb93fb0d,2026-07-17,251,320472081,0.167,,
approach,로뀨메르,85c544fe96169eb8001509b809dc6e44efe8d04e6d233bd35cf2fabdeb93fb0d,2026-07-18,251,320472081,0.167,,
approach,로뀨메르,85c544fe96169eb8001509b809dc6e44efe8d04e6d233bd35cf2fabdeb93fb0d,2026-07-19,251,320472081,0.167,,
approach,로뀨메르,85c544fe96169eb8001509b809dc6e44efe8d04e6d233bd35cf2fabdeb93fb0d,2026-07-20,251,320472081,0.167,148697,
approach,로뀨메르,85c544fe96169eb8001509b809dc6e44efe8d04e6d233bd35cf2fabdeb93fb0d,2026-07-21,251,320472081,0.167,,
approach,로뀨메르,85c544fe96169eb8001509b809dc6e44efe8d04e6d233bd35cf2fabdeb93fb0d,2026-07-22,251,320472081,0.167,,
approach,도로시메르,,2026-07-13,,,,,ocid_failed
approach,도로시메르,,2026-07-14,,,,,ocid_failed
approach,도로시메르,,2026-07-15,,,,,ocid_failed
approach,도로시메르,,2026-07-16,,,,,ocid_failed
approach,도로시메르,,2026-07-17,,,,,ocid_failed
approach,도로시메르,,2026-07-18,,,,,ocid_failed
approach,도로시메르,,2026-07-19,,,,,ocid_failed
approach,도로시메르,,2026-07-20,,,,,ocid_failed
approach,도로시메르,,2026-07-21,,,,,ocid_failed
approach,도로시메르,,2026-07-22,,,,,ocid_failed
approach,묘츄츄소마,7bff6e1d892ac4e73e8d99138235b2be,2026-07-13,251,297332092,0.155,,
approach,묘츄츄소마,7bff6e1d892ac4e73e8d99138235b2be,2026-07-14,251,297332092,0.155,,
approach,묘츄츄소마,7bff6e1d892ac4e73e8d99138235b2be,2026-07-15,251,297332092,0.155,,
approach,묘츄츄소마,7bff6e1d892ac4e73e8d99138235b2be,2026-07-16,251,297332092,0.155,,
approach,묘츄츄소마,7bff6e1d892ac4e73e8d99138235b2be,2026-07-17,251,297332092,0.155,,
approach,묘츄츄소마,7bff6e1d892ac4e73e8d99138235b2be,2026-07-18,251,297332092,0.155,,
approach,묘츄츄소마,7bff6e1d892ac4e73e8d99138235b2be,2026-07-19,251,297332092,0.155,,
approach,묘츄츄소마,7bff6e1d892ac4e73e8d99138235b2be,2026-07-20,251,297332092,0.155,73628,
approach,묘츄츄소마,7bff6e1d892ac4e73e8d99138235b2be,2026-07-21,251,297332092,0.155,,
approach,묘츄츄소마,7bff6e1d892ac4e73e8d99138235b2be,2026-07-22,251,297332092,0.155,,
approach,물결유뇬일,08532845c163eea72c7b22185003330c,2026-07-13,251,262814374,0.137,,
approach,물결유뇬일,08532845c163eea72c7b22185003330c,2026-07-14,251,262814374,0.137,,
approach,물결유뇬일,08532845c163eea72c7b22185003330c,2026-07-15,251,262814374,0.137,,
approach,물결유뇬일,08532845c163eea72c7b22185003330c,2026-07-16,251,262814374,0.137,,
approach,물결유뇬일,08532845c163eea72c7b22185003330c,2026-07-17,251,262814374,0.137,,
approach,물결유뇬일,08532845c163eea72c7b22185003330c,2026-07-18,251,262814374,0.137,,
approach,물결유뇬일,08532845c163eea72c7b22185003330c,2026-07-19,251,262814374,0.137,,
approach,물결유뇬일,08532845c163eea72c7b22185003330c,2026-07-20,251,262814374,0.137,70948,
approach,물결유뇬일,08532845c163eea72c7b22185003330c,2026-07-21,251,262814374,0.137,,
approach,물결유뇬일,08532845c163eea72c7b22185003330c,2026-07-22,251,262814374,0.137,,
approach,왕빵댕이신궁,24deb8e3770b1886ffe8733d53f1157c,2026-07-13,251,224034073,0.117,,
approach,왕빵댕이신궁,24deb8e3770b1886ffe8733d53f1157c,2026-07-14,251,224034073,0.117,,
approach,왕빵댕이신궁,24deb8e3770b1886ffe8733d53f1157c,2026-07-15,251,224034073,0.117,,
approach,왕빵댕이신궁,24deb8e3770b1886ffe8733d53f1157c,2026-07-16,251,224034073,0.117,,
approach,왕빵댕이신궁,24deb8e3770b1886ffe8733d53f1157c,2026-07-17,251,224034073,0.117,,
approach,왕빵댕이신궁,24deb8e3770b1886ffe8733d53f1157c,2026-07-18,251,224034073,0.117,,
approach,왕빵댕이신궁,24deb8e3770b1886ffe8733d53f1157c,2026-07-19,251,224034073,0.117,,
approach,왕빵댕이신궁,24deb8e3770b1886ffe8733d53f1157c,2026-07-20,251,224034073,0.117,55860,
approach,왕빵댕이신궁,24deb8e3770b1886ffe8733d53f1157c,2026-07-21,251,224034073,0.117,,
approach,왕빵댕이신궁,24deb8e3770b1886ffe8733d53f1157c,2026-07-22,251,224034073,0.117,,
approach,빠그빠그1인,ea94d75dbadee6e48d17f0ad6cc6e2f6,2026-07-13,251,282094844,0.147,,
approach,빠그빠그1인,ea94d75dbadee6e48d17f0ad6cc6e2f6,2026-07-14,251,282094844,0.147,,
approach,빠그빠그1인,ea94d75dbadee6e48d17f0ad6cc6e2f6,2026-07-15,251,282094844,0.147,,
approach,빠그빠그1인,ea94d75dbadee6e48d17f0ad6cc6e2f6,2026-07-16,251,282094844,0.147,,
approach,빠그빠그1인,ea94d75dbadee6e48d17f0ad6cc6e2f6,2026-07-17,251,282094844,0.147,,
approach,빠그빠그1인,ea94d75dbadee6e48d17f0ad6cc6e2f6,2026-07-18,251,282094844,0.147,,
approach,빠그빠그1인,ea94d75dbadee6e48d17f0ad6cc6e2f6,2026-07-19,251,282094844,0.147,,
approach,빠그빠그1인,ea94d75dbadee6e48d17f0ad6cc6e2f6,2026-07-20,251,282094844,0.147,150091,
approach,빠그빠그1인,ea94d75dbadee6e48d17f0ad6cc6e2f6,2026-07-21,251,282094844,0.147,,
approach,빠그빠그1인,ea94d75dbadee6e48d17f0ad6cc6e2f6,2026-07-22,251,282094844,0.147,,
approach,마을공주,96e7bbfc1c831f81ebc6605710852de7,2026-07-13,251,213735939,0.111,,
approach,마을공주,96e7bbfc1c831f81ebc6605710852de7,2026-07-14,251,213735939,0.111,,
approach,마을공주,96e7bbfc1c831f81ebc6605710852de7,2026-07-15,251,213735939,0.111,,
approach,마을공주,96e7bbfc1c831f81ebc6605710852de7,2026-07-16,251,213735939,0.111,,
approach,마을공주,96e7bbfc1c831f81ebc6605710852de7,2026-07-17,251,213735939,0.111,,
approach,마을공주,96e7bbfc1c831f81ebc6605710852de7,2026-07-18,251,213735939,0.111,,
approach,마을공주,96e7bbfc1c831f81ebc6605710852de7,2026-07-19,251,213735939,0.111,,
approach,마을공주,96e7bbfc1c831f81ebc6605710852de7,2026-07-20,251,213735939,0.111,0,
approach,마을공주,96e7bbfc1c831f81ebc6605710852de7,2026-07-21,251,213735939,0.111,,
approach,마을공주,96e7bbfc1c831f81ebc6605710852de7,2026-07-22,251,213735939,0.111,,
approach,찍멋는,6a44c4ca0771abbb49f5ee1eeae7f00aefe8d04e6d233bd35cf2fabdeb93fb0d,2026-07-13,251,226406865,0.050,,
approach,찍멋는,6a44c4ca0771abbb49f5ee1eeae7f00aefe8d04e6d233bd35cf2fabdeb93fb0d,2026-07-14,251,226406865,0.050,,
approach,찍멋는,6a44c4ca0771abbb49f5ee1eeae7f00aefe8d04e6d233bd35cf2fabdeb93fb0d,2026-07-15,251,226406865,0.050,,
approach,찍멋는,6a44c4ca0771abbb49f5ee1eeae7f00aefe8d04e6d233bd35cf2fabdeb93fb0d,2026-07-16,251,226406865,0.050,,
approach,찍멋는,6a44c4ca0771abbb49f5ee1eeae7f00aefe8d04e6d233bd35cf2fabdeb93fb0d,2026-07-17,251,226406865,0.050,,
approach,찍멋는,6a44c4ca0771abbb49f5ee1eeae7f00aefe8d04e6d233bd35cf2fabdeb93fb0d,2026-07-18,251,226406865,0.050,,
approach,찍멋는,6a44c4ca0771abbb49f5ee1eeae7f00aefe8d04e6d233bd35cf2fabdeb93fb0d,2026-07-19,251,226406865,0.050,,
approach,찍멋는,6a44c4ca0771abbb49f5ee1eeae7f00aefe8d04e6d233bd35cf2fabdeb93fb0d,2026-07-20,251,226406865,0.050,927355,
approach,찍멋는,6a44c4ca0771abbb49f5ee1eeae7f00aefe8d04e6d233bd35cf2fabdeb93fb0d,2026-07-21,251,226406865,0.050,,
approach,찍멋는,6a44c4ca0771abbb49f5ee1eeae7f00aefe8d04e6d233bd35cf2fabdeb93fb0d,2026-07-22,251,226406865,0.050,,
approach,망고는재밌어,,2026-07-13,,,,,ocid_failed
approach,망고는재밌어,,2026-07-14,,,,,ocid_failed
approach,망고는재밌어,,2026-07-15,,,,,ocid_failed
approach,망고는재밌어,,2026-07-16,,,,,ocid_failed
approach,망고는재밌어,,2026-07-17,,,,,ocid_failed
approach,망고는재밌어,,2026-07-18,,,,,ocid_failed
approach,망고는재밌어,,2026-07-19,,,,,ocid_failed
approach,망고는재밌어,,2026-07-20,,,,,ocid_failed
approach,망고는재밌어,,2026-07-21,,,,,ocid_failed
approach,망고는재밌어,,2026-07-22,,,,,ocid_failed
approach,찡긋찡긋숲,a4df162fe9de32e1344ca58478737716,2026-07-13,251,238024941,0.124,,
approach,찡긋찡긋숲,a4df162fe9de32e1344ca58478737716,2026-07-14,251,238024941,0.124,,
approach,찡긋찡긋숲,a4df162fe9de32e1344ca58478737716,2026-07-15,251,238024941,0.124,,
approach,찡긋찡긋숲,a4df162fe9de32e1344ca58478737716,2026-07-16,251,238024941,0.124,,
approach,찡긋찡긋숲,a4df162fe9de32e1344ca58478737716,2026-07-17,251,238024941,0.124,,
approach,찡긋찡긋숲,a4df162fe9de32e1344ca58478737716,2026-07-18,251,238024941,0.124,,
approach,찡긋찡긋숲,a4df162fe9de32e1344ca58478737716,2026-07-19,251,238024941,0.124,,
approach,찡긋찡긋숲,a4df162fe9de32e1344ca58478737716,2026-07-20,251,238024941,0.124,1204956,
approach,찡긋찡긋숲,a4df162fe9de32e1344ca58478737716,2026-07-21,251,238024941,0.124,,
approach,찡긋찡긋숲,a4df162fe9de32e1344ca58478737716,2026-07-22,251,238024941,0.124,,
approach,꼬맹바니,bb65e6f68ccb111da5109058cd61db6c,2026-07-13,251,324921621,0.169,,
approach,꼬맹바니,bb65e6f68ccb111da5109058cd61db6c,2026-07-14,251,324921621,0.169,,
approach,꼬맹바니,bb65e6f68ccb111da5109058cd61db6c,2026-07-15,251,324921621,0.169,,
approach,꼬맹바니,bb65e6f68ccb111da5109058cd61db6c,2026-07-16,251,324921621,0.169,,
approach,꼬맹바니,bb65e6f68ccb111da5109058cd61db6c,2026-07-17,251,324921621,0.169,,
approach,꼬맹바니,bb65e6f68ccb111da5109058cd61db6c,2026-07-18,251,324921621,0.169,,
approach,꼬맹바니,bb65e6f68ccb111da5109058cd61db6c,2026-07-19,251,324921621,0.169,,
approach,꼬맹바니,bb65e6f68ccb111da5109058cd61db6c,2026-07-20,251,324921621,0.169,855241,
approach,꼬맹바니,bb65e6f68ccb111da5109058cd61db6c,2026-07-21,251,324921621,0.169,,
approach,꼬맹바니,bb65e6f68ccb111da5109058cd61db6c,2026-07-22,251,324921621,0.169,,
approach,동근이의그녀,56192f43b1997b39e865d4523607e1dd,2026-07-13,251,233093391,0.121,,
approach,동근이의그녀,56192f43b1997b39e865d4523607e1dd,2026-07-14,251,233093391,0.121,,
approach,동근이의그녀,56192f43b1997b39e865d4523607e1dd,2026-07-15,251,233093391,0.121,,
approach,동근이의그녀,56192f43b1997b39e865d4523607e1dd,2026-07-16,251,233093391,0.121,,
approach,동근이의그녀,56192f43b1997b39e865d4523607e1dd,2026-07-17,251,233093391,0.121,,
approach,동근이의그녀,56192f43b1997b39e865d4523607e1dd,2026-07-18,251,233093391,0.121,,
approach,동근이의그녀,56192f43b1997b39e865d4523607e1dd,2026-07-19,251,233093391,0.121,,
approach,동근이의그녀,56192f43b1997b39e865d4523607e1dd,2026-07-20,251,233093391,0.121,81396,
approach,동근이의그녀,56192f43b1997b39e865d4523607e1dd,2026-07-21,251,233093391,0.121,,
approach,동근이의그녀,56192f43b1997b39e865d4523607e1dd,2026-07-22,251,233093391,0.121,,
approach,데브리테,7d010b8734965312cd0a4c224cdb0b7c,2026-07-13,251,228406157,0.119,,
approach,데브리테,7d010b8734965312cd0a4c224cdb0b7c,2026-07-14,251,228406157,0.119,,
approach,데브리테,7d010b8734965312cd0a4c224cdb0b7c,2026-07-15,251,228406157,0.119,,
approach,데브리테,7d010b8734965312cd0a4c224cdb0b7c,2026-07-16,251,228406157,0.119,,
approach,데브리테,7d010b8734965312cd0a4c224cdb0b7c,2026-07-17,251,228406157,0.119,,
approach,데브리테,7d010b8734965312cd0a4c224cdb0b7c,2026-07-18,251,228406157,0.119,,
approach,데브리테,7d010b8734965312cd0a4c224cdb0b7c,2026-07-19,251,228406157,0.119,,
approach,데브리테,7d010b8734965312cd0a4c224cdb0b7c,2026-07-20,251,228406157,0.119,46939,
approach,데브리테,7d010b8734965312cd0a4c224cdb0b7c,2026-07-21,251,228406157,0.119,,
approach,데브리테,7d010b8734965312cd0a4c224cdb0b7c,2026-07-22,251,228406157,0.119,,
approach,올포텐,f46e5c750fbb8e1dc0168b11605cc34b,2026-07-13,251,262200207,0.136,,
approach,올포텐,f46e5c750fbb8e1dc0168b11605cc34b,2026-07-14,251,262200207,0.136,,
approach,올포텐,f46e5c750fbb8e1dc0168b11605cc34b,2026-07-15,251,262200207,0.136,,
approach,올포텐,f46e5c750fbb8e1dc0168b11605cc34b,2026-07-16,251,262200207,0.136,,
approach,올포텐,f46e5c750fbb8e1dc0168b11605cc34b,2026-07-17,251,262200207,0.136,,
approach,올포텐,f46e5c750fbb8e1dc0168b11605cc34b,2026-07-18,251,262200207,0.136,,
approach,올포텐,f46e5c750fbb8e1dc0168b11605cc34b,2026-07-19,251,262200207,0.136,,
approach,올포텐,f46e5c750fbb8e1dc0168b11605cc34b,2026-07-20,251,262200207,0.136,246633,
approach,올포텐,f46e5c750fbb8e1dc0168b11605cc34b,2026-07-21,251,262200207,0.136,,
approach,올포텐,f46e5c750fbb8e1dc0168b11605cc34b,2026-07-22,251,262200207,0.136,,
approach,뮤헤꽃,a6599d0f722025faca0efae15f46526befe8d04e6d233bd35cf2fabdeb93fb0d,2026-07-13,251,266353941,0.139,,
approach,뮤헤꽃,a6599d0f722025faca0efae15f46526befe8d04e6d233bd35cf2fabdeb93fb0d,2026-07-14,251,266353941,0.139,,
approach,뮤헤꽃,a6599d0f722025faca0efae15f46526befe8d04e6d233bd35cf2fabdeb93fb0d,2026-07-15,251,266353941,0.139,,
approach,뮤헤꽃,a6599d0f722025faca0efae15f46526befe8d04e6d233bd35cf2fabdeb93fb0d,2026-07-16,251,266353941,0.139,,
approach,뮤헤꽃,a6599d0f722025faca0efae15f46526befe8d04e6d233bd35cf2fabdeb93fb0d,2026-07-17,251,266353941,0.139,,
approach,뮤헤꽃,a6599d0f722025faca0efae15f46526befe8d04e6d233bd35cf2fabdeb93fb0d,2026-07-18,251,266353941,0.139,,
approach,뮤헤꽃,a6599d0f722025faca0efae15f46526befe8d04e6d233bd35cf2fabdeb93fb0d,2026-07-19,251,266353941,0.139,,
approach,뮤헤꽃,a6599d0f722025faca0efae15f46526befe8d04e6d233bd35cf2fabdeb93fb0d,2026-07-20,251,266353941,0.139,6598493,
approach,뮤헤꽃,a6599d0f722025faca0efae15f46526befe8d04e6d233bd35cf2fabdeb93fb0d,2026-07-21,251,266353941,0.139,,
approach,뮤헤꽃,a6599d0f722025faca0efae15f46526befe8d04e6d233bd35cf2fabdeb93fb0d,2026-07-22,251,266353941,0.139,,
approach,둘쩌,3959fcd121db8b66cbe758428b3b6560efe8d04e6d233bd35cf2fabdeb93fb0d,2026-07-13,251,236350811,0.123,,
approach,둘쩌,3959fcd121db8b66cbe758428b3b6560efe8d04e6d233bd35cf2fabdeb93fb0d,2026-07-14,251,236350811,0.123,,
approach,둘쩌,3959fcd121db8b66cbe758428b3b6560efe8d04e6d233bd35cf2fabdeb93fb0d,2026-07-15,251,236350811,0.123,,
approach,둘쩌,3959fcd121db8b66cbe758428b3b6560efe8d04e6d233bd35cf2fabdeb93fb0d,2026-07-16,251,236350811,0.123,,
approach,둘쩌,3959fcd121db8b66cbe758428b3b6560efe8d04e6d233bd35cf2fabdeb93fb0d,2026-07-17,251,236350811,0.123,,
approach,둘쩌,3959fcd121db8b66cbe758428b3b6560efe8d04e6d233bd35cf2fabdeb93fb0d,2026-07-18,251,236350811,0.123,,
approach,둘쩌,3959fcd121db8b66cbe758428b3b6560efe8d04e6d233bd35cf2fabdeb93fb0d,2026-07-19,251,236350811,0.123,,
approach,둘쩌,3959fcd121db8b66cbe758428b3b6560efe8d04e6d233bd35cf2fabdeb93fb0d,2026-07-20,251,236350811,0.123,6555472,
approach,둘쩌,3959fcd121db8b66cbe758428b3b6560efe8d04e6d233bd35cf2fabdeb93fb0d,2026-07-21,251,236350811,0.123,,
approach,둘쩌,3959fcd121db8b66cbe758428b3b6560efe8d04e6d233bd35cf2fabdeb93fb0d,2026-07-22,251,236350811,0.123,,
approach,은월혼백,,2026-07-13,,,,,ocid_failed
approach,은월혼백,,2026-07-14,,,,,ocid_failed
approach,은월혼백,,2026-07-15,,,,,ocid_failed
approach,은월혼백,,2026-07-16,,,,,ocid_failed
approach,은월혼백,,2026-07-17,,,,,ocid_failed
approach,은월혼백,,2026-07-18,,,,,ocid_failed
approach,은월혼백,,2026-07-19,,,,,ocid_failed
approach,은월혼백,,2026-07-20,,,,,ocid_failed
approach,은월혼백,,2026-07-21,,,,,ocid_failed
approach,은월혼백,,2026-07-22,,,,,ocid_failed
approach,본투디선인도,652437ed1ddfdac7ce617855364d7e24,2026-07-13,251,264768087,0.058,,
approach,본투디선인도,652437ed1ddfdac7ce617855364d7e24,2026-07-14,251,264768087,0.058,,
approach,본투디선인도,652437ed1ddfdac7ce617855364d7e24,2026-07-15,251,264768087,0.058,,
approach,본투디선인도,652437ed1ddfdac7ce617855364d7e24,2026-07-16,251,264768087,0.058,,
approach,본투디선인도,652437ed1ddfdac7ce617855364d7e24,2026-07-17,251,264768087,0.058,,
approach,본투디선인도,652437ed1ddfdac7ce617855364d7e24,2026-07-18,251,264768087,0.058,,
approach,본투디선인도,652437ed1ddfdac7ce617855364d7e24,2026-07-19,251,264768087,0.058,,
approach,본투디선인도,652437ed1ddfdac7ce617855364d7e24,2026-07-20,251,264768087,0.058,6480628,
approach,본투디선인도,652437ed1ddfdac7ce617855364d7e24,2026-07-21,251,264768087,0.058,,
approach,본투디선인도,652437ed1ddfdac7ce617855364d7e24,2026-07-22,251,264768087,0.058,,
approach,금방접을건대,47eedd77817d10cb1f9d04f490504af3,2026-07-13,251,313824627,0.069,,
approach,금방접을건대,47eedd77817d10cb1f9d04f490504af3,2026-07-14,251,313824627,0.069,,
approach,금방접을건대,47eedd77817d10cb1f9d04f490504af3,2026-07-15,251,313824627,0.069,,
approach,금방접을건대,47eedd77817d10cb1f9d04f490504af3,2026-07-16,251,313824627,0.069,,
approach,금방접을건대,47eedd77817d10cb1f9d04f490504af3,2026-07-17,251,313824627,0.069,,
approach,금방접을건대,47eedd77817d10cb1f9d04f490504af3,2026-07-18,251,313824627,0.069,,
approach,금방접을건대,47eedd77817d10cb1f9d04f490504af3,2026-07-19,251,313824627,0.069,,
approach,금방접을건대,47eedd77817d10cb1f9d04f490504af3,2026-07-20,251,313824627,0.069,428382,
approach,금방접을건대,47eedd77817d10cb1f9d04f490504af3,2026-07-21,251,313824627,0.069,,
approach,금방접을건대,47eedd77817d10cb1f9d04f490504af3,2026-07-22,251,313824627,0.069,,
approach,츄르도둑블래,d2060797eb4d660664993deba65bbec7,2026-07-13,251,312509350,0.163,,
approach,츄르도둑블래,d2060797eb4d660664993deba65bbec7,2026-07-14,251,312509350,0.163,,
approach,츄르도둑블래,d2060797eb4d660664993deba65bbec7,2026-07-15,251,312509350,0.163,,
approach,츄르도둑블래,d2060797eb4d660664993deba65bbec7,2026-07-16,251,312509350,0.163,,
approach,츄르도둑블래,d2060797eb4d660664993deba65bbec7,2026-07-17,251,312509350,0.163,,
approach,츄르도둑블래,d2060797eb4d660664993deba65bbec7,2026-07-18,251,312509350,0.163,,
approach,츄르도둑블래,d2060797eb4d660664993deba65bbec7,2026-07-19,251,312509350,0.163,,
approach,츄르도둑블래,d2060797eb4d660664993deba65bbec7,2026-07-20,251,312509350,0.163,26381,
approach,츄르도둑블래,d2060797eb4d660664993deba65bbec7,2026-07-21,251,312509350,0.163,,
approach,츄르도둑블래,d2060797eb4d660664993deba65bbec7,2026-07-22,251,312509350,0.163,,
approach,취직한준배,74c3b8cb09fee16c7d6d8c3c1c4c692f,2026-07-13,251,320875912,0.070,,
approach,취직한준배,74c3b8cb09fee16c7d6d8c3c1c4c692f,2026-07-14,251,320875912,0.070,,
approach,취직한준배,74c3b8cb09fee16c7d6d8c3c1c4c692f,2026-07-15,251,320875912,0.070,,
approach,취직한준배,74c3b8cb09fee16c7d6d8c3c1c4c692f,2026-07-16,251,320875912,0.070,,
approach,취직한준배,74c3b8cb09fee16c7d6d8c3c1c4c692f,2026-07-17,251,320875912,0.070,,
approach,취직한준배,74c3b8cb09fee16c7d6d8c3c1c4c692f,2026-07-18,251,320875912,0.070,,
approach,취직한준배,74c3b8cb09fee16c7d6d8c3c1c4c692f,2026-07-19,251,320875912,0.070,,
approach,취직한준배,74c3b8cb09fee16c7d6d8c3c1c4c692f,2026-07-20,251,320875912,0.070,0,
approach,취직한준배,74c3b8cb09fee16c7d6d8c3c1c4c692f,2026-07-21,251,320875912,0.070,,
approach,취직한준배,74c3b8cb09fee16c7d6d8c3c1c4c692f,2026-07-22,251,320875912,0.070,,
approach,팔라디뉴,d188a68a2af5477c2ad82a3d7177880cefe8d04e6d233bd35cf2fabdeb93fb0d,2026-07-13,251,225501591,0.049,,
approach,팔라디뉴,d188a68a2af5477c2ad82a3d7177880cefe8d04e6d233bd35cf2fabdeb93fb0d,2026-07-14,251,225501591,0.049,,
approach,팔라디뉴,d188a68a2af5477c2ad82a3d7177880cefe8d04e6d233bd35cf2fabdeb93fb0d,2026-07-15,251,225501591,0.049,,
approach,팔라디뉴,d188a68a2af5477c2ad82a3d7177880cefe8d04e6d233bd35cf2fabdeb93fb0d,2026-07-16,251,225501591,0.049,,
approach,팔라디뉴,d188a68a2af5477c2ad82a3d7177880cefe8d04e6d233bd35cf2fabdeb93fb0d,2026-07-17,251,225501591,0.049,,
approach,팔라디뉴,d188a68a2af5477c2ad82a3d7177880cefe8d04e6d233bd35cf2fabdeb93fb0d,2026-07-18,251,225501591,0.049,,
approach,팔라디뉴,d188a68a2af5477c2ad82a3d7177880cefe8d04e6d233bd35cf2fabdeb93fb0d,2026-07-19,251,225501591,0.049,,
approach,팔라디뉴,d188a68a2af5477c2ad82a3d7177880cefe8d04e6d233bd35cf2fabdeb93fb0d,2026-07-20,251,225501591,0.049,1408117,
approach,팔라디뉴,d188a68a2af5477c2ad82a3d7177880cefe8d04e6d233bd35cf2fabdeb93fb0d,2026-07-21,251,225501591,0.049,,
approach,팔라디뉴,d188a68a2af5477c2ad82a3d7177880cefe8d04e6d233bd35cf2fabdeb93fb0d,2026-07-22,251,225501591,0.049,,
approach,론솜의팔라딘,965a7906f01c44d559eaf1e152c6233befe8d04e6d233bd35cf2fabdeb93fb0d,2026-07-13,251,279614898,0.145,,
approach,론솜의팔라딘,965a7906f01c44d559eaf1e152c6233befe8d04e6d233bd35cf2fabdeb93fb0d,2026-07-14,251,279614898,0.145,,
approach,론솜의팔라딘,965a7906f01c44d559eaf1e152c6233befe8d04e6d233bd35cf2fabdeb93fb0d,2026-07-15,251,279614898,0.145,,
approach,론솜의팔라딘,965a7906f01c44d559eaf1e152c6233befe8d04e6d233bd35cf2fabdeb93fb0d,2026-07-16,251,279614898,0.145,,
approach,론솜의팔라딘,965a7906f01c44d559eaf1e152c6233befe8d04e6d233bd35cf2fabdeb93fb0d,2026-07-17,251,279614898,0.145,,
approach,론솜의팔라딘,965a7906f01c44d559eaf1e152c6233befe8d04e6d233bd35cf2fabdeb93fb0d,2026-07-18,251,279614898,0.145,,
approach,론솜의팔라딘,965a7906f01c44d559eaf1e152c6233befe8d04e6d233bd35cf2fabdeb93fb0d,2026-07-19,251,279614898,0.145,,
approach,론솜의팔라딘,965a7906f01c44d559eaf1e152c6233befe8d04e6d233bd35cf2fabdeb93fb0d,2026-07-20,251,279614898,0.145,2037741,
approach,론솜의팔라딘,965a7906f01c44d559eaf1e152c6233befe8d04e6d233bd35cf2fabdeb93fb0d,2026-07-21,251,279614898,0.145,,
approach,론솜의팔라딘,965a7906f01c44d559eaf1e152c6233befe8d04e6d233bd35cf2fabdeb93fb0d,2026-07-22,251,279614898,0.145,,
approach,꽃잠날,cc2f89af76866ea2cca854a3ada3357fefe8d04e6d233bd35cf2fabdeb93fb0d,2026-07-13,251,270853035,0.141,,
approach,꽃잠날,cc2f89af76866ea2cca854a3ada3357fefe8d04e6d233bd35cf2fabdeb93fb0d,2026-07-14,251,270853035,0.141,,
approach,꽃잠날,cc2f89af76866ea2cca854a3ada3357fefe8d04e6d233bd35cf2fabdeb93fb0d,2026-07-15,251,270853035,0.141,,
approach,꽃잠날,cc2f89af76866ea2cca854a3ada3357fefe8d04e6d233bd35cf2fabdeb93fb0d,2026-07-16,251,270853035,0.141,,
approach,꽃잠날,cc2f89af76866ea2cca854a3ada3357fefe8d04e6d233bd35cf2fabdeb93fb0d,2026-07-17,251,270853035,0.141,,
approach,꽃잠날,cc2f89af76866ea2cca854a3ada3357fefe8d04e6d233bd35cf2fabdeb93fb0d,2026-07-18,251,270853035,0.141,,
approach,꽃잠날,cc2f89af76866ea2cca854a3ada3357fefe8d04e6d233bd35cf2fabdeb93fb0d,2026-07-19,251,270853035,0.141,,
approach,꽃잠날,cc2f89af76866ea2cca854a3ada3357fefe8d04e6d233bd35cf2fabdeb93fb0d,2026-07-20,251,270853035,0.141,172718,
approach,꽃잠날,cc2f89af76866ea2cca854a3ada3357fefe8d04e6d233bd35cf2fabdeb93fb0d,2026-07-21,251,270853035,0.141,,
approach,꽃잠날,cc2f89af76866ea2cca854a3ada3357fefe8d04e6d233bd35cf2fabdeb93fb0d,2026-07-22,251,270853035,0.141,,
approach,은돗끼,6d8820b0f451aa5b955fdc77c9d3cc3e,2026-07-13,251,223832134,0.116,,
approach,은돗끼,6d8820b0f451aa5b955fdc77c9d3cc3e,2026-07-14,251,223832134,0.116,,
approach,은돗끼,6d8820b0f451aa5b955fdc77c9d3cc3e,2026-07-15,251,223832134,0.116,,
approach,은돗끼,6d8820b0f451aa5b955fdc77c9d3cc3e,2026-07-16,251,223832134,0.116,,
approach,은돗끼,6d8820b0f451aa5b955fdc77c9d3cc3e,2026-07-17,251,223832134,0.116,,
approach,은돗끼,6d8820b0f451aa5b955fdc77c9d3cc3e,2026-07-18,251,223832134,0.116,,
approach,은돗끼,6d8820b0f451aa5b955fdc77c9d3cc3e,2026-07-19,251,223832134,0.116,,
approach,은돗끼,6d8820b0f451aa5b955fdc77c9d3cc3e,2026-07-20,251,223832134,0.116,47528,
approach,은돗끼,6d8820b0f451aa5b955fdc77c9d3cc3e,2026-07-21,251,223832134,0.116,,
approach,은돗끼,6d8820b0f451aa5b955fdc77c9d3cc3e,2026-07-22,251,223832134,0.116,,
approach,움움맹맹이,cc138a806510ec0ee3633691dca614d7,2026-07-13,251,274454003,0.143,,
approach,움움맹맹이,cc138a806510ec0ee3633691dca614d7,2026-07-14,251,274454003,0.143,,
approach,움움맹맹이,cc138a806510ec0ee3633691dca614d7,2026-07-15,251,274454003,0.143,,
approach,움움맹맹이,cc138a806510ec0ee3633691dca614d7,2026-07-16,251,274454003,0.143,,
approach,움움맹맹이,cc138a806510ec0ee3633691dca614d7,2026-07-17,251,274454003,0.143,,
approach,움움맹맹이,cc138a806510ec0ee3633691dca614d7,2026-07-18,251,274454003,0.143,,
approach,움움맹맹이,cc138a806510ec0ee3633691dca614d7,2026-07-19,251,274454003,0.143,,
approach,움움맹맹이,cc138a806510ec0ee3633691dca614d7,2026-07-20,251,274454003,0.143,38597,
approach,움움맹맹이,cc138a806510ec0ee3633691dca614d7,2026-07-21,251,274454003,0.143,,
approach,움움맹맹이,cc138a806510ec0ee3633691dca614d7,2026-07-22,251,274454003,0.143,,
approach,용은월진,c8db12052496f509ec973925f5ba4776aae77432709819edb959e1fd5d1d77b4,2026-07-13,251,236210618,0.052,,
approach,용은월진,c8db12052496f509ec973925f5ba4776aae77432709819edb959e1fd5d1d77b4,2026-07-14,251,236210618,0.052,,
approach,용은월진,c8db12052496f509ec973925f5ba4776aae77432709819edb959e1fd5d1d77b4,2026-07-15,251,236210618,0.052,,
approach,용은월진,c8db12052496f509ec973925f5ba4776aae77432709819edb959e1fd5d1d77b4,2026-07-16,251,236210618,0.052,,
approach,용은월진,c8db12052496f509ec973925f5ba4776aae77432709819edb959e1fd5d1d77b4,2026-07-17,251,236210618,0.052,,
approach,용은월진,c8db12052496f509ec973925f5ba4776aae77432709819edb959e1fd5d1d77b4,2026-07-18,251,236210618,0.052,,
approach,용은월진,c8db12052496f509ec973925f5ba4776aae77432709819edb959e1fd5d1d77b4,2026-07-19,251,236210618,0.052,,
approach,용은월진,c8db12052496f509ec973925f5ba4776aae77432709819edb959e1fd5d1d77b4,2026-07-20,251,236210618,0.052,1812371,
approach,용은월진,c8db12052496f509ec973925f5ba4776aae77432709819edb959e1fd5d1d77b4,2026-07-21,251,236210618,0.052,,
approach,용은월진,c8db12052496f509ec973925f5ba4776aae77432709819edb959e1fd5d1d77b4,2026-07-22,251,236210618,0.052,,
approach,자영업블래,27e89ba81265a483c3c18559b517c81d,2026-07-13,251,272409997,0.142,,
approach,자영업블래,27e89ba81265a483c3c18559b517c81d,2026-07-14,251,272409997,0.142,,
approach,자영업블래,27e89ba81265a483c3c18559b517c81d,2026-07-15,251,272409997,0.142,,
approach,자영업블래,27e89ba81265a483c3c18559b517c81d,2026-07-16,251,272409997,0.142,,
approach,자영업블래,27e89ba81265a483c3c18559b517c81d,2026-07-17,251,272409997,0.142,,
approach,자영업블래,27e89ba81265a483c3c18559b517c81d,2026-07-18,251,272409997,0.142,,
approach,자영업블래,27e89ba81265a483c3c18559b517c81d,2026-07-19,251,272409997,0.142,,
approach,자영업블래,27e89ba81265a483c3c18559b517c81d,2026-07-20,251,272409997,0.142,173783,
approach,자영업블래,27e89ba81265a483c3c18559b517c81d,2026-07-21,251,272409997,0.142,,
approach,자영업블래,27e89ba81265a483c3c18559b517c81d,2026-07-22,251,272409997,0.142,,
approach,호영링크염,14364c830e58af71f84651e4884de20e,2026-07-13,251,304954530,0.159,,
approach,호영링크염,14364c830e58af71f84651e4884de20e,2026-07-14,251,304954530,0.159,,
approach,호영링크염,14364c830e58af71f84651e4884de20e,2026-07-15,251,304954530,0.159,,
approach,호영링크염,14364c830e58af71f84651e4884de20e,2026-07-16,251,304954530,0.159,,
approach,호영링크염,14364c830e58af71f84651e4884de20e,2026-07-17,251,304954530,0.159,,
approach,호영링크염,14364c830e58af71f84651e4884de20e,2026-07-18,251,304954530,0.159,,
approach,호영링크염,14364c830e58af71f84651e4884de20e,2026-07-19,251,304954530,0.159,,
approach,호영링크염,14364c830e58af71f84651e4884de20e,2026-07-20,251,304954530,0.159,767119,
approach,호영링크염,14364c830e58af71f84651e4884de20e,2026-07-21,251,304954530,0.159,,
approach,호영링크염,14364c830e58af71f84651e4884de20e,2026-07-22,251,304954530,0.159,,
approach,너홍홍,536b771f83c605eb269ded656578b364,2026-07-13,251,321210283,0.167,,
approach,너홍홍,536b771f83c605eb269ded656578b364,2026-07-14,251,321210283,0.167,,
approach,너홍홍,536b771f83c605eb269ded656578b364,2026-07-15,251,321210283,0.167,,
approach,너홍홍,536b771f83c605eb269ded656578b364,2026-07-16,251,321210283,0.167,,
approach,너홍홍,536b771f83c605eb269ded656578b364,2026-07-17,251,321210283,0.167,,
approach,너홍홍,536b771f83c605eb269ded656578b364,2026-07-18,251,321210283,0.167,,
approach,너홍홍,536b771f83c605eb269ded656578b364,2026-07-19,251,321210283,0.167,,
approach,너홍홍,536b771f83c605eb269ded656578b364,2026-07-20,251,321210283,0.167,557131,
approach,너홍홍,536b771f83c605eb269ded656578b364,2026-07-21,251,321210283,0.167,,
approach,너홍홍,536b771f83c605eb269ded656578b364,2026-07-22,251,321210283,0.167,,
approach,팬텀으로스세,6758d6570eacc6ee234619f06256e96b,2026-07-13,251,238838068,0.124,,
approach,팬텀으로스세,6758d6570eacc6ee234619f06256e96b,2026-07-14,251,238838068,0.124,,
approach,팬텀으로스세,6758d6570eacc6ee234619f06256e96b,2026-07-15,251,238838068,0.124,,
approach,팬텀으로스세,6758d6570eacc6ee234619f06256e96b,2026-07-16,251,238838068,0.124,,
approach,팬텀으로스세,6758d6570eacc6ee234619f06256e96b,2026-07-17,251,238838068,0.124,,
approach,팬텀으로스세,6758d6570eacc6ee234619f06256e96b,2026-07-18,251,238838068,0.124,,
approach,팬텀으로스세,6758d6570eacc6ee234619f06256e96b,2026-07-19,251,238838068,0.124,,
approach,팬텀으로스세,6758d6570eacc6ee234619f06256e96b,2026-07-20,251,238838068,0.124,17557,
approach,팬텀으로스세,6758d6570eacc6ee234619f06256e96b,2026-07-21,251,238838068,0.124,,
approach,팬텀으로스세,6758d6570eacc6ee234619f06256e96b,2026-07-22,251,238838068,0.124,,
approach,메킹마족,de6f8181498b858c8071728c891b3ea5,2026-07-13,251,224420332,0.117,,
approach,메킹마족,de6f8181498b858c8071728c891b3ea5,2026-07-14,251,224420332,0.117,,
approach,메킹마족,de6f8181498b858c8071728c891b3ea5,2026-07-15,251,224420332,0.117,,
approach,메킹마족,de6f8181498b858c8071728c891b3ea5,2026-07-16,251,224420332,0.117,,
approach,메킹마족,de6f8181498b858c8071728c891b3ea5,2026-07-17,251,224420332,0.117,,
approach,메킹마족,de6f8181498b858c8071728c891b3ea5,2026-07-18,251,224420332,0.117,,
approach,메킹마족,de6f8181498b858c8071728c891b3ea5,2026-07-19,251,224420332,0.117,,
approach,메킹마족,de6f8181498b858c8071728c891b3ea5,2026-07-20,251,224420332,0.117,0,
approach,메킹마족,de6f8181498b858c8071728c891b3ea5,2026-07-21,251,224420332,0.117,,
approach,메킹마족,de6f8181498b858c8071728c891b3ea5,2026-07-22,251,224420332,0.117,,
approach,LG폰특가,c547faa58e97dc3b4aa4131c21ee0eaa,2026-07-13,251,234050530,0.051,,
approach,LG폰특가,c547faa58e97dc3b4aa4131c21ee0eaa,2026-07-14,251,234050530,0.051,,
approach,LG폰특가,c547faa58e97dc3b4aa4131c21ee0eaa,2026-07-15,251,234050530,0.051,,
approach,LG폰특가,c547faa58e97dc3b4aa4131c21ee0eaa,2026-07-16,251,234050530,0.051,,
approach,LG폰특가,c547faa58e97dc3b4aa4131c21ee0eaa,2026-07-17,251,234050530,0.051,,
approach,LG폰특가,c547faa58e97dc3b4aa4131c21ee0eaa,2026-07-18,251,234050530,0.051,,
approach,LG폰특가,c547faa58e97dc3b4aa4131c21ee0eaa,2026-07-19,251,234050530,0.051,,
approach,LG폰특가,c547faa58e97dc3b4aa4131c21ee0eaa,2026-07-20,251,234050530,0.051,1388936,
approach,LG폰특가,c547faa58e97dc3b4aa4131c21ee0eaa,2026-07-21,251,234050530,0.051,,
approach,LG폰특가,c547faa58e97dc3b4aa4131c21ee0eaa,2026-07-22,251,234050530,0.051,,
approach,유뇬용메카헤,2b08282cb0ad8bb911e279d73258e946efe8d04e6d233bd35cf2fabdeb93fb0d,2026-07-13,251,255827032,0.133,,
approach,유뇬용메카헤,2b08282cb0ad8bb911e279d73258e946efe8d04e6d233bd35cf2fabdeb93fb0d,2026-07-14,251,255827032,0.133,,
approach,유뇬용메카헤,2b08282cb0ad8bb911e279d73258e946efe8d04e6d233bd35cf2fabdeb93fb0d,2026-07-15,251,255827032,0.133,,
approach,유뇬용메카헤,2b08282cb0ad8bb911e279d73258e946efe8d04e6d233bd35cf2fabdeb93fb0d,2026-07-16,251,255827032,0.133,,
approach,유뇬용메카헤,2b08282cb0ad8bb911e279d73258e946efe8d04e6d233bd35cf2fabdeb93fb0d,2026-07-17,251,255827032,0.133,,
approach,유뇬용메카헤,2b08282cb0ad8bb911e279d73258e946efe8d04e6d233bd35cf2fabdeb93fb0d,2026-07-18,251,255827032,0.133,,
approach,유뇬용메카헤,2b08282cb0ad8bb911e279d73258e946efe8d04e6d233bd35cf2fabdeb93fb0d,2026-07-19,251,255827032,0.133,,
approach,유뇬용메카헤,2b08282cb0ad8bb911e279d73258e946efe8d04e6d233bd35cf2fabdeb93fb0d,2026-07-20,251,255827032,0.133,302722,
approach,유뇬용메카헤,2b08282cb0ad8bb911e279d73258e946efe8d04e6d233bd35cf2fabdeb93fb0d,2026-07-21,251,255827032,0.133,,
approach,유뇬용메카헤,2b08282cb0ad8bb911e279d73258e946efe8d04e6d233bd35cf2fabdeb93fb0d,2026-07-22,251,255827032,0.133,,
approach,팬텀응팁,39c27b36fbf58829fe724538fc47b7fa,2026-07-13,251,245455405,0.128,,
approach,팬텀응팁,39c27b36fbf58829fe724538fc47b7fa,2026-07-14,251,245455405,0.128,,
approach,팬텀응팁,39c27b36fbf58829fe724538fc47b7fa,2026-07-15,251,245455405,0.128,,
approach,팬텀응팁,39c27b36fbf58829fe724538fc47b7fa,2026-07-16,251,245455405,0.128,,
approach,팬텀응팁,39c27b36fbf58829fe724538fc47b7fa,2026-07-17,251,245455405,0.128,,
approach,팬텀응팁,39c27b36fbf58829fe724538fc47b7fa,2026-07-18,251,245455405,0.128,,
approach,팬텀응팁,39c27b36fbf58829fe724538fc47b7fa,2026-07-19,251,245455405,0.128,,
approach,팬텀응팁,39c27b36fbf58829fe724538fc47b7fa,2026-07-20,251,245455405,0.128,23615,
approach,팬텀응팁,39c27b36fbf58829fe724538fc47b7fa,2026-07-21,251,245455405,0.128,,
approach,팬텀응팁,39c27b36fbf58829fe724538fc47b7fa,2026-07-22,251,245455405,0.128,,
approach,형지금궁서체,e80f275f1b83fef662b8ec51a334e0de,2026-07-13,251,304713595,0.159,,
approach,형지금궁서체,e80f275f1b83fef662b8ec51a334e0de,2026-07-14,251,304713595,0.159,,
approach,형지금궁서체,e80f275f1b83fef662b8ec51a334e0de,2026-07-15,251,304713595,0.159,,
approach,형지금궁서체,e80f275f1b83fef662b8ec51a334e0de,2026-07-16,251,304713595,0.159,,
approach,형지금궁서체,e80f275f1b83fef662b8ec51a334e0de,2026-07-17,251,304713595,0.159,,
approach,형지금궁서체,e80f275f1b83fef662b8ec51a334e0de,2026-07-18,251,304713595,0.159,,
approach,형지금궁서체,e80f275f1b83fef662b8ec51a334e0de,2026-07-19,251,304713595,0.159,,
approach,형지금궁서체,e80f275f1b83fef662b8ec51a334e0de,2026-07-20,251,304713595,0.159,68581,
approach,형지금궁서체,e80f275f1b83fef662b8ec51a334e0de,2026-07-21,251,304713595,0.159,,
approach,형지금궁서체,e80f275f1b83fef662b8ec51a334e0de,2026-07-22,251,304713595,0.159,,
approach,GG메르,5eea6b5eda45e96c46cd0fcb7e0ec025,2026-07-13,251,284503499,0.148,,
approach,GG메르,5eea6b5eda45e96c46cd0fcb7e0ec025,2026-07-14,251,284503499,0.148,,
approach,GG메르,5eea6b5eda45e96c46cd0fcb7e0ec025,2026-07-15,251,284503499,0.148,,
approach,GG메르,5eea6b5eda45e96c46cd0fcb7e0ec025,2026-07-16,251,284503499,0.148,,
approach,GG메르,5eea6b5eda45e96c46cd0fcb7e0ec025,2026-07-17,251,284503499,0.148,,
approach,GG메르,5eea6b5eda45e96c46cd0fcb7e0ec025,2026-07-18,251,284503499,0.148,,
approach,GG메르,5eea6b5eda45e96c46cd0fcb7e0ec025,2026-07-19,251,284503499,0.148,,
approach,GG메르,5eea6b5eda45e96c46cd0fcb7e0ec025,2026-07-20,251,284503499,0.148,55999,
approach,GG메르,5eea6b5eda45e96c46cd0fcb7e0ec025,2026-07-21,251,284503499,0.148,,
approach,GG메르,5eea6b5eda45e96c46cd0fcb7e0ec025,2026-07-22,251,284503499,0.148,,
approach,방무66,b61dd0c09a684a225ac79f43c63df363efe8d04e6d233bd35cf2fabdeb93fb0d,2026-07-13,251,255795136,0.133,,
approach,방무66,b61dd0c09a684a225ac79f43c63df363efe8d04e6d233bd35cf2fabdeb93fb0d,2026-07-14,251,255795136,0.133,,
approach,방무66,b61dd0c09a684a225ac79f43c63df363efe8d04e6d233bd35cf2fabdeb93fb0d,2026-07-15,251,255795136,0.133,,
approach,방무66,b61dd0c09a684a225ac79f43c63df363efe8d04e6d233bd35cf2fabdeb93fb0d,2026-07-16,251,255795136,0.133,,
approach,방무66,b61dd0c09a684a225ac79f43c63df363efe8d04e6d233bd35cf2fabdeb93fb0d,2026-07-17,251,255795136,0.133,,
approach,방무66,b61dd0c09a684a225ac79f43c63df363efe8d04e6d233bd35cf2fabdeb93fb0d,2026-07-18,251,255795136,0.133,,
approach,방무66,b61dd0c09a684a225ac79f43c63df363efe8d04e6d233bd35cf2fabdeb93fb0d,2026-07-19,251,255795136,0.133,,
approach,방무66,b61dd0c09a684a225ac79f43c63df363efe8d04e6d233bd35cf2fabdeb93fb0d,2026-07-20,251,255795136,0.133,117621,
approach,방무66,b61dd0c09a684a225ac79f43c63df363efe8d04e6d233bd35cf2fabdeb93fb0d,2026-07-21,251,255795136,0.133,,
approach,방무66,b61dd0c09a684a225ac79f43c63df363efe8d04e6d233bd35cf2fabdeb93fb0d,2026-07-22,251,255795136,0.133,,
approach,은은한에펠,753937beb8a7612220213f7f1c533ca3,2026-07-13,251,237941552,0.124,,
approach,은은한에펠,753937beb8a7612220213f7f1c533ca3,2026-07-14,251,237941552,0.124,,
approach,은은한에펠,753937beb8a7612220213f7f1c533ca3,2026-07-15,251,237941552,0.124,,
approach,은은한에펠,753937beb8a7612220213f7f1c533ca3,2026-07-16,251,237941552,0.124,,
approach,은은한에펠,753937beb8a7612220213f7f1c533ca3,2026-07-17,251,237941552,0.124,,
approach,은은한에펠,753937beb8a7612220213f7f1c533ca3,2026-07-18,251,237941552,0.124,,
approach,은은한에펠,753937beb8a7612220213f7f1c533ca3,2026-07-19,251,237941552,0.124,,
approach,은은한에펠,753937beb8a7612220213f7f1c533ca3,2026-07-20,251,237941552,0.124,257539,
approach,은은한에펠,753937beb8a7612220213f7f1c533ca3,2026-07-21,251,237941552,0.124,,
approach,은은한에펠,753937beb8a7612220213f7f1c533ca3,2026-07-22,251,237941552,0.124,,
approach,흐냐냐냐냠,a9ef743df8b2ba6c7c896ecd3a1752d9,2026-07-13,251,227677845,0.050,,
approach,흐냐냐냐냠,a9ef743df8b2ba6c7c896ecd3a1752d9,2026-07-14,251,227677845,0.050,,
approach,흐냐냐냐냠,a9ef743df8b2ba6c7c896ecd3a1752d9,2026-07-15,251,227677845,0.050,,
approach,흐냐냐냐냠,a9ef743df8b2ba6c7c896ecd3a1752d9,2026-07-16,251,227677845,0.050,,
approach,흐냐냐냐냠,a9ef743df8b2ba6c7c896ecd3a1752d9,2026-07-17,251,227677845,0.050,,
approach,흐냐냐냐냠,a9ef743df8b2ba6c7c896ecd3a1752d9,2026-07-18,251,227677845,0.050,,
approach,흐냐냐냐냠,a9ef743df8b2ba6c7c896ecd3a1752d9,2026-07-19,251,227677845,0.050,,
approach,흐냐냐냐냠,a9ef743df8b2ba6c7c896ecd3a1752d9,2026-07-20,251,227677845,0.050,1381656,
approach,흐냐냐냐냠,a9ef743df8b2ba6c7c896ecd3a1752d9,2026-07-21,251,227677845,0.050,,
approach,흐냐냐냐냠,a9ef743df8b2ba6c7c896ecd3a1752d9,2026-07-22,251,227677845,0.050,,
approach,만년고졸업생,4d73afee788a085575be39cadbb50827,2026-07-13,251,320040149,0.167,,
approach,만년고졸업생,4d73afee788a085575be39cadbb50827,2026-07-14,251,320040149,0.167,,
approach,만년고졸업생,4d73afee788a085575be39cadbb50827,2026-07-15,251,320040149,0.167,,
approach,만년고졸업생,4d73afee788a085575be39cadbb50827,2026-07-16,251,320040149,0.167,,
approach,만년고졸업생,4d73afee788a085575be39cadbb50827,2026-07-17,251,320040149,0.167,,
approach,만년고졸업생,4d73afee788a085575be39cadbb50827,2026-07-18,251,320040149,0.167,,
approach,만년고졸업생,4d73afee788a085575be39cadbb50827,2026-07-19,251,320040149,0.167,,
approach,만년고졸업생,4d73afee788a085575be39cadbb50827,2026-07-20,251,320040149,0.167,2266845,
approach,만년고졸업생,4d73afee788a085575be39cadbb50827,2026-07-21,251,320040149,0.167,,
approach,만년고졸업생,4d73afee788a085575be39cadbb50827,2026-07-22,251,320040149,0.167,,
approach,풀파파,06560b20f37452fc17792ead3ded2e2a,2026-07-13,251,248373074,0.129,,
approach,풀파파,06560b20f37452fc17792ead3ded2e2a,2026-07-14,251,248373074,0.129,,
approach,풀파파,06560b20f37452fc17792ead3ded2e2a,2026-07-15,251,248373074,0.129,,
approach,풀파파,06560b20f37452fc17792ead3ded2e2a,2026-07-16,251,248373074,0.129,,
approach,풀파파,06560b20f37452fc17792ead3ded2e2a,2026-07-17,251,248373074,0.129,,
approach,풀파파,06560b20f37452fc17792ead3ded2e2a,2026-07-18,251,248373074,0.129,,
approach,풀파파,06560b20f37452fc17792ead3ded2e2a,2026-07-19,251,248373074,0.129,,
approach,풀파파,06560b20f37452fc17792ead3ded2e2a,2026-07-20,251,248373074,0.129,145301,
approach,풀파파,06560b20f37452fc17792ead3ded2e2a,2026-07-21,251,248373074,0.129,,
approach,풀파파,06560b20f37452fc17792ead3ded2e2a,2026-07-22,251,248373074,0.129,,
approach,에로스01,fd049be79b0c1eecbd5e5d539032a4bdefe8d04e6d233bd35cf2fabdeb93fb0d,2026-07-13,251,309977684,0.161,,
approach,에로스01,fd049be79b0c1eecbd5e5d539032a4bdefe8d04e6d233bd35cf2fabdeb93fb0d,2026-07-14,251,309977684,0.161,,
approach,에로스01,fd049be79b0c1eecbd5e5d539032a4bdefe8d04e6d233bd35cf2fabdeb93fb0d,2026-07-15,251,309977684,0.161,,
approach,에로스01,fd049be79b0c1eecbd5e5d539032a4bdefe8d04e6d233bd35cf2fabdeb93fb0d,2026-07-16,251,309977684,0.161,,
approach,에로스01,fd049be79b0c1eecbd5e5d539032a4bdefe8d04e6d233bd35cf2fabdeb93fb0d,2026-07-17,251,309977684,0.161,,
approach,에로스01,fd049be79b0c1eecbd5e5d539032a4bdefe8d04e6d233bd35cf2fabdeb93fb0d,2026-07-18,251,309977684,0.161,,
approach,에로스01,fd049be79b0c1eecbd5e5d539032a4bdefe8d04e6d233bd35cf2fabdeb93fb0d,2026-07-19,251,309977684,0.161,,
approach,에로스01,fd049be79b0c1eecbd5e5d539032a4bdefe8d04e6d233bd35cf2fabdeb93fb0d,2026-07-20,251,309977684,0.161,152551,
approach,에로스01,fd049be79b0c1eecbd5e5d539032a4bdefe8d04e6d233bd35cf2fabdeb93fb0d,2026-07-21,251,309977684,0.161,,
approach,에로스01,fd049be79b0c1eecbd5e5d539032a4bdefe8d04e6d233bd35cf2fabdeb93fb0d,2026-07-22,251,309977684,0.161,,
approach,융용융22,891457c319f72eeb9789ddd35fc9d2b4,2026-07-13,251,241724376,0.126,,
approach,융용융22,891457c319f72eeb9789ddd35fc9d2b4,2026-07-14,251,241724376,0.126,,
approach,융용융22,891457c319f72eeb9789ddd35fc9d2b4,2026-07-15,251,241724376,0.126,,
approach,융용융22,891457c319f72eeb9789ddd35fc9d2b4,2026-07-16,251,241724376,0.126,,
approach,융용융22,891457c319f72eeb9789ddd35fc9d2b4,2026-07-17,251,241724376,0.126,,
approach,융용융22,891457c319f72eeb9789ddd35fc9d2b4,2026-07-18,251,241724376,0.126,,
approach,융용융22,891457c319f72eeb9789ddd35fc9d2b4,2026-07-19,251,241724376,0.126,,
approach,융용융22,891457c319f72eeb9789ddd35fc9d2b4,2026-07-20,251,241724376,0.126,460634,
approach,융용융22,891457c319f72eeb9789ddd35fc9d2b4,2026-07-21,251,241724376,0.126,,
approach,융용융22,891457c319f72eeb9789ddd35fc9d2b4,2026-07-22,251,241724376,0.126,,
approach,맘에은월이,,2026-07-13,,,,,ocid_failed
approach,맘에은월이,,2026-07-14,,,,,ocid_failed
approach,맘에은월이,,2026-07-15,,,,,ocid_failed
approach,맘에은월이,,2026-07-16,,,,,ocid_failed
approach,맘에은월이,,2026-07-17,,,,,ocid_failed
approach,맘에은월이,,2026-07-18,,,,,ocid_failed
approach,맘에은월이,,2026-07-19,,,,,ocid_failed
approach,맘에은월이,,2026-07-20,,,,,ocid_failed
approach,맘에은월이,,2026-07-21,,,,,ocid_failed
approach,맘에은월이,,2026-07-22,,,,,ocid_failed
approach,문WAR,1de8fbb4a01df7b5ca8c1f3c37b868f8,2026-07-13,251,301666861,0.066,,
approach,문WAR,1de8fbb4a01df7b5ca8c1f3c37b868f8,2026-07-14,251,301666861,0.066,,
approach,문WAR,1de8fbb4a01df7b5ca8c1f3c37b868f8,2026-07-15,251,301666861,0.066,,
approach,문WAR,1de8fbb4a01df7b5ca8c1f3c37b868f8,2026-07-16,251,301666861,0.066,,
approach,문WAR,1de8fbb4a01df7b5ca8c1f3c37b868f8,2026-07-17,251,301666861,0.066,,
approach,문WAR,1de8fbb4a01df7b5ca8c1f3c37b868f8,2026-07-18,251,301666861,0.066,,
approach,문WAR,1de8fbb4a01df7b5ca8c1f3c37b868f8,2026-07-19,251,301666861,0.066,,
approach,문WAR,1de8fbb4a01df7b5ca8c1f3c37b868f8,2026-07-20,251,301666861,0.066,1208054,
approach,문WAR,1de8fbb4a01df7b5ca8c1f3c37b868f8,2026-07-21,251,301666861,0.066,,
approach,문WAR,1de8fbb4a01df7b5ca8c1f3c37b868f8,2026-07-22,251,301666861,0.066,,
approach,자브하이퍼2,1763b2cd320a3864418a00c8ee5118d4efe8d04e6d233bd35cf2fabdeb93fb0d,2026-07-13,251,266628816,0.139,,
approach,자브하이퍼2,1763b2cd320a3864418a00c8ee5118d4efe8d04e6d233bd35cf2fabdeb93fb0d,2026-07-14,251,266628816,0.139,,
approach,자브하이퍼2,1763b2cd320a3864418a00c8ee5118d4efe8d04e6d233bd35cf2fabdeb93fb0d,2026-07-15,251,266628816,0.139,,
approach,자브하이퍼2,1763b2cd320a3864418a00c8ee5118d4efe8d04e6d233bd35cf2fabdeb93fb0d,2026-07-16,251,266628816,0.139,,
approach,자브하이퍼2,1763b2cd320a3864418a00c8ee5118d4efe8d04e6d233bd35cf2fabdeb93fb0d,2026-07-17,251,266628816,0.139,,
approach,자브하이퍼2,1763b2cd320a3864418a00c8ee5118d4efe8d04e6d233bd35cf2fabdeb93fb0d,2026-07-18,251,266628816,0.139,,
approach,자브하이퍼2,1763b2cd320a3864418a00c8ee5118d4efe8d04e6d233bd35cf2fabdeb93fb0d,2026-07-19,251,266628816,0.139,,
approach,자브하이퍼2,1763b2cd320a3864418a00c8ee5118d4efe8d04e6d233bd35cf2fabdeb93fb0d,2026-07-20,251,266628816,0.139,574309,
approach,자브하이퍼2,1763b2cd320a3864418a00c8ee5118d4efe8d04e6d233bd35cf2fabdeb93fb0d,2026-07-21,251,266628816,0.139,,
approach,자브하이퍼2,1763b2cd320a3864418a00c8ee5118d4efe8d04e6d233bd35cf2fabdeb93fb0d,2026-07-22,251,266628816,0.139,,
approach,로봇햄서,bd5c545993516183e8c7d0c67b2aa91efd842dab14be2a956555625b37c97bff,2026-07-13,251,249491075,0.130,,
approach,로봇햄서,bd5c545993516183e8c7d0c67b2aa91efd842dab14be2a956555625b37c97bff,2026-07-14,251,249491075,0.130,,
approach,로봇햄서,bd5c545993516183e8c7d0c67b2aa91efd842dab14be2a956555625b37c97bff,2026-07-15,251,249491075,0.130,,
approach,로봇햄서,bd5c545993516183e8c7d0c67b2aa91efd842dab14be2a956555625b37c97bff,2026-07-16,251,249491075,0.130,,
approach,로봇햄서,bd5c545993516183e8c7d0c67b2aa91efd842dab14be2a956555625b37c97bff,2026-07-17,251,249491075,0.130,,
approach,로봇햄서,bd5c545993516183e8c7d0c67b2aa91efd842dab14be2a956555625b37c97bff,2026-07-18,251,249491075,0.130,,
approach,로봇햄서,bd5c545993516183e8c7d0c67b2aa91efd842dab14be2a956555625b37c97bff,2026-07-19,251,249491075,0.130,,
approach,로봇햄서,bd5c545993516183e8c7d0c67b2aa91efd842dab14be2a956555625b37c97bff,2026-07-20,251,249491075,0.130,28736,
approach,로봇햄서,bd5c545993516183e8c7d0c67b2aa91efd842dab14be2a956555625b37c97bff,2026-07-21,251,249491075,0.130,,
approach,로봇햄서,bd5c545993516183e8c7d0c67b2aa91efd842dab14be2a956555625b37c97bff,2026-07-22,251,249491075,0.130,,
approach,지학인,4c52885860d4753445fe99fd1ebceddd,2026-07-13,251,276568746,0.144,,
approach,지학인,4c52885860d4753445fe99fd1ebceddd,2026-07-14,251,276568746,0.144,,
approach,지학인,4c52885860d4753445fe99fd1ebceddd,2026-07-15,251,276568746,0.144,,
approach,지학인,4c52885860d4753445fe99fd1ebceddd,2026-07-16,251,276568746,0.144,,
approach,지학인,4c52885860d4753445fe99fd1ebceddd,2026-07-17,251,276568746,0.144,,
approach,지학인,4c52885860d4753445fe99fd1ebceddd,2026-07-18,251,276568746,0.144,,
approach,지학인,4c52885860d4753445fe99fd1ebceddd,2026-07-19,251,276568746,0.144,,
approach,지학인,4c52885860d4753445fe99fd1ebceddd,2026-07-20,251,276568746,0.144,261305,
approach,지학인,4c52885860d4753445fe99fd1ebceddd,2026-07-21,251,276568746,0.144,,
approach,지학인,4c52885860d4753445fe99fd1ebceddd,2026-07-22,251,276568746,0.144,,
approach,Lyingl팬텀l,7a2e6e8f0e9ce0a6be16123f73d53866,2026-07-13,251,254938005,0.133,,
approach,Lyingl팬텀l,7a2e6e8f0e9ce0a6be16123f73d53866,2026-07-14,251,254938005,0.133,,
approach,Lyingl팬텀l,7a2e6e8f0e9ce0a6be16123f73d53866,2026-07-15,251,254938005,0.133,,
approach,Lyingl팬텀l,7a2e6e8f0e9ce0a6be16123f73d53866,2026-07-16,251,254938005,0.133,,
approach,Lyingl팬텀l,7a2e6e8f0e9ce0a6be16123f73d53866,2026-07-17,251,254938005,0.133,,
approach,Lyingl팬텀l,7a2e6e8f0e9ce0a6be16123f73d53866,2026-07-18,251,254938005,0.133,,
approach,Lyingl팬텀l,7a2e6e8f0e9ce0a6be16123f73d53866,2026-07-19,251,254938005,0.133,,
approach,Lyingl팬텀l,7a2e6e8f0e9ce0a6be16123f73d53866,2026-07-20,251,254938005,0.133,55915,
approach,Lyingl팬텀l,7a2e6e8f0e9ce0a6be16123f73d53866,2026-07-21,251,254938005,0.133,,
approach,Lyingl팬텀l,7a2e6e8f0e9ce0a6be16123f73d53866,2026-07-22,251,254938005,0.133,,
approach,원기월급도둑,8b090fbdceacf97077b6678ed8100ec7,2026-07-13,251,299713223,0.156,,
approach,원기월급도둑,8b090fbdceacf97077b6678ed8100ec7,2026-07-14,251,299713223,0.156,,
approach,원기월급도둑,8b090fbdceacf97077b6678ed8100ec7,2026-07-15,251,299713223,0.156,,
approach,원기월급도둑,8b090fbdceacf97077b6678ed8100ec7,2026-07-16,251,299713223,0.156,,
approach,원기월급도둑,8b090fbdceacf97077b6678ed8100ec7,2026-07-17,251,299713223,0.156,,
approach,원기월급도둑,8b090fbdceacf97077b6678ed8100ec7,2026-07-18,251,299713223,0.156,,
approach,원기월급도둑,8b090fbdceacf97077b6678ed8100ec7,2026-07-19,251,299713223,0.156,,
approach,원기월급도둑,8b090fbdceacf97077b6678ed8100ec7,2026-07-20,251,299713223,0.156,166226,
approach,원기월급도둑,8b090fbdceacf97077b6678ed8100ec7,2026-07-21,251,299713223,0.156,,
approach,원기월급도둑,8b090fbdceacf97077b6678ed8100ec7,2026-07-22,251,299713223,0.156,,
approach,부캐곧무원24,58b5591c6e6f4ad815c5f58c1a103a5defe8d04e6d233bd35cf2fabdeb93fb0d,2026-07-13,251,217425557,0.048,,
approach,부캐곧무원24,58b5591c6e6f4ad815c5f58c1a103a5defe8d04e6d233bd35cf2fabdeb93fb0d,2026-07-14,251,217425557,0.048,,
approach,부캐곧무원24,58b5591c6e6f4ad815c5f58c1a103a5defe8d04e6d233bd35cf2fabdeb93fb0d,2026-07-15,251,217425557,0.048,,
approach,부캐곧무원24,58b5591c6e6f4ad815c5f58c1a103a5defe8d04e6d233bd35cf2fabdeb93fb0d,2026-07-16,251,217425557,0.048,,
approach,부캐곧무원24,58b5591c6e6f4ad815c5f58c1a103a5defe8d04e6d233bd35cf2fabdeb93fb0d,2026-07-17,251,217425557,0.048,,
approach,부캐곧무원24,58b5591c6e6f4ad815c5f58c1a103a5defe8d04e6d233bd35cf2fabdeb93fb0d,2026-07-18,251,217425557,0.048,,
approach,부캐곧무원24,58b5591c6e6f4ad815c5f58c1a103a5defe8d04e6d233bd35cf2fabdeb93fb0d,2026-07-19,251,217425557,0.048,,
approach,부캐곧무원24,58b5591c6e6f4ad815c5f58c1a103a5defe8d04e6d233bd35cf2fabdeb93fb0d,2026-07-20,251,217425557,0.048,379797,
approach,부캐곧무원24,58b5591c6e6f4ad815c5f58c1a103a5defe8d04e6d233bd35cf2fabdeb93fb0d,2026-07-21,251,217425557,0.048,,
approach,부캐곧무원24,58b5591c6e6f4ad815c5f58c1a103a5defe8d04e6d233bd35cf2fabdeb93fb0d,2026-07-22,251,217425557,0.048,,
approach,탱쿠랭,f5527018e4186613282261c4d2c4f9a6,2026-07-13,251,307224943,0.160,,
approach,탱쿠랭,f5527018e4186613282261c4d2c4f9a6,2026-07-14,251,307224943,0.160,,
approach,탱쿠랭,f5527018e4186613282261c4d2c4f9a6,2026-07-15,251,307224943,0.160,,
approach,탱쿠랭,f5527018e4186613282261c4d2c4f9a6,2026-07-16,251,307224943,0.160,,
approach,탱쿠랭,f5527018e4186613282261c4d2c4f9a6,2026-07-17,251,307224943,0.160,,
approach,탱쿠랭,f5527018e4186613282261c4d2c4f9a6,2026-07-18,251,307224943,0.160,,
approach,탱쿠랭,f5527018e4186613282261c4d2c4f9a6,2026-07-19,251,307224943,0.160,,
approach,탱쿠랭,f5527018e4186613282261c4d2c4f9a6,2026-07-20,251,307224943,0.160,199894,
approach,탱쿠랭,f5527018e4186613282261c4d2c4f9a6,2026-07-21,251,307224943,0.160,,
approach,탱쿠랭,f5527018e4186613282261c4d2c4f9a6,2026-07-22,251,307224943,0.160,,
approach,하드워커단일,db13c6c2cd4037f297a6ef05a97b768dfd842dab14be2a956555625b37c97bff,2026-07-13,251,230885183,0.051,,
approach,하드워커단일,db13c6c2cd4037f297a6ef05a97b768dfd842dab14be2a956555625b37c97bff,2026-07-14,251,230885183,0.051,,
approach,하드워커단일,db13c6c2cd4037f297a6ef05a97b768dfd842dab14be2a956555625b37c97bff,2026-07-15,251,230885183,0.051,,
approach,하드워커단일,db13c6c2cd4037f297a6ef05a97b768dfd842dab14be2a956555625b37c97bff,2026-07-16,251,230885183,0.051,,
approach,하드워커단일,db13c6c2cd4037f297a6ef05a97b768dfd842dab14be2a956555625b37c97bff,2026-07-17,251,230885183,0.051,,
approach,하드워커단일,db13c6c2cd4037f297a6ef05a97b768dfd842dab14be2a956555625b37c97bff,2026-07-18,251,230885183,0.051,,
approach,하드워커단일,db13c6c2cd4037f297a6ef05a97b768dfd842dab14be2a956555625b37c97bff,2026-07-19,251,230885183,0.051,,
approach,하드워커단일,db13c6c2cd4037f297a6ef05a97b768dfd842dab14be2a956555625b37c97bff,2026-07-20,251,230885183,0.051,3703028,
approach,하드워커단일,db13c6c2cd4037f297a6ef05a97b768dfd842dab14be2a956555625b37c97bff,2026-07-21,251,230885183,0.051,,
approach,하드워커단일,db13c6c2cd4037f297a6ef05a97b768dfd842dab14be2a956555625b37c97bff,2026-07-22,251,230885183,0.051,,
approach,메카꽃향기,889afe1cda281a63a7146078a8ceb9d5,2026-07-13,251,257380119,0.134,,
approach,메카꽃향기,889afe1cda281a63a7146078a8ceb9d5,2026-07-14,251,257380119,0.134,,
approach,메카꽃향기,889afe1cda281a63a7146078a8ceb9d5,2026-07-15,251,257380119,0.134,,
approach,메카꽃향기,889afe1cda281a63a7146078a8ceb9d5,2026-07-16,251,257380119,0.134,,
approach,메카꽃향기,889afe1cda281a63a7146078a8ceb9d5,2026-07-17,251,257380119,0.134,,
approach,메카꽃향기,889afe1cda281a63a7146078a8ceb9d5,2026-07-18,251,257380119,0.134,,
approach,메카꽃향기,889afe1cda281a63a7146078a8ceb9d5,2026-07-19,251,257380119,0.134,,
approach,메카꽃향기,889afe1cda281a63a7146078a8ceb9d5,2026-07-20,251,257380119,0.134,93897,
approach,메카꽃향기,889afe1cda281a63a7146078a8ceb9d5,2026-07-21,251,257380119,0.134,,
approach,메카꽃향기,889afe1cda281a63a7146078a8ceb9d5,2026-07-22,251,257380119,0.134,,
approach,너도경험치62,4dafa2299aa67a9f1b0499e03b113e7d,2026-07-13,251,286465340,0.149,,
approach,너도경험치62,4dafa2299aa67a9f1b0499e03b113e7d,2026-07-14,251,286465340,0.149,,
approach,너도경험치62,4dafa2299aa67a9f1b0499e03b113e7d,2026-07-15,251,286465340,0.149,,
approach,너도경험치62,4dafa2299aa67a9f1b0499e03b113e7d,2026-07-16,251,286465340,0.149,,
approach,너도경험치62,4dafa2299aa67a9f1b0499e03b113e7d,2026-07-17,251,286465340,0.149,,
approach,너도경험치62,4dafa2299aa67a9f1b0499e03b113e7d,2026-07-18,251,286465340,0.149,,
approach,너도경험치62,4dafa2299aa67a9f1b0499e03b113e7d,2026-07-19,251,286465340,0.149,,
approach,너도경험치62,4dafa2299aa67a9f1b0499e03b113e7d,2026-07-20,251,286465340,0.149,16614,
approach,너도경험치62,4dafa2299aa67a9f1b0499e03b113e7d,2026-07-21,251,286465340,0.149,,
approach,너도경험치62,4dafa2299aa67a9f1b0499e03b113e7d,2026-07-22,251,286465340,0.149,,
approach,호노로로롱,a167d738aad553e557e93f4bfa7816ed,2026-07-13,251,231064344,0.120,,
approach,호노로로롱,a167d738aad553e557e93f4bfa7816ed,2026-07-14,251,231064344,0.120,,
approach,호노로로롱,a167d738aad553e557e93f4bfa7816ed,2026-07-15,251,231064344,0.120,,
approach,호노로로롱,a167d738aad553e557e93f4bfa7816ed,2026-07-16,251,231064344,0.120,,
approach,호노로로롱,a167d738aad553e557e93f4bfa7816ed,2026-07-17,251,231064344,0.120,,
approach,호노로로롱,a167d738aad553e557e93f4bfa7816ed,2026-07-18,251,231064344,0.120,,
approach,호노로로롱,a167d738aad553e557e93f4bfa7816ed,2026-07-19,251,231064344,0.120,,
approach,호노로로롱,a167d738aad553e557e93f4bfa7816ed,2026-07-20,251,231064344,0.120,194378,
approach,호노로로롱,a167d738aad553e557e93f4bfa7816ed,2026-07-21,251,231064344,0.120,,
approach,호노로로롱,a167d738aad553e557e93f4bfa7816ed,2026-07-22,251,231064344,0.120,,
approach,링크f2344,d6608f646827ffee3cd13d437a68031f,2026-07-13,251,290075559,0.151,,
approach,링크f2344,d6608f646827ffee3cd13d437a68031f,2026-07-14,251,290075559,0.151,,
approach,링크f2344,d6608f646827ffee3cd13d437a68031f,2026-07-15,251,290075559,0.151,,
approach,링크f2344,d6608f646827ffee3cd13d437a68031f,2026-07-16,251,290075559,0.151,,
approach,링크f2344,d6608f646827ffee3cd13d437a68031f,2026-07-17,251,290075559,0.151,,
approach,링크f2344,d6608f646827ffee3cd13d437a68031f,2026-07-18,251,290075559,0.151,,
approach,링크f2344,d6608f646827ffee3cd13d437a68031f,2026-07-19,251,290075559,0.151,,
approach,링크f2344,d6608f646827ffee3cd13d437a68031f,2026-07-20,251,290075559,0.151,296,
approach,링크f2344,d6608f646827ffee3cd13d437a68031f,2026-07-21,251,290075559,0.151,,
approach,링크f2344,d6608f646827ffee3cd13d437a68031f,2026-07-22,251,290075559,0.151,,
approach,머종데몬,c8af9e27e0ba3304887a13bc6ad19260efe8d04e6d233bd35cf2fabdeb93fb0d,2026-07-13,251,302874782,0.158,,
approach,머종데몬,c8af9e27e0ba3304887a13bc6ad19260efe8d04e6d233bd35cf2fabdeb93fb0d,2026-07-14,251,302874782,0.158,,
approach,머종데몬,c8af9e27e0ba3304887a13bc6ad19260efe8d04e6d233bd35cf2fabdeb93fb0d,2026-07-15,251,302874782,0.158,,
approach,머종데몬,c8af9e27e0ba3304887a13bc6ad19260efe8d04e6d233bd35cf2fabdeb93fb0d,2026-07-16,251,302874782,0.158,,
approach,머종데몬,c8af9e27e0ba3304887a13bc6ad19260efe8d04e6d233bd35cf2fabdeb93fb0d,2026-07-17,251,302874782,0.158,,
approach,머종데몬,c8af9e27e0ba3304887a13bc6ad19260efe8d04e6d233bd35cf2fabdeb93fb0d,2026-07-18,251,302874782,0.158,,
approach,머종데몬,c8af9e27e0ba3304887a13bc6ad19260efe8d04e6d233bd35cf2fabdeb93fb0d,2026-07-19,251,302874782,0.158,,
approach,머종데몬,c8af9e27e0ba3304887a13bc6ad19260efe8d04e6d233bd35cf2fabdeb93fb0d,2026-07-20,251,302874782,0.158,54372,
approach,머종데몬,c8af9e27e0ba3304887a13bc6ad19260efe8d04e6d233bd35cf2fabdeb93fb0d,2026-07-21,251,302874782,0.158,,
approach,머종데몬,c8af9e27e0ba3304887a13bc6ad19260efe8d04e6d233bd35cf2fabdeb93fb0d,2026-07-22,251,302874782,0.158,,
approach,이이이이이띠,6c3ef962b143c5526d7b0ccfc9db60cc,2026-07-13,251,305078306,0.159,,
approach,이이이이이띠,6c3ef962b143c5526d7b0ccfc9db60cc,2026-07-14,251,305078306,0.159,,
approach,이이이이이띠,6c3ef962b143c5526d7b0ccfc9db60cc,2026-07-15,251,305078306,0.159,,
approach,이이이이이띠,6c3ef962b143c5526d7b0ccfc9db60cc,2026-07-16,251,305078306,0.159,,
approach,이이이이이띠,6c3ef962b143c5526d7b0ccfc9db60cc,2026-07-17,251,305078306,0.159,,
approach,이이이이이띠,6c3ef962b143c5526d7b0ccfc9db60cc,2026-07-18,251,305078306,0.159,,
approach,이이이이이띠,6c3ef962b143c5526d7b0ccfc9db60cc,2026-07-19,251,305078306,0.159,,
approach,이이이이이띠,6c3ef962b143c5526d7b0ccfc9db60cc,2026-07-20,251,305078306,0.159,73574,
approach,이이이이이띠,6c3ef962b143c5526d7b0ccfc9db60cc,2026-07-21,251,305078306,0.159,,
approach,이이이이이띠,6c3ef962b143c5526d7b0ccfc9db60cc,2026-07-22,251,305078306,0.159,,
approach,불래수우터,3bfba48b518e5bb7247117742e759984,2026-07-13,251,300549342,0.156,,
approach,불래수우터,3bfba48b518e5bb7247117742e759984,2026-07-14,251,300549342,0.156,,
approach,불래수우터,3bfba48b518e5bb7247117742e759984,2026-07-15,251,300549342,0.156,,
approach,불래수우터,3bfba48b518e5bb7247117742e759984,2026-07-16,251,300549342,0.156,,
approach,불래수우터,3bfba48b518e5bb7247117742e759984,2026-07-17,251,300549342,0.156,,
approach,불래수우터,3bfba48b518e5bb7247117742e759984,2026-07-18,251,300549342,0.156,,
approach,불래수우터,3bfba48b518e5bb7247117742e759984,2026-07-19,251,300549342,0.156,,
approach,불래수우터,3bfba48b518e5bb7247117742e759984,2026-07-20,251,300549342,0.156,50831,
approach,불래수우터,3bfba48b518e5bb7247117742e759984,2026-07-21,251,300549342,0.156,,
approach,불래수우터,3bfba48b518e5bb7247117742e759984,2026-07-22,251,300549342,0.156,,
approach,망고체리자두,0bc18403bb52d4c811f9c7d19bbd698eefe8d04e6d233bd35cf2fabdeb93fb0d,2026-07-13,251,223063222,0.116,,
approach,망고체리자두,0bc18403bb52d4c811f9c7d19bbd698eefe8d04e6d233bd35cf2fabdeb93fb0d,2026-07-14,251,223063222,0.116,,
approach,망고체리자두,0bc18403bb52d4c811f9c7d19bbd698eefe8d04e6d233bd35cf2fabdeb93fb0d,2026-07-15,251,223063222,0.116,,
approach,망고체리자두,0bc18403bb52d4c811f9c7d19bbd698eefe8d04e6d233bd35cf2fabdeb93fb0d,2026-07-16,251,223063222,0.116,,
approach,망고체리자두,0bc18403bb52d4c811f9c7d19bbd698eefe8d04e6d233bd35cf2fabdeb93fb0d,2026-07-17,251,223063222,0.116,,
approach,망고체리자두,0bc18403bb52d4c811f9c7d19bbd698eefe8d04e6d233bd35cf2fabdeb93fb0d,2026-07-18,251,223063222,0.116,,
approach,망고체리자두,0bc18403bb52d4c811f9c7d19bbd698eefe8d04e6d233bd35cf2fabdeb93fb0d,2026-07-19,251,223063222,0.116,,
approach,망고체리자두,0bc18403bb52d4c811f9c7d19bbd698eefe8d04e6d233bd35cf2fabdeb93fb0d,2026-07-20,251,223063222,0.116,61964,
approach,망고체리자두,0bc18403bb52d4c811f9c7d19bbd698eefe8d04e6d233bd35cf2fabdeb93fb0d,2026-07-21,251,223063222,0.116,,
approach,망고체리자두,0bc18403bb52d4c811f9c7d19bbd698eefe8d04e6d233bd35cf2fabdeb93fb0d,2026-07-22,251,223063222,0.116,,
approach,트럼프햄버거,8879d022d925eaaa5d742f6955dfb2baefe8d04e6d233bd35cf2fabdeb93fb0d,2026-07-13,251,304040702,0.158,,
approach,트럼프햄버거,8879d022d925eaaa5d742f6955dfb2baefe8d04e6d233bd35cf2fabdeb93fb0d,2026-07-14,251,304040702,0.158,,
approach,트럼프햄버거,8879d022d925eaaa5d742f6955dfb2baefe8d04e6d233bd35cf2fabdeb93fb0d,2026-07-15,251,304040702,0.158,,
approach,트럼프햄버거,8879d022d925eaaa5d742f6955dfb2baefe8d04e6d233bd35cf2fabdeb93fb0d,2026-07-16,251,304040702,0.158,,
approach,트럼프햄버거,8879d022d925eaaa5d742f6955dfb2baefe8d04e6d233bd35cf2fabdeb93fb0d,2026-07-17,251,304040702,0.158,,
approach,트럼프햄버거,8879d022d925eaaa5d742f6955dfb2baefe8d04e6d233bd35cf2fabdeb93fb0d,2026-07-18,251,304040702,0.158,,
approach,트럼프햄버거,8879d022d925eaaa5d742f6955dfb2baefe8d04e6d233bd35cf2fabdeb93fb0d,2026-07-19,251,304040702,0.158,,
approach,트럼프햄버거,8879d022d925eaaa5d742f6955dfb2baefe8d04e6d233bd35cf2fabdeb93fb0d,2026-07-20,251,304040702,0.158,59676,
approach,트럼프햄버거,8879d022d925eaaa5d742f6955dfb2baefe8d04e6d233bd35cf2fabdeb93fb0d,2026-07-21,251,304040702,0.158,,
approach,트럼프햄버거,8879d022d925eaaa5d742f6955dfb2baefe8d04e6d233bd35cf2fabdeb93fb0d,2026-07-22,251,304040702,0.158,,
approach,아비드지,e6a7e5527099dbbe9e3d8e23297c75ef,2026-07-13,251,264102302,0.058,,
approach,아비드지,e6a7e5527099dbbe9e3d8e23297c75ef,2026-07-14,251,264102302,0.058,,
approach,아비드지,e6a7e5527099dbbe9e3d8e23297c75ef,2026-07-15,251,264102302,0.058,,
approach,아비드지,e6a7e5527099dbbe9e3d8e23297c75ef,2026-07-16,251,264102302,0.058,,
approach,아비드지,e6a7e5527099dbbe9e3d8e23297c75ef,2026-07-17,251,264102302,0.058,,
approach,아비드지,e6a7e5527099dbbe9e3d8e23297c75ef,2026-07-18,251,264102302,0.058,,
approach,아비드지,e6a7e5527099dbbe9e3d8e23297c75ef,2026-07-19,251,264102302,0.058,,
approach,아비드지,e6a7e5527099dbbe9e3d8e23297c75ef,2026-07-20,251,264102302,0.058,1045294,
approach,아비드지,e6a7e5527099dbbe9e3d8e23297c75ef,2026-07-21,251,264102302,0.058,,
approach,아비드지,e6a7e5527099dbbe9e3d8e23297c75ef,2026-07-22,251,264102302,0.058,,
approach,은월크뎀줘어,27797175aa8eb36fad7533f935f3e4a8,2026-07-13,251,251466335,0.131,,
approach,은월크뎀줘어,27797175aa8eb36fad7533f935f3e4a8,2026-07-14,251,251466335,0.131,,
approach,은월크뎀줘어,27797175aa8eb36fad7533f935f3e4a8,2026-07-15,251,251466335,0.131,,
approach,은월크뎀줘어,27797175aa8eb36fad7533f935f3e4a8,2026-07-16,251,251466335,0.131,,
approach,은월크뎀줘어,27797175aa8eb36fad7533f935f3e4a8,2026-07-17,251,251466335,0.131,,
approach,은월크뎀줘어,27797175aa8eb36fad7533f935f3e4a8,2026-07-18,251,251466335,0.131,,
approach,은월크뎀줘어,27797175aa8eb36fad7533f935f3e4a8,2026-07-19,251,251466335,0.131,,
approach,은월크뎀줘어,27797175aa8eb36fad7533f935f3e4a8,2026-07-20,251,251466335,0.131,130,
approach,은월크뎀줘어,27797175aa8eb36fad7533f935f3e4a8,2026-07-21,251,251466335,0.131,,
approach,은월크뎀줘어,27797175aa8eb36fad7533f935f3e4a8,2026-07-22,251,251466335,0.131,,
approach,다뤼아델,8c728d9d2107259b2e22b6ed68035180,2026-07-13,251,567300435,0.295,,
approach,다뤼아델,8c728d9d2107259b2e22b6ed68035180,2026-07-14,251,567300435,0.295,,
approach,다뤼아델,8c728d9d2107259b2e22b6ed68035180,2026-07-15,251,567300435,0.295,,
approach,다뤼아델,8c728d9d2107259b2e22b6ed68035180,2026-07-16,251,567300435,0.295,,
approach,다뤼아델,8c728d9d2107259b2e22b6ed68035180,2026-07-17,251,567300435,0.295,,
approach,다뤼아델,8c728d9d2107259b2e22b6ed68035180,2026-07-18,251,567300435,0.295,,
approach,다뤼아델,8c728d9d2107259b2e22b6ed68035180,2026-07-19,251,567300435,0.295,,
approach,다뤼아델,8c728d9d2107259b2e22b6ed68035180,2026-07-20,251,567300435,0.295,8510375,
approach,다뤼아델,8c728d9d2107259b2e22b6ed68035180,2026-07-21,251,567300435,0.295,,
approach,다뤼아델,8c728d9d2107259b2e22b6ed68035180,2026-07-22,251,567300435,0.295,,
approach,블래이쁜이,6c118b4c1317084a691ea983fcb779b0,2026-07-13,251,267409696,0.139,,
approach,블래이쁜이,6c118b4c1317084a691ea983fcb779b0,2026-07-14,251,267409696,0.139,,
approach,블래이쁜이,6c118b4c1317084a691ea983fcb779b0,2026-07-15,251,267409696,0.139,,
approach,블래이쁜이,6c118b4c1317084a691ea983fcb779b0,2026-07-16,251,267409696,0.139,,
approach,블래이쁜이,6c118b4c1317084a691ea983fcb779b0,2026-07-17,251,267409696,0.139,,
approach,블래이쁜이,6c118b4c1317084a691ea983fcb779b0,2026-07-18,251,267409696,0.139,,
approach,블래이쁜이,6c118b4c1317084a691ea983fcb779b0,2026-07-19,251,267409696,0.139,,
approach,블래이쁜이,6c118b4c1317084a691ea983fcb779b0,2026-07-20,251,267409696,0.139,51346,
approach,블래이쁜이,6c118b4c1317084a691ea983fcb779b0,2026-07-21,251,267409696,0.139,,
approach,블래이쁜이,6c118b4c1317084a691ea983fcb779b0,2026-07-22,251,267409696,0.139,,
approach,MMeCe,eff975d64b85b79179cc4f90e8893421efe8d04e6d233bd35cf2fabdeb93fb0d,2026-07-13,251,311833623,0.162,,
approach,MMeCe,eff975d64b85b79179cc4f90e8893421efe8d04e6d233bd35cf2fabdeb93fb0d,2026-07-14,251,311833623,0.162,,
approach,MMeCe,eff975d64b85b79179cc4f90e8893421efe8d04e6d233bd35cf2fabdeb93fb0d,2026-07-15,251,311833623,0.162,,
approach,MMeCe,eff975d64b85b79179cc4f90e8893421efe8d04e6d233bd35cf2fabdeb93fb0d,2026-07-16,251,311833623,0.162,,
approach,MMeCe,eff975d64b85b79179cc4f90e8893421efe8d04e6d233bd35cf2fabdeb93fb0d,2026-07-17,251,311833623,0.162,,
approach,MMeCe,eff975d64b85b79179cc4f90e8893421efe8d04e6d233bd35cf2fabdeb93fb0d,2026-07-18,251,311833623,0.162,,
approach,MMeCe,eff975d64b85b79179cc4f90e8893421efe8d04e6d233bd35cf2fabdeb93fb0d,2026-07-19,251,311833623,0.162,,
approach,MMeCe,eff975d64b85b79179cc4f90e8893421efe8d04e6d233bd35cf2fabdeb93fb0d,2026-07-20,251,311833623,0.162,302023,
approach,MMeCe,eff975d64b85b79179cc4f90e8893421efe8d04e6d233bd35cf2fabdeb93fb0d,2026-07-21,251,311833623,0.162,,
approach,MMeCe,eff975d64b85b79179cc4f90e8893421efe8d04e6d233bd35cf2fabdeb93fb0d,2026-07-22,251,311833623,0.162,,
approach,랑이샷,2c41025af72be7950e0c8e9e38c1dee6,2026-07-13,251,278209498,0.061,,
approach,랑이샷,2c41025af72be7950e0c8e9e38c1dee6,2026-07-14,251,278209498,0.061,,
approach,랑이샷,2c41025af72be7950e0c8e9e38c1dee6,2026-07-15,251,278209498,0.061,,
approach,랑이샷,2c41025af72be7950e0c8e9e38c1dee6,2026-07-16,251,278209498,0.061,,
approach,랑이샷,2c41025af72be7950e0c8e9e38c1dee6,2026-07-17,251,278209498,0.061,,
approach,랑이샷,2c41025af72be7950e0c8e9e38c1dee6,2026-07-18,251,278209498,0.061,,
approach,랑이샷,2c41025af72be7950e0c8e9e38c1dee6,2026-07-19,251,278209498,0.061,,
approach,랑이샷,2c41025af72be7950e0c8e9e38c1dee6,2026-07-20,251,278209498,0.061,1480072,
approach,랑이샷,2c41025af72be7950e0c8e9e38c1dee6,2026-07-21,251,278209498,0.061,,
approach,랑이샷,2c41025af72be7950e0c8e9e38c1dee6,2026-07-22,251,278209498,0.061,,
approach,히Roine,47b23ba7ede04582e22713c5ef88cc9fefe8d04e6d233bd35cf2fabdeb93fb0d,2026-07-13,251,279228494,0.145,,
approach,히Roine,47b23ba7ede04582e22713c5ef88cc9fefe8d04e6d233bd35cf2fabdeb93fb0d,2026-07-14,251,279228494,0.145,,
approach,히Roine,47b23ba7ede04582e22713c5ef88cc9fefe8d04e6d233bd35cf2fabdeb93fb0d,2026-07-15,251,279228494,0.145,,
approach,히Roine,47b23ba7ede04582e22713c5ef88cc9fefe8d04e6d233bd35cf2fabdeb93fb0d,2026-07-16,251,279228494,0.145,,
approach,히Roine,47b23ba7ede04582e22713c5ef88cc9fefe8d04e6d233bd35cf2fabdeb93fb0d,2026-07-17,251,279228494,0.145,,
approach,히Roine,47b23ba7ede04582e22713c5ef88cc9fefe8d04e6d233bd35cf2fabdeb93fb0d,2026-07-18,251,279228494,0.145,,
approach,히Roine,47b23ba7ede04582e22713c5ef88cc9fefe8d04e6d233bd35cf2fabdeb93fb0d,2026-07-19,251,279228494,0.145,,
approach,히Roine,47b23ba7ede04582e22713c5ef88cc9fefe8d04e6d233bd35cf2fabdeb93fb0d,2026-07-20,251,279228494,0.145,2497946,
approach,히Roine,47b23ba7ede04582e22713c5ef88cc9fefe8d04e6d233bd35cf2fabdeb93fb0d,2026-07-21,251,279228494,0.145,,
approach,히Roine,47b23ba7ede04582e22713c5ef88cc9fefe8d04e6d233bd35cf2fabdeb93fb0d,2026-07-22,251,279228494,0.145,,
approach,은월돌돌이,21f527173c2df9716ddaa6d763f60e51,2026-07-13,251,237113723,0.123,,
approach,은월돌돌이,21f527173c2df9716ddaa6d763f60e51,2026-07-14,251,237113723,0.123,,
approach,은월돌돌이,21f527173c2df9716ddaa6d763f60e51,2026-07-15,251,237113723,0.123,,
approach,은월돌돌이,21f527173c2df9716ddaa6d763f60e51,2026-07-16,251,237113723,0.123,,
approach,은월돌돌이,21f527173c2df9716ddaa6d763f60e51,2026-07-17,251,237113723,0.123,,
approach,은월돌돌이,21f527173c2df9716ddaa6d763f60e51,2026-07-18,251,237113723,0.123,,
approach,은월돌돌이,21f527173c2df9716ddaa6d763f60e51,2026-07-19,251,237113723,0.123,,
approach,은월돌돌이,21f527173c2df9716ddaa6d763f60e51,2026-07-20,251,237113723,0.123,89373,
approach,은월돌돌이,21f527173c2df9716ddaa6d763f60e51,2026-07-21,251,237113723,0.123,,
approach,은월돌돌이,21f527173c2df9716ddaa6d763f60e51,2026-07-22,251,237113723,0.123,,
approach,글자네에레브,f4da4393a34142334e29bf9b0091986d,2026-07-13,251,258647443,0.135,,
approach,글자네에레브,f4da4393a34142334e29bf9b0091986d,2026-07-14,251,258647443,0.135,,
approach,글자네에레브,f4da4393a34142334e29bf9b0091986d,2026-07-15,251,258647443,0.135,,
approach,글자네에레브,f4da4393a34142334e29bf9b0091986d,2026-07-16,251,258647443,0.135,,
approach,글자네에레브,f4da4393a34142334e29bf9b0091986d,2026-07-17,251,258647443,0.135,,
approach,글자네에레브,f4da4393a34142334e29bf9b0091986d,2026-07-18,251,258647443,0.135,,
approach,글자네에레브,f4da4393a34142334e29bf9b0091986d,2026-07-19,251,258647443,0.135,,
approach,글자네에레브,f4da4393a34142334e29bf9b0091986d,2026-07-20,251,258647443,0.135,56553,
approach,글자네에레브,f4da4393a34142334e29bf9b0091986d,2026-07-21,251,258647443,0.135,,
approach,글자네에레브,f4da4393a34142334e29bf9b0091986d,2026-07-22,251,258647443,0.135,,
approach,서지우짱,0a6fe5bea6ff811d928682712efce2ea,2026-07-13,251,223913337,0.117,,
approach,서지우짱,0a6fe5bea6ff811d928682712efce2ea,2026-07-14,251,223913337,0.117,,
approach,서지우짱,0a6fe5bea6ff811d928682712efce2ea,2026-07-15,251,223913337,0.117,,
approach,서지우짱,0a6fe5bea6ff811d928682712efce2ea,2026-07-16,251,223913337,0.117,,
approach,서지우짱,0a6fe5bea6ff811d928682712efce2ea,2026-07-17,251,223913337,0.117,,
approach,서지우짱,0a6fe5bea6ff811d928682712efce2ea,2026-07-18,251,223913337,0.117,,
approach,서지우짱,0a6fe5bea6ff811d928682712efce2ea,2026-07-19,251,223913337,0.117,,
approach,서지우짱,0a6fe5bea6ff811d928682712efce2ea,2026-07-20,251,223913337,0.117,215464,
approach,서지우짱,0a6fe5bea6ff811d928682712efce2ea,2026-07-21,251,223913337,0.117,,
approach,서지우짱,0a6fe5bea6ff811d928682712efce2ea,2026-07-22,251,223913337,0.117,,
approach,광양곱도리탕,2eb44bb805a9231b95e48eb01006d50b,2026-07-13,251,259103941,0.135,,
approach,광양곱도리탕,2eb44bb805a9231b95e48eb01006d50b,2026-07-14,251,259103941,0.135,,
approach,광양곱도리탕,2eb44bb805a9231b95e48eb01006d50b,2026-07-15,251,259103941,0.135,,
approach,광양곱도리탕,2eb44bb805a9231b95e48eb01006d50b,2026-07-16,251,259103941,0.135,,
approach,광양곱도리탕,2eb44bb805a9231b95e48eb01006d50b,2026-07-17,251,259103941,0.135,,
approach,광양곱도리탕,2eb44bb805a9231b95e48eb01006d50b,2026-07-18,251,259103941,0.135,,
approach,광양곱도리탕,2eb44bb805a9231b95e48eb01006d50b,2026-07-19,251,259103941,0.135,,
approach,광양곱도리탕,2eb44bb805a9231b95e48eb01006d50b,2026-07-20,251,259103941,0.135,48972,
approach,광양곱도리탕,2eb44bb805a9231b95e48eb01006d50b,2026-07-21,251,259103941,0.135,,
approach,광양곱도리탕,2eb44bb805a9231b95e48eb01006d50b,2026-07-22,251,259103941,0.135,,
approach,금요일저녁비,f8c2f91ce554eef177b0b9f92fced182,2026-07-13,251,267400036,0.139,,
approach,금요일저녁비,f8c2f91ce554eef177b0b9f92fced182,2026-07-14,251,267400036,0.139,,
approach,금요일저녁비,f8c2f91ce554eef177b0b9f92fced182,2026-07-15,251,267400036,0.139,,
approach,금요일저녁비,f8c2f91ce554eef177b0b9f92fced182,2026-07-16,251,267400036,0.139,,
approach,금요일저녁비,f8c2f91ce554eef177b0b9f92fced182,2026-07-17,251,267400036,0.139,,
approach,금요일저녁비,f8c2f91ce554eef177b0b9f92fced182,2026-07-18,251,267400036,0.139,,
approach,금요일저녁비,f8c2f91ce554eef177b0b9f92fced182,2026-07-19,251,267400036,0.139,,
approach,금요일저녁비,f8c2f91ce554eef177b0b9f92fced182,2026-07-20,251,267400036,0.139,1219712,
approach,금요일저녁비,f8c2f91ce554eef177b0b9f92fced182,2026-07-21,251,267400036,0.139,,
approach,금요일저녁비,f8c2f91ce554eef177b0b9f92fced182,2026-07-22,251,267400036,0.139,,
approach,은월교탈,234dc7e84a4034f9a64a2bc38e07b9b6efe8d04e6d233bd35cf2fabdeb93fb0d,2026-07-13,251,277064200,0.061,,
approach,은월교탈,234dc7e84a4034f9a64a2bc38e07b9b6efe8d04e6d233bd35cf2fabdeb93fb0d,2026-07-14,251,277064200,0.061,,
approach,은월교탈,234dc7e84a4034f9a64a2bc38e07b9b6efe8d04e6d233bd35cf2fabdeb93fb0d,2026-07-15,251,277064200,0.061,,
approach,은월교탈,234dc7e84a4034f9a64a2bc38e07b9b6efe8d04e6d233bd35cf2fabdeb93fb0d,2026-07-16,251,277064200,0.061,,
approach,은월교탈,234dc7e84a4034f9a64a2bc38e07b9b6efe8d04e6d233bd35cf2fabdeb93fb0d,2026-07-17,251,277064200,0.061,,
approach,은월교탈,234dc7e84a4034f9a64a2bc38e07b9b6efe8d04e6d233bd35cf2fabdeb93fb0d,2026-07-18,251,277064200,0.061,,
approach,은월교탈,234dc7e84a4034f9a64a2bc38e07b9b6efe8d04e6d233bd35cf2fabdeb93fb0d,2026-07-19,251,277064200,0.061,,
approach,은월교탈,234dc7e84a4034f9a64a2bc38e07b9b6efe8d04e6d233bd35cf2fabdeb93fb0d,2026-07-20,251,277064200,0.061,1505637,
approach,은월교탈,234dc7e84a4034f9a64a2bc38e07b9b6efe8d04e6d233bd35cf2fabdeb93fb0d,2026-07-21,251,277064200,0.061,,
approach,은월교탈,234dc7e84a4034f9a64a2bc38e07b9b6efe8d04e6d233bd35cf2fabdeb93fb0d,2026-07-22,251,277064200,0.061,,
approach,우혜진띠,c61638b660fbc88a30311e9a9517428b,2026-07-13,251,289497079,0.151,,
approach,우혜진띠,c61638b660fbc88a30311e9a9517428b,2026-07-14,251,289497079,0.151,,
approach,우혜진띠,c61638b660fbc88a30311e9a9517428b,2026-07-15,251,289497079,0.151,,
approach,우혜진띠,c61638b660fbc88a30311e9a9517428b,2026-07-16,251,289497079,0.151,,
approach,우혜진띠,c61638b660fbc88a30311e9a9517428b,2026-07-17,251,289497079,0.151,,
approach,우혜진띠,c61638b660fbc88a30311e9a9517428b,2026-07-18,251,289497079,0.151,,
approach,우혜진띠,c61638b660fbc88a30311e9a9517428b,2026-07-19,251,289497079,0.151,,
approach,우혜진띠,c61638b660fbc88a30311e9a9517428b,2026-07-20,251,289497079,0.151,728625,
approach,우혜진띠,c61638b660fbc88a30311e9a9517428b,2026-07-21,251,289497079,0.151,,
approach,우혜진띠,c61638b660fbc88a30311e9a9517428b,2026-07-22,251,289497079,0.151,,
approach,손목기부요,a3f3c5b707ceb8957837ccde94fa0581,2026-07-13,251,290128963,0.151,,
approach,손목기부요,a3f3c5b707ceb8957837ccde94fa0581,2026-07-14,251,290128963,0.151,,
approach,손목기부요,a3f3c5b707ceb8957837ccde94fa0581,2026-07-15,251,290128963,0.151,,
approach,손목기부요,a3f3c5b707ceb8957837ccde94fa0581,2026-07-16,251,290128963,0.151,,
approach,손목기부요,a3f3c5b707ceb8957837ccde94fa0581,2026-07-17,251,290128963,0.151,,
approach,손목기부요,a3f3c5b707ceb8957837ccde94fa0581,2026-07-18,251,290128963,0.151,,
approach,손목기부요,a3f3c5b707ceb8957837ccde94fa0581,2026-07-19,251,290128963,0.151,,
approach,손목기부요,a3f3c5b707ceb8957837ccde94fa0581,2026-07-20,251,290128963,0.151,264958,
approach,손목기부요,a3f3c5b707ceb8957837ccde94fa0581,2026-07-21,251,290128963,0.151,,
approach,손목기부요,a3f3c5b707ceb8957837ccde94fa0581,2026-07-22,251,290128963,0.151,,
approach,순수바니걸,7546ef4227f74639b2f8ea867c6b72d2efe8d04e6d233bd35cf2fabdeb93fb0d,2026-07-13,251,301513432,0.157,,
approach,순수바니걸,7546ef4227f74639b2f8ea867c6b72d2efe8d04e6d233bd35cf2fabdeb93fb0d,2026-07-14,251,301513432,0.157,,
approach,순수바니걸,7546ef4227f74639b2f8ea867c6b72d2efe8d04e6d233bd35cf2fabdeb93fb0d,2026-07-15,251,301513432,0.157,,
approach,순수바니걸,7546ef4227f74639b2f8ea867c6b72d2efe8d04e6d233bd35cf2fabdeb93fb0d,2026-07-16,251,301513432,0.157,,
approach,순수바니걸,7546ef4227f74639b2f8ea867c6b72d2efe8d04e6d233bd35cf2fabdeb93fb0d,2026-07-17,251,301513432,0.157,,
approach,순수바니걸,7546ef4227f74639b2f8ea867c6b72d2efe8d04e6d233bd35cf2fabdeb93fb0d,2026-07-18,251,301513432,0.157,,
approach,순수바니걸,7546ef4227f74639b2f8ea867c6b72d2efe8d04e6d233bd35cf2fabdeb93fb0d,2026-07-19,251,301513432,0.157,,
approach,순수바니걸,7546ef4227f74639b2f8ea867c6b72d2efe8d04e6d233bd35cf2fabdeb93fb0d,2026-07-20,251,301513432,0.157,20338,
approach,순수바니걸,7546ef4227f74639b2f8ea867c6b72d2efe8d04e6d233bd35cf2fabdeb93fb0d,2026-07-21,251,301513432,0.157,,
approach,순수바니걸,7546ef4227f74639b2f8ea867c6b72d2efe8d04e6d233bd35cf2fabdeb93fb0d,2026-07-22,251,301513432,0.157,,
approach,뻬깅,839499cb96e3d1d3ce1d039b40949699,2026-07-13,251,228479117,0.119,,
approach,뻬깅,839499cb96e3d1d3ce1d039b40949699,2026-07-14,251,228479117,0.119,,
approach,뻬깅,839499cb96e3d1d3ce1d039b40949699,2026-07-15,251,228479117,0.119,,
approach,뻬깅,839499cb96e3d1d3ce1d039b40949699,2026-07-16,251,228479117,0.119,,
approach,뻬깅,839499cb96e3d1d3ce1d039b40949699,2026-07-17,251,228479117,0.119,,
approach,뻬깅,839499cb96e3d1d3ce1d039b40949699,2026-07-18,251,228479117,0.119,,
approach,뻬깅,839499cb96e3d1d3ce1d039b40949699,2026-07-19,251,228479117,0.119,,
approach,뻬깅,839499cb96e3d1d3ce1d039b40949699,2026-07-20,251,228479117,0.119,116475,
approach,뻬깅,839499cb96e3d1d3ce1d039b40949699,2026-07-21,251,228479117,0.119,,
approach,뻬깅,839499cb96e3d1d3ce1d039b40949699,2026-07-22,251,228479117,0.119,,
approach,데벤하는처니,e19463c425cad7da90221addb69721a73663933da92e7566c55104ec9ac2894d,2026-07-13,251,316233310,0.165,,
approach,데벤하는처니,e19463c425cad7da90221addb69721a73663933da92e7566c55104ec9ac2894d,2026-07-14,251,316233310,0.165,,
approach,데벤하는처니,e19463c425cad7da90221addb69721a73663933da92e7566c55104ec9ac2894d,2026-07-15,251,316233310,0.165,,
approach,데벤하는처니,e19463c425cad7da90221addb69721a73663933da92e7566c55104ec9ac2894d,2026-07-16,251,316233310,0.165,,
approach,데벤하는처니,e19463c425cad7da90221addb69721a73663933da92e7566c55104ec9ac2894d,2026-07-17,251,316233310,0.165,,
approach,데벤하는처니,e19463c425cad7da90221addb69721a73663933da92e7566c55104ec9ac2894d,2026-07-18,251,316233310,0.165,,
approach,데벤하는처니,e19463c425cad7da90221addb69721a73663933da92e7566c55104ec9ac2894d,2026-07-19,251,316233310,0.165,,
approach,데벤하는처니,e19463c425cad7da90221addb69721a73663933da92e7566c55104ec9ac2894d,2026-07-20,251,316233310,0.165,55819,
approach,데벤하는처니,e19463c425cad7da90221addb69721a73663933da92e7566c55104ec9ac2894d,2026-07-21,251,316233310,0.165,,
approach,데벤하는처니,e19463c425cad7da90221addb69721a73663933da92e7566c55104ec9ac2894d,2026-07-22,251,316233310,0.165,,
approach,도어리메르,,2026-07-13,,,,,ocid_failed
approach,도어리메르,,2026-07-14,,,,,ocid_failed
approach,도어리메르,,2026-07-15,,,,,ocid_failed
approach,도어리메르,,2026-07-16,,,,,ocid_failed
approach,도어리메르,,2026-07-17,,,,,ocid_failed
approach,도어리메르,,2026-07-18,,,,,ocid_failed
approach,도어리메르,,2026-07-19,,,,,ocid_failed
approach,도어리메르,,2026-07-20,,,,,ocid_failed
approach,도어리메르,,2026-07-21,,,,,ocid_failed
approach,도어리메르,,2026-07-22,,,,,ocid_failed
approach,하울링친구22,59c69a8fe644da4fbf77df9f9312aff3a2186d8e7cf7a6ee152d97cc78f2ae8b,2026-07-13,251,279213070,0.145,,
approach,하울링친구22,59c69a8fe644da4fbf77df9f9312aff3a2186d8e7cf7a6ee152d97cc78f2ae8b,2026-07-14,251,279213070,0.145,,
approach,하울링친구22,59c69a8fe644da4fbf77df9f9312aff3a2186d8e7cf7a6ee152d97cc78f2ae8b,2026-07-15,251,279213070,0.145,,
approach,하울링친구22,59c69a8fe644da4fbf77df9f9312aff3a2186d8e7cf7a6ee152d97cc78f2ae8b,2026-07-16,251,279213070,0.145,,
approach,하울링친구22,59c69a8fe644da4fbf77df9f9312aff3a2186d8e7cf7a6ee152d97cc78f2ae8b,2026-07-17,251,279213070,0.145,,
approach,하울링친구22,59c69a8fe644da4fbf77df9f9312aff3a2186d8e7cf7a6ee152d97cc78f2ae8b,2026-07-18,251,279213070,0.145,,
approach,하울링친구22,59c69a8fe644da4fbf77df9f9312aff3a2186d8e7cf7a6ee152d97cc78f2ae8b,2026-07-19,251,279213070,0.145,,
approach,하울링친구22,59c69a8fe644da4fbf77df9f9312aff3a2186d8e7cf7a6ee152d97cc78f2ae8b,2026-07-20,251,279213070,0.145,27156,
approach,하울링친구22,59c69a8fe644da4fbf77df9f9312aff3a2186d8e7cf7a6ee152d97cc78f2ae8b,2026-07-21,251,279213070,0.145,,
approach,하울링친구22,59c69a8fe644da4fbf77df9f9312aff3a2186d8e7cf7a6ee152d97cc78f2ae8b,2026-07-22,251,279213070,0.145,,
approach,일메일카체,b9909455709349657c4ab24400262213,2026-07-13,251,315869492,0.164,,
approach,일메일카체,b9909455709349657c4ab24400262213,2026-07-14,251,315869492,0.164,,
approach,일메일카체,b9909455709349657c4ab24400262213,2026-07-15,251,315869492,0.164,,
approach,일메일카체,b9909455709349657c4ab24400262213,2026-07-16,251,315869492,0.164,,
approach,일메일카체,b9909455709349657c4ab24400262213,2026-07-17,251,315869492,0.164,,
approach,일메일카체,b9909455709349657c4ab24400262213,2026-07-18,251,315869492,0.164,,
approach,일메일카체,b9909455709349657c4ab24400262213,2026-07-19,251,315869492,0.164,,
approach,일메일카체,b9909455709349657c4ab24400262213,2026-07-20,251,315869492,0.164,113669,
approach,일메일카체,b9909455709349657c4ab24400262213,2026-07-21,251,315869492,0.164,,
approach,일메일카체,b9909455709349657c4ab24400262213,2026-07-22,251,315869492,0.164,,
approach,탈모오지훈,cff15c744c5378a9f67b65770fedf1a6,2026-07-13,251,237991463,0.124,,
approach,탈모오지훈,cff15c744c5378a9f67b65770fedf1a6,2026-07-14,251,237991463,0.124,,
approach,탈모오지훈,cff15c744c5378a9f67b65770fedf1a6,2026-07-15,251,237991463,0.124,,
approach,탈모오지훈,cff15c744c5378a9f67b65770fedf1a6,2026-07-16,251,237991463,0.124,,
approach,탈모오지훈,cff15c744c5378a9f67b65770fedf1a6,2026-07-17,251,237991463,0.124,,
approach,탈모오지훈,cff15c744c5378a9f67b65770fedf1a6,2026-07-18,251,237991463,0.124,,
approach,탈모오지훈,cff15c744c5378a9f67b65770fedf1a6,2026-07-19,251,237991463,0.124,,
approach,탈모오지훈,cff15c744c5378a9f67b65770fedf1a6,2026-07-20,251,237991463,0.124,148857,
approach,탈모오지훈,cff15c744c5378a9f67b65770fedf1a6,2026-07-21,251,237991463,0.124,,
approach,탈모오지훈,cff15c744c5378a9f67b65770fedf1a6,2026-07-22,251,237991463,0.124,,
approach,밈멈믐밈,757170506cc40e28b1415d1cd8fce3e9efe8d04e6d233bd35cf2fabdeb93fb0d,2026-07-13,251,257223374,0.056,,
approach,밈멈믐밈,757170506cc40e28b1415d1cd8fce3e9efe8d04e6d233bd35cf2fabdeb93fb0d,2026-07-14,251,257223374,0.056,,
approach,밈멈믐밈,757170506cc40e28b1415d1cd8fce3e9efe8d04e6d233bd35cf2fabdeb93fb0d,2026-07-15,251,257223374,0.056,,
approach,밈멈믐밈,757170506cc40e28b1415d1cd8fce3e9efe8d04e6d233bd35cf2fabdeb93fb0d,2026-07-16,251,257223374,0.056,,
approach,밈멈믐밈,757170506cc40e28b1415d1cd8fce3e9efe8d04e6d233bd35cf2fabdeb93fb0d,2026-07-17,251,257223374,0.056,,
approach,밈멈믐밈,757170506cc40e28b1415d1cd8fce3e9efe8d04e6d233bd35cf2fabdeb93fb0d,2026-07-18,251,257223374,0.056,,
approach,밈멈믐밈,757170506cc40e28b1415d1cd8fce3e9efe8d04e6d233bd35cf2fabdeb93fb0d,2026-07-19,251,257223374,0.056,,
approach,밈멈믐밈,757170506cc40e28b1415d1cd8fce3e9efe8d04e6d233bd35cf2fabdeb93fb0d,2026-07-20,251,257223374,0.056,1467819,
approach,밈멈믐밈,757170506cc40e28b1415d1cd8fce3e9efe8d04e6d233bd35cf2fabdeb93fb0d,2026-07-21,251,257223374,0.056,,
approach,밈멈믐밈,757170506cc40e28b1415d1cd8fce3e9efe8d04e6d233bd35cf2fabdeb93fb0d,2026-07-22,251,257223374,0.056,,
approach,이쁜꽃을,7264adbfb8f1f10d217b9cdea0036dd7efe8d04e6d233bd35cf2fabdeb93fb0d,2026-07-13,251,276718428,0.144,,
approach,이쁜꽃을,7264adbfb8f1f10d217b9cdea0036dd7efe8d04e6d233bd35cf2fabdeb93fb0d,2026-07-14,251,276718428,0.144,,
approach,이쁜꽃을,7264adbfb8f1f10d217b9cdea0036dd7efe8d04e6d233bd35cf2fabdeb93fb0d,2026-07-15,251,276718428,0.144,,
approach,이쁜꽃을,7264adbfb8f1f10d217b9cdea0036dd7efe8d04e6d233bd35cf2fabdeb93fb0d,2026-07-16,251,276718428,0.144,,
approach,이쁜꽃을,7264adbfb8f1f10d217b9cdea0036dd7efe8d04e6d233bd35cf2fabdeb93fb0d,2026-07-17,251,276718428,0.144,,
approach,이쁜꽃을,7264adbfb8f1f10d217b9cdea0036dd7efe8d04e6d233bd35cf2fabdeb93fb0d,2026-07-18,251,276718428,0.144,,
approach,이쁜꽃을,7264adbfb8f1f10d217b9cdea0036dd7efe8d04e6d233bd35cf2fabdeb93fb0d,2026-07-19,251,276718428,0.144,,
approach,이쁜꽃을,7264adbfb8f1f10d217b9cdea0036dd7efe8d04e6d233bd35cf2fabdeb93fb0d,2026-07-20,251,276718428,0.144,0,
approach,이쁜꽃을,7264adbfb8f1f10d217b9cdea0036dd7efe8d04e6d233bd35cf2fabdeb93fb0d,2026-07-21,251,276718428,0.144,,
approach,이쁜꽃을,7264adbfb8f1f10d217b9cdea0036dd7efe8d04e6d233bd35cf2fabdeb93fb0d,2026-07-22,251,276718428,0.144,,
approach,멍꿀메르메르,dee8cb06a0945f1afc27d385b2a4e3c5,2026-07-13,251,308470545,0.068,,
approach,멍꿀메르메르,dee8cb06a0945f1afc27d385b2a4e3c5,2026-07-14,251,308470545,0.068,,
approach,멍꿀메르메르,dee8cb06a0945f1afc27d385b2a4e3c5,2026-07-15,251,308470545,0.068,,
approach,멍꿀메르메르,dee8cb06a0945f1afc27d385b2a4e3c5,2026-07-16,251,308470545,0.068,,
approach,멍꿀메르메르,dee8cb06a0945f1afc27d385b2a4e3c5,2026-07-17,251,308470545,0.068,,
approach,멍꿀메르메르,dee8cb06a0945f1afc27d385b2a4e3c5,2026-07-18,251,308470545,0.068,,
approach,멍꿀메르메르,dee8cb06a0945f1afc27d385b2a4e3c5,2026-07-19,251,308470545,0.068,,
approach,멍꿀메르메르,dee8cb06a0945f1afc27d385b2a4e3c5,2026-07-20,251,308470545,0.068,3613044,
approach,멍꿀메르메르,dee8cb06a0945f1afc27d385b2a4e3c5,2026-07-21,251,308470545,0.068,,
approach,멍꿀메르메르,dee8cb06a0945f1afc27d385b2a4e3c5,2026-07-22,251,308470545,0.068,,
approach,톼눕,1cb364cf31b3de7cb84ed9ad4b170994efe8d04e6d233bd35cf2fabdeb93fb0d,2026-07-13,251,229526517,0.119,,
approach,톼눕,1cb364cf31b3de7cb84ed9ad4b170994efe8d04e6d233bd35cf2fabdeb93fb0d,2026-07-14,251,229526517,0.119,,
approach,톼눕,1cb364cf31b3de7cb84ed9ad4b170994efe8d04e6d233bd35cf2fabdeb93fb0d,2026-07-15,251,229526517,0.119,,
approach,톼눕,1cb364cf31b3de7cb84ed9ad4b170994efe8d04e6d233bd35cf2fabdeb93fb0d,2026-07-16,251,229526517,0.119,,
approach,톼눕,1cb364cf31b3de7cb84ed9ad4b170994efe8d04e6d233bd35cf2fabdeb93fb0d,2026-07-17,251,229526517,0.119,,
approach,톼눕,1cb364cf31b3de7cb84ed9ad4b170994efe8d04e6d233bd35cf2fabdeb93fb0d,2026-07-18,251,229526517,0.119,,
approach,톼눕,1cb364cf31b3de7cb84ed9ad4b170994efe8d04e6d233bd35cf2fabdeb93fb0d,2026-07-19,251,229526517,0.119,,
approach,톼눕,1cb364cf31b3de7cb84ed9ad4b170994efe8d04e6d233bd35cf2fabdeb93fb0d,2026-07-20,251,229526517,0.119,55617,
approach,톼눕,1cb364cf31b3de7cb84ed9ad4b170994efe8d04e6d233bd35cf2fabdeb93fb0d,2026-07-21,251,229526517,0.119,,
approach,톼눕,1cb364cf31b3de7cb84ed9ad4b170994efe8d04e6d233bd35cf2fabdeb93fb0d,2026-07-22,251,229526517,0.119,,
approach,루미네오너,b780eb244f1558b504e3c3d714c9d696efe8d04e6d233bd35cf2fabdeb93fb0d,2026-07-13,251,232070963,0.121,,
approach,루미네오너,b780eb244f1558b504e3c3d714c9d696efe8d04e6d233bd35cf2fabdeb93fb0d,2026-07-14,251,232070963,0.121,,
approach,루미네오너,b780eb244f1558b504e3c3d714c9d696efe8d04e6d233bd35cf2fabdeb93fb0d,2026-07-15,251,232070963,0.121,,
approach,루미네오너,b780eb244f1558b504e3c3d714c9d696efe8d04e6d233bd35cf2fabdeb93fb0d,2026-07-16,251,232070963,0.121,,
approach,루미네오너,b780eb244f1558b504e3c3d714c9d696efe8d04e6d233bd35cf2fabdeb93fb0d,2026-07-17,251,232070963,0.121,,
approach,루미네오너,b780eb244f1558b504e3c3d714c9d696efe8d04e6d233bd35cf2fabdeb93fb0d,2026-07-18,251,232070963,0.121,,
approach,루미네오너,b780eb244f1558b504e3c3d714c9d696efe8d04e6d233bd35cf2fabdeb93fb0d,2026-07-19,251,232070963,0.121,,
approach,루미네오너,b780eb244f1558b504e3c3d714c9d696efe8d04e6d233bd35cf2fabdeb93fb0d,2026-07-20,251,232070963,0.121,1463259,
approach,루미네오너,b780eb244f1558b504e3c3d714c9d696efe8d04e6d233bd35cf2fabdeb93fb0d,2026-07-21,251,232070963,0.121,,
approach,루미네오너,b780eb244f1558b504e3c3d714c9d696efe8d04e6d233bd35cf2fabdeb93fb0d,2026-07-22,251,232070963,0.121,,
approach,앰히얍,9b3d848121384234f00838b74ca8c47b,2026-07-13,251,313834981,0.163,,
approach,앰히얍,9b3d848121384234f00838b74ca8c47b,2026-07-14,251,313834981,0.163,,
approach,앰히얍,9b3d848121384234f00838b74ca8c47b,2026-07-15,251,313834981,0.163,,
approach,앰히얍,9b3d848121384234f00838b74ca8c47b,2026-07-16,251,313834981,0.163,,
approach,앰히얍,9b3d848121384234f00838b74ca8c47b,2026-07-17,251,313834981,0.163,,
approach,앰히얍,9b3d848121384234f00838b74ca8c47b,2026-07-18,251,313834981,0.163,,
approach,앰히얍,9b3d848121384234f00838b74ca8c47b,2026-07-19,251,313834981,0.163,,
approach,앰히얍,9b3d848121384234f00838b74ca8c47b,2026-07-20,251,313834981,0.163,93909,
approach,앰히얍,9b3d848121384234f00838b74ca8c47b,2026-07-21,251,313834981,0.163,,
approach,앰히얍,9b3d848121384234f00838b74ca8c47b,2026-07-22,251,313834981,0.163,,
approach,250뚝딱발사,,2026-07-13,,,,,ocid_failed
approach,250뚝딱발사,,2026-07-14,,,,,ocid_failed
approach,250뚝딱발사,,2026-07-15,,,,,ocid_failed
approach,250뚝딱발사,,2026-07-16,,,,,ocid_failed
approach,250뚝딱발사,,2026-07-17,,,,,ocid_failed
approach,250뚝딱발사,,2026-07-18,,,,,ocid_failed
approach,250뚝딱발사,,2026-07-19,,,,,ocid_failed
approach,250뚝딱발사,,2026-07-20,,,,,ocid_failed
approach,250뚝딱발사,,2026-07-21,,,,,ocid_failed
approach,250뚝딱발사,,2026-07-22,,,,,ocid_failed
approach,즈에르으우,33575b01c021bb43d6e9d3d4aad9c73cefe8d04e6d233bd35cf2fabdeb93fb0d,2026-07-13,251,216583707,0.113,,
approach,즈에르으우,33575b01c021bb43d6e9d3d4aad9c73cefe8d04e6d233bd35cf2fabdeb93fb0d,2026-07-14,251,216583707,0.113,,
approach,즈에르으우,33575b01c021bb43d6e9d3d4aad9c73cefe8d04e6d233bd35cf2fabdeb93fb0d,2026-07-15,251,216583707,0.113,,
approach,즈에르으우,33575b01c021bb43d6e9d3d4aad9c73cefe8d04e6d233bd35cf2fabdeb93fb0d,2026-07-16,251,216583707,0.113,,
approach,즈에르으우,33575b01c021bb43d6e9d3d4aad9c73cefe8d04e6d233bd35cf2fabdeb93fb0d,2026-07-17,251,216583707,0.113,,
approach,즈에르으우,33575b01c021bb43d6e9d3d4aad9c73cefe8d04e6d233bd35cf2fabdeb93fb0d,2026-07-18,251,216583707,0.113,,
approach,즈에르으우,33575b01c021bb43d6e9d3d4aad9c73cefe8d04e6d233bd35cf2fabdeb93fb0d,2026-07-19,251,216583707,0.113,,
approach,즈에르으우,33575b01c021bb43d6e9d3d4aad9c73cefe8d04e6d233bd35cf2fabdeb93fb0d,2026-07-20,251,216583707,0.113,190146,
approach,즈에르으우,33575b01c021bb43d6e9d3d4aad9c73cefe8d04e6d233bd35cf2fabdeb93fb0d,2026-07-21,251,216583707,0.113,,
approach,즈에르으우,33575b01c021bb43d6e9d3d4aad9c73cefe8d04e6d233bd35cf2fabdeb93fb0d,2026-07-22,251,216583707,0.113,,
approach,버프지속크림,c08400f5b60f6d19d77efda833772741,2026-07-13,251,212906955,0.111,,
approach,버프지속크림,c08400f5b60f6d19d77efda833772741,2026-07-14,251,212906955,0.111,,
approach,버프지속크림,c08400f5b60f6d19d77efda833772741,2026-07-15,251,212906955,0.111,,
approach,버프지속크림,c08400f5b60f6d19d77efda833772741,2026-07-16,251,212906955,0.111,,
approach,버프지속크림,c08400f5b60f6d19d77efda833772741,2026-07-17,251,212906955,0.111,,
approach,버프지속크림,c08400f5b60f6d19d77efda833772741,2026-07-18,251,212906955,0.111,,
approach,버프지속크림,c08400f5b60f6d19d77efda833772741,2026-07-19,251,212906955,0.111,,
approach,버프지속크림,c08400f5b60f6d19d77efda833772741,2026-07-20,251,212906955,0.111,923391,
approach,버프지속크림,c08400f5b60f6d19d77efda833772741,2026-07-21,251,212906955,0.111,,
approach,버프지속크림,c08400f5b60f6d19d77efda833772741,2026-07-22,251,212906955,0.111,,
approach,루끼드,633428fc8555a94131b3ca87bb5878caefe8d04e6d233bd35cf2fabdeb93fb0d,2026-07-13,251,283046785,0.147,,
approach,루끼드,633428fc8555a94131b3ca87bb5878caefe8d04e6d233bd35cf2fabdeb93fb0d,2026-07-14,251,283046785,0.147,,
approach,루끼드,633428fc8555a94131b3ca87bb5878caefe8d04e6d233bd35cf2fabdeb93fb0d,2026-07-15,251,283046785,0.147,,
approach,루끼드,633428fc8555a94131b3ca87bb5878caefe8d04e6d233bd35cf2fabdeb93fb0d,2026-07-16,251,283046785,0.147,,
approach,루끼드,633428fc8555a94131b3ca87bb5878caefe8d04e6d233bd35cf2fabdeb93fb0d,2026-07-17,251,283046785,0.147,,
approach,루끼드,633428fc8555a94131b3ca87bb5878caefe8d04e6d233bd35cf2fabdeb93fb0d,2026-07-18,251,283046785,0.147,,
approach,루끼드,633428fc8555a94131b3ca87bb5878caefe8d04e6d233bd35cf2fabdeb93fb0d,2026-07-19,251,283046785,0.147,,
approach,루끼드,633428fc8555a94131b3ca87bb5878caefe8d04e6d233bd35cf2fabdeb93fb0d,2026-07-20,251,283046785,0.147,0,
approach,루끼드,633428fc8555a94131b3ca87bb5878caefe8d04e6d233bd35cf2fabdeb93fb0d,2026-07-21,251,283046785,0.147,,
approach,루끼드,633428fc8555a94131b3ca87bb5878caefe8d04e6d233bd35cf2fabdeb93fb0d,2026-07-22,251,283046785,0.147,,
approach,인파쿠키,84ee22ae1e81a51fa5eeafe6b288d1de,2026-07-13,251,306736280,0.160,,
approach,인파쿠키,84ee22ae1e81a51fa5eeafe6b288d1de,2026-07-14,251,306736280,0.160,,
approach,인파쿠키,84ee22ae1e81a51fa5eeafe6b288d1de,2026-07-15,251,306736280,0.160,,
approach,인파쿠키,84ee22ae1e81a51fa5eeafe6b288d1de,2026-07-16,251,306736280,0.160,,
approach,인파쿠키,84ee22ae1e81a51fa5eeafe6b288d1de,2026-07-17,251,306736280,0.160,,
approach,인파쿠키,84ee22ae1e81a51fa5eeafe6b288d1de,2026-07-18,251,306736280,0.160,,
approach,인파쿠키,84ee22ae1e81a51fa5eeafe6b288d1de,2026-07-19,251,306736280,0.160,,
approach,인파쿠키,84ee22ae1e81a51fa5eeafe6b288d1de,2026-07-20,251,306736280,0.160,1809993,
approach,인파쿠키,84ee22ae1e81a51fa5eeafe6b288d1de,2026-07-21,251,306736280,0.160,,
approach,인파쿠키,84ee22ae1e81a51fa5eeafe6b288d1de,2026-07-22,251,306736280,0.160,,
approach,바인드붕이,0626122e5d404a3cf3edd66e46572c9d,2026-07-13,251,238960314,0.124,,
approach,바인드붕이,0626122e5d404a3cf3edd66e46572c9d,2026-07-14,251,238960314,0.124,,
approach,바인드붕이,0626122e5d404a3cf3edd66e46572c9d,2026-07-15,251,238960314,0.124,,
approach,바인드붕이,0626122e5d404a3cf3edd66e46572c9d,2026-07-16,251,238960314,0.124,,
approach,바인드붕이,0626122e5d404a3cf3edd66e46572c9d,2026-07-17,251,238960314,0.124,,
approach,바인드붕이,0626122e5d404a3cf3edd66e46572c9d,2026-07-18,251,238960314,0.124,,
approach,바인드붕이,0626122e5d404a3cf3edd66e46572c9d,2026-07-19,251,238960314,0.124,,
approach,바인드붕이,0626122e5d404a3cf3edd66e46572c9d,2026-07-20,251,238960314,0.124,119099,
approach,바인드붕이,0626122e5d404a3cf3edd66e46572c9d,2026-07-21,251,238960314,0.124,,
approach,바인드붕이,0626122e5d404a3cf3edd66e46572c9d,2026-07-22,251,238960314,0.124,,
approach,난초낀은1월,bb1abc7a74563e119f38d0769b913e0d,2026-07-13,251,254763165,0.056,,
approach,난초낀은1월,bb1abc7a74563e119f38d0769b913e0d,2026-07-14,251,254763165,0.056,,
approach,난초낀은1월,bb1abc7a74563e119f38d0769b913e0d,2026-07-15,251,254763165,0.056,,
approach,난초낀은1월,bb1abc7a74563e119f38d0769b913e0d,2026-07-16,251,254763165,0.056,,
approach,난초낀은1월,bb1abc7a74563e119f38d0769b913e0d,2026-07-17,251,254763165,0.056,,
approach,난초낀은1월,bb1abc7a74563e119f38d0769b913e0d,2026-07-18,251,254763165,0.056,,
approach,난초낀은1월,bb1abc7a74563e119f38d0769b913e0d,2026-07-19,251,254763165,0.056,,
approach,난초낀은1월,bb1abc7a74563e119f38d0769b913e0d,2026-07-20,251,254763165,0.056,1107964,
approach,난초낀은1월,bb1abc7a74563e119f38d0769b913e0d,2026-07-21,251,254763165,0.056,,
approach,난초낀은1월,bb1abc7a74563e119f38d0769b913e0d,2026-07-22,251,254763165,0.056,,
approach,유니렌이다,5e5edaf83103f06a1e75a82e07de3447,2026-07-13,251,279000465,0.145,,
approach,유니렌이다,5e5edaf83103f06a1e75a82e07de3447,2026-07-14,251,279000465,0.145,,
approach,유니렌이다,5e5edaf83103f06a1e75a82e07de3447,2026-07-15,251,279000465,0.145,,
approach,유니렌이다,5e5edaf83103f06a1e75a82e07de3447,2026-07-16,251,279000465,0.145,,
approach,유니렌이다,5e5edaf83103f06a1e75a82e07de3447,2026-07-17,251,279000465,0.145,,
approach,유니렌이다,5e5edaf83103f06a1e75a82e07de3447,2026-07-18,251,279000465,0.145,,
approach,유니렌이다,5e5edaf83103f06a1e75a82e07de3447,2026-07-19,251,279000465,0.145,,
approach,유니렌이다,5e5edaf83103f06a1e75a82e07de3447,2026-07-20,251,279000465,0.145,52201,
approach,유니렌이다,5e5edaf83103f06a1e75a82e07de3447,2026-07-21,251,279000465,0.145,,
approach,유니렌이다,5e5edaf83103f06a1e75a82e07de3447,2026-07-22,251,279000465,0.145,,
approach,공카닉버프,9480f51d72a72b8fc2fe8d2606c7c09e,2026-07-13,251,299080002,0.156,,
approach,공카닉버프,9480f51d72a72b8fc2fe8d2606c7c09e,2026-07-14,251,299080002,0.156,,
approach,공카닉버프,9480f51d72a72b8fc2fe8d2606c7c09e,2026-07-15,251,299080002,0.156,,
approach,공카닉버프,9480f51d72a72b8fc2fe8d2606c7c09e,2026-07-16,251,299080002,0.156,,
approach,공카닉버프,9480f51d72a72b8fc2fe8d2606c7c09e,2026-07-17,251,299080002,0.156,,
approach,공카닉버프,9480f51d72a72b8fc2fe8d2606c7c09e,2026-07-18,251,299080002,0.156,,
approach,공카닉버프,9480f51d72a72b8fc2fe8d2606c7c09e,2026-07-19,251,299080002,0.156,,
approach,공카닉버프,9480f51d72a72b8fc2fe8d2606c7c09e,2026-07-20,251,299080002,0.156,75283,
approach,공카닉버프,9480f51d72a72b8fc2fe8d2606c7c09e,2026-07-21,251,299080002,0.156,,
approach,공카닉버프,9480f51d72a72b8fc2fe8d2606c7c09e,2026-07-22,251,299080002,0.156,,
approach,랫관,bd16fcfd306cee235438ed40449347b3efe8d04e6d233bd35cf2fabdeb93fb0d,2026-07-13,251,273587963,0.142,,
approach,랫관,bd16fcfd306cee235438ed40449347b3efe8d04e6d233bd35cf2fabdeb93fb0d,2026-07-14,251,273587963,0.142,,
approach,랫관,bd16fcfd306cee235438ed40449347b3efe8d04e6d233bd35cf2fabdeb93fb0d,2026-07-15,251,273587963,0.142,,
approach,랫관,bd16fcfd306cee235438ed40449347b3efe8d04e6d233bd35cf2fabdeb93fb0d,2026-07-16,251,273587963,0.142,,
approach,랫관,bd16fcfd306cee235438ed40449347b3efe8d04e6d233bd35cf2fabdeb93fb0d,2026-07-17,251,273587963,0.142,,
approach,랫관,bd16fcfd306cee235438ed40449347b3efe8d04e6d233bd35cf2fabdeb93fb0d,2026-07-18,251,273587963,0.142,,
approach,랫관,bd16fcfd306cee235438ed40449347b3efe8d04e6d233bd35cf2fabdeb93fb0d,2026-07-19,251,273587963,0.142,,
approach,랫관,bd16fcfd306cee235438ed40449347b3efe8d04e6d233bd35cf2fabdeb93fb0d,2026-07-20,251,273587963,0.142,232407,
approach,랫관,bd16fcfd306cee235438ed40449347b3efe8d04e6d233bd35cf2fabdeb93fb0d,2026-07-21,251,273587963,0.142,,
approach,랫관,bd16fcfd306cee235438ed40449347b3efe8d04e6d233bd35cf2fabdeb93fb0d,2026-07-22,251,273587963,0.142,,
approach,견쿨녀,17407aa11d3d2468cbaba396d80c3009c47ea5ffea2564f587ca830a8f71acb2,2026-07-13,251,246856217,0.128,,
approach,견쿨녀,17407aa11d3d2468cbaba396d80c3009c47ea5ffea2564f587ca830a8f71acb2,2026-07-14,251,246856217,0.128,,
approach,견쿨녀,17407aa11d3d2468cbaba396d80c3009c47ea5ffea2564f587ca830a8f71acb2,2026-07-15,251,246856217,0.128,,
approach,견쿨녀,17407aa11d3d2468cbaba396d80c3009c47ea5ffea2564f587ca830a8f71acb2,2026-07-16,251,246856217,0.128,,
approach,견쿨녀,17407aa11d3d2468cbaba396d80c3009c47ea5ffea2564f587ca830a8f71acb2,2026-07-17,251,246856217,0.128,,
approach,견쿨녀,17407aa11d3d2468cbaba396d80c3009c47ea5ffea2564f587ca830a8f71acb2,2026-07-18,251,246856217,0.128,,
approach,견쿨녀,17407aa11d3d2468cbaba396d80c3009c47ea5ffea2564f587ca830a8f71acb2,2026-07-19,251,246856217,0.128,,
approach,견쿨녀,17407aa11d3d2468cbaba396d80c3009c47ea5ffea2564f587ca830a8f71acb2,2026-07-20,251,246856217,0.128,0,
approach,견쿨녀,17407aa11d3d2468cbaba396d80c3009c47ea5ffea2564f587ca830a8f71acb2,2026-07-21,251,246856217,0.128,,
approach,견쿨녀,17407aa11d3d2468cbaba396d80c3009c47ea5ffea2564f587ca830a8f71acb2,2026-07-22,251,246856217,0.128,,
approach,압둘알칼리,714d6970c253e43434fa6a58cb635593,2026-07-13,251,219545849,0.114,,
approach,압둘알칼리,714d6970c253e43434fa6a58cb635593,2026-07-14,251,219545849,0.114,,
approach,압둘알칼리,714d6970c253e43434fa6a58cb635593,2026-07-15,251,219545849,0.114,,
approach,압둘알칼리,714d6970c253e43434fa6a58cb635593,2026-07-16,251,219545849,0.114,,
approach,압둘알칼리,714d6970c253e43434fa6a58cb635593,2026-07-17,251,219545849,0.114,,
approach,압둘알칼리,714d6970c253e43434fa6a58cb635593,2026-07-18,251,219545849,0.114,,
approach,압둘알칼리,714d6970c253e43434fa6a58cb635593,2026-07-19,251,219545849,0.114,,
approach,압둘알칼리,714d6970c253e43434fa6a58cb635593,2026-07-20,251,219545849,0.114,4794249,
approach,압둘알칼리,714d6970c253e43434fa6a58cb635593,2026-07-21,251,219545849,0.114,,
approach,압둘알칼리,714d6970c253e43434fa6a58cb635593,2026-07-22,251,219545849,0.114,,
approach,퐁퐁송,672082d84097f105b2c82d87ab68fec4efe8d04e6d233bd35cf2fabdeb93fb0d,2026-07-13,251,229988438,0.120,,
approach,퐁퐁송,672082d84097f105b2c82d87ab68fec4efe8d04e6d233bd35cf2fabdeb93fb0d,2026-07-14,251,229988438,0.120,,
approach,퐁퐁송,672082d84097f105b2c82d87ab68fec4efe8d04e6d233bd35cf2fabdeb93fb0d,2026-07-15,251,229988438,0.120,,
approach,퐁퐁송,672082d84097f105b2c82d87ab68fec4efe8d04e6d233bd35cf2fabdeb93fb0d,2026-07-16,251,229988438,0.120,,
approach,퐁퐁송,672082d84097f105b2c82d87ab68fec4efe8d04e6d233bd35cf2fabdeb93fb0d,2026-07-17,251,229988438,0.120,,
approach,퐁퐁송,672082d84097f105b2c82d87ab68fec4efe8d04e6d233bd35cf2fabdeb93fb0d,2026-07-18,251,229988438,0.120,,
approach,퐁퐁송,672082d84097f105b2c82d87ab68fec4efe8d04e6d233bd35cf2fabdeb93fb0d,2026-07-19,251,229988438,0.120,,
approach,퐁퐁송,672082d84097f105b2c82d87ab68fec4efe8d04e6d233bd35cf2fabdeb93fb0d,2026-07-20,251,229988438,0.120,7544073,
approach,퐁퐁송,672082d84097f105b2c82d87ab68fec4efe8d04e6d233bd35cf2fabdeb93fb0d,2026-07-21,251,229988438,0.120,,
approach,퐁퐁송,672082d84097f105b2c82d87ab68fec4efe8d04e6d233bd35cf2fabdeb93fb0d,2026-07-22,251,229988438,0.120,,
approach,신궁둥이뚜,deac83da3ad038653b044abfa5ff4195,2026-07-13,251,322272740,0.168,,
approach,신궁둥이뚜,deac83da3ad038653b044abfa5ff4195,2026-07-14,251,322272740,0.168,,
approach,신궁둥이뚜,deac83da3ad038653b044abfa5ff4195,2026-07-15,251,322272740,0.168,,
approach,신궁둥이뚜,deac83da3ad038653b044abfa5ff4195,2026-07-16,251,322272740,0.168,,
approach,신궁둥이뚜,deac83da3ad038653b044abfa5ff4195,2026-07-17,251,322272740,0.168,,
approach,신궁둥이뚜,deac83da3ad038653b044abfa5ff4195,2026-07-18,251,322272740,0.168,,
approach,신궁둥이뚜,deac83da3ad038653b044abfa5ff4195,2026-07-19,251,322272740,0.168,,
approach,신궁둥이뚜,deac83da3ad038653b044abfa5ff4195,2026-07-20,251,322272740,0.168,252401,
approach,신궁둥이뚜,deac83da3ad038653b044abfa5ff4195,2026-07-21,251,322272740,0.168,,
approach,신궁둥이뚜,deac83da3ad038653b044abfa5ff4195,2026-07-22,251,322272740,0.168,,
approach,빅꿈나무,1c05fa07beb8a34dd7673ea9ea46a177,2026-07-13,251,303746216,0.158,,
approach,빅꿈나무,1c05fa07beb8a34dd7673ea9ea46a177,2026-07-14,251,303746216,0.158,,
approach,빅꿈나무,1c05fa07beb8a34dd7673ea9ea46a177,2026-07-15,251,303746216,0.158,,
approach,빅꿈나무,1c05fa07beb8a34dd7673ea9ea46a177,2026-07-16,251,303746216,0.158,,
approach,빅꿈나무,1c05fa07beb8a34dd7673ea9ea46a177,2026-07-17,251,303746216,0.158,,
approach,빅꿈나무,1c05fa07beb8a34dd7673ea9ea46a177,2026-07-18,251,303746216,0.158,,
approach,빅꿈나무,1c05fa07beb8a34dd7673ea9ea46a177,2026-07-19,251,303746216,0.158,,
approach,빅꿈나무,1c05fa07beb8a34dd7673ea9ea46a177,2026-07-20,251,303746216,0.158,11553122,
approach,빅꿈나무,1c05fa07beb8a34dd7673ea9ea46a177,2026-07-21,251,303746216,0.158,,
approach,빅꿈나무,1c05fa07beb8a34dd7673ea9ea46a177,2026-07-22,251,303746216,0.158,,
approach,은쯩쯩,6c799019b8aaf1901ac36199e75f8672,2026-07-13,251,229542825,0.050,,
approach,은쯩쯩,6c799019b8aaf1901ac36199e75f8672,2026-07-14,251,229542825,0.050,,
approach,은쯩쯩,6c799019b8aaf1901ac36199e75f8672,2026-07-15,251,229542825,0.050,,
approach,은쯩쯩,6c799019b8aaf1901ac36199e75f8672,2026-07-16,251,229542825,0.050,,
approach,은쯩쯩,6c799019b8aaf1901ac36199e75f8672,2026-07-17,251,229542825,0.050,,
approach,은쯩쯩,6c799019b8aaf1901ac36199e75f8672,2026-07-18,251,229542825,0.050,,
approach,은쯩쯩,6c799019b8aaf1901ac36199e75f8672,2026-07-19,251,229542825,0.050,,
approach,은쯩쯩,6c799019b8aaf1901ac36199e75f8672,2026-07-20,251,229542825,0.050,6598420,
approach,은쯩쯩,6c799019b8aaf1901ac36199e75f8672,2026-07-21,251,229542825,0.050,,
approach,은쯩쯩,6c799019b8aaf1901ac36199e75f8672,2026-07-22,251,229542825,0.050,,
approach,푸르달아,fa55206445bbafc88ab23bb92b5da0a0efe8d04e6d233bd35cf2fabdeb93fb0d,2026-07-13,251,214153971,0.047,,
approach,푸르달아,fa55206445bbafc88ab23bb92b5da0a0efe8d04e6d233bd35cf2fabdeb93fb0d,2026-07-14,251,214153971,0.047,,
approach,푸르달아,fa55206445bbafc88ab23bb92b5da0a0efe8d04e6d233bd35cf2fabdeb93fb0d,2026-07-15,251,214153971,0.047,,
approach,푸르달아,fa55206445bbafc88ab23bb92b5da0a0efe8d04e6d233bd35cf2fabdeb93fb0d,2026-07-16,251,214153971,0.047,,
approach,푸르달아,fa55206445bbafc88ab23bb92b5da0a0efe8d04e6d233bd35cf2fabdeb93fb0d,2026-07-17,251,214153971,0.047,,
approach,푸르달아,fa55206445bbafc88ab23bb92b5da0a0efe8d04e6d233bd35cf2fabdeb93fb0d,2026-07-18,251,214153971,0.047,,
approach,푸르달아,fa55206445bbafc88ab23bb92b5da0a0efe8d04e6d233bd35cf2fabdeb93fb0d,2026-07-19,251,214153971,0.047,,
approach,푸르달아,fa55206445bbafc88ab23bb92b5da0a0efe8d04e6d233bd35cf2fabdeb93fb0d,2026-07-20,251,214153971,0.047,2297,
approach,푸르달아,fa55206445bbafc88ab23bb92b5da0a0efe8d04e6d233bd35cf2fabdeb93fb0d,2026-07-21,251,214153971,0.047,,
approach,푸르달아,fa55206445bbafc88ab23bb92b5da0a0efe8d04e6d233bd35cf2fabdeb93fb0d,2026-07-22,251,214153971,0.047,,
approach,김쮸폴암,674d08e9f0a213fffdbd557aca762a6b,2026-07-13,251,323898136,0.071,,
approach,김쮸폴암,674d08e9f0a213fffdbd557aca762a6b,2026-07-14,251,323898136,0.071,,
approach,김쮸폴암,674d08e9f0a213fffdbd557aca762a6b,2026-07-15,251,323898136,0.071,,
approach,김쮸폴암,674d08e9f0a213fffdbd557aca762a6b,2026-07-16,251,323898136,0.071,,
approach,김쮸폴암,674d08e9f0a213fffdbd557aca762a6b,2026-07-17,251,323898136,0.071,,
approach,김쮸폴암,674d08e9f0a213fffdbd557aca762a6b,2026-07-18,251,323898136,0.071,,
approach,김쮸폴암,674d08e9f0a213fffdbd557aca762a6b,2026-07-19,251,323898136,0.071,,
approach,김쮸폴암,674d08e9f0a213fffdbd557aca762a6b,2026-07-20,251,323898136,0.071,1180797,
approach,김쮸폴암,674d08e9f0a213fffdbd557aca762a6b,2026-07-21,251,323898136,0.071,,
approach,김쮸폴암,674d08e9f0a213fffdbd557aca762a6b,2026-07-22,251,323898136,0.071,,
approach,셰보래,489eec3cd548165f8ccb0eb1dbcf2ec3efe8d04e6d233bd35cf2fabdeb93fb0d,2026-07-13,251,303682450,0.158,,
approach,셰보래,489eec3cd548165f8ccb0eb1dbcf2ec3efe8d04e6d233bd35cf2fabdeb93fb0d,2026-07-14,251,303682450,0.158,,
approach,셰보래,489eec3cd548165f8ccb0eb1dbcf2ec3efe8d04e6d233bd35cf2fabdeb93fb0d,2026-07-15,251,303682450,0.158,,
approach,셰보래,489eec3cd548165f8ccb0eb1dbcf2ec3efe8d04e6d233bd35cf2fabdeb93fb0d,2026-07-16,251,303682450,0.158,,
approach,셰보래,489eec3cd548165f8ccb0eb1dbcf2ec3efe8d04e6d233bd35cf2fabdeb93fb0d,2026-07-17,251,303682450,0.158,,
approach,셰보래,489eec3cd548165f8ccb0eb1dbcf2ec3efe8d04e6d233bd35cf2fabdeb93fb0d,2026-07-18,251,303682450,0.158,,
approach,셰보래,489eec3cd548165f8ccb0eb1dbcf2ec3efe8d04e6d233bd35cf2fabdeb93fb0d,2026-07-19,251,303682450,0.158,,
approach,셰보래,489eec3cd548165f8ccb0eb1dbcf2ec3efe8d04e6d233bd35cf2fabdeb93fb0d,2026-07-20,251,303682450,0.158,861977,
approach,셰보래,489eec3cd548165f8ccb0eb1dbcf2ec3efe8d04e6d233bd35cf2fabdeb93fb0d,2026-07-21,251,303682450,0.158,,
approach,셰보래,489eec3cd548165f8ccb0eb1dbcf2ec3efe8d04e6d233bd35cf2fabdeb93fb0d,2026-07-22,251,303682450,0.158,,
approach,sisi0,a017a57c32147c0183c0b20f951e2048,2026-07-13,251,233525341,0.122,,
approach,sisi0,a017a57c32147c0183c0b20f951e2048,2026-07-14,251,233525341,0.122,,
approach,sisi0,a017a57c32147c0183c0b20f951e2048,2026-07-15,251,233525341,0.122,,
approach,sisi0,a017a57c32147c0183c0b20f951e2048,2026-07-16,251,233525341,0.122,,
approach,sisi0,a017a57c32147c0183c0b20f951e2048,2026-07-17,251,233525341,0.122,,
approach,sisi0,a017a57c32147c0183c0b20f951e2048,2026-07-18,251,233525341,0.122,,
approach,sisi0,a017a57c32147c0183c0b20f951e2048,2026-07-19,251,233525341,0.122,,
approach,sisi0,a017a57c32147c0183c0b20f951e2048,2026-07-20,251,233525341,0.122,0,
approach,sisi0,a017a57c32147c0183c0b20f951e2048,2026-07-21,251,233525341,0.122,,
approach,sisi0,a017a57c32147c0183c0b20f951e2048,2026-07-22,251,233525341,0.122,,
approach,반가문나로4,b90419e2fc405bb0558c742fe6d940d9efe8d04e6d233bd35cf2fabdeb93fb0d,2026-07-13,251,284194384,0.148,,
approach,반가문나로4,b90419e2fc405bb0558c742fe6d940d9efe8d04e6d233bd35cf2fabdeb93fb0d,2026-07-14,251,284194384,0.148,,
approach,반가문나로4,b90419e2fc405bb0558c742fe6d940d9efe8d04e6d233bd35cf2fabdeb93fb0d,2026-07-15,251,284194384,0.148,,
approach,반가문나로4,b90419e2fc405bb0558c742fe6d940d9efe8d04e6d233bd35cf2fabdeb93fb0d,2026-07-16,251,284194384,0.148,,
approach,반가문나로4,b90419e2fc405bb0558c742fe6d940d9efe8d04e6d233bd35cf2fabdeb93fb0d,2026-07-17,251,284194384,0.148,,
approach,반가문나로4,b90419e2fc405bb0558c742fe6d940d9efe8d04e6d233bd35cf2fabdeb93fb0d,2026-07-18,251,284194384,0.148,,
approach,반가문나로4,b90419e2fc405bb0558c742fe6d940d9efe8d04e6d233bd35cf2fabdeb93fb0d,2026-07-19,251,284194384,0.148,,
approach,반가문나로4,b90419e2fc405bb0558c742fe6d940d9efe8d04e6d233bd35cf2fabdeb93fb0d,2026-07-20,251,284194384,0.148,92473,
approach,반가문나로4,b90419e2fc405bb0558c742fe6d940d9efe8d04e6d233bd35cf2fabdeb93fb0d,2026-07-21,251,284194384,0.148,,
approach,반가문나로4,b90419e2fc405bb0558c742fe6d940d9efe8d04e6d233bd35cf2fabdeb93fb0d,2026-07-22,251,284194384,0.148,,
approach,링크오찬2,c8e2d04be9820b57bbc34efd59e2af7e,2026-07-13,251,214428476,0.112,,
approach,링크오찬2,c8e2d04be9820b57bbc34efd59e2af7e,2026-07-14,251,214428476,0.112,,
approach,링크오찬2,c8e2d04be9820b57bbc34efd59e2af7e,2026-07-15,251,214428476,0.112,,
approach,링크오찬2,c8e2d04be9820b57bbc34efd59e2af7e,2026-07-16,251,214428476,0.112,,
approach,링크오찬2,c8e2d04be9820b57bbc34efd59e2af7e,2026-07-17,251,214428476,0.112,,
approach,링크오찬2,c8e2d04be9820b57bbc34efd59e2af7e,2026-07-18,251,214428476,0.112,,
approach,링크오찬2,c8e2d04be9820b57bbc34efd59e2af7e,2026-07-19,251,214428476,0.112,,
approach,링크오찬2,c8e2d04be9820b57bbc34efd59e2af7e,2026-07-20,251,214428476,0.112,40329,
approach,링크오찬2,c8e2d04be9820b57bbc34efd59e2af7e,2026-07-21,251,214428476,0.112,,
approach,링크오찬2,c8e2d04be9820b57bbc34efd59e2af7e,2026-07-22,251,214428476,0.112,,
approach,아맞다패파,50a2dd5879ee6ccccc8ecbb538df5dba,2026-07-13,251,291986450,0.152,,
approach,아맞다패파,50a2dd5879ee6ccccc8ecbb538df5dba,2026-07-14,251,291986450,0.152,,
approach,아맞다패파,50a2dd5879ee6ccccc8ecbb538df5dba,2026-07-15,251,291986450,0.152,,
approach,아맞다패파,50a2dd5879ee6ccccc8ecbb538df5dba,2026-07-16,251,291986450,0.152,,
approach,아맞다패파,50a2dd5879ee6ccccc8ecbb538df5dba,2026-07-17,251,291986450,0.152,,
approach,아맞다패파,50a2dd5879ee6ccccc8ecbb538df5dba,2026-07-18,251,291986450,0.152,,
approach,아맞다패파,50a2dd5879ee6ccccc8ecbb538df5dba,2026-07-19,251,291986450,0.152,,
approach,아맞다패파,50a2dd5879ee6ccccc8ecbb538df5dba,2026-07-20,251,291986450,0.152,83757,
approach,아맞다패파,50a2dd5879ee6ccccc8ecbb538df5dba,2026-07-21,251,291986450,0.152,,
approach,아맞다패파,50a2dd5879ee6ccccc8ecbb538df5dba,2026-07-22,251,291986450,0.152,,
approach,최고존엄19호,4a3ec6fe8f52e92bb5b4b799dc4bcf95,2026-07-13,251,271508745,0.141,,
approach,최고존엄19호,4a3ec6fe8f52e92bb5b4b799dc4bcf95,2026-07-14,251,271508745,0.141,,
approach,최고존엄19호,4a3ec6fe8f52e92bb5b4b799dc4bcf95,2026-07-15,251,271508745,0.141,,
approach,최고존엄19호,4a3ec6fe8f52e92bb5b4b799dc4bcf95,2026-07-16,251,271508745,0.141,,
approach,최고존엄19호,4a3ec6fe8f52e92bb5b4b799dc4bcf95,2026-07-17,251,271508745,0.141,,
approach,최고존엄19호,4a3ec6fe8f52e92bb5b4b799dc4bcf95,2026-07-18,251,271508745,0.141,,
approach,최고존엄19호,4a3ec6fe8f52e92bb5b4b799dc4bcf95,2026-07-19,251,271508745,0.141,,
approach,최고존엄19호,4a3ec6fe8f52e92bb5b4b799dc4bcf95,2026-07-20,251,271508745,0.141,69283,
approach,최고존엄19호,4a3ec6fe8f52e92bb5b4b799dc4bcf95,2026-07-21,251,271508745,0.141,,
approach,최고존엄19호,4a3ec6fe8f52e92bb5b4b799dc4bcf95,2026-07-22,251,271508745,0.141,,
approach,낙낙에게,575b7ba8220fff2c790465fa612c36c7,2026-07-13,251,245734476,0.054,,
approach,낙낙에게,575b7ba8220fff2c790465fa612c36c7,2026-07-14,251,245734476,0.054,,
approach,낙낙에게,575b7ba8220fff2c790465fa612c36c7,2026-07-15,251,245734476,0.054,,
approach,낙낙에게,575b7ba8220fff2c790465fa612c36c7,2026-07-16,251,245734476,0.054,,
approach,낙낙에게,575b7ba8220fff2c790465fa612c36c7,2026-07-17,251,245734476,0.054,,
approach,낙낙에게,575b7ba8220fff2c790465fa612c36c7,2026-07-18,251,245734476,0.054,,
approach,낙낙에게,575b7ba8220fff2c790465fa612c36c7,2026-07-19,251,245734476,0.054,,
approach,낙낙에게,575b7ba8220fff2c790465fa612c36c7,2026-07-20,251,245734476,0.054,28884,
approach,낙낙에게,575b7ba8220fff2c790465fa612c36c7,2026-07-21,251,245734476,0.054,,
approach,낙낙에게,575b7ba8220fff2c790465fa612c36c7,2026-07-22,251,245734476,0.054,,
approach,인트용3,ef0f2f68161fa1e4edb90339ac513530efe8d04e6d233bd35cf2fabdeb93fb0d,2026-07-13,251,280892407,0.146,,
approach,인트용3,ef0f2f68161fa1e4edb90339ac513530efe8d04e6d233bd35cf2fabdeb93fb0d,2026-07-14,251,280892407,0.146,,
approach,인트용3,ef0f2f68161fa1e4edb90339ac513530efe8d04e6d233bd35cf2fabdeb93fb0d,2026-07-15,251,280892407,0.146,,
approach,인트용3,ef0f2f68161fa1e4edb90339ac513530efe8d04e6d233bd35cf2fabdeb93fb0d,2026-07-16,251,280892407,0.146,,
approach,인트용3,ef0f2f68161fa1e4edb90339ac513530efe8d04e6d233bd35cf2fabdeb93fb0d,2026-07-17,251,280892407,0.146,,
approach,인트용3,ef0f2f68161fa1e4edb90339ac513530efe8d04e6d233bd35cf2fabdeb93fb0d,2026-07-18,251,280892407,0.146,,
approach,인트용3,ef0f2f68161fa1e4edb90339ac513530efe8d04e6d233bd35cf2fabdeb93fb0d,2026-07-19,251,280892407,0.146,,
approach,인트용3,ef0f2f68161fa1e4edb90339ac513530efe8d04e6d233bd35cf2fabdeb93fb0d,2026-07-20,251,280892407,0.146,550947,
approach,인트용3,ef0f2f68161fa1e4edb90339ac513530efe8d04e6d233bd35cf2fabdeb93fb0d,2026-07-21,251,280892407,0.146,,
approach,인트용3,ef0f2f68161fa1e4edb90339ac513530efe8d04e6d233bd35cf2fabdeb93fb0d,2026-07-22,251,280892407,0.146,,
approach,Iv패왕vI,fd377d001968be9550fb9070064048f9efe8d04e6d233bd35cf2fabdeb93fb0d,2026-07-13,251,256497784,0.133,,
approach,Iv패왕vI,fd377d001968be9550fb9070064048f9efe8d04e6d233bd35cf2fabdeb93fb0d,2026-07-14,251,256497784,0.133,,
approach,Iv패왕vI,fd377d001968be9550fb9070064048f9efe8d04e6d233bd35cf2fabdeb93fb0d,2026-07-15,251,256497784,0.133,,
approach,Iv패왕vI,fd377d001968be9550fb9070064048f9efe8d04e6d233bd35cf2fabdeb93fb0d,2026-07-16,251,256497784,0.133,,
approach,Iv패왕vI,fd377d001968be9550fb9070064048f9efe8d04e6d233bd35cf2fabdeb93fb0d,2026-07-17,251,11829113369,6.155,,
approach,Iv패왕vI,fd377d001968be9550fb9070064048f9efe8d04e6d233bd35cf2fabdeb93fb0d,2026-07-18,251,11829113369,6.155,,
approach,Iv패왕vI,fd377d001968be9550fb9070064048f9efe8d04e6d233bd35cf2fabdeb93fb0d,2026-07-19,251,11829113369,6.155,,
approach,Iv패왕vI,fd377d001968be9550fb9070064048f9efe8d04e6d233bd35cf2fabdeb93fb0d,2026-07-20,251,11829113369,6.155,1123614,
approach,Iv패왕vI,fd377d001968be9550fb9070064048f9efe8d04e6d233bd35cf2fabdeb93fb0d,2026-07-21,251,11829113369,6.155,,
approach,Iv패왕vI,fd377d001968be9550fb9070064048f9efe8d04e6d233bd35cf2fabdeb93fb0d,2026-07-22,251,11829113369,6.155,,
approach,유료쿠폰증정,4b384b27b558b42f63a1f11f8f071f49,2026-07-13,251,274996252,0.143,,
approach,유료쿠폰증정,4b384b27b558b42f63a1f11f8f071f49,2026-07-14,251,274996252,0.143,,
approach,유료쿠폰증정,4b384b27b558b42f63a1f11f8f071f49,2026-07-15,251,274996252,0.143,,
approach,유료쿠폰증정,4b384b27b558b42f63a1f11f8f071f49,2026-07-16,251,274996252,0.143,,
approach,유료쿠폰증정,4b384b27b558b42f63a1f11f8f071f49,2026-07-17,251,274996252,0.143,,
approach,유료쿠폰증정,4b384b27b558b42f63a1f11f8f071f49,2026-07-18,251,274996252,0.143,,
approach,유료쿠폰증정,4b384b27b558b42f63a1f11f8f071f49,2026-07-19,251,274996252,0.143,,
approach,유료쿠폰증정,4b384b27b558b42f63a1f11f8f071f49,2026-07-20,251,274996252,0.143,43094,
approach,유료쿠폰증정,4b384b27b558b42f63a1f11f8f071f49,2026-07-21,251,274996252,0.143,,
approach,유료쿠폰증정,4b384b27b558b42f63a1f11f8f071f49,2026-07-22,251,274996252,0.143,,
approach,고인향,4334d56d7cce33567862762e6bcc11a5,2026-07-13,251,314007777,0.163,,
approach,고인향,4334d56d7cce33567862762e6bcc11a5,2026-07-14,251,314007777,0.163,,
approach,고인향,4334d56d7cce33567862762e6bcc11a5,2026-07-15,251,314007777,0.163,,
approach,고인향,4334d56d7cce33567862762e6bcc11a5,2026-07-16,251,314007777,0.163,,
approach,고인향,4334d56d7cce33567862762e6bcc11a5,2026-07-17,251,314007777,0.163,,
approach,고인향,4334d56d7cce33567862762e6bcc11a5,2026-07-18,251,314007777,0.163,,
approach,고인향,4334d56d7cce33567862762e6bcc11a5,2026-07-19,251,314007777,0.163,,
approach,고인향,4334d56d7cce33567862762e6bcc11a5,2026-07-20,251,314007777,0.163,137242,
approach,고인향,4334d56d7cce33567862762e6bcc11a5,2026-07-21,251,314007777,0.163,,
approach,고인향,4334d56d7cce33567862762e6bcc11a5,2026-07-22,251,314007777,0.163,,
approach,긴과니,a7fb7efa4ac323707c3180540665021f,2026-07-13,251,260601664,0.136,,
approach,긴과니,a7fb7efa4ac323707c3180540665021f,2026-07-14,251,260601664,0.136,,
approach,긴과니,a7fb7efa4ac323707c3180540665021f,2026-07-15,251,260601664,0.136,,
approach,긴과니,a7fb7efa4ac323707c3180540665021f,2026-07-16,251,260601664,0.136,,
approach,긴과니,a7fb7efa4ac323707c3180540665021f,2026-07-17,251,260601664,0.136,,
approach,긴과니,a7fb7efa4ac323707c3180540665021f,2026-07-18,251,260601664,0.136,,
approach,긴과니,a7fb7efa4ac323707c3180540665021f,2026-07-19,251,260601664,0.136,,
approach,긴과니,a7fb7efa4ac323707c3180540665021f,2026-07-20,251,260601664,0.136,9964,
approach,긴과니,a7fb7efa4ac323707c3180540665021f,2026-07-21,251,260601664,0.136,,
approach,긴과니,a7fb7efa4ac323707c3180540665021f,2026-07-22,251,260601664,0.136,,
approach,씩씩와,506a2a1dd6413d201e155e3f424849cf,2026-07-13,251,271002562,0.141,,
approach,씩씩와,506a2a1dd6413d201e155e3f424849cf,2026-07-14,251,271002562,0.141,,
approach,씩씩와,506a2a1dd6413d201e155e3f424849cf,2026-07-15,251,271002562,0.141,,
approach,씩씩와,506a2a1dd6413d201e155e3f424849cf,2026-07-16,251,271002562,0.141,,
approach,씩씩와,506a2a1dd6413d201e155e3f424849cf,2026-07-17,251,271002562,0.141,,
approach,씩씩와,506a2a1dd6413d201e155e3f424849cf,2026-07-18,251,271002562,0.141,,
approach,씩씩와,506a2a1dd6413d201e155e3f424849cf,2026-07-19,251,271002562,0.141,,
approach,씩씩와,506a2a1dd6413d201e155e3f424849cf,2026-07-20,251,271002562,0.141,0,
approach,씩씩와,506a2a1dd6413d201e155e3f424849cf,2026-07-21,251,271002562,0.141,,
approach,씩씩와,506a2a1dd6413d201e155e3f424849cf,2026-07-22,251,271002562,0.141,,
approach,나연뿌웅,273862d5ac596508c53cbf4f49f5e7ed,2026-07-13,251,301808615,0.157,,
approach,나연뿌웅,273862d5ac596508c53cbf4f49f5e7ed,2026-07-14,251,301808615,0.157,,
approach,나연뿌웅,273862d5ac596508c53cbf4f49f5e7ed,2026-07-15,251,301808615,0.157,,
approach,나연뿌웅,273862d5ac596508c53cbf4f49f5e7ed,2026-07-16,251,301808615,0.157,,
approach,나연뿌웅,273862d5ac596508c53cbf4f49f5e7ed,2026-07-17,251,301808615,0.157,,
approach,나연뿌웅,273862d5ac596508c53cbf4f49f5e7ed,2026-07-18,251,301808615,0.157,,
approach,나연뿌웅,273862d5ac596508c53cbf4f49f5e7ed,2026-07-19,251,301808615,0.157,,
approach,나연뿌웅,273862d5ac596508c53cbf4f49f5e7ed,2026-07-20,251,301808615,0.157,76690,
approach,나연뿌웅,273862d5ac596508c53cbf4f49f5e7ed,2026-07-21,251,301808615,0.157,,
approach,나연뿌웅,273862d5ac596508c53cbf4f49f5e7ed,2026-07-22,251,301808615,0.157,,
approach,파토르,4f6d48a7f3b15aeb646f2098b01dea01,2026-07-13,251,295750165,0.154,,
approach,파토르,4f6d48a7f3b15aeb646f2098b01dea01,2026-07-14,251,295750165,0.154,,
approach,파토르,4f6d48a7f3b15aeb646f2098b01dea01,2026-07-15,251,295750165,0.154,,
approach,파토르,4f6d48a7f3b15aeb646f2098b01dea01,2026-07-16,251,295750165,0.154,,
approach,파토르,4f6d48a7f3b15aeb646f2098b01dea01,2026-07-17,251,295750165,0.154,,
approach,파토르,4f6d48a7f3b15aeb646f2098b01dea01,2026-07-18,251,295750165,0.154,,
approach,파토르,4f6d48a7f3b15aeb646f2098b01dea01,2026-07-19,251,295750165,0.154,,
approach,파토르,4f6d48a7f3b15aeb646f2098b01dea01,2026-07-20,251,295750165,0.154,305465,
approach,파토르,4f6d48a7f3b15aeb646f2098b01dea01,2026-07-21,251,295750165,0.154,,
approach,파토르,4f6d48a7f3b15aeb646f2098b01dea01,2026-07-22,251,295750165,0.154,,
approach,요르요르숫,96d038080bd65ece45d659d0b735923a,2026-07-13,251,292121438,0.064,,
approach,요르요르숫,96d038080bd65ece45d659d0b735923a,2026-07-14,251,292121438,0.064,,
approach,요르요르숫,96d038080bd65ece45d659d0b735923a,2026-07-15,251,292121438,0.064,,
approach,요르요르숫,96d038080bd65ece45d659d0b735923a,2026-07-16,251,292121438,0.064,,
approach,요르요르숫,96d038080bd65ece45d659d0b735923a,2026-07-17,251,292121438,0.064,,
approach,요르요르숫,96d038080bd65ece45d659d0b735923a,2026-07-18,251,292121438,0.064,,
approach,요르요르숫,96d038080bd65ece45d659d0b735923a,2026-07-19,251,292121438,0.064,,
approach,요르요르숫,96d038080bd65ece45d659d0b735923a,2026-07-20,251,292121438,0.064,3794995,
approach,요르요르숫,96d038080bd65ece45d659d0b735923a,2026-07-21,251,292121438,0.064,,
approach,요르요르숫,96d038080bd65ece45d659d0b735923a,2026-07-22,251,292121438,0.064,,
approach,블래링크3998,8bb4c25fe36a8416dad270100d23f4a4,2026-07-13,251,325161516,0.169,,
approach,블래링크3998,8bb4c25fe36a8416dad270100d23f4a4,2026-07-14,251,325161516,0.169,,
approach,블래링크3998,8bb4c25fe36a8416dad270100d23f4a4,2026-07-15,251,325161516,0.169,,
approach,블래링크3998,8bb4c25fe36a8416dad270100d23f4a4,2026-07-16,251,325161516,0.169,,
approach,블래링크3998,8bb4c25fe36a8416dad270100d23f4a4,2026-07-17,251,325161516,0.169,,
approach,블래링크3998,8bb4c25fe36a8416dad270100d23f4a4,2026-07-18,251,325161516,0.169,,
approach,블래링크3998,8bb4c25fe36a8416dad270100d23f4a4,2026-07-19,251,325161516,0.169,,
approach,블래링크3998,8bb4c25fe36a8416dad270100d23f4a4,2026-07-20,251,325161516,0.169,184361,
approach,블래링크3998,8bb4c25fe36a8416dad270100d23f4a4,2026-07-21,251,325161516,0.169,,
approach,블래링크3998,8bb4c25fe36a8416dad270100d23f4a4,2026-07-22,251,325161516,0.169,,
approach,러브끼,76096c1256b89373b1d83a374bd8d632,2026-07-13,251,291646895,0.152,,
approach,러브끼,76096c1256b89373b1d83a374bd8d632,2026-07-14,251,291646895,0.152,,
approach,러브끼,76096c1256b89373b1d83a374bd8d632,2026-07-15,251,291646895,0.152,,
approach,러브끼,76096c1256b89373b1d83a374bd8d632,2026-07-16,251,291646895,0.152,,
approach,러브끼,76096c1256b89373b1d83a374bd8d632,2026-07-17,251,291646895,0.152,,
approach,러브끼,76096c1256b89373b1d83a374bd8d632,2026-07-18,251,291646895,0.152,,
approach,러브끼,76096c1256b89373b1d83a374bd8d632,2026-07-19,251,291646895,0.152,,
approach,러브끼,76096c1256b89373b1d83a374bd8d632,2026-07-20,251,291646895,0.152,28404,
approach,러브끼,76096c1256b89373b1d83a374bd8d632,2026-07-21,251,291646895,0.152,,
approach,러브끼,76096c1256b89373b1d83a374bd8d632,2026-07-22,251,291646895,0.152,,
approach,피디다,5e435512bd762458e973b981ffbd1d54,2026-07-13,251,224845188,0.117,,
approach,피디다,5e435512bd762458e973b981ffbd1d54,2026-07-14,251,224845188,0.117,,
approach,피디다,5e435512bd762458e973b981ffbd1d54,2026-07-15,251,224845188,0.117,,
approach,피디다,5e435512bd762458e973b981ffbd1d54,2026-07-16,251,224845188,0.117,,
approach,피디다,5e435512bd762458e973b981ffbd1d54,2026-07-17,251,224845188,0.117,,
approach,피디다,5e435512bd762458e973b981ffbd1d54,2026-07-18,251,224845188,0.117,,
approach,피디다,5e435512bd762458e973b981ffbd1d54,2026-07-19,251,224845188,0.117,,
approach,피디다,5e435512bd762458e973b981ffbd1d54,2026-07-20,251,224845188,0.117,775612,
approach,피디다,5e435512bd762458e973b981ffbd1d54,2026-07-21,251,224845188,0.117,,
approach,피디다,5e435512bd762458e973b981ffbd1d54,2026-07-22,251,224845188,0.117,,
approach,메세자환,fbf9eb20ffe45952e0ac83a82e122508aae77432709819edb959e1fd5d1d77b4,2026-07-13,251,222116813,0.116,,
approach,메세자환,fbf9eb20ffe45952e0ac83a82e122508aae77432709819edb959e1fd5d1d77b4,2026-07-14,251,222116813,0.116,,
approach,메세자환,fbf9eb20ffe45952e0ac83a82e122508aae77432709819edb959e1fd5d1d77b4,2026-07-15,251,222116813,0.116,,
approach,메세자환,fbf9eb20ffe45952e0ac83a82e122508aae77432709819edb959e1fd5d1d77b4,2026-07-16,251,222116813,0.116,,
approach,메세자환,fbf9eb20ffe45952e0ac83a82e122508aae77432709819edb959e1fd5d1d77b4,2026-07-17,251,222116813,0.116,,
approach,메세자환,fbf9eb20ffe45952e0ac83a82e122508aae77432709819edb959e1fd5d1d77b4,2026-07-18,251,222116813,0.116,,
approach,메세자환,fbf9eb20ffe45952e0ac83a82e122508aae77432709819edb959e1fd5d1d77b4,2026-07-19,251,222116813,0.116,,
approach,메세자환,fbf9eb20ffe45952e0ac83a82e122508aae77432709819edb959e1fd5d1d77b4,2026-07-20,251,222116813,0.116,147850,
approach,메세자환,fbf9eb20ffe45952e0ac83a82e122508aae77432709819edb959e1fd5d1d77b4,2026-07-21,251,222116813,0.116,,
approach,메세자환,fbf9eb20ffe45952e0ac83a82e122508aae77432709819edb959e1fd5d1d77b4,2026-07-22,251,222116813,0.116,,
approach,1코어거드라,9af55904fc723277aa48af6b166ea1d4,2026-07-13,251,303182093,0.158,,
approach,1코어거드라,9af55904fc723277aa48af6b166ea1d4,2026-07-14,251,303182093,0.158,,
approach,1코어거드라,9af55904fc723277aa48af6b166ea1d4,2026-07-15,251,303182093,0.158,,
approach,1코어거드라,9af55904fc723277aa48af6b166ea1d4,2026-07-16,251,303182093,0.158,,
approach,1코어거드라,9af55904fc723277aa48af6b166ea1d4,2026-07-17,251,303182093,0.158,,
approach,1코어거드라,9af55904fc723277aa48af6b166ea1d4,2026-07-18,251,303182093,0.158,,
approach,1코어거드라,9af55904fc723277aa48af6b166ea1d4,2026-07-19,251,303182093,0.158,,
approach,1코어거드라,9af55904fc723277aa48af6b166ea1d4,2026-07-20,251,303182093,0.158,159359,
approach,1코어거드라,9af55904fc723277aa48af6b166ea1d4,2026-07-21,251,303182093,0.158,,
approach,1코어거드라,9af55904fc723277aa48af6b166ea1d4,2026-07-22,251,303182093,0.158,,
approach,꾸꾸p,9f73a59397519575770016ed377f7915,2026-07-13,251,313099290,0.163,,
approach,꾸꾸p,9f73a59397519575770016ed377f7915,2026-07-14,251,313099290,0.163,,
approach,꾸꾸p,9f73a59397519575770016ed377f7915,2026-07-15,251,313099290,0.163,,
approach,꾸꾸p,9f73a59397519575770016ed377f7915,2026-07-16,251,313099290,0.163,,
approach,꾸꾸p,9f73a59397519575770016ed377f7915,2026-07-17,251,313099290,0.163,,
approach,꾸꾸p,9f73a59397519575770016ed377f7915,2026-07-18,251,313099290,0.163,,
approach,꾸꾸p,9f73a59397519575770016ed377f7915,2026-07-19,251,313099290,0.163,,
approach,꾸꾸p,9f73a59397519575770016ed377f7915,2026-07-20,251,313099290,0.163,72137,
approach,꾸꾸p,9f73a59397519575770016ed377f7915,2026-07-21,251,313099290,0.163,,
approach,꾸꾸p,9f73a59397519575770016ed377f7915,2026-07-22,251,313099290,0.163,,
approach,은월나무줄기,b80fc3897be9385cd115e4e56517abf2,2026-07-13,251,228569627,0.119,,
approach,은월나무줄기,b80fc3897be9385cd115e4e56517abf2,2026-07-14,251,228569627,0.119,,
approach,은월나무줄기,b80fc3897be9385cd115e4e56517abf2,2026-07-15,251,228569627,0.119,,
approach,은월나무줄기,b80fc3897be9385cd115e4e56517abf2,2026-07-16,251,228569627,0.119,,
approach,은월나무줄기,b80fc3897be9385cd115e4e56517abf2,2026-07-17,251,228569627,0.119,,
approach,은월나무줄기,b80fc3897be9385cd115e4e56517abf2,2026-07-18,251,228569627,0.119,,
approach,은월나무줄기,b80fc3897be9385cd115e4e56517abf2,2026-07-19,251,228569627,0.119,,
approach,은월나무줄기,b80fc3897be9385cd115e4e56517abf2,2026-07-20,251,228569627,0.119,177,
approach,은월나무줄기,b80fc3897be9385cd115e4e56517abf2,2026-07-21,251,228569627,0.119,,
approach,은월나무줄기,b80fc3897be9385cd115e4e56517abf2,2026-07-22,251,228569627,0.119,,
approach,로블럼,67401d2eca73ba8dd6719e1cad1560e5,2026-07-13,251,284257350,0.148,,
approach,로블럼,67401d2eca73ba8dd6719e1cad1560e5,2026-07-14,251,284257350,0.148,,
approach,로블럼,67401d2eca73ba8dd6719e1cad1560e5,2026-07-15,251,284257350,0.148,,
approach,로블럼,67401d2eca73ba8dd6719e1cad1560e5,2026-07-16,251,284257350,0.148,,
approach,로블럼,67401d2eca73ba8dd6719e1cad1560e5,2026-07-17,251,284257350,0.148,,
approach,로블럼,67401d2eca73ba8dd6719e1cad1560e5,2026-07-18,251,284257350,0.148,,
approach,로블럼,67401d2eca73ba8dd6719e1cad1560e5,2026-07-19,251,284257350,0.148,,
approach,로블럼,67401d2eca73ba8dd6719e1cad1560e5,2026-07-20,251,284257350,0.148,147927,
approach,로블럼,67401d2eca73ba8dd6719e1cad1560e5,2026-07-21,251,284257350,0.148,,
approach,로블럼,67401d2eca73ba8dd6719e1cad1560e5,2026-07-22,251,284257350,0.148,,
approach,독히살인마,06ac1e33b72146d1a5a78c4e105403a7efe8d04e6d233bd35cf2fabdeb93fb0d,2026-07-13,251,285885162,0.149,,
approach,독히살인마,06ac1e33b72146d1a5a78c4e105403a7efe8d04e6d233bd35cf2fabdeb93fb0d,2026-07-14,251,285885162,0.149,,
approach,독히살인마,06ac1e33b72146d1a5a78c4e105403a7efe8d04e6d233bd35cf2fabdeb93fb0d,2026-07-15,251,285885162,0.149,,
approach,독히살인마,06ac1e33b72146d1a5a78c4e105403a7efe8d04e6d233bd35cf2fabdeb93fb0d,2026-07-16,251,285885162,0.149,,
approach,독히살인마,06ac1e33b72146d1a5a78c4e105403a7efe8d04e6d233bd35cf2fabdeb93fb0d,2026-07-17,251,285885162,0.149,,
approach,독히살인마,06ac1e33b72146d1a5a78c4e105403a7efe8d04e6d233bd35cf2fabdeb93fb0d,2026-07-18,251,285885162,0.149,,
approach,독히살인마,06ac1e33b72146d1a5a78c4e105403a7efe8d04e6d233bd35cf2fabdeb93fb0d,2026-07-19,251,285885162,0.149,,
approach,독히살인마,06ac1e33b72146d1a5a78c4e105403a7efe8d04e6d233bd35cf2fabdeb93fb0d,2026-07-20,251,285885162,0.149,214198,
approach,독히살인마,06ac1e33b72146d1a5a78c4e105403a7efe8d04e6d233bd35cf2fabdeb93fb0d,2026-07-21,251,285885162,0.149,,
approach,독히살인마,06ac1e33b72146d1a5a78c4e105403a7efe8d04e6d233bd35cf2fabdeb93fb0d,2026-07-22,251,285885162,0.149,,
approach,나나나잇,2438eebf18619d2eb88e9292089445ca,2026-07-13,251,299388752,0.156,,
approach,나나나잇,2438eebf18619d2eb88e9292089445ca,2026-07-14,251,299388752,0.156,,
approach,나나나잇,2438eebf18619d2eb88e9292089445ca,2026-07-15,251,299388752,0.156,,
approach,나나나잇,2438eebf18619d2eb88e9292089445ca,2026-07-16,251,299388752,0.156,,
approach,나나나잇,2438eebf18619d2eb88e9292089445ca,2026-07-17,251,299388752,0.156,,
approach,나나나잇,2438eebf18619d2eb88e9292089445ca,2026-07-18,251,299388752,0.156,,
approach,나나나잇,2438eebf18619d2eb88e9292089445ca,2026-07-19,251,299388752,0.156,,
approach,나나나잇,2438eebf18619d2eb88e9292089445ca,2026-07-20,251,299388752,0.156,0,
approach,나나나잇,2438eebf18619d2eb88e9292089445ca,2026-07-21,251,299388752,0.156,,
approach,나나나잇,2438eebf18619d2eb88e9292089445ca,2026-07-22,251,299388752,0.156,,
approach,집에가잣,817c746aeb79323f34e94a67f21cebb8,2026-07-13,251,266799096,0.139,,
approach,집에가잣,817c746aeb79323f34e94a67f21cebb8,2026-07-14,251,266799096,0.139,,
approach,집에가잣,817c746aeb79323f34e94a67f21cebb8,2026-07-15,251,266799096,0.139,,
approach,집에가잣,817c746aeb79323f34e94a67f21cebb8,2026-07-16,251,266799096,0.139,,
approach,집에가잣,817c746aeb79323f34e94a67f21cebb8,2026-07-17,251,266799096,0.139,,
approach,집에가잣,817c746aeb79323f34e94a67f21cebb8,2026-07-18,251,266799096,0.139,,
approach,집에가잣,817c746aeb79323f34e94a67f21cebb8,2026-07-19,251,266799096,0.139,,
approach,집에가잣,817c746aeb79323f34e94a67f21cebb8,2026-07-20,251,266799096,0.139,237666,
approach,집에가잣,817c746aeb79323f34e94a67f21cebb8,2026-07-21,251,266799096,0.139,,
approach,집에가잣,817c746aeb79323f34e94a67f21cebb8,2026-07-22,251,266799096,0.139,,
approach,고평곤,70f358624c951f5d81c38c3aad3ac7cfefe8d04e6d233bd35cf2fabdeb93fb0d,2026-07-13,251,276825424,0.144,,
approach,고평곤,70f358624c951f5d81c38c3aad3ac7cfefe8d04e6d233bd35cf2fabdeb93fb0d,2026-07-14,251,276825424,0.144,,
approach,고평곤,70f358624c951f5d81c38c3aad3ac7cfefe8d04e6d233bd35cf2fabdeb93fb0d,2026-07-15,251,276825424,0.144,,
approach,고평곤,70f358624c951f5d81c38c3aad3ac7cfefe8d04e6d233bd35cf2fabdeb93fb0d,2026-07-16,251,276825424,0.144,,
approach,고평곤,70f358624c951f5d81c38c3aad3ac7cfefe8d04e6d233bd35cf2fabdeb93fb0d,2026-07-17,251,276825424,0.144,,
approach,고평곤,70f358624c951f5d81c38c3aad3ac7cfefe8d04e6d233bd35cf2fabdeb93fb0d,2026-07-18,251,276825424,0.144,,
approach,고평곤,70f358624c951f5d81c38c3aad3ac7cfefe8d04e6d233bd35cf2fabdeb93fb0d,2026-07-19,251,276825424,0.144,,
approach,고평곤,70f358624c951f5d81c38c3aad3ac7cfefe8d04e6d233bd35cf2fabdeb93fb0d,2026-07-20,251,276825424,0.144,115199,
approach,고평곤,70f358624c951f5d81c38c3aad3ac7cfefe8d04e6d233bd35cf2fabdeb93fb0d,2026-07-21,251,276825424,0.144,,
approach,고평곤,70f358624c951f5d81c38c3aad3ac7cfefe8d04e6d233bd35cf2fabdeb93fb0d,2026-07-22,251,276825424,0.144,,
approach,8132134,25b73b77020a2ac225dacbb988571b73,2026-07-13,251,239952085,0.125,,
approach,8132134,25b73b77020a2ac225dacbb988571b73,2026-07-14,251,239952085,0.125,,
approach,8132134,25b73b77020a2ac225dacbb988571b73,2026-07-15,251,239952085,0.125,,
approach,8132134,25b73b77020a2ac225dacbb988571b73,2026-07-16,251,239952085,0.125,,
approach,8132134,25b73b77020a2ac225dacbb988571b73,2026-07-17,251,239952085,0.125,,
approach,8132134,25b73b77020a2ac225dacbb988571b73,2026-07-18,251,239952085,0.125,,
approach,8132134,25b73b77020a2ac225dacbb988571b73,2026-07-19,251,239952085,0.125,,
approach,8132134,25b73b77020a2ac225dacbb988571b73,2026-07-20,251,239952085,0.125,218243,
approach,8132134,25b73b77020a2ac225dacbb988571b73,2026-07-21,251,239952085,0.125,,
approach,8132134,25b73b77020a2ac225dacbb988571b73,2026-07-22,251,239952085,0.125,,
approach,은월고3,bad4affe48854991aee5f382904aacd2efe8d04e6d233bd35cf2fabdeb93fb0d,2026-07-13,251,249155754,0.130,,
approach,은월고3,bad4affe48854991aee5f382904aacd2efe8d04e6d233bd35cf2fabdeb93fb0d,2026-07-14,251,249155754,0.130,,
approach,은월고3,bad4affe48854991aee5f382904aacd2efe8d04e6d233bd35cf2fabdeb93fb0d,2026-07-15,251,249155754,0.130,,
approach,은월고3,bad4affe48854991aee5f382904aacd2efe8d04e6d233bd35cf2fabdeb93fb0d,2026-07-16,251,249155754,0.130,,
approach,은월고3,bad4affe48854991aee5f382904aacd2efe8d04e6d233bd35cf2fabdeb93fb0d,2026-07-17,251,249155754,0.130,,
approach,은월고3,bad4affe48854991aee5f382904aacd2efe8d04e6d233bd35cf2fabdeb93fb0d,2026-07-18,251,249155754,0.130,,
approach,은월고3,bad4affe48854991aee5f382904aacd2efe8d04e6d233bd35cf2fabdeb93fb0d,2026-07-19,251,249155754,0.130,,
approach,은월고3,bad4affe48854991aee5f382904aacd2efe8d04e6d233bd35cf2fabdeb93fb0d,2026-07-20,251,249155754,0.130,23206,
approach,은월고3,bad4affe48854991aee5f382904aacd2efe8d04e6d233bd35cf2fabdeb93fb0d,2026-07-21,251,249155754,0.130,,
approach,은월고3,bad4affe48854991aee5f382904aacd2efe8d04e6d233bd35cf2fabdeb93fb0d,2026-07-22,251,249155754,0.130,,
approach,만듀와간장,f7b06610a6eae159c1e414f5677c4c4d,2026-07-13,251,260758527,0.057,,
approach,만듀와간장,f7b06610a6eae159c1e414f5677c4c4d,2026-07-14,251,260758527,0.057,,
approach,만듀와간장,f7b06610a6eae159c1e414f5677c4c4d,2026-07-15,251,260758527,0.057,,
approach,만듀와간장,f7b06610a6eae159c1e414f5677c4c4d,2026-07-16,251,260758527,0.057,,
approach,만듀와간장,f7b06610a6eae159c1e414f5677c4c4d,2026-07-17,251,260758527,0.057,,
approach,만듀와간장,f7b06610a6eae159c1e414f5677c4c4d,2026-07-18,251,260758527,0.057,,
approach,만듀와간장,f7b06610a6eae159c1e414f5677c4c4d,2026-07-19,251,260758527,0.057,,
approach,만듀와간장,f7b06610a6eae159c1e414f5677c4c4d,2026-07-20,251,260758527,0.057,5133051,
approach,만듀와간장,f7b06610a6eae159c1e414f5677c4c4d,2026-07-21,251,260758527,0.057,,
approach,만듀와간장,f7b06610a6eae159c1e414f5677c4c4d,2026-07-22,251,260758527,0.057,,
approach,스토리긴유니,49a3ec13d0edde5d7366f7a0ce25c012efe8d04e6d233bd35cf2fabdeb93fb0d,2026-07-13,251,304314050,0.158,,
approach,스토리긴유니,49a3ec13d0edde5d7366f7a0ce25c012efe8d04e6d233bd35cf2fabdeb93fb0d,2026-07-14,251,304314050,0.158,,
approach,스토리긴유니,49a3ec13d0edde5d7366f7a0ce25c012efe8d04e6d233bd35cf2fabdeb93fb0d,2026-07-15,251,304314050,0.158,,
approach,스토리긴유니,49a3ec13d0edde5d7366f7a0ce25c012efe8d04e6d233bd35cf2fabdeb93fb0d,2026-07-16,251,304314050,0.158,,
approach,스토리긴유니,49a3ec13d0edde5d7366f7a0ce25c012efe8d04e6d233bd35cf2fabdeb93fb0d,2026-07-17,251,304314050,0.158,,
approach,스토리긴유니,49a3ec13d0edde5d7366f7a0ce25c012efe8d04e6d233bd35cf2fabdeb93fb0d,2026-07-18,251,304314050,0.158,,
approach,스토리긴유니,49a3ec13d0edde5d7366f7a0ce25c012efe8d04e6d233bd35cf2fabdeb93fb0d,2026-07-19,251,304314050,0.158,,
approach,스토리긴유니,49a3ec13d0edde5d7366f7a0ce25c012efe8d04e6d233bd35cf2fabdeb93fb0d,2026-07-20,251,304314050,0.158,274010,
approach,스토리긴유니,49a3ec13d0edde5d7366f7a0ce25c012efe8d04e6d233bd35cf2fabdeb93fb0d,2026-07-21,251,304314050,0.158,,
approach,스토리긴유니,49a3ec13d0edde5d7366f7a0ce25c012efe8d04e6d233bd35cf2fabdeb93fb0d,2026-07-22,251,304314050,0.158,,
approach,신궁재미게따,2918b0328998e0ef7f57ddb3deb3fe15,2026-07-13,251,271601560,0.141,,
approach,신궁재미게따,2918b0328998e0ef7f57ddb3deb3fe15,2026-07-14,251,271601560,0.141,,
approach,신궁재미게따,2918b0328998e0ef7f57ddb3deb3fe15,2026-07-15,251,271601560,0.141,,
approach,신궁재미게따,2918b0328998e0ef7f57ddb3deb3fe15,2026-07-16,251,271601560,0.141,,
approach,신궁재미게따,2918b0328998e0ef7f57ddb3deb3fe15,2026-07-17,251,271601560,0.141,,
approach,신궁재미게따,2918b0328998e0ef7f57ddb3deb3fe15,2026-07-18,251,271601560,0.141,,
approach,신궁재미게따,2918b0328998e0ef7f57ddb3deb3fe15,2026-07-19,251,271601560,0.141,,
approach,신궁재미게따,2918b0328998e0ef7f57ddb3deb3fe15,2026-07-20,251,271601560,0.141,122319,
approach,신궁재미게따,2918b0328998e0ef7f57ddb3deb3fe15,2026-07-21,251,271601560,0.141,,
approach,신궁재미게따,2918b0328998e0ef7f57ddb3deb3fe15,2026-07-22,251,271601560,0.141,,
approach,hyungi6,a2b6f53736f9ca464de0327d5499e0b1,2026-07-13,251,241835466,0.126,,
approach,hyungi6,a2b6f53736f9ca464de0327d5499e0b1,2026-07-14,251,241835466,0.126,,
approach,hyungi6,a2b6f53736f9ca464de0327d5499e0b1,2026-07-15,251,241835466,0.126,,
approach,hyungi6,a2b6f53736f9ca464de0327d5499e0b1,2026-07-16,251,241835466,0.126,,
approach,hyungi6,a2b6f53736f9ca464de0327d5499e0b1,2026-07-17,251,241835466,0.126,,
approach,hyungi6,a2b6f53736f9ca464de0327d5499e0b1,2026-07-18,251,241835466,0.126,,
approach,hyungi6,a2b6f53736f9ca464de0327d5499e0b1,2026-07-19,251,241835466,0.126,,
approach,hyungi6,a2b6f53736f9ca464de0327d5499e0b1,2026-07-20,251,241835466,0.126,175202,
approach,hyungi6,a2b6f53736f9ca464de0327d5499e0b1,2026-07-21,251,241835466,0.126,,
approach,hyungi6,a2b6f53736f9ca464de0327d5499e0b1,2026-07-22,251,241835466,0.126,,
approach,링크캉10호,9ebbd34a4de8d7f737e5d6c72993b9e5,2026-07-13,251,321887197,0.167,,
approach,링크캉10호,9ebbd34a4de8d7f737e5d6c72993b9e5,2026-07-14,251,321887197,0.167,,
approach,링크캉10호,9ebbd34a4de8d7f737e5d6c72993b9e5,2026-07-15,251,321887197,0.167,,
approach,링크캉10호,9ebbd34a4de8d7f737e5d6c72993b9e5,2026-07-16,251,321887197,0.167,,
approach,링크캉10호,9ebbd34a4de8d7f737e5d6c72993b9e5,2026-07-17,251,321887197,0.167,,
approach,링크캉10호,9ebbd34a4de8d7f737e5d6c72993b9e5,2026-07-18,251,321887197,0.167,,
approach,링크캉10호,9ebbd34a4de8d7f737e5d6c72993b9e5,2026-07-19,251,321887197,0.167,,
approach,링크캉10호,9ebbd34a4de8d7f737e5d6c72993b9e5,2026-07-20,251,321887197,0.167,66295,
approach,링크캉10호,9ebbd34a4de8d7f737e5d6c72993b9e5,2026-07-21,251,321887197,0.167,,
approach,링크캉10호,9ebbd34a4de8d7f737e5d6c72993b9e5,2026-07-22,251,321887197,0.167,,
approach,검은빛북극곰,4de28a3fa2874bbfed4cfed759ed9eea,2026-07-13,251,281076439,0.146,,
approach,검은빛북극곰,4de28a3fa2874bbfed4cfed759ed9eea,2026-07-14,251,281076439,0.146,,
approach,검은빛북극곰,4de28a3fa2874bbfed4cfed759ed9eea,2026-07-15,251,281076439,0.146,,
approach,검은빛북극곰,4de28a3fa2874bbfed4cfed759ed9eea,2026-07-16,251,281076439,0.146,,
approach,검은빛북극곰,4de28a3fa2874bbfed4cfed759ed9eea,2026-07-17,251,281076439,0.146,,
approach,검은빛북극곰,4de28a3fa2874bbfed4cfed759ed9eea,2026-07-18,251,281076439,0.146,,
approach,검은빛북극곰,4de28a3fa2874bbfed4cfed759ed9eea,2026-07-19,251,281076439,0.146,,
approach,검은빛북극곰,4de28a3fa2874bbfed4cfed759ed9eea,2026-07-20,251,281076439,0.146,82433,
approach,검은빛북극곰,4de28a3fa2874bbfed4cfed759ed9eea,2026-07-21,251,281076439,0.146,,
approach,검은빛북극곰,4de28a3fa2874bbfed4cfed759ed9eea,2026-07-22,251,281076439,0.146,,
approach,멘탈약한은수,ed848164282bda01f9e2fc7ffc440ba4efe8d04e6d233bd35cf2fabdeb93fb0d,2026-07-13,251,250989935,0.131,,
approach,멘탈약한은수,ed848164282bda01f9e2fc7ffc440ba4efe8d04e6d233bd35cf2fabdeb93fb0d,2026-07-14,251,250989935,0.131,,
approach,멘탈약한은수,ed848164282bda01f9e2fc7ffc440ba4efe8d04e6d233bd35cf2fabdeb93fb0d,2026-07-15,251,250989935,0.131,,
approach,멘탈약한은수,ed848164282bda01f9e2fc7ffc440ba4efe8d04e6d233bd35cf2fabdeb93fb0d,2026-07-16,251,250989935,0.131,,
approach,멘탈약한은수,ed848164282bda01f9e2fc7ffc440ba4efe8d04e6d233bd35cf2fabdeb93fb0d,2026-07-17,251,250989935,0.131,,
approach,멘탈약한은수,ed848164282bda01f9e2fc7ffc440ba4efe8d04e6d233bd35cf2fabdeb93fb0d,2026-07-18,251,250989935,0.131,,
approach,멘탈약한은수,ed848164282bda01f9e2fc7ffc440ba4efe8d04e6d233bd35cf2fabdeb93fb0d,2026-07-19,251,250989935,0.131,,
approach,멘탈약한은수,ed848164282bda01f9e2fc7ffc440ba4efe8d04e6d233bd35cf2fabdeb93fb0d,2026-07-20,251,250989935,0.131,447321,
approach,멘탈약한은수,ed848164282bda01f9e2fc7ffc440ba4efe8d04e6d233bd35cf2fabdeb93fb0d,2026-07-21,251,250989935,0.131,,
approach,멘탈약한은수,ed848164282bda01f9e2fc7ffc440ba4efe8d04e6d233bd35cf2fabdeb93fb0d,2026-07-22,251,250989935,0.131,,
approach,떡잎마을도벽,0273dd4cf6a680f84a5dc6b5216fa6e1efe8d04e6d233bd35cf2fabdeb93fb0d,2026-07-13,251,312044840,0.162,,
approach,떡잎마을도벽,0273dd4cf6a680f84a5dc6b5216fa6e1efe8d04e6d233bd35cf2fabdeb93fb0d,2026-07-14,251,312044840,0.162,,
approach,떡잎마을도벽,0273dd4cf6a680f84a5dc6b5216fa6e1efe8d04e6d233bd35cf2fabdeb93fb0d,2026-07-15,251,312044840,0.162,,
approach,떡잎마을도벽,0273dd4cf6a680f84a5dc6b5216fa6e1efe8d04e6d233bd35cf2fabdeb93fb0d,2026-07-16,251,312044840,0.162,,
approach,떡잎마을도벽,0273dd4cf6a680f84a5dc6b5216fa6e1efe8d04e6d233bd35cf2fabdeb93fb0d,2026-07-17,251,312044840,0.162,,
approach,떡잎마을도벽,0273dd4cf6a680f84a5dc6b5216fa6e1efe8d04e6d233bd35cf2fabdeb93fb0d,2026-07-18,251,312044840,0.162,,
approach,떡잎마을도벽,0273dd4cf6a680f84a5dc6b5216fa6e1efe8d04e6d233bd35cf2fabdeb93fb0d,2026-07-19,251,312044840,0.162,,
approach,떡잎마을도벽,0273dd4cf6a680f84a5dc6b5216fa6e1efe8d04e6d233bd35cf2fabdeb93fb0d,2026-07-20,251,312044840,0.162,105797,
approach,떡잎마을도벽,0273dd4cf6a680f84a5dc6b5216fa6e1efe8d04e6d233bd35cf2fabdeb93fb0d,2026-07-21,251,312044840,0.162,,
approach,떡잎마을도벽,0273dd4cf6a680f84a5dc6b5216fa6e1efe8d04e6d233bd35cf2fabdeb93fb0d,2026-07-22,251,312044840,0.162,,
approach,데벤슬레이오,2702d81aacaa6db01ac8b751e7b19467,2026-07-13,251,226627447,0.118,,
approach,데벤슬레이오,2702d81aacaa6db01ac8b751e7b19467,2026-07-14,251,226627447,0.118,,
approach,데벤슬레이오,2702d81aacaa6db01ac8b751e7b19467,2026-07-15,251,226627447,0.118,,
approach,데벤슬레이오,2702d81aacaa6db01ac8b751e7b19467,2026-07-16,251,226627447,0.118,,
approach,데벤슬레이오,2702d81aacaa6db01ac8b751e7b19467,2026-07-17,251,226627447,0.118,,
approach,데벤슬레이오,2702d81aacaa6db01ac8b751e7b19467,2026-07-18,251,226627447,0.118,,
approach,데벤슬레이오,2702d81aacaa6db01ac8b751e7b19467,2026-07-19,251,226627447,0.118,,
approach,데벤슬레이오,2702d81aacaa6db01ac8b751e7b19467,2026-07-20,251,226627447,0.118,83490,
approach,데벤슬레이오,2702d81aacaa6db01ac8b751e7b19467,2026-07-21,251,226627447,0.118,,
approach,데벤슬레이오,2702d81aacaa6db01ac8b751e7b19467,2026-07-22,251,226627447,0.118,,
approach,라라타이거,3af4520b8c5e5177f8fa947c12edb050,2026-07-13,251,287017460,0.063,,
approach,라라타이거,3af4520b8c5e5177f8fa947c12edb050,2026-07-14,251,287017460,0.063,,
approach,라라타이거,3af4520b8c5e5177f8fa947c12edb050,2026-07-15,251,287017460,0.063,,
approach,라라타이거,3af4520b8c5e5177f8fa947c12edb050,2026-07-16,251,287017460,0.063,,
approach,라라타이거,3af4520b8c5e5177f8fa947c12edb050,2026-07-17,251,287017460,0.063,,
approach,라라타이거,3af4520b8c5e5177f8fa947c12edb050,2026-07-18,251,287017460,0.063,,
approach,라라타이거,3af4520b8c5e5177f8fa947c12edb050,2026-07-19,251,287017460,0.063,,
approach,라라타이거,3af4520b8c5e5177f8fa947c12edb050,2026-07-20,251,287017460,0.063,0,
approach,라라타이거,3af4520b8c5e5177f8fa947c12edb050,2026-07-21,251,287017460,0.063,,
approach,라라타이거,3af4520b8c5e5177f8fa947c12edb050,2026-07-22,251,287017460,0.063,,
approach,훔쳐요훔쳐,0bc404add8e3f245d94d1e222ad89f4b,2026-07-13,251,278444908,0.145,,
approach,훔쳐요훔쳐,0bc404add8e3f245d94d1e222ad89f4b,2026-07-14,251,278444908,0.145,,
approach,훔쳐요훔쳐,0bc404add8e3f245d94d1e222ad89f4b,2026-07-15,251,278444908,0.145,,
approach,훔쳐요훔쳐,0bc404add8e3f245d94d1e222ad89f4b,2026-07-16,251,278444908,0.145,,
approach,훔쳐요훔쳐,0bc404add8e3f245d94d1e222ad89f4b,2026-07-17,251,278444908,0.145,,
approach,훔쳐요훔쳐,0bc404add8e3f245d94d1e222ad89f4b,2026-07-18,251,278444908,0.145,,
approach,훔쳐요훔쳐,0bc404add8e3f245d94d1e222ad89f4b,2026-07-19,251,278444908,0.145,,
approach,훔쳐요훔쳐,0bc404add8e3f245d94d1e222ad89f4b,2026-07-20,251,278444908,0.145,61911,
approach,훔쳐요훔쳐,0bc404add8e3f245d94d1e222ad89f4b,2026-07-21,251,278444908,0.145,,
approach,훔쳐요훔쳐,0bc404add8e3f245d94d1e222ad89f4b,2026-07-22,251,278444908,0.145,,
approach,팡월꿍,7bac2a411c28391f7349d5b23f882757,2026-07-13,251,277236962,0.144,,
approach,팡월꿍,7bac2a411c28391f7349d5b23f882757,2026-07-14,251,277236962,0.144,,
approach,팡월꿍,7bac2a411c28391f7349d5b23f882757,2026-07-15,251,277236962,0.144,,
approach,팡월꿍,7bac2a411c28391f7349d5b23f882757,2026-07-16,251,277236962,0.144,,
approach,팡월꿍,7bac2a411c28391f7349d5b23f882757,2026-07-17,251,277236962,0.144,,
approach,팡월꿍,7bac2a411c28391f7349d5b23f882757,2026-07-18,251,277236962,0.144,,
approach,팡월꿍,7bac2a411c28391f7349d5b23f882757,2026-07-19,251,277236962,0.144,,
approach,팡월꿍,7bac2a411c28391f7349d5b23f882757,2026-07-20,251,277236962,0.144,365953,
approach,팡월꿍,7bac2a411c28391f7349d5b23f882757,2026-07-21,251,277236962,0.144,,
approach,팡월꿍,7bac2a411c28391f7349d5b23f882757,2026-07-22,251,277236962,0.144,,
approach,블래스터키22,,2026-07-13,,,,,ocid_failed
approach,블래스터키22,,2026-07-14,,,,,ocid_failed
approach,블래스터키22,,2026-07-15,,,,,ocid_failed
approach,블래스터키22,,2026-07-16,,,,,ocid_failed
approach,블래스터키22,,2026-07-17,,,,,ocid_failed
approach,블래스터키22,,2026-07-18,,,,,ocid_failed
approach,블래스터키22,,2026-07-19,,,,,ocid_failed
approach,블래스터키22,,2026-07-20,,,,,ocid_failed
approach,블래스터키22,,2026-07-21,,,,,ocid_failed
approach,블래스터키22,,2026-07-22,,,,,ocid_failed
approach,갱상도로보트,edca5fb24f2301ecf896f4033b7f149b,2026-07-13,251,213006703,0.111,,
approach,갱상도로보트,edca5fb24f2301ecf896f4033b7f149b,2026-07-14,251,213006703,0.111,,
approach,갱상도로보트,edca5fb24f2301ecf896f4033b7f149b,2026-07-15,251,213006703,0.111,,
approach,갱상도로보트,edca5fb24f2301ecf896f4033b7f149b,2026-07-16,251,213006703,0.111,,
approach,갱상도로보트,edca5fb24f2301ecf896f4033b7f149b,2026-07-17,251,213006703,0.111,,
approach,갱상도로보트,edca5fb24f2301ecf896f4033b7f149b,2026-07-18,251,213006703,0.111,,
approach,갱상도로보트,edca5fb24f2301ecf896f4033b7f149b,2026-07-19,251,213006703,0.111,,
approach,갱상도로보트,edca5fb24f2301ecf896f4033b7f149b,2026-07-20,251,213006703,0.111,259,
approach,갱상도로보트,edca5fb24f2301ecf896f4033b7f149b,2026-07-21,251,213006703,0.111,,
approach,갱상도로보트,edca5fb24f2301ecf896f4033b7f149b,2026-07-22,251,213006703,0.111,,
approach,내자리라고씨,2001d17819de130555367b24dee9427b,2026-07-13,251,285034721,0.148,,
approach,내자리라고씨,2001d17819de130555367b24dee9427b,2026-07-14,251,285034721,0.148,,
approach,내자리라고씨,2001d17819de130555367b24dee9427b,2026-07-15,251,285034721,0.148,,
approach,내자리라고씨,2001d17819de130555367b24dee9427b,2026-07-16,251,285034721,0.148,,
approach,내자리라고씨,2001d17819de130555367b24dee9427b,2026-07-17,251,285034721,0.148,,
approach,내자리라고씨,2001d17819de130555367b24dee9427b,2026-07-18,251,285034721,0.148,,
approach,내자리라고씨,2001d17819de130555367b24dee9427b,2026-07-19,251,285034721,0.148,,
approach,내자리라고씨,2001d17819de130555367b24dee9427b,2026-07-20,251,285034721,0.148,405602,
approach,내자리라고씨,2001d17819de130555367b24dee9427b,2026-07-21,251,285034721,0.148,,
approach,내자리라고씨,2001d17819de130555367b24dee9427b,2026-07-22,251,285034721,0.148,,
approach,qwewr135,9b8b8e11ddcf8832ed83decc248a61bc,2026-07-13,251,295552097,0.154,,
approach,qwewr135,9b8b8e11ddcf8832ed83decc248a61bc,2026-07-14,251,295552097,0.154,,
approach,qwewr135,9b8b8e11ddcf8832ed83decc248a61bc,2026-07-15,251,295552097,0.154,,
approach,qwewr135,9b8b8e11ddcf8832ed83decc248a61bc,2026-07-16,251,295552097,0.154,,
approach,qwewr135,9b8b8e11ddcf8832ed83decc248a61bc,2026-07-17,251,295552097,0.154,,
approach,qwewr135,9b8b8e11ddcf8832ed83decc248a61bc,2026-07-18,251,295552097,0.154,,
approach,qwewr135,9b8b8e11ddcf8832ed83decc248a61bc,2026-07-19,251,295552097,0.154,,
approach,qwewr135,9b8b8e11ddcf8832ed83decc248a61bc,2026-07-20,251,295552097,0.154,273243,
approach,qwewr135,9b8b8e11ddcf8832ed83decc248a61bc,2026-07-21,251,295552097,0.154,,
approach,qwewr135,9b8b8e11ddcf8832ed83decc248a61bc,2026-07-22,251,295552097,0.154,,
approach,늦긍서포터즈,17ab67299b418932a347fd4d1fb56124,2026-07-13,251,261511590,0.057,,
approach,늦긍서포터즈,17ab67299b418932a347fd4d1fb56124,2026-07-14,251,261511590,0.057,,
approach,늦긍서포터즈,17ab67299b418932a347fd4d1fb56124,2026-07-15,251,261511590,0.057,,
approach,늦긍서포터즈,17ab67299b418932a347fd4d1fb56124,2026-07-16,251,261511590,0.057,,
approach,늦긍서포터즈,17ab67299b418932a347fd4d1fb56124,2026-07-17,251,261511590,0.057,,
approach,늦긍서포터즈,17ab67299b418932a347fd4d1fb56124,2026-07-18,251,261511590,0.057,,
approach,늦긍서포터즈,17ab67299b418932a347fd4d1fb56124,2026-07-19,251,261511590,0.057,,
approach,늦긍서포터즈,17ab67299b418932a347fd4d1fb56124,2026-07-20,251,261511590,0.057,785299,
approach,늦긍서포터즈,17ab67299b418932a347fd4d1fb56124,2026-07-21,251,261511590,0.057,,
approach,늦긍서포터즈,17ab67299b418932a347fd4d1fb56124,2026-07-22,251,261511590,0.057,,
approach,므느앙,ec6513dabf56669ff0bab1bed1c5bc4d,2026-07-13,251,285249896,0.063,,
approach,므느앙,ec6513dabf56669ff0bab1bed1c5bc4d,2026-07-14,251,285249896,0.063,,
approach,므느앙,ec6513dabf56669ff0bab1bed1c5bc4d,2026-07-15,251,285249896,0.063,,
approach,므느앙,ec6513dabf56669ff0bab1bed1c5bc4d,2026-07-16,251,285249896,0.063,,
approach,므느앙,ec6513dabf56669ff0bab1bed1c5bc4d,2026-07-17,251,285249896,0.063,,
approach,므느앙,ec6513dabf56669ff0bab1bed1c5bc4d,2026-07-18,251,285249896,0.063,,
approach,므느앙,ec6513dabf56669ff0bab1bed1c5bc4d,2026-07-19,251,285249896,0.063,,
approach,므느앙,ec6513dabf56669ff0bab1bed1c5bc4d,2026-07-20,251,285249896,0.063,390214,
approach,므느앙,ec6513dabf56669ff0bab1bed1c5bc4d,2026-07-21,251,285249896,0.063,,
approach,므느앙,ec6513dabf56669ff0bab1bed1c5bc4d,2026-07-22,251,285249896,0.063,,
approach,캐러멜블루칩,87266b84e636695078666852ca698af7,2026-07-13,251,297639073,0.065,,
approach,캐러멜블루칩,87266b84e636695078666852ca698af7,2026-07-14,251,297639073,0.065,,
approach,캐러멜블루칩,87266b84e636695078666852ca698af7,2026-07-15,251,297639073,0.065,,
approach,캐러멜블루칩,87266b84e636695078666852ca698af7,2026-07-16,251,297639073,0.065,,
approach,캐러멜블루칩,87266b84e636695078666852ca698af7,2026-07-17,251,297639073,0.065,,
approach,캐러멜블루칩,87266b84e636695078666852ca698af7,2026-07-18,251,297639073,0.065,,
approach,캐러멜블루칩,87266b84e636695078666852ca698af7,2026-07-19,251,297639073,0.065,,
approach,캐러멜블루칩,87266b84e636695078666852ca698af7,2026-07-20,251,297639073,0.065,523259,
approach,캐러멜블루칩,87266b84e636695078666852ca698af7,2026-07-21,251,297639073,0.065,,
approach,캐러멜블루칩,87266b84e636695078666852ca698af7,2026-07-22,251,297639073,0.065,,
approach,팔도네심벌레,6855066d677f4d82c718b51f44792155efe8d04e6d233bd35cf2fabdeb93fb0d,2026-07-13,251,280553877,0.146,,
approach,팔도네심벌레,6855066d677f4d82c718b51f44792155efe8d04e6d233bd35cf2fabdeb93fb0d,2026-07-14,251,280553877,0.146,,
approach,팔도네심벌레,6855066d677f4d82c718b51f44792155efe8d04e6d233bd35cf2fabdeb93fb0d,2026-07-15,251,280553877,0.146,,
approach,팔도네심벌레,6855066d677f4d82c718b51f44792155efe8d04e6d233bd35cf2fabdeb93fb0d,2026-07-16,251,280553877,0.146,,
approach,팔도네심벌레,6855066d677f4d82c718b51f44792155efe8d04e6d233bd35cf2fabdeb93fb0d,2026-07-17,251,280553877,0.146,,
approach,팔도네심벌레,6855066d677f4d82c718b51f44792155efe8d04e6d233bd35cf2fabdeb93fb0d,2026-07-18,251,280553877,0.146,,
approach,팔도네심벌레,6855066d677f4d82c718b51f44792155efe8d04e6d233bd35cf2fabdeb93fb0d,2026-07-19,251,280553877,0.146,,
approach,팔도네심벌레,6855066d677f4d82c718b51f44792155efe8d04e6d233bd35cf2fabdeb93fb0d,2026-07-20,251,280553877,0.146,30432,
approach,팔도네심벌레,6855066d677f4d82c718b51f44792155efe8d04e6d233bd35cf2fabdeb93fb0d,2026-07-21,251,280553877,0.146,,
approach,팔도네심벌레,6855066d677f4d82c718b51f44792155efe8d04e6d233bd35cf2fabdeb93fb0d,2026-07-22,251,280553877,0.146,,
approach,멀보노보노지,b5ed035821e53dbd9bca07cf6eaf8950,2026-07-13,251,217093553,0.113,,
approach,멀보노보노지,b5ed035821e53dbd9bca07cf6eaf8950,2026-07-14,251,217093553,0.113,,
approach,멀보노보노지,b5ed035821e53dbd9bca07cf6eaf8950,2026-07-15,251,217093553,0.113,,
approach,멀보노보노지,b5ed035821e53dbd9bca07cf6eaf8950,2026-07-16,251,217093553,0.113,,
approach,멀보노보노지,b5ed035821e53dbd9bca07cf6eaf8950,2026-07-17,251,217093553,0.113,,
approach,멀보노보노지,b5ed035821e53dbd9bca07cf6eaf8950,2026-07-18,251,217093553,0.113,,
approach,멀보노보노지,b5ed035821e53dbd9bca07cf6eaf8950,2026-07-19,251,217093553,0.113,,
approach,멀보노보노지,b5ed035821e53dbd9bca07cf6eaf8950,2026-07-20,251,217093553,0.113,905551,
approach,멀보노보노지,b5ed035821e53dbd9bca07cf6eaf8950,2026-07-21,251,217093553,0.113,,
approach,멀보노보노지,b5ed035821e53dbd9bca07cf6eaf8950,2026-07-22,251,217093553,0.113,,
approach,매횻메세,bff6885bacfc82ff50f6a7bccd7f8e19,2026-07-13,251,253883735,0.132,,
approach,매횻메세,bff6885bacfc82ff50f6a7bccd7f8e19,2026-07-14,251,253883735,0.132,,
approach,매횻메세,bff6885bacfc82ff50f6a7bccd7f8e19,2026-07-15,251,253883735,0.132,,
approach,매횻메세,bff6885bacfc82ff50f6a7bccd7f8e19,2026-07-16,251,253883735,0.132,,
approach,매횻메세,bff6885bacfc82ff50f6a7bccd7f8e19,2026-07-17,251,253883735,0.132,,
approach,매횻메세,bff6885bacfc82ff50f6a7bccd7f8e19,2026-07-18,251,253883735,0.132,,
approach,매횻메세,bff6885bacfc82ff50f6a7bccd7f8e19,2026-07-19,251,253883735,0.132,,
approach,매횻메세,bff6885bacfc82ff50f6a7bccd7f8e19,2026-07-20,251,253883735,0.132,10216231,
approach,매횻메세,bff6885bacfc82ff50f6a7bccd7f8e19,2026-07-21,251,253883735,0.132,,
approach,매횻메세,bff6885bacfc82ff50f6a7bccd7f8e19,2026-07-22,251,253883735,0.132,,
approach,스나고무,55923c87be2e0e0638a50314b5c46532efe8d04e6d233bd35cf2fabdeb93fb0d,2026-07-13,251,295228754,0.154,,
approach,스나고무,55923c87be2e0e0638a50314b5c46532efe8d04e6d233bd35cf2fabdeb93fb0d,2026-07-14,251,295228754,0.154,,
approach,스나고무,55923c87be2e0e0638a50314b5c46532efe8d04e6d233bd35cf2fabdeb93fb0d,2026-07-15,251,295228754,0.154,,
approach,스나고무,55923c87be2e0e0638a50314b5c46532efe8d04e6d233bd35cf2fabdeb93fb0d,2026-07-16,251,295228754,0.154,,
approach,스나고무,55923c87be2e0e0638a50314b5c46532efe8d04e6d233bd35cf2fabdeb93fb0d,2026-07-17,251,295228754,0.154,,
approach,스나고무,55923c87be2e0e0638a50314b5c46532efe8d04e6d233bd35cf2fabdeb93fb0d,2026-07-18,251,295228754,0.154,,
approach,스나고무,55923c87be2e0e0638a50314b5c46532efe8d04e6d233bd35cf2fabdeb93fb0d,2026-07-19,251,295228754,0.154,,
approach,스나고무,55923c87be2e0e0638a50314b5c46532efe8d04e6d233bd35cf2fabdeb93fb0d,2026-07-20,251,295228754,0.154,288908,
approach,스나고무,55923c87be2e0e0638a50314b5c46532efe8d04e6d233bd35cf2fabdeb93fb0d,2026-07-21,251,295228754,0.154,,
approach,스나고무,55923c87be2e0e0638a50314b5c46532efe8d04e6d233bd35cf2fabdeb93fb0d,2026-07-22,251,295228754,0.154,,
approach,일리움추천,305cfeffbf0e3cd3f77e03d3017accd3,2026-07-13,251,305610731,0.159,,
approach,일리움추천,305cfeffbf0e3cd3f77e03d3017accd3,2026-07-14,251,305610731,0.159,,
approach,일리움추천,305cfeffbf0e3cd3f77e03d3017accd3,2026-07-15,251,305610731,0.159,,
approach,일리움추천,305cfeffbf0e3cd3f77e03d3017accd3,2026-07-16,251,305610731,0.159,,
approach,일리움추천,305cfeffbf0e3cd3f77e03d3017accd3,2026-07-17,251,305610731,0.159,,
approach,일리움추천,305cfeffbf0e3cd3f77e03d3017accd3,2026-07-18,251,305610731,0.159,,
approach,일리움추천,305cfeffbf0e3cd3f77e03d3017accd3,2026-07-19,251,305610731,0.159,,
approach,일리움추천,305cfeffbf0e3cd3f77e03d3017accd3,2026-07-20,251,305610731,0.159,78638,
approach,일리움추천,305cfeffbf0e3cd3f77e03d3017accd3,2026-07-21,251,305610731,0.159,,
approach,일리움추천,305cfeffbf0e3cd3f77e03d3017accd3,2026-07-22,251,305610731,0.159,,
approach,도히부캐11,9571870c7ab6da06db11cabb2131cb75,2026-07-13,251,323424283,0.168,,
approach,도히부캐11,9571870c7ab6da06db11cabb2131cb75,2026-07-14,251,323424283,0.168,,
approach,도히부캐11,9571870c7ab6da06db11cabb2131cb75,2026-07-15,251,323424283,0.168,,
approach,도히부캐11,9571870c7ab6da06db11cabb2131cb75,2026-07-16,251,323424283,0.168,,
approach,도히부캐11,9571870c7ab6da06db11cabb2131cb75,2026-07-17,251,323424283,0.168,,
approach,도히부캐11,9571870c7ab6da06db11cabb2131cb75,2026-07-18,251,323424283,0.168,,
approach,도히부캐11,9571870c7ab6da06db11cabb2131cb75,2026-07-19,251,323424283,0.168,,
approach,도히부캐11,9571870c7ab6da06db11cabb2131cb75,2026-07-20,251,323424283,0.168,71036,
approach,도히부캐11,9571870c7ab6da06db11cabb2131cb75,2026-07-21,251,323424283,0.168,,
approach,도히부캐11,9571870c7ab6da06db11cabb2131cb75,2026-07-22,251,323424283,0.168,,
approach,손구락뿌가각,83f4e2358ce7c0c2b497c7c61ee60d86efe8d04e6d233bd35cf2fabdeb93fb0d,2026-07-13,251,263524409,0.137,,
approach,손구락뿌가각,83f4e2358ce7c0c2b497c7c61ee60d86efe8d04e6d233bd35cf2fabdeb93fb0d,2026-07-14,251,263524409,0.137,,
approach,손구락뿌가각,83f4e2358ce7c0c2b497c7c61ee60d86efe8d04e6d233bd35cf2fabdeb93fb0d,2026-07-15,251,263524409,0.137,,
approach,손구락뿌가각,83f4e2358ce7c0c2b497c7c61ee60d86efe8d04e6d233bd35cf2fabdeb93fb0d,2026-07-16,251,263524409,0.137,,
approach,손구락뿌가각,83f4e2358ce7c0c2b497c7c61ee60d86efe8d04e6d233bd35cf2fabdeb93fb0d,2026-07-17,251,263524409,0.137,,
approach,손구락뿌가각,83f4e2358ce7c0c2b497c7c61ee60d86efe8d04e6d233bd35cf2fabdeb93fb0d,2026-07-18,251,263524409,0.137,,
approach,손구락뿌가각,83f4e2358ce7c0c2b497c7c61ee60d86efe8d04e6d233bd35cf2fabdeb93fb0d,2026-07-19,251,263524409,0.137,,
approach,손구락뿌가각,83f4e2358ce7c0c2b497c7c61ee60d86efe8d04e6d233bd35cf2fabdeb93fb0d,2026-07-20,251,263524409,0.137,74335,
approach,손구락뿌가각,83f4e2358ce7c0c2b497c7c61ee60d86efe8d04e6d233bd35cf2fabdeb93fb0d,2026-07-21,251,263524409,0.137,,
approach,손구락뿌가각,83f4e2358ce7c0c2b497c7c61ee60d86efe8d04e6d233bd35cf2fabdeb93fb0d,2026-07-22,251,263524409,0.137,,
approach,시연울,aba231fdbe664aa914935b01fe006444,2026-07-13,251,240375461,0.125,,
approach,시연울,aba231fdbe664aa914935b01fe006444,2026-07-14,251,240375461,0.125,,
approach,시연울,aba231fdbe664aa914935b01fe006444,2026-07-15,251,240375461,0.125,,
approach,시연울,aba231fdbe664aa914935b01fe006444,2026-07-16,251,240375461,0.125,,
approach,시연울,aba231fdbe664aa914935b01fe006444,2026-07-17,251,240375461,0.125,,
approach,시연울,aba231fdbe664aa914935b01fe006444,2026-07-18,251,240375461,0.125,,
approach,시연울,aba231fdbe664aa914935b01fe006444,2026-07-19,251,240375461,0.125,,
approach,시연울,aba231fdbe664aa914935b01fe006444,2026-07-20,251,240375461,0.125,94121,
approach,시연울,aba231fdbe664aa914935b01fe006444,2026-07-21,251,240375461,0.125,,
approach,시연울,aba231fdbe664aa914935b01fe006444,2026-07-22,251,240375461,0.125,,
approach,유뇬육쳔,e00da408ba47c005755c7a2811feb194,2026-07-13,251,314616571,0.164,,
approach,유뇬육쳔,e00da408ba47c005755c7a2811feb194,2026-07-14,251,314616571,0.164,,
approach,유뇬육쳔,e00da408ba47c005755c7a2811feb194,2026-07-15,251,314616571,0.164,,
approach,유뇬육쳔,e00da408ba47c005755c7a2811feb194,2026-07-16,251,314616571,0.164,,
approach,유뇬육쳔,e00da408ba47c005755c7a2811feb194,2026-07-17,251,314616571,0.164,,
approach,유뇬육쳔,e00da408ba47c005755c7a2811feb194,2026-07-18,251,314616571,0.164,,
approach,유뇬육쳔,e00da408ba47c005755c7a2811feb194,2026-07-19,251,314616571,0.164,,
approach,유뇬육쳔,e00da408ba47c005755c7a2811feb194,2026-07-20,251,314616571,0.164,461891,
approach,유뇬육쳔,e00da408ba47c005755c7a2811feb194,2026-07-21,251,314616571,0.164,,
approach,유뇬육쳔,e00da408ba47c005755c7a2811feb194,2026-07-22,251,314616571,0.164,,
approach,심대현,c20021b1694bd9aad5407c79700f38c4,2026-07-13,251,225275885,0.049,,
approach,심대현,c20021b1694bd9aad5407c79700f38c4,2026-07-14,251,225275885,0.049,,
approach,심대현,c20021b1694bd9aad5407c79700f38c4,2026-07-15,251,225275885,0.049,,
approach,심대현,c20021b1694bd9aad5407c79700f38c4,2026-07-16,251,225275885,0.049,,
approach,심대현,c20021b1694bd9aad5407c79700f38c4,2026-07-17,251,225275885,0.049,,
approach,심대현,c20021b1694bd9aad5407c79700f38c4,2026-07-18,251,225275885,0.049,,
approach,심대현,c20021b1694bd9aad5407c79700f38c4,2026-07-19,251,225275885,0.049,,
approach,심대현,c20021b1694bd9aad5407c79700f38c4,2026-07-20,251,225275885,0.049,1537609,
approach,심대현,c20021b1694bd9aad5407c79700f38c4,2026-07-21,251,225275885,0.049,,
approach,심대현,c20021b1694bd9aad5407c79700f38c4,2026-07-22,251,225275885,0.049,,
approach,찍먹해봄윈브,e92a7e93bc87365072e003a17824974fefe8d04e6d233bd35cf2fabdeb93fb0d,2026-07-13,251,265920284,0.138,,
approach,찍먹해봄윈브,e92a7e93bc87365072e003a17824974fefe8d04e6d233bd35cf2fabdeb93fb0d,2026-07-14,251,265920284,0.138,,
approach,찍먹해봄윈브,e92a7e93bc87365072e003a17824974fefe8d04e6d233bd35cf2fabdeb93fb0d,2026-07-15,251,265920284,0.138,,
approach,찍먹해봄윈브,e92a7e93bc87365072e003a17824974fefe8d04e6d233bd35cf2fabdeb93fb0d,2026-07-16,251,265920284,0.138,,
approach,찍먹해봄윈브,e92a7e93bc87365072e003a17824974fefe8d04e6d233bd35cf2fabdeb93fb0d,2026-07-17,251,265920284,0.138,,
approach,찍먹해봄윈브,e92a7e93bc87365072e003a17824974fefe8d04e6d233bd35cf2fabdeb93fb0d,2026-07-18,251,265920284,0.138,,
approach,찍먹해봄윈브,e92a7e93bc87365072e003a17824974fefe8d04e6d233bd35cf2fabdeb93fb0d,2026-07-19,251,265920284,0.138,,
approach,찍먹해봄윈브,e92a7e93bc87365072e003a17824974fefe8d04e6d233bd35cf2fabdeb93fb0d,2026-07-20,251,265920284,0.138,199461,
approach,찍먹해봄윈브,e92a7e93bc87365072e003a17824974fefe8d04e6d233bd35cf2fabdeb93fb0d,2026-07-21,251,265920284,0.138,,
approach,찍먹해봄윈브,e92a7e93bc87365072e003a17824974fefe8d04e6d233bd35cf2fabdeb93fb0d,2026-07-22,251,265920284,0.138,,
approach,얜머리색이,b5ce5a289a3a4755cb2a5a22f7a4214eefe8d04e6d233bd35cf2fabdeb93fb0d,2026-07-13,251,299227481,0.156,,
approach,얜머리색이,b5ce5a289a3a4755cb2a5a22f7a4214eefe8d04e6d233bd35cf2fabdeb93fb0d,2026-07-14,251,299227481,0.156,,
approach,얜머리색이,b5ce5a289a3a4755cb2a5a22f7a4214eefe8d04e6d233bd35cf2fabdeb93fb0d,2026-07-15,251,299227481,0.156,,
approach,얜머리색이,b5ce5a289a3a4755cb2a5a22f7a4214eefe8d04e6d233bd35cf2fabdeb93fb0d,2026-07-16,251,299227481,0.156,,
approach,얜머리색이,b5ce5a289a3a4755cb2a5a22f7a4214eefe8d04e6d233bd35cf2fabdeb93fb0d,2026-07-17,251,299227481,0.156,,
approach,얜머리색이,b5ce5a289a3a4755cb2a5a22f7a4214eefe8d04e6d233bd35cf2fabdeb93fb0d,2026-07-18,251,299227481,0.156,,
approach,얜머리색이,b5ce5a289a3a4755cb2a5a22f7a4214eefe8d04e6d233bd35cf2fabdeb93fb0d,2026-07-19,251,299227481,0.156,,
approach,얜머리색이,b5ce5a289a3a4755cb2a5a22f7a4214eefe8d04e6d233bd35cf2fabdeb93fb0d,2026-07-20,251,299227481,0.156,136027,
approach,얜머리색이,b5ce5a289a3a4755cb2a5a22f7a4214eefe8d04e6d233bd35cf2fabdeb93fb0d,2026-07-21,251,299227481,0.156,,
approach,얜머리색이,b5ce5a289a3a4755cb2a5a22f7a4214eefe8d04e6d233bd35cf2fabdeb93fb0d,2026-07-22,251,299227481,0.156,,
approach,팬텀DOe,0cb779fb0a69e1c7805cc510e7db7e8c,2026-07-13,251,249681460,0.130,,
approach,팬텀DOe,0cb779fb0a69e1c7805cc510e7db7e8c,2026-07-14,251,249681460,0.130,,
approach,팬텀DOe,0cb779fb0a69e1c7805cc510e7db7e8c,2026-07-15,251,249681460,0.130,,
approach,팬텀DOe,0cb779fb0a69e1c7805cc510e7db7e8c,2026-07-16,251,249681460,0.130,,
approach,팬텀DOe,0cb779fb0a69e1c7805cc510e7db7e8c,2026-07-17,251,249681460,0.130,,
approach,팬텀DOe,0cb779fb0a69e1c7805cc510e7db7e8c,2026-07-18,251,249681460,0.130,,
approach,팬텀DOe,0cb779fb0a69e1c7805cc510e7db7e8c,2026-07-19,251,249681460,0.130,,
approach,팬텀DOe,0cb779fb0a69e1c7805cc510e7db7e8c,2026-07-20,251,249681460,0.130,681035,
approach,팬텀DOe,0cb779fb0a69e1c7805cc510e7db7e8c,2026-07-21,251,249681460,0.130,,
approach,팬텀DOe,0cb779fb0a69e1c7805cc510e7db7e8c,2026-07-22,251,249681460,0.130,,
approach,르르중독,e159db7a13d77b1f596ed8e07832c6f2,2026-07-13,251,295986574,0.065,,
approach,르르중독,e159db7a13d77b1f596ed8e07832c6f2,2026-07-14,251,295986574,0.065,,
approach,르르중독,e159db7a13d77b1f596ed8e07832c6f2,2026-07-15,251,295986574,0.065,,
approach,르르중독,e159db7a13d77b1f596ed8e07832c6f2,2026-07-16,251,295986574,0.065,,
approach,르르중독,e159db7a13d77b1f596ed8e07832c6f2,2026-07-17,251,295986574,0.065,,
approach,르르중독,e159db7a13d77b1f596ed8e07832c6f2,2026-07-18,251,295986574,0.065,,
approach,르르중독,e159db7a13d77b1f596ed8e07832c6f2,2026-07-19,251,295986574,0.065,,
approach,르르중독,e159db7a13d77b1f596ed8e07832c6f2,2026-07-20,251,295986574,0.065,1201661,
approach,르르중독,e159db7a13d77b1f596ed8e07832c6f2,2026-07-21,251,295986574,0.065,,
approach,르르중독,e159db7a13d77b1f596ed8e07832c6f2,2026-07-22,251,295986574,0.065,,
approach,링크뎀증쳐,47a966bff577aca778ca725ef1c1b39f,2026-07-13,251,285788892,0.149,,
approach,링크뎀증쳐,47a966bff577aca778ca725ef1c1b39f,2026-07-14,251,285788892,0.149,,
approach,링크뎀증쳐,47a966bff577aca778ca725ef1c1b39f,2026-07-15,251,285788892,0.149,,
approach,링크뎀증쳐,47a966bff577aca778ca725ef1c1b39f,2026-07-16,251,285788892,0.149,,
approach,링크뎀증쳐,47a966bff577aca778ca725ef1c1b39f,2026-07-17,251,285788892,0.149,,
approach,링크뎀증쳐,47a966bff577aca778ca725ef1c1b39f,2026-07-18,251,285788892,0.149,,
approach,링크뎀증쳐,47a966bff577aca778ca725ef1c1b39f,2026-07-19,251,285788892,0.149,,
approach,링크뎀증쳐,47a966bff577aca778ca725ef1c1b39f,2026-07-20,251,285788892,0.149,65470,
approach,링크뎀증쳐,47a966bff577aca778ca725ef1c1b39f,2026-07-21,251,285788892,0.149,,
approach,링크뎀증쳐,47a966bff577aca778ca725ef1c1b39f,2026-07-22,251,285788892,0.149,,
approach,강약중펀치,4e8bfec395849e40f0b917600eb2c4d2,2026-07-13,251,258936700,0.135,,
approach,강약중펀치,4e8bfec395849e40f0b917600eb2c4d2,2026-07-14,251,258936700,0.135,,
approach,강약중펀치,4e8bfec395849e40f0b917600eb2c4d2,2026-07-15,251,258936700,0.135,,
approach,강약중펀치,4e8bfec395849e40f0b917600eb2c4d2,2026-07-16,251,258936700,0.135,,
approach,강약중펀치,4e8bfec395849e40f0b917600eb2c4d2,2026-07-17,251,258936700,0.135,,
approach,강약중펀치,4e8bfec395849e40f0b917600eb2c4d2,2026-07-18,251,258936700,0.135,,
approach,강약중펀치,4e8bfec395849e40f0b917600eb2c4d2,2026-07-19,251,258936700,0.135,,
approach,강약중펀치,4e8bfec395849e40f0b917600eb2c4d2,2026-07-20,251,258936700,0.135,67533,
approach,강약중펀치,4e8bfec395849e40f0b917600eb2c4d2,2026-07-21,251,258936700,0.135,,
approach,강약중펀치,4e8bfec395849e40f0b917600eb2c4d2,2026-07-22,251,258936700,0.135,,
approach,강1해린,9ed67ef8c429ba060d68291226aff039,2026-07-13,251,242940085,0.053,,
approach,강1해린,9ed67ef8c429ba060d68291226aff039,2026-07-14,251,242940085,0.053,,
approach,강1해린,9ed67ef8c429ba060d68291226aff039,2026-07-15,251,242940085,0.053,,
approach,강1해린,9ed67ef8c429ba060d68291226aff039,2026-07-16,251,242940085,0.053,,
approach,강1해린,9ed67ef8c429ba060d68291226aff039,2026-07-17,251,242940085,0.053,,
approach,강1해린,9ed67ef8c429ba060d68291226aff039,2026-07-18,251,242940085,0.053,,
approach,강1해린,9ed67ef8c429ba060d68291226aff039,2026-07-19,251,242940085,0.053,,
approach,강1해린,9ed67ef8c429ba060d68291226aff039,2026-07-20,251,242940085,0.053,0,
approach,강1해린,9ed67ef8c429ba060d68291226aff039,2026-07-21,251,242940085,0.053,,
approach,강1해린,9ed67ef8c429ba060d68291226aff039,2026-07-22,251,242940085,0.053,,
approach,스마일지니,05d4a39d0022c9aa2275881d4e42185a,2026-07-13,251,311355052,0.162,,
approach,스마일지니,05d4a39d0022c9aa2275881d4e42185a,2026-07-14,251,311355052,0.162,,
approach,스마일지니,05d4a39d0022c9aa2275881d4e42185a,2026-07-15,251,311355052,0.162,,
approach,스마일지니,05d4a39d0022c9aa2275881d4e42185a,2026-07-16,251,311355052,0.162,,
approach,스마일지니,05d4a39d0022c9aa2275881d4e42185a,2026-07-17,251,311355052,0.162,,
approach,스마일지니,05d4a39d0022c9aa2275881d4e42185a,2026-07-18,251,311355052,0.162,,
approach,스마일지니,05d4a39d0022c9aa2275881d4e42185a,2026-07-19,251,311355052,0.162,,
approach,스마일지니,05d4a39d0022c9aa2275881d4e42185a,2026-07-20,251,311355052,0.162,448409,
approach,스마일지니,05d4a39d0022c9aa2275881d4e42185a,2026-07-21,251,311355052,0.162,,
approach,스마일지니,05d4a39d0022c9aa2275881d4e42185a,2026-07-22,251,311355052,0.162,,
approach,범구름과자,cbc3bc70542c363fcad1cfc3e803f161,2026-07-13,,,,,http_400
approach,범구름과자,cbc3bc70542c363fcad1cfc3e803f161,2026-07-14,,,,,http_400
approach,범구름과자,cbc3bc70542c363fcad1cfc3e803f161,2026-07-15,,,,,http_400
approach,범구름과자,cbc3bc70542c363fcad1cfc3e803f161,2026-07-16,,,,,http_400
approach,범구름과자,cbc3bc70542c363fcad1cfc3e803f161,2026-07-17,,,,,http_400
approach,범구름과자,cbc3bc70542c363fcad1cfc3e803f161,2026-07-18,,,,,http_400
approach,범구름과자,cbc3bc70542c363fcad1cfc3e803f161,2026-07-19,,,,,http_400
approach,범구름과자,cbc3bc70542c363fcad1cfc3e803f161,2026-07-20,,,,,http_400
approach,범구름과자,cbc3bc70542c363fcad1cfc3e803f161,2026-07-21,,,,,http_400
approach,범구름과자,cbc3bc70542c363fcad1cfc3e803f161,2026-07-22,,,,,http_400
approach,아임메카닉s,79baa3faa63af29591f1310fd1f90889efe8d04e6d233bd35cf2fabdeb93fb0d,2026-07-13,251,272309197,0.142,,
approach,아임메카닉s,79baa3faa63af29591f1310fd1f90889efe8d04e6d233bd35cf2fabdeb93fb0d,2026-07-14,251,272309197,0.142,,
approach,아임메카닉s,79baa3faa63af29591f1310fd1f90889efe8d04e6d233bd35cf2fabdeb93fb0d,2026-07-15,251,272309197,0.142,,
approach,아임메카닉s,79baa3faa63af29591f1310fd1f90889efe8d04e6d233bd35cf2fabdeb93fb0d,2026-07-16,251,272309197,0.142,,
approach,아임메카닉s,79baa3faa63af29591f1310fd1f90889efe8d04e6d233bd35cf2fabdeb93fb0d,2026-07-17,251,272309197,0.142,,
approach,아임메카닉s,79baa3faa63af29591f1310fd1f90889efe8d04e6d233bd35cf2fabdeb93fb0d,2026-07-18,251,272309197,0.142,,
approach,아임메카닉s,79baa3faa63af29591f1310fd1f90889efe8d04e6d233bd35cf2fabdeb93fb0d,2026-07-19,251,272309197,0.142,,
approach,아임메카닉s,79baa3faa63af29591f1310fd1f90889efe8d04e6d233bd35cf2fabdeb93fb0d,2026-07-20,251,272309197,0.142,25158,
approach,아임메카닉s,79baa3faa63af29591f1310fd1f90889efe8d04e6d233bd35cf2fabdeb93fb0d,2026-07-21,251,272309197,0.142,,
approach,아임메카닉s,79baa3faa63af29591f1310fd1f90889efe8d04e6d233bd35cf2fabdeb93fb0d,2026-07-22,251,272309197,0.142,,
approach,아욱당,39a13ddefe1734fe15e030af6ea579d6,2026-07-13,251,275998522,0.061,,
approach,아욱당,39a13ddefe1734fe15e030af6ea579d6,2026-07-14,251,275998522,0.061,,
approach,아욱당,39a13ddefe1734fe15e030af6ea579d6,2026-07-15,251,275998522,0.061,,
approach,아욱당,39a13ddefe1734fe15e030af6ea579d6,2026-07-16,251,275998522,0.061,,
approach,아욱당,39a13ddefe1734fe15e030af6ea579d6,2026-07-17,251,275998522,0.061,,
approach,아욱당,39a13ddefe1734fe15e030af6ea579d6,2026-07-18,251,275998522,0.061,,
approach,아욱당,39a13ddefe1734fe15e030af6ea579d6,2026-07-19,251,275998522,0.061,,
approach,아욱당,39a13ddefe1734fe15e030af6ea579d6,2026-07-20,251,275998522,0.061,156805,
approach,아욱당,39a13ddefe1734fe15e030af6ea579d6,2026-07-21,251,275998522,0.061,,
approach,아욱당,39a13ddefe1734fe15e030af6ea579d6,2026-07-22,251,275998522,0.061,,
approach,Arcides,4a6601bac5a33385958506be9c201eaa,2026-07-13,251,239611925,0.125,,
approach,Arcides,4a6601bac5a33385958506be9c201eaa,2026-07-14,251,239611925,0.125,,
approach,Arcides,4a6601bac5a33385958506be9c201eaa,2026-07-15,251,239611925,0.125,,
approach,Arcides,4a6601bac5a33385958506be9c201eaa,2026-07-16,251,239611925,0.125,,
approach,Arcides,4a6601bac5a33385958506be9c201eaa,2026-07-17,251,239611925,0.125,,
approach,Arcides,4a6601bac5a33385958506be9c201eaa,2026-07-18,251,239611925,0.125,,
approach,Arcides,4a6601bac5a33385958506be9c201eaa,2026-07-19,251,239611925,0.125,,
approach,Arcides,4a6601bac5a33385958506be9c201eaa,2026-07-20,251,239611925,0.125,38888,
approach,Arcides,4a6601bac5a33385958506be9c201eaa,2026-07-21,251,239611925,0.125,,
approach,Arcides,4a6601bac5a33385958506be9c201eaa,2026-07-22,251,239611925,0.125,,
approach,란영월,5bbb424bcbeecdff87dfbda3c7733644,2026-07-13,251,260441230,0.057,,
approach,란영월,5bbb424bcbeecdff87dfbda3c7733644,2026-07-14,251,260441230,0.057,,
approach,란영월,5bbb424bcbeecdff87dfbda3c7733644,2026-07-15,251,260441230,0.057,,
approach,란영월,5bbb424bcbeecdff87dfbda3c7733644,2026-07-16,251,260441230,0.057,,
approach,란영월,5bbb424bcbeecdff87dfbda3c7733644,2026-07-17,251,260441230,0.057,,
approach,란영월,5bbb424bcbeecdff87dfbda3c7733644,2026-07-18,251,260441230,0.057,,
approach,란영월,5bbb424bcbeecdff87dfbda3c7733644,2026-07-19,251,260441230,0.057,,
approach,란영월,5bbb424bcbeecdff87dfbda3c7733644,2026-07-20,251,260441230,0.057,1255897,
approach,란영월,5bbb424bcbeecdff87dfbda3c7733644,2026-07-21,251,260441230,0.057,,
approach,란영월,5bbb424bcbeecdff87dfbda3c7733644,2026-07-22,251,260441230,0.057,,
approach,메르세데크스,1909b188015b35952643008ab422587b,2026-07-13,251,325194757,0.071,,
approach,메르세데크스,1909b188015b35952643008ab422587b,2026-07-14,251,325194757,0.071,,
approach,메르세데크스,1909b188015b35952643008ab422587b,2026-07-15,251,325194757,0.071,,
approach,메르세데크스,1909b188015b35952643008ab422587b,2026-07-16,251,325194757,0.071,,
approach,메르세데크스,1909b188015b35952643008ab422587b,2026-07-17,251,325194757,0.071,,
approach,메르세데크스,1909b188015b35952643008ab422587b,2026-07-18,251,325194757,0.071,,
approach,메르세데크스,1909b188015b35952643008ab422587b,2026-07-19,251,325194757,0.071,,
approach,메르세데크스,1909b188015b35952643008ab422587b,2026-07-20,251,325194757,0.071,0,
approach,메르세데크스,1909b188015b35952643008ab422587b,2026-07-21,251,325194757,0.071,,
approach,메르세데크스,1909b188015b35952643008ab422587b,2026-07-22,251,325194757,0.071,,
approach,맛있는귤나나,8f251784b2814023bd61b7ad71bf9d46,2026-07-13,251,304451813,0.158,,
approach,맛있는귤나나,8f251784b2814023bd61b7ad71bf9d46,2026-07-14,251,304451813,0.158,,
approach,맛있는귤나나,8f251784b2814023bd61b7ad71bf9d46,2026-07-15,251,304451813,0.158,,
approach,맛있는귤나나,8f251784b2814023bd61b7ad71bf9d46,2026-07-16,251,304451813,0.158,,
approach,맛있는귤나나,8f251784b2814023bd61b7ad71bf9d46,2026-07-17,251,304451813,0.158,,
approach,맛있는귤나나,8f251784b2814023bd61b7ad71bf9d46,2026-07-18,251,304451813,0.158,,
approach,맛있는귤나나,8f251784b2814023bd61b7ad71bf9d46,2026-07-19,251,304451813,0.158,,
approach,맛있는귤나나,8f251784b2814023bd61b7ad71bf9d46,2026-07-20,251,304451813,0.158,188399,
approach,맛있는귤나나,8f251784b2814023bd61b7ad71bf9d46,2026-07-21,251,304451813,0.158,,
approach,맛있는귤나나,8f251784b2814023bd61b7ad71bf9d46,2026-07-22,251,304451813,0.158,,
approach,여우유리제로,0aa6896bcd1259d4473ee561c4f93031,2026-07-13,251,213665167,0.047,,
approach,여우유리제로,0aa6896bcd1259d4473ee561c4f93031,2026-07-14,251,213665167,0.047,,
approach,여우유리제로,0aa6896bcd1259d4473ee561c4f93031,2026-07-15,251,213665167,0.047,,
approach,여우유리제로,0aa6896bcd1259d4473ee561c4f93031,2026-07-16,251,213665167,0.047,,
approach,여우유리제로,0aa6896bcd1259d4473ee561c4f93031,2026-07-17,251,213665167,0.047,,
approach,여우유리제로,0aa6896bcd1259d4473ee561c4f93031,2026-07-18,251,213665167,0.047,,
approach,여우유리제로,0aa6896bcd1259d4473ee561c4f93031,2026-07-19,251,213665167,0.047,,
approach,여우유리제로,0aa6896bcd1259d4473ee561c4f93031,2026-07-20,251,213665167,0.047,924997,
approach,여우유리제로,0aa6896bcd1259d4473ee561c4f93031,2026-07-21,251,213665167,0.047,,
approach,여우유리제로,0aa6896bcd1259d4473ee561c4f93031,2026-07-22,251,213665167,0.047,,
approach,실체조아,9aef3930d0c4bb12db2553fec19725c6,2026-07-13,251,315290107,0.164,,
approach,실체조아,9aef3930d0c4bb12db2553fec19725c6,2026-07-14,251,315290107,0.164,,
approach,실체조아,9aef3930d0c4bb12db2553fec19725c6,2026-07-15,251,315290107,0.164,,
approach,실체조아,9aef3930d0c4bb12db2553fec19725c6,2026-07-16,251,315290107,0.164,,
approach,실체조아,9aef3930d0c4bb12db2553fec19725c6,2026-07-17,251,315290107,0.164,,
approach,실체조아,9aef3930d0c4bb12db2553fec19725c6,2026-07-18,251,315290107,0.164,,
approach,실체조아,9aef3930d0c4bb12db2553fec19725c6,2026-07-19,251,315290107,0.164,,
approach,실체조아,9aef3930d0c4bb12db2553fec19725c6,2026-07-20,251,315290107,0.164,1217048,
approach,실체조아,9aef3930d0c4bb12db2553fec19725c6,2026-07-21,251,315290107,0.164,,
approach,실체조아,9aef3930d0c4bb12db2553fec19725c6,2026-07-22,251,315290107,0.164,,
approach,스틸범이꿈임,5aa322ecf775df0f0d0a1785ed537400,2026-07-13,251,257401987,0.134,,
approach,스틸범이꿈임,5aa322ecf775df0f0d0a1785ed537400,2026-07-14,251,257401987,0.134,,
approach,스틸범이꿈임,5aa322ecf775df0f0d0a1785ed537400,2026-07-15,251,257401987,0.134,,
approach,스틸범이꿈임,5aa322ecf775df0f0d0a1785ed537400,2026-07-16,251,257401987,0.134,,
approach,스틸범이꿈임,5aa322ecf775df0f0d0a1785ed537400,2026-07-17,251,257401987,0.134,,
approach,스틸범이꿈임,5aa322ecf775df0f0d0a1785ed537400,2026-07-18,251,257401987,0.134,,
approach,스틸범이꿈임,5aa322ecf775df0f0d0a1785ed537400,2026-07-19,251,257401987,0.134,,
approach,스틸범이꿈임,5aa322ecf775df0f0d0a1785ed537400,2026-07-20,251,257401987,0.134,57337,
approach,스틸범이꿈임,5aa322ecf775df0f0d0a1785ed537400,2026-07-21,251,257401987,0.134,,
approach,스틸범이꿈임,5aa322ecf775df0f0d0a1785ed537400,2026-07-22,251,257401987,0.134,,
approach,뀨뛴,cb59c6496cd036703a81d247bd11885cefe8d04e6d233bd35cf2fabdeb93fb0d,2026-07-13,251,274558915,0.143,,
approach,뀨뛴,cb59c6496cd036703a81d247bd11885cefe8d04e6d233bd35cf2fabdeb93fb0d,2026-07-14,251,274558915,0.143,,
approach,뀨뛴,cb59c6496cd036703a81d247bd11885cefe8d04e6d233bd35cf2fabdeb93fb0d,2026-07-15,251,274558915,0.143,,
approach,뀨뛴,cb59c6496cd036703a81d247bd11885cefe8d04e6d233bd35cf2fabdeb93fb0d,2026-07-16,251,274558915,0.143,,
approach,뀨뛴,cb59c6496cd036703a81d247bd11885cefe8d04e6d233bd35cf2fabdeb93fb0d,2026-07-17,251,274558915,0.143,,
approach,뀨뛴,cb59c6496cd036703a81d247bd11885cefe8d04e6d233bd35cf2fabdeb93fb0d,2026-07-18,251,274558915,0.143,,
approach,뀨뛴,cb59c6496cd036703a81d247bd11885cefe8d04e6d233bd35cf2fabdeb93fb0d,2026-07-19,251,274558915,0.143,,
approach,뀨뛴,cb59c6496cd036703a81d247bd11885cefe8d04e6d233bd35cf2fabdeb93fb0d,2026-07-20,251,274558915,0.143,1254073,
approach,뀨뛴,cb59c6496cd036703a81d247bd11885cefe8d04e6d233bd35cf2fabdeb93fb0d,2026-07-21,251,274558915,0.143,,
approach,뀨뛴,cb59c6496cd036703a81d247bd11885cefe8d04e6d233bd35cf2fabdeb93fb0d,2026-07-22,251,274558915,0.143,,
approach,세열링크02,605fb808539073a96c4206e7e640be77,2026-07-13,251,259966621,0.057,,
approach,세열링크02,605fb808539073a96c4206e7e640be77,2026-07-14,251,259966621,0.057,,
approach,세열링크02,605fb808539073a96c4206e7e640be77,2026-07-15,251,259966621,0.057,,
approach,세열링크02,605fb808539073a96c4206e7e640be77,2026-07-16,251,259966621,0.057,,
approach,세열링크02,605fb808539073a96c4206e7e640be77,2026-07-17,251,259966621,0.057,,
approach,세열링크02,605fb808539073a96c4206e7e640be77,2026-07-18,251,259966621,0.057,,
approach,세열링크02,605fb808539073a96c4206e7e640be77,2026-07-19,251,259966621,0.057,,
approach,세열링크02,605fb808539073a96c4206e7e640be77,2026-07-20,251,259966621,0.057,491035,
approach,세열링크02,605fb808539073a96c4206e7e640be77,2026-07-21,251,259966621,0.057,,
approach,세열링크02,605fb808539073a96c4206e7e640be77,2026-07-22,251,259966621,0.057,,
approach,기오연,df5cd55b03b8cd0e1157e3b5224657d5,2026-07-13,251,224897143,0.117,,
approach,기오연,df5cd55b03b8cd0e1157e3b5224657d5,2026-07-14,251,224897143,0.117,,
approach,기오연,df5cd55b03b8cd0e1157e3b5224657d5,2026-07-15,251,224897143,0.117,,
approach,기오연,df5cd55b03b8cd0e1157e3b5224657d5,2026-07-16,251,224897143,0.117,,
approach,기오연,df5cd55b03b8cd0e1157e3b5224657d5,2026-07-17,251,224897143,0.117,,
approach,기오연,df5cd55b03b8cd0e1157e3b5224657d5,2026-07-18,251,224897143,0.117,,
approach,기오연,df5cd55b03b8cd0e1157e3b5224657d5,2026-07-19,251,224897143,0.117,,
approach,기오연,df5cd55b03b8cd0e1157e3b5224657d5,2026-07-20,251,224897143,0.117,802163,
approach,기오연,df5cd55b03b8cd0e1157e3b5224657d5,2026-07-21,251,224897143,0.117,,
approach,기오연,df5cd55b03b8cd0e1157e3b5224657d5,2026-07-22,251,224897143,0.117,,
approach,나는꾼사기꾼,f9e848284ba6645ab84607e606c60609efe8d04e6d233bd35cf2fabdeb93fb0d,2026-07-13,,,,,http_400
approach,나는꾼사기꾼,f9e848284ba6645ab84607e606c60609efe8d04e6d233bd35cf2fabdeb93fb0d,2026-07-14,,,,,http_400
approach,나는꾼사기꾼,f9e848284ba6645ab84607e606c60609efe8d04e6d233bd35cf2fabdeb93fb0d,2026-07-15,,,,,http_400
approach,나는꾼사기꾼,f9e848284ba6645ab84607e606c60609efe8d04e6d233bd35cf2fabdeb93fb0d,2026-07-16,,,,,http_400
approach,나는꾼사기꾼,f9e848284ba6645ab84607e606c60609efe8d04e6d233bd35cf2fabdeb93fb0d,2026-07-17,,,,,http_400
approach,나는꾼사기꾼,f9e848284ba6645ab84607e606c60609efe8d04e6d233bd35cf2fabdeb93fb0d,2026-07-18,,,,,http_400
approach,나는꾼사기꾼,f9e848284ba6645ab84607e606c60609efe8d04e6d233bd35cf2fabdeb93fb0d,2026-07-19,,,,,http_400
approach,나는꾼사기꾼,f9e848284ba6645ab84607e606c60609efe8d04e6d233bd35cf2fabdeb93fb0d,2026-07-20,,,,,http_400
approach,나는꾼사기꾼,f9e848284ba6645ab84607e606c60609efe8d04e6d233bd35cf2fabdeb93fb0d,2026-07-21,,,,,http_400
approach,나는꾼사기꾼,f9e848284ba6645ab84607e606c60609efe8d04e6d233bd35cf2fabdeb93fb0d,2026-07-22,,,,,http_400
approach,새송이버섯추,1bd2928b8d8129d097a1d799736fb6f8efe8d04e6d233bd35cf2fabdeb93fb0d,2026-07-13,251,318594324,0.166,,
approach,새송이버섯추,1bd2928b8d8129d097a1d799736fb6f8efe8d04e6d233bd35cf2fabdeb93fb0d,2026-07-14,251,318594324,0.166,,
approach,새송이버섯추,1bd2928b8d8129d097a1d799736fb6f8efe8d04e6d233bd35cf2fabdeb93fb0d,2026-07-15,251,318594324,0.166,,
approach,새송이버섯추,1bd2928b8d8129d097a1d799736fb6f8efe8d04e6d233bd35cf2fabdeb93fb0d,2026-07-16,251,318594324,0.166,,
approach,새송이버섯추,1bd2928b8d8129d097a1d799736fb6f8efe8d04e6d233bd35cf2fabdeb93fb0d,2026-07-17,251,318594324,0.166,,
approach,새송이버섯추,1bd2928b8d8129d097a1d799736fb6f8efe8d04e6d233bd35cf2fabdeb93fb0d,2026-07-18,251,318594324,0.166,,
approach,새송이버섯추,1bd2928b8d8129d097a1d799736fb6f8efe8d04e6d233bd35cf2fabdeb93fb0d,2026-07-19,251,318594324,0.166,,
approach,새송이버섯추,1bd2928b8d8129d097a1d799736fb6f8efe8d04e6d233bd35cf2fabdeb93fb0d,2026-07-20,251,318594324,0.166,0,
approach,새송이버섯추,1bd2928b8d8129d097a1d799736fb6f8efe8d04e6d233bd35cf2fabdeb93fb0d,2026-07-21,251,318594324,0.166,,
approach,새송이버섯추,1bd2928b8d8129d097a1d799736fb6f8efe8d04e6d233bd35cf2fabdeb93fb0d,2026-07-22,251,318594324,0.166,,
approach,AK222,12a9afa932aaeb46c827714e0baea222efe8d04e6d233bd35cf2fabdeb93fb0d,2026-07-13,251,311424857,0.162,,
approach,AK222,12a9afa932aaeb46c827714e0baea222efe8d04e6d233bd35cf2fabdeb93fb0d,2026-07-14,251,311424857,0.162,,
approach,AK222,12a9afa932aaeb46c827714e0baea222efe8d04e6d233bd35cf2fabdeb93fb0d,2026-07-15,251,311424857,0.162,,
approach,AK222,12a9afa932aaeb46c827714e0baea222efe8d04e6d233bd35cf2fabdeb93fb0d,2026-07-16,251,311424857,0.162,,
approach,AK222,12a9afa932aaeb46c827714e0baea222efe8d04e6d233bd35cf2fabdeb93fb0d,2026-07-17,251,311424857,0.162,,
approach,AK222,12a9afa932aaeb46c827714e0baea222efe8d04e6d233bd35cf2fabdeb93fb0d,2026-07-18,251,311424857,0.162,,
approach,AK222,12a9afa932aaeb46c827714e0baea222efe8d04e6d233bd35cf2fabdeb93fb0d,2026-07-19,251,311424857,0.162,,
approach,AK222,12a9afa932aaeb46c827714e0baea222efe8d04e6d233bd35cf2fabdeb93fb0d,2026-07-20,251,311424857,0.162,130698,
approach,AK222,12a9afa932aaeb46c827714e0baea222efe8d04e6d233bd35cf2fabdeb93fb0d,2026-07-21,251,311424857,0.162,,
approach,AK222,12a9afa932aaeb46c827714e0baea222efe8d04e6d233bd35cf2fabdeb93fb0d,2026-07-22,251,311424857,0.162,,
approach,여은자월자,349411c899a3eaf1784abed1025fbb53efe8d04e6d233bd35cf2fabdeb93fb0d,2026-07-13,251,242926009,0.053,,
approach,여은자월자,349411c899a3eaf1784abed1025fbb53efe8d04e6d233bd35cf2fabdeb93fb0d,2026-07-14,251,242926009,0.053,,
approach,여은자월자,349411c899a3eaf1784abed1025fbb53efe8d04e6d233bd35cf2fabdeb93fb0d,2026-07-15,251,242926009,0.053,,
approach,여은자월자,349411c899a3eaf1784abed1025fbb53efe8d04e6d233bd35cf2fabdeb93fb0d,2026-07-16,251,242926009,0.053,,
approach,여은자월자,349411c899a3eaf1784abed1025fbb53efe8d04e6d233bd35cf2fabdeb93fb0d,2026-07-17,251,242926009,0.053,,
approach,여은자월자,349411c899a3eaf1784abed1025fbb53efe8d04e6d233bd35cf2fabdeb93fb0d,2026-07-18,251,242926009,0.053,,
approach,여은자월자,349411c899a3eaf1784abed1025fbb53efe8d04e6d233bd35cf2fabdeb93fb0d,2026-07-19,251,242926009,0.053,,
approach,여은자월자,349411c899a3eaf1784abed1025fbb53efe8d04e6d233bd35cf2fabdeb93fb0d,2026-07-20,251,242926009,0.053,1334876,
approach,여은자월자,349411c899a3eaf1784abed1025fbb53efe8d04e6d233bd35cf2fabdeb93fb0d,2026-07-21,251,242926009,0.053,,
approach,여은자월자,349411c899a3eaf1784abed1025fbb53efe8d04e6d233bd35cf2fabdeb93fb0d,2026-07-22,251,242926009,0.053,,
approach,녘샹,fd627c2ce765b3adb8801845c1b102608295750b1f4857867454debc45ec9c8a,2026-07-13,251,232689909,0.121,,
approach,녘샹,fd627c2ce765b3adb8801845c1b102608295750b1f4857867454debc45ec9c8a,2026-07-14,251,232689909,0.121,,
approach,녘샹,fd627c2ce765b3adb8801845c1b102608295750b1f4857867454debc45ec9c8a,2026-07-15,251,232689909,0.121,,
approach,녘샹,fd627c2ce765b3adb8801845c1b102608295750b1f4857867454debc45ec9c8a,2026-07-16,251,232689909,0.121,,
approach,녘샹,fd627c2ce765b3adb8801845c1b102608295750b1f4857867454debc45ec9c8a,2026-07-17,251,232689909,0.121,,
approach,녘샹,fd627c2ce765b3adb8801845c1b102608295750b1f4857867454debc45ec9c8a,2026-07-18,251,232689909,0.121,,
approach,녘샹,fd627c2ce765b3adb8801845c1b102608295750b1f4857867454debc45ec9c8a,2026-07-19,251,232689909,0.121,,
approach,녘샹,fd627c2ce765b3adb8801845c1b102608295750b1f4857867454debc45ec9c8a,2026-07-20,251,232689909,0.121,0,
approach,녘샹,fd627c2ce765b3adb8801845c1b102608295750b1f4857867454debc45ec9c8a,2026-07-21,251,232689909,0.121,,
approach,녘샹,fd627c2ce765b3adb8801845c1b102608295750b1f4857867454debc45ec9c8a,2026-07-22,251,232689909,0.121,,
approach,이화어학원1,e737dc96d9c0ee45e2aaebe17e4512dfefe8d04e6d233bd35cf2fabdeb93fb0d,2026-07-13,251,280808951,0.146,,
approach,이화어학원1,e737dc96d9c0ee45e2aaebe17e4512dfefe8d04e6d233bd35cf2fabdeb93fb0d,2026-07-14,251,280808951,0.146,,
approach,이화어학원1,e737dc96d9c0ee45e2aaebe17e4512dfefe8d04e6d233bd35cf2fabdeb93fb0d,2026-07-15,251,280808951,0.146,,
approach,이화어학원1,e737dc96d9c0ee45e2aaebe17e4512dfefe8d04e6d233bd35cf2fabdeb93fb0d,2026-07-16,251,280808951,0.146,,
approach,이화어학원1,e737dc96d9c0ee45e2aaebe17e4512dfefe8d04e6d233bd35cf2fabdeb93fb0d,2026-07-17,251,280808951,0.146,,
approach,이화어학원1,e737dc96d9c0ee45e2aaebe17e4512dfefe8d04e6d233bd35cf2fabdeb93fb0d,2026-07-18,251,280808951,0.146,,
approach,이화어학원1,e737dc96d9c0ee45e2aaebe17e4512dfefe8d04e6d233bd35cf2fabdeb93fb0d,2026-07-19,251,280808951,0.146,,
approach,이화어학원1,e737dc96d9c0ee45e2aaebe17e4512dfefe8d04e6d233bd35cf2fabdeb93fb0d,2026-07-20,251,280808951,0.146,254947,
approach,이화어학원1,e737dc96d9c0ee45e2aaebe17e4512dfefe8d04e6d233bd35cf2fabdeb93fb0d,2026-07-21,251,280808951,0.146,,
approach,이화어학원1,e737dc96d9c0ee45e2aaebe17e4512dfefe8d04e6d233bd35cf2fabdeb93fb0d,2026-07-22,251,280808951,0.146,,
approach,엽엽시치,faf059742471b4531fb786b60f07fb17,2026-07-13,251,214730663,0.112,,
approach,엽엽시치,faf059742471b4531fb786b60f07fb17,2026-07-14,251,214730663,0.112,,
approach,엽엽시치,faf059742471b4531fb786b60f07fb17,2026-07-15,251,214730663,0.112,,
approach,엽엽시치,faf059742471b4531fb786b60f07fb17,2026-07-16,251,214730663,0.112,,
approach,엽엽시치,faf059742471b4531fb786b60f07fb17,2026-07-17,251,214730663,0.112,,
approach,엽엽시치,faf059742471b4531fb786b60f07fb17,2026-07-18,251,214730663,0.112,,
approach,엽엽시치,faf059742471b4531fb786b60f07fb17,2026-07-19,251,214730663,0.112,,
approach,엽엽시치,faf059742471b4531fb786b60f07fb17,2026-07-20,251,214730663,0.112,72389,
approach,엽엽시치,faf059742471b4531fb786b60f07fb17,2026-07-21,251,214730663,0.112,,
approach,엽엽시치,faf059742471b4531fb786b60f07fb17,2026-07-22,251,214730663,0.112,,
approach,데몬검성,458d5a91325da9ab02d313bd238e5cd36fbb98200a15be5bcc73a64995849e9c,2026-07-13,251,222364266,0.116,,
approach,데몬검성,458d5a91325da9ab02d313bd238e5cd36fbb98200a15be5bcc73a64995849e9c,2026-07-14,251,222364266,0.116,,
approach,데몬검성,458d5a91325da9ab02d313bd238e5cd36fbb98200a15be5bcc73a64995849e9c,2026-07-15,251,222364266,0.116,,
approach,데몬검성,458d5a91325da9ab02d313bd238e5cd36fbb98200a15be5bcc73a64995849e9c,2026-07-16,251,222364266,0.116,,
approach,데몬검성,458d5a91325da9ab02d313bd238e5cd36fbb98200a15be5bcc73a64995849e9c,2026-07-17,251,222364266,0.116,,
approach,데몬검성,458d5a91325da9ab02d313bd238e5cd36fbb98200a15be5bcc73a64995849e9c,2026-07-18,251,222364266,0.116,,
approach,데몬검성,458d5a91325da9ab02d313bd238e5cd36fbb98200a15be5bcc73a64995849e9c,2026-07-19,251,222364266,0.116,,
approach,데몬검성,458d5a91325da9ab02d313bd238e5cd36fbb98200a15be5bcc73a64995849e9c,2026-07-20,251,222364266,0.116,93027,
approach,데몬검성,458d5a91325da9ab02d313bd238e5cd36fbb98200a15be5bcc73a64995849e9c,2026-07-21,251,222364266,0.116,,
approach,데몬검성,458d5a91325da9ab02d313bd238e5cd36fbb98200a15be5bcc73a64995849e9c,2026-07-22,251,222364266,0.116,,
approach,아앙마아앙마,af1ab2c67d778da8a4099c6d00109bac,2026-07-13,251,223036525,0.116,,
approach,아앙마아앙마,af1ab2c67d778da8a4099c6d00109bac,2026-07-14,251,223036525,0.116,,
approach,아앙마아앙마,af1ab2c67d778da8a4099c6d00109bac,2026-07-15,251,223036525,0.116,,
approach,아앙마아앙마,af1ab2c67d778da8a4099c6d00109bac,2026-07-16,251,223036525,0.116,,
approach,아앙마아앙마,af1ab2c67d778da8a4099c6d00109bac,2026-07-17,251,223036525,0.116,,
approach,아앙마아앙마,af1ab2c67d778da8a4099c6d00109bac,2026-07-18,251,223036525,0.116,,
approach,아앙마아앙마,af1ab2c67d778da8a4099c6d00109bac,2026-07-19,251,223036525,0.116,,
approach,아앙마아앙마,af1ab2c67d778da8a4099c6d00109bac,2026-07-20,251,223036525,0.116,550135,
approach,아앙마아앙마,af1ab2c67d778da8a4099c6d00109bac,2026-07-21,251,223036525,0.116,,
approach,아앙마아앙마,af1ab2c67d778da8a4099c6d00109bac,2026-07-22,251,223036525,0.116,,
approach,우유먹는원기,40628316b1c492bd5dd1387de1130400,2026-07-13,251,283137803,0.147,,
approach,우유먹는원기,40628316b1c492bd5dd1387de1130400,2026-07-14,251,283137803,0.147,,
approach,우유먹는원기,40628316b1c492bd5dd1387de1130400,2026-07-15,251,283137803,0.147,,
approach,우유먹는원기,40628316b1c492bd5dd1387de1130400,2026-07-16,251,290467578,0.151,,
approach,우유먹는원기,40628316b1c492bd5dd1387de1130400,2026-07-17,251,290467578,0.151,,
approach,우유먹는원기,40628316b1c492bd5dd1387de1130400,2026-07-18,251,290467578,0.151,,
approach,우유먹는원기,40628316b1c492bd5dd1387de1130400,2026-07-19,251,297246038,0.155,,
approach,우유먹는원기,40628316b1c492bd5dd1387de1130400,2026-07-20,251,297246038,0.155,2572765,
approach,우유먹는원기,40628316b1c492bd5dd1387de1130400,2026-07-21,251,297246038,0.155,,
approach,우유먹는원기,40628316b1c492bd5dd1387de1130400,2026-07-22,251,297246038,0.155,,
approach,설리a,dbd158ccf92ff709820e4f88103aabf2efe8d04e6d233bd35cf2fabdeb93fb0d,2026-07-13,251,284838465,0.148,,
approach,설리a,dbd158ccf92ff709820e4f88103aabf2efe8d04e6d233bd35cf2fabdeb93fb0d,2026-07-14,251,284838465,0.148,,
approach,설리a,dbd158ccf92ff709820e4f88103aabf2efe8d04e6d233bd35cf2fabdeb93fb0d,2026-07-15,251,284838465,0.148,,
approach,설리a,dbd158ccf92ff709820e4f88103aabf2efe8d04e6d233bd35cf2fabdeb93fb0d,2026-07-16,251,284838465,0.148,,
approach,설리a,dbd158ccf92ff709820e4f88103aabf2efe8d04e6d233bd35cf2fabdeb93fb0d,2026-07-17,251,284838465,0.148,,
approach,설리a,dbd158ccf92ff709820e4f88103aabf2efe8d04e6d233bd35cf2fabdeb93fb0d,2026-07-18,251,284838465,0.148,,
approach,설리a,dbd158ccf92ff709820e4f88103aabf2efe8d04e6d233bd35cf2fabdeb93fb0d,2026-07-19,251,284838465,0.148,,
approach,설리a,dbd158ccf92ff709820e4f88103aabf2efe8d04e6d233bd35cf2fabdeb93fb0d,2026-07-20,251,284838465,0.148,460013,
approach,설리a,dbd158ccf92ff709820e4f88103aabf2efe8d04e6d233bd35cf2fabdeb93fb0d,2026-07-21,251,284838465,0.148,,
approach,설리a,dbd158ccf92ff709820e4f88103aabf2efe8d04e6d233bd35cf2fabdeb93fb0d,2026-07-22,251,284838465,0.148,,
approach,반갑너구리면,3e45f9fff9fc1abf962dde2f5cebc9bd,2026-07-13,251,315153031,0.164,,
approach,반갑너구리면,3e45f9fff9fc1abf962dde2f5cebc9bd,2026-07-14,251,315153031,0.164,,
approach,반갑너구리면,3e45f9fff9fc1abf962dde2f5cebc9bd,2026-07-15,251,315153031,0.164,,
approach,반갑너구리면,3e45f9fff9fc1abf962dde2f5cebc9bd,2026-07-16,251,315153031,0.164,,
approach,반갑너구리면,3e45f9fff9fc1abf962dde2f5cebc9bd,2026-07-17,251,315153031,0.164,,
approach,반갑너구리면,3e45f9fff9fc1abf962dde2f5cebc9bd,2026-07-18,251,315153031,0.164,,
approach,반갑너구리면,3e45f9fff9fc1abf962dde2f5cebc9bd,2026-07-19,251,315153031,0.164,,
approach,반갑너구리면,3e45f9fff9fc1abf962dde2f5cebc9bd,2026-07-20,251,315153031,0.164,200,
approach,반갑너구리면,3e45f9fff9fc1abf962dde2f5cebc9bd,2026-07-21,251,315153031,0.164,,
approach,반갑너구리면,3e45f9fff9fc1abf962dde2f5cebc9bd,2026-07-22,251,315153031,0.164,,
approach,아이유클이육,9b498645b9cbf2767c8f0c32c342309d,2026-07-13,251,215608638,0.112,,
approach,아이유클이육,9b498645b9cbf2767c8f0c32c342309d,2026-07-14,251,215608638,0.112,,
approach,아이유클이육,9b498645b9cbf2767c8f0c32c342309d,2026-07-15,251,215608638,0.112,,
approach,아이유클이육,9b498645b9cbf2767c8f0c32c342309d,2026-07-16,251,215608638,0.112,,
approach,아이유클이육,9b498645b9cbf2767c8f0c32c342309d,2026-07-17,251,215608638,0.112,,
approach,아이유클이육,9b498645b9cbf2767c8f0c32c342309d,2026-07-18,251,215608638,0.112,,
approach,아이유클이육,9b498645b9cbf2767c8f0c32c342309d,2026-07-19,251,215608638,0.112,,
approach,아이유클이육,9b498645b9cbf2767c8f0c32c342309d,2026-07-20,251,215608638,0.112,0,
approach,아이유클이육,9b498645b9cbf2767c8f0c32c342309d,2026-07-21,251,215608638,0.112,,
approach,아이유클이육,9b498645b9cbf2767c8f0c32c342309d,2026-07-22,251,215608638,0.112,,
approach,유무메카,152b48e72916a0840bb94839b919a2d1,2026-07-13,251,248126637,0.129,,
approach,유무메카,152b48e72916a0840bb94839b919a2d1,2026-07-14,251,248126637,0.129,,
approach,유무메카,152b48e72916a0840bb94839b919a2d1,2026-07-15,251,248126637,0.129,,
approach,유무메카,152b48e72916a0840bb94839b919a2d1,2026-07-16,251,248126637,0.129,,
approach,유무메카,152b48e72916a0840bb94839b919a2d1,2026-07-17,251,248126637,0.129,,
approach,유무메카,152b48e72916a0840bb94839b919a2d1,2026-07-18,251,248126637,0.129,,
approach,유무메카,152b48e72916a0840bb94839b919a2d1,2026-07-19,251,248126637,0.129,,
approach,유무메카,152b48e72916a0840bb94839b919a2d1,2026-07-20,251,248126637,0.129,91672,
approach,유무메카,152b48e72916a0840bb94839b919a2d1,2026-07-21,251,248126637,0.129,,
approach,유무메카,152b48e72916a0840bb94839b919a2d1,2026-07-22,251,248126637,0.129,,
approach,나는환이당,509a79ef02dbc9a6159501e55f427c4a,2026-07-13,251,243920418,0.127,,
approach,나는환이당,509a79ef02dbc9a6159501e55f427c4a,2026-07-14,251,243920418,0.127,,
approach,나는환이당,509a79ef02dbc9a6159501e55f427c4a,2026-07-15,251,243920418,0.127,,
approach,나는환이당,509a79ef02dbc9a6159501e55f427c4a,2026-07-16,251,243920418,0.127,,
approach,나는환이당,509a79ef02dbc9a6159501e55f427c4a,2026-07-17,251,243920418,0.127,,
approach,나는환이당,509a79ef02dbc9a6159501e55f427c4a,2026-07-18,251,243920418,0.127,,
approach,나는환이당,509a79ef02dbc9a6159501e55f427c4a,2026-07-19,251,243920418,0.127,,
approach,나는환이당,509a79ef02dbc9a6159501e55f427c4a,2026-07-20,251,243920418,0.127,75021,
approach,나는환이당,509a79ef02dbc9a6159501e55f427c4a,2026-07-21,251,243920418,0.127,,
approach,나는환이당,509a79ef02dbc9a6159501e55f427c4a,2026-07-22,251,243920418,0.127,,
approach,솥나하기싫어,11cf30820abb365c9d0e5b5be13798c4efe8d04e6d233bd35cf2fabdeb93fb0d,2026-07-13,251,256614257,0.134,,
approach,솥나하기싫어,11cf30820abb365c9d0e5b5be13798c4efe8d04e6d233bd35cf2fabdeb93fb0d,2026-07-14,251,256614257,0.134,,
approach,솥나하기싫어,11cf30820abb365c9d0e5b5be13798c4efe8d04e6d233bd35cf2fabdeb93fb0d,2026-07-15,251,256614257,0.134,,
approach,솥나하기싫어,11cf30820abb365c9d0e5b5be13798c4efe8d04e6d233bd35cf2fabdeb93fb0d,2026-07-16,251,256614257,0.134,,
approach,솥나하기싫어,11cf30820abb365c9d0e5b5be13798c4efe8d04e6d233bd35cf2fabdeb93fb0d,2026-07-17,251,256614257,0.134,,
approach,솥나하기싫어,11cf30820abb365c9d0e5b5be13798c4efe8d04e6d233bd35cf2fabdeb93fb0d,2026-07-18,251,256614257,0.134,,
approach,솥나하기싫어,11cf30820abb365c9d0e5b5be13798c4efe8d04e6d233bd35cf2fabdeb93fb0d,2026-07-19,251,256614257,0.134,,
approach,솥나하기싫어,11cf30820abb365c9d0e5b5be13798c4efe8d04e6d233bd35cf2fabdeb93fb0d,2026-07-20,251,256614257,0.134,29554,
approach,솥나하기싫어,11cf30820abb365c9d0e5b5be13798c4efe8d04e6d233bd35cf2fabdeb93fb0d,2026-07-21,251,256614257,0.134,,
approach,솥나하기싫어,11cf30820abb365c9d0e5b5be13798c4efe8d04e6d233bd35cf2fabdeb93fb0d,2026-07-22,251,256614257,0.134,,
approach,감만삭,ad9f8440907cd22bb3d81ff30d9926fa,2026-07-13,251,273101883,0.142,,
approach,감만삭,ad9f8440907cd22bb3d81ff30d9926fa,2026-07-14,251,273101883,0.142,,
approach,감만삭,ad9f8440907cd22bb3d81ff30d9926fa,2026-07-15,251,273101883,0.142,,
approach,감만삭,ad9f8440907cd22bb3d81ff30d9926fa,2026-07-16,251,273101883,0.142,,
approach,감만삭,ad9f8440907cd22bb3d81ff30d9926fa,2026-07-17,251,273101883,0.142,,
approach,감만삭,ad9f8440907cd22bb3d81ff30d9926fa,2026-07-18,251,273101883,0.142,,
approach,감만삭,ad9f8440907cd22bb3d81ff30d9926fa,2026-07-19,251,273101883,0.142,,
approach,감만삭,ad9f8440907cd22bb3d81ff30d9926fa,2026-07-20,251,273101883,0.142,477,
approach,감만삭,ad9f8440907cd22bb3d81ff30d9926fa,2026-07-21,251,273101883,0.142,,
approach,감만삭,ad9f8440907cd22bb3d81ff30d9926fa,2026-07-22,251,273101883,0.142,,
approach,링크35124123,43ad00f5bbd2053d4f7f77f14a8822aa,2026-07-13,251,313579655,0.163,,
approach,링크35124123,43ad00f5bbd2053d4f7f77f14a8822aa,2026-07-14,251,313579655,0.163,,
approach,링크35124123,43ad00f5bbd2053d4f7f77f14a8822aa,2026-07-15,251,313579655,0.163,,
approach,링크35124123,43ad00f5bbd2053d4f7f77f14a8822aa,2026-07-16,251,313579655,0.163,,
approach,링크35124123,43ad00f5bbd2053d4f7f77f14a8822aa,2026-07-17,251,313579655,0.163,,
approach,링크35124123,43ad00f5bbd2053d4f7f77f14a8822aa,2026-07-18,251,313579655,0.163,,
approach,링크35124123,43ad00f5bbd2053d4f7f77f14a8822aa,2026-07-19,251,313579655,0.163,,
approach,링크35124123,43ad00f5bbd2053d4f7f77f14a8822aa,2026-07-20,251,313579655,0.163,173973,
approach,링크35124123,43ad00f5bbd2053d4f7f77f14a8822aa,2026-07-21,251,313579655,0.163,,
approach,링크35124123,43ad00f5bbd2053d4f7f77f14a8822aa,2026-07-22,251,313579655,0.163,,
approach,무자비한배찌,23c24b91787501cb8f38b861ef954724,2026-07-13,251,217661967,0.113,,
approach,무자비한배찌,23c24b91787501cb8f38b861ef954724,2026-07-14,251,217661967,0.113,,
approach,무자비한배찌,23c24b91787501cb8f38b861ef954724,2026-07-15,251,217661967,0.113,,
approach,무자비한배찌,23c24b91787501cb8f38b861ef954724,2026-07-16,251,217661967,0.113,,
approach,무자비한배찌,23c24b91787501cb8f38b861ef954724,2026-07-17,251,217661967,0.113,,
approach,무자비한배찌,23c24b91787501cb8f38b861ef954724,2026-07-18,251,217661967,0.113,,
approach,무자비한배찌,23c24b91787501cb8f38b861ef954724,2026-07-19,251,217661967,0.113,,
approach,무자비한배찌,23c24b91787501cb8f38b861ef954724,2026-07-20,251,217661967,0.113,229346,
approach,무자비한배찌,23c24b91787501cb8f38b861ef954724,2026-07-21,251,217661967,0.113,,
approach,무자비한배찌,23c24b91787501cb8f38b861ef954724,2026-07-22,251,217661967,0.113,,
approach,아오하기싫오,01ecc3fb806a7d506305bf9f32648fb3,2026-07-13,251,305718429,0.159,,
approach,아오하기싫오,01ecc3fb806a7d506305bf9f32648fb3,2026-07-14,251,305718429,0.159,,
approach,아오하기싫오,01ecc3fb806a7d506305bf9f32648fb3,2026-07-15,251,305718429,0.159,,
approach,아오하기싫오,01ecc3fb806a7d506305bf9f32648fb3,2026-07-16,251,305718429,0.159,,
approach,아오하기싫오,01ecc3fb806a7d506305bf9f32648fb3,2026-07-17,251,305718429,0.159,,
approach,아오하기싫오,01ecc3fb806a7d506305bf9f32648fb3,2026-07-18,251,305718429,0.159,,
approach,아오하기싫오,01ecc3fb806a7d506305bf9f32648fb3,2026-07-19,251,305718429,0.159,,
approach,아오하기싫오,01ecc3fb806a7d506305bf9f32648fb3,2026-07-20,251,305718429,0.159,160117,
approach,아오하기싫오,01ecc3fb806a7d506305bf9f32648fb3,2026-07-21,251,305718429,0.159,,
approach,아오하기싫오,01ecc3fb806a7d506305bf9f32648fb3,2026-07-22,251,305718429,0.159,,
approach,1211자,8627aedc2f39db5d19eec1e64fc7157d,2026-07-13,251,251915590,0.131,,
approach,1211자,8627aedc2f39db5d19eec1e64fc7157d,2026-07-14,251,251915590,0.131,,
approach,1211자,8627aedc2f39db5d19eec1e64fc7157d,2026-07-15,251,251915590,0.131,,
approach,1211자,8627aedc2f39db5d19eec1e64fc7157d,2026-07-16,251,251915590,0.131,,
approach,1211자,8627aedc2f39db5d19eec1e64fc7157d,2026-07-17,251,251915590,0.131,,
approach,1211자,8627aedc2f39db5d19eec1e64fc7157d,2026-07-18,251,251915590,0.131,,
approach,1211자,8627aedc2f39db5d19eec1e64fc7157d,2026-07-19,251,251915590,0.131,,
approach,1211자,8627aedc2f39db5d19eec1e64fc7157d,2026-07-20,251,251915590,0.131,116044,
approach,1211자,8627aedc2f39db5d19eec1e64fc7157d,2026-07-21,251,251915590,0.131,,
approach,1211자,8627aedc2f39db5d19eec1e64fc7157d,2026-07-22,251,251915590,0.131,,
approach,로마정,a340605c918ec73da4494caaf0529ab0efe8d04e6d233bd35cf2fabdeb93fb0d,2026-07-13,251,297479689,0.155,,
approach,로마정,a340605c918ec73da4494caaf0529ab0efe8d04e6d233bd35cf2fabdeb93fb0d,2026-07-14,251,297479689,0.155,,
approach,로마정,a340605c918ec73da4494caaf0529ab0efe8d04e6d233bd35cf2fabdeb93fb0d,2026-07-15,251,297479689,0.155,,
approach,로마정,a340605c918ec73da4494caaf0529ab0efe8d04e6d233bd35cf2fabdeb93fb0d,2026-07-16,251,297479689,0.155,,
approach,로마정,a340605c918ec73da4494caaf0529ab0efe8d04e6d233bd35cf2fabdeb93fb0d,2026-07-17,251,297479689,0.155,,
approach,로마정,a340605c918ec73da4494caaf0529ab0efe8d04e6d233bd35cf2fabdeb93fb0d,2026-07-18,251,297479689,0.155,,
approach,로마정,a340605c918ec73da4494caaf0529ab0efe8d04e6d233bd35cf2fabdeb93fb0d,2026-07-19,251,297479689,0.155,,
approach,로마정,a340605c918ec73da4494caaf0529ab0efe8d04e6d233bd35cf2fabdeb93fb0d,2026-07-20,251,297479689,0.155,416410,
approach,로마정,a340605c918ec73da4494caaf0529ab0efe8d04e6d233bd35cf2fabdeb93fb0d,2026-07-21,251,297479689,0.155,,
approach,로마정,a340605c918ec73da4494caaf0529ab0efe8d04e6d233bd35cf2fabdeb93fb0d,2026-07-22,251,297479689,0.155,,
approach,짹멕,920e7e7d6e0aaaf2c4fb90c6158074ee,2026-07-13,251,282995457,0.147,,
approach,짹멕,920e7e7d6e0aaaf2c4fb90c6158074ee,2026-07-14,251,282995457,0.147,,
approach,짹멕,920e7e7d6e0aaaf2c4fb90c6158074ee,2026-07-15,251,282995457,0.147,,
approach,짹멕,920e7e7d6e0aaaf2c4fb90c6158074ee,2026-07-16,251,282995457,0.147,,
approach,짹멕,920e7e7d6e0aaaf2c4fb90c6158074ee,2026-07-17,251,282995457,0.147,,
approach,짹멕,920e7e7d6e0aaaf2c4fb90c6158074ee,2026-07-18,251,282995457,0.147,,
approach,짹멕,920e7e7d6e0aaaf2c4fb90c6158074ee,2026-07-19,251,282995457,0.147,,
approach,짹멕,920e7e7d6e0aaaf2c4fb90c6158074ee,2026-07-20,251,282995457,0.147,70087,
approach,짹멕,920e7e7d6e0aaaf2c4fb90c6158074ee,2026-07-21,251,282995457,0.147,,
approach,짹멕,920e7e7d6e0aaaf2c4fb90c6158074ee,2026-07-22,251,282995457,0.147,,
approach,망치쾅팡,f444fab0b84a1418b12fa2810b31d329,2026-07-13,251,215492307,0.112,,
approach,망치쾅팡,f444fab0b84a1418b12fa2810b31d329,2026-07-14,251,215492307,0.112,,
approach,망치쾅팡,f444fab0b84a1418b12fa2810b31d329,2026-07-15,251,215492307,0.112,,
approach,망치쾅팡,f444fab0b84a1418b12fa2810b31d329,2026-07-16,251,215492307,0.112,,
approach,망치쾅팡,f444fab0b84a1418b12fa2810b31d329,2026-07-17,251,215492307,0.112,,
approach,망치쾅팡,f444fab0b84a1418b12fa2810b31d329,2026-07-18,251,215492307,0.112,,
approach,망치쾅팡,f444fab0b84a1418b12fa2810b31d329,2026-07-19,251,215492307,0.112,,
approach,망치쾅팡,f444fab0b84a1418b12fa2810b31d329,2026-07-20,251,215492307,0.112,3493994,
approach,망치쾅팡,f444fab0b84a1418b12fa2810b31d329,2026-07-21,251,215492307,0.112,,
approach,망치쾅팡,f444fab0b84a1418b12fa2810b31d329,2026-07-22,251,215492307,0.112,,
approach,10노잼신궁,3fd53f5b98793cb97d5c6b1c0699b307,2026-07-13,251,319865414,0.166,,
approach,10노잼신궁,3fd53f5b98793cb97d5c6b1c0699b307,2026-07-14,251,319865414,0.166,,
approach,10노잼신궁,3fd53f5b98793cb97d5c6b1c0699b307,2026-07-15,251,319865414,0.166,,
approach,10노잼신궁,3fd53f5b98793cb97d5c6b1c0699b307,2026-07-16,251,319865414,0.166,,
approach,10노잼신궁,3fd53f5b98793cb97d5c6b1c0699b307,2026-07-17,251,319865414,0.166,,
approach,10노잼신궁,3fd53f5b98793cb97d5c6b1c0699b307,2026-07-18,251,319865414,0.166,,
approach,10노잼신궁,3fd53f5b98793cb97d5c6b1c0699b307,2026-07-19,251,319865414,0.166,,
approach,10노잼신궁,3fd53f5b98793cb97d5c6b1c0699b307,2026-07-20,251,319865414,0.166,504812,
approach,10노잼신궁,3fd53f5b98793cb97d5c6b1c0699b307,2026-07-21,251,319865414,0.166,,
approach,10노잼신궁,3fd53f5b98793cb97d5c6b1c0699b307,2026-07-22,251,319865414,0.166,,
approach,찬우링크캐,a6e7aa7c0d006df52e850cfbd3b730f8,2026-07-13,251,268392372,0.140,,
approach,찬우링크캐,a6e7aa7c0d006df52e850cfbd3b730f8,2026-07-14,251,268392372,0.140,,
approach,찬우링크캐,a6e7aa7c0d006df52e850cfbd3b730f8,2026-07-15,251,268392372,0.140,,
approach,찬우링크캐,a6e7aa7c0d006df52e850cfbd3b730f8,2026-07-16,251,268392372,0.140,,
approach,찬우링크캐,a6e7aa7c0d006df52e850cfbd3b730f8,2026-07-17,251,268392372,0.140,,
approach,찬우링크캐,a6e7aa7c0d006df52e850cfbd3b730f8,2026-07-18,251,268392372,0.140,,
approach,찬우링크캐,a6e7aa7c0d006df52e850cfbd3b730f8,2026-07-19,251,268392372,0.140,,
approach,찬우링크캐,a6e7aa7c0d006df52e850cfbd3b730f8,2026-07-20,251,268392372,0.140,74278,
approach,찬우링크캐,a6e7aa7c0d006df52e850cfbd3b730f8,2026-07-21,251,268392372,0.140,,
approach,찬우링크캐,a6e7aa7c0d006df52e850cfbd3b730f8,2026-07-22,251,268392372,0.140,,
approach,옹하아,c3d56e6201c08d56ff10bdcc24b78dfcefe8d04e6d233bd35cf2fabdeb93fb0d,2026-07-13,251,308025915,0.068,,
approach,옹하아,c3d56e6201c08d56ff10bdcc24b78dfcefe8d04e6d233bd35cf2fabdeb93fb0d,2026-07-14,251,308025915,0.068,,
approach,옹하아,c3d56e6201c08d56ff10bdcc24b78dfcefe8d04e6d233bd35cf2fabdeb93fb0d,2026-07-15,251,308025915,0.068,,
approach,옹하아,c3d56e6201c08d56ff10bdcc24b78dfcefe8d04e6d233bd35cf2fabdeb93fb0d,2026-07-16,251,308025915,0.068,,
approach,옹하아,c3d56e6201c08d56ff10bdcc24b78dfcefe8d04e6d233bd35cf2fabdeb93fb0d,2026-07-17,251,308025915,0.068,,
approach,옹하아,c3d56e6201c08d56ff10bdcc24b78dfcefe8d04e6d233bd35cf2fabdeb93fb0d,2026-07-18,251,308025915,0.068,,
approach,옹하아,c3d56e6201c08d56ff10bdcc24b78dfcefe8d04e6d233bd35cf2fabdeb93fb0d,2026-07-19,251,308025915,0.068,,
approach,옹하아,c3d56e6201c08d56ff10bdcc24b78dfcefe8d04e6d233bd35cf2fabdeb93fb0d,2026-07-20,251,308025915,0.068,391242,
approach,옹하아,c3d56e6201c08d56ff10bdcc24b78dfcefe8d04e6d233bd35cf2fabdeb93fb0d,2026-07-21,251,308025915,0.068,,
approach,옹하아,c3d56e6201c08d56ff10bdcc24b78dfcefe8d04e6d233bd35cf2fabdeb93fb0d,2026-07-22,251,308025915,0.068,,
approach,주먹크잉,3632fdd27413f5bdd8bfd2040ce39d69efe8d04e6d233bd35cf2fabdeb93fb0d,2026-07-13,251,242412414,0.126,,
approach,주먹크잉,3632fdd27413f5bdd8bfd2040ce39d69efe8d04e6d233bd35cf2fabdeb93fb0d,2026-07-14,251,242412414,0.126,,
approach,주먹크잉,3632fdd27413f5bdd8bfd2040ce39d69efe8d04e6d233bd35cf2fabdeb93fb0d,2026-07-15,251,242412414,0.126,,
approach,주먹크잉,3632fdd27413f5bdd8bfd2040ce39d69efe8d04e6d233bd35cf2fabdeb93fb0d,2026-07-16,251,242412414,0.126,,
approach,주먹크잉,3632fdd27413f5bdd8bfd2040ce39d69efe8d04e6d233bd35cf2fabdeb93fb0d,2026-07-17,251,242412414,0.126,,
approach,주먹크잉,3632fdd27413f5bdd8bfd2040ce39d69efe8d04e6d233bd35cf2fabdeb93fb0d,2026-07-18,251,242412414,0.126,,
approach,주먹크잉,3632fdd27413f5bdd8bfd2040ce39d69efe8d04e6d233bd35cf2fabdeb93fb0d,2026-07-19,251,242412414,0.126,,
approach,주먹크잉,3632fdd27413f5bdd8bfd2040ce39d69efe8d04e6d233bd35cf2fabdeb93fb0d,2026-07-20,251,242412414,0.126,30085,
approach,주먹크잉,3632fdd27413f5bdd8bfd2040ce39d69efe8d04e6d233bd35cf2fabdeb93fb0d,2026-07-21,251,242412414,0.126,,
approach,주먹크잉,3632fdd27413f5bdd8bfd2040ce39d69efe8d04e6d233bd35cf2fabdeb93fb0d,2026-07-22,251,242412414,0.126,,
approach,핏료,5d0c585c55050016b404c1a2f44be259efe8d04e6d233bd35cf2fabdeb93fb0d,2026-07-13,251,229744708,0.120,,
approach,핏료,5d0c585c55050016b404c1a2f44be259efe8d04e6d233bd35cf2fabdeb93fb0d,2026-07-14,251,229744708,0.120,,
approach,핏료,5d0c585c55050016b404c1a2f44be259efe8d04e6d233bd35cf2fabdeb93fb0d,2026-07-15,251,229744708,0.120,,
approach,핏료,5d0c585c55050016b404c1a2f44be259efe8d04e6d233bd35cf2fabdeb93fb0d,2026-07-16,251,229744708,0.120,,
approach,핏료,5d0c585c55050016b404c1a2f44be259efe8d04e6d233bd35cf2fabdeb93fb0d,2026-07-17,251,229744708,0.120,,
approach,핏료,5d0c585c55050016b404c1a2f44be259efe8d04e6d233bd35cf2fabdeb93fb0d,2026-07-18,251,229744708,0.120,,
approach,핏료,5d0c585c55050016b404c1a2f44be259efe8d04e6d233bd35cf2fabdeb93fb0d,2026-07-19,251,229744708,0.120,,
approach,핏료,5d0c585c55050016b404c1a2f44be259efe8d04e6d233bd35cf2fabdeb93fb0d,2026-07-20,251,229744708,0.120,1820457,
approach,핏료,5d0c585c55050016b404c1a2f44be259efe8d04e6d233bd35cf2fabdeb93fb0d,2026-07-21,260,1034031472715,59.704,,
approach,핏료,5d0c585c55050016b404c1a2f44be259efe8d04e6d233bd35cf2fabdeb93fb0d,2026-07-22,260,1034031472715,59.704,,
approach,메하민1,e5519f868b7a03d325f3c793f2261918,2026-07-13,251,233139005,0.121,,
approach,메하민1,e5519f868b7a03d325f3c793f2261918,2026-07-14,251,233139005,0.121,,
approach,메하민1,e5519f868b7a03d325f3c793f2261918,2026-07-15,251,233139005,0.121,,
approach,메하민1,e5519f868b7a03d325f3c793f2261918,2026-07-16,251,233139005,0.121,,
approach,메하민1,e5519f868b7a03d325f3c793f2261918,2026-07-17,251,233139005,0.121,,
approach,메하민1,e5519f868b7a03d325f3c793f2261918,2026-07-18,251,233139005,0.121,,
approach,메하민1,e5519f868b7a03d325f3c793f2261918,2026-07-19,251,233139005,0.121,,
approach,메하민1,e5519f868b7a03d325f3c793f2261918,2026-07-20,251,233139005,0.121,35227,
approach,메하민1,e5519f868b7a03d325f3c793f2261918,2026-07-21,251,233139005,0.121,,
approach,메하민1,e5519f868b7a03d325f3c793f2261918,2026-07-22,251,233139005,0.121,,
approach,복실빵슬,35743c3e206ce25227591eeafea1160e,2026-07-13,251,314120915,0.163,,
approach,복실빵슬,35743c3e206ce25227591eeafea1160e,2026-07-14,251,314120915,0.163,,
approach,복실빵슬,35743c3e206ce25227591eeafea1160e,2026-07-15,251,314120915,0.163,,
approach,복실빵슬,35743c3e206ce25227591eeafea1160e,2026-07-16,251,314120915,0.163,,
approach,복실빵슬,35743c3e206ce25227591eeafea1160e,2026-07-17,251,314120915,0.163,,
approach,복실빵슬,35743c3e206ce25227591eeafea1160e,2026-07-18,251,314120915,0.163,,
approach,복실빵슬,35743c3e206ce25227591eeafea1160e,2026-07-19,251,314120915,0.163,,
approach,복실빵슬,35743c3e206ce25227591eeafea1160e,2026-07-20,251,314120915,0.163,57195,
approach,복실빵슬,35743c3e206ce25227591eeafea1160e,2026-07-21,251,314120915,0.163,,
approach,복실빵슬,35743c3e206ce25227591eeafea1160e,2026-07-22,251,314120915,0.163,,
approach,여호일링크18,36098dff39ec064c391ce7b1fc5f0361,2026-07-13,251,311331160,0.162,,
approach,여호일링크18,36098dff39ec064c391ce7b1fc5f0361,2026-07-14,251,311331160,0.162,,
approach,여호일링크18,36098dff39ec064c391ce7b1fc5f0361,2026-07-15,251,311331160,0.162,,
approach,여호일링크18,36098dff39ec064c391ce7b1fc5f0361,2026-07-16,251,311331160,0.162,,
approach,여호일링크18,36098dff39ec064c391ce7b1fc5f0361,2026-07-17,251,311331160,0.162,,
approach,여호일링크18,36098dff39ec064c391ce7b1fc5f0361,2026-07-18,251,311331160,0.162,,
approach,여호일링크18,36098dff39ec064c391ce7b1fc5f0361,2026-07-19,251,311331160,0.162,,
approach,여호일링크18,36098dff39ec064c391ce7b1fc5f0361,2026-07-20,251,311331160,0.162,254,
approach,여호일링크18,36098dff39ec064c391ce7b1fc5f0361,2026-07-21,251,311331160,0.162,,
approach,여호일링크18,36098dff39ec064c391ce7b1fc5f0361,2026-07-22,251,311331160,0.162,,
approach,흩날리는물빛,c5dd4b9d3a79a06bf9edc15a3dc2fbdb,2026-07-13,251,231408746,0.120,,
approach,흩날리는물빛,c5dd4b9d3a79a06bf9edc15a3dc2fbdb,2026-07-14,251,231408746,0.120,,
approach,흩날리는물빛,c5dd4b9d3a79a06bf9edc15a3dc2fbdb,2026-07-15,251,231408746,0.120,,
approach,흩날리는물빛,c5dd4b9d3a79a06bf9edc15a3dc2fbdb,2026-07-16,251,231408746,0.120,,
approach,흩날리는물빛,c5dd4b9d3a79a06bf9edc15a3dc2fbdb,2026-07-17,251,231408746,0.120,,
approach,흩날리는물빛,c5dd4b9d3a79a06bf9edc15a3dc2fbdb,2026-07-18,251,231408746,0.120,,
approach,흩날리는물빛,c5dd4b9d3a79a06bf9edc15a3dc2fbdb,2026-07-19,251,231408746,0.120,,
approach,흩날리는물빛,c5dd4b9d3a79a06bf9edc15a3dc2fbdb,2026-07-20,251,231408746,0.120,0,
approach,흩날리는물빛,c5dd4b9d3a79a06bf9edc15a3dc2fbdb,2026-07-21,251,231408746,0.120,,
approach,흩날리는물빛,c5dd4b9d3a79a06bf9edc15a3dc2fbdb,2026-07-22,251,231408746,0.120,,
approach,200하고접엇,11f189b4da6339e36effd886f2ea00b6,2026-07-13,251,297272066,0.155,,
approach,200하고접엇,11f189b4da6339e36effd886f2ea00b6,2026-07-14,251,297272066,0.155,,
approach,200하고접엇,11f189b4da6339e36effd886f2ea00b6,2026-07-15,251,297272066,0.155,,
approach,200하고접엇,11f189b4da6339e36effd886f2ea00b6,2026-07-16,251,297272066,0.155,,
approach,200하고접엇,11f189b4da6339e36effd886f2ea00b6,2026-07-17,251,297272066,0.155,,
approach,200하고접엇,11f189b4da6339e36effd886f2ea00b6,2026-07-18,251,297272066,0.155,,
approach,200하고접엇,11f189b4da6339e36effd886f2ea00b6,2026-07-19,251,297272066,0.155,,
approach,200하고접엇,11f189b4da6339e36effd886f2ea00b6,2026-07-20,251,297272066,0.155,394,
approach,200하고접엇,11f189b4da6339e36effd886f2ea00b6,2026-07-21,251,297272066,0.155,,
approach,200하고접엇,11f189b4da6339e36effd886f2ea00b6,2026-07-22,251,297272066,0.155,,
approach,계란조리,a324ab06228cd71851def39f47053d15,2026-07-13,251,324795283,0.169,,
approach,계란조리,a324ab06228cd71851def39f47053d15,2026-07-14,251,324795283,0.169,,
approach,계란조리,a324ab06228cd71851def39f47053d15,2026-07-15,251,324795283,0.169,,
approach,계란조리,a324ab06228cd71851def39f47053d15,2026-07-16,251,324795283,0.169,,
approach,계란조리,a324ab06228cd71851def39f47053d15,2026-07-17,251,324795283,0.169,,
approach,계란조리,a324ab06228cd71851def39f47053d15,2026-07-18,251,324795283,0.169,,
approach,계란조리,a324ab06228cd71851def39f47053d15,2026-07-19,251,324795283,0.169,,
approach,계란조리,a324ab06228cd71851def39f47053d15,2026-07-20,251,324795283,0.169,1479224,
approach,계란조리,a324ab06228cd71851def39f47053d15,2026-07-21,251,324795283,0.169,,
approach,계란조리,a324ab06228cd71851def39f47053d15,2026-07-22,251,324795283,0.169,,
approach,히카레나이토,bcfe036684d7ec1e48254a0ad3a6e4be,2026-07-13,251,248915910,0.130,,
approach,히카레나이토,bcfe036684d7ec1e48254a0ad3a6e4be,2026-07-14,251,248915910,0.130,,
approach,히카레나이토,bcfe036684d7ec1e48254a0ad3a6e4be,2026-07-15,251,248915910,0.130,,
approach,히카레나이토,bcfe036684d7ec1e48254a0ad3a6e4be,2026-07-16,251,248915910,0.130,,
approach,히카레나이토,bcfe036684d7ec1e48254a0ad3a6e4be,2026-07-17,251,248915910,0.130,,
approach,히카레나이토,bcfe036684d7ec1e48254a0ad3a6e4be,2026-07-18,251,248915910,0.130,,
approach,히카레나이토,bcfe036684d7ec1e48254a0ad3a6e4be,2026-07-19,251,248915910,0.130,,
approach,히카레나이토,bcfe036684d7ec1e48254a0ad3a6e4be,2026-07-20,251,248915910,0.130,98705,
approach,히카레나이토,bcfe036684d7ec1e48254a0ad3a6e4be,2026-07-21,251,248915910,0.130,,
approach,히카레나이토,bcfe036684d7ec1e48254a0ad3a6e4be,2026-07-22,251,248915910,0.130,,
approach,윈브낭맨,c42583359f43762c2a0d48ef8a2eec963663933da92e7566c55104ec9ac2894d,2026-07-13,251,301827503,0.157,,
approach,윈브낭맨,c42583359f43762c2a0d48ef8a2eec963663933da92e7566c55104ec9ac2894d,2026-07-14,251,301827503,0.157,,
approach,윈브낭맨,c42583359f43762c2a0d48ef8a2eec963663933da92e7566c55104ec9ac2894d,2026-07-15,251,301827503,0.157,,
approach,윈브낭맨,c42583359f43762c2a0d48ef8a2eec963663933da92e7566c55104ec9ac2894d,2026-07-16,251,301827503,0.157,,
approach,윈브낭맨,c42583359f43762c2a0d48ef8a2eec963663933da92e7566c55104ec9ac2894d,2026-07-17,251,301827503,0.157,,
approach,윈브낭맨,c42583359f43762c2a0d48ef8a2eec963663933da92e7566c55104ec9ac2894d,2026-07-18,251,301827503,0.157,,
approach,윈브낭맨,c42583359f43762c2a0d48ef8a2eec963663933da92e7566c55104ec9ac2894d,2026-07-19,251,301827503,0.157,,
approach,윈브낭맨,c42583359f43762c2a0d48ef8a2eec963663933da92e7566c55104ec9ac2894d,2026-07-20,251,301827503,0.157,459871,
approach,윈브낭맨,c42583359f43762c2a0d48ef8a2eec963663933da92e7566c55104ec9ac2894d,2026-07-21,251,301827503,0.157,,
approach,윈브낭맨,c42583359f43762c2a0d48ef8a2eec963663933da92e7566c55104ec9ac2894d,2026-07-22,251,301827503,0.157,,
approach,라구동글,46e451194adf44697adb28adf76a51d8,2026-07-13,251,323155958,0.168,,
approach,라구동글,46e451194adf44697adb28adf76a51d8,2026-07-14,251,323155958,0.168,,
approach,라구동글,46e451194adf44697adb28adf76a51d8,2026-07-15,251,323155958,0.168,,
approach,라구동글,46e451194adf44697adb28adf76a51d8,2026-07-16,251,323155958,0.168,,
approach,라구동글,46e451194adf44697adb28adf76a51d8,2026-07-17,251,323155958,0.168,,
approach,라구동글,46e451194adf44697adb28adf76a51d8,2026-07-18,251,323155958,0.168,,
approach,라구동글,46e451194adf44697adb28adf76a51d8,2026-07-19,251,323155958,0.168,,
approach,라구동글,46e451194adf44697adb28adf76a51d8,2026-07-20,251,323155958,0.168,35760,
approach,라구동글,46e451194adf44697adb28adf76a51d8,2026-07-21,251,323155958,0.168,,
approach,라구동글,46e451194adf44697adb28adf76a51d8,2026-07-22,251,323155958,0.168,,
approach,목련화Q,735aba0aba13099dc5272ab5fbc18aa7efe8d04e6d233bd35cf2fabdeb93fb0d,2026-07-13,251,221470511,0.115,,
approach,목련화Q,735aba0aba13099dc5272ab5fbc18aa7efe8d04e6d233bd35cf2fabdeb93fb0d,2026-07-14,251,221470511,0.115,,
approach,목련화Q,735aba0aba13099dc5272ab5fbc18aa7efe8d04e6d233bd35cf2fabdeb93fb0d,2026-07-15,251,221470511,0.115,,
approach,목련화Q,735aba0aba13099dc5272ab5fbc18aa7efe8d04e6d233bd35cf2fabdeb93fb0d,2026-07-16,251,221470511,0.115,,
approach,목련화Q,735aba0aba13099dc5272ab5fbc18aa7efe8d04e6d233bd35cf2fabdeb93fb0d,2026-07-17,251,221470511,0.115,,
approach,목련화Q,735aba0aba13099dc5272ab5fbc18aa7efe8d04e6d233bd35cf2fabdeb93fb0d,2026-07-18,251,221470511,0.115,,
approach,목련화Q,735aba0aba13099dc5272ab5fbc18aa7efe8d04e6d233bd35cf2fabdeb93fb0d,2026-07-19,251,221470511,0.115,,
approach,목련화Q,735aba0aba13099dc5272ab5fbc18aa7efe8d04e6d233bd35cf2fabdeb93fb0d,2026-07-20,251,221470511,0.115,398511,
approach,목련화Q,735aba0aba13099dc5272ab5fbc18aa7efe8d04e6d233bd35cf2fabdeb93fb0d,2026-07-21,251,221470511,0.115,,
approach,목련화Q,735aba0aba13099dc5272ab5fbc18aa7efe8d04e6d233bd35cf2fabdeb93fb0d,2026-07-22,251,221470511,0.115,,
approach,미하일적중,2e686b36bc68482eca5eabc25495a761,2026-07-13,251,304713595,0.159,,
approach,미하일적중,2e686b36bc68482eca5eabc25495a761,2026-07-14,251,304713595,0.159,,
approach,미하일적중,2e686b36bc68482eca5eabc25495a761,2026-07-15,251,304713595,0.159,,
approach,미하일적중,2e686b36bc68482eca5eabc25495a761,2026-07-16,251,304713595,0.159,,
approach,미하일적중,2e686b36bc68482eca5eabc25495a761,2026-07-17,251,304713595,0.159,,
approach,미하일적중,2e686b36bc68482eca5eabc25495a761,2026-07-18,251,304713595,0.159,,
approach,미하일적중,2e686b36bc68482eca5eabc25495a761,2026-07-19,251,304713595,0.159,,
approach,미하일적중,2e686b36bc68482eca5eabc25495a761,2026-07-20,251,304713595,0.159,51500,
approach,미하일적중,2e686b36bc68482eca5eabc25495a761,2026-07-21,251,304713595,0.159,,
approach,미하일적중,2e686b36bc68482eca5eabc25495a761,2026-07-22,251,304713595,0.159,,
approach,링크큭은월,a2a7d6b90036c023c7467fc13da4422befe8d04e6d233bd35cf2fabdeb93fb0d,2026-07-13,251,249175835,0.130,,
approach,링크큭은월,a2a7d6b90036c023c7467fc13da4422befe8d04e6d233bd35cf2fabdeb93fb0d,2026-07-14,251,249175835,0.130,,
approach,링크큭은월,a2a7d6b90036c023c7467fc13da4422befe8d04e6d233bd35cf2fabdeb93fb0d,2026-07-15,251,249175835,0.130,,
approach,링크큭은월,a2a7d6b90036c023c7467fc13da4422befe8d04e6d233bd35cf2fabdeb93fb0d,2026-07-16,251,249175835,0.130,,
approach,링크큭은월,a2a7d6b90036c023c7467fc13da4422befe8d04e6d233bd35cf2fabdeb93fb0d,2026-07-17,251,249175835,0.130,,
approach,링크큭은월,a2a7d6b90036c023c7467fc13da4422befe8d04e6d233bd35cf2fabdeb93fb0d,2026-07-18,251,249175835,0.130,,
approach,링크큭은월,a2a7d6b90036c023c7467fc13da4422befe8d04e6d233bd35cf2fabdeb93fb0d,2026-07-19,251,249175835,0.130,,
approach,링크큭은월,a2a7d6b90036c023c7467fc13da4422befe8d04e6d233bd35cf2fabdeb93fb0d,2026-07-20,251,249175835,0.130,26499,
approach,링크큭은월,a2a7d6b90036c023c7467fc13da4422befe8d04e6d233bd35cf2fabdeb93fb0d,2026-07-21,251,249175835,0.130,,
approach,링크큭은월,a2a7d6b90036c023c7467fc13da4422befe8d04e6d233bd35cf2fabdeb93fb0d,2026-07-22,251,249175835,0.130,,
approach,6UCCl,6855f154ad5a0f1cee9dddc04390d5a1,2026-07-13,251,277760149,0.145,,
approach,6UCCl,6855f154ad5a0f1cee9dddc04390d5a1,2026-07-14,251,277760149,0.145,,
approach,6UCCl,6855f154ad5a0f1cee9dddc04390d5a1,2026-07-15,251,277760149,0.145,,
approach,6UCCl,6855f154ad5a0f1cee9dddc04390d5a1,2026-07-16,251,277760149,0.145,,
approach,6UCCl,6855f154ad5a0f1cee9dddc04390d5a1,2026-07-17,251,277760149,0.145,,
approach,6UCCl,6855f154ad5a0f1cee9dddc04390d5a1,2026-07-18,251,277760149,0.145,,
approach,6UCCl,6855f154ad5a0f1cee9dddc04390d5a1,2026-07-19,251,277760149,0.145,,
approach,6UCCl,6855f154ad5a0f1cee9dddc04390d5a1,2026-07-20,251,277760149,0.145,177814,
approach,6UCCl,6855f154ad5a0f1cee9dddc04390d5a1,2026-07-21,251,277760149,0.145,,
approach,6UCCl,6855f154ad5a0f1cee9dddc04390d5a1,2026-07-22,251,277760149,0.145,,
approach,철호라라라,d42092067ce94e3fef8dc163ddefee64,2026-07-13,251,264317358,0.138,,
approach,철호라라라,d42092067ce94e3fef8dc163ddefee64,2026-07-14,251,264317358,0.138,,
approach,철호라라라,d42092067ce94e3fef8dc163ddefee64,2026-07-15,251,264317358,0.138,,
approach,철호라라라,d42092067ce94e3fef8dc163ddefee64,2026-07-16,251,264317358,0.138,,
approach,철호라라라,d42092067ce94e3fef8dc163ddefee64,2026-07-17,251,264317358,0.138,,
approach,철호라라라,d42092067ce94e3fef8dc163ddefee64,2026-07-18,251,264317358,0.138,,
approach,철호라라라,d42092067ce94e3fef8dc163ddefee64,2026-07-19,251,264317358,0.138,,
approach,철호라라라,d42092067ce94e3fef8dc163ddefee64,2026-07-20,251,264317358,0.138,99990,
approach,철호라라라,d42092067ce94e3fef8dc163ddefee64,2026-07-21,251,264317358,0.138,,
approach,철호라라라,d42092067ce94e3fef8dc163ddefee64,2026-07-22,251,264317358,0.138,,
approach,수비니채고,93ef68780df150709339fe1946a5f198,2026-07-13,251,308405088,0.068,,
approach,수비니채고,93ef68780df150709339fe1946a5f198,2026-07-14,251,308405088,0.068,,
approach,수비니채고,93ef68780df150709339fe1946a5f198,2026-07-15,251,308405088,0.068,,
approach,수비니채고,93ef68780df150709339fe1946a5f198,2026-07-16,251,308405088,0.068,,
approach,수비니채고,93ef68780df150709339fe1946a5f198,2026-07-17,251,308405088,0.068,,
approach,수비니채고,93ef68780df150709339fe1946a5f198,2026-07-18,251,308405088,0.068,,
approach,수비니채고,93ef68780df150709339fe1946a5f198,2026-07-19,251,308405088,0.068,,
approach,수비니채고,93ef68780df150709339fe1946a5f198,2026-07-20,251,308405088,0.068,40307,
approach,수비니채고,93ef68780df150709339fe1946a5f198,2026-07-21,251,308405088,0.068,,
approach,수비니채고,93ef68780df150709339fe1946a5f198,2026-07-22,251,308405088,0.068,,
approach,아이띠예,0af8d1ce7cf7133fb7bc115c91ee83e4efe8d04e6d233bd35cf2fabdeb93fb0d,2026-07-13,251,239955024,0.125,,
approach,아이띠예,0af8d1ce7cf7133fb7bc115c91ee83e4efe8d04e6d233bd35cf2fabdeb93fb0d,2026-07-14,251,239955024,0.125,,
approach,아이띠예,0af8d1ce7cf7133fb7bc115c91ee83e4efe8d04e6d233bd35cf2fabdeb93fb0d,2026-07-15,251,239955024,0.125,,
approach,아이띠예,0af8d1ce7cf7133fb7bc115c91ee83e4efe8d04e6d233bd35cf2fabdeb93fb0d,2026-07-16,251,239955024,0.125,,
approach,아이띠예,0af8d1ce7cf7133fb7bc115c91ee83e4efe8d04e6d233bd35cf2fabdeb93fb0d,2026-07-17,251,239955024,0.125,,
approach,아이띠예,0af8d1ce7cf7133fb7bc115c91ee83e4efe8d04e6d233bd35cf2fabdeb93fb0d,2026-07-18,251,239955024,0.125,,
approach,아이띠예,0af8d1ce7cf7133fb7bc115c91ee83e4efe8d04e6d233bd35cf2fabdeb93fb0d,2026-07-19,251,239955024,0.125,,
approach,아이띠예,0af8d1ce7cf7133fb7bc115c91ee83e4efe8d04e6d233bd35cf2fabdeb93fb0d,2026-07-20,251,239955024,0.125,128701,
approach,아이띠예,0af8d1ce7cf7133fb7bc115c91ee83e4efe8d04e6d233bd35cf2fabdeb93fb0d,2026-07-21,251,239955024,0.125,,
approach,아이띠예,0af8d1ce7cf7133fb7bc115c91ee83e4efe8d04e6d233bd35cf2fabdeb93fb0d,2026-07-22,251,239955024,0.125,,
approach,리웅대,eca00f7cad7fd5a70e499cf1e139010defe8d04e6d233bd35cf2fabdeb93fb0d,2026-07-13,251,234636207,0.122,,
approach,리웅대,eca00f7cad7fd5a70e499cf1e139010defe8d04e6d233bd35cf2fabdeb93fb0d,2026-07-14,251,234636207,0.122,,
approach,리웅대,eca00f7cad7fd5a70e499cf1e139010defe8d04e6d233bd35cf2fabdeb93fb0d,2026-07-15,251,234636207,0.122,,
approach,리웅대,eca00f7cad7fd5a70e499cf1e139010defe8d04e6d233bd35cf2fabdeb93fb0d,2026-07-16,251,234636207,0.122,,
approach,리웅대,eca00f7cad7fd5a70e499cf1e139010defe8d04e6d233bd35cf2fabdeb93fb0d,2026-07-17,251,234636207,0.122,,
approach,리웅대,eca00f7cad7fd5a70e499cf1e139010defe8d04e6d233bd35cf2fabdeb93fb0d,2026-07-18,251,234636207,0.122,,
approach,리웅대,eca00f7cad7fd5a70e499cf1e139010defe8d04e6d233bd35cf2fabdeb93fb0d,2026-07-19,251,234636207,0.122,,
approach,리웅대,eca00f7cad7fd5a70e499cf1e139010defe8d04e6d233bd35cf2fabdeb93fb0d,2026-07-20,251,234636207,0.122,5993814,
approach,리웅대,eca00f7cad7fd5a70e499cf1e139010defe8d04e6d233bd35cf2fabdeb93fb0d,2026-07-21,251,234636207,0.122,,
approach,리웅대,eca00f7cad7fd5a70e499cf1e139010defe8d04e6d233bd35cf2fabdeb93fb0d,2026-07-22,251,234636207,0.122,,
approach,뚜잇궁수,,2026-07-13,,,,,ocid_failed
approach,뚜잇궁수,,2026-07-14,,,,,ocid_failed
approach,뚜잇궁수,,2026-07-15,,,,,ocid_failed
approach,뚜잇궁수,,2026-07-16,,,,,ocid_failed
approach,뚜잇궁수,,2026-07-17,,,,,ocid_failed
approach,뚜잇궁수,,2026-07-18,,,,,ocid_failed
approach,뚜잇궁수,,2026-07-19,,,,,ocid_failed
approach,뚜잇궁수,,2026-07-20,,,,,ocid_failed
approach,뚜잇궁수,,2026-07-21,,,,,ocid_failed
approach,뚜잇궁수,,2026-07-22,,,,,ocid_failed
approach,몽쉘몽쉘통통,2a93e3de2a0d2be921db129e5b262e4cefe8d04e6d233bd35cf2fabdeb93fb0d,2026-07-13,251,275407863,0.060,,
approach,몽쉘몽쉘통통,2a93e3de2a0d2be921db129e5b262e4cefe8d04e6d233bd35cf2fabdeb93fb0d,2026-07-14,251,275407863,0.060,,
approach,몽쉘몽쉘통통,2a93e3de2a0d2be921db129e5b262e4cefe8d04e6d233bd35cf2fabdeb93fb0d,2026-07-15,251,275407863,0.060,,
approach,몽쉘몽쉘통통,2a93e3de2a0d2be921db129e5b262e4cefe8d04e6d233bd35cf2fabdeb93fb0d,2026-07-16,251,275407863,0.060,,
approach,몽쉘몽쉘통통,2a93e3de2a0d2be921db129e5b262e4cefe8d04e6d233bd35cf2fabdeb93fb0d,2026-07-17,251,275407863,0.060,,
approach,몽쉘몽쉘통통,2a93e3de2a0d2be921db129e5b262e4cefe8d04e6d233bd35cf2fabdeb93fb0d,2026-07-18,251,275407863,0.060,,
approach,몽쉘몽쉘통통,2a93e3de2a0d2be921db129e5b262e4cefe8d04e6d233bd35cf2fabdeb93fb0d,2026-07-19,251,275407863,0.060,,
approach,몽쉘몽쉘통통,2a93e3de2a0d2be921db129e5b262e4cefe8d04e6d233bd35cf2fabdeb93fb0d,2026-07-20,251,275407863,0.060,0,
approach,몽쉘몽쉘통통,2a93e3de2a0d2be921db129e5b262e4cefe8d04e6d233bd35cf2fabdeb93fb0d,2026-07-21,251,275407863,0.060,,
approach,몽쉘몽쉘통통,2a93e3de2a0d2be921db129e5b262e4cefe8d04e6d233bd35cf2fabdeb93fb0d,2026-07-22,251,275407863,0.060,,
approach,뉴빙팡,7a6e95f650de3d8cbfe56f6a5dfe9fff,2026-07-13,251,286439597,0.063,,
approach,뉴빙팡,7a6e95f650de3d8cbfe56f6a5dfe9fff,2026-07-14,251,286439597,0.063,,
approach,뉴빙팡,7a6e95f650de3d8cbfe56f6a5dfe9fff,2026-07-15,251,286439597,0.063,,
approach,뉴빙팡,7a6e95f650de3d8cbfe56f6a5dfe9fff,2026-07-16,251,286439597,0.063,,
approach,뉴빙팡,7a6e95f650de3d8cbfe56f6a5dfe9fff,2026-07-17,251,286439597,0.063,,
approach,뉴빙팡,7a6e95f650de3d8cbfe56f6a5dfe9fff,2026-07-18,251,286439597,0.063,,
approach,뉴빙팡,7a6e95f650de3d8cbfe56f6a5dfe9fff,2026-07-19,251,286439597,0.063,,
approach,뉴빙팡,7a6e95f650de3d8cbfe56f6a5dfe9fff,2026-07-20,251,286439597,0.063,332086,
approach,뉴빙팡,7a6e95f650de3d8cbfe56f6a5dfe9fff,2026-07-21,251,286439597,0.063,,
approach,뉴빙팡,7a6e95f650de3d8cbfe56f6a5dfe9fff,2026-07-22,251,286439597,0.063,,
approach,fantasic메세,5469179dc5550667136352bafb62cc35efe8d04e6d233bd35cf2fabdeb93fb0d,2026-07-13,251,255245399,0.133,,
approach,fantasic메세,5469179dc5550667136352bafb62cc35efe8d04e6d233bd35cf2fabdeb93fb0d,2026-07-14,251,255245399,0.133,,
approach,fantasic메세,5469179dc5550667136352bafb62cc35efe8d04e6d233bd35cf2fabdeb93fb0d,2026-07-15,251,255245399,0.133,,
approach,fantasic메세,5469179dc5550667136352bafb62cc35efe8d04e6d233bd35cf2fabdeb93fb0d,2026-07-16,251,255245399,0.133,,
approach,fantasic메세,5469179dc5550667136352bafb62cc35efe8d04e6d233bd35cf2fabdeb93fb0d,2026-07-17,251,255245399,0.133,,
approach,fantasic메세,5469179dc5550667136352bafb62cc35efe8d04e6d233bd35cf2fabdeb93fb0d,2026-07-18,251,255245399,0.133,,
approach,fantasic메세,5469179dc5550667136352bafb62cc35efe8d04e6d233bd35cf2fabdeb93fb0d,2026-07-19,251,255245399,0.133,,
approach,fantasic메세,5469179dc5550667136352bafb62cc35efe8d04e6d233bd35cf2fabdeb93fb0d,2026-07-20,251,255245399,0.133,70233,
approach,fantasic메세,5469179dc5550667136352bafb62cc35efe8d04e6d233bd35cf2fabdeb93fb0d,2026-07-21,251,255245399,0.133,,
approach,fantasic메세,5469179dc5550667136352bafb62cc35efe8d04e6d233bd35cf2fabdeb93fb0d,2026-07-22,251,255245399,0.133,,
approach,상큼한거먹고,403ff8afe9e747b6f5477ccc8907c03a,2026-07-13,251,255662014,0.133,,
approach,상큼한거먹고,403ff8afe9e747b6f5477ccc8907c03a,2026-07-14,251,255662014,0.133,,
approach,상큼한거먹고,403ff8afe9e747b6f5477ccc8907c03a,2026-07-15,251,255662014,0.133,,
approach,상큼한거먹고,403ff8afe9e747b6f5477ccc8907c03a,2026-07-16,251,255662014,0.133,,
approach,상큼한거먹고,403ff8afe9e747b6f5477ccc8907c03a,2026-07-17,251,255662014,0.133,,
approach,상큼한거먹고,403ff8afe9e747b6f5477ccc8907c03a,2026-07-18,251,255662014,0.133,,
approach,상큼한거먹고,403ff8afe9e747b6f5477ccc8907c03a,2026-07-19,251,255662014,0.133,,
approach,상큼한거먹고,403ff8afe9e747b6f5477ccc8907c03a,2026-07-20,251,255662014,0.133,1147892,
approach,상큼한거먹고,403ff8afe9e747b6f5477ccc8907c03a,2026-07-21,251,255662014,0.133,,
approach,상큼한거먹고,403ff8afe9e747b6f5477ccc8907c03a,2026-07-22,251,255662014,0.133,,
approach,솔제나,1d861cc033d7f1e6364a96a739d6122daae77432709819edb959e1fd5d1d77b4,2026-07-13,251,226359990,0.118,,
approach,솔제나,1d861cc033d7f1e6364a96a739d6122daae77432709819edb959e1fd5d1d77b4,2026-07-14,251,226359990,0.118,,
approach,솔제나,1d861cc033d7f1e6364a96a739d6122daae77432709819edb959e1fd5d1d77b4,2026-07-15,251,226359990,0.118,,
approach,솔제나,1d861cc033d7f1e6364a96a739d6122daae77432709819edb959e1fd5d1d77b4,2026-07-16,251,226359990,0.118,,
approach,솔제나,1d861cc033d7f1e6364a96a739d6122daae77432709819edb959e1fd5d1d77b4,2026-07-17,251,226359990,0.118,,
approach,솔제나,1d861cc033d7f1e6364a96a739d6122daae77432709819edb959e1fd5d1d77b4,2026-07-18,251,226359990,0.118,,
approach,솔제나,1d861cc033d7f1e6364a96a739d6122daae77432709819edb959e1fd5d1d77b4,2026-07-19,251,226359990,0.118,,
approach,솔제나,1d861cc033d7f1e6364a96a739d6122daae77432709819edb959e1fd5d1d77b4,2026-07-20,251,226359990,0.118,0,
approach,솔제나,1d861cc033d7f1e6364a96a739d6122daae77432709819edb959e1fd5d1d77b4,2026-07-21,251,226359990,0.118,,
approach,솔제나,1d861cc033d7f1e6364a96a739d6122daae77432709819edb959e1fd5d1d77b4,2026-07-22,251,226359990,0.118,,
approach,학교안간딸기,b021955e657b3b094cf9be4e56a21828,2026-07-13,251,263895924,0.058,,
approach,학교안간딸기,b021955e657b3b094cf9be4e56a21828,2026-07-14,251,263895924,0.058,,
approach,학교안간딸기,b021955e657b3b094cf9be4e56a21828,2026-07-15,251,263895924,0.058,,
approach,학교안간딸기,b021955e657b3b094cf9be4e56a21828,2026-07-16,251,263895924,0.058,,
approach,학교안간딸기,b021955e657b3b094cf9be4e56a21828,2026-07-17,251,263895924,0.058,,
approach,학교안간딸기,b021955e657b3b094cf9be4e56a21828,2026-07-18,251,263895924,0.058,,
approach,학교안간딸기,b021955e657b3b094cf9be4e56a21828,2026-07-19,251,263895924,0.058,,
approach,학교안간딸기,b021955e657b3b094cf9be4e56a21828,2026-07-20,251,263895924,0.058,0,
approach,학교안간딸기,b021955e657b3b094cf9be4e56a21828,2026-07-21,251,263895924,0.058,,
approach,학교안간딸기,b021955e657b3b094cf9be4e56a21828,2026-07-22,251,263895924,0.058,,
approach,세탁과메카닉,c985244a70751df303e2a3e9e5bf187a6fbb98200a15be5bcc73a64995849e9c,2026-07-13,251,250800456,0.131,,
approach,세탁과메카닉,c985244a70751df303e2a3e9e5bf187a6fbb98200a15be5bcc73a64995849e9c,2026-07-14,251,250800456,0.131,,
approach,세탁과메카닉,c985244a70751df303e2a3e9e5bf187a6fbb98200a15be5bcc73a64995849e9c,2026-07-15,251,250800456,0.131,,
approach,세탁과메카닉,c985244a70751df303e2a3e9e5bf187a6fbb98200a15be5bcc73a64995849e9c,2026-07-16,251,250800456,0.131,,
approach,세탁과메카닉,c985244a70751df303e2a3e9e5bf187a6fbb98200a15be5bcc73a64995849e9c,2026-07-17,251,250800456,0.131,,
approach,세탁과메카닉,c985244a70751df303e2a3e9e5bf187a6fbb98200a15be5bcc73a64995849e9c,2026-07-18,251,250800456,0.131,,
approach,세탁과메카닉,c985244a70751df303e2a3e9e5bf187a6fbb98200a15be5bcc73a64995849e9c,2026-07-19,251,250800456,0.131,,
approach,세탁과메카닉,c985244a70751df303e2a3e9e5bf187a6fbb98200a15be5bcc73a64995849e9c,2026-07-20,251,250800456,0.131,70402,
approach,세탁과메카닉,c985244a70751df303e2a3e9e5bf187a6fbb98200a15be5bcc73a64995849e9c,2026-07-21,251,250800456,0.131,,
approach,세탁과메카닉,c985244a70751df303e2a3e9e5bf187a6fbb98200a15be5bcc73a64995849e9c,2026-07-22,251,250800456,0.131,,
approach,exe07,ecdba59cbf3b886ab3e3bbdca766a6a6efe8d04e6d233bd35cf2fabdeb93fb0d,2026-07-13,251,290597519,0.151,,
approach,exe07,ecdba59cbf3b886ab3e3bbdca766a6a6efe8d04e6d233bd35cf2fabdeb93fb0d,2026-07-14,251,290597519,0.151,,
approach,exe07,ecdba59cbf3b886ab3e3bbdca766a6a6efe8d04e6d233bd35cf2fabdeb93fb0d,2026-07-15,251,290597519,0.151,,
approach,exe07,ecdba59cbf3b886ab3e3bbdca766a6a6efe8d04e6d233bd35cf2fabdeb93fb0d,2026-07-16,251,290597519,0.151,,
approach,exe07,ecdba59cbf3b886ab3e3bbdca766a6a6efe8d04e6d233bd35cf2fabdeb93fb0d,2026-07-17,251,290597519,0.151,,
approach,exe07,ecdba59cbf3b886ab3e3bbdca766a6a6efe8d04e6d233bd35cf2fabdeb93fb0d,2026-07-18,251,290597519,0.151,,
approach,exe07,ecdba59cbf3b886ab3e3bbdca766a6a6efe8d04e6d233bd35cf2fabdeb93fb0d,2026-07-19,251,290597519,0.151,,
approach,exe07,ecdba59cbf3b886ab3e3bbdca766a6a6efe8d04e6d233bd35cf2fabdeb93fb0d,2026-07-20,251,290597519,0.151,96612,
approach,exe07,ecdba59cbf3b886ab3e3bbdca766a6a6efe8d04e6d233bd35cf2fabdeb93fb0d,2026-07-21,251,290597519,0.151,,
approach,exe07,ecdba59cbf3b886ab3e3bbdca766a6a6efe8d04e6d233bd35cf2fabdeb93fb0d,2026-07-22,251,290597519,0.151,,
approach,이파리꽃,a15340dd6bd5480271d7e75186c2af26efe8d04e6d233bd35cf2fabdeb93fb0d,2026-07-13,251,272364220,0.142,,
approach,이파리꽃,a15340dd6bd5480271d7e75186c2af26efe8d04e6d233bd35cf2fabdeb93fb0d,2026-07-14,251,272364220,0.142,,
approach,이파리꽃,a15340dd6bd5480271d7e75186c2af26efe8d04e6d233bd35cf2fabdeb93fb0d,2026-07-15,251,272364220,0.142,,
approach,이파리꽃,a15340dd6bd5480271d7e75186c2af26efe8d04e6d233bd35cf2fabdeb93fb0d,2026-07-16,251,272364220,0.142,,
approach,이파리꽃,a15340dd6bd5480271d7e75186c2af26efe8d04e6d233bd35cf2fabdeb93fb0d,2026-07-17,251,272364220,0.142,,
approach,이파리꽃,a15340dd6bd5480271d7e75186c2af26efe8d04e6d233bd35cf2fabdeb93fb0d,2026-07-18,251,272364220,0.142,,
approach,이파리꽃,a15340dd6bd5480271d7e75186c2af26efe8d04e6d233bd35cf2fabdeb93fb0d,2026-07-19,251,272364220,0.142,,
approach,이파리꽃,a15340dd6bd5480271d7e75186c2af26efe8d04e6d233bd35cf2fabdeb93fb0d,2026-07-20,251,272364220,0.142,678293,
approach,이파리꽃,a15340dd6bd5480271d7e75186c2af26efe8d04e6d233bd35cf2fabdeb93fb0d,2026-07-21,251,272364220,0.142,,
approach,이파리꽃,a15340dd6bd5480271d7e75186c2af26efe8d04e6d233bd35cf2fabdeb93fb0d,2026-07-22,251,272364220,0.142,,
approach,iIIi라이트,5ebf5efb593c50faa97ae4d5498c8741efe8d04e6d233bd35cf2fabdeb93fb0d,2026-07-13,251,316756317,0.165,,
approach,iIIi라이트,5ebf5efb593c50faa97ae4d5498c8741efe8d04e6d233bd35cf2fabdeb93fb0d,2026-07-14,251,316756317,0.165,,
approach,iIIi라이트,5ebf5efb593c50faa97ae4d5498c8741efe8d04e6d233bd35cf2fabdeb93fb0d,2026-07-15,251,316756317,0.165,,
approach,iIIi라이트,5ebf5efb593c50faa97ae4d5498c8741efe8d04e6d233bd35cf2fabdeb93fb0d,2026-07-16,251,316756317,0.165,,
approach,iIIi라이트,5ebf5efb593c50faa97ae4d5498c8741efe8d04e6d233bd35cf2fabdeb93fb0d,2026-07-17,251,316756317,0.165,,
approach,iIIi라이트,5ebf5efb593c50faa97ae4d5498c8741efe8d04e6d233bd35cf2fabdeb93fb0d,2026-07-18,251,316756317,0.165,,
approach,iIIi라이트,5ebf5efb593c50faa97ae4d5498c8741efe8d04e6d233bd35cf2fabdeb93fb0d,2026-07-19,251,316756317,0.165,,
approach,iIIi라이트,5ebf5efb593c50faa97ae4d5498c8741efe8d04e6d233bd35cf2fabdeb93fb0d,2026-07-20,251,316756317,0.165,1018936,
approach,iIIi라이트,5ebf5efb593c50faa97ae4d5498c8741efe8d04e6d233bd35cf2fabdeb93fb0d,2026-07-21,251,316756317,0.165,,
approach,iIIi라이트,5ebf5efb593c50faa97ae4d5498c8741efe8d04e6d233bd35cf2fabdeb93fb0d,2026-07-22,251,316756317,0.165,,
approach,옹국도,ce8c0a13c18cb84e722ac0b9d5b5a277efe8d04e6d233bd35cf2fabdeb93fb0d,2026-07-13,251,276970580,0.144,,
approach,옹국도,ce8c0a13c18cb84e722ac0b9d5b5a277efe8d04e6d233bd35cf2fabdeb93fb0d,2026-07-14,251,276970580,0.144,,
approach,옹국도,ce8c0a13c18cb84e722ac0b9d5b5a277efe8d04e6d233bd35cf2fabdeb93fb0d,2026-07-15,251,276970580,0.144,,
approach,옹국도,ce8c0a13c18cb84e722ac0b9d5b5a277efe8d04e6d233bd35cf2fabdeb93fb0d,2026-07-16,251,276970580,0.144,,
approach,옹국도,ce8c0a13c18cb84e722ac0b9d5b5a277efe8d04e6d233bd35cf2fabdeb93fb0d,2026-07-17,251,276970580,0.144,,
approach,옹국도,ce8c0a13c18cb84e722ac0b9d5b5a277efe8d04e6d233bd35cf2fabdeb93fb0d,2026-07-18,251,276970580,0.144,,
approach,옹국도,ce8c0a13c18cb84e722ac0b9d5b5a277efe8d04e6d233bd35cf2fabdeb93fb0d,2026-07-19,251,276970580,0.144,,
approach,옹국도,ce8c0a13c18cb84e722ac0b9d5b5a277efe8d04e6d233bd35cf2fabdeb93fb0d,2026-07-20,251,276970580,0.144,824984,
approach,옹국도,ce8c0a13c18cb84e722ac0b9d5b5a277efe8d04e6d233bd35cf2fabdeb93fb0d,2026-07-21,251,276970580,0.144,,
approach,옹국도,ce8c0a13c18cb84e722ac0b9d5b5a277efe8d04e6d233bd35cf2fabdeb93fb0d,2026-07-22,251,276970580,0.144,,
approach,5월의재수생,dfde2d809b4096b7b047f0c1960d7421,2026-07-13,251,230139193,0.120,,
approach,5월의재수생,dfde2d809b4096b7b047f0c1960d7421,2026-07-14,251,230139193,0.120,,
approach,5월의재수생,dfde2d809b4096b7b047f0c1960d7421,2026-07-15,251,230139193,0.120,,
approach,5월의재수생,dfde2d809b4096b7b047f0c1960d7421,2026-07-16,251,230139193,0.120,,
approach,5월의재수생,dfde2d809b4096b7b047f0c1960d7421,2026-07-17,251,230139193,0.120,,
approach,5월의재수생,dfde2d809b4096b7b047f0c1960d7421,2026-07-18,251,230139193,0.120,,
approach,5월의재수생,dfde2d809b4096b7b047f0c1960d7421,2026-07-19,251,230139193,0.120,,
approach,5월의재수생,dfde2d809b4096b7b047f0c1960d7421,2026-07-20,251,230139193,0.120,485437,
approach,5월의재수생,dfde2d809b4096b7b047f0c1960d7421,2026-07-21,251,230139193,0.120,,
approach,5월의재수생,dfde2d809b4096b7b047f0c1960d7421,2026-07-22,251,230139193,0.120,,
approach,뱅큐크14,c4b8a3ddc7a818b5efef35c92b79d715efe8d04e6d233bd35cf2fabdeb93fb0d,2026-07-13,251,228639067,0.119,,
approach,뱅큐크14,c4b8a3ddc7a818b5efef35c92b79d715efe8d04e6d233bd35cf2fabdeb93fb0d,2026-07-14,251,228639067,0.119,,
approach,뱅큐크14,c4b8a3ddc7a818b5efef35c92b79d715efe8d04e6d233bd35cf2fabdeb93fb0d,2026-07-15,251,228639067,0.119,,
approach,뱅큐크14,c4b8a3ddc7a818b5efef35c92b79d715efe8d04e6d233bd35cf2fabdeb93fb0d,2026-07-16,251,228639067,0.119,,
approach,뱅큐크14,c4b8a3ddc7a818b5efef35c92b79d715efe8d04e6d233bd35cf2fabdeb93fb0d,2026-07-17,251,228639067,0.119,,
approach,뱅큐크14,c4b8a3ddc7a818b5efef35c92b79d715efe8d04e6d233bd35cf2fabdeb93fb0d,2026-07-18,251,228639067,0.119,,
approach,뱅큐크14,c4b8a3ddc7a818b5efef35c92b79d715efe8d04e6d233bd35cf2fabdeb93fb0d,2026-07-19,251,228639067,0.119,,
approach,뱅큐크14,c4b8a3ddc7a818b5efef35c92b79d715efe8d04e6d233bd35cf2fabdeb93fb0d,2026-07-20,251,228639067,0.119,50664,
approach,뱅큐크14,c4b8a3ddc7a818b5efef35c92b79d715efe8d04e6d233bd35cf2fabdeb93fb0d,2026-07-21,251,228639067,0.119,,
approach,뱅큐크14,c4b8a3ddc7a818b5efef35c92b79d715efe8d04e6d233bd35cf2fabdeb93fb0d,2026-07-22,251,228639067,0.119,,
approach,불량한샤프,1cc77866e7b1d9a15af2e5f3b2f570d8,2026-07-13,251,286653568,0.149,,
approach,불량한샤프,1cc77866e7b1d9a15af2e5f3b2f570d8,2026-07-14,251,286653568,0.149,,
approach,불량한샤프,1cc77866e7b1d9a15af2e5f3b2f570d8,2026-07-15,251,286653568,0.149,,
approach,불량한샤프,1cc77866e7b1d9a15af2e5f3b2f570d8,2026-07-16,251,286653568,0.149,,
approach,불량한샤프,1cc77866e7b1d9a15af2e5f3b2f570d8,2026-07-17,251,286653568,0.149,,
approach,불량한샤프,1cc77866e7b1d9a15af2e5f3b2f570d8,2026-07-18,251,286653568,0.149,,
approach,불량한샤프,1cc77866e7b1d9a15af2e5f3b2f570d8,2026-07-19,251,286653568,0.149,,
approach,불량한샤프,1cc77866e7b1d9a15af2e5f3b2f570d8,2026-07-20,251,286653568,0.149,319186,
approach,불량한샤프,1cc77866e7b1d9a15af2e5f3b2f570d8,2026-07-21,251,286653568,0.149,,
approach,불량한샤프,1cc77866e7b1d9a15af2e5f3b2f570d8,2026-07-22,251,286653568,0.149,,
approach,행팡은월,a5320e1080c5626331ccb14db2d576be,2026-07-13,251,282361272,0.147,,
approach,행팡은월,a5320e1080c5626331ccb14db2d576be,2026-07-14,251,282361272,0.147,,
approach,행팡은월,a5320e1080c5626331ccb14db2d576be,2026-07-15,251,282361272,0.147,,
approach,행팡은월,a5320e1080c5626331ccb14db2d576be,2026-07-16,251,282361272,0.147,,
approach,행팡은월,a5320e1080c5626331ccb14db2d576be,2026-07-17,251,282361272,0.147,,
approach,행팡은월,a5320e1080c5626331ccb14db2d576be,2026-07-18,251,282361272,0.147,,
approach,행팡은월,a5320e1080c5626331ccb14db2d576be,2026-07-19,251,282361272,0.147,,
approach,행팡은월,a5320e1080c5626331ccb14db2d576be,2026-07-20,251,282361272,0.147,100679,
approach,행팡은월,a5320e1080c5626331ccb14db2d576be,2026-07-21,251,282361272,0.147,,
approach,행팡은월,a5320e1080c5626331ccb14db2d576be,2026-07-22,251,282361272,0.147,,
approach,나는하버할랭,8bf985315b4d42f6ec3645184f8f5fa2,2026-07-13,251,297438642,0.065,,
approach,나는하버할랭,8bf985315b4d42f6ec3645184f8f5fa2,2026-07-14,251,297438642,0.065,,
approach,나는하버할랭,8bf985315b4d42f6ec3645184f8f5fa2,2026-07-15,251,297438642,0.065,,
approach,나는하버할랭,8bf985315b4d42f6ec3645184f8f5fa2,2026-07-16,251,297438642,0.065,,
approach,나는하버할랭,8bf985315b4d42f6ec3645184f8f5fa2,2026-07-17,251,297438642,0.065,,
approach,나는하버할랭,8bf985315b4d42f6ec3645184f8f5fa2,2026-07-18,251,297438642,0.065,,
approach,나는하버할랭,8bf985315b4d42f6ec3645184f8f5fa2,2026-07-19,251,297438642,0.065,,
approach,나는하버할랭,8bf985315b4d42f6ec3645184f8f5fa2,2026-07-20,251,297438642,0.065,1366174,
approach,나는하버할랭,8bf985315b4d42f6ec3645184f8f5fa2,2026-07-21,251,297438642,0.065,,
approach,나는하버할랭,8bf985315b4d42f6ec3645184f8f5fa2,2026-07-22,251,297438642,0.065,,
approach,위험한독구름,08d9141a208b75e2bb96eec379e30761,2026-07-13,251,297617016,0.155,,
approach,위험한독구름,08d9141a208b75e2bb96eec379e30761,2026-07-14,251,297617016,0.155,,
approach,위험한독구름,08d9141a208b75e2bb96eec379e30761,2026-07-15,251,297617016,0.155,,
approach,위험한독구름,08d9141a208b75e2bb96eec379e30761,2026-07-16,251,297617016,0.155,,
approach,위험한독구름,08d9141a208b75e2bb96eec379e30761,2026-07-17,251,297617016,0.155,,
approach,위험한독구름,08d9141a208b75e2bb96eec379e30761,2026-07-18,251,297617016,0.155,,
approach,위험한독구름,08d9141a208b75e2bb96eec379e30761,2026-07-19,251,297617016,0.155,,
approach,위험한독구름,08d9141a208b75e2bb96eec379e30761,2026-07-20,251,297617016,0.155,2700076,
approach,위험한독구름,08d9141a208b75e2bb96eec379e30761,2026-07-21,251,297617016,0.155,,
approach,위험한독구름,08d9141a208b75e2bb96eec379e30761,2026-07-22,251,297617016,0.155,,
approach,폐지줍는캐슈,346fc906e925cf1a0e47407f8d058bc0efe8d04e6d233bd35cf2fabdeb93fb0d,2026-07-13,251,308059282,0.160,,
approach,폐지줍는캐슈,346fc906e925cf1a0e47407f8d058bc0efe8d04e6d233bd35cf2fabdeb93fb0d,2026-07-14,251,308059282,0.160,,
approach,폐지줍는캐슈,346fc906e925cf1a0e47407f8d058bc0efe8d04e6d233bd35cf2fabdeb93fb0d,2026-07-15,251,308059282,0.160,,
approach,폐지줍는캐슈,346fc906e925cf1a0e47407f8d058bc0efe8d04e6d233bd35cf2fabdeb93fb0d,2026-07-16,251,308059282,0.160,,
approach,폐지줍는캐슈,346fc906e925cf1a0e47407f8d058bc0efe8d04e6d233bd35cf2fabdeb93fb0d,2026-07-17,251,308059282,0.160,,
approach,폐지줍는캐슈,346fc906e925cf1a0e47407f8d058bc0efe8d04e6d233bd35cf2fabdeb93fb0d,2026-07-18,251,308059282,0.160,,
approach,폐지줍는캐슈,346fc906e925cf1a0e47407f8d058bc0efe8d04e6d233bd35cf2fabdeb93fb0d,2026-07-19,251,308059282,0.160,,
approach,폐지줍는캐슈,346fc906e925cf1a0e47407f8d058bc0efe8d04e6d233bd35cf2fabdeb93fb0d,2026-07-20,251,308059282,0.160,402920,
approach,폐지줍는캐슈,346fc906e925cf1a0e47407f8d058bc0efe8d04e6d233bd35cf2fabdeb93fb0d,2026-07-21,251,308059282,0.160,,
approach,폐지줍는캐슈,346fc906e925cf1a0e47407f8d058bc0efe8d04e6d233bd35cf2fabdeb93fb0d,2026-07-22,251,308059282,0.160,,
approach,점심먹는부엉,f2c8f6f035055085a969f86f5b99847aaae77432709819edb959e1fd5d1d77b4,2026-07-13,251,234061602,0.122,,
approach,점심먹는부엉,f2c8f6f035055085a969f86f5b99847aaae77432709819edb959e1fd5d1d77b4,2026-07-14,251,234061602,0.122,,
approach,점심먹는부엉,f2c8f6f035055085a969f86f5b99847aaae77432709819edb959e1fd5d1d77b4,2026-07-15,251,234061602,0.122,,
approach,점심먹는부엉,f2c8f6f035055085a969f86f5b99847aaae77432709819edb959e1fd5d1d77b4,2026-07-16,251,234061602,0.122,,
approach,점심먹는부엉,f2c8f6f035055085a969f86f5b99847aaae77432709819edb959e1fd5d1d77b4,2026-07-17,251,234061602,0.122,,
approach,점심먹는부엉,f2c8f6f035055085a969f86f5b99847aaae77432709819edb959e1fd5d1d77b4,2026-07-18,251,234061602,0.122,,
approach,점심먹는부엉,f2c8f6f035055085a969f86f5b99847aaae77432709819edb959e1fd5d1d77b4,2026-07-19,251,234061602,0.122,,
approach,점심먹는부엉,f2c8f6f035055085a969f86f5b99847aaae77432709819edb959e1fd5d1d77b4,2026-07-20,251,234061602,0.122,47248,
approach,점심먹는부엉,f2c8f6f035055085a969f86f5b99847aaae77432709819edb959e1fd5d1d77b4,2026-07-21,251,234061602,0.122,,
approach,점심먹는부엉,f2c8f6f035055085a969f86f5b99847aaae77432709819edb959e1fd5d1d77b4,2026-07-22,251,234061602,0.122,,
approach,성장록,3575ccaa17779f325eb3b21fd85a39eeefe8d04e6d233bd35cf2fabdeb93fb0d,2026-07-13,251,222137962,0.049,,
approach,성장록,3575ccaa17779f325eb3b21fd85a39eeefe8d04e6d233bd35cf2fabdeb93fb0d,2026-07-14,251,222137962,0.049,,
approach,성장록,3575ccaa17779f325eb3b21fd85a39eeefe8d04e6d233bd35cf2fabdeb93fb0d,2026-07-15,251,222137962,0.049,,
approach,성장록,3575ccaa17779f325eb3b21fd85a39eeefe8d04e6d233bd35cf2fabdeb93fb0d,2026-07-16,251,222137962,0.049,,
approach,성장록,3575ccaa17779f325eb3b21fd85a39eeefe8d04e6d233bd35cf2fabdeb93fb0d,2026-07-17,251,222137962,0.049,,
approach,성장록,3575ccaa17779f325eb3b21fd85a39eeefe8d04e6d233bd35cf2fabdeb93fb0d,2026-07-18,251,222137962,0.049,,
approach,성장록,3575ccaa17779f325eb3b21fd85a39eeefe8d04e6d233bd35cf2fabdeb93fb0d,2026-07-19,251,222137962,0.049,,
approach,성장록,3575ccaa17779f325eb3b21fd85a39eeefe8d04e6d233bd35cf2fabdeb93fb0d,2026-07-20,251,222137962,0.049,2100218,
approach,성장록,3575ccaa17779f325eb3b21fd85a39eeefe8d04e6d233bd35cf2fabdeb93fb0d,2026-07-21,251,222137962,0.049,,
approach,성장록,3575ccaa17779f325eb3b21fd85a39eeefe8d04e6d233bd35cf2fabdeb93fb0d,2026-07-22,251,222137962,0.049,,
approach,유니멜우심심,5f576b76cbcc144efcef129e064f3dab,2026-07-13,251,298343471,0.155,,
approach,유니멜우심심,5f576b76cbcc144efcef129e064f3dab,2026-07-14,251,298343471,0.155,,
approach,유니멜우심심,5f576b76cbcc144efcef129e064f3dab,2026-07-15,251,298343471,0.155,,
approach,유니멜우심심,5f576b76cbcc144efcef129e064f3dab,2026-07-16,251,298343471,0.155,,
approach,유니멜우심심,5f576b76cbcc144efcef129e064f3dab,2026-07-17,251,298343471,0.155,,
approach,유니멜우심심,5f576b76cbcc144efcef129e064f3dab,2026-07-18,251,298343471,0.155,,
approach,유니멜우심심,5f576b76cbcc144efcef129e064f3dab,2026-07-19,251,298343471,0.155,,
approach,유니멜우심심,5f576b76cbcc144efcef129e064f3dab,2026-07-20,251,298343471,0.155,35484,
approach,유니멜우심심,5f576b76cbcc144efcef129e064f3dab,2026-07-21,251,298343471,0.155,,
approach,유니멜우심심,5f576b76cbcc144efcef129e064f3dab,2026-07-22,251,298343471,0.155,,
approach,tkqlba,c2127235c02cc352c86e07b69621fec7efe8d04e6d233bd35cf2fabdeb93fb0d,2026-07-13,251,241020581,0.125,,
approach,tkqlba,c2127235c02cc352c86e07b69621fec7efe8d04e6d233bd35cf2fabdeb93fb0d,2026-07-14,251,241020581,0.125,,
approach,tkqlba,c2127235c02cc352c86e07b69621fec7efe8d04e6d233bd35cf2fabdeb93fb0d,2026-07-15,251,241020581,0.125,,
approach,tkqlba,c2127235c02cc352c86e07b69621fec7efe8d04e6d233bd35cf2fabdeb93fb0d,2026-07-16,251,241020581,0.125,,
approach,tkqlba,c2127235c02cc352c86e07b69621fec7efe8d04e6d233bd35cf2fabdeb93fb0d,2026-07-17,251,241020581,0.125,,
approach,tkqlba,c2127235c02cc352c86e07b69621fec7efe8d04e6d233bd35cf2fabdeb93fb0d,2026-07-18,251,241020581,0.125,,
approach,tkqlba,c2127235c02cc352c86e07b69621fec7efe8d04e6d233bd35cf2fabdeb93fb0d,2026-07-19,251,241020581,0.125,,
approach,tkqlba,c2127235c02cc352c86e07b69621fec7efe8d04e6d233bd35cf2fabdeb93fb0d,2026-07-20,251,241020581,0.125,396414,
approach,tkqlba,c2127235c02cc352c86e07b69621fec7efe8d04e6d233bd35cf2fabdeb93fb0d,2026-07-21,251,241020581,0.125,,
approach,tkqlba,c2127235c02cc352c86e07b69621fec7efe8d04e6d233bd35cf2fabdeb93fb0d,2026-07-22,251,241020581,0.125,,
approach,유뇬메세001,009452683327635678c4e7072ea3b5ddfd842dab14be2a956555625b37c97bff,2026-07-13,251,219937750,0.114,,
approach,유뇬메세001,009452683327635678c4e7072ea3b5ddfd842dab14be2a956555625b37c97bff,2026-07-14,251,219937750,0.114,,
approach,유뇬메세001,009452683327635678c4e7072ea3b5ddfd842dab14be2a956555625b37c97bff,2026-07-15,251,219937750,0.114,,
approach,유뇬메세001,009452683327635678c4e7072ea3b5ddfd842dab14be2a956555625b37c97bff,2026-07-16,251,219937750,0.114,,
approach,유뇬메세001,009452683327635678c4e7072ea3b5ddfd842dab14be2a956555625b37c97bff,2026-07-17,251,219937750,0.114,,
approach,유뇬메세001,009452683327635678c4e7072ea3b5ddfd842dab14be2a956555625b37c97bff,2026-07-18,251,219937750,0.114,,
approach,유뇬메세001,009452683327635678c4e7072ea3b5ddfd842dab14be2a956555625b37c97bff,2026-07-19,251,219937750,0.114,,
approach,유뇬메세001,009452683327635678c4e7072ea3b5ddfd842dab14be2a956555625b37c97bff,2026-07-20,251,219937750,0.114,3890,
approach,유뇬메세001,009452683327635678c4e7072ea3b5ddfd842dab14be2a956555625b37c97bff,2026-07-21,251,219937750,0.114,,
approach,유뇬메세001,009452683327635678c4e7072ea3b5ddfd842dab14be2a956555625b37c97bff,2026-07-22,251,219937750,0.114,,
approach,월장룡,998262326426f542cf4c0f63cc6723e6,2026-07-13,251,305040430,0.159,,
approach,월장룡,998262326426f542cf4c0f63cc6723e6,2026-07-14,251,305040430,0.159,,
approach,월장룡,998262326426f542cf4c0f63cc6723e6,2026-07-15,251,305040430,0.159,,
approach,월장룡,998262326426f542cf4c0f63cc6723e6,2026-07-16,251,305040430,0.159,,
approach,월장룡,998262326426f542cf4c0f63cc6723e6,2026-07-17,251,305040430,0.159,,
approach,월장룡,998262326426f542cf4c0f63cc6723e6,2026-07-18,251,305040430,0.159,,
approach,월장룡,998262326426f542cf4c0f63cc6723e6,2026-07-19,251,305040430,0.159,,
approach,월장룡,998262326426f542cf4c0f63cc6723e6,2026-07-20,251,305040430,0.159,168238,
approach,월장룡,998262326426f542cf4c0f63cc6723e6,2026-07-21,251,305040430,0.159,,
approach,월장룡,998262326426f542cf4c0f63cc6723e6,2026-07-22,251,305040430,0.159,,
approach,펜텀io,f1a4803f68d6c7a27c27ecc06a613955efe8d04e6d233bd35cf2fabdeb93fb0d,2026-07-13,251,220541048,0.115,,
approach,펜텀io,f1a4803f68d6c7a27c27ecc06a613955efe8d04e6d233bd35cf2fabdeb93fb0d,2026-07-14,251,220541048,0.115,,
approach,펜텀io,f1a4803f68d6c7a27c27ecc06a613955efe8d04e6d233bd35cf2fabdeb93fb0d,2026-07-15,251,220541048,0.115,,
approach,펜텀io,f1a4803f68d6c7a27c27ecc06a613955efe8d04e6d233bd35cf2fabdeb93fb0d,2026-07-16,251,220541048,0.115,,
approach,펜텀io,f1a4803f68d6c7a27c27ecc06a613955efe8d04e6d233bd35cf2fabdeb93fb0d,2026-07-17,251,220541048,0.115,,
approach,펜텀io,f1a4803f68d6c7a27c27ecc06a613955efe8d04e6d233bd35cf2fabdeb93fb0d,2026-07-18,251,220541048,0.115,,
approach,펜텀io,f1a4803f68d6c7a27c27ecc06a613955efe8d04e6d233bd35cf2fabdeb93fb0d,2026-07-19,251,220541048,0.115,,
approach,펜텀io,f1a4803f68d6c7a27c27ecc06a613955efe8d04e6d233bd35cf2fabdeb93fb0d,2026-07-20,251,220541048,0.115,193648,
approach,펜텀io,f1a4803f68d6c7a27c27ecc06a613955efe8d04e6d233bd35cf2fabdeb93fb0d,2026-07-21,251,220541048,0.115,,
approach,펜텀io,f1a4803f68d6c7a27c27ecc06a613955efe8d04e6d233bd35cf2fabdeb93fb0d,2026-07-22,251,220541048,0.115,,
approach,쿨수링크01,a06ab0a2beabb3321e392afb8c37db87efe8d04e6d233bd35cf2fabdeb93fb0d,2026-07-13,251,317945950,0.165,,
approach,쿨수링크01,a06ab0a2beabb3321e392afb8c37db87efe8d04e6d233bd35cf2fabdeb93fb0d,2026-07-14,251,317945950,0.165,,
approach,쿨수링크01,a06ab0a2beabb3321e392afb8c37db87efe8d04e6d233bd35cf2fabdeb93fb0d,2026-07-15,251,317945950,0.165,,
approach,쿨수링크01,a06ab0a2beabb3321e392afb8c37db87efe8d04e6d233bd35cf2fabdeb93fb0d,2026-07-16,251,317945950,0.165,,
approach,쿨수링크01,a06ab0a2beabb3321e392afb8c37db87efe8d04e6d233bd35cf2fabdeb93fb0d,2026-07-17,251,317945950,0.165,,
approach,쿨수링크01,a06ab0a2beabb3321e392afb8c37db87efe8d04e6d233bd35cf2fabdeb93fb0d,2026-07-18,251,317945950,0.165,,
approach,쿨수링크01,a06ab0a2beabb3321e392afb8c37db87efe8d04e6d233bd35cf2fabdeb93fb0d,2026-07-19,251,317945950,0.165,,
approach,쿨수링크01,a06ab0a2beabb3321e392afb8c37db87efe8d04e6d233bd35cf2fabdeb93fb0d,2026-07-20,251,317945950,0.165,84336,
approach,쿨수링크01,a06ab0a2beabb3321e392afb8c37db87efe8d04e6d233bd35cf2fabdeb93fb0d,2026-07-21,251,317945950,0.165,,
approach,쿨수링크01,a06ab0a2beabb3321e392afb8c37db87efe8d04e6d233bd35cf2fabdeb93fb0d,2026-07-22,251,317945950,0.165,,
approach,우제야라면끓,1f39036dd9900ba572d8027298f92a594723574b05820acf03e7ec3162ff5bed,2026-07-13,251,217112095,0.048,,
approach,우제야라면끓,1f39036dd9900ba572d8027298f92a594723574b05820acf03e7ec3162ff5bed,2026-07-14,251,217112095,0.048,,
approach,우제야라면끓,1f39036dd9900ba572d8027298f92a594723574b05820acf03e7ec3162ff5bed,2026-07-15,251,217112095,0.048,,
approach,우제야라면끓,1f39036dd9900ba572d8027298f92a594723574b05820acf03e7ec3162ff5bed,2026-07-16,251,217112095,0.048,,
approach,우제야라면끓,1f39036dd9900ba572d8027298f92a594723574b05820acf03e7ec3162ff5bed,2026-07-17,251,217112095,0.048,,
approach,우제야라면끓,1f39036dd9900ba572d8027298f92a594723574b05820acf03e7ec3162ff5bed,2026-07-18,251,217112095,0.048,,
approach,우제야라면끓,1f39036dd9900ba572d8027298f92a594723574b05820acf03e7ec3162ff5bed,2026-07-19,251,217112095,0.048,,
approach,우제야라면끓,1f39036dd9900ba572d8027298f92a594723574b05820acf03e7ec3162ff5bed,2026-07-20,251,217112095,0.048,1115844,
approach,우제야라면끓,1f39036dd9900ba572d8027298f92a594723574b05820acf03e7ec3162ff5bed,2026-07-21,251,217112095,0.048,,
approach,우제야라면끓,1f39036dd9900ba572d8027298f92a594723574b05820acf03e7ec3162ff5bed,2026-07-22,251,217112095,0.048,,
approach,첫번째신궁1,9d5044211e5316eac6de0df0e865c32c,2026-07-13,251,250269267,0.130,,
approach,첫번째신궁1,9d5044211e5316eac6de0df0e865c32c,2026-07-14,251,250269267,0.130,,
approach,첫번째신궁1,9d5044211e5316eac6de0df0e865c32c,2026-07-15,251,250269267,0.130,,
approach,첫번째신궁1,9d5044211e5316eac6de0df0e865c32c,2026-07-16,251,250269267,0.130,,
approach,첫번째신궁1,9d5044211e5316eac6de0df0e865c32c,2026-07-17,251,250269267,0.130,,
approach,첫번째신궁1,9d5044211e5316eac6de0df0e865c32c,2026-07-18,251,250269267,0.130,,
approach,첫번째신궁1,9d5044211e5316eac6de0df0e865c32c,2026-07-19,251,250269267,0.130,,
approach,첫번째신궁1,9d5044211e5316eac6de0df0e865c32c,2026-07-20,251,250269267,0.130,295776,
approach,첫번째신궁1,9d5044211e5316eac6de0df0e865c32c,2026-07-21,251,250269267,0.130,,
approach,첫번째신궁1,9d5044211e5316eac6de0df0e865c32c,2026-07-22,251,250269267,0.130,,
approach,NLords,aa80333639ef2a80ced8be5412b978e1,2026-07-13,251,240583434,0.125,,
approach,NLords,aa80333639ef2a80ced8be5412b978e1,2026-07-14,251,240583434,0.125,,
approach,NLords,aa80333639ef2a80ced8be5412b978e1,2026-07-15,251,240583434,0.125,,
approach,NLords,aa80333639ef2a80ced8be5412b978e1,2026-07-16,251,240583434,0.125,,
approach,NLords,aa80333639ef2a80ced8be5412b978e1,2026-07-17,251,240583434,0.125,,
approach,NLords,aa80333639ef2a80ced8be5412b978e1,2026-07-18,251,240583434,0.125,,
approach,NLords,aa80333639ef2a80ced8be5412b978e1,2026-07-19,251,240583434,0.125,,
approach,NLords,aa80333639ef2a80ced8be5412b978e1,2026-07-20,251,240583434,0.125,223118,
approach,NLords,aa80333639ef2a80ced8be5412b978e1,2026-07-21,251,240583434,0.125,,
approach,NLords,aa80333639ef2a80ced8be5412b978e1,2026-07-22,251,240583434,0.125,,
approach,나워몰름,275a5ed73a7ecab4b1cf600b5b66db67,2026-07-13,,,,,http_400
approach,나워몰름,275a5ed73a7ecab4b1cf600b5b66db67,2026-07-14,,,,,http_400
approach,나워몰름,275a5ed73a7ecab4b1cf600b5b66db67,2026-07-15,,,,,http_400
approach,나워몰름,275a5ed73a7ecab4b1cf600b5b66db67,2026-07-16,,,,,http_400
approach,나워몰름,275a5ed73a7ecab4b1cf600b5b66db67,2026-07-17,,,,,http_400
approach,나워몰름,275a5ed73a7ecab4b1cf600b5b66db67,2026-07-18,,,,,http_400
approach,나워몰름,275a5ed73a7ecab4b1cf600b5b66db67,2026-07-19,,,,,http_400
approach,나워몰름,275a5ed73a7ecab4b1cf600b5b66db67,2026-07-20,,,,,http_400
approach,나워몰름,275a5ed73a7ecab4b1cf600b5b66db67,2026-07-21,,,,,http_400
approach,나워몰름,275a5ed73a7ecab4b1cf600b5b66db67,2026-07-22,,,,,http_400
approach,PiIy,20114dc08a25057f1344b89fada96b5c,2026-07-13,251,214534492,0.112,,
approach,PiIy,20114dc08a25057f1344b89fada96b5c,2026-07-14,251,214534492,0.112,,
approach,PiIy,20114dc08a25057f1344b89fada96b5c,2026-07-15,251,214534492,0.112,,
approach,PiIy,20114dc08a25057f1344b89fada96b5c,2026-07-16,251,214534492,0.112,,
approach,PiIy,20114dc08a25057f1344b89fada96b5c,2026-07-17,251,214534492,0.112,,
approach,PiIy,20114dc08a25057f1344b89fada96b5c,2026-07-18,251,214534492,0.112,,
approach,PiIy,20114dc08a25057f1344b89fada96b5c,2026-07-19,251,214534492,0.112,,
approach,PiIy,20114dc08a25057f1344b89fada96b5c,2026-07-20,251,214534492,0.112,355896,
approach,PiIy,20114dc08a25057f1344b89fada96b5c,2026-07-21,251,214534492,0.112,,
approach,PiIy,20114dc08a25057f1344b89fada96b5c,2026-07-22,251,214534492,0.112,,
approach,NineSprint,8915d04a6b4d51c9ca34dc8369fb9d17efe8d04e6d233bd35cf2fabdeb93fb0d,2026-07-13,251,235121178,0.052,,
approach,NineSprint,8915d04a6b4d51c9ca34dc8369fb9d17efe8d04e6d233bd35cf2fabdeb93fb0d,2026-07-14,251,235121178,0.052,,
approach,NineSprint,8915d04a6b4d51c9ca34dc8369fb9d17efe8d04e6d233bd35cf2fabdeb93fb0d,2026-07-15,251,235121178,0.052,,
approach,NineSprint,8915d04a6b4d51c9ca34dc8369fb9d17efe8d04e6d233bd35cf2fabdeb93fb0d,2026-07-16,251,235121178,0.052,,
approach,NineSprint,8915d04a6b4d51c9ca34dc8369fb9d17efe8d04e6d233bd35cf2fabdeb93fb0d,2026-07-17,251,235121178,0.052,,
approach,NineSprint,8915d04a6b4d51c9ca34dc8369fb9d17efe8d04e6d233bd35cf2fabdeb93fb0d,2026-07-18,251,235121178,0.052,,
approach,NineSprint,8915d04a6b4d51c9ca34dc8369fb9d17efe8d04e6d233bd35cf2fabdeb93fb0d,2026-07-19,251,235121178,0.052,,
approach,NineSprint,8915d04a6b4d51c9ca34dc8369fb9d17efe8d04e6d233bd35cf2fabdeb93fb0d,2026-07-20,251,235121178,0.052,2518256,
approach,NineSprint,8915d04a6b4d51c9ca34dc8369fb9d17efe8d04e6d233bd35cf2fabdeb93fb0d,2026-07-21,251,235121178,0.052,,
approach,NineSprint,8915d04a6b4d51c9ca34dc8369fb9d17efe8d04e6d233bd35cf2fabdeb93fb0d,2026-07-22,251,235121178,0.052,,
approach,겸치싸개2수,75870a6708e21dea0c4c4b6c07abd431,2026-07-13,251,260634782,0.136,,
approach,겸치싸개2수,75870a6708e21dea0c4c4b6c07abd431,2026-07-14,251,260634782,0.136,,
approach,겸치싸개2수,75870a6708e21dea0c4c4b6c07abd431,2026-07-15,251,260634782,0.136,,
approach,겸치싸개2수,75870a6708e21dea0c4c4b6c07abd431,2026-07-16,251,260634782,0.136,,
approach,겸치싸개2수,75870a6708e21dea0c4c4b6c07abd431,2026-07-17,251,260634782,0.136,,
approach,겸치싸개2수,75870a6708e21dea0c4c4b6c07abd431,2026-07-18,251,260634782,0.136,,
approach,겸치싸개2수,75870a6708e21dea0c4c4b6c07abd431,2026-07-19,251,260634782,0.136,,
approach,겸치싸개2수,75870a6708e21dea0c4c4b6c07abd431,2026-07-20,251,260634782,0.136,37852,
approach,겸치싸개2수,75870a6708e21dea0c4c4b6c07abd431,2026-07-21,251,260634782,0.136,,
approach,겸치싸개2수,75870a6708e21dea0c4c4b6c07abd431,2026-07-22,251,260634782,0.136,,
approach,보빡이123,36cb14a01777f6b64d7e3fe44991d946,2026-07-13,251,316497818,0.165,,
approach,보빡이123,36cb14a01777f6b64d7e3fe44991d946,2026-07-14,251,316497818,0.165,,
approach,보빡이123,36cb14a01777f6b64d7e3fe44991d946,2026-07-15,251,316497818,0.165,,
approach,보빡이123,36cb14a01777f6b64d7e3fe44991d946,2026-07-16,251,316497818,0.165,,
approach,보빡이123,36cb14a01777f6b64d7e3fe44991d946,2026-07-17,251,316497818,0.165,,
approach,보빡이123,36cb14a01777f6b64d7e3fe44991d946,2026-07-18,251,316497818,0.165,,
approach,보빡이123,36cb14a01777f6b64d7e3fe44991d946,2026-07-19,251,316497818,0.165,,
approach,보빡이123,36cb14a01777f6b64d7e3fe44991d946,2026-07-20,251,316497818,0.165,250312,
approach,보빡이123,36cb14a01777f6b64d7e3fe44991d946,2026-07-21,251,316497818,0.165,,
approach,보빡이123,36cb14a01777f6b64d7e3fe44991d946,2026-07-22,251,316497818,0.165,,
approach,제로빅건,f81a3b31334fd3b7eef0327ef5ebc7f1,2026-07-13,251,224473899,0.117,,
approach,제로빅건,f81a3b31334fd3b7eef0327ef5ebc7f1,2026-07-14,251,224473899,0.117,,
approach,제로빅건,f81a3b31334fd3b7eef0327ef5ebc7f1,2026-07-15,251,224473899,0.117,,
approach,제로빅건,f81a3b31334fd3b7eef0327ef5ebc7f1,2026-07-16,251,224473899,0.117,,
approach,제로빅건,f81a3b31334fd3b7eef0327ef5ebc7f1,2026-07-17,251,224473899,0.117,,
approach,제로빅건,f81a3b31334fd3b7eef0327ef5ebc7f1,2026-07-18,251,224473899,0.117,,
approach,제로빅건,f81a3b31334fd3b7eef0327ef5ebc7f1,2026-07-19,251,224473899,0.117,,
approach,제로빅건,f81a3b31334fd3b7eef0327ef5ebc7f1,2026-07-20,251,224473899,0.117,103791,
approach,제로빅건,f81a3b31334fd3b7eef0327ef5ebc7f1,2026-07-21,251,224473899,0.117,,
approach,제로빅건,f81a3b31334fd3b7eef0327ef5ebc7f1,2026-07-22,251,224473899,0.117,,
approach,표창니얼굴에,89791f7ab861dbe46ff07093683b36a2efe8d04e6d233bd35cf2fabdeb93fb0d,2026-07-13,251,323567574,0.168,,
approach,표창니얼굴에,89791f7ab861dbe46ff07093683b36a2efe8d04e6d233bd35cf2fabdeb93fb0d,2026-07-14,251,323567574,0.168,,
approach,표창니얼굴에,89791f7ab861dbe46ff07093683b36a2efe8d04e6d233bd35cf2fabdeb93fb0d,2026-07-15,251,323567574,0.168,,
approach,표창니얼굴에,89791f7ab861dbe46ff07093683b36a2efe8d04e6d233bd35cf2fabdeb93fb0d,2026-07-16,251,323567574,0.168,,
approach,표창니얼굴에,89791f7ab861dbe46ff07093683b36a2efe8d04e6d233bd35cf2fabdeb93fb0d,2026-07-17,251,323567574,0.168,,
approach,표창니얼굴에,89791f7ab861dbe46ff07093683b36a2efe8d04e6d233bd35cf2fabdeb93fb0d,2026-07-18,251,323567574,0.168,,
approach,표창니얼굴에,89791f7ab861dbe46ff07093683b36a2efe8d04e6d233bd35cf2fabdeb93fb0d,2026-07-19,251,323567574,0.168,,
approach,표창니얼굴에,89791f7ab861dbe46ff07093683b36a2efe8d04e6d233bd35cf2fabdeb93fb0d,2026-07-20,251,323567574,0.168,333873,
approach,표창니얼굴에,89791f7ab861dbe46ff07093683b36a2efe8d04e6d233bd35cf2fabdeb93fb0d,2026-07-21,251,323567574,0.168,,
approach,표창니얼굴에,89791f7ab861dbe46ff07093683b36a2efe8d04e6d233bd35cf2fabdeb93fb0d,2026-07-22,251,323567574,0.168,,
approach,두루산,21ba76aa05e27b7311300b0a8599a307,2026-07-13,251,229732526,0.120,,
approach,두루산,21ba76aa05e27b7311300b0a8599a307,2026-07-14,251,229732526,0.120,,
approach,두루산,21ba76aa05e27b7311300b0a8599a307,2026-07-15,251,229732526,0.120,,
approach,두루산,21ba76aa05e27b7311300b0a8599a307,2026-07-16,251,229732526,0.120,,
approach,두루산,21ba76aa05e27b7311300b0a8599a307,2026-07-17,251,229732526,0.120,,
approach,두루산,21ba76aa05e27b7311300b0a8599a307,2026-07-18,251,229732526,0.120,,
approach,두루산,21ba76aa05e27b7311300b0a8599a307,2026-07-19,251,229732526,0.120,,
approach,두루산,21ba76aa05e27b7311300b0a8599a307,2026-07-20,251,229732526,0.120,64705,
approach,두루산,21ba76aa05e27b7311300b0a8599a307,2026-07-21,251,229732526,0.120,,
approach,두루산,21ba76aa05e27b7311300b0a8599a307,2026-07-22,251,229732526,0.120,,
approach,웃고싶Er,f28877b2f1bdb62c1d4b2d8a99e4a79c,2026-07-13,251,275601372,0.060,,
approach,웃고싶Er,f28877b2f1bdb62c1d4b2d8a99e4a79c,2026-07-14,251,275601372,0.060,,
approach,웃고싶Er,f28877b2f1bdb62c1d4b2d8a99e4a79c,2026-07-15,251,275601372,0.060,,
approach,웃고싶Er,f28877b2f1bdb62c1d4b2d8a99e4a79c,2026-07-16,251,275601372,0.060,,
approach,웃고싶Er,f28877b2f1bdb62c1d4b2d8a99e4a79c,2026-07-17,251,275601372,0.060,,
approach,웃고싶Er,f28877b2f1bdb62c1d4b2d8a99e4a79c,2026-07-18,251,275601372,0.060,,
approach,웃고싶Er,f28877b2f1bdb62c1d4b2d8a99e4a79c,2026-07-19,251,275601372,0.060,,
approach,웃고싶Er,f28877b2f1bdb62c1d4b2d8a99e4a79c,2026-07-20,251,275601372,0.060,2932120,
approach,웃고싶Er,f28877b2f1bdb62c1d4b2d8a99e4a79c,2026-07-21,251,275601372,0.060,,
approach,웃고싶Er,f28877b2f1bdb62c1d4b2d8a99e4a79c,2026-07-22,251,275601372,0.060,,
approach,파도타기젤리,2ff7c4b52828039a111d85ee800b1b53,2026-07-13,251,246760047,0.128,,
approach,파도타기젤리,2ff7c4b52828039a111d85ee800b1b53,2026-07-14,251,246760047,0.128,,
approach,파도타기젤리,2ff7c4b52828039a111d85ee800b1b53,2026-07-15,251,246760047,0.128,,
approach,파도타기젤리,2ff7c4b52828039a111d85ee800b1b53,2026-07-16,251,246760047,0.128,,
approach,파도타기젤리,2ff7c4b52828039a111d85ee800b1b53,2026-07-17,251,246760047,0.128,,
approach,파도타기젤리,2ff7c4b52828039a111d85ee800b1b53,2026-07-18,251,246760047,0.128,,
approach,파도타기젤리,2ff7c4b52828039a111d85ee800b1b53,2026-07-19,251,246760047,0.128,,
approach,파도타기젤리,2ff7c4b52828039a111d85ee800b1b53,2026-07-20,251,246760047,0.128,911949,
approach,파도타기젤리,2ff7c4b52828039a111d85ee800b1b53,2026-07-21,251,246760047,0.128,,
approach,파도타기젤리,2ff7c4b52828039a111d85ee800b1b53,2026-07-22,251,246760047,0.128,,
approach,혀로여포메타,32ba79f01ee8c8c5d879c19763f4863f,2026-07-13,251,301282368,0.157,,
approach,혀로여포메타,32ba79f01ee8c8c5d879c19763f4863f,2026-07-14,251,301282368,0.157,,
approach,혀로여포메타,32ba79f01ee8c8c5d879c19763f4863f,2026-07-15,251,301282368,0.157,,
approach,혀로여포메타,32ba79f01ee8c8c5d879c19763f4863f,2026-07-16,251,301282368,0.157,,
approach,혀로여포메타,32ba79f01ee8c8c5d879c19763f4863f,2026-07-17,251,301282368,0.157,,
approach,혀로여포메타,32ba79f01ee8c8c5d879c19763f4863f,2026-07-18,251,301282368,0.157,,
approach,혀로여포메타,32ba79f01ee8c8c5d879c19763f4863f,2026-07-19,251,301282368,0.157,,
approach,혀로여포메타,32ba79f01ee8c8c5d879c19763f4863f,2026-07-20,251,301282368,0.157,786880,
approach,혀로여포메타,32ba79f01ee8c8c5d879c19763f4863f,2026-07-21,251,301282368,0.157,,
approach,혀로여포메타,32ba79f01ee8c8c5d879c19763f4863f,2026-07-22,251,301282368,0.157,,
approach,괴물쥐환슥,3bbb31798d41654e89c5524b007c77fb,2026-07-13,251,221323567,0.115,,
approach,괴물쥐환슥,3bbb31798d41654e89c5524b007c77fb,2026-07-14,251,221323567,0.115,,
approach,괴물쥐환슥,3bbb31798d41654e89c5524b007c77fb,2026-07-15,251,221323567,0.115,,
approach,괴물쥐환슥,3bbb31798d41654e89c5524b007c77fb,2026-07-16,251,221323567,0.115,,
approach,괴물쥐환슥,3bbb31798d41654e89c5524b007c77fb,2026-07-17,251,221323567,0.115,,
approach,괴물쥐환슥,3bbb31798d41654e89c5524b007c77fb,2026-07-18,251,221323567,0.115,,
approach,괴물쥐환슥,3bbb31798d41654e89c5524b007c77fb,2026-07-19,251,221323567,0.115,,
approach,괴물쥐환슥,3bbb31798d41654e89c5524b007c77fb,2026-07-20,251,221323567,0.115,2376744,
approach,괴물쥐환슥,3bbb31798d41654e89c5524b007c77fb,2026-07-21,251,221323567,0.115,,
approach,괴물쥐환슥,3bbb31798d41654e89c5524b007c77fb,2026-07-22,251,221323567,0.115,,
approach,킹짱엠페러킹,e31b3c6afeccba5e7fd612973e8f2e6a,2026-07-13,251,269252136,0.140,,
approach,킹짱엠페러킹,e31b3c6afeccba5e7fd612973e8f2e6a,2026-07-14,251,269252136,0.140,,
approach,킹짱엠페러킹,e31b3c6afeccba5e7fd612973e8f2e6a,2026-07-15,251,269252136,0.140,,
approach,킹짱엠페러킹,e31b3c6afeccba5e7fd612973e8f2e6a,2026-07-16,251,269252136,0.140,,
approach,킹짱엠페러킹,e31b3c6afeccba5e7fd612973e8f2e6a,2026-07-17,251,269252136,0.140,,
approach,킹짱엠페러킹,e31b3c6afeccba5e7fd612973e8f2e6a,2026-07-18,251,269252136,0.140,,
approach,킹짱엠페러킹,e31b3c6afeccba5e7fd612973e8f2e6a,2026-07-19,251,269252136,0.140,,
approach,킹짱엠페러킹,e31b3c6afeccba5e7fd612973e8f2e6a,2026-07-20,251,269252136,0.140,414594,
approach,킹짱엠페러킹,e31b3c6afeccba5e7fd612973e8f2e6a,2026-07-21,251,269252136,0.140,,
approach,킹짱엠페러킹,e31b3c6afeccba5e7fd612973e8f2e6a,2026-07-22,251,269252136,0.140,,
approach,찰폐,64ab0e4a6143e01663109f198bb1376aefe8d04e6d233bd35cf2fabdeb93fb0d,2026-07-13,251,227421759,0.118,,
approach,찰폐,64ab0e4a6143e01663109f198bb1376aefe8d04e6d233bd35cf2fabdeb93fb0d,2026-07-14,251,227421759,0.118,,
approach,찰폐,64ab0e4a6143e01663109f198bb1376aefe8d04e6d233bd35cf2fabdeb93fb0d,2026-07-15,251,227421759,0.118,,
approach,찰폐,64ab0e4a6143e01663109f198bb1376aefe8d04e6d233bd35cf2fabdeb93fb0d,2026-07-16,251,227421759,0.118,,
approach,찰폐,64ab0e4a6143e01663109f198bb1376aefe8d04e6d233bd35cf2fabdeb93fb0d,2026-07-17,251,227421759,0.118,,
approach,찰폐,64ab0e4a6143e01663109f198bb1376aefe8d04e6d233bd35cf2fabdeb93fb0d,2026-07-18,251,227421759,0.118,,
approach,찰폐,64ab0e4a6143e01663109f198bb1376aefe8d04e6d233bd35cf2fabdeb93fb0d,2026-07-19,251,227421759,0.118,,
approach,찰폐,64ab0e4a6143e01663109f198bb1376aefe8d04e6d233bd35cf2fabdeb93fb0d,2026-07-20,251,227421759,0.118,3177491,
approach,찰폐,64ab0e4a6143e01663109f198bb1376aefe8d04e6d233bd35cf2fabdeb93fb0d,2026-07-21,251,227421759,0.118,,
approach,찰폐,64ab0e4a6143e01663109f198bb1376aefe8d04e6d233bd35cf2fabdeb93fb0d,2026-07-22,251,227421759,0.118,,
approach,전율의은월,4704b244c5d350960aa95f5ee23de4f5efe8d04e6d233bd35cf2fabdeb93fb0d,2026-07-13,251,239049191,0.052,,
approach,전율의은월,4704b244c5d350960aa95f5ee23de4f5efe8d04e6d233bd35cf2fabdeb93fb0d,2026-07-14,251,239049191,0.052,,
approach,전율의은월,4704b244c5d350960aa95f5ee23de4f5efe8d04e6d233bd35cf2fabdeb93fb0d,2026-07-15,251,239049191,0.052,,
approach,전율의은월,4704b244c5d350960aa95f5ee23de4f5efe8d04e6d233bd35cf2fabdeb93fb0d,2026-07-16,251,239049191,0.052,,
approach,전율의은월,4704b244c5d350960aa95f5ee23de4f5efe8d04e6d233bd35cf2fabdeb93fb0d,2026-07-17,251,239049191,0.052,,
approach,전율의은월,4704b244c5d350960aa95f5ee23de4f5efe8d04e6d233bd35cf2fabdeb93fb0d,2026-07-18,251,239049191,0.052,,
approach,전율의은월,4704b244c5d350960aa95f5ee23de4f5efe8d04e6d233bd35cf2fabdeb93fb0d,2026-07-19,251,239049191,0.052,,
approach,전율의은월,4704b244c5d350960aa95f5ee23de4f5efe8d04e6d233bd35cf2fabdeb93fb0d,2026-07-20,251,239049191,0.052,1373,
approach,전율의은월,4704b244c5d350960aa95f5ee23de4f5efe8d04e6d233bd35cf2fabdeb93fb0d,2026-07-21,251,239049191,0.052,,
approach,전율의은월,4704b244c5d350960aa95f5ee23de4f5efe8d04e6d233bd35cf2fabdeb93fb0d,2026-07-22,251,239049191,0.052,,
approach,만득희,c40c866076dfdb81d8dcf04eb46231a1,2026-07-13,251,277326807,0.144,,
approach,만득희,c40c866076dfdb81d8dcf04eb46231a1,2026-07-14,251,277326807,0.144,,
approach,만득희,c40c866076dfdb81d8dcf04eb46231a1,2026-07-15,251,277326807,0.144,,
approach,만득희,c40c866076dfdb81d8dcf04eb46231a1,2026-07-16,251,277326807,0.144,,
approach,만득희,c40c866076dfdb81d8dcf04eb46231a1,2026-07-17,251,277326807,0.144,,
approach,만득희,c40c866076dfdb81d8dcf04eb46231a1,2026-07-18,251,277326807,0.144,,
approach,만득희,c40c866076dfdb81d8dcf04eb46231a1,2026-07-19,251,277326807,0.144,,
approach,만득희,c40c866076dfdb81d8dcf04eb46231a1,2026-07-20,251,277326807,0.144,46507,
approach,만득희,c40c866076dfdb81d8dcf04eb46231a1,2026-07-21,251,277326807,0.144,,
approach,만득희,c40c866076dfdb81d8dcf04eb46231a1,2026-07-22,251,277326807,0.144,,
approach,카틀리야,9cd36d9cbac5931262fa54179eabc314efe8d04e6d233bd35cf2fabdeb93fb0d,2026-07-13,251,289276138,0.151,,
approach,카틀리야,9cd36d9cbac5931262fa54179eabc314efe8d04e6d233bd35cf2fabdeb93fb0d,2026-07-14,251,289276138,0.151,,
approach,카틀리야,9cd36d9cbac5931262fa54179eabc314efe8d04e6d233bd35cf2fabdeb93fb0d,2026-07-15,251,289276138,0.151,,
approach,카틀리야,9cd36d9cbac5931262fa54179eabc314efe8d04e6d233bd35cf2fabdeb93fb0d,2026-07-16,251,289276138,0.151,,
approach,카틀리야,9cd36d9cbac5931262fa54179eabc314efe8d04e6d233bd35cf2fabdeb93fb0d,2026-07-17,251,22275358867,11.591,,
approach,카틀리야,9cd36d9cbac5931262fa54179eabc314efe8d04e6d233bd35cf2fabdeb93fb0d,2026-07-18,251,44261441596,23.032,,
approach,카틀리야,9cd36d9cbac5931262fa54179eabc314efe8d04e6d233bd35cf2fabdeb93fb0d,2026-07-19,251,66247524325,34.472,,
approach,카틀리야,9cd36d9cbac5931262fa54179eabc314efe8d04e6d233bd35cf2fabdeb93fb0d,2026-07-20,251,88233607054,45.913,267386,
approach,카틀리야,9cd36d9cbac5931262fa54179eabc314efe8d04e6d233bd35cf2fabdeb93fb0d,2026-07-21,251,110219689783,57.353,,
approach,카틀리야,9cd36d9cbac5931262fa54179eabc314efe8d04e6d233bd35cf2fabdeb93fb0d,2026-07-22,251,132205772512,68.794,,
approach,삼만원은9억,05946163ec8fba2af18102be66740948efe8d04e6d233bd35cf2fabdeb93fb0d,2026-07-13,251,268197577,0.059,,
approach,삼만원은9억,05946163ec8fba2af18102be66740948efe8d04e6d233bd35cf2fabdeb93fb0d,2026-07-14,251,268197577,0.059,,
approach,삼만원은9억,05946163ec8fba2af18102be66740948efe8d04e6d233bd35cf2fabdeb93fb0d,2026-07-15,251,268197577,0.059,,
approach,삼만원은9억,05946163ec8fba2af18102be66740948efe8d04e6d233bd35cf2fabdeb93fb0d,2026-07-16,251,268197577,0.059,,
approach,삼만원은9억,05946163ec8fba2af18102be66740948efe8d04e6d233bd35cf2fabdeb93fb0d,2026-07-17,251,268197577,0.059,,
approach,삼만원은9억,05946163ec8fba2af18102be66740948efe8d04e6d233bd35cf2fabdeb93fb0d,2026-07-18,251,268197577,0.059,,
approach,삼만원은9억,05946163ec8fba2af18102be66740948efe8d04e6d233bd35cf2fabdeb93fb0d,2026-07-19,251,268197577,0.059,,
approach,삼만원은9억,05946163ec8fba2af18102be66740948efe8d04e6d233bd35cf2fabdeb93fb0d,2026-07-20,251,268197577,0.059,1069103,
approach,삼만원은9억,05946163ec8fba2af18102be66740948efe8d04e6d233bd35cf2fabdeb93fb0d,2026-07-21,251,268197577,0.059,,
approach,삼만원은9억,05946163ec8fba2af18102be66740948efe8d04e6d233bd35cf2fabdeb93fb0d,2026-07-22,251,268197577,0.059,,
approach,편안크,32cccfae7c6a4fcfc16190e110157d4c,2026-07-13,251,272910619,0.142,,
approach,편안크,32cccfae7c6a4fcfc16190e110157d4c,2026-07-14,251,272910619,0.142,,
approach,편안크,32cccfae7c6a4fcfc16190e110157d4c,2026-07-15,251,272910619,0.142,,
approach,편안크,32cccfae7c6a4fcfc16190e110157d4c,2026-07-16,251,272910619,0.142,,
approach,편안크,32cccfae7c6a4fcfc16190e110157d4c,2026-07-17,251,272910619,0.142,,
approach,편안크,32cccfae7c6a4fcfc16190e110157d4c,2026-07-18,251,272910619,0.142,,
approach,편안크,32cccfae7c6a4fcfc16190e110157d4c,2026-07-19,251,272910619,0.142,,
approach,편안크,32cccfae7c6a4fcfc16190e110157d4c,2026-07-20,251,272910619,0.142,2189336,
approach,편안크,32cccfae7c6a4fcfc16190e110157d4c,2026-07-21,251,272910619,0.142,,
approach,편안크,32cccfae7c6a4fcfc16190e110157d4c,2026-07-22,251,272910619,0.142,,
approach,스공은높게,4fca895611997f23258575fb74970c4d,2026-07-13,251,316694828,0.165,,
approach,스공은높게,4fca895611997f23258575fb74970c4d,2026-07-14,251,316694828,0.165,,
approach,스공은높게,4fca895611997f23258575fb74970c4d,2026-07-15,251,316694828,0.165,,
approach,스공은높게,4fca895611997f23258575fb74970c4d,2026-07-16,251,316694828,0.165,,
approach,스공은높게,4fca895611997f23258575fb74970c4d,2026-07-17,251,316694828,0.165,,
approach,스공은높게,4fca895611997f23258575fb74970c4d,2026-07-18,251,316694828,0.165,,
approach,스공은높게,4fca895611997f23258575fb74970c4d,2026-07-19,251,316694828,0.165,,
approach,스공은높게,4fca895611997f23258575fb74970c4d,2026-07-20,251,316694828,0.165,1119139,
approach,스공은높게,4fca895611997f23258575fb74970c4d,2026-07-21,251,316694828,0.165,,
approach,스공은높게,4fca895611997f23258575fb74970c4d,2026-07-22,251,316694828,0.165,,
approach,루멀땅,a425ea8ca9e8c683069afd8be5fe38d6,2026-07-13,251,258893017,0.135,,
approach,루멀땅,a425ea8ca9e8c683069afd8be5fe38d6,2026-07-14,251,258893017,0.135,,
approach,루멀땅,a425ea8ca9e8c683069afd8be5fe38d6,2026-07-15,251,258893017,0.135,,
approach,루멀땅,a425ea8ca9e8c683069afd8be5fe38d6,2026-07-16,251,258893017,0.135,,
approach,루멀땅,a425ea8ca9e8c683069afd8be5fe38d6,2026-07-17,251,258893017,0.135,,
approach,루멀땅,a425ea8ca9e8c683069afd8be5fe38d6,2026-07-18,251,258893017,0.135,,
approach,루멀땅,a425ea8ca9e8c683069afd8be5fe38d6,2026-07-19,251,258893017,0.135,,
approach,루멀땅,a425ea8ca9e8c683069afd8be5fe38d6,2026-07-20,251,258893017,0.135,65914,
approach,루멀땅,a425ea8ca9e8c683069afd8be5fe38d6,2026-07-21,251,258893017,0.135,,
approach,루멀땅,a425ea8ca9e8c683069afd8be5fe38d6,2026-07-22,251,258893017,0.135,,
approach,fgfagfd,a68e4923a88cc84ea4991f842be83a34efe8d04e6d233bd35cf2fabdeb93fb0d,2026-07-13,251,312869175,0.163,,
approach,fgfagfd,a68e4923a88cc84ea4991f842be83a34efe8d04e6d233bd35cf2fabdeb93fb0d,2026-07-14,251,312869175,0.163,,
approach,fgfagfd,a68e4923a88cc84ea4991f842be83a34efe8d04e6d233bd35cf2fabdeb93fb0d,2026-07-15,251,312869175,0.163,,
approach,fgfagfd,a68e4923a88cc84ea4991f842be83a34efe8d04e6d233bd35cf2fabdeb93fb0d,2026-07-16,251,312869175,0.163,,
approach,fgfagfd,a68e4923a88cc84ea4991f842be83a34efe8d04e6d233bd35cf2fabdeb93fb0d,2026-07-17,251,312869175,0.163,,
approach,fgfagfd,a68e4923a88cc84ea4991f842be83a34efe8d04e6d233bd35cf2fabdeb93fb0d,2026-07-18,251,312869175,0.163,,
approach,fgfagfd,a68e4923a88cc84ea4991f842be83a34efe8d04e6d233bd35cf2fabdeb93fb0d,2026-07-19,251,312869175,0.163,,
approach,fgfagfd,a68e4923a88cc84ea4991f842be83a34efe8d04e6d233bd35cf2fabdeb93fb0d,2026-07-20,251,312869175,0.163,725936,
approach,fgfagfd,a68e4923a88cc84ea4991f842be83a34efe8d04e6d233bd35cf2fabdeb93fb0d,2026-07-21,251,312869175,0.163,,
approach,fgfagfd,a68e4923a88cc84ea4991f842be83a34efe8d04e6d233bd35cf2fabdeb93fb0d,2026-07-22,251,312869175,0.163,,
approach,크리가져와야,b838e7be91c49feba88248385407110e,2026-07-13,251,235069968,0.122,,
approach,크리가져와야,b838e7be91c49feba88248385407110e,2026-07-14,251,235069968,0.122,,
approach,크리가져와야,b838e7be91c49feba88248385407110e,2026-07-15,251,235069968,0.122,,
approach,크리가져와야,b838e7be91c49feba88248385407110e,2026-07-16,251,235069968,0.122,,
approach,크리가져와야,b838e7be91c49feba88248385407110e,2026-07-17,251,235069968,0.122,,
approach,크리가져와야,b838e7be91c49feba88248385407110e,2026-07-18,251,235069968,0.122,,
approach,크리가져와야,b838e7be91c49feba88248385407110e,2026-07-19,251,235069968,0.122,,
approach,크리가져와야,b838e7be91c49feba88248385407110e,2026-07-20,251,235069968,0.122,41998,
approach,크리가져와야,b838e7be91c49feba88248385407110e,2026-07-21,251,235069968,0.122,,
approach,크리가져와야,b838e7be91c49feba88248385407110e,2026-07-22,251,235069968,0.122,,
approach,미르란이,75f75e96d1b3c497d6587e9c625b39da,2026-07-13,251,285016503,0.148,,
approach,미르란이,75f75e96d1b3c497d6587e9c625b39da,2026-07-14,251,285016503,0.148,,
approach,미르란이,75f75e96d1b3c497d6587e9c625b39da,2026-07-15,251,285016503,0.148,,
approach,미르란이,75f75e96d1b3c497d6587e9c625b39da,2026-07-16,251,285016503,0.148,,
approach,미르란이,75f75e96d1b3c497d6587e9c625b39da,2026-07-17,251,285016503,0.148,,
approach,미르란이,75f75e96d1b3c497d6587e9c625b39da,2026-07-18,251,285016503,0.148,,
approach,미르란이,75f75e96d1b3c497d6587e9c625b39da,2026-07-19,251,285016503,0.148,,
approach,미르란이,75f75e96d1b3c497d6587e9c625b39da,2026-07-20,251,285016503,0.148,440342,
approach,미르란이,75f75e96d1b3c497d6587e9c625b39da,2026-07-21,251,285016503,0.148,,
approach,미르란이,75f75e96d1b3c497d6587e9c625b39da,2026-07-22,251,285016503,0.148,,
approach,버섯시밧새,22a81d94d2860667aee4ac5b1af6e05e,2026-07-13,251,259199385,0.135,,
approach,버섯시밧새,22a81d94d2860667aee4ac5b1af6e05e,2026-07-14,251,259199385,0.135,,
approach,버섯시밧새,22a81d94d2860667aee4ac5b1af6e05e,2026-07-15,251,259199385,0.135,,
approach,버섯시밧새,22a81d94d2860667aee4ac5b1af6e05e,2026-07-16,251,259199385,0.135,,
approach,버섯시밧새,22a81d94d2860667aee4ac5b1af6e05e,2026-07-17,251,259199385,0.135,,
approach,버섯시밧새,22a81d94d2860667aee4ac5b1af6e05e,2026-07-18,251,259199385,0.135,,
approach,버섯시밧새,22a81d94d2860667aee4ac5b1af6e05e,2026-07-19,251,259199385,0.135,,
approach,버섯시밧새,22a81d94d2860667aee4ac5b1af6e05e,2026-07-20,251,259199385,0.135,260912,
approach,버섯시밧새,22a81d94d2860667aee4ac5b1af6e05e,2026-07-21,251,259199385,0.135,,
approach,버섯시밧새,22a81d94d2860667aee4ac5b1af6e05e,2026-07-22,251,259199385,0.135,,
approach,갓두공기,ddbe488c41e5a6c7125341477688ccb1,2026-07-13,251,279852627,0.061,,
approach,갓두공기,ddbe488c41e5a6c7125341477688ccb1,2026-07-14,251,279852627,0.061,,
approach,갓두공기,ddbe488c41e5a6c7125341477688ccb1,2026-07-15,251,279852627,0.061,,
approach,갓두공기,ddbe488c41e5a6c7125341477688ccb1,2026-07-16,251,279852627,0.061,,
approach,갓두공기,ddbe488c41e5a6c7125341477688ccb1,2026-07-17,251,279852627,0.061,,
approach,갓두공기,ddbe488c41e5a6c7125341477688ccb1,2026-07-18,251,279852627,0.061,,
approach,갓두공기,ddbe488c41e5a6c7125341477688ccb1,2026-07-19,251,279852627,0.061,,
approach,갓두공기,ddbe488c41e5a6c7125341477688ccb1,2026-07-20,251,279852627,0.061,904914,
approach,갓두공기,ddbe488c41e5a6c7125341477688ccb1,2026-07-21,251,279852627,0.061,,
approach,갓두공기,ddbe488c41e5a6c7125341477688ccb1,2026-07-22,251,279852627,0.061,,
