ocid,date,endpoint,http_status,outcome,ts
a9336c6a61ec00bc99cfa2aa8d344bd7efe8d04e6d233bd35cf2fabdeb93fb0d,2025-06-12,basic,200,ok,1788441229
5055ee612d264748dadd9bec460eb318,2025-06-12,basic,200,empty,1788441230
9e17c97e34b77b0861daf160292b8630c47ea5ffea2564f587ca830a8f71acb2,2025-06-12,basic,200,empty,1788441230
84cee694e5ac968b6e636aaedc36a8dd,2025-06-12,basic,200,empty,1788441231
c500db882240c418453aeab03da4cbfa,2025-06-12,basic,200,ok,1788441231
dee8cb06a0945f1afc27d385b2a4e3c5,2025-06-12,basic,200,ok,1788441232
c94a78c413af53221c21e40085618c1f,2025-06-12,basic,200,ok,1788441233
0ae099f30608483262951c3dc7ce60ceefe8d04e6d233bd35cf2fabdeb93fb0d,2025-06-12,basic,200,ok,1788441233
e03abbd5815c8c532f8cda629cd8c7ee,2025-06-12,basic,200,ok,1788441234
a0d914e7d32f907092022e125b22750e,2025-06-12,basic,200,ok,1788441235
d5f5cde782e2a2f78efe188d2f45f2de,2025-06-12,basic,200,ok,1788441235
9850bbadf4e657dcc576c8dd3cda4f00,2025-06-12,basic,200,empty,1788441236
034f0ae6a7632747d52578618232bf9eefe8d04e6d233bd35cf2fabdeb93fb0d,2025-06-12,basic,200,ok,1788441237
e1867cbb6dea38527b6c1b9c5e1e2ba9,2025-06-12,basic,200,ok,1788441237
2b197f345b6f1218ca31b8f4f8a66c6b,2025-06-12,basic,200,empty,1788441238
832a06fc6060a90018dc3ee36a13764d,2025-06-12,basic,200,ok,1788441238
2fae46848f423cce4cbbd45932cf86d7,2025-06-12,basic,200,ok,1788441239
18e5861b003a34489f19f9386491583b,2025-06-12,basic,200,ok,1788441240
6d8dd0b576114c242d3db2389f652b0b,2025-06-12,basic,200,ok,1788441240
debd8eaaff346b64408d17730a23a136,2025-06-12,basic,200,ok,1788441241
cd837f6ee3ece1300a75e6d48f716561,2025-06-12,basic,200,ok,1788441242
52daed165f4a329948e7ae71d2f4c4ee,2025-06-12,basic,200,ok,1788441242
6bad1e8cf7cf14ef7df1599bbe0b74e2efe8d04e6d233bd35cf2fabdeb93fb0d,2025-06-12,basic,200,ok,1788441243
f4bf249c82abe7c97e7109dc6edbdc96,2025-06-12,basic,200,ok,1788441244
d1ac9d19a59d601ea8b8b103e75afbb0efe8d04e6d233bd35cf2fabdeb93fb0d,2025-06-12,basic,400,http_400,1788441244
1b2d5fc62e47cc1e1a7bb513870c6cc7,2025-06-12,basic,200,ok,1788441245
a1091cf6b557c0143117c22415dc77eb,2025-06-12,basic,200,empty,1788441245
ea7cf12ae97f186a2539e2f78facf9b2efe8d04e6d233bd35cf2fabdeb93fb0d,2025-06-12,basic,200,empty,1788441246
89c9a3acd17698edd52c4bcbc7023988,2025-06-12,basic,200,ok,1788441247
8a0708286b479aaf6798fa54ce4dac60efe8d04e6d233bd35cf2fabdeb93fb0d,2025-06-12,basic,200,ok,1788441247
72eb9c4b63242af14686d45d22c76c0defe8d04e6d233bd35cf2fabdeb93fb0d,2025-06-12,basic,200,empty,1788441248
41b6b75b800cd56d7efd731bd6fef3b6efe8d04e6d233bd35cf2fabdeb93fb0d,2025-06-12,basic,200,empty,1788441248
3086befe80c3854a79a028f35fa8d3cdefe8d04e6d233bd35cf2fabdeb93fb0d,2025-06-12,basic,200,ok,1788441249
6b1a14be4380cf7d778517123b0ca0cd,2025-06-12,basic,200,ok,1788441250
7e82aa4f36c20de931e0efbe2edf7afc,2025-06-12,basic,200,ok,1788441250
305ed6903dd6dd7e17bf6814fcbbad17,2025-06-12,basic,200,ok,1788441251
a0d22d0ce4d0b10d0d60127926071f76efe8d04e6d233bd35cf2fabdeb93fb0d,2025-06-12,basic,200,empty,1788441251
5af5542896e8285856f060495fa65988,2025-06-12,basic,200,ok,1788441252
08d9141a208b75e2bb96eec379e30761,2025-06-12,basic,200,ok,1788441253
ddbe488c41e5a6c7125341477688ccb1,2025-06-12,basic,200,ok,1788441253
1477ca4a945ce2ea3550bf7674101518efe8d04e6d233bd35cf2fabdeb93fb0d,2025-06-12,basic,200,empty,1788441254
5bbb424bcbeecdff87dfbda3c7733644,2025-06-12,basic,200,ok,1788441255
4ac81086ec4ece1a2b937c935fc7153f,2025-06-12,basic,200,ok,1788441255
5c8dec6a0d4bdf49a4d8c9b4e94247f4,2025-06-12,basic,200,empty,1788441256
ef19abd0ca30b8c2a75e6c27d898f069,2025-06-12,basic,200,empty,1788441256
b9e43600a0a5d468bb5cfc953a862810,2025-06-12,basic,200,ok,1788441257
6be6aa6921c9a498bcd0825e528f9770,2025-06-12,basic,200,ok,1788441258
e6baed67181d531851511b3e5080e28a86e68d4012202d0434d05f81868f68e3,2025-06-12,basic,200,empty,1788441258
afc5c75344d5c83c768697afa0e99c4c,2025-06-12,basic,200,ok,1788441259
4a14a6ced7a77b7228fa025ca4def144efe8d04e6d233bd35cf2fabdeb93fb0d,2025-06-12,basic,200,ok,1788441259
2438eebf18619d2eb88e9292089445ca,2025-06-12,basic,200,empty,1788441260
d4adeb700a7c3b553c402e4f391d1754efe8d04e6d233bd35cf2fabdeb93fb0d,2025-06-12,basic,200,empty,1788441261
8140fd3a2e2ccae8a0fd8b6fe75d9ac0efe8d04e6d233bd35cf2fabdeb93fb0d,2025-06-12,basic,200,ok,1788441261
dfd1264f72ae58d6c0b5222a9d17dbcf,2025-06-12,basic,200,empty,1788441262
cfc46ad7781122698e23b88dc57846c6,2025-06-12,basic,200,ok,1788441262
0dcaec2cb03a51a72e626e390fc45e49,2025-06-12,basic,200,ok,1788441263
910f746cfcf665cf4c4bb4efc84c0eeb,2025-06-12,basic,200,empty,1788441264
c8db12052496f509ec973925f5ba4776aae77432709819edb959e1fd5d1d77b4,2025-06-12,basic,200,ok,1788441264
2eb9cc3de8dfdfe726934f0374e6d4e8,2025-06-12,basic,200,ok,1788441265
524261774c370f5d801d0718f32916effd842dab14be2a956555625b37c97bff,2025-06-12,basic,200,ok,1788441265
cc6f1c896e6eb559e093698dd04a8f1d,2025-06-12,basic,200,ok,1788441266
a8a9876ab47d1a692f33386d5e3a43a7c47ea5ffea2564f587ca830a8f71acb2,2025-06-12,basic,200,empty,1788441267
2700a923cd81db84aade40961caa0ce9,2025-06-12,basic,200,ok,1788441267
0de0846e5ec5afa57e2519cc32437b45,2025-06-12,basic,200,ok,1788441268
d281b142d2442a2b44be7077f47f8065,2025-06-12,basic,200,empty,1788441269
f55450faaa9eb0208142e444d433c985efe8d04e6d233bd35cf2fabdeb93fb0d,2025-06-12,basic,200,empty,1788441269
b6c6b3ffdea70b5d852dff4fe6360802efe8d04e6d233bd35cf2fabdeb93fb0d,2025-06-12,basic,200,empty,1788441270
7932b6c1753f8d918db9139dac534ab4,2025-06-12,basic,200,empty,1788441270
47b23ba7ede04582e22713c5ef88cc9fefe8d04e6d233bd35cf2fabdeb93fb0d,2025-06-12,basic,200,ok,1788441271
e6a7e5527099dbbe9e3d8e23297c75ef,2025-06-12,basic,200,ok,1788441271
f5886b19dde98d9324b1db89407220ec,2025-06-12,basic,200,ok,1788441272
46c07212fc25a60ef3bc02c5489c79f5,2025-06-12,basic,200,empty,1788441273
98ba0957cb9db0b8310972174d65cb3a,2025-06-12,basic,200,ok,1788441273
039f55d699c00693471aad0d30a23991,2025-06-12,basic,200,ok,1788441274
7414e5aaedc601e8e7ef5a3beb9287d5,2025-06-12,basic,200,ok,1788441274
ac25fc71bfd0966457af76cc2077fe886fbb98200a15be5bcc73a64995849e9c,2025-06-12,basic,200,empty,1788441275
4927a817cdd994016bcd144cfb19d0b7efe8d04e6d233bd35cf2fabdeb93fb0d,2025-06-12,basic,200,ok,1788441276
b971fbb483bc7cc8d11a911453e8c9e3,2025-06-12,basic,200,ok,1788441276
f77f1d8ec8a7e69b76ac2db3e542db59efe8d04e6d233bd35cf2fabdeb93fb0d,2025-06-12,basic,200,empty,1788441277
f666337dfa2f027d822b94fce71ad0ce,2025-06-12,basic,200,ok,1788441278
b838e7be91c49feba88248385407110e,2025-06-12,basic,200,empty,1788441278
237fbe6a235681f7f4c1b57dfcb6b7f8fd842dab14be2a956555625b37c97bff,2025-06-12,basic,200,ok,1788441279
832e0158336b6fb42d53dcf5c5d9bf4c,2025-06-12,basic,200,ok,1788441279
633428fc8555a94131b3ca87bb5878caefe8d04e6d233bd35cf2fabdeb93fb0d,2025-06-12,basic,200,ok,1788441280
ea133f185dc297d92324ff2732064e89,2025-06-12,basic,200,ok,1788441281
a50ede2537d8ee2dd911a2b66a05ec90,2025-06-12,basic,200,ok,1788441281
4334d56d7cce33567862762e6bcc11a5,2025-06-12,basic,200,ok,1788441282
a324ab06228cd71851def39f47053d15,2025-06-12,basic,200,ok,1788441283
03f43f04516294208cad4eb8c7c6db32efe8d04e6d233bd35cf2fabdeb93fb0d,2025-06-12,basic,200,ok,1788441283
75980277e4b27b4d36f053ada6f175a7,2025-06-12,basic,200,ok,1788441284
6fe4d4e5e4bd5dd80af7d2f955fc93dd,2025-06-12,basic,200,empty,1788441285
ee0839f101af4bd06907b683e9f3a2298295750b1f4857867454debc45ec9c8a,2025-06-12,basic,200,ok,1788441285
27797175aa8eb36fad7533f935f3e4a8,2025-06-12,basic,200,empty,1788441286
4f50335da029324c481ee48cb0d5bd02efe8d04e6d233bd35cf2fabdeb93fb0d,2025-06-12,basic,200,ok,1788441287
2883a7a28f3c74f76bf854c1e5d5dc96efe8d04e6d233bd35cf2fabdeb93fb0d,2025-06-12,basic,200,ok,1788441287
e686660d483b2a763da1fd4bf01e3c68,2025-06-12,basic,200,empty,1788441288
394c36457ad8cca27f6614d29c1ce5ad,2025-06-12,basic,200,ok,1788441288
7ab3b5065eb6957f6f81bd1099990ff5,2025-06-12,basic,200,ok,1788441289
35fa353783e5df1b3c8139649c215fb6,2025-06-12,basic,200,empty,1788441290
283e8ff05be91901b45058fb581d5c23,2025-06-12,basic,200,empty,1788441290
8bef66eb3aff254c1de0fb96f98a8097,2025-06-12,basic,200,ok,1788441291
9ed094d3c58934e6346b04f4bd91aeba,2025-06-12,basic,200,empty,1788441291
7d41d32f5f8616ad2a4c3799ad0702c7,2025-06-12,basic,200,empty,1788441292
8bf985315b4d42f6ec3645184f8f5fa2,2025-06-12,basic,200,ok,1788441293
d188a68a2af5477c2ad82a3d7177880cefe8d04e6d233bd35cf2fabdeb93fb0d,2025-06-12,basic,200,ok,1788441293
1909b188015b35952643008ab422587b,2025-06-12,basic,200,ok,1788441294
103a9290d5493a904447b49780010a43,2025-06-12,basic,200,ok,1788441294
69f23d1fd1e4f77b9e6cb77dcf3850ad,2025-06-12,basic,200,ok,1788441295
560025f8412dfe6e7b3606010cfbd791efe8d04e6d233bd35cf2fabdeb93fb0d,2025-06-12,basic,200,ok,1788441296
c5d8654fa1d01fcb7071d008f1269c1aa2186d8e7cf7a6ee152d97cc78f2ae8b,2025-06-12,basic,200,empty,1788441296
f5f7368e707ac50d860ab63f2f062f3eefe8d04e6d233bd35cf2fabdeb93fb0d,2025-06-12,basic,200,ok,1788441297
a0bf5b435e356d0550d30a64984767e986e68d4012202d0434d05f81868f68e3,2025-06-12,basic,200,empty,1788441297
0d692d847ac4040cff524468eaeba2bc,2025-06-12,basic,200,empty,1788441298
8e296050312b9da2be6c511e7267aa00,2025-06-12,basic,200,empty,1788441299
25594b2b03c528a394beb3bd6d37f20d,2025-06-12,basic,200,empty,1788441299
8879d022d925eaaa5d742f6955dfb2baefe8d04e6d233bd35cf2fabdeb93fb0d,2025-06-12,basic,200,empty,1788441300
0d7de64314fee45783a50d460e13765d,2025-06-12,basic,200,ok,1788441300
207b654b7b0eb4f15f7823b99c790488,2025-06-12,basic,200,empty,1788441301
5aa322ecf775df0f0d0a1785ed537400,2025-06-12,basic,200,ok,1788441302
4fbcf88de79931925efea43ae077f0d0,2025-06-12,basic,200,ok,1788441302
7bac2a411c28391f7349d5b23f882757,2025-06-12,basic,200,empty,1788441303
feea0a533b1fbba92b1705d833c0733b6fbb98200a15be5bcc73a64995849e9c,2025-06-12,basic,200,ok,1788441303
1c33cdd2293dfed1e11ac41f340e5a0d,2025-06-12,basic,200,empty,1788441304
1c11aa776bfc404edaf6c7cc7e39147f,2025-06-12,basic,200,ok,1788441305
5eea6b5eda45e96c46cd0fcb7e0ec025,2025-06-12,basic,200,empty,1788441305
23ff7efda02c235e6456a933c811657c,2025-06-12,basic,200,ok,1788441306
60c1c9d80edc4a83534f63e155f69627efe8d04e6d233bd35cf2fabdeb93fb0d,2025-06-12,basic,200,ok,1788441306
a9dbc7d16754be8d4006c48d3ff9c5f0efe8d04e6d233bd35cf2fabdeb93fb0d,2025-06-12,basic,200,ok,1788441307
9af55904fc723277aa48af6b166ea1d4,2025-06-12,basic,200,empty,1788441308
be50c466d88e99674713904f4b85f29c,2025-06-12,basic,200,ok,1788441308
81be2643e7ba27a62b1c4cab3005f7db,2025-06-12,basic,200,empty,1788441309
46b8420f8f9678f463e9ca90b7c3e725efe8d04e6d233bd35cf2fabdeb93fb0d,2025-06-12,basic,200,ok,1788441310
dd72f9456a6538060f7ce5351667b8dc,2025-06-12,basic,200,ok,1788441310
efebbdf14a27849de34478e4b411b771,2025-06-12,basic,200,ok,1788441311
9598a7330e2a29d79606848ce8b6d438,2025-06-12,basic,200,ok,1788441311
027351da545abd3102cee3f83aaaf227,2025-06-12,basic,200,ok,1788441312
dfcc25839683fda724425cbb2904e81a,2025-06-12,basic,200,ok,1788441313
0cb779fb0a69e1c7805cc510e7db7e8c,2025-06-12,basic,200,ok,1788441313
b64ff7432fcfa5788d2ef49de5a07b62,2025-06-12,basic,200,empty,1788441314
fd07f0c4b4c688e86806dff8a07b4a63,2025-06-12,basic,200,ok,1788441314
2463070cf0bd6903381fc3d65accffe9efe8d04e6d233bd35cf2fabdeb93fb0d,2025-06-12,basic,200,empty,1788441315
47eedd77817d10cb1f9d04f490504af3,2025-06-12,basic,200,ok,1788441316
2cd3f2f3e6ec7dd2b2be13f77fa7865b,2025-06-12,basic,200,ok,1788441316
5efea7c0f18d46ec7f45e77eef3a6504,2025-06-12,basic,200,ok,1788441317
036eedb16b895263dc9bcecc345222a64723574b05820acf03e7ec3162ff5bed,2025-06-12,basic,200,empty,1788441317
90f39ae96b0f0673ff7a28f3331880cc,2025-06-12,basic,200,ok,1788441318
59c69a8fe644da4fbf77df9f9312aff3a2186d8e7cf7a6ee152d97cc78f2ae8b,2025-06-12,basic,200,empty,1788441319
a9a710df3524cf4767e4b927bd19f5c3efe8d04e6d233bd35cf2fabdeb93fb0d,2025-06-12,basic,200,ok,1788441319
b0921cf02c5fce834eee4da76b25d809,2025-06-12,basic,200,empty,1788441320
630bcdbe0858d96fc5ddda08bc14185d,2025-06-12,basic,200,ok,1788441321
dd0969b9e6f75003eaa8654133d11a2d,2025-06-12,basic,200,empty,1788441321
7d9b8d69676d497f96f9f05ab9c2e898,2025-06-12,basic,200,empty,1788441322
9bd4857ed93b82a6da3754ff2e4ceeafe85e07f9d5d276f44440847eec04ba68,2025-06-12,basic,200,empty,1788441322
b12e4d7f20f9b5ce7d07470d73791e05,2025-06-12,basic,200,ok,1788441323
cae3459af6c129c4b90b3e08a5e786ac,2025-06-12,basic,200,ok,1788441323
9b8b8e11ddcf8832ed83decc248a61bc,2025-06-12,basic,200,empty,1788441324
c364d519dbb06fb17e6365e131719664,2025-06-12,basic,200,empty,1788441324
13ea989ed152eaf3d1dfb13338d0b998,2025-06-12,basic,200,ok,1788441325
cfc2bb37c4e8dcf7100668e9bc090074efe8d04e6d233bd35cf2fabdeb93fb0d,2025-06-12,basic,200,ok,1788441326
811ca7351540d010b63e255977de53c3,2025-06-12,basic,200,ok,1788441326
35cc010bcfdd6b0c3c420561b2a365f5,2025-06-12,basic,200,ok,1788441327
54ed5a149e2481827417a9723960d17befe8d04e6d233bd35cf2fabdeb93fb0d,2025-06-12,basic,200,ok,1788441328
c2794ac88499c283bda46f876d85592eefe8d04e6d233bd35cf2fabdeb93fb0d,2025-06-12,basic,200,ok,1788441328
5158814f33211af898e9d0a4a806c7b3,2025-06-12,basic,200,ok,1788441329
f28877b2f1bdb62c1d4b2d8a99e4a79c,2025-06-12,basic,200,ok,1788441330
f0d4313eb1a7c3e16068a7ba0bc5eb8e,2025-06-12,basic,200,ok,1788441330
b80f96f8d00be8363e3f6c64d2b89e6defe8d04e6d233bd35cf2fabdeb93fb0d,2025-06-12,basic,200,ok,1788441331
73a0cae4c574f5c3204a9b6e1622c857efe8d04e6d233bd35cf2fabdeb93fb0d,2025-06-12,basic,200,ok,1788441332
4b384b27b558b42f63a1f11f8f071f49,2025-06-12,basic,200,ok,1788441332
4a9f5124a6eca36be6971b6d63054d17,2025-06-12,basic,200,ok,1788441333
e8fc701e3cdf3cc074a6e850cda11f69efe8d04e6d233bd35cf2fabdeb93fb0d,2025-06-12,basic,200,empty,1788441333
6bca448fe48ca75d1fece04eff4801e2,2025-06-12,basic,200,ok,1788441334
55e8e07a6a2e8dc63ca86a5a78ede857,2025-06-12,basic,200,ok,1788441335
69c3f618b6395e3cfa5ceeddcf10fe63,2025-06-12,basic,200,ok,1788441335
061aadf23d8356eab3b5cca9c46ce47eefe8d04e6d233bd35cf2fabdeb93fb0d,2025-06-12,basic,200,empty,1788441336
464e3faff406d27d72f00071aa1106de,2025-06-12,basic,200,ok,1788441337
266a1f7f1a8b5e42721635dd7d7ab55e,2025-06-12,basic,200,ok,1788441337
3fd53f5b98793cb97d5c6b1c0699b307,2025-06-12,basic,200,empty,1788441338
ea3bb05e77fa1160cfc4e295f76eb61b,2025-06-12,basic,200,ok,1788441338
84ee22ae1e81a51fa5eeafe6b288d1de,2025-06-12,basic,200,ok,1788441339
cb50614545b8a3222bea20cbfa01f4dfefe8d04e6d233bd35cf2fabdeb93fb0d,2025-06-12,basic,200,ok,1788441340
fd5580cef43307a87a5207b6ee9f806f,2025-06-12,basic,200,ok,1788441340
392f79ad92d9734d0606606ba41768b2,2025-06-12,basic,200,ok,1788441341
2381cc1f078b5284a9349d6bf4184d1486e68d4012202d0434d05f81868f68e3,2025-06-12,basic,200,empty,1788441342
828dbf2b30b025eab3d39b57b065205b,2025-06-12,basic,200,ok,1788441342
911dc910e299fb5505bfc67e0c3108beefe8d04e6d233bd35cf2fabdeb93fb0d,2025-06-12,basic,200,ok,1788441343
5231b060d8a4de49430bc4e417d5eb11,2025-06-12,basic,200,ok,1788441344
caf62b0da4e2a8262f7fcab1ee02fd76,2025-06-12,basic,200,empty,1788441344
e737dc96d9c0ee45e2aaebe17e4512dfefe8d04e6d233bd35cf2fabdeb93fb0d,2025-06-12,basic,200,ok,1788441345
8d3b47cad2142ff9ca1db602a1daf8e9,2025-06-12,basic,200,ok,1788441345
7e0bff67b1c69891cb581eac7c9d2ca6,2025-06-12,basic,200,ok,1788441346
32ba79f01ee8c8c5d879c19763f4863f,2025-06-12,basic,200,ok,1788441347
10f2408ad42697f5b75ba74d65e180538295750b1f4857867454debc45ec9c8a,2025-06-12,basic,200,empty,1788441347
56192f43b1997b39e865d4523607e1dd,2025-06-12,basic,200,empty,1788441348
735d90468da89f5e78fa510fdc2f80ccefe8d04e6d233bd35cf2fabdeb93fb0d,2025-06-12,basic,200,ok,1788441349
2429956f6142a3b473edde2cc96af27d,2025-06-12,basic,200,empty,1788441349
cb101b65ee0e5bc06bf046ed1d47059e,2025-06-12,basic,200,ok,1788441350
079d679a898ce79452755e9d8b6d84ef,2025-06-12,basic,200,ok,1788441350
8fe9d2efda1061c247ec5156fab68d1cefe8d04e6d233bd35cf2fabdeb93fb0d,2025-06-12,basic,200,empty,1788441351
783b3d264c9d11c5e2ad8bca16109c80,2025-06-12,basic,200,empty,1788441352
7044a88de535c0a0fee68cfa02f8ca4b,2025-06-12,basic,200,ok,1788441352
7e3780b4c672a5f03b4396997df1b4dc,2025-06-12,basic,200,ok,1788441353
47b699fd6eb43129f6152b7231c80adb,2025-06-12,basic,200,empty,1788441353
bb65e6f68ccb111da5109058cd61db6c,2025-06-12,basic,200,ok,1788441354
be916ef11b454c762dbf089801eebe96efe8d04e6d233bd35cf2fabdeb93fb0d,2025-06-12,basic,200,empty,1788441355
3631a142bdffd59e647a6eb1cdb62d05,2025-06-12,basic,200,ok,1788441355
ad2ffa871ca2aeffaa0abcd214938cb4efe8d04e6d233bd35cf2fabdeb93fb0d,2025-06-12,basic,200,ok,1788441356
921cb96d14020da523585779250d0935,2025-06-12,basic,200,ok,1788441357
62f1f6acbc1eefeb0e52cf47bea89c6be85e07f9d5d276f44440847eec04ba68,2025-06-12,basic,200,ok,1788441357
414862916602637078e860443c4b7c81efe8d04e6d233bd35cf2fabdeb93fb0d,2025-06-12,basic,200,ok,1788441358
086b3d604195aca55b9fed471079c467,2025-06-12,basic,200,ok,1788441359
ce26de8fcb2cf06ffadb656af94ca5c7efe8d04e6d233bd35cf2fabdeb93fb0d,2025-06-12,basic,200,ok,1788441359
ccb1b4d802c1ccb1de0f70dd6cb706d6,2025-06-12,basic,200,empty,1788441360
57140741bb086af27970c442c6d517b6,2025-06-12,basic,200,empty,1788441360
fc8b81972cb2a3ebcef3850972fdba1a,2025-06-12,basic,200,empty,1788441361
bebbb6945a6113697f703a9480117931,2025-06-12,basic,200,ok,1788441362
abc9d6a50e8ababca205314cabe1bcda,2025-06-12,basic,200,empty,1788441362
8095308283cd6357e82848e305ed0586,2025-06-12,basic,200,ok,1788441363
33b6258cfe2406701c39df7004eae5e0,2025-06-12,basic,200,ok,1788441364
0e909d3dcec7f1f55d0387302c54b94f,2025-06-12,basic,200,ok,1788441364
32dc3e347023052e55202ac9043ff1d2,2025-06-12,basic,200,empty,1788441365
74a440f76bf65fe6356dcad2b4ed80cf,2025-06-12,basic,200,ok,1788441366
faf059742471b4531fb786b60f07fb17,2025-06-12,basic,200,ok,1788441366
aa80333639ef2a80ced8be5412b978e1,2025-06-12,basic,200,empty,1788441367
ac4167970d28efe1e3133878afbd43da,2025-06-12,basic,200,ok,1788441367
34781c24f998d7e2ac73c9f5cf9047c8e85e07f9d5d276f44440847eec04ba68,2025-06-12,basic,200,ok,1788441368
02ba1a151a05df6395e40fb6b0162644,2025-06-12,basic,200,empty,1788441369
4191f13e7f2eb8ef7af490080dc0fbb0,2025-06-12,basic,200,ok,1788441369
f4101031a0d9101305fa1dda72834c85,2025-06-12,basic,200,ok,1788441370
261156f1c9847a1ba6771b705966e467efe8d04e6d233bd35cf2fabdeb93fb0d,2025-06-12,basic,200,ok,1788441370
e9f347590a2e6677f04c9e80b6199ffaefe8d04e6d233bd35cf2fabdeb93fb0d,2025-06-12,basic,200,empty,1788441371
2391e8799a822c17a76d7284ddfe9d65,2025-06-12,basic,200,empty,1788441372
e3883a48a4174b566c644b4a6aabb791,2025-06-12,basic,200,empty,1788441372
8a621dd77730790e250a662c0af31aa4,2025-06-12,basic,200,empty,1788441373
c3397347898c8445afa71f0a30912599efe8d04e6d233bd35cf2fabdeb93fb0d,2025-06-12,basic,200,ok,1788441373
4dafa2299aa67a9f1b0499e03b113e7d,2025-06-12,basic,200,empty,1788441374
663de86654fad0dfd8347de7fae7c98aefe8d04e6d233bd35cf2fabdeb93fb0d,2025-06-12,basic,200,ok,1788441374
348332bad2b8e73aeb5874aaa9b37d5886e68d4012202d0434d05f81868f68e3,2025-06-12,basic,200,ok,1788441375
477a3806b1ef8c0908f64e17a6209f80,2025-06-12,basic,200,empty,1788441376
8a2a7342bece01ae520075eeacfd7119efe8d04e6d233bd35cf2fabdeb93fb0d,2025-06-12,basic,200,ok,1788441376
8dec3a401e604d54e2b3e0455fda017befe8d04e6d233bd35cf2fabdeb93fb0d,2025-06-12,basic,200,ok,1788441377
c0ffc013c6d76e2e9427e5fe3a8f3e3c,2025-06-12,basic,200,ok,1788441378
7b5259eee93655002a88ee05119b5a90,2025-06-12,basic,200,ok,1788441378
dc41cd414377e6f3701a7e14f2682383efe8d04e6d233bd35cf2fabdeb93fb0d,2025-06-12,basic,200,empty,1788441379
7acd99f8d3c69bdbd6a0adedce2d4d4aefe8d04e6d233bd35cf2fabdeb93fb0d,2025-06-12,basic,200,empty,1788441379
ada4022f65aec6a3904972cd247cb3ed,2025-06-12,basic,200,ok,1788441380
8ece79ea6cf6b606c3b44a0859c7a0be,2025-06-12,basic,200,empty,1788441381
75d9e3fa70e41d9ecfa6f1ddaa80c5d0efe8d04e6d233bd35cf2fabdeb93fb0d,2025-06-12,basic,200,ok,1788441381
83190c84354df57d08ac29b71d0aea3fc47ea5ffea2564f587ca830a8f71acb2,2025-06-12,basic,200,ok,1788441382
aa3b445593c0d351264d411cdf0a807e,2025-06-12,basic,200,empty,1788441382
d71497b7485f3bc3bd6b9d6970c288a9,2025-06-12,basic,200,ok,1788441383
9c0a84d8b1e210f46a769190e20c1d1c,2025-06-12,basic,200,empty,1788441384
16ef2538bfeb496243de442d54d2ff3f,2025-06-12,basic,200,ok,1788441384
af1ab2c67d778da8a4099c6d00109bac,2025-06-12,basic,200,empty,1788441385
0bcf23ebce5233d865607af62f96708486e68d4012202d0434d05f81868f68e3,2025-06-12,basic,200,ok,1788441385
54a773563e2d495f1a07dae4ce8fb02a,2025-06-12,basic,200,empty,1788441386
98b23d2e2c7095f96a41d1c16ee97c1d,2025-06-12,basic,200,ok,1788441387
1a954b4f1d6ca4edf3ad111431d62514efe8d04e6d233bd35cf2fabdeb93fb0d,2025-06-12,basic,200,empty,1788441387
592c1382ece7947ca200b75f42f774eeefe8d04e6d233bd35cf2fabdeb93fb0d,2025-06-12,basic,200,ok,1788441388
75825776cb7a2cb5eebb879c4ebafdac,2025-06-12,basic,200,ok,1788441389
dc725ccdc580f17f25c340f6005df4dc,2025-06-12,basic,200,empty,1788441389
9d5044211e5316eac6de0df0e865c32c,2025-06-12,basic,200,empty,1788441390
3f5095689a598cf216b0a6cd667d21a3e85e07f9d5d276f44440847eec04ba68,2025-06-12,basic,200,ok,1788441390
130298362394149ba88de76af6c6fe70,2025-06-12,basic,200,empty,1788441391
3af56a8613d6b5d44fe57f67b3d2c311efe8d04e6d233bd35cf2fabdeb93fb0d,2025-06-12,basic,200,ok,1788441392
a9ef743df8b2ba6c7c896ecd3a1752d9,2025-06-12,basic,200,ok,1788441392
0b54c763760496b844e5a1dc13f62875,2025-06-12,basic,200,ok,1788441393
6b2aa789f14a6d9b30982289507dc1bc,2025-06-12,basic,200,ok,1788441393
b9909455709349657c4ab24400262213,2025-06-12,basic,200,ok,1788441394
9842109802903e6c5a56ad969eb5ffbaefe8d04e6d233bd35cf2fabdeb93fb0d,2025-06-12,basic,200,ok,1788441395
7bff6e1d892ac4e73e8d99138235b2be,2025-06-12,basic,200,empty,1788441395
de2652dd5e4bb16a3474e2d7af13bc14,2025-06-12,basic,200,ok,1788441396
acc0e0b0357fbf56857b891e31d23894,2025-06-12,basic,200,ok,1788441396
6d978b338ef9a295bd0430c1b5367853efe8d04e6d233bd35cf2fabdeb93fb0d,2025-06-12,basic,200,empty,1788441397
920e7e7d6e0aaaf2c4fb90c6158074ee,2025-06-12,basic,200,ok,1788441398
ad9f8440907cd22bb3d81ff30d9926fa,2025-06-12,basic,200,empty,1788441398
e6461cdd6fb745abae8b04259f0964c3efe8d04e6d233bd35cf2fabdeb93fb0d,2025-06-12,basic,200,empty,1788441399
4a634a440954e8bc520fa11bdd0cbd6aefe8d04e6d233bd35cf2fabdeb93fb0d,2025-06-12,basic,200,ok,1788441399
88e4009d06b8426bdce140efbc0847a0,2025-06-12,basic,200,ok,1788441400
95fd5bf06a4f67d1f71b813276158b2da2186d8e7cf7a6ee152d97cc78f2ae8b,2025-06-12,basic,200,ok,1788441401
c3299c3da9ca05f4b102fd77c22b46e5,2025-06-12,basic,200,empty,1788441401
74df32f2f51fe39bba8709adf607e38c,2025-06-12,basic,200,empty,1788441402
4e00cb0a2cce226fa48e2b888bab185c,2025-06-12,basic,200,ok,1788441402
7da22dcbadb3fa4d064bfa1ba7bf5be0,2025-06-12,basic,200,empty,1788441403
653c0cd86f764c7c4bec6c84fd260af6,2025-06-12,basic,200,empty,1788441404
ada9c25850509c47e4277fe1ea7e0821,2025-06-12,basic,200,empty,1788441404
62034f8c946978e2a32e65df5f495b15,2025-06-12,basic,200,empty,1788441405
083447a959a0fd8bfa78cd5398bc9e4e,2025-06-12,basic,200,empty,1788441405
4ee9695f993bcbb509f993c6e4df9f61,2025-06-12,basic,200,empty,1788441406
b01009e86b92c31cf6bcdd624a86dae7,2025-06-12,basic,200,empty,1788441406
489e1713e76e675c5c092437c23e414fefe8d04e6d233bd35cf2fabdeb93fb0d,2025-06-12,basic,200,ok,1788441407
0be1b6381dc0cf344cd8a118afbe8200,2025-06-12,basic,200,ok,1788441408
757170506cc40e28b1415d1cd8fce3e9efe8d04e6d233bd35cf2fabdeb93fb0d,2025-06-12,basic,200,empty,1788441408
21b9d56e2fb82146c3bdc787279cd99e,2025-06-12,basic,200,ok,1788441409
346fc906e925cf1a0e47407f8d058bc0efe8d04e6d233bd35cf2fabdeb93fb0d,2025-06-12,basic,200,ok,1788441410
18d28330a87926123e8ec7480804f0fb,2025-06-12,basic,200,ok,1788441410
25b104008299a51ca829f3d2885bf10defe8d04e6d233bd35cf2fabdeb93fb0d,2025-06-12,basic,200,ok,1788441411
d108726fed653113753431ee3c14cbcd6fbb98200a15be5bcc73a64995849e9c,2025-06-12,basic,200,ok,1788441411
8d122603cc2db91e6207422778417b75efe8d04e6d233bd35cf2fabdeb93fb0d,2025-06-12,basic,200,ok,1788441412
1c928c2b422c856c9299466ae78bb20fefe8d04e6d233bd35cf2fabdeb93fb0d,2025-06-12,basic,200,ok,1788441413
9cf2f2064d06a649928299298b425725,2025-06-12,basic,200,ok,1788441413
770d499316e1306b2dea46a622ef177b,2025-06-12,basic,200,empty,1788441414
7b2afe6b142ae59d8a2cda9eda5b4e7ce85e07f9d5d276f44440847eec04ba68,2025-06-12,basic,200,ok,1788441415
0fc562e3f41f92d8b7f6ac2d5835442e,2025-06-12,basic,200,ok,1788441415
0f653208492afed632d778d5c5f8e959,2025-06-12,basic,200,ok,1788441416
ecb8df5258c0b45f8417ddec096ea621efe8d04e6d233bd35cf2fabdeb93fb0d,2025-06-12,basic,200,ok,1788441417
e795f9fd8a1f2b14069301a88e88cde1,2025-06-12,basic,200,empty,1788441417
3b0d0f682f1fcaa3221799be6ff0b198efe8d04e6d233bd35cf2fabdeb93fb0d,2025-06-12,basic,200,ok,1788441418
de3d9850f568b7ec97148bc3f1423de9,2025-06-12,basic,200,empty,1788441418
5f779bea0f4e019a5a9571d7edf81ad8,2025-06-12,basic,200,empty,1788441419
0818d14338c6233658b47a621cf170ce,2025-06-12,basic,200,ok,1788441419
75870a6708e21dea0c4c4b6c07abd431,2025-06-12,basic,200,ok,1788441420
edeecb5bc4974dc8a8f61156de921ec7,2025-06-12,basic,200,ok,1788441421
b8af1a71e6f1b79b1333dfe90ca8eb46,2025-06-12,basic,200,ok,1788441421
6601d0a23b78446ffdaaf372e9f2ddda,2025-06-12,basic,200,ok,1788441422
b16609eeea0b4070a9e34cbf3dfa89676fbb98200a15be5bcc73a64995849e9c,2025-06-12,basic,200,ok,1788441423
c985316424c571bf1a5d9d13ab3aa7d4efe8d04e6d233bd35cf2fabdeb93fb0d,2025-06-12,basic,200,ok,1788441423
9ed67ef8c429ba060d68291226aff039,2025-06-12,basic,200,ok,1788441424
b18a8e0b8730f74f89c259e77f991a41efe8d04e6d233bd35cf2fabdeb93fb0d,2025-06-12,basic,200,empty,1788441424
5408997c91378583b287dee997d0f141c47ea5ffea2564f587ca830a8f71acb2,2025-06-12,basic,200,ok,1788441425
11aa0fce047d41987cc21c8b5dce2d19,2025-06-12,basic,200,empty,1788441426
279344b0d6640640fc4f804ebe518a63,2025-06-12,basic,200,ok,1788441426
259f69624e2004d426646ef57dd48215,2025-06-12,basic,200,ok,1788441427
54b2719a4e5402ac2d095673e577079fefe8d04e6d233bd35cf2fabdeb93fb0d,2025-06-12,basic,200,ok,1788441428
9704723d6d97c5552d90167743741f98efe8d04e6d233bd35cf2fabdeb93fb0d,2025-06-12,basic,200,ok,1788441428
c3b9ddaa41b6f885fa6f7ee5341de25fefe8d04e6d233bd35cf2fabdeb93fb0d,2025-06-12,basic,200,ok,1788441429
881b6050ef10eabae8768d632268b8a4efe8d04e6d233bd35cf2fabdeb93fb0d,2025-06-12,basic,200,empty,1788441429
24fe561ab474dc88e726d02d51afd6e0,2025-06-12,basic,200,empty,1788441430
bebf37fee45a696955e79d142aa7b6b1efe8d04e6d233bd35cf2fabdeb93fb0d,2025-06-12,basic,200,ok,1788441431
b99dd86bb08330a2b14eb92c972c2e11,2025-06-12,basic,200,ok,1788441431
4853c5be4037f04057294142febc30efefe8d04e6d233bd35cf2fabdeb93fb0d,2025-06-12,basic,200,ok,1788441432
8442b4c1f5b02af57c4b61dc08e26400efe8d04e6d233bd35cf2fabdeb93fb0d,2025-06-12,basic,200,ok,1788441432
69f76ce557ebd7fe7690499d2d5802deefe8d04e6d233bd35cf2fabdeb93fb0d,2025-06-12,basic,200,ok,1788441433
deeaad4b2d6baacbadca21890297693b,2025-06-12,basic,200,ok,1788441434
89c29c67eb444f11aa7e1bd7d692b856,2025-06-12,basic,200,ok,1788441434
35614b586f49b33b5ca2f9d69bcb900c,2025-06-12,basic,200,ok,1788441435
ad00ccf9b55019260dd2fa625c2a1ab3efe8d04e6d233bd35cf2fabdeb93fb0d,2025-06-12,basic,200,ok,1788441436
22a81d94d2860667aee4ac5b1af6e05e,2025-06-12,basic,200,empty,1788441436
67c266c4634079d3465f2d679a28bc6f,2025-06-12,basic,200,ok,1788441437
bf9be89fb32c499a7edbbaf064125762,2025-06-12,basic,200,empty,1788441438
8c845c870579bcdb5a2d5fb978711851,2025-06-12,basic,200,empty,1788441438
fe2532971cbdd2ccf5f8f703d0d0d1c1,2025-06-12,basic,200,ok,1788441439
f6472b3238d0424e028b6f1bc9d71b45efe8d04e6d233bd35cf2fabdeb93fb0d,2025-06-12,basic,200,ok,1788441439
120d5330ed9c97bfb189e5fd30ca1d42efe8d04e6d233bd35cf2fabdeb93fb0d,2025-06-12,basic,200,ok,1788441440
f444fab0b84a1418b12fa2810b31d329,2025-06-12,basic,200,ok,1788441441
1e9c00bdab72202f57f39489ecfc18f5,2025-06-12,basic,200,ok,1788441441
239ef365318b77f145a83b34618f9a66efe8d04e6d233bd35cf2fabdeb93fb0d,2025-06-12,basic,200,ok,1788441442
d988bf5620b3cc8c9560f782b213ae4aefe8d04e6d233bd35cf2fabdeb93fb0d,2025-06-12,basic,200,ok,1788441443
eeaae786cce481c7578e1f6fee87aabd,2025-06-12,basic,200,ok,1788441443
faf1749fe884a6c8f40cc392ab1d582f,2025-06-12,basic,200,ok,1788441444
d956f6fdec7267eaa59e8fc70952c5a4efe8d04e6d233bd35cf2fabdeb93fb0d,2025-06-12,basic,200,empty,1788441445
ac14e5502ab7427ee2d3bed72306f37b,2025-06-12,basic,200,ok,1788441445
657f991dc106e0810fee14efb330f38f,2025-06-12,basic,200,empty,1788441446
ba98fe3f00c71f34da4438bd51fd6d58efe8d04e6d233bd35cf2fabdeb93fb0d,2025-06-12,basic,200,ok,1788441446
068f8cc0609789a38f5e885eeee869ddefe8d04e6d233bd35cf2fabdeb93fb0d,2025-06-12,basic,200,empty,1788441447
bb269b94b5d8ba9aea11a781938aa072,2025-06-12,basic,200,empty,1788441447
a01df0d5c39ea2546ca7b222772edefbefe8d04e6d233bd35cf2fabdeb93fb0d,2025-06-12,basic,200,ok,1788441448
5f912e52724b77688cf02617853429bd,2025-06-12,basic,200,ok,1788441448
dd87b8f2b08d308a328f2064ce1a4ca3,2025-06-12,basic,200,empty,1788441449
6d913f41941ad4c76ff90bbe12065c81efe8d04e6d233bd35cf2fabdeb93fb0d,2025-06-12,basic,400,http_400,1788441450
f28f04c1e704ee0c27a9a6df655765a4efe8d04e6d233bd35cf2fabdeb93fb0d,2025-06-12,basic,200,empty,1788441450
4006c05f831397f9ae7fa333112ce962efe8d04e6d233bd35cf2fabdeb93fb0d,2025-06-12,basic,200,ok,1788441451
86cdf1e35e899834430e9985a399747f,2025-06-12,basic,200,ok,1788441451
896b9db874ccf1947d0267dd171e4857efe8d04e6d233bd35cf2fabdeb93fb0d,2025-06-12,basic,200,ok,1788441452
01c67761f5b58be6907a98a27d5c9ba7,2025-06-12,basic,200,ok,1788441453
a5a03e31e36216fc706a3dbf6f635381,2025-06-12,basic,200,ok,1788441453
06ac1e33b72146d1a5a78c4e105403a7efe8d04e6d233bd35cf2fabdeb93fb0d,2025-06-12,basic,200,empty,1788441454
a472840cb695a4914723c54e3d27ce59,2025-06-12,basic,200,ok,1788441454
2194e874cf1ee2049ae5d23bfdcd0b2e,2025-06-12,basic,200,empty,1788441455
6a52cc59d7bad3066b258ca4cf858312,2025-06-12,basic,200,ok,1788441456
093d1dbf1e105865ca0d3f089298e8acefe8d04e6d233bd35cf2fabdeb93fb0d,2025-06-12,basic,200,ok,1788441456
365fb73936baca8e26a83137044c31b8,2025-06-12,basic,200,ok,1788441457
3c6681f716cedd680bf6b0bf8e077686e85e07f9d5d276f44440847eec04ba68,2025-06-12,basic,200,ok,1788441458
3c074bef21b4dab62eec25afd4b90432,2025-06-12,basic,200,ok,1788441458
0a57201920fbac75eb3340bb81bf7720a2186d8e7cf7a6ee152d97cc78f2ae8b,2025-06-12,basic,200,empty,1788441459
0c9e78b347026ca759a4a80e614e4f5c,2025-06-12,basic,200,ok,1788441459
e8c9b6e7072bc6cf35e42f8fe3aa5620,2025-06-12,basic,200,ok,1788441460
2b790306f1b6ec62d6a75a3406ff0ff4,2025-06-12,basic,200,ok,1788441461
c8e2d04be9820b57bbc34efd59e2af7e,2025-06-12,basic,200,ok,1788441461
d68cba1573f4beaa8635fdc9789a0428,2025-06-12,basic,200,ok,1788441462
56485ddad9c545d18bbcfe7f6a383d27,2025-06-12,basic,200,empty,1788441463
6aae561357d4fec7ce1b834466533cbcefe8d04e6d233bd35cf2fabdeb93fb0d,2025-06-12,basic,200,ok,1788441463
cb59c6496cd036703a81d247bd11885cefe8d04e6d233bd35cf2fabdeb93fb0d,2025-06-12,basic,200,ok,1788441464
01aae0a071c92231d21a8d97121a2f27efe8d04e6d233bd35cf2fabdeb93fb0d,2025-06-12,basic,200,ok,1788441464
ecde32a1507cefca0ae56ce6fe98e46d,2025-06-12,basic,200,ok,1788441465
a9ddc7ad8bf718fe875ddfdff77a5115efe8d04e6d233bd35cf2fabdeb93fb0d,2025-06-12,basic,200,ok,1788441466
40fa376d4fb33d596dc2acde45cec068,2025-06-12,basic,200,ok,1788441466
aabeb625c2bcc9370f03e92f1d73c192c47ea5ffea2564f587ca830a8f71acb2,2025-06-12,basic,200,ok,1788441467
eb489f492cc28524f992c367b091236eefe8d04e6d233bd35cf2fabdeb93fb0d,2025-06-12,basic,200,empty,1788441467
4a958f475701562742cc6d27483aead7,2025-06-12,basic,200,ok,1788441468
1c05fa07beb8a34dd7673ea9ea46a177,2025-06-12,basic,200,ok,1788441469
0bb9944e12307f37d3ddfc4668b70466,2025-06-12,basic,200,ok,1788441469
1214f332b95d0b753733d2bad3f76b1eefe8d04e6d233bd35cf2fabdeb93fb0d,2025-06-12,basic,200,ok,1788441470
dd5e9cc04a332737fcbcbe0b286fb104,2025-06-12,basic,200,ok,1788441471
39a13ddefe1734fe15e030af6ea579d6,2025-06-12,basic,200,ok,1788441471
87266b84e636695078666852ca698af7,2025-06-12,basic,200,ok,1788441472
e7ed7d3549cf39839cc5ba9af9452dc7efe8d04e6d233bd35cf2fabdeb93fb0d,2025-06-12,basic,200,ok,1788441473
140ca2feb5f947b2f52e1500f236c535efe8d04e6d233bd35cf2fabdeb93fb0d,2025-06-12,basic,200,ok,1788441473
d91d1c324619f43856e3a26f88340341efe8d04e6d233bd35cf2fabdeb93fb0d,2025-06-12,basic,200,ok,1788441474
8d3a2ed25714202e2ca8b8d7ffed5e7cc47ea5ffea2564f587ca830a8f71acb2,2025-06-12,basic,200,empty,1788441474
2653031933a4100f73a12a936bce3299,2025-06-12,basic,200,ok,1788441475
809802d2985cad29a46bd7f6db72b316,2025-06-12,basic,200,empty,1788441476
561562c0fdd21233191b4995aacef880,2025-06-12,basic,200,ok,1788441476
4a6601bac5a33385958506be9c201eaa,2025-06-12,basic,200,ok,1788441477
740b9340e7b0e51ffa8efd68094df804,2025-06-12,basic,200,ok,1788441478
e2bb591e33b9dd186ec860fe60296a6e,2025-06-12,basic,200,empty,1788441478
c6f7288ed623e5506bb3db29e50f228f,2025-06-12,basic,200,empty,1788441479
46ac6148fa1bab47613eadab64589b06,2025-06-12,basic,200,ok,1788441479
57da3d9690524d93fb7f1edeacb55593,2025-06-12,basic,200,empty,1788441480
b5a798f59c683a8acedd461acdc399b4,2025-06-12,basic,200,empty,1788441480
329ff1223369c7e8d9ca89a130bc80a6,2025-06-12,basic,200,ok,1788441481
a35f4d0b3c1f76de607cd275cd647e10,2025-06-12,basic,200,ok,1788441482
41ab16bcb497725164a840f8a62b98fe,2025-06-12,basic,200,ok,1788441482
0bc18403bb52d4c811f9c7d19bbd698eefe8d04e6d233bd35cf2fabdeb93fb0d,2025-06-12,basic,200,ok,1788441483
403b392936baebfceb326c3feb0d7859,2025-06-12,basic,200,empty,1788441484
a6e1202bcdf96dab5c8692aa1c81f110efe8d04e6d233bd35cf2fabdeb93fb0d,2025-06-12,basic,200,ok,1788441484
9b5db6f59abd04fcde802dab6f032a04c47ea5ffea2564f587ca830a8f71acb2,2025-06-12,basic,200,empty,1788441485
891457c319f72eeb9789ddd35fc9d2b4,2025-06-12,basic,200,ok,1788441485
aa4b819f9393fa1c9eb98815468dc833,2025-06-12,basic,200,empty,1788441486
4328411908ca4b8c16aba52a1b40f3f74723574b05820acf03e7ec3162ff5bed,2025-06-12,basic,200,empty,1788441487
b3ef8023bcb3ff9de9223b78d7d7267e,2025-06-12,basic,200,ok,1788441487
dffe2851404a3935a71ff363d53d4086,2025-06-12,basic,200,ok,1788441488
35c279ed7941c23968be6dc83933f082,2025-06-12,basic,200,ok,1788441489
ceb56102d639fa81894a175c133d0ebdefe8d04e6d233bd35cf2fabdeb93fb0d,2025-06-12,basic,200,empty,1788441489
99eb1a81a7ed5b39047b7db875e3b4fb,2025-06-12,basic,200,empty,1788441490
ac59a0f13c000e6f032e519a70d7dab6,2025-06-12,basic,200,ok,1788441490
3f4955952bdc19e49240af78f52f2086,2025-06-12,basic,200,ok,1788441491
c74bf8fdcc7b61ac8313c642bcdd950a,2025-06-12,basic,200,ok,1788441492
293b3aa490a27b01212dc4721f56e3afefe8d04e6d233bd35cf2fabdeb93fb0d,2025-06-12,basic,200,ok,1788441492
dd0270fbd5b818c12fbc40a6f324226afd842dab14be2a956555625b37c97bff,2025-06-12,basic,200,ok,1788441493
f17421f898e056d134fbfcdf5e1ebff9,2025-06-12,basic,200,ok,1788441493
2c6a16b3eeaa9f14e14b61eaf773840486e68d4012202d0434d05f81868f68e3,2025-06-12,basic,200,ok,1788441494
1e6491bec1ffe5f44f45184712005714,2025-06-12,basic,200,empty,1788441495
229e2ca0f54f8088f6e42207bbf4ccd3,2025-06-12,basic,200,ok,1788441495
db15b3e4b1f84a79834ce87785c494f8,2025-06-12,basic,200,ok,1788441496
10a32919134e4a8b4a63b63a759f533defe8d04e6d233bd35cf2fabdeb93fb0d,2025-06-12,basic,200,empty,1788441496
b51fa0c69009c0765970f0612abca5a2,2025-06-12,basic,200,ok,1788441497
6bfc18cf249e7d93b9b83384a8d427b1efe8d04e6d233bd35cf2fabdeb93fb0d,2025-06-12,basic,200,empty,1788441498
6b646c6596ae841e439ab7765e72bf8defe8d04e6d233bd35cf2fabdeb93fb0d,2025-06-12,basic,200,empty,1788441498
8627aedc2f39db5d19eec1e64fc7157d,2025-06-12,basic,200,empty,1788441499
f2b32969ef9300140ad423b0ec8c5180efe8d04e6d233bd35cf2fabdeb93fb0d,2025-06-12,basic,200,empty,1788441499
58e135f7ed3fd9601523a98f61b6753cefe8d04e6d233bd35cf2fabdeb93fb0d,2025-06-12,basic,200,ok,1788441500
9b515a4fe07527b3ce3f1970d3beea6e,2025-06-12,basic,200,empty,1788441501
ffb1ca912df7eb6ebc6fc72c9c1f8357efe8d04e6d233bd35cf2fabdeb93fb0d,2025-06-12,basic,200,empty,1788441501
1c9a2ba1551ebb63c7dfac0bf456afaf,2025-06-12,basic,200,empty,1788441502
7c25addfbaf0e385e4d2c92de0fc29fc,2025-06-12,basic,200,empty,1788441502
7253e4c6be37c773340743d28b9d448a,2025-06-12,basic,200,ok,1788441503
5cd373ff240f910fc32722121f680a5aefe8d04e6d233bd35cf2fabdeb93fb0d,2025-06-12,basic,200,ok,1788441504
84b1221e97e32100170801699d56f048,2025-06-12,basic,200,ok,1788441504
60196253d450c131a0c198b8fc63a0e3efe8d04e6d233bd35cf2fabdeb93fb0d,2025-06-12,basic,200,ok,1788441505
e5ef0541ba5c1bebafcf4b4b1f34bc79,2025-06-12,basic,200,ok,1788441506
84fd74f03d9a3a190530b90679cb61ea,2025-06-12,basic,200,ok,1788441506
d802879078eba8f8155a39ce7c45c308,2025-06-12,basic,200,ok,1788441507
e8b7789820542a49c5167858143b940aefe8d04e6d233bd35cf2fabdeb93fb0d,2025-06-12,basic,200,ok,1788441508
f69c63329cb30cd9c26b330168dd4bab,2025-06-12,basic,200,ok,1788441508
e5519f868b7a03d325f3c793f2261918,2025-06-12,basic,200,ok,1788441509
4a9c6f35cb260058a914c85949e84c49,2025-06-12,basic,200,empty,1788441509
099b48fc50e8de2839810c32f6afc4bb,2025-06-12,basic,200,ok,1788441510
e9ecf89ac73b3e24adb50ce4a43ee285,2025-06-12,basic,200,empty,1788441511
87822f4be9ca2f52548c91f0afd83791,2025-06-12,basic,200,empty,1788441511
78a9d02b6e5ccd4ecc24b601399b611e,2025-06-12,basic,200,ok,1788441512
ff1b235f8f4f822f6223de3201f74753efe8d04e6d233bd35cf2fabdeb93fb0d,2025-06-12,basic,200,ok,1788441512
4f7e37eacd4f18517890c06c657f1c7befe8d04e6d233bd35cf2fabdeb93fb0d,2025-06-12,basic,200,empty,1788441513
83f4e2358ce7c0c2b497c7c61ee60d86efe8d04e6d233bd35cf2fabdeb93fb0d,2025-06-12,basic,200,ok,1788441513
cd7308d70b89e398ca5617fc7ef13104,2025-06-12,basic,200,ok,1788441514
4704b244c5d350960aa95f5ee23de4f5efe8d04e6d233bd35cf2fabdeb93fb0d,2025-06-12,basic,200,ok,1788441515
5ea597e4b7e4e811a75803208496f3d1,2025-06-12,basic,200,ok,1788441515
77d8ac9efde6919dbcdf16713004582aefe8d04e6d233bd35cf2fabdeb93fb0d,2025-06-12,basic,200,ok,1788441516
503bbb7bc2d7d65fde7aef8d0ce7149f,2025-06-12,basic,200,ok,1788441517
92b8f3928d83f929ce109f12ce67443e,2025-06-12,basic,200,ok,1788441517
314f9c4062e6e77063e774b0cbb1083cefe8d04e6d233bd35cf2fabdeb93fb0d,2025-06-12,basic,200,ok,1788441518
e2d6052ad7b56a4f3f94500d5775bce5efe8d04e6d233bd35cf2fabdeb93fb0d,2025-06-12,basic,200,empty,1788441518
92a3b6def429c676d899ef5c69157cc88295750b1f4857867454debc45ec9c8a,2025-06-12,basic,200,ok,1788441519
c2c2b964159dc46cf6bf88211b3b9a5b,2025-06-12,basic,200,ok,1788441520
ff90c9344aa0a202a162af309c71f3d6,2025-06-12,basic,200,ok,1788441520
447e74a9580172f438f2a297ca801150,2025-06-12,basic,200,ok,1788441521
992c873304c93ecf38c80df9c3652bfa,2025-06-12,basic,200,ok,1788441521
a5435007ebe6f29258fba59a67b2ec28,2025-06-12,basic,200,ok,1788441522
c42583359f43762c2a0d48ef8a2eec963663933da92e7566c55104ec9ac2894d,2025-06-12,basic,200,ok,1788441523
3bb776aaa0e129fdffd1de823b43b0f2efe8d04e6d233bd35cf2fabdeb93fb0d,2025-06-12,basic,200,ok,1788441523
08b29ad0ab1a7374162f3b828dd76ad6,2025-06-12,basic,200,empty,1788441524
a5320e1080c5626331ccb14db2d576be,2025-06-12,basic,200,empty,1788441524
0cfaf18faa25c5aa9f237408d79dfe4a,2025-06-12,basic,200,empty,1788441525
4b2dc2d335d614506bb27dc2aebbc547,2025-06-12,basic,200,ok,1788441525
e3bf10d174a7d2adb6010132e96afd93,2025-06-12,basic,200,ok,1788441526
bcc676c1f93d236be65abd376a309e40efe8d04e6d233bd35cf2fabdeb93fb0d,2025-06-12,basic,200,ok,1788441527
e737cc82548442f7f8cc4b0beed68170,2025-06-12,basic,200,ok,1788441527
367c537308589ab3d2220bed89e69e79,2025-06-12,basic,200,ok,1788441528
cc138a806510ec0ee3633691dca614d7,2025-06-12,basic,200,empty,1788441528
6b3032c63172851feb1486eac9dbd5e3,2025-06-12,basic,200,ok,1788441529
feca665b17d703e02977c4094b7d2f0d,2025-06-12,basic,200,ok,1788441530
eb5d55dcb9727f9c729234002201d269,2025-06-12,basic,200,ok,1788441530
edb1d52cfb4dfbdb16aeaae50962de5a,2025-06-12,basic,200,ok,1788441531
275a5ed73a7ecab4b1cf600b5b66db67,2025-06-12,basic,400,http_400,1788441532
6829670ffdd603c1749ea306851eb0c0,2025-06-12,basic,200,empty,1788441532
4bd456f0cd21e681e646b9319699341b,2025-06-12,basic,200,ok,1788441533
eb87565bad43ced1d277f1b53fba16b7,2025-06-12,basic,200,ok,1788441533
ddddadbb315795044e0e0b6002cd2c54,2025-06-12,basic,200,ok,1788441534
0723ffae660b0985cf570d08bf93cbbd,2025-06-12,basic,200,empty,1788441535
b3e2bc54bfddbc828d220e4c04fcac0befe8d04e6d233bd35cf2fabdeb93fb0d,2025-06-12,basic,200,ok,1788441535
9ca6902357eaf007edbe1a7084afd1edefe8d04e6d233bd35cf2fabdeb93fb0d,2025-06-12,basic,200,empty,1788441536
14b13e6a55b0f55bf9e49d0ba57a683eefe8d04e6d233bd35cf2fabdeb93fb0d,2025-06-12,basic,200,empty,1788441536
a017a57c32147c0183c0b20f951e2048,2025-06-12,basic,200,ok,1788441537
c65b789c8f6e4622171e14f115b643daefe8d04e6d233bd35cf2fabdeb93fb0d,2025-06-12,basic,200,ok,1788441538
5e17725f46ab37b849392bc74fdbc406,2025-06-12,basic,200,ok,1788441538
816dcea5c3d5321a70f31996f211b484,2025-06-12,basic,200,ok,1788441539
b7d1df6631f1525c45a9474c77474617,2025-06-12,basic,200,empty,1788441540
8cb90ae12d998703ab2923c3ef4de1f8,2025-06-12,basic,200,empty,1788441540
0231732dac49d3884889eabd733e2668efe8d04e6d233bd35cf2fabdeb93fb0d,2025-06-12,basic,200,ok,1788441541
11ccf601c43be97f45dc82b8cd590c87,2025-06-12,basic,200,ok,1788441542
449d1aa484542db9168e7d76ab0d9fe4efe8d04e6d233bd35cf2fabdeb93fb0d,2025-06-12,basic,200,ok,1788441542
f6c13a3cdd317d60bbb09e89747259b8,2025-06-12,basic,200,ok,1788441543
18b1dd243f649e4d29e24c8b4aa96c21,2025-06-12,basic,200,ok,1788441543
2911ed643731d267e4355a500ab5c5a0efe8d04e6d233bd35cf2fabdeb93fb0d,2025-06-12,basic,200,ok,1788441544
e75ce841e3435551d62926fa97ac2eae,2025-06-12,basic,200,ok,1788441545
474b50bb515f88d5c081d3d0c423b7f6,2025-06-12,basic,200,ok,1788441545
4c52885860d4753445fe99fd1ebceddd,2025-06-12,basic,200,ok,1788441546
8d893813cde07856036c1f3eba9df34e,2025-06-12,basic,200,empty,1788441547
d10f0105f328b4dd1ae15a9e8e35d7a2,2025-06-12,basic,200,ok,1788441547
07934088177f6862210bc27bf7792e0aa2186d8e7cf7a6ee152d97cc78f2ae8b,2025-06-12,basic,200,empty,1788441548
ac1e4c0d08d48dc0e5c6c3969ae887eb,2025-06-12,basic,200,ok,1788441548
c985244a70751df303e2a3e9e5bf187a6fbb98200a15be5bcc73a64995849e9c,2025-06-12,basic,200,empty,1788441549
31cc73fe2373f2046773b89ec6f74167,2025-06-12,basic,200,ok,1788441550
d66d5987ec6d5aadb71e99b3c237a6c2,2025-06-12,basic,200,ok,1788441550
8089ba9f5c9656a3e2ddb1b196078b5486e68d4012202d0434d05f81868f68e3,2025-06-12,basic,200,ok,1788441551
1ecf7a16d8d6c62e0144659a9460ace9,2025-06-12,basic,200,empty,1788441551
489eec3cd548165f8ccb0eb1dbcf2ec3efe8d04e6d233bd35cf2fabdeb93fb0d,2025-06-12,basic,200,ok,1788441552
9a3b76c2ec169b5e6e8c4f0c096cf2b1efe8d04e6d233bd35cf2fabdeb93fb0d,2025-06-12,basic,200,ok,1788441553
733e6ac982cccbc09f34c4c08ca4f902,2025-06-12,basic,200,ok,1788441553
4b714db7594554bd8374f3418b7c660e8295750b1f4857867454debc45ec9c8a,2025-06-12,basic,200,ok,1788441554
4e95110caf152930f81299400ed72f71efe8d04e6d233bd35cf2fabdeb93fb0d,2025-06-12,basic,200,ok,1788441555
93d483a68fd55725ab408200a5ffbc2a,2025-06-12,basic,200,ok,1788441555
4eac174513f714f52dee44fa5d885668,2025-06-12,basic,200,ok,1788441556
43244b5c3237480729e5feadd94312e9efe8d04e6d233bd35cf2fabdeb93fb0d,2025-06-12,basic,200,ok,1788441557
736b4685e047f6f4ad79b5881861c7d1,2025-06-12,basic,200,ok,1788441557
7a6e95f650de3d8cbfe56f6a5dfe9fff,2025-06-12,basic,200,ok,1788441558
fff6aad156e16e105b703d184eaba030,2025-06-12,basic,200,empty,1788441558
49733f79864da683f5d4d42b3df4d7a4,2025-06-12,basic,200,empty,1788441559
4ee3c56caf24671c881c1dcdff956432efe8d04e6d233bd35cf2fabdeb93fb0d,2025-06-12,basic,200,ok,1788441559
a4c68e3aa2539d355468ac5058d8ca91,2025-06-12,basic,200,ok,1788441560
8bb4c25fe36a8416dad270100d23f4a4,2025-06-12,basic,200,ok,1788441561
93a3777ec220647bf543531cea720fdf,2025-06-12,basic,200,ok,1788441561
ed898ed4fee64b987d9c59bb2024776e,2025-06-12,basic,200,ok,1788441562
91477d7904885dcdff2a7addfeb4084aefe8d04e6d233bd35cf2fabdeb93fb0d,2025-06-12,basic,200,ok,1788441562
25d5d8c84c61d4c501b18f2f403dfa6fefe8d04e6d233bd35cf2fabdeb93fb0d,2025-06-12,basic,200,ok,1788441563
989544eacbf112b0606e50a5614181b8,2025-06-12,basic,200,ok,1788441564
55e0bc5ef9a9cd15ac3de1e284a0cfec,2025-06-12,basic,200,ok,1788441564
727fe4bcbd1b928c46d79905660e51606fbb98200a15be5bcc73a64995849e9c,2025-06-12,basic,200,empty,1788441565
273862d5ac596508c53cbf4f49f5e7ed,2025-06-12,basic,200,empty,1788441566
4e682871f3d60f259c8404352e2a23b3,2025-06-12,basic,200,empty,1788441566
c1621ae7e7e584e6c9e43336394978a5,2025-06-12,basic,200,ok,1788441567
6cc77d03ebfede193d609bcd229df68f,2025-06-12,basic,200,ok,1788441567
d6608f646827ffee3cd13d437a68031f,2025-06-12,basic,200,empty,1788441568
c7741a99691bf6cd8aa2fd5b2c8aa930,2025-06-12,basic,200,ok,1788441569
1138d0579496838b97c31616d9d905f0efe8d04e6d233bd35cf2fabdeb93fb0d,2025-06-12,basic,200,ok,1788441569
2c74510f80a8d21b343caeaaa29ba48defe8d04e6d233bd35cf2fabdeb93fb0d,2025-06-12,basic,200,empty,1788441570
29bdd62ad19f94979fb164b6f6c7f293,2025-06-12,basic,200,ok,1788441571
1d861cc033d7f1e6364a96a739d6122daae77432709819edb959e1fd5d1d77b4,2025-06-12,basic,200,ok,1788441571
635b38925253f785435f50bde1655f28c47ea5ffea2564f587ca830a8f71acb2,2025-06-12,basic,200,empty,1788441572
5d47436cbf59041edb6c2941a48f27e3efe8d04e6d233bd35cf2fabdeb93fb0d,2025-06-12,basic,200,empty,1788441572
df06790e3d10ca741ef3165537107cbfc47ea5ffea2564f587ca830a8f71acb2,2025-06-12,basic,200,empty,1788441573
b9c84a0320458170c3cb4125acc518fe,2025-06-12,basic,200,ok,1788441574
31aef16daf069148c4ab036ec2ab68e7efe8d04e6d233bd35cf2fabdeb93fb0d,2025-06-12,basic,200,ok,1788441574
a425ea8ca9e8c683069afd8be5fe38d6,2025-06-12,basic,200,ok,1788441575
4d4250ea05e7344b9058a6f33d01e0f3,2025-06-12,basic,200,empty,1788441575
47a05fb276e393b71df94c7a2ff518fe,2025-06-12,basic,200,empty,1788441576
ab2ed972c4e273ff2cee65a462d1d584efe8d04e6d233bd35cf2fabdeb93fb0d,2025-06-12,basic,200,ok,1788441577
f4ff4ad89244529643cc6870fc6be5c0efe8d04e6d233bd35cf2fabdeb93fb0d,2025-06-12,basic,200,ok,1788441577
39f9e29601953aa554df254cfea81665,2025-06-12,basic,200,ok,1788441578
9bfb71e0daa0ab4d4faa956cf75dcd4c,2025-06-12,basic,200,ok,1788441579
8f43aa5a2aa06552372288103c9b841defe8d04e6d233bd35cf2fabdeb93fb0d,2025-06-12,basic,200,ok,1788441579
5e746bc1d08c2ee294039edcccca86c8efe8d04e6d233bd35cf2fabdeb93fb0d,2025-06-12,basic,200,ok,1788441580
d66164d6f18f5c6b4d64bd5e0b66b820,2025-06-12,basic,200,ok,1788441581
327343081a59456fd2e7c6b77163e418a2186d8e7cf7a6ee152d97cc78f2ae8b,2025-06-12,basic,200,ok,1788441581
3875261aba8fe5ca2c8675b67cd13c8a,2025-06-12,basic,200,empty,1788441582
65165f2d263267413a20ab97d6616d8c,2025-06-12,basic,200,ok,1788441583
4d705ef7d9de2d34da52ee9285b5cd12,2025-06-12,basic,200,ok,1788441583
856b1ce7219628234d973e72f8e2de8f,2025-06-12,basic,200,ok,1788441584
08278dcc849e1add4a7864880e6899a2,2025-06-12,basic,200,ok,1788441585
10b7ebc42bc742878d56fe2db9f056ec8295750b1f4857867454debc45ec9c8a,2025-06-12,basic,200,empty,1788441585
5c1ac9126c029d3f5072c919003c67d54723574b05820acf03e7ec3162ff5bed,2025-06-12,basic,200,empty,1788441586
c547faa58e97dc3b4aa4131c21ee0eaa,2025-06-12,basic,200,ok,1788441586
4d73afee788a085575be39cadbb50827,2025-06-12,basic,200,ok,1788441587
8cac9e740b2364c884c0609614dd9d8a,2025-06-12,basic,200,ok,1788441588
c5d5f3a29e07a0d3f88b933f885fb4ff,2025-06-12,basic,200,empty,1788441588
9cd40f7c833b24d1d5bcffd2f1bfda47,2025-06-12,basic,200,ok,1788441589
78cac13a4db5b991e538c0498d46bcacefe8d04e6d233bd35cf2fabdeb93fb0d,2025-06-12,basic,200,ok,1788441589
843a2c027ef09704c5497b713e6520aa,2025-06-12,basic,200,ok,1788441590
bcf6115c7988f4a7989560cc5293dbecefe8d04e6d233bd35cf2fabdeb93fb0d,2025-06-12,basic,200,ok,1788441591
bcfe036684d7ec1e48254a0ad3a6e4be,2025-06-12,basic,200,empty,1788441591
a1c05690a58d1b5446b6cb82b80e95d0,2025-06-12,basic,200,ok,1788441592
26efa9c9ad568224baa92721f41bbffbefe8d04e6d233bd35cf2fabdeb93fb0d,2025-06-12,basic,200,ok,1788441593
810c11cd9e3079206af13289262b5ecb,2025-06-12,basic,200,ok,1788441593
1a2988eca875bf8f2aa7e5f5352665c7,2025-06-12,basic,200,ok,1788441594
642d8543a4aeee978fdd382065690adfefe8d04e6d233bd35cf2fabdeb93fb0d,2025-06-12,basic,200,ok,1788441595
bfb06817a3808591139715ef6229dab1,2025-06-12,basic,200,ok,1788441595
1feca12d5c0905e5176fbdfa3b5b7f8f,2025-06-12,basic,200,empty,1788441596
98166286a7b923869362b05e7f0e3596efe8d04e6d233bd35cf2fabdeb93fb0d,2025-06-12,basic,200,ok,1788441596
5de0123ac099e051170ba5ab77913739,2025-06-12,basic,200,ok,1788441597
81e00af968e0520253008bb29979a79d,2025-06-12,basic,200,empty,1788441598
83fd7fb1c327546cbafe5eaa098b5ec5efe8d04e6d233bd35cf2fabdeb93fb0d,2025-06-12,basic,200,ok,1788441598
4f6d48a7f3b15aeb646f2098b01dea01,2025-06-12,basic,200,ok,1788441599
edeecdefc72f497de9080048fddc4b35efe8d04e6d233bd35cf2fabdeb93fb0d,2025-06-12,basic,200,ok,1788441599
421166f402f34bd89fcae5acf157a42b,2025-06-12,basic,200,empty,1788441600
2d54a76fc669a22b3c39ce8068fb02faefe8d04e6d233bd35cf2fabdeb93fb0d,2025-06-12,basic,200,empty,1788441601
c0761dec4dca1cadc9d5093fbe7ad758efe8d04e6d233bd35cf2fabdeb93fb0d,2025-06-12,basic,200,ok,1788441601
caedee8ebe62ecbc970a87eb127a67144723574b05820acf03e7ec3162ff5bed,2025-06-12,basic,200,empty,1788441602
cf3dd1f6ec782590d0ec0dd5e8523fda,2025-06-12,basic,200,ok,1788441603
2a22ea01defe960de47227f2ff09508b3663933da92e7566c55104ec9ac2894d,2025-06-12,basic,200,empty,1788441603
c90d1c56b9276c32c48b67470337f645,2025-06-12,basic,200,empty,1788441604
a2a7d6b90036c023c7467fc13da4422befe8d04e6d233bd35cf2fabdeb93fb0d,2025-06-12,basic,200,empty,1788441604
2918b0328998e0ef7f57ddb3deb3fe15,2025-06-12,basic,200,ok,1788441605
0a6fe5bea6ff811d928682712efce2ea,2025-06-12,basic,200,ok,1788441606
0ee368e80ebb300bba62490aedbb89f84723574b05820acf03e7ec3162ff5bed,2025-06-12,basic,200,ok,1788441606
685fa4e191b5eac5dfa2c7f14daaaefd,2025-06-12,basic,200,empty,1788441607
55ee0315772faf313add8e89c03cbe9aefe8d04e6d233bd35cf2fabdeb93fb0d,2025-06-12,basic,200,ok,1788441608
a6933ffd91b5197735ee434f14a88d0a,2025-06-12,basic,200,ok,1788441608
39200c527c979d54ddc6bb1f5c10c2b53663933da92e7566c55104ec9ac2894d,2025-06-12,basic,200,empty,1788441609
1f39036dd9900ba572d8027298f92a594723574b05820acf03e7ec3162ff5bed,2025-06-12,basic,200,ok,1788441609
e00da408ba47c005755c7a2811feb194,2025-06-12,basic,200,ok,1788441610
3b4b7a38be1a4cdeab289b1af8cdb6a8efe8d04e6d233bd35cf2fabdeb93fb0d,2025-06-12,basic,200,ok,1788441611
7bd5bf0d69a3e4eb29d1ec5bc6a5af37a2186d8e7cf7a6ee152d97cc78f2ae8b,2025-06-12,basic,200,empty,1788441611
6d7a8dd3e7564f03cc62ae1bfd2e7f35efe8d04e6d233bd35cf2fabdeb93fb0d,2025-06-12,basic,400,http_400,1788441612
9c496f72073417047b732e8cee9933aaefe8d04e6d233bd35cf2fabdeb93fb0d,2025-06-12,basic,200,empty,1788441612
bd1cb4182521f3a97ab6810bc54bf8a3,2025-06-12,basic,200,ok,1788441613
a4e3f084fc9031d7eefb9b4d8688be08,2025-06-12,basic,200,ok,1788441613
df39ef07d6fe6534d6e2bf69673d56e4aae77432709819edb959e1fd5d1d77b4,2025-06-12,basic,200,ok,1788441614
8db2856d5a2879d33be9ea8bab08adb5c47ea5ffea2564f587ca830a8f71acb2,2025-06-12,basic,200,ok,1788441615
64ba0d725c12d81514ade05ab0c5a47dfd842dab14be2a956555625b37c97bff,2025-06-12,basic,200,empty,1788441615
f8559ed1108e1f5c4f762d2d882a4af7,2025-06-12,basic,200,ok,1788441616
60964f23b502bb63e482602c3094d101efe8d04e6d233bd35cf2fabdeb93fb0d,2025-06-12,basic,200,empty,1788441616
0c70fbb55f63ed9bd2f923b4290e988f,2025-06-12,basic,200,empty,1788441617
605f4a118947a153ad145459d118209f,2025-06-12,basic,200,ok,1788441618
5f6dd4078613a63a524b3d6d08725a2e,2025-06-12,basic,200,ok,1788441618
9e7cc9a404a5a327a3a0eb2c5e969677efe8d04e6d233bd35cf2fabdeb93fb0d,2025-06-12,basic,200,ok,1788441619
14364c830e58af71f84651e4884de20e,2025-06-12,basic,200,ok,1788441619
efa975135da180d6c07035b8c016b711,2025-06-12,basic,200,empty,1788441620
d72f6324015a853cf1c49fe55228979defe8d04e6d233bd35cf2fabdeb93fb0d,2025-06-12,basic,200,empty,1788441621
019b9c1293fd72d14c15318d479ac66e,2025-06-12,basic,200,ok,1788441621
0626122e5d404a3cf3edd66e46572c9d,2025-06-12,basic,200,empty,1788441622
3b5b09a50e30828c3e44fd25b6d831a7,2025-06-12,basic,200,empty,1788441622
4508c95b8e14065671c173856679149a,2025-06-12,basic,200,ok,1788441623
83389ccac534b60761a301de94b77ffb,2025-06-12,basic,400,http_400,1788441623
349411c899a3eaf1784abed1025fbb53efe8d04e6d233bd35cf2fabdeb93fb0d,2025-06-12,basic,200,ok,1788441624
7e2ba975a651d14d0ea512badf3404e1efe8d04e6d233bd35cf2fabdeb93fb0d,2025-06-12,basic,200,ok,1788441625
93e084788d4c849a92354172b16277ba,2025-06-12,basic,200,ok,1788441625
2fe9bd6460f2d0e847084f4cfc6aa952,2025-06-12,basic,200,ok,1788441626
0af8d1ce7cf7133fb7bc115c91ee83e4efe8d04e6d233bd35cf2fabdeb93fb0d,2025-06-12,basic,200,ok,1788441627
0816395b59d93d2a4334278dfca9081eefe8d04e6d233bd35cf2fabdeb93fb0d,2025-06-12,basic,200,ok,1788441627
2082507b9bc81ffd3304eb7d32c886aa,2025-06-12,basic,200,ok,1788441628
46350b81c174aa6ea0a6577fe4d924e4efe8d04e6d233bd35cf2fabdeb93fb0d,2025-06-12,basic,200,ok,1788441629
d677e80aff6109f67f3cf1b2ed5e8c10,2025-06-12,basic,200,ok,1788441629
6419bcfb01fc8eda9c72d916e1f9174ac47ea5ffea2564f587ca830a8f71acb2,2025-06-12,basic,200,empty,1788441630
aec0496fe0296524fc1b5c5f55123991,2025-06-12,basic,200,ok,1788441630
c40c866076dfdb81d8dcf04eb46231a1,2025-06-12,basic,200,empty,1788441631
075cf008805bdbff03ce2f54009e879eefe8d04e6d233bd35cf2fabdeb93fb0d,2025-06-12,basic,200,ok,1788441632
3959fcd121db8b66cbe758428b3b6560efe8d04e6d233bd35cf2fabdeb93fb0d,2025-06-12,basic,200,ok,1788441632
bc32695aafaf6faec0a2e362e0ba45fa,2025-06-12,basic,200,ok,1788441633
0a622250df56f30876d89a31568ef886,2025-06-12,basic,200,ok,1788441633
7889cc611a8839dc7a0b05fc15555f26,2025-06-12,basic,200,ok,1788441634
6ff891d4b5f081a07e545b25a8cc3ab1,2025-06-12,basic,200,ok,1788441635
e7e279e7bfe4588dbc77e3ce5ed27b22,2025-06-12,basic,200,ok,1788441635
ab9c08306041a13ba8274197e4c3d75eefe8d04e6d233bd35cf2fabdeb93fb0d,2025-06-12,basic,200,empty,1788441636
58a9940b3c8237c36773e9e07c8637b5efe8d04e6d233bd35cf2fabdeb93fb0d,2025-06-12,basic,200,ok,1788441637
41b7005fcf9d2c6a6241679ffeb5ce83,2025-06-12,basic,200,empty,1788441637
b8d5d3d6197f6543b780ed2b1658e8b9fd842dab14be2a956555625b37c97bff,2025-06-12,basic,200,empty,1788441638
786d971faee6e742cad745ddf5bb5777,2025-06-12,basic,200,empty,1788441638
9b498645b9cbf2767c8f0c32c342309d,2025-06-12,basic,200,ok,1788441639
1b441230d8a6ed8b7a5cc20be845612b,2025-06-12,basic,200,empty,1788441639
875b30d43ffd9c2abc39b40e49784c67efe8d04e6d233bd35cf2fabdeb93fb0d,2025-06-12,basic,200,empty,1788441640
69370ed584734145ab5cc5385dd95c90,2025-06-12,basic,200,empty,1788441640
830a80d6330618b0bb48a7698f438aed,2025-06-12,basic,200,empty,1788441641
e843b43c9a891156672f211f1b5d59be,2025-06-12,basic,200,ok,1788441642
b76359938222ed67d61169d75b7d2c1d,2025-06-12,basic,200,ok,1788441642
1b5436db4ba96ced8ba518d7de019b2e,2025-06-12,basic,200,empty,1788441643
ed539dc21805cedd4eb0e0c17204edca,2025-06-12,basic,200,ok,1788441643
0d96ba74f2eec77c8fd2157f5df112f24723574b05820acf03e7ec3162ff5bed,2025-06-12,basic,200,empty,1788441644
21f527173c2df9716ddaa6d763f60e51,2025-06-12,basic,200,empty,1788441645
6ff07b813a897b3b3a0eda6c01aaeb4e,2025-06-12,basic,200,empty,1788441645
117802df5f87588bc621cbc7bc786a67,2025-06-12,basic,200,ok,1788441646
605a4e07f6d012f56547f0e9931e50f4,2025-06-12,basic,200,empty,1788441646
7408b5234916b5316d92919884542b92,2025-06-12,basic,200,empty,1788441647
85c544fe96169eb8001509b809dc6e44efe8d04e6d233bd35cf2fabdeb93fb0d,2025-06-12,basic,200,empty,1788441647
9cdc6b7ff86d2574fddee4e242accdf2efe8d04e6d233bd35cf2fabdeb93fb0d,2025-06-12,basic,200,empty,1788441648
3d350a55541e728aa46d98645b3eef7e,2025-06-12,basic,200,ok,1788441649
bd4c4a0c014eff465f1e410a0f17497a,2025-06-12,basic,200,empty,1788441649
51a659a0be95720a2870528352a4f557,2025-06-12,basic,200,ok,1788441650
8b0ef0ce0dde07cc3bf76ae3835984fa,2025-06-12,basic,200,ok,1788441650
5ad2cdaa230f863dc888830269490662,2025-06-12,basic,200,ok,1788441651
db56abeb8292f4d300740dc2e18efc08efe8d04e6d233bd35cf2fabdeb93fb0d,2025-06-12,basic,200,ok,1788441652
9fcdde3c17dc79233948750751d288d5efe8d04e6d233bd35cf2fabdeb93fb0d,2025-06-12,basic,200,ok,1788441652
c50c9d31df88bd5967146dcc643fe9ed86e68d4012202d0434d05f81868f68e3,2025-06-12,basic,200,empty,1788441653
16528b0e78725a9f9211fa85823f96cb,2025-06-12,basic,200,empty,1788441653
5ebf5efb593c50faa97ae4d5498c8741efe8d04e6d233bd35cf2fabdeb93fb0d,2025-06-12,basic,200,ok,1788441654
82c42f93275381e7a5c20c371b6237c4efe8d04e6d233bd35cf2fabdeb93fb0d,2025-06-12,basic,200,ok,1788441654
b14c37c9f7a0abc9af2d345a4ee85254efe8d04e6d233bd35cf2fabdeb93fb0d,2025-06-12,basic,200,empty,1788441655
a8da36c849d00782dd68544b75d4033c,2025-06-12,basic,200,ok,1788441656
234dc7e84a4034f9a64a2bc38e07b9b6efe8d04e6d233bd35cf2fabdeb93fb0d,2025-06-12,basic,200,ok,1788441656
171462963ac5eb26b59050ec09270344,2025-06-12,basic,200,empty,1788441657
f0db661aab648a54a6b7cb0e39993d50,2025-06-12,basic,200,ok,1788441657
8f251784b2814023bd61b7ad71bf9d46,2025-06-12,basic,200,empty,1788441658
d22aa03b9d90d62482efd12788e33a04,2025-06-12,basic,200,ok,1788441659
63e6bfe1414f38560e4310933c5bd2e4efe8d04e6d233bd35cf2fabdeb93fb0d,2025-06-12,basic,200,ok,1788441659
b6940ec73c585f6989a3163309e3e7b8efe8d04e6d233bd35cf2fabdeb93fb0d,2025-06-12,basic,200,empty,1788441660
d947e36c1eeb2133c18c016536634ae1,2025-06-12,basic,200,ok,1788441661
1cc77866e7b1d9a15af2e5f3b2f570d8,2025-06-12,basic,200,ok,1788441661
c0b56d83f994e89618ee45cb9140a36b,2025-06-12,basic,200,ok,1788441662
1126a5262fe8701dec81f5c7cf79555f,2025-06-12,basic,200,ok,1788441662
0ce376f9ada1603d904be362c356a985,2025-06-12,basic,200,empty,1788441663
468fab0039f82db8ec0fc0509947b67baae77432709819edb959e1fd5d1d77b4,2025-06-12,basic,200,empty,1788441664
68e525819f484806a5d351c0b31de5faefe8d04e6d233bd35cf2fabdeb93fb0d,2025-06-12,basic,200,empty,1788441664
f5527018e4186613282261c4d2c4f9a6,2025-06-12,basic,200,ok,1788441665
b0cd430b550ac40b5432034a08c56e24efe8d04e6d233bd35cf2fabdeb93fb0d,2025-06-12,basic,200,ok,1788441665
06560b20f37452fc17792ead3ded2e2a,2025-06-12,basic,200,ok,1788441666
e32e25899fced8e3d3d720d0ca86e2d4,2025-06-12,basic,400,http_400,1788441667
d7fe0f188972043ccbfef65642f05145,2025-06-12,basic,200,ok,1788441667
f67445677d9feb1506208b82f61106faefe8d04e6d233bd35cf2fabdeb93fb0d,2025-06-12,basic,200,empty,1788441668
e92a7e93bc87365072e003a17824974fefe8d04e6d233bd35cf2fabdeb93fb0d,2025-06-12,basic,200,empty,1788441668
c2f6f54da041e813599531bfb981329cefe8d04e6d233bd35cf2fabdeb93fb0d,2025-06-12,basic,200,ok,1788441669
386039c4ffe2e1250712607edcad5b5e,2025-06-12,basic,200,ok,1788441670
92e7616e87e54a96f5f417843cfd0faf,2025-06-12,basic,200,empty,1788441670
f072c26ff3a0392e05a8c1e1fe04b992efe8d04e6d233bd35cf2fabdeb93fb0d,2025-06-12,basic,200,empty,1788441671
bb1abc7a74563e119f38d0769b913e0d,2025-06-12,basic,200,ok,1788441671
e6cd0177062017f921f324bc249f45db,2025-06-12,basic,200,ok,1788441672
1cb364cf31b3de7cb84ed9ad4b170994efe8d04e6d233bd35cf2fabdeb93fb0d,2025-06-12,basic,200,ok,1788441673
6855f154ad5a0f1cee9dddc04390d5a1,2025-06-12,basic,200,ok,1788441673
532427d6e2290dde0c9e3cf8fd0256ab,2025-06-12,basic,200,empty,1788441674
f0cfdb26b29e096d52299a4ad6396b46efe8d04e6d233bd35cf2fabdeb93fb0d,2025-06-12,basic,200,ok,1788441675
36f39faf4ec7610211263206bde61e08,2025-06-12,basic,200,ok,1788441675
403ff8afe9e747b6f5477ccc8907c03a,2025-06-12,basic,200,empty,1788441676
8c728d9d2107259b2e22b6ed68035180,2025-06-12,basic,200,ok,1788441676
9ae877c17bba7eadf28b579052e6c9df,2025-06-12,basic,200,empty,1788441677
6758d6570eacc6ee234619f06256e96b,2025-06-12,basic,200,ok,1788441678
8a69003e98749a2b12904390ff454558,2025-06-12,basic,200,empty,1788441678
8f2831949e247107c55bb12876493987,2025-06-12,basic,200,ok,1788441679
89db1621687819df5e3958a31180ef49,2025-06-12,basic,200,ok,1788441679
59fff823a649700e11650bed83e2bc68,2025-06-12,basic,200,ok,1788441680
ee4ccfc3c47d14f6112683a0d8da8779,2025-06-12,basic,200,ok,1788441681
8cfaa679925165473d2cc8f6fe50c44f,2025-06-12,basic,200,empty,1788441681
ec069b50f7987fdda0cc5d555f9b4fabefe8d04e6d233bd35cf2fabdeb93fb0d,2025-06-12,basic,200,empty,1788441682
74a7212bd190c941caa4110fdf3b5937,2025-06-12,basic,200,ok,1788441682
99bbb60f412d81c87460e520cb858c03,2025-06-12,basic,200,ok,1788441683
c769606fe8384d0473395bde3add9fad,2025-06-12,basic,200,ok,1788441683
55a52fec86f1dabbcdbcd0eaf1e59357,2025-06-12,basic,200,empty,1788441684
dfb88a1b4571611c4b80953b4a570582,2025-06-12,basic,200,ok,1788441685
4b5d81dafb888a1fe665fa8203bc1973,2025-06-12,basic,200,ok,1788441685
c01fcc7dee9892b5a06f57ad4409ec26,2025-06-12,basic,200,empty,1788441686
b9de5f3319d7e10d9e8c0d87eb54ae3fefe8d04e6d233bd35cf2fabdeb93fb0d,2025-06-12,basic,200,ok,1788441686
7b22ef6bda01c73900a2aa09bb869e52efe8d04e6d233bd35cf2fabdeb93fb0d,2025-06-12,basic,200,ok,1788441687
be583953c7bba783411aa017f78f29f1,2025-06-12,basic,200,ok,1788441688
1deb5a6bdf0e53c146d8f720ddeb4ae5,2025-06-12,basic,200,empty,1788441688
c0f3858312e3e4d9f70707261d51cc1ee85e07f9d5d276f44440847eec04ba68,2025-06-12,basic,200,ok,1788441689
9122e220072cf285865e8cb16e18659e,2025-06-12,basic,200,ok,1788441690
4de28a3fa2874bbfed4cfed759ed9eea,2025-06-12,basic,200,ok,1788441690
cc040741348b2c1549e106b51617b6d4efe8d04e6d233bd35cf2fabdeb93fb0d,2025-06-12,basic,200,ok,1788441691
6a44c4ca0771abbb49f5ee1eeae7f00aefe8d04e6d233bd35cf2fabdeb93fb0d,2025-06-12,basic,200,ok,1788441692
586dcd113be4e2a66f38afa472b3b5bfefe8d04e6d233bd35cf2fabdeb93fb0d,2025-06-12,basic,200,ok,1788441692
3ed5be017ba88cbb2f3d1524988ae121,2025-06-12,basic,200,ok,1788441693
9e8ac00f2529c67be4a94a313dfe46feefe8d04e6d233bd35cf2fabdeb93fb0d,2025-06-12,basic,200,ok,1788441694
49e6a83697ea73ff255d84d54b27ff0defe8d04e6d233bd35cf2fabdeb93fb0d,2025-06-12,basic,200,ok,1788441694
c8670b56d1f6de6a313ba7c06aec6571,2025-06-12,basic,200,empty,1788441695
7803a418337e6d31b464e90b531de003aae77432709819edb959e1fd5d1d77b4,2025-06-12,basic,200,empty,1788441695
ed29cb5a470fdd4d000ac40627d7f2fffd842dab14be2a956555625b37c97bff,2025-06-12,basic,200,ok,1788441696
3396656fbf74206b1d64d4d9cfd99a41efe8d04e6d233bd35cf2fabdeb93fb0d,2025-06-12,basic,200,empty,1788441697
76096c1256b89373b1d83a374bd8d632,2025-06-12,basic,200,ok,1788441697
ab778c2ff11ac8ac54a35322dd52ffdc,2025-06-12,basic,200,empty,1788441698
b7c017432c62e86bdb20cf465e290facefe8d04e6d233bd35cf2fabdeb93fb0d,2025-06-12,basic,200,empty,1788441698
bfd72d488b5a77bd04d3b28a9713e1946fbb98200a15be5bcc73a64995849e9c,2025-06-12,basic,200,empty,1788441699
b5bb59e4af3f5a2ceab1ae485bd779e1,2025-06-12,basic,200,ok,1788441699
428ead4c387e5f8d7755dac6a4d3a9b6,2025-06-12,basic,200,ok,1788441700
f819509cff0bdac0ed52ee4dcc7057e5,2025-06-12,basic,200,ok,1788441701
14a5ff7a98697ecb8bf18e60d30f127f,2025-06-12,basic,200,empty,1788441701
8197eeaf6241ff31c73878bf45d0a965,2025-06-12,basic,200,ok,1788441702
f4a72472ed373fdb5b392c41695b99d1efe8d04e6d233bd35cf2fabdeb93fb0d,2025-06-12,basic,200,empty,1788441702
503901d0c97f3b877bbc46b43bc580bc,2025-06-12,basic,200,ok,1788441703
32b95fcd8a2beb03347f77734dde83c4,2025-06-12,basic,200,ok,1788441704
753937beb8a7612220213f7f1c533ca3,2025-06-12,basic,200,empty,1788441704
54a18eee33c7e960724f2ba04a3c5547efe8d04e6d233bd35cf2fabdeb93fb0d,2025-06-12,basic,200,ok,1788441705
7a4ecca4b4fd4d948e7cf94b85dace19,2025-06-12,basic,200,empty,1788441705
6e996ba693d6ed5e8f92767743f14bc0,2025-06-12,basic,200,ok,1788441706
5cd2f296d88462287cbf05841f6adc81,2025-06-12,basic,200,empty,1788441707
5911aa210af938beed389ffffa9d41f2,2025-06-12,basic,200,ok,1788441707
acb69dc104e4f855bea59e717aed0a1aefe8d04e6d233bd35cf2fabdeb93fb0d,2025-06-12,basic,200,empty,1788441708
cf2baafa31bb10d37de5d7ce13469601,2025-06-12,basic,200,empty,1788441708
1f4a679bf33ff82d5726cb392dffcd27,2025-06-12,basic,200,ok,1788441709
4de3eeaefe77a949a1dd48977069a70d,2025-06-12,basic,200,ok,1788441710
1a18f0008507642f8c58d5c64d03c8ffc47ea5ffea2564f587ca830a8f71acb2,2025-06-12,basic,200,ok,1788441710
663c92931f3865c779567b4a39ac74bbefe8d04e6d233bd35cf2fabdeb93fb0d,2025-06-12,basic,200,ok,1788441711
107f521c149c8d1dce72ab4c05a7b4f7,2025-06-12,basic,200,ok,1788441712
56d8037cf56e9ff7daf450d2eb5ca742,2025-06-12,basic,200,ok,1788441712
3964212fcfeedf36160473e903eabf18,2025-06-12,basic,200,empty,1788441713
48fbec4bc4c266c094fb59058a9ac8f2efe8d04e6d233bd35cf2fabdeb93fb0d,2025-06-12,basic,200,ok,1788441713
343872a7f2bc5d1504379145281f934e,2025-06-12,basic,200,ok,1788441714
5f619cfddc76c3d18efb7699c4ea5c95,2025-06-12,basic,200,ok,1788441715
ca0bf73c8eb17abb71a2e8796de26baeefe8d04e6d233bd35cf2fabdeb93fb0d,2025-06-12,basic,200,ok,1788441715
fdc34b36f73c3fd89e772cf6d7d1232cefe8d04e6d233bd35cf2fabdeb93fb0d,2025-06-12,basic,200,ok,1788441716
ed73630a9b01b498dc6f0eff3b5bc7c1efe8d04e6d233bd35cf2fabdeb93fb0d,2025-06-12,basic,200,ok,1788441717
2683c5dbe537412f50c10a2945a54b39efe8d04e6d233bd35cf2fabdeb93fb0d,2025-06-12,basic,200,ok,1788441717
d59c7c21c8e5bccf9524ef4fd1d3598c,2025-06-12,basic,200,empty,1788441718
9f347f00cff92952a75c60ea03e586e7,2025-06-12,basic,200,ok,1788441719
9e7657476fe05f45c33401053e4f19c1efe8d04e6d233bd35cf2fabdeb93fb0d,2025-06-12,basic,200,empty,1788441719
c5fa76ba94f39703626159621e5c0d56,2025-06-12,basic,200,empty,1788441720
cfa995fdd15706df1d3a637ebff6c98c,2025-06-12,basic,200,empty,1788441720
22841b94e115a7228d9b04b28baf54e4,2025-06-12,basic,200,empty,1788441721
915ee5bd5f66969a1e4f06fa715f2443,2025-06-12,basic,200,ok,1788441721
b96bb8a982ea95436bd48e616e0ab035efe8d04e6d233bd35cf2fabdeb93fb0d,2025-06-12,basic,200,ok,1788441722
70767ecf7c83ef5cf992a28e40a44e09,2025-06-12,basic,200,ok,1788441723
ca45aa3d8dc47868bccd1409e4cb02b0,2025-06-12,basic,200,ok,1788441723
24b1930b72aff6c3e2e87180eca8a014efe8d04e6d233bd35cf2fabdeb93fb0d,2025-06-12,basic,200,ok,1788441724
51c3e92cdd83b349315729ae5fc751ec,2025-06-12,basic,200,ok,1788441725
9cd36d9cbac5931262fa54179eabc314efe8d04e6d233bd35cf2fabdeb93fb0d,2025-06-12,basic,200,ok,1788441725
6c118b4c1317084a691ea983fcb779b0,2025-06-12,basic,200,ok,1788441726
d75438f69108df549f523899a62cc71baae77432709819edb959e1fd5d1d77b4,2025-06-12,basic,200,empty,1788441726
9cb76bf8f7e0958c741178d3148d8593,2025-06-12,basic,200,ok,1788441727
0ef23f2e62f88ff098eb532133d0b554,2025-06-12,basic,200,ok,1788441728
2246bcd9a64047fb50d8d2c5eaa4f8a1efe8d04e6d233bd35cf2fabdeb93fb0d,2025-06-12,basic,200,empty,1788441728
fd627c2ce765b3adb8801845c1b102608295750b1f4857867454debc45ec9c8a,2025-06-12,basic,200,empty,1788441729
fa639be8f860227c955053cfffb94281,2025-06-12,basic,200,ok,1788441729
14ecef4e80ac828a81232a18f681f5b4,2025-06-12,basic,200,empty,1788441730
dbfdffad81d9c8f251093ed7390ffac5,2025-06-12,basic,200,ok,1788441731
40ee830dd76b647e0a614cfdc26fd3ffefe8d04e6d233bd35cf2fabdeb93fb0d,2025-06-12,basic,200,ok,1788441731
c4b8a3ddc7a818b5efef35c92b79d715efe8d04e6d233bd35cf2fabdeb93fb0d,2025-06-12,basic,200,empty,1788441732
a0fde17f44a0ee3b771cb61e6e046f1aefe8d04e6d233bd35cf2fabdeb93fb0d,2025-06-12,basic,200,ok,1788441732
e1b19e74ab7211e0e4f7cf3f33d29aca4723574b05820acf03e7ec3162ff5bed,2025-06-12,basic,200,ok,1788441733
dc7eb5b8a163ee0cd1791b5ef301764aefe8d04e6d233bd35cf2fabdeb93fb0d,2025-06-12,basic,200,empty,1788441734
64ab0e4a6143e01663109f198bb1376aefe8d04e6d233bd35cf2fabdeb93fb0d,2025-06-12,basic,200,ok,1788441734
dffa624954cf73014751c29adc1e565d,2025-06-12,basic,200,ok,1788441735
90d4f7954bc8d5ee5fc09310a6a67a11,2025-06-12,basic,200,empty,1788441735
980246ee30088f65a3049bc9d465a6a286e68d4012202d0434d05f81868f68e3,2025-06-12,basic,200,ok,1788441736
b570927a91c2b06a0cc027dcc3394e6d,2025-06-12,basic,200,ok,1788441737
ab104888755f3eca685377541bca7f04,2025-06-12,basic,200,ok,1788441737
17ab67299b418932a347fd4d1fb56124,2025-06-12,basic,200,ok,1788441738
c7f49a936b9ba0ea6754f63ed63393ddefe8d04e6d233bd35cf2fabdeb93fb0d,2025-06-12,basic,200,ok,1788441739
ff9ab4c9d3cb1d62bdcd0be6a6cd17824723574b05820acf03e7ec3162ff5bed,2025-06-12,basic,200,ok,1788441739
3aa2b3e54842fe8959ef6b7bf5bff858efe8d04e6d233bd35cf2fabdeb93fb0d,2025-06-12,basic,200,ok,1788441740
9effcd4e73429d2399dee6c0588d4d52efe8d04e6d233bd35cf2fabdeb93fb0d,2025-06-12,basic,200,ok,1788441741
d05362eb4bf824e5b6abc339caec40fe,2025-06-12,basic,200,ok,1788441741
33575b01c021bb43d6e9d3d4aad9c73cefe8d04e6d233bd35cf2fabdeb93fb0d,2025-06-12,basic,200,ok,1788441742
9aab4dd34ad974a974fa24bd593b351aefe8d04e6d233bd35cf2fabdeb93fb0d,2025-06-12,basic,200,ok,1788441742
781f30e974310063b71f0a9d0a3349f5,2025-06-12,basic,200,empty,1788441743
cc905e22776cf6d73711b20cd2e8f2c5efe8d04e6d233bd35cf2fabdeb93fb0d,2025-06-12,basic,200,ok,1788441744
f7b147c43d7043c58db9a9fc8066adb7,2025-06-12,basic,200,ok,1788441744
24365ce57cb9b225a466181c48063762efe8d04e6d233bd35cf2fabdeb93fb0d,2025-06-12,basic,200,empty,1788441745
bff6885bacfc82ff50f6a7bccd7f8e19,2025-06-12,basic,200,ok,1788441746
6936fd4ca030970a5bd7003771a5c350,2025-06-12,basic,200,ok,1788441746
1ec19129892f9b53d257cf4bbad35507,2025-06-12,basic,200,ok,1788441747
77745eee4ad81228d18b0c204ab492d6,2025-06-12,basic,200,ok,1788441748
8562f0ac31c56d6530170ed517918cfaefe8d04e6d233bd35cf2fabdeb93fb0d,2025-06-12,basic,200,empty,1788441748
4d9042b0fa7762b0e77033513e1737a1,2025-06-12,basic,200,ok,1788441749
cc2f89af76866ea2cca854a3ada3357fefe8d04e6d233bd35cf2fabdeb93fb0d,2025-06-12,basic,200,empty,1788441749
be5766a453b5e6f97e489873ef45c4eaefe8d04e6d233bd35cf2fabdeb93fb0d,2025-06-12,basic,200,empty,1788441750
0598b4afa21414542e53f3aa665234cf,2025-06-12,basic,200,ok,1788441750
bb32f410eeed5a8e672e40ee48ec22e1,2025-06-12,basic,200,ok,1788441751
acc334dbfaadd2eda10b9431f9ebf37e,2025-06-12,basic,200,empty,1788441752
22a7e4deeabc7cf283c99f4e25058dc5efe8d04e6d233bd35cf2fabdeb93fb0d,2025-06-12,basic,200,ok,1788441752
b80fc3897be9385cd115e4e56517abf2,2025-06-12,basic,200,empty,1788441753
2da87066cf4c86508ae045c862ea752d,2025-06-12,basic,200,ok,1788441753
529db648dae3c5cccb139e15d42ed8b8,2025-06-12,basic,400,http_400,1788441754
ec4fd76f1a0de4ce3011720dad228eee,2025-06-12,basic,200,ok,1788441755
c713b35f0eb40bcf0b51ae0ad9fffff8e85e07f9d5d276f44440847eec04ba68,2025-06-12,basic,200,empty,1788441755
0b13c583f7837587a8ddf040c8f20d46,2025-06-12,basic,200,ok,1788441756
f097cf9778b1f8835f6ae5314a984994efe8d04e6d233bd35cf2fabdeb93fb0d,2025-06-12,basic,200,ok,1788441756
0dc0ae97a8c983d98842377497ff0a65efe8d04e6d233bd35cf2fabdeb93fb0d,2025-06-12,basic,200,empty,1788441757
b071b74842dab651620671c304f40b46,2025-06-12,basic,200,ok,1788441758
c1bbe24439a61b753999806ca756e585efe8d04e6d233bd35cf2fabdeb93fb0d,2025-06-12,basic,200,empty,1788441758
a1774c420e735028ef740c8ade756adfefe8d04e6d233bd35cf2fabdeb93fb0d,2025-06-12,basic,200,empty,1788441759
f8dbe30c52c67f2f5516b4fbb19da824,2025-06-12,basic,200,empty,1788441759
cdbf81513119fca5359b3ac050f3e29befe8d04e6d233bd35cf2fabdeb93fb0d,2025-06-12,basic,200,ok,1788441760
1bd2928b8d8129d097a1d799736fb6f8efe8d04e6d233bd35cf2fabdeb93fb0d,2025-06-12,basic,200,ok,1788441761
c33d67ce9481126d6d43782bbd38aa82,2025-06-12,basic,200,ok,1788441761
14adc9e51f502dd3a4414b66858e0edcefe8d04e6d233bd35cf2fabdeb93fb0d,2025-06-12,basic,200,ok,1788441762
8075b5547ec2e59a72000980458ecf35,2025-06-12,basic,200,ok,1788441762
5b62606a5155f9dd3941a4e31228dd9a,2025-06-12,basic,200,ok,1788441763
43ed8415a09a054c8d16937febef8851,2025-06-12,basic,200,ok,1788441764
a2d4e618901506e4263bd1667b607720,2025-06-12,basic,200,ok,1788441764
20ae4045321bf450e957877a484cc068,2025-06-12,basic,200,empty,1788441765
749d0a2b099c6d3cb65218b02c1f4234,2025-06-12,basic,200,ok,1788441766
341f2f81f32bb8dc520fd820284c9c1a,2025-06-12,basic,200,ok,1788441766
13cf45db8f66b4f37ac54b95a980454defe8d04e6d233bd35cf2fabdeb93fb0d,2025-06-12,basic,200,empty,1788441767
20cf46d2324f864cd22b2c7ee55e5efe,2025-06-12,basic,200,ok,1788441767
48c2fb144f5f7f683694ebbcef013d4cefe8d04e6d233bd35cf2fabdeb93fb0d,2025-06-12,basic,200,ok,1788441768
626e0dbad7b9458fe7da186a3e68daad,2025-06-12,basic,200,empty,1788441769
011952046342c41c3cc7873059f937d0,2025-06-12,basic,200,ok,1788441769
4530f63c6d2db115dfb6a82f3a00802a3663933da92e7566c55104ec9ac2894d,2025-06-12,basic,200,empty,1788441770
456546e438f0fda44ef7cf94d2aa0ae8c47ea5ffea2564f587ca830a8f71acb2,2025-06-12,basic,200,empty,1788441770
de6f8181498b858c8071728c891b3ea5,2025-06-12,basic,200,ok,1788441771
46f89255dba4d53a4d1d704d64a18049efe8d04e6d233bd35cf2fabdeb93fb0d,2025-06-12,basic,200,ok,1788441772
275776a5d37ec697bcd33754a62c440f,2025-06-12,basic,200,ok,1788441772
40524d5682ca511ed0c3aa6f0c9ec82f,2025-06-12,basic,200,empty,1788441773
ebe01e17557106cf1681730d6fb262a5,2025-06-12,basic,200,ok,1788441774
f10258d9fbc92296e76dca3ae8eff28fefe8d04e6d233bd35cf2fabdeb93fb0d,2025-06-12,basic,200,empty,1788441774
7c026aa5df848e6005f1cadea6b05b7c,2025-06-12,basic,200,empty,1788441775
9031fc4043cece329734c23bfa1b5937efe8d04e6d233bd35cf2fabdeb93fb0d,2025-06-12,basic,200,ok,1788441775
f0b48b57ab7b02a598854c00473e3117,2025-06-12,basic,200,ok,1788441776
ce130764aace6d34f65470e16a200711aae77432709819edb959e1fd5d1d77b4,2025-06-12,basic,200,ok,1788441777
cc628da2bae88915a1852280940c33c1,2025-06-12,basic,200,empty,1788441777
31b11bcbff37f606abd51f279c83b843,2025-06-12,basic,200,empty,1788441778
8c22c0718d29c49a35840b47888fcab3efe8d04e6d233bd35cf2fabdeb93fb0d,2025-06-12,basic,200,ok,1788441778
deac83da3ad038653b044abfa5ff4195,2025-06-12,basic,200,ok,1788441779
71a9617e43160912092dee2b0d254445a2186d8e7cf7a6ee152d97cc78f2ae8b,2025-06-12,basic,200,empty,1788441780
497a3fdba6d62ede489cbecdd312d39dfd842dab14be2a956555625b37c97bff,2025-06-12,basic,200,empty,1788441780
e55334fdfe6478f08bc35361592262b0,2025-06-12,basic,200,ok,1788441781
9c5f2f8d67c23852d45da9de103e365eefe8d04e6d233bd35cf2fabdeb93fb0d,2025-06-12,basic,200,ok,1788441782
a53a42f07708ebae37b8ac6d7960b114,2025-06-12,basic,200,empty,1788441782
7016fd00b3104adce048c0a3f52a39d5,2025-06-12,basic,200,ok,1788441783
299a0333e911bc9ad2b6b9ca8da64440efe8d04e6d233bd35cf2fabdeb93fb0d,2025-06-12,basic,200,ok,1788441783
18cb30c1846cb07d4301b12fb36f56dc,2025-06-12,basic,200,ok,1788441784
c463d28a20e7e17a5a476039e2d10c16,2025-06-12,basic,200,ok,1788441785
452273f5d7978c3a0c2e4999cc5ed7d2efe8d04e6d233bd35cf2fabdeb93fb0d,2025-06-12,basic,200,ok,1788441785
b9b52ef9aec18bfd06b0e1659d7c92d5,2025-06-12,basic,200,empty,1788441786
aa93fbdf56bd0ad5c8f2c97d6fb31db5,2025-06-12,basic,200,ok,1788441786
0aa6896bcd1259d4473ee561c4f93031,2025-06-12,basic,200,ok,1788441787
32cccfae7c6a4fcfc16190e110157d4c,2025-06-12,basic,200,empty,1788441788
d58f916e4b606d84c04fa305b1c999fb,2025-06-12,basic,200,empty,1788441788
39d2f8af2544ebc8dad5e5d9aa4d1b00,2025-06-12,basic,200,ok,1788441789
219e12ff6de6c1d02ffb238d014b0fb8,2025-06-12,basic,200,empty,1788441789
b27f1f2b861447a3d9e59e0e7002b7f1,2025-06-12,basic,200,ok,1788441790
79baa3faa63af29591f1310fd1f90889efe8d04e6d233bd35cf2fabdeb93fb0d,2025-06-12,basic,200,empty,1788441790
0819c074134191d8a8d34603c42b2cc1efe8d04e6d233bd35cf2fabdeb93fb0d,2025-06-12,basic,200,ok,1788441791
fc2736a7e05b1b3c2882ee0ee5da7c0aaae77432709819edb959e1fd5d1d77b4,2025-06-12,basic,200,ok,1788441792
aae59973d85335671ca4f2065798581c,2025-06-12,basic,200,empty,1788441792
5dcd56636e533af97f36715a20357601,2025-06-12,basic,200,ok,1788441793
61668637c76b2fee59cf483e22c11dd9,2025-06-12,basic,200,ok,1788441793
77bdbdc5b88053ab03ae72a3c6d7d272,2025-06-12,basic,200,empty,1788441794
398c0e2963c372228495252b08c4489d,2025-06-12,basic,200,empty,1788441795
9b9458a2035d9b902050421ed4ca08e7,2025-06-12,basic,200,ok,1788441795
a6599d0f722025faca0efae15f46526befe8d04e6d233bd35cf2fabdeb93fb0d,2025-06-12,basic,200,ok,1788441796
5178787b2127e17de717350b25b376b4,2025-06-12,basic,200,ok,1788441797
077003853a41c65e450035c85d1b69f2efe8d04e6d233bd35cf2fabdeb93fb0d,2025-06-12,basic,200,empty,1788441797
231078667cfb3c2dcb76bea02d9fbd2f,2025-06-12,basic,200,empty,1788441798
97237c582c97b3106c8e81808c5efca8efe8d04e6d233bd35cf2fabdeb93fb0d,2025-06-12,basic,200,ok,1788441798
51bc5e998baa2ce32eaaf2f8a0261e4defe8d04e6d233bd35cf2fabdeb93fb0d,2025-06-12,basic,200,empty,1788441799
89a10ad8cc73644fc5feb628c992b06fefe8d04e6d233bd35cf2fabdeb93fb0d,2025-06-12,basic,200,ok,1788441800
c4210a30e7876d8139ec8d5653d68e3d,2025-06-12,basic,200,ok,1788441800
74c3b8cb09fee16c7d6d8c3c1c4c692f,2025-06-12,basic,200,ok,1788441801
3575ccaa17779f325eb3b21fd85a39eeefe8d04e6d233bd35cf2fabdeb93fb0d,2025-06-12,basic,200,ok,1788441801
d236db0de3630804fcf25bf5eabfbd11efe8d04e6d233bd35cf2fabdeb93fb0d,2025-06-12,basic,200,ok,1788441802
f773390cfac14639fd73749e7ae6e981e85e07f9d5d276f44440847eec04ba68,2025-06-12,basic,200,ok,1788441803
84a4342a7a66c9101d26575fdc22ab58efe8d04e6d233bd35cf2fabdeb93fb0d,2025-06-12,basic,200,ok,1788441803
05744da4d25f8ded7db91c553c174a80efe8d04e6d233bd35cf2fabdeb93fb0d,2025-06-12,basic,200,ok,1788441804
9b87a375591c45a0fd3c60bbd1954161,2025-06-12,basic,200,ok,1788441805
026b37f00a14206685c1dc6cc20f2ac4,2025-06-12,basic,200,ok,1788441805
29b96c5c104ebdc287fa638db2e5f56c,2025-06-12,basic,200,ok,1788441806
774d61087696544e6aba63f8015bd423,2025-06-12,basic,200,empty,1788441807
1df12dfc552c3d123a3550b60d78abf9c47ea5ffea2564f587ca830a8f71acb2,2025-06-12,basic,200,empty,1788441807
02218ed331e0b37be1177e4daa465c7befe8d04e6d233bd35cf2fabdeb93fb0d,2025-06-12,basic,200,ok,1788441808
a76fe5409d471f2477e888e9ba09b48d6fbb98200a15be5bcc73a64995849e9c,2025-06-12,basic,200,empty,1788441808
f2a9d3b40416f6a8a7afe8c1871c057aefe8d04e6d233bd35cf2fabdeb93fb0d,2025-06-12,basic,200,ok,1788441809
e31b3c6afeccba5e7fd612973e8f2e6a,2025-06-12,basic,200,ok,1788441810
af818f3e214ef623ea6ee27d04cd039eefe8d04e6d233bd35cf2fabdeb93fb0d,2025-06-12,basic,200,ok,1788441810
002e09cacb44d4e36c880b62dd454584,2025-06-12,basic,200,ok,1788441811
faf8ab2b8d8f01325e8b84adde6b7df3efe8d04e6d233bd35cf2fabdeb93fb0d,2025-06-12,basic,200,ok,1788441812
2a46de2176f6d01fafb6e8f39a6654e9,2025-06-12,basic,200,ok,1788441812
bd1b289d646974d51c255ddadf434cfb,2025-06-12,basic,200,ok,1788441813
22fa89d61007810fc5eb1a548a45f176,2025-06-12,basic,200,ok,1788441813
d658a1d898410d9343f0d3c0c4cb0987efe8d04e6d233bd35cf2fabdeb93fb0d,2025-06-12,basic,200,ok,1788441814
802295633e902cdffa3c864525226e93,2025-06-12,basic,200,ok,1788441815
19ee8376461e4e3d3504c8a3887b8007,2025-06-12,basic,200,ok,1788441815
b337eab34fcead9b01c6d2f44bfe655a,2025-06-12,basic,200,ok,1788441816
4c7a4702fab31399b26eea2de8249bfd,2025-06-12,basic,200,ok,1788441817
ce30e9957cb3fc25d2ba4f178103d41b,2025-06-12,basic,200,ok,1788441817
b2510850189b6b332a241aa440682225,2025-06-12,basic,200,ok,1788441818
2ab1d52dfb9a2b08a4b2876a570615b7,2025-06-12,basic,200,ok,1788441819
97fc2ac18172aa37d4237c0f61f68d2c,2025-06-12,basic,200,ok,1788441819
c20021b1694bd9aad5407c79700f38c4,2025-06-12,basic,200,ok,1788441820
dbd82ad31c5f946c5968940797fc4fb0,2025-06-12,basic,200,ok,1788441820
71b91d7b6960c81436565660fbe8e3b1,2025-06-12,basic,200,empty,1788441821
01482598804711f6504f2a648e3b1417efe8d04e6d233bd35cf2fabdeb93fb0d,2025-06-12,basic,200,ok,1788441822
f2b502bb937c50ef906e7c80d94d29c3efe8d04e6d233bd35cf2fabdeb93fb0d,2025-06-12,basic,200,ok,1788441822
89791f7ab861dbe46ff07093683b36a2efe8d04e6d233bd35cf2fabdeb93fb0d,2025-06-12,basic,200,empty,1788441823
ffc07c0a42fc1461e49c480ddc0fa216,2025-06-12,basic,200,ok,1788441823
0bc404add8e3f245d94d1e222ad89f4b,2025-06-12,basic,200,ok,1788441824
4e6055098955915f155305928b5be928efe8d04e6d233bd35cf2fabdeb93fb0d,2025-06-12,basic,200,ok,1788441825
2e686b36bc68482eca5eabc25495a761,2025-06-12,basic,200,empty,1788441825
6686633ddab988c3857a3c74e932d8ca,2025-06-12,basic,200,ok,1788441826
ccdbcb45a9848605ffc565da3a14352cefe8d04e6d233bd35cf2fabdeb93fb0d,2025-06-12,basic,200,ok,1788441826
9c22a3b061f2cc68d0046e9ff12010b7efe8d04e6d233bd35cf2fabdeb93fb0d,2025-06-12,basic,200,ok,1788441827
3e45f9fff9fc1abf962dde2f5cebc9bd,2025-06-12,basic,200,empty,1788441828
7cd50cc5d424d5bd91d10ac17f4aa672,2025-06-12,basic,200,empty,1788441828
d90bdb95ba602b8ba8b4af9984f30113,2025-06-12,basic,200,empty,1788441829
3396ac20ee6b13736f581ef2ba97e4b2efe8d04e6d233bd35cf2fabdeb93fb0d,2025-06-12,basic,200,ok,1788441830
e27a537165164fc045feba072fb8a451,2025-06-12,basic,200,ok,1788441830
7b573dd438474e9c5654664e0da8ab2c,2025-06-12,basic,200,ok,1788441831
fde6e7b69aea0379ac893c423a63fa4cefe8d04e6d233bd35cf2fabdeb93fb0d,2025-06-12,basic,200,empty,1788441831
97d54bdb81ca72e5ee04bb4fc470773286e68d4012202d0434d05f81868f68e3,2025-06-12,basic,200,ok,1788441832
38ab2ccf366008a331511dc52cd0e0caaae77432709819edb959e1fd5d1d77b4,2025-06-12,basic,200,ok,1788441833
0abec384720efa340fa1dec337df8780,2025-06-12,basic,200,empty,1788441833
5469179dc5550667136352bafb62cc35efe8d04e6d233bd35cf2fabdeb93fb0d,2025-06-12,basic,200,ok,1788441834
d322177d0d28809b448df45aca84c7ba,2025-06-12,basic,200,empty,1788441834
eff975d64b85b79179cc4f90e8893421efe8d04e6d233bd35cf2fabdeb93fb0d,2025-06-12,basic,200,ok,1788441835
7cad6568a9b2b2016f1b2d25c57f679e,2025-06-12,basic,200,ok,1788441836
3365644493488f678c05417ac8314ea0efe8d04e6d233bd35cf2fabdeb93fb0d,2025-06-12,basic,200,ok,1788441836
05c7bd6a8c27a99ee6365c90178b8ac7,2025-06-12,basic,200,empty,1788441837
75f75e96d1b3c497d6587e9c625b39da,2025-06-12,basic,200,ok,1788441838
8a23d93936f2632b6db308cd0883fc53,2025-06-12,basic,200,empty,1788441838
cd7dbc1f9df26a752dd243d8933e3306efe8d04e6d233bd35cf2fabdeb93fb0d,2025-06-12,basic,200,ok,1788441839
2a93e3de2a0d2be921db129e5b262e4cefe8d04e6d233bd35cf2fabdeb93fb0d,2025-06-12,basic,200,ok,1788441839
27e89ba81265a483c3c18559b517c81d,2025-06-12,basic,200,ok,1788441840
98fd8194b49b8c68ed013424a16f9f88efe8d04e6d233bd35cf2fabdeb93fb0d,2025-06-12,basic,200,ok,1788441841
b8fb991ac33bb357f17b911517b24a30efe8d04e6d233bd35cf2fabdeb93fb0d,2025-06-12,basic,200,ok,1788441841
cb07d788840dc65eaa2a1ad1835eb28e,2025-06-12,basic,200,ok,1788441842
4772705c7c623e6a7679922f23f334bc,2025-06-12,basic,200,empty,1788441843
72241b7161790545cc61a77bb2b80862,2025-06-12,basic,200,empty,1788441843
8dc61407bf1114f887a6c68d921ea4724723574b05820acf03e7ec3162ff5bed,2025-06-12,basic,200,empty,1788441844
36fd9436306d69ceaa20b114f956bc97,2025-06-12,basic,200,ok,1788441844
6f2dec7f823dcf1256d7e70f9bde8340efe8d04e6d233bd35cf2fabdeb93fb0d,2025-06-12,basic,200,ok,1788441845
f4da4393a34142334e29bf9b0091986d,2025-06-12,basic,200,empty,1788441846
4ea842c9860e815f460392ce49b8bad4efe8d04e6d233bd35cf2fabdeb93fb0d,2025-06-12,basic,200,empty,1788441846
982dc7a6471454c31036731b5f85501eefe8d04e6d233bd35cf2fabdeb93fb0d,2025-06-12,basic,200,ok,1788441847
c85feb124b45bf112ebd638ad53f16f6,2025-06-12,basic,200,ok,1788441847
6855066d677f4d82c718b51f44792155efe8d04e6d233bd35cf2fabdeb93fb0d,2025-06-12,basic,200,ok,1788441848
7546ef4227f74639b2f8ea867c6b72d2efe8d04e6d233bd35cf2fabdeb93fb0d,2025-06-12,basic,200,ok,1788441849
4b5700125c53beaf5e5251e2eb4ddc83efe8d04e6d233bd35cf2fabdeb93fb0d,2025-06-12,basic,200,empty,1788441849
bba1341aa50b301c4d6160b1291f7d5c,2025-06-12,basic,200,ok,1788441850
0de998c4c90a4654fe83822ac0d0f6df,2025-06-12,basic,200,empty,1788441850
55958493586d2f806e8d503019cdbe74aae77432709819edb959e1fd5d1d77b4,2025-06-12,basic,200,ok,1788441851
243d1870c8f462892d4b596e228204db,2025-06-12,basic,200,empty,1788441852
58567c20a9b9264c55b7974a507d649e,2025-06-12,basic,200,ok,1788441852
8e117feaa5120da881beeb39a48f0a1d,2025-06-12,basic,200,ok,1788441853
5e5edaf83103f06a1e75a82e07de3447,2025-06-12,basic,200,empty,1788441854
b9b93ebba3cd7b8eb3ba72bf6fe5a8b8,2025-06-12,basic,200,empty,1788441854
696777d67fcdca152f17a780deba41818295750b1f4857867454debc45ec9c8a,2025-06-12,basic,200,ok,1788441855
4ac5472cf8a5ecc33888fdee25a4a58fefe8d04e6d233bd35cf2fabdeb93fb0d,2025-06-12,basic,200,ok,1788441856
a7fb7efa4ac323707c3180540665021f,2025-06-12,basic,200,empty,1788441856
acfa0f288ed6ca09d34795660d6c4535,2025-06-12,basic,200,ok,1788441857
32cbd2d6bc4ad087ea7ef1cea4b4cb2c,2025-06-12,basic,200,empty,1788441857
fba605fe635ab057d3b0b6106f8ceace,2025-06-12,basic,200,ok,1788441858
1cd09dc2931f3e095709632706675ef6efe8d04e6d233bd35cf2fabdeb93fb0d,2025-06-12,basic,200,ok,1788441859
aee7b16c302ffbe83af9390286ca0585efe8d04e6d233bd35cf2fabdeb93fb0d,2025-06-12,basic,200,ok,1788441859
138e2e73bb51b6feb41f41b3645d3b37,2025-06-12,basic,200,empty,1788441860
3ac483f377327b12cc309696f80171bf,2025-06-12,basic,200,ok,1788441861
0500548d5926a8c45ca76731ebd2dd99,2025-06-12,basic,200,ok,1788441861
b021955e657b3b094cf9be4e56a21828,2025-06-12,basic,200,ok,1788441862
56b69d6f9993367680d5ed87f9a961fe,2025-06-12,basic,200,empty,1788441863
47a966bff577aca778ca725ef1c1b39f,2025-06-12,basic,200,ok,1788441863
af29a70e3157067dc92eab193a6b498f,2025-06-12,basic,200,ok,1788441864
31ef1536f8eb51c4c8f0f097f351340a,2025-06-12,basic,200,empty,1788441864
3813f5718f9b65eb552b469b2a2d7fba,2025-06-12,basic,200,empty,1788441865
6c799019b8aaf1901ac36199e75f8672,2025-06-12,basic,200,ok,1788441866
3af4520b8c5e5177f8fa947c12edb050,2025-06-12,basic,200,ok,1788441866
675660bc22a5ab48adb55433494f2019,2025-06-12,basic,200,ok,1788441867
45daaa371f8296fb05f31f7478af5776efe8d04e6d233bd35cf2fabdeb93fb0d,2025-06-12,basic,200,ok,1788441868
9f73a59397519575770016ed377f7915,2025-06-12,basic,200,ok,1788441869
d42092067ce94e3fef8dc163ddefee64,2025-06-12,basic,200,ok,1788441869
4078c38d50f0bee2fddeb6663e285498efe8d04e6d233bd35cf2fabdeb93fb0d,2025-06-12,basic,200,ok,1788441870
3d46d0218d40e0ede69d687fdad9f2d5efe8d04e6d233bd35cf2fabdeb93fb0d,2025-06-12,basic,200,ok,1788441871
714d6970c253e43434fa6a58cb635593,2025-06-12,basic,200,ok,1788441871
94c447d47a5e5caa41084f87cd3e4c3a,2025-06-12,basic,200,ok,1788441872
60e87f3d1465d85f12ef1b84efa09db9,2025-06-12,basic,200,empty,1788441872
970a93c18abb23bcaeb36d30681fff5eefe8d04e6d233bd35cf2fabdeb93fb0d,2025-06-12,basic,200,ok,1788441873
643467156b1054b6ffcf78c251c8028e,2025-06-12,basic,200,empty,1788441874
7a7d0ef9e9a74fd21708a27f9bd15cf88295750b1f4857867454debc45ec9c8a,2025-06-12,basic,200,ok,1788441874
dba2ae0463c8dcda77164704cfd93ced,2025-06-12,basic,200,ok,1788441875
9ff5df122004c4a68f8c00c0df29bc5f4723574b05820acf03e7ec3162ff5bed,2025-06-12,basic,200,empty,1788441876
960e0cd039c51e1fcbbccf3d42315b40efe8d04e6d233bd35cf2fabdeb93fb0d,2025-06-12,basic,200,ok,1788441876
1e1e6d380cf3e0eefc585fde71531fc7efe8d04e6d233bd35cf2fabdeb93fb0d,2025-06-12,basic,200,empty,1788441877
798b4448ff8d6d24c3328dc80b1f7a64efe8d04e6d233bd35cf2fabdeb93fb0d,2025-06-12,basic,200,ok,1788441877
b4b62f28b8f8c532ef1d0cfd9dd774aa,2025-06-12,basic,200,ok,1788441878
674d08e9f0a213fffdbd557aca762a6b,2025-06-12,basic,200,ok,1788441879
fe6cb6e6a75968d640cff2a962e594c2,2025-06-12,basic,200,ok,1788441879
8a2e84b80fe6905000e98192ef67970c,2025-06-12,basic,200,ok,1788441880
009452683327635678c4e7072ea3b5ddfd842dab14be2a956555625b37c97bff,2025-06-12,basic,200,empty,1788441881
965a7906f01c44d559eaf1e152c6233befe8d04e6d233bd35cf2fabdeb93fb0d,2025-06-12,basic,200,ok,1788441881
bee59a747cfd3e313d3a46564455a9de,2025-06-12,basic,200,ok,1788441882
5136df174c4fa5aac607fd672165715c,2025-06-12,basic,200,ok,1788441882
42a63089bb5bf3ab6009132930a4f316,2025-06-12,basic,200,ok,1788441883
41ff005620eff7448feb108cf025128befe8d04e6d233bd35cf2fabdeb93fb0d,2025-06-12,basic,200,empty,1788441884
922598339a2c72f6053e262521b8febcefe8d04e6d233bd35cf2fabdeb93fb0d,2025-06-12,basic,200,ok,1788441884
20ce26f87d0371ec99a9d4238ab82e2ba2186d8e7cf7a6ee152d97cc78f2ae8b,2025-06-12,basic,200,ok,1788441885
509a79ef02dbc9a6159501e55f427c4a,2025-06-12,basic,200,ok,1788441886
dfa241c42fbd49ea77dc633f46a5c711,2025-06-12,basic,200,ok,1788441886
4b1fe976b133be2f829a9a7537000ec4efe8d04e6d233bd35cf2fabdeb93fb0d,2025-06-12,basic,200,empty,1788441887
c914432467b8c5d4cc25fd603f77fd14efe8d04e6d233bd35cf2fabdeb93fb0d,2025-06-12,basic,200,empty,1788441887
f6ebfb751618dc1683a17d2a82f895fb,2025-06-12,basic,200,ok,1788441888
dd3356900e3eb198a50ce389742b189e,2025-06-12,basic,200,ok,1788441889
cde0bdd100a4d0cc0f19467683ff3c9686e68d4012202d0434d05f81868f68e3,2025-06-12,basic,200,ok,1788441889
ecdba59cbf3b886ab3e3bbdca766a6a6efe8d04e6d233bd35cf2fabdeb93fb0d,2025-06-12,basic,200,ok,1788441890
6bdca54fa29e846e34b07a54a87f447c,2025-06-12,basic,200,ok,1788441891
79d3e834211b5a9b74fb21b8bf01ac65,2025-06-12,basic,200,empty,1788441891
cb07d5b18b59d3ac5698dedc7a69bb4a,2025-06-12,basic,200,ok,1788441892
40c61d645c0ffdb33003106737e081e74723574b05820acf03e7ec3162ff5bed,2025-06-12,basic,200,empty,1788441892
9d04424a124d544cf694e2ae3a965ec4,2025-06-12,basic,200,ok,1788441893
f290d0fbbca67fc21f99b9c4cbd087b7,2025-06-12,basic,200,empty,1788441894
d07df8e4e5e24f7cf9393e0f207570a0efe8d04e6d233bd35cf2fabdeb93fb0d,2025-06-12,basic,200,ok,1788441894
e4079ef2f9baeb2ae7dfe327a2f417f1efe8d04e6d233bd35cf2fabdeb93fb0d,2025-06-12,basic,200,ok,1788441895
8d3b178d40e32183d091ecd38a1d6ee2e85e07f9d5d276f44440847eec04ba68,2025-06-12,basic,200,ok,1788441896
ee45efa190e409cecd3bd5042c7b585befe8d04e6d233bd35cf2fabdeb93fb0d,2025-06-12,basic,200,ok,1788441896
3100158b8fd87fe59bb5f64255a800c2,2025-06-12,basic,200,empty,1788441897
b98d45ac41b1cdc2a923fe7b392c85e1,2025-06-12,basic,200,ok,1788441897
ac81eb4b0260cc3b01501cbadac3de6a,2025-06-12,basic,200,ok,1788441898
be580f4efebd9ec2609b645b7a0cee5a,2025-06-12,basic,200,ok,1788441899
038ad2cbab6f14d2c134b3881a634046efe8d04e6d233bd35cf2fabdeb93fb0d,2025-06-12,basic,200,ok,1788441899
1532ce4f3635d547e51eeb888a0463d5,2025-06-12,basic,200,ok,1788441900
773cbcd2eb9590031dda4e1b5b2a77daefe8d04e6d233bd35cf2fabdeb93fb0d,2025-06-12,basic,200,ok,1788441901
6251fde7a2d04679e1ce73354d072f5fefe8d04e6d233bd35cf2fabdeb93fb0d,2025-06-12,basic,200,ok,1788441901
4e235df4137784725e8dc78513357167,2025-06-12,basic,200,ok,1788441902
a8e50cc63caa26e15fdb23e80f6c8293,2025-06-12,basic,200,empty,1788441903
df5cd55b03b8cd0e1157e3b5224657d5,2025-06-12,basic,200,ok,1788441903
536b771f83c605eb269ded656578b364,2025-06-12,basic,200,ok,1788441904
65b23c3f18fa2371c3de2fa2a8c1158b,2025-06-12,basic,200,ok,1788441905
20d482daf0c79af6754436df8dc16c2cefe8d04e6d233bd35cf2fabdeb93fb0d,2025-06-12,basic,200,empty,1788441905
46a712ed1759e522b8d678025d294fc4efe8d04e6d233bd35cf2fabdeb93fb0d,2025-06-12,basic,200,ok,1788441906
05ddab8c3249bd493c5103ffbe9a19abefe8d04e6d233bd35cf2fabdeb93fb0d,2025-06-12,basic,200,ok,1788441906
314e84d79f382aae8d6f83042de61489,2025-06-12,basic,200,ok,1788441907
f868f2a6722a314fd07c83e10cf65ca1,2025-06-12,basic,200,empty,1788441908
6d623bf019368cf5105620edbc6f1193,2025-06-12,basic,200,empty,1788441908
bed7cfc5d2569530fcdf479f3a8f4419,2025-06-12,basic,200,ok,1788441909
0adcc935de8476267e52852c47ade6e5,2025-06-12,basic,200,empty,1788441909
0d94e84c101eae2818494c68831edc5cefe8d04e6d233bd35cf2fabdeb93fb0d,2025-06-12,basic,200,ok,1788441910
f46e5c750fbb8e1dc0168b11605cc34b,2025-06-12,basic,200,ok,1788441911
f36691fe94cf53d7b7ad465eb89d7a0aefe8d04e6d233bd35cf2fabdeb93fb0d,2025-06-12,basic,200,ok,1788441911
ef229f4cae98be48a76edd504578831a,2025-06-12,basic,200,empty,1788441912
98bea7a1a0db4e39019c6b41e67538d9efe8d04e6d233bd35cf2fabdeb93fb0d,2025-06-12,basic,200,ok,1788441912
c579af833aa247a3e506914a013d9612,2025-06-12,basic,200,empty,1788441913
6dc5720299cd1a94bd54282434bf1ff1,2025-06-12,basic,200,ok,1788441914
f93e16cd0870585b3a2fe45b89b99dd3,2025-06-12,basic,200,ok,1788441914
9100c795085ef1040352436478e0960e,2025-06-12,basic,200,ok,1788441915
b3a3f866f10d6caeb37f43b1e12047f8,2025-06-12,basic,200,ok,1788441916
fe69a223ce0c0e54b6fdf2dd416b77cd,2025-06-12,basic,200,ok,1788441916
55c0469be4d7b85ea2556ca16f8b05f7efe8d04e6d233bd35cf2fabdeb93fb0d,2025-06-12,basic,200,empty,1788441917
db13c6c2cd4037f297a6ef05a97b768dfd842dab14be2a956555625b37c97bff,2025-06-12,basic,200,ok,1788441917
34cf247e2b7e11601f7c9b65cadb6a60efe8d04e6d233bd35cf2fabdeb93fb0d,2025-06-12,basic,200,empty,1788441918
608059d5dab27142e872d368db6da100efe8d04e6d233bd35cf2fabdeb93fb0d,2025-06-12,basic,200,ok,1788441919
3de69937b2cd4e3d62e924e57d80c043,2025-06-12,basic,200,ok,1788441919
a8a385428ce5806bef78a49ad3b2b089a2186d8e7cf7a6ee152d97cc78f2ae8b,2025-06-12,basic,200,ok,1788441920
3d20d65286bea4141b2ace581fd81645,2025-06-12,basic,200,ok,1788441921
9602ed8165734f29d00ed5c4c918190baae77432709819edb959e1fd5d1d77b4,2025-06-12,basic,200,empty,1788441921
05d4a39d0022c9aa2275881d4e42185a,2025-06-12,basic,200,empty,1788441922
7f633ab773a3e5ea378159b38736ccaaefe8d04e6d233bd35cf2fabdeb93fb0d,2025-06-12,basic,200,ok,1788441922
82fb9f65dbd3f0307bf3c6b5f22c6f9a,2025-06-12,basic,200,ok,1788441923
575a8823e0354123f22d2256c0cdd7daefe8d04e6d233bd35cf2fabdeb93fb0d,2025-06-12,basic,200,ok,1788441924
d16be9464daead787307009f1297ad61,2025-06-12,basic,200,empty,1788441924
f04338bdf54453540057360ba988c9db,2025-06-12,basic,200,empty,1788441925
99701e5086b3cdaa9d9b348dd99ec2f0,2025-06-12,basic,200,empty,1788441925
afdc68fe469c9e97665dcd4d6065501a86e68d4012202d0434d05f81868f68e3,2025-06-12,basic,200,ok,1788441926
b1b271a42fc10ca0ef274cfa9c44aef2,2025-06-12,basic,200,ok,1788441926
ee899a2077b12a321e70bd2e91ec7f91,2025-06-12,basic,200,ok,1788441927
11c187a1d81e1120ed83cbb4ca2e26b6,2025-06-12,basic,200,empty,1788441928
8880b0851ba78614b38e6ba2f4ce835f,2025-06-12,basic,200,ok,1788441928
0bea9f99d918beda1764b637c4f640c1,2025-06-12,basic,200,ok,1788441929
467328170b1f94c4714b52fed6746fdaefe8d04e6d233bd35cf2fabdeb93fb0d,2025-06-12,basic,200,ok,1788441930
df04a92f3f23f465bae7e6941a0d1fe5efe8d04e6d233bd35cf2fabdeb93fb0d,2025-06-12,basic,200,ok,1788441930
568e9a1e15f0067cc4629827cbd919c8efe8d04e6d233bd35cf2fabdeb93fb0d,2025-06-12,basic,200,ok,1788441931
a6e7aa7c0d006df52e850cfbd3b730f8,2025-06-12,basic,200,ok,1788441932
f1ddaf718deb23ad2dd99f42dea76f36c47ea5ffea2564f587ca830a8f71acb2,2025-06-12,basic,200,ok,1788441932
65ff1e42af9708af156aeee9572f94d8efe8d04e6d233bd35cf2fabdeb93fb0d,2025-06-12,basic,200,ok,1788441933
d2060797eb4d660664993deba65bbec7,2025-06-12,basic,200,ok,1788441933
2907c87f38ee0a27391f097c02326915,2025-06-12,basic,200,ok,1788441934
8536039595a783d9da2c070ae91b8607efe8d04e6d233bd35cf2fabdeb93fb0d,2025-06-12,basic,200,empty,1788441935
aa00da4e2dc2753d437bc09b0afc3181,2025-06-12,basic,200,ok,1788441935
aa467c943d72808b794f7b3830d191adefe8d04e6d233bd35cf2fabdeb93fb0d,2025-06-12,basic,200,empty,1788441936
474656513f8d120d18e77b7253ec2140efe8d04e6d233bd35cf2fabdeb93fb0d,2025-06-12,basic,200,empty,1788441937
ac66aa54ce26846242fc2bce3b5c9fa7,2025-06-12,basic,200,ok,1788441937
8fbe14c8fc863c59fdffd7a8d568382e6fbb98200a15be5bcc73a64995849e9c,2025-06-12,basic,200,ok,1788441938
839499cb96e3d1d3ce1d039b40949699,2025-06-12,basic,200,ok,1788441938
8e91d20b1ac19bd65efa94ab62275a29efe8d04e6d233bd35cf2fabdeb93fb0d,2025-06-12,basic,200,ok,1788441939
56e56ccdc16c45d4dd6dd4ae771a370a,2025-06-12,basic,200,ok,1788441940
43ad00f5bbd2053d4f7f77f14a8822aa,2025-06-12,basic,200,empty,1788441940
beda5d5ec1545edf9a4d8e38b4dceeb6,2025-06-12,basic,200,ok,1788441941
2001d17819de130555367b24dee9427b,2025-06-12,basic,200,ok,1788441942
a097a145c2aed142a30d6b8005b33d2f,2025-06-12,basic,200,ok,1788441942
5fca8b54ebc787b5576562319fcd639a,2025-06-12,basic,200,empty,1788441943
a10f358027f7b1b5027e2fbde7f4f9e5,2025-06-12,basic,200,ok,1788441944
57a5b0feeba002d8a8c2f4b45e58c95e,2025-06-12,basic,200,ok,1788441944
bd5c545993516183e8c7d0c67b2aa91efd842dab14be2a956555625b37c97bff,2025-06-12,basic,200,ok,1788441945
2b6db05b12524adbc8d04fb36b1cb0b2efe8d04e6d233bd35cf2fabdeb93fb0d,2025-06-12,basic,200,empty,1788441946
edb15ed4a47b797465e58dcdb2fa9dfa,2025-06-12,basic,200,ok,1788441947
68b8e96253f360e21d19c5491c185ac6,2025-06-12,basic,200,ok,1788441948
32201e38b8a8123c66dee7f52f84dcf9,2025-06-12,basic,200,ok,1788441948
692228197a6d7ba02fd2c1ec3fb80503,2025-06-12,basic,200,empty,1788441949
f29201fd1597d5abed76623e3fc45507efe8d04e6d233bd35cf2fabdeb93fb0d,2025-06-12,basic,400,http_400,1788441950
d9141bd8fe9c1f353b1e9b1b96d64d6e,2025-06-12,basic,200,ok,1788441950
24b024ca2c5281c8d3f961f541fd7303,2025-06-12,basic,200,empty,1788441951
dfb028c405e4befad50a3f8702d229ec,2025-06-12,basic,200,ok,1788441951
26daf695c193eb0c8581c1baeff75ce7,2025-06-12,basic,200,ok,1788441952
2be60a34075b01aa7295c66d2c7dde5e,2025-06-12,basic,200,empty,1788441952
8cb2ad47c4205a5817b529f63633bd2cefe8d04e6d233bd35cf2fabdeb93fb0d,2025-06-12,basic,200,ok,1788441953
c2127235c02cc352c86e07b69621fec7efe8d04e6d233bd35cf2fabdeb93fb0d,2025-06-12,basic,200,ok,1788441954
d4872881964ffed61357fe42f19028be,2025-06-12,basic,200,empty,1788441955
64633f4b10c856967380f29674942d466fbb98200a15be5bcc73a64995849e9c,2025-06-12,basic,200,ok,1788441955
e80f275f1b83fef662b8ec51a334e0de,2025-06-12,basic,200,ok,1788441956
7a7129dcfb91518a4fe2557aefb17fbc,2025-06-12,basic,200,empty,1788441956
19f601c935da8fdc1525e549720ba862,2025-06-12,basic,200,ok,1788441957
c8af9e27e0ba3304887a13bc6ad19260efe8d04e6d233bd35cf2fabdeb93fb0d,2025-06-12,basic,200,ok,1788441958
a3f3c5b707ceb8957837ccde94fa0581,2025-06-12,basic,200,ok,1788441958
9935b053eb8d9e8ff86241fd7e0f78dcefe8d04e6d233bd35cf2fabdeb93fb0d,2025-06-12,basic,200,ok,1788441959
65eda6592e5dc500f89602194cdbded3efe8d04e6d233bd35cf2fabdeb93fb0d,2025-06-12,basic,200,empty,1788441960
92258573b64d3d0922fb106f9dccbbc2efe8d04e6d233bd35cf2fabdeb93fb0d,2025-06-12,basic,200,ok,1788441960
672082d84097f105b2c82d87ab68fec4efe8d04e6d233bd35cf2fabdeb93fb0d,2025-06-12,basic,200,ok,1788441961
f3015dc9a03728bfe079230032853566,2025-06-12,basic,200,ok,1788441961
b174ae08ca7591d562a69eb6326ef5d1,2025-06-12,basic,200,ok,1788441962
e1c8f1661857006e4244bd755825b4dc,2025-06-12,basic,200,empty,1788441963
69b29dcc524b4e8c8ee3b96690cc2055efe8d04e6d233bd35cf2fabdeb93fb0d,2025-06-12,basic,200,empty,1788441963
9b48dea7bdfe091f9bdde37e51867ddb,2025-06-12,basic,200,empty,1788441964
dc64314e55168de8e9ab990fe7d32d18efe8d04e6d233bd35cf2fabdeb93fb0d,2025-06-12,basic,200,empty,1788441964
570ccc00fecc100a33edee9eb0f6c58a,2025-06-12,basic,200,ok,1788441965
4b8da0e3b90b8ab5930a353a6a8061f1c47ea5ffea2564f587ca830a8f71acb2,2025-06-12,basic,200,ok,1788441966
fedfa20b03802fdd55c7b72cfe7ac559,2025-06-12,basic,200,ok,1788441966
6a0d8aa45cba8a9a74dfb1cff27e5ce5,2025-06-12,basic,200,ok,1788441967
0e62f9864e0b18394c28256438c47a5b,2025-06-12,basic,200,ok,1788441968
cd5bc7045e1d85f53548ec9fcacce98c,2025-06-12,basic,200,ok,1788441968
55182b4201dea08701cae20661addf80,2025-06-12,basic,200,empty,1788441969
ad2e6be54305807b5943c54aa2b1aa97efe8d04e6d233bd35cf2fabdeb93fb0d,2025-06-12,basic,200,empty,1788441970
3632d1f5628c1f9e1222b955a1943d54,2025-06-12,basic,200,ok,1788441970
241b58382aa97d7665680fcd8c1cb993,2025-06-12,basic,200,ok,1788441971
1cf483634215acc0bcb27953517ae34b,2025-06-12,basic,200,ok,1788441972
3b9a649e57df462ea79a92feaa870c6aefe8d04e6d233bd35cf2fabdeb93fb0d,2025-06-12,basic,200,empty,1788441972
3bbb31798d41654e89c5524b007c77fb,2025-06-12,basic,200,ok,1788441973
8dd48d6f409dbbc6bf544c64d9bbf521efe8d04e6d233bd35cf2fabdeb93fb0d,2025-06-12,basic,200,empty,1788441973
b5ce5a289a3a4755cb2a5a22f7a4214eefe8d04e6d233bd35cf2fabdeb93fb0d,2025-06-12,basic,200,ok,1788441974
39b637bdd38e55ee8d15c179985cd319,2025-06-12,basic,200,ok,1788441975
280005ec19d01f4a06b2bb8a8a0b2b96,2025-06-12,basic,200,ok,1788441975
d3c7cc11a63d4c0a3717fd24b1c08dc7efe8d04e6d233bd35cf2fabdeb93fb0d,2025-06-12,basic,200,ok,1788441976
322e0c545d3eb91bf7f939b35dfc184befe8d04e6d233bd35cf2fabdeb93fb0d,2025-06-12,basic,200,ok,1788441977
8b090fbdceacf97077b6678ed8100ec7,2025-06-12,basic,200,ok,1788441977
0c99b7e9b37bdcb557a3e4361ea56708efe8d04e6d233bd35cf2fabdeb93fb0d,2025-06-12,basic,200,empty,1788441978
5b7afbb5313a8b9f84e70f0eb229d18d,2025-06-12,basic,200,ok,1788441979
709d6926130a74558315133ec7ab321d,2025-06-12,basic,200,ok,1788441979
a84862a8a9620cd3d921d84cb4274449,2025-06-12,basic,200,ok,1788441980
c9c1ad087e126782e3020792c7e0902f,2025-06-12,basic,200,ok,1788441980
da4018f60cec64d9e61da0f65b543132,2025-06-12,basic,200,ok,1788441981
9d2d16fa2f98350b0ea99bd3abb2a615efe8d04e6d233bd35cf2fabdeb93fb0d,2025-06-12,basic,200,empty,1788441982
889afe1cda281a63a7146078a8ceb9d5,2025-06-12,basic,200,ok,1788441982
a061be6603cf6d1a99c6949b57356ddb,2025-06-12,basic,200,ok,1788441983
6aa175852e53cf84803c974eee2b8dfcefe8d04e6d233bd35cf2fabdeb93fb0d,2025-06-12,basic,200,ok,1788441984
c89c38becb1565d489bced60c2d9fb84,2025-06-12,basic,200,ok,1788441984
9b60a85137c2f44284697ed77742d8a2,2025-06-12,basic,200,ok,1788441985
58fe1e8e011f0fb10b7e7ce62cb39fffefe8d04e6d233bd35cf2fabdeb93fb0d,2025-06-12,basic,200,ok,1788441985
36a515fd7b3c74d542a7d51e7c1a0f41fd842dab14be2a956555625b37c97bff,2025-06-12,basic,200,empty,1788441986
162a9b0959583628786b0f3ebe2f7f2eefe8d04e6d233bd35cf2fabdeb93fb0d,2025-06-12,basic,200,ok,1788441987
b1b9017e2452ecaf2eb4fcfa39187370efe8d04e6d233bd35cf2fabdeb93fb0d,2025-06-12,basic,200,ok,1788441987
f5122e2e0b33e72f50a43376cdfdb3aa,2025-06-12,basic,200,empty,1788441988
7be0208f1e3f0ccdd28ff55bfb4303daefe8d04e6d233bd35cf2fabdeb93fb0d,2025-06-12,basic,200,ok,1788441989
efed4bdca099185b6fb399e8e64464f8,2025-06-12,basic,200,empty,1788441989
452a558d69a0f1a329976fcaa78350bf3663933da92e7566c55104ec9ac2894d,2025-06-12,basic,200,ok,1788441990
24deb8e3770b1886ffe8733d53f1157c,2025-06-12,basic,200,ok,1788441991
04144accf5ac266f535c062711cb0b92,2025-06-12,basic,200,ok,1788441991
c6f3d2592069d20c8d412efe71170b9fefe8d04e6d233bd35cf2fabdeb93fb0d,2025-06-12,basic,200,ok,1788441992
8dd2251732512d3429e5a12d8b6641163663933da92e7566c55104ec9ac2894d,2025-06-12,basic,200,empty,1788441992
39c27b36fbf58829fe724538fc47b7fa,2025-06-12,basic,200,empty,1788441993
59d7701e9b3862c5b298083b14799014,2025-06-12,basic,200,ok,1788441994
1ac56710317c491493bb4d6eed687563efe8d04e6d233bd35cf2fabdeb93fb0d,2025-06-12,basic,200,ok,1788441994
2326408a7bf304107549525fa2d3996fefe8d04e6d233bd35cf2fabdeb93fb0d,2025-06-12,basic,200,ok,1788441995
40dc677586827537bb337522d4d02c30,2025-06-12,basic,200,ok,1788441996
96d038080bd65ece45d659d0b735923a,2025-06-12,basic,200,ok,1788441996
1265116b0f0aaf2729150cc06622438e,2025-06-12,basic,200,ok,1788441997
9bfa151ffc8956e229f7760b44893598,2025-06-12,basic,200,ok,1788441998
7504fac46361f52f18230584690c3440,2025-06-12,basic,200,ok,1788441998
737d90d6a4770b9cea23294df3a44f65,2025-06-12,basic,200,ok,1788441999
3ae9f88945dbbf8cb3fd6321a6d37118,2025-06-12,basic,200,ok,1788442000
209eefc640e7feb939b8dfe8970011b2,2025-06-12,basic,200,ok,1788442000
fbc69fa93142b8036071dfc465d30357,2025-06-12,basic,200,ok,1788442001
f9f77def0d9d14b974e426e3e6e92d263663933da92e7566c55104ec9ac2894d,2025-06-12,basic,200,empty,1788442001
eafabc2429f0ab57b973331e94f9b342,2025-06-12,basic,200,empty,1788442002
b2cc916d9ee5d3eec2d8b07beaaa03f8,2025-06-12,basic,200,empty,1788442003
e4b57e5c994d3fc2636b8dbb80305f42efe8d04e6d233bd35cf2fabdeb93fb0d,2025-06-12,basic,200,ok,1788442003
e6073fa414709d2f2216bcbe21a1efbe,2025-06-12,basic,200,empty,1788442004
865173c6694a10e4498571ebd3027847,2025-06-12,basic,200,ok,1788442004
9571870c7ab6da06db11cabb2131cb75,2025-06-12,basic,200,empty,1788442005
d285619b019584125f4b431cadc715f8,2025-06-12,basic,200,ok,1788442006
6ea1a4d9f78c78465d1429c9dd49c26886e68d4012202d0434d05f81868f68e3,2025-06-12,basic,200,ok,1788442006
b0d2c3ff36cddbd5900eb7e5c51e37ab,2025-06-12,basic,200,ok,1788442007
62127b31dd8c77185c7c473ee07a75a9efe8d04e6d233bd35cf2fabdeb93fb0d,2025-06-12,basic,200,ok,1788442008
7c497043946b8a2100c2ac2aa93b8f4e,2025-06-12,basic,200,empty,1788442008
4101e2339fbcfbe21d87052ac5895402efe8d04e6d233bd35cf2fabdeb93fb0d,2025-06-12,basic,200,ok,1788442009
ec6513dabf56669ff0bab1bed1c5bc4d,2025-06-12,basic,200,ok,1788442010
d8e70ca24be9c6d4f58f71f509e83eb1efe8d04e6d233bd35cf2fabdeb93fb0d,2025-06-12,basic,200,ok,1788442010
c4f1e22de0024667114ed7cef0054441efe8d04e6d233bd35cf2fabdeb93fb0d,2025-06-12,basic,200,ok,1788442011
c2ba9a9bb47e8776228dbcd636039bd0efe8d04e6d233bd35cf2fabdeb93fb0d,2025-06-12,basic,200,ok,1788442012
ccc8a066278aec1ee31532569c7efad6,2025-06-12,basic,200,ok,1788442012
4ccd881a67b9074928707cf8f5a2263e,2025-06-12,basic,200,ok,1788442013
422eb18afbdc1e3d39ca824d64886b68,2025-06-12,basic,200,empty,1788442013
5eb910b6cc8e32223d5ab5ead034df12,2025-06-12,basic,200,ok,1788442014
10e083e0d082aa37ff694ad07a8de83eefe8d04e6d233bd35cf2fabdeb93fb0d,2025-06-12,basic,200,ok,1788442015
9857c406022684cdab05dbb7e534fd9b,2025-06-12,basic,200,ok,1788442015
bb4e71331c91ac604c5543f2791ba94befe8d04e6d233bd35cf2fabdeb93fb0d,2025-06-12,basic,200,ok,1788442016
20708fcbff7a4ea3d1abc4b033edf451,2025-06-12,basic,200,empty,1788442016
5b8085061bc79ef5e294574f36148913,2025-06-12,basic,200,ok,1788442017
282c0b3c7c0be0a50df792fb272d95e4efe8d04e6d233bd35cf2fabdeb93fb0d,2025-06-12,basic,200,empty,1788442018
34d2b1678756b21d77dc8ad4e8623f9a,2025-06-12,basic,200,ok,1788442019
7018404a05eb7e299c808ab7c9fefd3b,2025-06-12,basic,200,ok,1788442019
22997fd66675e6301529a0933aafd70f,2025-06-12,basic,200,empty,1788442020
0672cc201b26f19d08a4e0338eb2f18d,2025-06-12,basic,200,ok,1788442020
0aebbbdc499d652568e41bfe687796eeefe8d04e6d233bd35cf2fabdeb93fb0d,2025-06-12,basic,200,empty,1788442021
9fa69cb2f4fab3cb2f24e7698b77b553,2025-06-12,basic,200,empty,1788442021
c0513258d756d8558d46989f9d04c096,2025-06-12,basic,200,ok,1788442022
796b8c249be4a695b237f05e61ff374e,2025-06-12,basic,200,ok,1788442023
aae100913d3ab2aa235bb1b243fcf107,2025-06-12,basic,200,ok,1788442024
21ba76aa05e27b7311300b0a8599a307,2025-06-12,basic,200,empty,1788442024
4d28ef5aa007eeb2991507f03a3c9f36,2025-06-12,basic,200,ok,1788442025
dfde2d809b4096b7b047f0c1960d7421,2025-06-12,basic,200,empty,1788442025
0307b022bfc7e0b7949ce27c54a78273,2025-06-12,basic,200,ok,1788442026
7b4308216f348851a2059928c938b835efe8d04e6d233bd35cf2fabdeb93fb0d,2025-06-12,basic,200,empty,1788442027
fe44d17af9e06a9410f047657232139a,2025-06-12,basic,200,ok,1788442027
f13c3c02550fc375b7ab8f3aad57dfb086e68d4012202d0434d05f81868f68e3,2025-06-12,basic,200,ok,1788442028
99a8b13961e27dcf1ada995bb52736abefe8d04e6d233bd35cf2fabdeb93fb0d,2025-06-12,basic,200,ok,1788442028
8c189af32f40b3c77a7671558119632f,2025-06-12,basic,200,ok,1788442029
c894b11e914c7a9996efb2d5e8f8f2e3,2025-06-12,basic,200,ok,1788442030
a7bf2099e0c75d5298040be62d0bcf2defe8d04e6d233bd35cf2fabdeb93fb0d,2025-06-12,basic,200,empty,1788442030
3632fdd27413f5bdd8bfd2040ce39d69efe8d04e6d233bd35cf2fabdeb93fb0d,2025-06-12,basic,200,ok,1788442031
08532845c163eea72c7b22185003330c,2025-06-12,basic,200,empty,1788442031
dd910610792ccdd733edc423231e225e,2025-06-12,basic,200,ok,1788442032
cf66fac7a8a6f6794417a0c8ca91df19,2025-06-12,basic,200,ok,1788442033
7a5798fdb7599656a2288b15b99957fb,2025-06-12,basic,200,empty,1788442033
ed2ed5957373b827994c226a4f2710c0,2025-06-12,basic,200,ok,1788442034
01aa3f3b2af981119495cde0d6aa0662,2025-06-12,basic,200,ok,1788442035
cac4a0888fadb3f23e6c85bf48178202,2025-06-12,basic,200,ok,1788442035
240d0481f2864e14c1e544ece2af2788efe8d04e6d233bd35cf2fabdeb93fb0d,2025-06-12,basic,200,empty,1788442036
362ea360f5f553a57ee311ad27258c28,2025-06-12,basic,200,empty,1788442036
430ea348a27d9ae174803c5f60e024ebefe8d04e6d233bd35cf2fabdeb93fb0d,2025-06-12,basic,200,ok,1788442037
f48df7a6108f689e82d399487a2b58e7,2025-06-12,basic,200,ok,1788442038
0273dd4cf6a680f84a5dc6b5216fa6e1efe8d04e6d233bd35cf2fabdeb93fb0d,2025-06-12,basic,200,ok,1788442038
bc89b173f4d25e3709b9365bd4bd96b4efe8d04e6d233bd35cf2fabdeb93fb0d,2025-06-12,basic,200,ok,1788442039
cbccd9d0dc57a582ccf81c409461b975efe8d04e6d233bd35cf2fabdeb93fb0d,2025-06-12,basic,200,ok,1788442040
c77fe41e5707841508f47c86e1bed079,2025-06-12,basic,200,ok,1788442040
9b3d848121384234f00838b74ca8c47b,2025-06-12,basic,200,ok,1788442041
75d1ab9ab64474fceb1c97ad84da436defe8d04e6d233bd35cf2fabdeb93fb0d,2025-06-12,basic,200,empty,1788442042
6821af4818fe446f83f0b013cb202eca6fbb98200a15be5bcc73a64995849e9c,2025-06-12,basic,200,ok,1788442042
454b382a78903c9eb796232986fa60a2efe8d04e6d233bd35cf2fabdeb93fb0d,2025-06-12,basic,200,ok,1788442043
f27443bc659d451340df33a884a26d7c,2025-06-12,basic,200,ok,1788442044
96bda04cfffa2c9aee37f8a07abd829defe8d04e6d233bd35cf2fabdeb93fb0d,2025-06-12,basic,200,empty,1788442044
94565b2cb63914cb6e6c14f890dba3a6,2025-06-12,basic,200,empty,1788442045
f9af00fd9dcd92746048f65dedb064f0a2186d8e7cf7a6ee152d97cc78f2ae8b,2025-06-12,basic,200,empty,1788442045
a7bc11fed0e07ceb652a2f1148e932ffefe8d04e6d233bd35cf2fabdeb93fb0d,2025-06-12,basic,200,ok,1788442046
679aaa2de3ebd2ced4daaadf98a72308e85e07f9d5d276f44440847eec04ba68,2025-06-12,basic,200,empty,1788442047
25d0574234c030d0da28044411914c72efe8d04e6d233bd35cf2fabdeb93fb0d,2025-06-12,basic,200,ok,1788442047
01808797056bcefa5f67744c04d8301b,2025-06-12,basic,200,ok,1788442048
3468e663acfde210e29111626dc0916e,2025-06-12,basic,200,ok,1788442048
e159db7a13d77b1f596ed8e07832c6f2,2025-06-12,basic,200,ok,1788442049
891f76e88e311a5fa2e60e60a5122177,2025-06-12,basic,200,empty,1788442050
5b057c6a659f43da8f0ff9a81dac8aaa,2025-06-12,basic,200,ok,1788442050
c7180f670f63d98e02131e8dd5153a4f,2025-06-12,basic,200,ok,1788442051
d821168c54554f49655aec0b3766c96d,2025-06-12,basic,200,ok,1788442052
653c51050b6d0681052feffa328bb1d9,2025-06-12,basic,200,empty,1788442052
1746ed5b20448d9823de7babe2981932,2025-06-12,basic,200,empty,1788442053
5d41b61917e457cd3bf9a140ea1bd22f,2025-06-12,basic,200,empty,1788442053
a61daf7d033683eda9b8ab1973a816aeefe8d04e6d233bd35cf2fabdeb93fb0d,2025-06-12,basic,200,ok,1788442054
ebdc327a992b15ffee48a92c1d22b2f2efe8d04e6d233bd35cf2fabdeb93fb0d,2025-06-12,basic,200,ok,1788442055
68748808066a5388a8dd864dfc79c150,2025-06-12,basic,200,ok,1788442055
9635615e918405eaa58e33b136283d6d,2025-06-12,basic,200,empty,1788442056
ca69c4fad31ee3666141e8c25971a9224723574b05820acf03e7ec3162ff5bed,2025-06-12,basic,200,empty,1788442056
4011a48ac86b889dadd9f405485ea6f3,2025-06-12,basic,200,ok,1788442057
fe6b2f103ed61813e5b5a3a5bd7004e0,2025-06-12,basic,200,ok,1788442058
db3cade0511875435786133c6e2304b2,2025-06-12,basic,200,ok,1788442058
7bc9a81f9a29439bf437e87f04c29750,2025-06-12,basic,200,empty,1788442059
55f9f718a4371685d0a13a4ff00b4397c47ea5ffea2564f587ca830a8f71acb2,2025-06-12,basic,200,ok,1788442059
d7c2366f7839e3588168bcf1ed5186c4,2025-06-12,basic,200,ok,1788442060
916ab54c41cd96169fe92e5ca191a423efe8d04e6d233bd35cf2fabdeb93fb0d,2025-06-12,basic,200,ok,1788442061
efdb5234a95ce07f06962b18a8c1f4ed,2025-06-12,basic,200,empty,1788442061
161dd725531ea72e4bdced7e50581b78efe8d04e6d233bd35cf2fabdeb93fb0d,2025-06-12,basic,200,ok,1788442062
855c0acf405d5417cd0d44b11fa775f6,2025-06-12,basic,200,empty,1788442062
a0c848e72c0b0ffaaee09ebf0c431b50,2025-06-12,basic,200,empty,1788442063
e38b9f3a713f6293377bdba0fa7ab9ce,2025-06-12,basic,200,ok,1788442064
998262326426f542cf4c0f63cc6723e6,2025-06-12,basic,200,empty,1788442064
1771fdb27774e1e17c6ca6aa1338d485,2025-06-12,basic,200,ok,1788442065
bb50d531278bfa01dd4a28b54c426be1aae77432709819edb959e1fd5d1d77b4,2025-06-12,basic,200,empty,1788442066
848ecdbf9bf9398dc4528da0de455bf7efe8d04e6d233bd35cf2fabdeb93fb0d,2025-06-12,basic,200,empty,1788442066
44548a5642c0d5bc6180b576b5bc2ff7aae77432709819edb959e1fd5d1d77b4,2025-06-12,basic,200,ok,1788442067
f97641adc98e2d4d44bf998ed4c3a9b2,2025-06-12,basic,200,empty,1788442067
fb36278a8ffaebcb1b7532065e950064efe8d04e6d233bd35cf2fabdeb93fb0d,2025-06-12,basic,200,ok,1788442068
56e90823eb2303a44ff7600225e49fe8,2025-06-12,basic,200,ok,1788442069
680adcb996a46a5e066515818a07d82d,2025-06-12,basic,200,ok,1788442069
f8ffbbcd39db3d1c8ca17e0beeac48bf,2025-06-12,basic,200,ok,1788442070
43f924417d96951dd1dba6a4b3f8b154efe8d04e6d233bd35cf2fabdeb93fb0d,2025-06-12,basic,200,ok,1788442071
ed984cfd7d36f61cc5b075643ea949e4,2025-06-12,basic,200,empty,1788442071
299306f6f504427314c608927700096c,2025-06-12,basic,200,empty,1788442072
b9a327f97edad30730af7ef5f2abcfa4,2025-06-12,basic,200,ok,1788442072
e57948d1c62a73d31471851e0ae6b9d3,2025-06-12,basic,200,ok,1788442073
49a3ec13d0edde5d7366f7a0ce25c012efe8d04e6d233bd35cf2fabdeb93fb0d,2025-06-12,basic,200,ok,1788442074
3c84a89441d019859ba6d1c2783bf154,2025-06-12,basic,200,ok,1788442074
ee5bd84785bd0d680621bd5bada2e4c2,2025-06-12,basic,200,empty,1788442075
0d06763a280868594c10f1639a0c2b7d,2025-06-12,basic,200,ok,1788442075
aec5596821494d9635f9d755b7e077c8fd842dab14be2a956555625b37c97bff,2025-06-12,basic,200,ok,1788442076
19ec416d3dca3f93cf2e748e76b1afdf,2025-06-12,basic,200,ok,1788442077
2c9aea595bb947f82ecf3cbb6694efd9,2025-06-12,basic,200,ok,1788442077
64fb03fa2e7a517b715c975c59d7c798,2025-06-12,basic,200,empty,1788442078
8b4c5f28028987048db20644c874baaf86e68d4012202d0434d05f81868f68e3,2025-06-12,basic,200,empty,1788442078
57d9dea80c316bfbd60bfe014ad92fcb,2025-06-12,basic,200,ok,1788442079
5327d7d5d000f3b321e26e0034244a73efe8d04e6d233bd35cf2fabdeb93fb0d,2025-06-12,basic,200,empty,1788442080
2b456b75873c37d6318e6606be020183,2025-06-12,basic,200,empty,1788442080
28d97f8c4b9f673d366ec5776e874901,2025-06-12,basic,200,ok,1788442081
71cb159790a35c023942c5e593ce97bfefe8d04e6d233bd35cf2fabdeb93fb0d,2025-06-12,basic,200,empty,1788442081
906beefdefdb6d78470d8d681faeb4d1efe8d04e6d233bd35cf2fabdeb93fb0d,2025-06-12,basic,200,ok,1788442082
5fb5297da92555ff8c151ca8ac2cfc70,2025-06-12,basic,200,ok,1788442083
2494a40a621577184f93bdd4d6d7c0a6,2025-06-12,basic,200,ok,1788442083
32b5cc2614e75c737d2f17c1150fbabeefe8d04e6d233bd35cf2fabdeb93fb0d,2025-06-12,basic,200,ok,1788442084
0c36dee223307dc9c26786441a81ccbb,2025-06-12,basic,200,ok,1788442085
9b18d285e0317f1368e8e9b4218d10c3,2025-06-12,basic,200,ok,1788442085
e26d049a0e6ea4b1e5e7b7717ee316d0,2025-06-12,basic,200,ok,1788442086
36098dff39ec064c391ce7b1fc5f0361,2025-06-12,basic,200,empty,1788442086
2eb44bb805a9231b95e48eb01006d50b,2025-06-12,basic,200,ok,1788442087
94dd98bfb473abd4f7d95b695400195a,2025-06-12,basic,200,empty,1788442088
92acb0a86468daa7f38dc72ed792b5a2efe8d04e6d233bd35cf2fabdeb93fb0d,2025-06-12,basic,200,ok,1788442088
a307f0e1794fb34edaa52da9339fcf75,2025-06-12,basic,200,ok,1788442089
b00b39efb0ef2535cce093c84672d97a,2025-06-12,basic,200,empty,1788442090
dd2aaafd5b46e1a3dd697d6fe77470c9efe8d04e6d233bd35cf2fabdeb93fb0d,2025-06-12,basic,200,empty,1788442090
58b5591c6e6f4ad815c5f58c1a103a5defe8d04e6d233bd35cf2fabdeb93fb0d,2025-06-12,basic,200,ok,1788442091
0ed9f8e372da57185e387f92fcaa68bdefe8d04e6d233bd35cf2fabdeb93fb0d,2025-06-12,basic,200,ok,1788442091
8e36ae1bfeda82d70cc0cf18dc57812a4723574b05820acf03e7ec3162ff5bed,2025-06-12,basic,200,empty,1788442092
5d045df084da5361da271a114504ef02,2025-06-12,basic,200,empty,1788442092
03ef361296479abf252f016d0855af518295750b1f4857867454debc45ec9c8a,2025-06-12,basic,200,empty,1788442093
cb79ede2f712fb7aed10eac32171fbbb,2025-06-12,basic,200,ok,1788442094
8c1738fcbd068f3c3af1debe5035d828,2025-06-12,basic,200,empty,1788442094
fddacd3893f7fa6f53d67f1321a90567,2025-06-12,basic,200,ok,1788442095
3eeb47450570af3da84ec5e1de55b2bb,2025-06-12,basic,200,ok,1788442096
089928e253555ac1bd7501a0dc6060ef,2025-06-12,basic,200,ok,1788442096
51908c2cfdcc6c012588d6dbcaaed1d93663933da92e7566c55104ec9ac2894d,2025-06-12,basic,200,empty,1788442097
45ec9920a813bc7987cf18f9e42364b3efe8d04e6d233bd35cf2fabdeb93fb0d,2025-06-12,basic,200,empty,1788442097
26e50dd53aa27e067c05d77e778b0a7d,2025-06-12,basic,200,empty,1788442098
7723bb5480b0db7120754af1e05d3cc9,2025-06-12,basic,200,ok,1788442099
14c5f43fdcf769658c1d4aabdaf8a41defe8d04e6d233bd35cf2fabdeb93fb0d,2025-06-12,basic,200,empty,1788442099
fd049be79b0c1eecbd5e5d539032a4bdefe8d04e6d233bd35cf2fabdeb93fb0d,2025-06-12,basic,200,ok,1788442100
3d6a5b10cf24574c193aa6397f595e62,2025-06-12,basic,200,ok,1788442100
afae287d9cd5d818d011b7042e088582efe8d04e6d233bd35cf2fabdeb93fb0d,2025-06-12,basic,200,ok,1788442101
eeaaa16e2c82dc238a49ac890cb5a072,2025-06-12,basic,200,empty,1788442102
a4bb192104f948b51620a33dae310581efe8d04e6d233bd35cf2fabdeb93fb0d,2025-06-12,basic,200,ok,1788442102
7c7755ca997a441de0c70264602ddb64,2025-06-12,basic,200,ok,1788442103
73e2f391f7159099c2987f271ec6a9b2,2025-06-12,basic,200,ok,1788442104
bfbdb791d9cdf485de94cb2c27cd9737efe8d04e6d233bd35cf2fabdeb93fb0d,2025-06-12,basic,200,empty,1788442104
00c4f4003c6fb0aa984aed79087eb704,2025-06-12,basic,200,empty,1788442105
f8c2f91ce554eef177b0b9f92fced182,2025-06-12,basic,200,ok,1788442105
ccaccb8b6e120d5d8ea36cc615032cf3efe8d04e6d233bd35cf2fabdeb93fb0d,2025-06-12,basic,200,empty,1788442106
35743c3e206ce25227591eeafea1160e,2025-06-12,basic,200,ok,1788442107
425faf553e5a486ca1ad42221af91b95efe8d04e6d233bd35cf2fabdeb93fb0d,2025-06-12,basic,200,ok,1788442107
71436fb1131c46acbed3be2b6525b6ddefe8d04e6d233bd35cf2fabdeb93fb0d,2025-06-12,basic,200,empty,1788442108
ade90f304f921530d11e141d129d83ec,2025-06-12,basic,200,ok,1788442109
85055c99bbc84d973ad532928c0c265e,2025-06-12,basic,200,empty,1788442109
da068fb8f2cf155df12515fd5787510defe8d04e6d233bd35cf2fabdeb93fb0d,2025-06-12,basic,200,ok,1788442110
12e0c83a92e607c8d73ab1844804a251,2025-06-12,basic,200,ok,1788442110
1740d10cf27e6e30d1d00a031f1cdd34,2025-06-12,basic,400,http_400,1788442111
1de8fbb4a01df7b5ca8c1f3c37b868f8,2025-06-12,basic,200,empty,1788442112
8b71dd1400bc409bd0abec4527f3b722,2025-06-12,basic,200,ok,1788442112
49f9283319a7676ec368bc35c0b8ee548295750b1f4857867454debc45ec9c8a,2025-06-12,basic,200,empty,1788442113
d5dcff409fc41425b1cf4dfc2c4c9417efe8d04e6d233bd35cf2fabdeb93fb0d,2025-06-12,basic,200,ok,1788442113
c2b28408934d7d9112f87b38d72810c9,2025-06-12,basic,200,empty,1788442114
6cd1e515153d2376c93e2de026aca476,2025-06-12,basic,200,ok,1788442115
7c9ca7245a6c7efca6dcdd10dec528a8,2025-06-12,basic,200,empty,1788442115
f05a56428392b6e3b6dd7f243f3c798c,2025-06-12,basic,200,empty,1788442116
19d99cb003fb3c126dd4fff2f32d0ad7efe8d04e6d233bd35cf2fabdeb93fb0d,2025-06-12,basic,200,empty,1788442116
34745b7ff97be26ce4d62a403256df22efe8d04e6d233bd35cf2fabdeb93fb0d,2025-06-12,basic,200,ok,1788442117
01ecc3fb806a7d506305bf9f32648fb3,2025-06-12,basic,200,ok,1788442117
2f288651db5906674ce2fc181b4cde1d,2025-06-12,basic,200,empty,1788442118
35cd5730fbeedd7ade7a6fc36a6888daefe8d04e6d233bd35cf2fabdeb93fb0d,2025-06-12,basic,200,ok,1788442119
1b47aa75e9ad84cc38dd090eec82efdb,2025-06-12,basic,200,empty,1788442119
76115e8cbbe074ce10c466efab8f578986e68d4012202d0434d05f81868f68e3,2025-06-12,basic,200,ok,1788442120
fa39a2e4380717410f37ef5b714cbfdeefe8d04e6d233bd35cf2fabdeb93fb0d,2025-06-12,basic,200,ok,1788442121
6b3bc9cea0699bb23c40989110dda9dcefe8d04e6d233bd35cf2fabdeb93fb0d,2025-06-12,basic,200,ok,1788442121
ec14b666a4b3b163fec6b8489ea0a674,2025-06-12,basic,200,ok,1788442122
931d2662683b6f9a4a8ee3a65c8e5826,2025-06-12,basic,200,empty,1788442122
e19463c425cad7da90221addb69721a73663933da92e7566c55104ec9ac2894d,2025-06-12,basic,200,ok,1788442123
f1a4803f68d6c7a27c27ecc06a613955efe8d04e6d233bd35cf2fabdeb93fb0d,2025-06-12,basic,200,empty,1788442124
98e3f32eff41486ad6de8bb504f33016,2025-06-12,basic,200,ok,1788442124
9a237b54374ff6edd945ff6de9d2bd60,2025-06-12,basic,200,ok,1788442125
1f90699019ce76c8d03973dcba1a0ab9,2025-06-12,basic,200,empty,1788442126
e9737e817f677d0596549b194c6c887fefe8d04e6d233bd35cf2fabdeb93fb0d,2025-06-12,basic,200,ok,1788442126
0c094a88d5308b53f9513616a6bb1cac,2025-06-12,basic,200,ok,1788442127
2c41025af72be7950e0c8e9e38c1dee6,2025-06-12,basic,200,ok,1788442128
f66b5821916e6da7b0c935db592f3487,2025-06-12,basic,200,ok,1788442128
276cf75a803003f6413fe9a059723566efe8d04e6d233bd35cf2fabdeb93fb0d,2025-06-12,basic,200,ok,1788442129
4f3b4b39c8ddd327b3b8a2b1e95eddde,2025-06-12,basic,200,ok,1788442130
e6a5cf1b0cc81316caa727fe422eb064efe8d04e6d233bd35cf2fabdeb93fb0d,2025-06-12,basic,200,empty,1788442130
968dcddc5d86513a350aab8d4d9140a4,2025-06-12,basic,200,ok,1788442131
c7d3662bebe6d8ec9daee8d1bd9543f9,2025-06-12,basic,200,empty,1788442132
dc443be24282d000511ddf124fa953ee,2025-06-12,basic,200,ok,1788442132
035b62b0ee57044e98572785cd3c4e74,2025-06-12,basic,200,ok,1788442133
6ee7904e10f99a6dbe7181f1313a36aae85e07f9d5d276f44440847eec04ba68,2025-06-12,basic,200,empty,1788442134
73b6762ea685299cceb8d785770e0f40,2025-06-12,basic,200,ok,1788442134
78279a3ff9e83c88ad292beec8f4ace2efe8d04e6d233bd35cf2fabdeb93fb0d,2025-06-12,basic,200,ok,1788442135
ec1af074a1418657891c2473f1586447,2025-06-12,basic,200,empty,1788442136
9f4cc7c9bc459a93e9b62d58436f0a07efe8d04e6d233bd35cf2fabdeb93fb0d,2025-06-12,basic,200,ok,1788442136
5ba1821568da89325981c6f0019701e8,2025-06-12,basic,200,ok,1788442137
20114dc08a25057f1344b89fada96b5c,2025-06-12,basic,200,ok,1788442137
46be0aeb3b816d1397e234d876ba6272,2025-06-12,basic,200,ok,1788442138
b90e7186b438694eb88842593be5dd63efe8d04e6d233bd35cf2fabdeb93fb0d,2025-06-12,basic,200,ok,1788442139
7264adbfb8f1f10d217b9cdea0036dd7efe8d04e6d233bd35cf2fabdeb93fb0d,2025-06-12,basic,200,empty,1788442139
39d6c04fd6be491bb625b9a813edbb8b,2025-06-12,basic,200,ok,1788442140
f31f4800461d503bd3ebfe979c3e6fa6,2025-06-12,basic,200,empty,1788442141
2c7b55465b4060cde305a1ef289b698befe8d04e6d233bd35cf2fabdeb93fb0d,2025-06-12,basic,200,ok,1788442141
f48d2514dd4023d7a163c70f92277fd8,2025-06-12,basic,200,ok,1788442142
17407aa11d3d2468cbaba396d80c3009c47ea5ffea2564f587ca830a8f71acb2,2025-06-12,basic,200,ok,1788442143
9e2f68e5cb73f579758e037ce040cb78,2025-06-12,basic,200,ok,1788442143
fcd3e605e8765abae77694b421c6b9156fbb98200a15be5bcc73a64995849e9c,2025-06-12,basic,200,ok,1788442144
4e56f66b5835028fb37686ab0c8c5d83,2025-06-12,basic,200,ok,1788442145
3d37a0a336997f9c9ffa327c0fe903e5,2025-06-12,basic,200,ok,1788442145
a1a3928a2359e7c190884629d1ec7e45,2025-06-12,basic,200,ok,1788442146
73d83a43b0ea19e4925346c058988b26,2025-06-12,basic,200,empty,1788442146
52c8d2bddbe31bc249d1cf2a25302a18,2025-06-12,basic,200,empty,1788442147
7292ed9ce45092ee0b6bf7abd4a5b2fe,2025-06-12,basic,200,ok,1788442148
68f6f08f2db0fdb966e3d6ff1582efe1,2025-06-12,basic,200,empty,1788442148
0ce5f0370e697be26f3f9b56a458df76,2025-06-12,basic,200,ok,1788442149
1fe75932ab6316da4035c3ef20f54ce786e68d4012202d0434d05f81868f68e3,2025-06-12,basic,200,ok,1788442150
4c7af6458adca6a71a8438d33c9d42aaefe8d04e6d233bd35cf2fabdeb93fb0d,2025-06-12,basic,200,ok,1788442150
2788a5ab49a709a51d2dcf42b2f7bede3663933da92e7566c55104ec9ac2894d,2025-06-12,basic,200,empty,1788442151
fd7d3dab3adc8a1ba330340e418d4978efe8d04e6d233bd35cf2fabdeb93fb0d,2025-06-12,basic,200,ok,1788442152
5fdc9225f9a5d4c9b8a9b1c34d52beebefe8d04e6d233bd35cf2fabdeb93fb0d,2025-06-12,basic,200,ok,1788442152
5d0c585c55050016b404c1a2f44be259efe8d04e6d233bd35cf2fabdeb93fb0d,2025-06-12,basic,200,ok,1788442153
eca00f7cad7fd5a70e499cf1e139010defe8d04e6d233bd35cf2fabdeb93fb0d,2025-06-12,basic,200,empty,1788442154
83123ad991de718d8389fb9363046140,2025-06-12,basic,200,empty,1788442154
2ff7c4b52828039a111d85ee800b1b53,2025-06-12,basic,200,ok,1788442155
a340605c918ec73da4494caaf0529ab0efe8d04e6d233bd35cf2fabdeb93fb0d,2025-06-12,basic,200,ok,1788442155
913c2a45be3959e40cd8ffece11fa0ecefe8d04e6d233bd35cf2fabdeb93fb0d,2025-06-12,basic,200,ok,1788442156
962049e1f1076111958854676542dfa4,2025-06-12,basic,200,ok,1788442157
01a9062276eae81b61db9574749fa14f,2025-06-12,basic,200,ok,1788442157
f948e3556aea6766588173d9e3612e6f,2025-06-12,basic,200,empty,1788442158
a4df162fe9de32e1344ca58478737716,2025-06-12,basic,200,empty,1788442159
a5a47e3c6d3418b88d1a4584b35a5a98,2025-06-12,basic,200,empty,1788442159
97bd0a2fb5986b87b029ef7e7edcec52efe8d04e6d233bd35cf2fabdeb93fb0d,2025-06-12,basic,200,ok,1788442160
fb0b512f48ff3e419016e3863822ea97efe8d04e6d233bd35cf2fabdeb93fb0d,2025-06-12,basic,200,ok,1788442161
cc0c1a86de67ed40d46c44e4cbca9959c47ea5ffea2564f587ca830a8f71acb2,2025-06-12,basic,200,empty,1788442162
64990f478b38d2be8978684908e2c19a,2025-06-12,basic,200,ok,1788442162
753535edaf421891982dde5abfeb1d4f8295750b1f4857867454debc45ec9c8a,2025-06-12,basic,200,empty,1788442163
25ed327ed43113c2366c6aabd06f5cae,2025-06-12,basic,200,ok,1788442164
805ed58fa24f956a37337016186a5f52efe8d04e6d233bd35cf2fabdeb93fb0d,2025-06-12,basic,200,ok,1788442164
0a0aea1aafb29b34584b6be844cb29e4efe8d04e6d233bd35cf2fabdeb93fb0d,2025-06-12,basic,200,ok,1788442165
1fb2029400969c0145d524208ffbcbe2,2025-06-12,basic,200,ok,1788442166
2e232d485836753cec57d0b76bce08f3,2025-06-12,basic,200,empty,1788442166
accab45d6729c4ddae6f0cefa9bc3d37efe8d04e6d233bd35cf2fabdeb93fb0d,2025-06-12,basic,200,ok,1788442167
761b3be0278221705a7471d0b1f9145b,2025-06-12,basic,200,ok,1788442167
f81a3b31334fd3b7eef0327ef5ebc7f1,2025-06-12,basic,200,ok,1788442168
5103fd5a5e561ede03df93d883dcec2d,2025-06-12,basic,200,empty,1788442169
a53ab12a216fe4337fe4ba92a95b91a8efe8d04e6d233bd35cf2fabdeb93fb0d,2025-06-12,basic,200,ok,1788442169
78e428db27a554c0141925a26623910e,2025-06-12,basic,200,ok,1788442170
e6edaa2feef4e15d350902d139b4d601,2025-06-12,basic,200,empty,1788442171
2702d81aacaa6db01ac8b751e7b19467,2025-06-12,basic,200,ok,1788442171
152b48e72916a0840bb94839b919a2d1,2025-06-12,basic,200,ok,1788442172
0655367342595b55005c3b3158923d0e,2025-06-12,basic,200,ok,1788442173
6ea4d16bdd8473d29f18ca2381723b48,2025-06-12,basic,200,ok,1788442173
510aeeafbbfca436f176f15450cb9ae5,2025-06-12,basic,200,ok,1788442174
7d010b8734965312cd0a4c224cdb0b7c,2025-06-12,basic,200,empty,1788442175
ed848164282bda01f9e2fc7ffc440ba4efe8d04e6d233bd35cf2fabdeb93fb0d,2025-06-12,basic,200,ok,1788442175
dd435ab7afe9c98fee5ed036b8782177,2025-06-12,basic,200,ok,1788442176
b6386bc3b9e3d3de273aaef02a08e967,2025-06-12,basic,200,empty,1788442177
f6c544631c36a78d58c5518d9c59178c,2025-06-12,basic,200,ok,1788442177
6200f324bea2cf91944db084079b5c8defe8d04e6d233bd35cf2fabdeb93fb0d,2025-06-12,basic,200,ok,1788442178
fc6712df371df494f0ac8758b3b558a1,2025-06-12,basic,200,ok,1788442179
8915d04a6b4d51c9ca34dc8369fb9d17efe8d04e6d233bd35cf2fabdeb93fb0d,2025-06-12,basic,200,ok,1788442179
7cdf24f9917c7484c588d6e5f8570695,2025-06-12,basic,200,empty,1788442180
d64d6a4ec16d606cd4a5eb8a42da3e78efe8d04e6d233bd35cf2fabdeb93fb0d,2025-06-12,basic,200,ok,1788442180
aabd99a8648dd8453ee515fbaa93b508,2025-06-12,basic,200,empty,1788442181
df14a27dafe56d2e899c597345fd1dafe85e07f9d5d276f44440847eec04ba68,2025-06-12,basic,200,ok,1788442182
3b911ea8a7eb1e81994d8ea57d99dcc1,2025-06-12,basic,200,ok,1788442182
ab8242ec7b203f69d1b6f543322c1208,2025-06-12,basic,200,empty,1788442183
a14c2ee695b0a0d88a65921cd0926525efe8d04e6d233bd35cf2fabdeb93fb0d,2025-06-12,basic,200,ok,1788442183
99e9cd84827cf1fff25681eb9c92021defe8d04e6d233bd35cf2fabdeb93fb0d,2025-06-12,basic,200,ok,1788442184
5de441c2df15fd7b268a7f0f2943919c,2025-06-12,basic,200,ok,1788442185
8643f1221388f11c98f824ec0bb4f351,2025-06-12,basic,200,ok,1788442185
3a5ff028204b34caa296e73f31c68604,2025-06-12,basic,200,empty,1788442186
9bdb9dbd303c0d710a0d1d2e198c3dd9,2025-06-12,basic,200,ok,1788442187
a17c5fb02a17f99a787f4a67426987d1efe8d04e6d233bd35cf2fabdeb93fb0d,2025-06-12,basic,200,empty,1788442187
34d9b59a32845212ff95b16f634ca0b3,2025-06-12,basic,200,ok,1788442188
aba231fdbe664aa914935b01fe006444,2025-06-12,basic,200,ok,1788442189
b3d449be6175a2b7ec6cd149841e01723663933da92e7566c55104ec9ac2894d,2025-06-12,basic,200,empty,1788442189
c61638b660fbc88a30311e9a9517428b,2025-06-12,basic,200,ok,1788442190
091855a7dfd79b94aa844026152a338e,2025-06-12,basic,200,empty,1788442190
a5e09d3e32d301b5d151d86c2f9cb032a2186d8e7cf7a6ee152d97cc78f2ae8b,2025-06-12,basic,200,ok,1788442191
1e1e40b746a26a64cc2305ee4531121c6fbb98200a15be5bcc73a64995849e9c,2025-06-12,basic,200,empty,1788442192
0de7137591919be1340225e9692351b3efe8d04e6d233bd35cf2fabdeb93fb0d,2025-06-12,basic,200,empty,1788442192
a15340dd6bd5480271d7e75186c2af26efe8d04e6d233bd35cf2fabdeb93fb0d,2025-06-12,basic,200,ok,1788442193
c1c49a705d3040d9acb1598f9893dea3efe8d04e6d233bd35cf2fabdeb93fb0d,2025-06-12,basic,400,http_400,1788442193
f1bbee611ce4a4611a8d8321b93ffdb36fbb98200a15be5bcc73a64995849e9c,2025-06-12,basic,200,ok,1788442194
aec74198047d3d7b39934731e4f7671aa2186d8e7cf7a6ee152d97cc78f2ae8b,2025-06-12,basic,200,ok,1788442195
70f358624c951f5d81c38c3aad3ac7cfefe8d04e6d233bd35cf2fabdeb93fb0d,2025-06-12,basic,200,ok,1788442195
9fb3f5327b45645740f86fe421ec5af4,2025-06-12,basic,200,ok,1788442196
25b73b77020a2ac225dacbb988571b73,2025-06-12,basic,200,empty,1788442197
4b03bce5bdfc258f8e803a3d30f9eaeb,2025-06-12,basic,200,ok,1788442198
305cfeffbf0e3cd3f77e03d3017accd3,2025-06-12,basic,200,ok,1788442198
913098f3ee94bf7cb125509b7abe54fd,2025-06-12,basic,200,ok,1788442199
50a2dd5879ee6ccccc8ecbb538df5dba,2025-06-12,basic,200,ok,1788442199
ef49b00e981b4afd45803558af97af55efe8d04e6d233bd35cf2fabdeb93fb0d,2025-06-12,basic,200,empty,1788442200
a8af60d840d0c0ad65d7c8c9d15115e6,2025-06-12,basic,200,empty,1788442201
60d56d3fa7c4a4713251eb4a0f43acf3,2025-06-12,basic,200,ok,1788442201
7fbae93326d95d96388e429ae0dc6609efe8d04e6d233bd35cf2fabdeb93fb0d,2025-06-12,basic,200,empty,1788442202
aaa4891062a4d3e3b2a89ad0782099e1,2025-06-12,basic,200,ok,1788442203
9480f51d72a72b8fc2fe8d2606c7c09e,2025-06-12,basic,200,empty,1788442203
4a3ec6fe8f52e92bb5b4b799dc4bcf95,2025-06-12,basic,200,ok,1788442204
d982921cbf77cde252039a47c8409b20efe8d04e6d233bd35cf2fabdeb93fb0d,2025-06-12,basic,200,ok,1788442205
e9846107fe71ed0edbac241f122a1037efe8d04e6d233bd35cf2fabdeb93fb0d,2025-06-12,basic,200,ok,1788442205
f38a15289a56cbeeffc09cd8883932ce,2025-06-12,basic,200,ok,1788442206
bb1e543e1523ca4aa31486b44292fcaaefe8d04e6d233bd35cf2fabdeb93fb0d,2025-06-12,basic,200,ok,1788442207
81ed6db79a3caa12e8f6854150b17cf08295750b1f4857867454debc45ec9c8a,2025-06-12,basic,200,ok,1788442207
651aaba0c2e75c8e6a068849558ff4d0efe8d04e6d233bd35cf2fabdeb93fb0d,2025-06-12,basic,200,empty,1788442208
ef0f2f68161fa1e4edb90339ac513530efe8d04e6d233bd35cf2fabdeb93fb0d,2025-06-12,basic,200,ok,1788442209
42a3870b8999c0537185ea6735549b26,2025-06-12,basic,200,ok,1788442209
7ac9b600108714d6339d989eef24593fefe8d04e6d233bd35cf2fabdeb93fb0d,2025-06-12,basic,200,empty,1788442210
2a066cf5931745500fab668f1e12383aefe8d04e6d233bd35cf2fabdeb93fb0d,2025-06-12,basic,200,ok,1788442211
b4686ffcbf16ec696d08bf16e42291d7,2025-06-12,basic,200,ok,1788442211
0962599d18234e97e4837a294a7d71b4efe8d04e6d233bd35cf2fabdeb93fb0d,2025-06-12,basic,200,ok,1788442212
1c425b3f599f37c860869bbe7d27befaefe8d04e6d233bd35cf2fabdeb93fb0d,2025-06-12,basic,200,empty,1788442213
6c7b65381e03295da533ff3700ab8d02,2025-06-12,basic,200,empty,1788442213
b287ab4d6de5c3fdf31b7208f3289220,2025-06-12,basic,200,ok,1788442214
5c1080befe430ca9a1b82f9b957aa61eefe8d04e6d233bd35cf2fabdeb93fb0d,2025-06-12,basic,200,empty,1788442214
7387135e644abecdd189b4057c90bf14,2025-06-12,basic,200,ok,1788442215
93ab9f37c605fe9061fee78dd4bac23e,2025-06-12,basic,200,ok,1788442216
b38ff0b54209bd4e76e4423de4f0600b,2025-06-12,basic,200,ok,1788442216
118420ab604c5a3212c1f83ad1661836,2025-06-12,basic,200,empty,1788442217
d31c37f72372a94b8e0731298e372a13,2025-06-12,basic,200,empty,1788442217
fbf04ecaaf084eff4854dbbb3a5da943efe8d04e6d233bd35cf2fabdeb93fb0d,2025-06-12,basic,200,ok,1788442218
5fb6fe832583c03ef08695d46a9227c0,2025-06-12,basic,200,ok,1788442219
af9b242384889254733f1716d63d850f,2025-06-12,basic,200,ok,1788442220
4dab399925006b4091680e20b181df85,2025-06-12,basic,200,empty,1788442220
a678e447939ae5a7347e5e9afe191095efe8d04e6d233bd35cf2fabdeb93fb0d,2025-06-12,basic,200,ok,1788442221
313e6abcc43d56084f4443a5f2c8d4dd,2025-06-12,basic,200,empty,1788442221
9b3652d2a786f97667977a2f19f69263efe8d04e6d233bd35cf2fabdeb93fb0d,2025-06-12,basic,200,ok,1788442222
c9d4990d54f1de87e4af7170c5c4e1fc,2025-06-12,basic,200,ok,1788442223
81b7a5605a1d5e89e468fe1400d822e7,2025-06-12,basic,200,empty,1788442223
305a43f7f2f016bc750e6b288559dd68,2025-06-12,basic,200,ok,1788442224
84ac820e6f0769bae7a8e77120fff981efe8d04e6d233bd35cf2fabdeb93fb0d,2025-06-12,basic,200,empty,1788442225
dd85ac2f31c3ec661b6a2d870285e191efe8d04e6d233bd35cf2fabdeb93fb0d,2025-06-12,basic,200,empty,1788442225
18a01982ba0d1011bef20f80a0fcf063efe8d04e6d233bd35cf2fabdeb93fb0d,2025-06-12,basic,200,ok,1788442226
ed61aa4ae28b1bcdf77ddf401115a42a,2025-06-12,basic,200,ok,1788442227
6d8820b0f451aa5b955fdc77c9d3cc3e,2025-06-12,basic,200,empty,1788442227
32a6fe68e487481f78dfceb1f1d707b7,2025-06-12,basic,200,ok,1788442228
e1d042cf6edc29c6818fa3c90378293e,2025-06-12,basic,200,empty,1788442228
bd16fcfd306cee235438ed40449347b3efe8d04e6d233bd35cf2fabdeb93fb0d,2025-06-12,basic,200,ok,1788442229
40628316b1c492bd5dd1387de1130400,2025-06-12,basic,200,ok,1788442230
53ce5c42cf548edb887bf17b5193cdef,2025-06-12,basic,200,ok,1788442230
f572330caaf6084712e7badc939358a3,2025-06-12,basic,200,empty,1788442231
edca5fb24f2301ecf896f4033b7f149b,2025-06-12,basic,200,empty,1788442232
740ac6e7aec65be19f83fa6aabd3bec5,2025-06-12,basic,200,ok,1788442232
0d20b2d1abeac016e9a157bca605567caae77432709819edb959e1fd5d1d77b4,2025-06-12,basic,200,empty,1788442233
7827226a05d15ad44eada95193fece41efe8d04e6d233bd35cf2fabdeb93fb0d,2025-06-12,basic,200,ok,1788442233
4f27dbdbf154c79e7a557ed0381ef336efe8d04e6d233bd35cf2fabdeb93fb0d,2025-06-12,basic,200,empty,1788442234
b637d1921a102e1a012694e179449cc5efe8d04e6d233bd35cf2fabdeb93fb0d,2025-06-12,basic,200,ok,1788442235
a68e4923a88cc84ea4991f842be83a34efe8d04e6d233bd35cf2fabdeb93fb0d,2025-06-12,basic,200,ok,1788442235
d7189aaf9d2f8745f5a18b748d88a336efe8d04e6d233bd35cf2fabdeb93fb0d,2025-06-12,basic,200,empty,1788442236
100c42aeb9726b84424079b52beffc8befe8d04e6d233bd35cf2fabdeb93fb0d,2025-06-12,basic,200,ok,1788442237
b4e6f053b4f84352282325d587deeff5efe8d04e6d233bd35cf2fabdeb93fb0d,2025-06-12,basic,200,ok,1788442237
3a0b909d35bbb0fdef5fe0c7a87e66be,2025-06-12,basic,200,empty,1788442238
2689769a9f68f82c36ecf0fd13c2ee74efe8d04e6d233bd35cf2fabdeb93fb0d,2025-06-12,basic,200,ok,1788442239
c5dd4b9d3a79a06bf9edc15a3dc2fbdb,2025-06-12,basic,200,empty,1788442239
84acdbff28774e5afa43441042ad1d71,2025-06-12,basic,200,empty,1788442240
8b9389a99c04f2d6e9a34efbe9af9372efe8d04e6d233bd35cf2fabdeb93fb0d,2025-06-12,basic,200,ok,1788442241
b904b992c2c0f4918969d2b0cb0ea2c1,2025-06-12,basic,200,ok,1788442241
506a2a1dd6413d201e155e3f424849cf,2025-06-12,basic,200,ok,1788442242
dbd158ccf92ff709820e4f88103aabf2efe8d04e6d233bd35cf2fabdeb93fb0d,2025-06-12,basic,200,ok,1788442242
bea07d9c88d0447eb9b2543dd49ed2a3,2025-06-12,basic,200,empty,1788442243
2b65d84f98371d352ee796634274a5e5e85e07f9d5d276f44440847eec04ba68,2025-06-12,basic,200,ok,1788442244
b0590614cc19990d169fd1e46ab83865,2025-06-12,basic,200,empty,1788442244
fa55206445bbafc88ab23bb92b5da0a0efe8d04e6d233bd35cf2fabdeb93fb0d,2025-06-12,basic,200,ok,1788442245
d0ad15ef68ae8d071839d13db145ce61,2025-06-12,basic,200,ok,1788442246
db118ac81a87e2b588d6fb6ba29c5780efe8d04e6d233bd35cf2fabdeb93fb0d,2025-06-12,basic,200,ok,1788442246
06ad73901fc50d4bef7c17b09468b1e7efe8d04e6d233bd35cf2fabdeb93fb0d,2025-06-12,basic,200,ok,1788442257
3c327e40dc649da8d6f015e2d33e7f464723574b05820acf03e7ec3162ff5bed,2025-06-12,basic,200,empty,1788442258
b589691edfc3bcd4053fce4a5fbc1c1d8295750b1f4857867454debc45ec9c8a,2025-06-12,basic,200,ok,1788442258
36e0e9412e52589137f36eacfc8d44dc,2025-06-12,basic,200,ok,1788442259
f9ab2713ac540e8ca708d108f236d047efe8d04e6d233bd35cf2fabdeb93fb0d,2025-06-12,basic,200,ok,1788442259
f531d86fb49d959304be18f9858acef3,2025-06-12,basic,200,ok,1788442260
12a9afa932aaeb46c827714e0baea222efe8d04e6d233bd35cf2fabdeb93fb0d,2025-06-12,basic,200,ok,1788442261
28af4ef490bf54d8a3ee2564e7d9b049efe8d04e6d233bd35cf2fabdeb93fb0d,2025-06-12,basic,200,empty,1788442261
18f784ce77febd6167cc3b79cef54db5,2025-06-12,basic,200,ok,1788442262
7b32fd8c25c782c5f5d7e295a0065365efe8d04e6d233bd35cf2fabdeb93fb0d,2025-06-12,basic,200,empty,1788442263
bec0f7c453d589ab69a294e926314d83efe8d04e6d233bd35cf2fabdeb93fb0d,2025-06-12,basic,200,empty,1788442263
d5ae5ac6d0bb1955c38ec6f09c24f653,2025-06-12,basic,200,empty,1788442264
ee6d1d6feb6c108e01f5cbda353df022,2025-06-12,basic,200,empty,1788442264
c461e510599c044e02ed8d91de6a5bc6,2025-06-12,basic,200,ok,1788442265
33938953475f8fedd2358be975761753,2025-06-12,basic,200,ok,1788442266
d8168d4538937004c2d61866fb731bf1,2025-06-12,basic,200,empty,1788442266
36cb14a01777f6b64d7e3fe44991d946,2025-06-12,basic,200,ok,1788442267
f0b509cf631549aeab315fa14ef73b4d86e68d4012202d0434d05f81868f68e3,2025-06-12,basic,200,ok,1788442268
b8851d8f23b160b0c3c16b6ea75f0184,2025-06-12,basic,200,ok,1788442268
1179488567d2a24e702cb0e86f6fbf2c,2025-06-12,basic,200,ok,1788442269
4959fb85f0ac00d2fb5a01095b1d0bac,2025-06-12,basic,200,ok,1788442270
c6d9ae76a1650ee504f1277716f3a984efe8d04e6d233bd35cf2fabdeb93fb0d,2025-06-12,basic,400,http_400,1788442270
0d56f4fe022f703e62378c914f6387ab,2025-06-12,basic,200,ok,1788442271
3a68623d1c6913acc7937cac4a439fb6,2025-06-12,basic,200,ok,1788442272
ddbcbcdfb35e16fd51cf7f8c4ea2ba9a,2025-06-12,basic,200,ok,1788442272
d162d653d84d0c6bbf2e49d059d5a183,2025-06-12,basic,200,ok,1788442273
6c3ef962b143c5526d7b0ccfc9db60cc,2025-06-12,basic,200,ok,1788442274
817c746aeb79323f34e94a67f21cebb8,2025-06-12,basic,200,empty,1788442274
13b05f774bd76dde668f346a65d9b35fefe8d04e6d233bd35cf2fabdeb93fb0d,2025-06-12,basic,200,ok,1788442275
fd377d001968be9550fb9070064048f9efe8d04e6d233bd35cf2fabdeb93fb0d,2025-06-12,basic,200,ok,1788442275
7c76f46ce3dd0d0aebb056a9779b7e5b,2025-06-12,basic,200,ok,1788442276
694f8b0334fe3bdf54df2df59071c949,2025-06-12,basic,200,ok,1788442277
a2b6f53736f9ca464de0327d5499e0b1,2025-06-12,basic,200,empty,1788442277
96e7bbfc1c831f81ebc6605710852de7,2025-06-12,basic,200,ok,1788442278
c0d999941794b0a4225a95fc10e8eb20efe8d04e6d233bd35cf2fabdeb93fb0d,2025-06-12,basic,200,empty,1788442279
b86a84503be50a94d789d80b90ecb086c47ea5ffea2564f587ca830a8f71acb2,2025-06-12,basic,200,ok,1788442279
46a75dc020303f4d47e0e4558e638854,2025-06-12,basic,200,ok,1788442280
548d6c22891887961373526461112ab1,2025-06-12,basic,200,ok,1788442281
736597e6eae310579e2ea86f09a44736,2025-06-12,basic,200,empty,1788442281
b61dd0c09a684a225ac79f43c63df363efe8d04e6d233bd35cf2fabdeb93fb0d,2025-06-12,basic,200,ok,1788442282
8585510f2649210f3dba19f7feef9a22,2025-06-12,basic,200,ok,1788442282
fbf9eb20ffe45952e0ac83a82e122508aae77432709819edb959e1fd5d1d77b4,2025-06-12,basic,200,empty,1788442283
d20002d0ce4964c62896c5ae478293b3,2025-06-12,basic,200,ok,1788442284
f1afbe79a770af3761c7d59aca988668,2025-06-12,basic,200,ok,1788442284
ce8c0a13c18cb84e722ac0b9d5b5a277efe8d04e6d233bd35cf2fabdeb93fb0d,2025-06-12,basic,200,ok,1788442285
00208b8a24f3e46714750f4a88384e53,2025-06-12,basic,200,ok,1788442285
352894b15213a494624f4cd3762ce345,2025-06-12,basic,200,ok,1788442286
0e95530c3a4a21e984d027c55215fa1eefe8d04e6d233bd35cf2fabdeb93fb0d,2025-06-12,basic,200,empty,1788442287
5aaf07772d46e3c3aca9a7ef641073f6efe8d04e6d233bd35cf2fabdeb93fb0d,2025-06-12,basic,200,empty,1788442287
5888425d462db58af9907ea21387d9a3efe8d04e6d233bd35cf2fabdeb93fb0d,2025-06-12,basic,200,ok,1788442288
9c88f88a61748fb8acf6efea66eae088efe8d04e6d233bd35cf2fabdeb93fb0d,2025-06-12,basic,200,empty,1788442288
b69abd490e3a34a6110016fd401bbab8efe8d04e6d233bd35cf2fabdeb93fb0d,2025-06-12,basic,200,ok,1788442289
c839fcf0b5fc556f74f2db3d1f917a75efe8d04e6d233bd35cf2fabdeb93fb0d,2025-06-12,basic,200,ok,1788442290
d8e380724194a479f60e66a48bbb3590aae77432709819edb959e1fd5d1d77b4,2025-06-12,basic,200,empty,1788442290
564398ba0a407d571545da1087f81cd6efe8d04e6d233bd35cf2fabdeb93fb0d,2025-06-12,basic,200,empty,1788442291
67173dcb729ab37f467472708e215eeb,2025-06-12,basic,200,empty,1788442292
8e32c31f8a0ac378b515db2c2ae23f79,2025-06-12,basic,200,empty,1788442292
3f2e2a9da2613388cf5548e42839e01eefe8d04e6d233bd35cf2fabdeb93fb0d,2025-06-12,basic,200,ok,1788442293
cf61a62333f34ad11baf290733b388ce,2025-06-12,basic,200,empty,1788442293
141fd395cffc847bd49237bbc30dd8c5,2025-06-12,basic,200,ok,1788442294
1360f30c3c96596cc0b84031ff8d98e3efe8d04e6d233bd35cf2fabdeb93fb0d,2025-06-12,basic,200,empty,1788442295
be6accba01d5e7dae345661dfae21f07efe8d04e6d233bd35cf2fabdeb93fb0d,2025-06-12,basic,200,ok,1788442295
a203969d749e4b962ec8457052c4a455,2025-06-12,basic,200,empty,1788442296
547b6f2aa500f7d92a8224c18ef87d74,2025-06-12,basic,200,ok,1788442297
c0b7d1c2356efbc62f2f34116f630d8c,2025-06-12,basic,200,ok,1788442297
020c28e0be0b02a1d1f769419353d62e,2025-06-12,basic,200,empty,1788442298
64cf17678e94d49b39d5e0c735749c13efe8d04e6d233bd35cf2fabdeb93fb0d,2025-06-12,basic,400,http_400,1788442298
09ce26f7f7b457d08f11d71baf16b125,2025-06-12,basic,200,ok,1788442299
a06ab0a2beabb3321e392afb8c37db87efe8d04e6d233bd35cf2fabdeb93fb0d,2025-06-12,basic,200,ok,1788442300
5f576b76cbcc144efcef129e064f3dab,2025-06-12,basic,200,empty,1788442300
8514fbbf630ab72ff3a651344d1ac9f186e68d4012202d0434d05f81868f68e3,2025-06-12,basic,200,empty,1788442301
5ab57a54f2e124abb4be9cc6cce35b36fd842dab14be2a956555625b37c97bff,2025-06-12,basic,200,ok,1788442302
8ed238b5ea8e0978a2c36c780ecde49d,2025-06-12,basic,200,ok,1788442302
bad4affe48854991aee5f382904aacd2efe8d04e6d233bd35cf2fabdeb93fb0d,2025-06-12,basic,200,empty,1788442303
bdfa13019e32e21874a278118dfb7758efe8d04e6d233bd35cf2fabdeb93fb0d,2025-06-12,basic,200,ok,1788442303
939c65fb87dfead60661a0e1dfee2928,2025-06-12,basic,200,ok,1788442304
2578bcb741cc1f862f76bdf6fd24ff03,2025-06-12,basic,200,empty,1788442305
4e8bfec395849e40f0b917600eb2c4d2,2025-06-12,basic,200,empty,1788442306
74d9a691fb9417342ceec12227c969d4,2025-06-12,basic,200,ok,1788442306
22ee27f94fa8c1ec968e51e6fcdf1e50,2025-06-12,basic,200,ok,1788442307
484afd6168e98d8aa18ec2d475e43e76,2025-06-12,basic,200,ok,1788442308
575b7ba8220fff2c790465fa612c36c7,2025-06-12,basic,200,ok,1788442309
13c1c1bde2f14d9390a8a609c42bf4a1efe8d04e6d233bd35cf2fabdeb93fb0d,2025-06-12,basic,200,ok,1788442309
e461cdffee5559511cbc83f7ed31c813,2025-06-12,basic,200,empty,1788442310
b060b95f774aef34194362823744bb1b,2025-06-12,basic,200,ok,1788442310
22f7b330acaf9c9d480a1a54d0da35d4efe8d04e6d233bd35cf2fabdeb93fb0d,2025-06-12,basic,200,ok,1788442311
d4dcca66594e3db12d0beff6f63b9b1b,2025-06-12,basic,200,ok,1788442312
735aba0aba13099dc5272ab5fbc18aa7efe8d04e6d233bd35cf2fabdeb93fb0d,2025-06-12,basic,200,ok,1788442312
2b08282cb0ad8bb911e279d73258e946efe8d04e6d233bd35cf2fabdeb93fb0d,2025-06-12,basic,200,ok,1788442313
3fda514722db89dd352811b92a9928ca,2025-06-12,basic,200,ok,1788442314
bac4668bc5333ebabff74395e2da3dd6,2025-06-12,basic,200,ok,1788442314
1dd7c1158b537d455c332bdb0e863799efe8d04e6d233bd35cf2fabdeb93fb0d,2025-06-12,basic,200,ok,1788442315
7a75854e8db35ba537d912a8b7410992efe8d04e6d233bd35cf2fabdeb93fb0d,2025-06-12,basic,200,ok,1788442316
5de0c7344f7ca5139015d94834d9ed98efe8d04e6d233bd35cf2fabdeb93fb0d,2025-06-12,basic,200,empty,1788442316
d050f7269602ed77fed87d51cfb06b05,2025-06-12,basic,200,empty,1788442317
90c851a2b90b4ef33966d911057cce29,2025-06-12,basic,200,ok,1788442317
a99f5dc5aa81000e1f00b13d4347ed49,2025-06-12,basic,200,ok,1788442318
77d3e0d2cee5d1f3e77e4c6dba030ea5,2025-06-12,basic,200,empty,1788442318
e23ae618185939d85395378961bcc185,2025-06-12,basic,200,ok,1788442319
a016a368d1aec084d93fd673a932e451,2025-06-12,basic,200,ok,1788442320
e66e3dc25a4191dae538247c543bec6e,2025-06-12,basic,200,empty,1788442320
4bd8876854a34d9e2ba5c25e93829c47efe8d04e6d233bd35cf2fabdeb93fb0d,2025-06-12,basic,200,ok,1788442321
021d71c6c5fce78fcc38720dc5ff520a,2025-06-12,basic,200,ok,1788442322
28c1dd68d3e28cfc5b4d3cf10c6d27f8,2025-06-12,basic,200,empty,1788442322
a66bafc6440c99aa97497b3ff273e52befe8d04e6d233bd35cf2fabdeb93fb0d,2025-06-12,basic,200,ok,1788442323
6d1535e43968392674b8adfe674b815f,2025-06-12,basic,200,ok,1788442323
df0c8cc78daaf8d1937b3f732d1ad4cf,2025-06-12,basic,200,ok,1788442324
c3d56e6201c08d56ff10bdcc24b78dfcefe8d04e6d233bd35cf2fabdeb93fb0d,2025-06-12,basic,200,ok,1788442325
68c3d15c80f798aa5c496382c65be23b,2025-06-12,basic,200,ok,1788442325
7d41dac73f726278a655622ecb8491f5efe8d04e6d233bd35cf2fabdeb93fb0d,2025-06-12,basic,200,empty,1788442326
8a3f3a08ee7cd8adfc5041db3f29bd72,2025-06-12,basic,200,ok,1788442327
7ef1d22504f225324d8f13e8634cc371efe8d04e6d233bd35cf2fabdeb93fb0d,2025-06-12,basic,200,ok,1788442327
2c25666d17c65269d8c5e0f23b4b6caf,2025-06-12,basic,200,empty,1788442328
6b39684aded24d48ef2bd140f5d5ab94,2025-06-12,basic,200,empty,1788442329
f15088071bf5822c489de5cb8e132c1defe8d04e6d233bd35cf2fabdeb93fb0d,2025-06-12,basic,200,ok,1788442329
cb59416e41cd22927440cb5d0095e028,2025-06-12,basic,200,ok,1788442330
6866e91dd9b00d774be7491edae6e822efe8d04e6d233bd35cf2fabdeb93fb0d,2025-06-12,basic,200,ok,1788442330
7f51989dec8839e77ec1ab225f332509efe8d04e6d233bd35cf2fabdeb93fb0d,2025-06-12,basic,200,ok,1788442331
84c02150731ba1e3e04f93afa3585f7aefe8d04e6d233bd35cf2fabdeb93fb0d,2025-06-12,basic,200,ok,1788442332
aa642c9485ec1941fef82cb1ef88d92d,2025-06-12,basic,200,empty,1788442332
cc5bdbc508f1f666f58017ce86be5fb1efe8d04e6d233bd35cf2fabdeb93fb0d,2025-06-12,basic,200,ok,1788442333
db50a8916c2feaeb4fa8e4c6e55a7b3defe8d04e6d233bd35cf2fabdeb93fb0d,2025-06-12,basic,200,ok,1788442334
60e44012732bc8cb2219a9e090bc46a3,2025-06-12,basic,200,empty,1788442334
898213a77bd67d21879d2797fea6fc50,2025-06-12,basic,200,ok,1788442335
6936d23e5b13ea9c639e504bcaf31769,2025-06-12,basic,200,empty,1788442335
e2d0678c60986ca773e3713a038a4f40,2025-06-12,basic,200,empty,1788442336
31d4a79f763d231d9fdefa04ada40ed9efe8d04e6d233bd35cf2fabdeb93fb0d,2025-06-12,basic,200,ok,1788442337
f67e80f8bf3fd1c4d8abef37571f3dd3efe8d04e6d233bd35cf2fabdeb93fb0d,2025-06-12,basic,200,ok,1788442337
93ef68780df150709339fe1946a5f198,2025-06-12,basic,200,ok,1788442338
11487a1f2f2f5c85599785b708a01659,2025-06-12,basic,200,ok,1788442339
50f9cb8a98a8746f77e68fa1a7504815,2025-06-12,basic,200,ok,1788442339
652437ed1ddfdac7ce617855364d7e24,2025-06-12,basic,200,ok,1788442340
63bf708b6c9548143e844fdc5753878e,2025-06-12,basic,200,empty,1788442341
857bd5cba59b2aff151abc4aae83c8abefe8d04e6d233bd35cf2fabdeb93fb0d,2025-06-12,basic,200,ok,1788442341
8fea030ca17edc6fc8cc5ea6a788eb5a,2025-06-12,basic,200,ok,1788442342
df00a751c2ea003f778c017f563b46eb4723574b05820acf03e7ec3162ff5bed,2025-06-12,basic,200,ok,1788442342
5a68e3de4a5521a88d876d0a3d5b5d4f,2025-06-12,basic,200,empty,1788442343
0acda468ae5e6fb931c3626708f0e028a2186d8e7cf7a6ee152d97cc78f2ae8b,2025-06-12,basic,200,empty,1788442344
9bb15113f84cf38e7a19d213281190b1efe8d04e6d233bd35cf2fabdeb93fb0d,2025-06-12,basic,200,ok,1788442344
6bf765c535d897a2c18409e5e6f27089,2025-06-12,basic,200,ok,1788442345
5e435512bd762458e973b981ffbd1d54,2025-06-12,basic,200,ok,1788442346
1498280213e13b2b59660f0b6aee1720,2025-06-12,basic,200,ok,1788442346
85892b7afd7c6caa422d8eea63e91438efe8d04e6d233bd35cf2fabdeb93fb0d,2025-06-12,basic,200,ok,1788442347
2986918ec5941d45ccdeda7f3d3e1aa3,2025-06-12,basic,200,ok,1788442348
3a89485940893699400ba02af1bde667,2025-06-12,basic,200,ok,1788442348
077a0e8c69d7eb70b064b843b2b64110,2025-06-12,basic,200,ok,1788442349
3711b59d046ce6f508b5fd21b7ca13b1,2025-06-12,basic,200,ok,1788442350
d12340e54081e449e8858bc6e21db2a1,2025-06-12,basic,200,ok,1788442350
11f189b4da6339e36effd886f2ea00b6,2025-06-12,basic,200,empty,1788442351
a1cf41d37e6e4899db253d1f5ce46170,2025-06-12,basic,200,ok,1788442352
c08400f5b60f6d19d77efda833772741,2025-06-12,basic,200,ok,1788442352
5169167ce21f67f5e3d77c0c635002e34723574b05820acf03e7ec3162ff5bed,2025-06-12,basic,200,empty,1788442353
9aef3930d0c4bb12db2553fec19725c6,2025-06-12,basic,200,ok,1788442353
f66948852ecc7be69eaa331e541bd2e9,2025-06-12,basic,200,empty,1788442354
6ebfe42c02fce5f1a0589794e977bd7f,2025-06-12,basic,200,empty,1788442354
05946163ec8fba2af18102be66740948efe8d04e6d233bd35cf2fabdeb93fb0d,2025-06-12,basic,200,ok,1788442355
afc54144137f5bba7ea0fe16e91574a7,2025-06-12,basic,200,ok,1788442356
217de04fec9a7a81ac068a8b0af645c7,2025-06-12,basic,200,ok,1788442356
203813e064fa13d9fd44b1ced2a01fd1,2025-06-12,basic,200,ok,1788442357
5197b8190fe1ce90fd155d2e9a2e516d,2025-06-12,basic,200,ok,1788442358
29925dd9edcaf5a63d81738057f69afd,2025-06-12,basic,200,ok,1788442358
04b2a365f11e0f8e48e4c65c1cfe70ed,2025-06-12,basic,200,ok,1788442359
c8f4a41c1368607cf9c31043a8b41846,2025-06-12,basic,200,ok,1788442359
914a7540516b74e1f2812b566e4a5b64,2025-06-12,basic,200,ok,1788442360
9467ac50a7b87a476ad5ebcca4263bc2,2025-06-12,basic,200,ok,1788442361
df236be95985b9def71482281a38e73fefe8d04e6d233bd35cf2fabdeb93fb0d,2025-06-12,basic,200,ok,1788442361
dc9e8579a19eddd613b717d71d43683b,2025-06-12,basic,200,ok,1788442362
b22f12c94280f0e1016def1bc511eb86,2025-06-12,basic,200,ok,1788442363
4036ca24a80f056f7482db3913b4d357,2025-06-12,basic,200,ok,1788442363
576c5199b41704e7c15a9e3a85f41b09efe8d04e6d233bd35cf2fabdeb93fb0d,2025-06-12,basic,200,empty,1788442364
74bb94ae1c1bd047be19b110bae0aef8,2025-06-12,basic,200,ok,1788442364
0f9587a6e15e903ed7457a830a5df476,2025-06-12,basic,200,empty,1788442365
88e90383483beaae9db738e7866c94f3efe8d04e6d233bd35cf2fabdeb93fb0d,2025-06-12,basic,200,ok,1788442366
dbecf99426dc8b5a18a890f9e2e8d867,2025-06-12,basic,200,empty,1788442366
570f49e94180026039f437f0ebbaf22fefe8d04e6d233bd35cf2fabdeb93fb0d,2025-06-12,basic,200,ok,1788442367
4718c9518becadd35feec18ffc60d265efe8d04e6d233bd35cf2fabdeb93fb0d,2025-06-12,basic,200,ok,1788442367
4afda4a2381806047aa88389d084ecc2efe8d04e6d233bd35cf2fabdeb93fb0d,2025-06-12,basic,200,ok,1788442368
c78171fab867fa88fc18bdf151ecef10efe8d04e6d233bd35cf2fabdeb93fb0d,2025-06-12,basic,200,empty,1788442369
aed7bf18d59352e2179202d33e1aa912efe8d04e6d233bd35cf2fabdeb93fb0d,2025-06-12,basic,200,ok,1788442369
f1e32480cea177de0b1504bc220f4b7e86e68d4012202d0434d05f81868f68e3,2025-06-12,basic,200,empty,1788442370
7cdad52cb1d4be12f2a54d9c4fa9d455,2025-06-12,basic,200,empty,1788442370
dbade363947ed8f86d572b4c3795b702,2025-06-12,basic,200,empty,1788442371
e488805a70171e287e54736142ed6470,2025-06-12,basic,200,ok,1788442371
67401d2eca73ba8dd6719e1cad1560e5,2025-06-12,basic,200,ok,1788442372
8dd32047492e876fc65a64d8acab845b,2025-06-12,basic,200,ok,1788442373
2d4af4ca0cc8591d5489037181cf312e,2025-06-12,basic,200,empty,1788442373
4e381e5ec8eb6b3aca252d14383c283eefe8d04e6d233bd35cf2fabdeb93fb0d,2025-06-12,basic,200,ok,1788442374
53b0ca53923e82e6261dae7b7e9afc0d,2025-06-12,basic,200,ok,1788442375
fd86d3fac8828bc0e3e03856140c3a58,2025-06-12,basic,200,ok,1788442375
9bc8c9ab8b9785b0166c06eaa427013d,2025-06-12,basic,200,ok,1788442376
0efa2eb74ac142f5d19f86abf7321626,2025-06-12,basic,200,empty,1788442376
b90419e2fc405bb0558c742fe6d940d9efe8d04e6d233bd35cf2fabdeb93fb0d,2025-06-12,basic,200,empty,1788442377
8fbbc09cc5759da0315cf41be5e61553efe8d04e6d233bd35cf2fabdeb93fb0d,2025-06-12,basic,200,ok,1788442378
3ba4c2dafc509d2020e6cdee227fd41f,2025-06-12,basic,200,empty,1788442378
e2ec459eceb64b64eb195a9e1ddb7bd3,2025-06-12,basic,200,empty,1788442379
c1f6c08aa70c9ccf7704b591fccf22c9,2025-06-12,basic,200,ok,1788442379
769595944fafd511f2ea616f46022500,2025-06-12,basic,200,empty,1788442380
e2ce16655b471c8d71555c2f1bc0bbdf,2025-06-12,basic,200,ok,1788442381
31e0e85cda5f8cafa373e0e2e957ffbf,2025-06-12,basic,200,ok,1788442381
57dd8215dce713e4a994b89e759af360efe8d04e6d233bd35cf2fabdeb93fb0d,2025-06-12,basic,200,ok,1788442382
55dd6c792ea2cc29faf825b0e45c02e4efe8d04e6d233bd35cf2fabdeb93fb0d,2025-06-12,basic,200,ok,1788442383
f97df44555568956f4902293d35ff632,2025-06-12,basic,200,empty,1788442383
6d463d867b696654bc371fc83fb53731efe8d04e6d233bd35cf2fabdeb93fb0d,2025-06-12,basic,200,empty,1788442384
31c6c6213f2d2dcc0461544ea06b3f90efe8d04e6d233bd35cf2fabdeb93fb0d,2025-06-12,basic,200,empty,1788442384
4e7e6d36e8b7a8d20592cff7ed3f5123,2025-06-12,basic,200,ok,1788442385
5bde4ba02370ebe6770c26cc38cd22d4efe8d04e6d233bd35cf2fabdeb93fb0d,2025-06-12,basic,200,empty,1788442385
7502dca82d3d82e03b1eb0ce05985d20efe8d04e6d233bd35cf2fabdeb93fb0d,2025-06-12,basic,200,ok,1788442386
a660258798e98ac4a10d10610914225c,2025-06-12,basic,200,empty,1788442387
da59aeec511ed5b8f8f1f63ae728e79e,2025-06-12,basic,200,ok,1788442387
78535bb3901ed5024df8f35aa22af40f,2025-06-12,basic,200,ok,1788442388
b4dd6666872582e2939af2eaffe6e338,2025-06-12,basic,200,ok,1788442389
9ebbd34a4de8d7f737e5d6c72993b9e5,2025-06-12,basic,200,empty,1788442389
fe387774c347b28e78a16025c713b2a5efe8d04e6d233bd35cf2fabdeb93fb0d,2025-06-12,basic,200,ok,1788442390
878bc87d59dd8136efb77f70babf5c7b,2025-06-12,basic,200,ok,1788442390
a40a25e23e316d6f298d4359592d6434efe8d04e6d233bd35cf2fabdeb93fb0d,2025-06-12,basic,200,empty,1788442391
5ffd9137f0795b6558338ad408fdd9ec,2025-06-12,basic,200,ok,1788442392
1080f57f2e025f68d94bb6b253defb616fbb98200a15be5bcc73a64995849e9c,2025-06-12,basic,200,empty,1788442392
b247af5a13fc4a12dc7b3d39632d6735,2025-06-12,basic,200,empty,1788442393
59734cc619d8bc6547bd1c587312ccce,2025-06-12,basic,200,ok,1788442393
f93fcef4cafecf97c145cb8396d6b46fefe8d04e6d233bd35cf2fabdeb93fb0d,2025-06-12,basic,200,ok,1788442394
bd02417738eaa58ae538edf4c7e86fb2,2025-06-12,basic,200,ok,1788442395
084201e1bd47aee1cf6ca910db0038bb,2025-06-12,basic,200,ok,1788442395
41bce24aaaca35d2997d4f195f832a05,2025-06-12,basic,200,ok,1788442396
3d5b766f0fc369cc4096752a8bd1c475,2025-06-12,basic,200,empty,1788442397
44a1d1dc913d33b11f3f365872d6f29cefe8d04e6d233bd35cf2fabdeb93fb0d,2025-06-12,basic,200,ok,1788442397
bb7acbb4e8dfe4d350e135a5c852db6b,2025-06-12,basic,200,empty,1788442398
81ba830e826a0b666c7618ca0cd3d3a5efe8d04e6d233bd35cf2fabdeb93fb0d,2025-06-12,basic,200,ok,1788442398
11cf30820abb365c9d0e5b5be13798c4efe8d04e6d233bd35cf2fabdeb93fb0d,2025-06-12,basic,200,empty,1788442399
5b3bd7bed4346c9e767ec5e89d6aaa51efe8d04e6d233bd35cf2fabdeb93fb0d,2025-06-12,basic,200,empty,1788442400
69521db807d753f5d29dab1e7017ec47efe8d04e6d233bd35cf2fabdeb93fb0d,2025-06-12,basic,200,ok,1788442400
360ad732fa6f5497225cfac894d3bdfe8295750b1f4857867454debc45ec9c8a,2025-06-12,basic,200,empty,1788442401
55923c87be2e0e0638a50314b5c46532efe8d04e6d233bd35cf2fabdeb93fb0d,2025-06-12,basic,200,ok,1788442402
468162f8a7aad517802a4a7f1a56f452efe8d04e6d233bd35cf2fabdeb93fb0d,2025-06-12,basic,200,empty,1788442402
b11fbc29af3230d8a0193ea9ff9aa848,2025-06-12,basic,200,ok,1788442403
f7392c663d6938fd36aef41264e46070,2025-06-12,basic,200,empty,1788442404
a3135254bbf6c95ad614b7b7ef41ccacefe8d04e6d233bd35cf2fabdeb93fb0d,2025-06-12,basic,200,ok,1788442404
b780eb244f1558b504e3c3d714c9d696efe8d04e6d233bd35cf2fabdeb93fb0d,2025-06-12,basic,200,ok,1788442405
f7b06610a6eae159c1e414f5677c4c4d,2025-06-12,basic,200,ok,1788442405
2f02c8fccb6bacb1c1eaf2ca00ad7484,2025-06-12,basic,200,ok,1788442406
4f18811b428fecdca57381c9a08e2ad8,2025-06-12,basic,400,http_400,1788442407
48c281e161d3eca16a0a0e0418555483,2025-06-12,basic,200,ok,1788442407
e96b94c360f93b33696eed0c8776e7c8,2025-06-12,basic,200,empty,1788442408
aefa01d3f2ac969d9f2c5ae6b7ffb248,2025-06-12,basic,200,ok,1788442409
cec62bdfdfe39ff25faabd8f9469afd5,2025-06-12,basic,200,ok,1788442409
daaf961d9aa23f66c0669a3d2ce8290aefe8d04e6d233bd35cf2fabdeb93fb0d,2025-06-12,basic,200,ok,1788442410
d20154727c6955718f207cf29f251675,2025-06-12,basic,200,ok,1788442411
d4d4941e3e1a4bc481f296a4d7c1bfec,2025-06-12,basic,200,empty,1788442411
8f6fd27155270d3232bd71494f851695efe8d04e6d233bd35cf2fabdeb93fb0d,2025-06-12,basic,200,ok,1788442412
f95f82811d285ef1ebc967a9797195c2efe8d04e6d233bd35cf2fabdeb93fb0d,2025-06-12,basic,200,ok,1788442412
b5ed035821e53dbd9bca07cf6eaf8950,2025-06-12,basic,200,ok,1788442413
564ef91ab28becc884e6457f9ca16ce0,2025-06-12,basic,200,ok,1788442414
f4b3fc9bb7a7fea1abb89c62a8430b6fefe8d04e6d233bd35cf2fabdeb93fb0d,2025-06-12,basic,200,empty,1788442414
f2c8f6f035055085a969f86f5b99847aaae77432709819edb959e1fd5d1d77b4,2025-06-12,basic,200,empty,1788442415
e55cd7ef4a443589d3cc2f343e1d38f3efe8d04e6d233bd35cf2fabdeb93fb0d,2025-06-12,basic,200,ok,1788442416
21008ce56ce8426bb5e2fbd3a1151ddb,2025-06-12,basic,200,ok,1788442416
4d391d1d0383e4ffa53855ce62a74afe,2025-06-12,basic,200,ok,1788442417
cff15c744c5378a9f67b65770fedf1a6,2025-06-12,basic,200,empty,1788442417
b7d48966f7bbefd1f51941f4fc9deee1,2025-06-12,basic,200,ok,1788442418
5f72b8de053e1d7784c9f2253c31f4f9,2025-06-12,basic,200,empty,1788442419
887978851251383753a2ed0aa36c4912efe8d04e6d233bd35cf2fabdeb93fb0d,2025-06-12,basic,200,ok,1788442419
76e1c2af562d1ee5a20c75575415d935,2025-06-12,basic,200,ok,1788442420
837f90f46222cf8edc4aef21c6999da0,2025-06-12,basic,200,ok,1788442421
ad32e36318a75d4540450855b4205c9cefe8d04e6d233bd35cf2fabdeb93fb0d,2025-06-12,basic,200,ok,1788442421
458d5a91325da9ab02d313bd238e5cd36fbb98200a15be5bcc73a64995849e9c,2025-06-12,basic,200,ok,1788442422
d14aa6441c5c18682feed130894556d9,2025-06-12,basic,200,ok,1788442422
605fb808539073a96c4206e7e640be77,2025-06-12,basic,200,ok,1788442423
3c905e938e84603bf78a5dfd8566cd4aefe8d04e6d233bd35cf2fabdeb93fb0d,2025-06-12,basic,200,ok,1788442424
8fc405d2ff4e3dc13a531883c1f83831,2025-06-12,basic,200,ok,1788442424
230f434897de7ed37192dd1f8e811ce2efe8d04e6d233bd35cf2fabdeb93fb0d,2025-06-12,basic,200,ok,1788442425
561ac52734a28d58392e210a2bc7bc6f,2025-06-12,basic,200,empty,1788442426
45860da093b54ddd88621df95efe047e,2025-06-12,basic,200,ok,1788442426
232d375b157c3bb4c2c8c38fff584609,2025-06-12,basic,200,ok,1788442427
985573f04f85b3501f50a356377c679886e68d4012202d0434d05f81868f68e3,2025-06-12,basic,200,ok,1788442428
6df41f003648956bfdb3b855f0bded1aefe8d04e6d233bd35cf2fabdeb93fb0d,2025-06-12,basic,200,ok,1788442428
13413cab8679be4b4b9c9d5f9dcc4198,2025-06-12,basic,200,empty,1788442429
2487b2e558897cc97e6d5f10217e32d3,2025-06-12,basic,200,ok,1788442429
1225dbe41fe7d56231ce514639b254f3,2025-06-12,basic,200,ok,1788442430
3109204070450b09995c17d411702ffb4723574b05820acf03e7ec3162ff5bed,2025-06-12,basic,200,empty,1788442431
ea94d75dbadee6e48d17f0ad6cc6e2f6,2025-06-12,basic,200,ok,1788442431
8a10ee6787855c9bd8f8985da5c581463663933da92e7566c55104ec9ac2894d,2025-06-12,basic,200,ok,1788442432
a806c3b534bf4b7b498776021fdbaf86a2186d8e7cf7a6ee152d97cc78f2ae8b,2025-06-12,basic,200,empty,1788442433
42364febfe159dfc1a680905afcb730aefe8d04e6d233bd35cf2fabdeb93fb0d,2025-06-12,basic,200,ok,1788442433
4b4295969515ca2f93b2011c33ba5dec,2025-06-12,basic,200,ok,1788442434
a08df997d21d71a4b574fa5848d5b6a8efe8d04e6d233bd35cf2fabdeb93fb0d,2025-06-12,basic,200,ok,1788442434
09f2320671bc1149dcedca17e0ea1a82,2025-06-12,basic,200,empty,1788442435
d8fde503a0c62bddda308b3e9a502432efe8d04e6d233bd35cf2fabdeb93fb0d,2025-06-12,basic,200,empty,1788442436
1c85171c1258f89e8bece5d659dcff79,2025-06-12,basic,200,ok,1788442436
bb1ea8dc46bb523f64aad2dde292d50cefe8d04e6d233bd35cf2fabdeb93fb0d,2025-06-12,basic,200,empty,1788442437
ba419f15d7ebb4696c57f7131f11a19f,2025-06-12,basic,200,empty,1788442437
320c46ce9369442c58356a8356491291efe8d04e6d233bd35cf2fabdeb93fb0d,2025-06-12,basic,200,empty,1788442438
aed59f313aca1957cce26cb72591dfc9,2025-06-12,basic,200,ok,1788442439
9e6623334e81ddd09df5f4f68a10a74de85e07f9d5d276f44440847eec04ba68,2025-06-12,basic,200,ok,1788442439
7a2e6e8f0e9ce0a6be16123f73d53866,2025-06-12,basic,200,empty,1788442440
67feb1b2e8a9d24bb0ef94009b8fc9c3,2025-06-12,basic,200,ok,1788442440
03464ce4fdc43166ce06b2f7a6b8c042efe8d04e6d233bd35cf2fabdeb93fb0d,2025-06-12,basic,200,empty,1788442441
3d071f1d01071392b85d8492892da839,2025-06-12,basic,200,ok,1788442442
04300c2eb4fb60c542d25ae9e16f406e86e68d4012202d0434d05f81868f68e3,2025-06-12,basic,200,empty,1788442442
f9e848284ba6645ab84607e606c60609efe8d04e6d233bd35cf2fabdeb93fb0d,2025-06-12,basic,400,http_400,1788442443
a167d738aad553e557e93f4bfa7816ed,2025-06-12,basic,200,empty,1788442443
3bfba48b518e5bb7247117742e759984,2025-06-12,basic,200,ok,1788442444
63e016b154aec58470d5091e9142e02eefe8d04e6d233bd35cf2fabdeb93fb0d,2025-06-12,basic,200,ok,1788442444
cae99911078c6fdbebd7163a09956a14efe8d04e6d233bd35cf2fabdeb93fb0d,2025-06-12,basic,200,ok,1788442445
cbc3bc70542c363fcad1cfc3e803f161,2025-06-12,basic,400,http_400,1788442446
d70101605764112cda93e2bd742fd4b6efe8d04e6d233bd35cf2fabdeb93fb0d,2025-06-12,basic,200,empty,1788442446
478d94813ab5ff62c54d06e04b2aa027,2025-06-12,basic,200,ok,1788442447
aafad8ba341907730aedc64b21273ed5,2025-06-12,basic,200,empty,1788442447
fbdca35b4a4ca4660da4028600c668d8e85e07f9d5d276f44440847eec04ba68,2025-06-12,basic,200,empty,1788442448
23c24b91787501cb8f38b861ef954724,2025-06-12,basic,200,empty,1788442449
c59bdd7c47d20c23da9e80e7a43915863663933da92e7566c55104ec9ac2894d,2025-06-12,basic,200,empty,1788442449
4fca895611997f23258575fb74970c4d,2025-06-12,basic,200,ok,1788442450
1d33b5e53752f1ee6293f21596f6f9eb,2025-06-12,basic,200,ok,1788442451
946a2b135345e00c961d884112dc5108efe8d04e6d233bd35cf2fabdeb93fb0d,2025-06-12,basic,200,ok,1788442451
d44387cfcb48ec7bbf0dce34375f83c1,2025-06-12,basic,200,ok,1788442452
0a489f2975b0b3f53f11e6fca3b212cb,2025-06-12,basic,200,empty,1788442452
1763b2cd320a3864418a00c8ee5118d4efe8d04e6d233bd35cf2fabdeb93fb0d,2025-06-12,basic,200,ok,1788442453
46e451194adf44697adb28adf76a51d8,2025-06-12,basic,200,empty,1788442454
d0d5a4b6a602efb651a650d440c6f5d6efe8d04e6d233bd35cf2fabdeb93fb0d,2025-06-12,basic,200,ok,1788442454
a9336c6a61ec00bc99cfa2aa8d344bd7efe8d04e6d233bd35cf2fabdeb93fb0d,2025-09-24,basic,200,ok,1788442455
5055ee612d264748dadd9bec460eb318,2025-09-24,basic,200,empty,1788442455
9e17c97e34b77b0861daf160292b8630c47ea5ffea2564f587ca830a8f71acb2,2025-09-24,basic,200,empty,1788442456
84cee694e5ac968b6e636aaedc36a8dd,2025-09-24,basic,200,empty,1788442456
c500db882240c418453aeab03da4cbfa,2025-09-24,basic,200,ok,1788442457
dee8cb06a0945f1afc27d385b2a4e3c5,2025-09-24,basic,200,ok,1788442458
c94a78c413af53221c21e40085618c1f,2025-09-24,basic,200,ok,1788442458
0ae099f30608483262951c3dc7ce60ceefe8d04e6d233bd35cf2fabdeb93fb0d,2025-09-24,basic,200,ok,1788442459
e03abbd5815c8c532f8cda629cd8c7ee,2025-09-24,basic,200,ok,1788442460
a0d914e7d32f907092022e125b22750e,2025-09-24,basic,200,ok,1788442460
d5f5cde782e2a2f78efe188d2f45f2de,2025-09-24,basic,200,ok,1788442461
9850bbadf4e657dcc576c8dd3cda4f00,2025-09-24,basic,200,ok,1788442462
034f0ae6a7632747d52578618232bf9eefe8d04e6d233bd35cf2fabdeb93fb0d,2025-09-24,basic,200,ok,1788442462
e1867cbb6dea38527b6c1b9c5e1e2ba9,2025-09-24,basic,200,ok,1788442463
2b197f345b6f1218ca31b8f4f8a66c6b,2025-09-24,basic,200,empty,1788442463
832a06fc6060a90018dc3ee36a13764d,2025-09-24,basic,200,ok,1788442464
2fae46848f423cce4cbbd45932cf86d7,2025-09-24,basic,200,ok,1788442465
18e5861b003a34489f19f9386491583b,2025-09-24,basic,200,ok,1788442465
6d8dd0b576114c242d3db2389f652b0b,2025-09-24,basic,200,ok,1788442466
debd8eaaff346b64408d17730a23a136,2025-09-24,basic,200,ok,1788442467
cd837f6ee3ece1300a75e6d48f716561,2025-09-24,basic,200,ok,1788442467
52daed165f4a329948e7ae71d2f4c4ee,2025-09-24,basic,200,ok,1788442468
6bad1e8cf7cf14ef7df1599bbe0b74e2efe8d04e6d233bd35cf2fabdeb93fb0d,2025-09-24,basic,200,ok,1788442468
f4bf249c82abe7c97e7109dc6edbdc96,2025-09-24,basic,200,ok,1788442469
d1ac9d19a59d601ea8b8b103e75afbb0efe8d04e6d233bd35cf2fabdeb93fb0d,2025-09-24,basic,400,http_400,1788442470
1b2d5fc62e47cc1e1a7bb513870c6cc7,2025-09-24,basic,200,ok,1788442470
a1091cf6b557c0143117c22415dc77eb,2025-09-24,basic,200,ok,1788442471
ea7cf12ae97f186a2539e2f78facf9b2efe8d04e6d233bd35cf2fabdeb93fb0d,2025-09-24,basic,200,empty,1788442471
89c9a3acd17698edd52c4bcbc7023988,2025-09-24,basic,200,ok,1788442472
8a0708286b479aaf6798fa54ce4dac60efe8d04e6d233bd35cf2fabdeb93fb0d,2025-09-24,basic,200,ok,1788442473
72eb9c4b63242af14686d45d22c76c0defe8d04e6d233bd35cf2fabdeb93fb0d,2025-09-24,basic,200,empty,1788442473
41b6b75b800cd56d7efd731bd6fef3b6efe8d04e6d233bd35cf2fabdeb93fb0d,2025-09-24,basic,200,empty,1788442474
3086befe80c3854a79a028f35fa8d3cdefe8d04e6d233bd35cf2fabdeb93fb0d,2025-09-24,basic,200,ok,1788442474
6b1a14be4380cf7d778517123b0ca0cd,2025-09-24,basic,200,ok,1788442475
7e82aa4f36c20de931e0efbe2edf7afc,2025-09-24,basic,200,ok,1788442476
305ed6903dd6dd7e17bf6814fcbbad17,2025-09-24,basic,200,ok,1788442476
a0d22d0ce4d0b10d0d60127926071f76efe8d04e6d233bd35cf2fabdeb93fb0d,2025-09-24,basic,200,empty,1788442477
5af5542896e8285856f060495fa65988,2025-09-24,basic,200,ok,1788442477
08d9141a208b75e2bb96eec379e30761,2025-09-24,basic,200,ok,1788442478
ddbe488c41e5a6c7125341477688ccb1,2025-09-24,basic,200,ok,1788442479
1477ca4a945ce2ea3550bf7674101518efe8d04e6d233bd35cf2fabdeb93fb0d,2025-09-24,basic,200,ok,1788442479
5bbb424bcbeecdff87dfbda3c7733644,2025-09-24,basic,200,ok,1788442480
4ac81086ec4ece1a2b937c935fc7153f,2025-09-24,basic,200,ok,1788442481
5c8dec6a0d4bdf49a4d8c9b4e94247f4,2025-09-24,basic,200,empty,1788442481
ef19abd0ca30b8c2a75e6c27d898f069,2025-09-24,basic,200,ok,1788442482
b9e43600a0a5d468bb5cfc953a862810,2025-09-24,basic,200,ok,1788442483
6be6aa6921c9a498bcd0825e528f9770,2025-09-24,basic,200,ok,1788442483
e6baed67181d531851511b3e5080e28a86e68d4012202d0434d05f81868f68e3,2025-09-24,basic,200,empty,1788442484
afc5c75344d5c83c768697afa0e99c4c,2025-09-24,basic,200,ok,1788442484
4a14a6ced7a77b7228fa025ca4def144efe8d04e6d233bd35cf2fabdeb93fb0d,2025-09-24,basic,200,ok,1788442485
2438eebf18619d2eb88e9292089445ca,2025-09-24,basic,200,empty,1788442485
d4adeb700a7c3b553c402e4f391d1754efe8d04e6d233bd35cf2fabdeb93fb0d,2025-09-24,basic,200,empty,1788442486
8140fd3a2e2ccae8a0fd8b6fe75d9ac0efe8d04e6d233bd35cf2fabdeb93fb0d,2025-09-24,basic,200,ok,1788442487
dfd1264f72ae58d6c0b5222a9d17dbcf,2025-09-24,basic,200,empty,1788442487
cfc46ad7781122698e23b88dc57846c6,2025-09-24,basic,200,ok,1788442488
0dcaec2cb03a51a72e626e390fc45e49,2025-09-24,basic,200,ok,1788442489
910f746cfcf665cf4c4bb4efc84c0eeb,2025-09-24,basic,200,empty,1788442489
c8db12052496f509ec973925f5ba4776aae77432709819edb959e1fd5d1d77b4,2025-09-24,basic,200,ok,1788442490
2eb9cc3de8dfdfe726934f0374e6d4e8,2025-09-24,basic,200,ok,1788442490
524261774c370f5d801d0718f32916effd842dab14be2a956555625b37c97bff,2025-09-24,basic,200,ok,1788442491
cc6f1c896e6eb559e093698dd04a8f1d,2025-09-24,basic,200,ok,1788442492
a8a9876ab47d1a692f33386d5e3a43a7c47ea5ffea2564f587ca830a8f71acb2,2025-09-24,basic,200,empty,1788442492
2700a923cd81db84aade40961caa0ce9,2025-09-24,basic,200,ok,1788442493
0de0846e5ec5afa57e2519cc32437b45,2025-09-24,basic,200,ok,1788442493
d281b142d2442a2b44be7077f47f8065,2025-09-24,basic,200,ok,1788442494
f55450faaa9eb0208142e444d433c985efe8d04e6d233bd35cf2fabdeb93fb0d,2025-09-24,basic,200,empty,1788442495
b6c6b3ffdea70b5d852dff4fe6360802efe8d04e6d233bd35cf2fabdeb93fb0d,2025-09-24,basic,200,empty,1788442495
7932b6c1753f8d918db9139dac534ab4,2025-09-24,basic,200,empty,1788442496
47b23ba7ede04582e22713c5ef88cc9fefe8d04e6d233bd35cf2fabdeb93fb0d,2025-09-24,basic,200,ok,1788442496
e6a7e5527099dbbe9e3d8e23297c75ef,2025-09-24,basic,200,ok,1788442497
f5886b19dde98d9324b1db89407220ec,2025-09-24,basic,200,ok,1788442497
46c07212fc25a60ef3bc02c5489c79f5,2025-09-24,basic,200,empty,1788442498
98ba0957cb9db0b8310972174d65cb3a,2025-09-24,basic,200,ok,1788442499
039f55d699c00693471aad0d30a23991,2025-09-24,basic,200,ok,1788442499
7414e5aaedc601e8e7ef5a3beb9287d5,2025-09-24,basic,200,ok,1788442500
ac25fc71bfd0966457af76cc2077fe886fbb98200a15be5bcc73a64995849e9c,2025-09-24,basic,200,empty,1788442501
4927a817cdd994016bcd144cfb19d0b7efe8d04e6d233bd35cf2fabdeb93fb0d,2025-09-24,basic,200,ok,1788442501
b971fbb483bc7cc8d11a911453e8c9e3,2025-09-24,basic,200,ok,1788442502
f77f1d8ec8a7e69b76ac2db3e542db59efe8d04e6d233bd35cf2fabdeb93fb0d,2025-09-24,basic,200,empty,1788442502
f666337dfa2f027d822b94fce71ad0ce,2025-09-24,basic,200,ok,1788442503
b838e7be91c49feba88248385407110e,2025-09-24,basic,200,empty,1788442504
237fbe6a235681f7f4c1b57dfcb6b7f8fd842dab14be2a956555625b37c97bff,2025-09-24,basic,200,ok,1788442504
832e0158336b6fb42d53dcf5c5d9bf4c,2025-09-24,basic,200,ok,1788442505
633428fc8555a94131b3ca87bb5878caefe8d04e6d233bd35cf2fabdeb93fb0d,2025-09-24,basic,200,ok,1788442506
ea133f185dc297d92324ff2732064e89,2025-09-24,basic,200,ok,1788442506
a50ede2537d8ee2dd911a2b66a05ec90,2025-09-24,basic,200,ok,1788442507
4334d56d7cce33567862762e6bcc11a5,2025-09-24,basic,200,ok,1788442508
a324ab06228cd71851def39f47053d15,2025-09-24,basic,200,ok,1788442508
03f43f04516294208cad4eb8c7c6db32efe8d04e6d233bd35cf2fabdeb93fb0d,2025-09-24,basic,200,ok,1788442509
75980277e4b27b4d36f053ada6f175a7,2025-09-24,basic,200,ok,1788442509
6fe4d4e5e4bd5dd80af7d2f955fc93dd,2025-09-24,basic,200,empty,1788442510
ee0839f101af4bd06907b683e9f3a2298295750b1f4857867454debc45ec9c8a,2025-09-24,basic,200,ok,1788442511
27797175aa8eb36fad7533f935f3e4a8,2025-09-24,basic,200,empty,1788442511
4f50335da029324c481ee48cb0d5bd02efe8d04e6d233bd35cf2fabdeb93fb0d,2025-09-24,basic,200,ok,1788442512
2883a7a28f3c74f76bf854c1e5d5dc96efe8d04e6d233bd35cf2fabdeb93fb0d,2025-09-24,basic,200,ok,1788442512
e686660d483b2a763da1fd4bf01e3c68,2025-09-24,basic,200,empty,1788442513
394c36457ad8cca27f6614d29c1ce5ad,2025-09-24,basic,200,ok,1788442514
7ab3b5065eb6957f6f81bd1099990ff5,2025-09-24,basic,200,ok,1788442514
35fa353783e5df1b3c8139649c215fb6,2025-09-24,basic,200,ok,1788442515
283e8ff05be91901b45058fb581d5c23,2025-09-24,basic,200,ok,1788442516
8bef66eb3aff254c1de0fb96f98a8097,2025-09-24,basic,200,ok,1788442516
9ed094d3c58934e6346b04f4bd91aeba,2025-09-24,basic,200,empty,1788442517
7d41d32f5f8616ad2a4c3799ad0702c7,2025-09-24,basic,200,empty,1788442517
8bf985315b4d42f6ec3645184f8f5fa2,2025-09-24,basic,200,ok,1788442518
d188a68a2af5477c2ad82a3d7177880cefe8d04e6d233bd35cf2fabdeb93fb0d,2025-09-24,basic,200,ok,1788442519
1909b188015b35952643008ab422587b,2025-09-24,basic,200,ok,1788442519
103a9290d5493a904447b49780010a43,2025-09-24,basic,200,ok,1788442520
69f23d1fd1e4f77b9e6cb77dcf3850ad,2025-09-24,basic,200,ok,1788442521
560025f8412dfe6e7b3606010cfbd791efe8d04e6d233bd35cf2fabdeb93fb0d,2025-09-24,basic,200,ok,1788442521
c5d8654fa1d01fcb7071d008f1269c1aa2186d8e7cf7a6ee152d97cc78f2ae8b,2025-09-24,basic,200,empty,1788442522
f5f7368e707ac50d860ab63f2f062f3eefe8d04e6d233bd35cf2fabdeb93fb0d,2025-09-24,basic,200,ok,1788442522
a0bf5b435e356d0550d30a64984767e986e68d4012202d0434d05f81868f68e3,2025-09-24,basic,200,ok,1788442523
0d692d847ac4040cff524468eaeba2bc,2025-09-24,basic,200,empty,1788442524
8e296050312b9da2be6c511e7267aa00,2025-09-24,basic,200,ok,1788442524
25594b2b03c528a394beb3bd6d37f20d,2025-09-24,basic,200,empty,1788442525
8879d022d925eaaa5d742f6955dfb2baefe8d04e6d233bd35cf2fabdeb93fb0d,2025-09-24,basic,200,empty,1788442525
0d7de64314fee45783a50d460e13765d,2025-09-24,basic,200,ok,1788442526
207b654b7b0eb4f15f7823b99c790488,2025-09-24,basic,200,empty,1788442527
5aa322ecf775df0f0d0a1785ed537400,2025-09-24,basic,200,ok,1788442527
4fbcf88de79931925efea43ae077f0d0,2025-09-24,basic,200,ok,1788442528
7bac2a411c28391f7349d5b23f882757,2025-09-24,basic,200,empty,1788442528
feea0a533b1fbba92b1705d833c0733b6fbb98200a15be5bcc73a64995849e9c,2025-09-24,basic,200,ok,1788442529
1c33cdd2293dfed1e11ac41f340e5a0d,2025-09-24,basic,200,empty,1788442530
1c11aa776bfc404edaf6c7cc7e39147f,2025-09-24,basic,200,ok,1788442530
5eea6b5eda45e96c46cd0fcb7e0ec025,2025-09-24,basic,200,empty,1788442531
23ff7efda02c235e6456a933c811657c,2025-09-24,basic,200,ok,1788442531
60c1c9d80edc4a83534f63e155f69627efe8d04e6d233bd35cf2fabdeb93fb0d,2025-09-24,basic,200,ok,1788442532
a9dbc7d16754be8d4006c48d3ff9c5f0efe8d04e6d233bd35cf2fabdeb93fb0d,2025-09-24,basic,200,ok,1788442533
9af55904fc723277aa48af6b166ea1d4,2025-09-24,basic,200,empty,1788442533
be50c466d88e99674713904f4b85f29c,2025-09-24,basic,200,ok,1788442534
81be2643e7ba27a62b1c4cab3005f7db,2025-09-24,basic,200,ok,1788442534
46b8420f8f9678f463e9ca90b7c3e725efe8d04e6d233bd35cf2fabdeb93fb0d,2025-09-24,basic,200,ok,1788442535
dd72f9456a6538060f7ce5351667b8dc,2025-09-24,basic,200,ok,1788442536
efebbdf14a27849de34478e4b411b771,2025-09-24,basic,200,ok,1788442536
9598a7330e2a29d79606848ce8b6d438,2025-09-24,basic,200,ok,1788442537
027351da545abd3102cee3f83aaaf227,2025-09-24,basic,200,ok,1788442538
dfcc25839683fda724425cbb2904e81a,2025-09-24,basic,200,ok,1788442538
0cb779fb0a69e1c7805cc510e7db7e8c,2025-09-24,basic,200,ok,1788442539
b64ff7432fcfa5788d2ef49de5a07b62,2025-09-24,basic,200,empty,1788442539
fd07f0c4b4c688e86806dff8a07b4a63,2025-09-24,basic,200,ok,1788442540
2463070cf0bd6903381fc3d65accffe9efe8d04e6d233bd35cf2fabdeb93fb0d,2025-09-24,basic,200,empty,1788442541
47eedd77817d10cb1f9d04f490504af3,2025-09-24,basic,200,ok,1788442541
2cd3f2f3e6ec7dd2b2be13f77fa7865b,2025-09-24,basic,200,ok,1788442542
5efea7c0f18d46ec7f45e77eef3a6504,2025-09-24,basic,200,ok,1788442543
036eedb16b895263dc9bcecc345222a64723574b05820acf03e7ec3162ff5bed,2025-09-24,basic,200,empty,1788442543
90f39ae96b0f0673ff7a28f3331880cc,2025-09-24,basic,200,ok,1788442544
59c69a8fe644da4fbf77df9f9312aff3a2186d8e7cf7a6ee152d97cc78f2ae8b,2025-09-24,basic,200,empty,1788442544
a9a710df3524cf4767e4b927bd19f5c3efe8d04e6d233bd35cf2fabdeb93fb0d,2025-09-24,basic,200,ok,1788442545
b0921cf02c5fce834eee4da76b25d809,2025-09-24,basic,200,empty,1788442545
630bcdbe0858d96fc5ddda08bc14185d,2025-09-24,basic,200,ok,1788442546
dd0969b9e6f75003eaa8654133d11a2d,2025-09-24,basic,200,empty,1788442547
7d9b8d69676d497f96f9f05ab9c2e898,2025-09-24,basic,200,empty,1788442547
9bd4857ed93b82a6da3754ff2e4ceeafe85e07f9d5d276f44440847eec04ba68,2025-09-24,basic,200,empty,1788442548
b12e4d7f20f9b5ce7d07470d73791e05,2025-09-24,basic,200,ok,1788442548
cae3459af6c129c4b90b3e08a5e786ac,2025-09-24,basic,200,ok,1788442549
9b8b8e11ddcf8832ed83decc248a61bc,2025-09-24,basic,200,empty,1788442549
c364d519dbb06fb17e6365e131719664,2025-09-24,basic,200,ok,1788442550
13ea989ed152eaf3d1dfb13338d0b998,2025-09-24,basic,200,ok,1788442551
cfc2bb37c4e8dcf7100668e9bc090074efe8d04e6d233bd35cf2fabdeb93fb0d,2025-09-24,basic,200,ok,1788442551
811ca7351540d010b63e255977de53c3,2025-09-24,basic,200,ok,1788442552
35cc010bcfdd6b0c3c420561b2a365f5,2025-09-24,basic,200,ok,1788442553
54ed5a149e2481827417a9723960d17befe8d04e6d233bd35cf2fabdeb93fb0d,2025-09-24,basic,200,ok,1788442553
c2794ac88499c283bda46f876d85592eefe8d04e6d233bd35cf2fabdeb93fb0d,2025-09-24,basic,200,ok,1788442554
5158814f33211af898e9d0a4a806c7b3,2025-09-24,basic,200,ok,1788442555
f28877b2f1bdb62c1d4b2d8a99e4a79c,2025-09-24,basic,200,ok,1788442555
f0d4313eb1a7c3e16068a7ba0bc5eb8e,2025-09-24,basic,200,ok,1788442556
b80f96f8d00be8363e3f6c64d2b89e6defe8d04e6d233bd35cf2fabdeb93fb0d,2025-09-24,basic,200,ok,1788442556
73a0cae4c574f5c3204a9b6e1622c857efe8d04e6d233bd35cf2fabdeb93fb0d,2025-09-24,basic,200,ok,1788442557
4b384b27b558b42f63a1f11f8f071f49,2025-09-24,basic,200,ok,1788442558
4a9f5124a6eca36be6971b6d63054d17,2025-09-24,basic,200,ok,1788442558
e8fc701e3cdf3cc074a6e850cda11f69efe8d04e6d233bd35cf2fabdeb93fb0d,2025-09-24,basic,200,empty,1788442559
6bca448fe48ca75d1fece04eff4801e2,2025-09-24,basic,200,ok,1788442559
55e8e07a6a2e8dc63ca86a5a78ede857,2025-09-24,basic,200,ok,1788442560
69c3f618b6395e3cfa5ceeddcf10fe63,2025-09-24,basic,200,ok,1788442561
061aadf23d8356eab3b5cca9c46ce47eefe8d04e6d233bd35cf2fabdeb93fb0d,2025-09-24,basic,200,empty,1788442561
464e3faff406d27d72f00071aa1106de,2025-09-24,basic,200,ok,1788442562
266a1f7f1a8b5e42721635dd7d7ab55e,2025-09-24,basic,200,ok,1788442563
3fd53f5b98793cb97d5c6b1c0699b307,2025-09-24,basic,200,empty,1788442563
ea3bb05e77fa1160cfc4e295f76eb61b,2025-09-24,basic,200,ok,1788442564
84ee22ae1e81a51fa5eeafe6b288d1de,2025-09-24,basic,200,ok,1788442564
cb50614545b8a3222bea20cbfa01f4dfefe8d04e6d233bd35cf2fabdeb93fb0d,2025-09-24,basic,200,ok,1788442565
fd5580cef43307a87a5207b6ee9f806f,2025-09-24,basic,200,ok,1788442566
392f79ad92d9734d0606606ba41768b2,2025-09-24,basic,200,ok,1788442566
2381cc1f078b5284a9349d6bf4184d1486e68d4012202d0434d05f81868f68e3,2025-09-24,basic,200,empty,1788442567
828dbf2b30b025eab3d39b57b065205b,2025-09-24,basic,200,ok,1788442567
911dc910e299fb5505bfc67e0c3108beefe8d04e6d233bd35cf2fabdeb93fb0d,2025-09-24,basic,200,ok,1788442568
5231b060d8a4de49430bc4e417d5eb11,2025-09-24,basic,200,ok,1788442569
caf62b0da4e2a8262f7fcab1ee02fd76,2025-09-24,basic,200,empty,1788442569
e737dc96d9c0ee45e2aaebe17e4512dfefe8d04e6d233bd35cf2fabdeb93fb0d,2025-09-24,basic,200,ok,1788442570
8d3b47cad2142ff9ca1db602a1daf8e9,2025-09-24,basic,200,ok,1788442571
7e0bff67b1c69891cb581eac7c9d2ca6,2025-09-24,basic,200,ok,1788442571
32ba79f01ee8c8c5d879c19763f4863f,2025-09-24,basic,200,ok,1788442572
10f2408ad42697f5b75ba74d65e180538295750b1f4857867454debc45ec9c8a,2025-09-24,basic,200,empty,1788442573
56192f43b1997b39e865d4523607e1dd,2025-09-24,basic,200,empty,1788442573
735d90468da89f5e78fa510fdc2f80ccefe8d04e6d233bd35cf2fabdeb93fb0d,2025-09-24,basic,200,ok,1788442574
2429956f6142a3b473edde2cc96af27d,2025-09-24,basic,200,ok,1788442574
cb101b65ee0e5bc06bf046ed1d47059e,2025-09-24,basic,200,ok,1788442575
079d679a898ce79452755e9d8b6d84ef,2025-09-24,basic,200,ok,1788442576
8fe9d2efda1061c247ec5156fab68d1cefe8d04e6d233bd35cf2fabdeb93fb0d,2025-09-24,basic,200,empty,1788442576
783b3d264c9d11c5e2ad8bca16109c80,2025-09-24,basic,200,empty,1788442577
7044a88de535c0a0fee68cfa02f8ca4b,2025-09-24,basic,200,ok,1788442577
7e3780b4c672a5f03b4396997df1b4dc,2025-09-24,basic,200,ok,1788442578
47b699fd6eb43129f6152b7231c80adb,2025-09-24,basic,200,ok,1788442579
bb65e6f68ccb111da5109058cd61db6c,2025-09-24,basic,200,ok,1788442579
be916ef11b454c762dbf089801eebe96efe8d04e6d233bd35cf2fabdeb93fb0d,2025-09-24,basic,200,ok,1788442580
3631a142bdffd59e647a6eb1cdb62d05,2025-09-24,basic,200,ok,1788442581
ad2ffa871ca2aeffaa0abcd214938cb4efe8d04e6d233bd35cf2fabdeb93fb0d,2025-09-24,basic,200,ok,1788442581
921cb96d14020da523585779250d0935,2025-09-24,basic,200,ok,1788442582
62f1f6acbc1eefeb0e52cf47bea89c6be85e07f9d5d276f44440847eec04ba68,2025-09-24,basic,200,ok,1788442583
414862916602637078e860443c4b7c81efe8d04e6d233bd35cf2fabdeb93fb0d,2025-09-24,basic,200,ok,1788442583
086b3d604195aca55b9fed471079c467,2025-09-24,basic,200,ok,1788442584
ce26de8fcb2cf06ffadb656af94ca5c7efe8d04e6d233bd35cf2fabdeb93fb0d,2025-09-24,basic,200,ok,1788442585
ccb1b4d802c1ccb1de0f70dd6cb706d6,2025-09-24,basic,200,empty,1788442585
57140741bb086af27970c442c6d517b6,2025-09-24,basic,200,empty,1788442586
fc8b81972cb2a3ebcef3850972fdba1a,2025-09-24,basic,200,ok,1788442586
bebbb6945a6113697f703a9480117931,2025-09-24,basic,200,ok,1788442587
abc9d6a50e8ababca205314cabe1bcda,2025-09-24,basic,200,empty,1788442588
8095308283cd6357e82848e305ed0586,2025-09-24,basic,200,ok,1788442588
33b6258cfe2406701c39df7004eae5e0,2025-09-24,basic,200,ok,1788442589
0e909d3dcec7f1f55d0387302c54b94f,2025-09-24,basic,200,ok,1788442590
32dc3e347023052e55202ac9043ff1d2,2025-09-24,basic,200,empty,1788442590
74a440f76bf65fe6356dcad2b4ed80cf,2025-09-24,basic,200,ok,1788442591
faf059742471b4531fb786b60f07fb17,2025-09-24,basic,200,ok,1788442591
aa80333639ef2a80ced8be5412b978e1,2025-09-24,basic,200,empty,1788442592
ac4167970d28efe1e3133878afbd43da,2025-09-24,basic,200,ok,1788442593
34781c24f998d7e2ac73c9f5cf9047c8e85e07f9d5d276f44440847eec04ba68,2025-09-24,basic,200,ok,1788442593
02ba1a151a05df6395e40fb6b0162644,2025-09-24,basic,200,empty,1788442594
4191f13e7f2eb8ef7af490080dc0fbb0,2025-09-24,basic,200,ok,1788442594
f4101031a0d9101305fa1dda72834c85,2025-09-24,basic,200,ok,1788442595
261156f1c9847a1ba6771b705966e467efe8d04e6d233bd35cf2fabdeb93fb0d,2025-09-24,basic,200,ok,1788442596
e9f347590a2e6677f04c9e80b6199ffaefe8d04e6d233bd35cf2fabdeb93fb0d,2025-09-24,basic,200,empty,1788442597
2391e8799a822c17a76d7284ddfe9d65,2025-09-24,basic,200,empty,1788442597
e3883a48a4174b566c644b4a6aabb791,2025-09-24,basic,200,ok,1788442598
8a621dd77730790e250a662c0af31aa4,2025-09-24,basic,200,empty,1788442599
c3397347898c8445afa71f0a30912599efe8d04e6d233bd35cf2fabdeb93fb0d,2025-09-24,basic,200,ok,1788442599
4dafa2299aa67a9f1b0499e03b113e7d,2025-09-24,basic,200,ok,1788442600
663de86654fad0dfd8347de7fae7c98aefe8d04e6d233bd35cf2fabdeb93fb0d,2025-09-24,basic,200,ok,1788442601
348332bad2b8e73aeb5874aaa9b37d5886e68d4012202d0434d05f81868f68e3,2025-09-24,basic,200,ok,1788442601
477a3806b1ef8c0908f64e17a6209f80,2025-09-24,basic,200,empty,1788442602
8a2a7342bece01ae520075eeacfd7119efe8d04e6d233bd35cf2fabdeb93fb0d,2025-09-24,basic,200,ok,1788442602
8dec3a401e604d54e2b3e0455fda017befe8d04e6d233bd35cf2fabdeb93fb0d,2025-09-24,basic,200,ok,1788442603
c0ffc013c6d76e2e9427e5fe3a8f3e3c,2025-09-24,basic,200,ok,1788442604
7b5259eee93655002a88ee05119b5a90,2025-09-24,basic,200,ok,1788442604
dc41cd414377e6f3701a7e14f2682383efe8d04e6d233bd35cf2fabdeb93fb0d,2025-09-24,basic,200,ok,1788442605
7acd99f8d3c69bdbd6a0adedce2d4d4aefe8d04e6d233bd35cf2fabdeb93fb0d,2025-09-24,basic,200,empty,1788442606
ada4022f65aec6a3904972cd247cb3ed,2025-09-24,basic,200,ok,1788442606
8ece79ea6cf6b606c3b44a0859c7a0be,2025-09-24,basic,200,empty,1788442607
75d9e3fa70e41d9ecfa6f1ddaa80c5d0efe8d04e6d233bd35cf2fabdeb93fb0d,2025-09-24,basic,200,ok,1788442608
83190c84354df57d08ac29b71d0aea3fc47ea5ffea2564f587ca830a8f71acb2,2025-09-24,basic,200,ok,1788442608
aa3b445593c0d351264d411cdf0a807e,2025-09-24,basic,200,empty,1788442609
d71497b7485f3bc3bd6b9d6970c288a9,2025-09-24,basic,200,ok,1788442609
9c0a84d8b1e210f46a769190e20c1d1c,2025-09-24,basic,200,empty,1788442610
16ef2538bfeb496243de442d54d2ff3f,2025-09-24,basic,200,ok,1788442611
af1ab2c67d778da8a4099c6d00109bac,2025-09-24,basic,200,empty,1788442611
0bcf23ebce5233d865607af62f96708486e68d4012202d0434d05f81868f68e3,2025-09-24,basic,200,ok,1788442612
54a773563e2d495f1a07dae4ce8fb02a,2025-09-24,basic,200,empty,1788442612
98b23d2e2c7095f96a41d1c16ee97c1d,2025-09-24,basic,200,ok,1788442613
1a954b4f1d6ca4edf3ad111431d62514efe8d04e6d233bd35cf2fabdeb93fb0d,2025-09-24,basic,200,empty,1788442613
592c1382ece7947ca200b75f42f774eeefe8d04e6d233bd35cf2fabdeb93fb0d,2025-09-24,basic,200,ok,1788442614
75825776cb7a2cb5eebb879c4ebafdac,2025-09-24,basic,200,ok,1788442615
dc725ccdc580f17f25c340f6005df4dc,2025-09-24,basic,200,ok,1788442615
9d5044211e5316eac6de0df0e865c32c,2025-09-24,basic,200,empty,1788442616
3f5095689a598cf216b0a6cd667d21a3e85e07f9d5d276f44440847eec04ba68,2025-09-24,basic,200,ok,1788442617
130298362394149ba88de76af6c6fe70,2025-09-24,basic,200,empty,1788442617
3af56a8613d6b5d44fe57f67b3d2c311efe8d04e6d233bd35cf2fabdeb93fb0d,2025-09-24,basic,200,ok,1788442618
a9ef743df8b2ba6c7c896ecd3a1752d9,2025-09-24,basic,200,ok,1788442618
0b54c763760496b844e5a1dc13f62875,2025-09-24,basic,200,ok,1788442619
6b2aa789f14a6d9b30982289507dc1bc,2025-09-24,basic,200,ok,1788442620
b9909455709349657c4ab24400262213,2025-09-24,basic,200,ok,1788442620
9842109802903e6c5a56ad969eb5ffbaefe8d04e6d233bd35cf2fabdeb93fb0d,2025-09-24,basic,200,ok,1788442621
7bff6e1d892ac4e73e8d99138235b2be,2025-09-24,basic,200,empty,1788442621
de2652dd5e4bb16a3474e2d7af13bc14,2025-09-24,basic,200,ok,1788442622
acc0e0b0357fbf56857b891e31d23894,2025-09-24,basic,200,ok,1788442623
6d978b338ef9a295bd0430c1b5367853efe8d04e6d233bd35cf2fabdeb93fb0d,2025-09-24,basic,200,empty,1788442623
920e7e7d6e0aaaf2c4fb90c6158074ee,2025-09-24,basic,200,ok,1788442624
ad9f8440907cd22bb3d81ff30d9926fa,2025-09-24,basic,200,ok,1788442624
e6461cdd6fb745abae8b04259f0964c3efe8d04e6d233bd35cf2fabdeb93fb0d,2025-09-24,basic,200,ok,1788442625
4a634a440954e8bc520fa11bdd0cbd6aefe8d04e6d233bd35cf2fabdeb93fb0d,2025-09-24,basic,200,ok,1788442626
88e4009d06b8426bdce140efbc0847a0,2025-09-24,basic,200,ok,1788442626
95fd5bf06a4f67d1f71b813276158b2da2186d8e7cf7a6ee152d97cc78f2ae8b,2025-09-24,basic,200,ok,1788442627
c3299c3da9ca05f4b102fd77c22b46e5,2025-09-24,basic,200,empty,1788442627
74df32f2f51fe39bba8709adf607e38c,2025-09-24,basic,200,empty,1788442628
4e00cb0a2cce226fa48e2b888bab185c,2025-09-24,basic,200,ok,1788442629
7da22dcbadb3fa4d064bfa1ba7bf5be0,2025-09-24,basic,200,empty,1788442629
653c0cd86f764c7c4bec6c84fd260af6,2025-09-24,basic,200,ok,1788442630
ada9c25850509c47e4277fe1ea7e0821,2025-09-24,basic,200,empty,1788442630
62034f8c946978e2a32e65df5f495b15,2025-09-24,basic,200,empty,1788442631
083447a959a0fd8bfa78cd5398bc9e4e,2025-09-24,basic,200,ok,1788442631
4ee9695f993bcbb509f993c6e4df9f61,2025-09-24,basic,200,ok,1788442632
b01009e86b92c31cf6bcdd624a86dae7,2025-09-24,basic,200,empty,1788442633
489e1713e76e675c5c092437c23e414fefe8d04e6d233bd35cf2fabdeb93fb0d,2025-09-24,basic,200,ok,1788442633
0be1b6381dc0cf344cd8a118afbe8200,2025-09-24,basic,200,ok,1788442634
757170506cc40e28b1415d1cd8fce3e9efe8d04e6d233bd35cf2fabdeb93fb0d,2025-09-24,basic,200,empty,1788442634
21b9d56e2fb82146c3bdc787279cd99e,2025-09-24,basic,200,ok,1788442635
346fc906e925cf1a0e47407f8d058bc0efe8d04e6d233bd35cf2fabdeb93fb0d,2025-09-24,basic,200,ok,1788442636
18d28330a87926123e8ec7480804f0fb,2025-09-24,basic,200,ok,1788442637
25b104008299a51ca829f3d2885bf10defe8d04e6d233bd35cf2fabdeb93fb0d,2025-09-24,basic,200,ok,1788442637
d108726fed653113753431ee3c14cbcd6fbb98200a15be5bcc73a64995849e9c,2025-09-24,basic,200,ok,1788442638
8d122603cc2db91e6207422778417b75efe8d04e6d233bd35cf2fabdeb93fb0d,2025-09-24,basic,200,ok,1788442639
1c928c2b422c856c9299466ae78bb20fefe8d04e6d233bd35cf2fabdeb93fb0d,2025-09-24,basic,200,ok,1788442639
9cf2f2064d06a649928299298b425725,2025-09-24,basic,200,ok,1788442640
770d499316e1306b2dea46a622ef177b,2025-09-24,basic,200,empty,1788442640
7b2afe6b142ae59d8a2cda9eda5b4e7ce85e07f9d5d276f44440847eec04ba68,2025-09-24,basic,200,ok,1788442641
0fc562e3f41f92d8b7f6ac2d5835442e,2025-09-24,basic,200,ok,1788442642
0f653208492afed632d778d5c5f8e959,2025-09-24,basic,200,ok,1788442643
ecb8df5258c0b45f8417ddec096ea621efe8d04e6d233bd35cf2fabdeb93fb0d,2025-09-24,basic,200,ok,1788442643
e795f9fd8a1f2b14069301a88e88cde1,2025-09-24,basic,200,empty,1788442644
3b0d0f682f1fcaa3221799be6ff0b198efe8d04e6d233bd35cf2fabdeb93fb0d,2025-09-24,basic,200,ok,1788442645
de3d9850f568b7ec97148bc3f1423de9,2025-09-24,basic,200,empty,1788442645
5f779bea0f4e019a5a9571d7edf81ad8,2025-09-24,basic,200,ok,1788442646
0818d14338c6233658b47a621cf170ce,2025-09-24,basic,200,ok,1788442646
75870a6708e21dea0c4c4b6c07abd431,2025-09-24,basic,200,ok,1788442647
edeecb5bc4974dc8a8f61156de921ec7,2025-09-24,basic,200,ok,1788442648
b8af1a71e6f1b79b1333dfe90ca8eb46,2025-09-24,basic,200,ok,1788442649
6601d0a23b78446ffdaaf372e9f2ddda,2025-09-24,basic,200,ok,1788442649
b16609eeea0b4070a9e34cbf3dfa89676fbb98200a15be5bcc73a64995849e9c,2025-09-24,basic,200,ok,1788442650
c985316424c571bf1a5d9d13ab3aa7d4efe8d04e6d233bd35cf2fabdeb93fb0d,2025-09-24,basic,200,ok,1788442651
9ed67ef8c429ba060d68291226aff039,2025-09-24,basic,200,ok,1788442651
b18a8e0b8730f74f89c259e77f991a41efe8d04e6d233bd35cf2fabdeb93fb0d,2025-09-24,basic,200,empty,1788442652
5408997c91378583b287dee997d0f141c47ea5ffea2564f587ca830a8f71acb2,2025-09-24,basic,200,ok,1788442653
11aa0fce047d41987cc21c8b5dce2d19,2025-09-24,basic,200,empty,1788442653
279344b0d6640640fc4f804ebe518a63,2025-09-24,basic,200,ok,1788442654
259f69624e2004d426646ef57dd48215,2025-09-24,basic,200,ok,1788442654
54b2719a4e5402ac2d095673e577079fefe8d04e6d233bd35cf2fabdeb93fb0d,2025-09-24,basic,200,ok,1788442655
9704723d6d97c5552d90167743741f98efe8d04e6d233bd35cf2fabdeb93fb0d,2025-09-24,basic,200,ok,1788442656
c3b9ddaa41b6f885fa6f7ee5341de25fefe8d04e6d233bd35cf2fabdeb93fb0d,2025-09-24,basic,200,ok,1788442656
881b6050ef10eabae8768d632268b8a4efe8d04e6d233bd35cf2fabdeb93fb0d,2025-09-24,basic,200,empty,1788442657
24fe561ab474dc88e726d02d51afd6e0,2025-09-24,basic,200,empty,1788442658
bebf37fee45a696955e79d142aa7b6b1efe8d04e6d233bd35cf2fabdeb93fb0d,2025-09-24,basic,200,ok,1788442658
b99dd86bb08330a2b14eb92c972c2e11,2025-09-24,basic,200,ok,1788442659
4853c5be4037f04057294142febc30efefe8d04e6d233bd35cf2fabdeb93fb0d,2025-09-24,basic,200,ok,1788442660
8442b4c1f5b02af57c4b61dc08e26400efe8d04e6d233bd35cf2fabdeb93fb0d,2025-09-24,basic,200,ok,1788442660
69f76ce557ebd7fe7690499d2d5802deefe8d04e6d233bd35cf2fabdeb93fb0d,2025-09-24,basic,200,ok,1788442661
deeaad4b2d6baacbadca21890297693b,2025-09-24,basic,200,ok,1788442662
89c29c67eb444f11aa7e1bd7d692b856,2025-09-24,basic,200,ok,1788442662
35614b586f49b33b5ca2f9d69bcb900c,2025-09-24,basic,200,ok,1788442663
ad00ccf9b55019260dd2fa625c2a1ab3efe8d04e6d233bd35cf2fabdeb93fb0d,2025-09-24,basic,200,ok,1788442664
22a81d94d2860667aee4ac5b1af6e05e,2025-09-24,basic,200,empty,1788442664
67c266c4634079d3465f2d679a28bc6f,2025-09-24,basic,200,ok,1788442665
bf9be89fb32c499a7edbbaf064125762,2025-09-24,basic,200,empty,1788442665
8c845c870579bcdb5a2d5fb978711851,2025-09-24,basic,200,ok,1788442666
fe2532971cbdd2ccf5f8f703d0d0d1c1,2025-09-24,basic,200,ok,1788442667
f6472b3238d0424e028b6f1bc9d71b45efe8d04e6d233bd35cf2fabdeb93fb0d,2025-09-24,basic,200,ok,1788442667
120d5330ed9c97bfb189e5fd30ca1d42efe8d04e6d233bd35cf2fabdeb93fb0d,2025-09-24,basic,200,ok,1788442668
f444fab0b84a1418b12fa2810b31d329,2025-09-24,basic,200,ok,1788442669
1e9c00bdab72202f57f39489ecfc18f5,2025-09-24,basic,200,ok,1788442669
239ef365318b77f145a83b34618f9a66efe8d04e6d233bd35cf2fabdeb93fb0d,2025-09-24,basic,200,ok,1788442670
d988bf5620b3cc8c9560f782b213ae4aefe8d04e6d233bd35cf2fabdeb93fb0d,2025-09-24,basic,200,ok,1788442671
eeaae786cce481c7578e1f6fee87aabd,2025-09-24,basic,200,ok,1788442671
faf1749fe884a6c8f40cc392ab1d582f,2025-09-24,basic,200,ok,1788442672
d956f6fdec7267eaa59e8fc70952c5a4efe8d04e6d233bd35cf2fabdeb93fb0d,2025-09-24,basic,200,empty,1788442673
ac14e5502ab7427ee2d3bed72306f37b,2025-09-24,basic,200,ok,1788442673
657f991dc106e0810fee14efb330f38f,2025-09-24,basic,200,empty,1788442674
ba98fe3f00c71f34da4438bd51fd6d58efe8d04e6d233bd35cf2fabdeb93fb0d,2025-09-24,basic,200,ok,1788442674
068f8cc0609789a38f5e885eeee869ddefe8d04e6d233bd35cf2fabdeb93fb0d,2025-09-24,basic,200,empty,1788442675
bb269b94b5d8ba9aea11a781938aa072,2025-09-24,basic,200,ok,1788442676
a01df0d5c39ea2546ca7b222772edefbefe8d04e6d233bd35cf2fabdeb93fb0d,2025-09-24,basic,200,ok,1788442676
5f912e52724b77688cf02617853429bd,2025-09-24,basic,200,ok,1788442677
dd87b8f2b08d308a328f2064ce1a4ca3,2025-09-24,basic,200,empty,1788442677
6d913f41941ad4c76ff90bbe12065c81efe8d04e6d233bd35cf2fabdeb93fb0d,2025-09-24,basic,400,http_400,1788442678
f28f04c1e704ee0c27a9a6df655765a4efe8d04e6d233bd35cf2fabdeb93fb0d,2025-09-24,basic,200,ok,1788442679
4006c05f831397f9ae7fa333112ce962efe8d04e6d233bd35cf2fabdeb93fb0d,2025-09-24,basic,200,ok,1788442679
86cdf1e35e899834430e9985a399747f,2025-09-24,basic,200,ok,1788442680
896b9db874ccf1947d0267dd171e4857efe8d04e6d233bd35cf2fabdeb93fb0d,2025-09-24,basic,200,ok,1788442681
01c67761f5b58be6907a98a27d5c9ba7,2025-09-24,basic,200,ok,1788442681
a5a03e31e36216fc706a3dbf6f635381,2025-09-24,basic,200,ok,1788442682
06ac1e33b72146d1a5a78c4e105403a7efe8d04e6d233bd35cf2fabdeb93fb0d,2025-09-24,basic,200,empty,1788442683
a472840cb695a4914723c54e3d27ce59,2025-09-24,basic,200,ok,1788442683
2194e874cf1ee2049ae5d23bfdcd0b2e,2025-09-24,basic,200,empty,1788442684
6a52cc59d7bad3066b258ca4cf858312,2025-09-24,basic,200,ok,1788442685
093d1dbf1e105865ca0d3f089298e8acefe8d04e6d233bd35cf2fabdeb93fb0d,2025-09-24,basic,200,ok,1788442685
365fb73936baca8e26a83137044c31b8,2025-09-24,basic,200,ok,1788442686
3c6681f716cedd680bf6b0bf8e077686e85e07f9d5d276f44440847eec04ba68,2025-09-24,basic,200,ok,1788442687
3c074bef21b4dab62eec25afd4b90432,2025-09-24,basic,200,ok,1788442687
0a57201920fbac75eb3340bb81bf7720a2186d8e7cf7a6ee152d97cc78f2ae8b,2025-09-24,basic,200,empty,1788442688
0c9e78b347026ca759a4a80e614e4f5c,2025-09-24,basic,200,ok,1788442688
e8c9b6e7072bc6cf35e42f8fe3aa5620,2025-09-24,basic,200,ok,1788442689
2b790306f1b6ec62d6a75a3406ff0ff4,2025-09-24,basic,200,ok,1788442690
c8e2d04be9820b57bbc34efd59e2af7e,2025-09-24,basic,200,ok,1788442690
d68cba1573f4beaa8635fdc9789a0428,2025-09-24,basic,200,ok,1788442691
56485ddad9c545d18bbcfe7f6a383d27,2025-09-24,basic,200,ok,1788442692
6aae561357d4fec7ce1b834466533cbcefe8d04e6d233bd35cf2fabdeb93fb0d,2025-09-24,basic,200,ok,1788442692
cb59c6496cd036703a81d247bd11885cefe8d04e6d233bd35cf2fabdeb93fb0d,2025-09-24,basic,200,ok,1788442693
01aae0a071c92231d21a8d97121a2f27efe8d04e6d233bd35cf2fabdeb93fb0d,2025-09-24,basic,200,ok,1788442694
ecde32a1507cefca0ae56ce6fe98e46d,2025-09-24,basic,200,ok,1788442694
a9ddc7ad8bf718fe875ddfdff77a5115efe8d04e6d233bd35cf2fabdeb93fb0d,2025-09-24,basic,200,ok,1788442695
40fa376d4fb33d596dc2acde45cec068,2025-09-24,basic,200,ok,1788442695
aabeb625c2bcc9370f03e92f1d73c192c47ea5ffea2564f587ca830a8f71acb2,2025-09-24,basic,200,ok,1788442696
eb489f492cc28524f992c367b091236eefe8d04e6d233bd35cf2fabdeb93fb0d,2025-09-24,basic,200,empty,1788442697
4a958f475701562742cc6d27483aead7,2025-09-24,basic,200,ok,1788442697
1c05fa07beb8a34dd7673ea9ea46a177,2025-09-24,basic,200,ok,1788442698
0bb9944e12307f37d3ddfc4668b70466,2025-09-24,basic,200,ok,1788442699
1214f332b95d0b753733d2bad3f76b1eefe8d04e6d233bd35cf2fabdeb93fb0d,2025-09-24,basic,200,ok,1788442699
dd5e9cc04a332737fcbcbe0b286fb104,2025-09-24,basic,200,ok,1788442700
39a13ddefe1734fe15e030af6ea579d6,2025-09-24,basic,200,ok,1788442701
87266b84e636695078666852ca698af7,2025-09-24,basic,200,ok,1788442701
e7ed7d3549cf39839cc5ba9af9452dc7efe8d04e6d233bd35cf2fabdeb93fb0d,2025-09-24,basic,200,ok,1788442702
140ca2feb5f947b2f52e1500f236c535efe8d04e6d233bd35cf2fabdeb93fb0d,2025-09-24,basic,200,ok,1788442703
d91d1c324619f43856e3a26f88340341efe8d04e6d233bd35cf2fabdeb93fb0d,2025-09-24,basic,200,ok,1788442703
8d3a2ed25714202e2ca8b8d7ffed5e7cc47ea5ffea2564f587ca830a8f71acb2,2025-09-24,basic,200,empty,1788442704
2653031933a4100f73a12a936bce3299,2025-09-24,basic,200,ok,1788442704
809802d2985cad29a46bd7f6db72b316,2025-09-24,basic,200,empty,1788442705
561562c0fdd21233191b4995aacef880,2025-09-24,basic,200,ok,1788442705
4a6601bac5a33385958506be9c201eaa,2025-09-24,basic,200,ok,1788442706
740b9340e7b0e51ffa8efd68094df804,2025-09-24,basic,200,ok,1788442707
e2bb591e33b9dd186ec860fe60296a6e,2025-09-24,basic,200,ok,1788442707
c6f7288ed623e5506bb3db29e50f228f,2025-09-24,basic,200,empty,1788442708
46ac6148fa1bab47613eadab64589b06,2025-09-24,basic,200,ok,1788442709
57da3d9690524d93fb7f1edeacb55593,2025-09-24,basic,200,empty,1788442709
b5a798f59c683a8acedd461acdc399b4,2025-09-24,basic,200,ok,1788442710
329ff1223369c7e8d9ca89a130bc80a6,2025-09-24,basic,200,ok,1788442710
a35f4d0b3c1f76de607cd275cd647e10,2025-09-24,basic,200,ok,1788442711
41ab16bcb497725164a840f8a62b98fe,2025-09-24,basic,200,ok,1788442712
0bc18403bb52d4c811f9c7d19bbd698eefe8d04e6d233bd35cf2fabdeb93fb0d,2025-09-24,basic,200,ok,1788442712
403b392936baebfceb326c3feb0d7859,2025-09-24,basic,200,empty,1788442713
a6e1202bcdf96dab5c8692aa1c81f110efe8d04e6d233bd35cf2fabdeb93fb0d,2025-09-24,basic,200,ok,1788442714
9b5db6f59abd04fcde802dab6f032a04c47ea5ffea2564f587ca830a8f71acb2,2025-09-24,basic,200,empty,1788442714
891457c319f72eeb9789ddd35fc9d2b4,2025-09-24,basic,200,ok,1788442715
aa4b819f9393fa1c9eb98815468dc833,2025-09-24,basic,200,empty,1788442715
4328411908ca4b8c16aba52a1b40f3f74723574b05820acf03e7ec3162ff5bed,2025-09-24,basic,200,ok,1788442716
b3ef8023bcb3ff9de9223b78d7d7267e,2025-09-24,basic,200,ok,1788442717
dffe2851404a3935a71ff363d53d4086,2025-09-24,basic,200,ok,1788442717
35c279ed7941c23968be6dc83933f082,2025-09-24,basic,200,ok,1788442718
ceb56102d639fa81894a175c133d0ebdefe8d04e6d233bd35cf2fabdeb93fb0d,2025-09-24,basic,200,empty,1788442719
99eb1a81a7ed5b39047b7db875e3b4fb,2025-09-24,basic,200,empty,1788442719
ac59a0f13c000e6f032e519a70d7dab6,2025-09-24,basic,200,ok,1788442720
3f4955952bdc19e49240af78f52f2086,2025-09-24,basic,200,ok,1788442721
c74bf8fdcc7b61ac8313c642bcdd950a,2025-09-24,basic,200,ok,1788442721
293b3aa490a27b01212dc4721f56e3afefe8d04e6d233bd35cf2fabdeb93fb0d,2025-09-24,basic,200,ok,1788442722
dd0270fbd5b818c12fbc40a6f324226afd842dab14be2a956555625b37c97bff,2025-09-24,basic,200,ok,1788442723
f17421f898e056d134fbfcdf5e1ebff9,2025-09-24,basic,200,ok,1788442723
2c6a16b3eeaa9f14e14b61eaf773840486e68d4012202d0434d05f81868f68e3,2025-09-24,basic,200,ok,1788442724
1e6491bec1ffe5f44f45184712005714,2025-09-24,basic,200,empty,1788442724
229e2ca0f54f8088f6e42207bbf4ccd3,2025-09-24,basic,200,ok,1788442725
db15b3e4b1f84a79834ce87785c494f8,2025-09-24,basic,200,ok,1788442726
10a32919134e4a8b4a63b63a759f533defe8d04e6d233bd35cf2fabdeb93fb0d,2025-09-24,basic,200,ok,1788442726
b51fa0c69009c0765970f0612abca5a2,2025-09-24,basic,200,ok,1788442727
6bfc18cf249e7d93b9b83384a8d427b1efe8d04e6d233bd35cf2fabdeb93fb0d,2025-09-24,basic,200,ok,1788442728
6b646c6596ae841e439ab7765e72bf8defe8d04e6d233bd35cf2fabdeb93fb0d,2025-09-24,basic,200,empty,1788442728
8627aedc2f39db5d19eec1e64fc7157d,2025-09-24,basic,200,empty,1788442729
f2b32969ef9300140ad423b0ec8c5180efe8d04e6d233bd35cf2fabdeb93fb0d,2025-09-24,basic,200,empty,1788442729
58e135f7ed3fd9601523a98f61b6753cefe8d04e6d233bd35cf2fabdeb93fb0d,2025-09-24,basic,200,ok,1788442730
9b515a4fe07527b3ce3f1970d3beea6e,2025-09-24,basic,200,ok,1788442731
ffb1ca912df7eb6ebc6fc72c9c1f8357efe8d04e6d233bd35cf2fabdeb93fb0d,2025-09-24,basic,200,empty,1788442731
1c9a2ba1551ebb63c7dfac0bf456afaf,2025-09-24,basic,200,empty,1788442732
7c25addfbaf0e385e4d2c92de0fc29fc,2025-09-24,basic,200,empty,1788442732
7253e4c6be37c773340743d28b9d448a,2025-09-24,basic,200,ok,1788442733
5cd373ff240f910fc32722121f680a5aefe8d04e6d233bd35cf2fabdeb93fb0d,2025-09-24,basic,200,ok,1788442734
84b1221e97e32100170801699d56f048,2025-09-24,basic,200,ok,1788442734
60196253d450c131a0c198b8fc63a0e3efe8d04e6d233bd35cf2fabdeb93fb0d,2025-09-24,basic,200,ok,1788442735
e5ef0541ba5c1bebafcf4b4b1f34bc79,2025-09-24,basic,200,ok,1788442735
84fd74f03d9a3a190530b90679cb61ea,2025-09-24,basic,200,ok,1788442736
d802879078eba8f8155a39ce7c45c308,2025-09-24,basic,200,ok,1788442737
e8b7789820542a49c5167858143b940aefe8d04e6d233bd35cf2fabdeb93fb0d,2025-09-24,basic,200,ok,1788442737
f69c63329cb30cd9c26b330168dd4bab,2025-09-24,basic,200,ok,1788442738
e5519f868b7a03d325f3c793f2261918,2025-09-24,basic,200,ok,1788442739
4a9c6f35cb260058a914c85949e84c49,2025-09-24,basic,200,empty,1788442739
099b48fc50e8de2839810c32f6afc4bb,2025-09-24,basic,200,ok,1788442740
e9ecf89ac73b3e24adb50ce4a43ee285,2025-09-24,basic,200,empty,1788442741
87822f4be9ca2f52548c91f0afd83791,2025-09-24,basic,200,ok,1788442741
78a9d02b6e5ccd4ecc24b601399b611e,2025-09-24,basic,200,ok,1788442742
ff1b235f8f4f822f6223de3201f74753efe8d04e6d233bd35cf2fabdeb93fb0d,2025-09-24,basic,200,ok,1788442742
4f7e37eacd4f18517890c06c657f1c7befe8d04e6d233bd35cf2fabdeb93fb0d,2025-09-24,basic,200,empty,1788442743
83f4e2358ce7c0c2b497c7c61ee60d86efe8d04e6d233bd35cf2fabdeb93fb0d,2025-09-24,basic,200,ok,1788442744
cd7308d70b89e398ca5617fc7ef13104,2025-09-24,basic,200,ok,1788442744
4704b244c5d350960aa95f5ee23de4f5efe8d04e6d233bd35cf2fabdeb93fb0d,2025-09-24,basic,200,ok,1788442745
5ea597e4b7e4e811a75803208496f3d1,2025-09-24,basic,200,ok,1788442746
77d8ac9efde6919dbcdf16713004582aefe8d04e6d233bd35cf2fabdeb93fb0d,2025-09-24,basic,200,ok,1788442746
503bbb7bc2d7d65fde7aef8d0ce7149f,2025-09-24,basic,200,ok,1788442747
92b8f3928d83f929ce109f12ce67443e,2025-09-24,basic,200,ok,1788442747
314f9c4062e6e77063e774b0cbb1083cefe8d04e6d233bd35cf2fabdeb93fb0d,2025-09-24,basic,200,ok,1788442748
e2d6052ad7b56a4f3f94500d5775bce5efe8d04e6d233bd35cf2fabdeb93fb0d,2025-09-24,basic,200,empty,1788442749
92a3b6def429c676d899ef5c69157cc88295750b1f4857867454debc45ec9c8a,2025-09-24,basic,200,ok,1788442749
c2c2b964159dc46cf6bf88211b3b9a5b,2025-09-24,basic,200,ok,1788442750
ff90c9344aa0a202a162af309c71f3d6,2025-09-24,basic,200,ok,1788442750
447e74a9580172f438f2a297ca801150,2025-09-24,basic,200,ok,1788442751
992c873304c93ecf38c80df9c3652bfa,2025-09-24,basic,200,ok,1788442752
a5435007ebe6f29258fba59a67b2ec28,2025-09-24,basic,200,ok,1788442752
c42583359f43762c2a0d48ef8a2eec963663933da92e7566c55104ec9ac2894d,2025-09-24,basic,200,ok,1788442753
3bb776aaa0e129fdffd1de823b43b0f2efe8d04e6d233bd35cf2fabdeb93fb0d,2025-09-24,basic,200,ok,1788442754
08b29ad0ab1a7374162f3b828dd76ad6,2025-09-24,basic,200,empty,1788442754
a5320e1080c5626331ccb14db2d576be,2025-09-24,basic,200,empty,1788442755
0cfaf18faa25c5aa9f237408d79dfe4a,2025-09-24,basic,200,empty,1788442755
4b2dc2d335d614506bb27dc2aebbc547,2025-09-24,basic,200,ok,1788442756
e3bf10d174a7d2adb6010132e96afd93,2025-09-24,basic,200,ok,1788442757
bcc676c1f93d236be65abd376a309e40efe8d04e6d233bd35cf2fabdeb93fb0d,2025-09-24,basic,200,ok,1788442757
e737cc82548442f7f8cc4b0beed68170,2025-09-24,basic,200,ok,1788442758
367c537308589ab3d2220bed89e69e79,2025-09-24,basic,200,ok,1788442759
cc138a806510ec0ee3633691dca614d7,2025-09-24,basic,200,empty,1788442759
6b3032c63172851feb1486eac9dbd5e3,2025-09-24,basic,200,ok,1788442760
feca665b17d703e02977c4094b7d2f0d,2025-09-24,basic,200,ok,1788442760
eb5d55dcb9727f9c729234002201d269,2025-09-24,basic,200,ok,1788442761
edb1d52cfb4dfbdb16aeaae50962de5a,2025-09-24,basic,200,ok,1788442762
275a5ed73a7ecab4b1cf600b5b66db67,2025-09-24,basic,400,http_400,1788442762
6829670ffdd603c1749ea306851eb0c0,2025-09-24,basic,200,empty,1788442763
4bd456f0cd21e681e646b9319699341b,2025-09-24,basic,200,ok,1788442764
eb87565bad43ced1d277f1b53fba16b7,2025-09-24,basic,200,ok,1788442764
ddddadbb315795044e0e0b6002cd2c54,2025-09-24,basic,200,ok,1788442765
0723ffae660b0985cf570d08bf93cbbd,2025-09-24,basic,200,empty,1788442765
b3e2bc54bfddbc828d220e4c04fcac0befe8d04e6d233bd35cf2fabdeb93fb0d,2025-09-24,basic,200,ok,1788442766
9ca6902357eaf007edbe1a7084afd1edefe8d04e6d233bd35cf2fabdeb93fb0d,2025-09-24,basic,200,ok,1788442767
14b13e6a55b0f55bf9e49d0ba57a683eefe8d04e6d233bd35cf2fabdeb93fb0d,2025-09-24,basic,200,empty,1788442767
a017a57c32147c0183c0b20f951e2048,2025-09-24,basic,200,ok,1788442768
c65b789c8f6e4622171e14f115b643daefe8d04e6d233bd35cf2fabdeb93fb0d,2025-09-24,basic,200,ok,1788442769
5e17725f46ab37b849392bc74fdbc406,2025-09-24,basic,200,ok,1788442769
816dcea5c3d5321a70f31996f211b484,2025-09-24,basic,200,ok,1788442770
b7d1df6631f1525c45a9474c77474617,2025-09-24,basic,200,ok,1788442771
8cb90ae12d998703ab2923c3ef4de1f8,2025-09-24,basic,200,empty,1788442771
0231732dac49d3884889eabd733e2668efe8d04e6d233bd35cf2fabdeb93fb0d,2025-09-24,basic,200,ok,1788442772
11ccf601c43be97f45dc82b8cd590c87,2025-09-24,basic,200,ok,1788442773
449d1aa484542db9168e7d76ab0d9fe4efe8d04e6d233bd35cf2fabdeb93fb0d,2025-09-24,basic,200,ok,1788442773
f6c13a3cdd317d60bbb09e89747259b8,2025-09-24,basic,200,ok,1788442774
18b1dd243f649e4d29e24c8b4aa96c21,2025-09-24,basic,200,ok,1788442775
2911ed643731d267e4355a500ab5c5a0efe8d04e6d233bd35cf2fabdeb93fb0d,2025-09-24,basic,200,ok,1788442775
e75ce841e3435551d62926fa97ac2eae,2025-09-24,basic,200,ok,1788442776
474b50bb515f88d5c081d3d0c423b7f6,2025-09-24,basic,200,ok,1788442776
4c52885860d4753445fe99fd1ebceddd,2025-09-24,basic,200,ok,1788442777
8d893813cde07856036c1f3eba9df34e,2025-09-24,basic,200,empty,1788442778
d10f0105f328b4dd1ae15a9e8e35d7a2,2025-09-24,basic,200,ok,1788442778
07934088177f6862210bc27bf7792e0aa2186d8e7cf7a6ee152d97cc78f2ae8b,2025-09-24,basic,200,empty,1788442779
ac1e4c0d08d48dc0e5c6c3969ae887eb,2025-09-24,basic,200,ok,1788442779
c985244a70751df303e2a3e9e5bf187a6fbb98200a15be5bcc73a64995849e9c,2025-09-24,basic,200,empty,1788442780
31cc73fe2373f2046773b89ec6f74167,2025-09-24,basic,200,ok,1788442780
d66d5987ec6d5aadb71e99b3c237a6c2,2025-09-24,basic,200,ok,1788442781
8089ba9f5c9656a3e2ddb1b196078b5486e68d4012202d0434d05f81868f68e3,2025-09-24,basic,200,ok,1788442782
1ecf7a16d8d6c62e0144659a9460ace9,2025-09-24,basic,200,ok,1788442782
489eec3cd548165f8ccb0eb1dbcf2ec3efe8d04e6d233bd35cf2fabdeb93fb0d,2025-09-24,basic,200,ok,1788442783
9a3b76c2ec169b5e6e8c4f0c096cf2b1efe8d04e6d233bd35cf2fabdeb93fb0d,2025-09-24,basic,200,ok,1788442784
733e6ac982cccbc09f34c4c08ca4f902,2025-09-24,basic,200,ok,1788442784
4b714db7594554bd8374f3418b7c660e8295750b1f4857867454debc45ec9c8a,2025-09-24,basic,200,ok,1788442785
4e95110caf152930f81299400ed72f71efe8d04e6d233bd35cf2fabdeb93fb0d,2025-09-24,basic,200,ok,1788442786
93d483a68fd55725ab408200a5ffbc2a,2025-09-24,basic,200,ok,1788442786
4eac174513f714f52dee44fa5d885668,2025-09-24,basic,200,ok,1788442787
43244b5c3237480729e5feadd94312e9efe8d04e6d233bd35cf2fabdeb93fb0d,2025-09-24,basic,200,ok,1788442787
736b4685e047f6f4ad79b5881861c7d1,2025-09-24,basic,200,ok,1788442788
7a6e95f650de3d8cbfe56f6a5dfe9fff,2025-09-24,basic,200,ok,1788442789
fff6aad156e16e105b703d184eaba030,2025-09-24,basic,200,empty,1788442789
49733f79864da683f5d4d42b3df4d7a4,2025-09-24,basic,200,empty,1788442790
4ee3c56caf24671c881c1dcdff956432efe8d04e6d233bd35cf2fabdeb93fb0d,2025-09-24,basic,200,ok,1788442791
a4c68e3aa2539d355468ac5058d8ca91,2025-09-24,basic,200,ok,1788442791
8bb4c25fe36a8416dad270100d23f4a4,2025-09-24,basic,200,ok,1788442792
93a3777ec220647bf543531cea720fdf,2025-09-24,basic,200,ok,1788442792
ed898ed4fee64b987d9c59bb2024776e,2025-09-24,basic,200,ok,1788442793
91477d7904885dcdff2a7addfeb4084aefe8d04e6d233bd35cf2fabdeb93fb0d,2025-09-24,basic,200,ok,1788442794
25d5d8c84c61d4c501b18f2f403dfa6fefe8d04e6d233bd35cf2fabdeb93fb0d,2025-09-24,basic,200,ok,1788442794
989544eacbf112b0606e50a5614181b8,2025-09-24,basic,200,ok,1788442795
55e0bc5ef9a9cd15ac3de1e284a0cfec,2025-09-24,basic,200,ok,1788442796
727fe4bcbd1b928c46d79905660e51606fbb98200a15be5bcc73a64995849e9c,2025-09-24,basic,200,empty,1788442796
273862d5ac596508c53cbf4f49f5e7ed,2025-09-24,basic,200,empty,1788442797
4e682871f3d60f259c8404352e2a23b3,2025-09-24,basic,200,empty,1788442797
c1621ae7e7e584e6c9e43336394978a5,2025-09-24,basic,200,ok,1788442798
6cc77d03ebfede193d609bcd229df68f,2025-09-24,basic,200,ok,1788442799
d6608f646827ffee3cd13d437a68031f,2025-09-24,basic,200,empty,1788442799
c7741a99691bf6cd8aa2fd5b2c8aa930,2025-09-24,basic,200,ok,1788442800
1138d0579496838b97c31616d9d905f0efe8d04e6d233bd35cf2fabdeb93fb0d,2025-09-24,basic,200,ok,1788442800
2c74510f80a8d21b343caeaaa29ba48defe8d04e6d233bd35cf2fabdeb93fb0d,2025-09-24,basic,200,empty,1788442801
29bdd62ad19f94979fb164b6f6c7f293,2025-09-24,basic,200,ok,1788442802
1d861cc033d7f1e6364a96a739d6122daae77432709819edb959e1fd5d1d77b4,2025-09-24,basic,200,ok,1788442802
635b38925253f785435f50bde1655f28c47ea5ffea2564f587ca830a8f71acb2,2025-09-24,basic,200,empty,1788442803
5d47436cbf59041edb6c2941a48f27e3efe8d04e6d233bd35cf2fabdeb93fb0d,2025-09-24,basic,200,empty,1788442803
df06790e3d10ca741ef3165537107cbfc47ea5ffea2564f587ca830a8f71acb2,2025-09-24,basic,200,empty,1788442804
b9c84a0320458170c3cb4125acc518fe,2025-09-24,basic,200,ok,1788442805
31aef16daf069148c4ab036ec2ab68e7efe8d04e6d233bd35cf2fabdeb93fb0d,2025-09-24,basic,200,ok,1788442805
a425ea8ca9e8c683069afd8be5fe38d6,2025-09-24,basic,200,ok,1788442806
4d4250ea05e7344b9058a6f33d01e0f3,2025-09-24,basic,200,empty,1788442807
47a05fb276e393b71df94c7a2ff518fe,2025-09-24,basic,200,empty,1788442807
ab2ed972c4e273ff2cee65a462d1d584efe8d04e6d233bd35cf2fabdeb93fb0d,2025-09-24,basic,200,ok,1788442808
f4ff4ad89244529643cc6870fc6be5c0efe8d04e6d233bd35cf2fabdeb93fb0d,2025-09-24,basic,200,ok,1788442809
39f9e29601953aa554df254cfea81665,2025-09-24,basic,200,ok,1788442809
9bfb71e0daa0ab4d4faa956cf75dcd4c,2025-09-24,basic,200,ok,1788442810
8f43aa5a2aa06552372288103c9b841defe8d04e6d233bd35cf2fabdeb93fb0d,2025-09-24,basic,200,ok,1788442810
5e746bc1d08c2ee294039edcccca86c8efe8d04e6d233bd35cf2fabdeb93fb0d,2025-09-24,basic,200,ok,1788442811
d66164d6f18f5c6b4d64bd5e0b66b820,2025-09-24,basic,200,ok,1788442812
327343081a59456fd2e7c6b77163e418a2186d8e7cf7a6ee152d97cc78f2ae8b,2025-09-24,basic,200,ok,1788442812
3875261aba8fe5ca2c8675b67cd13c8a,2025-09-24,basic,200,empty,1788442813
65165f2d263267413a20ab97d6616d8c,2025-09-24,basic,200,ok,1788442814
4d705ef7d9de2d34da52ee9285b5cd12,2025-09-24,basic,200,ok,1788442814
856b1ce7219628234d973e72f8e2de8f,2025-09-24,basic,200,ok,1788442815
08278dcc849e1add4a7864880e6899a2,2025-09-24,basic,200,ok,1788442816
10b7ebc42bc742878d56fe2db9f056ec8295750b1f4857867454debc45ec9c8a,2025-09-24,basic,200,ok,1788442816
5c1ac9126c029d3f5072c919003c67d54723574b05820acf03e7ec3162ff5bed,2025-09-24,basic,200,empty,1788442817
c547faa58e97dc3b4aa4131c21ee0eaa,2025-09-24,basic,200,ok,1788442818
4d73afee788a085575be39cadbb50827,2025-09-24,basic,200,ok,1788442818
8cac9e740b2364c884c0609614dd9d8a,2025-09-24,basic,200,ok,1788442819
c5d5f3a29e07a0d3f88b933f885fb4ff,2025-09-24,basic,200,empty,1788442819
9cd40f7c833b24d1d5bcffd2f1bfda47,2025-09-24,basic,200,ok,1788442820
78cac13a4db5b991e538c0498d46bcacefe8d04e6d233bd35cf2fabdeb93fb0d,2025-09-24,basic,200,ok,1788442821
843a2c027ef09704c5497b713e6520aa,2025-09-24,basic,200,ok,1788442821
bcf6115c7988f4a7989560cc5293dbecefe8d04e6d233bd35cf2fabdeb93fb0d,2025-09-24,basic,200,ok,1788442822
bcfe036684d7ec1e48254a0ad3a6e4be,2025-09-24,basic,200,ok,1788442823
a1c05690a58d1b5446b6cb82b80e95d0,2025-09-24,basic,200,ok,1788442823
26efa9c9ad568224baa92721f41bbffbefe8d04e6d233bd35cf2fabdeb93fb0d,2025-09-24,basic,200,ok,1788442824
810c11cd9e3079206af13289262b5ecb,2025-09-24,basic,200,ok,1788442825
1a2988eca875bf8f2aa7e5f5352665c7,2025-09-24,basic,200,ok,1788442825
642d8543a4aeee978fdd382065690adfefe8d04e6d233bd35cf2fabdeb93fb0d,2025-09-24,basic,200,ok,1788442826
bfb06817a3808591139715ef6229dab1,2025-09-24,basic,200,ok,1788442827
1feca12d5c0905e5176fbdfa3b5b7f8f,2025-09-24,basic,200,empty,1788442827
98166286a7b923869362b05e7f0e3596efe8d04e6d233bd35cf2fabdeb93fb0d,2025-09-24,basic,200,ok,1788442828
5de0123ac099e051170ba5ab77913739,2025-09-24,basic,200,ok,1788442829
81e00af968e0520253008bb29979a79d,2025-09-24,basic,200,ok,1788442830
83fd7fb1c327546cbafe5eaa098b5ec5efe8d04e6d233bd35cf2fabdeb93fb0d,2025-09-24,basic,200,ok,1788442830
4f6d48a7f3b15aeb646f2098b01dea01,2025-09-24,basic,200,ok,1788442831
edeecdefc72f497de9080048fddc4b35efe8d04e6d233bd35cf2fabdeb93fb0d,2025-09-24,basic,200,ok,1788442832
421166f402f34bd89fcae5acf157a42b,2025-09-24,basic,200,empty,1788442832
2d54a76fc669a22b3c39ce8068fb02faefe8d04e6d233bd35cf2fabdeb93fb0d,2025-09-24,basic,200,empty,1788442833
c0761dec4dca1cadc9d5093fbe7ad758efe8d04e6d233bd35cf2fabdeb93fb0d,2025-09-24,basic,200,ok,1788442833
caedee8ebe62ecbc970a87eb127a67144723574b05820acf03e7ec3162ff5bed,2025-09-24,basic,200,empty,1788442834
cf3dd1f6ec782590d0ec0dd5e8523fda,2025-09-24,basic,200,ok,1788442835
2a22ea01defe960de47227f2ff09508b3663933da92e7566c55104ec9ac2894d,2025-09-24,basic,200,empty,1788442835
c90d1c56b9276c32c48b67470337f645,2025-09-24,basic,200,ok,1788442836
a2a7d6b90036c023c7467fc13da4422befe8d04e6d233bd35cf2fabdeb93fb0d,2025-09-24,basic,200,empty,1788442836
2918b0328998e0ef7f57ddb3deb3fe15,2025-09-24,basic,200,ok,1788442837
0a6fe5bea6ff811d928682712efce2ea,2025-09-24,basic,200,ok,1788442838
0ee368e80ebb300bba62490aedbb89f84723574b05820acf03e7ec3162ff5bed,2025-09-24,basic,200,ok,1788442838
685fa4e191b5eac5dfa2c7f14daaaefd,2025-09-24,basic,200,ok,1788442839
55ee0315772faf313add8e89c03cbe9aefe8d04e6d233bd35cf2fabdeb93fb0d,2025-09-24,basic,200,ok,1788442840
a6933ffd91b5197735ee434f14a88d0a,2025-09-24,basic,200,ok,1788442840
39200c527c979d54ddc6bb1f5c10c2b53663933da92e7566c55104ec9ac2894d,2025-09-24,basic,200,ok,1788442841
1f39036dd9900ba572d8027298f92a594723574b05820acf03e7ec3162ff5bed,2025-09-24,basic,200,ok,1788442842
e00da408ba47c005755c7a2811feb194,2025-09-24,basic,200,ok,1788442842
3b4b7a38be1a4cdeab289b1af8cdb6a8efe8d04e6d233bd35cf2fabdeb93fb0d,2025-09-24,basic,200,ok,1788442843
7bd5bf0d69a3e4eb29d1ec5bc6a5af37a2186d8e7cf7a6ee152d97cc78f2ae8b,2025-09-24,basic,200,empty,1788442843
6d7a8dd3e7564f03cc62ae1bfd2e7f35efe8d04e6d233bd35cf2fabdeb93fb0d,2025-09-24,basic,400,http_400,1788442844
9c496f72073417047b732e8cee9933aaefe8d04e6d233bd35cf2fabdeb93fb0d,2025-09-24,basic,200,ok,1788442845
bd1cb4182521f3a97ab6810bc54bf8a3,2025-09-24,basic,200,ok,1788442845
a4e3f084fc9031d7eefb9b4d8688be08,2025-09-24,basic,200,ok,1788442846
df39ef07d6fe6534d6e2bf69673d56e4aae77432709819edb959e1fd5d1d77b4,2025-09-24,basic,200,ok,1788442847
8db2856d5a2879d33be9ea8bab08adb5c47ea5ffea2564f587ca830a8f71acb2,2025-09-24,basic,200,ok,1788442847
64ba0d725c12d81514ade05ab0c5a47dfd842dab14be2a956555625b37c97bff,2025-09-24,basic,200,ok,1788442848
f8559ed1108e1f5c4f762d2d882a4af7,2025-09-24,basic,200,ok,1788442849
60964f23b502bb63e482602c3094d101efe8d04e6d233bd35cf2fabdeb93fb0d,2025-09-24,basic,200,ok,1788442849
0c70fbb55f63ed9bd2f923b4290e988f,2025-09-24,basic,200,empty,1788442850
605f4a118947a153ad145459d118209f,2025-09-24,basic,200,ok,1788442851
5f6dd4078613a63a524b3d6d08725a2e,2025-09-24,basic,200,ok,1788442851
9e7cc9a404a5a327a3a0eb2c5e969677efe8d04e6d233bd35cf2fabdeb93fb0d,2025-09-24,basic,200,ok,1788442852
14364c830e58af71f84651e4884de20e,2025-09-24,basic,200,ok,1788442853
efa975135da180d6c07035b8c016b711,2025-09-24,basic,200,ok,1788442854
d72f6324015a853cf1c49fe55228979defe8d04e6d233bd35cf2fabdeb93fb0d,2025-09-24,basic,200,empty,1788442854
019b9c1293fd72d14c15318d479ac66e,2025-09-24,basic,200,ok,1788442855
0626122e5d404a3cf3edd66e46572c9d,2025-09-24,basic,200,empty,1788442855
3b5b09a50e30828c3e44fd25b6d831a7,2025-09-24,basic,200,ok,1788442856
4508c95b8e14065671c173856679149a,2025-09-24,basic,200,ok,1788442857
83389ccac534b60761a301de94b77ffb,2025-09-24,basic,400,http_400,1788442857
349411c899a3eaf1784abed1025fbb53efe8d04e6d233bd35cf2fabdeb93fb0d,2025-09-24,basic,200,ok,1788442858
7e2ba975a651d14d0ea512badf3404e1efe8d04e6d233bd35cf2fabdeb93fb0d,2025-09-24,basic,200,ok,1788442859
93e084788d4c849a92354172b16277ba,2025-09-24,basic,200,ok,1788442859
2fe9bd6460f2d0e847084f4cfc6aa952,2025-09-24,basic,200,ok,1788442860
0af8d1ce7cf7133fb7bc115c91ee83e4efe8d04e6d233bd35cf2fabdeb93fb0d,2025-09-24,basic,200,ok,1788442861
0816395b59d93d2a4334278dfca9081eefe8d04e6d233bd35cf2fabdeb93fb0d,2025-09-24,basic,200,ok,1788442861
2082507b9bc81ffd3304eb7d32c886aa,2025-09-24,basic,200,ok,1788442862
46350b81c174aa6ea0a6577fe4d924e4efe8d04e6d233bd35cf2fabdeb93fb0d,2025-09-24,basic,200,ok,1788442863
d677e80aff6109f67f3cf1b2ed5e8c10,2025-09-24,basic,200,ok,1788442863
6419bcfb01fc8eda9c72d916e1f9174ac47ea5ffea2564f587ca830a8f71acb2,2025-09-24,basic,200,ok,1788442864
aec0496fe0296524fc1b5c5f55123991,2025-09-24,basic,200,ok,1788442865
c40c866076dfdb81d8dcf04eb46231a1,2025-09-24,basic,200,ok,1788442866
075cf008805bdbff03ce2f54009e879eefe8d04e6d233bd35cf2fabdeb93fb0d,2025-09-24,basic,200,ok,1788442867
3959fcd121db8b66cbe758428b3b6560efe8d04e6d233bd35cf2fabdeb93fb0d,2025-09-24,basic,200,ok,1788442867
bc32695aafaf6faec0a2e362e0ba45fa,2025-09-24,basic,200,ok,1788442868
0a622250df56f30876d89a31568ef886,2025-09-24,basic,200,ok,1788442869
7889cc611a8839dc7a0b05fc15555f26,2025-09-24,basic,200,ok,1788442869
6ff891d4b5f081a07e545b25a8cc3ab1,2025-09-24,basic,200,ok,1788442870
e7e279e7bfe4588dbc77e3ce5ed27b22,2025-09-24,basic,200,ok,1788442871
ab9c08306041a13ba8274197e4c3d75eefe8d04e6d233bd35cf2fabdeb93fb0d,2025-09-24,basic,200,empty,1788442871
58a9940b3c8237c36773e9e07c8637b5efe8d04e6d233bd35cf2fabdeb93fb0d,2025-09-24,basic,200,ok,1788442872
41b7005fcf9d2c6a6241679ffeb5ce83,2025-09-24,basic,200,empty,1788442873
b8d5d3d6197f6543b780ed2b1658e8b9fd842dab14be2a956555625b37c97bff,2025-09-24,basic,200,empty,1788442873
786d971faee6e742cad745ddf5bb5777,2025-09-24,basic,200,ok,1788442874
9b498645b9cbf2767c8f0c32c342309d,2025-09-24,basic,200,ok,1788442875
1b441230d8a6ed8b7a5cc20be845612b,2025-09-24,basic,200,empty,1788442875
875b30d43ffd9c2abc39b40e49784c67efe8d04e6d233bd35cf2fabdeb93fb0d,2025-09-24,basic,200,empty,1788442876
69370ed584734145ab5cc5385dd95c90,2025-09-24,basic,200,empty,1788442877
830a80d6330618b0bb48a7698f438aed,2025-09-24,basic,200,empty,1788442877
e843b43c9a891156672f211f1b5d59be,2025-09-24,basic,200,ok,1788442878
b76359938222ed67d61169d75b7d2c1d,2025-09-24,basic,200,ok,1788442878
1b5436db4ba96ced8ba518d7de019b2e,2025-09-24,basic,200,empty,1788442879
ed539dc21805cedd4eb0e0c17204edca,2025-09-24,basic,200,ok,1788442880
0d96ba74f2eec77c8fd2157f5df112f24723574b05820acf03e7ec3162ff5bed,2025-09-24,basic,200,empty,1788442881
21f527173c2df9716ddaa6d763f60e51,2025-09-24,basic,200,empty,1788442881
6ff07b813a897b3b3a0eda6c01aaeb4e,2025-09-24,basic,200,empty,1788442882
117802df5f87588bc621cbc7bc786a67,2025-09-24,basic,200,ok,1788442882
605a4e07f6d012f56547f0e9931e50f4,2025-09-24,basic,200,empty,1788442883
7408b5234916b5316d92919884542b92,2025-09-24,basic,200,empty,1788442884
85c544fe96169eb8001509b809dc6e44efe8d04e6d233bd35cf2fabdeb93fb0d,2025-09-24,basic,200,empty,1788442884
9cdc6b7ff86d2574fddee4e242accdf2efe8d04e6d233bd35cf2fabdeb93fb0d,2025-09-24,basic,200,empty,1788442885
3d350a55541e728aa46d98645b3eef7e,2025-09-24,basic,200,ok,1788442885
bd4c4a0c014eff465f1e410a0f17497a,2025-09-24,basic,200,empty,1788442886
51a659a0be95720a2870528352a4f557,2025-09-24,basic,200,ok,1788442887
8b0ef0ce0dde07cc3bf76ae3835984fa,2025-09-24,basic,200,ok,1788442887
5ad2cdaa230f863dc888830269490662,2025-09-24,basic,200,ok,1788442888
db56abeb8292f4d300740dc2e18efc08efe8d04e6d233bd35cf2fabdeb93fb0d,2025-09-24,basic,200,ok,1788442888
9fcdde3c17dc79233948750751d288d5efe8d04e6d233bd35cf2fabdeb93fb0d,2025-09-24,basic,200,ok,1788442889
c50c9d31df88bd5967146dcc643fe9ed86e68d4012202d0434d05f81868f68e3,2025-09-24,basic,200,empty,1788442890
16528b0e78725a9f9211fa85823f96cb,2025-09-24,basic,200,ok,1788442890
5ebf5efb593c50faa97ae4d5498c8741efe8d04e6d233bd35cf2fabdeb93fb0d,2025-09-24,basic,200,ok,1788442891
82c42f93275381e7a5c20c371b6237c4efe8d04e6d233bd35cf2fabdeb93fb0d,2025-09-24,basic,200,ok,1788442892
b14c37c9f7a0abc9af2d345a4ee85254efe8d04e6d233bd35cf2fabdeb93fb0d,2025-09-24,basic,200,empty,1788442892
a8da36c849d00782dd68544b75d4033c,2025-09-24,basic,200,ok,1788442893
234dc7e84a4034f9a64a2bc38e07b9b6efe8d04e6d233bd35cf2fabdeb93fb0d,2025-09-24,basic,200,ok,1788442893
171462963ac5eb26b59050ec09270344,2025-09-24,basic,200,ok,1788442894
f0db661aab648a54a6b7cb0e39993d50,2025-09-24,basic,200,ok,1788442895
8f251784b2814023bd61b7ad71bf9d46,2025-09-24,basic,200,empty,1788442895
d22aa03b9d90d62482efd12788e33a04,2025-09-24,basic,200,ok,1788442896
63e6bfe1414f38560e4310933c5bd2e4efe8d04e6d233bd35cf2fabdeb93fb0d,2025-09-24,basic,200,ok,1788442897
b6940ec73c585f6989a3163309e3e7b8efe8d04e6d233bd35cf2fabdeb93fb0d,2025-09-24,basic,200,empty,1788442897
d947e36c1eeb2133c18c016536634ae1,2025-09-24,basic,200,ok,1788442898
1cc77866e7b1d9a15af2e5f3b2f570d8,2025-09-24,basic,200,ok,1788442898
c0b56d83f994e89618ee45cb9140a36b,2025-09-24,basic,200,ok,1788442899
1126a5262fe8701dec81f5c7cf79555f,2025-09-24,basic,200,ok,1788442900
0ce376f9ada1603d904be362c356a985,2025-09-24,basic,200,empty,1788442900
468fab0039f82db8ec0fc0509947b67baae77432709819edb959e1fd5d1d77b4,2025-09-24,basic,200,empty,1788442901
68e525819f484806a5d351c0b31de5faefe8d04e6d233bd35cf2fabdeb93fb0d,2025-09-24,basic,200,empty,1788442901
f5527018e4186613282261c4d2c4f9a6,2025-09-24,basic,200,ok,1788442902
b0cd430b550ac40b5432034a08c56e24efe8d04e6d233bd35cf2fabdeb93fb0d,2025-09-24,basic,200,ok,1788442903
06560b20f37452fc17792ead3ded2e2a,2025-09-24,basic,200,ok,1788442903
e32e25899fced8e3d3d720d0ca86e2d4,2025-09-24,basic,400,http_400,1788442904
d7fe0f188972043ccbfef65642f05145,2025-09-24,basic,200,ok,1788442905
f67445677d9feb1506208b82f61106faefe8d04e6d233bd35cf2fabdeb93fb0d,2025-09-24,basic,200,empty,1788442905
e92a7e93bc87365072e003a17824974fefe8d04e6d233bd35cf2fabdeb93fb0d,2025-09-24,basic,200,empty,1788442906
c2f6f54da041e813599531bfb981329cefe8d04e6d233bd35cf2fabdeb93fb0d,2025-09-24,basic,200,ok,1788442907
386039c4ffe2e1250712607edcad5b5e,2025-09-24,basic,200,ok,1788442907
92e7616e87e54a96f5f417843cfd0faf,2025-09-24,basic,200,ok,1788442908
f072c26ff3a0392e05a8c1e1fe04b992efe8d04e6d233bd35cf2fabdeb93fb0d,2025-09-24,basic,200,empty,1788442909
bb1abc7a74563e119f38d0769b913e0d,2025-09-24,basic,200,ok,1788442909
e6cd0177062017f921f324bc249f45db,2025-09-24,basic,200,ok,1788442910
1cb364cf31b3de7cb84ed9ad4b170994efe8d04e6d233bd35cf2fabdeb93fb0d,2025-09-24,basic,200,ok,1788442910
6855f154ad5a0f1cee9dddc04390d5a1,2025-09-24,basic,200,ok,1788442911
532427d6e2290dde0c9e3cf8fd0256ab,2025-09-24,basic,200,ok,1788442912
f0cfdb26b29e096d52299a4ad6396b46efe8d04e6d233bd35cf2fabdeb93fb0d,2025-09-24,basic,200,ok,1788442912
36f39faf4ec7610211263206bde61e08,2025-09-24,basic,200,ok,1788442913
403ff8afe9e747b6f5477ccc8907c03a,2025-09-24,basic,200,ok,1788442914
8c728d9d2107259b2e22b6ed68035180,2025-09-24,basic,200,ok,1788442914
9ae877c17bba7eadf28b579052e6c9df,2025-09-24,basic,200,empty,1788442915
6758d6570eacc6ee234619f06256e96b,2025-09-24,basic,200,ok,1788442916
8a69003e98749a2b12904390ff454558,2025-09-24,basic,200,empty,1788442916
8f2831949e247107c55bb12876493987,2025-09-24,basic,200,ok,1788442917
89db1621687819df5e3958a31180ef49,2025-09-24,basic,200,ok,1788442917
59fff823a649700e11650bed83e2bc68,2025-09-24,basic,200,ok,1788442918
ee4ccfc3c47d14f6112683a0d8da8779,2025-09-24,basic,200,ok,1788442919
8cfaa679925165473d2cc8f6fe50c44f,2025-09-24,basic,200,empty,1788442919
ec069b50f7987fdda0cc5d555f9b4fabefe8d04e6d233bd35cf2fabdeb93fb0d,2025-09-24,basic,200,empty,1788442920
74a7212bd190c941caa4110fdf3b5937,2025-09-24,basic,200,ok,1788442921
99bbb60f412d81c87460e520cb858c03,2025-09-24,basic,200,ok,1788442921
c769606fe8384d0473395bde3add9fad,2025-09-24,basic,200,ok,1788442922
55a52fec86f1dabbcdbcd0eaf1e59357,2025-09-24,basic,200,ok,1788442922
dfb88a1b4571611c4b80953b4a570582,2025-09-24,basic,200,ok,1788442923
4b5d81dafb888a1fe665fa8203bc1973,2025-09-24,basic,200,ok,1788442924
c01fcc7dee9892b5a06f57ad4409ec26,2025-09-24,basic,200,empty,1788442924
b9de5f3319d7e10d9e8c0d87eb54ae3fefe8d04e6d233bd35cf2fabdeb93fb0d,2025-09-24,basic,200,ok,1788442925
7b22ef6bda01c73900a2aa09bb869e52efe8d04e6d233bd35cf2fabdeb93fb0d,2025-09-24,basic,200,ok,1788442926
be583953c7bba783411aa017f78f29f1,2025-09-24,basic,200,ok,1788442926
1deb5a6bdf0e53c146d8f720ddeb4ae5,2025-09-24,basic,200,empty,1788442927
c0f3858312e3e4d9f70707261d51cc1ee85e07f9d5d276f44440847eec04ba68,2025-09-24,basic,200,ok,1788442927
9122e220072cf285865e8cb16e18659e,2025-09-24,basic,200,ok,1788442928
4de28a3fa2874bbfed4cfed759ed9eea,2025-09-24,basic,200,ok,1788442929
cc040741348b2c1549e106b51617b6d4efe8d04e6d233bd35cf2fabdeb93fb0d,2025-09-24,basic,200,ok,1788442929
6a44c4ca0771abbb49f5ee1eeae7f00aefe8d04e6d233bd35cf2fabdeb93fb0d,2025-09-24,basic,200,ok,1788442930
586dcd113be4e2a66f38afa472b3b5bfefe8d04e6d233bd35cf2fabdeb93fb0d,2025-09-24,basic,200,ok,1788442931
3ed5be017ba88cbb2f3d1524988ae121,2025-09-24,basic,200,ok,1788442932
9e8ac00f2529c67be4a94a313dfe46feefe8d04e6d233bd35cf2fabdeb93fb0d,2025-09-24,basic,200,ok,1788442932
49e6a83697ea73ff255d84d54b27ff0defe8d04e6d233bd35cf2fabdeb93fb0d,2025-09-24,basic,200,ok,1788442933
c8670b56d1f6de6a313ba7c06aec6571,2025-09-24,basic,200,empty,1788442934
7803a418337e6d31b464e90b531de003aae77432709819edb959e1fd5d1d77b4,2025-09-24,basic,200,empty,1788442934
ed29cb5a470fdd4d000ac40627d7f2fffd842dab14be2a956555625b37c97bff,2025-09-24,basic,200,ok,1788442935
3396656fbf74206b1d64d4d9cfd99a41efe8d04e6d233bd35cf2fabdeb93fb0d,2025-09-24,basic,200,empty,1788442935
76096c1256b89373b1d83a374bd8d632,2025-09-24,basic,200,ok,1788442936
ab778c2ff11ac8ac54a35322dd52ffdc,2025-09-24,basic,200,empty,1788442936
b7c017432c62e86bdb20cf465e290facefe8d04e6d233bd35cf2fabdeb93fb0d,2025-09-24,basic,200,empty,1788442937
bfd72d488b5a77bd04d3b28a9713e1946fbb98200a15be5bcc73a64995849e9c,2025-09-24,basic,200,ok,1788442938
b5bb59e4af3f5a2ceab1ae485bd779e1,2025-09-24,basic,200,ok,1788442938
428ead4c387e5f8d7755dac6a4d3a9b6,2025-09-24,basic,200,ok,1788442939
f819509cff0bdac0ed52ee4dcc7057e5,2025-09-24,basic,200,ok,1788442940
14a5ff7a98697ecb8bf18e60d30f127f,2025-09-24,basic,200,empty,1788442940
8197eeaf6241ff31c73878bf45d0a965,2025-09-24,basic,200,ok,1788442941
f4a72472ed373fdb5b392c41695b99d1efe8d04e6d233bd35cf2fabdeb93fb0d,2025-09-24,basic,200,empty,1788442941
503901d0c97f3b877bbc46b43bc580bc,2025-09-24,basic,200,ok,1788442942
32b95fcd8a2beb03347f77734dde83c4,2025-09-24,basic,200,ok,1788442943
753937beb8a7612220213f7f1c533ca3,2025-09-24,basic,200,empty,1788442943
54a18eee33c7e960724f2ba04a3c5547efe8d04e6d233bd35cf2fabdeb93fb0d,2025-09-24,basic,200,ok,1788442944
7a4ecca4b4fd4d948e7cf94b85dace19,2025-09-24,basic,200,empty,1788442945
6e996ba693d6ed5e8f92767743f14bc0,2025-09-24,basic,200,ok,1788442945
5cd2f296d88462287cbf05841f6adc81,2025-09-24,basic,200,empty,1788442946
5911aa210af938beed389ffffa9d41f2,2025-09-24,basic,200,ok,1788442946
acb69dc104e4f855bea59e717aed0a1aefe8d04e6d233bd35cf2fabdeb93fb0d,2025-09-24,basic,200,empty,1788442947
cf2baafa31bb10d37de5d7ce13469601,2025-09-24,basic,200,empty,1788442948
1f4a679bf33ff82d5726cb392dffcd27,2025-09-24,basic,200,ok,1788442948
4de3eeaefe77a949a1dd48977069a70d,2025-09-24,basic,200,ok,1788442949
1a18f0008507642f8c58d5c64d03c8ffc47ea5ffea2564f587ca830a8f71acb2,2025-09-24,basic,200,ok,1788442950
663c92931f3865c779567b4a39ac74bbefe8d04e6d233bd35cf2fabdeb93fb0d,2025-09-24,basic,200,ok,1788442950
107f521c149c8d1dce72ab4c05a7b4f7,2025-09-24,basic,200,ok,1788442951
56d8037cf56e9ff7daf450d2eb5ca742,2025-09-24,basic,200,ok,1788442952
3964212fcfeedf36160473e903eabf18,2025-09-24,basic,200,empty,1788442952
48fbec4bc4c266c094fb59058a9ac8f2efe8d04e6d233bd35cf2fabdeb93fb0d,2025-09-24,basic,200,ok,1788442953
343872a7f2bc5d1504379145281f934e,2025-09-24,basic,200,ok,1788442954
5f619cfddc76c3d18efb7699c4ea5c95,2025-09-24,basic,200,ok,1788442954
ca0bf73c8eb17abb71a2e8796de26baeefe8d04e6d233bd35cf2fabdeb93fb0d,2025-09-24,basic,200,ok,1788442955
fdc34b36f73c3fd89e772cf6d7d1232cefe8d04e6d233bd35cf2fabdeb93fb0d,2025-09-24,basic,200,ok,1788442955
ed73630a9b01b498dc6f0eff3b5bc7c1efe8d04e6d233bd35cf2fabdeb93fb0d,2025-09-24,basic,200,ok,1788442956
2683c5dbe537412f50c10a2945a54b39efe8d04e6d233bd35cf2fabdeb93fb0d,2025-09-24,basic,200,ok,1788442957
d59c7c21c8e5bccf9524ef4fd1d3598c,2025-09-24,basic,200,empty,1788442957
9f347f00cff92952a75c60ea03e586e7,2025-09-24,basic,200,ok,1788442958
9e7657476fe05f45c33401053e4f19c1efe8d04e6d233bd35cf2fabdeb93fb0d,2025-09-24,basic,200,empty,1788442959
c5fa76ba94f39703626159621e5c0d56,2025-09-24,basic,200,empty,1788442959
cfa995fdd15706df1d3a637ebff6c98c,2025-09-24,basic,200,empty,1788442960
22841b94e115a7228d9b04b28baf54e4,2025-09-24,basic,200,empty,1788442960
915ee5bd5f66969a1e4f06fa715f2443,2025-09-24,basic,200,ok,1788442961
b96bb8a982ea95436bd48e616e0ab035efe8d04e6d233bd35cf2fabdeb93fb0d,2025-09-24,basic,200,ok,1788442962
70767ecf7c83ef5cf992a28e40a44e09,2025-09-24,basic,200,ok,1788442962
ca45aa3d8dc47868bccd1409e4cb02b0,2025-09-24,basic,200,ok,1788442963
24b1930b72aff6c3e2e87180eca8a014efe8d04e6d233bd35cf2fabdeb93fb0d,2025-09-24,basic,200,ok,1788442964
51c3e92cdd83b349315729ae5fc751ec,2025-09-24,basic,200,ok,1788442964
9cd36d9cbac5931262fa54179eabc314efe8d04e6d233bd35cf2fabdeb93fb0d,2025-09-24,basic,200,ok,1788442965
6c118b4c1317084a691ea983fcb779b0,2025-09-24,basic,200,ok,1788442966
d75438f69108df549f523899a62cc71baae77432709819edb959e1fd5d1d77b4,2025-09-24,basic,200,empty,1788442966
9cb76bf8f7e0958c741178d3148d8593,2025-09-24,basic,200,ok,1788442967
0ef23f2e62f88ff098eb532133d0b554,2025-09-24,basic,200,ok,1788442967
2246bcd9a64047fb50d8d2c5eaa4f8a1efe8d04e6d233bd35cf2fabdeb93fb0d,2025-09-24,basic,200,ok,1788442968
fd627c2ce765b3adb8801845c1b102608295750b1f4857867454debc45ec9c8a,2025-09-24,basic,200,empty,1788442969
fa639be8f860227c955053cfffb94281,2025-09-24,basic,200,ok,1788442969
14ecef4e80ac828a81232a18f681f5b4,2025-09-24,basic,200,empty,1788442970
dbfdffad81d9c8f251093ed7390ffac5,2025-09-24,basic,200,ok,1788442970
40ee830dd76b647e0a614cfdc26fd3ffefe8d04e6d233bd35cf2fabdeb93fb0d,2025-09-24,basic,200,ok,1788442971
c4b8a3ddc7a818b5efef35c92b79d715efe8d04e6d233bd35cf2fabdeb93fb0d,2025-09-24,basic,200,empty,1788442972
a0fde17f44a0ee3b771cb61e6e046f1aefe8d04e6d233bd35cf2fabdeb93fb0d,2025-09-24,basic,200,ok,1788442972
e1b19e74ab7211e0e4f7cf3f33d29aca4723574b05820acf03e7ec3162ff5bed,2025-09-24,basic,200,ok,1788442973
dc7eb5b8a163ee0cd1791b5ef301764aefe8d04e6d233bd35cf2fabdeb93fb0d,2025-09-24,basic,200,empty,1788442973
64ab0e4a6143e01663109f198bb1376aefe8d04e6d233bd35cf2fabdeb93fb0d,2025-09-24,basic,200,ok,1788442974
dffa624954cf73014751c29adc1e565d,2025-09-24,basic,200,ok,1788442975
90d4f7954bc8d5ee5fc09310a6a67a11,2025-09-24,basic,200,empty,1788442975
980246ee30088f65a3049bc9d465a6a286e68d4012202d0434d05f81868f68e3,2025-09-24,basic,200,ok,1788442976
b570927a91c2b06a0cc027dcc3394e6d,2025-09-24,basic,200,ok,1788442977
ab104888755f3eca685377541bca7f04,2025-09-24,basic,200,ok,1788442977
17ab67299b418932a347fd4d1fb56124,2025-09-24,basic,200,ok,1788442978
c7f49a936b9ba0ea6754f63ed63393ddefe8d04e6d233bd35cf2fabdeb93fb0d,2025-09-24,basic,200,ok,1788442979
ff9ab4c9d3cb1d62bdcd0be6a6cd17824723574b05820acf03e7ec3162ff5bed,2025-09-24,basic,200,ok,1788442979
3aa2b3e54842fe8959ef6b7bf5bff858efe8d04e6d233bd35cf2fabdeb93fb0d,2025-09-24,basic,200,ok,1788442980
9effcd4e73429d2399dee6c0588d4d52efe8d04e6d233bd35cf2fabdeb93fb0d,2025-09-24,basic,200,ok,1788442981
d05362eb4bf824e5b6abc339caec40fe,2025-09-24,basic,200,ok,1788442981
33575b01c021bb43d6e9d3d4aad9c73cefe8d04e6d233bd35cf2fabdeb93fb0d,2025-09-24,basic,200,ok,1788442982
9aab4dd34ad974a974fa24bd593b351aefe8d04e6d233bd35cf2fabdeb93fb0d,2025-09-24,basic,200,ok,1788442983
781f30e974310063b71f0a9d0a3349f5,2025-09-24,basic,200,empty,1788442983
cc905e22776cf6d73711b20cd2e8f2c5efe8d04e6d233bd35cf2fabdeb93fb0d,2025-09-24,basic,200,ok,1788442984
f7b147c43d7043c58db9a9fc8066adb7,2025-09-24,basic,200,ok,1788442984
24365ce57cb9b225a466181c48063762efe8d04e6d233bd35cf2fabdeb93fb0d,2025-09-24,basic,200,empty,1788442985
bff6885bacfc82ff50f6a7bccd7f8e19,2025-09-24,basic,200,ok,1788442986
6936fd4ca030970a5bd7003771a5c350,2025-09-24,basic,200,ok,1788442986
1ec19129892f9b53d257cf4bbad35507,2025-09-24,basic,200,ok,1788442987
77745eee4ad81228d18b0c204ab492d6,2025-09-24,basic,200,ok,1788442987
8562f0ac31c56d6530170ed517918cfaefe8d04e6d233bd35cf2fabdeb93fb0d,2025-09-24,basic,200,ok,1788442988
4d9042b0fa7762b0e77033513e1737a1,2025-09-24,basic,200,ok,1788442989
cc2f89af76866ea2cca854a3ada3357fefe8d04e6d233bd35cf2fabdeb93fb0d,2025-09-24,basic,200,empty,1788442990
be5766a453b5e6f97e489873ef45c4eaefe8d04e6d233bd35cf2fabdeb93fb0d,2025-09-24,basic,200,empty,1788442990
0598b4afa21414542e53f3aa665234cf,2025-09-24,basic,200,ok,1788442991
bb32f410eeed5a8e672e40ee48ec22e1,2025-09-24,basic,200,ok,1788442992
acc334dbfaadd2eda10b9431f9ebf37e,2025-09-24,basic,200,empty,1788442992
22a7e4deeabc7cf283c99f4e25058dc5efe8d04e6d233bd35cf2fabdeb93fb0d,2025-09-24,basic,200,ok,1788442993
b80fc3897be9385cd115e4e56517abf2,2025-09-24,basic,200,empty,1788442993
2da87066cf4c86508ae045c862ea752d,2025-09-24,basic,200,ok,1788442994
529db648dae3c5cccb139e15d42ed8b8,2025-09-24,basic,400,http_400,1788442994
ec4fd76f1a0de4ce3011720dad228eee,2025-09-24,basic,200,ok,1788442995
c713b35f0eb40bcf0b51ae0ad9fffff8e85e07f9d5d276f44440847eec04ba68,2025-09-24,basic,200,empty,1788442996
0b13c583f7837587a8ddf040c8f20d46,2025-09-24,basic,200,ok,1788442996
f097cf9778b1f8835f6ae5314a984994efe8d04e6d233bd35cf2fabdeb93fb0d,2025-09-24,basic,200,ok,1788442997
0dc0ae97a8c983d98842377497ff0a65efe8d04e6d233bd35cf2fabdeb93fb0d,2025-09-24,basic,200,empty,1788442997
b071b74842dab651620671c304f40b46,2025-09-24,basic,200,ok,1788442998
c1bbe24439a61b753999806ca756e585efe8d04e6d233bd35cf2fabdeb93fb0d,2025-09-24,basic,200,empty,1788442999
a1774c420e735028ef740c8ade756adfefe8d04e6d233bd35cf2fabdeb93fb0d,2025-09-24,basic,200,empty,1788442999
f8dbe30c52c67f2f5516b4fbb19da824,2025-09-24,basic,200,empty,1788443000
cdbf81513119fca5359b3ac050f3e29befe8d04e6d233bd35cf2fabdeb93fb0d,2025-09-24,basic,200,ok,1788443001
1bd2928b8d8129d097a1d799736fb6f8efe8d04e6d233bd35cf2fabdeb93fb0d,2025-09-24,basic,200,ok,1788443001
c33d67ce9481126d6d43782bbd38aa82,2025-09-24,basic,200,ok,1788443002
14adc9e51f502dd3a4414b66858e0edcefe8d04e6d233bd35cf2fabdeb93fb0d,2025-09-24,basic,200,ok,1788443003
8075b5547ec2e59a72000980458ecf35,2025-09-24,basic,200,ok,1788443003
5b62606a5155f9dd3941a4e31228dd9a,2025-09-24,basic,200,ok,1788443004
43ed8415a09a054c8d16937febef8851,2025-09-24,basic,200,ok,1788443005
a2d4e618901506e4263bd1667b607720,2025-09-24,basic,200,ok,1788443005
20ae4045321bf450e957877a484cc068,2025-09-24,basic,200,empty,1788443006
749d0a2b099c6d3cb65218b02c1f4234,2025-09-24,basic,200,ok,1788443006
341f2f81f32bb8dc520fd820284c9c1a,2025-09-24,basic,200,ok,1788443007
13cf45db8f66b4f37ac54b95a980454defe8d04e6d233bd35cf2fabdeb93fb0d,2025-09-24,basic,200,ok,1788443008
20cf46d2324f864cd22b2c7ee55e5efe,2025-09-24,basic,200,ok,1788443008
48c2fb144f5f7f683694ebbcef013d4cefe8d04e6d233bd35cf2fabdeb93fb0d,2025-09-24,basic,200,ok,1788443009
626e0dbad7b9458fe7da186a3e68daad,2025-09-24,basic,200,empty,1788443010
011952046342c41c3cc7873059f937d0,2025-09-24,basic,200,ok,1788443010
4530f63c6d2db115dfb6a82f3a00802a3663933da92e7566c55104ec9ac2894d,2025-09-24,basic,200,empty,1788443011
456546e438f0fda44ef7cf94d2aa0ae8c47ea5ffea2564f587ca830a8f71acb2,2025-09-24,basic,200,ok,1788443012
de6f8181498b858c8071728c891b3ea5,2025-09-24,basic,200,ok,1788443012
46f89255dba4d53a4d1d704d64a18049efe8d04e6d233bd35cf2fabdeb93fb0d,2025-09-24,basic,200,ok,1788443013
275776a5d37ec697bcd33754a62c440f,2025-09-24,basic,200,ok,1788443014
40524d5682ca511ed0c3aa6f0c9ec82f,2025-09-24,basic,200,empty,1788443014
ebe01e17557106cf1681730d6fb262a5,2025-09-24,basic,200,ok,1788443015
f10258d9fbc92296e76dca3ae8eff28fefe8d04e6d233bd35cf2fabdeb93fb0d,2025-09-24,basic,200,empty,1788443015
7c026aa5df848e6005f1cadea6b05b7c,2025-09-24,basic,200,ok,1788443016
9031fc4043cece329734c23bfa1b5937efe8d04e6d233bd35cf2fabdeb93fb0d,2025-09-24,basic,200,ok,1788443017
f0b48b57ab7b02a598854c00473e3117,2025-09-24,basic,200,ok,1788443017
ce130764aace6d34f65470e16a200711aae77432709819edb959e1fd5d1d77b4,2025-09-24,basic,200,ok,1788443018
cc628da2bae88915a1852280940c33c1,2025-09-24,basic,200,empty,1788443019
31b11bcbff37f606abd51f279c83b843,2025-09-24,basic,200,empty,1788443019
8c22c0718d29c49a35840b47888fcab3efe8d04e6d233bd35cf2fabdeb93fb0d,2025-09-24,basic,200,ok,1788443020
deac83da3ad038653b044abfa5ff4195,2025-09-24,basic,200,ok,1788443021
71a9617e43160912092dee2b0d254445a2186d8e7cf7a6ee152d97cc78f2ae8b,2025-09-24,basic,200,empty,1788443021
497a3fdba6d62ede489cbecdd312d39dfd842dab14be2a956555625b37c97bff,2025-09-24,basic,200,ok,1788443022
e55334fdfe6478f08bc35361592262b0,2025-09-24,basic,200,ok,1788443022
9c5f2f8d67c23852d45da9de103e365eefe8d04e6d233bd35cf2fabdeb93fb0d,2025-09-24,basic,200,ok,1788443023
a53a42f07708ebae37b8ac6d7960b114,2025-09-24,basic,200,empty,1788443024
7016fd00b3104adce048c0a3f52a39d5,2025-09-24,basic,200,ok,1788443024
299a0333e911bc9ad2b6b9ca8da64440efe8d04e6d233bd35cf2fabdeb93fb0d,2025-09-24,basic,200,ok,1788443025
18cb30c1846cb07d4301b12fb36f56dc,2025-09-24,basic,200,ok,1788443026
c463d28a20e7e17a5a476039e2d10c16,2025-09-24,basic,200,ok,1788443026
452273f5d7978c3a0c2e4999cc5ed7d2efe8d04e6d233bd35cf2fabdeb93fb0d,2025-09-24,basic,200,ok,1788443027
b9b52ef9aec18bfd06b0e1659d7c92d5,2025-09-24,basic,200,ok,1788443027
aa93fbdf56bd0ad5c8f2c97d6fb31db5,2025-09-24,basic,200,ok,1788443028
0aa6896bcd1259d4473ee561c4f93031,2025-09-24,basic,200,ok,1788443029
32cccfae7c6a4fcfc16190e110157d4c,2025-09-24,basic,200,empty,1788443029
d58f916e4b606d84c04fa305b1c999fb,2025-09-24,basic,200,ok,1788443030
39d2f8af2544ebc8dad5e5d9aa4d1b00,2025-09-24,basic,200,ok,1788443030
219e12ff6de6c1d02ffb238d014b0fb8,2025-09-24,basic,200,empty,1788443031
b27f1f2b861447a3d9e59e0e7002b7f1,2025-09-24,basic,200,ok,1788443032
79baa3faa63af29591f1310fd1f90889efe8d04e6d233bd35cf2fabdeb93fb0d,2025-09-24,basic,200,empty,1788443032
0819c074134191d8a8d34603c42b2cc1efe8d04e6d233bd35cf2fabdeb93fb0d,2025-09-24,basic,200,ok,1788443033
fc2736a7e05b1b3c2882ee0ee5da7c0aaae77432709819edb959e1fd5d1d77b4,2025-09-24,basic,200,ok,1788443033
aae59973d85335671ca4f2065798581c,2025-09-24,basic,200,ok,1788443034
5dcd56636e533af97f36715a20357601,2025-09-24,basic,200,ok,1788443035
61668637c76b2fee59cf483e22c11dd9,2025-09-24,basic,200,ok,1788443035
77bdbdc5b88053ab03ae72a3c6d7d272,2025-09-24,basic,200,empty,1788443036
398c0e2963c372228495252b08c4489d,2025-09-24,basic,200,ok,1788443037
9b9458a2035d9b902050421ed4ca08e7,2025-09-24,basic,200,ok,1788443037
a6599d0f722025faca0efae15f46526befe8d04e6d233bd35cf2fabdeb93fb0d,2025-09-24,basic,200,ok,1788443038
5178787b2127e17de717350b25b376b4,2025-09-24,basic,200,ok,1788443039
077003853a41c65e450035c85d1b69f2efe8d04e6d233bd35cf2fabdeb93fb0d,2025-09-24,basic,200,ok,1788443039
231078667cfb3c2dcb76bea02d9fbd2f,2025-09-24,basic,200,ok,1788443040
97237c582c97b3106c8e81808c5efca8efe8d04e6d233bd35cf2fabdeb93fb0d,2025-09-24,basic,200,ok,1788443040
51bc5e998baa2ce32eaaf2f8a0261e4defe8d04e6d233bd35cf2fabdeb93fb0d,2025-09-24,basic,200,empty,1788443041
89a10ad8cc73644fc5feb628c992b06fefe8d04e6d233bd35cf2fabdeb93fb0d,2025-09-24,basic,200,ok,1788443042
c4210a30e7876d8139ec8d5653d68e3d,2025-09-24,basic,200,ok,1788443042
74c3b8cb09fee16c7d6d8c3c1c4c692f,2025-09-24,basic,200,ok,1788443043
3575ccaa17779f325eb3b21fd85a39eeefe8d04e6d233bd35cf2fabdeb93fb0d,2025-09-24,basic,200,ok,1788443044
d236db0de3630804fcf25bf5eabfbd11efe8d04e6d233bd35cf2fabdeb93fb0d,2025-09-24,basic,200,ok,1788443044
f773390cfac14639fd73749e7ae6e981e85e07f9d5d276f44440847eec04ba68,2025-09-24,basic,200,ok,1788443045
84a4342a7a66c9101d26575fdc22ab58efe8d04e6d233bd35cf2fabdeb93fb0d,2025-09-24,basic,200,ok,1788443046
05744da4d25f8ded7db91c553c174a80efe8d04e6d233bd35cf2fabdeb93fb0d,2025-09-24,basic,200,ok,1788443046
9b87a375591c45a0fd3c60bbd1954161,2025-09-24,basic,200,ok,1788443047
026b37f00a14206685c1dc6cc20f2ac4,2025-09-24,basic,200,ok,1788443048
29b96c5c104ebdc287fa638db2e5f56c,2025-09-24,basic,200,ok,1788443048
774d61087696544e6aba63f8015bd423,2025-09-24,basic,200,empty,1788443049
1df12dfc552c3d123a3550b60d78abf9c47ea5ffea2564f587ca830a8f71acb2,2025-09-24,basic,200,ok,1788443049
02218ed331e0b37be1177e4daa465c7befe8d04e6d233bd35cf2fabdeb93fb0d,2025-09-24,basic,200,ok,1788443050
a76fe5409d471f2477e888e9ba09b48d6fbb98200a15be5bcc73a64995849e9c,2025-09-24,basic,200,empty,1788443051
f2a9d3b40416f6a8a7afe8c1871c057aefe8d04e6d233bd35cf2fabdeb93fb0d,2025-09-24,basic,200,ok,1788443051
e31b3c6afeccba5e7fd612973e8f2e6a,2025-09-24,basic,200,ok,1788443052
af818f3e214ef623ea6ee27d04cd039eefe8d04e6d233bd35cf2fabdeb93fb0d,2025-09-24,basic,200,ok,1788443053
002e09cacb44d4e36c880b62dd454584,2025-09-24,basic,200,ok,1788443053
faf8ab2b8d8f01325e8b84adde6b7df3efe8d04e6d233bd35cf2fabdeb93fb0d,2025-09-24,basic,200,ok,1788443054
2a46de2176f6d01fafb6e8f39a6654e9,2025-09-24,basic,200,ok,1788443055
bd1b289d646974d51c255ddadf434cfb,2025-09-24,basic,200,ok,1788443055
22fa89d61007810fc5eb1a548a45f176,2025-09-24,basic,200,ok,1788443056
d658a1d898410d9343f0d3c0c4cb0987efe8d04e6d233bd35cf2fabdeb93fb0d,2025-09-24,basic,200,ok,1788443057
802295633e902cdffa3c864525226e93,2025-09-24,basic,200,ok,1788443057
19ee8376461e4e3d3504c8a3887b8007,2025-09-24,basic,200,ok,1788443058
b337eab34fcead9b01c6d2f44bfe655a,2025-09-24,basic,200,ok,1788443059
4c7a4702fab31399b26eea2de8249bfd,2025-09-24,basic,200,ok,1788443059
ce30e9957cb3fc25d2ba4f178103d41b,2025-09-24,basic,200,ok,1788443060
b2510850189b6b332a241aa440682225,2025-09-24,basic,200,ok,1788443061
2ab1d52dfb9a2b08a4b2876a570615b7,2025-09-24,basic,200,ok,1788443061
97fc2ac18172aa37d4237c0f61f68d2c,2025-09-24,basic,200,ok,1788443062
c20021b1694bd9aad5407c79700f38c4,2025-09-24,basic,200,ok,1788443063
dbd82ad31c5f946c5968940797fc4fb0,2025-09-24,basic,200,ok,1788443063
71b91d7b6960c81436565660fbe8e3b1,2025-09-24,basic,200,empty,1788443064
01482598804711f6504f2a648e3b1417efe8d04e6d233bd35cf2fabdeb93fb0d,2025-09-24,basic,200,ok,1788443065
f2b502bb937c50ef906e7c80d94d29c3efe8d04e6d233bd35cf2fabdeb93fb0d,2025-09-24,basic,200,ok,1788443065
89791f7ab861dbe46ff07093683b36a2efe8d04e6d233bd35cf2fabdeb93fb0d,2025-09-24,basic,200,empty,1788443066
ffc07c0a42fc1461e49c480ddc0fa216,2025-09-24,basic,200,ok,1788443066
0bc404add8e3f245d94d1e222ad89f4b,2025-09-24,basic,200,ok,1788443067
4e6055098955915f155305928b5be928efe8d04e6d233bd35cf2fabdeb93fb0d,2025-09-24,basic,200,ok,1788443068
2e686b36bc68482eca5eabc25495a761,2025-09-24,basic,200,ok,1788443068
6686633ddab988c3857a3c74e932d8ca,2025-09-24,basic,200,ok,1788443069
ccdbcb45a9848605ffc565da3a14352cefe8d04e6d233bd35cf2fabdeb93fb0d,2025-09-24,basic,200,ok,1788443070
9c22a3b061f2cc68d0046e9ff12010b7efe8d04e6d233bd35cf2fabdeb93fb0d,2025-09-24,basic,200,ok,1788443070
3e45f9fff9fc1abf962dde2f5cebc9bd,2025-09-24,basic,200,empty,1788443071
7cd50cc5d424d5bd91d10ac17f4aa672,2025-09-24,basic,200,empty,1788443071
d90bdb95ba602b8ba8b4af9984f30113,2025-09-24,basic,200,ok,1788443072
3396ac20ee6b13736f581ef2ba97e4b2efe8d04e6d233bd35cf2fabdeb93fb0d,2025-09-24,basic,200,ok,1788443073
e27a537165164fc045feba072fb8a451,2025-09-24,basic,200,ok,1788443073
7b573dd438474e9c5654664e0da8ab2c,2025-09-24,basic,200,ok,1788443074
fde6e7b69aea0379ac893c423a63fa4cefe8d04e6d233bd35cf2fabdeb93fb0d,2025-09-24,basic,200,empty,1788443074
97d54bdb81ca72e5ee04bb4fc470773286e68d4012202d0434d05f81868f68e3,2025-09-24,basic,200,ok,1788443075
38ab2ccf366008a331511dc52cd0e0caaae77432709819edb959e1fd5d1d77b4,2025-09-24,basic,200,ok,1788443076
0abec384720efa340fa1dec337df8780,2025-09-24,basic,200,empty,1788443076
5469179dc5550667136352bafb62cc35efe8d04e6d233bd35cf2fabdeb93fb0d,2025-09-24,basic,200,ok,1788443077
d322177d0d28809b448df45aca84c7ba,2025-09-24,basic,200,empty,1788443078
eff975d64b85b79179cc4f90e8893421efe8d04e6d233bd35cf2fabdeb93fb0d,2025-09-24,basic,200,ok,1788443078
7cad6568a9b2b2016f1b2d25c57f679e,2025-09-24,basic,200,ok,1788443079
3365644493488f678c05417ac8314ea0efe8d04e6d233bd35cf2fabdeb93fb0d,2025-09-24,basic,200,ok,1788443080
05c7bd6a8c27a99ee6365c90178b8ac7,2025-09-24,basic,200,empty,1788443080
75f75e96d1b3c497d6587e9c625b39da,2025-09-24,basic,200,ok,1788443081
8a23d93936f2632b6db308cd0883fc53,2025-09-24,basic,200,empty,1788443081
cd7dbc1f9df26a752dd243d8933e3306efe8d04e6d233bd35cf2fabdeb93fb0d,2025-09-24,basic,200,ok,1788443082
2a93e3de2a0d2be921db129e5b262e4cefe8d04e6d233bd35cf2fabdeb93fb0d,2025-09-24,basic,200,ok,1788443083
27e89ba81265a483c3c18559b517c81d,2025-09-24,basic,200,ok,1788443083
98fd8194b49b8c68ed013424a16f9f88efe8d04e6d233bd35cf2fabdeb93fb0d,2025-09-24,basic,200,ok,1788443084
b8fb991ac33bb357f17b911517b24a30efe8d04e6d233bd35cf2fabdeb93fb0d,2025-09-24,basic,200,ok,1788443085
cb07d788840dc65eaa2a1ad1835eb28e,2025-09-24,basic,200,ok,1788443085
4772705c7c623e6a7679922f23f334bc,2025-09-24,basic,200,empty,1788443086
72241b7161790545cc61a77bb2b80862,2025-09-24,basic,200,empty,1788443086
8dc61407bf1114f887a6c68d921ea4724723574b05820acf03e7ec3162ff5bed,2025-09-24,basic,200,empty,1788443087
36fd9436306d69ceaa20b114f956bc97,2025-09-24,basic,200,ok,1788443088
6f2dec7f823dcf1256d7e70f9bde8340efe8d04e6d233bd35cf2fabdeb93fb0d,2025-09-24,basic,200,ok,1788443088
f4da4393a34142334e29bf9b0091986d,2025-09-24,basic,200,empty,1788443089
4ea842c9860e815f460392ce49b8bad4efe8d04e6d233bd35cf2fabdeb93fb0d,2025-09-24,basic,200,empty,1788443089
982dc7a6471454c31036731b5f85501eefe8d04e6d233bd35cf2fabdeb93fb0d,2025-09-24,basic,200,ok,1788443090
c85feb124b45bf112ebd638ad53f16f6,2025-09-24,basic,200,ok,1788443090
6855066d677f4d82c718b51f44792155efe8d04e6d233bd35cf2fabdeb93fb0d,2025-09-24,basic,200,ok,1788443091
7546ef4227f74639b2f8ea867c6b72d2efe8d04e6d233bd35cf2fabdeb93fb0d,2025-09-24,basic,200,ok,1788443092
4b5700125c53beaf5e5251e2eb4ddc83efe8d04e6d233bd35cf2fabdeb93fb0d,2025-09-24,basic,200,empty,1788443092
bba1341aa50b301c4d6160b1291f7d5c,2025-09-24,basic,200,ok,1788443093
0de998c4c90a4654fe83822ac0d0f6df,2025-09-24,basic,200,ok,1788443094
55958493586d2f806e8d503019cdbe74aae77432709819edb959e1fd5d1d77b4,2025-09-24,basic,200,ok,1788443094
243d1870c8f462892d4b596e228204db,2025-09-24,basic,200,empty,1788443095
58567c20a9b9264c55b7974a507d649e,2025-09-24,basic,200,ok,1788443095
8e117feaa5120da881beeb39a48f0a1d,2025-09-24,basic,200,ok,1788443096
5e5edaf83103f06a1e75a82e07de3447,2025-09-24,basic,200,ok,1788443097
b9b93ebba3cd7b8eb3ba72bf6fe5a8b8,2025-09-24,basic,200,ok,1788443098
696777d67fcdca152f17a780deba41818295750b1f4857867454debc45ec9c8a,2025-09-24,basic,200,ok,1788443098
4ac5472cf8a5ecc33888fdee25a4a58fefe8d04e6d233bd35cf2fabdeb93fb0d,2025-09-24,basic,200,ok,1788443099
a7fb7efa4ac323707c3180540665021f,2025-09-24,basic,200,empty,1788443099
acfa0f288ed6ca09d34795660d6c4535,2025-09-24,basic,200,ok,1788443100
32cbd2d6bc4ad087ea7ef1cea4b4cb2c,2025-09-24,basic,200,ok,1788443101
fba605fe635ab057d3b0b6106f8ceace,2025-09-24,basic,200,ok,1788443101
1cd09dc2931f3e095709632706675ef6efe8d04e6d233bd35cf2fabdeb93fb0d,2025-09-24,basic,200,ok,1788443102
aee7b16c302ffbe83af9390286ca0585efe8d04e6d233bd35cf2fabdeb93fb0d,2025-09-24,basic,200,ok,1788443103
138e2e73bb51b6feb41f41b3645d3b37,2025-09-24,basic,200,ok,1788443103
3ac483f377327b12cc309696f80171bf,2025-09-24,basic,200,ok,1788443104
0500548d5926a8c45ca76731ebd2dd99,2025-09-24,basic,200,ok,1788443105
b021955e657b3b094cf9be4e56a21828,2025-09-24,basic,200,ok,1788443105
56b69d6f9993367680d5ed87f9a961fe,2025-09-24,basic,200,empty,1788443106
47a966bff577aca778ca725ef1c1b39f,2025-09-24,basic,200,ok,1788443106
af29a70e3157067dc92eab193a6b498f,2025-09-24,basic,200,ok,1788443107
31ef1536f8eb51c4c8f0f097f351340a,2025-09-24,basic,200,empty,1788443108
3813f5718f9b65eb552b469b2a2d7fba,2025-09-24,basic,200,empty,1788443108
6c799019b8aaf1901ac36199e75f8672,2025-09-24,basic,200,ok,1788443109
3af4520b8c5e5177f8fa947c12edb050,2025-09-24,basic,200,ok,1788443109
675660bc22a5ab48adb55433494f2019,2025-09-24,basic,200,ok,1788443110
45daaa371f8296fb05f31f7478af5776efe8d04e6d233bd35cf2fabdeb93fb0d,2025-09-24,basic,200,ok,1788443111
9f73a59397519575770016ed377f7915,2025-09-24,basic,200,ok,1788443111
d42092067ce94e3fef8dc163ddefee64,2025-09-24,basic,200,ok,1788443112
4078c38d50f0bee2fddeb6663e285498efe8d04e6d233bd35cf2fabdeb93fb0d,2025-09-24,basic,200,ok,1788443113
3d46d0218d40e0ede69d687fdad9f2d5efe8d04e6d233bd35cf2fabdeb93fb0d,2025-09-24,basic,200,ok,1788443113
714d6970c253e43434fa6a58cb635593,2025-09-24,basic,200,ok,1788443114
94c447d47a5e5caa41084f87cd3e4c3a,2025-09-24,basic,200,ok,1788443115
60e87f3d1465d85f12ef1b84efa09db9,2025-09-24,basic,200,empty,1788443115
970a93c18abb23bcaeb36d30681fff5eefe8d04e6d233bd35cf2fabdeb93fb0d,2025-09-24,basic,200,ok,1788443116
643467156b1054b6ffcf78c251c8028e,2025-09-24,basic,200,empty,1788443116
7a7d0ef9e9a74fd21708a27f9bd15cf88295750b1f4857867454debc45ec9c8a,2025-09-24,basic,200,ok,1788443117
dba2ae0463c8dcda77164704cfd93ced,2025-09-24,basic,200,ok,1788443118
9ff5df122004c4a68f8c00c0df29bc5f4723574b05820acf03e7ec3162ff5bed,2025-09-24,basic,200,empty,1788443118
960e0cd039c51e1fcbbccf3d42315b40efe8d04e6d233bd35cf2fabdeb93fb0d,2025-09-24,basic,200,ok,1788443119
1e1e6d380cf3e0eefc585fde71531fc7efe8d04e6d233bd35cf2fabdeb93fb0d,2025-09-24,basic,200,empty,1788443120
798b4448ff8d6d24c3328dc80b1f7a64efe8d04e6d233bd35cf2fabdeb93fb0d,2025-09-24,basic,200,ok,1788443120
b4b62f28b8f8c532ef1d0cfd9dd774aa,2025-09-24,basic,200,ok,1788443121
674d08e9f0a213fffdbd557aca762a6b,2025-09-24,basic,200,ok,1788443121
fe6cb6e6a75968d640cff2a962e594c2,2025-09-24,basic,200,ok,1788443122
8a2e84b80fe6905000e98192ef67970c,2025-09-24,basic,200,ok,1788443123
009452683327635678c4e7072ea3b5ddfd842dab14be2a956555625b37c97bff,2025-09-24,basic,200,empty,1788443123
965a7906f01c44d559eaf1e152c6233befe8d04e6d233bd35cf2fabdeb93fb0d,2025-09-24,basic,200,ok,1788443124
bee59a747cfd3e313d3a46564455a9de,2025-09-24,basic,200,ok,1788443125
5136df174c4fa5aac607fd672165715c,2025-09-24,basic,200,ok,1788443125
42a63089bb5bf3ab6009132930a4f316,2025-09-24,basic,200,ok,1788443126
41ff005620eff7448feb108cf025128befe8d04e6d233bd35cf2fabdeb93fb0d,2025-09-24,basic,200,empty,1788443127
922598339a2c72f6053e262521b8febcefe8d04e6d233bd35cf2fabdeb93fb0d,2025-09-24,basic,200,ok,1788443127
20ce26f87d0371ec99a9d4238ab82e2ba2186d8e7cf7a6ee152d97cc78f2ae8b,2025-09-24,basic,200,ok,1788443128
509a79ef02dbc9a6159501e55f427c4a,2025-09-24,basic,200,ok,1788443129
dfa241c42fbd49ea77dc633f46a5c711,2025-09-24,basic,200,ok,1788443129
4b1fe976b133be2f829a9a7537000ec4efe8d04e6d233bd35cf2fabdeb93fb0d,2025-09-24,basic,200,ok,1788443130
c914432467b8c5d4cc25fd603f77fd14efe8d04e6d233bd35cf2fabdeb93fb0d,2025-09-24,basic,200,empty,1788443131
f6ebfb751618dc1683a17d2a82f895fb,2025-09-24,basic,200,ok,1788443131
dd3356900e3eb198a50ce389742b189e,2025-09-24,basic,200,ok,1788443132
cde0bdd100a4d0cc0f19467683ff3c9686e68d4012202d0434d05f81868f68e3,2025-09-24,basic,200,ok,1788443133
ecdba59cbf3b886ab3e3bbdca766a6a6efe8d04e6d233bd35cf2fabdeb93fb0d,2025-09-24,basic,200,ok,1788443133
6bdca54fa29e846e34b07a54a87f447c,2025-09-24,basic,200,ok,1788443134
79d3e834211b5a9b74fb21b8bf01ac65,2025-09-24,basic,200,empty,1788443134
cb07d5b18b59d3ac5698dedc7a69bb4a,2025-09-24,basic,200,ok,1788443135
40c61d645c0ffdb33003106737e081e74723574b05820acf03e7ec3162ff5bed,2025-09-24,basic,200,empty,1788443136
9d04424a124d544cf694e2ae3a965ec4,2025-09-24,basic,200,ok,1788443136
f290d0fbbca67fc21f99b9c4cbd087b7,2025-09-24,basic,200,ok,1788443137
d07df8e4e5e24f7cf9393e0f207570a0efe8d04e6d233bd35cf2fabdeb93fb0d,2025-09-24,basic,200,ok,1788443137
e4079ef2f9baeb2ae7dfe327a2f417f1efe8d04e6d233bd35cf2fabdeb93fb0d,2025-09-24,basic,200,ok,1788443138
8d3b178d40e32183d091ecd38a1d6ee2e85e07f9d5d276f44440847eec04ba68,2025-09-24,basic,200,ok,1788443139
ee45efa190e409cecd3bd5042c7b585befe8d04e6d233bd35cf2fabdeb93fb0d,2025-09-24,basic,200,ok,1788443139
3100158b8fd87fe59bb5f64255a800c2,2025-09-24,basic,200,empty,1788443140
b98d45ac41b1cdc2a923fe7b392c85e1,2025-09-24,basic,200,ok,1788443140
ac81eb4b0260cc3b01501cbadac3de6a,2025-09-24,basic,200,ok,1788443141
be580f4efebd9ec2609b645b7a0cee5a,2025-09-24,basic,200,ok,1788443142
038ad2cbab6f14d2c134b3881a634046efe8d04e6d233bd35cf2fabdeb93fb0d,2025-09-24,basic,200,ok,1788443142
1532ce4f3635d547e51eeb888a0463d5,2025-09-24,basic,200,ok,1788443143
773cbcd2eb9590031dda4e1b5b2a77daefe8d04e6d233bd35cf2fabdeb93fb0d,2025-09-24,basic,200,ok,1788443143
6251fde7a2d04679e1ce73354d072f5fefe8d04e6d233bd35cf2fabdeb93fb0d,2025-09-24,basic,200,ok,1788443144
4e235df4137784725e8dc78513357167,2025-09-24,basic,200,ok,1788443145
a8e50cc63caa26e15fdb23e80f6c8293,2025-09-24,basic,200,empty,1788443145
df5cd55b03b8cd0e1157e3b5224657d5,2025-09-24,basic,200,ok,1788443146
536b771f83c605eb269ded656578b364,2025-09-24,basic,200,ok,1788443147
65b23c3f18fa2371c3de2fa2a8c1158b,2025-09-24,basic,200,ok,1788443147
20d482daf0c79af6754436df8dc16c2cefe8d04e6d233bd35cf2fabdeb93fb0d,2025-09-24,basic,200,empty,1788443148
46a712ed1759e522b8d678025d294fc4efe8d04e6d233bd35cf2fabdeb93fb0d,2025-09-24,basic,200,ok,1788443149
05ddab8c3249bd493c5103ffbe9a19abefe8d04e6d233bd35cf2fabdeb93fb0d,2025-09-24,basic,200,ok,1788443149
314e84d79f382aae8d6f83042de61489,2025-09-24,basic,200,ok,1788443150
f868f2a6722a314fd07c83e10cf65ca1,2025-09-24,basic,200,empty,1788443150
6d623bf019368cf5105620edbc6f1193,2025-09-24,basic,200,empty,1788443151
bed7cfc5d2569530fcdf479f3a8f4419,2025-09-24,basic,200,ok,1788443151
0adcc935de8476267e52852c47ade6e5,2025-09-24,basic,200,empty,1788443152
0d94e84c101eae2818494c68831edc5cefe8d04e6d233bd35cf2fabdeb93fb0d,2025-09-24,basic,200,ok,1788443153
f46e5c750fbb8e1dc0168b11605cc34b,2025-09-24,basic,200,ok,1788443153
f36691fe94cf53d7b7ad465eb89d7a0aefe8d04e6d233bd35cf2fabdeb93fb0d,2025-09-24,basic,200,ok,1788443154
ef229f4cae98be48a76edd504578831a,2025-09-24,basic,200,empty,1788443154
98bea7a1a0db4e39019c6b41e67538d9efe8d04e6d233bd35cf2fabdeb93fb0d,2025-09-24,basic,200,ok,1788443155
c579af833aa247a3e506914a013d9612,2025-09-24,basic,200,empty,1788443155
6dc5720299cd1a94bd54282434bf1ff1,2025-09-24,basic,200,ok,1788443156
f93e16cd0870585b3a2fe45b89b99dd3,2025-09-24,basic,200,ok,1788443157
9100c795085ef1040352436478e0960e,2025-09-24,basic,200,ok,1788443157
b3a3f866f10d6caeb37f43b1e12047f8,2025-09-24,basic,200,ok,1788443158
fe69a223ce0c0e54b6fdf2dd416b77cd,2025-09-24,basic,200,ok,1788443159
55c0469be4d7b85ea2556ca16f8b05f7efe8d04e6d233bd35cf2fabdeb93fb0d,2025-09-24,basic,200,ok,1788443159
db13c6c2cd4037f297a6ef05a97b768dfd842dab14be2a956555625b37c97bff,2025-09-24,basic,200,ok,1788443160
34cf247e2b7e11601f7c9b65cadb6a60efe8d04e6d233bd35cf2fabdeb93fb0d,2025-09-24,basic,200,ok,1788443161
608059d5dab27142e872d368db6da100efe8d04e6d233bd35cf2fabdeb93fb0d,2025-09-24,basic,200,ok,1788443161
3de69937b2cd4e3d62e924e57d80c043,2025-09-24,basic,200,ok,1788443162
a8a385428ce5806bef78a49ad3b2b089a2186d8e7cf7a6ee152d97cc78f2ae8b,2025-09-24,basic,200,ok,1788443163
3d20d65286bea4141b2ace581fd81645,2025-09-24,basic,200,ok,1788443163
9602ed8165734f29d00ed5c4c918190baae77432709819edb959e1fd5d1d77b4,2025-09-24,basic,200,empty,1788443164
05d4a39d0022c9aa2275881d4e42185a,2025-09-24,basic,200,empty,1788443164
7f633ab773a3e5ea378159b38736ccaaefe8d04e6d233bd35cf2fabdeb93fb0d,2025-09-24,basic,200,ok,1788443165
82fb9f65dbd3f0307bf3c6b5f22c6f9a,2025-09-24,basic,200,ok,1788443166
575a8823e0354123f22d2256c0cdd7daefe8d04e6d233bd35cf2fabdeb93fb0d,2025-09-24,basic,200,ok,1788443166
d16be9464daead787307009f1297ad61,2025-09-24,basic,200,ok,1788443167
f04338bdf54453540057360ba988c9db,2025-09-24,basic,200,empty,1788443167
99701e5086b3cdaa9d9b348dd99ec2f0,2025-09-24,basic,200,ok,1788443168
afdc68fe469c9e97665dcd4d6065501a86e68d4012202d0434d05f81868f68e3,2025-09-24,basic,200,ok,1788443169
b1b271a42fc10ca0ef274cfa9c44aef2,2025-09-24,basic,200,ok,1788443169
ee899a2077b12a321e70bd2e91ec7f91,2025-09-24,basic,200,ok,1788443170
11c187a1d81e1120ed83cbb4ca2e26b6,2025-09-24,basic,200,empty,1788443171
8880b0851ba78614b38e6ba2f4ce835f,2025-09-24,basic,200,ok,1788443171
0bea9f99d918beda1764b637c4f640c1,2025-09-24,basic,200,ok,1788443172
467328170b1f94c4714b52fed6746fdaefe8d04e6d233bd35cf2fabdeb93fb0d,2025-09-24,basic,200,ok,1788443172
df04a92f3f23f465bae7e6941a0d1fe5efe8d04e6d233bd35cf2fabdeb93fb0d,2025-09-24,basic,200,ok,1788443173
568e9a1e15f0067cc4629827cbd919c8efe8d04e6d233bd35cf2fabdeb93fb0d,2025-09-24,basic,200,ok,1788443174
a6e7aa7c0d006df52e850cfbd3b730f8,2025-09-24,basic,200,ok,1788443174
f1ddaf718deb23ad2dd99f42dea76f36c47ea5ffea2564f587ca830a8f71acb2,2025-09-24,basic,200,ok,1788443175
65ff1e42af9708af156aeee9572f94d8efe8d04e6d233bd35cf2fabdeb93fb0d,2025-09-24,basic,200,ok,1788443175
d2060797eb4d660664993deba65bbec7,2025-09-24,basic,200,ok,1788443176
2907c87f38ee0a27391f097c02326915,2025-09-24,basic,200,ok,1788443177
8536039595a783d9da2c070ae91b8607efe8d04e6d233bd35cf2fabdeb93fb0d,2025-09-24,basic,200,ok,1788443177
aa00da4e2dc2753d437bc09b0afc3181,2025-09-24,basic,200,ok,1788443178
aa467c943d72808b794f7b3830d191adefe8d04e6d233bd35cf2fabdeb93fb0d,2025-09-24,basic,200,empty,1788443179
474656513f8d120d18e77b7253ec2140efe8d04e6d233bd35cf2fabdeb93fb0d,2025-09-24,basic,200,empty,1788443179
ac66aa54ce26846242fc2bce3b5c9fa7,2025-09-24,basic,200,ok,1788443180
8fbe14c8fc863c59fdffd7a8d568382e6fbb98200a15be5bcc73a64995849e9c,2025-09-24,basic,200,ok,1788443180
839499cb96e3d1d3ce1d039b40949699,2025-09-24,basic,200,ok,1788443181
8e91d20b1ac19bd65efa94ab62275a29efe8d04e6d233bd35cf2fabdeb93fb0d,2025-09-24,basic,200,ok,1788443182
56e56ccdc16c45d4dd6dd4ae771a370a,2025-09-24,basic,200,ok,1788443182
43ad00f5bbd2053d4f7f77f14a8822aa,2025-09-24,basic,200,empty,1788443183
beda5d5ec1545edf9a4d8e38b4dceeb6,2025-09-24,basic,200,ok,1788443184
2001d17819de130555367b24dee9427b,2025-09-24,basic,200,ok,1788443184
a097a145c2aed142a30d6b8005b33d2f,2025-09-24,basic,200,ok,1788443185
5fca8b54ebc787b5576562319fcd639a,2025-09-24,basic,200,empty,1788443186
a10f358027f7b1b5027e2fbde7f4f9e5,2025-09-24,basic,200,ok,1788443186
57a5b0feeba002d8a8c2f4b45e58c95e,2025-09-24,basic,200,ok,1788443187
bd5c545993516183e8c7d0c67b2aa91efd842dab14be2a956555625b37c97bff,2025-09-24,basic,200,ok,1788443188
2b6db05b12524adbc8d04fb36b1cb0b2efe8d04e6d233bd35cf2fabdeb93fb0d,2025-09-24,basic,200,ok,1788443188
edb15ed4a47b797465e58dcdb2fa9dfa,2025-09-24,basic,200,ok,1788443189
68b8e96253f360e21d19c5491c185ac6,2025-09-24,basic,200,ok,1788443190
32201e38b8a8123c66dee7f52f84dcf9,2025-09-24,basic,200,ok,1788443190
692228197a6d7ba02fd2c1ec3fb80503,2025-09-24,basic,200,empty,1788443191
f29201fd1597d5abed76623e3fc45507efe8d04e6d233bd35cf2fabdeb93fb0d,2025-09-24,basic,400,http_400,1788443191
d9141bd8fe9c1f353b1e9b1b96d64d6e,2025-09-24,basic,200,ok,1788443192
24b024ca2c5281c8d3f961f541fd7303,2025-09-24,basic,200,empty,1788443193
dfb028c405e4befad50a3f8702d229ec,2025-09-24,basic,200,ok,1788443193
26daf695c193eb0c8581c1baeff75ce7,2025-09-24,basic,200,ok,1788443194
2be60a34075b01aa7295c66d2c7dde5e,2025-09-24,basic,200,empty,1788443194
8cb2ad47c4205a5817b529f63633bd2cefe8d04e6d233bd35cf2fabdeb93fb0d,2025-09-24,basic,200,ok,1788443195
c2127235c02cc352c86e07b69621fec7efe8d04e6d233bd35cf2fabdeb93fb0d,2025-09-24,basic,200,ok,1788443196
d4872881964ffed61357fe42f19028be,2025-09-24,basic,200,empty,1788443196
64633f4b10c856967380f29674942d466fbb98200a15be5bcc73a64995849e9c,2025-09-24,basic,200,ok,1788443197
e80f275f1b83fef662b8ec51a334e0de,2025-09-24,basic,200,ok,1788443198
7a7129dcfb91518a4fe2557aefb17fbc,2025-09-24,basic,200,ok,1788443198
19f601c935da8fdc1525e549720ba862,2025-09-24,basic,200,ok,1788443199
c8af9e27e0ba3304887a13bc6ad19260efe8d04e6d233bd35cf2fabdeb93fb0d,2025-09-24,basic,200,ok,1788443200
a3f3c5b707ceb8957837ccde94fa0581,2025-09-24,basic,200,ok,1788443200
9935b053eb8d9e8ff86241fd7e0f78dcefe8d04e6d233bd35cf2fabdeb93fb0d,2025-09-24,basic,200,ok,1788443201
65eda6592e5dc500f89602194cdbded3efe8d04e6d233bd35cf2fabdeb93fb0d,2025-09-24,basic,200,empty,1788443201
92258573b64d3d0922fb106f9dccbbc2efe8d04e6d233bd35cf2fabdeb93fb0d,2025-09-24,basic,200,ok,1788443202
672082d84097f105b2c82d87ab68fec4efe8d04e6d233bd35cf2fabdeb93fb0d,2025-09-24,basic,200,ok,1788443203
f3015dc9a03728bfe079230032853566,2025-09-24,basic,200,ok,1788443203
b174ae08ca7591d562a69eb6326ef5d1,2025-09-24,basic,200,ok,1788443204
e1c8f1661857006e4244bd755825b4dc,2025-09-24,basic,200,empty,1788443204
69b29dcc524b4e8c8ee3b96690cc2055efe8d04e6d233bd35cf2fabdeb93fb0d,2025-09-24,basic,200,empty,1788443205
9b48dea7bdfe091f9bdde37e51867ddb,2025-09-24,basic,200,empty,1788443205
dc64314e55168de8e9ab990fe7d32d18efe8d04e6d233bd35cf2fabdeb93fb0d,2025-09-24,basic,200,empty,1788443206
570ccc00fecc100a33edee9eb0f6c58a,2025-09-24,basic,200,ok,1788443207
4b8da0e3b90b8ab5930a353a6a8061f1c47ea5ffea2564f587ca830a8f71acb2,2025-09-24,basic,200,ok,1788443207
fedfa20b03802fdd55c7b72cfe7ac559,2025-09-24,basic,200,ok,1788443208
6a0d8aa45cba8a9a74dfb1cff27e5ce5,2025-09-24,basic,200,ok,1788443208
0e62f9864e0b18394c28256438c47a5b,2025-09-24,basic,200,ok,1788443209
cd5bc7045e1d85f53548ec9fcacce98c,2025-09-24,basic,200,ok,1788443210
55182b4201dea08701cae20661addf80,2025-09-24,basic,200,empty,1788443210
ad2e6be54305807b5943c54aa2b1aa97efe8d04e6d233bd35cf2fabdeb93fb0d,2025-09-24,basic,200,ok,1788443211
3632d1f5628c1f9e1222b955a1943d54,2025-09-24,basic,200,ok,1788443212
241b58382aa97d7665680fcd8c1cb993,2025-09-24,basic,200,ok,1788443212
1cf483634215acc0bcb27953517ae34b,2025-09-24,basic,200,ok,1788443213
3b9a649e57df462ea79a92feaa870c6aefe8d04e6d233bd35cf2fabdeb93fb0d,2025-09-24,basic,200,empty,1788443213
3bbb31798d41654e89c5524b007c77fb,2025-09-24,basic,200,ok,1788443214
8dd48d6f409dbbc6bf544c64d9bbf521efe8d04e6d233bd35cf2fabdeb93fb0d,2025-09-24,basic,200,ok,1788443215
b5ce5a289a3a4755cb2a5a22f7a4214eefe8d04e6d233bd35cf2fabdeb93fb0d,2025-09-24,basic,200,ok,1788443215
39b637bdd38e55ee8d15c179985cd319,2025-09-24,basic,200,ok,1788443216
280005ec19d01f4a06b2bb8a8a0b2b96,2025-09-24,basic,200,ok,1788443217
d3c7cc11a63d4c0a3717fd24b1c08dc7efe8d04e6d233bd35cf2fabdeb93fb0d,2025-09-24,basic,200,ok,1788443217
322e0c545d3eb91bf7f939b35dfc184befe8d04e6d233bd35cf2fabdeb93fb0d,2025-09-24,basic,200,ok,1788443218
8b090fbdceacf97077b6678ed8100ec7,2025-09-24,basic,200,ok,1788443219
0c99b7e9b37bdcb557a3e4361ea56708efe8d04e6d233bd35cf2fabdeb93fb0d,2025-09-24,basic,200,empty,1788443219
5b7afbb5313a8b9f84e70f0eb229d18d,2025-09-24,basic,200,ok,1788443220
709d6926130a74558315133ec7ab321d,2025-09-24,basic,200,ok,1788443220
a84862a8a9620cd3d921d84cb4274449,2025-09-24,basic,200,ok,1788443221
c9c1ad087e126782e3020792c7e0902f,2025-09-24,basic,200,ok,1788443222
da4018f60cec64d9e61da0f65b543132,2025-09-24,basic,200,ok,1788443222
9d2d16fa2f98350b0ea99bd3abb2a615efe8d04e6d233bd35cf2fabdeb93fb0d,2025-09-24,basic,200,empty,1788443223
889afe1cda281a63a7146078a8ceb9d5,2025-09-24,basic,200,ok,1788443224
a061be6603cf6d1a99c6949b57356ddb,2025-09-24,basic,200,ok,1788443224
6aa175852e53cf84803c974eee2b8dfcefe8d04e6d233bd35cf2fabdeb93fb0d,2025-09-24,basic,200,ok,1788443225
c89c38becb1565d489bced60c2d9fb84,2025-09-24,basic,200,ok,1788443225
9b60a85137c2f44284697ed77742d8a2,2025-09-24,basic,200,ok,1788443226
58fe1e8e011f0fb10b7e7ce62cb39fffefe8d04e6d233bd35cf2fabdeb93fb0d,2025-09-24,basic,200,ok,1788443227
36a515fd7b3c74d542a7d51e7c1a0f41fd842dab14be2a956555625b37c97bff,2025-09-24,basic,200,ok,1788443227
162a9b0959583628786b0f3ebe2f7f2eefe8d04e6d233bd35cf2fabdeb93fb0d,2025-09-24,basic,200,ok,1788443228
b1b9017e2452ecaf2eb4fcfa39187370efe8d04e6d233bd35cf2fabdeb93fb0d,2025-09-24,basic,200,ok,1788443229
f5122e2e0b33e72f50a43376cdfdb3aa,2025-09-24,basic,200,empty,1788443229
7be0208f1e3f0ccdd28ff55bfb4303daefe8d04e6d233bd35cf2fabdeb93fb0d,2025-09-24,basic,200,ok,1788443230
efed4bdca099185b6fb399e8e64464f8,2025-09-24,basic,200,empty,1788443230
452a558d69a0f1a329976fcaa78350bf3663933da92e7566c55104ec9ac2894d,2025-09-24,basic,200,ok,1788443231
24deb8e3770b1886ffe8733d53f1157c,2025-09-24,basic,200,ok,1788443232
04144accf5ac266f535c062711cb0b92,2025-09-24,basic,200,ok,1788443232
c6f3d2592069d20c8d412efe71170b9fefe8d04e6d233bd35cf2fabdeb93fb0d,2025-09-24,basic,200,ok,1788443233
8dd2251732512d3429e5a12d8b6641163663933da92e7566c55104ec9ac2894d,2025-09-24,basic,200,empty,1788443234
39c27b36fbf58829fe724538fc47b7fa,2025-09-24,basic,200,ok,1788443234
59d7701e9b3862c5b298083b14799014,2025-09-24,basic,200,ok,1788443235
1ac56710317c491493bb4d6eed687563efe8d04e6d233bd35cf2fabdeb93fb0d,2025-09-24,basic,200,ok,1788443235
2326408a7bf304107549525fa2d3996fefe8d04e6d233bd35cf2fabdeb93fb0d,2025-09-24,basic,200,ok,1788443236
40dc677586827537bb337522d4d02c30,2025-09-24,basic,200,ok,1788443237
96d038080bd65ece45d659d0b735923a,2025-09-24,basic,200,ok,1788443237
1265116b0f0aaf2729150cc06622438e,2025-09-24,basic,200,ok,1788443238
9bfa151ffc8956e229f7760b44893598,2025-09-24,basic,200,ok,1788443239
7504fac46361f52f18230584690c3440,2025-09-24,basic,200,ok,1788443239
737d90d6a4770b9cea23294df3a44f65,2025-09-24,basic,200,ok,1788443240
3ae9f88945dbbf8cb3fd6321a6d37118,2025-09-24,basic,200,ok,1788443241
209eefc640e7feb939b8dfe8970011b2,2025-09-24,basic,200,ok,1788443241
fbc69fa93142b8036071dfc465d30357,2025-09-24,basic,200,ok,1788443242
f9f77def0d9d14b974e426e3e6e92d263663933da92e7566c55104ec9ac2894d,2025-09-24,basic,200,empty,1788443242
eafabc2429f0ab57b973331e94f9b342,2025-09-24,basic,200,empty,1788443243
b2cc916d9ee5d3eec2d8b07beaaa03f8,2025-09-24,basic,200,empty,1788443244
e4b57e5c994d3fc2636b8dbb80305f42efe8d04e6d233bd35cf2fabdeb93fb0d,2025-09-24,basic,200,ok,1788443244
e6073fa414709d2f2216bcbe21a1efbe,2025-09-24,basic,200,empty,1788443245
865173c6694a10e4498571ebd3027847,2025-09-24,basic,200,ok,1788443245
9571870c7ab6da06db11cabb2131cb75,2025-09-24,basic,200,empty,1788443246
d285619b019584125f4b431cadc715f8,2025-09-24,basic,200,ok,1788443247
6ea1a4d9f78c78465d1429c9dd49c26886e68d4012202d0434d05f81868f68e3,2025-09-24,basic,200,ok,1788443247
b0d2c3ff36cddbd5900eb7e5c51e37ab,2025-09-24,basic,200,ok,1788443248
62127b31dd8c77185c7c473ee07a75a9efe8d04e6d233bd35cf2fabdeb93fb0d,2025-09-24,basic,200,ok,1788443249
7c497043946b8a2100c2ac2aa93b8f4e,2025-09-24,basic,200,ok,1788443249
4101e2339fbcfbe21d87052ac5895402efe8d04e6d233bd35cf2fabdeb93fb0d,2025-09-24,basic,200,ok,1788443250
ec6513dabf56669ff0bab1bed1c5bc4d,2025-09-24,basic,200,ok,1788443250
d8e70ca24be9c6d4f58f71f509e83eb1efe8d04e6d233bd35cf2fabdeb93fb0d,2025-09-24,basic,200,ok,1788443251
c4f1e22de0024667114ed7cef0054441efe8d04e6d233bd35cf2fabdeb93fb0d,2025-09-24,basic,200,ok,1788443252
c2ba9a9bb47e8776228dbcd636039bd0efe8d04e6d233bd35cf2fabdeb93fb0d,2025-09-24,basic,200,ok,1788443252
ccc8a066278aec1ee31532569c7efad6,2025-09-24,basic,200,ok,1788443253
4ccd881a67b9074928707cf8f5a2263e,2025-09-24,basic,200,ok,1788443254
422eb18afbdc1e3d39ca824d64886b68,2025-09-24,basic,200,empty,1788443254
5eb910b6cc8e32223d5ab5ead034df12,2025-09-24,basic,200,ok,1788443255
10e083e0d082aa37ff694ad07a8de83eefe8d04e6d233bd35cf2fabdeb93fb0d,2025-09-24,basic,200,ok,1788443256
9857c406022684cdab05dbb7e534fd9b,2025-09-24,basic,200,ok,1788443256
bb4e71331c91ac604c5543f2791ba94befe8d04e6d233bd35cf2fabdeb93fb0d,2025-09-24,basic,200,ok,1788443257
20708fcbff7a4ea3d1abc4b033edf451,2025-09-24,basic,200,ok,1788443257
5b8085061bc79ef5e294574f36148913,2025-09-24,basic,200,ok,1788443258
282c0b3c7c0be0a50df792fb272d95e4efe8d04e6d233bd35cf2fabdeb93fb0d,2025-09-24,basic,200,ok,1788443259
34d2b1678756b21d77dc8ad4e8623f9a,2025-09-24,basic,200,ok,1788443259
7018404a05eb7e299c808ab7c9fefd3b,2025-09-24,basic,200,ok,1788443260
22997fd66675e6301529a0933aafd70f,2025-09-24,basic,200,empty,1788443260
0672cc201b26f19d08a4e0338eb2f18d,2025-09-24,basic,200,ok,1788443261
0aebbbdc499d652568e41bfe687796eeefe8d04e6d233bd35cf2fabdeb93fb0d,2025-09-24,basic,200,ok,1788443262
9fa69cb2f4fab3cb2f24e7698b77b553,2025-09-24,basic,200,empty,1788443262
c0513258d756d8558d46989f9d04c096,2025-09-24,basic,200,ok,1788443263
796b8c249be4a695b237f05e61ff374e,2025-09-24,basic,200,ok,1788443264
aae100913d3ab2aa235bb1b243fcf107,2025-09-24,basic,200,ok,1788443264
21ba76aa05e27b7311300b0a8599a307,2025-09-24,basic,200,empty,1788443265
4d28ef5aa007eeb2991507f03a3c9f36,2025-09-24,basic,200,ok,1788443265
dfde2d809b4096b7b047f0c1960d7421,2025-09-24,basic,200,empty,1788443266
0307b022bfc7e0b7949ce27c54a78273,2025-09-24,basic,200,ok,1788443267
7b4308216f348851a2059928c938b835efe8d04e6d233bd35cf2fabdeb93fb0d,2025-09-24,basic,200,empty,1788443267
fe44d17af9e06a9410f047657232139a,2025-09-24,basic,200,ok,1788443268
f13c3c02550fc375b7ab8f3aad57dfb086e68d4012202d0434d05f81868f68e3,2025-09-24,basic,200,ok,1788443269
99a8b13961e27dcf1ada995bb52736abefe8d04e6d233bd35cf2fabdeb93fb0d,2025-09-24,basic,200,ok,1788443269
8c189af32f40b3c77a7671558119632f,2025-09-24,basic,200,ok,1788443270
c894b11e914c7a9996efb2d5e8f8f2e3,2025-09-24,basic,200,ok,1788443270
a7bf2099e0c75d5298040be62d0bcf2defe8d04e6d233bd35cf2fabdeb93fb0d,2025-09-24,basic,200,empty,1788443271
3632fdd27413f5bdd8bfd2040ce39d69efe8d04e6d233bd35cf2fabdeb93fb0d,2025-09-24,basic,200,ok,1788443272
08532845c163eea72c7b22185003330c,2025-09-24,basic,200,empty,1788443272
dd910610792ccdd733edc423231e225e,2025-09-24,basic,200,ok,1788443273
cf66fac7a8a6f6794417a0c8ca91df19,2025-09-24,basic,200,ok,1788443274
7a5798fdb7599656a2288b15b99957fb,2025-09-24,basic,200,empty,1788443274
ed2ed5957373b827994c226a4f2710c0,2025-09-24,basic,200,ok,1788443275
01aa3f3b2af981119495cde0d6aa0662,2025-09-24,basic,200,ok,1788443275
cac4a0888fadb3f23e6c85bf48178202,2025-09-24,basic,200,ok,1788443276
240d0481f2864e14c1e544ece2af2788efe8d04e6d233bd35cf2fabdeb93fb0d,2025-09-24,basic,200,empty,1788443277
362ea360f5f553a57ee311ad27258c28,2025-09-24,basic,200,empty,1788443277
430ea348a27d9ae174803c5f60e024ebefe8d04e6d233bd35cf2fabdeb93fb0d,2025-09-24,basic,200,ok,1788443278
f48df7a6108f689e82d399487a2b58e7,2025-09-24,basic,200,ok,1788443278
0273dd4cf6a680f84a5dc6b5216fa6e1efe8d04e6d233bd35cf2fabdeb93fb0d,2025-09-24,basic,200,ok,1788443279
bc89b173f4d25e3709b9365bd4bd96b4efe8d04e6d233bd35cf2fabdeb93fb0d,2025-09-24,basic,200,ok,1788443280
cbccd9d0dc57a582ccf81c409461b975efe8d04e6d233bd35cf2fabdeb93fb0d,2025-09-24,basic,200,ok,1788443280
c77fe41e5707841508f47c86e1bed079,2025-09-24,basic,200,ok,1788443281
9b3d848121384234f00838b74ca8c47b,2025-09-24,basic,200,ok,1788443282
75d1ab9ab64474fceb1c97ad84da436defe8d04e6d233bd35cf2fabdeb93fb0d,2025-09-24,basic,200,ok,1788443282
6821af4818fe446f83f0b013cb202eca6fbb98200a15be5bcc73a64995849e9c,2025-09-24,basic,200,ok,1788443283
454b382a78903c9eb796232986fa60a2efe8d04e6d233bd35cf2fabdeb93fb0d,2025-09-24,basic,200,ok,1788443284
f27443bc659d451340df33a884a26d7c,2025-09-24,basic,200,ok,1788443284
96bda04cfffa2c9aee37f8a07abd829defe8d04e6d233bd35cf2fabdeb93fb0d,2025-09-24,basic,200,empty,1788443285
94565b2cb63914cb6e6c14f890dba3a6,2025-09-24,basic,200,empty,1788443286
f9af00fd9dcd92746048f65dedb064f0a2186d8e7cf7a6ee152d97cc78f2ae8b,2025-09-24,basic,200,empty,1788443286
a7bc11fed0e07ceb652a2f1148e932ffefe8d04e6d233bd35cf2fabdeb93fb0d,2025-09-24,basic,200,ok,1788443287
679aaa2de3ebd2ced4daaadf98a72308e85e07f9d5d276f44440847eec04ba68,2025-09-24,basic,200,empty,1788443287
25d0574234c030d0da28044411914c72efe8d04e6d233bd35cf2fabdeb93fb0d,2025-09-24,basic,200,ok,1788443288
01808797056bcefa5f67744c04d8301b,2025-09-24,basic,200,ok,1788443289
3468e663acfde210e29111626dc0916e,2025-09-24,basic,200,ok,1788443289
e159db7a13d77b1f596ed8e07832c6f2,2025-09-24,basic,200,ok,1788443290
891f76e88e311a5fa2e60e60a5122177,2025-09-24,basic,200,empty,1788443291
5b057c6a659f43da8f0ff9a81dac8aaa,2025-09-24,basic,200,ok,1788443291
c7180f670f63d98e02131e8dd5153a4f,2025-09-24,basic,200,ok,1788443292
d821168c54554f49655aec0b3766c96d,2025-09-24,basic,200,ok,1788443293
653c51050b6d0681052feffa328bb1d9,2025-09-24,basic,200,ok,1788443293
1746ed5b20448d9823de7babe2981932,2025-09-24,basic,200,empty,1788443294
5d41b61917e457cd3bf9a140ea1bd22f,2025-09-24,basic,200,empty,1788443294
a61daf7d033683eda9b8ab1973a816aeefe8d04e6d233bd35cf2fabdeb93fb0d,2025-09-24,basic,200,ok,1788443295
ebdc327a992b15ffee48a92c1d22b2f2efe8d04e6d233bd35cf2fabdeb93fb0d,2025-09-24,basic,200,ok,1788443296
68748808066a5388a8dd864dfc79c150,2025-09-24,basic,200,ok,1788443296
9635615e918405eaa58e33b136283d6d,2025-09-24,basic,200,ok,1788443297
ca69c4fad31ee3666141e8c25971a9224723574b05820acf03e7ec3162ff5bed,2025-09-24,basic,200,empty,1788443298
4011a48ac86b889dadd9f405485ea6f3,2025-09-24,basic,200,ok,1788443298
fe6b2f103ed61813e5b5a3a5bd7004e0,2025-09-24,basic,200,ok,1788443299
db3cade0511875435786133c6e2304b2,2025-09-24,basic,200,ok,1788443299
7bc9a81f9a29439bf437e87f04c29750,2025-09-24,basic,200,empty,1788443300
55f9f718a4371685d0a13a4ff00b4397c47ea5ffea2564f587ca830a8f71acb2,2025-09-24,basic,200,ok,1788443301
d7c2366f7839e3588168bcf1ed5186c4,2025-09-24,basic,200,ok,1788443301
916ab54c41cd96169fe92e5ca191a423efe8d04e6d233bd35cf2fabdeb93fb0d,2025-09-24,basic,200,ok,1788443302
efdb5234a95ce07f06962b18a8c1f4ed,2025-09-24,basic,200,ok,1788443303
161dd725531ea72e4bdced7e50581b78efe8d04e6d233bd35cf2fabdeb93fb0d,2025-09-24,basic,200,ok,1788443303
855c0acf405d5417cd0d44b11fa775f6,2025-09-24,basic,200,empty,1788443304
a0c848e72c0b0ffaaee09ebf0c431b50,2025-09-24,basic,200,empty,1788443304
e38b9f3a713f6293377bdba0fa7ab9ce,2025-09-24,basic,200,ok,1788443305
998262326426f542cf4c0f63cc6723e6,2025-09-24,basic,200,empty,1788443306
1771fdb27774e1e17c6ca6aa1338d485,2025-09-24,basic,200,ok,1788443306
bb50d531278bfa01dd4a28b54c426be1aae77432709819edb959e1fd5d1d77b4,2025-09-24,basic,200,empty,1788443307
848ecdbf9bf9398dc4528da0de455bf7efe8d04e6d233bd35cf2fabdeb93fb0d,2025-09-24,basic,200,empty,1788443307
44548a5642c0d5bc6180b576b5bc2ff7aae77432709819edb959e1fd5d1d77b4,2025-09-24,basic,200,ok,1788443308
f97641adc98e2d4d44bf998ed4c3a9b2,2025-09-24,basic,200,empty,1788443309
fb36278a8ffaebcb1b7532065e950064efe8d04e6d233bd35cf2fabdeb93fb0d,2025-09-24,basic,200,ok,1788443309
56e90823eb2303a44ff7600225e49fe8,2025-09-24,basic,200,ok,1788443310
680adcb996a46a5e066515818a07d82d,2025-09-24,basic,200,ok,1788443310
f8ffbbcd39db3d1c8ca17e0beeac48bf,2025-09-24,basic,200,ok,1788443311
43f924417d96951dd1dba6a4b3f8b154efe8d04e6d233bd35cf2fabdeb93fb0d,2025-09-24,basic,200,ok,1788443312
ed984cfd7d36f61cc5b075643ea949e4,2025-09-24,basic,200,ok,1788443312
299306f6f504427314c608927700096c,2025-09-24,basic,200,ok,1788443313
b9a327f97edad30730af7ef5f2abcfa4,2025-09-24,basic,200,ok,1788443314
e57948d1c62a73d31471851e0ae6b9d3,2025-09-24,basic,200,ok,1788443314
49a3ec13d0edde5d7366f7a0ce25c012efe8d04e6d233bd35cf2fabdeb93fb0d,2025-09-24,basic,200,ok,1788443315
3c84a89441d019859ba6d1c2783bf154,2025-09-24,basic,200,ok,1788443315
ee5bd84785bd0d680621bd5bada2e4c2,2025-09-24,basic,200,empty,1788443316
0d06763a280868594c10f1639a0c2b7d,2025-09-24,basic,200,ok,1788443317
aec5596821494d9635f9d755b7e077c8fd842dab14be2a956555625b37c97bff,2025-09-24,basic,200,ok,1788443317
19ec416d3dca3f93cf2e748e76b1afdf,2025-09-24,basic,200,ok,1788443318
2c9aea595bb947f82ecf3cbb6694efd9,2025-09-24,basic,200,ok,1788443319
64fb03fa2e7a517b715c975c59d7c798,2025-09-24,basic,200,empty,1788443319
8b4c5f28028987048db20644c874baaf86e68d4012202d0434d05f81868f68e3,2025-09-24,basic,200,empty,1788443320
57d9dea80c316bfbd60bfe014ad92fcb,2025-09-24,basic,200,ok,1788443320
5327d7d5d000f3b321e26e0034244a73efe8d04e6d233bd35cf2fabdeb93fb0d,2025-09-24,basic,200,empty,1788443321
2b456b75873c37d6318e6606be020183,2025-09-24,basic,200,empty,1788443321
28d97f8c4b9f673d366ec5776e874901,2025-09-24,basic,200,ok,1788443322
71cb159790a35c023942c5e593ce97bfefe8d04e6d233bd35cf2fabdeb93fb0d,2025-09-24,basic,200,empty,1788443323
906beefdefdb6d78470d8d681faeb4d1efe8d04e6d233bd35cf2fabdeb93fb0d,2025-09-24,basic,200,ok,1788443323
5fb5297da92555ff8c151ca8ac2cfc70,2025-09-24,basic,200,ok,1788443324
2494a40a621577184f93bdd4d6d7c0a6,2025-09-24,basic,200,ok,1788443325
32b5cc2614e75c737d2f17c1150fbabeefe8d04e6d233bd35cf2fabdeb93fb0d,2025-09-24,basic,200,ok,1788443325
0c36dee223307dc9c26786441a81ccbb,2025-09-24,basic,200,ok,1788443326
9b18d285e0317f1368e8e9b4218d10c3,2025-09-24,basic,200,ok,1788443326
e26d049a0e6ea4b1e5e7b7717ee316d0,2025-09-24,basic,200,ok,1788443327
36098dff39ec064c391ce7b1fc5f0361,2025-09-24,basic,200,empty,1788443328
2eb44bb805a9231b95e48eb01006d50b,2025-09-24,basic,200,ok,1788443328
94dd98bfb473abd4f7d95b695400195a,2025-09-24,basic,200,empty,1788443329
92acb0a86468daa7f38dc72ed792b5a2efe8d04e6d233bd35cf2fabdeb93fb0d,2025-09-24,basic,200,ok,1788443329
a307f0e1794fb34edaa52da9339fcf75,2025-09-24,basic,200,ok,1788443330
b00b39efb0ef2535cce093c84672d97a,2025-09-24,basic,200,empty,1788443331
dd2aaafd5b46e1a3dd697d6fe77470c9efe8d04e6d233bd35cf2fabdeb93fb0d,2025-09-24,basic,200,empty,1788443331
58b5591c6e6f4ad815c5f58c1a103a5defe8d04e6d233bd35cf2fabdeb93fb0d,2025-09-24,basic,200,ok,1788443332
0ed9f8e372da57185e387f92fcaa68bdefe8d04e6d233bd35cf2fabdeb93fb0d,2025-09-24,basic,200,ok,1788443332
8e36ae1bfeda82d70cc0cf18dc57812a4723574b05820acf03e7ec3162ff5bed,2025-09-24,basic,200,empty,1788443333
5d045df084da5361da271a114504ef02,2025-09-24,basic,200,empty,1788443334
03ef361296479abf252f016d0855af518295750b1f4857867454debc45ec9c8a,2025-09-24,basic,200,empty,1788443334
cb79ede2f712fb7aed10eac32171fbbb,2025-09-24,basic,200,ok,1788443335
8c1738fcbd068f3c3af1debe5035d828,2025-09-24,basic,200,empty,1788443335
fddacd3893f7fa6f53d67f1321a90567,2025-09-24,basic,200,ok,1788443336
3eeb47450570af3da84ec5e1de55b2bb,2025-09-24,basic,200,ok,1788443337
089928e253555ac1bd7501a0dc6060ef,2025-09-24,basic,200,ok,1788443337
51908c2cfdcc6c012588d6dbcaaed1d93663933da92e7566c55104ec9ac2894d,2025-09-24,basic,200,empty,1788443338
45ec9920a813bc7987cf18f9e42364b3efe8d04e6d233bd35cf2fabdeb93fb0d,2025-09-24,basic,200,empty,1788443339
26e50dd53aa27e067c05d77e778b0a7d,2025-09-24,basic,200,ok,1788443339
7723bb5480b0db7120754af1e05d3cc9,2025-09-24,basic,200,ok,1788443340
14c5f43fdcf769658c1d4aabdaf8a41defe8d04e6d233bd35cf2fabdeb93fb0d,2025-09-24,basic,200,empty,1788443340
fd049be79b0c1eecbd5e5d539032a4bdefe8d04e6d233bd35cf2fabdeb93fb0d,2025-09-24,basic,200,ok,1788443341
3d6a5b10cf24574c193aa6397f595e62,2025-09-24,basic,200,ok,1788443342
afae287d9cd5d818d011b7042e088582efe8d04e6d233bd35cf2fabdeb93fb0d,2025-09-24,basic,200,ok,1788443342
eeaaa16e2c82dc238a49ac890cb5a072,2025-09-24,basic,200,empty,1788443343
a4bb192104f948b51620a33dae310581efe8d04e6d233bd35cf2fabdeb93fb0d,2025-09-24,basic,200,ok,1788443343
7c7755ca997a441de0c70264602ddb64,2025-09-24,basic,200,ok,1788443344
73e2f391f7159099c2987f271ec6a9b2,2025-09-24,basic,200,ok,1788443345
bfbdb791d9cdf485de94cb2c27cd9737efe8d04e6d233bd35cf2fabdeb93fb0d,2025-09-24,basic,200,empty,1788443345
00c4f4003c6fb0aa984aed79087eb704,2025-09-24,basic,200,empty,1788443346
f8c2f91ce554eef177b0b9f92fced182,2025-09-24,basic,200,ok,1788443347
ccaccb8b6e120d5d8ea36cc615032cf3efe8d04e6d233bd35cf2fabdeb93fb0d,2025-09-24,basic,200,ok,1788443347
35743c3e206ce25227591eeafea1160e,2025-09-24,basic,200,ok,1788443348
425faf553e5a486ca1ad42221af91b95efe8d04e6d233bd35cf2fabdeb93fb0d,2025-09-24,basic,200,ok,1788443349
71436fb1131c46acbed3be2b6525b6ddefe8d04e6d233bd35cf2fabdeb93fb0d,2025-09-24,basic,200,ok,1788443349
ade90f304f921530d11e141d129d83ec,2025-09-24,basic,200,ok,1788443350
85055c99bbc84d973ad532928c0c265e,2025-09-24,basic,200,empty,1788443350
da068fb8f2cf155df12515fd5787510defe8d04e6d233bd35cf2fabdeb93fb0d,2025-09-24,basic,200,ok,1788443351
12e0c83a92e607c8d73ab1844804a251,2025-09-24,basic,200,ok,1788443352
1740d10cf27e6e30d1d00a031f1cdd34,2025-09-24,basic,400,http_400,1788443352
1de8fbb4a01df7b5ca8c1f3c37b868f8,2025-09-24,basic,200,ok,1788443353
8b71dd1400bc409bd0abec4527f3b722,2025-09-24,basic,200,ok,1788443354
49f9283319a7676ec368bc35c0b8ee548295750b1f4857867454debc45ec9c8a,2025-09-24,basic,200,empty,1788443354
d5dcff409fc41425b1cf4dfc2c4c9417efe8d04e6d233bd35cf2fabdeb93fb0d,2025-09-24,basic,200,ok,1788443355
c2b28408934d7d9112f87b38d72810c9,2025-09-24,basic,200,empty,1788443356
6cd1e515153d2376c93e2de026aca476,2025-09-24,basic,200,ok,1788443356
7c9ca7245a6c7efca6dcdd10dec528a8,2025-09-24,basic,200,empty,1788443357
f05a56428392b6e3b6dd7f243f3c798c,2025-09-24,basic,200,empty,1788443357
19d99cb003fb3c126dd4fff2f32d0ad7efe8d04e6d233bd35cf2fabdeb93fb0d,2025-09-24,basic,200,empty,1788443358
34745b7ff97be26ce4d62a403256df22efe8d04e6d233bd35cf2fabdeb93fb0d,2025-09-24,basic,200,ok,1788443358
01ecc3fb806a7d506305bf9f32648fb3,2025-09-24,basic,200,ok,1788443359
2f288651db5906674ce2fc181b4cde1d,2025-09-24,basic,200,empty,1788443360
35cd5730fbeedd7ade7a6fc36a6888daefe8d04e6d233bd35cf2fabdeb93fb0d,2025-09-24,basic,200,ok,1788443360
1b47aa75e9ad84cc38dd090eec82efdb,2025-09-24,basic,200,empty,1788443361
76115e8cbbe074ce10c466efab8f578986e68d4012202d0434d05f81868f68e3,2025-09-24,basic,200,ok,1788443362
fa39a2e4380717410f37ef5b714cbfdeefe8d04e6d233bd35cf2fabdeb93fb0d,2025-09-24,basic,200,ok,1788443362
6b3bc9cea0699bb23c40989110dda9dcefe8d04e6d233bd35cf2fabdeb93fb0d,2025-09-24,basic,200,ok,1788443363
ec14b666a4b3b163fec6b8489ea0a674,2025-09-24,basic,200,ok,1788443364
931d2662683b6f9a4a8ee3a65c8e5826,2025-09-24,basic,200,ok,1788443364
e19463c425cad7da90221addb69721a73663933da92e7566c55104ec9ac2894d,2025-09-24,basic,200,ok,1788443365
f1a4803f68d6c7a27c27ecc06a613955efe8d04e6d233bd35cf2fabdeb93fb0d,2025-09-24,basic,200,empty,1788443365
98e3f32eff41486ad6de8bb504f33016,2025-09-24,basic,200,ok,1788443366
9a237b54374ff6edd945ff6de9d2bd60,2025-09-24,basic,200,ok,1788443367
1f90699019ce76c8d03973dcba1a0ab9,2025-09-24,basic,200,ok,1788443368
e9737e817f677d0596549b194c6c887fefe8d04e6d233bd35cf2fabdeb93fb0d,2025-09-24,basic,200,ok,1788443368
0c094a88d5308b53f9513616a6bb1cac,2025-09-24,basic,200,ok,1788443369
2c41025af72be7950e0c8e9e38c1dee6,2025-09-24,basic,200,ok,1788443369
f66b5821916e6da7b0c935db592f3487,2025-09-24,basic,200,ok,1788443370
276cf75a803003f6413fe9a059723566efe8d04e6d233bd35cf2fabdeb93fb0d,2025-09-24,basic,200,ok,1788443371
4f3b4b39c8ddd327b3b8a2b1e95eddde,2025-09-24,basic,200,ok,1788443371
e6a5cf1b0cc81316caa727fe422eb064efe8d04e6d233bd35cf2fabdeb93fb0d,2025-09-24,basic,200,empty,1788443372
968dcddc5d86513a350aab8d4d9140a4,2025-09-24,basic,200,ok,1788443373
c7d3662bebe6d8ec9daee8d1bd9543f9,2025-09-24,basic,200,empty,1788443373
dc443be24282d000511ddf124fa953ee,2025-09-24,basic,200,ok,1788443374
035b62b0ee57044e98572785cd3c4e74,2025-09-24,basic,200,ok,1788443375
6ee7904e10f99a6dbe7181f1313a36aae85e07f9d5d276f44440847eec04ba68,2025-09-24,basic,200,empty,1788443375
73b6762ea685299cceb8d785770e0f40,2025-09-24,basic,200,ok,1788443376
78279a3ff9e83c88ad292beec8f4ace2efe8d04e6d233bd35cf2fabdeb93fb0d,2025-09-24,basic,200,ok,1788443377
ec1af074a1418657891c2473f1586447,2025-09-24,basic,200,ok,1788443377
9f4cc7c9bc459a93e9b62d58436f0a07efe8d04e6d233bd35cf2fabdeb93fb0d,2025-09-24,basic,200,ok,1788443378
5ba1821568da89325981c6f0019701e8,2025-09-24,basic,200,ok,1788443378
20114dc08a25057f1344b89fada96b5c,2025-09-24,basic,200,ok,1788443379
46be0aeb3b816d1397e234d876ba6272,2025-09-24,basic,200,ok,1788443380
b90e7186b438694eb88842593be5dd63efe8d04e6d233bd35cf2fabdeb93fb0d,2025-09-24,basic,200,ok,1788443380
7264adbfb8f1f10d217b9cdea0036dd7efe8d04e6d233bd35cf2fabdeb93fb0d,2025-09-24,basic,200,ok,1788443381
39d6c04fd6be491bb625b9a813edbb8b,2025-09-24,basic,200,ok,1788443382
f31f4800461d503bd3ebfe979c3e6fa6,2025-09-24,basic,200,empty,1788443382
2c7b55465b4060cde305a1ef289b698befe8d04e6d233bd35cf2fabdeb93fb0d,2025-09-24,basic,200,ok,1788443383
f48d2514dd4023d7a163c70f92277fd8,2025-09-24,basic,200,ok,1788443384
17407aa11d3d2468cbaba396d80c3009c47ea5ffea2564f587ca830a8f71acb2,2025-09-24,basic,200,ok,1788443384
9e2f68e5cb73f579758e037ce040cb78,2025-09-24,basic,200,ok,1788443385
fcd3e605e8765abae77694b421c6b9156fbb98200a15be5bcc73a64995849e9c,2025-09-24,basic,200,ok,1788443386
4e56f66b5835028fb37686ab0c8c5d83,2025-09-24,basic,200,ok,1788443386
3d37a0a336997f9c9ffa327c0fe903e5,2025-09-24,basic,200,ok,1788443387
a1a3928a2359e7c190884629d1ec7e45,2025-09-24,basic,200,ok,1788443388
73d83a43b0ea19e4925346c058988b26,2025-09-24,basic,200,empty,1788443388
52c8d2bddbe31bc249d1cf2a25302a18,2025-09-24,basic,200,empty,1788443389
7292ed9ce45092ee0b6bf7abd4a5b2fe,2025-09-24,basic,200,ok,1788443389
68f6f08f2db0fdb966e3d6ff1582efe1,2025-09-24,basic,200,empty,1788443390
0ce5f0370e697be26f3f9b56a458df76,2025-09-24,basic,200,ok,1788443391
1fe75932ab6316da4035c3ef20f54ce786e68d4012202d0434d05f81868f68e3,2025-09-24,basic,200,ok,1788443391
4c7af6458adca6a71a8438d33c9d42aaefe8d04e6d233bd35cf2fabdeb93fb0d,2025-09-24,basic,200,ok,1788443392
2788a5ab49a709a51d2dcf42b2f7bede3663933da92e7566c55104ec9ac2894d,2025-09-24,basic,200,empty,1788443393
fd7d3dab3adc8a1ba330340e418d4978efe8d04e6d233bd35cf2fabdeb93fb0d,2025-09-24,basic,200,ok,1788443393
5fdc9225f9a5d4c9b8a9b1c34d52beebefe8d04e6d233bd35cf2fabdeb93fb0d,2025-09-24,basic,200,ok,1788443394
5d0c585c55050016b404c1a2f44be259efe8d04e6d233bd35cf2fabdeb93fb0d,2025-09-24,basic,200,ok,1788443395
eca00f7cad7fd5a70e499cf1e139010defe8d04e6d233bd35cf2fabdeb93fb0d,2025-09-24,basic,200,ok,1788443395
83123ad991de718d8389fb9363046140,2025-09-24,basic,200,empty,1788443396
2ff7c4b52828039a111d85ee800b1b53,2025-09-24,basic,200,ok,1788443397
a340605c918ec73da4494caaf0529ab0efe8d04e6d233bd35cf2fabdeb93fb0d,2025-09-24,basic,200,ok,1788443397
913c2a45be3959e40cd8ffece11fa0ecefe8d04e6d233bd35cf2fabdeb93fb0d,2025-09-24,basic,200,ok,1788443398
962049e1f1076111958854676542dfa4,2025-09-24,basic,200,ok,1788443399
01a9062276eae81b61db9574749fa14f,2025-09-24,basic,200,ok,1788443400
f948e3556aea6766588173d9e3612e6f,2025-09-24,basic,200,empty,1788443401
a4df162fe9de32e1344ca58478737716,2025-09-24,basic,200,empty,1788443402
a5a47e3c6d3418b88d1a4584b35a5a98,2025-09-24,basic,200,ok,1788443402
97bd0a2fb5986b87b029ef7e7edcec52efe8d04e6d233bd35cf2fabdeb93fb0d,2025-09-24,basic,200,ok,1788443403
fb0b512f48ff3e419016e3863822ea97efe8d04e6d233bd35cf2fabdeb93fb0d,2025-09-24,basic,200,ok,1788443404
cc0c1a86de67ed40d46c44e4cbca9959c47ea5ffea2564f587ca830a8f71acb2,2025-09-24,basic,200,empty,1788443404
64990f478b38d2be8978684908e2c19a,2025-09-24,basic,200,ok,1788443405
753535edaf421891982dde5abfeb1d4f8295750b1f4857867454debc45ec9c8a,2025-09-24,basic,200,empty,1788443405
25ed327ed43113c2366c6aabd06f5cae,2025-09-24,basic,200,ok,1788443406
805ed58fa24f956a37337016186a5f52efe8d04e6d233bd35cf2fabdeb93fb0d,2025-09-24,basic,200,ok,1788443407
0a0aea1aafb29b34584b6be844cb29e4efe8d04e6d233bd35cf2fabdeb93fb0d,2025-09-24,basic,200,ok,1788443408
1fb2029400969c0145d524208ffbcbe2,2025-09-24,basic,200,ok,1788443408
2e232d485836753cec57d0b76bce08f3,2025-09-24,basic,200,empty,1788443409
accab45d6729c4ddae6f0cefa9bc3d37efe8d04e6d233bd35cf2fabdeb93fb0d,2025-09-24,basic,200,ok,1788443410
761b3be0278221705a7471d0b1f9145b,2025-09-24,basic,200,ok,1788443410
f81a3b31334fd3b7eef0327ef5ebc7f1,2025-09-24,basic,200,ok,1788443411
5103fd5a5e561ede03df93d883dcec2d,2025-09-24,basic,200,empty,1788443411
a53ab12a216fe4337fe4ba92a95b91a8efe8d04e6d233bd35cf2fabdeb93fb0d,2025-09-24,basic,200,ok,1788443412
78e428db27a554c0141925a26623910e,2025-09-24,basic,200,ok,1788443413
e6edaa2feef4e15d350902d139b4d601,2025-09-24,basic,200,empty,1788443413
2702d81aacaa6db01ac8b751e7b19467,2025-09-24,basic,200,ok,1788443414
152b48e72916a0840bb94839b919a2d1,2025-09-24,basic,200,ok,1788443415
0655367342595b55005c3b3158923d0e,2025-09-24,basic,200,ok,1788443415
6ea4d16bdd8473d29f18ca2381723b48,2025-09-24,basic,200,ok,1788443416
510aeeafbbfca436f176f15450cb9ae5,2025-09-24,basic,200,ok,1788443417
7d010b8734965312cd0a4c224cdb0b7c,2025-09-24,basic,200,empty,1788443417
ed848164282bda01f9e2fc7ffc440ba4efe8d04e6d233bd35cf2fabdeb93fb0d,2025-09-24,basic,200,ok,1788443418
dd435ab7afe9c98fee5ed036b8782177,2025-09-24,basic,200,ok,1788443419
b6386bc3b9e3d3de273aaef02a08e967,2025-09-24,basic,200,empty,1788443419
f6c544631c36a78d58c5518d9c59178c,2025-09-24,basic,200,ok,1788443420
6200f324bea2cf91944db084079b5c8defe8d04e6d233bd35cf2fabdeb93fb0d,2025-09-24,basic,200,ok,1788443421
fc6712df371df494f0ac8758b3b558a1,2025-09-24,basic,200,ok,1788443421
8915d04a6b4d51c9ca34dc8369fb9d17efe8d04e6d233bd35cf2fabdeb93fb0d,2025-09-24,basic,200,ok,1788443422
7cdf24f9917c7484c588d6e5f8570695,2025-09-24,basic,200,empty,1788443422
d64d6a4ec16d606cd4a5eb8a42da3e78efe8d04e6d233bd35cf2fabdeb93fb0d,2025-09-24,basic,200,ok,1788443423
aabd99a8648dd8453ee515fbaa93b508,2025-09-24,basic,200,empty,1788443424
df14a27dafe56d2e899c597345fd1dafe85e07f9d5d276f44440847eec04ba68,2025-09-24,basic,200,ok,1788443424
3b911ea8a7eb1e81994d8ea57d99dcc1,2025-09-24,basic,200,ok,1788443425
ab8242ec7b203f69d1b6f543322c1208,2025-09-24,basic,200,empty,1788443426
a14c2ee695b0a0d88a65921cd0926525efe8d04e6d233bd35cf2fabdeb93fb0d,2025-09-24,basic,200,ok,1788443426
99e9cd84827cf1fff25681eb9c92021defe8d04e6d233bd35cf2fabdeb93fb0d,2025-09-24,basic,200,ok,1788443427
5de441c2df15fd7b268a7f0f2943919c,2025-09-24,basic,200,ok,1788443428
8643f1221388f11c98f824ec0bb4f351,2025-09-24,basic,200,ok,1788443428
3a5ff028204b34caa296e73f31c68604,2025-09-24,basic,200,empty,1788443429
9bdb9dbd303c0d710a0d1d2e198c3dd9,2025-09-24,basic,200,ok,1788443430
a17c5fb02a17f99a787f4a67426987d1efe8d04e6d233bd35cf2fabdeb93fb0d,2025-09-24,basic,200,empty,1788443430
34d9b59a32845212ff95b16f634ca0b3,2025-09-24,basic,200,ok,1788443431
aba231fdbe664aa914935b01fe006444,2025-09-24,basic,200,ok,1788443431
b3d449be6175a2b7ec6cd149841e01723663933da92e7566c55104ec9ac2894d,2025-09-24,basic,200,ok,1788443432
c61638b660fbc88a30311e9a9517428b,2025-09-24,basic,200,ok,1788443433
091855a7dfd79b94aa844026152a338e,2025-09-24,basic,200,empty,1788443433
a5e09d3e32d301b5d151d86c2f9cb032a2186d8e7cf7a6ee152d97cc78f2ae8b,2025-09-24,basic,200,ok,1788443434
1e1e40b746a26a64cc2305ee4531121c6fbb98200a15be5bcc73a64995849e9c,2025-09-24,basic,200,empty,1788443435
0de7137591919be1340225e9692351b3efe8d04e6d233bd35cf2fabdeb93fb0d,2025-09-24,basic,200,ok,1788443435
a15340dd6bd5480271d7e75186c2af26efe8d04e6d233bd35cf2fabdeb93fb0d,2025-09-24,basic,200,ok,1788443436
c1c49a705d3040d9acb1598f9893dea3efe8d04e6d233bd35cf2fabdeb93fb0d,2025-09-24,basic,400,http_400,1788443436
f1bbee611ce4a4611a8d8321b93ffdb36fbb98200a15be5bcc73a64995849e9c,2025-09-24,basic,200,ok,1788443437
aec74198047d3d7b39934731e4f7671aa2186d8e7cf7a6ee152d97cc78f2ae8b,2025-09-24,basic,200,ok,1788443438
70f358624c951f5d81c38c3aad3ac7cfefe8d04e6d233bd35cf2fabdeb93fb0d,2025-09-24,basic,200,ok,1788443439
9fb3f5327b45645740f86fe421ec5af4,2025-09-24,basic,200,ok,1788443439
25b73b77020a2ac225dacbb988571b73,2025-09-24,basic,200,empty,1788443440
4b03bce5bdfc258f8e803a3d30f9eaeb,2025-09-24,basic,200,ok,1788443440
305cfeffbf0e3cd3f77e03d3017accd3,2025-09-24,basic,200,ok,1788443441
913098f3ee94bf7cb125509b7abe54fd,2025-09-24,basic,200,ok,1788443442
50a2dd5879ee6ccccc8ecbb538df5dba,2025-09-24,basic,200,ok,1788443442
ef49b00e981b4afd45803558af97af55efe8d04e6d233bd35cf2fabdeb93fb0d,2025-09-24,basic,200,empty,1788443443
a8af60d840d0c0ad65d7c8c9d15115e6,2025-09-24,basic,200,empty,1788443444
60d56d3fa7c4a4713251eb4a0f43acf3,2025-09-24,basic,200,ok,1788443444
7fbae93326d95d96388e429ae0dc6609efe8d04e6d233bd35cf2fabdeb93fb0d,2025-09-24,basic,200,empty,1788443445
aaa4891062a4d3e3b2a89ad0782099e1,2025-09-24,basic,200,ok,1788443445
9480f51d72a72b8fc2fe8d2606c7c09e,2025-09-24,basic,200,empty,1788443446
4a3ec6fe8f52e92bb5b4b799dc4bcf95,2025-09-24,basic,200,ok,1788443447
d982921cbf77cde252039a47c8409b20efe8d04e6d233bd35cf2fabdeb93fb0d,2025-09-24,basic,200,ok,1788443447
e9846107fe71ed0edbac241f122a1037efe8d04e6d233bd35cf2fabdeb93fb0d,2025-09-24,basic,200,ok,1788443448
f38a15289a56cbeeffc09cd8883932ce,2025-09-24,basic,200,ok,1788443449
bb1e543e1523ca4aa31486b44292fcaaefe8d04e6d233bd35cf2fabdeb93fb0d,2025-09-24,basic,200,ok,1788443449
81ed6db79a3caa12e8f6854150b17cf08295750b1f4857867454debc45ec9c8a,2025-09-24,basic,200,ok,1788443450
651aaba0c2e75c8e6a068849558ff4d0efe8d04e6d233bd35cf2fabdeb93fb0d,2025-09-24,basic,200,ok,1788443451
ef0f2f68161fa1e4edb90339ac513530efe8d04e6d233bd35cf2fabdeb93fb0d,2025-09-24,basic,200,ok,1788443451
42a3870b8999c0537185ea6735549b26,2025-09-24,basic,200,ok,1788443452
7ac9b600108714d6339d989eef24593fefe8d04e6d233bd35cf2fabdeb93fb0d,2025-09-24,basic,200,empty,1788443453
2a066cf5931745500fab668f1e12383aefe8d04e6d233bd35cf2fabdeb93fb0d,2025-09-24,basic,200,ok,1788443453
b4686ffcbf16ec696d08bf16e42291d7,2025-09-24,basic,200,ok,1788443454
0962599d18234e97e4837a294a7d71b4efe8d04e6d233bd35cf2fabdeb93fb0d,2025-09-24,basic,200,ok,1788443455
1c425b3f599f37c860869bbe7d27befaefe8d04e6d233bd35cf2fabdeb93fb0d,2025-09-24,basic,200,empty,1788443455
6c7b65381e03295da533ff3700ab8d02,2025-09-24,basic,200,ok,1788443456
b287ab4d6de5c3fdf31b7208f3289220,2025-09-24,basic,200,ok,1788443457
5c1080befe430ca9a1b82f9b957aa61eefe8d04e6d233bd35cf2fabdeb93fb0d,2025-09-24,basic,200,empty,1788443457
7387135e644abecdd189b4057c90bf14,2025-09-24,basic,200,ok,1788443458
93ab9f37c605fe9061fee78dd4bac23e,2025-09-24,basic,200,ok,1788443459
b38ff0b54209bd4e76e4423de4f0600b,2025-09-24,basic,200,ok,1788443459
118420ab604c5a3212c1f83ad1661836,2025-09-24,basic,200,empty,1788443460
d31c37f72372a94b8e0731298e372a13,2025-09-24,basic,200,empty,1788443461
fbf04ecaaf084eff4854dbbb3a5da943efe8d04e6d233bd35cf2fabdeb93fb0d,2025-09-24,basic,200,ok,1788443461
5fb6fe832583c03ef08695d46a9227c0,2025-09-24,basic,200,ok,1788443462
af9b242384889254733f1716d63d850f,2025-09-24,basic,200,ok,1788443463
4dab399925006b4091680e20b181df85,2025-09-24,basic,200,empty,1788443463
a678e447939ae5a7347e5e9afe191095efe8d04e6d233bd35cf2fabdeb93fb0d,2025-09-24,basic,200,ok,1788443464
313e6abcc43d56084f4443a5f2c8d4dd,2025-09-24,basic,200,ok,1788443465
9b3652d2a786f97667977a2f19f69263efe8d04e6d233bd35cf2fabdeb93fb0d,2025-09-24,basic,200,ok,1788443465
c9d4990d54f1de87e4af7170c5c4e1fc,2025-09-24,basic,200,ok,1788443466
81b7a5605a1d5e89e468fe1400d822e7,2025-09-24,basic,200,ok,1788443467
305a43f7f2f016bc750e6b288559dd68,2025-09-24,basic,200,ok,1788443467
84ac820e6f0769bae7a8e77120fff981efe8d04e6d233bd35cf2fabdeb93fb0d,2025-09-24,basic,200,empty,1788443468
dd85ac2f31c3ec661b6a2d870285e191efe8d04e6d233bd35cf2fabdeb93fb0d,2025-09-24,basic,200,empty,1788443469
18a01982ba0d1011bef20f80a0fcf063efe8d04e6d233bd35cf2fabdeb93fb0d,2025-09-24,basic,200,ok,1788443469
ed61aa4ae28b1bcdf77ddf401115a42a,2025-09-24,basic,200,ok,1788443470
6d8820b0f451aa5b955fdc77c9d3cc3e,2025-09-24,basic,200,empty,1788443471
32a6fe68e487481f78dfceb1f1d707b7,2025-09-24,basic,200,ok,1788443471
e1d042cf6edc29c6818fa3c90378293e,2025-09-24,basic,200,empty,1788443472
bd16fcfd306cee235438ed40449347b3efe8d04e6d233bd35cf2fabdeb93fb0d,2025-09-24,basic,200,ok,1788443473
40628316b1c492bd5dd1387de1130400,2025-09-24,basic,200,ok,1788443473
53ce5c42cf548edb887bf17b5193cdef,2025-09-24,basic,200,ok,1788443474
f572330caaf6084712e7badc939358a3,2025-09-24,basic,200,ok,1788443475
edca5fb24f2301ecf896f4033b7f149b,2025-09-24,basic,200,ok,1788443475
740ac6e7aec65be19f83fa6aabd3bec5,2025-09-24,basic,200,ok,1788443476
0d20b2d1abeac016e9a157bca605567caae77432709819edb959e1fd5d1d77b4,2025-09-24,basic,200,empty,1788443477
7827226a05d15ad44eada95193fece41efe8d04e6d233bd35cf2fabdeb93fb0d,2025-09-24,basic,200,ok,1788443477
4f27dbdbf154c79e7a557ed0381ef336efe8d04e6d233bd35cf2fabdeb93fb0d,2025-09-24,basic,200,empty,1788443478
b637d1921a102e1a012694e179449cc5efe8d04e6d233bd35cf2fabdeb93fb0d,2025-09-24,basic,200,ok,1788443479
a68e4923a88cc84ea4991f842be83a34efe8d04e6d233bd35cf2fabdeb93fb0d,2025-09-24,basic,200,ok,1788443479
d7189aaf9d2f8745f5a18b748d88a336efe8d04e6d233bd35cf2fabdeb93fb0d,2025-09-24,basic,200,ok,1788443480
100c42aeb9726b84424079b52beffc8befe8d04e6d233bd35cf2fabdeb93fb0d,2025-09-24,basic,200,ok,1788443481
b4e6f053b4f84352282325d587deeff5efe8d04e6d233bd35cf2fabdeb93fb0d,2025-09-24,basic,200,ok,1788443481
3a0b909d35bbb0fdef5fe0c7a87e66be,2025-09-24,basic,200,empty,1788443482
2689769a9f68f82c36ecf0fd13c2ee74efe8d04e6d233bd35cf2fabdeb93fb0d,2025-09-24,basic,200,ok,1788443483
c5dd4b9d3a79a06bf9edc15a3dc2fbdb,2025-09-24,basic,200,empty,1788443483
84acdbff28774e5afa43441042ad1d71,2025-09-24,basic,200,empty,1788443484
8b9389a99c04f2d6e9a34efbe9af9372efe8d04e6d233bd35cf2fabdeb93fb0d,2025-09-24,basic,200,ok,1788443485
b904b992c2c0f4918969d2b0cb0ea2c1,2025-09-24,basic,200,ok,1788443485
506a2a1dd6413d201e155e3f424849cf,2025-09-24,basic,200,ok,1788443486
dbd158ccf92ff709820e4f88103aabf2efe8d04e6d233bd35cf2fabdeb93fb0d,2025-09-24,basic,200,ok,1788443487
bea07d9c88d0447eb9b2543dd49ed2a3,2025-09-24,basic,200,empty,1788443487
2b65d84f98371d352ee796634274a5e5e85e07f9d5d276f44440847eec04ba68,2025-09-24,basic,200,ok,1788443488
b0590614cc19990d169fd1e46ab83865,2025-09-24,basic,200,empty,1788443489
fa55206445bbafc88ab23bb92b5da0a0efe8d04e6d233bd35cf2fabdeb93fb0d,2025-09-24,basic,200,ok,1788443490
d0ad15ef68ae8d071839d13db145ce61,2025-09-24,basic,200,ok,1788443490
db118ac81a87e2b588d6fb6ba29c5780efe8d04e6d233bd35cf2fabdeb93fb0d,2025-09-24,basic,200,ok,1788443491
06ad73901fc50d4bef7c17b09468b1e7efe8d04e6d233bd35cf2fabdeb93fb0d,2025-09-24,basic,200,ok,1788443492
3c327e40dc649da8d6f015e2d33e7f464723574b05820acf03e7ec3162ff5bed,2025-09-24,basic,200,empty,1788443492
b589691edfc3bcd4053fce4a5fbc1c1d8295750b1f4857867454debc45ec9c8a,2025-09-24,basic,200,ok,1788443493
36e0e9412e52589137f36eacfc8d44dc,2025-09-24,basic,200,ok,1788443494
f9ab2713ac540e8ca708d108f236d047efe8d04e6d233bd35cf2fabdeb93fb0d,2025-09-24,basic,200,ok,1788443494
f531d86fb49d959304be18f9858acef3,2025-09-24,basic,200,ok,1788443495
12a9afa932aaeb46c827714e0baea222efe8d04e6d233bd35cf2fabdeb93fb0d,2025-09-24,basic,200,ok,1788443496
28af4ef490bf54d8a3ee2564e7d9b049efe8d04e6d233bd35cf2fabdeb93fb0d,2025-09-24,basic,200,ok,1788443496
18f784ce77febd6167cc3b79cef54db5,2025-09-24,basic,200,ok,1788443497
7b32fd8c25c782c5f5d7e295a0065365efe8d04e6d233bd35cf2fabdeb93fb0d,2025-09-24,basic,200,ok,1788443498
bec0f7c453d589ab69a294e926314d83efe8d04e6d233bd35cf2fabdeb93fb0d,2025-09-24,basic,200,ok,1788443498
d5ae5ac6d0bb1955c38ec6f09c24f653,2025-09-24,basic,200,empty,1788443499
ee6d1d6feb6c108e01f5cbda353df022,2025-09-24,basic,200,ok,1788443500
c461e510599c044e02ed8d91de6a5bc6,2025-09-24,basic,200,ok,1788443500
33938953475f8fedd2358be975761753,2025-09-24,basic,200,ok,1788443501
d8168d4538937004c2d61866fb731bf1,2025-09-24,basic,200,empty,1788443502
36cb14a01777f6b64d7e3fe44991d946,2025-09-24,basic,200,ok,1788443502
f0b509cf631549aeab315fa14ef73b4d86e68d4012202d0434d05f81868f68e3,2025-09-24,basic,200,ok,1788443503
b8851d8f23b160b0c3c16b6ea75f0184,2025-09-24,basic,200,ok,1788443504
1179488567d2a24e702cb0e86f6fbf2c,2025-09-24,basic,200,ok,1788443504
4959fb85f0ac00d2fb5a01095b1d0bac,2025-09-24,basic,200,ok,1788443505
c6d9ae76a1650ee504f1277716f3a984efe8d04e6d233bd35cf2fabdeb93fb0d,2025-09-24,basic,400,http_400,1788443506
0d56f4fe022f703e62378c914f6387ab,2025-09-24,basic,200,ok,1788443506
3a68623d1c6913acc7937cac4a439fb6,2025-09-24,basic,200,ok,1788443507
ddbcbcdfb35e16fd51cf7f8c4ea2ba9a,2025-09-24,basic,200,ok,1788443508
d162d653d84d0c6bbf2e49d059d5a183,2025-09-24,basic,200,ok,1788443508
6c3ef962b143c5526d7b0ccfc9db60cc,2025-09-24,basic,200,ok,1788443509
817c746aeb79323f34e94a67f21cebb8,2025-09-24,basic,200,empty,1788443510
13b05f774bd76dde668f346a65d9b35fefe8d04e6d233bd35cf2fabdeb93fb0d,2025-09-24,basic,200,ok,1788443510
fd377d001968be9550fb9070064048f9efe8d04e6d233bd35cf2fabdeb93fb0d,2025-09-24,basic,200,ok,1788443511
7c76f46ce3dd0d0aebb056a9779b7e5b,2025-09-24,basic,200,ok,1788443512
694f8b0334fe3bdf54df2df59071c949,2025-09-24,basic,200,ok,1788443512
a2b6f53736f9ca464de0327d5499e0b1,2025-09-24,basic,200,empty,1788443513
96e7bbfc1c831f81ebc6605710852de7,2025-09-24,basic,200,ok,1788443514
c0d999941794b0a4225a95fc10e8eb20efe8d04e6d233bd35cf2fabdeb93fb0d,2025-09-24,basic,200,empty,1788443514
b86a84503be50a94d789d80b90ecb086c47ea5ffea2564f587ca830a8f71acb2,2025-09-24,basic,200,ok,1788443515
46a75dc020303f4d47e0e4558e638854,2025-09-24,basic,200,ok,1788443516
548d6c22891887961373526461112ab1,2025-09-24,basic,200,ok,1788443516
736597e6eae310579e2ea86f09a44736,2025-09-24,basic,200,empty,1788443517
b61dd0c09a684a225ac79f43c63df363efe8d04e6d233bd35cf2fabdeb93fb0d,2025-09-24,basic,200,ok,1788443517
8585510f2649210f3dba19f7feef9a22,2025-09-24,basic,200,ok,1788443518
fbf9eb20ffe45952e0ac83a82e122508aae77432709819edb959e1fd5d1d77b4,2025-09-24,basic,200,empty,1788443519
d20002d0ce4964c62896c5ae478293b3,2025-09-24,basic,200,ok,1788443519
f1afbe79a770af3761c7d59aca988668,2025-09-24,basic,200,ok,1788443520
ce8c0a13c18cb84e722ac0b9d5b5a277efe8d04e6d233bd35cf2fabdeb93fb0d,2025-09-24,basic,200,ok,1788443521
00208b8a24f3e46714750f4a88384e53,2025-09-24,basic,200,ok,1788443521
352894b15213a494624f4cd3762ce345,2025-09-24,basic,200,ok,1788443522
0e95530c3a4a21e984d027c55215fa1eefe8d04e6d233bd35cf2fabdeb93fb0d,2025-09-24,basic,200,ok,1788443523
5aaf07772d46e3c3aca9a7ef641073f6efe8d04e6d233bd35cf2fabdeb93fb0d,2025-09-24,basic,200,ok,1788443523
5888425d462db58af9907ea21387d9a3efe8d04e6d233bd35cf2fabdeb93fb0d,2025-09-24,basic,200,ok,1788443524
9c88f88a61748fb8acf6efea66eae088efe8d04e6d233bd35cf2fabdeb93fb0d,2025-09-24,basic,200,empty,1788443525
b69abd490e3a34a6110016fd401bbab8efe8d04e6d233bd35cf2fabdeb93fb0d,2025-09-24,basic,200,ok,1788443526
c839fcf0b5fc556f74f2db3d1f917a75efe8d04e6d233bd35cf2fabdeb93fb0d,2025-09-24,basic,200,ok,1788443526
d8e380724194a479f60e66a48bbb3590aae77432709819edb959e1fd5d1d77b4,2025-09-24,basic,200,empty,1788443527
564398ba0a407d571545da1087f81cd6efe8d04e6d233bd35cf2fabdeb93fb0d,2025-09-24,basic,200,ok,1788443528
67173dcb729ab37f467472708e215eeb,2025-09-24,basic,200,empty,1788443528
8e32c31f8a0ac378b515db2c2ae23f79,2025-09-24,basic,200,empty,1788443529
3f2e2a9da2613388cf5548e42839e01eefe8d04e6d233bd35cf2fabdeb93fb0d,2025-09-24,basic,200,ok,1788443529
cf61a62333f34ad11baf290733b388ce,2025-09-24,basic,200,empty,1788443530
141fd395cffc847bd49237bbc30dd8c5,2025-09-24,basic,200,ok,1788443531
1360f30c3c96596cc0b84031ff8d98e3efe8d04e6d233bd35cf2fabdeb93fb0d,2025-09-24,basic,200,ok,1788443531
be6accba01d5e7dae345661dfae21f07efe8d04e6d233bd35cf2fabdeb93fb0d,2025-09-24,basic,200,ok,1788443532
a203969d749e4b962ec8457052c4a455,2025-09-24,basic,200,ok,1788443533
547b6f2aa500f7d92a8224c18ef87d74,2025-09-24,basic,200,ok,1788443533
c0b7d1c2356efbc62f2f34116f630d8c,2025-09-24,basic,200,ok,1788443534
020c28e0be0b02a1d1f769419353d62e,2025-09-24,basic,200,empty,1788443535
64cf17678e94d49b39d5e0c735749c13efe8d04e6d233bd35cf2fabdeb93fb0d,2025-09-24,basic,400,http_400,1788443535
09ce26f7f7b457d08f11d71baf16b125,2025-09-24,basic,200,ok,1788443536
a06ab0a2beabb3321e392afb8c37db87efe8d04e6d233bd35cf2fabdeb93fb0d,2025-09-24,basic,200,ok,1788443537
5f576b76cbcc144efcef129e064f3dab,2025-09-24,basic,200,ok,1788443537
8514fbbf630ab72ff3a651344d1ac9f186e68d4012202d0434d05f81868f68e3,2025-09-24,basic,200,empty,1788443538
5ab57a54f2e124abb4be9cc6cce35b36fd842dab14be2a956555625b37c97bff,2025-09-24,basic,200,ok,1788443538
8ed238b5ea8e0978a2c36c780ecde49d,2025-09-24,basic,200,ok,1788443539
bad4affe48854991aee5f382904aacd2efe8d04e6d233bd35cf2fabdeb93fb0d,2025-09-24,basic,200,ok,1788443540
bdfa13019e32e21874a278118dfb7758efe8d04e6d233bd35cf2fabdeb93fb0d,2025-09-24,basic,200,ok,1788443541
939c65fb87dfead60661a0e1dfee2928,2025-09-24,basic,200,ok,1788443541
2578bcb741cc1f862f76bdf6fd24ff03,2025-09-24,basic,200,empty,1788443542
4e8bfec395849e40f0b917600eb2c4d2,2025-09-24,basic,200,empty,1788443542
74d9a691fb9417342ceec12227c969d4,2025-09-24,basic,200,ok,1788443543
22ee27f94fa8c1ec968e51e6fcdf1e50,2025-09-24,basic,200,ok,1788443544
484afd6168e98d8aa18ec2d475e43e76,2025-09-24,basic,200,ok,1788443545
575b7ba8220fff2c790465fa612c36c7,2025-09-24,basic,200,ok,1788443545
13c1c1bde2f14d9390a8a609c42bf4a1efe8d04e6d233bd35cf2fabdeb93fb0d,2025-09-24,basic,200,ok,1788443546
e461cdffee5559511cbc83f7ed31c813,2025-09-24,basic,200,empty,1788443547
b060b95f774aef34194362823744bb1b,2025-09-24,basic,200,ok,1788443547
22f7b330acaf9c9d480a1a54d0da35d4efe8d04e6d233bd35cf2fabdeb93fb0d,2025-09-24,basic,200,ok,1788443548
d4dcca66594e3db12d0beff6f63b9b1b,2025-09-24,basic,200,ok,1788443549
735aba0aba13099dc5272ab5fbc18aa7efe8d04e6d233bd35cf2fabdeb93fb0d,2025-09-24,basic,200,ok,1788443549
2b08282cb0ad8bb911e279d73258e946efe8d04e6d233bd35cf2fabdeb93fb0d,2025-09-24,basic,200,ok,1788443550
3fda514722db89dd352811b92a9928ca,2025-09-24,basic,200,ok,1788443551
bac4668bc5333ebabff74395e2da3dd6,2025-09-24,basic,200,ok,1788443551
1dd7c1158b537d455c332bdb0e863799efe8d04e6d233bd35cf2fabdeb93fb0d,2025-09-24,basic,200,ok,1788443552
7a75854e8db35ba537d912a8b7410992efe8d04e6d233bd35cf2fabdeb93fb0d,2025-09-24,basic,200,ok,1788443553
5de0c7344f7ca5139015d94834d9ed98efe8d04e6d233bd35cf2fabdeb93fb0d,2025-09-24,basic,200,empty,1788443553
d050f7269602ed77fed87d51cfb06b05,2025-09-24,basic,200,empty,1788443554
90c851a2b90b4ef33966d911057cce29,2025-09-24,basic,200,ok,1788443554
a99f5dc5aa81000e1f00b13d4347ed49,2025-09-24,basic,200,ok,1788443555
77d3e0d2cee5d1f3e77e4c6dba030ea5,2025-09-24,basic,200,empty,1788443556
e23ae618185939d85395378961bcc185,2025-09-24,basic,200,ok,1788443556
a016a368d1aec084d93fd673a932e451,2025-09-24,basic,200,ok,1788443557
e66e3dc25a4191dae538247c543bec6e,2025-09-24,basic,200,empty,1788443558
4bd8876854a34d9e2ba5c25e93829c47efe8d04e6d233bd35cf2fabdeb93fb0d,2025-09-24,basic,200,ok,1788443558
021d71c6c5fce78fcc38720dc5ff520a,2025-09-24,basic,200,ok,1788443559
28c1dd68d3e28cfc5b4d3cf10c6d27f8,2025-09-24,basic,200,ok,1788443560
a66bafc6440c99aa97497b3ff273e52befe8d04e6d233bd35cf2fabdeb93fb0d,2025-09-24,basic,200,ok,1788443560
6d1535e43968392674b8adfe674b815f,2025-09-24,basic,200,ok,1788443561
df0c8cc78daaf8d1937b3f732d1ad4cf,2025-09-24,basic,200,ok,1788443562
c3d56e6201c08d56ff10bdcc24b78dfcefe8d04e6d233bd35cf2fabdeb93fb0d,2025-09-24,basic,200,ok,1788443562
68c3d15c80f798aa5c496382c65be23b,2025-09-24,basic,200,ok,1788443563
7d41dac73f726278a655622ecb8491f5efe8d04e6d233bd35cf2fabdeb93fb0d,2025-09-24,basic,200,empty,1788443564
8a3f3a08ee7cd8adfc5041db3f29bd72,2025-09-24,basic,200,ok,1788443564
7ef1d22504f225324d8f13e8634cc371efe8d04e6d233bd35cf2fabdeb93fb0d,2025-09-24,basic,200,ok,1788443565
2c25666d17c65269d8c5e0f23b4b6caf,2025-09-24,basic,200,ok,1788443566
6b39684aded24d48ef2bd140f5d5ab94,2025-09-24,basic,200,empty,1788443566
f15088071bf5822c489de5cb8e132c1defe8d04e6d233bd35cf2fabdeb93fb0d,2025-09-24,basic,200,ok,1788443567
cb59416e41cd22927440cb5d0095e028,2025-09-24,basic,200,ok,1788443568
6866e91dd9b00d774be7491edae6e822efe8d04e6d233bd35cf2fabdeb93fb0d,2025-09-24,basic,200,ok,1788443568
7f51989dec8839e77ec1ab225f332509efe8d04e6d233bd35cf2fabdeb93fb0d,2025-09-24,basic,200,ok,1788443569
84c02150731ba1e3e04f93afa3585f7aefe8d04e6d233bd35cf2fabdeb93fb0d,2025-09-24,basic,200,ok,1788443570
aa642c9485ec1941fef82cb1ef88d92d,2025-09-24,basic,200,empty,1788443570
cc5bdbc508f1f666f58017ce86be5fb1efe8d04e6d233bd35cf2fabdeb93fb0d,2025-09-24,basic,200,ok,1788443571
db50a8916c2feaeb4fa8e4c6e55a7b3defe8d04e6d233bd35cf2fabdeb93fb0d,2025-09-24,basic,200,ok,1788443572
60e44012732bc8cb2219a9e090bc46a3,2025-09-24,basic,200,ok,1788443572
898213a77bd67d21879d2797fea6fc50,2025-09-24,basic,200,ok,1788443573
6936d23e5b13ea9c639e504bcaf31769,2025-09-24,basic,200,empty,1788443574
e2d0678c60986ca773e3713a038a4f40,2025-09-24,basic,200,empty,1788443574
31d4a79f763d231d9fdefa04ada40ed9efe8d04e6d233bd35cf2fabdeb93fb0d,2025-09-24,basic,200,ok,1788443575
f67e80f8bf3fd1c4d8abef37571f3dd3efe8d04e6d233bd35cf2fabdeb93fb0d,2025-09-24,basic,200,ok,1788443575
93ef68780df150709339fe1946a5f198,2025-09-24,basic,200,ok,1788443576
11487a1f2f2f5c85599785b708a01659,2025-09-24,basic,200,ok,1788443577
50f9cb8a98a8746f77e68fa1a7504815,2025-09-24,basic,200,ok,1788443578
652437ed1ddfdac7ce617855364d7e24,2025-09-24,basic,200,ok,1788443578
63bf708b6c9548143e844fdc5753878e,2025-09-24,basic,200,ok,1788443579
857bd5cba59b2aff151abc4aae83c8abefe8d04e6d233bd35cf2fabdeb93fb0d,2025-09-24,basic,200,ok,1788443580
8fea030ca17edc6fc8cc5ea6a788eb5a,2025-09-24,basic,200,ok,1788443580
df00a751c2ea003f778c017f563b46eb4723574b05820acf03e7ec3162ff5bed,2025-09-24,basic,200,ok,1788443581
5a68e3de4a5521a88d876d0a3d5b5d4f,2025-09-24,basic,200,ok,1788443581
0acda468ae5e6fb931c3626708f0e028a2186d8e7cf7a6ee152d97cc78f2ae8b,2025-09-24,basic,200,empty,1788443582
9bb15113f84cf38e7a19d213281190b1efe8d04e6d233bd35cf2fabdeb93fb0d,2025-09-24,basic,200,ok,1788443583
6bf765c535d897a2c18409e5e6f27089,2025-09-24,basic,200,ok,1788443583
5e435512bd762458e973b981ffbd1d54,2025-09-24,basic,200,ok,1788443584
1498280213e13b2b59660f0b6aee1720,2025-09-24,basic,200,ok,1788443585
85892b7afd7c6caa422d8eea63e91438efe8d04e6d233bd35cf2fabdeb93fb0d,2025-09-24,basic,200,ok,1788443585
2986918ec5941d45ccdeda7f3d3e1aa3,2025-09-24,basic,200,ok,1788443586
3a89485940893699400ba02af1bde667,2025-09-24,basic,200,ok,1788443587
077a0e8c69d7eb70b064b843b2b64110,2025-09-24,basic,200,ok,1788443587
3711b59d046ce6f508b5fd21b7ca13b1,2025-09-24,basic,200,ok,1788443588
d12340e54081e449e8858bc6e21db2a1,2025-09-24,basic,200,ok,1788443589
11f189b4da6339e36effd886f2ea00b6,2025-09-24,basic,200,empty,1788443589
a1cf41d37e6e4899db253d1f5ce46170,2025-09-24,basic,200,ok,1788443590
c08400f5b60f6d19d77efda833772741,2025-09-24,basic,200,ok,1788443591
5169167ce21f67f5e3d77c0c635002e34723574b05820acf03e7ec3162ff5bed,2025-09-24,basic,200,empty,1788443591
9aef3930d0c4bb12db2553fec19725c6,2025-09-24,basic,200,ok,1788443592
f66948852ecc7be69eaa331e541bd2e9,2025-09-24,basic,200,ok,1788443593
6ebfe42c02fce5f1a0589794e977bd7f,2025-09-24,basic,200,ok,1788443593
05946163ec8fba2af18102be66740948efe8d04e6d233bd35cf2fabdeb93fb0d,2025-09-24,basic,200,ok,1788443594
afc54144137f5bba7ea0fe16e91574a7,2025-09-24,basic,200,ok,1788443595
217de04fec9a7a81ac068a8b0af645c7,2025-09-24,basic,200,ok,1788443595
203813e064fa13d9fd44b1ced2a01fd1,2025-09-24,basic,200,ok,1788443596
5197b8190fe1ce90fd155d2e9a2e516d,2025-09-24,basic,200,ok,1788443597
29925dd9edcaf5a63d81738057f69afd,2025-09-24,basic,200,ok,1788443598
04b2a365f11e0f8e48e4c65c1cfe70ed,2025-09-24,basic,200,ok,1788443598
c8f4a41c1368607cf9c31043a8b41846,2025-09-24,basic,200,ok,1788443599
914a7540516b74e1f2812b566e4a5b64,2025-09-24,basic,200,ok,1788443599
9467ac50a7b87a476ad5ebcca4263bc2,2025-09-24,basic,200,ok,1788443600
df236be95985b9def71482281a38e73fefe8d04e6d233bd35cf2fabdeb93fb0d,2025-09-24,basic,200,ok,1788443601
dc9e8579a19eddd613b717d71d43683b,2025-09-24,basic,200,ok,1788443602
b22f12c94280f0e1016def1bc511eb86,2025-09-24,basic,200,ok,1788443602
4036ca24a80f056f7482db3913b4d357,2025-09-24,basic,200,ok,1788443603
576c5199b41704e7c15a9e3a85f41b09efe8d04e6d233bd35cf2fabdeb93fb0d,2025-09-24,basic,200,ok,1788443604
74bb94ae1c1bd047be19b110bae0aef8,2025-09-24,basic,200,ok,1788443604
0f9587a6e15e903ed7457a830a5df476,2025-09-24,basic,200,ok,1788443605
88e90383483beaae9db738e7866c94f3efe8d04e6d233bd35cf2fabdeb93fb0d,2025-09-24,basic,200,ok,1788443606
dbecf99426dc8b5a18a890f9e2e8d867,2025-09-24,basic,200,empty,1788443606
570f49e94180026039f437f0ebbaf22fefe8d04e6d233bd35cf2fabdeb93fb0d,2025-09-24,basic,200,ok,1788443607
4718c9518becadd35feec18ffc60d265efe8d04e6d233bd35cf2fabdeb93fb0d,2025-09-24,basic,200,ok,1788443607
4afda4a2381806047aa88389d084ecc2efe8d04e6d233bd35cf2fabdeb93fb0d,2025-09-24,basic,200,ok,1788443608
c78171fab867fa88fc18bdf151ecef10efe8d04e6d233bd35cf2fabdeb93fb0d,2025-09-24,basic,200,empty,1788443609
aed7bf18d59352e2179202d33e1aa912efe8d04e6d233bd35cf2fabdeb93fb0d,2025-09-24,basic,200,ok,1788443609
f1e32480cea177de0b1504bc220f4b7e86e68d4012202d0434d05f81868f68e3,2025-09-24,basic,200,empty,1788443610
7cdad52cb1d4be12f2a54d9c4fa9d455,2025-09-24,basic,200,empty,1788443611
dbade363947ed8f86d572b4c3795b702,2025-09-24,basic,200,empty,1788443611
e488805a70171e287e54736142ed6470,2025-09-24,basic,200,ok,1788443612
67401d2eca73ba8dd6719e1cad1560e5,2025-09-24,basic,200,ok,1788443612
8dd32047492e876fc65a64d8acab845b,2025-09-24,basic,200,ok,1788443613
2d4af4ca0cc8591d5489037181cf312e,2025-09-24,basic,200,ok,1788443614
4e381e5ec8eb6b3aca252d14383c283eefe8d04e6d233bd35cf2fabdeb93fb0d,2025-09-24,basic,200,ok,1788443615
53b0ca53923e82e6261dae7b7e9afc0d,2025-09-24,basic,200,ok,1788443615
fd86d3fac8828bc0e3e03856140c3a58,2025-09-24,basic,200,ok,1788443616
9bc8c9ab8b9785b0166c06eaa427013d,2025-09-24,basic,200,ok,1788443617
0efa2eb74ac142f5d19f86abf7321626,2025-09-24,basic,200,empty,1788443617
b90419e2fc405bb0558c742fe6d940d9efe8d04e6d233bd35cf2fabdeb93fb0d,2025-09-24,basic,200,empty,1788443618
8fbbc09cc5759da0315cf41be5e61553efe8d04e6d233bd35cf2fabdeb93fb0d,2025-09-24,basic,200,ok,1788443618
3ba4c2dafc509d2020e6cdee227fd41f,2025-09-24,basic,200,empty,1788443619
e2ec459eceb64b64eb195a9e1ddb7bd3,2025-09-24,basic,200,empty,1788443620
c1f6c08aa70c9ccf7704b591fccf22c9,2025-09-24,basic,200,ok,1788443620
769595944fafd511f2ea616f46022500,2025-09-24,basic,200,empty,1788443621
e2ce16655b471c8d71555c2f1bc0bbdf,2025-09-24,basic,200,ok,1788443622
31e0e85cda5f8cafa373e0e2e957ffbf,2025-09-24,basic,200,ok,1788443622
57dd8215dce713e4a994b89e759af360efe8d04e6d233bd35cf2fabdeb93fb0d,2025-09-24,basic,200,ok,1788443623
55dd6c792ea2cc29faf825b0e45c02e4efe8d04e6d233bd35cf2fabdeb93fb0d,2025-09-24,basic,200,ok,1788443624
f97df44555568956f4902293d35ff632,2025-09-24,basic,200,empty,1788443624
6d463d867b696654bc371fc83fb53731efe8d04e6d233bd35cf2fabdeb93fb0d,2025-09-24,basic,200,empty,1788443625
31c6c6213f2d2dcc0461544ea06b3f90efe8d04e6d233bd35cf2fabdeb93fb0d,2025-09-24,basic,200,empty,1788443625
4e7e6d36e8b7a8d20592cff7ed3f5123,2025-09-24,basic,200,ok,1788443626
5bde4ba02370ebe6770c26cc38cd22d4efe8d04e6d233bd35cf2fabdeb93fb0d,2025-09-24,basic,200,empty,1788443627
7502dca82d3d82e03b1eb0ce05985d20efe8d04e6d233bd35cf2fabdeb93fb0d,2025-09-24,basic,200,ok,1788443627
a660258798e98ac4a10d10610914225c,2025-09-24,basic,200,empty,1788443628
da59aeec511ed5b8f8f1f63ae728e79e,2025-09-24,basic,200,ok,1788443629
78535bb3901ed5024df8f35aa22af40f,2025-09-24,basic,200,ok,1788443629
b4dd6666872582e2939af2eaffe6e338,2025-09-24,basic,200,ok,1788443630
9ebbd34a4de8d7f737e5d6c72993b9e5,2025-09-24,basic,200,empty,1788443630
fe387774c347b28e78a16025c713b2a5efe8d04e6d233bd35cf2fabdeb93fb0d,2025-09-24,basic,200,ok,1788443631
878bc87d59dd8136efb77f70babf5c7b,2025-09-24,basic,200,ok,1788443632
a40a25e23e316d6f298d4359592d6434efe8d04e6d233bd35cf2fabdeb93fb0d,2025-09-24,basic,200,empty,1788443632
5ffd9137f0795b6558338ad408fdd9ec,2025-09-24,basic,200,ok,1788443633
1080f57f2e025f68d94bb6b253defb616fbb98200a15be5bcc73a64995849e9c,2025-09-24,basic,200,empty,1788443634
b247af5a13fc4a12dc7b3d39632d6735,2025-09-24,basic,200,empty,1788443634
59734cc619d8bc6547bd1c587312ccce,2025-09-24,basic,200,ok,1788443635
f93fcef4cafecf97c145cb8396d6b46fefe8d04e6d233bd35cf2fabdeb93fb0d,2025-09-24,basic,200,ok,1788443635
bd02417738eaa58ae538edf4c7e86fb2,2025-09-24,basic,200,ok,1788443636
084201e1bd47aee1cf6ca910db0038bb,2025-09-24,basic,200,ok,1788443637
41bce24aaaca35d2997d4f195f832a05,2025-09-24,basic,200,ok,1788443637
3d5b766f0fc369cc4096752a8bd1c475,2025-09-24,basic,200,ok,1788443638
44a1d1dc913d33b11f3f365872d6f29cefe8d04e6d233bd35cf2fabdeb93fb0d,2025-09-24,basic,200,ok,1788443639
bb7acbb4e8dfe4d350e135a5c852db6b,2025-09-24,basic,200,ok,1788443639
81ba830e826a0b666c7618ca0cd3d3a5efe8d04e6d233bd35cf2fabdeb93fb0d,2025-09-24,basic,200,ok,1788443640
11cf30820abb365c9d0e5b5be13798c4efe8d04e6d233bd35cf2fabdeb93fb0d,2025-09-24,basic,200,empty,1788443641
5b3bd7bed4346c9e767ec5e89d6aaa51efe8d04e6d233bd35cf2fabdeb93fb0d,2025-09-24,basic,200,ok,1788443641
69521db807d753f5d29dab1e7017ec47efe8d04e6d233bd35cf2fabdeb93fb0d,2025-09-24,basic,200,ok,1788443642
360ad732fa6f5497225cfac894d3bdfe8295750b1f4857867454debc45ec9c8a,2025-09-24,basic,200,ok,1788443643
55923c87be2e0e0638a50314b5c46532efe8d04e6d233bd35cf2fabdeb93fb0d,2025-09-24,basic,200,ok,1788443643
468162f8a7aad517802a4a7f1a56f452efe8d04e6d233bd35cf2fabdeb93fb0d,2025-09-24,basic,200,empty,1788443644
b11fbc29af3230d8a0193ea9ff9aa848,2025-09-24,basic,200,ok,1788443645
f7392c663d6938fd36aef41264e46070,2025-09-24,basic,200,ok,1788443645
a3135254bbf6c95ad614b7b7ef41ccacefe8d04e6d233bd35cf2fabdeb93fb0d,2025-09-24,basic,200,ok,1788443646
b780eb244f1558b504e3c3d714c9d696efe8d04e6d233bd35cf2fabdeb93fb0d,2025-09-24,basic,200,ok,1788443647
f7b06610a6eae159c1e414f5677c4c4d,2025-09-24,basic,200,ok,1788443647
2f02c8fccb6bacb1c1eaf2ca00ad7484,2025-09-24,basic,200,ok,1788443648
4f18811b428fecdca57381c9a08e2ad8,2025-09-24,basic,400,http_400,1788443649
48c281e161d3eca16a0a0e0418555483,2025-09-24,basic,200,ok,1788443649
e96b94c360f93b33696eed0c8776e7c8,2025-09-24,basic,200,empty,1788443650
aefa01d3f2ac969d9f2c5ae6b7ffb248,2025-09-24,basic,200,ok,1788443651
cec62bdfdfe39ff25faabd8f9469afd5,2025-09-24,basic,200,ok,1788443651
daaf961d9aa23f66c0669a3d2ce8290aefe8d04e6d233bd35cf2fabdeb93fb0d,2025-09-24,basic,200,ok,1788443652
d20154727c6955718f207cf29f251675,2025-09-24,basic,200,ok,1788443653
d4d4941e3e1a4bc481f296a4d7c1bfec,2025-09-24,basic,200,empty,1788443653
8f6fd27155270d3232bd71494f851695efe8d04e6d233bd35cf2fabdeb93fb0d,2025-09-24,basic,200,ok,1788443654
f95f82811d285ef1ebc967a9797195c2efe8d04e6d233bd35cf2fabdeb93fb0d,2025-09-24,basic,200,ok,1788443654
b5ed035821e53dbd9bca07cf6eaf8950,2025-09-24,basic,200,ok,1788443655
564ef91ab28becc884e6457f9ca16ce0,2025-09-24,basic,200,ok,1788443656
f4b3fc9bb7a7fea1abb89c62a8430b6fefe8d04e6d233bd35cf2fabdeb93fb0d,2025-09-24,basic,200,empty,1788443656
f2c8f6f035055085a969f86f5b99847aaae77432709819edb959e1fd5d1d77b4,2025-09-24,basic,200,empty,1788443657
e55cd7ef4a443589d3cc2f343e1d38f3efe8d04e6d233bd35cf2fabdeb93fb0d,2025-09-24,basic,200,ok,1788443658
21008ce56ce8426bb5e2fbd3a1151ddb,2025-09-24,basic,200,ok,1788443658
4d391d1d0383e4ffa53855ce62a74afe,2025-09-24,basic,200,ok,1788443659
cff15c744c5378a9f67b65770fedf1a6,2025-09-24,basic,200,empty,1788443659
b7d48966f7bbefd1f51941f4fc9deee1,2025-09-24,basic,200,ok,1788443660
5f72b8de053e1d7784c9f2253c31f4f9,2025-09-24,basic,200,empty,1788443661
887978851251383753a2ed0aa36c4912efe8d04e6d233bd35cf2fabdeb93fb0d,2025-09-24,basic,200,ok,1788443661
76e1c2af562d1ee5a20c75575415d935,2025-09-24,basic,200,ok,1788443662
837f90f46222cf8edc4aef21c6999da0,2025-09-24,basic,200,ok,1788443663
ad32e36318a75d4540450855b4205c9cefe8d04e6d233bd35cf2fabdeb93fb0d,2025-09-24,basic,200,ok,1788443664
458d5a91325da9ab02d313bd238e5cd36fbb98200a15be5bcc73a64995849e9c,2025-09-24,basic,200,ok,1788443664
d14aa6441c5c18682feed130894556d9,2025-09-24,basic,200,ok,1788443665
605fb808539073a96c4206e7e640be77,2025-09-24,basic,200,ok,1788443666
3c905e938e84603bf78a5dfd8566cd4aefe8d04e6d233bd35cf2fabdeb93fb0d,2025-09-24,basic,200,ok,1788443666
8fc405d2ff4e3dc13a531883c1f83831,2025-09-24,basic,200,ok,1788443667
230f434897de7ed37192dd1f8e811ce2efe8d04e6d233bd35cf2fabdeb93fb0d,2025-09-24,basic,200,ok,1788443667
561ac52734a28d58392e210a2bc7bc6f,2025-09-24,basic,200,ok,1788443668
45860da093b54ddd88621df95efe047e,2025-09-24,basic,200,ok,1788443669
232d375b157c3bb4c2c8c38fff584609,2025-09-24,basic,200,ok,1788443669
985573f04f85b3501f50a356377c679886e68d4012202d0434d05f81868f68e3,2025-09-24,basic,200,ok,1788443670
6df41f003648956bfdb3b855f0bded1aefe8d04e6d233bd35cf2fabdeb93fb0d,2025-09-24,basic,200,ok,1788443671
13413cab8679be4b4b9c9d5f9dcc4198,2025-09-24,basic,200,empty,1788443671
2487b2e558897cc97e6d5f10217e32d3,2025-09-24,basic,200,ok,1788443672
1225dbe41fe7d56231ce514639b254f3,2025-09-24,basic,200,ok,1788443673
3109204070450b09995c17d411702ffb4723574b05820acf03e7ec3162ff5bed,2025-09-24,basic,200,empty,1788443673
ea94d75dbadee6e48d17f0ad6cc6e2f6,2025-09-24,basic,200,ok,1788443674
8a10ee6787855c9bd8f8985da5c581463663933da92e7566c55104ec9ac2894d,2025-09-24,basic,200,ok,1788443675
a806c3b534bf4b7b498776021fdbaf86a2186d8e7cf7a6ee152d97cc78f2ae8b,2025-09-24,basic,200,empty,1788443675
42364febfe159dfc1a680905afcb730aefe8d04e6d233bd35cf2fabdeb93fb0d,2025-09-24,basic,200,ok,1788443676
4b4295969515ca2f93b2011c33ba5dec,2025-09-24,basic,200,ok,1788443677
a08df997d21d71a4b574fa5848d5b6a8efe8d04e6d233bd35cf2fabdeb93fb0d,2025-09-24,basic,200,ok,1788443677
09f2320671bc1149dcedca17e0ea1a82,2025-09-24,basic,200,empty,1788443678
d8fde503a0c62bddda308b3e9a502432efe8d04e6d233bd35cf2fabdeb93fb0d,2025-09-24,basic,200,ok,1788443678
1c85171c1258f89e8bece5d659dcff79,2025-09-24,basic,200,ok,1788443679
bb1ea8dc46bb523f64aad2dde292d50cefe8d04e6d233bd35cf2fabdeb93fb0d,2025-09-24,basic,200,empty,1788443680
ba419f15d7ebb4696c57f7131f11a19f,2025-09-24,basic,200,empty,1788443680
320c46ce9369442c58356a8356491291efe8d04e6d233bd35cf2fabdeb93fb0d,2025-09-24,basic,200,ok,1788443681
aed59f313aca1957cce26cb72591dfc9,2025-09-24,basic,200,ok,1788443682
9e6623334e81ddd09df5f4f68a10a74de85e07f9d5d276f44440847eec04ba68,2025-09-24,basic,200,ok,1788443682
7a2e6e8f0e9ce0a6be16123f73d53866,2025-09-24,basic,200,empty,1788443683
67feb1b2e8a9d24bb0ef94009b8fc9c3,2025-09-24,basic,200,ok,1788443684
03464ce4fdc43166ce06b2f7a6b8c042efe8d04e6d233bd35cf2fabdeb93fb0d,2025-09-24,basic,200,empty,1788443684
3d071f1d01071392b85d8492892da839,2025-09-24,basic,200,ok,1788443685
04300c2eb4fb60c542d25ae9e16f406e86e68d4012202d0434d05f81868f68e3,2025-09-24,basic,200,empty,1788443685
f9e848284ba6645ab84607e606c60609efe8d04e6d233bd35cf2fabdeb93fb0d,2025-09-24,basic,400,http_400,1788443686
a167d738aad553e557e93f4bfa7816ed,2025-09-24,basic,200,empty,1788443687
3bfba48b518e5bb7247117742e759984,2025-09-24,basic,200,ok,1788443687
63e016b154aec58470d5091e9142e02eefe8d04e6d233bd35cf2fabdeb93fb0d,2025-09-24,basic,200,ok,1788443688
cae99911078c6fdbebd7163a09956a14efe8d04e6d233bd35cf2fabdeb93fb0d,2025-09-24,basic,200,ok,1788443689
cbc3bc70542c363fcad1cfc3e803f161,2025-09-24,basic,400,http_400,1788443689
d70101605764112cda93e2bd742fd4b6efe8d04e6d233bd35cf2fabdeb93fb0d,2025-09-24,basic,200,empty,1788443690
478d94813ab5ff62c54d06e04b2aa027,2025-09-24,basic,200,ok,1788443691
aafad8ba341907730aedc64b21273ed5,2025-09-24,basic,200,ok,1788443691
fbdca35b4a4ca4660da4028600c668d8e85e07f9d5d276f44440847eec04ba68,2025-09-24,basic,200,empty,1788443692
23c24b91787501cb8f38b861ef954724,2025-09-24,basic,200,empty,1788443693
c59bdd7c47d20c23da9e80e7a43915863663933da92e7566c55104ec9ac2894d,2025-09-24,basic,200,empty,1788443693
4fca895611997f23258575fb74970c4d,2025-09-24,basic,200,ok,1788443694
1d33b5e53752f1ee6293f21596f6f9eb,2025-09-24,basic,200,ok,1788443695
946a2b135345e00c961d884112dc5108efe8d04e6d233bd35cf2fabdeb93fb0d,2025-09-24,basic,200,ok,1788443695
d44387cfcb48ec7bbf0dce34375f83c1,2025-09-24,basic,200,ok,1788443696
0a489f2975b0b3f53f11e6fca3b212cb,2025-09-24,basic,200,empty,1788443697
1763b2cd320a3864418a00c8ee5118d4efe8d04e6d233bd35cf2fabdeb93fb0d,2025-09-24,basic,200,ok,1788443697
46e451194adf44697adb28adf76a51d8,2025-09-24,basic,200,empty,1788443698
d0d5a4b6a602efb651a650d440c6f5d6efe8d04e6d233bd35cf2fabdeb93fb0d,2025-09-24,basic,200,ok,1788443699
a9336c6a61ec00bc99cfa2aa8d344bd7efe8d04e6d233bd35cf2fabdeb93fb0d,2025-12-12,basic,200,ok,1788443699
5055ee612d264748dadd9bec460eb318,2025-12-12,basic,200,empty,1788443700
9e17c97e34b77b0861daf160292b8630c47ea5ffea2564f587ca830a8f71acb2,2025-12-12,basic,200,empty,1788443700
84cee694e5ac968b6e636aaedc36a8dd,2025-12-12,basic,200,ok,1788443701
c500db882240c418453aeab03da4cbfa,2025-12-12,basic,200,ok,1788443702
dee8cb06a0945f1afc27d385b2a4e3c5,2025-12-12,basic,200,ok,1788443702
c94a78c413af53221c21e40085618c1f,2025-12-12,basic,200,ok,1788443703
0ae099f30608483262951c3dc7ce60ceefe8d04e6d233bd35cf2fabdeb93fb0d,2025-12-12,basic,200,ok,1788443704
e03abbd5815c8c532f8cda629cd8c7ee,2025-12-12,basic,200,ok,1788443704
a0d914e7d32f907092022e125b22750e,2025-12-12,basic,200,ok,1788443705
d5f5cde782e2a2f78efe188d2f45f2de,2025-12-12,basic,200,ok,1788443706
9850bbadf4e657dcc576c8dd3cda4f00,2025-12-12,basic,200,ok,1788443706
034f0ae6a7632747d52578618232bf9eefe8d04e6d233bd35cf2fabdeb93fb0d,2025-12-12,basic,200,ok,1788443707
e1867cbb6dea38527b6c1b9c5e1e2ba9,2025-12-12,basic,200,ok,1788443708
2b197f345b6f1218ca31b8f4f8a66c6b,2025-12-12,basic,200,ok,1788443708
832a06fc6060a90018dc3ee36a13764d,2025-12-12,basic,200,ok,1788443709
2fae46848f423cce4cbbd45932cf86d7,2025-12-12,basic,200,ok,1788443710
18e5861b003a34489f19f9386491583b,2025-12-12,basic,200,ok,1788443710
6d8dd0b576114c242d3db2389f652b0b,2025-12-12,basic,200,ok,1788443711
debd8eaaff346b64408d17730a23a136,2025-12-12,basic,200,ok,1788443711
cd837f6ee3ece1300a75e6d48f716561,2025-12-12,basic,200,ok,1788443712
52daed165f4a329948e7ae71d2f4c4ee,2025-12-12,basic,200,ok,1788443713
6bad1e8cf7cf14ef7df1599bbe0b74e2efe8d04e6d233bd35cf2fabdeb93fb0d,2025-12-12,basic,200,ok,1788443713
f4bf249c82abe7c97e7109dc6edbdc96,2025-12-12,basic,200,ok,1788443714
d1ac9d19a59d601ea8b8b103e75afbb0efe8d04e6d233bd35cf2fabdeb93fb0d,2025-12-12,basic,400,http_400,1788443715
1b2d5fc62e47cc1e1a7bb513870c6cc7,2025-12-12,basic,200,ok,1788443715
a1091cf6b557c0143117c22415dc77eb,2025-12-12,basic,200,ok,1788443716
ea7cf12ae97f186a2539e2f78facf9b2efe8d04e6d233bd35cf2fabdeb93fb0d,2025-12-12,basic,200,empty,1788443717
89c9a3acd17698edd52c4bcbc7023988,2025-12-12,basic,200,ok,1788443717
8a0708286b479aaf6798fa54ce4dac60efe8d04e6d233bd35cf2fabdeb93fb0d,2025-12-12,basic,200,ok,1788443718
72eb9c4b63242af14686d45d22c76c0defe8d04e6d233bd35cf2fabdeb93fb0d,2025-12-12,basic,200,empty,1788443719
41b6b75b800cd56d7efd731bd6fef3b6efe8d04e6d233bd35cf2fabdeb93fb0d,2025-12-12,basic,200,ok,1788443719
3086befe80c3854a79a028f35fa8d3cdefe8d04e6d233bd35cf2fabdeb93fb0d,2025-12-12,basic,200,ok,1788443720
6b1a14be4380cf7d778517123b0ca0cd,2025-12-12,basic,200,ok,1788443720
7e82aa4f36c20de931e0efbe2edf7afc,2025-12-12,basic,200,ok,1788443721
305ed6903dd6dd7e17bf6814fcbbad17,2025-12-12,basic,200,ok,1788443722
a0d22d0ce4d0b10d0d60127926071f76efe8d04e6d233bd35cf2fabdeb93fb0d,2025-12-12,basic,200,empty,1788443722
5af5542896e8285856f060495fa65988,2025-12-12,basic,200,ok,1788443723
08d9141a208b75e2bb96eec379e30761,2025-12-12,basic,200,ok,1788443724
ddbe488c41e5a6c7125341477688ccb1,2025-12-12,basic,200,ok,1788443724
1477ca4a945ce2ea3550bf7674101518efe8d04e6d233bd35cf2fabdeb93fb0d,2025-12-12,basic,200,ok,1788443725
5bbb424bcbeecdff87dfbda3c7733644,2025-12-12,basic,200,ok,1788443726
4ac81086ec4ece1a2b937c935fc7153f,2025-12-12,basic,200,ok,1788443726
5c8dec6a0d4bdf49a4d8c9b4e94247f4,2025-12-12,basic,200,empty,1788443727
ef19abd0ca30b8c2a75e6c27d898f069,2025-12-12,basic,200,ok,1788443728
b9e43600a0a5d468bb5cfc953a862810,2025-12-12,basic,200,ok,1788443728
6be6aa6921c9a498bcd0825e528f9770,2025-12-12,basic,200,ok,1788443729
e6baed67181d531851511b3e5080e28a86e68d4012202d0434d05f81868f68e3,2025-12-12,basic,200,empty,1788443729
afc5c75344d5c83c768697afa0e99c4c,2025-12-12,basic,200,ok,1788443730
4a14a6ced7a77b7228fa025ca4def144efe8d04e6d233bd35cf2fabdeb93fb0d,2025-12-12,basic,200,ok,1788443731
2438eebf18619d2eb88e9292089445ca,2025-12-12,basic,200,ok,1788443732
d4adeb700a7c3b553c402e4f391d1754efe8d04e6d233bd35cf2fabdeb93fb0d,2025-12-12,basic,200,empty,1788443732
8140fd3a2e2ccae8a0fd8b6fe75d9ac0efe8d04e6d233bd35cf2fabdeb93fb0d,2025-12-12,basic,200,ok,1788443733
dfd1264f72ae58d6c0b5222a9d17dbcf,2025-12-12,basic,200,ok,1788443733
cfc46ad7781122698e23b88dc57846c6,2025-12-12,basic,200,ok,1788443734
0dcaec2cb03a51a72e626e390fc45e49,2025-12-12,basic,200,ok,1788443735
910f746cfcf665cf4c4bb4efc84c0eeb,2025-12-12,basic,200,ok,1788443735
c8db12052496f509ec973925f5ba4776aae77432709819edb959e1fd5d1d77b4,2025-12-12,basic,200,ok,1788443736
2eb9cc3de8dfdfe726934f0374e6d4e8,2025-12-12,basic,200,ok,1788443737
524261774c370f5d801d0718f32916effd842dab14be2a956555625b37c97bff,2025-12-12,basic,200,ok,1788443737
cc6f1c896e6eb559e093698dd04a8f1d,2025-12-12,basic,200,ok,1788443738
a8a9876ab47d1a692f33386d5e3a43a7c47ea5ffea2564f587ca830a8f71acb2,2025-12-12,basic,200,empty,1788443739
2700a923cd81db84aade40961caa0ce9,2025-12-12,basic,200,ok,1788443739
0de0846e5ec5afa57e2519cc32437b45,2025-12-12,basic,200,ok,1788443740
d281b142d2442a2b44be7077f47f8065,2025-12-12,basic,200,ok,1788443741
f55450faaa9eb0208142e444d433c985efe8d04e6d233bd35cf2fabdeb93fb0d,2025-12-12,basic,200,empty,1788443741
b6c6b3ffdea70b5d852dff4fe6360802efe8d04e6d233bd35cf2fabdeb93fb0d,2025-12-12,basic,200,empty,1788443742
7932b6c1753f8d918db9139dac534ab4,2025-12-12,basic,200,ok,1788443743
47b23ba7ede04582e22713c5ef88cc9fefe8d04e6d233bd35cf2fabdeb93fb0d,2025-12-12,basic,200,ok,1788443743
e6a7e5527099dbbe9e3d8e23297c75ef,2025-12-12,basic,200,ok,1788443744
f5886b19dde98d9324b1db89407220ec,2025-12-12,basic,200,ok,1788443745
46c07212fc25a60ef3bc02c5489c79f5,2025-12-12,basic,200,empty,1788443745
98ba0957cb9db0b8310972174d65cb3a,2025-12-12,basic,200,ok,1788443746
039f55d699c00693471aad0d30a23991,2025-12-12,basic,200,ok,1788443747
7414e5aaedc601e8e7ef5a3beb9287d5,2025-12-12,basic,200,ok,1788443747
ac25fc71bfd0966457af76cc2077fe886fbb98200a15be5bcc73a64995849e9c,2025-12-12,basic,200,ok,1788443748
4927a817cdd994016bcd144cfb19d0b7efe8d04e6d233bd35cf2fabdeb93fb0d,2025-12-12,basic,200,ok,1788443748
b971fbb483bc7cc8d11a911453e8c9e3,2025-12-12,basic,200,ok,1788443749
f77f1d8ec8a7e69b76ac2db3e542db59efe8d04e6d233bd35cf2fabdeb93fb0d,2025-12-12,basic,200,empty,1788443750
f666337dfa2f027d822b94fce71ad0ce,2025-12-12,basic,200,ok,1788443750
b838e7be91c49feba88248385407110e,2025-12-12,basic,200,empty,1788443751
237fbe6a235681f7f4c1b57dfcb6b7f8fd842dab14be2a956555625b37c97bff,2025-12-12,basic,200,ok,1788443752
832e0158336b6fb42d53dcf5c5d9bf4c,2025-12-12,basic,200,ok,1788443752
633428fc8555a94131b3ca87bb5878caefe8d04e6d233bd35cf2fabdeb93fb0d,2025-12-12,basic,200,ok,1788443753
ea133f185dc297d92324ff2732064e89,2025-12-12,basic,200,ok,1788443753
a50ede2537d8ee2dd911a2b66a05ec90,2025-12-12,basic,200,ok,1788443754
4334d56d7cce33567862762e6bcc11a5,2025-12-12,basic,200,ok,1788443755
a324ab06228cd71851def39f47053d15,2025-12-12,basic,200,ok,1788443755
03f43f04516294208cad4eb8c7c6db32efe8d04e6d233bd35cf2fabdeb93fb0d,2025-12-12,basic,200,ok,1788443756
75980277e4b27b4d36f053ada6f175a7,2025-12-12,basic,200,ok,1788443757
6fe4d4e5e4bd5dd80af7d2f955fc93dd,2025-12-12,basic,200,ok,1788443757
ee0839f101af4bd06907b683e9f3a2298295750b1f4857867454debc45ec9c8a,2025-12-12,basic,200,ok,1788443758
27797175aa8eb36fad7533f935f3e4a8,2025-12-12,basic,200,empty,1788443758
4f50335da029324c481ee48cb0d5bd02efe8d04e6d233bd35cf2fabdeb93fb0d,2025-12-12,basic,200,ok,1788443759
2883a7a28f3c74f76bf854c1e5d5dc96efe8d04e6d233bd35cf2fabdeb93fb0d,2025-12-12,basic,200,ok,1788443760
e686660d483b2a763da1fd4bf01e3c68,2025-12-12,basic,200,ok,1788443761
394c36457ad8cca27f6614d29c1ce5ad,2025-12-12,basic,200,ok,1788443761
7ab3b5065eb6957f6f81bd1099990ff5,2025-12-12,basic,200,ok,1788443762
35fa353783e5df1b3c8139649c215fb6,2025-12-12,basic,200,ok,1788443762
283e8ff05be91901b45058fb581d5c23,2025-12-12,basic,200,ok,1788443763
8bef66eb3aff254c1de0fb96f98a8097,2025-12-12,basic,200,ok,1788443764
9ed094d3c58934e6346b04f4bd91aeba,2025-12-12,basic,200,ok,1788443764
7d41d32f5f8616ad2a4c3799ad0702c7,2025-12-12,basic,200,empty,1788443765
8bf985315b4d42f6ec3645184f8f5fa2,2025-12-12,basic,200,ok,1788443766
d188a68a2af5477c2ad82a3d7177880cefe8d04e6d233bd35cf2fabdeb93fb0d,2025-12-12,basic,200,ok,1788443766
1909b188015b35952643008ab422587b,2025-12-12,basic,200,ok,1788443767
103a9290d5493a904447b49780010a43,2025-12-12,basic,200,ok,1788443767
69f23d1fd1e4f77b9e6cb77dcf3850ad,2025-12-12,basic,200,ok,1788443768
560025f8412dfe6e7b3606010cfbd791efe8d04e6d233bd35cf2fabdeb93fb0d,2025-12-12,basic,200,ok,1788443769
c5d8654fa1d01fcb7071d008f1269c1aa2186d8e7cf7a6ee152d97cc78f2ae8b,2025-12-12,basic,200,empty,1788443769
f5f7368e707ac50d860ab63f2f062f3eefe8d04e6d233bd35cf2fabdeb93fb0d,2025-12-12,basic,200,ok,1788443770
a0bf5b435e356d0550d30a64984767e986e68d4012202d0434d05f81868f68e3,2025-12-12,basic,200,ok,1788443771
0d692d847ac4040cff524468eaeba2bc,2025-12-12,basic,200,empty,1788443771
8e296050312b9da2be6c511e7267aa00,2025-12-12,basic,200,ok,1788443772
25594b2b03c528a394beb3bd6d37f20d,2025-12-12,basic,200,empty,1788443773
8879d022d925eaaa5d742f6955dfb2baefe8d04e6d233bd35cf2fabdeb93fb0d,2025-12-12,basic,200,empty,1788443773
0d7de64314fee45783a50d460e13765d,2025-12-12,basic,200,ok,1788443774
207b654b7b0eb4f15f7823b99c790488,2025-12-12,basic,200,ok,1788443775
5aa322ecf775df0f0d0a1785ed537400,2025-12-12,basic,200,ok,1788443775
4fbcf88de79931925efea43ae077f0d0,2025-12-12,basic,200,ok,1788443776
7bac2a411c28391f7349d5b23f882757,2025-12-12,basic,200,empty,1788443776
feea0a533b1fbba92b1705d833c0733b6fbb98200a15be5bcc73a64995849e9c,2025-12-12,basic,200,ok,1788443777
1c33cdd2293dfed1e11ac41f340e5a0d,2025-12-12,basic,200,ok,1788443778
1c11aa776bfc404edaf6c7cc7e39147f,2025-12-12,basic,200,ok,1788443778
5eea6b5eda45e96c46cd0fcb7e0ec025,2025-12-12,basic,200,empty,1788443779
23ff7efda02c235e6456a933c811657c,2025-12-12,basic,200,ok,1788443780
60c1c9d80edc4a83534f63e155f69627efe8d04e6d233bd35cf2fabdeb93fb0d,2025-12-12,basic,200,ok,1788443780
a9dbc7d16754be8d4006c48d3ff9c5f0efe8d04e6d233bd35cf2fabdeb93fb0d,2025-12-12,basic,200,ok,1788443781
9af55904fc723277aa48af6b166ea1d4,2025-12-12,basic,200,empty,1788443781
be50c466d88e99674713904f4b85f29c,2025-12-12,basic,200,ok,1788443782
81be2643e7ba27a62b1c4cab3005f7db,2025-12-12,basic,200,ok,1788443783
46b8420f8f9678f463e9ca90b7c3e725efe8d04e6d233bd35cf2fabdeb93fb0d,2025-12-12,basic,200,ok,1788443783
dd72f9456a6538060f7ce5351667b8dc,2025-12-12,basic,200,ok,1788443784
efebbdf14a27849de34478e4b411b771,2025-12-12,basic,200,ok,1788443785
9598a7330e2a29d79606848ce8b6d438,2025-12-12,basic,200,ok,1788443785
027351da545abd3102cee3f83aaaf227,2025-12-12,basic,200,ok,1788443786
dfcc25839683fda724425cbb2904e81a,2025-12-12,basic,200,ok,1788443787
0cb779fb0a69e1c7805cc510e7db7e8c,2025-12-12,basic,200,ok,1788443787
b64ff7432fcfa5788d2ef49de5a07b62,2025-12-12,basic,200,empty,1788443788
fd07f0c4b4c688e86806dff8a07b4a63,2025-12-12,basic,200,ok,1788443789
2463070cf0bd6903381fc3d65accffe9efe8d04e6d233bd35cf2fabdeb93fb0d,2025-12-12,basic,200,ok,1788443789
47eedd77817d10cb1f9d04f490504af3,2025-12-12,basic,200,ok,1788443790
2cd3f2f3e6ec7dd2b2be13f77fa7865b,2025-12-12,basic,200,ok,1788443791
5efea7c0f18d46ec7f45e77eef3a6504,2025-12-12,basic,200,ok,1788443791
036eedb16b895263dc9bcecc345222a64723574b05820acf03e7ec3162ff5bed,2025-12-12,basic,200,ok,1788443792
90f39ae96b0f0673ff7a28f3331880cc,2025-12-12,basic,200,ok,1788443793
59c69a8fe644da4fbf77df9f9312aff3a2186d8e7cf7a6ee152d97cc78f2ae8b,2025-12-12,basic,200,empty,1788443793
a9a710df3524cf4767e4b927bd19f5c3efe8d04e6d233bd35cf2fabdeb93fb0d,2025-12-12,basic,200,ok,1788443794
b0921cf02c5fce834eee4da76b25d809,2025-12-12,basic,200,ok,1788443795
630bcdbe0858d96fc5ddda08bc14185d,2025-12-12,basic,200,ok,1788443795
dd0969b9e6f75003eaa8654133d11a2d,2025-12-12,basic,200,empty,1788443796
7d9b8d69676d497f96f9f05ab9c2e898,2025-12-12,basic,200,empty,1788443797
9bd4857ed93b82a6da3754ff2e4ceeafe85e07f9d5d276f44440847eec04ba68,2025-12-12,basic,200,empty,1788443797
b12e4d7f20f9b5ce7d07470d73791e05,2025-12-12,basic,200,ok,1788443798
cae3459af6c129c4b90b3e08a5e786ac,2025-12-12,basic,200,ok,1788443798
9b8b8e11ddcf8832ed83decc248a61bc,2025-12-12,basic,200,empty,1788443799
c364d519dbb06fb17e6365e131719664,2025-12-12,basic,200,ok,1788443800
13ea989ed152eaf3d1dfb13338d0b998,2025-12-12,basic,200,ok,1788443800
cfc2bb37c4e8dcf7100668e9bc090074efe8d04e6d233bd35cf2fabdeb93fb0d,2025-12-12,basic,200,ok,1788443801
811ca7351540d010b63e255977de53c3,2025-12-12,basic,200,ok,1788443802
35cc010bcfdd6b0c3c420561b2a365f5,2025-12-12,basic,200,ok,1788443802
54ed5a149e2481827417a9723960d17befe8d04e6d233bd35cf2fabdeb93fb0d,2025-12-12,basic,200,ok,1788443803
c2794ac88499c283bda46f876d85592eefe8d04e6d233bd35cf2fabdeb93fb0d,2025-12-12,basic,200,ok,1788443803
5158814f33211af898e9d0a4a806c7b3,2025-12-12,basic,200,ok,1788443804
f28877b2f1bdb62c1d4b2d8a99e4a79c,2025-12-12,basic,200,ok,1788443805
f0d4313eb1a7c3e16068a7ba0bc5eb8e,2025-12-12,basic,200,ok,1788443805
b80f96f8d00be8363e3f6c64d2b89e6defe8d04e6d233bd35cf2fabdeb93fb0d,2025-12-12,basic,200,ok,1788443806
73a0cae4c574f5c3204a9b6e1622c857efe8d04e6d233bd35cf2fabdeb93fb0d,2025-12-12,basic,200,ok,1788443807
4b384b27b558b42f63a1f11f8f071f49,2025-12-12,basic,200,ok,1788443807
4a9f5124a6eca36be6971b6d63054d17,2025-12-12,basic,200,ok,1788443808
e8fc701e3cdf3cc074a6e850cda11f69efe8d04e6d233bd35cf2fabdeb93fb0d,2025-12-12,basic,200,empty,1788443808
6bca448fe48ca75d1fece04eff4801e2,2025-12-12,basic,200,ok,1788443809
55e8e07a6a2e8dc63ca86a5a78ede857,2025-12-12,basic,200,ok,1788443810
69c3f618b6395e3cfa5ceeddcf10fe63,2025-12-12,basic,200,ok,1788443810
061aadf23d8356eab3b5cca9c46ce47eefe8d04e6d233bd35cf2fabdeb93fb0d,2025-12-12,basic,200,empty,1788443811
464e3faff406d27d72f00071aa1106de,2025-12-12,basic,200,ok,1788443811
266a1f7f1a8b5e42721635dd7d7ab55e,2025-12-12,basic,200,ok,1788443812
3fd53f5b98793cb97d5c6b1c0699b307,2025-12-12,basic,200,empty,1788443813
ea3bb05e77fa1160cfc4e295f76eb61b,2025-12-12,basic,200,ok,1788443813
84ee22ae1e81a51fa5eeafe6b288d1de,2025-12-12,basic,200,ok,1788443814
cb50614545b8a3222bea20cbfa01f4dfefe8d04e6d233bd35cf2fabdeb93fb0d,2025-12-12,basic,200,ok,1788443815
fd5580cef43307a87a5207b6ee9f806f,2025-12-12,basic,200,ok,1788443815
392f79ad92d9734d0606606ba41768b2,2025-12-12,basic,200,ok,1788443816
2381cc1f078b5284a9349d6bf4184d1486e68d4012202d0434d05f81868f68e3,2025-12-12,basic,200,empty,1788443816
828dbf2b30b025eab3d39b57b065205b,2025-12-12,basic,200,ok,1788443817
911dc910e299fb5505bfc67e0c3108beefe8d04e6d233bd35cf2fabdeb93fb0d,2025-12-12,basic,200,ok,1788443818
5231b060d8a4de49430bc4e417d5eb11,2025-12-12,basic,200,ok,1788443818
caf62b0da4e2a8262f7fcab1ee02fd76,2025-12-12,basic,200,empty,1788443819
e737dc96d9c0ee45e2aaebe17e4512dfefe8d04e6d233bd35cf2fabdeb93fb0d,2025-12-12,basic,200,ok,1788443820
8d3b47cad2142ff9ca1db602a1daf8e9,2025-12-12,basic,200,ok,1788443820
7e0bff67b1c69891cb581eac7c9d2ca6,2025-12-12,basic,200,ok,1788443821
32ba79f01ee8c8c5d879c19763f4863f,2025-12-12,basic,200,ok,1788443822
10f2408ad42697f5b75ba74d65e180538295750b1f4857867454debc45ec9c8a,2025-12-12,basic,200,ok,1788443822
56192f43b1997b39e865d4523607e1dd,2025-12-12,basic,200,empty,1788443823
735d90468da89f5e78fa510fdc2f80ccefe8d04e6d233bd35cf2fabdeb93fb0d,2025-12-12,basic,200,ok,1788443824
2429956f6142a3b473edde2cc96af27d,2025-12-12,basic,200,ok,1788443824
cb101b65ee0e5bc06bf046ed1d47059e,2025-12-12,basic,200,ok,1788443825
079d679a898ce79452755e9d8b6d84ef,2025-12-12,basic,200,ok,1788443826
8fe9d2efda1061c247ec5156fab68d1cefe8d04e6d233bd35cf2fabdeb93fb0d,2025-12-12,basic,200,empty,1788443826
783b3d264c9d11c5e2ad8bca16109c80,2025-12-12,basic,200,empty,1788443827
7044a88de535c0a0fee68cfa02f8ca4b,2025-12-12,basic,200,ok,1788443827
7e3780b4c672a5f03b4396997df1b4dc,2025-12-12,basic,200,ok,1788443828
47b699fd6eb43129f6152b7231c80adb,2025-12-12,basic,200,ok,1788443829
bb65e6f68ccb111da5109058cd61db6c,2025-12-12,basic,200,ok,1788443829
be916ef11b454c762dbf089801eebe96efe8d04e6d233bd35cf2fabdeb93fb0d,2025-12-12,basic,200,ok,1788443830
3631a142bdffd59e647a6eb1cdb62d05,2025-12-12,basic,200,ok,1788443830
ad2ffa871ca2aeffaa0abcd214938cb4efe8d04e6d233bd35cf2fabdeb93fb0d,2025-12-12,basic,200,ok,1788443831
921cb96d14020da523585779250d0935,2025-12-12,basic,200,ok,1788443832
62f1f6acbc1eefeb0e52cf47bea89c6be85e07f9d5d276f44440847eec04ba68,2025-12-12,basic,200,ok,1788443832
414862916602637078e860443c4b7c81efe8d04e6d233bd35cf2fabdeb93fb0d,2025-12-12,basic,200,ok,1788443833
086b3d604195aca55b9fed471079c467,2025-12-12,basic,200,ok,1788443834
ce26de8fcb2cf06ffadb656af94ca5c7efe8d04e6d233bd35cf2fabdeb93fb0d,2025-12-12,basic,200,ok,1788443834
ccb1b4d802c1ccb1de0f70dd6cb706d6,2025-12-12,basic,200,empty,1788443835
57140741bb086af27970c442c6d517b6,2025-12-12,basic,200,empty,1788443836
fc8b81972cb2a3ebcef3850972fdba1a,2025-12-12,basic,200,ok,1788443836
bebbb6945a6113697f703a9480117931,2025-12-12,basic,200,ok,1788443837
abc9d6a50e8ababca205314cabe1bcda,2025-12-12,basic,200,empty,1788443838
8095308283cd6357e82848e305ed0586,2025-12-12,basic,200,ok,1788443838
33b6258cfe2406701c39df7004eae5e0,2025-12-12,basic,200,ok,1788443839
0e909d3dcec7f1f55d0387302c54b94f,2025-12-12,basic,200,ok,1788443839
32dc3e347023052e55202ac9043ff1d2,2025-12-12,basic,200,ok,1788443840
74a440f76bf65fe6356dcad2b4ed80cf,2025-12-12,basic,200,ok,1788443841
faf059742471b4531fb786b60f07fb17,2025-12-12,basic,200,ok,1788443842
aa80333639ef2a80ced8be5412b978e1,2025-12-12,basic,200,empty,1788443842
ac4167970d28efe1e3133878afbd43da,2025-12-12,basic,200,ok,1788443843
34781c24f998d7e2ac73c9f5cf9047c8e85e07f9d5d276f44440847eec04ba68,2025-12-12,basic,200,ok,1788443843
02ba1a151a05df6395e40fb6b0162644,2025-12-12,basic,200,ok,1788443844
4191f13e7f2eb8ef7af490080dc0fbb0,2025-12-12,basic,200,ok,1788443845
f4101031a0d9101305fa1dda72834c85,2025-12-12,basic,200,ok,1788443845
261156f1c9847a1ba6771b705966e467efe8d04e6d233bd35cf2fabdeb93fb0d,2025-12-12,basic,200,ok,1788443846
e9f347590a2e6677f04c9e80b6199ffaefe8d04e6d233bd35cf2fabdeb93fb0d,2025-12-12,basic,200,empty,1788443847
2391e8799a822c17a76d7284ddfe9d65,2025-12-12,basic,200,ok,1788443847
e3883a48a4174b566c644b4a6aabb791,2025-12-12,basic,200,ok,1788443848
8a621dd77730790e250a662c0af31aa4,2025-12-12,basic,200,empty,1788443849
c3397347898c8445afa71f0a30912599efe8d04e6d233bd35cf2fabdeb93fb0d,2025-12-12,basic,200,ok,1788443849
4dafa2299aa67a9f1b0499e03b113e7d,2025-12-12,basic,200,ok,1788443850
663de86654fad0dfd8347de7fae7c98aefe8d04e6d233bd35cf2fabdeb93fb0d,2025-12-12,basic,200,ok,1788443851
348332bad2b8e73aeb5874aaa9b37d5886e68d4012202d0434d05f81868f68e3,2025-12-12,basic,200,ok,1788443851
477a3806b1ef8c0908f64e17a6209f80,2025-12-12,basic,200,ok,1788443852
8a2a7342bece01ae520075eeacfd7119efe8d04e6d233bd35cf2fabdeb93fb0d,2025-12-12,basic,200,ok,1788443853
8dec3a401e604d54e2b3e0455fda017befe8d04e6d233bd35cf2fabdeb93fb0d,2025-12-12,basic,200,ok,1788443853
c0ffc013c6d76e2e9427e5fe3a8f3e3c,2025-12-12,basic,200,ok,1788443854
7b5259eee93655002a88ee05119b5a90,2025-12-12,basic,200,ok,1788443855
dc41cd414377e6f3701a7e14f2682383efe8d04e6d233bd35cf2fabdeb93fb0d,2025-12-12,basic,200,ok,1788443855
7acd99f8d3c69bdbd6a0adedce2d4d4aefe8d04e6d233bd35cf2fabdeb93fb0d,2025-12-12,basic,200,ok,1788443856
ada4022f65aec6a3904972cd247cb3ed,2025-12-12,basic,200,ok,1788443857
8ece79ea6cf6b606c3b44a0859c7a0be,2025-12-12,basic,200,ok,1788443857
75d9e3fa70e41d9ecfa6f1ddaa80c5d0efe8d04e6d233bd35cf2fabdeb93fb0d,2025-12-12,basic,200,ok,1788443858
83190c84354df57d08ac29b71d0aea3fc47ea5ffea2564f587ca830a8f71acb2,2025-12-12,basic,200,ok,1788443859
aa3b445593c0d351264d411cdf0a807e,2025-12-12,basic,200,empty,1788443859
d71497b7485f3bc3bd6b9d6970c288a9,2025-12-12,basic,200,ok,1788443860
9c0a84d8b1e210f46a769190e20c1d1c,2025-12-12,basic,200,ok,1788443860
16ef2538bfeb496243de442d54d2ff3f,2025-12-12,basic,200,ok,1788443861
af1ab2c67d778da8a4099c6d00109bac,2025-12-12,basic,200,empty,1788443862
0bcf23ebce5233d865607af62f96708486e68d4012202d0434d05f81868f68e3,2025-12-12,basic,200,ok,1788443862
54a773563e2d495f1a07dae4ce8fb02a,2025-12-12,basic,200,ok,1788443863
98b23d2e2c7095f96a41d1c16ee97c1d,2025-12-12,basic,200,ok,1788443863
1a954b4f1d6ca4edf3ad111431d62514efe8d04e6d233bd35cf2fabdeb93fb0d,2025-12-12,basic,200,empty,1788443864
592c1382ece7947ca200b75f42f774eeefe8d04e6d233bd35cf2fabdeb93fb0d,2025-12-12,basic,200,ok,1788443865
75825776cb7a2cb5eebb879c4ebafdac,2025-12-12,basic,200,ok,1788443865
dc725ccdc580f17f25c340f6005df4dc,2025-12-12,basic,200,ok,1788443866
9d5044211e5316eac6de0df0e865c32c,2025-12-12,basic,200,empty,1788443867
3f5095689a598cf216b0a6cd667d21a3e85e07f9d5d276f44440847eec04ba68,2025-12-12,basic,200,ok,1788443867
130298362394149ba88de76af6c6fe70,2025-12-12,basic,200,ok,1788443868
3af56a8613d6b5d44fe57f67b3d2c311efe8d04e6d233bd35cf2fabdeb93fb0d,2025-12-12,basic,200,ok,1788443869
a9ef743df8b2ba6c7c896ecd3a1752d9,2025-12-12,basic,200,ok,1788443869
0b54c763760496b844e5a1dc13f62875,2025-12-12,basic,200,ok,1788443870
6b2aa789f14a6d9b30982289507dc1bc,2025-12-12,basic,200,ok,1788443871
b9909455709349657c4ab24400262213,2025-12-12,basic,200,ok,1788443871
9842109802903e6c5a56ad969eb5ffbaefe8d04e6d233bd35cf2fabdeb93fb0d,2025-12-12,basic,200,ok,1788443872
7bff6e1d892ac4e73e8d99138235b2be,2025-12-12,basic,200,empty,1788443872
de2652dd5e4bb16a3474e2d7af13bc14,2025-12-12,basic,200,ok,1788443873
acc0e0b0357fbf56857b891e31d23894,2025-12-12,basic,200,ok,1788443874
6d978b338ef9a295bd0430c1b5367853efe8d04e6d233bd35cf2fabdeb93fb0d,2025-12-12,basic,200,empty,1788443874
920e7e7d6e0aaaf2c4fb90c6158074ee,2025-12-12,basic,200,ok,1788443875
ad9f8440907cd22bb3d81ff30d9926fa,2025-12-12,basic,200,ok,1788443876
e6461cdd6fb745abae8b04259f0964c3efe8d04e6d233bd35cf2fabdeb93fb0d,2025-12-12,basic,200,ok,1788443876
4a634a440954e8bc520fa11bdd0cbd6aefe8d04e6d233bd35cf2fabdeb93fb0d,2025-12-12,basic,200,ok,1788443877
88e4009d06b8426bdce140efbc0847a0,2025-12-12,basic,200,ok,1788443877
95fd5bf06a4f67d1f71b813276158b2da2186d8e7cf7a6ee152d97cc78f2ae8b,2025-12-12,basic,200,ok,1788443878
c3299c3da9ca05f4b102fd77c22b46e5,2025-12-12,basic,200,ok,1788443879
74df32f2f51fe39bba8709adf607e38c,2025-12-12,basic,200,ok,1788443879
4e00cb0a2cce226fa48e2b888bab185c,2025-12-12,basic,200,ok,1788443880
7da22dcbadb3fa4d064bfa1ba7bf5be0,2025-12-12,basic,200,empty,1788443881
653c0cd86f764c7c4bec6c84fd260af6,2025-12-12,basic,200,ok,1788443881
ada9c25850509c47e4277fe1ea7e0821,2025-12-12,basic,200,empty,1788443882
62034f8c946978e2a32e65df5f495b15,2025-12-12,basic,200,empty,1788443882
083447a959a0fd8bfa78cd5398bc9e4e,2025-12-12,basic,200,ok,1788443883
4ee9695f993bcbb509f993c6e4df9f61,2025-12-12,basic,200,ok,1788443884
b01009e86b92c31cf6bcdd624a86dae7,2025-12-12,basic,200,empty,1788443884
489e1713e76e675c5c092437c23e414fefe8d04e6d233bd35cf2fabdeb93fb0d,2025-12-12,basic,200,ok,1788443885
0be1b6381dc0cf344cd8a118afbe8200,2025-12-12,basic,200,ok,1788443885
757170506cc40e28b1415d1cd8fce3e9efe8d04e6d233bd35cf2fabdeb93fb0d,2025-12-12,basic,200,ok,1788443886
21b9d56e2fb82146c3bdc787279cd99e,2025-12-12,basic,200,ok,1788443887
346fc906e925cf1a0e47407f8d058bc0efe8d04e6d233bd35cf2fabdeb93fb0d,2025-12-12,basic,200,ok,1788443887
18d28330a87926123e8ec7480804f0fb,2025-12-12,basic,200,ok,1788443888
25b104008299a51ca829f3d2885bf10defe8d04e6d233bd35cf2fabdeb93fb0d,2025-12-12,basic,200,ok,1788443889
d108726fed653113753431ee3c14cbcd6fbb98200a15be5bcc73a64995849e9c,2025-12-12,basic,200,ok,1788443889
8d122603cc2db91e6207422778417b75efe8d04e6d233bd35cf2fabdeb93fb0d,2025-12-12,basic,200,ok,1788443890
1c928c2b422c856c9299466ae78bb20fefe8d04e6d233bd35cf2fabdeb93fb0d,2025-12-12,basic,200,ok,1788443891
9cf2f2064d06a649928299298b425725,2025-12-12,basic,200,ok,1788443891
770d499316e1306b2dea46a622ef177b,2025-12-12,basic,200,empty,1788443892
7b2afe6b142ae59d8a2cda9eda5b4e7ce85e07f9d5d276f44440847eec04ba68,2025-12-12,basic,200,ok,1788443892
0fc562e3f41f92d8b7f6ac2d5835442e,2025-12-12,basic,200,ok,1788443893
0f653208492afed632d778d5c5f8e959,2025-12-12,basic,200,ok,1788443894
ecb8df5258c0b45f8417ddec096ea621efe8d04e6d233bd35cf2fabdeb93fb0d,2025-12-12,basic,200,ok,1788443894
e795f9fd8a1f2b14069301a88e88cde1,2025-12-12,basic,200,empty,1788443895
3b0d0f682f1fcaa3221799be6ff0b198efe8d04e6d233bd35cf2fabdeb93fb0d,2025-12-12,basic,200,ok,1788443896
de3d9850f568b7ec97148bc3f1423de9,2025-12-12,basic,200,empty,1788443896
5f779bea0f4e019a5a9571d7edf81ad8,2025-12-12,basic,200,ok,1788443897
0818d14338c6233658b47a621cf170ce,2025-12-12,basic,200,ok,1788443898
75870a6708e21dea0c4c4b6c07abd431,2025-12-12,basic,200,ok,1788443898
edeecb5bc4974dc8a8f61156de921ec7,2025-12-12,basic,200,ok,1788443899
b8af1a71e6f1b79b1333dfe90ca8eb46,2025-12-12,basic,200,ok,1788443900
6601d0a23b78446ffdaaf372e9f2ddda,2025-12-12,basic,200,ok,1788443900
b16609eeea0b4070a9e34cbf3dfa89676fbb98200a15be5bcc73a64995849e9c,2025-12-12,basic,200,ok,1788443901
c985316424c571bf1a5d9d13ab3aa7d4efe8d04e6d233bd35cf2fabdeb93fb0d,2025-12-12,basic,200,ok,1788443902
9ed67ef8c429ba060d68291226aff039,2025-12-12,basic,200,ok,1788443902
b18a8e0b8730f74f89c259e77f991a41efe8d04e6d233bd35cf2fabdeb93fb0d,2025-12-12,basic,200,empty,1788443903
5408997c91378583b287dee997d0f141c47ea5ffea2564f587ca830a8f71acb2,2025-12-12,basic,200,ok,1788443904
11aa0fce047d41987cc21c8b5dce2d19,2025-12-12,basic,200,empty,1788443904
279344b0d6640640fc4f804ebe518a63,2025-12-12,basic,200,ok,1788443905
259f69624e2004d426646ef57dd48215,2025-12-12,basic,200,ok,1788443905
54b2719a4e5402ac2d095673e577079fefe8d04e6d233bd35cf2fabdeb93fb0d,2025-12-12,basic,200,ok,1788443906
9704723d6d97c5552d90167743741f98efe8d04e6d233bd35cf2fabdeb93fb0d,2025-12-12,basic,200,ok,1788443907
c3b9ddaa41b6f885fa6f7ee5341de25fefe8d04e6d233bd35cf2fabdeb93fb0d,2025-12-12,basic,200,ok,1788443907
881b6050ef10eabae8768d632268b8a4efe8d04e6d233bd35cf2fabdeb93fb0d,2025-12-12,basic,200,empty,1788443908
24fe561ab474dc88e726d02d51afd6e0,2025-12-12,basic,200,empty,1788443908
bebf37fee45a696955e79d142aa7b6b1efe8d04e6d233bd35cf2fabdeb93fb0d,2025-12-12,basic,200,ok,1788443909
b99dd86bb08330a2b14eb92c972c2e11,2025-12-12,basic,200,ok,1788443910
4853c5be4037f04057294142febc30efefe8d04e6d233bd35cf2fabdeb93fb0d,2025-12-12,basic,200,ok,1788443910
8442b4c1f5b02af57c4b61dc08e26400efe8d04e6d233bd35cf2fabdeb93fb0d,2025-12-12,basic,200,ok,1788443911
69f76ce557ebd7fe7690499d2d5802deefe8d04e6d233bd35cf2fabdeb93fb0d,2025-12-12,basic,200,ok,1788443912
deeaad4b2d6baacbadca21890297693b,2025-12-12,basic,200,ok,1788443912
89c29c67eb444f11aa7e1bd7d692b856,2025-12-12,basic,200,ok,1788443913
35614b586f49b33b5ca2f9d69bcb900c,2025-12-12,basic,200,ok,1788443914
ad00ccf9b55019260dd2fa625c2a1ab3efe8d04e6d233bd35cf2fabdeb93fb0d,2025-12-12,basic,200,ok,1788443914
22a81d94d2860667aee4ac5b1af6e05e,2025-12-12,basic,200,empty,1788443915
67c266c4634079d3465f2d679a28bc6f,2025-12-12,basic,200,ok,1788443915
bf9be89fb32c499a7edbbaf064125762,2025-12-12,basic,200,ok,1788443916
8c845c870579bcdb5a2d5fb978711851,2025-12-12,basic,200,ok,1788443917
fe2532971cbdd2ccf5f8f703d0d0d1c1,2025-12-12,basic,200,ok,1788443917
f6472b3238d0424e028b6f1bc9d71b45efe8d04e6d233bd35cf2fabdeb93fb0d,2025-12-12,basic,200,ok,1788443918
120d5330ed9c97bfb189e5fd30ca1d42efe8d04e6d233bd35cf2fabdeb93fb0d,2025-12-12,basic,200,ok,1788443919
f444fab0b84a1418b12fa2810b31d329,2025-12-12,basic,200,ok,1788443919
1e9c00bdab72202f57f39489ecfc18f5,2025-12-12,basic,200,ok,1788443920
239ef365318b77f145a83b34618f9a66efe8d04e6d233bd35cf2fabdeb93fb0d,2025-12-12,basic,200,ok,1788443921
d988bf5620b3cc8c9560f782b213ae4aefe8d04e6d233bd35cf2fabdeb93fb0d,2025-12-12,basic,200,ok,1788443921
eeaae786cce481c7578e1f6fee87aabd,2025-12-12,basic,200,ok,1788443922
faf1749fe884a6c8f40cc392ab1d582f,2025-12-12,basic,200,ok,1788443922
d956f6fdec7267eaa59e8fc70952c5a4efe8d04e6d233bd35cf2fabdeb93fb0d,2025-12-12,basic,200,empty,1788443923
ac14e5502ab7427ee2d3bed72306f37b,2025-12-12,basic,200,ok,1788443924
657f991dc106e0810fee14efb330f38f,2025-12-12,basic,200,ok,1788443924
ba98fe3f00c71f34da4438bd51fd6d58efe8d04e6d233bd35cf2fabdeb93fb0d,2025-12-12,basic,200,ok,1788443925
068f8cc0609789a38f5e885eeee869ddefe8d04e6d233bd35cf2fabdeb93fb0d,2025-12-12,basic,200,ok,1788443926
bb269b94b5d8ba9aea11a781938aa072,2025-12-12,basic,200,ok,1788443926
a01df0d5c39ea2546ca7b222772edefbefe8d04e6d233bd35cf2fabdeb93fb0d,2025-12-12,basic,200,ok,1788443927
5f912e52724b77688cf02617853429bd,2025-12-12,basic,200,ok,1788443927
dd87b8f2b08d308a328f2064ce1a4ca3,2025-12-12,basic,200,ok,1788443928
6d913f41941ad4c76ff90bbe12065c81efe8d04e6d233bd35cf2fabdeb93fb0d,2025-12-12,basic,400,http_400,1788443929
f28f04c1e704ee0c27a9a6df655765a4efe8d04e6d233bd35cf2fabdeb93fb0d,2025-12-12,basic,200,ok,1788443929
4006c05f831397f9ae7fa333112ce962efe8d04e6d233bd35cf2fabdeb93fb0d,2025-12-12,basic,200,ok,1788443930
86cdf1e35e899834430e9985a399747f,2025-12-12,basic,200,ok,1788443931
896b9db874ccf1947d0267dd171e4857efe8d04e6d233bd35cf2fabdeb93fb0d,2025-12-12,basic,200,ok,1788443931
01c67761f5b58be6907a98a27d5c9ba7,2025-12-12,basic,200,ok,1788443932
a5a03e31e36216fc706a3dbf6f635381,2025-12-12,basic,200,ok,1788443933
06ac1e33b72146d1a5a78c4e105403a7efe8d04e6d233bd35cf2fabdeb93fb0d,2025-12-12,basic,200,empty,1788443933
a472840cb695a4914723c54e3d27ce59,2025-12-12,basic,200,ok,1788443934
2194e874cf1ee2049ae5d23bfdcd0b2e,2025-12-12,basic,200,empty,1788443935
6a52cc59d7bad3066b258ca4cf858312,2025-12-12,basic,200,ok,1788443935
093d1dbf1e105865ca0d3f089298e8acefe8d04e6d233bd35cf2fabdeb93fb0d,2025-12-12,basic,200,ok,1788443936
365fb73936baca8e26a83137044c31b8,2025-12-12,basic,200,ok,1788443937
3c6681f716cedd680bf6b0bf8e077686e85e07f9d5d276f44440847eec04ba68,2025-12-12,basic,200,ok,1788443937
3c074bef21b4dab62eec25afd4b90432,2025-12-12,basic,200,ok,1788443938
0a57201920fbac75eb3340bb81bf7720a2186d8e7cf7a6ee152d97cc78f2ae8b,2025-12-12,basic,200,ok,1788443939
0c9e78b347026ca759a4a80e614e4f5c,2025-12-12,basic,200,ok,1788443939
e8c9b6e7072bc6cf35e42f8fe3aa5620,2025-12-12,basic,200,ok,1788443940
2b790306f1b6ec62d6a75a3406ff0ff4,2025-12-12,basic,200,ok,1788443940
c8e2d04be9820b57bbc34efd59e2af7e,2025-12-12,basic,200,ok,1788443941
d68cba1573f4beaa8635fdc9789a0428,2025-12-12,basic,200,ok,1788443942
56485ddad9c545d18bbcfe7f6a383d27,2025-12-12,basic,200,ok,1788443942
6aae561357d4fec7ce1b834466533cbcefe8d04e6d233bd35cf2fabdeb93fb0d,2025-12-12,basic,200,ok,1788443943
cb59c6496cd036703a81d247bd11885cefe8d04e6d233bd35cf2fabdeb93fb0d,2025-12-12,basic,200,ok,1788443944
01aae0a071c92231d21a8d97121a2f27efe8d04e6d233bd35cf2fabdeb93fb0d,2025-12-12,basic,200,ok,1788443944
ecde32a1507cefca0ae56ce6fe98e46d,2025-12-12,basic,200,ok,1788443945
a9ddc7ad8bf718fe875ddfdff77a5115efe8d04e6d233bd35cf2fabdeb93fb0d,2025-12-12,basic,200,ok,1788443946
40fa376d4fb33d596dc2acde45cec068,2025-12-12,basic,200,ok,1788443946
aabeb625c2bcc9370f03e92f1d73c192c47ea5ffea2564f587ca830a8f71acb2,2025-12-12,basic,200,ok,1788443947
eb489f492cc28524f992c367b091236eefe8d04e6d233bd35cf2fabdeb93fb0d,2025-12-12,basic,200,ok,1788443948
4a958f475701562742cc6d27483aead7,2025-12-12,basic,200,ok,1788443948
1c05fa07beb8a34dd7673ea9ea46a177,2025-12-12,basic,200,ok,1788443949
0bb9944e12307f37d3ddfc4668b70466,2025-12-12,basic,200,ok,1788443950
1214f332b95d0b753733d2bad3f76b1eefe8d04e6d233bd35cf2fabdeb93fb0d,2025-12-12,basic,200,ok,1788443950
dd5e9cc04a332737fcbcbe0b286fb104,2025-12-12,basic,200,ok,1788443951
39a13ddefe1734fe15e030af6ea579d6,2025-12-12,basic,200,ok,1788443952
87266b84e636695078666852ca698af7,2025-12-12,basic,200,ok,1788443952
e7ed7d3549cf39839cc5ba9af9452dc7efe8d04e6d233bd35cf2fabdeb93fb0d,2025-12-12,basic,200,ok,1788443953
140ca2feb5f947b2f52e1500f236c535efe8d04e6d233bd35cf2fabdeb93fb0d,2025-12-12,basic,200,ok,1788443954
d91d1c324619f43856e3a26f88340341efe8d04e6d233bd35cf2fabdeb93fb0d,2025-12-12,basic,200,ok,1788443954
8d3a2ed25714202e2ca8b8d7ffed5e7cc47ea5ffea2564f587ca830a8f71acb2,2025-12-12,basic,200,ok,1788443955
2653031933a4100f73a12a936bce3299,2025-12-12,basic,200,ok,1788443955
809802d2985cad29a46bd7f6db72b316,2025-12-12,basic,200,ok,1788443956
561562c0fdd21233191b4995aacef880,2025-12-12,basic,200,ok,1788443957
4a6601bac5a33385958506be9c201eaa,2025-12-12,basic,200,ok,1788443957
740b9340e7b0e51ffa8efd68094df804,2025-12-12,basic,200,ok,1788443958
e2bb591e33b9dd186ec860fe60296a6e,2025-12-12,basic,200,ok,1788443959
c6f7288ed623e5506bb3db29e50f228f,2025-12-12,basic,200,ok,1788443959
46ac6148fa1bab47613eadab64589b06,2025-12-12,basic,200,ok,1788443960
57da3d9690524d93fb7f1edeacb55593,2025-12-12,basic,200,ok,1788443961
b5a798f59c683a8acedd461acdc399b4,2025-12-12,basic,200,ok,1788443961
329ff1223369c7e8d9ca89a130bc80a6,2025-12-12,basic,200,ok,1788443962
a35f4d0b3c1f76de607cd275cd647e10,2025-12-12,basic,200,ok,1788443963
41ab16bcb497725164a840f8a62b98fe,2025-12-12,basic,200,ok,1788443963
0bc18403bb52d4c811f9c7d19bbd698eefe8d04e6d233bd35cf2fabdeb93fb0d,2025-12-12,basic,200,ok,1788443964
403b392936baebfceb326c3feb0d7859,2025-12-12,basic,200,ok,1788443965
a6e1202bcdf96dab5c8692aa1c81f110efe8d04e6d233bd35cf2fabdeb93fb0d,2025-12-12,basic,200,ok,1788443965
9b5db6f59abd04fcde802dab6f032a04c47ea5ffea2564f587ca830a8f71acb2,2025-12-12,basic,200,empty,1788443966
891457c319f72eeb9789ddd35fc9d2b4,2025-12-12,basic,200,ok,1788443967
aa4b819f9393fa1c9eb98815468dc833,2025-12-12,basic,200,empty,1788443967
4328411908ca4b8c16aba52a1b40f3f74723574b05820acf03e7ec3162ff5bed,2025-12-12,basic,200,ok,1788443968
b3ef8023bcb3ff9de9223b78d7d7267e,2025-12-12,basic,200,ok,1788443968
dffe2851404a3935a71ff363d53d4086,2025-12-12,basic,200,ok,1788443969
35c279ed7941c23968be6dc83933f082,2025-12-12,basic,200,ok,1788443970
ceb56102d639fa81894a175c133d0ebdefe8d04e6d233bd35cf2fabdeb93fb0d,2025-12-12,basic,200,ok,1788443971
99eb1a81a7ed5b39047b7db875e3b4fb,2025-12-12,basic,200,ok,1788443971
ac59a0f13c000e6f032e519a70d7dab6,2025-12-12,basic,200,ok,1788443972
3f4955952bdc19e49240af78f52f2086,2025-12-12,basic,200,ok,1788443973
c74bf8fdcc7b61ac8313c642bcdd950a,2025-12-12,basic,200,ok,1788443973
293b3aa490a27b01212dc4721f56e3afefe8d04e6d233bd35cf2fabdeb93fb0d,2025-12-12,basic,200,ok,1788443974
dd0270fbd5b818c12fbc40a6f324226afd842dab14be2a956555625b37c97bff,2025-12-12,basic,200,ok,1788443975
f17421f898e056d134fbfcdf5e1ebff9,2025-12-12,basic,200,ok,1788443975
2c6a16b3eeaa9f14e14b61eaf773840486e68d4012202d0434d05f81868f68e3,2025-12-12,basic,200,ok,1788443976
1e6491bec1ffe5f44f45184712005714,2025-12-12,basic,200,ok,1788443976
229e2ca0f54f8088f6e42207bbf4ccd3,2025-12-12,basic,200,ok,1788443977
db15b3e4b1f84a79834ce87785c494f8,2025-12-12,basic,200,ok,1788443978
10a32919134e4a8b4a63b63a759f533defe8d04e6d233bd35cf2fabdeb93fb0d,2025-12-12,basic,200,ok,1788443978
b51fa0c69009c0765970f0612abca5a2,2025-12-12,basic,200,ok,1788443979
6bfc18cf249e7d93b9b83384a8d427b1efe8d04e6d233bd35cf2fabdeb93fb0d,2025-12-12,basic,200,ok,1788443980
6b646c6596ae841e439ab7765e72bf8defe8d04e6d233bd35cf2fabdeb93fb0d,2025-12-12,basic,200,empty,1788443980
8627aedc2f39db5d19eec1e64fc7157d,2025-12-12,basic,200,empty,1788443981
f2b32969ef9300140ad423b0ec8c5180efe8d04e6d233bd35cf2fabdeb93fb0d,2025-12-12,basic,200,empty,1788443982
58e135f7ed3fd9601523a98f61b6753cefe8d04e6d233bd35cf2fabdeb93fb0d,2025-12-12,basic,200,ok,1788443982
9b515a4fe07527b3ce3f1970d3beea6e,2025-12-12,basic,200,ok,1788443983
ffb1ca912df7eb6ebc6fc72c9c1f8357efe8d04e6d233bd35cf2fabdeb93fb0d,2025-12-12,basic,200,ok,1788443983
1c9a2ba1551ebb63c7dfac0bf456afaf,2025-12-12,basic,200,ok,1788443984
7c25addfbaf0e385e4d2c92de0fc29fc,2025-12-12,basic,200,empty,1788443985
7253e4c6be37c773340743d28b9d448a,2025-12-12,basic,200,ok,1788443985
5cd373ff240f910fc32722121f680a5aefe8d04e6d233bd35cf2fabdeb93fb0d,2025-12-12,basic,200,ok,1788443986
84b1221e97e32100170801699d56f048,2025-12-12,basic,200,ok,1788443987
60196253d450c131a0c198b8fc63a0e3efe8d04e6d233bd35cf2fabdeb93fb0d,2025-12-12,basic,200,ok,1788443987
e5ef0541ba5c1bebafcf4b4b1f34bc79,2025-12-12,basic,200,ok,1788443988
84fd74f03d9a3a190530b90679cb61ea,2025-12-12,basic,200,ok,1788443989
d802879078eba8f8155a39ce7c45c308,2025-12-12,basic,200,ok,1788443989
e8b7789820542a49c5167858143b940aefe8d04e6d233bd35cf2fabdeb93fb0d,2025-12-12,basic,200,ok,1788443990
f69c63329cb30cd9c26b330168dd4bab,2025-12-12,basic,200,ok,1788443991
e5519f868b7a03d325f3c793f2261918,2025-12-12,basic,200,ok,1788443991
4a9c6f35cb260058a914c85949e84c49,2025-12-12,basic,200,empty,1788443992
099b48fc50e8de2839810c32f6afc4bb,2025-12-12,basic,200,ok,1788443992
e9ecf89ac73b3e24adb50ce4a43ee285,2025-12-12,basic,200,ok,1788443993
87822f4be9ca2f52548c91f0afd83791,2025-12-12,basic,200,ok,1788443994
78a9d02b6e5ccd4ecc24b601399b611e,2025-12-12,basic,200,ok,1788443994
ff1b235f8f4f822f6223de3201f74753efe8d04e6d233bd35cf2fabdeb93fb0d,2025-12-12,basic,200,ok,1788443995
4f7e37eacd4f18517890c06c657f1c7befe8d04e6d233bd35cf2fabdeb93fb0d,2025-12-12,basic,200,empty,1788443996
83f4e2358ce7c0c2b497c7c61ee60d86efe8d04e6d233bd35cf2fabdeb93fb0d,2025-12-12,basic,200,ok,1788443996
cd7308d70b89e398ca5617fc7ef13104,2025-12-12,basic,200,ok,1788443997
4704b244c5d350960aa95f5ee23de4f5efe8d04e6d233bd35cf2fabdeb93fb0d,2025-12-12,basic,200,ok,1788443998
5ea597e4b7e4e811a75803208496f3d1,2025-12-12,basic,200,ok,1788443998
77d8ac9efde6919dbcdf16713004582aefe8d04e6d233bd35cf2fabdeb93fb0d,2025-12-12,basic,200,ok,1788443999
503bbb7bc2d7d65fde7aef8d0ce7149f,2025-12-12,basic,200,ok,1788444000
92b8f3928d83f929ce109f12ce67443e,2025-12-12,basic,200,ok,1788444000
314f9c4062e6e77063e774b0cbb1083cefe8d04e6d233bd35cf2fabdeb93fb0d,2025-12-12,basic,200,ok,1788444001
e2d6052ad7b56a4f3f94500d5775bce5efe8d04e6d233bd35cf2fabdeb93fb0d,2025-12-12,basic,200,ok,1788444002
92a3b6def429c676d899ef5c69157cc88295750b1f4857867454debc45ec9c8a,2025-12-12,basic,200,ok,1788444003
c2c2b964159dc46cf6bf88211b3b9a5b,2025-12-12,basic,200,ok,1788444003
ff90c9344aa0a202a162af309c71f3d6,2025-12-12,basic,200,ok,1788444004
447e74a9580172f438f2a297ca801150,2025-12-12,basic,200,ok,1788444005
992c873304c93ecf38c80df9c3652bfa,2025-12-12,basic,200,ok,1788444005
a5435007ebe6f29258fba59a67b2ec28,2025-12-12,basic,200,ok,1788444006
c42583359f43762c2a0d48ef8a2eec963663933da92e7566c55104ec9ac2894d,2025-12-12,basic,200,ok,1788444007
3bb776aaa0e129fdffd1de823b43b0f2efe8d04e6d233bd35cf2fabdeb93fb0d,2025-12-12,basic,200,ok,1788444008
08b29ad0ab1a7374162f3b828dd76ad6,2025-12-12,basic,200,ok,1788444008
a5320e1080c5626331ccb14db2d576be,2025-12-12,basic,200,empty,1788444009
0cfaf18faa25c5aa9f237408d79dfe4a,2025-12-12,basic,200,empty,1788444010
4b2dc2d335d614506bb27dc2aebbc547,2025-12-12,basic,200,ok,1788444010
e3bf10d174a7d2adb6010132e96afd93,2025-12-12,basic,200,ok,1788444011
bcc676c1f93d236be65abd376a309e40efe8d04e6d233bd35cf2fabdeb93fb0d,2025-12-12,basic,200,ok,1788444011
e737cc82548442f7f8cc4b0beed68170,2025-12-12,basic,200,ok,1788444012
367c537308589ab3d2220bed89e69e79,2025-12-12,basic,200,ok,1788444013
cc138a806510ec0ee3633691dca614d7,2025-12-12,basic,200,empty,1788444013
6b3032c63172851feb1486eac9dbd5e3,2025-12-12,basic,200,ok,1788444014
feca665b17d703e02977c4094b7d2f0d,2025-12-12,basic,200,ok,1788444015
eb5d55dcb9727f9c729234002201d269,2025-12-12,basic,200,ok,1788444015
edb1d52cfb4dfbdb16aeaae50962de5a,2025-12-12,basic,200,ok,1788444016
275a5ed73a7ecab4b1cf600b5b66db67,2025-12-12,basic,400,http_400,1788444017
6829670ffdd603c1749ea306851eb0c0,2025-12-12,basic,200,ok,1788444017
4bd456f0cd21e681e646b9319699341b,2025-12-12,basic,200,ok,1788444018
eb87565bad43ced1d277f1b53fba16b7,2025-12-12,basic,200,ok,1788444019
ddddadbb315795044e0e0b6002cd2c54,2025-12-12,basic,200,ok,1788444019
0723ffae660b0985cf570d08bf93cbbd,2025-12-12,basic,200,ok,1788444020
b3e2bc54bfddbc828d220e4c04fcac0befe8d04e6d233bd35cf2fabdeb93fb0d,2025-12-12,basic,200,ok,1788444021
9ca6902357eaf007edbe1a7084afd1edefe8d04e6d233bd35cf2fabdeb93fb0d,2025-12-12,basic,200,ok,1788444021
14b13e6a55b0f55bf9e49d0ba57a683eefe8d04e6d233bd35cf2fabdeb93fb0d,2025-12-12,basic,200,ok,1788444022
a017a57c32147c0183c0b20f951e2048,2025-12-12,basic,200,ok,1788444023
c65b789c8f6e4622171e14f115b643daefe8d04e6d233bd35cf2fabdeb93fb0d,2025-12-12,basic,200,ok,1788444023
5e17725f46ab37b849392bc74fdbc406,2025-12-12,basic,200,ok,1788444024
816dcea5c3d5321a70f31996f211b484,2025-12-12,basic,200,ok,1788444024
b7d1df6631f1525c45a9474c77474617,2025-12-12,basic,200,ok,1788444025
8cb90ae12d998703ab2923c3ef4de1f8,2025-12-12,basic,200,empty,1788444026
0231732dac49d3884889eabd733e2668efe8d04e6d233bd35cf2fabdeb93fb0d,2025-12-12,basic,200,ok,1788444026
11ccf601c43be97f45dc82b8cd590c87,2025-12-12,basic,200,ok,1788444027
449d1aa484542db9168e7d76ab0d9fe4efe8d04e6d233bd35cf2fabdeb93fb0d,2025-12-12,basic,200,ok,1788444028
f6c13a3cdd317d60bbb09e89747259b8,2025-12-12,basic,200,ok,1788444029
18b1dd243f649e4d29e24c8b4aa96c21,2025-12-12,basic,200,ok,1788444029
2911ed643731d267e4355a500ab5c5a0efe8d04e6d233bd35cf2fabdeb93fb0d,2025-12-12,basic,200,ok,1788444030
e75ce841e3435551d62926fa97ac2eae,2025-12-12,basic,200,ok,1788444030
474b50bb515f88d5c081d3d0c423b7f6,2025-12-12,basic,200,ok,1788444031
4c52885860d4753445fe99fd1ebceddd,2025-12-12,basic,200,ok,1788444032
8d893813cde07856036c1f3eba9df34e,2025-12-12,basic,200,empty,1788444032
d10f0105f328b4dd1ae15a9e8e35d7a2,2025-12-12,basic,200,ok,1788444033
07934088177f6862210bc27bf7792e0aa2186d8e7cf7a6ee152d97cc78f2ae8b,2025-12-12,basic,200,ok,1788444034
ac1e4c0d08d48dc0e5c6c3969ae887eb,2025-12-12,basic,200,ok,1788444034
c985244a70751df303e2a3e9e5bf187a6fbb98200a15be5bcc73a64995849e9c,2025-12-12,basic,200,empty,1788444035
31cc73fe2373f2046773b89ec6f74167,2025-12-12,basic,200,ok,1788444035
d66d5987ec6d5aadb71e99b3c237a6c2,2025-12-12,basic,200,ok,1788444036
8089ba9f5c9656a3e2ddb1b196078b5486e68d4012202d0434d05f81868f68e3,2025-12-12,basic,200,ok,1788444037
1ecf7a16d8d6c62e0144659a9460ace9,2025-12-12,basic,200,ok,1788444037
489eec3cd548165f8ccb0eb1dbcf2ec3efe8d04e6d233bd35cf2fabdeb93fb0d,2025-12-12,basic,200,ok,1788444038
9a3b76c2ec169b5e6e8c4f0c096cf2b1efe8d04e6d233bd35cf2fabdeb93fb0d,2025-12-12,basic,200,ok,1788444039
733e6ac982cccbc09f34c4c08ca4f902,2025-12-12,basic,200,ok,1788444039
4b714db7594554bd8374f3418b7c660e8295750b1f4857867454debc45ec9c8a,2025-12-12,basic,200,ok,1788444040
4e95110caf152930f81299400ed72f71efe8d04e6d233bd35cf2fabdeb93fb0d,2025-12-12,basic,200,ok,1788444040
93d483a68fd55725ab408200a5ffbc2a,2025-12-12,basic,200,ok,1788444041
4eac174513f714f52dee44fa5d885668,2025-12-12,basic,200,ok,1788444042
43244b5c3237480729e5feadd94312e9efe8d04e6d233bd35cf2fabdeb93fb0d,2025-12-12,basic,200,ok,1788444042
736b4685e047f6f4ad79b5881861c7d1,2025-12-12,basic,200,ok,1788444043
7a6e95f650de3d8cbfe56f6a5dfe9fff,2025-12-12,basic,200,ok,1788444044
fff6aad156e16e105b703d184eaba030,2025-12-12,basic,200,empty,1788444044
49733f79864da683f5d4d42b3df4d7a4,2025-12-12,basic,200,empty,1788444045
4ee3c56caf24671c881c1dcdff956432efe8d04e6d233bd35cf2fabdeb93fb0d,2025-12-12,basic,200,ok,1788444045
a4c68e3aa2539d355468ac5058d8ca91,2025-12-12,basic,200,ok,1788444046
8bb4c25fe36a8416dad270100d23f4a4,2025-12-12,basic,200,ok,1788444047
93a3777ec220647bf543531cea720fdf,2025-12-12,basic,200,ok,1788444047
ed898ed4fee64b987d9c59bb2024776e,2025-12-12,basic,200,ok,1788444048
91477d7904885dcdff2a7addfeb4084aefe8d04e6d233bd35cf2fabdeb93fb0d,2025-12-12,basic,200,ok,1788444049
25d5d8c84c61d4c501b18f2f403dfa6fefe8d04e6d233bd35cf2fabdeb93fb0d,2025-12-12,basic,200,ok,1788444049
989544eacbf112b0606e50a5614181b8,2025-12-12,basic,200,ok,1788444050
55e0bc5ef9a9cd15ac3de1e284a0cfec,2025-12-12,basic,200,ok,1788444050
727fe4bcbd1b928c46d79905660e51606fbb98200a15be5bcc73a64995849e9c,2025-12-12,basic,200,empty,1788444051
273862d5ac596508c53cbf4f49f5e7ed,2025-12-12,basic,200,empty,1788444052
4e682871f3d60f259c8404352e2a23b3,2025-12-12,basic,200,ok,1788444052
c1621ae7e7e584e6c9e43336394978a5,2025-12-12,basic,200,ok,1788444053
6cc77d03ebfede193d609bcd229df68f,2025-12-12,basic,200,ok,1788444054
d6608f646827ffee3cd13d437a68031f,2025-12-12,basic,200,empty,1788444054
c7741a99691bf6cd8aa2fd5b2c8aa930,2025-12-12,basic,200,ok,1788444055
1138d0579496838b97c31616d9d905f0efe8d04e6d233bd35cf2fabdeb93fb0d,2025-12-12,basic,200,ok,1788444056
2c74510f80a8d21b343caeaaa29ba48defe8d04e6d233bd35cf2fabdeb93fb0d,2025-12-12,basic,200,empty,1788444056
29bdd62ad19f94979fb164b6f6c7f293,2025-12-12,basic,200,ok,1788444057
1d861cc033d7f1e6364a96a739d6122daae77432709819edb959e1fd5d1d77b4,2025-12-12,basic,200,ok,1788444058
635b38925253f785435f50bde1655f28c47ea5ffea2564f587ca830a8f71acb2,2025-12-12,basic,200,ok,1788444059
5d47436cbf59041edb6c2941a48f27e3efe8d04e6d233bd35cf2fabdeb93fb0d,2025-12-12,basic,200,empty,1788444059
df06790e3d10ca741ef3165537107cbfc47ea5ffea2564f587ca830a8f71acb2,2025-12-12,basic,200,empty,1788444060
b9c84a0320458170c3cb4125acc518fe,2025-12-12,basic,200,ok,1788444061
31aef16daf069148c4ab036ec2ab68e7efe8d04e6d233bd35cf2fabdeb93fb0d,2025-12-12,basic,200,ok,1788444061
a425ea8ca9e8c683069afd8be5fe38d6,2025-12-12,basic,200,ok,1788444062
4d4250ea05e7344b9058a6f33d01e0f3,2025-12-12,basic,200,empty,1788444063
47a05fb276e393b71df94c7a2ff518fe,2025-12-12,basic,200,ok,1788444063
ab2ed972c4e273ff2cee65a462d1d584efe8d04e6d233bd35cf2fabdeb93fb0d,2025-12-12,basic,200,ok,1788444064
f4ff4ad89244529643cc6870fc6be5c0efe8d04e6d233bd35cf2fabdeb93fb0d,2025-12-12,basic,200,ok,1788444064
39f9e29601953aa554df254cfea81665,2025-12-12,basic,200,ok,1788444065
9bfb71e0daa0ab4d4faa956cf75dcd4c,2025-12-12,basic,200,ok,1788444066
8f43aa5a2aa06552372288103c9b841defe8d04e6d233bd35cf2fabdeb93fb0d,2025-12-12,basic,200,ok,1788444066
5e746bc1d08c2ee294039edcccca86c8efe8d04e6d233bd35cf2fabdeb93fb0d,2025-12-12,basic,200,ok,1788444067
d66164d6f18f5c6b4d64bd5e0b66b820,2025-12-12,basic,200,ok,1788444068
327343081a59456fd2e7c6b77163e418a2186d8e7cf7a6ee152d97cc78f2ae8b,2025-12-12,basic,200,ok,1788444068
3875261aba8fe5ca2c8675b67cd13c8a,2025-12-12,basic,200,empty,1788444069
65165f2d263267413a20ab97d6616d8c,2025-12-12,basic,200,ok,1788444069
4d705ef7d9de2d34da52ee9285b5cd12,2025-12-12,basic,200,ok,1788444070
856b1ce7219628234d973e72f8e2de8f,2025-12-12,basic,200,ok,1788444071
08278dcc849e1add4a7864880e6899a2,2025-12-12,basic,200,ok,1788444071
10b7ebc42bc742878d56fe2db9f056ec8295750b1f4857867454debc45ec9c8a,2025-12-12,basic,200,ok,1788444072
5c1ac9126c029d3f5072c919003c67d54723574b05820acf03e7ec3162ff5bed,2025-12-12,basic,200,ok,1788444073
c547faa58e97dc3b4aa4131c21ee0eaa,2025-12-12,basic,200,ok,1788444073
4d73afee788a085575be39cadbb50827,2025-12-12,basic,200,ok,1788444074
8cac9e740b2364c884c0609614dd9d8a,2025-12-12,basic,200,ok,1788444074
c5d5f3a29e07a0d3f88b933f885fb4ff,2025-12-12,basic,200,empty,1788444075
9cd40f7c833b24d1d5bcffd2f1bfda47,2025-12-12,basic,200,ok,1788444076
78cac13a4db5b991e538c0498d46bcacefe8d04e6d233bd35cf2fabdeb93fb0d,2025-12-12,basic,200,ok,1788444076
843a2c027ef09704c5497b713e6520aa,2025-12-12,basic,200,ok,1788444077
bcf6115c7988f4a7989560cc5293dbecefe8d04e6d233bd35cf2fabdeb93fb0d,2025-12-12,basic,200,ok,1788444077
bcfe036684d7ec1e48254a0ad3a6e4be,2025-12-12,basic,200,ok,1788444078
a1c05690a58d1b5446b6cb82b80e95d0,2025-12-12,basic,200,ok,1788444079
26efa9c9ad568224baa92721f41bbffbefe8d04e6d233bd35cf2fabdeb93fb0d,2025-12-12,basic,200,ok,1788444079
810c11cd9e3079206af13289262b5ecb,2025-12-12,basic,200,ok,1788444080
1a2988eca875bf8f2aa7e5f5352665c7,2025-12-12,basic,200,ok,1788444081
642d8543a4aeee978fdd382065690adfefe8d04e6d233bd35cf2fabdeb93fb0d,2025-12-12,basic,200,ok,1788444081
bfb06817a3808591139715ef6229dab1,2025-12-12,basic,200,ok,1788444082
1feca12d5c0905e5176fbdfa3b5b7f8f,2025-12-12,basic,200,ok,1788444083
98166286a7b923869362b05e7f0e3596efe8d04e6d233bd35cf2fabdeb93fb0d,2025-12-12,basic,200,ok,1788444083
5de0123ac099e051170ba5ab77913739,2025-12-12,basic,200,ok,1788444084
81e00af968e0520253008bb29979a79d,2025-12-12,basic,200,ok,1788444085
83fd7fb1c327546cbafe5eaa098b5ec5efe8d04e6d233bd35cf2fabdeb93fb0d,2025-12-12,basic,200,ok,1788444086
4f6d48a7f3b15aeb646f2098b01dea01,2025-12-12,basic,200,ok,1788444086
edeecdefc72f497de9080048fddc4b35efe8d04e6d233bd35cf2fabdeb93fb0d,2025-12-12,basic,200,ok,1788444087
421166f402f34bd89fcae5acf157a42b,2025-12-12,basic,200,ok,1788444088
2d54a76fc669a22b3c39ce8068fb02faefe8d04e6d233bd35cf2fabdeb93fb0d,2025-12-12,basic,200,empty,1788444088
c0761dec4dca1cadc9d5093fbe7ad758efe8d04e6d233bd35cf2fabdeb93fb0d,2025-12-12,basic,200,ok,1788444089
caedee8ebe62ecbc970a87eb127a67144723574b05820acf03e7ec3162ff5bed,2025-12-12,basic,200,empty,1788444090
cf3dd1f6ec782590d0ec0dd5e8523fda,2025-12-12,basic,200,ok,1788444091
2a22ea01defe960de47227f2ff09508b3663933da92e7566c55104ec9ac2894d,2025-12-12,basic,200,ok,1788444092
c90d1c56b9276c32c48b67470337f645,2025-12-12,basic,200,ok,1788444093
a2a7d6b90036c023c7467fc13da4422befe8d04e6d233bd35cf2fabdeb93fb0d,2025-12-12,basic,200,empty,1788444093
2918b0328998e0ef7f57ddb3deb3fe15,2025-12-12,basic,200,ok,1788444094
0a6fe5bea6ff811d928682712efce2ea,2025-12-12,basic,200,ok,1788444095
0ee368e80ebb300bba62490aedbb89f84723574b05820acf03e7ec3162ff5bed,2025-12-12,basic,200,ok,1788444095
685fa4e191b5eac5dfa2c7f14daaaefd,2025-12-12,basic,200,ok,1788444096
55ee0315772faf313add8e89c03cbe9aefe8d04e6d233bd35cf2fabdeb93fb0d,2025-12-12,basic,200,ok,1788444097
a6933ffd91b5197735ee434f14a88d0a,2025-12-12,basic,200,ok,1788444097
39200c527c979d54ddc6bb1f5c10c2b53663933da92e7566c55104ec9ac2894d,2025-12-12,basic,200,ok,1788444098
1f39036dd9900ba572d8027298f92a594723574b05820acf03e7ec3162ff5bed,2025-12-12,basic,200,ok,1788444099
e00da408ba47c005755c7a2811feb194,2025-12-12,basic,200,ok,1788444099
3b4b7a38be1a4cdeab289b1af8cdb6a8efe8d04e6d233bd35cf2fabdeb93fb0d,2025-12-12,basic,200,ok,1788444100
7bd5bf0d69a3e4eb29d1ec5bc6a5af37a2186d8e7cf7a6ee152d97cc78f2ae8b,2025-12-12,basic,200,ok,1788444100
6d7a8dd3e7564f03cc62ae1bfd2e7f35efe8d04e6d233bd35cf2fabdeb93fb0d,2025-12-12,basic,400,http_400,1788444101
9c496f72073417047b732e8cee9933aaefe8d04e6d233bd35cf2fabdeb93fb0d,2025-12-12,basic,200,ok,1788444102
bd1cb4182521f3a97ab6810bc54bf8a3,2025-12-12,basic,200,ok,1788444102
a4e3f084fc9031d7eefb9b4d8688be08,2025-12-12,basic,200,ok,1788444103
df39ef07d6fe6534d6e2bf69673d56e4aae77432709819edb959e1fd5d1d77b4,2025-12-12,basic,200,ok,1788444104
8db2856d5a2879d33be9ea8bab08adb5c47ea5ffea2564f587ca830a8f71acb2,2025-12-12,basic,200,ok,1788444104
64ba0d725c12d81514ade05ab0c5a47dfd842dab14be2a956555625b37c97bff,2025-12-12,basic,200,ok,1788444105
f8559ed1108e1f5c4f762d2d882a4af7,2025-12-12,basic,200,ok,1788444106
60964f23b502bb63e482602c3094d101efe8d04e6d233bd35cf2fabdeb93fb0d,2025-12-12,basic,200,ok,1788444106
0c70fbb55f63ed9bd2f923b4290e988f,2025-12-12,basic,200,empty,1788444107
605f4a118947a153ad145459d118209f,2025-12-12,basic,200,ok,1788444108
5f6dd4078613a63a524b3d6d08725a2e,2025-12-12,basic,200,ok,1788444108
9e7cc9a404a5a327a3a0eb2c5e969677efe8d04e6d233bd35cf2fabdeb93fb0d,2025-12-12,basic,200,ok,1788444109
14364c830e58af71f84651e4884de20e,2025-12-12,basic,200,ok,1788444110
efa975135da180d6c07035b8c016b711,2025-12-12,basic,200,ok,1788444110
d72f6324015a853cf1c49fe55228979defe8d04e6d233bd35cf2fabdeb93fb0d,2025-12-12,basic,200,ok,1788444111
019b9c1293fd72d14c15318d479ac66e,2025-12-12,basic,200,ok,1788444112
0626122e5d404a3cf3edd66e46572c9d,2025-12-12,basic,200,empty,1788444112
3b5b09a50e30828c3e44fd25b6d831a7,2025-12-12,basic,200,ok,1788444113
4508c95b8e14065671c173856679149a,2025-12-12,basic,200,ok,1788444113
83389ccac534b60761a301de94b77ffb,2025-12-12,basic,400,http_400,1788444114
349411c899a3eaf1784abed1025fbb53efe8d04e6d233bd35cf2fabdeb93fb0d,2025-12-12,basic,200,ok,1788444115
7e2ba975a651d14d0ea512badf3404e1efe8d04e6d233bd35cf2fabdeb93fb0d,2025-12-12,basic,200,ok,1788444115
93e084788d4c849a92354172b16277ba,2025-12-12,basic,200,ok,1788444116
2fe9bd6460f2d0e847084f4cfc6aa952,2025-12-12,basic,200,ok,1788444117
0af8d1ce7cf7133fb7bc115c91ee83e4efe8d04e6d233bd35cf2fabdeb93fb0d,2025-12-12,basic,200,ok,1788444118
0816395b59d93d2a4334278dfca9081eefe8d04e6d233bd35cf2fabdeb93fb0d,2025-12-12,basic,200,ok,1788444119
2082507b9bc81ffd3304eb7d32c886aa,2025-12-12,basic,200,ok,1788444120
46350b81c174aa6ea0a6577fe4d924e4efe8d04e6d233bd35cf2fabdeb93fb0d,2025-12-12,basic,200,ok,1788444120
d677e80aff6109f67f3cf1b2ed5e8c10,2025-12-12,basic,200,ok,1788444121
6419bcfb01fc8eda9c72d916e1f9174ac47ea5ffea2564f587ca830a8f71acb2,2025-12-12,basic,200,ok,1788444122
aec0496fe0296524fc1b5c5f55123991,2025-12-12,basic,200,ok,1788444122
c40c866076dfdb81d8dcf04eb46231a1,2025-12-12,basic,200,ok,1788444123
075cf008805bdbff03ce2f54009e879eefe8d04e6d233bd35cf2fabdeb93fb0d,2025-12-12,basic,200,ok,1788444124
3959fcd121db8b66cbe758428b3b6560efe8d04e6d233bd35cf2fabdeb93fb0d,2025-12-12,basic,200,ok,1788444125
bc32695aafaf6faec0a2e362e0ba45fa,2025-12-12,basic,200,ok,1788444125
0a622250df56f30876d89a31568ef886,2025-12-12,basic,200,ok,1788444126
7889cc611a8839dc7a0b05fc15555f26,2025-12-12,basic,200,ok,1788444127
6ff891d4b5f081a07e545b25a8cc3ab1,2025-12-12,basic,200,ok,1788444127
e7e279e7bfe4588dbc77e3ce5ed27b22,2025-12-12,basic,200,ok,1788444128
ab9c08306041a13ba8274197e4c3d75eefe8d04e6d233bd35cf2fabdeb93fb0d,2025-12-12,basic,200,empty,1788444128
58a9940b3c8237c36773e9e07c8637b5efe8d04e6d233bd35cf2fabdeb93fb0d,2025-12-12,basic,200,ok,1788444129
41b7005fcf9d2c6a6241679ffeb5ce83,2025-12-12,basic,200,empty,1788444130
b8d5d3d6197f6543b780ed2b1658e8b9fd842dab14be2a956555625b37c97bff,2025-12-12,basic,200,empty,1788444130
786d971faee6e742cad745ddf5bb5777,2025-12-12,basic,200,ok,1788444131
9b498645b9cbf2767c8f0c32c342309d,2025-12-12,basic,200,ok,1788444132
1b441230d8a6ed8b7a5cc20be845612b,2025-12-12,basic,200,empty,1788444132
875b30d43ffd9c2abc39b40e49784c67efe8d04e6d233bd35cf2fabdeb93fb0d,2025-12-12,basic,200,ok,1788444133
69370ed584734145ab5cc5385dd95c90,2025-12-12,basic,200,empty,1788444134
830a80d6330618b0bb48a7698f438aed,2025-12-12,basic,200,empty,1788444134
e843b43c9a891156672f211f1b5d59be,2025-12-12,basic,200,ok,1788444135
b76359938222ed67d61169d75b7d2c1d,2025-12-12,basic,200,ok,1788444135
1b5436db4ba96ced8ba518d7de019b2e,2025-12-12,basic,200,ok,1788444136
ed539dc21805cedd4eb0e0c17204edca,2025-12-12,basic,200,ok,1788444137
0d96ba74f2eec77c8fd2157f5df112f24723574b05820acf03e7ec3162ff5bed,2025-12-12,basic,200,ok,1788444138
21f527173c2df9716ddaa6d763f60e51,2025-12-12,basic,200,empty,1788444138
6ff07b813a897b3b3a0eda6c01aaeb4e,2025-12-12,basic,200,empty,1788444139
117802df5f87588bc621cbc7bc786a67,2025-12-12,basic,200,ok,1788444139
605a4e07f6d012f56547f0e9931e50f4,2025-12-12,basic,200,ok,1788444140
7408b5234916b5316d92919884542b92,2025-12-12,basic,200,empty,1788444141
85c544fe96169eb8001509b809dc6e44efe8d04e6d233bd35cf2fabdeb93fb0d,2025-12-12,basic,200,empty,1788444141
9cdc6b7ff86d2574fddee4e242accdf2efe8d04e6d233bd35cf2fabdeb93fb0d,2025-12-12,basic,200,ok,1788444142
3d350a55541e728aa46d98645b3eef7e,2025-12-12,basic,200,ok,1788444143
bd4c4a0c014eff465f1e410a0f17497a,2025-12-12,basic,200,empty,1788444143
51a659a0be95720a2870528352a4f557,2025-12-12,basic,200,ok,1788444144
8b0ef0ce0dde07cc3bf76ae3835984fa,2025-12-12,basic,200,ok,1788444144
5ad2cdaa230f863dc888830269490662,2025-12-12,basic,200,ok,1788444145
db56abeb8292f4d300740dc2e18efc08efe8d04e6d233bd35cf2fabdeb93fb0d,2025-12-12,basic,200,ok,1788444146
9fcdde3c17dc79233948750751d288d5efe8d04e6d233bd35cf2fabdeb93fb0d,2025-12-12,basic,200,ok,1788444146
c50c9d31df88bd5967146dcc643fe9ed86e68d4012202d0434d05f81868f68e3,2025-12-12,basic,200,ok,1788444147
16528b0e78725a9f9211fa85823f96cb,2025-12-12,basic,200,ok,1788444147
5ebf5efb593c50faa97ae4d5498c8741efe8d04e6d233bd35cf2fabdeb93fb0d,2025-12-12,basic,200,ok,1788444148
82c42f93275381e7a5c20c371b6237c4efe8d04e6d233bd35cf2fabdeb93fb0d,2025-12-12,basic,200,ok,1788444149
b14c37c9f7a0abc9af2d345a4ee85254efe8d04e6d233bd35cf2fabdeb93fb0d,2025-12-12,basic,200,empty,1788444149
a8da36c849d00782dd68544b75d4033c,2025-12-12,basic,200,ok,1788444150
234dc7e84a4034f9a64a2bc38e07b9b6efe8d04e6d233bd35cf2fabdeb93fb0d,2025-12-12,basic,200,ok,1788444151
171462963ac5eb26b59050ec09270344,2025-12-12,basic,200,ok,1788444151
f0db661aab648a54a6b7cb0e39993d50,2025-12-12,basic,200,ok,1788444152
8f251784b2814023bd61b7ad71bf9d46,2025-12-12,basic,200,empty,1788444152
d22aa03b9d90d62482efd12788e33a04,2025-12-12,basic,200,ok,1788444153
63e6bfe1414f38560e4310933c5bd2e4efe8d04e6d233bd35cf2fabdeb93fb0d,2025-12-12,basic,200,ok,1788444154
b6940ec73c585f6989a3163309e3e7b8efe8d04e6d233bd35cf2fabdeb93fb0d,2025-12-12,basic,200,empty,1788444154
d947e36c1eeb2133c18c016536634ae1,2025-12-12,basic,200,ok,1788444155
1cc77866e7b1d9a15af2e5f3b2f570d8,2025-12-12,basic,200,ok,1788444155
c0b56d83f994e89618ee45cb9140a36b,2025-12-12,basic,200,ok,1788444156
1126a5262fe8701dec81f5c7cf79555f,2025-12-12,basic,200,ok,1788444157
0ce376f9ada1603d904be362c356a985,2025-12-12,basic,200,empty,1788444157
468fab0039f82db8ec0fc0509947b67baae77432709819edb959e1fd5d1d77b4,2025-12-12,basic,200,ok,1788444158
68e525819f484806a5d351c0b31de5faefe8d04e6d233bd35cf2fabdeb93fb0d,2025-12-12,basic,200,empty,1788444158
f5527018e4186613282261c4d2c4f9a6,2025-12-12,basic,200,ok,1788444159
b0cd430b550ac40b5432034a08c56e24efe8d04e6d233bd35cf2fabdeb93fb0d,2025-12-12,basic,200,ok,1788444160
06560b20f37452fc17792ead3ded2e2a,2025-12-12,basic,200,ok,1788444160
e32e25899fced8e3d3d720d0ca86e2d4,2025-12-12,basic,400,http_400,1788444161
d7fe0f188972043ccbfef65642f05145,2025-12-12,basic,200,ok,1788444162
f67445677d9feb1506208b82f61106faefe8d04e6d233bd35cf2fabdeb93fb0d,2025-12-12,basic,200,ok,1788444162
e92a7e93bc87365072e003a17824974fefe8d04e6d233bd35cf2fabdeb93fb0d,2025-12-12,basic,200,empty,1788444163
c2f6f54da041e813599531bfb981329cefe8d04e6d233bd35cf2fabdeb93fb0d,2025-12-12,basic,200,ok,1788444164
386039c4ffe2e1250712607edcad5b5e,2025-12-12,basic,200,ok,1788444164
92e7616e87e54a96f5f417843cfd0faf,2025-12-12,basic,200,ok,1788444165
f072c26ff3a0392e05a8c1e1fe04b992efe8d04e6d233bd35cf2fabdeb93fb0d,2025-12-12,basic,200,empty,1788444166
bb1abc7a74563e119f38d0769b913e0d,2025-12-12,basic,200,ok,1788444166
e6cd0177062017f921f324bc249f45db,2025-12-12,basic,200,ok,1788444167
1cb364cf31b3de7cb84ed9ad4b170994efe8d04e6d233bd35cf2fabdeb93fb0d,2025-12-12,basic,200,ok,1788444167
6855f154ad5a0f1cee9dddc04390d5a1,2025-12-12,basic,200,ok,1788444168
532427d6e2290dde0c9e3cf8fd0256ab,2025-12-12,basic,200,ok,1788444169
f0cfdb26b29e096d52299a4ad6396b46efe8d04e6d233bd35cf2fabdeb93fb0d,2025-12-12,basic,200,ok,1788444169
36f39faf4ec7610211263206bde61e08,2025-12-12,basic,200,ok,1788444170
403ff8afe9e747b6f5477ccc8907c03a,2025-12-12,basic,200,ok,1788444171
8c728d9d2107259b2e22b6ed68035180,2025-12-12,basic,200,ok,1788444171
9ae877c17bba7eadf28b579052e6c9df,2025-12-12,basic,200,empty,1788444172
6758d6570eacc6ee234619f06256e96b,2025-12-12,basic,200,ok,1788444172
8a69003e98749a2b12904390ff454558,2025-12-12,basic,200,ok,1788444173
8f2831949e247107c55bb12876493987,2025-12-12,basic,200,ok,1788444174
89db1621687819df5e3958a31180ef49,2025-12-12,basic,200,ok,1788444174
59fff823a649700e11650bed83e2bc68,2025-12-12,basic,200,ok,1788444175
ee4ccfc3c47d14f6112683a0d8da8779,2025-12-12,basic,200,ok,1788444176
8cfaa679925165473d2cc8f6fe50c44f,2025-12-12,basic,200,ok,1788444176
ec069b50f7987fdda0cc5d555f9b4fabefe8d04e6d233bd35cf2fabdeb93fb0d,2025-12-12,basic,200,empty,1788444177
74a7212bd190c941caa4110fdf3b5937,2025-12-12,basic,200,ok,1788444178
99bbb60f412d81c87460e520cb858c03,2025-12-12,basic,200,ok,1788444178
c769606fe8384d0473395bde3add9fad,2025-12-12,basic,200,ok,1788444179
55a52fec86f1dabbcdbcd0eaf1e59357,2025-12-12,basic,200,ok,1788444179
dfb88a1b4571611c4b80953b4a570582,2025-12-12,basic,200,ok,1788444180
4b5d81dafb888a1fe665fa8203bc1973,2025-12-12,basic,200,ok,1788444181
c01fcc7dee9892b5a06f57ad4409ec26,2025-12-12,basic,200,ok,1788444181
b9de5f3319d7e10d9e8c0d87eb54ae3fefe8d04e6d233bd35cf2fabdeb93fb0d,2025-12-12,basic,200,ok,1788444182
7b22ef6bda01c73900a2aa09bb869e52efe8d04e6d233bd35cf2fabdeb93fb0d,2025-12-12,basic,200,ok,1788444183
be583953c7bba783411aa017f78f29f1,2025-12-12,basic,200,ok,1788444183
1deb5a6bdf0e53c146d8f720ddeb4ae5,2025-12-12,basic,200,ok,1788444184
c0f3858312e3e4d9f70707261d51cc1ee85e07f9d5d276f44440847eec04ba68,2025-12-12,basic,200,ok,1788444185
9122e220072cf285865e8cb16e18659e,2025-12-12,basic,200,ok,1788444185
4de28a3fa2874bbfed4cfed759ed9eea,2025-12-12,basic,200,ok,1788444186
cc040741348b2c1549e106b51617b6d4efe8d04e6d233bd35cf2fabdeb93fb0d,2025-12-12,basic,200,ok,1788444187
6a44c4ca0771abbb49f5ee1eeae7f00aefe8d04e6d233bd35cf2fabdeb93fb0d,2025-12-12,basic,200,ok,1788444187
586dcd113be4e2a66f38afa472b3b5bfefe8d04e6d233bd35cf2fabdeb93fb0d,2025-12-12,basic,200,ok,1788444188
3ed5be017ba88cbb2f3d1524988ae121,2025-12-12,basic,200,ok,1788444188
9e8ac00f2529c67be4a94a313dfe46feefe8d04e6d233bd35cf2fabdeb93fb0d,2025-12-12,basic,200,ok,1788444189
49e6a83697ea73ff255d84d54b27ff0defe8d04e6d233bd35cf2fabdeb93fb0d,2025-12-12,basic,200,ok,1788444190
c8670b56d1f6de6a313ba7c06aec6571,2025-12-12,basic,200,empty,1788444190
7803a418337e6d31b464e90b531de003aae77432709819edb959e1fd5d1d77b4,2025-12-12,basic,200,empty,1788444191
ed29cb5a470fdd4d000ac40627d7f2fffd842dab14be2a956555625b37c97bff,2025-12-12,basic,200,ok,1788444192
3396656fbf74206b1d64d4d9cfd99a41efe8d04e6d233bd35cf2fabdeb93fb0d,2025-12-12,basic,200,empty,1788444192
76096c1256b89373b1d83a374bd8d632,2025-12-12,basic,200,ok,1788444193
ab778c2ff11ac8ac54a35322dd52ffdc,2025-12-12,basic,200,empty,1788444194
b7c017432c62e86bdb20cf465e290facefe8d04e6d233bd35cf2fabdeb93fb0d,2025-12-12,basic,200,ok,1788444194
bfd72d488b5a77bd04d3b28a9713e1946fbb98200a15be5bcc73a64995849e9c,2025-12-12,basic,200,ok,1788444195
b5bb59e4af3f5a2ceab1ae485bd779e1,2025-12-12,basic,200,ok,1788444195
428ead4c387e5f8d7755dac6a4d3a9b6,2025-12-12,basic,200,ok,1788444196
f819509cff0bdac0ed52ee4dcc7057e5,2025-12-12,basic,200,ok,1788444197
14a5ff7a98697ecb8bf18e60d30f127f,2025-12-12,basic,200,ok,1788444197
8197eeaf6241ff31c73878bf45d0a965,2025-12-12,basic,200,ok,1788444198
f4a72472ed373fdb5b392c41695b99d1efe8d04e6d233bd35cf2fabdeb93fb0d,2025-12-12,basic,200,empty,1788444199
503901d0c97f3b877bbc46b43bc580bc,2025-12-12,basic,200,ok,1788444199
32b95fcd8a2beb03347f77734dde83c4,2025-12-12,basic,200,ok,1788444200
753937beb8a7612220213f7f1c533ca3,2025-12-12,basic,200,empty,1788444201
54a18eee33c7e960724f2ba04a3c5547efe8d04e6d233bd35cf2fabdeb93fb0d,2025-12-12,basic,200,ok,1788444201
7a4ecca4b4fd4d948e7cf94b85dace19,2025-12-12,basic,200,empty,1788444202
6e996ba693d6ed5e8f92767743f14bc0,2025-12-12,basic,200,ok,1788444203
5cd2f296d88462287cbf05841f6adc81,2025-12-12,basic,200,empty,1788444203
5911aa210af938beed389ffffa9d41f2,2025-12-12,basic,200,ok,1788444204
acb69dc104e4f855bea59e717aed0a1aefe8d04e6d233bd35cf2fabdeb93fb0d,2025-12-12,basic,200,ok,1788444205
cf2baafa31bb10d37de5d7ce13469601,2025-12-12,basic,200,empty,1788444205
1f4a679bf33ff82d5726cb392dffcd27,2025-12-12,basic,200,ok,1788444206
4de3eeaefe77a949a1dd48977069a70d,2025-12-12,basic,200,ok,1788444207
1a18f0008507642f8c58d5c64d03c8ffc47ea5ffea2564f587ca830a8f71acb2,2025-12-12,basic,200,ok,1788444207
663c92931f3865c779567b4a39ac74bbefe8d04e6d233bd35cf2fabdeb93fb0d,2025-12-12,basic,200,ok,1788444208
107f521c149c8d1dce72ab4c05a7b4f7,2025-12-12,basic,200,ok,1788444209
56d8037cf56e9ff7daf450d2eb5ca742,2025-12-12,basic,200,ok,1788444209
3964212fcfeedf36160473e903eabf18,2025-12-12,basic,200,empty,1788444210
48fbec4bc4c266c094fb59058a9ac8f2efe8d04e6d233bd35cf2fabdeb93fb0d,2025-12-12,basic,200,ok,1788444210
343872a7f2bc5d1504379145281f934e,2025-12-12,basic,200,ok,1788444211
5f619cfddc76c3d18efb7699c4ea5c95,2025-12-12,basic,200,ok,1788444212
ca0bf73c8eb17abb71a2e8796de26baeefe8d04e6d233bd35cf2fabdeb93fb0d,2025-12-12,basic,200,ok,1788444212
fdc34b36f73c3fd89e772cf6d7d1232cefe8d04e6d233bd35cf2fabdeb93fb0d,2025-12-12,basic,200,ok,1788444213
ed73630a9b01b498dc6f0eff3b5bc7c1efe8d04e6d233bd35cf2fabdeb93fb0d,2025-12-12,basic,200,ok,1788444214
2683c5dbe537412f50c10a2945a54b39efe8d04e6d233bd35cf2fabdeb93fb0d,2025-12-12,basic,200,ok,1788444214
d59c7c21c8e5bccf9524ef4fd1d3598c,2025-12-12,basic,200,empty,1788444215
9f347f00cff92952a75c60ea03e586e7,2025-12-12,basic,200,ok,1788444216
9e7657476fe05f45c33401053e4f19c1efe8d04e6d233bd35cf2fabdeb93fb0d,2025-12-12,basic,200,empty,1788444216
c5fa76ba94f39703626159621e5c0d56,2025-12-12,basic,200,empty,1788444217
cfa995fdd15706df1d3a637ebff6c98c,2025-12-12,basic,200,empty,1788444217
22841b94e115a7228d9b04b28baf54e4,2025-12-12,basic,200,empty,1788444218
915ee5bd5f66969a1e4f06fa715f2443,2025-12-12,basic,200,ok,1788444219
b96bb8a982ea95436bd48e616e0ab035efe8d04e6d233bd35cf2fabdeb93fb0d,2025-12-12,basic,200,ok,1788444219
70767ecf7c83ef5cf992a28e40a44e09,2025-12-12,basic,200,ok,1788444220
ca45aa3d8dc47868bccd1409e4cb02b0,2025-12-12,basic,200,ok,1788444220
24b1930b72aff6c3e2e87180eca8a014efe8d04e6d233bd35cf2fabdeb93fb0d,2025-12-12,basic,200,ok,1788444221
51c3e92cdd83b349315729ae5fc751ec,2025-12-12,basic,200,ok,1788444222
9cd36d9cbac5931262fa54179eabc314efe8d04e6d233bd35cf2fabdeb93fb0d,2025-12-12,basic,200,ok,1788444222
6c118b4c1317084a691ea983fcb779b0,2025-12-12,basic,200,ok,1788444223
d75438f69108df549f523899a62cc71baae77432709819edb959e1fd5d1d77b4,2025-12-12,basic,200,ok,1788444223
9cb76bf8f7e0958c741178d3148d8593,2025-12-12,basic,200,ok,1788444224
0ef23f2e62f88ff098eb532133d0b554,2025-12-12,basic,200,ok,1788444225
2246bcd9a64047fb50d8d2c5eaa4f8a1efe8d04e6d233bd35cf2fabdeb93fb0d,2025-12-12,basic,200,ok,1788444225
fd627c2ce765b3adb8801845c1b102608295750b1f4857867454debc45ec9c8a,2025-12-12,basic,200,empty,1788444226
fa639be8f860227c955053cfffb94281,2025-12-12,basic,200,ok,1788444227
14ecef4e80ac828a81232a18f681f5b4,2025-12-12,basic,200,empty,1788444227
dbfdffad81d9c8f251093ed7390ffac5,2025-12-12,basic,200,ok,1788444228
40ee830dd76b647e0a614cfdc26fd3ffefe8d04e6d233bd35cf2fabdeb93fb0d,2025-12-12,basic,200,ok,1788444228
c4b8a3ddc7a818b5efef35c92b79d715efe8d04e6d233bd35cf2fabdeb93fb0d,2025-12-12,basic,200,empty,1788444229
a0fde17f44a0ee3b771cb61e6e046f1aefe8d04e6d233bd35cf2fabdeb93fb0d,2025-12-12,basic,200,ok,1788444229
e1b19e74ab7211e0e4f7cf3f33d29aca4723574b05820acf03e7ec3162ff5bed,2025-12-12,basic,200,ok,1788444230
dc7eb5b8a163ee0cd1791b5ef301764aefe8d04e6d233bd35cf2fabdeb93fb0d,2025-12-12,basic,200,ok,1788444231
64ab0e4a6143e01663109f198bb1376aefe8d04e6d233bd35cf2fabdeb93fb0d,2025-12-12,basic,200,ok,1788444231
dffa624954cf73014751c29adc1e565d,2025-12-12,basic,200,ok,1788444232
90d4f7954bc8d5ee5fc09310a6a67a11,2025-12-12,basic,200,ok,1788444233
980246ee30088f65a3049bc9d465a6a286e68d4012202d0434d05f81868f68e3,2025-12-12,basic,200,ok,1788444233
b570927a91c2b06a0cc027dcc3394e6d,2025-12-12,basic,200,ok,1788444234
ab104888755f3eca685377541bca7f04,2025-12-12,basic,200,ok,1788444235
17ab67299b418932a347fd4d1fb56124,2025-12-12,basic,200,ok,1788444235
c7f49a936b9ba0ea6754f63ed63393ddefe8d04e6d233bd35cf2fabdeb93fb0d,2025-12-12,basic,200,ok,1788444236
ff9ab4c9d3cb1d62bdcd0be6a6cd17824723574b05820acf03e7ec3162ff5bed,2025-12-12,basic,200,ok,1788444236
3aa2b3e54842fe8959ef6b7bf5bff858efe8d04e6d233bd35cf2fabdeb93fb0d,2025-12-12,basic,200,ok,1788444237
9effcd4e73429d2399dee6c0588d4d52efe8d04e6d233bd35cf2fabdeb93fb0d,2025-12-12,basic,200,ok,1788444238
d05362eb4bf824e5b6abc339caec40fe,2025-12-12,basic,200,ok,1788444238
33575b01c021bb43d6e9d3d4aad9c73cefe8d04e6d233bd35cf2fabdeb93fb0d,2025-12-12,basic,200,ok,1788444239
9aab4dd34ad974a974fa24bd593b351aefe8d04e6d233bd35cf2fabdeb93fb0d,2025-12-12,basic,200,ok,1788444240
781f30e974310063b71f0a9d0a3349f5,2025-12-12,basic,200,ok,1788444240
cc905e22776cf6d73711b20cd2e8f2c5efe8d04e6d233bd35cf2fabdeb93fb0d,2025-12-12,basic,200,ok,1788444241
f7b147c43d7043c58db9a9fc8066adb7,2025-12-12,basic,200,ok,1788444241
24365ce57cb9b225a466181c48063762efe8d04e6d233bd35cf2fabdeb93fb0d,2025-12-12,basic,200,ok,1788444242
bff6885bacfc82ff50f6a7bccd7f8e19,2025-12-12,basic,200,ok,1788444243
6936fd4ca030970a5bd7003771a5c350,2025-12-12,basic,200,ok,1788444243
1ec19129892f9b53d257cf4bbad35507,2025-12-12,basic,200,ok,1788444244
77745eee4ad81228d18b0c204ab492d6,2025-12-12,basic,200,ok,1788444244
8562f0ac31c56d6530170ed517918cfaefe8d04e6d233bd35cf2fabdeb93fb0d,2025-12-12,basic,200,ok,1788444245
4d9042b0fa7762b0e77033513e1737a1,2025-12-12,basic,200,ok,1788444246
cc2f89af76866ea2cca854a3ada3357fefe8d04e6d233bd35cf2fabdeb93fb0d,2025-12-12,basic,200,empty,1788444246
be5766a453b5e6f97e489873ef45c4eaefe8d04e6d233bd35cf2fabdeb93fb0d,2025-12-12,basic,200,empty,1788444247
0598b4afa21414542e53f3aa665234cf,2025-12-12,basic,200,ok,1788444248
bb32f410eeed5a8e672e40ee48ec22e1,2025-12-12,basic,200,ok,1788444248
acc334dbfaadd2eda10b9431f9ebf37e,2025-12-12,basic,200,ok,1788444249
22a7e4deeabc7cf283c99f4e25058dc5efe8d04e6d233bd35cf2fabdeb93fb0d,2025-12-12,basic,200,ok,1788444249
b80fc3897be9385cd115e4e56517abf2,2025-12-12,basic,200,empty,1788444250
2da87066cf4c86508ae045c862ea752d,2025-12-12,basic,200,ok,1788444251
529db648dae3c5cccb139e15d42ed8b8,2025-12-12,basic,400,http_400,1788444251
ec4fd76f1a0de4ce3011720dad228eee,2025-12-12,basic,200,ok,1788444252
c713b35f0eb40bcf0b51ae0ad9fffff8e85e07f9d5d276f44440847eec04ba68,2025-12-12,basic,200,empty,1788444252
0b13c583f7837587a8ddf040c8f20d46,2025-12-12,basic,200,ok,1788444253
f097cf9778b1f8835f6ae5314a984994efe8d04e6d233bd35cf2fabdeb93fb0d,2025-12-12,basic,200,ok,1788444254
0dc0ae97a8c983d98842377497ff0a65efe8d04e6d233bd35cf2fabdeb93fb0d,2025-12-12,basic,200,ok,1788444254
b071b74842dab651620671c304f40b46,2025-12-12,basic,200,ok,1788444255
c1bbe24439a61b753999806ca756e585efe8d04e6d233bd35cf2fabdeb93fb0d,2025-12-12,basic,200,ok,1788444255
a1774c420e735028ef740c8ade756adfefe8d04e6d233bd35cf2fabdeb93fb0d,2025-12-12,basic,200,ok,1788444256
f8dbe30c52c67f2f5516b4fbb19da824,2025-12-12,basic,200,ok,1788444257
cdbf81513119fca5359b3ac050f3e29befe8d04e6d233bd35cf2fabdeb93fb0d,2025-12-12,basic,200,ok,1788444257
1bd2928b8d8129d097a1d799736fb6f8efe8d04e6d233bd35cf2fabdeb93fb0d,2025-12-12,basic,200,ok,1788444258
c33d67ce9481126d6d43782bbd38aa82,2025-12-12,basic,200,ok,1788444259
14adc9e51f502dd3a4414b66858e0edcefe8d04e6d233bd35cf2fabdeb93fb0d,2025-12-12,basic,200,ok,1788444259
8075b5547ec2e59a72000980458ecf35,2025-12-12,basic,200,ok,1788444260
5b62606a5155f9dd3941a4e31228dd9a,2025-12-12,basic,200,ok,1788444260
43ed8415a09a054c8d16937febef8851,2025-12-12,basic,200,ok,1788444261
a2d4e618901506e4263bd1667b607720,2025-12-12,basic,200,ok,1788444262
20ae4045321bf450e957877a484cc068,2025-12-12,basic,200,empty,1788444262
749d0a2b099c6d3cb65218b02c1f4234,2025-12-12,basic,200,ok,1788444263
341f2f81f32bb8dc520fd820284c9c1a,2025-12-12,basic,200,ok,1788444264
13cf45db8f66b4f37ac54b95a980454defe8d04e6d233bd35cf2fabdeb93fb0d,2025-12-12,basic,200,ok,1788444264
20cf46d2324f864cd22b2c7ee55e5efe,2025-12-12,basic,200,ok,1788444265
48c2fb144f5f7f683694ebbcef013d4cefe8d04e6d233bd35cf2fabdeb93fb0d,2025-12-12,basic,200,ok,1788444265
626e0dbad7b9458fe7da186a3e68daad,2025-12-12,basic,200,ok,1788444266
011952046342c41c3cc7873059f937d0,2025-12-12,basic,200,ok,1788444267
4530f63c6d2db115dfb6a82f3a00802a3663933da92e7566c55104ec9ac2894d,2025-12-12,basic,200,empty,1788444267
456546e438f0fda44ef7cf94d2aa0ae8c47ea5ffea2564f587ca830a8f71acb2,2025-12-12,basic,200,ok,1788444268
de6f8181498b858c8071728c891b3ea5,2025-12-12,basic,200,ok,1788444269
46f89255dba4d53a4d1d704d64a18049efe8d04e6d233bd35cf2fabdeb93fb0d,2025-12-12,basic,200,ok,1788444269
275776a5d37ec697bcd33754a62c440f,2025-12-12,basic,200,ok,1788444270
40524d5682ca511ed0c3aa6f0c9ec82f,2025-12-12,basic,200,ok,1788444270
ebe01e17557106cf1681730d6fb262a5,2025-12-12,basic,200,ok,1788444271
f10258d9fbc92296e76dca3ae8eff28fefe8d04e6d233bd35cf2fabdeb93fb0d,2025-12-12,basic,200,empty,1788444272
7c026aa5df848e6005f1cadea6b05b7c,2025-12-12,basic,200,ok,1788444272
9031fc4043cece329734c23bfa1b5937efe8d04e6d233bd35cf2fabdeb93fb0d,2025-12-12,basic,200,ok,1788444273
f0b48b57ab7b02a598854c00473e3117,2025-12-12,basic,200,ok,1788444274
ce130764aace6d34f65470e16a200711aae77432709819edb959e1fd5d1d77b4,2025-12-12,basic,200,ok,1788444274
cc628da2bae88915a1852280940c33c1,2025-12-12,basic,200,empty,1788444275
31b11bcbff37f606abd51f279c83b843,2025-12-12,basic,200,ok,1788444275
8c22c0718d29c49a35840b47888fcab3efe8d04e6d233bd35cf2fabdeb93fb0d,2025-12-12,basic,200,ok,1788444276
deac83da3ad038653b044abfa5ff4195,2025-12-12,basic,200,ok,1788444277
71a9617e43160912092dee2b0d254445a2186d8e7cf7a6ee152d97cc78f2ae8b,2025-12-12,basic,200,ok,1788444277
497a3fdba6d62ede489cbecdd312d39dfd842dab14be2a956555625b37c97bff,2025-12-12,basic,200,ok,1788444278
e55334fdfe6478f08bc35361592262b0,2025-12-12,basic,200,ok,1788444279
9c5f2f8d67c23852d45da9de103e365eefe8d04e6d233bd35cf2fabdeb93fb0d,2025-12-12,basic,200,ok,1788444279
a53a42f07708ebae37b8ac6d7960b114,2025-12-12,basic,200,empty,1788444280
7016fd00b3104adce048c0a3f52a39d5,2025-12-12,basic,200,ok,1788444280
299a0333e911bc9ad2b6b9ca8da64440efe8d04e6d233bd35cf2fabdeb93fb0d,2025-12-12,basic,200,ok,1788444281
18cb30c1846cb07d4301b12fb36f56dc,2025-12-12,basic,200,ok,1788444282
c463d28a20e7e17a5a476039e2d10c16,2025-12-12,basic,200,ok,1788444282
452273f5d7978c3a0c2e4999cc5ed7d2efe8d04e6d233bd35cf2fabdeb93fb0d,2025-12-12,basic,200,ok,1788444283
b9b52ef9aec18bfd06b0e1659d7c92d5,2025-12-12,basic,200,ok,1788444283
aa93fbdf56bd0ad5c8f2c97d6fb31db5,2025-12-12,basic,200,ok,1788444284
0aa6896bcd1259d4473ee561c4f93031,2025-12-12,basic,200,ok,1788444285
32cccfae7c6a4fcfc16190e110157d4c,2025-12-12,basic,200,empty,1788444285
d58f916e4b606d84c04fa305b1c999fb,2025-12-12,basic,200,ok,1788444286
39d2f8af2544ebc8dad5e5d9aa4d1b00,2025-12-12,basic,200,ok,1788444287
219e12ff6de6c1d02ffb238d014b0fb8,2025-12-12,basic,200,ok,1788444287
b27f1f2b861447a3d9e59e0e7002b7f1,2025-12-12,basic,200,ok,1788444288
79baa3faa63af29591f1310fd1f90889efe8d04e6d233bd35cf2fabdeb93fb0d,2025-12-12,basic,200,ok,1788444288
0819c074134191d8a8d34603c42b2cc1efe8d04e6d233bd35cf2fabdeb93fb0d,2025-12-12,basic,200,ok,1788444289
fc2736a7e05b1b3c2882ee0ee5da7c0aaae77432709819edb959e1fd5d1d77b4,2025-12-12,basic,200,ok,1788444290
aae59973d85335671ca4f2065798581c,2025-12-12,basic,200,ok,1788444290
5dcd56636e533af97f36715a20357601,2025-12-12,basic,200,ok,1788444291
61668637c76b2fee59cf483e22c11dd9,2025-12-12,basic,200,ok,1788444292
77bdbdc5b88053ab03ae72a3c6d7d272,2025-12-12,basic,200,ok,1788444292
398c0e2963c372228495252b08c4489d,2025-12-12,basic,200,ok,1788444293
9b9458a2035d9b902050421ed4ca08e7,2025-12-12,basic,200,ok,1788444293
a6599d0f722025faca0efae15f46526befe8d04e6d233bd35cf2fabdeb93fb0d,2025-12-12,basic,200,ok,1788444294
5178787b2127e17de717350b25b376b4,2025-12-12,basic,200,ok,1788444295
077003853a41c65e450035c85d1b69f2efe8d04e6d233bd35cf2fabdeb93fb0d,2025-12-12,basic,200,ok,1788444295
231078667cfb3c2dcb76bea02d9fbd2f,2025-12-12,basic,200,ok,1788444296
97237c582c97b3106c8e81808c5efca8efe8d04e6d233bd35cf2fabdeb93fb0d,2025-12-12,basic,200,ok,1788444297
51bc5e998baa2ce32eaaf2f8a0261e4defe8d04e6d233bd35cf2fabdeb93fb0d,2025-12-12,basic,200,empty,1788444297
89a10ad8cc73644fc5feb628c992b06fefe8d04e6d233bd35cf2fabdeb93fb0d,2025-12-12,basic,200,ok,1788444298
c4210a30e7876d8139ec8d5653d68e3d,2025-12-12,basic,200,ok,1788444298
74c3b8cb09fee16c7d6d8c3c1c4c692f,2025-12-12,basic,200,ok,1788444299
3575ccaa17779f325eb3b21fd85a39eeefe8d04e6d233bd35cf2fabdeb93fb0d,2025-12-12,basic,200,ok,1788444300
d236db0de3630804fcf25bf5eabfbd11efe8d04e6d233bd35cf2fabdeb93fb0d,2025-12-12,basic,200,ok,1788444300
f773390cfac14639fd73749e7ae6e981e85e07f9d5d276f44440847eec04ba68,2025-12-12,basic,200,ok,1788444301
84a4342a7a66c9101d26575fdc22ab58efe8d04e6d233bd35cf2fabdeb93fb0d,2025-12-12,basic,200,ok,1788444302
05744da4d25f8ded7db91c553c174a80efe8d04e6d233bd35cf2fabdeb93fb0d,2025-12-12,basic,200,ok,1788444302
9b87a375591c45a0fd3c60bbd1954161,2025-12-12,basic,200,ok,1788444303
026b37f00a14206685c1dc6cc20f2ac4,2025-12-12,basic,200,ok,1788444304
29b96c5c104ebdc287fa638db2e5f56c,2025-12-12,basic,200,ok,1788444304
774d61087696544e6aba63f8015bd423,2025-12-12,basic,200,empty,1788444305
1df12dfc552c3d123a3550b60d78abf9c47ea5ffea2564f587ca830a8f71acb2,2025-12-12,basic,200,ok,1788444305
02218ed331e0b37be1177e4daa465c7befe8d04e6d233bd35cf2fabdeb93fb0d,2025-12-12,basic,200,ok,1788444306
a76fe5409d471f2477e888e9ba09b48d6fbb98200a15be5bcc73a64995849e9c,2025-12-12,basic,200,empty,1788444307
f2a9d3b40416f6a8a7afe8c1871c057aefe8d04e6d233bd35cf2fabdeb93fb0d,2025-12-12,basic,200,ok,1788444307
e31b3c6afeccba5e7fd612973e8f2e6a,2025-12-12,basic,200,ok,1788444308
af818f3e214ef623ea6ee27d04cd039eefe8d04e6d233bd35cf2fabdeb93fb0d,2025-12-12,basic,200,ok,1788444308
002e09cacb44d4e36c880b62dd454584,2025-12-12,basic,200,ok,1788444309
faf8ab2b8d8f01325e8b84adde6b7df3efe8d04e6d233bd35cf2fabdeb93fb0d,2025-12-12,basic,200,ok,1788444310
2a46de2176f6d01fafb6e8f39a6654e9,2025-12-12,basic,200,ok,1788444310
bd1b289d646974d51c255ddadf434cfb,2025-12-12,basic,200,ok,1788444311
22fa89d61007810fc5eb1a548a45f176,2025-12-12,basic,200,ok,1788444312
d658a1d898410d9343f0d3c0c4cb0987efe8d04e6d233bd35cf2fabdeb93fb0d,2025-12-12,basic,200,ok,1788444312
802295633e902cdffa3c864525226e93,2025-12-12,basic,200,ok,1788444313
19ee8376461e4e3d3504c8a3887b8007,2025-12-12,basic,200,ok,1788444314
b337eab34fcead9b01c6d2f44bfe655a,2025-12-12,basic,200,ok,1788444314
4c7a4702fab31399b26eea2de8249bfd,2025-12-12,basic,200,ok,1788444315
ce30e9957cb3fc25d2ba4f178103d41b,2025-12-12,basic,200,ok,1788444316
b2510850189b6b332a241aa440682225,2025-12-12,basic,200,ok,1788444316
2ab1d52dfb9a2b08a4b2876a570615b7,2025-12-12,basic,200,ok,1788444317
97fc2ac18172aa37d4237c0f61f68d2c,2025-12-12,basic,200,ok,1788444317
c20021b1694bd9aad5407c79700f38c4,2025-12-12,basic,200,ok,1788444318
dbd82ad31c5f946c5968940797fc4fb0,2025-12-12,basic,200,ok,1788444319
71b91d7b6960c81436565660fbe8e3b1,2025-12-12,basic,200,ok,1788444319
01482598804711f6504f2a648e3b1417efe8d04e6d233bd35cf2fabdeb93fb0d,2025-12-12,basic,200,ok,1788444320
f2b502bb937c50ef906e7c80d94d29c3efe8d04e6d233bd35cf2fabdeb93fb0d,2025-12-12,basic,200,ok,1788444321
89791f7ab861dbe46ff07093683b36a2efe8d04e6d233bd35cf2fabdeb93fb0d,2025-12-12,basic,200,empty,1788444321
ffc07c0a42fc1461e49c480ddc0fa216,2025-12-12,basic,200,ok,1788444322
0bc404add8e3f245d94d1e222ad89f4b,2025-12-12,basic,200,ok,1788444322
4e6055098955915f155305928b5be928efe8d04e6d233bd35cf2fabdeb93fb0d,2025-12-12,basic,200,ok,1788444323
2e686b36bc68482eca5eabc25495a761,2025-12-12,basic,200,ok,1788444324
6686633ddab988c3857a3c74e932d8ca,2025-12-12,basic,200,ok,1788444324
ccdbcb45a9848605ffc565da3a14352cefe8d04e6d233bd35cf2fabdeb93fb0d,2025-12-12,basic,200,ok,1788444325
9c22a3b061f2cc68d0046e9ff12010b7efe8d04e6d233bd35cf2fabdeb93fb0d,2025-12-12,basic,200,ok,1788444325
3e45f9fff9fc1abf962dde2f5cebc9bd,2025-12-12,basic,200,empty,1788444326
7cd50cc5d424d5bd91d10ac17f4aa672,2025-12-12,basic,200,ok,1788444327
d90bdb95ba602b8ba8b4af9984f30113,2025-12-12,basic,200,ok,1788444327
3396ac20ee6b13736f581ef2ba97e4b2efe8d04e6d233bd35cf2fabdeb93fb0d,2025-12-12,basic,200,ok,1788444328
e27a537165164fc045feba072fb8a451,2025-12-12,basic,200,ok,1788444329
7b573dd438474e9c5654664e0da8ab2c,2025-12-12,basic,200,ok,1788444329
fde6e7b69aea0379ac893c423a63fa4cefe8d04e6d233bd35cf2fabdeb93fb0d,2025-12-12,basic,200,empty,1788444330
97d54bdb81ca72e5ee04bb4fc470773286e68d4012202d0434d05f81868f68e3,2025-12-12,basic,200,ok,1788444331
38ab2ccf366008a331511dc52cd0e0caaae77432709819edb959e1fd5d1d77b4,2025-12-12,basic,200,ok,1788444331
0abec384720efa340fa1dec337df8780,2025-12-12,basic,200,empty,1788444332
5469179dc5550667136352bafb62cc35efe8d04e6d233bd35cf2fabdeb93fb0d,2025-12-12,basic,200,ok,1788444332
d322177d0d28809b448df45aca84c7ba,2025-12-12,basic,200,empty,1788444333
eff975d64b85b79179cc4f90e8893421efe8d04e6d233bd35cf2fabdeb93fb0d,2025-12-12,basic,200,ok,1788444334
7cad6568a9b2b2016f1b2d25c57f679e,2025-12-12,basic,200,ok,1788444334
3365644493488f678c05417ac8314ea0efe8d04e6d233bd35cf2fabdeb93fb0d,2025-12-12,basic,200,ok,1788444335
05c7bd6a8c27a99ee6365c90178b8ac7,2025-12-12,basic,200,ok,1788444335
75f75e96d1b3c497d6587e9c625b39da,2025-12-12,basic,200,ok,1788444336
8a23d93936f2632b6db308cd0883fc53,2025-12-12,basic,200,empty,1788444337
cd7dbc1f9df26a752dd243d8933e3306efe8d04e6d233bd35cf2fabdeb93fb0d,2025-12-12,basic,200,ok,1788444337
2a93e3de2a0d2be921db129e5b262e4cefe8d04e6d233bd35cf2fabdeb93fb0d,2025-12-12,basic,200,ok,1788444338
27e89ba81265a483c3c18559b517c81d,2025-12-12,basic,200,ok,1788444338
98fd8194b49b8c68ed013424a16f9f88efe8d04e6d233bd35cf2fabdeb93fb0d,2025-12-12,basic,200,ok,1788444339
b8fb991ac33bb357f17b911517b24a30efe8d04e6d233bd35cf2fabdeb93fb0d,2025-12-12,basic,200,ok,1788444340
cb07d788840dc65eaa2a1ad1835eb28e,2025-12-12,basic,200,ok,1788444340
4772705c7c623e6a7679922f23f334bc,2025-12-12,basic,200,empty,1788444341
72241b7161790545cc61a77bb2b80862,2025-12-12,basic,200,empty,1788444341
8dc61407bf1114f887a6c68d921ea4724723574b05820acf03e7ec3162ff5bed,2025-12-12,basic,200,ok,1788444342
36fd9436306d69ceaa20b114f956bc97,2025-12-12,basic,200,ok,1788444343
6f2dec7f823dcf1256d7e70f9bde8340efe8d04e6d233bd35cf2fabdeb93fb0d,2025-12-12,basic,200,ok,1788444343
f4da4393a34142334e29bf9b0091986d,2025-12-12,basic,200,empty,1788444344
4ea842c9860e815f460392ce49b8bad4efe8d04e6d233bd35cf2fabdeb93fb0d,2025-12-12,basic,200,ok,1788444345
982dc7a6471454c31036731b5f85501eefe8d04e6d233bd35cf2fabdeb93fb0d,2025-12-12,basic,200,ok,1788444345
c85feb124b45bf112ebd638ad53f16f6,2025-12-12,basic,200,ok,1788444346
6855066d677f4d82c718b51f44792155efe8d04e6d233bd35cf2fabdeb93fb0d,2025-12-12,basic,200,ok,1788444346
7546ef4227f74639b2f8ea867c6b72d2efe8d04e6d233bd35cf2fabdeb93fb0d,2025-12-12,basic,200,ok,1788444347
4b5700125c53beaf5e5251e2eb4ddc83efe8d04e6d233bd35cf2fabdeb93fb0d,2025-12-12,basic,200,empty,1788444348
bba1341aa50b301c4d6160b1291f7d5c,2025-12-12,basic,200,ok,1788444348
0de998c4c90a4654fe83822ac0d0f6df,2025-12-12,basic,200,ok,1788444349
55958493586d2f806e8d503019cdbe74aae77432709819edb959e1fd5d1d77b4,2025-12-12,basic,200,ok,1788444350
243d1870c8f462892d4b596e228204db,2025-12-12,basic,200,ok,1788444350
58567c20a9b9264c55b7974a507d649e,2025-12-12,basic,200,ok,1788444351
8e117feaa5120da881beeb39a48f0a1d,2025-12-12,basic,200,ok,1788444351
5e5edaf83103f06a1e75a82e07de3447,2025-12-12,basic,200,ok,1788444352
b9b93ebba3cd7b8eb3ba72bf6fe5a8b8,2025-12-12,basic,200,ok,1788444353
696777d67fcdca152f17a780deba41818295750b1f4857867454debc45ec9c8a,2025-12-12,basic,200,ok,1788444353
4ac5472cf8a5ecc33888fdee25a4a58fefe8d04e6d233bd35cf2fabdeb93fb0d,2025-12-12,basic,200,ok,1788444354
a7fb7efa4ac323707c3180540665021f,2025-12-12,basic,200,empty,1788444354
acfa0f288ed6ca09d34795660d6c4535,2025-12-12,basic,200,ok,1788444355
32cbd2d6bc4ad087ea7ef1cea4b4cb2c,2025-12-12,basic,200,ok,1788444356
fba605fe635ab057d3b0b6106f8ceace,2025-12-12,basic,200,ok,1788444356
1cd09dc2931f3e095709632706675ef6efe8d04e6d233bd35cf2fabdeb93fb0d,2025-12-12,basic,200,ok,1788444357
aee7b16c302ffbe83af9390286ca0585efe8d04e6d233bd35cf2fabdeb93fb0d,2025-12-12,basic,200,ok,1788444358
138e2e73bb51b6feb41f41b3645d3b37,2025-12-12,basic,200,ok,1788444358
3ac483f377327b12cc309696f80171bf,2025-12-12,basic,200,ok,1788444359
0500548d5926a8c45ca76731ebd2dd99,2025-12-12,basic,200,ok,1788444359
b021955e657b3b094cf9be4e56a21828,2025-12-12,basic,200,ok,1788444360
56b69d6f9993367680d5ed87f9a961fe,2025-12-12,basic,200,empty,1788444361
47a966bff577aca778ca725ef1c1b39f,2025-12-12,basic,200,ok,1788444361
af29a70e3157067dc92eab193a6b498f,2025-12-12,basic,200,ok,1788444362
31ef1536f8eb51c4c8f0f097f351340a,2025-12-12,basic,200,ok,1788444362
3813f5718f9b65eb552b469b2a2d7fba,2025-12-12,basic,200,empty,1788444363
6c799019b8aaf1901ac36199e75f8672,2025-12-12,basic,200,ok,1788444364
3af4520b8c5e5177f8fa947c12edb050,2025-12-12,basic,200,ok,1788444364
675660bc22a5ab48adb55433494f2019,2025-12-12,basic,200,ok,1788444365
45daaa371f8296fb05f31f7478af5776efe8d04e6d233bd35cf2fabdeb93fb0d,2025-12-12,basic,200,ok,1788444365
9f73a59397519575770016ed377f7915,2025-12-12,basic,200,ok,1788444366
d42092067ce94e3fef8dc163ddefee64,2025-12-12,basic,200,ok,1788444367
4078c38d50f0bee2fddeb6663e285498efe8d04e6d233bd35cf2fabdeb93fb0d,2025-12-12,basic,200,ok,1788444367
3d46d0218d40e0ede69d687fdad9f2d5efe8d04e6d233bd35cf2fabdeb93fb0d,2025-12-12,basic,200,ok,1788444368
714d6970c253e43434fa6a58cb635593,2025-12-12,basic,200,ok,1788444369
94c447d47a5e5caa41084f87cd3e4c3a,2025-12-12,basic,200,ok,1788444369
60e87f3d1465d85f12ef1b84efa09db9,2025-12-12,basic,200,ok,1788444370
970a93c18abb23bcaeb36d30681fff5eefe8d04e6d233bd35cf2fabdeb93fb0d,2025-12-12,basic,200,ok,1788444370
643467156b1054b6ffcf78c251c8028e,2025-12-12,basic,200,ok,1788444371
7a7d0ef9e9a74fd21708a27f9bd15cf88295750b1f4857867454debc45ec9c8a,2025-12-12,basic,200,ok,1788444372
dba2ae0463c8dcda77164704cfd93ced,2025-12-12,basic,200,ok,1788444372
9ff5df122004c4a68f8c00c0df29bc5f4723574b05820acf03e7ec3162ff5bed,2025-12-12,basic,200,ok,1788444373
960e0cd039c51e1fcbbccf3d42315b40efe8d04e6d233bd35cf2fabdeb93fb0d,2025-12-12,basic,200,ok,1788444374
1e1e6d380cf3e0eefc585fde71531fc7efe8d04e6d233bd35cf2fabdeb93fb0d,2025-12-12,basic,200,ok,1788444374
798b4448ff8d6d24c3328dc80b1f7a64efe8d04e6d233bd35cf2fabdeb93fb0d,2025-12-12,basic,200,ok,1788444375
b4b62f28b8f8c532ef1d0cfd9dd774aa,2025-12-12,basic,200,ok,1788444376
674d08e9f0a213fffdbd557aca762a6b,2025-12-12,basic,200,ok,1788444376
fe6cb6e6a75968d640cff2a962e594c2,2025-12-12,basic,200,ok,1788444377
8a2e84b80fe6905000e98192ef67970c,2025-12-12,basic,200,ok,1788444377
009452683327635678c4e7072ea3b5ddfd842dab14be2a956555625b37c97bff,2025-12-12,basic,200,empty,1788444378
965a7906f01c44d559eaf1e152c6233befe8d04e6d233bd35cf2fabdeb93fb0d,2025-12-12,basic,200,ok,1788444379
bee59a747cfd3e313d3a46564455a9de,2025-12-12,basic,200,ok,1788444379
5136df174c4fa5aac607fd672165715c,2025-12-12,basic,200,ok,1788444380
42a63089bb5bf3ab6009132930a4f316,2025-12-12,basic,200,ok,1788444381
41ff005620eff7448feb108cf025128befe8d04e6d233bd35cf2fabdeb93fb0d,2025-12-12,basic,200,ok,1788444381
922598339a2c72f6053e262521b8febcefe8d04e6d233bd35cf2fabdeb93fb0d,2025-12-12,basic,200,ok,1788444382
20ce26f87d0371ec99a9d4238ab82e2ba2186d8e7cf7a6ee152d97cc78f2ae8b,2025-12-12,basic,200,ok,1788444383
509a79ef02dbc9a6159501e55f427c4a,2025-12-12,basic,200,ok,1788444383
dfa241c42fbd49ea77dc633f46a5c711,2025-12-12,basic,200,ok,1788444384
4b1fe976b133be2f829a9a7537000ec4efe8d04e6d233bd35cf2fabdeb93fb0d,2025-12-12,basic,200,ok,1788444385
c914432467b8c5d4cc25fd603f77fd14efe8d04e6d233bd35cf2fabdeb93fb0d,2025-12-12,basic,200,ok,1788444385
f6ebfb751618dc1683a17d2a82f895fb,2025-12-12,basic,200,ok,1788444386
dd3356900e3eb198a50ce389742b189e,2025-12-12,basic,200,ok,1788444386
cde0bdd100a4d0cc0f19467683ff3c9686e68d4012202d0434d05f81868f68e3,2025-12-12,basic,200,ok,1788444387
ecdba59cbf3b886ab3e3bbdca766a6a6efe8d04e6d233bd35cf2fabdeb93fb0d,2025-12-12,basic,200,ok,1788444388
6bdca54fa29e846e34b07a54a87f447c,2025-12-12,basic,200,ok,1788444388
79d3e834211b5a9b74fb21b8bf01ac65,2025-12-12,basic,200,empty,1788444389
cb07d5b18b59d3ac5698dedc7a69bb4a,2025-12-12,basic,200,ok,1788444389
40c61d645c0ffdb33003106737e081e74723574b05820acf03e7ec3162ff5bed,2025-12-12,basic,200,empty,1788444390
9d04424a124d544cf694e2ae3a965ec4,2025-12-12,basic,200,ok,1788444391
f290d0fbbca67fc21f99b9c4cbd087b7,2025-12-12,basic,200,ok,1788444391
d07df8e4e5e24f7cf9393e0f207570a0efe8d04e6d233bd35cf2fabdeb93fb0d,2025-12-12,basic,200,ok,1788444392
e4079ef2f9baeb2ae7dfe327a2f417f1efe8d04e6d233bd35cf2fabdeb93fb0d,2025-12-12,basic,200,ok,1788444392
8d3b178d40e32183d091ecd38a1d6ee2e85e07f9d5d276f44440847eec04ba68,2025-12-12,basic,200,ok,1788444393
ee45efa190e409cecd3bd5042c7b585befe8d04e6d233bd35cf2fabdeb93fb0d,2025-12-12,basic,200,ok,1788444394
3100158b8fd87fe59bb5f64255a800c2,2025-12-12,basic,200,ok,1788444394
b98d45ac41b1cdc2a923fe7b392c85e1,2025-12-12,basic,200,ok,1788444395
ac81eb4b0260cc3b01501cbadac3de6a,2025-12-12,basic,200,ok,1788444395
be580f4efebd9ec2609b645b7a0cee5a,2025-12-12,basic,200,ok,1788444396
038ad2cbab6f14d2c134b3881a634046efe8d04e6d233bd35cf2fabdeb93fb0d,2025-12-12,basic,200,ok,1788444397
1532ce4f3635d547e51eeb888a0463d5,2025-12-12,basic,200,ok,1788444397
773cbcd2eb9590031dda4e1b5b2a77daefe8d04e6d233bd35cf2fabdeb93fb0d,2025-12-12,basic,200,ok,1788444398
6251fde7a2d04679e1ce73354d072f5fefe8d04e6d233bd35cf2fabdeb93fb0d,2025-12-12,basic,200,ok,1788444398
4e235df4137784725e8dc78513357167,2025-12-12,basic,200,ok,1788444399
a8e50cc63caa26e15fdb23e80f6c8293,2025-12-12,basic,200,ok,1788444400
df5cd55b03b8cd0e1157e3b5224657d5,2025-12-12,basic,200,ok,1788444400
536b771f83c605eb269ded656578b364,2025-12-12,basic,200,ok,1788444401
65b23c3f18fa2371c3de2fa2a8c1158b,2025-12-12,basic,200,ok,1788444402
20d482daf0c79af6754436df8dc16c2cefe8d04e6d233bd35cf2fabdeb93fb0d,2025-12-12,basic,200,empty,1788444402
46a712ed1759e522b8d678025d294fc4efe8d04e6d233bd35cf2fabdeb93fb0d,2025-12-12,basic,200,ok,1788444403
05ddab8c3249bd493c5103ffbe9a19abefe8d04e6d233bd35cf2fabdeb93fb0d,2025-12-12,basic,200,ok,1788444403
314e84d79f382aae8d6f83042de61489,2025-12-12,basic,200,ok,1788444404
f868f2a6722a314fd07c83e10cf65ca1,2025-12-12,basic,200,empty,1788444405
6d623bf019368cf5105620edbc6f1193,2025-12-12,basic,200,ok,1788444405
bed7cfc5d2569530fcdf479f3a8f4419,2025-12-12,basic,200,ok,1788444406
0adcc935de8476267e52852c47ade6e5,2025-12-12,basic,200,empty,1788444406
0d94e84c101eae2818494c68831edc5cefe8d04e6d233bd35cf2fabdeb93fb0d,2025-12-12,basic,200,ok,1788444407
f46e5c750fbb8e1dc0168b11605cc34b,2025-12-12,basic,200,ok,1788444408
f36691fe94cf53d7b7ad465eb89d7a0aefe8d04e6d233bd35cf2fabdeb93fb0d,2025-12-12,basic,200,ok,1788444408
ef229f4cae98be48a76edd504578831a,2025-12-12,basic,200,empty,1788444409
98bea7a1a0db4e39019c6b41e67538d9efe8d04e6d233bd35cf2fabdeb93fb0d,2025-12-12,basic,200,ok,1788444409
c579af833aa247a3e506914a013d9612,2025-12-12,basic,200,empty,1788444410
6dc5720299cd1a94bd54282434bf1ff1,2025-12-12,basic,200,ok,1788444411
f93e16cd0870585b3a2fe45b89b99dd3,2025-12-12,basic,200,ok,1788444411
9100c795085ef1040352436478e0960e,2025-12-12,basic,200,ok,1788444412
b3a3f866f10d6caeb37f43b1e12047f8,2025-12-12,basic,200,ok,1788444412
fe69a223ce0c0e54b6fdf2dd416b77cd,2025-12-12,basic,200,ok,1788444413
55c0469be4d7b85ea2556ca16f8b05f7efe8d04e6d233bd35cf2fabdeb93fb0d,2025-12-12,basic,200,ok,1788444414
db13c6c2cd4037f297a6ef05a97b768dfd842dab14be2a956555625b37c97bff,2025-12-12,basic,200,ok,1788444414
34cf247e2b7e11601f7c9b65cadb6a60efe8d04e6d233bd35cf2fabdeb93fb0d,2025-12-12,basic,200,ok,1788444415
608059d5dab27142e872d368db6da100efe8d04e6d233bd35cf2fabdeb93fb0d,2025-12-12,basic,200,ok,1788444416
3de69937b2cd4e3d62e924e57d80c043,2025-12-12,basic,200,ok,1788444416
a8a385428ce5806bef78a49ad3b2b089a2186d8e7cf7a6ee152d97cc78f2ae8b,2025-12-12,basic,200,ok,1788444417
3d20d65286bea4141b2ace581fd81645,2025-12-12,basic,200,ok,1788444417
9602ed8165734f29d00ed5c4c918190baae77432709819edb959e1fd5d1d77b4,2025-12-12,basic,200,ok,1788444418
05d4a39d0022c9aa2275881d4e42185a,2025-12-12,basic,200,empty,1788444418
7f633ab773a3e5ea378159b38736ccaaefe8d04e6d233bd35cf2fabdeb93fb0d,2025-12-12,basic,200,ok,1788444419
82fb9f65dbd3f0307bf3c6b5f22c6f9a,2025-12-12,basic,200,ok,1788444420
575a8823e0354123f22d2256c0cdd7daefe8d04e6d233bd35cf2fabdeb93fb0d,2025-12-12,basic,200,ok,1788444420
d16be9464daead787307009f1297ad61,2025-12-12,basic,200,ok,1788444421
f04338bdf54453540057360ba988c9db,2025-12-12,basic,200,empty,1788444421
99701e5086b3cdaa9d9b348dd99ec2f0,2025-12-12,basic,200,ok,1788444422
afdc68fe469c9e97665dcd4d6065501a86e68d4012202d0434d05f81868f68e3,2025-12-12,basic,200,ok,1788444423
b1b271a42fc10ca0ef274cfa9c44aef2,2025-12-12,basic,200,ok,1788444423
ee899a2077b12a321e70bd2e91ec7f91,2025-12-12,basic,200,ok,1788444424
11c187a1d81e1120ed83cbb4ca2e26b6,2025-12-12,basic,200,empty,1788444425
8880b0851ba78614b38e6ba2f4ce835f,2025-12-12,basic,200,ok,1788444425
0bea9f99d918beda1764b637c4f640c1,2025-12-12,basic,200,ok,1788444426
467328170b1f94c4714b52fed6746fdaefe8d04e6d233bd35cf2fabdeb93fb0d,2025-12-12,basic,200,ok,1788444426
df04a92f3f23f465bae7e6941a0d1fe5efe8d04e6d233bd35cf2fabdeb93fb0d,2025-12-12,basic,200,ok,1788444427
568e9a1e15f0067cc4629827cbd919c8efe8d04e6d233bd35cf2fabdeb93fb0d,2025-12-12,basic,200,ok,1788444427
a6e7aa7c0d006df52e850cfbd3b730f8,2025-12-12,basic,200,ok,1788444428
f1ddaf718deb23ad2dd99f42dea76f36c47ea5ffea2564f587ca830a8f71acb2,2025-12-12,basic,200,ok,1788444429
65ff1e42af9708af156aeee9572f94d8efe8d04e6d233bd35cf2fabdeb93fb0d,2025-12-12,basic,200,ok,1788444429
d2060797eb4d660664993deba65bbec7,2025-12-12,basic,200,ok,1788444430
2907c87f38ee0a27391f097c02326915,2025-12-12,basic,200,ok,1788444430
8536039595a783d9da2c070ae91b8607efe8d04e6d233bd35cf2fabdeb93fb0d,2025-12-12,basic,200,ok,1788444431
aa00da4e2dc2753d437bc09b0afc3181,2025-12-12,basic,200,ok,1788444432
aa467c943d72808b794f7b3830d191adefe8d04e6d233bd35cf2fabdeb93fb0d,2025-12-12,basic,200,ok,1788444432
474656513f8d120d18e77b7253ec2140efe8d04e6d233bd35cf2fabdeb93fb0d,2025-12-12,basic,200,empty,1788444433
ac66aa54ce26846242fc2bce3b5c9fa7,2025-12-12,basic,200,ok,1788444433
8fbe14c8fc863c59fdffd7a8d568382e6fbb98200a15be5bcc73a64995849e9c,2025-12-12,basic,200,ok,1788444434
839499cb96e3d1d3ce1d039b40949699,2025-12-12,basic,200,ok,1788444435
8e91d20b1ac19bd65efa94ab62275a29efe8d04e6d233bd35cf2fabdeb93fb0d,2025-12-12,basic,200,ok,1788444435
56e56ccdc16c45d4dd6dd4ae771a370a,2025-12-12,basic,200,ok,1788444436
43ad00f5bbd2053d4f7f77f14a8822aa,2025-12-12,basic,200,empty,1788444437
beda5d5ec1545edf9a4d8e38b4dceeb6,2025-12-12,basic,200,ok,1788444437
2001d17819de130555367b24dee9427b,2025-12-12,basic,200,ok,1788444438
a097a145c2aed142a30d6b8005b33d2f,2025-12-12,basic,200,ok,1788444438
5fca8b54ebc787b5576562319fcd639a,2025-12-12,basic,200,ok,1788444439
a10f358027f7b1b5027e2fbde7f4f9e5,2025-12-12,basic,200,ok,1788444440
57a5b0feeba002d8a8c2f4b45e58c95e,2025-12-12,basic,200,ok,1788444440
bd5c545993516183e8c7d0c67b2aa91efd842dab14be2a956555625b37c97bff,2025-12-12,basic,200,ok,1788444441
2b6db05b12524adbc8d04fb36b1cb0b2efe8d04e6d233bd35cf2fabdeb93fb0d,2025-12-12,basic,200,ok,1788444442
edb15ed4a47b797465e58dcdb2fa9dfa,2025-12-12,basic,200,ok,1788444442
68b8e96253f360e21d19c5491c185ac6,2025-12-12,basic,200,ok,1788444443
32201e38b8a8123c66dee7f52f84dcf9,2025-12-12,basic,200,ok,1788444444
692228197a6d7ba02fd2c1ec3fb80503,2025-12-12,basic,200,ok,1788444444
f29201fd1597d5abed76623e3fc45507efe8d04e6d233bd35cf2fabdeb93fb0d,2025-12-12,basic,400,http_400,1788444445
d9141bd8fe9c1f353b1e9b1b96d64d6e,2025-12-12,basic,200,ok,1788444445
24b024ca2c5281c8d3f961f541fd7303,2025-12-12,basic,200,ok,1788444446
dfb028c405e4befad50a3f8702d229ec,2025-12-12,basic,200,ok,1788444447
26daf695c193eb0c8581c1baeff75ce7,2025-12-12,basic,200,ok,1788444447
2be60a34075b01aa7295c66d2c7dde5e,2025-12-12,basic,200,empty,1788444448
8cb2ad47c4205a5817b529f63633bd2cefe8d04e6d233bd35cf2fabdeb93fb0d,2025-12-12,basic,200,ok,1788444449
c2127235c02cc352c86e07b69621fec7efe8d04e6d233bd35cf2fabdeb93fb0d,2025-12-12,basic,200,ok,1788444449
d4872881964ffed61357fe42f19028be,2025-12-12,basic,200,empty,1788444450
64633f4b10c856967380f29674942d466fbb98200a15be5bcc73a64995849e9c,2025-12-12,basic,200,ok,1788444450
e80f275f1b83fef662b8ec51a334e0de,2025-12-12,basic,200,ok,1788444451
7a7129dcfb91518a4fe2557aefb17fbc,2025-12-12,basic,200,ok,1788444452
19f601c935da8fdc1525e549720ba862,2025-12-12,basic,200,ok,1788444452
c8af9e27e0ba3304887a13bc6ad19260efe8d04e6d233bd35cf2fabdeb93fb0d,2025-12-12,basic,200,ok,1788444453
a3f3c5b707ceb8957837ccde94fa0581,2025-12-12,basic,200,ok,1788444454
9935b053eb8d9e8ff86241fd7e0f78dcefe8d04e6d233bd35cf2fabdeb93fb0d,2025-12-12,basic,200,ok,1788444454
65eda6592e5dc500f89602194cdbded3efe8d04e6d233bd35cf2fabdeb93fb0d,2025-12-12,basic,200,ok,1788444455
92258573b64d3d0922fb106f9dccbbc2efe8d04e6d233bd35cf2fabdeb93fb0d,2025-12-12,basic,200,ok,1788444456
672082d84097f105b2c82d87ab68fec4efe8d04e6d233bd35cf2fabdeb93fb0d,2025-12-12,basic,200,ok,1788444456
f3015dc9a03728bfe079230032853566,2025-12-12,basic,200,ok,1788444457
b174ae08ca7591d562a69eb6326ef5d1,2025-12-12,basic,200,ok,1788444457
e1c8f1661857006e4244bd755825b4dc,2025-12-12,basic,200,empty,1788444458
69b29dcc524b4e8c8ee3b96690cc2055efe8d04e6d233bd35cf2fabdeb93fb0d,2025-12-12,basic,200,ok,1788444459
9b48dea7bdfe091f9bdde37e51867ddb,2025-12-12,basic,200,empty,1788444459
dc64314e55168de8e9ab990fe7d32d18efe8d04e6d233bd35cf2fabdeb93fb0d,2025-12-12,basic,200,ok,1788444460
570ccc00fecc100a33edee9eb0f6c58a,2025-12-12,basic,200,ok,1788444461
4b8da0e3b90b8ab5930a353a6a8061f1c47ea5ffea2564f587ca830a8f71acb2,2025-12-12,basic,200,ok,1788444461
fedfa20b03802fdd55c7b72cfe7ac559,2025-12-12,basic,200,ok,1788444462
6a0d8aa45cba8a9a74dfb1cff27e5ce5,2025-12-12,basic,200,ok,1788444462
0e62f9864e0b18394c28256438c47a5b,2025-12-12,basic,200,ok,1788444463
cd5bc7045e1d85f53548ec9fcacce98c,2025-12-12,basic,200,ok,1788444464
55182b4201dea08701cae20661addf80,2025-12-12,basic,200,empty,1788444464
ad2e6be54305807b5943c54aa2b1aa97efe8d04e6d233bd35cf2fabdeb93fb0d,2025-12-12,basic,200,ok,1788444465
3632d1f5628c1f9e1222b955a1943d54,2025-12-12,basic,200,ok,1788444466
241b58382aa97d7665680fcd8c1cb993,2025-12-12,basic,200,ok,1788444466
1cf483634215acc0bcb27953517ae34b,2025-12-12,basic,200,ok,1788444467
3b9a649e57df462ea79a92feaa870c6aefe8d04e6d233bd35cf2fabdeb93fb0d,2025-12-12,basic,200,empty,1788444467
3bbb31798d41654e89c5524b007c77fb,2025-12-12,basic,200,ok,1788444468
8dd48d6f409dbbc6bf544c64d9bbf521efe8d04e6d233bd35cf2fabdeb93fb0d,2025-12-12,basic,200,ok,1788444469
b5ce5a289a3a4755cb2a5a22f7a4214eefe8d04e6d233bd35cf2fabdeb93fb0d,2025-12-12,basic,200,ok,1788444469
39b637bdd38e55ee8d15c179985cd319,2025-12-12,basic,200,ok,1788444470
280005ec19d01f4a06b2bb8a8a0b2b96,2025-12-12,basic,200,ok,1788444471
d3c7cc11a63d4c0a3717fd24b1c08dc7efe8d04e6d233bd35cf2fabdeb93fb0d,2025-12-12,basic,200,ok,1788444471
322e0c545d3eb91bf7f939b35dfc184befe8d04e6d233bd35cf2fabdeb93fb0d,2025-12-12,basic,200,ok,1788444472
8b090fbdceacf97077b6678ed8100ec7,2025-12-12,basic,200,ok,1788444473
0c99b7e9b37bdcb557a3e4361ea56708efe8d04e6d233bd35cf2fabdeb93fb0d,2025-12-12,basic,200,empty,1788444473
5b7afbb5313a8b9f84e70f0eb229d18d,2025-12-12,basic,200,ok,1788444474
709d6926130a74558315133ec7ab321d,2025-12-12,basic,200,ok,1788444474
a84862a8a9620cd3d921d84cb4274449,2025-12-12,basic,200,ok,1788444475
c9c1ad087e126782e3020792c7e0902f,2025-12-12,basic,200,ok,1788444476
da4018f60cec64d9e61da0f65b543132,2025-12-12,basic,200,ok,1788444476
9d2d16fa2f98350b0ea99bd3abb2a615efe8d04e6d233bd35cf2fabdeb93fb0d,2025-12-12,basic,200,ok,1788444477
889afe1cda281a63a7146078a8ceb9d5,2025-12-12,basic,200,ok,1788444477
a061be6603cf6d1a99c6949b57356ddb,2025-12-12,basic,200,ok,1788444478
6aa175852e53cf84803c974eee2b8dfcefe8d04e6d233bd35cf2fabdeb93fb0d,2025-12-12,basic,200,ok,1788444479
c89c38becb1565d489bced60c2d9fb84,2025-12-12,basic,200,ok,1788444479
9b60a85137c2f44284697ed77742d8a2,2025-12-12,basic,200,ok,1788444480
58fe1e8e011f0fb10b7e7ce62cb39fffefe8d04e6d233bd35cf2fabdeb93fb0d,2025-12-12,basic,200,ok,1788444480
36a515fd7b3c74d542a7d51e7c1a0f41fd842dab14be2a956555625b37c97bff,2025-12-12,basic,200,ok,1788444481
162a9b0959583628786b0f3ebe2f7f2eefe8d04e6d233bd35cf2fabdeb93fb0d,2025-12-12,basic,200,ok,1788444482
b1b9017e2452ecaf2eb4fcfa39187370efe8d04e6d233bd35cf2fabdeb93fb0d,2025-12-12,basic,200,ok,1788444482
f5122e2e0b33e72f50a43376cdfdb3aa,2025-12-12,basic,200,empty,1788444483
7be0208f1e3f0ccdd28ff55bfb4303daefe8d04e6d233bd35cf2fabdeb93fb0d,2025-12-12,basic,200,ok,1788444484
efed4bdca099185b6fb399e8e64464f8,2025-12-12,basic,200,ok,1788444484
452a558d69a0f1a329976fcaa78350bf3663933da92e7566c55104ec9ac2894d,2025-12-12,basic,200,ok,1788444485
24deb8e3770b1886ffe8733d53f1157c,2025-12-12,basic,200,ok,1788444486
04144accf5ac266f535c062711cb0b92,2025-12-12,basic,200,ok,1788444486
c6f3d2592069d20c8d412efe71170b9fefe8d04e6d233bd35cf2fabdeb93fb0d,2025-12-12,basic,200,ok,1788444487
8dd2251732512d3429e5a12d8b6641163663933da92e7566c55104ec9ac2894d,2025-12-12,basic,200,ok,1788444487
39c27b36fbf58829fe724538fc47b7fa,2025-12-12,basic,200,ok,1788444488
59d7701e9b3862c5b298083b14799014,2025-12-12,basic,200,ok,1788444489
1ac56710317c491493bb4d6eed687563efe8d04e6d233bd35cf2fabdeb93fb0d,2025-12-12,basic,200,ok,1788444489
2326408a7bf304107549525fa2d3996fefe8d04e6d233bd35cf2fabdeb93fb0d,2025-12-12,basic,200,ok,1788444490
40dc677586827537bb337522d4d02c30,2025-12-12,basic,200,ok,1788444491
96d038080bd65ece45d659d0b735923a,2025-12-12,basic,200,ok,1788444491
1265116b0f0aaf2729150cc06622438e,2025-12-12,basic,200,ok,1788444492
9bfa151ffc8956e229f7760b44893598,2025-12-12,basic,200,ok,1788444492
7504fac46361f52f18230584690c3440,2025-12-12,basic,200,ok,1788444493
737d90d6a4770b9cea23294df3a44f65,2025-12-12,basic,200,ok,1788444493
3ae9f88945dbbf8cb3fd6321a6d37118,2025-12-12,basic,200,ok,1788444494
209eefc640e7feb939b8dfe8970011b2,2025-12-12,basic,200,ok,1788444495
fbc69fa93142b8036071dfc465d30357,2025-12-12,basic,200,ok,1788444495
f9f77def0d9d14b974e426e3e6e92d263663933da92e7566c55104ec9ac2894d,2025-12-12,basic,200,empty,1788444496
eafabc2429f0ab57b973331e94f9b342,2025-12-12,basic,200,empty,1788444496
b2cc916d9ee5d3eec2d8b07beaaa03f8,2025-12-12,basic,200,empty,1788444497
e4b57e5c994d3fc2636b8dbb80305f42efe8d04e6d233bd35cf2fabdeb93fb0d,2025-12-12,basic,200,ok,1788444498
e6073fa414709d2f2216bcbe21a1efbe,2025-12-12,basic,200,ok,1788444498
865173c6694a10e4498571ebd3027847,2025-12-12,basic,200,ok,1788444499
9571870c7ab6da06db11cabb2131cb75,2025-12-12,basic,200,empty,1788444499
d285619b019584125f4b431cadc715f8,2025-12-12,basic,200,ok,1788444500
6ea1a4d9f78c78465d1429c9dd49c26886e68d4012202d0434d05f81868f68e3,2025-12-12,basic,200,ok,1788444501
b0d2c3ff36cddbd5900eb7e5c51e37ab,2025-12-12,basic,200,ok,1788444501
62127b31dd8c77185c7c473ee07a75a9efe8d04e6d233bd35cf2fabdeb93fb0d,2025-12-12,basic,200,ok,1788444502
7c497043946b8a2100c2ac2aa93b8f4e,2025-12-12,basic,200,ok,1788444503
4101e2339fbcfbe21d87052ac5895402efe8d04e6d233bd35cf2fabdeb93fb0d,2025-12-12,basic,200,ok,1788444503
ec6513dabf56669ff0bab1bed1c5bc4d,2025-12-12,basic,200,ok,1788444504
d8e70ca24be9c6d4f58f71f509e83eb1efe8d04e6d233bd35cf2fabdeb93fb0d,2025-12-12,basic,200,ok,1788444504
c4f1e22de0024667114ed7cef0054441efe8d04e6d233bd35cf2fabdeb93fb0d,2025-12-12,basic,200,ok,1788444505
c2ba9a9bb47e8776228dbcd636039bd0efe8d04e6d233bd35cf2fabdeb93fb0d,2025-12-12,basic,200,ok,1788444506
ccc8a066278aec1ee31532569c7efad6,2025-12-12,basic,200,ok,1788444506
4ccd881a67b9074928707cf8f5a2263e,2025-12-12,basic,200,ok,1788444507
422eb18afbdc1e3d39ca824d64886b68,2025-12-12,basic,200,empty,1788444507
5eb910b6cc8e32223d5ab5ead034df12,2025-12-12,basic,200,ok,1788444508
10e083e0d082aa37ff694ad07a8de83eefe8d04e6d233bd35cf2fabdeb93fb0d,2025-12-12,basic,200,ok,1788444509
9857c406022684cdab05dbb7e534fd9b,2025-12-12,basic,200,ok,1788444509
bb4e71331c91ac604c5543f2791ba94befe8d04e6d233bd35cf2fabdeb93fb0d,2025-12-12,basic,200,ok,1788444510
20708fcbff7a4ea3d1abc4b033edf451,2025-12-12,basic,200,ok,1788444510
5b8085061bc79ef5e294574f36148913,2025-12-12,basic,200,ok,1788444511
282c0b3c7c0be0a50df792fb272d95e4efe8d04e6d233bd35cf2fabdeb93fb0d,2025-12-12,basic,200,ok,1788444512
34d2b1678756b21d77dc8ad4e8623f9a,2025-12-12,basic,200,ok,1788444512
7018404a05eb7e299c808ab7c9fefd3b,2025-12-12,basic,200,ok,1788444513
22997fd66675e6301529a0933aafd70f,2025-12-12,basic,200,empty,1788444513
0672cc201b26f19d08a4e0338eb2f18d,2025-12-12,basic,200,ok,1788444514
0aebbbdc499d652568e41bfe687796eeefe8d04e6d233bd35cf2fabdeb93fb0d,2025-12-12,basic,200,ok,1788444515
9fa69cb2f4fab3cb2f24e7698b77b553,2025-12-12,basic,200,empty,1788444515
c0513258d756d8558d46989f9d04c096,2025-12-12,basic,200,ok,1788444516
796b8c249be4a695b237f05e61ff374e,2025-12-12,basic,200,ok,1788444517
aae100913d3ab2aa235bb1b243fcf107,2025-12-12,basic,200,ok,1788444517
21ba76aa05e27b7311300b0a8599a307,2025-12-12,basic,200,empty,1788444518
4d28ef5aa007eeb2991507f03a3c9f36,2025-12-12,basic,200,ok,1788444518
dfde2d809b4096b7b047f0c1960d7421,2025-12-12,basic,200,empty,1788444519
0307b022bfc7e0b7949ce27c54a78273,2025-12-12,basic,200,ok,1788444520
7b4308216f348851a2059928c938b835efe8d04e6d233bd35cf2fabdeb93fb0d,2025-12-12,basic,200,ok,1788444520
fe44d17af9e06a9410f047657232139a,2025-12-12,basic,200,ok,1788444521
f13c3c02550fc375b7ab8f3aad57dfb086e68d4012202d0434d05f81868f68e3,2025-12-12,basic,200,ok,1788444522
99a8b13961e27dcf1ada995bb52736abefe8d04e6d233bd35cf2fabdeb93fb0d,2025-12-12,basic,200,ok,1788444522
8c189af32f40b3c77a7671558119632f,2025-12-12,basic,200,ok,1788444523
c894b11e914c7a9996efb2d5e8f8f2e3,2025-12-12,basic,200,ok,1788444524
a7bf2099e0c75d5298040be62d0bcf2defe8d04e6d233bd35cf2fabdeb93fb0d,2025-12-12,basic,200,ok,1788444524
3632fdd27413f5bdd8bfd2040ce39d69efe8d04e6d233bd35cf2fabdeb93fb0d,2025-12-12,basic,200,ok,1788444525
08532845c163eea72c7b22185003330c,2025-12-12,basic,200,empty,1788444525
dd910610792ccdd733edc423231e225e,2025-12-12,basic,200,ok,1788444526
cf66fac7a8a6f6794417a0c8ca91df19,2025-12-12,basic,200,ok,1788444527
7a5798fdb7599656a2288b15b99957fb,2025-12-12,basic,200,empty,1788444527
ed2ed5957373b827994c226a4f2710c0,2025-12-12,basic,200,ok,1788444528
01aa3f3b2af981119495cde0d6aa0662,2025-12-12,basic,200,ok,1788444528
cac4a0888fadb3f23e6c85bf48178202,2025-12-12,basic,200,ok,1788444529
240d0481f2864e14c1e544ece2af2788efe8d04e6d233bd35cf2fabdeb93fb0d,2025-12-12,basic,200,empty,1788444529
362ea360f5f553a57ee311ad27258c28,2025-12-12,basic,200,ok,1788444530
430ea348a27d9ae174803c5f60e024ebefe8d04e6d233bd35cf2fabdeb93fb0d,2025-12-12,basic,200,ok,1788444531
f48df7a6108f689e82d399487a2b58e7,2025-12-12,basic,200,ok,1788444531
0273dd4cf6a680f84a5dc6b5216fa6e1efe8d04e6d233bd35cf2fabdeb93fb0d,2025-12-12,basic,200,ok,1788444532
bc89b173f4d25e3709b9365bd4bd96b4efe8d04e6d233bd35cf2fabdeb93fb0d,2025-12-12,basic,200,ok,1788444532
cbccd9d0dc57a582ccf81c409461b975efe8d04e6d233bd35cf2fabdeb93fb0d,2025-12-12,basic,200,ok,1788444533
c77fe41e5707841508f47c86e1bed079,2025-12-12,basic,200,ok,1788444534
9b3d848121384234f00838b74ca8c47b,2025-12-12,basic,200,ok,1788444534
75d1ab9ab64474fceb1c97ad84da436defe8d04e6d233bd35cf2fabdeb93fb0d,2025-12-12,basic,200,ok,1788444535
6821af4818fe446f83f0b013cb202eca6fbb98200a15be5bcc73a64995849e9c,2025-12-12,basic,200,ok,1788444536
454b382a78903c9eb796232986fa60a2efe8d04e6d233bd35cf2fabdeb93fb0d,2025-12-12,basic,200,ok,1788444536
f27443bc659d451340df33a884a26d7c,2025-12-12,basic,200,ok,1788444537
96bda04cfffa2c9aee37f8a07abd829defe8d04e6d233bd35cf2fabdeb93fb0d,2025-12-12,basic,200,empty,1788444537
94565b2cb63914cb6e6c14f890dba3a6,2025-12-12,basic,200,empty,1788444538
f9af00fd9dcd92746048f65dedb064f0a2186d8e7cf7a6ee152d97cc78f2ae8b,2025-12-12,basic,200,ok,1788444539
a7bc11fed0e07ceb652a2f1148e932ffefe8d04e6d233bd35cf2fabdeb93fb0d,2025-12-12,basic,200,ok,1788444539
679aaa2de3ebd2ced4daaadf98a72308e85e07f9d5d276f44440847eec04ba68,2025-12-12,basic,200,ok,1788444540
25d0574234c030d0da28044411914c72efe8d04e6d233bd35cf2fabdeb93fb0d,2025-12-12,basic,200,ok,1788444541
01808797056bcefa5f67744c04d8301b,2025-12-12,basic,200,ok,1788444541
3468e663acfde210e29111626dc0916e,2025-12-12,basic,200,ok,1788444542
e159db7a13d77b1f596ed8e07832c6f2,2025-12-12,basic,200,ok,1788444543
891f76e88e311a5fa2e60e60a5122177,2025-12-12,basic,200,ok,1788444543
5b057c6a659f43da8f0ff9a81dac8aaa,2025-12-12,basic,200,ok,1788444544
c7180f670f63d98e02131e8dd5153a4f,2025-12-12,basic,200,ok,1788444545
d821168c54554f49655aec0b3766c96d,2025-12-12,basic,200,ok,1788444545
653c51050b6d0681052feffa328bb1d9,2025-12-12,basic,200,ok,1788444546
1746ed5b20448d9823de7babe2981932,2025-12-12,basic,200,empty,1788444547
5d41b61917e457cd3bf9a140ea1bd22f,2025-12-12,basic,200,empty,1788444547
a61daf7d033683eda9b8ab1973a816aeefe8d04e6d233bd35cf2fabdeb93fb0d,2025-12-12,basic,200,ok,1788444548
ebdc327a992b15ffee48a92c1d22b2f2efe8d04e6d233bd35cf2fabdeb93fb0d,2025-12-12,basic,200,ok,1788444548
68748808066a5388a8dd864dfc79c150,2025-12-12,basic,200,ok,1788444549
9635615e918405eaa58e33b136283d6d,2025-12-12,basic,200,ok,1788444550
ca69c4fad31ee3666141e8c25971a9224723574b05820acf03e7ec3162ff5bed,2025-12-12,basic,200,ok,1788444550
4011a48ac86b889dadd9f405485ea6f3,2025-12-12,basic,200,ok,1788444551
fe6b2f103ed61813e5b5a3a5bd7004e0,2025-12-12,basic,200,ok,1788444551
db3cade0511875435786133c6e2304b2,2025-12-12,basic,200,ok,1788444552
7bc9a81f9a29439bf437e87f04c29750,2025-12-12,basic,200,ok,1788444553
55f9f718a4371685d0a13a4ff00b4397c47ea5ffea2564f587ca830a8f71acb2,2025-12-12,basic,200,ok,1788444553
d7c2366f7839e3588168bcf1ed5186c4,2025-12-12,basic,200,ok,1788444554
916ab54c41cd96169fe92e5ca191a423efe8d04e6d233bd35cf2fabdeb93fb0d,2025-12-12,basic,200,ok,1788444555
efdb5234a95ce07f06962b18a8c1f4ed,2025-12-12,basic,200,ok,1788444555
161dd725531ea72e4bdced7e50581b78efe8d04e6d233bd35cf2fabdeb93fb0d,2025-12-12,basic,200,ok,1788444556
855c0acf405d5417cd0d44b11fa775f6,2025-12-12,basic,200,ok,1788444557
a0c848e72c0b0ffaaee09ebf0c431b50,2025-12-12,basic,200,ok,1788444557
e38b9f3a713f6293377bdba0fa7ab9ce,2025-12-12,basic,200,ok,1788444558
998262326426f542cf4c0f63cc6723e6,2025-12-12,basic,200,empty,1788444558
1771fdb27774e1e17c6ca6aa1338d485,2025-12-12,basic,200,ok,1788444559
bb50d531278bfa01dd4a28b54c426be1aae77432709819edb959e1fd5d1d77b4,2025-12-12,basic,200,ok,1788444560
848ecdbf9bf9398dc4528da0de455bf7efe8d04e6d233bd35cf2fabdeb93fb0d,2025-12-12,basic,200,ok,1788444560
44548a5642c0d5bc6180b576b5bc2ff7aae77432709819edb959e1fd5d1d77b4,2025-12-12,basic,200,ok,1788444561
f97641adc98e2d4d44bf998ed4c3a9b2,2025-12-12,basic,200,empty,1788444561
fb36278a8ffaebcb1b7532065e950064efe8d04e6d233bd35cf2fabdeb93fb0d,2025-12-12,basic,200,ok,1788444562
56e90823eb2303a44ff7600225e49fe8,2025-12-12,basic,200,ok,1788444563
680adcb996a46a5e066515818a07d82d,2025-12-12,basic,200,ok,1788444563
f8ffbbcd39db3d1c8ca17e0beeac48bf,2025-12-12,basic,200,ok,1788444564
43f924417d96951dd1dba6a4b3f8b154efe8d04e6d233bd35cf2fabdeb93fb0d,2025-12-12,basic,200,ok,1788444565
ed984cfd7d36f61cc5b075643ea949e4,2025-12-12,basic,200,ok,1788444565
299306f6f504427314c608927700096c,2025-12-12,basic,200,ok,1788444566
b9a327f97edad30730af7ef5f2abcfa4,2025-12-12,basic,200,ok,1788444566
e57948d1c62a73d31471851e0ae6b9d3,2025-12-12,basic,200,ok,1788444567
49a3ec13d0edde5d7366f7a0ce25c012efe8d04e6d233bd35cf2fabdeb93fb0d,2025-12-12,basic,200,ok,1788444568
3c84a89441d019859ba6d1c2783bf154,2025-12-12,basic,200,ok,1788444568
ee5bd84785bd0d680621bd5bada2e4c2,2025-12-12,basic,200,ok,1788444569
0d06763a280868594c10f1639a0c2b7d,2025-12-12,basic,200,ok,1788444570
aec5596821494d9635f9d755b7e077c8fd842dab14be2a956555625b37c97bff,2025-12-12,basic,200,ok,1788444570
19ec416d3dca3f93cf2e748e76b1afdf,2025-12-12,basic,200,ok,1788444571
2c9aea595bb947f82ecf3cbb6694efd9,2025-12-12,basic,200,ok,1788444571
64fb03fa2e7a517b715c975c59d7c798,2025-12-12,basic,200,ok,1788444572
8b4c5f28028987048db20644c874baaf86e68d4012202d0434d05f81868f68e3,2025-12-12,basic,200,empty,1788444573
57d9dea80c316bfbd60bfe014ad92fcb,2025-12-12,basic,200,ok,1788444573
5327d7d5d000f3b321e26e0034244a73efe8d04e6d233bd35cf2fabdeb93fb0d,2025-12-12,basic,200,empty,1788444574
2b456b75873c37d6318e6606be020183,2025-12-12,basic,200,ok,1788444575
28d97f8c4b9f673d366ec5776e874901,2025-12-12,basic,200,ok,1788444575
71cb159790a35c023942c5e593ce97bfefe8d04e6d233bd35cf2fabdeb93fb0d,2025-12-12,basic,200,ok,1788444576
906beefdefdb6d78470d8d681faeb4d1efe8d04e6d233bd35cf2fabdeb93fb0d,2025-12-12,basic,200,ok,1788444576
5fb5297da92555ff8c151ca8ac2cfc70,2025-12-12,basic,200,ok,1788444577
2494a40a621577184f93bdd4d6d7c0a6,2025-12-12,basic,200,ok,1788444578
32b5cc2614e75c737d2f17c1150fbabeefe8d04e6d233bd35cf2fabdeb93fb0d,2025-12-12,basic,200,ok,1788444578
0c36dee223307dc9c26786441a81ccbb,2025-12-12,basic,200,ok,1788444579
9b18d285e0317f1368e8e9b4218d10c3,2025-12-12,basic,200,ok,1788444580
e26d049a0e6ea4b1e5e7b7717ee316d0,2025-12-12,basic,200,ok,1788444580
36098dff39ec064c391ce7b1fc5f0361,2025-12-12,basic,200,empty,1788444581
2eb44bb805a9231b95e48eb01006d50b,2025-12-12,basic,200,ok,1788444581
94dd98bfb473abd4f7d95b695400195a,2025-12-12,basic,200,ok,1788444582
92acb0a86468daa7f38dc72ed792b5a2efe8d04e6d233bd35cf2fabdeb93fb0d,2025-12-12,basic,200,ok,1788444583
a307f0e1794fb34edaa52da9339fcf75,2025-12-12,basic,200,ok,1788444583
b00b39efb0ef2535cce093c84672d97a,2025-12-12,basic,200,empty,1788444584
dd2aaafd5b46e1a3dd697d6fe77470c9efe8d04e6d233bd35cf2fabdeb93fb0d,2025-12-12,basic,200,ok,1788444584
58b5591c6e6f4ad815c5f58c1a103a5defe8d04e6d233bd35cf2fabdeb93fb0d,2025-12-12,basic,200,ok,1788444585
0ed9f8e372da57185e387f92fcaa68bdefe8d04e6d233bd35cf2fabdeb93fb0d,2025-12-12,basic,200,ok,1788444586
8e36ae1bfeda82d70cc0cf18dc57812a4723574b05820acf03e7ec3162ff5bed,2025-12-12,basic,200,empty,1788444586
5d045df084da5361da271a114504ef02,2025-12-12,basic,200,empty,1788444587
03ef361296479abf252f016d0855af518295750b1f4857867454debc45ec9c8a,2025-12-12,basic,200,ok,1788444587
cb79ede2f712fb7aed10eac32171fbbb,2025-12-12,basic,200,ok,1788444588
8c1738fcbd068f3c3af1debe5035d828,2025-12-12,basic,200,empty,1788444589
fddacd3893f7fa6f53d67f1321a90567,2025-12-12,basic,200,ok,1788444589
3eeb47450570af3da84ec5e1de55b2bb,2025-12-12,basic,200,ok,1788444590
089928e253555ac1bd7501a0dc6060ef,2025-12-12,basic,200,ok,1788444591
51908c2cfdcc6c012588d6dbcaaed1d93663933da92e7566c55104ec9ac2894d,2025-12-12,basic,200,empty,1788444591
45ec9920a813bc7987cf18f9e42364b3efe8d04e6d233bd35cf2fabdeb93fb0d,2025-12-12,basic,200,empty,1788444592
26e50dd53aa27e067c05d77e778b0a7d,2025-12-12,basic,200,ok,1788444592
7723bb5480b0db7120754af1e05d3cc9,2025-12-12,basic,200,ok,1788444593
14c5f43fdcf769658c1d4aabdaf8a41defe8d04e6d233bd35cf2fabdeb93fb0d,2025-12-12,basic,200,empty,1788444593
fd049be79b0c1eecbd5e5d539032a4bdefe8d04e6d233bd35cf2fabdeb93fb0d,2025-12-12,basic,200,ok,1788444594
3d6a5b10cf24574c193aa6397f595e62,2025-12-12,basic,200,ok,1788444595
afae287d9cd5d818d011b7042e088582efe8d04e6d233bd35cf2fabdeb93fb0d,2025-12-12,basic,200,ok,1788444595
eeaaa16e2c82dc238a49ac890cb5a072,2025-12-12,basic,200,ok,1788444596
a4bb192104f948b51620a33dae310581efe8d04e6d233bd35cf2fabdeb93fb0d,2025-12-12,basic,200,ok,1788444597
7c7755ca997a441de0c70264602ddb64,2025-12-12,basic,200,ok,1788444597
73e2f391f7159099c2987f271ec6a9b2,2025-12-12,basic,200,ok,1788444598
bfbdb791d9cdf485de94cb2c27cd9737efe8d04e6d233bd35cf2fabdeb93fb0d,2025-12-12,basic,200,ok,1788444599
00c4f4003c6fb0aa984aed79087eb704,2025-12-12,basic,200,ok,1788444599
f8c2f91ce554eef177b0b9f92fced182,2025-12-12,basic,200,ok,1788444600
ccaccb8b6e120d5d8ea36cc615032cf3efe8d04e6d233bd35cf2fabdeb93fb0d,2025-12-12,basic,200,ok,1788444600
35743c3e206ce25227591eeafea1160e,2025-12-12,basic,200,ok,1788444601
425faf553e5a486ca1ad42221af91b95efe8d04e6d233bd35cf2fabdeb93fb0d,2025-12-12,basic,200,ok,1788444602
71436fb1131c46acbed3be2b6525b6ddefe8d04e6d233bd35cf2fabdeb93fb0d,2025-12-12,basic,200,ok,1788444602
ade90f304f921530d11e141d129d83ec,2025-12-12,basic,200,ok,1788444603
85055c99bbc84d973ad532928c0c265e,2025-12-12,basic,200,empty,1788444604
da068fb8f2cf155df12515fd5787510defe8d04e6d233bd35cf2fabdeb93fb0d,2025-12-12,basic,200,ok,1788444604
12e0c83a92e607c8d73ab1844804a251,2025-12-12,basic,200,ok,1788444605
1740d10cf27e6e30d1d00a031f1cdd34,2025-12-12,basic,400,http_400,1788444605
1de8fbb4a01df7b5ca8c1f3c37b868f8,2025-12-12,basic,200,ok,1788444606
8b71dd1400bc409bd0abec4527f3b722,2025-12-12,basic,200,ok,1788444607
49f9283319a7676ec368bc35c0b8ee548295750b1f4857867454debc45ec9c8a,2025-12-12,basic,200,ok,1788444607
d5dcff409fc41425b1cf4dfc2c4c9417efe8d04e6d233bd35cf2fabdeb93fb0d,2025-12-12,basic,200,ok,1788444608
c2b28408934d7d9112f87b38d72810c9,2025-12-12,basic,200,empty,1788444609
6cd1e515153d2376c93e2de026aca476,2025-12-12,basic,200,ok,1788444609
7c9ca7245a6c7efca6dcdd10dec528a8,2025-12-12,basic,200,empty,1788444610
f05a56428392b6e3b6dd7f243f3c798c,2025-12-12,basic,200,ok,1788444611
19d99cb003fb3c126dd4fff2f32d0ad7efe8d04e6d233bd35cf2fabdeb93fb0d,2025-12-12,basic,200,ok,1788444611
34745b7ff97be26ce4d62a403256df22efe8d04e6d233bd35cf2fabdeb93fb0d,2025-12-12,basic,200,ok,1788444612
01ecc3fb806a7d506305bf9f32648fb3,2025-12-12,basic,200,ok,1788444612
2f288651db5906674ce2fc181b4cde1d,2025-12-12,basic,200,ok,1788444613
35cd5730fbeedd7ade7a6fc36a6888daefe8d04e6d233bd35cf2fabdeb93fb0d,2025-12-12,basic,200,ok,1788444614
1b47aa75e9ad84cc38dd090eec82efdb,2025-12-12,basic,200,empty,1788444614
76115e8cbbe074ce10c466efab8f578986e68d4012202d0434d05f81868f68e3,2025-12-12,basic,200,ok,1788444615
fa39a2e4380717410f37ef5b714cbfdeefe8d04e6d233bd35cf2fabdeb93fb0d,2025-12-12,basic,200,ok,1788444615
6b3bc9cea0699bb23c40989110dda9dcefe8d04e6d233bd35cf2fabdeb93fb0d,2025-12-12,basic,200,ok,1788444616
ec14b666a4b3b163fec6b8489ea0a674,2025-12-12,basic,200,ok,1788444617
931d2662683b6f9a4a8ee3a65c8e5826,2025-12-12,basic,200,ok,1788444617
e19463c425cad7da90221addb69721a73663933da92e7566c55104ec9ac2894d,2025-12-12,basic,200,ok,1788444618
f1a4803f68d6c7a27c27ecc06a613955efe8d04e6d233bd35cf2fabdeb93fb0d,2025-12-12,basic,200,empty,1788444618
98e3f32eff41486ad6de8bb504f33016,2025-12-12,basic,200,ok,1788444619
9a237b54374ff6edd945ff6de9d2bd60,2025-12-12,basic,200,ok,1788444620
1f90699019ce76c8d03973dcba1a0ab9,2025-12-12,basic,200,ok,1788444620
e9737e817f677d0596549b194c6c887fefe8d04e6d233bd35cf2fabdeb93fb0d,2025-12-12,basic,200,ok,1788444621
0c094a88d5308b53f9513616a6bb1cac,2025-12-12,basic,200,ok,1788444622
2c41025af72be7950e0c8e9e38c1dee6,2025-12-12,basic,200,ok,1788444622
f66b5821916e6da7b0c935db592f3487,2025-12-12,basic,200,ok,1788444623
276cf75a803003f6413fe9a059723566efe8d04e6d233bd35cf2fabdeb93fb0d,2025-12-12,basic,200,ok,1788444623
4f3b4b39c8ddd327b3b8a2b1e95eddde,2025-12-12,basic,200,ok,1788444624
e6a5cf1b0cc81316caa727fe422eb064efe8d04e6d233bd35cf2fabdeb93fb0d,2025-12-12,basic,200,ok,1788444625
968dcddc5d86513a350aab8d4d9140a4,2025-12-12,basic,200,ok,1788444625
c7d3662bebe6d8ec9daee8d1bd9543f9,2025-12-12,basic,200,empty,1788444626
dc443be24282d000511ddf124fa953ee,2025-12-12,basic,200,ok,1788444627
035b62b0ee57044e98572785cd3c4e74,2025-12-12,basic,200,ok,1788444627
6ee7904e10f99a6dbe7181f1313a36aae85e07f9d5d276f44440847eec04ba68,2025-12-12,basic,200,ok,1788444628
73b6762ea685299cceb8d785770e0f40,2025-12-12,basic,200,ok,1788444628
78279a3ff9e83c88ad292beec8f4ace2efe8d04e6d233bd35cf2fabdeb93fb0d,2025-12-12,basic,200,ok,1788444629
ec1af074a1418657891c2473f1586447,2025-12-12,basic,200,ok,1788444630
9f4cc7c9bc459a93e9b62d58436f0a07efe8d04e6d233bd35cf2fabdeb93fb0d,2025-12-12,basic,200,ok,1788444630
5ba1821568da89325981c6f0019701e8,2025-12-12,basic,200,ok,1788444631
20114dc08a25057f1344b89fada96b5c,2025-12-12,basic,200,ok,1788444632
46be0aeb3b816d1397e234d876ba6272,2025-12-12,basic,200,ok,1788444632
b90e7186b438694eb88842593be5dd63efe8d04e6d233bd35cf2fabdeb93fb0d,2025-12-12,basic,200,ok,1788444633
7264adbfb8f1f10d217b9cdea0036dd7efe8d04e6d233bd35cf2fabdeb93fb0d,2025-12-12,basic,200,ok,1788444634
39d6c04fd6be491bb625b9a813edbb8b,2025-12-12,basic,200,ok,1788444634
f31f4800461d503bd3ebfe979c3e6fa6,2025-12-12,basic,200,empty,1788444635
2c7b55465b4060cde305a1ef289b698befe8d04e6d233bd35cf2fabdeb93fb0d,2025-12-12,basic,200,ok,1788444635
f48d2514dd4023d7a163c70f92277fd8,2025-12-12,basic,200,ok,1788444636
17407aa11d3d2468cbaba396d80c3009c47ea5ffea2564f587ca830a8f71acb2,2025-12-12,basic,200,ok,1788444637
9e2f68e5cb73f579758e037ce040cb78,2025-12-12,basic,200,ok,1788444637
fcd3e605e8765abae77694b421c6b9156fbb98200a15be5bcc73a64995849e9c,2025-12-12,basic,200,ok,1788444638
4e56f66b5835028fb37686ab0c8c5d83,2025-12-12,basic,200,ok,1788444639
3d37a0a336997f9c9ffa327c0fe903e5,2025-12-12,basic,200,ok,1788444639
a1a3928a2359e7c190884629d1ec7e45,2025-12-12,basic,200,ok,1788444640
73d83a43b0ea19e4925346c058988b26,2025-12-12,basic,200,empty,1788444640
52c8d2bddbe31bc249d1cf2a25302a18,2025-12-12,basic,200,empty,1788444641
7292ed9ce45092ee0b6bf7abd4a5b2fe,2025-12-12,basic,200,ok,1788444642
68f6f08f2db0fdb966e3d6ff1582efe1,2025-12-12,basic,200,ok,1788444642
0ce5f0370e697be26f3f9b56a458df76,2025-12-12,basic,200,ok,1788444643
1fe75932ab6316da4035c3ef20f54ce786e68d4012202d0434d05f81868f68e3,2025-12-12,basic,200,ok,1788444643
4c7af6458adca6a71a8438d33c9d42aaefe8d04e6d233bd35cf2fabdeb93fb0d,2025-12-12,basic,200,ok,1788444644
2788a5ab49a709a51d2dcf42b2f7bede3663933da92e7566c55104ec9ac2894d,2025-12-12,basic,200,ok,1788444645
fd7d3dab3adc8a1ba330340e418d4978efe8d04e6d233bd35cf2fabdeb93fb0d,2025-12-12,basic,200,ok,1788444645
5fdc9225f9a5d4c9b8a9b1c34d52beebefe8d04e6d233bd35cf2fabdeb93fb0d,2025-12-12,basic,200,ok,1788444646
5d0c585c55050016b404c1a2f44be259efe8d04e6d233bd35cf2fabdeb93fb0d,2025-12-12,basic,200,ok,1788444646
eca00f7cad7fd5a70e499cf1e139010defe8d04e6d233bd35cf2fabdeb93fb0d,2025-12-12,basic,200,ok,1788444647
83123ad991de718d8389fb9363046140,2025-12-12,basic,200,ok,1788444648
2ff7c4b52828039a111d85ee800b1b53,2025-12-12,basic,200,ok,1788444648
a340605c918ec73da4494caaf0529ab0efe8d04e6d233bd35cf2fabdeb93fb0d,2025-12-12,basic,200,ok,1788444649
913c2a45be3959e40cd8ffece11fa0ecefe8d04e6d233bd35cf2fabdeb93fb0d,2025-12-12,basic,200,ok,1788444650
962049e1f1076111958854676542dfa4,2025-12-12,basic,200,ok,1788444650
01a9062276eae81b61db9574749fa14f,2025-12-12,basic,200,ok,1788444651
f948e3556aea6766588173d9e3612e6f,2025-12-12,basic,200,ok,1788444652
a4df162fe9de32e1344ca58478737716,2025-12-12,basic,200,empty,1788444652
a5a47e3c6d3418b88d1a4584b35a5a98,2025-12-12,basic,200,ok,1788444653
97bd0a2fb5986b87b029ef7e7edcec52efe8d04e6d233bd35cf2fabdeb93fb0d,2025-12-12,basic,200,ok,1788444654
fb0b512f48ff3e419016e3863822ea97efe8d04e6d233bd35cf2fabdeb93fb0d,2025-12-12,basic,200,ok,1788444654
cc0c1a86de67ed40d46c44e4cbca9959c47ea5ffea2564f587ca830a8f71acb2,2025-12-12,basic,200,empty,1788444655
64990f478b38d2be8978684908e2c19a,2025-12-12,basic,200,ok,1788444655
753535edaf421891982dde5abfeb1d4f8295750b1f4857867454debc45ec9c8a,2025-12-12,basic,200,empty,1788444656
25ed327ed43113c2366c6aabd06f5cae,2025-12-12,basic,200,ok,1788444657
805ed58fa24f956a37337016186a5f52efe8d04e6d233bd35cf2fabdeb93fb0d,2025-12-12,basic,200,ok,1788444657
0a0aea1aafb29b34584b6be844cb29e4efe8d04e6d233bd35cf2fabdeb93fb0d,2025-12-12,basic,200,ok,1788444658
1fb2029400969c0145d524208ffbcbe2,2025-12-12,basic,200,ok,1788444659
2e232d485836753cec57d0b76bce08f3,2025-12-12,basic,200,empty,1788444659
accab45d6729c4ddae6f0cefa9bc3d37efe8d04e6d233bd35cf2fabdeb93fb0d,2025-12-12,basic,200,ok,1788444660
761b3be0278221705a7471d0b1f9145b,2025-12-12,basic,200,ok,1788444661
f81a3b31334fd3b7eef0327ef5ebc7f1,2025-12-12,basic,200,ok,1788444661
5103fd5a5e561ede03df93d883dcec2d,2025-12-12,basic,200,ok,1788444662
a53ab12a216fe4337fe4ba92a95b91a8efe8d04e6d233bd35cf2fabdeb93fb0d,2025-12-12,basic,200,ok,1788444663
78e428db27a554c0141925a26623910e,2025-12-12,basic,200,ok,1788444663
e6edaa2feef4e15d350902d139b4d601,2025-12-12,basic,200,ok,1788444664
2702d81aacaa6db01ac8b751e7b19467,2025-12-12,basic,200,ok,1788444664
152b48e72916a0840bb94839b919a2d1,2025-12-12,basic,200,ok,1788444665
0655367342595b55005c3b3158923d0e,2025-12-12,basic,200,ok,1788444666
6ea4d16bdd8473d29f18ca2381723b48,2025-12-12,basic,200,ok,1788444666
510aeeafbbfca436f176f15450cb9ae5,2025-12-12,basic,200,ok,1788444667
7d010b8734965312cd0a4c224cdb0b7c,2025-12-12,basic,200,empty,1788444668
ed848164282bda01f9e2fc7ffc440ba4efe8d04e6d233bd35cf2fabdeb93fb0d,2025-12-12,basic,200,ok,1788444668
dd435ab7afe9c98fee5ed036b8782177,2025-12-12,basic,200,ok,1788444669
b6386bc3b9e3d3de273aaef02a08e967,2025-12-12,basic,200,empty,1788444669
f6c544631c36a78d58c5518d9c59178c,2025-12-12,basic,200,ok,1788444670
6200f324bea2cf91944db084079b5c8defe8d04e6d233bd35cf2fabdeb93fb0d,2025-12-12,basic,200,ok,1788444671
fc6712df371df494f0ac8758b3b558a1,2025-12-12,basic,200,ok,1788444671
8915d04a6b4d51c9ca34dc8369fb9d17efe8d04e6d233bd35cf2fabdeb93fb0d,2025-12-12,basic,200,ok,1788444672
7cdf24f9917c7484c588d6e5f8570695,2025-12-12,basic,200,empty,1788444673
d64d6a4ec16d606cd4a5eb8a42da3e78efe8d04e6d233bd35cf2fabdeb93fb0d,2025-12-12,basic,200,ok,1788444673
aabd99a8648dd8453ee515fbaa93b508,2025-12-12,basic,200,ok,1788444674
df14a27dafe56d2e899c597345fd1dafe85e07f9d5d276f44440847eec04ba68,2025-12-12,basic,200,ok,1788444674
3b911ea8a7eb1e81994d8ea57d99dcc1,2025-12-12,basic,200,ok,1788444675
ab8242ec7b203f69d1b6f543322c1208,2025-12-12,basic,200,empty,1788444676
a14c2ee695b0a0d88a65921cd0926525efe8d04e6d233bd35cf2fabdeb93fb0d,2025-12-12,basic,200,ok,1788444676
99e9cd84827cf1fff25681eb9c92021defe8d04e6d233bd35cf2fabdeb93fb0d,2025-12-12,basic,200,ok,1788444677
5de441c2df15fd7b268a7f0f2943919c,2025-12-12,basic,200,ok,1788444678
8643f1221388f11c98f824ec0bb4f351,2025-12-12,basic,200,ok,1788444678
3a5ff028204b34caa296e73f31c68604,2025-12-12,basic,200,empty,1788444679
9bdb9dbd303c0d710a0d1d2e198c3dd9,2025-12-12,basic,200,ok,1788444679
a17c5fb02a17f99a787f4a67426987d1efe8d04e6d233bd35cf2fabdeb93fb0d,2025-12-12,basic,200,empty,1788444680
34d9b59a32845212ff95b16f634ca0b3,2025-12-12,basic,200,ok,1788444680
aba231fdbe664aa914935b01fe006444,2025-12-12,basic,200,ok,1788444681
b3d449be6175a2b7ec6cd149841e01723663933da92e7566c55104ec9ac2894d,2025-12-12,basic,200,ok,1788444682
c61638b660fbc88a30311e9a9517428b,2025-12-12,basic,200,ok,1788444682
091855a7dfd79b94aa844026152a338e,2025-12-12,basic,200,empty,1788444683
a5e09d3e32d301b5d151d86c2f9cb032a2186d8e7cf7a6ee152d97cc78f2ae8b,2025-12-12,basic,200,ok,1788444683
1e1e40b746a26a64cc2305ee4531121c6fbb98200a15be5bcc73a64995849e9c,2025-12-12,basic,200,ok,1788444684
0de7137591919be1340225e9692351b3efe8d04e6d233bd35cf2fabdeb93fb0d,2025-12-12,basic,200,ok,1788444685
a15340dd6bd5480271d7e75186c2af26efe8d04e6d233bd35cf2fabdeb93fb0d,2025-12-12,basic,200,ok,1788444685
c1c49a705d3040d9acb1598f9893dea3efe8d04e6d233bd35cf2fabdeb93fb0d,2025-12-12,basic,400,http_400,1788444686
f1bbee611ce4a4611a8d8321b93ffdb36fbb98200a15be5bcc73a64995849e9c,2025-12-12,basic,200,ok,1788444686
aec74198047d3d7b39934731e4f7671aa2186d8e7cf7a6ee152d97cc78f2ae8b,2025-12-12,basic,200,ok,1788444687
70f358624c951f5d81c38c3aad3ac7cfefe8d04e6d233bd35cf2fabdeb93fb0d,2025-12-12,basic,200,ok,1788444688
9fb3f5327b45645740f86fe421ec5af4,2025-12-12,basic,200,ok,1788444688
25b73b77020a2ac225dacbb988571b73,2025-12-12,basic,200,empty,1788444689
4b03bce5bdfc258f8e803a3d30f9eaeb,2025-12-12,basic,200,ok,1788444690
305cfeffbf0e3cd3f77e03d3017accd3,2025-12-12,basic,200,ok,1788444690
913098f3ee94bf7cb125509b7abe54fd,2025-12-12,basic,200,ok,1788444691
50a2dd5879ee6ccccc8ecbb538df5dba,2025-12-12,basic,200,ok,1788444691
ef49b00e981b4afd45803558af97af55efe8d04e6d233bd35cf2fabdeb93fb0d,2025-12-12,basic,200,ok,1788444692
a8af60d840d0c0ad65d7c8c9d15115e6,2025-12-12,basic,200,empty,1788444693
60d56d3fa7c4a4713251eb4a0f43acf3,2025-12-12,basic,200,ok,1788444693
7fbae93326d95d96388e429ae0dc6609efe8d04e6d233bd35cf2fabdeb93fb0d,2025-12-12,basic,200,empty,1788444694
aaa4891062a4d3e3b2a89ad0782099e1,2025-12-12,basic,200,ok,1788444695
9480f51d72a72b8fc2fe8d2606c7c09e,2025-12-12,basic,200,empty,1788444695
4a3ec6fe8f52e92bb5b4b799dc4bcf95,2025-12-12,basic,200,ok,1788444696
d982921cbf77cde252039a47c8409b20efe8d04e6d233bd35cf2fabdeb93fb0d,2025-12-12,basic,200,ok,1788444697
e9846107fe71ed0edbac241f122a1037efe8d04e6d233bd35cf2fabdeb93fb0d,2025-12-12,basic,200,ok,1788444697
f38a15289a56cbeeffc09cd8883932ce,2025-12-12,basic,200,ok,1788444698
bb1e543e1523ca4aa31486b44292fcaaefe8d04e6d233bd35cf2fabdeb93fb0d,2025-12-12,basic,200,ok,1788444698
81ed6db79a3caa12e8f6854150b17cf08295750b1f4857867454debc45ec9c8a,2025-12-12,basic,200,ok,1788444699
651aaba0c2e75c8e6a068849558ff4d0efe8d04e6d233bd35cf2fabdeb93fb0d,2025-12-12,basic,200,ok,1788444700
ef0f2f68161fa1e4edb90339ac513530efe8d04e6d233bd35cf2fabdeb93fb0d,2025-12-12,basic,200,ok,1788444700
42a3870b8999c0537185ea6735549b26,2025-12-12,basic,200,ok,1788444701
7ac9b600108714d6339d989eef24593fefe8d04e6d233bd35cf2fabdeb93fb0d,2025-12-12,basic,200,empty,1788444702
2a066cf5931745500fab668f1e12383aefe8d04e6d233bd35cf2fabdeb93fb0d,2025-12-12,basic,200,ok,1788444702
b4686ffcbf16ec696d08bf16e42291d7,2025-12-12,basic,200,ok,1788444703
0962599d18234e97e4837a294a7d71b4efe8d04e6d233bd35cf2fabdeb93fb0d,2025-12-12,basic,200,ok,1788444704
1c425b3f599f37c860869bbe7d27befaefe8d04e6d233bd35cf2fabdeb93fb0d,2025-12-12,basic,200,ok,1788444704
6c7b65381e03295da533ff3700ab8d02,2025-12-12,basic,200,ok,1788444705
b287ab4d6de5c3fdf31b7208f3289220,2025-12-12,basic,200,ok,1788444705
5c1080befe430ca9a1b82f9b957aa61eefe8d04e6d233bd35cf2fabdeb93fb0d,2025-12-12,basic,200,empty,1788444706
7387135e644abecdd189b4057c90bf14,2025-12-12,basic,200,ok,1788444707
93ab9f37c605fe9061fee78dd4bac23e,2025-12-12,basic,200,ok,1788444707
b38ff0b54209bd4e76e4423de4f0600b,2025-12-12,basic,200,ok,1788444708
118420ab604c5a3212c1f83ad1661836,2025-12-12,basic,200,ok,1788444709
d31c37f72372a94b8e0731298e372a13,2025-12-12,basic,200,ok,1788444709
fbf04ecaaf084eff4854dbbb3a5da943efe8d04e6d233bd35cf2fabdeb93fb0d,2025-12-12,basic,200,ok,1788444710
5fb6fe832583c03ef08695d46a9227c0,2025-12-12,basic,200,ok,1788444711
af9b242384889254733f1716d63d850f,2025-12-12,basic,200,ok,1788444711
4dab399925006b4091680e20b181df85,2025-12-12,basic,200,ok,1788444712
a678e447939ae5a7347e5e9afe191095efe8d04e6d233bd35cf2fabdeb93fb0d,2025-12-12,basic,200,ok,1788444713
313e6abcc43d56084f4443a5f2c8d4dd,2025-12-12,basic,200,ok,1788444713
9b3652d2a786f97667977a2f19f69263efe8d04e6d233bd35cf2fabdeb93fb0d,2025-12-12,basic,200,ok,1788444714
c9d4990d54f1de87e4af7170c5c4e1fc,2025-12-12,basic,200,ok,1788444715
81b7a5605a1d5e89e468fe1400d822e7,2025-12-12,basic,200,ok,1788444715
305a43f7f2f016bc750e6b288559dd68,2025-12-12,basic,200,ok,1788444716
84ac820e6f0769bae7a8e77120fff981efe8d04e6d233bd35cf2fabdeb93fb0d,2025-12-12,basic,200,empty,1788444716
dd85ac2f31c3ec661b6a2d870285e191efe8d04e6d233bd35cf2fabdeb93fb0d,2025-12-12,basic,200,ok,1788444717
18a01982ba0d1011bef20f80a0fcf063efe8d04e6d233bd35cf2fabdeb93fb0d,2025-12-12,basic,200,ok,1788444718
ed61aa4ae28b1bcdf77ddf401115a42a,2025-12-12,basic,200,ok,1788444718
6d8820b0f451aa5b955fdc77c9d3cc3e,2025-12-12,basic,200,empty,1788444719
32a6fe68e487481f78dfceb1f1d707b7,2025-12-12,basic,200,ok,1788444720
e1d042cf6edc29c6818fa3c90378293e,2025-12-12,basic,200,ok,1788444720
bd16fcfd306cee235438ed40449347b3efe8d04e6d233bd35cf2fabdeb93fb0d,2025-12-12,basic,200,ok,1788444721
40628316b1c492bd5dd1387de1130400,2025-12-12,basic,200,ok,1788444722
53ce5c42cf548edb887bf17b5193cdef,2025-12-12,basic,200,ok,1788444722
f572330caaf6084712e7badc939358a3,2025-12-12,basic,200,ok,1788444723
edca5fb24f2301ecf896f4033b7f149b,2025-12-12,basic,200,ok,1788444724
740ac6e7aec65be19f83fa6aabd3bec5,2025-12-12,basic,200,ok,1788444724
0d20b2d1abeac016e9a157bca605567caae77432709819edb959e1fd5d1d77b4,2025-12-12,basic,200,empty,1788444725
7827226a05d15ad44eada95193fece41efe8d04e6d233bd35cf2fabdeb93fb0d,2025-12-12,basic,200,ok,1788444725
4f27dbdbf154c79e7a557ed0381ef336efe8d04e6d233bd35cf2fabdeb93fb0d,2025-12-12,basic,200,empty,1788444726
b637d1921a102e1a012694e179449cc5efe8d04e6d233bd35cf2fabdeb93fb0d,2025-12-12,basic,200,ok,1788444727
a68e4923a88cc84ea4991f842be83a34efe8d04e6d233bd35cf2fabdeb93fb0d,2025-12-12,basic,200,ok,1788444727
d7189aaf9d2f8745f5a18b748d88a336efe8d04e6d233bd35cf2fabdeb93fb0d,2025-12-12,basic,200,ok,1788444728
100c42aeb9726b84424079b52beffc8befe8d04e6d233bd35cf2fabdeb93fb0d,2025-12-12,basic,200,ok,1788444728
b4e6f053b4f84352282325d587deeff5efe8d04e6d233bd35cf2fabdeb93fb0d,2025-12-12,basic,200,ok,1788444729
3a0b909d35bbb0fdef5fe0c7a87e66be,2025-12-12,basic,200,ok,1788444730
2689769a9f68f82c36ecf0fd13c2ee74efe8d04e6d233bd35cf2fabdeb93fb0d,2025-12-12,basic,200,ok,1788444730
c5dd4b9d3a79a06bf9edc15a3dc2fbdb,2025-12-12,basic,200,empty,1788444731
84acdbff28774e5afa43441042ad1d71,2025-12-12,basic,200,ok,1788444732
8b9389a99c04f2d6e9a34efbe9af9372efe8d04e6d233bd35cf2fabdeb93fb0d,2025-12-12,basic,200,ok,1788444732
b904b992c2c0f4918969d2b0cb0ea2c1,2025-12-12,basic,200,ok,1788444733
506a2a1dd6413d201e155e3f424849cf,2025-12-12,basic,200,ok,1788444733
dbd158ccf92ff709820e4f88103aabf2efe8d04e6d233bd35cf2fabdeb93fb0d,2025-12-12,basic,200,ok,1788444734
bea07d9c88d0447eb9b2543dd49ed2a3,2025-12-12,basic,200,ok,1788444735
2b65d84f98371d352ee796634274a5e5e85e07f9d5d276f44440847eec04ba68,2025-12-12,basic,200,ok,1788444735
b0590614cc19990d169fd1e46ab83865,2025-12-12,basic,200,ok,1788444736
fa55206445bbafc88ab23bb92b5da0a0efe8d04e6d233bd35cf2fabdeb93fb0d,2025-12-12,basic,200,ok,1788444737
d0ad15ef68ae8d071839d13db145ce61,2025-12-12,basic,200,ok,1788444737
db118ac81a87e2b588d6fb6ba29c5780efe8d04e6d233bd35cf2fabdeb93fb0d,2025-12-12,basic,200,ok,1788444738
06ad73901fc50d4bef7c17b09468b1e7efe8d04e6d233bd35cf2fabdeb93fb0d,2025-12-12,basic,200,ok,1788444739
3c327e40dc649da8d6f015e2d33e7f464723574b05820acf03e7ec3162ff5bed,2025-12-12,basic,200,ok,1788444739
b589691edfc3bcd4053fce4a5fbc1c1d8295750b1f4857867454debc45ec9c8a,2025-12-12,basic,200,ok,1788444740
36e0e9412e52589137f36eacfc8d44dc,2025-12-12,basic,200,ok,1788444741
f9ab2713ac540e8ca708d108f236d047efe8d04e6d233bd35cf2fabdeb93fb0d,2025-12-12,basic,200,ok,1788444741
f531d86fb49d959304be18f9858acef3,2025-12-12,basic,200,ok,1788444742
12a9afa932aaeb46c827714e0baea222efe8d04e6d233bd35cf2fabdeb93fb0d,2025-12-12,basic,200,ok,1788444743
28af4ef490bf54d8a3ee2564e7d9b049efe8d04e6d233bd35cf2fabdeb93fb0d,2025-12-12,basic,200,ok,1788444743
18f784ce77febd6167cc3b79cef54db5,2025-12-12,basic,200,ok,1788444744
7b32fd8c25c782c5f5d7e295a0065365efe8d04e6d233bd35cf2fabdeb93fb0d,2025-12-12,basic,200,ok,1788444745
bec0f7c453d589ab69a294e926314d83efe8d04e6d233bd35cf2fabdeb93fb0d,2025-12-12,basic,200,ok,1788444745
d5ae5ac6d0bb1955c38ec6f09c24f653,2025-12-12,basic,200,ok,1788444746
ee6d1d6feb6c108e01f5cbda353df022,2025-12-12,basic,200,ok,1788444746
c461e510599c044e02ed8d91de6a5bc6,2025-12-12,basic,200,ok,1788444747
33938953475f8fedd2358be975761753,2025-12-12,basic,200,ok,1788444748
d8168d4538937004c2d61866fb731bf1,2025-12-12,basic,200,ok,1788444748
36cb14a01777f6b64d7e3fe44991d946,2025-12-12,basic,200,ok,1788444749
f0b509cf631549aeab315fa14ef73b4d86e68d4012202d0434d05f81868f68e3,2025-12-12,basic,200,ok,1788444750
b8851d8f23b160b0c3c16b6ea75f0184,2025-12-12,basic,200,ok,1788444750
1179488567d2a24e702cb0e86f6fbf2c,2025-12-12,basic,200,ok,1788444751
4959fb85f0ac00d2fb5a01095b1d0bac,2025-12-12,basic,200,ok,1788444752
c6d9ae76a1650ee504f1277716f3a984efe8d04e6d233bd35cf2fabdeb93fb0d,2025-12-12,basic,400,http_400,1788444752
0d56f4fe022f703e62378c914f6387ab,2025-12-12,basic,200,ok,1788444753
3a68623d1c6913acc7937cac4a439fb6,2025-12-12,basic,200,ok,1788444753
ddbcbcdfb35e16fd51cf7f8c4ea2ba9a,2025-12-12,basic,200,ok,1788444754
d162d653d84d0c6bbf2e49d059d5a183,2025-12-12,basic,200,ok,1788444755
6c3ef962b143c5526d7b0ccfc9db60cc,2025-12-12,basic,200,ok,1788444755
817c746aeb79323f34e94a67f21cebb8,2025-12-12,basic,200,empty,1788444756
13b05f774bd76dde668f346a65d9b35fefe8d04e6d233bd35cf2fabdeb93fb0d,2025-12-12,basic,200,ok,1788444756
fd377d001968be9550fb9070064048f9efe8d04e6d233bd35cf2fabdeb93fb0d,2025-12-12,basic,200,ok,1788444757
7c76f46ce3dd0d0aebb056a9779b7e5b,2025-12-12,basic,200,ok,1788444758
694f8b0334fe3bdf54df2df59071c949,2025-12-12,basic,200,ok,1788444758
a2b6f53736f9ca464de0327d5499e0b1,2025-12-12,basic,200,empty,1788444759
96e7bbfc1c831f81ebc6605710852de7,2025-12-12,basic,200,ok,1788444759
c0d999941794b0a4225a95fc10e8eb20efe8d04e6d233bd35cf2fabdeb93fb0d,2025-12-12,basic,200,empty,1788444760
b86a84503be50a94d789d80b90ecb086c47ea5ffea2564f587ca830a8f71acb2,2025-12-12,basic,200,ok,1788444761
46a75dc020303f4d47e0e4558e638854,2025-12-12,basic,200,ok,1788444761
548d6c22891887961373526461112ab1,2025-12-12,basic,200,ok,1788444762
736597e6eae310579e2ea86f09a44736,2025-12-12,basic,200,empty,1788444762
b61dd0c09a684a225ac79f43c63df363efe8d04e6d233bd35cf2fabdeb93fb0d,2025-12-12,basic,200,ok,1788444763
8585510f2649210f3dba19f7feef9a22,2025-12-12,basic,200,ok,1788444764
fbf9eb20ffe45952e0ac83a82e122508aae77432709819edb959e1fd5d1d77b4,2025-12-12,basic,200,empty,1788444764
d20002d0ce4964c62896c5ae478293b3,2025-12-12,basic,200,ok,1788444765
f1afbe79a770af3761c7d59aca988668,2025-12-12,basic,200,ok,1788444765
ce8c0a13c18cb84e722ac0b9d5b5a277efe8d04e6d233bd35cf2fabdeb93fb0d,2025-12-12,basic,200,ok,1788444766
00208b8a24f3e46714750f4a88384e53,2025-12-12,basic,200,ok,1788444767
352894b15213a494624f4cd3762ce345,2025-12-12,basic,200,ok,1788444767
0e95530c3a4a21e984d027c55215fa1eefe8d04e6d233bd35cf2fabdeb93fb0d,2025-12-12,basic,200,ok,1788444768
5aaf07772d46e3c3aca9a7ef641073f6efe8d04e6d233bd35cf2fabdeb93fb0d,2025-12-12,basic,200,ok,1788444769
5888425d462db58af9907ea21387d9a3efe8d04e6d233bd35cf2fabdeb93fb0d,2025-12-12,basic,200,ok,1788444769
9c88f88a61748fb8acf6efea66eae088efe8d04e6d233bd35cf2fabdeb93fb0d,2025-12-12,basic,200,ok,1788444770
b69abd490e3a34a6110016fd401bbab8efe8d04e6d233bd35cf2fabdeb93fb0d,2025-12-12,basic,200,ok,1788444770
c839fcf0b5fc556f74f2db3d1f917a75efe8d04e6d233bd35cf2fabdeb93fb0d,2025-12-12,basic,200,ok,1788444771
d8e380724194a479f60e66a48bbb3590aae77432709819edb959e1fd5d1d77b4,2025-12-12,basic,200,ok,1788444772
564398ba0a407d571545da1087f81cd6efe8d04e6d233bd35cf2fabdeb93fb0d,2025-12-12,basic,200,ok,1788444773
67173dcb729ab37f467472708e215eeb,2025-12-12,basic,200,empty,1788444773
8e32c31f8a0ac378b515db2c2ae23f79,2025-12-12,basic,200,ok,1788444774
3f2e2a9da2613388cf5548e42839e01eefe8d04e6d233bd35cf2fabdeb93fb0d,2025-12-12,basic,200,ok,1788444775
cf61a62333f34ad11baf290733b388ce,2025-12-12,basic,200,empty,1788444775
141fd395cffc847bd49237bbc30dd8c5,2025-12-12,basic,200,ok,1788444776
1360f30c3c96596cc0b84031ff8d98e3efe8d04e6d233bd35cf2fabdeb93fb0d,2025-12-12,basic,200,ok,1788444776
be6accba01d5e7dae345661dfae21f07efe8d04e6d233bd35cf2fabdeb93fb0d,2025-12-12,basic,200,ok,1788444777
a203969d749e4b962ec8457052c4a455,2025-12-12,basic,200,ok,1788444778
547b6f2aa500f7d92a8224c18ef87d74,2025-12-12,basic,200,ok,1788444778
c0b7d1c2356efbc62f2f34116f630d8c,2025-12-12,basic,200,ok,1788444779
020c28e0be0b02a1d1f769419353d62e,2025-12-12,basic,200,empty,1788444780
64cf17678e94d49b39d5e0c735749c13efe8d04e6d233bd35cf2fabdeb93fb0d,2025-12-12,basic,400,http_400,1788444780
09ce26f7f7b457d08f11d71baf16b125,2025-12-12,basic,200,ok,1788444781
a06ab0a2beabb3321e392afb8c37db87efe8d04e6d233bd35cf2fabdeb93fb0d,2025-12-12,basic,200,ok,1788444782
5f576b76cbcc144efcef129e064f3dab,2025-12-12,basic,200,ok,1788444782
8514fbbf630ab72ff3a651344d1ac9f186e68d4012202d0434d05f81868f68e3,2025-12-12,basic,200,ok,1788444783
5ab57a54f2e124abb4be9cc6cce35b36fd842dab14be2a956555625b37c97bff,2025-12-12,basic,200,ok,1788444783
8ed238b5ea8e0978a2c36c780ecde49d,2025-12-12,basic,200,ok,1788444784
bad4affe48854991aee5f382904aacd2efe8d04e6d233bd35cf2fabdeb93fb0d,2025-12-12,basic,200,ok,1788444785
bdfa13019e32e21874a278118dfb7758efe8d04e6d233bd35cf2fabdeb93fb0d,2025-12-12,basic,200,ok,1788444785
939c65fb87dfead60661a0e1dfee2928,2025-12-12,basic,200,ok,1788444786
2578bcb741cc1f862f76bdf6fd24ff03,2025-12-12,basic,200,ok,1788444787
4e8bfec395849e40f0b917600eb2c4d2,2025-12-12,basic,200,empty,1788444787
74d9a691fb9417342ceec12227c969d4,2025-12-12,basic,200,ok,1788444788
22ee27f94fa8c1ec968e51e6fcdf1e50,2025-12-12,basic,200,ok,1788444788
484afd6168e98d8aa18ec2d475e43e76,2025-12-12,basic,200,ok,1788444789
575b7ba8220fff2c790465fa612c36c7,2025-12-12,basic,200,ok,1788444790
13c1c1bde2f14d9390a8a609c42bf4a1efe8d04e6d233bd35cf2fabdeb93fb0d,2025-12-12,basic,200,ok,1788444790
e461cdffee5559511cbc83f7ed31c813,2025-12-12,basic,200,empty,1788444791
b060b95f774aef34194362823744bb1b,2025-12-12,basic,200,ok,1788444792
22f7b330acaf9c9d480a1a54d0da35d4efe8d04e6d233bd35cf2fabdeb93fb0d,2025-12-12,basic,200,ok,1788444792
d4dcca66594e3db12d0beff6f63b9b1b,2025-12-12,basic,200,ok,1788444793
735aba0aba13099dc5272ab5fbc18aa7efe8d04e6d233bd35cf2fabdeb93fb0d,2025-12-12,basic,200,ok,1788444793
2b08282cb0ad8bb911e279d73258e946efe8d04e6d233bd35cf2fabdeb93fb0d,2025-12-12,basic,200,ok,1788444794
3fda514722db89dd352811b92a9928ca,2025-12-12,basic,200,ok,1788444795
bac4668bc5333ebabff74395e2da3dd6,2025-12-12,basic,200,ok,1788444795
1dd7c1158b537d455c332bdb0e863799efe8d04e6d233bd35cf2fabdeb93fb0d,2025-12-12,basic,200,ok,1788444796
7a75854e8db35ba537d912a8b7410992efe8d04e6d233bd35cf2fabdeb93fb0d,2025-12-12,basic,200,ok,1788444796
5de0c7344f7ca5139015d94834d9ed98efe8d04e6d233bd35cf2fabdeb93fb0d,2025-12-12,basic,200,empty,1788444797
d050f7269602ed77fed87d51cfb06b05,2025-12-12,basic,200,empty,1788444797
90c851a2b90b4ef33966d911057cce29,2025-12-12,basic,200,ok,1788444798
a99f5dc5aa81000e1f00b13d4347ed49,2025-12-12,basic,200,ok,1788444799
77d3e0d2cee5d1f3e77e4c6dba030ea5,2025-12-12,basic,200,ok,1788444799
e23ae618185939d85395378961bcc185,2025-12-12,basic,200,ok,1788444800
a016a368d1aec084d93fd673a932e451,2025-12-12,basic,200,ok,1788444801
e66e3dc25a4191dae538247c543bec6e,2025-12-12,basic,200,empty,1788444801
4bd8876854a34d9e2ba5c25e93829c47efe8d04e6d233bd35cf2fabdeb93fb0d,2025-12-12,basic,200,ok,1788444802
021d71c6c5fce78fcc38720dc5ff520a,2025-12-12,basic,200,ok,1788444803
28c1dd68d3e28cfc5b4d3cf10c6d27f8,2025-12-12,basic,200,ok,1788444803
a66bafc6440c99aa97497b3ff273e52befe8d04e6d233bd35cf2fabdeb93fb0d,2025-12-12,basic,200,ok,1788444804
6d1535e43968392674b8adfe674b815f,2025-12-12,basic,200,ok,1788444805
df0c8cc78daaf8d1937b3f732d1ad4cf,2025-12-12,basic,200,ok,1788444805
c3d56e6201c08d56ff10bdcc24b78dfcefe8d04e6d233bd35cf2fabdeb93fb0d,2025-12-12,basic,200,ok,1788444806
68c3d15c80f798aa5c496382c65be23b,2025-12-12,basic,200,ok,1788444806
7d41dac73f726278a655622ecb8491f5efe8d04e6d233bd35cf2fabdeb93fb0d,2025-12-12,basic,200,ok,1788444807
8a3f3a08ee7cd8adfc5041db3f29bd72,2025-12-12,basic,200,ok,1788444808
7ef1d22504f225324d8f13e8634cc371efe8d04e6d233bd35cf2fabdeb93fb0d,2025-12-12,basic,200,ok,1788444808
2c25666d17c65269d8c5e0f23b4b6caf,2025-12-12,basic,200,ok,1788444809
6b39684aded24d48ef2bd140f5d5ab94,2025-12-12,basic,200,empty,1788444810
f15088071bf5822c489de5cb8e132c1defe8d04e6d233bd35cf2fabdeb93fb0d,2025-12-12,basic,200,ok,1788444810
cb59416e41cd22927440cb5d0095e028,2025-12-12,basic,200,ok,1788444811
6866e91dd9b00d774be7491edae6e822efe8d04e6d233bd35cf2fabdeb93fb0d,2025-12-12,basic,200,ok,1788444812
7f51989dec8839e77ec1ab225f332509efe8d04e6d233bd35cf2fabdeb93fb0d,2025-12-12,basic,200,ok,1788444812
84c02150731ba1e3e04f93afa3585f7aefe8d04e6d233bd35cf2fabdeb93fb0d,2025-12-12,basic,200,ok,1788444813
aa642c9485ec1941fef82cb1ef88d92d,2025-12-12,basic,200,empty,1788444813
cc5bdbc508f1f666f58017ce86be5fb1efe8d04e6d233bd35cf2fabdeb93fb0d,2025-12-12,basic,200,ok,1788444814
db50a8916c2feaeb4fa8e4c6e55a7b3defe8d04e6d233bd35cf2fabdeb93fb0d,2025-12-12,basic,200,ok,1788444815
60e44012732bc8cb2219a9e090bc46a3,2025-12-12,basic,200,ok,1788444815
898213a77bd67d21879d2797fea6fc50,2025-12-12,basic,200,ok,1788444816
6936d23e5b13ea9c639e504bcaf31769,2025-12-12,basic,200,empty,1788444816
e2d0678c60986ca773e3713a038a4f40,2025-12-12,basic,200,ok,1788444817
31d4a79f763d231d9fdefa04ada40ed9efe8d04e6d233bd35cf2fabdeb93fb0d,2025-12-12,basic,200,ok,1788444818
f67e80f8bf3fd1c4d8abef37571f3dd3efe8d04e6d233bd35cf2fabdeb93fb0d,2025-12-12,basic,200,ok,1788444818
93ef68780df150709339fe1946a5f198,2025-12-12,basic,200,ok,1788444819
11487a1f2f2f5c85599785b708a01659,2025-12-12,basic,200,ok,1788444820
50f9cb8a98a8746f77e68fa1a7504815,2025-12-12,basic,200,ok,1788444820
652437ed1ddfdac7ce617855364d7e24,2025-12-12,basic,200,ok,1788444821
63bf708b6c9548143e844fdc5753878e,2025-12-12,basic,200,ok,1788444821
857bd5cba59b2aff151abc4aae83c8abefe8d04e6d233bd35cf2fabdeb93fb0d,2025-12-12,basic,200,ok,1788444822
8fea030ca17edc6fc8cc5ea6a788eb5a,2025-12-12,basic,200,ok,1788444823
df00a751c2ea003f778c017f563b46eb4723574b05820acf03e7ec3162ff5bed,2025-12-12,basic,200,ok,1788444823
5a68e3de4a5521a88d876d0a3d5b5d4f,2025-12-12,basic,200,ok,1788444824
0acda468ae5e6fb931c3626708f0e028a2186d8e7cf7a6ee152d97cc78f2ae8b,2025-12-12,basic,200,empty,1788444824
9bb15113f84cf38e7a19d213281190b1efe8d04e6d233bd35cf2fabdeb93fb0d,2025-12-12,basic,200,ok,1788444825
6bf765c535d897a2c18409e5e6f27089,2025-12-12,basic,200,ok,1788444826
5e435512bd762458e973b981ffbd1d54,2025-12-12,basic,200,ok,1788444826
1498280213e13b2b59660f0b6aee1720,2025-12-12,basic,200,ok,1788444827
85892b7afd7c6caa422d8eea63e91438efe8d04e6d233bd35cf2fabdeb93fb0d,2025-12-12,basic,200,ok,1788444828
2986918ec5941d45ccdeda7f3d3e1aa3,2025-12-12,basic,200,ok,1788444828
3a89485940893699400ba02af1bde667,2025-12-12,basic,200,ok,1788444829
077a0e8c69d7eb70b064b843b2b64110,2025-12-12,basic,200,ok,1788444829
3711b59d046ce6f508b5fd21b7ca13b1,2025-12-12,basic,200,ok,1788444830
d12340e54081e449e8858bc6e21db2a1,2025-12-12,basic,200,ok,1788444831
11f189b4da6339e36effd886f2ea00b6,2025-12-12,basic,200,empty,1788444831
a1cf41d37e6e4899db253d1f5ce46170,2025-12-12,basic,200,ok,1788444832
c08400f5b60f6d19d77efda833772741,2025-12-12,basic,200,ok,1788444833
5169167ce21f67f5e3d77c0c635002e34723574b05820acf03e7ec3162ff5bed,2025-12-12,basic,200,ok,1788444833
9aef3930d0c4bb12db2553fec19725c6,2025-12-12,basic,200,ok,1788444834
f66948852ecc7be69eaa331e541bd2e9,2025-12-12,basic,200,ok,1788444834
6ebfe42c02fce5f1a0589794e977bd7f,2025-12-12,basic,200,ok,1788444835
05946163ec8fba2af18102be66740948efe8d04e6d233bd35cf2fabdeb93fb0d,2025-12-12,basic,200,ok,1788444836
afc54144137f5bba7ea0fe16e91574a7,2025-12-12,basic,200,ok,1788444836
217de04fec9a7a81ac068a8b0af645c7,2025-12-12,basic,200,ok,1788444837
203813e064fa13d9fd44b1ced2a01fd1,2025-12-12,basic,200,ok,1788444838
5197b8190fe1ce90fd155d2e9a2e516d,2025-12-12,basic,200,ok,1788444838
29925dd9edcaf5a63d81738057f69afd,2025-12-12,basic,200,ok,1788444839
04b2a365f11e0f8e48e4c65c1cfe70ed,2025-12-12,basic,200,ok,1788444840
c8f4a41c1368607cf9c31043a8b41846,2025-12-12,basic,200,ok,1788444840
914a7540516b74e1f2812b566e4a5b64,2025-12-12,basic,200,ok,1788444841
9467ac50a7b87a476ad5ebcca4263bc2,2025-12-12,basic,200,ok,1788444842
df236be95985b9def71482281a38e73fefe8d04e6d233bd35cf2fabdeb93fb0d,2025-12-12,basic,200,ok,1788444842
dc9e8579a19eddd613b717d71d43683b,2025-12-12,basic,200,ok,1788444843
b22f12c94280f0e1016def1bc511eb86,2025-12-12,basic,200,ok,1788444844
4036ca24a80f056f7482db3913b4d357,2025-12-12,basic,200,ok,1788444844
576c5199b41704e7c15a9e3a85f41b09efe8d04e6d233bd35cf2fabdeb93fb0d,2025-12-12,basic,200,ok,1788444845
74bb94ae1c1bd047be19b110bae0aef8,2025-12-12,basic,200,ok,1788444845
0f9587a6e15e903ed7457a830a5df476,2025-12-12,basic,200,ok,1788444846
88e90383483beaae9db738e7866c94f3efe8d04e6d233bd35cf2fabdeb93fb0d,2025-12-12,basic,200,ok,1788444847
dbecf99426dc8b5a18a890f9e2e8d867,2025-12-12,basic,200,ok,1788444847
570f49e94180026039f437f0ebbaf22fefe8d04e6d233bd35cf2fabdeb93fb0d,2025-12-12,basic,200,ok,1788444848
4718c9518becadd35feec18ffc60d265efe8d04e6d233bd35cf2fabdeb93fb0d,2025-12-12,basic,200,ok,1788444849
4afda4a2381806047aa88389d084ecc2efe8d04e6d233bd35cf2fabdeb93fb0d,2025-12-12,basic,200,ok,1788444849
c78171fab867fa88fc18bdf151ecef10efe8d04e6d233bd35cf2fabdeb93fb0d,2025-12-12,basic,200,empty,1788444850
aed7bf18d59352e2179202d33e1aa912efe8d04e6d233bd35cf2fabdeb93fb0d,2025-12-12,basic,200,ok,1788444850
f1e32480cea177de0b1504bc220f4b7e86e68d4012202d0434d05f81868f68e3,2025-12-12,basic,200,empty,1788444851
7cdad52cb1d4be12f2a54d9c4fa9d455,2025-12-12,basic,200,empty,1788444851
dbade363947ed8f86d572b4c3795b702,2025-12-12,basic,200,empty,1788444852
e488805a70171e287e54736142ed6470,2025-12-12,basic,200,ok,1788444853
67401d2eca73ba8dd6719e1cad1560e5,2025-12-12,basic,200,ok,1788444853
8dd32047492e876fc65a64d8acab845b,2025-12-12,basic,200,ok,1788444854
2d4af4ca0cc8591d5489037181cf312e,2025-12-12,basic,200,ok,1788444855
4e381e5ec8eb6b3aca252d14383c283eefe8d04e6d233bd35cf2fabdeb93fb0d,2025-12-12,basic,200,ok,1788444855
53b0ca53923e82e6261dae7b7e9afc0d,2025-12-12,basic,200,ok,1788444856
fd86d3fac8828bc0e3e03856140c3a58,2025-12-12,basic,200,ok,1788444856
9bc8c9ab8b9785b0166c06eaa427013d,2025-12-12,basic,200,ok,1788444857
0efa2eb74ac142f5d19f86abf7321626,2025-12-12,basic,200,empty,1788444858
b90419e2fc405bb0558c742fe6d940d9efe8d04e6d233bd35cf2fabdeb93fb0d,2025-12-12,basic,200,empty,1788444858
8fbbc09cc5759da0315cf41be5e61553efe8d04e6d233bd35cf2fabdeb93fb0d,2025-12-12,basic,200,ok,1788444859
3ba4c2dafc509d2020e6cdee227fd41f,2025-12-12,basic,200,empty,1788444860
e2ec459eceb64b64eb195a9e1ddb7bd3,2025-12-12,basic,200,ok,1788444860
c1f6c08aa70c9ccf7704b591fccf22c9,2025-12-12,basic,200,ok,1788444861
769595944fafd511f2ea616f46022500,2025-12-12,basic,200,empty,1788444861
e2ce16655b471c8d71555c2f1bc0bbdf,2025-12-12,basic,200,ok,1788444862
31e0e85cda5f8cafa373e0e2e957ffbf,2025-12-12,basic,200,ok,1788444863
57dd8215dce713e4a994b89e759af360efe8d04e6d233bd35cf2fabdeb93fb0d,2025-12-12,basic,200,ok,1788444863
55dd6c792ea2cc29faf825b0e45c02e4efe8d04e6d233bd35cf2fabdeb93fb0d,2025-12-12,basic,200,ok,1788444864
f97df44555568956f4902293d35ff632,2025-12-12,basic,200,ok,1788444865
6d463d867b696654bc371fc83fb53731efe8d04e6d233bd35cf2fabdeb93fb0d,2025-12-12,basic,200,empty,1788444865
31c6c6213f2d2dcc0461544ea06b3f90efe8d04e6d233bd35cf2fabdeb93fb0d,2025-12-12,basic,200,empty,1788444866
4e7e6d36e8b7a8d20592cff7ed3f5123,2025-12-12,basic,200,ok,1788444866
5bde4ba02370ebe6770c26cc38cd22d4efe8d04e6d233bd35cf2fabdeb93fb0d,2025-12-12,basic,200,empty,1788444867
7502dca82d3d82e03b1eb0ce05985d20efe8d04e6d233bd35cf2fabdeb93fb0d,2025-12-12,basic,200,ok,1788444868
a660258798e98ac4a10d10610914225c,2025-12-12,basic,200,empty,1788444868
da59aeec511ed5b8f8f1f63ae728e79e,2025-12-12,basic,200,ok,1788444869
78535bb3901ed5024df8f35aa22af40f,2025-12-12,basic,200,ok,1788444870
b4dd6666872582e2939af2eaffe6e338,2025-12-12,basic,200,ok,1788444870
9ebbd34a4de8d7f737e5d6c72993b9e5,2025-12-12,basic,200,empty,1788444871
fe387774c347b28e78a16025c713b2a5efe8d04e6d233bd35cf2fabdeb93fb0d,2025-12-12,basic,200,ok,1788444871
878bc87d59dd8136efb77f70babf5c7b,2025-12-12,basic,200,ok,1788444872
a40a25e23e316d6f298d4359592d6434efe8d04e6d233bd35cf2fabdeb93fb0d,2025-12-12,basic,200,ok,1788444873
5ffd9137f0795b6558338ad408fdd9ec,2025-12-12,basic,200,ok,1788444873
1080f57f2e025f68d94bb6b253defb616fbb98200a15be5bcc73a64995849e9c,2025-12-12,basic,200,ok,1788444874
b247af5a13fc4a12dc7b3d39632d6735,2025-12-12,basic,200,empty,1788444874
59734cc619d8bc6547bd1c587312ccce,2025-12-12,basic,200,ok,1788444875
f93fcef4cafecf97c145cb8396d6b46fefe8d04e6d233bd35cf2fabdeb93fb0d,2025-12-12,basic,200,ok,1788444876
bd02417738eaa58ae538edf4c7e86fb2,2025-12-12,basic,200,ok,1788444876
084201e1bd47aee1cf6ca910db0038bb,2025-12-12,basic,200,ok,1788444877
41bce24aaaca35d2997d4f195f832a05,2025-12-12,basic,200,ok,1788444877
3d5b766f0fc369cc4096752a8bd1c475,2025-12-12,basic,200,ok,1788444878
44a1d1dc913d33b11f3f365872d6f29cefe8d04e6d233bd35cf2fabdeb93fb0d,2025-12-12,basic,200,ok,1788444879
bb7acbb4e8dfe4d350e135a5c852db6b,2025-12-12,basic,200,ok,1788444879
81ba830e826a0b666c7618ca0cd3d3a5efe8d04e6d233bd35cf2fabdeb93fb0d,2025-12-12,basic,200,ok,1788444880
11cf30820abb365c9d0e5b5be13798c4efe8d04e6d233bd35cf2fabdeb93fb0d,2025-12-12,basic,200,empty,1788444881
5b3bd7bed4346c9e767ec5e89d6aaa51efe8d04e6d233bd35cf2fabdeb93fb0d,2025-12-12,basic,200,ok,1788444881
69521db807d753f5d29dab1e7017ec47efe8d04e6d233bd35cf2fabdeb93fb0d,2025-12-12,basic,200,ok,1788444882
360ad732fa6f5497225cfac894d3bdfe8295750b1f4857867454debc45ec9c8a,2025-12-12,basic,200,ok,1788444883
55923c87be2e0e0638a50314b5c46532efe8d04e6d233bd35cf2fabdeb93fb0d,2025-12-12,basic,200,ok,1788444883
468162f8a7aad517802a4a7f1a56f452efe8d04e6d233bd35cf2fabdeb93fb0d,2025-12-12,basic,200,empty,1788444884
b11fbc29af3230d8a0193ea9ff9aa848,2025-12-12,basic,200,ok,1788444884
f7392c663d6938fd36aef41264e46070,2025-12-12,basic,200,ok,1788444885
a3135254bbf6c95ad614b7b7ef41ccacefe8d04e6d233bd35cf2fabdeb93fb0d,2025-12-12,basic,200,ok,1788444886
b780eb244f1558b504e3c3d714c9d696efe8d04e6d233bd35cf2fabdeb93fb0d,2025-12-12,basic,200,ok,1788444886
f7b06610a6eae159c1e414f5677c4c4d,2025-12-12,basic,200,ok,1788444887
2f02c8fccb6bacb1c1eaf2ca00ad7484,2025-12-12,basic,200,ok,1788444887
4f18811b428fecdca57381c9a08e2ad8,2025-12-12,basic,400,http_400,1788444888
48c281e161d3eca16a0a0e0418555483,2025-12-12,basic,200,ok,1788444889
e96b94c360f93b33696eed0c8776e7c8,2025-12-12,basic,200,empty,1788444889
aefa01d3f2ac969d9f2c5ae6b7ffb248,2025-12-12,basic,200,ok,1788444890
cec62bdfdfe39ff25faabd8f9469afd5,2025-12-12,basic,200,ok,1788444890
daaf961d9aa23f66c0669a3d2ce8290aefe8d04e6d233bd35cf2fabdeb93fb0d,2025-12-12,basic,200,ok,1788444891
d20154727c6955718f207cf29f251675,2025-12-12,basic,200,ok,1788444892
d4d4941e3e1a4bc481f296a4d7c1bfec,2025-12-12,basic,200,empty,1788444892
8f6fd27155270d3232bd71494f851695efe8d04e6d233bd35cf2fabdeb93fb0d,2025-12-12,basic,200,ok,1788444893
f95f82811d285ef1ebc967a9797195c2efe8d04e6d233bd35cf2fabdeb93fb0d,2025-12-12,basic,200,ok,1788444893
b5ed035821e53dbd9bca07cf6eaf8950,2025-12-12,basic,200,ok,1788444894
564ef91ab28becc884e6457f9ca16ce0,2025-12-12,basic,200,ok,1788444895
f4b3fc9bb7a7fea1abb89c62a8430b6fefe8d04e6d233bd35cf2fabdeb93fb0d,2025-12-12,basic,200,empty,1788444895
f2c8f6f035055085a969f86f5b99847aaae77432709819edb959e1fd5d1d77b4,2025-12-12,basic,200,ok,1788444896
e55cd7ef4a443589d3cc2f343e1d38f3efe8d04e6d233bd35cf2fabdeb93fb0d,2025-12-12,basic,200,ok,1788444896
21008ce56ce8426bb5e2fbd3a1151ddb,2025-12-12,basic,200,ok,1788444897
4d391d1d0383e4ffa53855ce62a74afe,2025-12-12,basic,200,ok,1788444898
cff15c744c5378a9f67b65770fedf1a6,2025-12-12,basic,200,empty,1788444898
b7d48966f7bbefd1f51941f4fc9deee1,2025-12-12,basic,200,ok,1788444899
5f72b8de053e1d7784c9f2253c31f4f9,2025-12-12,basic,200,ok,1788444900
887978851251383753a2ed0aa36c4912efe8d04e6d233bd35cf2fabdeb93fb0d,2025-12-12,basic,200,ok,1788444900
76e1c2af562d1ee5a20c75575415d935,2025-12-12,basic,200,ok,1788444901
837f90f46222cf8edc4aef21c6999da0,2025-12-12,basic,200,ok,1788444902
ad32e36318a75d4540450855b4205c9cefe8d04e6d233bd35cf2fabdeb93fb0d,2025-12-12,basic,200,ok,1788444902
458d5a91325da9ab02d313bd238e5cd36fbb98200a15be5bcc73a64995849e9c,2025-12-12,basic,200,ok,1788444903
d14aa6441c5c18682feed130894556d9,2025-12-12,basic,200,ok,1788444903
605fb808539073a96c4206e7e640be77,2025-12-12,basic,200,ok,1788444904
3c905e938e84603bf78a5dfd8566cd4aefe8d04e6d233bd35cf2fabdeb93fb0d,2025-12-12,basic,200,ok,1788444905
8fc405d2ff4e3dc13a531883c1f83831,2025-12-12,basic,200,ok,1788444905
230f434897de7ed37192dd1f8e811ce2efe8d04e6d233bd35cf2fabdeb93fb0d,2025-12-12,basic,200,ok,1788444906
561ac52734a28d58392e210a2bc7bc6f,2025-12-12,basic,200,ok,1788444907
45860da093b54ddd88621df95efe047e,2025-12-12,basic,200,ok,1788444907
232d375b157c3bb4c2c8c38fff584609,2025-12-12,basic,200,ok,1788444908
985573f04f85b3501f50a356377c679886e68d4012202d0434d05f81868f68e3,2025-12-12,basic,200,ok,1788444908
6df41f003648956bfdb3b855f0bded1aefe8d04e6d233bd35cf2fabdeb93fb0d,2025-12-12,basic,200,ok,1788444909
13413cab8679be4b4b9c9d5f9dcc4198,2025-12-12,basic,200,empty,1788444909
2487b2e558897cc97e6d5f10217e32d3,2025-12-12,basic,200,ok,1788444910
1225dbe41fe7d56231ce514639b254f3,2025-12-12,basic,200,ok,1788444911
3109204070450b09995c17d411702ffb4723574b05820acf03e7ec3162ff5bed,2025-12-12,basic,200,ok,1788444911
ea94d75dbadee6e48d17f0ad6cc6e2f6,2025-12-12,basic,200,ok,1788444912
8a10ee6787855c9bd8f8985da5c581463663933da92e7566c55104ec9ac2894d,2025-12-12,basic,200,ok,1788444913
a806c3b534bf4b7b498776021fdbaf86a2186d8e7cf7a6ee152d97cc78f2ae8b,2025-12-12,basic,200,ok,1788444913
42364febfe159dfc1a680905afcb730aefe8d04e6d233bd35cf2fabdeb93fb0d,2025-12-12,basic,200,ok,1788444914
4b4295969515ca2f93b2011c33ba5dec,2025-12-12,basic,200,ok,1788444914
a08df997d21d71a4b574fa5848d5b6a8efe8d04e6d233bd35cf2fabdeb93fb0d,2025-12-12,basic,200,ok,1788444915
09f2320671bc1149dcedca17e0ea1a82,2025-12-12,basic,200,ok,1788444916
d8fde503a0c62bddda308b3e9a502432efe8d04e6d233bd35cf2fabdeb93fb0d,2025-12-12,basic,200,ok,1788444916
1c85171c1258f89e8bece5d659dcff79,2025-12-12,basic,200,ok,1788444917
bb1ea8dc46bb523f64aad2dde292d50cefe8d04e6d233bd35cf2fabdeb93fb0d,2025-12-12,basic,200,empty,1788444917
ba419f15d7ebb4696c57f7131f11a19f,2025-12-12,basic,200,ok,1788444918
320c46ce9369442c58356a8356491291efe8d04e6d233bd35cf2fabdeb93fb0d,2025-12-12,basic,200,ok,1788444919
aed59f313aca1957cce26cb72591dfc9,2025-12-12,basic,200,ok,1788444919
9e6623334e81ddd09df5f4f68a10a74de85e07f9d5d276f44440847eec04ba68,2025-12-12,basic,200,ok,1788444920
7a2e6e8f0e9ce0a6be16123f73d53866,2025-12-12,basic,200,ok,1788444921
67feb1b2e8a9d24bb0ef94009b8fc9c3,2025-12-12,basic,200,ok,1788444921
03464ce4fdc43166ce06b2f7a6b8c042efe8d04e6d233bd35cf2fabdeb93fb0d,2025-12-12,basic,200,ok,1788444922
3d071f1d01071392b85d8492892da839,2025-12-12,basic,200,ok,1788444923
04300c2eb4fb60c542d25ae9e16f406e86e68d4012202d0434d05f81868f68e3,2025-12-12,basic,200,empty,1788444923
f9e848284ba6645ab84607e606c60609efe8d04e6d233bd35cf2fabdeb93fb0d,2025-12-12,basic,400,http_400,1788444924
a167d738aad553e557e93f4bfa7816ed,2025-12-12,basic,200,empty,1788444924
3bfba48b518e5bb7247117742e759984,2025-12-12,basic,200,ok,1788444925
63e016b154aec58470d5091e9142e02eefe8d04e6d233bd35cf2fabdeb93fb0d,2025-12-12,basic,200,ok,1788444926
cae99911078c6fdbebd7163a09956a14efe8d04e6d233bd35cf2fabdeb93fb0d,2025-12-12,basic,200,ok,1788444926
cbc3bc70542c363fcad1cfc3e803f161,2025-12-12,basic,400,http_400,1788444927
d70101605764112cda93e2bd742fd4b6efe8d04e6d233bd35cf2fabdeb93fb0d,2025-12-12,basic,200,ok,1788444927
478d94813ab5ff62c54d06e04b2aa027,2025-12-12,basic,200,ok,1788444928
aafad8ba341907730aedc64b21273ed5,2025-12-12,basic,200,ok,1788444929
fbdca35b4a4ca4660da4028600c668d8e85e07f9d5d276f44440847eec04ba68,2025-12-12,basic,200,empty,1788444929
23c24b91787501cb8f38b861ef954724,2025-12-12,basic,200,empty,1788444930
c59bdd7c47d20c23da9e80e7a43915863663933da92e7566c55104ec9ac2894d,2025-12-12,basic,200,ok,1788444930
4fca895611997f23258575fb74970c4d,2025-12-12,basic,200,ok,1788444931
1d33b5e53752f1ee6293f21596f6f9eb,2025-12-12,basic,200,ok,1788444932
946a2b135345e00c961d884112dc5108efe8d04e6d233bd35cf2fabdeb93fb0d,2025-12-12,basic,200,ok,1788444932
d44387cfcb48ec7bbf0dce34375f83c1,2025-12-12,basic,200,ok,1788444933
0a489f2975b0b3f53f11e6fca3b212cb,2025-12-12,basic,200,empty,1788444933
1763b2cd320a3864418a00c8ee5118d4efe8d04e6d233bd35cf2fabdeb93fb0d,2025-12-12,basic,200,ok,1788444934
46e451194adf44697adb28adf76a51d8,2025-12-12,basic,200,empty,1788444935
d0d5a4b6a602efb651a650d440c6f5d6efe8d04e6d233bd35cf2fabdeb93fb0d,2025-12-12,basic,200,ok,1788444935
a9336c6a61ec00bc99cfa2aa8d344bd7efe8d04e6d233bd35cf2fabdeb93fb0d,2026-03-15,basic,200,ok,1788444936
5055ee612d264748dadd9bec460eb318,2026-03-15,basic,200,empty,1788444936
9e17c97e34b77b0861daf160292b8630c47ea5ffea2564f587ca830a8f71acb2,2026-03-15,basic,200,ok,1788444937
84cee694e5ac968b6e636aaedc36a8dd,2026-03-15,basic,200,ok,1788444938
c500db882240c418453aeab03da4cbfa,2026-03-15,basic,200,ok,1788444938
dee8cb06a0945f1afc27d385b2a4e3c5,2026-03-15,basic,200,ok,1788444939
c94a78c413af53221c21e40085618c1f,2026-03-15,basic,200,ok,1788444939
0ae099f30608483262951c3dc7ce60ceefe8d04e6d233bd35cf2fabdeb93fb0d,2026-03-15,basic,200,ok,1788444940
e03abbd5815c8c532f8cda629cd8c7ee,2026-03-15,basic,200,ok,1788444941
a0d914e7d32f907092022e125b22750e,2026-03-15,basic,200,ok,1788444941
d5f5cde782e2a2f78efe188d2f45f2de,2026-03-15,basic,200,ok,1788444942
9850bbadf4e657dcc576c8dd3cda4f00,2026-03-15,basic,200,ok,1788444942
034f0ae6a7632747d52578618232bf9eefe8d04e6d233bd35cf2fabdeb93fb0d,2026-03-15,basic,200,ok,1788444943
e1867cbb6dea38527b6c1b9c5e1e2ba9,2026-03-15,basic,200,ok,1788444944
2b197f345b6f1218ca31b8f4f8a66c6b,2026-03-15,basic,200,ok,1788444945
832a06fc6060a90018dc3ee36a13764d,2026-03-15,basic,200,ok,1788444945
2fae46848f423cce4cbbd45932cf86d7,2026-03-15,basic,200,ok,1788444946
18e5861b003a34489f19f9386491583b,2026-03-15,basic,200,ok,1788444946
6d8dd0b576114c242d3db2389f652b0b,2026-03-15,basic,200,ok,1788444947
debd8eaaff346b64408d17730a23a136,2026-03-15,basic,200,ok,1788444948
cd837f6ee3ece1300a75e6d48f716561,2026-03-15,basic,200,ok,1788444948
52daed165f4a329948e7ae71d2f4c4ee,2026-03-15,basic,200,ok,1788444949
6bad1e8cf7cf14ef7df1599bbe0b74e2efe8d04e6d233bd35cf2fabdeb93fb0d,2026-03-15,basic,200,ok,1788444950
f4bf249c82abe7c97e7109dc6edbdc96,2026-03-15,basic,200,ok,1788444950
d1ac9d19a59d601ea8b8b103e75afbb0efe8d04e6d233bd35cf2fabdeb93fb0d,2026-03-15,basic,400,http_400,1788444951
1b2d5fc62e47cc1e1a7bb513870c6cc7,2026-03-15,basic,200,ok,1788444951
a1091cf6b557c0143117c22415dc77eb,2026-03-15,basic,200,ok,1788444952
ea7cf12ae97f186a2539e2f78facf9b2efe8d04e6d233bd35cf2fabdeb93fb0d,2026-03-15,basic,200,empty,1788444953
89c9a3acd17698edd52c4bcbc7023988,2026-03-15,basic,200,ok,1788444953
8a0708286b479aaf6798fa54ce4dac60efe8d04e6d233bd35cf2fabdeb93fb0d,2026-03-15,basic,200,ok,1788444954
72eb9c4b63242af14686d45d22c76c0defe8d04e6d233bd35cf2fabdeb93fb0d,2026-03-15,basic,200,empty,1788444954
41b6b75b800cd56d7efd731bd6fef3b6efe8d04e6d233bd35cf2fabdeb93fb0d,2026-03-15,basic,200,ok,1788444955
3086befe80c3854a79a028f35fa8d3cdefe8d04e6d233bd35cf2fabdeb93fb0d,2026-03-15,basic,200,ok,1788444956
6b1a14be4380cf7d778517123b0ca0cd,2026-03-15,basic,200,ok,1788444956
7e82aa4f36c20de931e0efbe2edf7afc,2026-03-15,basic,200,ok,1788444957
305ed6903dd6dd7e17bf6814fcbbad17,2026-03-15,basic,200,ok,1788444957
a0d22d0ce4d0b10d0d60127926071f76efe8d04e6d233bd35cf2fabdeb93fb0d,2026-03-15,basic,200,empty,1788444958
5af5542896e8285856f060495fa65988,2026-03-15,basic,200,ok,1788444959
08d9141a208b75e2bb96eec379e30761,2026-03-15,basic,200,ok,1788444959
ddbe488c41e5a6c7125341477688ccb1,2026-03-15,basic,200,ok,1788444960
1477ca4a945ce2ea3550bf7674101518efe8d04e6d233bd35cf2fabdeb93fb0d,2026-03-15,basic,200,ok,1788444960
5bbb424bcbeecdff87dfbda3c7733644,2026-03-15,basic,200,ok,1788444961
4ac81086ec4ece1a2b937c935fc7153f,2026-03-15,basic,200,ok,1788444962
5c8dec6a0d4bdf49a4d8c9b4e94247f4,2026-03-15,basic,200,ok,1788444962
ef19abd0ca30b8c2a75e6c27d898f069,2026-03-15,basic,200,ok,1788444963
b9e43600a0a5d468bb5cfc953a862810,2026-03-15,basic,200,ok,1788444964
6be6aa6921c9a498bcd0825e528f9770,2026-03-15,basic,200,ok,1788444964
e6baed67181d531851511b3e5080e28a86e68d4012202d0434d05f81868f68e3,2026-03-15,basic,200,empty,1788444965
afc5c75344d5c83c768697afa0e99c4c,2026-03-15,basic,200,ok,1788444965
4a14a6ced7a77b7228fa025ca4def144efe8d04e6d233bd35cf2fabdeb93fb0d,2026-03-15,basic,200,ok,1788444966
2438eebf18619d2eb88e9292089445ca,2026-03-15,basic,200,ok,1788444967
d4adeb700a7c3b553c402e4f391d1754efe8d04e6d233bd35cf2fabdeb93fb0d,2026-03-15,basic,200,empty,1788444967
8140fd3a2e2ccae8a0fd8b6fe75d9ac0efe8d04e6d233bd35cf2fabdeb93fb0d,2026-03-15,basic,200,ok,1788444968
dfd1264f72ae58d6c0b5222a9d17dbcf,2026-03-15,basic,200,ok,1788444968
cfc46ad7781122698e23b88dc57846c6,2026-03-15,basic,200,ok,1788444969
0dcaec2cb03a51a72e626e390fc45e49,2026-03-15,basic,200,ok,1788444970
910f746cfcf665cf4c4bb4efc84c0eeb,2026-03-15,basic,200,ok,1788444970
c8db12052496f509ec973925f5ba4776aae77432709819edb959e1fd5d1d77b4,2026-03-15,basic,200,ok,1788444971
2eb9cc3de8dfdfe726934f0374e6d4e8,2026-03-15,basic,200,ok,1788444972
524261774c370f5d801d0718f32916effd842dab14be2a956555625b37c97bff,2026-03-15,basic,200,ok,1788444972
cc6f1c896e6eb559e093698dd04a8f1d,2026-03-15,basic,200,ok,1788444973
a8a9876ab47d1a692f33386d5e3a43a7c47ea5ffea2564f587ca830a8f71acb2,2026-03-15,basic,200,empty,1788444973
2700a923cd81db84aade40961caa0ce9,2026-03-15,basic,200,ok,1788444974
0de0846e5ec5afa57e2519cc32437b45,2026-03-15,basic,200,ok,1788444975
d281b142d2442a2b44be7077f47f8065,2026-03-15,basic,200,ok,1788444975
f55450faaa9eb0208142e444d433c985efe8d04e6d233bd35cf2fabdeb93fb0d,2026-03-15,basic,200,ok,1788444976
b6c6b3ffdea70b5d852dff4fe6360802efe8d04e6d233bd35cf2fabdeb93fb0d,2026-03-15,basic,200,empty,1788444977
7932b6c1753f8d918db9139dac534ab4,2026-03-15,basic,200,ok,1788444977
47b23ba7ede04582e22713c5ef88cc9fefe8d04e6d233bd35cf2fabdeb93fb0d,2026-03-15,basic,200,ok,1788444978
e6a7e5527099dbbe9e3d8e23297c75ef,2026-03-15,basic,200,ok,1788444978
f5886b19dde98d9324b1db89407220ec,2026-03-15,basic,200,ok,1788444979
46c07212fc25a60ef3bc02c5489c79f5,2026-03-15,basic,200,empty,1788444980
98ba0957cb9db0b8310972174d65cb3a,2026-03-15,basic,200,ok,1788444980
039f55d699c00693471aad0d30a23991,2026-03-15,basic,200,ok,1788444981
7414e5aaedc601e8e7ef5a3beb9287d5,2026-03-15,basic,200,ok,1788444982
ac25fc71bfd0966457af76cc2077fe886fbb98200a15be5bcc73a64995849e9c,2026-03-15,basic,200,ok,1788444982
4927a817cdd994016bcd144cfb19d0b7efe8d04e6d233bd35cf2fabdeb93fb0d,2026-03-15,basic,200,ok,1788444983
b971fbb483bc7cc8d11a911453e8c9e3,2026-03-15,basic,200,ok,1788444983
f77f1d8ec8a7e69b76ac2db3e542db59efe8d04e6d233bd35cf2fabdeb93fb0d,2026-03-15,basic,200,empty,1788444984
f666337dfa2f027d822b94fce71ad0ce,2026-03-15,basic,200,ok,1788444984
b838e7be91c49feba88248385407110e,2026-03-15,basic,200,empty,1788444985
237fbe6a235681f7f4c1b57dfcb6b7f8fd842dab14be2a956555625b37c97bff,2026-03-15,basic,200,ok,1788444986
832e0158336b6fb42d53dcf5c5d9bf4c,2026-03-15,basic,200,ok,1788444986
633428fc8555a94131b3ca87bb5878caefe8d04e6d233bd35cf2fabdeb93fb0d,2026-03-15,basic,200,ok,1788444987
ea133f185dc297d92324ff2732064e89,2026-03-15,basic,200,ok,1788444987
a50ede2537d8ee2dd911a2b66a05ec90,2026-03-15,basic,200,ok,1788444988
4334d56d7cce33567862762e6bcc11a5,2026-03-15,basic,200,ok,1788444989
a324ab06228cd71851def39f47053d15,2026-03-15,basic,200,ok,1788444989
03f43f04516294208cad4eb8c7c6db32efe8d04e6d233bd35cf2fabdeb93fb0d,2026-03-15,basic,200,ok,1788444990
75980277e4b27b4d36f053ada6f175a7,2026-03-15,basic,200,ok,1788444990
6fe4d4e5e4bd5dd80af7d2f955fc93dd,2026-03-15,basic,200,ok,1788444991
ee0839f101af4bd06907b683e9f3a2298295750b1f4857867454debc45ec9c8a,2026-03-15,basic,200,ok,1788444992
27797175aa8eb36fad7533f935f3e4a8,2026-03-15,basic,200,empty,1788444992
4f50335da029324c481ee48cb0d5bd02efe8d04e6d233bd35cf2fabdeb93fb0d,2026-03-15,basic,200,ok,1788444993
2883a7a28f3c74f76bf854c1e5d5dc96efe8d04e6d233bd35cf2fabdeb93fb0d,2026-03-15,basic,200,ok,1788444993
e686660d483b2a763da1fd4bf01e3c68,2026-03-15,basic,200,ok,1788444994
394c36457ad8cca27f6614d29c1ce5ad,2026-03-15,basic,200,ok,1788444995
7ab3b5065eb6957f6f81bd1099990ff5,2026-03-15,basic,200,ok,1788444995
35fa353783e5df1b3c8139649c215fb6,2026-03-15,basic,200,ok,1788444996
283e8ff05be91901b45058fb581d5c23,2026-03-15,basic,200,ok,1788444997
8bef66eb3aff254c1de0fb96f98a8097,2026-03-15,basic,200,ok,1788444997
9ed094d3c58934e6346b04f4bd91aeba,2026-03-15,basic,200,ok,1788444998
7d41d32f5f8616ad2a4c3799ad0702c7,2026-03-15,basic,200,empty,1788444998
8bf985315b4d42f6ec3645184f8f5fa2,2026-03-15,basic,200,ok,1788444999
d188a68a2af5477c2ad82a3d7177880cefe8d04e6d233bd35cf2fabdeb93fb0d,2026-03-15,basic,200,ok,1788445000
1909b188015b35952643008ab422587b,2026-03-15,basic,200,ok,1788445000
103a9290d5493a904447b49780010a43,2026-03-15,basic,200,ok,1788445001
69f23d1fd1e4f77b9e6cb77dcf3850ad,2026-03-15,basic,200,ok,1788445001
560025f8412dfe6e7b3606010cfbd791efe8d04e6d233bd35cf2fabdeb93fb0d,2026-03-15,basic,200,ok,1788445002
c5d8654fa1d01fcb7071d008f1269c1aa2186d8e7cf7a6ee152d97cc78f2ae8b,2026-03-15,basic,200,empty,1788445002
f5f7368e707ac50d860ab63f2f062f3eefe8d04e6d233bd35cf2fabdeb93fb0d,2026-03-15,basic,200,ok,1788445003
a0bf5b435e356d0550d30a64984767e986e68d4012202d0434d05f81868f68e3,2026-03-15,basic,200,ok,1788445004
0d692d847ac4040cff524468eaeba2bc,2026-03-15,basic,200,empty,1788445004
8e296050312b9da2be6c511e7267aa00,2026-03-15,basic,200,ok,1788445005
25594b2b03c528a394beb3bd6d37f20d,2026-03-15,basic,200,empty,1788445005
8879d022d925eaaa5d742f6955dfb2baefe8d04e6d233bd35cf2fabdeb93fb0d,2026-03-15,basic,200,empty,1788445006
0d7de64314fee45783a50d460e13765d,2026-03-15,basic,200,ok,1788445007
207b654b7b0eb4f15f7823b99c790488,2026-03-15,basic,200,ok,1788445007
5aa322ecf775df0f0d0a1785ed537400,2026-03-15,basic,200,ok,1788445008
4fbcf88de79931925efea43ae077f0d0,2026-03-15,basic,200,ok,1788445009
7bac2a411c28391f7349d5b23f882757,2026-03-15,basic,200,ok,1788445009
feea0a533b1fbba92b1705d833c0733b6fbb98200a15be5bcc73a64995849e9c,2026-03-15,basic,200,ok,1788445010
1c33cdd2293dfed1e11ac41f340e5a0d,2026-03-15,basic,200,ok,1788445010
1c11aa776bfc404edaf6c7cc7e39147f,2026-03-15,basic,200,ok,1788445011
5eea6b5eda45e96c46cd0fcb7e0ec025,2026-03-15,basic,200,empty,1788445012
23ff7efda02c235e6456a933c811657c,2026-03-15,basic,200,ok,1788445012
60c1c9d80edc4a83534f63e155f69627efe8d04e6d233bd35cf2fabdeb93fb0d,2026-03-15,basic,200,ok,1788445013
a9dbc7d16754be8d4006c48d3ff9c5f0efe8d04e6d233bd35cf2fabdeb93fb0d,2026-03-15,basic,200,ok,1788445013
9af55904fc723277aa48af6b166ea1d4,2026-03-15,basic,200,empty,1788445014
be50c466d88e99674713904f4b85f29c,2026-03-15,basic,200,ok,1788445015
81be2643e7ba27a62b1c4cab3005f7db,2026-03-15,basic,200,ok,1788445015
46b8420f8f9678f463e9ca90b7c3e725efe8d04e6d233bd35cf2fabdeb93fb0d,2026-03-15,basic,200,ok,1788445016
dd72f9456a6538060f7ce5351667b8dc,2026-03-15,basic,200,ok,1788445016
efebbdf14a27849de34478e4b411b771,2026-03-15,basic,200,ok,1788445017
9598a7330e2a29d79606848ce8b6d438,2026-03-15,basic,200,ok,1788445018
027351da545abd3102cee3f83aaaf227,2026-03-15,basic,200,ok,1788445018
dfcc25839683fda724425cbb2904e81a,2026-03-15,basic,200,ok,1788445019
0cb779fb0a69e1c7805cc510e7db7e8c,2026-03-15,basic,200,ok,1788445019
b64ff7432fcfa5788d2ef49de5a07b62,2026-03-15,basic,200,ok,1788445020
fd07f0c4b4c688e86806dff8a07b4a63,2026-03-15,basic,200,ok,1788445021
2463070cf0bd6903381fc3d65accffe9efe8d04e6d233bd35cf2fabdeb93fb0d,2026-03-15,basic,200,ok,1788445021
47eedd77817d10cb1f9d04f490504af3,2026-03-15,basic,200,ok,1788445022
2cd3f2f3e6ec7dd2b2be13f77fa7865b,2026-03-15,basic,200,ok,1788445022
5efea7c0f18d46ec7f45e77eef3a6504,2026-03-15,basic,200,ok,1788445023
036eedb16b895263dc9bcecc345222a64723574b05820acf03e7ec3162ff5bed,2026-03-15,basic,200,ok,1788445024
90f39ae96b0f0673ff7a28f3331880cc,2026-03-15,basic,200,ok,1788445024
59c69a8fe644da4fbf77df9f9312aff3a2186d8e7cf7a6ee152d97cc78f2ae8b,2026-03-15,basic,200,empty,1788445025
a9a710df3524cf4767e4b927bd19f5c3efe8d04e6d233bd35cf2fabdeb93fb0d,2026-03-15,basic,200,ok,1788445025
b0921cf02c5fce834eee4da76b25d809,2026-03-15,basic,200,ok,1788445026
630bcdbe0858d96fc5ddda08bc14185d,2026-03-15,basic,200,ok,1788445027
dd0969b9e6f75003eaa8654133d11a2d,2026-03-15,basic,200,empty,1788445027
7d9b8d69676d497f96f9f05ab9c2e898,2026-03-15,basic,200,empty,1788445028
9bd4857ed93b82a6da3754ff2e4ceeafe85e07f9d5d276f44440847eec04ba68,2026-03-15,basic,200,ok,1788445028
b12e4d7f20f9b5ce7d07470d73791e05,2026-03-15,basic,200,ok,1788445029
cae3459af6c129c4b90b3e08a5e786ac,2026-03-15,basic,200,ok,1788445030
9b8b8e11ddcf8832ed83decc248a61bc,2026-03-15,basic,200,empty,1788445030
c364d519dbb06fb17e6365e131719664,2026-03-15,basic,200,ok,1788445031
13ea989ed152eaf3d1dfb13338d0b998,2026-03-15,basic,200,ok,1788445031
cfc2bb37c4e8dcf7100668e9bc090074efe8d04e6d233bd35cf2fabdeb93fb0d,2026-03-15,basic,200,ok,1788445032
811ca7351540d010b63e255977de53c3,2026-03-15,basic,200,ok,1788445032
35cc010bcfdd6b0c3c420561b2a365f5,2026-03-15,basic,200,ok,1788445033
54ed5a149e2481827417a9723960d17befe8d04e6d233bd35cf2fabdeb93fb0d,2026-03-15,basic,200,ok,1788445034
c2794ac88499c283bda46f876d85592eefe8d04e6d233bd35cf2fabdeb93fb0d,2026-03-15,basic,200,ok,1788445034
5158814f33211af898e9d0a4a806c7b3,2026-03-15,basic,200,ok,1788445035
f28877b2f1bdb62c1d4b2d8a99e4a79c,2026-03-15,basic,200,ok,1788445036
f0d4313eb1a7c3e16068a7ba0bc5eb8e,2026-03-15,basic,200,ok,1788445036
b80f96f8d00be8363e3f6c64d2b89e6defe8d04e6d233bd35cf2fabdeb93fb0d,2026-03-15,basic,200,ok,1788445037
73a0cae4c574f5c3204a9b6e1622c857efe8d04e6d233bd35cf2fabdeb93fb0d,2026-03-15,basic,200,ok,1788445038
4b384b27b558b42f63a1f11f8f071f49,2026-03-15,basic,200,ok,1788445038
4a9f5124a6eca36be6971b6d63054d17,2026-03-15,basic,200,ok,1788445039
e8fc701e3cdf3cc074a6e850cda11f69efe8d04e6d233bd35cf2fabdeb93fb0d,2026-03-15,basic,200,ok,1788445040
6bca448fe48ca75d1fece04eff4801e2,2026-03-15,basic,200,ok,1788445040
55e8e07a6a2e8dc63ca86a5a78ede857,2026-03-15,basic,200,ok,1788445041
69c3f618b6395e3cfa5ceeddcf10fe63,2026-03-15,basic,200,ok,1788445041
061aadf23d8356eab3b5cca9c46ce47eefe8d04e6d233bd35cf2fabdeb93fb0d,2026-03-15,basic,200,empty,1788445042
464e3faff406d27d72f00071aa1106de,2026-03-15,basic,200,ok,1788445043
266a1f7f1a8b5e42721635dd7d7ab55e,2026-03-15,basic,200,ok,1788445043
3fd53f5b98793cb97d5c6b1c0699b307,2026-03-15,basic,200,empty,1788445044
ea3bb05e77fa1160cfc4e295f76eb61b,2026-03-15,basic,200,ok,1788445045
84ee22ae1e81a51fa5eeafe6b288d1de,2026-03-15,basic,200,ok,1788445045
cb50614545b8a3222bea20cbfa01f4dfefe8d04e6d233bd35cf2fabdeb93fb0d,2026-03-15,basic,200,ok,1788445046
fd5580cef43307a87a5207b6ee9f806f,2026-03-15,basic,200,ok,1788445047
392f79ad92d9734d0606606ba41768b2,2026-03-15,basic,200,ok,1788445047
2381cc1f078b5284a9349d6bf4184d1486e68d4012202d0434d05f81868f68e3,2026-03-15,basic,200,empty,1788445048
828dbf2b30b025eab3d39b57b065205b,2026-03-15,basic,200,ok,1788445048
911dc910e299fb5505bfc67e0c3108beefe8d04e6d233bd35cf2fabdeb93fb0d,2026-03-15,basic,200,ok,1788445049
5231b060d8a4de49430bc4e417d5eb11,2026-03-15,basic,200,ok,1788445050
caf62b0da4e2a8262f7fcab1ee02fd76,2026-03-15,basic,200,empty,1788445050
e737dc96d9c0ee45e2aaebe17e4512dfefe8d04e6d233bd35cf2fabdeb93fb0d,2026-03-15,basic,200,ok,1788445051
8d3b47cad2142ff9ca1db602a1daf8e9,2026-03-15,basic,200,ok,1788445051
7e0bff67b1c69891cb581eac7c9d2ca6,2026-03-15,basic,200,ok,1788445052
32ba79f01ee8c8c5d879c19763f4863f,2026-03-15,basic,200,ok,1788445053
10f2408ad42697f5b75ba74d65e180538295750b1f4857867454debc45ec9c8a,2026-03-15,basic,200,ok,1788445053
56192f43b1997b39e865d4523607e1dd,2026-03-15,basic,200,empty,1788445054
735d90468da89f5e78fa510fdc2f80ccefe8d04e6d233bd35cf2fabdeb93fb0d,2026-03-15,basic,200,ok,1788445055
2429956f6142a3b473edde2cc96af27d,2026-03-15,basic,200,ok,1788445055
cb101b65ee0e5bc06bf046ed1d47059e,2026-03-15,basic,200,ok,1788445056
079d679a898ce79452755e9d8b6d84ef,2026-03-15,basic,200,ok,1788445057
8fe9d2efda1061c247ec5156fab68d1cefe8d04e6d233bd35cf2fabdeb93fb0d,2026-03-15,basic,200,empty,1788445057
783b3d264c9d11c5e2ad8bca16109c80,2026-03-15,basic,200,empty,1788445058
7044a88de535c0a0fee68cfa02f8ca4b,2026-03-15,basic,200,ok,1788445058
7e3780b4c672a5f03b4396997df1b4dc,2026-03-15,basic,200,ok,1788445059
47b699fd6eb43129f6152b7231c80adb,2026-03-15,basic,200,ok,1788445059
bb65e6f68ccb111da5109058cd61db6c,2026-03-15,basic,200,ok,1788445060
be916ef11b454c762dbf089801eebe96efe8d04e6d233bd35cf2fabdeb93fb0d,2026-03-15,basic,200,ok,1788445061
3631a142bdffd59e647a6eb1cdb62d05,2026-03-15,basic,200,ok,1788445061
ad2ffa871ca2aeffaa0abcd214938cb4efe8d04e6d233bd35cf2fabdeb93fb0d,2026-03-15,basic,200,ok,1788445062
921cb96d14020da523585779250d0935,2026-03-15,basic,200,ok,1788445063
62f1f6acbc1eefeb0e52cf47bea89c6be85e07f9d5d276f44440847eec04ba68,2026-03-15,basic,200,ok,1788445063
414862916602637078e860443c4b7c81efe8d04e6d233bd35cf2fabdeb93fb0d,2026-03-15,basic,200,ok,1788445064
086b3d604195aca55b9fed471079c467,2026-03-15,basic,200,ok,1788445064
ce26de8fcb2cf06ffadb656af94ca5c7efe8d04e6d233bd35cf2fabdeb93fb0d,2026-03-15,basic,200,ok,1788445065
ccb1b4d802c1ccb1de0f70dd6cb706d6,2026-03-15,basic,200,ok,1788445066
57140741bb086af27970c442c6d517b6,2026-03-15,basic,200,empty,1788445066
fc8b81972cb2a3ebcef3850972fdba1a,2026-03-15,basic,200,ok,1788445067
bebbb6945a6113697f703a9480117931,2026-03-15,basic,200,ok,1788445068
abc9d6a50e8ababca205314cabe1bcda,2026-03-15,basic,200,ok,1788445068
8095308283cd6357e82848e305ed0586,2026-03-15,basic,200,ok,1788445069
33b6258cfe2406701c39df7004eae5e0,2026-03-15,basic,200,ok,1788445070
0e909d3dcec7f1f55d0387302c54b94f,2026-03-15,basic,200,ok,1788445070
32dc3e347023052e55202ac9043ff1d2,2026-03-15,basic,200,ok,1788445071
74a440f76bf65fe6356dcad2b4ed80cf,2026-03-15,basic,200,ok,1788445071
faf059742471b4531fb786b60f07fb17,2026-03-15,basic,200,ok,1788445072
aa80333639ef2a80ced8be5412b978e1,2026-03-15,basic,200,ok,1788445073
ac4167970d28efe1e3133878afbd43da,2026-03-15,basic,200,ok,1788445073
34781c24f998d7e2ac73c9f5cf9047c8e85e07f9d5d276f44440847eec04ba68,2026-03-15,basic,200,ok,1788445074
02ba1a151a05df6395e40fb6b0162644,2026-03-15,basic,200,ok,1788445075
4191f13e7f2eb8ef7af490080dc0fbb0,2026-03-15,basic,200,ok,1788445075
f4101031a0d9101305fa1dda72834c85,2026-03-15,basic,200,ok,1788445076
261156f1c9847a1ba6771b705966e467efe8d04e6d233bd35cf2fabdeb93fb0d,2026-03-15,basic,200,ok,1788445077
e9f347590a2e6677f04c9e80b6199ffaefe8d04e6d233bd35cf2fabdeb93fb0d,2026-03-15,basic,200,empty,1788445077
2391e8799a822c17a76d7284ddfe9d65,2026-03-15,basic,200,ok,1788445078
e3883a48a4174b566c644b4a6aabb791,2026-03-15,basic,200,ok,1788445078
8a621dd77730790e250a662c0af31aa4,2026-03-15,basic,200,empty,1788445079
c3397347898c8445afa71f0a30912599efe8d04e6d233bd35cf2fabdeb93fb0d,2026-03-15,basic,200,ok,1788445080
4dafa2299aa67a9f1b0499e03b113e7d,2026-03-15,basic,200,ok,1788445080
663de86654fad0dfd8347de7fae7c98aefe8d04e6d233bd35cf2fabdeb93fb0d,2026-03-15,basic,200,ok,1788445081
348332bad2b8e73aeb5874aaa9b37d5886e68d4012202d0434d05f81868f68e3,2026-03-15,basic,200,ok,1788445081
477a3806b1ef8c0908f64e17a6209f80,2026-03-15,basic,200,ok,1788445082
8a2a7342bece01ae520075eeacfd7119efe8d04e6d233bd35cf2fabdeb93fb0d,2026-03-15,basic,200,ok,1788445083
8dec3a401e604d54e2b3e0455fda017befe8d04e6d233bd35cf2fabdeb93fb0d,2026-03-15,basic,200,ok,1788445083
c0ffc013c6d76e2e9427e5fe3a8f3e3c,2026-03-15,basic,200,ok,1788445084
7b5259eee93655002a88ee05119b5a90,2026-03-15,basic,200,ok,1788445085
dc41cd414377e6f3701a7e14f2682383efe8d04e6d233bd35cf2fabdeb93fb0d,2026-03-15,basic,200,ok,1788445085
7acd99f8d3c69bdbd6a0adedce2d4d4aefe8d04e6d233bd35cf2fabdeb93fb0d,2026-03-15,basic,200,ok,1788445086
ada4022f65aec6a3904972cd247cb3ed,2026-03-15,basic,200,ok,1788445087
8ece79ea6cf6b606c3b44a0859c7a0be,2026-03-15,basic,200,ok,1788445087
75d9e3fa70e41d9ecfa6f1ddaa80c5d0efe8d04e6d233bd35cf2fabdeb93fb0d,2026-03-15,basic,200,ok,1788445088
83190c84354df57d08ac29b71d0aea3fc47ea5ffea2564f587ca830a8f71acb2,2026-03-15,basic,200,ok,1788445088
aa3b445593c0d351264d411cdf0a807e,2026-03-15,basic,200,empty,1788445089
d71497b7485f3bc3bd6b9d6970c288a9,2026-03-15,basic,200,ok,1788445090
9c0a84d8b1e210f46a769190e20c1d1c,2026-03-15,basic,200,ok,1788445090
16ef2538bfeb496243de442d54d2ff3f,2026-03-15,basic,200,ok,1788445091
af1ab2c67d778da8a4099c6d00109bac,2026-03-15,basic,200,empty,1788445091
0bcf23ebce5233d865607af62f96708486e68d4012202d0434d05f81868f68e3,2026-03-15,basic,200,ok,1788445092
54a773563e2d495f1a07dae4ce8fb02a,2026-03-15,basic,200,ok,1788445093
98b23d2e2c7095f96a41d1c16ee97c1d,2026-03-15,basic,200,ok,1788445093
1a954b4f1d6ca4edf3ad111431d62514efe8d04e6d233bd35cf2fabdeb93fb0d,2026-03-15,basic,200,empty,1788445094
592c1382ece7947ca200b75f42f774eeefe8d04e6d233bd35cf2fabdeb93fb0d,2026-03-15,basic,200,ok,1788445094
75825776cb7a2cb5eebb879c4ebafdac,2026-03-15,basic,200,ok,1788445095
dc725ccdc580f17f25c340f6005df4dc,2026-03-15,basic,200,ok,1788445096
9d5044211e5316eac6de0df0e865c32c,2026-03-15,basic,200,empty,1788445096
3f5095689a598cf216b0a6cd667d21a3e85e07f9d5d276f44440847eec04ba68,2026-03-15,basic,200,ok,1788445097
130298362394149ba88de76af6c6fe70,2026-03-15,basic,200,ok,1788445097
3af56a8613d6b5d44fe57f67b3d2c311efe8d04e6d233bd35cf2fabdeb93fb0d,2026-03-15,basic,200,ok,1788445098
a9ef743df8b2ba6c7c896ecd3a1752d9,2026-03-15,basic,200,ok,1788445099
0b54c763760496b844e5a1dc13f62875,2026-03-15,basic,200,ok,1788445099
6b2aa789f14a6d9b30982289507dc1bc,2026-03-15,basic,200,ok,1788445100
b9909455709349657c4ab24400262213,2026-03-15,basic,200,ok,1788445100
9842109802903e6c5a56ad969eb5ffbaefe8d04e6d233bd35cf2fabdeb93fb0d,2026-03-15,basic,200,ok,1788445101
7bff6e1d892ac4e73e8d99138235b2be,2026-03-15,basic,200,empty,1788445102
de2652dd5e4bb16a3474e2d7af13bc14,2026-03-15,basic,200,ok,1788445102
acc0e0b0357fbf56857b891e31d23894,2026-03-15,basic,200,ok,1788445103
6d978b338ef9a295bd0430c1b5367853efe8d04e6d233bd35cf2fabdeb93fb0d,2026-03-15,basic,200,ok,1788445104
920e7e7d6e0aaaf2c4fb90c6158074ee,2026-03-15,basic,200,ok,1788445104
ad9f8440907cd22bb3d81ff30d9926fa,2026-03-15,basic,200,ok,1788445105
e6461cdd6fb745abae8b04259f0964c3efe8d04e6d233bd35cf2fabdeb93fb0d,2026-03-15,basic,200,ok,1788445105
4a634a440954e8bc520fa11bdd0cbd6aefe8d04e6d233bd35cf2fabdeb93fb0d,2026-03-15,basic,200,ok,1788445106
88e4009d06b8426bdce140efbc0847a0,2026-03-15,basic,200,ok,1788445107
95fd5bf06a4f67d1f71b813276158b2da2186d8e7cf7a6ee152d97cc78f2ae8b,2026-03-15,basic,200,ok,1788445107
c3299c3da9ca05f4b102fd77c22b46e5,2026-03-15,basic,200,ok,1788445108
74df32f2f51fe39bba8709adf607e38c,2026-03-15,basic,200,ok,1788445108
4e00cb0a2cce226fa48e2b888bab185c,2026-03-15,basic,200,ok,1788445109
7da22dcbadb3fa4d064bfa1ba7bf5be0,2026-03-15,basic,200,ok,1788445110
653c0cd86f764c7c4bec6c84fd260af6,2026-03-15,basic,200,ok,1788445110
ada9c25850509c47e4277fe1ea7e0821,2026-03-15,basic,200,ok,1788445111
62034f8c946978e2a32e65df5f495b15,2026-03-15,basic,200,empty,1788445112
083447a959a0fd8bfa78cd5398bc9e4e,2026-03-15,basic,200,ok,1788445112
4ee9695f993bcbb509f993c6e4df9f61,2026-03-15,basic,200,ok,1788445113
b01009e86b92c31cf6bcdd624a86dae7,2026-03-15,basic,200,ok,1788445114
489e1713e76e675c5c092437c23e414fefe8d04e6d233bd35cf2fabdeb93fb0d,2026-03-15,basic,200,ok,1788445114
0be1b6381dc0cf344cd8a118afbe8200,2026-03-15,basic,200,ok,1788445115
757170506cc40e28b1415d1cd8fce3e9efe8d04e6d233bd35cf2fabdeb93fb0d,2026-03-15,basic,200,ok,1788445115
21b9d56e2fb82146c3bdc787279cd99e,2026-03-15,basic,200,ok,1788445116
346fc906e925cf1a0e47407f8d058bc0efe8d04e6d233bd35cf2fabdeb93fb0d,2026-03-15,basic,200,ok,1788445117
18d28330a87926123e8ec7480804f0fb,2026-03-15,basic,200,ok,1788445117
25b104008299a51ca829f3d2885bf10defe8d04e6d233bd35cf2fabdeb93fb0d,2026-03-15,basic,200,ok,1788445118
d108726fed653113753431ee3c14cbcd6fbb98200a15be5bcc73a64995849e9c,2026-03-15,basic,200,ok,1788445118
8d122603cc2db91e6207422778417b75efe8d04e6d233bd35cf2fabdeb93fb0d,2026-03-15,basic,200,ok,1788445119
1c928c2b422c856c9299466ae78bb20fefe8d04e6d233bd35cf2fabdeb93fb0d,2026-03-15,basic,200,ok,1788445119
9cf2f2064d06a649928299298b425725,2026-03-15,basic,200,ok,1788445120
770d499316e1306b2dea46a622ef177b,2026-03-15,basic,200,ok,1788445121
7b2afe6b142ae59d8a2cda9eda5b4e7ce85e07f9d5d276f44440847eec04ba68,2026-03-15,basic,200,ok,1788445121
0fc562e3f41f92d8b7f6ac2d5835442e,2026-03-15,basic,200,ok,1788445122
0f653208492afed632d778d5c5f8e959,2026-03-15,basic,200,ok,1788445123
ecb8df5258c0b45f8417ddec096ea621efe8d04e6d233bd35cf2fabdeb93fb0d,2026-03-15,basic,200,ok,1788445123
e795f9fd8a1f2b14069301a88e88cde1,2026-03-15,basic,200,empty,1788445124
3b0d0f682f1fcaa3221799be6ff0b198efe8d04e6d233bd35cf2fabdeb93fb0d,2026-03-15,basic,200,ok,1788445125
de3d9850f568b7ec97148bc3f1423de9,2026-03-15,basic,200,empty,1788445125
5f779bea0f4e019a5a9571d7edf81ad8,2026-03-15,basic,200,ok,1788445126
0818d14338c6233658b47a621cf170ce,2026-03-15,basic,200,ok,1788445126
75870a6708e21dea0c4c4b6c07abd431,2026-03-15,basic,200,ok,1788445127
edeecb5bc4974dc8a8f61156de921ec7,2026-03-15,basic,200,ok,1788445128
b8af1a71e6f1b79b1333dfe90ca8eb46,2026-03-15,basic,200,ok,1788445128
6601d0a23b78446ffdaaf372e9f2ddda,2026-03-15,basic,200,ok,1788445129
b16609eeea0b4070a9e34cbf3dfa89676fbb98200a15be5bcc73a64995849e9c,2026-03-15,basic,200,ok,1788445129
c985316424c571bf1a5d9d13ab3aa7d4efe8d04e6d233bd35cf2fabdeb93fb0d,2026-03-15,basic,200,ok,1788445130
9ed67ef8c429ba060d68291226aff039,2026-03-15,basic,200,ok,1788445131
b18a8e0b8730f74f89c259e77f991a41efe8d04e6d233bd35cf2fabdeb93fb0d,2026-03-15,basic,200,empty,1788445131
5408997c91378583b287dee997d0f141c47ea5ffea2564f587ca830a8f71acb2,2026-03-15,basic,200,ok,1788445132
11aa0fce047d41987cc21c8b5dce2d19,2026-03-15,basic,200,empty,1788445132
279344b0d6640640fc4f804ebe518a63,2026-03-15,basic,200,ok,1788445133
259f69624e2004d426646ef57dd48215,2026-03-15,basic,200,ok,1788445134
54b2719a4e5402ac2d095673e577079fefe8d04e6d233bd35cf2fabdeb93fb0d,2026-03-15,basic,200,ok,1788445134
9704723d6d97c5552d90167743741f98efe8d04e6d233bd35cf2fabdeb93fb0d,2026-03-15,basic,200,ok,1788445135
c3b9ddaa41b6f885fa6f7ee5341de25fefe8d04e6d233bd35cf2fabdeb93fb0d,2026-03-15,basic,200,ok,1788445135
881b6050ef10eabae8768d632268b8a4efe8d04e6d233bd35cf2fabdeb93fb0d,2026-03-15,basic,200,empty,1788445136
24fe561ab474dc88e726d02d51afd6e0,2026-03-15,basic,200,empty,1788445136
bebf37fee45a696955e79d142aa7b6b1efe8d04e6d233bd35cf2fabdeb93fb0d,2026-03-15,basic,200,ok,1788445137
b99dd86bb08330a2b14eb92c972c2e11,2026-03-15,basic,200,ok,1788445138
4853c5be4037f04057294142febc30efefe8d04e6d233bd35cf2fabdeb93fb0d,2026-03-15,basic,200,ok,1788445138
8442b4c1f5b02af57c4b61dc08e26400efe8d04e6d233bd35cf2fabdeb93fb0d,2026-03-15,basic,200,ok,1788445139
69f76ce557ebd7fe7690499d2d5802deefe8d04e6d233bd35cf2fabdeb93fb0d,2026-03-15,basic,200,ok,1788445139
deeaad4b2d6baacbadca21890297693b,2026-03-15,basic,200,ok,1788445140
89c29c67eb444f11aa7e1bd7d692b856,2026-03-15,basic,200,ok,1788445141
35614b586f49b33b5ca2f9d69bcb900c,2026-03-15,basic,200,ok,1788445141
ad00ccf9b55019260dd2fa625c2a1ab3efe8d04e6d233bd35cf2fabdeb93fb0d,2026-03-15,basic,200,ok,1788445142
22a81d94d2860667aee4ac5b1af6e05e,2026-03-15,basic,200,empty,1788445143
67c266c4634079d3465f2d679a28bc6f,2026-03-15,basic,200,ok,1788445143
bf9be89fb32c499a7edbbaf064125762,2026-03-15,basic,200,ok,1788445144
8c845c870579bcdb5a2d5fb978711851,2026-03-15,basic,200,ok,1788445145
fe2532971cbdd2ccf5f8f703d0d0d1c1,2026-03-15,basic,200,ok,1788445145
f6472b3238d0424e028b6f1bc9d71b45efe8d04e6d233bd35cf2fabdeb93fb0d,2026-03-15,basic,200,ok,1788445146
120d5330ed9c97bfb189e5fd30ca1d42efe8d04e6d233bd35cf2fabdeb93fb0d,2026-03-15,basic,200,ok,1788445146
f444fab0b84a1418b12fa2810b31d329,2026-03-15,basic,200,ok,1788445147
1e9c00bdab72202f57f39489ecfc18f5,2026-03-15,basic,200,ok,1788445148
239ef365318b77f145a83b34618f9a66efe8d04e6d233bd35cf2fabdeb93fb0d,2026-03-15,basic,200,ok,1788445148
d988bf5620b3cc8c9560f782b213ae4aefe8d04e6d233bd35cf2fabdeb93fb0d,2026-03-15,basic,200,ok,1788445149
eeaae786cce481c7578e1f6fee87aabd,2026-03-15,basic,200,ok,1788445150
faf1749fe884a6c8f40cc392ab1d582f,2026-03-15,basic,200,ok,1788445150
d956f6fdec7267eaa59e8fc70952c5a4efe8d04e6d233bd35cf2fabdeb93fb0d,2026-03-15,basic,200,empty,1788445151
ac14e5502ab7427ee2d3bed72306f37b,2026-03-15,basic,200,ok,1788445151
657f991dc106e0810fee14efb330f38f,2026-03-15,basic,200,ok,1788445152
ba98fe3f00c71f34da4438bd51fd6d58efe8d04e6d233bd35cf2fabdeb93fb0d,2026-03-15,basic,200,ok,1788445153
068f8cc0609789a38f5e885eeee869ddefe8d04e6d233bd35cf2fabdeb93fb0d,2026-03-15,basic,200,ok,1788445153
bb269b94b5d8ba9aea11a781938aa072,2026-03-15,basic,200,ok,1788445154
a01df0d5c39ea2546ca7b222772edefbefe8d04e6d233bd35cf2fabdeb93fb0d,2026-03-15,basic,200,ok,1788445154
5f912e52724b77688cf02617853429bd,2026-03-15,basic,200,ok,1788445155
dd87b8f2b08d308a328f2064ce1a4ca3,2026-03-15,basic,200,ok,1788445156
6d913f41941ad4c76ff90bbe12065c81efe8d04e6d233bd35cf2fabdeb93fb0d,2026-03-15,basic,400,http_400,1788445156
f28f04c1e704ee0c27a9a6df655765a4efe8d04e6d233bd35cf2fabdeb93fb0d,2026-03-15,basic,200,ok,1788445157
4006c05f831397f9ae7fa333112ce962efe8d04e6d233bd35cf2fabdeb93fb0d,2026-03-15,basic,200,ok,1788445157
86cdf1e35e899834430e9985a399747f,2026-03-15,basic,200,ok,1788445158
896b9db874ccf1947d0267dd171e4857efe8d04e6d233bd35cf2fabdeb93fb0d,2026-03-15,basic,200,ok,1788445159
01c67761f5b58be6907a98a27d5c9ba7,2026-03-15,basic,200,ok,1788445159
a5a03e31e36216fc706a3dbf6f635381,2026-03-15,basic,200,ok,1788445160
06ac1e33b72146d1a5a78c4e105403a7efe8d04e6d233bd35cf2fabdeb93fb0d,2026-03-15,basic,200,empty,1788445160
a472840cb695a4914723c54e3d27ce59,2026-03-15,basic,200,ok,1788445161
2194e874cf1ee2049ae5d23bfdcd0b2e,2026-03-15,basic,200,empty,1788445162
6a52cc59d7bad3066b258ca4cf858312,2026-03-15,basic,200,ok,1788445162
093d1dbf1e105865ca0d3f089298e8acefe8d04e6d233bd35cf2fabdeb93fb0d,2026-03-15,basic,200,ok,1788445163
365fb73936baca8e26a83137044c31b8,2026-03-15,basic,200,ok,1788445164
3c6681f716cedd680bf6b0bf8e077686e85e07f9d5d276f44440847eec04ba68,2026-03-15,basic,200,ok,1788445164
3c074bef21b4dab62eec25afd4b90432,2026-03-15,basic,200,ok,1788445165
0a57201920fbac75eb3340bb81bf7720a2186d8e7cf7a6ee152d97cc78f2ae8b,2026-03-15,basic,200,ok,1788445166
0c9e78b347026ca759a4a80e614e4f5c,2026-03-15,basic,200,ok,1788445166
e8c9b6e7072bc6cf35e42f8fe3aa5620,2026-03-15,basic,200,ok,1788445167
2b790306f1b6ec62d6a75a3406ff0ff4,2026-03-15,basic,200,ok,1788445167
c8e2d04be9820b57bbc34efd59e2af7e,2026-03-15,basic,200,ok,1788445168
d68cba1573f4beaa8635fdc9789a0428,2026-03-15,basic,200,ok,1788445169
56485ddad9c545d18bbcfe7f6a383d27,2026-03-15,basic,200,ok,1788445169
6aae561357d4fec7ce1b834466533cbcefe8d04e6d233bd35cf2fabdeb93fb0d,2026-03-15,basic,200,ok,1788445170
cb59c6496cd036703a81d247bd11885cefe8d04e6d233bd35cf2fabdeb93fb0d,2026-03-15,basic,200,ok,1788445170
01aae0a071c92231d21a8d97121a2f27efe8d04e6d233bd35cf2fabdeb93fb0d,2026-03-15,basic,200,ok,1788445171
ecde32a1507cefca0ae56ce6fe98e46d,2026-03-15,basic,200,ok,1788445172
a9ddc7ad8bf718fe875ddfdff77a5115efe8d04e6d233bd35cf2fabdeb93fb0d,2026-03-15,basic,200,ok,1788445172
40fa376d4fb33d596dc2acde45cec068,2026-03-15,basic,200,ok,1788445173
aabeb625c2bcc9370f03e92f1d73c192c47ea5ffea2564f587ca830a8f71acb2,2026-03-15,basic,200,ok,1788445173
eb489f492cc28524f992c367b091236eefe8d04e6d233bd35cf2fabdeb93fb0d,2026-03-15,basic,200,ok,1788445174
4a958f475701562742cc6d27483aead7,2026-03-15,basic,200,ok,1788445175
1c05fa07beb8a34dd7673ea9ea46a177,2026-03-15,basic,200,ok,1788445176
0bb9944e12307f37d3ddfc4668b70466,2026-03-15,basic,200,ok,1788445176
1214f332b95d0b753733d2bad3f76b1eefe8d04e6d233bd35cf2fabdeb93fb0d,2026-03-15,basic,200,ok,1788445177
dd5e9cc04a332737fcbcbe0b286fb104,2026-03-15,basic,200,ok,1788445177
39a13ddefe1734fe15e030af6ea579d6,2026-03-15,basic,200,ok,1788445178
87266b84e636695078666852ca698af7,2026-03-15,basic,200,ok,1788445179
e7ed7d3549cf39839cc5ba9af9452dc7efe8d04e6d233bd35cf2fabdeb93fb0d,2026-03-15,basic,200,ok,1788445179
140ca2feb5f947b2f52e1500f236c535efe8d04e6d233bd35cf2fabdeb93fb0d,2026-03-15,basic,200,ok,1788445180
d91d1c324619f43856e3a26f88340341efe8d04e6d233bd35cf2fabdeb93fb0d,2026-03-15,basic,200,ok,1788445180
8d3a2ed25714202e2ca8b8d7ffed5e7cc47ea5ffea2564f587ca830a8f71acb2,2026-03-15,basic,200,ok,1788445181
2653031933a4100f73a12a936bce3299,2026-03-15,basic,200,ok,1788445182
809802d2985cad29a46bd7f6db72b316,2026-03-15,basic,200,ok,1788445182
561562c0fdd21233191b4995aacef880,2026-03-15,basic,200,ok,1788445183
4a6601bac5a33385958506be9c201eaa,2026-03-15,basic,200,ok,1788445184
740b9340e7b0e51ffa8efd68094df804,2026-03-15,basic,200,ok,1788445184
e2bb591e33b9dd186ec860fe60296a6e,2026-03-15,basic,200,ok,1788445185
c6f7288ed623e5506bb3db29e50f228f,2026-03-15,basic,200,ok,1788445185
46ac6148fa1bab47613eadab64589b06,2026-03-15,basic,200,ok,1788445186
57da3d9690524d93fb7f1edeacb55593,2026-03-15,basic,200,ok,1788445186
b5a798f59c683a8acedd461acdc399b4,2026-03-15,basic,200,ok,1788445187
329ff1223369c7e8d9ca89a130bc80a6,2026-03-15,basic,200,ok,1788445188
a35f4d0b3c1f76de607cd275cd647e10,2026-03-15,basic,200,ok,1788445188
41ab16bcb497725164a840f8a62b98fe,2026-03-15,basic,200,ok,1788445189
0bc18403bb52d4c811f9c7d19bbd698eefe8d04e6d233bd35cf2fabdeb93fb0d,2026-03-15,basic,200,ok,1788445189
403b392936baebfceb326c3feb0d7859,2026-03-15,basic,200,ok,1788445190
a6e1202bcdf96dab5c8692aa1c81f110efe8d04e6d233bd35cf2fabdeb93fb0d,2026-03-15,basic,200,ok,1788445191
9b5db6f59abd04fcde802dab6f032a04c47ea5ffea2564f587ca830a8f71acb2,2026-03-15,basic,200,empty,1788445191
891457c319f72eeb9789ddd35fc9d2b4,2026-03-15,basic,200,ok,1788445192
aa4b819f9393fa1c9eb98815468dc833,2026-03-15,basic,200,empty,1788445192
4328411908ca4b8c16aba52a1b40f3f74723574b05820acf03e7ec3162ff5bed,2026-03-15,basic,200,ok,1788445193
b3ef8023bcb3ff9de9223b78d7d7267e,2026-03-15,basic,200,ok,1788445194
dffe2851404a3935a71ff363d53d4086,2026-03-15,basic,200,ok,1788445194
35c279ed7941c23968be6dc83933f082,2026-03-15,basic,200,ok,1788445195
ceb56102d639fa81894a175c133d0ebdefe8d04e6d233bd35cf2fabdeb93fb0d,2026-03-15,basic,200,ok,1788445195
99eb1a81a7ed5b39047b7db875e3b4fb,2026-03-15,basic,200,ok,1788445196
ac59a0f13c000e6f032e519a70d7dab6,2026-03-15,basic,200,ok,1788445197
3f4955952bdc19e49240af78f52f2086,2026-03-15,basic,200,ok,1788445197
c74bf8fdcc7b61ac8313c642bcdd950a,2026-03-15,basic,200,ok,1788445198
293b3aa490a27b01212dc4721f56e3afefe8d04e6d233bd35cf2fabdeb93fb0d,2026-03-15,basic,200,ok,1788445199
dd0270fbd5b818c12fbc40a6f324226afd842dab14be2a956555625b37c97bff,2026-03-15,basic,200,ok,1788445199
f17421f898e056d134fbfcdf5e1ebff9,2026-03-15,basic,200,ok,1788445200
2c6a16b3eeaa9f14e14b61eaf773840486e68d4012202d0434d05f81868f68e3,2026-03-15,basic,200,ok,1788445200
1e6491bec1ffe5f44f45184712005714,2026-03-15,basic,200,ok,1788445201
229e2ca0f54f8088f6e42207bbf4ccd3,2026-03-15,basic,200,ok,1788445202
db15b3e4b1f84a79834ce87785c494f8,2026-03-15,basic,200,ok,1788445202
10a32919134e4a8b4a63b63a759f533defe8d04e6d233bd35cf2fabdeb93fb0d,2026-03-15,basic,200,ok,1788445203
b51fa0c69009c0765970f0612abca5a2,2026-03-15,basic,200,ok,1788445203
6bfc18cf249e7d93b9b83384a8d427b1efe8d04e6d233bd35cf2fabdeb93fb0d,2026-03-15,basic,200,ok,1788445204
6b646c6596ae841e439ab7765e72bf8defe8d04e6d233bd35cf2fabdeb93fb0d,2026-03-15,basic,200,empty,1788445205
8627aedc2f39db5d19eec1e64fc7157d,2026-03-15,basic,200,empty,1788445205
f2b32969ef9300140ad423b0ec8c5180efe8d04e6d233bd35cf2fabdeb93fb0d,2026-03-15,basic,200,empty,1788445206
58e135f7ed3fd9601523a98f61b6753cefe8d04e6d233bd35cf2fabdeb93fb0d,2026-03-15,basic,200,ok,1788445206
9b515a4fe07527b3ce3f1970d3beea6e,2026-03-15,basic,200,ok,1788445207
ffb1ca912df7eb6ebc6fc72c9c1f8357efe8d04e6d233bd35cf2fabdeb93fb0d,2026-03-15,basic,200,ok,1788445208
1c9a2ba1551ebb63c7dfac0bf456afaf,2026-03-15,basic,200,ok,1788445208
7c25addfbaf0e385e4d2c92de0fc29fc,2026-03-15,basic,200,empty,1788445209
7253e4c6be37c773340743d28b9d448a,2026-03-15,basic,200,ok,1788445209
5cd373ff240f910fc32722121f680a5aefe8d04e6d233bd35cf2fabdeb93fb0d,2026-03-15,basic,200,ok,1788445210
84b1221e97e32100170801699d56f048,2026-03-15,basic,200,ok,1788445210
60196253d450c131a0c198b8fc63a0e3efe8d04e6d233bd35cf2fabdeb93fb0d,2026-03-15,basic,200,ok,1788445211
e5ef0541ba5c1bebafcf4b4b1f34bc79,2026-03-15,basic,200,ok,1788445212
84fd74f03d9a3a190530b90679cb61ea,2026-03-15,basic,200,ok,1788445212
d802879078eba8f8155a39ce7c45c308,2026-03-15,basic,200,ok,1788445213
e8b7789820542a49c5167858143b940aefe8d04e6d233bd35cf2fabdeb93fb0d,2026-03-15,basic,200,ok,1788445213
f69c63329cb30cd9c26b330168dd4bab,2026-03-15,basic,200,ok,1788445214
e5519f868b7a03d325f3c793f2261918,2026-03-15,basic,200,ok,1788445215
4a9c6f35cb260058a914c85949e84c49,2026-03-15,basic,200,empty,1788445215
099b48fc50e8de2839810c32f6afc4bb,2026-03-15,basic,200,ok,1788445216
e9ecf89ac73b3e24adb50ce4a43ee285,2026-03-15,basic,200,ok,1788445217
87822f4be9ca2f52548c91f0afd83791,2026-03-15,basic,200,ok,1788445217
78a9d02b6e5ccd4ecc24b601399b611e,2026-03-15,basic,200,ok,1788445218
ff1b235f8f4f822f6223de3201f74753efe8d04e6d233bd35cf2fabdeb93fb0d,2026-03-15,basic,200,ok,1788445218
4f7e37eacd4f18517890c06c657f1c7befe8d04e6d233bd35cf2fabdeb93fb0d,2026-03-15,basic,200,empty,1788445219
83f4e2358ce7c0c2b497c7c61ee60d86efe8d04e6d233bd35cf2fabdeb93fb0d,2026-03-15,basic,200,ok,1788445219
cd7308d70b89e398ca5617fc7ef13104,2026-03-15,basic,200,ok,1788445220
4704b244c5d350960aa95f5ee23de4f5efe8d04e6d233bd35cf2fabdeb93fb0d,2026-03-15,basic,200,ok,1788445221
5ea597e4b7e4e811a75803208496f3d1,2026-03-15,basic,200,ok,1788445221
77d8ac9efde6919dbcdf16713004582aefe8d04e6d233bd35cf2fabdeb93fb0d,2026-03-15,basic,200,ok,1788445222
503bbb7bc2d7d65fde7aef8d0ce7149f,2026-03-15,basic,200,ok,1788445222
92b8f3928d83f929ce109f12ce67443e,2026-03-15,basic,200,ok,1788445223
314f9c4062e6e77063e774b0cbb1083cefe8d04e6d233bd35cf2fabdeb93fb0d,2026-03-15,basic,200,ok,1788445224
e2d6052ad7b56a4f3f94500d5775bce5efe8d04e6d233bd35cf2fabdeb93fb0d,2026-03-15,basic,200,ok,1788445224
92a3b6def429c676d899ef5c69157cc88295750b1f4857867454debc45ec9c8a,2026-03-15,basic,200,ok,1788445225
c2c2b964159dc46cf6bf88211b3b9a5b,2026-03-15,basic,200,ok,1788445225
ff90c9344aa0a202a162af309c71f3d6,2026-03-15,basic,200,ok,1788445226
447e74a9580172f438f2a297ca801150,2026-03-15,basic,200,ok,1788445226
992c873304c93ecf38c80df9c3652bfa,2026-03-15,basic,200,ok,1788445227
a5435007ebe6f29258fba59a67b2ec28,2026-03-15,basic,200,ok,1788445227
c42583359f43762c2a0d48ef8a2eec963663933da92e7566c55104ec9ac2894d,2026-03-15,basic,200,ok,1788445228
3bb776aaa0e129fdffd1de823b43b0f2efe8d04e6d233bd35cf2fabdeb93fb0d,2026-03-15,basic,200,ok,1788445229
08b29ad0ab1a7374162f3b828dd76ad6,2026-03-15,basic,200,ok,1788445229
a5320e1080c5626331ccb14db2d576be,2026-03-15,basic,200,empty,1788445230
0cfaf18faa25c5aa9f237408d79dfe4a,2026-03-15,basic,200,empty,1788445231
4b2dc2d335d614506bb27dc2aebbc547,2026-03-15,basic,200,ok,1788445231
e3bf10d174a7d2adb6010132e96afd93,2026-03-15,basic,200,ok,1788445232
bcc676c1f93d236be65abd376a309e40efe8d04e6d233bd35cf2fabdeb93fb0d,2026-03-15,basic,200,ok,1788445232
e737cc82548442f7f8cc4b0beed68170,2026-03-15,basic,200,ok,1788445233
367c537308589ab3d2220bed89e69e79,2026-03-15,basic,200,ok,1788445234
cc138a806510ec0ee3633691dca614d7,2026-03-15,basic,200,empty,1788445234
6b3032c63172851feb1486eac9dbd5e3,2026-03-15,basic,200,ok,1788445235
feca665b17d703e02977c4094b7d2f0d,2026-03-15,basic,200,ok,1788445235
eb5d55dcb9727f9c729234002201d269,2026-03-15,basic,200,ok,1788445236
edb1d52cfb4dfbdb16aeaae50962de5a,2026-03-15,basic,200,ok,1788445237
275a5ed73a7ecab4b1cf600b5b66db67,2026-03-15,basic,400,http_400,1788445237
6829670ffdd603c1749ea306851eb0c0,2026-03-15,basic,200,ok,1788445238
4bd456f0cd21e681e646b9319699341b,2026-03-15,basic,200,ok,1788445238
eb87565bad43ced1d277f1b53fba16b7,2026-03-15,basic,200,ok,1788445239
ddddadbb315795044e0e0b6002cd2c54,2026-03-15,basic,200,ok,1788445239
0723ffae660b0985cf570d08bf93cbbd,2026-03-15,basic,200,ok,1788445240
b3e2bc54bfddbc828d220e4c04fcac0befe8d04e6d233bd35cf2fabdeb93fb0d,2026-03-15,basic,200,ok,1788445241
9ca6902357eaf007edbe1a7084afd1edefe8d04e6d233bd35cf2fabdeb93fb0d,2026-03-15,basic,200,ok,1788445241
14b13e6a55b0f55bf9e49d0ba57a683eefe8d04e6d233bd35cf2fabdeb93fb0d,2026-03-15,basic,200,ok,1788445242
a017a57c32147c0183c0b20f951e2048,2026-03-15,basic,200,ok,1788445243
c65b789c8f6e4622171e14f115b643daefe8d04e6d233bd35cf2fabdeb93fb0d,2026-03-15,basic,200,ok,1788445243
5e17725f46ab37b849392bc74fdbc406,2026-03-15,basic,200,ok,1788445244
816dcea5c3d5321a70f31996f211b484,2026-03-15,basic,200,ok,1788445244
b7d1df6631f1525c45a9474c77474617,2026-03-15,basic,200,ok,1788445245
8cb90ae12d998703ab2923c3ef4de1f8,2026-03-15,basic,200,empty,1788445246
0231732dac49d3884889eabd733e2668efe8d04e6d233bd35cf2fabdeb93fb0d,2026-03-15,basic,200,ok,1788445246
11ccf601c43be97f45dc82b8cd590c87,2026-03-15,basic,200,ok,1788445247
449d1aa484542db9168e7d76ab0d9fe4efe8d04e6d233bd35cf2fabdeb93fb0d,2026-03-15,basic,200,ok,1788445248
f6c13a3cdd317d60bbb09e89747259b8,2026-03-15,basic,200,ok,1788445248
18b1dd243f649e4d29e24c8b4aa96c21,2026-03-15,basic,200,ok,1788445249
2911ed643731d267e4355a500ab5c5a0efe8d04e6d233bd35cf2fabdeb93fb0d,2026-03-15,basic,200,ok,1788445249
e75ce841e3435551d62926fa97ac2eae,2026-03-15,basic,200,ok,1788445250
474b50bb515f88d5c081d3d0c423b7f6,2026-03-15,basic,200,ok,1788445251
4c52885860d4753445fe99fd1ebceddd,2026-03-15,basic,200,ok,1788445251
8d893813cde07856036c1f3eba9df34e,2026-03-15,basic,200,empty,1788445252
d10f0105f328b4dd1ae15a9e8e35d7a2,2026-03-15,basic,200,ok,1788445252
07934088177f6862210bc27bf7792e0aa2186d8e7cf7a6ee152d97cc78f2ae8b,2026-03-15,basic,200,ok,1788445253
ac1e4c0d08d48dc0e5c6c3969ae887eb,2026-03-15,basic,200,ok,1788445253
c985244a70751df303e2a3e9e5bf187a6fbb98200a15be5bcc73a64995849e9c,2026-03-15,basic,200,empty,1788445254
31cc73fe2373f2046773b89ec6f74167,2026-03-15,basic,200,ok,1788445255
d66d5987ec6d5aadb71e99b3c237a6c2,2026-03-15,basic,200,ok,1788445255
8089ba9f5c9656a3e2ddb1b196078b5486e68d4012202d0434d05f81868f68e3,2026-03-15,basic,200,ok,1788445256
1ecf7a16d8d6c62e0144659a9460ace9,2026-03-15,basic,200,ok,1788445256
489eec3cd548165f8ccb0eb1dbcf2ec3efe8d04e6d233bd35cf2fabdeb93fb0d,2026-03-15,basic,200,ok,1788445257
9a3b76c2ec169b5e6e8c4f0c096cf2b1efe8d04e6d233bd35cf2fabdeb93fb0d,2026-03-15,basic,200,ok,1788445258
733e6ac982cccbc09f34c4c08ca4f902,2026-03-15,basic,200,ok,1788445258
4b714db7594554bd8374f3418b7c660e8295750b1f4857867454debc45ec9c8a,2026-03-15,basic,200,ok,1788445259
4e95110caf152930f81299400ed72f71efe8d04e6d233bd35cf2fabdeb93fb0d,2026-03-15,basic,200,ok,1788445259
93d483a68fd55725ab408200a5ffbc2a,2026-03-15,basic,200,ok,1788445260
4eac174513f714f52dee44fa5d885668,2026-03-15,basic,200,ok,1788445261
43244b5c3237480729e5feadd94312e9efe8d04e6d233bd35cf2fabdeb93fb0d,2026-03-15,basic,200,ok,1788445261
736b4685e047f6f4ad79b5881861c7d1,2026-03-15,basic,200,ok,1788445262
7a6e95f650de3d8cbfe56f6a5dfe9fff,2026-03-15,basic,200,ok,1788445263
fff6aad156e16e105b703d184eaba030,2026-03-15,basic,200,empty,1788445263
49733f79864da683f5d4d42b3df4d7a4,2026-03-15,basic,200,ok,1788445264
4ee3c56caf24671c881c1dcdff956432efe8d04e6d233bd35cf2fabdeb93fb0d,2026-03-15,basic,200,ok,1788445265
a4c68e3aa2539d355468ac5058d8ca91,2026-03-15,basic,200,ok,1788445265
8bb4c25fe36a8416dad270100d23f4a4,2026-03-15,basic,200,ok,1788445266
93a3777ec220647bf543531cea720fdf,2026-03-15,basic,200,ok,1788445266
ed898ed4fee64b987d9c59bb2024776e,2026-03-15,basic,200,ok,1788445267
91477d7904885dcdff2a7addfeb4084aefe8d04e6d233bd35cf2fabdeb93fb0d,2026-03-15,basic,200,ok,1788445268
25d5d8c84c61d4c501b18f2f403dfa6fefe8d04e6d233bd35cf2fabdeb93fb0d,2026-03-15,basic,200,ok,1788445268
989544eacbf112b0606e50a5614181b8,2026-03-15,basic,200,ok,1788445269
55e0bc5ef9a9cd15ac3de1e284a0cfec,2026-03-15,basic,200,ok,1788445269
727fe4bcbd1b928c46d79905660e51606fbb98200a15be5bcc73a64995849e9c,2026-03-15,basic,200,ok,1788445270
273862d5ac596508c53cbf4f49f5e7ed,2026-03-15,basic,200,empty,1788445271
4e682871f3d60f259c8404352e2a23b3,2026-03-15,basic,200,ok,1788445271
c1621ae7e7e584e6c9e43336394978a5,2026-03-15,basic,200,ok,1788445272
6cc77d03ebfede193d609bcd229df68f,2026-03-15,basic,200,ok,1788445273
d6608f646827ffee3cd13d437a68031f,2026-03-15,basic,200,empty,1788445273
c7741a99691bf6cd8aa2fd5b2c8aa930,2026-03-15,basic,200,ok,1788445274
1138d0579496838b97c31616d9d905f0efe8d04e6d233bd35cf2fabdeb93fb0d,2026-03-15,basic,200,ok,1788445274
2c74510f80a8d21b343caeaaa29ba48defe8d04e6d233bd35cf2fabdeb93fb0d,2026-03-15,basic,200,empty,1788445275
29bdd62ad19f94979fb164b6f6c7f293,2026-03-15,basic,200,ok,1788445275
1d861cc033d7f1e6364a96a739d6122daae77432709819edb959e1fd5d1d77b4,2026-03-15,basic,200,ok,1788445276
635b38925253f785435f50bde1655f28c47ea5ffea2564f587ca830a8f71acb2,2026-03-15,basic,200,ok,1788445277
5d47436cbf59041edb6c2941a48f27e3efe8d04e6d233bd35cf2fabdeb93fb0d,2026-03-15,basic,200,empty,1788445277
df06790e3d10ca741ef3165537107cbfc47ea5ffea2564f587ca830a8f71acb2,2026-03-15,basic,200,empty,1788445278
b9c84a0320458170c3cb4125acc518fe,2026-03-15,basic,200,ok,1788445279
31aef16daf069148c4ab036ec2ab68e7efe8d04e6d233bd35cf2fabdeb93fb0d,2026-03-15,basic,200,ok,1788445279
a425ea8ca9e8c683069afd8be5fe38d6,2026-03-15,basic,200,ok,1788445280
4d4250ea05e7344b9058a6f33d01e0f3,2026-03-15,basic,200,empty,1788445280
47a05fb276e393b71df94c7a2ff518fe,2026-03-15,basic,200,ok,1788445281
ab2ed972c4e273ff2cee65a462d1d584efe8d04e6d233bd35cf2fabdeb93fb0d,2026-03-15,basic,200,ok,1788445282
f4ff4ad89244529643cc6870fc6be5c0efe8d04e6d233bd35cf2fabdeb93fb0d,2026-03-15,basic,200,ok,1788445282
39f9e29601953aa554df254cfea81665,2026-03-15,basic,200,ok,1788445283
9bfb71e0daa0ab4d4faa956cf75dcd4c,2026-03-15,basic,200,ok,1788445284
8f43aa5a2aa06552372288103c9b841defe8d04e6d233bd35cf2fabdeb93fb0d,2026-03-15,basic,200,ok,1788445284
5e746bc1d08c2ee294039edcccca86c8efe8d04e6d233bd35cf2fabdeb93fb0d,2026-03-15,basic,200,ok,1788445285
d66164d6f18f5c6b4d64bd5e0b66b820,2026-03-15,basic,200,ok,1788445286
327343081a59456fd2e7c6b77163e418a2186d8e7cf7a6ee152d97cc78f2ae8b,2026-03-15,basic,200,ok,1788445286
3875261aba8fe5ca2c8675b67cd13c8a,2026-03-15,basic,200,empty,1788445287
65165f2d263267413a20ab97d6616d8c,2026-03-15,basic,200,ok,1788445287
4d705ef7d9de2d34da52ee9285b5cd12,2026-03-15,basic,200,ok,1788445288
856b1ce7219628234d973e72f8e2de8f,2026-03-15,basic,200,ok,1788445289
08278dcc849e1add4a7864880e6899a2,2026-03-15,basic,200,ok,1788445289
10b7ebc42bc742878d56fe2db9f056ec8295750b1f4857867454debc45ec9c8a,2026-03-15,basic,200,ok,1788445290
5c1ac9126c029d3f5072c919003c67d54723574b05820acf03e7ec3162ff5bed,2026-03-15,basic,200,ok,1788445291
c547faa58e97dc3b4aa4131c21ee0eaa,2026-03-15,basic,200,ok,1788445291
4d73afee788a085575be39cadbb50827,2026-03-15,basic,200,ok,1788445292
8cac9e740b2364c884c0609614dd9d8a,2026-03-15,basic,200,ok,1788445293
c5d5f3a29e07a0d3f88b933f885fb4ff,2026-03-15,basic,200,empty,1788445293
9cd40f7c833b24d1d5bcffd2f1bfda47,2026-03-15,basic,200,ok,1788445294
78cac13a4db5b991e538c0498d46bcacefe8d04e6d233bd35cf2fabdeb93fb0d,2026-03-15,basic,200,ok,1788445295
843a2c027ef09704c5497b713e6520aa,2026-03-15,basic,200,ok,1788445295
bcf6115c7988f4a7989560cc5293dbecefe8d04e6d233bd35cf2fabdeb93fb0d,2026-03-15,basic,200,ok,1788445296
bcfe036684d7ec1e48254a0ad3a6e4be,2026-03-15,basic,200,ok,1788445296
a1c05690a58d1b5446b6cb82b80e95d0,2026-03-15,basic,200,ok,1788445297
26efa9c9ad568224baa92721f41bbffbefe8d04e6d233bd35cf2fabdeb93fb0d,2026-03-15,basic,200,ok,1788445298
810c11cd9e3079206af13289262b5ecb,2026-03-15,basic,200,ok,1788445298
1a2988eca875bf8f2aa7e5f5352665c7,2026-03-15,basic,200,ok,1788445299
642d8543a4aeee978fdd382065690adfefe8d04e6d233bd35cf2fabdeb93fb0d,2026-03-15,basic,200,ok,1788445299
bfb06817a3808591139715ef6229dab1,2026-03-15,basic,200,ok,1788445300
1feca12d5c0905e5176fbdfa3b5b7f8f,2026-03-15,basic,200,ok,1788445301
98166286a7b923869362b05e7f0e3596efe8d04e6d233bd35cf2fabdeb93fb0d,2026-03-15,basic,200,ok,1788445301
5de0123ac099e051170ba5ab77913739,2026-03-15,basic,200,ok,1788445302
81e00af968e0520253008bb29979a79d,2026-03-15,basic,200,ok,1788445303
83fd7fb1c327546cbafe5eaa098b5ec5efe8d04e6d233bd35cf2fabdeb93fb0d,2026-03-15,basic,200,ok,1788445303
4f6d48a7f3b15aeb646f2098b01dea01,2026-03-15,basic,200,ok,1788445304
edeecdefc72f497de9080048fddc4b35efe8d04e6d233bd35cf2fabdeb93fb0d,2026-03-15,basic,200,ok,1788445305
421166f402f34bd89fcae5acf157a42b,2026-03-15,basic,200,ok,1788445305
2d54a76fc669a22b3c39ce8068fb02faefe8d04e6d233bd35cf2fabdeb93fb0d,2026-03-15,basic,200,empty,1788445306
c0761dec4dca1cadc9d5093fbe7ad758efe8d04e6d233bd35cf2fabdeb93fb0d,2026-03-15,basic,200,ok,1788445306
caedee8ebe62ecbc970a87eb127a67144723574b05820acf03e7ec3162ff5bed,2026-03-15,basic,200,ok,1788445307
cf3dd1f6ec782590d0ec0dd5e8523fda,2026-03-15,basic,200,ok,1788445308
2a22ea01defe960de47227f2ff09508b3663933da92e7566c55104ec9ac2894d,2026-03-15,basic,200,ok,1788445308
c90d1c56b9276c32c48b67470337f645,2026-03-15,basic,200,ok,1788445309
a2a7d6b90036c023c7467fc13da4422befe8d04e6d233bd35cf2fabdeb93fb0d,2026-03-15,basic,200,empty,1788445309
2918b0328998e0ef7f57ddb3deb3fe15,2026-03-15,basic,200,ok,1788445310
0a6fe5bea6ff811d928682712efce2ea,2026-03-15,basic,200,ok,1788445311
0ee368e80ebb300bba62490aedbb89f84723574b05820acf03e7ec3162ff5bed,2026-03-15,basic,200,ok,1788445311
685fa4e191b5eac5dfa2c7f14daaaefd,2026-03-15,basic,200,ok,1788445312
55ee0315772faf313add8e89c03cbe9aefe8d04e6d233bd35cf2fabdeb93fb0d,2026-03-15,basic,200,ok,1788445312
a6933ffd91b5197735ee434f14a88d0a,2026-03-15,basic,200,ok,1788445313
39200c527c979d54ddc6bb1f5c10c2b53663933da92e7566c55104ec9ac2894d,2026-03-15,basic,200,ok,1788445314
1f39036dd9900ba572d8027298f92a594723574b05820acf03e7ec3162ff5bed,2026-03-15,basic,200,ok,1788445314
e00da408ba47c005755c7a2811feb194,2026-03-15,basic,200,ok,1788445315
3b4b7a38be1a4cdeab289b1af8cdb6a8efe8d04e6d233bd35cf2fabdeb93fb0d,2026-03-15,basic,200,ok,1788445316
7bd5bf0d69a3e4eb29d1ec5bc6a5af37a2186d8e7cf7a6ee152d97cc78f2ae8b,2026-03-15,basic,200,ok,1788445316
6d7a8dd3e7564f03cc62ae1bfd2e7f35efe8d04e6d233bd35cf2fabdeb93fb0d,2026-03-15,basic,400,http_400,1788445317
9c496f72073417047b732e8cee9933aaefe8d04e6d233bd35cf2fabdeb93fb0d,2026-03-15,basic,200,ok,1788445317
bd1cb4182521f3a97ab6810bc54bf8a3,2026-03-15,basic,200,ok,1788445318
a4e3f084fc9031d7eefb9b4d8688be08,2026-03-15,basic,200,ok,1788445319
df39ef07d6fe6534d6e2bf69673d56e4aae77432709819edb959e1fd5d1d77b4,2026-03-15,basic,200,ok,1788445319
8db2856d5a2879d33be9ea8bab08adb5c47ea5ffea2564f587ca830a8f71acb2,2026-03-15,basic,200,ok,1788445320
64ba0d725c12d81514ade05ab0c5a47dfd842dab14be2a956555625b37c97bff,2026-03-15,basic,200,ok,1788445320
f8559ed1108e1f5c4f762d2d882a4af7,2026-03-15,basic,200,ok,1788445321
60964f23b502bb63e482602c3094d101efe8d04e6d233bd35cf2fabdeb93fb0d,2026-03-15,basic,200,ok,1788445322
0c70fbb55f63ed9bd2f923b4290e988f,2026-03-15,basic,200,empty,1788445322
605f4a118947a153ad145459d118209f,2026-03-15,basic,200,ok,1788445323
5f6dd4078613a63a524b3d6d08725a2e,2026-03-15,basic,200,ok,1788445323
9e7cc9a404a5a327a3a0eb2c5e969677efe8d04e6d233bd35cf2fabdeb93fb0d,2026-03-15,basic,200,ok,1788445324
14364c830e58af71f84651e4884de20e,2026-03-15,basic,200,ok,1788445325
efa975135da180d6c07035b8c016b711,2026-03-15,basic,200,ok,1788445325
d72f6324015a853cf1c49fe55228979defe8d04e6d233bd35cf2fabdeb93fb0d,2026-03-15,basic,200,ok,1788445326
019b9c1293fd72d14c15318d479ac66e,2026-03-15,basic,200,ok,1788445327
0626122e5d404a3cf3edd66e46572c9d,2026-03-15,basic,200,empty,1788445327
3b5b09a50e30828c3e44fd25b6d831a7,2026-03-15,basic,200,ok,1788445328
4508c95b8e14065671c173856679149a,2026-03-15,basic,200,ok,1788445328
83389ccac534b60761a301de94b77ffb,2026-03-15,basic,400,http_400,1788445329
349411c899a3eaf1784abed1025fbb53efe8d04e6d233bd35cf2fabdeb93fb0d,2026-03-15,basic,200,ok,1788445329
7e2ba975a651d14d0ea512badf3404e1efe8d04e6d233bd35cf2fabdeb93fb0d,2026-03-15,basic,200,ok,1788445330
93e084788d4c849a92354172b16277ba,2026-03-15,basic,200,ok,1788445331
2fe9bd6460f2d0e847084f4cfc6aa952,2026-03-15,basic,200,ok,1788445331
0af8d1ce7cf7133fb7bc115c91ee83e4efe8d04e6d233bd35cf2fabdeb93fb0d,2026-03-15,basic,200,ok,1788445332
0816395b59d93d2a4334278dfca9081eefe8d04e6d233bd35cf2fabdeb93fb0d,2026-03-15,basic,200,ok,1788445333
2082507b9bc81ffd3304eb7d32c886aa,2026-03-15,basic,200,ok,1788445333
46350b81c174aa6ea0a6577fe4d924e4efe8d04e6d233bd35cf2fabdeb93fb0d,2026-03-15,basic,200,ok,1788445334
d677e80aff6109f67f3cf1b2ed5e8c10,2026-03-15,basic,200,ok,1788445334
6419bcfb01fc8eda9c72d916e1f9174ac47ea5ffea2564f587ca830a8f71acb2,2026-03-15,basic,200,ok,1788445335
aec0496fe0296524fc1b5c5f55123991,2026-03-15,basic,200,ok,1788445336
c40c866076dfdb81d8dcf04eb46231a1,2026-03-15,basic,200,ok,1788445336
075cf008805bdbff03ce2f54009e879eefe8d04e6d233bd35cf2fabdeb93fb0d,2026-03-15,basic,200,ok,1788445337
3959fcd121db8b66cbe758428b3b6560efe8d04e6d233bd35cf2fabdeb93fb0d,2026-03-15,basic,200,ok,1788445338
bc32695aafaf6faec0a2e362e0ba45fa,2026-03-15,basic,200,ok,1788445338
0a622250df56f30876d89a31568ef886,2026-03-15,basic,200,ok,1788445339
7889cc611a8839dc7a0b05fc15555f26,2026-03-15,basic,200,ok,1788445339
6ff891d4b5f081a07e545b25a8cc3ab1,2026-03-15,basic,200,ok,1788445340
e7e279e7bfe4588dbc77e3ce5ed27b22,2026-03-15,basic,200,ok,1788445341
ab9c08306041a13ba8274197e4c3d75eefe8d04e6d233bd35cf2fabdeb93fb0d,2026-03-15,basic,200,empty,1788445341
58a9940b3c8237c36773e9e07c8637b5efe8d04e6d233bd35cf2fabdeb93fb0d,2026-03-15,basic,200,ok,1788445342
41b7005fcf9d2c6a6241679ffeb5ce83,2026-03-15,basic,200,empty,1788445342
b8d5d3d6197f6543b780ed2b1658e8b9fd842dab14be2a956555625b37c97bff,2026-03-15,basic,200,empty,1788445343
786d971faee6e742cad745ddf5bb5777,2026-03-15,basic,200,ok,1788445344
9b498645b9cbf2767c8f0c32c342309d,2026-03-15,basic,200,ok,1788445344
1b441230d8a6ed8b7a5cc20be845612b,2026-03-15,basic,200,empty,1788445345
875b30d43ffd9c2abc39b40e49784c67efe8d04e6d233bd35cf2fabdeb93fb0d,2026-03-15,basic,200,ok,1788445345
69370ed584734145ab5cc5385dd95c90,2026-03-15,basic,200,empty,1788445346
830a80d6330618b0bb48a7698f438aed,2026-03-15,basic,200,empty,1788445346
e843b43c9a891156672f211f1b5d59be,2026-03-15,basic,200,ok,1788445347
b76359938222ed67d61169d75b7d2c1d,2026-03-15,basic,200,ok,1788445348
1b5436db4ba96ced8ba518d7de019b2e,2026-03-15,basic,200,ok,1788445348
ed539dc21805cedd4eb0e0c17204edca,2026-03-15,basic,200,ok,1788445349
0d96ba74f2eec77c8fd2157f5df112f24723574b05820acf03e7ec3162ff5bed,2026-03-15,basic,200,ok,1788445350
21f527173c2df9716ddaa6d763f60e51,2026-03-15,basic,200,ok,1788445350
6ff07b813a897b3b3a0eda6c01aaeb4e,2026-03-15,basic,200,empty,1788445351
117802df5f87588bc621cbc7bc786a67,2026-03-15,basic,200,ok,1788445352
605a4e07f6d012f56547f0e9931e50f4,2026-03-15,basic,200,ok,1788445352
7408b5234916b5316d92919884542b92,2026-03-15,basic,200,empty,1788445353
85c544fe96169eb8001509b809dc6e44efe8d04e6d233bd35cf2fabdeb93fb0d,2026-03-15,basic,200,empty,1788445353
9cdc6b7ff86d2574fddee4e242accdf2efe8d04e6d233bd35cf2fabdeb93fb0d,2026-03-15,basic,200,ok,1788445354
3d350a55541e728aa46d98645b3eef7e,2026-03-15,basic,200,ok,1788445355
bd4c4a0c014eff465f1e410a0f17497a,2026-03-15,basic,200,empty,1788445355
51a659a0be95720a2870528352a4f557,2026-03-15,basic,200,ok,1788445356
8b0ef0ce0dde07cc3bf76ae3835984fa,2026-03-15,basic,200,ok,1788445356
5ad2cdaa230f863dc888830269490662,2026-03-15,basic,200,ok,1788445357
db56abeb8292f4d300740dc2e18efc08efe8d04e6d233bd35cf2fabdeb93fb0d,2026-03-15,basic,200,ok,1788445358
9fcdde3c17dc79233948750751d288d5efe8d04e6d233bd35cf2fabdeb93fb0d,2026-03-15,basic,200,ok,1788445358
c50c9d31df88bd5967146dcc643fe9ed86e68d4012202d0434d05f81868f68e3,2026-03-15,basic,200,ok,1788445359
16528b0e78725a9f9211fa85823f96cb,2026-03-15,basic,200,ok,1788445360
5ebf5efb593c50faa97ae4d5498c8741efe8d04e6d233bd35cf2fabdeb93fb0d,2026-03-15,basic,200,ok,1788445360
82c42f93275381e7a5c20c371b6237c4efe8d04e6d233bd35cf2fabdeb93fb0d,2026-03-15,basic,200,ok,1788445361
b14c37c9f7a0abc9af2d345a4ee85254efe8d04e6d233bd35cf2fabdeb93fb0d,2026-03-15,basic,200,empty,1788445361
a8da36c849d00782dd68544b75d4033c,2026-03-15,basic,200,ok,1788445362
234dc7e84a4034f9a64a2bc38e07b9b6efe8d04e6d233bd35cf2fabdeb93fb0d,2026-03-15,basic,200,ok,1788445363
171462963ac5eb26b59050ec09270344,2026-03-15,basic,200,ok,1788445363
f0db661aab648a54a6b7cb0e39993d50,2026-03-15,basic,200,ok,1788445364
8f251784b2814023bd61b7ad71bf9d46,2026-03-15,basic,200,empty,1788445364
d22aa03b9d90d62482efd12788e33a04,2026-03-15,basic,200,ok,1788445365
63e6bfe1414f38560e4310933c5bd2e4efe8d04e6d233bd35cf2fabdeb93fb0d,2026-03-15,basic,200,ok,1788445366
b6940ec73c585f6989a3163309e3e7b8efe8d04e6d233bd35cf2fabdeb93fb0d,2026-03-15,basic,200,empty,1788445366
d947e36c1eeb2133c18c016536634ae1,2026-03-15,basic,200,ok,1788445367
1cc77866e7b1d9a15af2e5f3b2f570d8,2026-03-15,basic,200,ok,1788445367
c0b56d83f994e89618ee45cb9140a36b,2026-03-15,basic,200,ok,1788445368
1126a5262fe8701dec81f5c7cf79555f,2026-03-15,basic,200,ok,1788445369
0ce376f9ada1603d904be362c356a985,2026-03-15,basic,200,ok,1788445369
468fab0039f82db8ec0fc0509947b67baae77432709819edb959e1fd5d1d77b4,2026-03-15,basic,200,ok,1788445370
68e525819f484806a5d351c0b31de5faefe8d04e6d233bd35cf2fabdeb93fb0d,2026-03-15,basic,200,ok,1788445371
f5527018e4186613282261c4d2c4f9a6,2026-03-15,basic,200,ok,1788445371
b0cd430b550ac40b5432034a08c56e24efe8d04e6d233bd35cf2fabdeb93fb0d,2026-03-15,basic,200,ok,1788445372
06560b20f37452fc17792ead3ded2e2a,2026-03-15,basic,200,ok,1788445372
e32e25899fced8e3d3d720d0ca86e2d4,2026-03-15,basic,400,http_400,1788445373
d7fe0f188972043ccbfef65642f05145,2026-03-15,basic,200,ok,1788445374
f67445677d9feb1506208b82f61106faefe8d04e6d233bd35cf2fabdeb93fb0d,2026-03-15,basic,200,ok,1788445374
e92a7e93bc87365072e003a17824974fefe8d04e6d233bd35cf2fabdeb93fb0d,2026-03-15,basic,200,empty,1788445375
c2f6f54da041e813599531bfb981329cefe8d04e6d233bd35cf2fabdeb93fb0d,2026-03-15,basic,200,ok,1788445375
386039c4ffe2e1250712607edcad5b5e,2026-03-15,basic,200,ok,1788445376
92e7616e87e54a96f5f417843cfd0faf,2026-03-15,basic,200,ok,1788445377
f072c26ff3a0392e05a8c1e1fe04b992efe8d04e6d233bd35cf2fabdeb93fb0d,2026-03-15,basic,200,ok,1788445377
bb1abc7a74563e119f38d0769b913e0d,2026-03-15,basic,200,ok,1788445378
e6cd0177062017f921f324bc249f45db,2026-03-15,basic,200,ok,1788445379
1cb364cf31b3de7cb84ed9ad4b170994efe8d04e6d233bd35cf2fabdeb93fb0d,2026-03-15,basic,200,ok,1788445379
6855f154ad5a0f1cee9dddc04390d5a1,2026-03-15,basic,200,ok,1788445380
532427d6e2290dde0c9e3cf8fd0256ab,2026-03-15,basic,200,ok,1788445380
f0cfdb26b29e096d52299a4ad6396b46efe8d04e6d233bd35cf2fabdeb93fb0d,2026-03-15,basic,200,ok,1788445381
36f39faf4ec7610211263206bde61e08,2026-03-15,basic,200,ok,1788445382
403ff8afe9e747b6f5477ccc8907c03a,2026-03-15,basic,200,ok,1788445382
8c728d9d2107259b2e22b6ed68035180,2026-03-15,basic,200,ok,1788445383
9ae877c17bba7eadf28b579052e6c9df,2026-03-15,basic,200,empty,1788445383
6758d6570eacc6ee234619f06256e96b,2026-03-15,basic,200,ok,1788445384
8a69003e98749a2b12904390ff454558,2026-03-15,basic,200,ok,1788445385
8f2831949e247107c55bb12876493987,2026-03-15,basic,200,ok,1788445385
89db1621687819df5e3958a31180ef49,2026-03-15,basic,200,ok,1788445386
59fff823a649700e11650bed83e2bc68,2026-03-15,basic,200,ok,1788445387
ee4ccfc3c47d14f6112683a0d8da8779,2026-03-15,basic,200,ok,1788445387
8cfaa679925165473d2cc8f6fe50c44f,2026-03-15,basic,200,ok,1788445388
ec069b50f7987fdda0cc5d555f9b4fabefe8d04e6d233bd35cf2fabdeb93fb0d,2026-03-15,basic,200,empty,1788445388
74a7212bd190c941caa4110fdf3b5937,2026-03-15,basic,200,ok,1788445389
99bbb60f412d81c87460e520cb858c03,2026-03-15,basic,200,ok,1788445390
c769606fe8384d0473395bde3add9fad,2026-03-15,basic,200,ok,1788445390
55a52fec86f1dabbcdbcd0eaf1e59357,2026-03-15,basic,200,ok,1788445391
dfb88a1b4571611c4b80953b4a570582,2026-03-15,basic,200,ok,1788445392
4b5d81dafb888a1fe665fa8203bc1973,2026-03-15,basic,200,ok,1788445392
c01fcc7dee9892b5a06f57ad4409ec26,2026-03-15,basic,200,ok,1788445393
b9de5f3319d7e10d9e8c0d87eb54ae3fefe8d04e6d233bd35cf2fabdeb93fb0d,2026-03-15,basic,200,ok,1788445393
7b22ef6bda01c73900a2aa09bb869e52efe8d04e6d233bd35cf2fabdeb93fb0d,2026-03-15,basic,200,ok,1788445394
be583953c7bba783411aa017f78f29f1,2026-03-15,basic,200,ok,1788445395
1deb5a6bdf0e53c146d8f720ddeb4ae5,2026-03-15,basic,200,ok,1788445395
c0f3858312e3e4d9f70707261d51cc1ee85e07f9d5d276f44440847eec04ba68,2026-03-15,basic,200,ok,1788445396
9122e220072cf285865e8cb16e18659e,2026-03-15,basic,200,ok,1788445397
4de28a3fa2874bbfed4cfed759ed9eea,2026-03-15,basic,200,ok,1788445397
cc040741348b2c1549e106b51617b6d4efe8d04e6d233bd35cf2fabdeb93fb0d,2026-03-15,basic,200,ok,1788445398
6a44c4ca0771abbb49f5ee1eeae7f00aefe8d04e6d233bd35cf2fabdeb93fb0d,2026-03-15,basic,200,ok,1788445398
586dcd113be4e2a66f38afa472b3b5bfefe8d04e6d233bd35cf2fabdeb93fb0d,2026-03-15,basic,200,ok,1788445399
3ed5be017ba88cbb2f3d1524988ae121,2026-03-15,basic,200,ok,1788445400
9e8ac00f2529c67be4a94a313dfe46feefe8d04e6d233bd35cf2fabdeb93fb0d,2026-03-15,basic,200,ok,1788445400
49e6a83697ea73ff255d84d54b27ff0defe8d04e6d233bd35cf2fabdeb93fb0d,2026-03-15,basic,200,ok,1788445401
c8670b56d1f6de6a313ba7c06aec6571,2026-03-15,basic,200,empty,1788445402
7803a418337e6d31b464e90b531de003aae77432709819edb959e1fd5d1d77b4,2026-03-15,basic,200,empty,1788445402
ed29cb5a470fdd4d000ac40627d7f2fffd842dab14be2a956555625b37c97bff,2026-03-15,basic,200,ok,1788445403
3396656fbf74206b1d64d4d9cfd99a41efe8d04e6d233bd35cf2fabdeb93fb0d,2026-03-15,basic,200,empty,1788445403
76096c1256b89373b1d83a374bd8d632,2026-03-15,basic,200,ok,1788445404
ab778c2ff11ac8ac54a35322dd52ffdc,2026-03-15,basic,200,ok,1788445405
b7c017432c62e86bdb20cf465e290facefe8d04e6d233bd35cf2fabdeb93fb0d,2026-03-15,basic,200,ok,1788445405
bfd72d488b5a77bd04d3b28a9713e1946fbb98200a15be5bcc73a64995849e9c,2026-03-15,basic,200,ok,1788445406
b5bb59e4af3f5a2ceab1ae485bd779e1,2026-03-15,basic,200,ok,1788445406
428ead4c387e5f8d7755dac6a4d3a9b6,2026-03-15,basic,200,ok,1788445407
f819509cff0bdac0ed52ee4dcc7057e5,2026-03-15,basic,200,ok,1788445408
14a5ff7a98697ecb8bf18e60d30f127f,2026-03-15,basic,200,ok,1788445408
8197eeaf6241ff31c73878bf45d0a965,2026-03-15,basic,200,ok,1788445409
f4a72472ed373fdb5b392c41695b99d1efe8d04e6d233bd35cf2fabdeb93fb0d,2026-03-15,basic,200,empty,1788445410
503901d0c97f3b877bbc46b43bc580bc,2026-03-15,basic,200,ok,1788445410
32b95fcd8a2beb03347f77734dde83c4,2026-03-15,basic,200,ok,1788445411
753937beb8a7612220213f7f1c533ca3,2026-03-15,basic,200,empty,1788445412
54a18eee33c7e960724f2ba04a3c5547efe8d04e6d233bd35cf2fabdeb93fb0d,2026-03-15,basic,200,ok,1788445412
7a4ecca4b4fd4d948e7cf94b85dace19,2026-03-15,basic,200,empty,1788445413
6e996ba693d6ed5e8f92767743f14bc0,2026-03-15,basic,200,ok,1788445413
5cd2f296d88462287cbf05841f6adc81,2026-03-15,basic,200,empty,1788445414
5911aa210af938beed389ffffa9d41f2,2026-03-15,basic,200,ok,1788445415
acb69dc104e4f855bea59e717aed0a1aefe8d04e6d233bd35cf2fabdeb93fb0d,2026-03-15,basic,200,ok,1788445415
cf2baafa31bb10d37de5d7ce13469601,2026-03-15,basic,200,empty,1788445416
1f4a679bf33ff82d5726cb392dffcd27,2026-03-15,basic,200,ok,1788445416
4de3eeaefe77a949a1dd48977069a70d,2026-03-15,basic,200,ok,1788445417
1a18f0008507642f8c58d5c64d03c8ffc47ea5ffea2564f587ca830a8f71acb2,2026-03-15,basic,200,ok,1788445418
663c92931f3865c779567b4a39ac74bbefe8d04e6d233bd35cf2fabdeb93fb0d,2026-03-15,basic,200,ok,1788445418
107f521c149c8d1dce72ab4c05a7b4f7,2026-03-15,basic,200,ok,1788445419
56d8037cf56e9ff7daf450d2eb5ca742,2026-03-15,basic,200,ok,1788445419
3964212fcfeedf36160473e903eabf18,2026-03-15,basic,200,empty,1788445420
48fbec4bc4c266c094fb59058a9ac8f2efe8d04e6d233bd35cf2fabdeb93fb0d,2026-03-15,basic,200,ok,1788445421
343872a7f2bc5d1504379145281f934e,2026-03-15,basic,200,ok,1788445421
5f619cfddc76c3d18efb7699c4ea5c95,2026-03-15,basic,200,ok,1788445422
ca0bf73c8eb17abb71a2e8796de26baeefe8d04e6d233bd35cf2fabdeb93fb0d,2026-03-15,basic,200,ok,1788445423
fdc34b36f73c3fd89e772cf6d7d1232cefe8d04e6d233bd35cf2fabdeb93fb0d,2026-03-15,basic,200,ok,1788445423
ed73630a9b01b498dc6f0eff3b5bc7c1efe8d04e6d233bd35cf2fabdeb93fb0d,2026-03-15,basic,200,ok,1788445424
2683c5dbe537412f50c10a2945a54b39efe8d04e6d233bd35cf2fabdeb93fb0d,2026-03-15,basic,200,ok,1788445425
d59c7c21c8e5bccf9524ef4fd1d3598c,2026-03-15,basic,200,empty,1788445425
9f347f00cff92952a75c60ea03e586e7,2026-03-15,basic,200,ok,1788445426
9e7657476fe05f45c33401053e4f19c1efe8d04e6d233bd35cf2fabdeb93fb0d,2026-03-15,basic,200,ok,1788445426
c5fa76ba94f39703626159621e5c0d56,2026-03-15,basic,200,empty,1788445427
cfa995fdd15706df1d3a637ebff6c98c,2026-03-15,basic,200,empty,1788445428
22841b94e115a7228d9b04b28baf54e4,2026-03-15,basic,200,empty,1788445428
915ee5bd5f66969a1e4f06fa715f2443,2026-03-15,basic,200,ok,1788445429
b96bb8a982ea95436bd48e616e0ab035efe8d04e6d233bd35cf2fabdeb93fb0d,2026-03-15,basic,200,ok,1788445429
70767ecf7c83ef5cf992a28e40a44e09,2026-03-15,basic,200,ok,1788445430
ca45aa3d8dc47868bccd1409e4cb02b0,2026-03-15,basic,200,ok,1788445431
24b1930b72aff6c3e2e87180eca8a014efe8d04e6d233bd35cf2fabdeb93fb0d,2026-03-15,basic,200,ok,1788445431
51c3e92cdd83b349315729ae5fc751ec,2026-03-15,basic,200,ok,1788445432
9cd36d9cbac5931262fa54179eabc314efe8d04e6d233bd35cf2fabdeb93fb0d,2026-03-15,basic,200,ok,1788445433
6c118b4c1317084a691ea983fcb779b0,2026-03-15,basic,200,ok,1788445433
d75438f69108df549f523899a62cc71baae77432709819edb959e1fd5d1d77b4,2026-03-15,basic,200,ok,1788445434
9cb76bf8f7e0958c741178d3148d8593,2026-03-15,basic,200,ok,1788445434
0ef23f2e62f88ff098eb532133d0b554,2026-03-15,basic,200,ok,1788445435
2246bcd9a64047fb50d8d2c5eaa4f8a1efe8d04e6d233bd35cf2fabdeb93fb0d,2026-03-15,basic,200,ok,1788445436
fd627c2ce765b3adb8801845c1b102608295750b1f4857867454debc45ec9c8a,2026-03-15,basic,200,ok,1788445436
fa639be8f860227c955053cfffb94281,2026-03-15,basic,200,ok,1788445437
14ecef4e80ac828a81232a18f681f5b4,2026-03-15,basic,200,empty,1788445437
dbfdffad81d9c8f251093ed7390ffac5,2026-03-15,basic,200,ok,1788445438
40ee830dd76b647e0a614cfdc26fd3ffefe8d04e6d233bd35cf2fabdeb93fb0d,2026-03-15,basic,200,ok,1788445439
c4b8a3ddc7a818b5efef35c92b79d715efe8d04e6d233bd35cf2fabdeb93fb0d,2026-03-15,basic,200,empty,1788445439
a0fde17f44a0ee3b771cb61e6e046f1aefe8d04e6d233bd35cf2fabdeb93fb0d,2026-03-15,basic,200,ok,1788445440
e1b19e74ab7211e0e4f7cf3f33d29aca4723574b05820acf03e7ec3162ff5bed,2026-03-15,basic,200,ok,1788445441
dc7eb5b8a163ee0cd1791b5ef301764aefe8d04e6d233bd35cf2fabdeb93fb0d,2026-03-15,basic,200,ok,1788445441
64ab0e4a6143e01663109f198bb1376aefe8d04e6d233bd35cf2fabdeb93fb0d,2026-03-15,basic,200,ok,1788445442
dffa624954cf73014751c29adc1e565d,2026-03-15,basic,200,ok,1788445443
90d4f7954bc8d5ee5fc09310a6a67a11,2026-03-15,basic,200,ok,1788445443
980246ee30088f65a3049bc9d465a6a286e68d4012202d0434d05f81868f68e3,2026-03-15,basic,200,ok,1788445444
b570927a91c2b06a0cc027dcc3394e6d,2026-03-15,basic,200,ok,1788445444
ab104888755f3eca685377541bca7f04,2026-03-15,basic,200,ok,1788445445
17ab67299b418932a347fd4d1fb56124,2026-03-15,basic,200,ok,1788445446
c7f49a936b9ba0ea6754f63ed63393ddefe8d04e6d233bd35cf2fabdeb93fb0d,2026-03-15,basic,200,ok,1788445446
ff9ab4c9d3cb1d62bdcd0be6a6cd17824723574b05820acf03e7ec3162ff5bed,2026-03-15,basic,200,ok,1788445447
3aa2b3e54842fe8959ef6b7bf5bff858efe8d04e6d233bd35cf2fabdeb93fb0d,2026-03-15,basic,200,ok,1788445448
9effcd4e73429d2399dee6c0588d4d52efe8d04e6d233bd35cf2fabdeb93fb0d,2026-03-15,basic,200,ok,1788445448
d05362eb4bf824e5b6abc339caec40fe,2026-03-15,basic,200,ok,1788445449
33575b01c021bb43d6e9d3d4aad9c73cefe8d04e6d233bd35cf2fabdeb93fb0d,2026-03-15,basic,200,ok,1788445450
9aab4dd34ad974a974fa24bd593b351aefe8d04e6d233bd35cf2fabdeb93fb0d,2026-03-15,basic,200,ok,1788445450
781f30e974310063b71f0a9d0a3349f5,2026-03-15,basic,200,ok,1788445451
cc905e22776cf6d73711b20cd2e8f2c5efe8d04e6d233bd35cf2fabdeb93fb0d,2026-03-15,basic,200,ok,1788445451
f7b147c43d7043c58db9a9fc8066adb7,2026-03-15,basic,200,ok,1788445452
24365ce57cb9b225a466181c48063762efe8d04e6d233bd35cf2fabdeb93fb0d,2026-03-15,basic,200,ok,1788445453
bff6885bacfc82ff50f6a7bccd7f8e19,2026-03-15,basic,200,ok,1788445453
6936fd4ca030970a5bd7003771a5c350,2026-03-15,basic,200,ok,1788445454
1ec19129892f9b53d257cf4bbad35507,2026-03-15,basic,200,ok,1788445455
77745eee4ad81228d18b0c204ab492d6,2026-03-15,basic,200,ok,1788445455
8562f0ac31c56d6530170ed517918cfaefe8d04e6d233bd35cf2fabdeb93fb0d,2026-03-15,basic,200,ok,1788445456
4d9042b0fa7762b0e77033513e1737a1,2026-03-15,basic,200,ok,1788445456
cc2f89af76866ea2cca854a3ada3357fefe8d04e6d233bd35cf2fabdeb93fb0d,2026-03-15,basic,200,empty,1788445457
be5766a453b5e6f97e489873ef45c4eaefe8d04e6d233bd35cf2fabdeb93fb0d,2026-03-15,basic,200,empty,1788445458
0598b4afa21414542e53f3aa665234cf,2026-03-15,basic,200,ok,1788445458
bb32f410eeed5a8e672e40ee48ec22e1,2026-03-15,basic,200,ok,1788445459
acc334dbfaadd2eda10b9431f9ebf37e,2026-03-15,basic,200,ok,1788445459
22a7e4deeabc7cf283c99f4e25058dc5efe8d04e6d233bd35cf2fabdeb93fb0d,2026-03-15,basic,200,ok,1788445460
b80fc3897be9385cd115e4e56517abf2,2026-03-15,basic,200,empty,1788445460
2da87066cf4c86508ae045c862ea752d,2026-03-15,basic,200,ok,1788445461
529db648dae3c5cccb139e15d42ed8b8,2026-03-15,basic,400,http_400,1788445462
ec4fd76f1a0de4ce3011720dad228eee,2026-03-15,basic,200,ok,1788445462
c713b35f0eb40bcf0b51ae0ad9fffff8e85e07f9d5d276f44440847eec04ba68,2026-03-15,basic,200,ok,1788445463
0b13c583f7837587a8ddf040c8f20d46,2026-03-15,basic,200,ok,1788445464
f097cf9778b1f8835f6ae5314a984994efe8d04e6d233bd35cf2fabdeb93fb0d,2026-03-15,basic,200,ok,1788445464
0dc0ae97a8c983d98842377497ff0a65efe8d04e6d233bd35cf2fabdeb93fb0d,2026-03-15,basic,200,ok,1788445465
b071b74842dab651620671c304f40b46,2026-03-15,basic,200,ok,1788445465
c1bbe24439a61b753999806ca756e585efe8d04e6d233bd35cf2fabdeb93fb0d,2026-03-15,basic,200,ok,1788445466
a1774c420e735028ef740c8ade756adfefe8d04e6d233bd35cf2fabdeb93fb0d,2026-03-15,basic,200,ok,1788445467
f8dbe30c52c67f2f5516b4fbb19da824,2026-03-15,basic,200,ok,1788445467
cdbf81513119fca5359b3ac050f3e29befe8d04e6d233bd35cf2fabdeb93fb0d,2026-03-15,basic,200,ok,1788445468
1bd2928b8d8129d097a1d799736fb6f8efe8d04e6d233bd35cf2fabdeb93fb0d,2026-03-15,basic,200,ok,1788445469
c33d67ce9481126d6d43782bbd38aa82,2026-03-15,basic,200,ok,1788445469
14adc9e51f502dd3a4414b66858e0edcefe8d04e6d233bd35cf2fabdeb93fb0d,2026-03-15,basic,200,ok,1788445470
8075b5547ec2e59a72000980458ecf35,2026-03-15,basic,200,ok,1788445471
5b62606a5155f9dd3941a4e31228dd9a,2026-03-15,basic,200,ok,1788445471
43ed8415a09a054c8d16937febef8851,2026-03-15,basic,200,ok,1788445472
a2d4e618901506e4263bd1667b607720,2026-03-15,basic,200,ok,1788445472
20ae4045321bf450e957877a484cc068,2026-03-15,basic,200,empty,1788445473
749d0a2b099c6d3cb65218b02c1f4234,2026-03-15,basic,200,ok,1788445474
341f2f81f32bb8dc520fd820284c9c1a,2026-03-15,basic,200,ok,1788445474
13cf45db8f66b4f37ac54b95a980454defe8d04e6d233bd35cf2fabdeb93fb0d,2026-03-15,basic,200,ok,1788445475
20cf46d2324f864cd22b2c7ee55e5efe,2026-03-15,basic,200,ok,1788445476
48c2fb144f5f7f683694ebbcef013d4cefe8d04e6d233bd35cf2fabdeb93fb0d,2026-03-15,basic,200,ok,1788445476
626e0dbad7b9458fe7da186a3e68daad,2026-03-15,basic,200,ok,1788445477
011952046342c41c3cc7873059f937d0,2026-03-15,basic,200,ok,1788445477
4530f63c6d2db115dfb6a82f3a00802a3663933da92e7566c55104ec9ac2894d,2026-03-15,basic,200,empty,1788445478
456546e438f0fda44ef7cf94d2aa0ae8c47ea5ffea2564f587ca830a8f71acb2,2026-03-15,basic,200,ok,1788445479
de6f8181498b858c8071728c891b3ea5,2026-03-15,basic,200,ok,1788445479
46f89255dba4d53a4d1d704d64a18049efe8d04e6d233bd35cf2fabdeb93fb0d,2026-03-15,basic,200,ok,1788445480
275776a5d37ec697bcd33754a62c440f,2026-03-15,basic,200,ok,1788445480
40524d5682ca511ed0c3aa6f0c9ec82f,2026-03-15,basic,200,ok,1788445481
ebe01e17557106cf1681730d6fb262a5,2026-03-15,basic,200,ok,1788445482
f10258d9fbc92296e76dca3ae8eff28fefe8d04e6d233bd35cf2fabdeb93fb0d,2026-03-15,basic,200,empty,1788445482
7c026aa5df848e6005f1cadea6b05b7c,2026-03-15,basic,200,ok,1788445483
9031fc4043cece329734c23bfa1b5937efe8d04e6d233bd35cf2fabdeb93fb0d,2026-03-15,basic,200,ok,1788445483
f0b48b57ab7b02a598854c00473e3117,2026-03-15,basic,200,ok,1788445484
ce130764aace6d34f65470e16a200711aae77432709819edb959e1fd5d1d77b4,2026-03-15,basic,200,ok,1788445485
cc628da2bae88915a1852280940c33c1,2026-03-15,basic,200,empty,1788445485
31b11bcbff37f606abd51f279c83b843,2026-03-15,basic,200,ok,1788445486
8c22c0718d29c49a35840b47888fcab3efe8d04e6d233bd35cf2fabdeb93fb0d,2026-03-15,basic,200,ok,1788445486
deac83da3ad038653b044abfa5ff4195,2026-03-15,basic,200,ok,1788445487
71a9617e43160912092dee2b0d254445a2186d8e7cf7a6ee152d97cc78f2ae8b,2026-03-15,basic,200,ok,1788445488
497a3fdba6d62ede489cbecdd312d39dfd842dab14be2a956555625b37c97bff,2026-03-15,basic,200,ok,1788445488
e55334fdfe6478f08bc35361592262b0,2026-03-15,basic,200,ok,1788445489
9c5f2f8d67c23852d45da9de103e365eefe8d04e6d233bd35cf2fabdeb93fb0d,2026-03-15,basic,200,ok,1788445490
a53a42f07708ebae37b8ac6d7960b114,2026-03-15,basic,200,empty,1788445490
7016fd00b3104adce048c0a3f52a39d5,2026-03-15,basic,200,ok,1788445491
299a0333e911bc9ad2b6b9ca8da64440efe8d04e6d233bd35cf2fabdeb93fb0d,2026-03-15,basic,200,ok,1788445491
18cb30c1846cb07d4301b12fb36f56dc,2026-03-15,basic,200,ok,1788445492
c463d28a20e7e17a5a476039e2d10c16,2026-03-15,basic,200,ok,1788445493
452273f5d7978c3a0c2e4999cc5ed7d2efe8d04e6d233bd35cf2fabdeb93fb0d,2026-03-15,basic,200,ok,1788445493
b9b52ef9aec18bfd06b0e1659d7c92d5,2026-03-15,basic,200,ok,1788445494
aa93fbdf56bd0ad5c8f2c97d6fb31db5,2026-03-15,basic,200,ok,1788445494
0aa6896bcd1259d4473ee561c4f93031,2026-03-15,basic,200,ok,1788445495
32cccfae7c6a4fcfc16190e110157d4c,2026-03-15,basic,200,empty,1788445495
d58f916e4b606d84c04fa305b1c999fb,2026-03-15,basic,200,ok,1788445496
39d2f8af2544ebc8dad5e5d9aa4d1b00,2026-03-15,basic,200,ok,1788445497
219e12ff6de6c1d02ffb238d014b0fb8,2026-03-15,basic,200,ok,1788445497
b27f1f2b861447a3d9e59e0e7002b7f1,2026-03-15,basic,200,ok,1788445498
79baa3faa63af29591f1310fd1f90889efe8d04e6d233bd35cf2fabdeb93fb0d,2026-03-15,basic,200,ok,1788445498
0819c074134191d8a8d34603c42b2cc1efe8d04e6d233bd35cf2fabdeb93fb0d,2026-03-15,basic,200,ok,1788445499
fc2736a7e05b1b3c2882ee0ee5da7c0aaae77432709819edb959e1fd5d1d77b4,2026-03-15,basic,200,ok,1788445500
aae59973d85335671ca4f2065798581c,2026-03-15,basic,200,ok,1788445500
5dcd56636e533af97f36715a20357601,2026-03-15,basic,200,ok,1788445501
61668637c76b2fee59cf483e22c11dd9,2026-03-15,basic,200,ok,1788445502
77bdbdc5b88053ab03ae72a3c6d7d272,2026-03-15,basic,200,ok,1788445502
398c0e2963c372228495252b08c4489d,2026-03-15,basic,200,ok,1788445503
9b9458a2035d9b902050421ed4ca08e7,2026-03-15,basic,200,ok,1788445503
a6599d0f722025faca0efae15f46526befe8d04e6d233bd35cf2fabdeb93fb0d,2026-03-15,basic,200,ok,1788445504
5178787b2127e17de717350b25b376b4,2026-03-15,basic,200,ok,1788445505
077003853a41c65e450035c85d1b69f2efe8d04e6d233bd35cf2fabdeb93fb0d,2026-03-15,basic,200,ok,1788445505
231078667cfb3c2dcb76bea02d9fbd2f,2026-03-15,basic,200,ok,1788445506
97237c582c97b3106c8e81808c5efca8efe8d04e6d233bd35cf2fabdeb93fb0d,2026-03-15,basic,200,ok,1788445506
51bc5e998baa2ce32eaaf2f8a0261e4defe8d04e6d233bd35cf2fabdeb93fb0d,2026-03-15,basic,200,empty,1788445507
89a10ad8cc73644fc5feb628c992b06fefe8d04e6d233bd35cf2fabdeb93fb0d,2026-03-15,basic,200,ok,1788445507
c4210a30e7876d8139ec8d5653d68e3d,2026-03-15,basic,200,ok,1788445508
74c3b8cb09fee16c7d6d8c3c1c4c692f,2026-03-15,basic,200,ok,1788445509
3575ccaa17779f325eb3b21fd85a39eeefe8d04e6d233bd35cf2fabdeb93fb0d,2026-03-15,basic,200,ok,1788445509
d236db0de3630804fcf25bf5eabfbd11efe8d04e6d233bd35cf2fabdeb93fb0d,2026-03-15,basic,200,ok,1788445510
f773390cfac14639fd73749e7ae6e981e85e07f9d5d276f44440847eec04ba68,2026-03-15,basic,200,ok,1788445510
84a4342a7a66c9101d26575fdc22ab58efe8d04e6d233bd35cf2fabdeb93fb0d,2026-03-15,basic,200,ok,1788445511
05744da4d25f8ded7db91c553c174a80efe8d04e6d233bd35cf2fabdeb93fb0d,2026-03-15,basic,200,ok,1788445512
9b87a375591c45a0fd3c60bbd1954161,2026-03-15,basic,200,ok,1788445512
026b37f00a14206685c1dc6cc20f2ac4,2026-03-15,basic,200,ok,1788445513
29b96c5c104ebdc287fa638db2e5f56c,2026-03-15,basic,200,ok,1788445513
774d61087696544e6aba63f8015bd423,2026-03-15,basic,200,ok,1788445514
1df12dfc552c3d123a3550b60d78abf9c47ea5ffea2564f587ca830a8f71acb2,2026-03-15,basic,200,ok,1788445515
02218ed331e0b37be1177e4daa465c7befe8d04e6d233bd35cf2fabdeb93fb0d,2026-03-15,basic,200,ok,1788445515
a76fe5409d471f2477e888e9ba09b48d6fbb98200a15be5bcc73a64995849e9c,2026-03-15,basic,200,ok,1788445516
f2a9d3b40416f6a8a7afe8c1871c057aefe8d04e6d233bd35cf2fabdeb93fb0d,2026-03-15,basic,200,ok,1788445517
e31b3c6afeccba5e7fd612973e8f2e6a,2026-03-15,basic,200,ok,1788445517
af818f3e214ef623ea6ee27d04cd039eefe8d04e6d233bd35cf2fabdeb93fb0d,2026-03-15,basic,200,ok,1788445518
002e09cacb44d4e36c880b62dd454584,2026-03-15,basic,200,ok,1788445518
faf8ab2b8d8f01325e8b84adde6b7df3efe8d04e6d233bd35cf2fabdeb93fb0d,2026-03-15,basic,200,ok,1788445519
2a46de2176f6d01fafb6e8f39a6654e9,2026-03-15,basic,200,ok,1788445520
bd1b289d646974d51c255ddadf434cfb,2026-03-15,basic,200,ok,1788445520
22fa89d61007810fc5eb1a548a45f176,2026-03-15,basic,200,ok,1788445521
d658a1d898410d9343f0d3c0c4cb0987efe8d04e6d233bd35cf2fabdeb93fb0d,2026-03-15,basic,200,ok,1788445521
802295633e902cdffa3c864525226e93,2026-03-15,basic,200,ok,1788445522
19ee8376461e4e3d3504c8a3887b8007,2026-03-15,basic,200,ok,1788445523
b337eab34fcead9b01c6d2f44bfe655a,2026-03-15,basic,200,ok,1788445523
4c7a4702fab31399b26eea2de8249bfd,2026-03-15,basic,200,ok,1788445524
ce30e9957cb3fc25d2ba4f178103d41b,2026-03-15,basic,200,ok,1788445525
b2510850189b6b332a241aa440682225,2026-03-15,basic,200,ok,1788445525
2ab1d52dfb9a2b08a4b2876a570615b7,2026-03-15,basic,200,ok,1788445526
97fc2ac18172aa37d4237c0f61f68d2c,2026-03-15,basic,200,ok,1788445526
c20021b1694bd9aad5407c79700f38c4,2026-03-15,basic,200,ok,1788445527
dbd82ad31c5f946c5968940797fc4fb0,2026-03-15,basic,200,ok,1788445528
71b91d7b6960c81436565660fbe8e3b1,2026-03-15,basic,200,ok,1788445528
01482598804711f6504f2a648e3b1417efe8d04e6d233bd35cf2fabdeb93fb0d,2026-03-15,basic,200,ok,1788445529
f2b502bb937c50ef906e7c80d94d29c3efe8d04e6d233bd35cf2fabdeb93fb0d,2026-03-15,basic,200,ok,1788445530
89791f7ab861dbe46ff07093683b36a2efe8d04e6d233bd35cf2fabdeb93fb0d,2026-03-15,basic,200,empty,1788445530
ffc07c0a42fc1461e49c480ddc0fa216,2026-03-15,basic,200,ok,1788445531
0bc404add8e3f245d94d1e222ad89f4b,2026-03-15,basic,200,ok,1788445531
4e6055098955915f155305928b5be928efe8d04e6d233bd35cf2fabdeb93fb0d,2026-03-15,basic,200,ok,1788445532
2e686b36bc68482eca5eabc25495a761,2026-03-15,basic,200,ok,1788445533
6686633ddab988c3857a3c74e932d8ca,2026-03-15,basic,200,ok,1788445533
ccdbcb45a9848605ffc565da3a14352cefe8d04e6d233bd35cf2fabdeb93fb0d,2026-03-15,basic,200,ok,1788445534
9c22a3b061f2cc68d0046e9ff12010b7efe8d04e6d233bd35cf2fabdeb93fb0d,2026-03-15,basic,200,ok,1788445535
3e45f9fff9fc1abf962dde2f5cebc9bd,2026-03-15,basic,200,empty,1788445535
7cd50cc5d424d5bd91d10ac17f4aa672,2026-03-15,basic,200,ok,1788445536
d90bdb95ba602b8ba8b4af9984f30113,2026-03-15,basic,200,ok,1788445536
3396ac20ee6b13736f581ef2ba97e4b2efe8d04e6d233bd35cf2fabdeb93fb0d,2026-03-15,basic,200,ok,1788445537
e27a537165164fc045feba072fb8a451,2026-03-15,basic,200,ok,1788445538
7b573dd438474e9c5654664e0da8ab2c,2026-03-15,basic,200,ok,1788445538
fde6e7b69aea0379ac893c423a63fa4cefe8d04e6d233bd35cf2fabdeb93fb0d,2026-03-15,basic,200,ok,1788445539
97d54bdb81ca72e5ee04bb4fc470773286e68d4012202d0434d05f81868f68e3,2026-03-15,basic,200,ok,1788445539
38ab2ccf366008a331511dc52cd0e0caaae77432709819edb959e1fd5d1d77b4,2026-03-15,basic,200,ok,1788445540
0abec384720efa340fa1dec337df8780,2026-03-15,basic,200,empty,1788445541
5469179dc5550667136352bafb62cc35efe8d04e6d233bd35cf2fabdeb93fb0d,2026-03-15,basic,200,ok,1788445541
d322177d0d28809b448df45aca84c7ba,2026-03-15,basic,200,empty,1788445542
eff975d64b85b79179cc4f90e8893421efe8d04e6d233bd35cf2fabdeb93fb0d,2026-03-15,basic,200,ok,1788445542
7cad6568a9b2b2016f1b2d25c57f679e,2026-03-15,basic,200,ok,1788445543
3365644493488f678c05417ac8314ea0efe8d04e6d233bd35cf2fabdeb93fb0d,2026-03-15,basic,200,ok,1788445543
05c7bd6a8c27a99ee6365c90178b8ac7,2026-03-15,basic,200,ok,1788445544
75f75e96d1b3c497d6587e9c625b39da,2026-03-15,basic,200,ok,1788445545
8a23d93936f2632b6db308cd0883fc53,2026-03-15,basic,200,empty,1788445545
cd7dbc1f9df26a752dd243d8933e3306efe8d04e6d233bd35cf2fabdeb93fb0d,2026-03-15,basic,200,ok,1788445546
2a93e3de2a0d2be921db129e5b262e4cefe8d04e6d233bd35cf2fabdeb93fb0d,2026-03-15,basic,200,ok,1788445546
27e89ba81265a483c3c18559b517c81d,2026-03-15,basic,200,ok,1788445547
98fd8194b49b8c68ed013424a16f9f88efe8d04e6d233bd35cf2fabdeb93fb0d,2026-03-15,basic,200,ok,1788445548
b8fb991ac33bb357f17b911517b24a30efe8d04e6d233bd35cf2fabdeb93fb0d,2026-03-15,basic,200,ok,1788445548
cb07d788840dc65eaa2a1ad1835eb28e,2026-03-15,basic,200,ok,1788445549
4772705c7c623e6a7679922f23f334bc,2026-03-15,basic,200,empty,1788445549
72241b7161790545cc61a77bb2b80862,2026-03-15,basic,200,empty,1788445550
8dc61407bf1114f887a6c68d921ea4724723574b05820acf03e7ec3162ff5bed,2026-03-15,basic,200,ok,1788445551
36fd9436306d69ceaa20b114f956bc97,2026-03-15,basic,200,ok,1788445551
6f2dec7f823dcf1256d7e70f9bde8340efe8d04e6d233bd35cf2fabdeb93fb0d,2026-03-15,basic,200,ok,1788445552
f4da4393a34142334e29bf9b0091986d,2026-03-15,basic,200,empty,1788445552
4ea842c9860e815f460392ce49b8bad4efe8d04e6d233bd35cf2fabdeb93fb0d,2026-03-15,basic,200,ok,1788445553
982dc7a6471454c31036731b5f85501eefe8d04e6d233bd35cf2fabdeb93fb0d,2026-03-15,basic,200,ok,1788445554
c85feb124b45bf112ebd638ad53f16f6,2026-03-15,basic,200,ok,1788445554
6855066d677f4d82c718b51f44792155efe8d04e6d233bd35cf2fabdeb93fb0d,2026-03-15,basic,200,ok,1788445555
7546ef4227f74639b2f8ea867c6b72d2efe8d04e6d233bd35cf2fabdeb93fb0d,2026-03-15,basic,200,ok,1788445555
4b5700125c53beaf5e5251e2eb4ddc83efe8d04e6d233bd35cf2fabdeb93fb0d,2026-03-15,basic,200,ok,1788445556
bba1341aa50b301c4d6160b1291f7d5c,2026-03-15,basic,200,ok,1788445557
0de998c4c90a4654fe83822ac0d0f6df,2026-03-15,basic,200,ok,1788445557
55958493586d2f806e8d503019cdbe74aae77432709819edb959e1fd5d1d77b4,2026-03-15,basic,200,ok,1788445558
243d1870c8f462892d4b596e228204db,2026-03-15,basic,200,ok,1788445559
58567c20a9b9264c55b7974a507d649e,2026-03-15,basic,200,ok,1788445559
8e117feaa5120da881beeb39a48f0a1d,2026-03-15,basic,200,ok,1788445560
5e5edaf83103f06a1e75a82e07de3447,2026-03-15,basic,200,ok,1788445560
b9b93ebba3cd7b8eb3ba72bf6fe5a8b8,2026-03-15,basic,200,ok,1788445561
696777d67fcdca152f17a780deba41818295750b1f4857867454debc45ec9c8a,2026-03-15,basic,200,ok,1788445562
4ac5472cf8a5ecc33888fdee25a4a58fefe8d04e6d233bd35cf2fabdeb93fb0d,2026-03-15,basic,200,ok,1788445562
a7fb7efa4ac323707c3180540665021f,2026-03-15,basic,200,empty,1788445563
acfa0f288ed6ca09d34795660d6c4535,2026-03-15,basic,200,ok,1788445563
32cbd2d6bc4ad087ea7ef1cea4b4cb2c,2026-03-15,basic,200,ok,1788445564
fba605fe635ab057d3b0b6106f8ceace,2026-03-15,basic,200,ok,1788445565
1cd09dc2931f3e095709632706675ef6efe8d04e6d233bd35cf2fabdeb93fb0d,2026-03-15,basic,200,ok,1788445565
aee7b16c302ffbe83af9390286ca0585efe8d04e6d233bd35cf2fabdeb93fb0d,2026-03-15,basic,200,ok,1788445566
138e2e73bb51b6feb41f41b3645d3b37,2026-03-15,basic,200,ok,1788445566
3ac483f377327b12cc309696f80171bf,2026-03-15,basic,200,ok,1788445567
0500548d5926a8c45ca76731ebd2dd99,2026-03-15,basic,200,ok,1788445568
b021955e657b3b094cf9be4e56a21828,2026-03-15,basic,200,ok,1788445568
56b69d6f9993367680d5ed87f9a961fe,2026-03-15,basic,200,empty,1788445569
47a966bff577aca778ca725ef1c1b39f,2026-03-15,basic,200,ok,1788445569
af29a70e3157067dc92eab193a6b498f,2026-03-15,basic,200,ok,1788445570
31ef1536f8eb51c4c8f0f097f351340a,2026-03-15,basic,200,ok,1788445571
3813f5718f9b65eb552b469b2a2d7fba,2026-03-15,basic,200,empty,1788445571
6c799019b8aaf1901ac36199e75f8672,2026-03-15,basic,200,ok,1788445572
3af4520b8c5e5177f8fa947c12edb050,2026-03-15,basic,200,ok,1788445572
675660bc22a5ab48adb55433494f2019,2026-03-15,basic,200,ok,1788445573
45daaa371f8296fb05f31f7478af5776efe8d04e6d233bd35cf2fabdeb93fb0d,2026-03-15,basic,200,ok,1788445574
9f73a59397519575770016ed377f7915,2026-03-15,basic,200,ok,1788445574
d42092067ce94e3fef8dc163ddefee64,2026-03-15,basic,200,ok,1788445575
4078c38d50f0bee2fddeb6663e285498efe8d04e6d233bd35cf2fabdeb93fb0d,2026-03-15,basic,200,ok,1788445575
3d46d0218d40e0ede69d687fdad9f2d5efe8d04e6d233bd35cf2fabdeb93fb0d,2026-03-15,basic,200,ok,1788445576
714d6970c253e43434fa6a58cb635593,2026-03-15,basic,200,ok,1788445577
94c447d47a5e5caa41084f87cd3e4c3a,2026-03-15,basic,200,ok,1788445577
60e87f3d1465d85f12ef1b84efa09db9,2026-03-15,basic,200,ok,1788445578
970a93c18abb23bcaeb36d30681fff5eefe8d04e6d233bd35cf2fabdeb93fb0d,2026-03-15,basic,200,ok,1788445578
643467156b1054b6ffcf78c251c8028e,2026-03-15,basic,200,ok,1788445579
7a7d0ef9e9a74fd21708a27f9bd15cf88295750b1f4857867454debc45ec9c8a,2026-03-15,basic,200,ok,1788445579
dba2ae0463c8dcda77164704cfd93ced,2026-03-15,basic,200,ok,1788445580
9ff5df122004c4a68f8c00c0df29bc5f4723574b05820acf03e7ec3162ff5bed,2026-03-15,basic,200,ok,1788445581
960e0cd039c51e1fcbbccf3d42315b40efe8d04e6d233bd35cf2fabdeb93fb0d,2026-03-15,basic,200,ok,1788445581
1e1e6d380cf3e0eefc585fde71531fc7efe8d04e6d233bd35cf2fabdeb93fb0d,2026-03-15,basic,200,ok,1788445582
798b4448ff8d6d24c3328dc80b1f7a64efe8d04e6d233bd35cf2fabdeb93fb0d,2026-03-15,basic,200,ok,1788445582
b4b62f28b8f8c532ef1d0cfd9dd774aa,2026-03-15,basic,200,ok,1788445583
674d08e9f0a213fffdbd557aca762a6b,2026-03-15,basic,200,ok,1788445584
fe6cb6e6a75968d640cff2a962e594c2,2026-03-15,basic,200,ok,1788445584
8a2e84b80fe6905000e98192ef67970c,2026-03-15,basic,200,ok,1788445585
009452683327635678c4e7072ea3b5ddfd842dab14be2a956555625b37c97bff,2026-03-15,basic,200,empty,1788445585
965a7906f01c44d559eaf1e152c6233befe8d04e6d233bd35cf2fabdeb93fb0d,2026-03-15,basic,200,ok,1788445586
bee59a747cfd3e313d3a46564455a9de,2026-03-15,basic,200,ok,1788445587
5136df174c4fa5aac607fd672165715c,2026-03-15,basic,200,ok,1788445587
42a63089bb5bf3ab6009132930a4f316,2026-03-15,basic,200,ok,1788445588
41ff005620eff7448feb108cf025128befe8d04e6d233bd35cf2fabdeb93fb0d,2026-03-15,basic,200,ok,1788445588
922598339a2c72f6053e262521b8febcefe8d04e6d233bd35cf2fabdeb93fb0d,2026-03-15,basic,200,ok,1788445589
20ce26f87d0371ec99a9d4238ab82e2ba2186d8e7cf7a6ee152d97cc78f2ae8b,2026-03-15,basic,200,ok,1788445590
509a79ef02dbc9a6159501e55f427c4a,2026-03-15,basic,200,ok,1788445590
dfa241c42fbd49ea77dc633f46a5c711,2026-03-15,basic,200,ok,1788445591
4b1fe976b133be2f829a9a7537000ec4efe8d04e6d233bd35cf2fabdeb93fb0d,2026-03-15,basic,200,ok,1788445592
c914432467b8c5d4cc25fd603f77fd14efe8d04e6d233bd35cf2fabdeb93fb0d,2026-03-15,basic,200,ok,1788445592
f6ebfb751618dc1683a17d2a82f895fb,2026-03-15,basic,200,ok,1788445593
dd3356900e3eb198a50ce389742b189e,2026-03-15,basic,200,ok,1788445593
cde0bdd100a4d0cc0f19467683ff3c9686e68d4012202d0434d05f81868f68e3,2026-03-15,basic,200,ok,1788445594
ecdba59cbf3b886ab3e3bbdca766a6a6efe8d04e6d233bd35cf2fabdeb93fb0d,2026-03-15,basic,200,ok,1788445595
6bdca54fa29e846e34b07a54a87f447c,2026-03-15,basic,200,ok,1788445595
79d3e834211b5a9b74fb21b8bf01ac65,2026-03-15,basic,200,empty,1788445596
cb07d5b18b59d3ac5698dedc7a69bb4a,2026-03-15,basic,200,ok,1788445597
40c61d645c0ffdb33003106737e081e74723574b05820acf03e7ec3162ff5bed,2026-03-15,basic,200,empty,1788445597
9d04424a124d544cf694e2ae3a965ec4,2026-03-15,basic,200,ok,1788445598
f290d0fbbca67fc21f99b9c4cbd087b7,2026-03-15,basic,200,ok,1788445598
d07df8e4e5e24f7cf9393e0f207570a0efe8d04e6d233bd35cf2fabdeb93fb0d,2026-03-15,basic,200,ok,1788445599
e4079ef2f9baeb2ae7dfe327a2f417f1efe8d04e6d233bd35cf2fabdeb93fb0d,2026-03-15,basic,200,ok,1788445599
8d3b178d40e32183d091ecd38a1d6ee2e85e07f9d5d276f44440847eec04ba68,2026-03-15,basic,200,ok,1788445600
ee45efa190e409cecd3bd5042c7b585befe8d04e6d233bd35cf2fabdeb93fb0d,2026-03-15,basic,200,ok,1788445601
3100158b8fd87fe59bb5f64255a800c2,2026-03-15,basic,200,ok,1788445601
b98d45ac41b1cdc2a923fe7b392c85e1,2026-03-15,basic,200,ok,1788445602
ac81eb4b0260cc3b01501cbadac3de6a,2026-03-15,basic,200,ok,1788445602
be580f4efebd9ec2609b645b7a0cee5a,2026-03-15,basic,200,ok,1788445603
038ad2cbab6f14d2c134b3881a634046efe8d04e6d233bd35cf2fabdeb93fb0d,2026-03-15,basic,200,ok,1788445604
1532ce4f3635d547e51eeb888a0463d5,2026-03-15,basic,200,ok,1788445604
773cbcd2eb9590031dda4e1b5b2a77daefe8d04e6d233bd35cf2fabdeb93fb0d,2026-03-15,basic,200,ok,1788445605
6251fde7a2d04679e1ce73354d072f5fefe8d04e6d233bd35cf2fabdeb93fb0d,2026-03-15,basic,200,ok,1788445605
4e235df4137784725e8dc78513357167,2026-03-15,basic,200,ok,1788445606
a8e50cc63caa26e15fdb23e80f6c8293,2026-03-15,basic,200,ok,1788445607
df5cd55b03b8cd0e1157e3b5224657d5,2026-03-15,basic,200,ok,1788445607
536b771f83c605eb269ded656578b364,2026-03-15,basic,200,ok,1788445608
65b23c3f18fa2371c3de2fa2a8c1158b,2026-03-15,basic,200,ok,1788445608
20d482daf0c79af6754436df8dc16c2cefe8d04e6d233bd35cf2fabdeb93fb0d,2026-03-15,basic,200,empty,1788445609
46a712ed1759e522b8d678025d294fc4efe8d04e6d233bd35cf2fabdeb93fb0d,2026-03-15,basic,200,ok,1788445610
05ddab8c3249bd493c5103ffbe9a19abefe8d04e6d233bd35cf2fabdeb93fb0d,2026-03-15,basic,200,ok,1788445610
314e84d79f382aae8d6f83042de61489,2026-03-15,basic,200,ok,1788445611
f868f2a6722a314fd07c83e10cf65ca1,2026-03-15,basic,200,empty,1788445611
6d623bf019368cf5105620edbc6f1193,2026-03-15,basic,200,ok,1788445612
bed7cfc5d2569530fcdf479f3a8f4419,2026-03-15,basic,200,ok,1788445613
0adcc935de8476267e52852c47ade6e5,2026-03-15,basic,200,empty,1788445613
0d94e84c101eae2818494c68831edc5cefe8d04e6d233bd35cf2fabdeb93fb0d,2026-03-15,basic,200,ok,1788445614
f46e5c750fbb8e1dc0168b11605cc34b,2026-03-15,basic,200,ok,1788445615
f36691fe94cf53d7b7ad465eb89d7a0aefe8d04e6d233bd35cf2fabdeb93fb0d,2026-03-15,basic,200,ok,1788445615
ef229f4cae98be48a76edd504578831a,2026-03-15,basic,200,empty,1788445616
98bea7a1a0db4e39019c6b41e67538d9efe8d04e6d233bd35cf2fabdeb93fb0d,2026-03-15,basic,200,ok,1788445616
c579af833aa247a3e506914a013d9612,2026-03-15,basic,200,empty,1788445617
6dc5720299cd1a94bd54282434bf1ff1,2026-03-15,basic,200,ok,1788445617
f93e16cd0870585b3a2fe45b89b99dd3,2026-03-15,basic,200,ok,1788445618
9100c795085ef1040352436478e0960e,2026-03-15,basic,200,ok,1788445619
b3a3f866f10d6caeb37f43b1e12047f8,2026-03-15,basic,200,ok,1788445619
fe69a223ce0c0e54b6fdf2dd416b77cd,2026-03-15,basic,200,ok,1788445620
55c0469be4d7b85ea2556ca16f8b05f7efe8d04e6d233bd35cf2fabdeb93fb0d,2026-03-15,basic,200,ok,1788445620
db13c6c2cd4037f297a6ef05a97b768dfd842dab14be2a956555625b37c97bff,2026-03-15,basic,200,ok,1788445621
34cf247e2b7e11601f7c9b65cadb6a60efe8d04e6d233bd35cf2fabdeb93fb0d,2026-03-15,basic,200,ok,1788445622
608059d5dab27142e872d368db6da100efe8d04e6d233bd35cf2fabdeb93fb0d,2026-03-15,basic,200,ok,1788445622
3de69937b2cd4e3d62e924e57d80c043,2026-03-15,basic,200,ok,1788445623
a8a385428ce5806bef78a49ad3b2b089a2186d8e7cf7a6ee152d97cc78f2ae8b,2026-03-15,basic,200,ok,1788445623
3d20d65286bea4141b2ace581fd81645,2026-03-15,basic,200,ok,1788445624
9602ed8165734f29d00ed5c4c918190baae77432709819edb959e1fd5d1d77b4,2026-03-15,basic,200,ok,1788445625
05d4a39d0022c9aa2275881d4e42185a,2026-03-15,basic,200,empty,1788445625
7f633ab773a3e5ea378159b38736ccaaefe8d04e6d233bd35cf2fabdeb93fb0d,2026-03-15,basic,200,ok,1788445626
82fb9f65dbd3f0307bf3c6b5f22c6f9a,2026-03-15,basic,200,ok,1788445626
575a8823e0354123f22d2256c0cdd7daefe8d04e6d233bd35cf2fabdeb93fb0d,2026-03-15,basic,200,ok,1788445627
d16be9464daead787307009f1297ad61,2026-03-15,basic,200,ok,1788445627
f04338bdf54453540057360ba988c9db,2026-03-15,basic,200,empty,1788445628
99701e5086b3cdaa9d9b348dd99ec2f0,2026-03-15,basic,200,ok,1788445629
afdc68fe469c9e97665dcd4d6065501a86e68d4012202d0434d05f81868f68e3,2026-03-15,basic,200,ok,1788445629
b1b271a42fc10ca0ef274cfa9c44aef2,2026-03-15,basic,200,ok,1788445630
ee899a2077b12a321e70bd2e91ec7f91,2026-03-15,basic,200,ok,1788445630
11c187a1d81e1120ed83cbb4ca2e26b6,2026-03-15,basic,200,empty,1788445631
8880b0851ba78614b38e6ba2f4ce835f,2026-03-15,basic,200,ok,1788445631
0bea9f99d918beda1764b637c4f640c1,2026-03-15,basic,200,ok,1788445632
467328170b1f94c4714b52fed6746fdaefe8d04e6d233bd35cf2fabdeb93fb0d,2026-03-15,basic,200,ok,1788445633
df04a92f3f23f465bae7e6941a0d1fe5efe8d04e6d233bd35cf2fabdeb93fb0d,2026-03-15,basic,200,ok,1788445633
568e9a1e15f0067cc4629827cbd919c8efe8d04e6d233bd35cf2fabdeb93fb0d,2026-03-15,basic,200,ok,1788445634
a6e7aa7c0d006df52e850cfbd3b730f8,2026-03-15,basic,200,ok,1788445634
f1ddaf718deb23ad2dd99f42dea76f36c47ea5ffea2564f587ca830a8f71acb2,2026-03-15,basic,200,ok,1788445635
65ff1e42af9708af156aeee9572f94d8efe8d04e6d233bd35cf2fabdeb93fb0d,2026-03-15,basic,200,ok,1788445636
d2060797eb4d660664993deba65bbec7,2026-03-15,basic,200,ok,1788445636
2907c87f38ee0a27391f097c02326915,2026-03-15,basic,200,ok,1788445637
8536039595a783d9da2c070ae91b8607efe8d04e6d233bd35cf2fabdeb93fb0d,2026-03-15,basic,200,ok,1788445637
aa00da4e2dc2753d437bc09b0afc3181,2026-03-15,basic,200,ok,1788445638
aa467c943d72808b794f7b3830d191adefe8d04e6d233bd35cf2fabdeb93fb0d,2026-03-15,basic,200,ok,1788445639
474656513f8d120d18e77b7253ec2140efe8d04e6d233bd35cf2fabdeb93fb0d,2026-03-15,basic,200,empty,1788445639
ac66aa54ce26846242fc2bce3b5c9fa7,2026-03-15,basic,200,ok,1788445640
8fbe14c8fc863c59fdffd7a8d568382e6fbb98200a15be5bcc73a64995849e9c,2026-03-15,basic,200,ok,1788445641
839499cb96e3d1d3ce1d039b40949699,2026-03-15,basic,200,ok,1788445641
8e91d20b1ac19bd65efa94ab62275a29efe8d04e6d233bd35cf2fabdeb93fb0d,2026-03-15,basic,200,ok,1788445642
56e56ccdc16c45d4dd6dd4ae771a370a,2026-03-15,basic,200,ok,1788445643
43ad00f5bbd2053d4f7f77f14a8822aa,2026-03-15,basic,200,ok,1788445643
beda5d5ec1545edf9a4d8e38b4dceeb6,2026-03-15,basic,200,ok,1788445644
2001d17819de130555367b24dee9427b,2026-03-15,basic,200,ok,1788445644
a097a145c2aed142a30d6b8005b33d2f,2026-03-15,basic,200,ok,1788445645
5fca8b54ebc787b5576562319fcd639a,2026-03-15,basic,200,ok,1788445646
a10f358027f7b1b5027e2fbde7f4f9e5,2026-03-15,basic,200,ok,1788445646
57a5b0feeba002d8a8c2f4b45e58c95e,2026-03-15,basic,200,ok,1788445647
bd5c545993516183e8c7d0c67b2aa91efd842dab14be2a956555625b37c97bff,2026-03-15,basic,200,ok,1788445647
2b6db05b12524adbc8d04fb36b1cb0b2efe8d04e6d233bd35cf2fabdeb93fb0d,2026-03-15,basic,200,ok,1788445648
edb15ed4a47b797465e58dcdb2fa9dfa,2026-03-15,basic,200,ok,1788445649
68b8e96253f360e21d19c5491c185ac6,2026-03-15,basic,200,ok,1788445649
32201e38b8a8123c66dee7f52f84dcf9,2026-03-15,basic,200,ok,1788445650
692228197a6d7ba02fd2c1ec3fb80503,2026-03-15,basic,200,ok,1788445651
f29201fd1597d5abed76623e3fc45507efe8d04e6d233bd35cf2fabdeb93fb0d,2026-03-15,basic,400,http_400,1788445651
d9141bd8fe9c1f353b1e9b1b96d64d6e,2026-03-15,basic,200,ok,1788445652
24b024ca2c5281c8d3f961f541fd7303,2026-03-15,basic,200,ok,1788445653
dfb028c405e4befad50a3f8702d229ec,2026-03-15,basic,200,ok,1788445653
26daf695c193eb0c8581c1baeff75ce7,2026-03-15,basic,200,ok,1788445654
2be60a34075b01aa7295c66d2c7dde5e,2026-03-15,basic,200,empty,1788445654
8cb2ad47c4205a5817b529f63633bd2cefe8d04e6d233bd35cf2fabdeb93fb0d,2026-03-15,basic,200,ok,1788445655
c2127235c02cc352c86e07b69621fec7efe8d04e6d233bd35cf2fabdeb93fb0d,2026-03-15,basic,200,ok,1788445655
d4872881964ffed61357fe42f19028be,2026-03-15,basic,200,empty,1788445656
64633f4b10c856967380f29674942d466fbb98200a15be5bcc73a64995849e9c,2026-03-15,basic,200,ok,1788445657
e80f275f1b83fef662b8ec51a334e0de,2026-03-15,basic,200,ok,1788445657
7a7129dcfb91518a4fe2557aefb17fbc,2026-03-15,basic,200,ok,1788445658
19f601c935da8fdc1525e549720ba862,2026-03-15,basic,200,ok,1788445659
c8af9e27e0ba3304887a13bc6ad19260efe8d04e6d233bd35cf2fabdeb93fb0d,2026-03-15,basic,200,ok,1788445659
a3f3c5b707ceb8957837ccde94fa0581,2026-03-15,basic,200,ok,1788445660
9935b053eb8d9e8ff86241fd7e0f78dcefe8d04e6d233bd35cf2fabdeb93fb0d,2026-03-15,basic,200,ok,1788445660
65eda6592e5dc500f89602194cdbded3efe8d04e6d233bd35cf2fabdeb93fb0d,2026-03-15,basic,200,ok,1788445661
92258573b64d3d0922fb106f9dccbbc2efe8d04e6d233bd35cf2fabdeb93fb0d,2026-03-15,basic,200,ok,1788445662
672082d84097f105b2c82d87ab68fec4efe8d04e6d233bd35cf2fabdeb93fb0d,2026-03-15,basic,200,ok,1788445662
f3015dc9a03728bfe079230032853566,2026-03-15,basic,200,ok,1788445663
b174ae08ca7591d562a69eb6326ef5d1,2026-03-15,basic,200,ok,1788445663
e1c8f1661857006e4244bd755825b4dc,2026-03-15,basic,200,empty,1788445664
69b29dcc524b4e8c8ee3b96690cc2055efe8d04e6d233bd35cf2fabdeb93fb0d,2026-03-15,basic,200,ok,1788445665
9b48dea7bdfe091f9bdde37e51867ddb,2026-03-15,basic,200,empty,1788445665
dc64314e55168de8e9ab990fe7d32d18efe8d04e6d233bd35cf2fabdeb93fb0d,2026-03-15,basic,200,ok,1788445666
570ccc00fecc100a33edee9eb0f6c58a,2026-03-15,basic,200,ok,1788445667
4b8da0e3b90b8ab5930a353a6a8061f1c47ea5ffea2564f587ca830a8f71acb2,2026-03-15,basic,200,ok,1788445667
fedfa20b03802fdd55c7b72cfe7ac559,2026-03-15,basic,200,ok,1788445668
6a0d8aa45cba8a9a74dfb1cff27e5ce5,2026-03-15,basic,200,ok,1788445668
0e62f9864e0b18394c28256438c47a5b,2026-03-15,basic,200,ok,1788445669
cd5bc7045e1d85f53548ec9fcacce98c,2026-03-15,basic,200,ok,1788445670
55182b4201dea08701cae20661addf80,2026-03-15,basic,200,empty,1788445670
ad2e6be54305807b5943c54aa2b1aa97efe8d04e6d233bd35cf2fabdeb93fb0d,2026-03-15,basic,200,ok,1788445671
3632d1f5628c1f9e1222b955a1943d54,2026-03-15,basic,200,ok,1788445671
241b58382aa97d7665680fcd8c1cb993,2026-03-15,basic,200,ok,1788445672
1cf483634215acc0bcb27953517ae34b,2026-03-15,basic,200,ok,1788445673
3b9a649e57df462ea79a92feaa870c6aefe8d04e6d233bd35cf2fabdeb93fb0d,2026-03-15,basic,200,empty,1788445673
3bbb31798d41654e89c5524b007c77fb,2026-03-15,basic,200,ok,1788445674
8dd48d6f409dbbc6bf544c64d9bbf521efe8d04e6d233bd35cf2fabdeb93fb0d,2026-03-15,basic,200,ok,1788445674
b5ce5a289a3a4755cb2a5a22f7a4214eefe8d04e6d233bd35cf2fabdeb93fb0d,2026-03-15,basic,200,ok,1788445675
39b637bdd38e55ee8d15c179985cd319,2026-03-15,basic,200,ok,1788445676
280005ec19d01f4a06b2bb8a8a0b2b96,2026-03-15,basic,200,ok,1788445676
d3c7cc11a63d4c0a3717fd24b1c08dc7efe8d04e6d233bd35cf2fabdeb93fb0d,2026-03-15,basic,200,ok,1788445677
322e0c545d3eb91bf7f939b35dfc184befe8d04e6d233bd35cf2fabdeb93fb0d,2026-03-15,basic,200,ok,1788445677
8b090fbdceacf97077b6678ed8100ec7,2026-03-15,basic,200,ok,1788445678
0c99b7e9b37bdcb557a3e4361ea56708efe8d04e6d233bd35cf2fabdeb93fb0d,2026-03-15,basic,200,empty,1788445679
5b7afbb5313a8b9f84e70f0eb229d18d,2026-03-15,basic,200,ok,1788445679
709d6926130a74558315133ec7ab321d,2026-03-15,basic,200,ok,1788445680
a84862a8a9620cd3d921d84cb4274449,2026-03-15,basic,200,ok,1788445680
c9c1ad087e126782e3020792c7e0902f,2026-03-15,basic,200,ok,1788445681
da4018f60cec64d9e61da0f65b543132,2026-03-15,basic,200,ok,1788445682
9d2d16fa2f98350b0ea99bd3abb2a615efe8d04e6d233bd35cf2fabdeb93fb0d,2026-03-15,basic,200,ok,1788445682
889afe1cda281a63a7146078a8ceb9d5,2026-03-15,basic,200,ok,1788445683
a061be6603cf6d1a99c6949b57356ddb,2026-03-15,basic,200,ok,1788445683
6aa175852e53cf84803c974eee2b8dfcefe8d04e6d233bd35cf2fabdeb93fb0d,2026-03-15,basic,200,ok,1788445684
c89c38becb1565d489bced60c2d9fb84,2026-03-15,basic,200,ok,1788445685
9b60a85137c2f44284697ed77742d8a2,2026-03-15,basic,200,ok,1788445685
58fe1e8e011f0fb10b7e7ce62cb39fffefe8d04e6d233bd35cf2fabdeb93fb0d,2026-03-15,basic,200,ok,1788445686
36a515fd7b3c74d542a7d51e7c1a0f41fd842dab14be2a956555625b37c97bff,2026-03-15,basic,200,ok,1788445686
162a9b0959583628786b0f3ebe2f7f2eefe8d04e6d233bd35cf2fabdeb93fb0d,2026-03-15,basic,200,ok,1788445687
b1b9017e2452ecaf2eb4fcfa39187370efe8d04e6d233bd35cf2fabdeb93fb0d,2026-03-15,basic,200,ok,1788445688
f5122e2e0b33e72f50a43376cdfdb3aa,2026-03-15,basic,200,empty,1788445688
7be0208f1e3f0ccdd28ff55bfb4303daefe8d04e6d233bd35cf2fabdeb93fb0d,2026-03-15,basic,200,ok,1788445689
efed4bdca099185b6fb399e8e64464f8,2026-03-15,basic,200,ok,1788445690
452a558d69a0f1a329976fcaa78350bf3663933da92e7566c55104ec9ac2894d,2026-03-15,basic,200,ok,1788445690
24deb8e3770b1886ffe8733d53f1157c,2026-03-15,basic,200,ok,1788445691
04144accf5ac266f535c062711cb0b92,2026-03-15,basic,200,ok,1788445691
c6f3d2592069d20c8d412efe71170b9fefe8d04e6d233bd35cf2fabdeb93fb0d,2026-03-15,basic,200,ok,1788445692
8dd2251732512d3429e5a12d8b6641163663933da92e7566c55104ec9ac2894d,2026-03-15,basic,200,ok,1788445693
39c27b36fbf58829fe724538fc47b7fa,2026-03-15,basic,200,ok,1788445693
59d7701e9b3862c5b298083b14799014,2026-03-15,basic,200,ok,1788445694
1ac56710317c491493bb4d6eed687563efe8d04e6d233bd35cf2fabdeb93fb0d,2026-03-15,basic,200,ok,1788445694
2326408a7bf304107549525fa2d3996fefe8d04e6d233bd35cf2fabdeb93fb0d,2026-03-15,basic,200,ok,1788445695
40dc677586827537bb337522d4d02c30,2026-03-15,basic,200,ok,1788445696
96d038080bd65ece45d659d0b735923a,2026-03-15,basic,200,ok,1788445696
1265116b0f0aaf2729150cc06622438e,2026-03-15,basic,200,ok,1788445697
9bfa151ffc8956e229f7760b44893598,2026-03-15,basic,200,ok,1788445698
7504fac46361f52f18230584690c3440,2026-03-15,basic,200,ok,1788445698
737d90d6a4770b9cea23294df3a44f65,2026-03-15,basic,200,ok,1788445699
3ae9f88945dbbf8cb3fd6321a6d37118,2026-03-15,basic,200,ok,1788445699
209eefc640e7feb939b8dfe8970011b2,2026-03-15,basic,200,ok,1788445700
fbc69fa93142b8036071dfc465d30357,2026-03-15,basic,200,ok,1788445701
f9f77def0d9d14b974e426e3e6e92d263663933da92e7566c55104ec9ac2894d,2026-03-15,basic,200,empty,1788445701
eafabc2429f0ab57b973331e94f9b342,2026-03-15,basic,200,empty,1788445702
b2cc916d9ee5d3eec2d8b07beaaa03f8,2026-03-15,basic,200,empty,1788445702
e4b57e5c994d3fc2636b8dbb80305f42efe8d04e6d233bd35cf2fabdeb93fb0d,2026-03-15,basic,200,ok,1788445703
e6073fa414709d2f2216bcbe21a1efbe,2026-03-15,basic,200,ok,1788445704
865173c6694a10e4498571ebd3027847,2026-03-15,basic,200,ok,1788445704
9571870c7ab6da06db11cabb2131cb75,2026-03-15,basic,200,empty,1788445705
d285619b019584125f4b431cadc715f8,2026-03-15,basic,200,ok,1788445705
6ea1a4d9f78c78465d1429c9dd49c26886e68d4012202d0434d05f81868f68e3,2026-03-15,basic,200,ok,1788445706
b0d2c3ff36cddbd5900eb7e5c51e37ab,2026-03-15,basic,200,ok,1788445707
62127b31dd8c77185c7c473ee07a75a9efe8d04e6d233bd35cf2fabdeb93fb0d,2026-03-15,basic,200,ok,1788445707
7c497043946b8a2100c2ac2aa93b8f4e,2026-03-15,basic,200,ok,1788445708
4101e2339fbcfbe21d87052ac5895402efe8d04e6d233bd35cf2fabdeb93fb0d,2026-03-15,basic,200,ok,1788445708
ec6513dabf56669ff0bab1bed1c5bc4d,2026-03-15,basic,200,ok,1788445709
d8e70ca24be9c6d4f58f71f509e83eb1efe8d04e6d233bd35cf2fabdeb93fb0d,2026-03-15,basic,200,ok,1788445709
c4f1e22de0024667114ed7cef0054441efe8d04e6d233bd35cf2fabdeb93fb0d,2026-03-15,basic,200,ok,1788445710
c2ba9a9bb47e8776228dbcd636039bd0efe8d04e6d233bd35cf2fabdeb93fb0d,2026-03-15,basic,200,ok,1788445711
ccc8a066278aec1ee31532569c7efad6,2026-03-15,basic,200,ok,1788445711
4ccd881a67b9074928707cf8f5a2263e,2026-03-15,basic,200,ok,1788445712
422eb18afbdc1e3d39ca824d64886b68,2026-03-15,basic,200,empty,1788445712
5eb910b6cc8e32223d5ab5ead034df12,2026-03-15,basic,200,ok,1788445713
10e083e0d082aa37ff694ad07a8de83eefe8d04e6d233bd35cf2fabdeb93fb0d,2026-03-15,basic,200,ok,1788445714
9857c406022684cdab05dbb7e534fd9b,2026-03-15,basic,200,ok,1788445714
bb4e71331c91ac604c5543f2791ba94befe8d04e6d233bd35cf2fabdeb93fb0d,2026-03-15,basic,200,ok,1788445715
20708fcbff7a4ea3d1abc4b033edf451,2026-03-15,basic,200,ok,1788445715
5b8085061bc79ef5e294574f36148913,2026-03-15,basic,200,ok,1788445716
282c0b3c7c0be0a50df792fb272d95e4efe8d04e6d233bd35cf2fabdeb93fb0d,2026-03-15,basic,200,ok,1788445717
34d2b1678756b21d77dc8ad4e8623f9a,2026-03-15,basic,200,ok,1788445717
7018404a05eb7e299c808ab7c9fefd3b,2026-03-15,basic,200,ok,1788445718
22997fd66675e6301529a0933aafd70f,2026-03-15,basic,200,empty,1788445718
0672cc201b26f19d08a4e0338eb2f18d,2026-03-15,basic,200,ok,1788445719
0aebbbdc499d652568e41bfe687796eeefe8d04e6d233bd35cf2fabdeb93fb0d,2026-03-15,basic,200,ok,1788445720
9fa69cb2f4fab3cb2f24e7698b77b553,2026-03-15,basic,200,empty,1788445720
c0513258d756d8558d46989f9d04c096,2026-03-15,basic,200,ok,1788445721
796b8c249be4a695b237f05e61ff374e,2026-03-15,basic,200,ok,1788445721
aae100913d3ab2aa235bb1b243fcf107,2026-03-15,basic,200,ok,1788445722
21ba76aa05e27b7311300b0a8599a307,2026-03-15,basic,200,empty,1788445723
4d28ef5aa007eeb2991507f03a3c9f36,2026-03-15,basic,200,ok,1788445723
dfde2d809b4096b7b047f0c1960d7421,2026-03-15,basic,200,empty,1788445724
0307b022bfc7e0b7949ce27c54a78273,2026-03-15,basic,200,ok,1788445724
7b4308216f348851a2059928c938b835efe8d04e6d233bd35cf2fabdeb93fb0d,2026-03-15,basic,200,ok,1788445725
fe44d17af9e06a9410f047657232139a,2026-03-15,basic,200,ok,1788445726
f13c3c02550fc375b7ab8f3aad57dfb086e68d4012202d0434d05f81868f68e3,2026-03-15,basic,200,ok,1788445726
99a8b13961e27dcf1ada995bb52736abefe8d04e6d233bd35cf2fabdeb93fb0d,2026-03-15,basic,200,ok,1788445727
8c189af32f40b3c77a7671558119632f,2026-03-15,basic,200,ok,1788445728
c894b11e914c7a9996efb2d5e8f8f2e3,2026-03-15,basic,200,ok,1788445728
a7bf2099e0c75d5298040be62d0bcf2defe8d04e6d233bd35cf2fabdeb93fb0d,2026-03-15,basic,200,ok,1788445729
3632fdd27413f5bdd8bfd2040ce39d69efe8d04e6d233bd35cf2fabdeb93fb0d,2026-03-15,basic,200,ok,1788445730
08532845c163eea72c7b22185003330c,2026-03-15,basic,200,empty,1788445730
dd910610792ccdd733edc423231e225e,2026-03-15,basic,200,ok,1788445731
cf66fac7a8a6f6794417a0c8ca91df19,2026-03-15,basic,200,ok,1788445732
7a5798fdb7599656a2288b15b99957fb,2026-03-15,basic,200,ok,1788445732
ed2ed5957373b827994c226a4f2710c0,2026-03-15,basic,200,ok,1788445733
01aa3f3b2af981119495cde0d6aa0662,2026-03-15,basic,200,ok,1788445734
cac4a0888fadb3f23e6c85bf48178202,2026-03-15,basic,200,ok,1788445734
240d0481f2864e14c1e544ece2af2788efe8d04e6d233bd35cf2fabdeb93fb0d,2026-03-15,basic,200,ok,1788445735
362ea360f5f553a57ee311ad27258c28,2026-03-15,basic,200,ok,1788445735
430ea348a27d9ae174803c5f60e024ebefe8d04e6d233bd35cf2fabdeb93fb0d,2026-03-15,basic,200,ok,1788445736
f48df7a6108f689e82d399487a2b58e7,2026-03-15,basic,200,ok,1788445737
0273dd4cf6a680f84a5dc6b5216fa6e1efe8d04e6d233bd35cf2fabdeb93fb0d,2026-03-15,basic,200,ok,1788445737
bc89b173f4d25e3709b9365bd4bd96b4efe8d04e6d233bd35cf2fabdeb93fb0d,2026-03-15,basic,200,ok,1788445738
cbccd9d0dc57a582ccf81c409461b975efe8d04e6d233bd35cf2fabdeb93fb0d,2026-03-15,basic,200,ok,1788445738
c77fe41e5707841508f47c86e1bed079,2026-03-15,basic,200,ok,1788445739
9b3d848121384234f00838b74ca8c47b,2026-03-15,basic,200,ok,1788445740
75d1ab9ab64474fceb1c97ad84da436defe8d04e6d233bd35cf2fabdeb93fb0d,2026-03-15,basic,200,ok,1788445740
6821af4818fe446f83f0b013cb202eca6fbb98200a15be5bcc73a64995849e9c,2026-03-15,basic,200,ok,1788445741
454b382a78903c9eb796232986fa60a2efe8d04e6d233bd35cf2fabdeb93fb0d,2026-03-15,basic,200,ok,1788445742
f27443bc659d451340df33a884a26d7c,2026-03-15,basic,200,ok,1788445742
96bda04cfffa2c9aee37f8a07abd829defe8d04e6d233bd35cf2fabdeb93fb0d,2026-03-15,basic,200,empty,1788445743
94565b2cb63914cb6e6c14f890dba3a6,2026-03-15,basic,200,empty,1788445743
f9af00fd9dcd92746048f65dedb064f0a2186d8e7cf7a6ee152d97cc78f2ae8b,2026-03-15,basic,200,ok,1788445744
a7bc11fed0e07ceb652a2f1148e932ffefe8d04e6d233bd35cf2fabdeb93fb0d,2026-03-15,basic,200,ok,1788445745
679aaa2de3ebd2ced4daaadf98a72308e85e07f9d5d276f44440847eec04ba68,2026-03-15,basic,200,ok,1788445745
25d0574234c030d0da28044411914c72efe8d04e6d233bd35cf2fabdeb93fb0d,2026-03-15,basic,200,ok,1788445746
01808797056bcefa5f67744c04d8301b,2026-03-15,basic,200,ok,1788445746
3468e663acfde210e29111626dc0916e,2026-03-15,basic,200,ok,1788445747
e159db7a13d77b1f596ed8e07832c6f2,2026-03-15,basic,200,ok,1788445748
891f76e88e311a5fa2e60e60a5122177,2026-03-15,basic,200,ok,1788445748
5b057c6a659f43da8f0ff9a81dac8aaa,2026-03-15,basic,200,ok,1788445749
c7180f670f63d98e02131e8dd5153a4f,2026-03-15,basic,200,ok,1788445750
d821168c54554f49655aec0b3766c96d,2026-03-15,basic,200,ok,1788445750
653c51050b6d0681052feffa328bb1d9,2026-03-15,basic,200,ok,1788445751
1746ed5b20448d9823de7babe2981932,2026-03-15,basic,200,empty,1788445751
5d41b61917e457cd3bf9a140ea1bd22f,2026-03-15,basic,200,empty,1788445752
a61daf7d033683eda9b8ab1973a816aeefe8d04e6d233bd35cf2fabdeb93fb0d,2026-03-15,basic,200,ok,1788445752
ebdc327a992b15ffee48a92c1d22b2f2efe8d04e6d233bd35cf2fabdeb93fb0d,2026-03-15,basic,200,ok,1788445753
68748808066a5388a8dd864dfc79c150,2026-03-15,basic,200,ok,1788445754
9635615e918405eaa58e33b136283d6d,2026-03-15,basic,200,ok,1788445754
ca69c4fad31ee3666141e8c25971a9224723574b05820acf03e7ec3162ff5bed,2026-03-15,basic,200,ok,1788445755
4011a48ac86b889dadd9f405485ea6f3,2026-03-15,basic,200,ok,1788445756
fe6b2f103ed61813e5b5a3a5bd7004e0,2026-03-15,basic,200,ok,1788445756
db3cade0511875435786133c6e2304b2,2026-03-15,basic,200,ok,1788445757
7bc9a81f9a29439bf437e87f04c29750,2026-03-15,basic,200,ok,1788445757
55f9f718a4371685d0a13a4ff00b4397c47ea5ffea2564f587ca830a8f71acb2,2026-03-15,basic,200,ok,1788445758
d7c2366f7839e3588168bcf1ed5186c4,2026-03-15,basic,200,ok,1788445759
916ab54c41cd96169fe92e5ca191a423efe8d04e6d233bd35cf2fabdeb93fb0d,2026-03-15,basic,200,ok,1788445759
efdb5234a95ce07f06962b18a8c1f4ed,2026-03-15,basic,200,ok,1788445760
161dd725531ea72e4bdced7e50581b78efe8d04e6d233bd35cf2fabdeb93fb0d,2026-03-15,basic,200,ok,1788445760
855c0acf405d5417cd0d44b11fa775f6,2026-03-15,basic,200,ok,1788445761
a0c848e72c0b0ffaaee09ebf0c431b50,2026-03-15,basic,200,ok,1788445762
e38b9f3a713f6293377bdba0fa7ab9ce,2026-03-15,basic,200,ok,1788445762
998262326426f542cf4c0f63cc6723e6,2026-03-15,basic,200,empty,1788445763
1771fdb27774e1e17c6ca6aa1338d485,2026-03-15,basic,200,ok,1788445763
bb50d531278bfa01dd4a28b54c426be1aae77432709819edb959e1fd5d1d77b4,2026-03-15,basic,200,ok,1788445764
848ecdbf9bf9398dc4528da0de455bf7efe8d04e6d233bd35cf2fabdeb93fb0d,2026-03-15,basic,200,ok,1788445765
44548a5642c0d5bc6180b576b5bc2ff7aae77432709819edb959e1fd5d1d77b4,2026-03-15,basic,200,ok,1788445765
f97641adc98e2d4d44bf998ed4c3a9b2,2026-03-15,basic,200,empty,1788445766
fb36278a8ffaebcb1b7532065e950064efe8d04e6d233bd35cf2fabdeb93fb0d,2026-03-15,basic,200,ok,1788445766
56e90823eb2303a44ff7600225e49fe8,2026-03-15,basic,200,ok,1788445767
680adcb996a46a5e066515818a07d82d,2026-03-15,basic,200,ok,1788445768
f8ffbbcd39db3d1c8ca17e0beeac48bf,2026-03-15,basic,200,ok,1788445768
43f924417d96951dd1dba6a4b3f8b154efe8d04e6d233bd35cf2fabdeb93fb0d,2026-03-15,basic,200,ok,1788445769
ed984cfd7d36f61cc5b075643ea949e4,2026-03-15,basic,200,ok,1788445769
299306f6f504427314c608927700096c,2026-03-15,basic,200,ok,1788445770
b9a327f97edad30730af7ef5f2abcfa4,2026-03-15,basic,200,ok,1788445771
e57948d1c62a73d31471851e0ae6b9d3,2026-03-15,basic,200,ok,1788445771
49a3ec13d0edde5d7366f7a0ce25c012efe8d04e6d233bd35cf2fabdeb93fb0d,2026-03-15,basic,200,ok,1788445772
3c84a89441d019859ba6d1c2783bf154,2026-03-15,basic,200,ok,1788445773
ee5bd84785bd0d680621bd5bada2e4c2,2026-03-15,basic,200,ok,1788445773
0d06763a280868594c10f1639a0c2b7d,2026-03-15,basic,200,ok,1788445774
aec5596821494d9635f9d755b7e077c8fd842dab14be2a956555625b37c97bff,2026-03-15,basic,200,ok,1788445775
19ec416d3dca3f93cf2e748e76b1afdf,2026-03-15,basic,200,ok,1788445775
2c9aea595bb947f82ecf3cbb6694efd9,2026-03-15,basic,200,ok,1788445776
64fb03fa2e7a517b715c975c59d7c798,2026-03-15,basic,200,ok,1788445776
8b4c5f28028987048db20644c874baaf86e68d4012202d0434d05f81868f68e3,2026-03-15,basic,200,empty,1788445777
57d9dea80c316bfbd60bfe014ad92fcb,2026-03-15,basic,200,ok,1788445778
5327d7d5d000f3b321e26e0034244a73efe8d04e6d233bd35cf2fabdeb93fb0d,2026-03-15,basic,200,ok,1788445778
2b456b75873c37d6318e6606be020183,2026-03-15,basic,200,ok,1788445779
28d97f8c4b9f673d366ec5776e874901,2026-03-15,basic,200,ok,1788445779
71cb159790a35c023942c5e593ce97bfefe8d04e6d233bd35cf2fabdeb93fb0d,2026-03-15,basic,200,ok,1788445780
906beefdefdb6d78470d8d681faeb4d1efe8d04e6d233bd35cf2fabdeb93fb0d,2026-03-15,basic,200,ok,1788445781
5fb5297da92555ff8c151ca8ac2cfc70,2026-03-15,basic,200,ok,1788445781
2494a40a621577184f93bdd4d6d7c0a6,2026-03-15,basic,200,ok,1788445782
32b5cc2614e75c737d2f17c1150fbabeefe8d04e6d233bd35cf2fabdeb93fb0d,2026-03-15,basic,200,ok,1788445783
0c36dee223307dc9c26786441a81ccbb,2026-03-15,basic,200,ok,1788445783
9b18d285e0317f1368e8e9b4218d10c3,2026-03-15,basic,200,ok,1788445784
e26d049a0e6ea4b1e5e7b7717ee316d0,2026-03-15,basic,200,ok,1788445784
36098dff39ec064c391ce7b1fc5f0361,2026-03-15,basic,200,empty,1788445785
2eb44bb805a9231b95e48eb01006d50b,2026-03-15,basic,200,ok,1788445786
94dd98bfb473abd4f7d95b695400195a,2026-03-15,basic,200,ok,1788445786
92acb0a86468daa7f38dc72ed792b5a2efe8d04e6d233bd35cf2fabdeb93fb0d,2026-03-15,basic,200,ok,1788445787
a307f0e1794fb34edaa52da9339fcf75,2026-03-15,basic,200,ok,1788445787
b00b39efb0ef2535cce093c84672d97a,2026-03-15,basic,200,empty,1788445788
dd2aaafd5b46e1a3dd697d6fe77470c9efe8d04e6d233bd35cf2fabdeb93fb0d,2026-03-15,basic,200,ok,1788445789
58b5591c6e6f4ad815c5f58c1a103a5defe8d04e6d233bd35cf2fabdeb93fb0d,2026-03-15,basic,200,ok,1788445789
0ed9f8e372da57185e387f92fcaa68bdefe8d04e6d233bd35cf2fabdeb93fb0d,2026-03-15,basic,200,ok,1788445790
8e36ae1bfeda82d70cc0cf18dc57812a4723574b05820acf03e7ec3162ff5bed,2026-03-15,basic,200,empty,1788445790
5d045df084da5361da271a114504ef02,2026-03-15,basic,200,ok,1788445791
03ef361296479abf252f016d0855af518295750b1f4857867454debc45ec9c8a,2026-03-15,basic,200,ok,1788445792
cb79ede2f712fb7aed10eac32171fbbb,2026-03-15,basic,200,ok,1788445792
8c1738fcbd068f3c3af1debe5035d828,2026-03-15,basic,200,empty,1788445793
fddacd3893f7fa6f53d67f1321a90567,2026-03-15,basic,200,ok,1788445793
3eeb47450570af3da84ec5e1de55b2bb,2026-03-15,basic,200,ok,1788445794
089928e253555ac1bd7501a0dc6060ef,2026-03-15,basic,200,ok,1788445794
51908c2cfdcc6c012588d6dbcaaed1d93663933da92e7566c55104ec9ac2894d,2026-03-15,basic,200,ok,1788445795
45ec9920a813bc7987cf18f9e42364b3efe8d04e6d233bd35cf2fabdeb93fb0d,2026-03-15,basic,200,empty,1788445796
26e50dd53aa27e067c05d77e778b0a7d,2026-03-15,basic,200,ok,1788445796
7723bb5480b0db7120754af1e05d3cc9,2026-03-15,basic,200,ok,1788445797
14c5f43fdcf769658c1d4aabdaf8a41defe8d04e6d233bd35cf2fabdeb93fb0d,2026-03-15,basic,200,ok,1788445798
fd049be79b0c1eecbd5e5d539032a4bdefe8d04e6d233bd35cf2fabdeb93fb0d,2026-03-15,basic,200,ok,1788445798
3d6a5b10cf24574c193aa6397f595e62,2026-03-15,basic,200,ok,1788445799
afae287d9cd5d818d011b7042e088582efe8d04e6d233bd35cf2fabdeb93fb0d,2026-03-15,basic,200,ok,1788445799
eeaaa16e2c82dc238a49ac890cb5a072,2026-03-15,basic,200,ok,1788445800
a4bb192104f948b51620a33dae310581efe8d04e6d233bd35cf2fabdeb93fb0d,2026-03-15,basic,200,ok,1788445801
7c7755ca997a441de0c70264602ddb64,2026-03-15,basic,200,ok,1788445801
73e2f391f7159099c2987f271ec6a9b2,2026-03-15,basic,200,ok,1788445802
bfbdb791d9cdf485de94cb2c27cd9737efe8d04e6d233bd35cf2fabdeb93fb0d,2026-03-15,basic,200,ok,1788445803
00c4f4003c6fb0aa984aed79087eb704,2026-03-15,basic,200,ok,1788445803
f8c2f91ce554eef177b0b9f92fced182,2026-03-15,basic,200,ok,1788445804
ccaccb8b6e120d5d8ea36cc615032cf3efe8d04e6d233bd35cf2fabdeb93fb0d,2026-03-15,basic,200,ok,1788445804
35743c3e206ce25227591eeafea1160e,2026-03-15,basic,200,ok,1788445805
425faf553e5a486ca1ad42221af91b95efe8d04e6d233bd35cf2fabdeb93fb0d,2026-03-15,basic,200,ok,1788445806
71436fb1131c46acbed3be2b6525b6ddefe8d04e6d233bd35cf2fabdeb93fb0d,2026-03-15,basic,200,ok,1788445806
ade90f304f921530d11e141d129d83ec,2026-03-15,basic,200,ok,1788445807
85055c99bbc84d973ad532928c0c265e,2026-03-15,basic,200,ok,1788445807
da068fb8f2cf155df12515fd5787510defe8d04e6d233bd35cf2fabdeb93fb0d,2026-03-15,basic,200,ok,1788445808
12e0c83a92e607c8d73ab1844804a251,2026-03-15,basic,200,ok,1788445809
1740d10cf27e6e30d1d00a031f1cdd34,2026-03-15,basic,400,http_400,1788445809
1de8fbb4a01df7b5ca8c1f3c37b868f8,2026-03-15,basic,200,ok,1788445810
8b71dd1400bc409bd0abec4527f3b722,2026-03-15,basic,200,ok,1788445810
49f9283319a7676ec368bc35c0b8ee548295750b1f4857867454debc45ec9c8a,2026-03-15,basic,200,ok,1788445811
d5dcff409fc41425b1cf4dfc2c4c9417efe8d04e6d233bd35cf2fabdeb93fb0d,2026-03-15,basic,200,ok,1788445812
c2b28408934d7d9112f87b38d72810c9,2026-03-15,basic,200,empty,1788445812
6cd1e515153d2376c93e2de026aca476,2026-03-15,basic,200,ok,1788445813
7c9ca7245a6c7efca6dcdd10dec528a8,2026-03-15,basic,200,empty,1788445813
f05a56428392b6e3b6dd7f243f3c798c,2026-03-15,basic,200,ok,1788445814
19d99cb003fb3c126dd4fff2f32d0ad7efe8d04e6d233bd35cf2fabdeb93fb0d,2026-03-15,basic,200,ok,1788445815
34745b7ff97be26ce4d62a403256df22efe8d04e6d233bd35cf2fabdeb93fb0d,2026-03-15,basic,200,ok,1788445815
01ecc3fb806a7d506305bf9f32648fb3,2026-03-15,basic,200,ok,1788445816
2f288651db5906674ce2fc181b4cde1d,2026-03-15,basic,200,ok,1788445816
35cd5730fbeedd7ade7a6fc36a6888daefe8d04e6d233bd35cf2fabdeb93fb0d,2026-03-15,basic,200,ok,1788445817
1b47aa75e9ad84cc38dd090eec82efdb,2026-03-15,basic,200,ok,1788445818
76115e8cbbe074ce10c466efab8f578986e68d4012202d0434d05f81868f68e3,2026-03-15,basic,200,ok,1788445818
fa39a2e4380717410f37ef5b714cbfdeefe8d04e6d233bd35cf2fabdeb93fb0d,2026-03-15,basic,200,ok,1788445819
6b3bc9cea0699bb23c40989110dda9dcefe8d04e6d233bd35cf2fabdeb93fb0d,2026-03-15,basic,200,ok,1788445820
ec14b666a4b3b163fec6b8489ea0a674,2026-03-15,basic,200,ok,1788445820
931d2662683b6f9a4a8ee3a65c8e5826,2026-03-15,basic,200,ok,1788445821
e19463c425cad7da90221addb69721a73663933da92e7566c55104ec9ac2894d,2026-03-15,basic,200,ok,1788445821
f1a4803f68d6c7a27c27ecc06a613955efe8d04e6d233bd35cf2fabdeb93fb0d,2026-03-15,basic,200,empty,1788445822
98e3f32eff41486ad6de8bb504f33016,2026-03-15,basic,200,ok,1788445822
9a237b54374ff6edd945ff6de9d2bd60,2026-03-15,basic,200,ok,1788445823
1f90699019ce76c8d03973dcba1a0ab9,2026-03-15,basic,200,ok,1788445824
e9737e817f677d0596549b194c6c887fefe8d04e6d233bd35cf2fabdeb93fb0d,2026-03-15,basic,200,ok,1788445824
0c094a88d5308b53f9513616a6bb1cac,2026-03-15,basic,200,ok,1788445825
2c41025af72be7950e0c8e9e38c1dee6,2026-03-15,basic,200,ok,1788445825
f66b5821916e6da7b0c935db592f3487,2026-03-15,basic,200,ok,1788445826
276cf75a803003f6413fe9a059723566efe8d04e6d233bd35cf2fabdeb93fb0d,2026-03-15,basic,200,ok,1788445827
4f3b4b39c8ddd327b3b8a2b1e95eddde,2026-03-15,basic,200,ok,1788445827
e6a5cf1b0cc81316caa727fe422eb064efe8d04e6d233bd35cf2fabdeb93fb0d,2026-03-15,basic,200,ok,1788445828
968dcddc5d86513a350aab8d4d9140a4,2026-03-15,basic,200,ok,1788445829
c7d3662bebe6d8ec9daee8d1bd9543f9,2026-03-15,basic,200,empty,1788445829
dc443be24282d000511ddf124fa953ee,2026-03-15,basic,200,ok,1788445830
035b62b0ee57044e98572785cd3c4e74,2026-03-15,basic,200,ok,1788445830
6ee7904e10f99a6dbe7181f1313a36aae85e07f9d5d276f44440847eec04ba68,2026-03-15,basic,200,ok,1788445831
73b6762ea685299cceb8d785770e0f40,2026-03-15,basic,200,ok,1788445832
78279a3ff9e83c88ad292beec8f4ace2efe8d04e6d233bd35cf2fabdeb93fb0d,2026-03-15,basic,200,ok,1788445832
ec1af074a1418657891c2473f1586447,2026-03-15,basic,200,ok,1788445833
9f4cc7c9bc459a93e9b62d58436f0a07efe8d04e6d233bd35cf2fabdeb93fb0d,2026-03-15,basic,200,ok,1788445833
5ba1821568da89325981c6f0019701e8,2026-03-15,basic,200,ok,1788445834
20114dc08a25057f1344b89fada96b5c,2026-03-15,basic,200,ok,1788445835
46be0aeb3b816d1397e234d876ba6272,2026-03-15,basic,200,ok,1788445835
b90e7186b438694eb88842593be5dd63efe8d04e6d233bd35cf2fabdeb93fb0d,2026-03-15,basic,200,ok,1788445836
7264adbfb8f1f10d217b9cdea0036dd7efe8d04e6d233bd35cf2fabdeb93fb0d,2026-03-15,basic,200,ok,1788445837
39d6c04fd6be491bb625b9a813edbb8b,2026-03-15,basic,200,ok,1788445837
f31f4800461d503bd3ebfe979c3e6fa6,2026-03-15,basic,200,ok,1788445838
2c7b55465b4060cde305a1ef289b698befe8d04e6d233bd35cf2fabdeb93fb0d,2026-03-15,basic,200,ok,1788445838
f48d2514dd4023d7a163c70f92277fd8,2026-03-15,basic,200,ok,1788445839
17407aa11d3d2468cbaba396d80c3009c47ea5ffea2564f587ca830a8f71acb2,2026-03-15,basic,200,ok,1788445840
9e2f68e5cb73f579758e037ce040cb78,2026-03-15,basic,200,ok,1788445840
fcd3e605e8765abae77694b421c6b9156fbb98200a15be5bcc73a64995849e9c,2026-03-15,basic,200,ok,1788445841
4e56f66b5835028fb37686ab0c8c5d83,2026-03-15,basic,200,ok,1788445842
3d37a0a336997f9c9ffa327c0fe903e5,2026-03-15,basic,200,ok,1788445842
a1a3928a2359e7c190884629d1ec7e45,2026-03-15,basic,200,ok,1788445843
73d83a43b0ea19e4925346c058988b26,2026-03-15,basic,200,empty,1788445843
52c8d2bddbe31bc249d1cf2a25302a18,2026-03-15,basic,200,empty,1788445844
7292ed9ce45092ee0b6bf7abd4a5b2fe,2026-03-15,basic,200,ok,1788445844
68f6f08f2db0fdb966e3d6ff1582efe1,2026-03-15,basic,200,ok,1788445845
0ce5f0370e697be26f3f9b56a458df76,2026-03-15,basic,200,ok,1788445846
1fe75932ab6316da4035c3ef20f54ce786e68d4012202d0434d05f81868f68e3,2026-03-15,basic,200,ok,1788445846
4c7af6458adca6a71a8438d33c9d42aaefe8d04e6d233bd35cf2fabdeb93fb0d,2026-03-15,basic,200,ok,1788445847
2788a5ab49a709a51d2dcf42b2f7bede3663933da92e7566c55104ec9ac2894d,2026-03-15,basic,200,ok,1788445847
fd7d3dab3adc8a1ba330340e418d4978efe8d04e6d233bd35cf2fabdeb93fb0d,2026-03-15,basic,200,ok,1788445848
5fdc9225f9a5d4c9b8a9b1c34d52beebefe8d04e6d233bd35cf2fabdeb93fb0d,2026-03-15,basic,200,ok,1788445849
5d0c585c55050016b404c1a2f44be259efe8d04e6d233bd35cf2fabdeb93fb0d,2026-03-15,basic,200,ok,1788445849
eca00f7cad7fd5a70e499cf1e139010defe8d04e6d233bd35cf2fabdeb93fb0d,2026-03-15,basic,200,ok,1788445850
83123ad991de718d8389fb9363046140,2026-03-15,basic,200,ok,1788445850
2ff7c4b52828039a111d85ee800b1b53,2026-03-15,basic,200,ok,1788445851
a340605c918ec73da4494caaf0529ab0efe8d04e6d233bd35cf2fabdeb93fb0d,2026-03-15,basic,200,ok,1788445852
913c2a45be3959e40cd8ffece11fa0ecefe8d04e6d233bd35cf2fabdeb93fb0d,2026-03-15,basic,200,ok,1788445852
962049e1f1076111958854676542dfa4,2026-03-15,basic,200,ok,1788445853
01a9062276eae81b61db9574749fa14f,2026-03-15,basic,200,ok,1788445853
f948e3556aea6766588173d9e3612e6f,2026-03-15,basic,200,ok,1788445854
a4df162fe9de32e1344ca58478737716,2026-03-15,basic,200,empty,1788445855
a5a47e3c6d3418b88d1a4584b35a5a98,2026-03-15,basic,200,ok,1788445855
97bd0a2fb5986b87b029ef7e7edcec52efe8d04e6d233bd35cf2fabdeb93fb0d,2026-03-15,basic,200,ok,1788445856
fb0b512f48ff3e419016e3863822ea97efe8d04e6d233bd35cf2fabdeb93fb0d,2026-03-15,basic,200,ok,1788445856
cc0c1a86de67ed40d46c44e4cbca9959c47ea5ffea2564f587ca830a8f71acb2,2026-03-15,basic,200,ok,1788445857
64990f478b38d2be8978684908e2c19a,2026-03-15,basic,200,ok,1788445858
753535edaf421891982dde5abfeb1d4f8295750b1f4857867454debc45ec9c8a,2026-03-15,basic,200,empty,1788445858
25ed327ed43113c2366c6aabd06f5cae,2026-03-15,basic,200,ok,1788445859
805ed58fa24f956a37337016186a5f52efe8d04e6d233bd35cf2fabdeb93fb0d,2026-03-15,basic,200,ok,1788445859
0a0aea1aafb29b34584b6be844cb29e4efe8d04e6d233bd35cf2fabdeb93fb0d,2026-03-15,basic,200,ok,1788445860
1fb2029400969c0145d524208ffbcbe2,2026-03-15,basic,200,ok,1788445861
2e232d485836753cec57d0b76bce08f3,2026-03-15,basic,200,empty,1788445861
accab45d6729c4ddae6f0cefa9bc3d37efe8d04e6d233bd35cf2fabdeb93fb0d,2026-03-15,basic,200,ok,1788445862
761b3be0278221705a7471d0b1f9145b,2026-03-15,basic,200,ok,1788445863
f81a3b31334fd3b7eef0327ef5ebc7f1,2026-03-15,basic,200,ok,1788445863
5103fd5a5e561ede03df93d883dcec2d,2026-03-15,basic,200,ok,1788445864
a53ab12a216fe4337fe4ba92a95b91a8efe8d04e6d233bd35cf2fabdeb93fb0d,2026-03-15,basic,200,ok,1788445864
78e428db27a554c0141925a26623910e,2026-03-15,basic,200,ok,1788445865
e6edaa2feef4e15d350902d139b4d601,2026-03-15,basic,200,ok,1788445865
2702d81aacaa6db01ac8b751e7b19467,2026-03-15,basic,200,ok,1788445866
152b48e72916a0840bb94839b919a2d1,2026-03-15,basic,200,ok,1788445867
0655367342595b55005c3b3158923d0e,2026-03-15,basic,200,ok,1788445867
6ea4d16bdd8473d29f18ca2381723b48,2026-03-15,basic,200,ok,1788445868
510aeeafbbfca436f176f15450cb9ae5,2026-03-15,basic,200,ok,1788445869
7d010b8734965312cd0a4c224cdb0b7c,2026-03-15,basic,200,ok,1788445869
ed848164282bda01f9e2fc7ffc440ba4efe8d04e6d233bd35cf2fabdeb93fb0d,2026-03-15,basic,200,ok,1788445870
dd435ab7afe9c98fee5ed036b8782177,2026-03-15,basic,200,ok,1788445870
b6386bc3b9e3d3de273aaef02a08e967,2026-03-15,basic,200,empty,1788445871
f6c544631c36a78d58c5518d9c59178c,2026-03-15,basic,200,ok,1788445872
6200f324bea2cf91944db084079b5c8defe8d04e6d233bd35cf2fabdeb93fb0d,2026-03-15,basic,200,ok,1788445872
fc6712df371df494f0ac8758b3b558a1,2026-03-15,basic,200,ok,1788445873
8915d04a6b4d51c9ca34dc8369fb9d17efe8d04e6d233bd35cf2fabdeb93fb0d,2026-03-15,basic,200,ok,1788445874
7cdf24f9917c7484c588d6e5f8570695,2026-03-15,basic,200,ok,1788445874
d64d6a4ec16d606cd4a5eb8a42da3e78efe8d04e6d233bd35cf2fabdeb93fb0d,2026-03-15,basic,200,ok,1788445875
aabd99a8648dd8453ee515fbaa93b508,2026-03-15,basic,200,ok,1788445875
df14a27dafe56d2e899c597345fd1dafe85e07f9d5d276f44440847eec04ba68,2026-03-15,basic,200,ok,1788445876
3b911ea8a7eb1e81994d8ea57d99dcc1,2026-03-15,basic,200,ok,1788445877
ab8242ec7b203f69d1b6f543322c1208,2026-03-15,basic,200,empty,1788445877
a14c2ee695b0a0d88a65921cd0926525efe8d04e6d233bd35cf2fabdeb93fb0d,2026-03-15,basic,200,ok,1788445878
99e9cd84827cf1fff25681eb9c92021defe8d04e6d233bd35cf2fabdeb93fb0d,2026-03-15,basic,200,ok,1788445878
5de441c2df15fd7b268a7f0f2943919c,2026-03-15,basic,200,ok,1788445879
8643f1221388f11c98f824ec0bb4f351,2026-03-15,basic,200,ok,1788445879
3a5ff028204b34caa296e73f31c68604,2026-03-15,basic,200,empty,1788445880
9bdb9dbd303c0d710a0d1d2e198c3dd9,2026-03-15,basic,200,ok,1788445881
a17c5fb02a17f99a787f4a67426987d1efe8d04e6d233bd35cf2fabdeb93fb0d,2026-03-15,basic,200,ok,1788445881
34d9b59a32845212ff95b16f634ca0b3,2026-03-15,basic,200,ok,1788445882
aba231fdbe664aa914935b01fe006444,2026-03-15,basic,200,ok,1788445883
b3d449be6175a2b7ec6cd149841e01723663933da92e7566c55104ec9ac2894d,2026-03-15,basic,200,ok,1788445883
c61638b660fbc88a30311e9a9517428b,2026-03-15,basic,200,ok,1788445884
091855a7dfd79b94aa844026152a338e,2026-03-15,basic,200,ok,1788445884
a5e09d3e32d301b5d151d86c2f9cb032a2186d8e7cf7a6ee152d97cc78f2ae8b,2026-03-15,basic,200,ok,1788445885
1e1e40b746a26a64cc2305ee4531121c6fbb98200a15be5bcc73a64995849e9c,2026-03-15,basic,200,ok,1788445885
0de7137591919be1340225e9692351b3efe8d04e6d233bd35cf2fabdeb93fb0d,2026-03-15,basic,200,ok,1788445886
a15340dd6bd5480271d7e75186c2af26efe8d04e6d233bd35cf2fabdeb93fb0d,2026-03-15,basic,200,ok,1788445887
c1c49a705d3040d9acb1598f9893dea3efe8d04e6d233bd35cf2fabdeb93fb0d,2026-03-15,basic,400,http_400,1788445887
f1bbee611ce4a4611a8d8321b93ffdb36fbb98200a15be5bcc73a64995849e9c,2026-03-15,basic,200,ok,1788445888
aec74198047d3d7b39934731e4f7671aa2186d8e7cf7a6ee152d97cc78f2ae8b,2026-03-15,basic,200,ok,1788445888
70f358624c951f5d81c38c3aad3ac7cfefe8d04e6d233bd35cf2fabdeb93fb0d,2026-03-15,basic,200,ok,1788445889
9fb3f5327b45645740f86fe421ec5af4,2026-03-15,basic,200,ok,1788445890
25b73b77020a2ac225dacbb988571b73,2026-03-15,basic,200,ok,1788445890
4b03bce5bdfc258f8e803a3d30f9eaeb,2026-03-15,basic,200,ok,1788445891
305cfeffbf0e3cd3f77e03d3017accd3,2026-03-15,basic,200,ok,1788445891
913098f3ee94bf7cb125509b7abe54fd,2026-03-15,basic,200,ok,1788445892
50a2dd5879ee6ccccc8ecbb538df5dba,2026-03-15,basic,200,ok,1788445892
ef49b00e981b4afd45803558af97af55efe8d04e6d233bd35cf2fabdeb93fb0d,2026-03-15,basic,200,ok,1788445893
a8af60d840d0c0ad65d7c8c9d15115e6,2026-03-15,basic,200,empty,1788445894
60d56d3fa7c4a4713251eb4a0f43acf3,2026-03-15,basic,200,ok,1788445894
7fbae93326d95d96388e429ae0dc6609efe8d04e6d233bd35cf2fabdeb93fb0d,2026-03-15,basic,200,ok,1788445895
aaa4891062a4d3e3b2a89ad0782099e1,2026-03-15,basic,200,ok,1788445896
9480f51d72a72b8fc2fe8d2606c7c09e,2026-03-15,basic,200,empty,1788445896
4a3ec6fe8f52e92bb5b4b799dc4bcf95,2026-03-15,basic,200,ok,1788445897
d982921cbf77cde252039a47c8409b20efe8d04e6d233bd35cf2fabdeb93fb0d,2026-03-15,basic,200,ok,1788445897
e9846107fe71ed0edbac241f122a1037efe8d04e6d233bd35cf2fabdeb93fb0d,2026-03-15,basic,200,ok,1788445898
f38a15289a56cbeeffc09cd8883932ce,2026-03-15,basic,200,ok,1788445899
bb1e543e1523ca4aa31486b44292fcaaefe8d04e6d233bd35cf2fabdeb93fb0d,2026-03-15,basic,200,ok,1788445899
81ed6db79a3caa12e8f6854150b17cf08295750b1f4857867454debc45ec9c8a,2026-03-15,basic,200,ok,1788445900
651aaba0c2e75c8e6a068849558ff4d0efe8d04e6d233bd35cf2fabdeb93fb0d,2026-03-15,basic,200,ok,1788445901
ef0f2f68161fa1e4edb90339ac513530efe8d04e6d233bd35cf2fabdeb93fb0d,2026-03-15,basic,200,ok,1788445901
42a3870b8999c0537185ea6735549b26,2026-03-15,basic,200,ok,1788445902
7ac9b600108714d6339d989eef24593fefe8d04e6d233bd35cf2fabdeb93fb0d,2026-03-15,basic,200,empty,1788445902
2a066cf5931745500fab668f1e12383aefe8d04e6d233bd35cf2fabdeb93fb0d,2026-03-15,basic,200,ok,1788445903
b4686ffcbf16ec696d08bf16e42291d7,2026-03-15,basic,200,ok,1788445904
0962599d18234e97e4837a294a7d71b4efe8d04e6d233bd35cf2fabdeb93fb0d,2026-03-15,basic,200,ok,1788445904
1c425b3f599f37c860869bbe7d27befaefe8d04e6d233bd35cf2fabdeb93fb0d,2026-03-15,basic,200,ok,1788445905
6c7b65381e03295da533ff3700ab8d02,2026-03-15,basic,200,ok,1788445905
b287ab4d6de5c3fdf31b7208f3289220,2026-03-15,basic,200,ok,1788445906
5c1080befe430ca9a1b82f9b957aa61eefe8d04e6d233bd35cf2fabdeb93fb0d,2026-03-15,basic,200,empty,1788445907
7387135e644abecdd189b4057c90bf14,2026-03-15,basic,200,ok,1788445907
93ab9f37c605fe9061fee78dd4bac23e,2026-03-15,basic,200,ok,1788445908
b38ff0b54209bd4e76e4423de4f0600b,2026-03-15,basic,200,ok,1788445909
118420ab604c5a3212c1f83ad1661836,2026-03-15,basic,200,ok,1788445909
d31c37f72372a94b8e0731298e372a13,2026-03-15,basic,200,ok,1788445910
fbf04ecaaf084eff4854dbbb3a5da943efe8d04e6d233bd35cf2fabdeb93fb0d,2026-03-15,basic,200,ok,1788445910
5fb6fe832583c03ef08695d46a9227c0,2026-03-15,basic,200,ok,1788445911
af9b242384889254733f1716d63d850f,2026-03-15,basic,200,ok,1788445912
4dab399925006b4091680e20b181df85,2026-03-15,basic,200,ok,1788445912
a678e447939ae5a7347e5e9afe191095efe8d04e6d233bd35cf2fabdeb93fb0d,2026-03-15,basic,200,ok,1788445913
313e6abcc43d56084f4443a5f2c8d4dd,2026-03-15,basic,200,ok,1788445914
9b3652d2a786f97667977a2f19f69263efe8d04e6d233bd35cf2fabdeb93fb0d,2026-03-15,basic,200,ok,1788445914
c9d4990d54f1de87e4af7170c5c4e1fc,2026-03-15,basic,200,ok,1788445915
81b7a5605a1d5e89e468fe1400d822e7,2026-03-15,basic,200,ok,1788445915
305a43f7f2f016bc750e6b288559dd68,2026-03-15,basic,200,ok,1788445916
84ac820e6f0769bae7a8e77120fff981efe8d04e6d233bd35cf2fabdeb93fb0d,2026-03-15,basic,200,ok,1788445917
dd85ac2f31c3ec661b6a2d870285e191efe8d04e6d233bd35cf2fabdeb93fb0d,2026-03-15,basic,200,ok,1788445917
18a01982ba0d1011bef20f80a0fcf063efe8d04e6d233bd35cf2fabdeb93fb0d,2026-03-15,basic,200,ok,1788445918
ed61aa4ae28b1bcdf77ddf401115a42a,2026-03-15,basic,200,ok,1788445919
6d8820b0f451aa5b955fdc77c9d3cc3e,2026-03-15,basic,200,empty,1788445919
32a6fe68e487481f78dfceb1f1d707b7,2026-03-15,basic,200,ok,1788445920
e1d042cf6edc29c6818fa3c90378293e,2026-03-15,basic,200,ok,1788445920
bd16fcfd306cee235438ed40449347b3efe8d04e6d233bd35cf2fabdeb93fb0d,2026-03-15,basic,200,ok,1788445921
40628316b1c492bd5dd1387de1130400,2026-03-15,basic,200,ok,1788445921
53ce5c42cf548edb887bf17b5193cdef,2026-03-15,basic,200,ok,1788445922
f572330caaf6084712e7badc939358a3,2026-03-15,basic,200,ok,1788445923
edca5fb24f2301ecf896f4033b7f149b,2026-03-15,basic,200,ok,1788445923
740ac6e7aec65be19f83fa6aabd3bec5,2026-03-15,basic,200,ok,1788445924
0d20b2d1abeac016e9a157bca605567caae77432709819edb959e1fd5d1d77b4,2026-03-15,basic,200,empty,1788445924
7827226a05d15ad44eada95193fece41efe8d04e6d233bd35cf2fabdeb93fb0d,2026-03-15,basic,200,ok,1788445925
4f27dbdbf154c79e7a557ed0381ef336efe8d04e6d233bd35cf2fabdeb93fb0d,2026-03-15,basic,200,empty,1788445926
b637d1921a102e1a012694e179449cc5efe8d04e6d233bd35cf2fabdeb93fb0d,2026-03-15,basic,200,ok,1788445926
a68e4923a88cc84ea4991f842be83a34efe8d04e6d233bd35cf2fabdeb93fb0d,2026-03-15,basic,200,ok,1788445927
d7189aaf9d2f8745f5a18b748d88a336efe8d04e6d233bd35cf2fabdeb93fb0d,2026-03-15,basic,200,ok,1788445928
100c42aeb9726b84424079b52beffc8befe8d04e6d233bd35cf2fabdeb93fb0d,2026-03-15,basic,200,ok,1788445928
b4e6f053b4f84352282325d587deeff5efe8d04e6d233bd35cf2fabdeb93fb0d,2026-03-15,basic,200,ok,1788445929
3a0b909d35bbb0fdef5fe0c7a87e66be,2026-03-15,basic,200,ok,1788445929
2689769a9f68f82c36ecf0fd13c2ee74efe8d04e6d233bd35cf2fabdeb93fb0d,2026-03-15,basic,200,ok,1788445930
c5dd4b9d3a79a06bf9edc15a3dc2fbdb,2026-03-15,basic,200,empty,1788445931
84acdbff28774e5afa43441042ad1d71,2026-03-15,basic,200,ok,1788445931
8b9389a99c04f2d6e9a34efbe9af9372efe8d04e6d233bd35cf2fabdeb93fb0d,2026-03-15,basic,200,ok,1788445932
b904b992c2c0f4918969d2b0cb0ea2c1,2026-03-15,basic,200,ok,1788445932
506a2a1dd6413d201e155e3f424849cf,2026-03-15,basic,200,ok,1788445933
dbd158ccf92ff709820e4f88103aabf2efe8d04e6d233bd35cf2fabdeb93fb0d,2026-03-15,basic,200,ok,1788445933
bea07d9c88d0447eb9b2543dd49ed2a3,2026-03-15,basic,200,ok,1788445934
2b65d84f98371d352ee796634274a5e5e85e07f9d5d276f44440847eec04ba68,2026-03-15,basic,200,ok,1788445935
b0590614cc19990d169fd1e46ab83865,2026-03-15,basic,200,ok,1788445935
fa55206445bbafc88ab23bb92b5da0a0efe8d04e6d233bd35cf2fabdeb93fb0d,2026-03-15,basic,200,ok,1788445936
d0ad15ef68ae8d071839d13db145ce61,2026-03-15,basic,200,ok,1788445937
db118ac81a87e2b588d6fb6ba29c5780efe8d04e6d233bd35cf2fabdeb93fb0d,2026-03-15,basic,200,ok,1788445937
06ad73901fc50d4bef7c17b09468b1e7efe8d04e6d233bd35cf2fabdeb93fb0d,2026-03-15,basic,200,ok,1788445938
3c327e40dc649da8d6f015e2d33e7f464723574b05820acf03e7ec3162ff5bed,2026-03-15,basic,200,ok,1788445938
b589691edfc3bcd4053fce4a5fbc1c1d8295750b1f4857867454debc45ec9c8a,2026-03-15,basic,200,ok,1788445939
36e0e9412e52589137f36eacfc8d44dc,2026-03-15,basic,200,ok,1788445940
f9ab2713ac540e8ca708d108f236d047efe8d04e6d233bd35cf2fabdeb93fb0d,2026-03-15,basic,200,ok,1788445940
f531d86fb49d959304be18f9858acef3,2026-03-15,basic,200,ok,1788445941
12a9afa932aaeb46c827714e0baea222efe8d04e6d233bd35cf2fabdeb93fb0d,2026-03-15,basic,200,ok,1788445941
28af4ef490bf54d8a3ee2564e7d9b049efe8d04e6d233bd35cf2fabdeb93fb0d,2026-03-15,basic,200,ok,1788445942
18f784ce77febd6167cc3b79cef54db5,2026-03-15,basic,200,ok,1788445943
7b32fd8c25c782c5f5d7e295a0065365efe8d04e6d233bd35cf2fabdeb93fb0d,2026-03-15,basic,200,ok,1788445943
bec0f7c453d589ab69a294e926314d83efe8d04e6d233bd35cf2fabdeb93fb0d,2026-03-15,basic,200,ok,1788445944
d5ae5ac6d0bb1955c38ec6f09c24f653,2026-03-15,basic,200,ok,1788445944
ee6d1d6feb6c108e01f5cbda353df022,2026-03-15,basic,200,ok,1788445945
c461e510599c044e02ed8d91de6a5bc6,2026-03-15,basic,200,ok,1788445945
33938953475f8fedd2358be975761753,2026-03-15,basic,200,ok,1788445946
d8168d4538937004c2d61866fb731bf1,2026-03-15,basic,200,ok,1788445947
36cb14a01777f6b64d7e3fe44991d946,2026-03-15,basic,200,ok,1788445947
f0b509cf631549aeab315fa14ef73b4d86e68d4012202d0434d05f81868f68e3,2026-03-15,basic,200,ok,1788445948
b8851d8f23b160b0c3c16b6ea75f0184,2026-03-15,basic,200,ok,1788445949
1179488567d2a24e702cb0e86f6fbf2c,2026-03-15,basic,200,ok,1788445949
4959fb85f0ac00d2fb5a01095b1d0bac,2026-03-15,basic,200,ok,1788445950
c6d9ae76a1650ee504f1277716f3a984efe8d04e6d233bd35cf2fabdeb93fb0d,2026-03-15,basic,400,http_400,1788445950
0d56f4fe022f703e62378c914f6387ab,2026-03-15,basic,200,ok,1788445951
3a68623d1c6913acc7937cac4a439fb6,2026-03-15,basic,200,ok,1788445952
ddbcbcdfb35e16fd51cf7f8c4ea2ba9a,2026-03-15,basic,200,ok,1788445952
d162d653d84d0c6bbf2e49d059d5a183,2026-03-15,basic,200,ok,1788445953
6c3ef962b143c5526d7b0ccfc9db60cc,2026-03-15,basic,200,ok,1788445953
817c746aeb79323f34e94a67f21cebb8,2026-03-15,basic,200,empty,1788445954
13b05f774bd76dde668f346a65d9b35fefe8d04e6d233bd35cf2fabdeb93fb0d,2026-03-15,basic,200,ok,1788445954
fd377d001968be9550fb9070064048f9efe8d04e6d233bd35cf2fabdeb93fb0d,2026-03-15,basic,200,ok,1788445955
7c76f46ce3dd0d0aebb056a9779b7e5b,2026-03-15,basic,200,ok,1788445956
694f8b0334fe3bdf54df2df59071c949,2026-03-15,basic,200,ok,1788445956
a2b6f53736f9ca464de0327d5499e0b1,2026-03-15,basic,200,empty,1788445957
96e7bbfc1c831f81ebc6605710852de7,2026-03-15,basic,200,ok,1788445958
c0d999941794b0a4225a95fc10e8eb20efe8d04e6d233bd35cf2fabdeb93fb0d,2026-03-15,basic,200,empty,1788445958
b86a84503be50a94d789d80b90ecb086c47ea5ffea2564f587ca830a8f71acb2,2026-03-15,basic,200,ok,1788445959
46a75dc020303f4d47e0e4558e638854,2026-03-15,basic,200,ok,1788445960
548d6c22891887961373526461112ab1,2026-03-15,basic,200,ok,1788445960
736597e6eae310579e2ea86f09a44736,2026-03-15,basic,200,empty,1788445961
b61dd0c09a684a225ac79f43c63df363efe8d04e6d233bd35cf2fabdeb93fb0d,2026-03-15,basic,200,ok,1788445961
8585510f2649210f3dba19f7feef9a22,2026-03-15,basic,200,ok,1788445962
fbf9eb20ffe45952e0ac83a82e122508aae77432709819edb959e1fd5d1d77b4,2026-03-15,basic,200,empty,1788445963
d20002d0ce4964c62896c5ae478293b3,2026-03-15,basic,200,ok,1788445963
f1afbe79a770af3761c7d59aca988668,2026-03-15,basic,200,ok,1788445964
ce8c0a13c18cb84e722ac0b9d5b5a277efe8d04e6d233bd35cf2fabdeb93fb0d,2026-03-15,basic,200,ok,1788445964
00208b8a24f3e46714750f4a88384e53,2026-03-15,basic,200,ok,1788445965
352894b15213a494624f4cd3762ce345,2026-03-15,basic,200,ok,1788445965
0e95530c3a4a21e984d027c55215fa1eefe8d04e6d233bd35cf2fabdeb93fb0d,2026-03-15,basic,200,ok,1788445966
5aaf07772d46e3c3aca9a7ef641073f6efe8d04e6d233bd35cf2fabdeb93fb0d,2026-03-15,basic,200,ok,1788445967
5888425d462db58af9907ea21387d9a3efe8d04e6d233bd35cf2fabdeb93fb0d,2026-03-15,basic,200,ok,1788445967
9c88f88a61748fb8acf6efea66eae088efe8d04e6d233bd35cf2fabdeb93fb0d,2026-03-15,basic,200,ok,1788445968
b69abd490e3a34a6110016fd401bbab8efe8d04e6d233bd35cf2fabdeb93fb0d,2026-03-15,basic,200,ok,1788445969
c839fcf0b5fc556f74f2db3d1f917a75efe8d04e6d233bd35cf2fabdeb93fb0d,2026-03-15,basic,200,ok,1788445969
d8e380724194a479f60e66a48bbb3590aae77432709819edb959e1fd5d1d77b4,2026-03-15,basic,200,ok,1788445970
564398ba0a407d571545da1087f81cd6efe8d04e6d233bd35cf2fabdeb93fb0d,2026-03-15,basic,200,ok,1788445970
67173dcb729ab37f467472708e215eeb,2026-03-15,basic,200,empty,1788445971
8e32c31f8a0ac378b515db2c2ae23f79,2026-03-15,basic,200,ok,1788445972
3f2e2a9da2613388cf5548e42839e01eefe8d04e6d233bd35cf2fabdeb93fb0d,2026-03-15,basic,200,ok,1788445972
cf61a62333f34ad11baf290733b388ce,2026-03-15,basic,200,ok,1788445973
141fd395cffc847bd49237bbc30dd8c5,2026-03-15,basic,200,ok,1788445974
1360f30c3c96596cc0b84031ff8d98e3efe8d04e6d233bd35cf2fabdeb93fb0d,2026-03-15,basic,200,ok,1788445974
be6accba01d5e7dae345661dfae21f07efe8d04e6d233bd35cf2fabdeb93fb0d,2026-03-15,basic,200,ok,1788445975
a203969d749e4b962ec8457052c4a455,2026-03-15,basic,200,ok,1788445975
547b6f2aa500f7d92a8224c18ef87d74,2026-03-15,basic,200,ok,1788445976
c0b7d1c2356efbc62f2f34116f630d8c,2026-03-15,basic,200,ok,1788445977
020c28e0be0b02a1d1f769419353d62e,2026-03-15,basic,200,ok,1788445977
64cf17678e94d49b39d5e0c735749c13efe8d04e6d233bd35cf2fabdeb93fb0d,2026-03-15,basic,400,http_400,1788445978
09ce26f7f7b457d08f11d71baf16b125,2026-03-15,basic,200,ok,1788445978
a06ab0a2beabb3321e392afb8c37db87efe8d04e6d233bd35cf2fabdeb93fb0d,2026-03-15,basic,200,ok,1788445979
5f576b76cbcc144efcef129e064f3dab,2026-03-15,basic,200,ok,1788445980
8514fbbf630ab72ff3a651344d1ac9f186e68d4012202d0434d05f81868f68e3,2026-03-15,basic,200,ok,1788445980
5ab57a54f2e124abb4be9cc6cce35b36fd842dab14be2a956555625b37c97bff,2026-03-15,basic,200,ok,1788445981
8ed238b5ea8e0978a2c36c780ecde49d,2026-03-15,basic,200,ok,1788445982
bad4affe48854991aee5f382904aacd2efe8d04e6d233bd35cf2fabdeb93fb0d,2026-03-15,basic,200,ok,1788445982
bdfa13019e32e21874a278118dfb7758efe8d04e6d233bd35cf2fabdeb93fb0d,2026-03-15,basic,200,ok,1788445983
939c65fb87dfead60661a0e1dfee2928,2026-03-15,basic,200,ok,1788445984
2578bcb741cc1f862f76bdf6fd24ff03,2026-03-15,basic,200,ok,1788445984
4e8bfec395849e40f0b917600eb2c4d2,2026-03-15,basic,200,empty,1788445985
74d9a691fb9417342ceec12227c969d4,2026-03-15,basic,200,ok,1788445986
22ee27f94fa8c1ec968e51e6fcdf1e50,2026-03-15,basic,200,ok,1788445986
484afd6168e98d8aa18ec2d475e43e76,2026-03-15,basic,200,ok,1788445987
575b7ba8220fff2c790465fa612c36c7,2026-03-15,basic,200,ok,1788445987
13c1c1bde2f14d9390a8a609c42bf4a1efe8d04e6d233bd35cf2fabdeb93fb0d,2026-03-15,basic,200,ok,1788445988
e461cdffee5559511cbc83f7ed31c813,2026-03-15,basic,200,empty,1788445988
b060b95f774aef34194362823744bb1b,2026-03-15,basic,200,ok,1788445989
22f7b330acaf9c9d480a1a54d0da35d4efe8d04e6d233bd35cf2fabdeb93fb0d,2026-03-15,basic,200,ok,1788445990
d4dcca66594e3db12d0beff6f63b9b1b,2026-03-15,basic,200,ok,1788445990
735aba0aba13099dc5272ab5fbc18aa7efe8d04e6d233bd35cf2fabdeb93fb0d,2026-03-15,basic,200,ok,1788445991
2b08282cb0ad8bb911e279d73258e946efe8d04e6d233bd35cf2fabdeb93fb0d,2026-03-15,basic,200,ok,1788445991
3fda514722db89dd352811b92a9928ca,2026-03-15,basic,200,ok,1788445992
bac4668bc5333ebabff74395e2da3dd6,2026-03-15,basic,200,ok,1788445993
1dd7c1158b537d455c332bdb0e863799efe8d04e6d233bd35cf2fabdeb93fb0d,2026-03-15,basic,200,ok,1788445993
7a75854e8db35ba537d912a8b7410992efe8d04e6d233bd35cf2fabdeb93fb0d,2026-03-15,basic,200,ok,1788445994
5de0c7344f7ca5139015d94834d9ed98efe8d04e6d233bd35cf2fabdeb93fb0d,2026-03-15,basic,200,empty,1788445994
d050f7269602ed77fed87d51cfb06b05,2026-03-15,basic,200,ok,1788445995
90c851a2b90b4ef33966d911057cce29,2026-03-15,basic,200,ok,1788445996
a99f5dc5aa81000e1f00b13d4347ed49,2026-03-15,basic,200,ok,1788445996
77d3e0d2cee5d1f3e77e4c6dba030ea5,2026-03-15,basic,200,ok,1788445997
e23ae618185939d85395378961bcc185,2026-03-15,basic,200,ok,1788445997
a016a368d1aec084d93fd673a932e451,2026-03-15,basic,200,ok,1788445998
e66e3dc25a4191dae538247c543bec6e,2026-03-15,basic,200,ok,1788445999
4bd8876854a34d9e2ba5c25e93829c47efe8d04e6d233bd35cf2fabdeb93fb0d,2026-03-15,basic,200,ok,1788445999
021d71c6c5fce78fcc38720dc5ff520a,2026-03-15,basic,200,ok,1788446000
28c1dd68d3e28cfc5b4d3cf10c6d27f8,2026-03-15,basic,200,ok,1788446000
a66bafc6440c99aa97497b3ff273e52befe8d04e6d233bd35cf2fabdeb93fb0d,2026-03-15,basic,200,ok,1788446001
6d1535e43968392674b8adfe674b815f,2026-03-15,basic,200,ok,1788446002
df0c8cc78daaf8d1937b3f732d1ad4cf,2026-03-15,basic,200,ok,1788446002
c3d56e6201c08d56ff10bdcc24b78dfcefe8d04e6d233bd35cf2fabdeb93fb0d,2026-03-15,basic,200,ok,1788446003
68c3d15c80f798aa5c496382c65be23b,2026-03-15,basic,200,ok,1788446004
7d41dac73f726278a655622ecb8491f5efe8d04e6d233bd35cf2fabdeb93fb0d,2026-03-15,basic,200,ok,1788446004
8a3f3a08ee7cd8adfc5041db3f29bd72,2026-03-15,basic,200,ok,1788446005
7ef1d22504f225324d8f13e8634cc371efe8d04e6d233bd35cf2fabdeb93fb0d,2026-03-15,basic,200,ok,1788446005
2c25666d17c65269d8c5e0f23b4b6caf,2026-03-15,basic,200,ok,1788446006
6b39684aded24d48ef2bd140f5d5ab94,2026-03-15,basic,200,empty,1788446006
f15088071bf5822c489de5cb8e132c1defe8d04e6d233bd35cf2fabdeb93fb0d,2026-03-15,basic,200,ok,1788446007
cb59416e41cd22927440cb5d0095e028,2026-03-15,basic,200,ok,1788446008
6866e91dd9b00d774be7491edae6e822efe8d04e6d233bd35cf2fabdeb93fb0d,2026-03-15,basic,200,ok,1788446008
7f51989dec8839e77ec1ab225f332509efe8d04e6d233bd35cf2fabdeb93fb0d,2026-03-15,basic,200,ok,1788446009
84c02150731ba1e3e04f93afa3585f7aefe8d04e6d233bd35cf2fabdeb93fb0d,2026-03-15,basic,200,ok,1788446010
aa642c9485ec1941fef82cb1ef88d92d,2026-03-15,basic,200,empty,1788446010
cc5bdbc508f1f666f58017ce86be5fb1efe8d04e6d233bd35cf2fabdeb93fb0d,2026-03-15,basic,200,ok,1788446011
db50a8916c2feaeb4fa8e4c6e55a7b3defe8d04e6d233bd35cf2fabdeb93fb0d,2026-03-15,basic,200,ok,1788446011
60e44012732bc8cb2219a9e090bc46a3,2026-03-15,basic,200,ok,1788446012
898213a77bd67d21879d2797fea6fc50,2026-03-15,basic,200,ok,1788446013
6936d23e5b13ea9c639e504bcaf31769,2026-03-15,basic,200,empty,1788446013
e2d0678c60986ca773e3713a038a4f40,2026-03-15,basic,200,ok,1788446014
31d4a79f763d231d9fdefa04ada40ed9efe8d04e6d233bd35cf2fabdeb93fb0d,2026-03-15,basic,200,ok,1788446014
f67e80f8bf3fd1c4d8abef37571f3dd3efe8d04e6d233bd35cf2fabdeb93fb0d,2026-03-15,basic,200,ok,1788446015
93ef68780df150709339fe1946a5f198,2026-03-15,basic,200,ok,1788446016
11487a1f2f2f5c85599785b708a01659,2026-03-15,basic,200,ok,1788446016
50f9cb8a98a8746f77e68fa1a7504815,2026-03-15,basic,200,ok,1788446017
652437ed1ddfdac7ce617855364d7e24,2026-03-15,basic,200,ok,1788446017
63bf708b6c9548143e844fdc5753878e,2026-03-15,basic,200,ok,1788446018
857bd5cba59b2aff151abc4aae83c8abefe8d04e6d233bd35cf2fabdeb93fb0d,2026-03-15,basic,200,ok,1788446019
8fea030ca17edc6fc8cc5ea6a788eb5a,2026-03-15,basic,200,ok,1788446019
df00a751c2ea003f778c017f563b46eb4723574b05820acf03e7ec3162ff5bed,2026-03-15,basic,200,ok,1788446020
5a68e3de4a5521a88d876d0a3d5b5d4f,2026-03-15,basic,200,ok,1788446020
0acda468ae5e6fb931c3626708f0e028a2186d8e7cf7a6ee152d97cc78f2ae8b,2026-03-15,basic,200,ok,1788446021
9bb15113f84cf38e7a19d213281190b1efe8d04e6d233bd35cf2fabdeb93fb0d,2026-03-15,basic,200,ok,1788446022
6bf765c535d897a2c18409e5e6f27089,2026-03-15,basic,200,ok,1788446022
5e435512bd762458e973b981ffbd1d54,2026-03-15,basic,200,ok,1788446023
1498280213e13b2b59660f0b6aee1720,2026-03-15,basic,200,ok,1788446023
85892b7afd7c6caa422d8eea63e91438efe8d04e6d233bd35cf2fabdeb93fb0d,2026-03-15,basic,200,ok,1788446024
2986918ec5941d45ccdeda7f3d3e1aa3,2026-03-15,basic,200,ok,1788446025
3a89485940893699400ba02af1bde667,2026-03-15,basic,200,ok,1788446025
077a0e8c69d7eb70b064b843b2b64110,2026-03-15,basic,200,ok,1788446026
3711b59d046ce6f508b5fd21b7ca13b1,2026-03-15,basic,200,ok,1788446027
d12340e54081e449e8858bc6e21db2a1,2026-03-15,basic,200,ok,1788446027
11f189b4da6339e36effd886f2ea00b6,2026-03-15,basic,200,empty,1788446028
a1cf41d37e6e4899db253d1f5ce46170,2026-03-15,basic,200,ok,1788446029
c08400f5b60f6d19d77efda833772741,2026-03-15,basic,200,ok,1788446029
5169167ce21f67f5e3d77c0c635002e34723574b05820acf03e7ec3162ff5bed,2026-03-15,basic,200,ok,1788446030
9aef3930d0c4bb12db2553fec19725c6,2026-03-15,basic,200,ok,1788446030
f66948852ecc7be69eaa331e541bd2e9,2026-03-15,basic,200,ok,1788446031
6ebfe42c02fce5f1a0589794e977bd7f,2026-03-15,basic,200,ok,1788446032
05946163ec8fba2af18102be66740948efe8d04e6d233bd35cf2fabdeb93fb0d,2026-03-15,basic,200,ok,1788446032
afc54144137f5bba7ea0fe16e91574a7,2026-03-15,basic,200,ok,1788446033
217de04fec9a7a81ac068a8b0af645c7,2026-03-15,basic,200,ok,1788446033
203813e064fa13d9fd44b1ced2a01fd1,2026-03-15,basic,200,ok,1788446034
5197b8190fe1ce90fd155d2e9a2e516d,2026-03-15,basic,200,ok,1788446035
29925dd9edcaf5a63d81738057f69afd,2026-03-15,basic,200,ok,1788446035
04b2a365f11e0f8e48e4c65c1cfe70ed,2026-03-15,basic,200,ok,1788446036
c8f4a41c1368607cf9c31043a8b41846,2026-03-15,basic,200,ok,1788446036
914a7540516b74e1f2812b566e4a5b64,2026-03-15,basic,200,ok,1788446037
9467ac50a7b87a476ad5ebcca4263bc2,2026-03-15,basic,200,ok,1788446038
df236be95985b9def71482281a38e73fefe8d04e6d233bd35cf2fabdeb93fb0d,2026-03-15,basic,200,ok,1788446038
dc9e8579a19eddd613b717d71d43683b,2026-03-15,basic,200,ok,1788446039
b22f12c94280f0e1016def1bc511eb86,2026-03-15,basic,200,ok,1788446040
4036ca24a80f056f7482db3913b4d357,2026-03-15,basic,200,ok,1788446040
576c5199b41704e7c15a9e3a85f41b09efe8d04e6d233bd35cf2fabdeb93fb0d,2026-03-15,basic,200,ok,1788446041
74bb94ae1c1bd047be19b110bae0aef8,2026-03-15,basic,200,ok,1788446041
0f9587a6e15e903ed7457a830a5df476,2026-03-15,basic,200,ok,1788446042
88e90383483beaae9db738e7866c94f3efe8d04e6d233bd35cf2fabdeb93fb0d,2026-03-15,basic,200,ok,1788446043
dbecf99426dc8b5a18a890f9e2e8d867,2026-03-15,basic,200,ok,1788446043
570f49e94180026039f437f0ebbaf22fefe8d04e6d233bd35cf2fabdeb93fb0d,2026-03-15,basic,200,ok,1788446044
4718c9518becadd35feec18ffc60d265efe8d04e6d233bd35cf2fabdeb93fb0d,2026-03-15,basic,200,ok,1788446044
4afda4a2381806047aa88389d084ecc2efe8d04e6d233bd35cf2fabdeb93fb0d,2026-03-15,basic,200,ok,1788446045
c78171fab867fa88fc18bdf151ecef10efe8d04e6d233bd35cf2fabdeb93fb0d,2026-03-15,basic,200,empty,1788446046
aed7bf18d59352e2179202d33e1aa912efe8d04e6d233bd35cf2fabdeb93fb0d,2026-03-15,basic,200,ok,1788446046
f1e32480cea177de0b1504bc220f4b7e86e68d4012202d0434d05f81868f68e3,2026-03-15,basic,200,empty,1788446047
7cdad52cb1d4be12f2a54d9c4fa9d455,2026-03-15,basic,200,empty,1788446047
dbade363947ed8f86d572b4c3795b702,2026-03-15,basic,200,empty,1788446048
e488805a70171e287e54736142ed6470,2026-03-15,basic,200,ok,1788446049
67401d2eca73ba8dd6719e1cad1560e5,2026-03-15,basic,200,ok,1788446049
8dd32047492e876fc65a64d8acab845b,2026-03-15,basic,200,ok,1788446050
2d4af4ca0cc8591d5489037181cf312e,2026-03-15,basic,200,ok,1788446050
4e381e5ec8eb6b3aca252d14383c283eefe8d04e6d233bd35cf2fabdeb93fb0d,2026-03-15,basic,200,ok,1788446051
53b0ca53923e82e6261dae7b7e9afc0d,2026-03-15,basic,200,ok,1788446052
fd86d3fac8828bc0e3e03856140c3a58,2026-03-15,basic,200,ok,1788446052
9bc8c9ab8b9785b0166c06eaa427013d,2026-03-15,basic,200,ok,1788446053
0efa2eb74ac142f5d19f86abf7321626,2026-03-15,basic,200,empty,1788446053
b90419e2fc405bb0558c742fe6d940d9efe8d04e6d233bd35cf2fabdeb93fb0d,2026-03-15,basic,200,empty,1788446054
8fbbc09cc5759da0315cf41be5e61553efe8d04e6d233bd35cf2fabdeb93fb0d,2026-03-15,basic,200,ok,1788446055
3ba4c2dafc509d2020e6cdee227fd41f,2026-03-15,basic,200,empty,1788446055
e2ec459eceb64b64eb195a9e1ddb7bd3,2026-03-15,basic,200,ok,1788446056
c1f6c08aa70c9ccf7704b591fccf22c9,2026-03-15,basic,200,ok,1788446056
769595944fafd511f2ea616f46022500,2026-03-15,basic,200,empty,1788446057
e2ce16655b471c8d71555c2f1bc0bbdf,2026-03-15,basic,200,ok,1788446058
31e0e85cda5f8cafa373e0e2e957ffbf,2026-03-15,basic,200,ok,1788446058
57dd8215dce713e4a994b89e759af360efe8d04e6d233bd35cf2fabdeb93fb0d,2026-03-15,basic,200,ok,1788446059
55dd6c792ea2cc29faf825b0e45c02e4efe8d04e6d233bd35cf2fabdeb93fb0d,2026-03-15,basic,200,ok,1788446060
f97df44555568956f4902293d35ff632,2026-03-15,basic,200,ok,1788446060
6d463d867b696654bc371fc83fb53731efe8d04e6d233bd35cf2fabdeb93fb0d,2026-03-15,basic,200,empty,1788446061
31c6c6213f2d2dcc0461544ea06b3f90efe8d04e6d233bd35cf2fabdeb93fb0d,2026-03-15,basic,200,ok,1788446061
4e7e6d36e8b7a8d20592cff7ed3f5123,2026-03-15,basic,200,ok,1788446062
5bde4ba02370ebe6770c26cc38cd22d4efe8d04e6d233bd35cf2fabdeb93fb0d,2026-03-15,basic,200,ok,1788446063
7502dca82d3d82e03b1eb0ce05985d20efe8d04e6d233bd35cf2fabdeb93fb0d,2026-03-15,basic,200,ok,1788446063
a660258798e98ac4a10d10610914225c,2026-03-15,basic,200,ok,1788446064
da59aeec511ed5b8f8f1f63ae728e79e,2026-03-15,basic,200,ok,1788446064
78535bb3901ed5024df8f35aa22af40f,2026-03-15,basic,200,ok,1788446065
b4dd6666872582e2939af2eaffe6e338,2026-03-15,basic,200,ok,1788446066
9ebbd34a4de8d7f737e5d6c72993b9e5,2026-03-15,basic,200,empty,1788446066
fe387774c347b28e78a16025c713b2a5efe8d04e6d233bd35cf2fabdeb93fb0d,2026-03-15,basic,200,ok,1788446067
878bc87d59dd8136efb77f70babf5c7b,2026-03-15,basic,200,ok,1788446067
a40a25e23e316d6f298d4359592d6434efe8d04e6d233bd35cf2fabdeb93fb0d,2026-03-15,basic,200,ok,1788446068
5ffd9137f0795b6558338ad408fdd9ec,2026-03-15,basic,200,ok,1788446069
1080f57f2e025f68d94bb6b253defb616fbb98200a15be5bcc73a64995849e9c,2026-03-15,basic,200,ok,1788446069
b247af5a13fc4a12dc7b3d39632d6735,2026-03-15,basic,200,empty,1788446070
59734cc619d8bc6547bd1c587312ccce,2026-03-15,basic,200,ok,1788446070
f93fcef4cafecf97c145cb8396d6b46fefe8d04e6d233bd35cf2fabdeb93fb0d,2026-03-15,basic,200,ok,1788446071
bd02417738eaa58ae538edf4c7e86fb2,2026-03-15,basic,200,ok,1788446071
084201e1bd47aee1cf6ca910db0038bb,2026-03-15,basic,200,ok,1788446072
41bce24aaaca35d2997d4f195f832a05,2026-03-15,basic,200,ok,1788446073
3d5b766f0fc369cc4096752a8bd1c475,2026-03-15,basic,200,ok,1788446073
44a1d1dc913d33b11f3f365872d6f29cefe8d04e6d233bd35cf2fabdeb93fb0d,2026-03-15,basic,200,ok,1788446074
bb7acbb4e8dfe4d350e135a5c852db6b,2026-03-15,basic,200,ok,1788446074
81ba830e826a0b666c7618ca0cd3d3a5efe8d04e6d233bd35cf2fabdeb93fb0d,2026-03-15,basic,200,ok,1788446075
11cf30820abb365c9d0e5b5be13798c4efe8d04e6d233bd35cf2fabdeb93fb0d,2026-03-15,basic,200,empty,1788446076
5b3bd7bed4346c9e767ec5e89d6aaa51efe8d04e6d233bd35cf2fabdeb93fb0d,2026-03-15,basic,200,ok,1788446076
69521db807d753f5d29dab1e7017ec47efe8d04e6d233bd35cf2fabdeb93fb0d,2026-03-15,basic,200,ok,1788446077
360ad732fa6f5497225cfac894d3bdfe8295750b1f4857867454debc45ec9c8a,2026-03-15,basic,200,ok,1788446078
55923c87be2e0e0638a50314b5c46532efe8d04e6d233bd35cf2fabdeb93fb0d,2026-03-15,basic,200,ok,1788446078
468162f8a7aad517802a4a7f1a56f452efe8d04e6d233bd35cf2fabdeb93fb0d,2026-03-15,basic,200,ok,1788446079
b11fbc29af3230d8a0193ea9ff9aa848,2026-03-15,basic,200,ok,1788446079
f7392c663d6938fd36aef41264e46070,2026-03-15,basic,200,ok,1788446080
a3135254bbf6c95ad614b7b7ef41ccacefe8d04e6d233bd35cf2fabdeb93fb0d,2026-03-15,basic,200,ok,1788446081
b780eb244f1558b504e3c3d714c9d696efe8d04e6d233bd35cf2fabdeb93fb0d,2026-03-15,basic,200,ok,1788446081
f7b06610a6eae159c1e414f5677c4c4d,2026-03-15,basic,200,ok,1788446082
2f02c8fccb6bacb1c1eaf2ca00ad7484,2026-03-15,basic,200,ok,1788446082
4f18811b428fecdca57381c9a08e2ad8,2026-03-15,basic,400,http_400,1788446083
48c281e161d3eca16a0a0e0418555483,2026-03-15,basic,200,ok,1788446084
e96b94c360f93b33696eed0c8776e7c8,2026-03-15,basic,200,ok,1788446084
aefa01d3f2ac969d9f2c5ae6b7ffb248,2026-03-15,basic,200,ok,1788446085
cec62bdfdfe39ff25faabd8f9469afd5,2026-03-15,basic,200,ok,1788446085
daaf961d9aa23f66c0669a3d2ce8290aefe8d04e6d233bd35cf2fabdeb93fb0d,2026-03-15,basic,200,ok,1788446086
d20154727c6955718f207cf29f251675,2026-03-15,basic,200,ok,1788446087
d4d4941e3e1a4bc481f296a4d7c1bfec,2026-03-15,basic,200,empty,1788446087
8f6fd27155270d3232bd71494f851695efe8d04e6d233bd35cf2fabdeb93fb0d,2026-03-15,basic,200,ok,1788446088
f95f82811d285ef1ebc967a9797195c2efe8d04e6d233bd35cf2fabdeb93fb0d,2026-03-15,basic,200,ok,1788446089
b5ed035821e53dbd9bca07cf6eaf8950,2026-03-15,basic,200,ok,1788446089
564ef91ab28becc884e6457f9ca16ce0,2026-03-15,basic,200,ok,1788446090
f4b3fc9bb7a7fea1abb89c62a8430b6fefe8d04e6d233bd35cf2fabdeb93fb0d,2026-03-15,basic,200,empty,1788446090
f2c8f6f035055085a969f86f5b99847aaae77432709819edb959e1fd5d1d77b4,2026-03-15,basic,200,ok,1788446091
e55cd7ef4a443589d3cc2f343e1d38f3efe8d04e6d233bd35cf2fabdeb93fb0d,2026-03-15,basic,200,ok,1788446091
21008ce56ce8426bb5e2fbd3a1151ddb,2026-03-15,basic,200,ok,1788446092
4d391d1d0383e4ffa53855ce62a74afe,2026-03-15,basic,200,ok,1788446093
cff15c744c5378a9f67b65770fedf1a6,2026-03-15,basic,200,empty,1788446093
b7d48966f7bbefd1f51941f4fc9deee1,2026-03-15,basic,200,ok,1788446094
5f72b8de053e1d7784c9f2253c31f4f9,2026-03-15,basic,200,ok,1788446095
887978851251383753a2ed0aa36c4912efe8d04e6d233bd35cf2fabdeb93fb0d,2026-03-15,basic,200,ok,1788446095
76e1c2af562d1ee5a20c75575415d935,2026-03-15,basic,200,ok,1788446096
837f90f46222cf8edc4aef21c6999da0,2026-03-15,basic,200,ok,1788446096
ad32e36318a75d4540450855b4205c9cefe8d04e6d233bd35cf2fabdeb93fb0d,2026-03-15,basic,200,ok,1788446097
458d5a91325da9ab02d313bd238e5cd36fbb98200a15be5bcc73a64995849e9c,2026-03-15,basic,200,ok,1788446097
d14aa6441c5c18682feed130894556d9,2026-03-15,basic,200,ok,1788446098
605fb808539073a96c4206e7e640be77,2026-03-15,basic,200,ok,1788446099
3c905e938e84603bf78a5dfd8566cd4aefe8d04e6d233bd35cf2fabdeb93fb0d,2026-03-15,basic,200,ok,1788446099
8fc405d2ff4e3dc13a531883c1f83831,2026-03-15,basic,200,ok,1788446100
230f434897de7ed37192dd1f8e811ce2efe8d04e6d233bd35cf2fabdeb93fb0d,2026-03-15,basic,200,ok,1788446100
561ac52734a28d58392e210a2bc7bc6f,2026-03-15,basic,200,ok,1788446101
45860da093b54ddd88621df95efe047e,2026-03-15,basic,200,ok,1788446102
232d375b157c3bb4c2c8c38fff584609,2026-03-15,basic,200,ok,1788446102
985573f04f85b3501f50a356377c679886e68d4012202d0434d05f81868f68e3,2026-03-15,basic,200,ok,1788446103
6df41f003648956bfdb3b855f0bded1aefe8d04e6d233bd35cf2fabdeb93fb0d,2026-03-15,basic,200,ok,1788446103
13413cab8679be4b4b9c9d5f9dcc4198,2026-03-15,basic,200,empty,1788446104
2487b2e558897cc97e6d5f10217e32d3,2026-03-15,basic,200,ok,1788446105
1225dbe41fe7d56231ce514639b254f3,2026-03-15,basic,200,ok,1788446105
3109204070450b09995c17d411702ffb4723574b05820acf03e7ec3162ff5bed,2026-03-15,basic,200,ok,1788446106
ea94d75dbadee6e48d17f0ad6cc6e2f6,2026-03-15,basic,200,ok,1788446106
8a10ee6787855c9bd8f8985da5c581463663933da92e7566c55104ec9ac2894d,2026-03-15,basic,200,ok,1788446107
a806c3b534bf4b7b498776021fdbaf86a2186d8e7cf7a6ee152d97cc78f2ae8b,2026-03-15,basic,200,ok,1788446107
42364febfe159dfc1a680905afcb730aefe8d04e6d233bd35cf2fabdeb93fb0d,2026-03-15,basic,200,ok,1788446108
4b4295969515ca2f93b2011c33ba5dec,2026-03-15,basic,200,ok,1788446109
a08df997d21d71a4b574fa5848d5b6a8efe8d04e6d233bd35cf2fabdeb93fb0d,2026-03-15,basic,200,ok,1788446109
09f2320671bc1149dcedca17e0ea1a82,2026-03-15,basic,200,ok,1788446110
d8fde503a0c62bddda308b3e9a502432efe8d04e6d233bd35cf2fabdeb93fb0d,2026-03-15,basic,200,ok,1788446110
1c85171c1258f89e8bece5d659dcff79,2026-03-15,basic,200,ok,1788446111
bb1ea8dc46bb523f64aad2dde292d50cefe8d04e6d233bd35cf2fabdeb93fb0d,2026-03-15,basic,200,empty,1788446112
ba419f15d7ebb4696c57f7131f11a19f,2026-03-15,basic,200,ok,1788446112
320c46ce9369442c58356a8356491291efe8d04e6d233bd35cf2fabdeb93fb0d,2026-03-15,basic,200,ok,1788446113
aed59f313aca1957cce26cb72591dfc9,2026-03-15,basic,200,ok,1788446113
9e6623334e81ddd09df5f4f68a10a74de85e07f9d5d276f44440847eec04ba68,2026-03-15,basic,200,ok,1788446114
7a2e6e8f0e9ce0a6be16123f73d53866,2026-03-15,basic,200,ok,1788446115
67feb1b2e8a9d24bb0ef94009b8fc9c3,2026-03-15,basic,200,ok,1788446115
03464ce4fdc43166ce06b2f7a6b8c042efe8d04e6d233bd35cf2fabdeb93fb0d,2026-03-15,basic,200,ok,1788446116
3d071f1d01071392b85d8492892da839,2026-03-15,basic,200,ok,1788446117
04300c2eb4fb60c542d25ae9e16f406e86e68d4012202d0434d05f81868f68e3,2026-03-15,basic,200,empty,1788446117
f9e848284ba6645ab84607e606c60609efe8d04e6d233bd35cf2fabdeb93fb0d,2026-03-15,basic,400,http_400,1788446118
a167d738aad553e557e93f4bfa7816ed,2026-03-15,basic,200,empty,1788446118
3bfba48b518e5bb7247117742e759984,2026-03-15,basic,200,ok,1788446119
63e016b154aec58470d5091e9142e02eefe8d04e6d233bd35cf2fabdeb93fb0d,2026-03-15,basic,200,ok,1788446119
cae99911078c6fdbebd7163a09956a14efe8d04e6d233bd35cf2fabdeb93fb0d,2026-03-15,basic,200,ok,1788446120
cbc3bc70542c363fcad1cfc3e803f161,2026-03-15,basic,400,http_400,1788446120
d70101605764112cda93e2bd742fd4b6efe8d04e6d233bd35cf2fabdeb93fb0d,2026-03-15,basic,200,ok,1788446121
478d94813ab5ff62c54d06e04b2aa027,2026-03-15,basic,200,ok,1788446122
aafad8ba341907730aedc64b21273ed5,2026-03-15,basic,200,ok,1788446122
fbdca35b4a4ca4660da4028600c668d8e85e07f9d5d276f44440847eec04ba68,2026-03-15,basic,200,empty,1788446123
23c24b91787501cb8f38b861ef954724,2026-03-15,basic,200,empty,1788446123
c59bdd7c47d20c23da9e80e7a43915863663933da92e7566c55104ec9ac2894d,2026-03-15,basic,200,ok,1788446124
4fca895611997f23258575fb74970c4d,2026-03-15,basic,200,ok,1788446125
1d33b5e53752f1ee6293f21596f6f9eb,2026-03-15,basic,200,ok,1788446125
946a2b135345e00c961d884112dc5108efe8d04e6d233bd35cf2fabdeb93fb0d,2026-03-15,basic,200,ok,1788446126
d44387cfcb48ec7bbf0dce34375f83c1,2026-03-15,basic,200,ok,1788446126
0a489f2975b0b3f53f11e6fca3b212cb,2026-03-15,basic,200,ok,1788446127
1763b2cd320a3864418a00c8ee5118d4efe8d04e6d233bd35cf2fabdeb93fb0d,2026-03-15,basic,200,ok,1788446128
46e451194adf44697adb28adf76a51d8,2026-03-15,basic,200,empty,1788446128
d0d5a4b6a602efb651a650d440c6f5d6efe8d04e6d233bd35cf2fabdeb93fb0d,2026-03-15,basic,200,ok,1788446129
a9336c6a61ec00bc99cfa2aa8d344bd7efe8d04e6d233bd35cf2fabdeb93fb0d,2026-06-12,basic,200,ok,1788446129
5055ee612d264748dadd9bec460eb318,2026-06-12,basic,200,ok,1788446130
9e17c97e34b77b0861daf160292b8630c47ea5ffea2564f587ca830a8f71acb2,2026-06-12,basic,200,ok,1788446131
84cee694e5ac968b6e636aaedc36a8dd,2026-06-12,basic,200,ok,1788446131
c500db882240c418453aeab03da4cbfa,2026-06-12,basic,200,ok,1788446132
dee8cb06a0945f1afc27d385b2a4e3c5,2026-06-12,basic,200,ok,1788446133
c94a78c413af53221c21e40085618c1f,2026-06-12,basic,200,ok,1788446133
0ae099f30608483262951c3dc7ce60ceefe8d04e6d233bd35cf2fabdeb93fb0d,2026-06-12,basic,200,ok,1788446134
e03abbd5815c8c532f8cda629cd8c7ee,2026-06-12,basic,200,ok,1788446134
a0d914e7d32f907092022e125b22750e,2026-06-12,basic,200,ok,1788446135
d5f5cde782e2a2f78efe188d2f45f2de,2026-06-12,basic,200,ok,1788446135
9850bbadf4e657dcc576c8dd3cda4f00,2026-06-12,basic,200,ok,1788446136
034f0ae6a7632747d52578618232bf9eefe8d04e6d233bd35cf2fabdeb93fb0d,2026-06-12,basic,200,ok,1788446137
e1867cbb6dea38527b6c1b9c5e1e2ba9,2026-06-12,basic,200,ok,1788446137
2b197f345b6f1218ca31b8f4f8a66c6b,2026-06-12,basic,200,ok,1788446138
832a06fc6060a90018dc3ee36a13764d,2026-06-12,basic,200,ok,1788446139
2fae46848f423cce4cbbd45932cf86d7,2026-06-12,basic,200,ok,1788446139
18e5861b003a34489f19f9386491583b,2026-06-12,basic,200,ok,1788446140
6d8dd0b576114c242d3db2389f652b0b,2026-06-12,basic,200,ok,1788446140
debd8eaaff346b64408d17730a23a136,2026-06-12,basic,200,ok,1788446141
cd837f6ee3ece1300a75e6d48f716561,2026-06-12,basic,200,ok,1788446142
52daed165f4a329948e7ae71d2f4c4ee,2026-06-12,basic,200,ok,1788446142
6bad1e8cf7cf14ef7df1599bbe0b74e2efe8d04e6d233bd35cf2fabdeb93fb0d,2026-06-12,basic,200,ok,1788446143
f4bf249c82abe7c97e7109dc6edbdc96,2026-06-12,basic,200,ok,1788446143
d1ac9d19a59d601ea8b8b103e75afbb0efe8d04e6d233bd35cf2fabdeb93fb0d,2026-06-12,basic,400,http_400,1788446144
1b2d5fc62e47cc1e1a7bb513870c6cc7,2026-06-12,basic,200,ok,1788446145
a1091cf6b557c0143117c22415dc77eb,2026-06-12,basic,200,ok,1788446145
ea7cf12ae97f186a2539e2f78facf9b2efe8d04e6d233bd35cf2fabdeb93fb0d,2026-06-12,basic,200,ok,1788446146
89c9a3acd17698edd52c4bcbc7023988,2026-06-12,basic,200,ok,1788446147
8a0708286b479aaf6798fa54ce4dac60efe8d04e6d233bd35cf2fabdeb93fb0d,2026-06-12,basic,200,ok,1788446147
72eb9c4b63242af14686d45d22c76c0defe8d04e6d233bd35cf2fabdeb93fb0d,2026-06-12,basic,200,ok,1788446148
41b6b75b800cd56d7efd731bd6fef3b6efe8d04e6d233bd35cf2fabdeb93fb0d,2026-06-12,basic,200,ok,1788446149
3086befe80c3854a79a028f35fa8d3cdefe8d04e6d233bd35cf2fabdeb93fb0d,2026-06-12,basic,200,ok,1788446149
6b1a14be4380cf7d778517123b0ca0cd,2026-06-12,basic,200,ok,1788446150
7e82aa4f36c20de931e0efbe2edf7afc,2026-06-12,basic,200,ok,1788446151
305ed6903dd6dd7e17bf6814fcbbad17,2026-06-12,basic,200,ok,1788446151
a0d22d0ce4d0b10d0d60127926071f76efe8d04e6d233bd35cf2fabdeb93fb0d,2026-06-12,basic,200,empty,1788446152
5af5542896e8285856f060495fa65988,2026-06-12,basic,200,ok,1788446152
08d9141a208b75e2bb96eec379e30761,2026-06-12,basic,200,ok,1788446153
ddbe488c41e5a6c7125341477688ccb1,2026-06-12,basic,200,ok,1788446154
1477ca4a945ce2ea3550bf7674101518efe8d04e6d233bd35cf2fabdeb93fb0d,2026-06-12,basic,200,ok,1788446154
5bbb424bcbeecdff87dfbda3c7733644,2026-06-12,basic,200,ok,1788446155
4ac81086ec4ece1a2b937c935fc7153f,2026-06-12,basic,200,ok,1788446155
5c8dec6a0d4bdf49a4d8c9b4e94247f4,2026-06-12,basic,200,ok,1788446156
ef19abd0ca30b8c2a75e6c27d898f069,2026-06-12,basic,200,ok,1788446157
b9e43600a0a5d468bb5cfc953a862810,2026-06-12,basic,200,ok,1788446157
6be6aa6921c9a498bcd0825e528f9770,2026-06-12,basic,200,ok,1788446158
e6baed67181d531851511b3e5080e28a86e68d4012202d0434d05f81868f68e3,2026-06-12,basic,200,ok,1788446159
afc5c75344d5c83c768697afa0e99c4c,2026-06-12,basic,200,ok,1788446159
4a14a6ced7a77b7228fa025ca4def144efe8d04e6d233bd35cf2fabdeb93fb0d,2026-06-12,basic,200,ok,1788446160
2438eebf18619d2eb88e9292089445ca,2026-06-12,basic,200,ok,1788446160
d4adeb700a7c3b553c402e4f391d1754efe8d04e6d233bd35cf2fabdeb93fb0d,2026-06-12,basic,200,ok,1788446161
8140fd3a2e2ccae8a0fd8b6fe75d9ac0efe8d04e6d233bd35cf2fabdeb93fb0d,2026-06-12,basic,200,ok,1788446162
dfd1264f72ae58d6c0b5222a9d17dbcf,2026-06-12,basic,200,ok,1788446162
cfc46ad7781122698e23b88dc57846c6,2026-06-12,basic,200,ok,1788446163
0dcaec2cb03a51a72e626e390fc45e49,2026-06-12,basic,200,ok,1788446164
910f746cfcf665cf4c4bb4efc84c0eeb,2026-06-12,basic,200,ok,1788446164
c8db12052496f509ec973925f5ba4776aae77432709819edb959e1fd5d1d77b4,2026-06-12,basic,200,ok,1788446165
2eb9cc3de8dfdfe726934f0374e6d4e8,2026-06-12,basic,200,ok,1788446165
524261774c370f5d801d0718f32916effd842dab14be2a956555625b37c97bff,2026-06-12,basic,200,ok,1788446166
cc6f1c896e6eb559e093698dd04a8f1d,2026-06-12,basic,200,ok,1788446166
a8a9876ab47d1a692f33386d5e3a43a7c47ea5ffea2564f587ca830a8f71acb2,2026-06-12,basic,200,ok,1788446167
2700a923cd81db84aade40961caa0ce9,2026-06-12,basic,200,ok,1788446168
0de0846e5ec5afa57e2519cc32437b45,2026-06-12,basic,200,ok,1788446168
d281b142d2442a2b44be7077f47f8065,2026-06-12,basic,200,ok,1788446169
f55450faaa9eb0208142e444d433c985efe8d04e6d233bd35cf2fabdeb93fb0d,2026-06-12,basic,200,ok,1788446170
b6c6b3ffdea70b5d852dff4fe6360802efe8d04e6d233bd35cf2fabdeb93fb0d,2026-06-12,basic,200,ok,1788446170
7932b6c1753f8d918db9139dac534ab4,2026-06-12,basic,200,ok,1788446171
47b23ba7ede04582e22713c5ef88cc9fefe8d04e6d233bd35cf2fabdeb93fb0d,2026-06-12,basic,200,ok,1788446171
e6a7e5527099dbbe9e3d8e23297c75ef,2026-06-12,basic,200,ok,1788446172
f5886b19dde98d9324b1db89407220ec,2026-06-12,basic,200,ok,1788446173
46c07212fc25a60ef3bc02c5489c79f5,2026-06-12,basic,200,ok,1788446173
98ba0957cb9db0b8310972174d65cb3a,2026-06-12,basic,200,ok,1788446174
039f55d699c00693471aad0d30a23991,2026-06-12,basic,200,ok,1788446174
7414e5aaedc601e8e7ef5a3beb9287d5,2026-06-12,basic,200,ok,1788446175
ac25fc71bfd0966457af76cc2077fe886fbb98200a15be5bcc73a64995849e9c,2026-06-12,basic,200,ok,1788446176
4927a817cdd994016bcd144cfb19d0b7efe8d04e6d233bd35cf2fabdeb93fb0d,2026-06-12,basic,200,ok,1788446176
b971fbb483bc7cc8d11a911453e8c9e3,2026-06-12,basic,200,ok,1788446177
f77f1d8ec8a7e69b76ac2db3e542db59efe8d04e6d233bd35cf2fabdeb93fb0d,2026-06-12,basic,200,ok,1788446178
f666337dfa2f027d822b94fce71ad0ce,2026-06-12,basic,200,ok,1788446178
b838e7be91c49feba88248385407110e,2026-06-12,basic,200,ok,1788446179
237fbe6a235681f7f4c1b57dfcb6b7f8fd842dab14be2a956555625b37c97bff,2026-06-12,basic,200,ok,1788446179
832e0158336b6fb42d53dcf5c5d9bf4c,2026-06-12,basic,200,ok,1788446180
633428fc8555a94131b3ca87bb5878caefe8d04e6d233bd35cf2fabdeb93fb0d,2026-06-12,basic,200,ok,1788446181
ea133f185dc297d92324ff2732064e89,2026-06-12,basic,200,ok,1788446181
a50ede2537d8ee2dd911a2b66a05ec90,2026-06-12,basic,200,ok,1788446182
4334d56d7cce33567862762e6bcc11a5,2026-06-12,basic,200,ok,1788446182
a324ab06228cd71851def39f47053d15,2026-06-12,basic,200,ok,1788446183
03f43f04516294208cad4eb8c7c6db32efe8d04e6d233bd35cf2fabdeb93fb0d,2026-06-12,basic,200,ok,1788446184
75980277e4b27b4d36f053ada6f175a7,2026-06-12,basic,200,ok,1788446184
6fe4d4e5e4bd5dd80af7d2f955fc93dd,2026-06-12,basic,200,ok,1788446185
ee0839f101af4bd06907b683e9f3a2298295750b1f4857867454debc45ec9c8a,2026-06-12,basic,200,ok,1788446185
27797175aa8eb36fad7533f935f3e4a8,2026-06-12,basic,200,ok,1788446186
4f50335da029324c481ee48cb0d5bd02efe8d04e6d233bd35cf2fabdeb93fb0d,2026-06-12,basic,200,ok,1788446187
2883a7a28f3c74f76bf854c1e5d5dc96efe8d04e6d233bd35cf2fabdeb93fb0d,2026-06-12,basic,200,ok,1788446187
e686660d483b2a763da1fd4bf01e3c68,2026-06-12,basic,200,ok,1788446188
394c36457ad8cca27f6614d29c1ce5ad,2026-06-12,basic,200,ok,1788446188
7ab3b5065eb6957f6f81bd1099990ff5,2026-06-12,basic,200,ok,1788446189
35fa353783e5df1b3c8139649c215fb6,2026-06-12,basic,200,ok,1788446190
283e8ff05be91901b45058fb581d5c23,2026-06-12,basic,200,ok,1788446190
8bef66eb3aff254c1de0fb96f98a8097,2026-06-12,basic,200,ok,1788446191
9ed094d3c58934e6346b04f4bd91aeba,2026-06-12,basic,200,ok,1788446191
7d41d32f5f8616ad2a4c3799ad0702c7,2026-06-12,basic,200,ok,1788446192
8bf985315b4d42f6ec3645184f8f5fa2,2026-06-12,basic,200,ok,1788446192
d188a68a2af5477c2ad82a3d7177880cefe8d04e6d233bd35cf2fabdeb93fb0d,2026-06-12,basic,200,ok,1788446193
1909b188015b35952643008ab422587b,2026-06-12,basic,200,ok,1788446194
103a9290d5493a904447b49780010a43,2026-06-12,basic,200,ok,1788446194
69f23d1fd1e4f77b9e6cb77dcf3850ad,2026-06-12,basic,200,ok,1788446195
560025f8412dfe6e7b3606010cfbd791efe8d04e6d233bd35cf2fabdeb93fb0d,2026-06-12,basic,200,ok,1788446196
c5d8654fa1d01fcb7071d008f1269c1aa2186d8e7cf7a6ee152d97cc78f2ae8b,2026-06-12,basic,200,ok,1788446196
f5f7368e707ac50d860ab63f2f062f3eefe8d04e6d233bd35cf2fabdeb93fb0d,2026-06-12,basic,200,ok,1788446197
a0bf5b435e356d0550d30a64984767e986e68d4012202d0434d05f81868f68e3,2026-06-12,basic,200,ok,1788446197
0d692d847ac4040cff524468eaeba2bc,2026-06-12,basic,200,ok,1788446198
8e296050312b9da2be6c511e7267aa00,2026-06-12,basic,200,ok,1788446199
25594b2b03c528a394beb3bd6d37f20d,2026-06-12,basic,200,ok,1788446199
8879d022d925eaaa5d742f6955dfb2baefe8d04e6d233bd35cf2fabdeb93fb0d,2026-06-12,basic,200,ok,1788446200
0d7de64314fee45783a50d460e13765d,2026-06-12,basic,200,ok,1788446200
207b654b7b0eb4f15f7823b99c790488,2026-06-12,basic,200,ok,1788446201
5aa322ecf775df0f0d0a1785ed537400,2026-06-12,basic,200,ok,1788446202
4fbcf88de79931925efea43ae077f0d0,2026-06-12,basic,200,ok,1788446202
7bac2a411c28391f7349d5b23f882757,2026-06-12,basic,200,ok,1788446203
feea0a533b1fbba92b1705d833c0733b6fbb98200a15be5bcc73a64995849e9c,2026-06-12,basic,200,ok,1788446203
1c33cdd2293dfed1e11ac41f340e5a0d,2026-06-12,basic,200,ok,1788446204
1c11aa776bfc404edaf6c7cc7e39147f,2026-06-12,basic,200,ok,1788446205
5eea6b5eda45e96c46cd0fcb7e0ec025,2026-06-12,basic,200,ok,1788446205
23ff7efda02c235e6456a933c811657c,2026-06-12,basic,200,ok,1788446206
60c1c9d80edc4a83534f63e155f69627efe8d04e6d233bd35cf2fabdeb93fb0d,2026-06-12,basic,200,ok,1788446206
a9dbc7d16754be8d4006c48d3ff9c5f0efe8d04e6d233bd35cf2fabdeb93fb0d,2026-06-12,basic,200,ok,1788446207
9af55904fc723277aa48af6b166ea1d4,2026-06-12,basic,200,ok,1788446208
be50c466d88e99674713904f4b85f29c,2026-06-12,basic,200,ok,1788446208
81be2643e7ba27a62b1c4cab3005f7db,2026-06-12,basic,200,ok,1788446209
46b8420f8f9678f463e9ca90b7c3e725efe8d04e6d233bd35cf2fabdeb93fb0d,2026-06-12,basic,200,ok,1788446209
dd72f9456a6538060f7ce5351667b8dc,2026-06-12,basic,200,ok,1788446210
efebbdf14a27849de34478e4b411b771,2026-06-12,basic,200,ok,1788446211
9598a7330e2a29d79606848ce8b6d438,2026-06-12,basic,200,ok,1788446211
027351da545abd3102cee3f83aaaf227,2026-06-12,basic,200,ok,1788446212
dfcc25839683fda724425cbb2904e81a,2026-06-12,basic,200,ok,1788446213
0cb779fb0a69e1c7805cc510e7db7e8c,2026-06-12,basic,200,ok,1788446213
b64ff7432fcfa5788d2ef49de5a07b62,2026-06-12,basic,200,ok,1788446214
fd07f0c4b4c688e86806dff8a07b4a63,2026-06-12,basic,200,ok,1788446214
2463070cf0bd6903381fc3d65accffe9efe8d04e6d233bd35cf2fabdeb93fb0d,2026-06-12,basic,200,ok,1788446215
47eedd77817d10cb1f9d04f490504af3,2026-06-12,basic,200,ok,1788446216
2cd3f2f3e6ec7dd2b2be13f77fa7865b,2026-06-12,basic,200,ok,1788446216
5efea7c0f18d46ec7f45e77eef3a6504,2026-06-12,basic,200,ok,1788446217
036eedb16b895263dc9bcecc345222a64723574b05820acf03e7ec3162ff5bed,2026-06-12,basic,200,ok,1788446218
90f39ae96b0f0673ff7a28f3331880cc,2026-06-12,basic,200,ok,1788446218
59c69a8fe644da4fbf77df9f9312aff3a2186d8e7cf7a6ee152d97cc78f2ae8b,2026-06-12,basic,200,ok,1788446219
a9a710df3524cf4767e4b927bd19f5c3efe8d04e6d233bd35cf2fabdeb93fb0d,2026-06-12,basic,200,ok,1788446219
b0921cf02c5fce834eee4da76b25d809,2026-06-12,basic,200,ok,1788446220
630bcdbe0858d96fc5ddda08bc14185d,2026-06-12,basic,200,ok,1788446221
dd0969b9e6f75003eaa8654133d11a2d,2026-06-12,basic,200,ok,1788446221
7d9b8d69676d497f96f9f05ab9c2e898,2026-06-12,basic,200,ok,1788446222
9bd4857ed93b82a6da3754ff2e4ceeafe85e07f9d5d276f44440847eec04ba68,2026-06-12,basic,200,ok,1788446223
b12e4d7f20f9b5ce7d07470d73791e05,2026-06-12,basic,200,ok,1788446223
cae3459af6c129c4b90b3e08a5e786ac,2026-06-12,basic,200,ok,1788446224
9b8b8e11ddcf8832ed83decc248a61bc,2026-06-12,basic,200,ok,1788446224
c364d519dbb06fb17e6365e131719664,2026-06-12,basic,200,ok,1788446225
13ea989ed152eaf3d1dfb13338d0b998,2026-06-12,basic,200,ok,1788446226
cfc2bb37c4e8dcf7100668e9bc090074efe8d04e6d233bd35cf2fabdeb93fb0d,2026-06-12,basic,200,ok,1788446226
811ca7351540d010b63e255977de53c3,2026-06-12,basic,200,ok,1788446227
35cc010bcfdd6b0c3c420561b2a365f5,2026-06-12,basic,200,ok,1788446227
54ed5a149e2481827417a9723960d17befe8d04e6d233bd35cf2fabdeb93fb0d,2026-06-12,basic,200,ok,1788446228
c2794ac88499c283bda46f876d85592eefe8d04e6d233bd35cf2fabdeb93fb0d,2026-06-12,basic,200,ok,1788446229
5158814f33211af898e9d0a4a806c7b3,2026-06-12,basic,200,ok,1788446229
f28877b2f1bdb62c1d4b2d8a99e4a79c,2026-06-12,basic,200,ok,1788446230
f0d4313eb1a7c3e16068a7ba0bc5eb8e,2026-06-12,basic,200,ok,1788446231
b80f96f8d00be8363e3f6c64d2b89e6defe8d04e6d233bd35cf2fabdeb93fb0d,2026-06-12,basic,200,ok,1788446231
73a0cae4c574f5c3204a9b6e1622c857efe8d04e6d233bd35cf2fabdeb93fb0d,2026-06-12,basic,200,ok,1788446232
4b384b27b558b42f63a1f11f8f071f49,2026-06-12,basic,200,ok,1788446232
4a9f5124a6eca36be6971b6d63054d17,2026-06-12,basic,200,ok,1788446233
e8fc701e3cdf3cc074a6e850cda11f69efe8d04e6d233bd35cf2fabdeb93fb0d,2026-06-12,basic,200,ok,1788446234
6bca448fe48ca75d1fece04eff4801e2,2026-06-12,basic,200,ok,1788446234
55e8e07a6a2e8dc63ca86a5a78ede857,2026-06-12,basic,200,ok,1788446235
69c3f618b6395e3cfa5ceeddcf10fe63,2026-06-12,basic,200,ok,1788446236
061aadf23d8356eab3b5cca9c46ce47eefe8d04e6d233bd35cf2fabdeb93fb0d,2026-06-12,basic,200,ok,1788446236
464e3faff406d27d72f00071aa1106de,2026-06-12,basic,200,ok,1788446237
266a1f7f1a8b5e42721635dd7d7ab55e,2026-06-12,basic,200,ok,1788446238
3fd53f5b98793cb97d5c6b1c0699b307,2026-06-12,basic,200,ok,1788446238
ea3bb05e77fa1160cfc4e295f76eb61b,2026-06-12,basic,200,ok,1788446239
84ee22ae1e81a51fa5eeafe6b288d1de,2026-06-12,basic,200,ok,1788446240
cb50614545b8a3222bea20cbfa01f4dfefe8d04e6d233bd35cf2fabdeb93fb0d,2026-06-12,basic,200,ok,1788446240
fd5580cef43307a87a5207b6ee9f806f,2026-06-12,basic,200,ok,1788446241
392f79ad92d9734d0606606ba41768b2,2026-06-12,basic,200,ok,1788446241
2381cc1f078b5284a9349d6bf4184d1486e68d4012202d0434d05f81868f68e3,2026-06-12,basic,200,ok,1788446242
828dbf2b30b025eab3d39b57b065205b,2026-06-12,basic,200,ok,1788446243
911dc910e299fb5505bfc67e0c3108beefe8d04e6d233bd35cf2fabdeb93fb0d,2026-06-12,basic,200,ok,1788446243
5231b060d8a4de49430bc4e417d5eb11,2026-06-12,basic,200,ok,1788446244
caf62b0da4e2a8262f7fcab1ee02fd76,2026-06-12,basic,200,ok,1788446245
e737dc96d9c0ee45e2aaebe17e4512dfefe8d04e6d233bd35cf2fabdeb93fb0d,2026-06-12,basic,200,ok,1788446245
8d3b47cad2142ff9ca1db602a1daf8e9,2026-06-12,basic,200,ok,1788446246
7e0bff67b1c69891cb581eac7c9d2ca6,2026-06-12,basic,200,ok,1788446246
32ba79f01ee8c8c5d879c19763f4863f,2026-06-12,basic,200,ok,1788446247
10f2408ad42697f5b75ba74d65e180538295750b1f4857867454debc45ec9c8a,2026-06-12,basic,200,ok,1788446248
56192f43b1997b39e865d4523607e1dd,2026-06-12,basic,200,ok,1788446248
735d90468da89f5e78fa510fdc2f80ccefe8d04e6d233bd35cf2fabdeb93fb0d,2026-06-12,basic,200,ok,1788446249
2429956f6142a3b473edde2cc96af27d,2026-06-12,basic,200,ok,1788446250
cb101b65ee0e5bc06bf046ed1d47059e,2026-06-12,basic,200,ok,1788446250
079d679a898ce79452755e9d8b6d84ef,2026-06-12,basic,200,ok,1788446251
8fe9d2efda1061c247ec5156fab68d1cefe8d04e6d233bd35cf2fabdeb93fb0d,2026-06-12,basic,200,ok,1788446252
783b3d264c9d11c5e2ad8bca16109c80,2026-06-12,basic,200,ok,1788446252
7044a88de535c0a0fee68cfa02f8ca4b,2026-06-12,basic,200,ok,1788446253
7e3780b4c672a5f03b4396997df1b4dc,2026-06-12,basic,200,ok,1788446253
47b699fd6eb43129f6152b7231c80adb,2026-06-12,basic,200,ok,1788446254
bb65e6f68ccb111da5109058cd61db6c,2026-06-12,basic,200,ok,1788446255
be916ef11b454c762dbf089801eebe96efe8d04e6d233bd35cf2fabdeb93fb0d,2026-06-12,basic,200,ok,1788446255
3631a142bdffd59e647a6eb1cdb62d05,2026-06-12,basic,200,ok,1788446256
ad2ffa871ca2aeffaa0abcd214938cb4efe8d04e6d233bd35cf2fabdeb93fb0d,2026-06-12,basic,200,ok,1788446256
921cb96d14020da523585779250d0935,2026-06-12,basic,200,ok,1788446257
62f1f6acbc1eefeb0e52cf47bea89c6be85e07f9d5d276f44440847eec04ba68,2026-06-12,basic,200,ok,1788446258
414862916602637078e860443c4b7c81efe8d04e6d233bd35cf2fabdeb93fb0d,2026-06-12,basic,200,ok,1788446258
086b3d604195aca55b9fed471079c467,2026-06-12,basic,200,ok,1788446259
ce26de8fcb2cf06ffadb656af94ca5c7efe8d04e6d233bd35cf2fabdeb93fb0d,2026-06-12,basic,200,ok,1788446260
ccb1b4d802c1ccb1de0f70dd6cb706d6,2026-06-12,basic,200,ok,1788446260
57140741bb086af27970c442c6d517b6,2026-06-12,basic,200,ok,1788446261
fc8b81972cb2a3ebcef3850972fdba1a,2026-06-12,basic,200,ok,1788446262
bebbb6945a6113697f703a9480117931,2026-06-12,basic,200,ok,1788446262
abc9d6a50e8ababca205314cabe1bcda,2026-06-12,basic,200,ok,1788446263
8095308283cd6357e82848e305ed0586,2026-06-12,basic,200,ok,1788446263
33b6258cfe2406701c39df7004eae5e0,2026-06-12,basic,200,ok,1788446264
0e909d3dcec7f1f55d0387302c54b94f,2026-06-12,basic,200,ok,1788446265
32dc3e347023052e55202ac9043ff1d2,2026-06-12,basic,200,ok,1788446265
74a440f76bf65fe6356dcad2b4ed80cf,2026-06-12,basic,200,ok,1788446266
faf059742471b4531fb786b60f07fb17,2026-06-12,basic,200,ok,1788446267
aa80333639ef2a80ced8be5412b978e1,2026-06-12,basic,200,ok,1788446267
ac4167970d28efe1e3133878afbd43da,2026-06-12,basic,200,ok,1788446268
34781c24f998d7e2ac73c9f5cf9047c8e85e07f9d5d276f44440847eec04ba68,2026-06-12,basic,200,ok,1788446268
02ba1a151a05df6395e40fb6b0162644,2026-06-12,basic,200,ok,1788446269
4191f13e7f2eb8ef7af490080dc0fbb0,2026-06-12,basic,200,ok,1788446270
f4101031a0d9101305fa1dda72834c85,2026-06-12,basic,200,ok,1788446270
261156f1c9847a1ba6771b705966e467efe8d04e6d233bd35cf2fabdeb93fb0d,2026-06-12,basic,200,ok,1788446271
e9f347590a2e6677f04c9e80b6199ffaefe8d04e6d233bd35cf2fabdeb93fb0d,2026-06-12,basic,200,ok,1788446271
2391e8799a822c17a76d7284ddfe9d65,2026-06-12,basic,200,ok,1788446272
e3883a48a4174b566c644b4a6aabb791,2026-06-12,basic,200,ok,1788446273
8a621dd77730790e250a662c0af31aa4,2026-06-12,basic,200,ok,1788446273
c3397347898c8445afa71f0a30912599efe8d04e6d233bd35cf2fabdeb93fb0d,2026-06-12,basic,200,ok,1788446274
4dafa2299aa67a9f1b0499e03b113e7d,2026-06-12,basic,200,ok,1788446275
663de86654fad0dfd8347de7fae7c98aefe8d04e6d233bd35cf2fabdeb93fb0d,2026-06-12,basic,200,ok,1788446275
348332bad2b8e73aeb5874aaa9b37d5886e68d4012202d0434d05f81868f68e3,2026-06-12,basic,200,ok,1788446276
477a3806b1ef8c0908f64e17a6209f80,2026-06-12,basic,200,ok,1788446276
8a2a7342bece01ae520075eeacfd7119efe8d04e6d233bd35cf2fabdeb93fb0d,2026-06-12,basic,200,ok,1788446277
8dec3a401e604d54e2b3e0455fda017befe8d04e6d233bd35cf2fabdeb93fb0d,2026-06-12,basic,200,ok,1788446278
c0ffc013c6d76e2e9427e5fe3a8f3e3c,2026-06-12,basic,200,ok,1788446278
7b5259eee93655002a88ee05119b5a90,2026-06-12,basic,200,ok,1788446279
dc41cd414377e6f3701a7e14f2682383efe8d04e6d233bd35cf2fabdeb93fb0d,2026-06-12,basic,200,ok,1788446279
7acd99f8d3c69bdbd6a0adedce2d4d4aefe8d04e6d233bd35cf2fabdeb93fb0d,2026-06-12,basic,200,ok,1788446280
ada4022f65aec6a3904972cd247cb3ed,2026-06-12,basic,200,ok,1788446281
8ece79ea6cf6b606c3b44a0859c7a0be,2026-06-12,basic,200,ok,1788446281
75d9e3fa70e41d9ecfa6f1ddaa80c5d0efe8d04e6d233bd35cf2fabdeb93fb0d,2026-06-12,basic,200,ok,1788446282
83190c84354df57d08ac29b71d0aea3fc47ea5ffea2564f587ca830a8f71acb2,2026-06-12,basic,200,ok,1788446282
aa3b445593c0d351264d411cdf0a807e,2026-06-12,basic,200,ok,1788446283
d71497b7485f3bc3bd6b9d6970c288a9,2026-06-12,basic,200,ok,1788446284
9c0a84d8b1e210f46a769190e20c1d1c,2026-06-12,basic,200,ok,1788446284
16ef2538bfeb496243de442d54d2ff3f,2026-06-12,basic,200,ok,1788446285
af1ab2c67d778da8a4099c6d00109bac,2026-06-12,basic,200,ok,1788446285
0bcf23ebce5233d865607af62f96708486e68d4012202d0434d05f81868f68e3,2026-06-12,basic,200,ok,1788446286
54a773563e2d495f1a07dae4ce8fb02a,2026-06-12,basic,200,ok,1788446287
98b23d2e2c7095f96a41d1c16ee97c1d,2026-06-12,basic,200,ok,1788446287
1a954b4f1d6ca4edf3ad111431d62514efe8d04e6d233bd35cf2fabdeb93fb0d,2026-06-12,basic,200,ok,1788446288
592c1382ece7947ca200b75f42f774eeefe8d04e6d233bd35cf2fabdeb93fb0d,2026-06-12,basic,200,ok,1788446288
75825776cb7a2cb5eebb879c4ebafdac,2026-06-12,basic,200,ok,1788446289
dc725ccdc580f17f25c340f6005df4dc,2026-06-12,basic,200,ok,1788446290
9d5044211e5316eac6de0df0e865c32c,2026-06-12,basic,200,ok,1788446290
3f5095689a598cf216b0a6cd667d21a3e85e07f9d5d276f44440847eec04ba68,2026-06-12,basic,200,ok,1788446291
130298362394149ba88de76af6c6fe70,2026-06-12,basic,200,ok,1788446291
3af56a8613d6b5d44fe57f67b3d2c311efe8d04e6d233bd35cf2fabdeb93fb0d,2026-06-12,basic,200,ok,1788446292
a9ef743df8b2ba6c7c896ecd3a1752d9,2026-06-12,basic,200,ok,1788446293
0b54c763760496b844e5a1dc13f62875,2026-06-12,basic,200,ok,1788446293
6b2aa789f14a6d9b30982289507dc1bc,2026-06-12,basic,200,ok,1788446294
b9909455709349657c4ab24400262213,2026-06-12,basic,200,ok,1788446294
9842109802903e6c5a56ad969eb5ffbaefe8d04e6d233bd35cf2fabdeb93fb0d,2026-06-12,basic,200,ok,1788446295
7bff6e1d892ac4e73e8d99138235b2be,2026-06-12,basic,200,ok,1788446296
de2652dd5e4bb16a3474e2d7af13bc14,2026-06-12,basic,200,ok,1788446296
acc0e0b0357fbf56857b891e31d23894,2026-06-12,basic,200,ok,1788446297
6d978b338ef9a295bd0430c1b5367853efe8d04e6d233bd35cf2fabdeb93fb0d,2026-06-12,basic,200,ok,1788446297
920e7e7d6e0aaaf2c4fb90c6158074ee,2026-06-12,basic,200,ok,1788446298
ad9f8440907cd22bb3d81ff30d9926fa,2026-06-12,basic,200,ok,1788446299
e6461cdd6fb745abae8b04259f0964c3efe8d04e6d233bd35cf2fabdeb93fb0d,2026-06-12,basic,200,ok,1788446299
4a634a440954e8bc520fa11bdd0cbd6aefe8d04e6d233bd35cf2fabdeb93fb0d,2026-06-12,basic,200,ok,1788446300
88e4009d06b8426bdce140efbc0847a0,2026-06-12,basic,200,ok,1788446301
95fd5bf06a4f67d1f71b813276158b2da2186d8e7cf7a6ee152d97cc78f2ae8b,2026-06-12,basic,200,ok,1788446301
c3299c3da9ca05f4b102fd77c22b46e5,2026-06-12,basic,200,ok,1788446302
74df32f2f51fe39bba8709adf607e38c,2026-06-12,basic,200,ok,1788446302
4e00cb0a2cce226fa48e2b888bab185c,2026-06-12,basic,200,ok,1788446303
7da22dcbadb3fa4d064bfa1ba7bf5be0,2026-06-12,basic,200,ok,1788446304
653c0cd86f764c7c4bec6c84fd260af6,2026-06-12,basic,200,ok,1788446304
ada9c25850509c47e4277fe1ea7e0821,2026-06-12,basic,200,ok,1788446305
62034f8c946978e2a32e65df5f495b15,2026-06-12,basic,200,ok,1788446305
083447a959a0fd8bfa78cd5398bc9e4e,2026-06-12,basic,200,ok,1788446306
4ee9695f993bcbb509f993c6e4df9f61,2026-06-12,basic,200,ok,1788446307
b01009e86b92c31cf6bcdd624a86dae7,2026-06-12,basic,200,ok,1788446307
489e1713e76e675c5c092437c23e414fefe8d04e6d233bd35cf2fabdeb93fb0d,2026-06-12,basic,200,ok,1788446308
0be1b6381dc0cf344cd8a118afbe8200,2026-06-12,basic,200,ok,1788446308
757170506cc40e28b1415d1cd8fce3e9efe8d04e6d233bd35cf2fabdeb93fb0d,2026-06-12,basic,200,ok,1788446309
21b9d56e2fb82146c3bdc787279cd99e,2026-06-12,basic,200,ok,1788446310
346fc906e925cf1a0e47407f8d058bc0efe8d04e6d233bd35cf2fabdeb93fb0d,2026-06-12,basic,200,ok,1788446310
18d28330a87926123e8ec7480804f0fb,2026-06-12,basic,200,ok,1788446311
25b104008299a51ca829f3d2885bf10defe8d04e6d233bd35cf2fabdeb93fb0d,2026-06-12,basic,200,ok,1788446311
d108726fed653113753431ee3c14cbcd6fbb98200a15be5bcc73a64995849e9c,2026-06-12,basic,200,ok,1788446312
8d122603cc2db91e6207422778417b75efe8d04e6d233bd35cf2fabdeb93fb0d,2026-06-12,basic,200,ok,1788446312
1c928c2b422c856c9299466ae78bb20fefe8d04e6d233bd35cf2fabdeb93fb0d,2026-06-12,basic,200,ok,1788446313
9cf2f2064d06a649928299298b425725,2026-06-12,basic,200,ok,1788446314
770d499316e1306b2dea46a622ef177b,2026-06-12,basic,200,ok,1788446314
7b2afe6b142ae59d8a2cda9eda5b4e7ce85e07f9d5d276f44440847eec04ba68,2026-06-12,basic,200,ok,1788446315
0fc562e3f41f92d8b7f6ac2d5835442e,2026-06-12,basic,200,ok,1788446316
0f653208492afed632d778d5c5f8e959,2026-06-12,basic,200,ok,1788446316
ecb8df5258c0b45f8417ddec096ea621efe8d04e6d233bd35cf2fabdeb93fb0d,2026-06-12,basic,200,ok,1788446317
e795f9fd8a1f2b14069301a88e88cde1,2026-06-12,basic,200,ok,1788446318
3b0d0f682f1fcaa3221799be6ff0b198efe8d04e6d233bd35cf2fabdeb93fb0d,2026-06-12,basic,200,ok,1788446318
de3d9850f568b7ec97148bc3f1423de9,2026-06-12,basic,200,ok,1788446319
5f779bea0f4e019a5a9571d7edf81ad8,2026-06-12,basic,200,ok,1788446319
0818d14338c6233658b47a621cf170ce,2026-06-12,basic,200,ok,1788446320
75870a6708e21dea0c4c4b6c07abd431,2026-06-12,basic,200,ok,1788446321
edeecb5bc4974dc8a8f61156de921ec7,2026-06-12,basic,200,ok,1788446321
b8af1a71e6f1b79b1333dfe90ca8eb46,2026-06-12,basic,200,ok,1788446322
6601d0a23b78446ffdaaf372e9f2ddda,2026-06-12,basic,200,ok,1788446322
b16609eeea0b4070a9e34cbf3dfa89676fbb98200a15be5bcc73a64995849e9c,2026-06-12,basic,200,ok,1788446323
c985316424c571bf1a5d9d13ab3aa7d4efe8d04e6d233bd35cf2fabdeb93fb0d,2026-06-12,basic,200,ok,1788446324
9ed67ef8c429ba060d68291226aff039,2026-06-12,basic,200,ok,1788446324
b18a8e0b8730f74f89c259e77f991a41efe8d04e6d233bd35cf2fabdeb93fb0d,2026-06-12,basic,200,ok,1788446325
5408997c91378583b287dee997d0f141c47ea5ffea2564f587ca830a8f71acb2,2026-06-12,basic,200,ok,1788446325
11aa0fce047d41987cc21c8b5dce2d19,2026-06-12,basic,200,ok,1788446326
279344b0d6640640fc4f804ebe518a63,2026-06-12,basic,200,ok,1788446327
259f69624e2004d426646ef57dd48215,2026-06-12,basic,200,ok,1788446327
54b2719a4e5402ac2d095673e577079fefe8d04e6d233bd35cf2fabdeb93fb0d,2026-06-12,basic,200,ok,1788446328
9704723d6d97c5552d90167743741f98efe8d04e6d233bd35cf2fabdeb93fb0d,2026-06-12,basic,200,ok,1788446328
c3b9ddaa41b6f885fa6f7ee5341de25fefe8d04e6d233bd35cf2fabdeb93fb0d,2026-06-12,basic,200,ok,1788446329
881b6050ef10eabae8768d632268b8a4efe8d04e6d233bd35cf2fabdeb93fb0d,2026-06-12,basic,200,ok,1788446330
24fe561ab474dc88e726d02d51afd6e0,2026-06-12,basic,200,ok,1788446330
bebf37fee45a696955e79d142aa7b6b1efe8d04e6d233bd35cf2fabdeb93fb0d,2026-06-12,basic,200,ok,1788446331
b99dd86bb08330a2b14eb92c972c2e11,2026-06-12,basic,200,ok,1788446331
4853c5be4037f04057294142febc30efefe8d04e6d233bd35cf2fabdeb93fb0d,2026-06-12,basic,200,ok,1788446332
8442b4c1f5b02af57c4b61dc08e26400efe8d04e6d233bd35cf2fabdeb93fb0d,2026-06-12,basic,200,ok,1788446333
69f76ce557ebd7fe7690499d2d5802deefe8d04e6d233bd35cf2fabdeb93fb0d,2026-06-12,basic,200,ok,1788446333
deeaad4b2d6baacbadca21890297693b,2026-06-12,basic,200,ok,1788446334
89c29c67eb444f11aa7e1bd7d692b856,2026-06-12,basic,200,ok,1788446334
35614b586f49b33b5ca2f9d69bcb900c,2026-06-12,basic,200,ok,1788446335
ad00ccf9b55019260dd2fa625c2a1ab3efe8d04e6d233bd35cf2fabdeb93fb0d,2026-06-12,basic,200,ok,1788446336
22a81d94d2860667aee4ac5b1af6e05e,2026-06-12,basic,200,ok,1788446336
67c266c4634079d3465f2d679a28bc6f,2026-06-12,basic,200,ok,1788446337
bf9be89fb32c499a7edbbaf064125762,2026-06-12,basic,200,ok,1788446337
8c845c870579bcdb5a2d5fb978711851,2026-06-12,basic,200,ok,1788446338
fe2532971cbdd2ccf5f8f703d0d0d1c1,2026-06-12,basic,200,ok,1788446339
f6472b3238d0424e028b6f1bc9d71b45efe8d04e6d233bd35cf2fabdeb93fb0d,2026-06-12,basic,200,ok,1788446339
120d5330ed9c97bfb189e5fd30ca1d42efe8d04e6d233bd35cf2fabdeb93fb0d,2026-06-12,basic,200,ok,1788446340
f444fab0b84a1418b12fa2810b31d329,2026-06-12,basic,200,ok,1788446340
1e9c00bdab72202f57f39489ecfc18f5,2026-06-12,basic,200,ok,1788446341
239ef365318b77f145a83b34618f9a66efe8d04e6d233bd35cf2fabdeb93fb0d,2026-06-12,basic,200,ok,1788446342
d988bf5620b3cc8c9560f782b213ae4aefe8d04e6d233bd35cf2fabdeb93fb0d,2026-06-12,basic,200,ok,1788446342
eeaae786cce481c7578e1f6fee87aabd,2026-06-12,basic,200,ok,1788446343
faf1749fe884a6c8f40cc392ab1d582f,2026-06-12,basic,200,ok,1788446343
d956f6fdec7267eaa59e8fc70952c5a4efe8d04e6d233bd35cf2fabdeb93fb0d,2026-06-12,basic,200,ok,1788446344
ac14e5502ab7427ee2d3bed72306f37b,2026-06-12,basic,200,ok,1788446345
657f991dc106e0810fee14efb330f38f,2026-06-12,basic,200,ok,1788446345
ba98fe3f00c71f34da4438bd51fd6d58efe8d04e6d233bd35cf2fabdeb93fb0d,2026-06-12,basic,200,ok,1788446346
068f8cc0609789a38f5e885eeee869ddefe8d04e6d233bd35cf2fabdeb93fb0d,2026-06-12,basic,200,ok,1788446346
bb269b94b5d8ba9aea11a781938aa072,2026-06-12,basic,200,ok,1788446347
a01df0d5c39ea2546ca7b222772edefbefe8d04e6d233bd35cf2fabdeb93fb0d,2026-06-12,basic,200,ok,1788446348
5f912e52724b77688cf02617853429bd,2026-06-12,basic,200,ok,1788446348
dd87b8f2b08d308a328f2064ce1a4ca3,2026-06-12,basic,200,ok,1788446349
6d913f41941ad4c76ff90bbe12065c81efe8d04e6d233bd35cf2fabdeb93fb0d,2026-06-12,basic,400,http_400,1788446349
f28f04c1e704ee0c27a9a6df655765a4efe8d04e6d233bd35cf2fabdeb93fb0d,2026-06-12,basic,200,ok,1788446350
4006c05f831397f9ae7fa333112ce962efe8d04e6d233bd35cf2fabdeb93fb0d,2026-06-12,basic,200,ok,1788446351
86cdf1e35e899834430e9985a399747f,2026-06-12,basic,200,ok,1788446351
896b9db874ccf1947d0267dd171e4857efe8d04e6d233bd35cf2fabdeb93fb0d,2026-06-12,basic,200,ok,1788446352
01c67761f5b58be6907a98a27d5c9ba7,2026-06-12,basic,200,ok,1788446353
a5a03e31e36216fc706a3dbf6f635381,2026-06-12,basic,200,ok,1788446353
06ac1e33b72146d1a5a78c4e105403a7efe8d04e6d233bd35cf2fabdeb93fb0d,2026-06-12,basic,200,ok,1788446354
a472840cb695a4914723c54e3d27ce59,2026-06-12,basic,200,ok,1788446354
2194e874cf1ee2049ae5d23bfdcd0b2e,2026-06-12,basic,200,ok,1788446355
6a52cc59d7bad3066b258ca4cf858312,2026-06-12,basic,200,ok,1788446356
093d1dbf1e105865ca0d3f089298e8acefe8d04e6d233bd35cf2fabdeb93fb0d,2026-06-12,basic,200,ok,1788446356
365fb73936baca8e26a83137044c31b8,2026-06-12,basic,200,ok,1788446357
3c6681f716cedd680bf6b0bf8e077686e85e07f9d5d276f44440847eec04ba68,2026-06-12,basic,200,ok,1788446357
3c074bef21b4dab62eec25afd4b90432,2026-06-12,basic,200,ok,1788446358
0a57201920fbac75eb3340bb81bf7720a2186d8e7cf7a6ee152d97cc78f2ae8b,2026-06-12,basic,200,ok,1788446359
0c9e78b347026ca759a4a80e614e4f5c,2026-06-12,basic,200,ok,1788446359
e8c9b6e7072bc6cf35e42f8fe3aa5620,2026-06-12,basic,200,ok,1788446360
2b790306f1b6ec62d6a75a3406ff0ff4,2026-06-12,basic,200,ok,1788446360
c8e2d04be9820b57bbc34efd59e2af7e,2026-06-12,basic,200,ok,1788446361
d68cba1573f4beaa8635fdc9789a0428,2026-06-12,basic,200,ok,1788446362
56485ddad9c545d18bbcfe7f6a383d27,2026-06-12,basic,200,ok,1788446362
6aae561357d4fec7ce1b834466533cbcefe8d04e6d233bd35cf2fabdeb93fb0d,2026-06-12,basic,200,ok,1788446363
cb59c6496cd036703a81d247bd11885cefe8d04e6d233bd35cf2fabdeb93fb0d,2026-06-12,basic,200,ok,1788446363
01aae0a071c92231d21a8d97121a2f27efe8d04e6d233bd35cf2fabdeb93fb0d,2026-06-12,basic,200,ok,1788446364
ecde32a1507cefca0ae56ce6fe98e46d,2026-06-12,basic,200,ok,1788446365
a9ddc7ad8bf718fe875ddfdff77a5115efe8d04e6d233bd35cf2fabdeb93fb0d,2026-06-12,basic,200,ok,1788446365
40fa376d4fb33d596dc2acde45cec068,2026-06-12,basic,200,ok,1788446366
aabeb625c2bcc9370f03e92f1d73c192c47ea5ffea2564f587ca830a8f71acb2,2026-06-12,basic,200,ok,1788446366
eb489f492cc28524f992c367b091236eefe8d04e6d233bd35cf2fabdeb93fb0d,2026-06-12,basic,200,ok,1788446367
4a958f475701562742cc6d27483aead7,2026-06-12,basic,200,ok,1788446368
1c05fa07beb8a34dd7673ea9ea46a177,2026-06-12,basic,200,ok,1788446368
0bb9944e12307f37d3ddfc4668b70466,2026-06-12,basic,200,ok,1788446369
1214f332b95d0b753733d2bad3f76b1eefe8d04e6d233bd35cf2fabdeb93fb0d,2026-06-12,basic,200,ok,1788446369
dd5e9cc04a332737fcbcbe0b286fb104,2026-06-12,basic,200,ok,1788446370
39a13ddefe1734fe15e030af6ea579d6,2026-06-12,basic,200,ok,1788446370
87266b84e636695078666852ca698af7,2026-06-12,basic,200,ok,1788446371
e7ed7d3549cf39839cc5ba9af9452dc7efe8d04e6d233bd35cf2fabdeb93fb0d,2026-06-12,basic,200,ok,1788446372
140ca2feb5f947b2f52e1500f236c535efe8d04e6d233bd35cf2fabdeb93fb0d,2026-06-12,basic,200,ok,1788446372
d91d1c324619f43856e3a26f88340341efe8d04e6d233bd35cf2fabdeb93fb0d,2026-06-12,basic,200,ok,1788446373
8d3a2ed25714202e2ca8b8d7ffed5e7cc47ea5ffea2564f587ca830a8f71acb2,2026-06-12,basic,200,ok,1788446373
2653031933a4100f73a12a936bce3299,2026-06-12,basic,200,ok,1788446374
809802d2985cad29a46bd7f6db72b316,2026-06-12,basic,200,ok,1788446375
561562c0fdd21233191b4995aacef880,2026-06-12,basic,200,ok,1788446375
4a6601bac5a33385958506be9c201eaa,2026-06-12,basic,200,ok,1788446376
740b9340e7b0e51ffa8efd68094df804,2026-06-12,basic,200,ok,1788446376
e2bb591e33b9dd186ec860fe60296a6e,2026-06-12,basic,200,ok,1788446377
c6f7288ed623e5506bb3db29e50f228f,2026-06-12,basic,200,ok,1788446378
46ac6148fa1bab47613eadab64589b06,2026-06-12,basic,200,ok,1788446378
57da3d9690524d93fb7f1edeacb55593,2026-06-12,basic,200,ok,1788446379
b5a798f59c683a8acedd461acdc399b4,2026-06-12,basic,200,ok,1788446379
329ff1223369c7e8d9ca89a130bc80a6,2026-06-12,basic,200,ok,1788446380
a35f4d0b3c1f76de607cd275cd647e10,2026-06-12,basic,200,ok,1788446380
41ab16bcb497725164a840f8a62b98fe,2026-06-12,basic,200,ok,1788446381
0bc18403bb52d4c811f9c7d19bbd698eefe8d04e6d233bd35cf2fabdeb93fb0d,2026-06-12,basic,200,ok,1788446382
403b392936baebfceb326c3feb0d7859,2026-06-12,basic,200,ok,1788446382
a6e1202bcdf96dab5c8692aa1c81f110efe8d04e6d233bd35cf2fabdeb93fb0d,2026-06-12,basic,200,ok,1788446383
9b5db6f59abd04fcde802dab6f032a04c47ea5ffea2564f587ca830a8f71acb2,2026-06-12,basic,200,ok,1788446384
891457c319f72eeb9789ddd35fc9d2b4,2026-06-12,basic,200,ok,1788446384
aa4b819f9393fa1c9eb98815468dc833,2026-06-12,basic,200,ok,1788446385
4328411908ca4b8c16aba52a1b40f3f74723574b05820acf03e7ec3162ff5bed,2026-06-12,basic,200,ok,1788446386
b3ef8023bcb3ff9de9223b78d7d7267e,2026-06-12,basic,200,ok,1788446386
dffe2851404a3935a71ff363d53d4086,2026-06-12,basic,200,ok,1788446387
35c279ed7941c23968be6dc83933f082,2026-06-12,basic,200,ok,1788446388
ceb56102d639fa81894a175c133d0ebdefe8d04e6d233bd35cf2fabdeb93fb0d,2026-06-12,basic,200,ok,1788446388
99eb1a81a7ed5b39047b7db875e3b4fb,2026-06-12,basic,200,ok,1788446389
ac59a0f13c000e6f032e519a70d7dab6,2026-06-12,basic,200,ok,1788446389
3f4955952bdc19e49240af78f52f2086,2026-06-12,basic,200,ok,1788446390
c74bf8fdcc7b61ac8313c642bcdd950a,2026-06-12,basic,200,ok,1788446391
293b3aa490a27b01212dc4721f56e3afefe8d04e6d233bd35cf2fabdeb93fb0d,2026-06-12,basic,200,ok,1788446391
dd0270fbd5b818c12fbc40a6f324226afd842dab14be2a956555625b37c97bff,2026-06-12,basic,200,ok,1788446392
f17421f898e056d134fbfcdf5e1ebff9,2026-06-12,basic,200,ok,1788446392
2c6a16b3eeaa9f14e14b61eaf773840486e68d4012202d0434d05f81868f68e3,2026-06-12,basic,200,ok,1788446393
1e6491bec1ffe5f44f45184712005714,2026-06-12,basic,200,ok,1788446394
229e2ca0f54f8088f6e42207bbf4ccd3,2026-06-12,basic,200,ok,1788446394
db15b3e4b1f84a79834ce87785c494f8,2026-06-12,basic,200,ok,1788446395
10a32919134e4a8b4a63b63a759f533defe8d04e6d233bd35cf2fabdeb93fb0d,2026-06-12,basic,200,ok,1788446395
b51fa0c69009c0765970f0612abca5a2,2026-06-12,basic,200,ok,1788446396
6bfc18cf249e7d93b9b83384a8d427b1efe8d04e6d233bd35cf2fabdeb93fb0d,2026-06-12,basic,200,ok,1788446397
6b646c6596ae841e439ab7765e72bf8defe8d04e6d233bd35cf2fabdeb93fb0d,2026-06-12,basic,200,ok,1788446397
8627aedc2f39db5d19eec1e64fc7157d,2026-06-12,basic,200,ok,1788446398
f2b32969ef9300140ad423b0ec8c5180efe8d04e6d233bd35cf2fabdeb93fb0d,2026-06-12,basic,200,ok,1788446399
58e135f7ed3fd9601523a98f61b6753cefe8d04e6d233bd35cf2fabdeb93fb0d,2026-06-12,basic,200,ok,1788446399
9b515a4fe07527b3ce3f1970d3beea6e,2026-06-12,basic,200,ok,1788446400
ffb1ca912df7eb6ebc6fc72c9c1f8357efe8d04e6d233bd35cf2fabdeb93fb0d,2026-06-12,basic,200,ok,1788446400
1c9a2ba1551ebb63c7dfac0bf456afaf,2026-06-12,basic,200,ok,1788446401
7c25addfbaf0e385e4d2c92de0fc29fc,2026-06-12,basic,200,ok,1788446402
7253e4c6be37c773340743d28b9d448a,2026-06-12,basic,200,ok,1788446402
5cd373ff240f910fc32722121f680a5aefe8d04e6d233bd35cf2fabdeb93fb0d,2026-06-12,basic,200,ok,1788446403
84b1221e97e32100170801699d56f048,2026-06-12,basic,200,ok,1788446403
60196253d450c131a0c198b8fc63a0e3efe8d04e6d233bd35cf2fabdeb93fb0d,2026-06-12,basic,200,ok,1788446404
e5ef0541ba5c1bebafcf4b4b1f34bc79,2026-06-12,basic,200,ok,1788446405
84fd74f03d9a3a190530b90679cb61ea,2026-06-12,basic,200,ok,1788446405
d802879078eba8f8155a39ce7c45c308,2026-06-12,basic,200,ok,1788446406
e8b7789820542a49c5167858143b940aefe8d04e6d233bd35cf2fabdeb93fb0d,2026-06-12,basic,200,ok,1788446406
f69c63329cb30cd9c26b330168dd4bab,2026-06-12,basic,200,ok,1788446407
e5519f868b7a03d325f3c793f2261918,2026-06-12,basic,200,ok,1788446408
4a9c6f35cb260058a914c85949e84c49,2026-06-12,basic,200,ok,1788446408
099b48fc50e8de2839810c32f6afc4bb,2026-06-12,basic,200,ok,1788446409
e9ecf89ac73b3e24adb50ce4a43ee285,2026-06-12,basic,200,ok,1788446409
87822f4be9ca2f52548c91f0afd83791,2026-06-12,basic,200,ok,1788446410
78a9d02b6e5ccd4ecc24b601399b611e,2026-06-12,basic,200,ok,1788446410
ff1b235f8f4f822f6223de3201f74753efe8d04e6d233bd35cf2fabdeb93fb0d,2026-06-12,basic,200,ok,1788446411
4f7e37eacd4f18517890c06c657f1c7befe8d04e6d233bd35cf2fabdeb93fb0d,2026-06-12,basic,200,ok,1788446412
83f4e2358ce7c0c2b497c7c61ee60d86efe8d04e6d233bd35cf2fabdeb93fb0d,2026-06-12,basic,200,ok,1788446412
cd7308d70b89e398ca5617fc7ef13104,2026-06-12,basic,200,ok,1788446413
4704b244c5d350960aa95f5ee23de4f5efe8d04e6d233bd35cf2fabdeb93fb0d,2026-06-12,basic,200,ok,1788446413
5ea597e4b7e4e811a75803208496f3d1,2026-06-12,basic,200,ok,1788446414
77d8ac9efde6919dbcdf16713004582aefe8d04e6d233bd35cf2fabdeb93fb0d,2026-06-12,basic,200,ok,1788446415
503bbb7bc2d7d65fde7aef8d0ce7149f,2026-06-12,basic,200,ok,1788446415
92b8f3928d83f929ce109f12ce67443e,2026-06-12,basic,200,ok,1788446416
314f9c4062e6e77063e774b0cbb1083cefe8d04e6d233bd35cf2fabdeb93fb0d,2026-06-12,basic,200,ok,1788446416
e2d6052ad7b56a4f3f94500d5775bce5efe8d04e6d233bd35cf2fabdeb93fb0d,2026-06-12,basic,200,ok,1788446417
92a3b6def429c676d899ef5c69157cc88295750b1f4857867454debc45ec9c8a,2026-06-12,basic,200,ok,1788446417
c2c2b964159dc46cf6bf88211b3b9a5b,2026-06-12,basic,200,ok,1788446418
ff90c9344aa0a202a162af309c71f3d6,2026-06-12,basic,200,ok,1788446419
447e74a9580172f438f2a297ca801150,2026-06-12,basic,200,ok,1788446419
992c873304c93ecf38c80df9c3652bfa,2026-06-12,basic,200,ok,1788446420
a5435007ebe6f29258fba59a67b2ec28,2026-06-12,basic,200,ok,1788446420
c42583359f43762c2a0d48ef8a2eec963663933da92e7566c55104ec9ac2894d,2026-06-12,basic,200,ok,1788446421
3bb776aaa0e129fdffd1de823b43b0f2efe8d04e6d233bd35cf2fabdeb93fb0d,2026-06-12,basic,200,ok,1788446422
08b29ad0ab1a7374162f3b828dd76ad6,2026-06-12,basic,200,ok,1788446422
a5320e1080c5626331ccb14db2d576be,2026-06-12,basic,200,ok,1788446423
0cfaf18faa25c5aa9f237408d79dfe4a,2026-06-12,basic,200,ok,1788446423
4b2dc2d335d614506bb27dc2aebbc547,2026-06-12,basic,200,ok,1788446424
e3bf10d174a7d2adb6010132e96afd93,2026-06-12,basic,200,ok,1788446424
bcc676c1f93d236be65abd376a309e40efe8d04e6d233bd35cf2fabdeb93fb0d,2026-06-12,basic,200,ok,1788446425
e737cc82548442f7f8cc4b0beed68170,2026-06-12,basic,200,ok,1788446425
367c537308589ab3d2220bed89e69e79,2026-06-12,basic,200,ok,1788446426
cc138a806510ec0ee3633691dca614d7,2026-06-12,basic,200,ok,1788446427
6b3032c63172851feb1486eac9dbd5e3,2026-06-12,basic,200,ok,1788446427
feca665b17d703e02977c4094b7d2f0d,2026-06-12,basic,200,ok,1788446428
eb5d55dcb9727f9c729234002201d269,2026-06-12,basic,200,ok,1788446428
edb1d52cfb4dfbdb16aeaae50962de5a,2026-06-12,basic,200,ok,1788446429
275a5ed73a7ecab4b1cf600b5b66db67,2026-06-12,basic,400,http_400,1788446430
6829670ffdd603c1749ea306851eb0c0,2026-06-12,basic,200,ok,1788446430
4bd456f0cd21e681e646b9319699341b,2026-06-12,basic,200,ok,1788446431
eb87565bad43ced1d277f1b53fba16b7,2026-06-12,basic,200,ok,1788446431
ddddadbb315795044e0e0b6002cd2c54,2026-06-12,basic,200,ok,1788446432
0723ffae660b0985cf570d08bf93cbbd,2026-06-12,basic,200,ok,1788446432
b3e2bc54bfddbc828d220e4c04fcac0befe8d04e6d233bd35cf2fabdeb93fb0d,2026-06-12,basic,200,ok,1788446433
9ca6902357eaf007edbe1a7084afd1edefe8d04e6d233bd35cf2fabdeb93fb0d,2026-06-12,basic,200,ok,1788446434
14b13e6a55b0f55bf9e49d0ba57a683eefe8d04e6d233bd35cf2fabdeb93fb0d,2026-06-12,basic,200,ok,1788446434
a017a57c32147c0183c0b20f951e2048,2026-06-12,basic,200,ok,1788446435
c65b789c8f6e4622171e14f115b643daefe8d04e6d233bd35cf2fabdeb93fb0d,2026-06-12,basic,200,ok,1788446435
5e17725f46ab37b849392bc74fdbc406,2026-06-12,basic,200,ok,1788446436
816dcea5c3d5321a70f31996f211b484,2026-06-12,basic,200,ok,1788446437
b7d1df6631f1525c45a9474c77474617,2026-06-12,basic,200,ok,1788446437
8cb90ae12d998703ab2923c3ef4de1f8,2026-06-12,basic,200,ok,1788446438
0231732dac49d3884889eabd733e2668efe8d04e6d233bd35cf2fabdeb93fb0d,2026-06-12,basic,200,ok,1788446438
11ccf601c43be97f45dc82b8cd590c87,2026-06-12,basic,200,ok,1788446439
449d1aa484542db9168e7d76ab0d9fe4efe8d04e6d233bd35cf2fabdeb93fb0d,2026-06-12,basic,200,ok,1788446440
f6c13a3cdd317d60bbb09e89747259b8,2026-06-12,basic,200,ok,1788446440
18b1dd243f649e4d29e24c8b4aa96c21,2026-06-12,basic,200,ok,1788446441
2911ed643731d267e4355a500ab5c5a0efe8d04e6d233bd35cf2fabdeb93fb0d,2026-06-12,basic,200,ok,1788446441
e75ce841e3435551d62926fa97ac2eae,2026-06-12,basic,200,ok,1788446442
474b50bb515f88d5c081d3d0c423b7f6,2026-06-12,basic,200,ok,1788446443
4c52885860d4753445fe99fd1ebceddd,2026-06-12,basic,200,ok,1788446443
8d893813cde07856036c1f3eba9df34e,2026-06-12,basic,200,ok,1788446444
d10f0105f328b4dd1ae15a9e8e35d7a2,2026-06-12,basic,200,ok,1788446445
07934088177f6862210bc27bf7792e0aa2186d8e7cf7a6ee152d97cc78f2ae8b,2026-06-12,basic,200,ok,1788446445
ac1e4c0d08d48dc0e5c6c3969ae887eb,2026-06-12,basic,200,ok,1788446446
c985244a70751df303e2a3e9e5bf187a6fbb98200a15be5bcc73a64995849e9c,2026-06-12,basic,200,ok,1788446446
31cc73fe2373f2046773b89ec6f74167,2026-06-12,basic,200,ok,1788446447
d66d5987ec6d5aadb71e99b3c237a6c2,2026-06-12,basic,200,ok,1788446448
8089ba9f5c9656a3e2ddb1b196078b5486e68d4012202d0434d05f81868f68e3,2026-06-12,basic,200,ok,1788446448
1ecf7a16d8d6c62e0144659a9460ace9,2026-06-12,basic,200,ok,1788446449
489eec3cd548165f8ccb0eb1dbcf2ec3efe8d04e6d233bd35cf2fabdeb93fb0d,2026-06-12,basic,200,ok,1788446449
9a3b76c2ec169b5e6e8c4f0c096cf2b1efe8d04e6d233bd35cf2fabdeb93fb0d,2026-06-12,basic,200,ok,1788446450
733e6ac982cccbc09f34c4c08ca4f902,2026-06-12,basic,200,ok,1788446451
4b714db7594554bd8374f3418b7c660e8295750b1f4857867454debc45ec9c8a,2026-06-12,basic,200,ok,1788446451
4e95110caf152930f81299400ed72f71efe8d04e6d233bd35cf2fabdeb93fb0d,2026-06-12,basic,200,ok,1788446452
93d483a68fd55725ab408200a5ffbc2a,2026-06-12,basic,200,ok,1788446453
4eac174513f714f52dee44fa5d885668,2026-06-12,basic,200,ok,1788446453
43244b5c3237480729e5feadd94312e9efe8d04e6d233bd35cf2fabdeb93fb0d,2026-06-12,basic,200,ok,1788446454
736b4685e047f6f4ad79b5881861c7d1,2026-06-12,basic,200,ok,1788446454
7a6e95f650de3d8cbfe56f6a5dfe9fff,2026-06-12,basic,200,ok,1788446455
fff6aad156e16e105b703d184eaba030,2026-06-12,basic,200,ok,1788446456
49733f79864da683f5d4d42b3df4d7a4,2026-06-12,basic,200,ok,1788446456
4ee3c56caf24671c881c1dcdff956432efe8d04e6d233bd35cf2fabdeb93fb0d,2026-06-12,basic,200,ok,1788446457
a4c68e3aa2539d355468ac5058d8ca91,2026-06-12,basic,200,ok,1788446458
8bb4c25fe36a8416dad270100d23f4a4,2026-06-12,basic,200,ok,1788446458
93a3777ec220647bf543531cea720fdf,2026-06-12,basic,200,ok,1788446459
ed898ed4fee64b987d9c59bb2024776e,2026-06-12,basic,200,ok,1788446459
91477d7904885dcdff2a7addfeb4084aefe8d04e6d233bd35cf2fabdeb93fb0d,2026-06-12,basic,200,ok,1788446460
25d5d8c84c61d4c501b18f2f403dfa6fefe8d04e6d233bd35cf2fabdeb93fb0d,2026-06-12,basic,200,ok,1788446460
989544eacbf112b0606e50a5614181b8,2026-06-12,basic,200,ok,1788446461
55e0bc5ef9a9cd15ac3de1e284a0cfec,2026-06-12,basic,200,ok,1788446462
727fe4bcbd1b928c46d79905660e51606fbb98200a15be5bcc73a64995849e9c,2026-06-12,basic,200,ok,1788446462
273862d5ac596508c53cbf4f49f5e7ed,2026-06-12,basic,200,ok,1788446463
4e682871f3d60f259c8404352e2a23b3,2026-06-12,basic,200,ok,1788446464
c1621ae7e7e584e6c9e43336394978a5,2026-06-12,basic,200,ok,1788446464
6cc77d03ebfede193d609bcd229df68f,2026-06-12,basic,200,ok,1788446465
d6608f646827ffee3cd13d437a68031f,2026-06-12,basic,200,ok,1788446465
c7741a99691bf6cd8aa2fd5b2c8aa930,2026-06-12,basic,200,ok,1788446466
1138d0579496838b97c31616d9d905f0efe8d04e6d233bd35cf2fabdeb93fb0d,2026-06-12,basic,200,ok,1788446466
2c74510f80a8d21b343caeaaa29ba48defe8d04e6d233bd35cf2fabdeb93fb0d,2026-06-12,basic,200,ok,1788446467
29bdd62ad19f94979fb164b6f6c7f293,2026-06-12,basic,200,ok,1788446468
1d861cc033d7f1e6364a96a739d6122daae77432709819edb959e1fd5d1d77b4,2026-06-12,basic,200,ok,1788446468
635b38925253f785435f50bde1655f28c47ea5ffea2564f587ca830a8f71acb2,2026-06-12,basic,200,ok,1788446469
5d47436cbf59041edb6c2941a48f27e3efe8d04e6d233bd35cf2fabdeb93fb0d,2026-06-12,basic,200,ok,1788446469
df06790e3d10ca741ef3165537107cbfc47ea5ffea2564f587ca830a8f71acb2,2026-06-12,basic,200,ok,1788446470
b9c84a0320458170c3cb4125acc518fe,2026-06-12,basic,200,ok,1788446471
31aef16daf069148c4ab036ec2ab68e7efe8d04e6d233bd35cf2fabdeb93fb0d,2026-06-12,basic,200,ok,1788446471
a425ea8ca9e8c683069afd8be5fe38d6,2026-06-12,basic,200,ok,1788446472
4d4250ea05e7344b9058a6f33d01e0f3,2026-06-12,basic,200,ok,1788446472
47a05fb276e393b71df94c7a2ff518fe,2026-06-12,basic,200,ok,1788446473
ab2ed972c4e273ff2cee65a462d1d584efe8d04e6d233bd35cf2fabdeb93fb0d,2026-06-12,basic,200,ok,1788446474
f4ff4ad89244529643cc6870fc6be5c0efe8d04e6d233bd35cf2fabdeb93fb0d,2026-06-12,basic,200,ok,1788446474
39f9e29601953aa554df254cfea81665,2026-06-12,basic,200,ok,1788446475
9bfb71e0daa0ab4d4faa956cf75dcd4c,2026-06-12,basic,200,ok,1788446475
8f43aa5a2aa06552372288103c9b841defe8d04e6d233bd35cf2fabdeb93fb0d,2026-06-12,basic,200,ok,1788446476
5e746bc1d08c2ee294039edcccca86c8efe8d04e6d233bd35cf2fabdeb93fb0d,2026-06-12,basic,200,ok,1788446477
d66164d6f18f5c6b4d64bd5e0b66b820,2026-06-12,basic,200,ok,1788446477
327343081a59456fd2e7c6b77163e418a2186d8e7cf7a6ee152d97cc78f2ae8b,2026-06-12,basic,200,ok,1788446478
3875261aba8fe5ca2c8675b67cd13c8a,2026-06-12,basic,200,ok,1788446479
65165f2d263267413a20ab97d6616d8c,2026-06-12,basic,200,ok,1788446479
4d705ef7d9de2d34da52ee9285b5cd12,2026-06-12,basic,200,ok,1788446480
856b1ce7219628234d973e72f8e2de8f,2026-06-12,basic,200,ok,1788446480
08278dcc849e1add4a7864880e6899a2,2026-06-12,basic,200,ok,1788446481
10b7ebc42bc742878d56fe2db9f056ec8295750b1f4857867454debc45ec9c8a,2026-06-12,basic,200,ok,1788446482
5c1ac9126c029d3f5072c919003c67d54723574b05820acf03e7ec3162ff5bed,2026-06-12,basic,200,ok,1788446482
c547faa58e97dc3b4aa4131c21ee0eaa,2026-06-12,basic,200,ok,1788446483
4d73afee788a085575be39cadbb50827,2026-06-12,basic,200,ok,1788446483
8cac9e740b2364c884c0609614dd9d8a,2026-06-12,basic,200,ok,1788446484
c5d5f3a29e07a0d3f88b933f885fb4ff,2026-06-12,basic,200,ok,1788446485
9cd40f7c833b24d1d5bcffd2f1bfda47,2026-06-12,basic,200,ok,1788446485
78cac13a4db5b991e538c0498d46bcacefe8d04e6d233bd35cf2fabdeb93fb0d,2026-06-12,basic,200,ok,1788446486
843a2c027ef09704c5497b713e6520aa,2026-06-12,basic,200,ok,1788446486
bcf6115c7988f4a7989560cc5293dbecefe8d04e6d233bd35cf2fabdeb93fb0d,2026-06-12,basic,200,ok,1788446487
bcfe036684d7ec1e48254a0ad3a6e4be,2026-06-12,basic,200,ok,1788446488
a1c05690a58d1b5446b6cb82b80e95d0,2026-06-12,basic,200,ok,1788446488
26efa9c9ad568224baa92721f41bbffbefe8d04e6d233bd35cf2fabdeb93fb0d,2026-06-12,basic,200,ok,1788446489
810c11cd9e3079206af13289262b5ecb,2026-06-12,basic,200,ok,1788446490
1a2988eca875bf8f2aa7e5f5352665c7,2026-06-12,basic,200,ok,1788446490
642d8543a4aeee978fdd382065690adfefe8d04e6d233bd35cf2fabdeb93fb0d,2026-06-12,basic,200,ok,1788446491
bfb06817a3808591139715ef6229dab1,2026-06-12,basic,200,ok,1788446491
1feca12d5c0905e5176fbdfa3b5b7f8f,2026-06-12,basic,200,ok,1788446492
98166286a7b923869362b05e7f0e3596efe8d04e6d233bd35cf2fabdeb93fb0d,2026-06-12,basic,200,ok,1788446493
5de0123ac099e051170ba5ab77913739,2026-06-12,basic,200,ok,1788446493
81e00af968e0520253008bb29979a79d,2026-06-12,basic,200,ok,1788446494
83fd7fb1c327546cbafe5eaa098b5ec5efe8d04e6d233bd35cf2fabdeb93fb0d,2026-06-12,basic,200,ok,1788446495
4f6d48a7f3b15aeb646f2098b01dea01,2026-06-12,basic,200,ok,1788446495
edeecdefc72f497de9080048fddc4b35efe8d04e6d233bd35cf2fabdeb93fb0d,2026-06-12,basic,200,ok,1788446496
421166f402f34bd89fcae5acf157a42b,2026-06-12,basic,200,ok,1788446496
2d54a76fc669a22b3c39ce8068fb02faefe8d04e6d233bd35cf2fabdeb93fb0d,2026-06-12,basic,200,ok,1788446497
c0761dec4dca1cadc9d5093fbe7ad758efe8d04e6d233bd35cf2fabdeb93fb0d,2026-06-12,basic,200,ok,1788446497
caedee8ebe62ecbc970a87eb127a67144723574b05820acf03e7ec3162ff5bed,2026-06-12,basic,200,ok,1788446498
cf3dd1f6ec782590d0ec0dd5e8523fda,2026-06-12,basic,200,ok,1788446499
2a22ea01defe960de47227f2ff09508b3663933da92e7566c55104ec9ac2894d,2026-06-12,basic,200,ok,1788446499
c90d1c56b9276c32c48b67470337f645,2026-06-12,basic,200,ok,1788446500
a2a7d6b90036c023c7467fc13da4422befe8d04e6d233bd35cf2fabdeb93fb0d,2026-06-12,basic,200,ok,1788446500
2918b0328998e0ef7f57ddb3deb3fe15,2026-06-12,basic,200,ok,1788446501
0a6fe5bea6ff811d928682712efce2ea,2026-06-12,basic,200,ok,1788446502
0ee368e80ebb300bba62490aedbb89f84723574b05820acf03e7ec3162ff5bed,2026-06-12,basic,200,ok,1788446502
685fa4e191b5eac5dfa2c7f14daaaefd,2026-06-12,basic,200,ok,1788446503
55ee0315772faf313add8e89c03cbe9aefe8d04e6d233bd35cf2fabdeb93fb0d,2026-06-12,basic,200,ok,1788446503
a6933ffd91b5197735ee434f14a88d0a,2026-06-12,basic,200,ok,1788446504
39200c527c979d54ddc6bb1f5c10c2b53663933da92e7566c55104ec9ac2894d,2026-06-12,basic,200,ok,1788446505
1f39036dd9900ba572d8027298f92a594723574b05820acf03e7ec3162ff5bed,2026-06-12,basic,200,ok,1788446505
e00da408ba47c005755c7a2811feb194,2026-06-12,basic,200,ok,1788446506
3b4b7a38be1a4cdeab289b1af8cdb6a8efe8d04e6d233bd35cf2fabdeb93fb0d,2026-06-12,basic,200,ok,1788446507
7bd5bf0d69a3e4eb29d1ec5bc6a5af37a2186d8e7cf7a6ee152d97cc78f2ae8b,2026-06-12,basic,200,ok,1788446507
6d7a8dd3e7564f03cc62ae1bfd2e7f35efe8d04e6d233bd35cf2fabdeb93fb0d,2026-06-12,basic,400,http_400,1788446508
9c496f72073417047b732e8cee9933aaefe8d04e6d233bd35cf2fabdeb93fb0d,2026-06-12,basic,200,ok,1788446508
bd1cb4182521f3a97ab6810bc54bf8a3,2026-06-12,basic,200,ok,1788446509
a4e3f084fc9031d7eefb9b4d8688be08,2026-06-12,basic,200,ok,1788446510
df39ef07d6fe6534d6e2bf69673d56e4aae77432709819edb959e1fd5d1d77b4,2026-06-12,basic,200,ok,1788446510
8db2856d5a2879d33be9ea8bab08adb5c47ea5ffea2564f587ca830a8f71acb2,2026-06-12,basic,200,ok,1788446511
64ba0d725c12d81514ade05ab0c5a47dfd842dab14be2a956555625b37c97bff,2026-06-12,basic,200,ok,1788446511
f8559ed1108e1f5c4f762d2d882a4af7,2026-06-12,basic,200,ok,1788446512
60964f23b502bb63e482602c3094d101efe8d04e6d233bd35cf2fabdeb93fb0d,2026-06-12,basic,200,ok,1788446513
0c70fbb55f63ed9bd2f923b4290e988f,2026-06-12,basic,200,ok,1788446513
605f4a118947a153ad145459d118209f,2026-06-12,basic,200,ok,1788446514
5f6dd4078613a63a524b3d6d08725a2e,2026-06-12,basic,200,ok,1788446514
9e7cc9a404a5a327a3a0eb2c5e969677efe8d04e6d233bd35cf2fabdeb93fb0d,2026-06-12,basic,200,ok,1788446515
14364c830e58af71f84651e4884de20e,2026-06-12,basic,200,ok,1788446516
efa975135da180d6c07035b8c016b711,2026-06-12,basic,200,ok,1788446516
d72f6324015a853cf1c49fe55228979defe8d04e6d233bd35cf2fabdeb93fb0d,2026-06-12,basic,200,ok,1788446517
019b9c1293fd72d14c15318d479ac66e,2026-06-12,basic,200,ok,1788446517
0626122e5d404a3cf3edd66e46572c9d,2026-06-12,basic,200,ok,1788446518
3b5b09a50e30828c3e44fd25b6d831a7,2026-06-12,basic,200,ok,1788446518
4508c95b8e14065671c173856679149a,2026-06-12,basic,200,ok,1788446519
83389ccac534b60761a301de94b77ffb,2026-06-12,basic,400,http_400,1788446520
349411c899a3eaf1784abed1025fbb53efe8d04e6d233bd35cf2fabdeb93fb0d,2026-06-12,basic,200,ok,1788446520
7e2ba975a651d14d0ea512badf3404e1efe8d04e6d233bd35cf2fabdeb93fb0d,2026-06-12,basic,200,ok,1788446521
93e084788d4c849a92354172b16277ba,2026-06-12,basic,200,ok,1788446521
2fe9bd6460f2d0e847084f4cfc6aa952,2026-06-12,basic,200,ok,1788446522
0af8d1ce7cf7133fb7bc115c91ee83e4efe8d04e6d233bd35cf2fabdeb93fb0d,2026-06-12,basic,200,ok,1788446523
0816395b59d93d2a4334278dfca9081eefe8d04e6d233bd35cf2fabdeb93fb0d,2026-06-12,basic,200,ok,1788446523
2082507b9bc81ffd3304eb7d32c886aa,2026-06-12,basic,200,ok,1788446524
46350b81c174aa6ea0a6577fe4d924e4efe8d04e6d233bd35cf2fabdeb93fb0d,2026-06-12,basic,200,ok,1788446524
d677e80aff6109f67f3cf1b2ed5e8c10,2026-06-12,basic,200,ok,1788446525
6419bcfb01fc8eda9c72d916e1f9174ac47ea5ffea2564f587ca830a8f71acb2,2026-06-12,basic,200,ok,1788446526
aec0496fe0296524fc1b5c5f55123991,2026-06-12,basic,200,ok,1788446526
c40c866076dfdb81d8dcf04eb46231a1,2026-06-12,basic,200,ok,1788446527
075cf008805bdbff03ce2f54009e879eefe8d04e6d233bd35cf2fabdeb93fb0d,2026-06-12,basic,200,ok,1788446527
3959fcd121db8b66cbe758428b3b6560efe8d04e6d233bd35cf2fabdeb93fb0d,2026-06-12,basic,200,ok,1788446528
bc32695aafaf6faec0a2e362e0ba45fa,2026-06-12,basic,200,ok,1788446529
0a622250df56f30876d89a31568ef886,2026-06-12,basic,200,ok,1788446529
7889cc611a8839dc7a0b05fc15555f26,2026-06-12,basic,200,ok,1788446530
6ff891d4b5f081a07e545b25a8cc3ab1,2026-06-12,basic,200,ok,1788446530
e7e279e7bfe4588dbc77e3ce5ed27b22,2026-06-12,basic,200,ok,1788446531
ab9c08306041a13ba8274197e4c3d75eefe8d04e6d233bd35cf2fabdeb93fb0d,2026-06-12,basic,200,ok,1788446532
58a9940b3c8237c36773e9e07c8637b5efe8d04e6d233bd35cf2fabdeb93fb0d,2026-06-12,basic,200,ok,1788446532
41b7005fcf9d2c6a6241679ffeb5ce83,2026-06-12,basic,200,ok,1788446533
b8d5d3d6197f6543b780ed2b1658e8b9fd842dab14be2a956555625b37c97bff,2026-06-12,basic,200,ok,1788446533
786d971faee6e742cad745ddf5bb5777,2026-06-12,basic,200,ok,1788446534
9b498645b9cbf2767c8f0c32c342309d,2026-06-12,basic,200,ok,1788446535
1b441230d8a6ed8b7a5cc20be845612b,2026-06-12,basic,200,ok,1788446535
875b30d43ffd9c2abc39b40e49784c67efe8d04e6d233bd35cf2fabdeb93fb0d,2026-06-12,basic,200,ok,1788446536
69370ed584734145ab5cc5385dd95c90,2026-06-12,basic,200,ok,1788446536
830a80d6330618b0bb48a7698f438aed,2026-06-12,basic,200,ok,1788446537
e843b43c9a891156672f211f1b5d59be,2026-06-12,basic,200,ok,1788446538
b76359938222ed67d61169d75b7d2c1d,2026-06-12,basic,200,ok,1788446538
1b5436db4ba96ced8ba518d7de019b2e,2026-06-12,basic,200,ok,1788446539
ed539dc21805cedd4eb0e0c17204edca,2026-06-12,basic,200,ok,1788446539
0d96ba74f2eec77c8fd2157f5df112f24723574b05820acf03e7ec3162ff5bed,2026-06-12,basic,200,ok,1788446540
21f527173c2df9716ddaa6d763f60e51,2026-06-12,basic,200,ok,1788446541
6ff07b813a897b3b3a0eda6c01aaeb4e,2026-06-12,basic,200,ok,1788446541
117802df5f87588bc621cbc7bc786a67,2026-06-12,basic,200,ok,1788446542
605a4e07f6d012f56547f0e9931e50f4,2026-06-12,basic,200,ok,1788446542
7408b5234916b5316d92919884542b92,2026-06-12,basic,200,ok,1788446543
85c544fe96169eb8001509b809dc6e44efe8d04e6d233bd35cf2fabdeb93fb0d,2026-06-12,basic,200,ok,1788446544
9cdc6b7ff86d2574fddee4e242accdf2efe8d04e6d233bd35cf2fabdeb93fb0d,2026-06-12,basic,200,ok,1788446544
3d350a55541e728aa46d98645b3eef7e,2026-06-12,basic,200,ok,1788446545
bd4c4a0c014eff465f1e410a0f17497a,2026-06-12,basic,200,ok,1788446546
51a659a0be95720a2870528352a4f557,2026-06-12,basic,200,ok,1788446546
8b0ef0ce0dde07cc3bf76ae3835984fa,2026-06-12,basic,200,ok,1788446547
5ad2cdaa230f863dc888830269490662,2026-06-12,basic,200,ok,1788446547
db56abeb8292f4d300740dc2e18efc08efe8d04e6d233bd35cf2fabdeb93fb0d,2026-06-12,basic,200,ok,1788446548
9fcdde3c17dc79233948750751d288d5efe8d04e6d233bd35cf2fabdeb93fb0d,2026-06-12,basic,200,ok,1788446548
c50c9d31df88bd5967146dcc643fe9ed86e68d4012202d0434d05f81868f68e3,2026-06-12,basic,200,ok,1788446549
16528b0e78725a9f9211fa85823f96cb,2026-06-12,basic,200,ok,1788446550
5ebf5efb593c50faa97ae4d5498c8741efe8d04e6d233bd35cf2fabdeb93fb0d,2026-06-12,basic,200,ok,1788446550
82c42f93275381e7a5c20c371b6237c4efe8d04e6d233bd35cf2fabdeb93fb0d,2026-06-12,basic,200,ok,1788446551
b14c37c9f7a0abc9af2d345a4ee85254efe8d04e6d233bd35cf2fabdeb93fb0d,2026-06-12,basic,200,ok,1788446552
a8da36c849d00782dd68544b75d4033c,2026-06-12,basic,200,ok,1788446552
234dc7e84a4034f9a64a2bc38e07b9b6efe8d04e6d233bd35cf2fabdeb93fb0d,2026-06-12,basic,200,ok,1788446553
171462963ac5eb26b59050ec09270344,2026-06-12,basic,200,ok,1788446553
f0db661aab648a54a6b7cb0e39993d50,2026-06-12,basic,200,ok,1788446554
8f251784b2814023bd61b7ad71bf9d46,2026-06-12,basic,200,ok,1788446555
d22aa03b9d90d62482efd12788e33a04,2026-06-12,basic,200,ok,1788446555
63e6bfe1414f38560e4310933c5bd2e4efe8d04e6d233bd35cf2fabdeb93fb0d,2026-06-12,basic,200,ok,1788446556
b6940ec73c585f6989a3163309e3e7b8efe8d04e6d233bd35cf2fabdeb93fb0d,2026-06-12,basic,200,ok,1788446556
d947e36c1eeb2133c18c016536634ae1,2026-06-12,basic,200,ok,1788446557
1cc77866e7b1d9a15af2e5f3b2f570d8,2026-06-12,basic,200,ok,1788446558
c0b56d83f994e89618ee45cb9140a36b,2026-06-12,basic,200,ok,1788446558
1126a5262fe8701dec81f5c7cf79555f,2026-06-12,basic,200,ok,1788446559
0ce376f9ada1603d904be362c356a985,2026-06-12,basic,200,ok,1788446560
468fab0039f82db8ec0fc0509947b67baae77432709819edb959e1fd5d1d77b4,2026-06-12,basic,200,ok,1788446560
68e525819f484806a5d351c0b31de5faefe8d04e6d233bd35cf2fabdeb93fb0d,2026-06-12,basic,200,ok,1788446561
f5527018e4186613282261c4d2c4f9a6,2026-06-12,basic,200,ok,1788446561
b0cd430b550ac40b5432034a08c56e24efe8d04e6d233bd35cf2fabdeb93fb0d,2026-06-12,basic,200,ok,1788446562
06560b20f37452fc17792ead3ded2e2a,2026-06-12,basic,200,ok,1788446563
e32e25899fced8e3d3d720d0ca86e2d4,2026-06-12,basic,400,http_400,1788446563
d7fe0f188972043ccbfef65642f05145,2026-06-12,basic,200,ok,1788446564
f67445677d9feb1506208b82f61106faefe8d04e6d233bd35cf2fabdeb93fb0d,2026-06-12,basic,200,ok,1788446565
e92a7e93bc87365072e003a17824974fefe8d04e6d233bd35cf2fabdeb93fb0d,2026-06-12,basic,200,ok,1788446565
c2f6f54da041e813599531bfb981329cefe8d04e6d233bd35cf2fabdeb93fb0d,2026-06-12,basic,200,ok,1788446566
386039c4ffe2e1250712607edcad5b5e,2026-06-12,basic,200,ok,1788446566
92e7616e87e54a96f5f417843cfd0faf,2026-06-12,basic,200,ok,1788446567
f072c26ff3a0392e05a8c1e1fe04b992efe8d04e6d233bd35cf2fabdeb93fb0d,2026-06-12,basic,200,ok,1788446568
bb1abc7a74563e119f38d0769b913e0d,2026-06-12,basic,200,ok,1788446568
e6cd0177062017f921f324bc249f45db,2026-06-12,basic,200,ok,1788446569
1cb364cf31b3de7cb84ed9ad4b170994efe8d04e6d233bd35cf2fabdeb93fb0d,2026-06-12,basic,200,ok,1788446569
6855f154ad5a0f1cee9dddc04390d5a1,2026-06-12,basic,200,ok,1788446570
532427d6e2290dde0c9e3cf8fd0256ab,2026-06-12,basic,200,ok,1788446571
f0cfdb26b29e096d52299a4ad6396b46efe8d04e6d233bd35cf2fabdeb93fb0d,2026-06-12,basic,200,ok,1788446571
36f39faf4ec7610211263206bde61e08,2026-06-12,basic,200,ok,1788446572
403ff8afe9e747b6f5477ccc8907c03a,2026-06-12,basic,200,ok,1788446572
8c728d9d2107259b2e22b6ed68035180,2026-06-12,basic,200,ok,1788446573
9ae877c17bba7eadf28b579052e6c9df,2026-06-12,basic,200,empty,1788446574
6758d6570eacc6ee234619f06256e96b,2026-06-12,basic,200,ok,1788446574
8a69003e98749a2b12904390ff454558,2026-06-12,basic,200,ok,1788446575
8f2831949e247107c55bb12876493987,2026-06-12,basic,200,ok,1788446575
89db1621687819df5e3958a31180ef49,2026-06-12,basic,200,ok,1788446576
59fff823a649700e11650bed83e2bc68,2026-06-12,basic,200,ok,1788446577
ee4ccfc3c47d14f6112683a0d8da8779,2026-06-12,basic,200,ok,1788446577
8cfaa679925165473d2cc8f6fe50c44f,2026-06-12,basic,200,ok,1788446578
ec069b50f7987fdda0cc5d555f9b4fabefe8d04e6d233bd35cf2fabdeb93fb0d,2026-06-12,basic,200,ok,1788446578
74a7212bd190c941caa4110fdf3b5937,2026-06-12,basic,200,ok,1788446579
99bbb60f412d81c87460e520cb858c03,2026-06-12,basic,200,ok,1788446580
c769606fe8384d0473395bde3add9fad,2026-06-12,basic,200,ok,1788446580
55a52fec86f1dabbcdbcd0eaf1e59357,2026-06-12,basic,200,ok,1788446581
dfb88a1b4571611c4b80953b4a570582,2026-06-12,basic,200,ok,1788446581
4b5d81dafb888a1fe665fa8203bc1973,2026-06-12,basic,200,ok,1788446582
c01fcc7dee9892b5a06f57ad4409ec26,2026-06-12,basic,200,ok,1788446583
b9de5f3319d7e10d9e8c0d87eb54ae3fefe8d04e6d233bd35cf2fabdeb93fb0d,2026-06-12,basic,200,ok,1788446583
7b22ef6bda01c73900a2aa09bb869e52efe8d04e6d233bd35cf2fabdeb93fb0d,2026-06-12,basic,200,ok,1788446584
be583953c7bba783411aa017f78f29f1,2026-06-12,basic,200,ok,1788446584
1deb5a6bdf0e53c146d8f720ddeb4ae5,2026-06-12,basic,200,ok,1788446585
c0f3858312e3e4d9f70707261d51cc1ee85e07f9d5d276f44440847eec04ba68,2026-06-12,basic,200,ok,1788446585
9122e220072cf285865e8cb16e18659e,2026-06-12,basic,200,ok,1788446586
4de28a3fa2874bbfed4cfed759ed9eea,2026-06-12,basic,200,ok,1788446587
cc040741348b2c1549e106b51617b6d4efe8d04e6d233bd35cf2fabdeb93fb0d,2026-06-12,basic,200,ok,1788446587
6a44c4ca0771abbb49f5ee1eeae7f00aefe8d04e6d233bd35cf2fabdeb93fb0d,2026-06-12,basic,200,ok,1788446588
586dcd113be4e2a66f38afa472b3b5bfefe8d04e6d233bd35cf2fabdeb93fb0d,2026-06-12,basic,200,ok,1788446589
3ed5be017ba88cbb2f3d1524988ae121,2026-06-12,basic,200,ok,1788446589
9e8ac00f2529c67be4a94a313dfe46feefe8d04e6d233bd35cf2fabdeb93fb0d,2026-06-12,basic,200,ok,1788446590
49e6a83697ea73ff255d84d54b27ff0defe8d04e6d233bd35cf2fabdeb93fb0d,2026-06-12,basic,200,ok,1788446590
c8670b56d1f6de6a313ba7c06aec6571,2026-06-12,basic,200,ok,1788446591
7803a418337e6d31b464e90b531de003aae77432709819edb959e1fd5d1d77b4,2026-06-12,basic,200,ok,1788446592
ed29cb5a470fdd4d000ac40627d7f2fffd842dab14be2a956555625b37c97bff,2026-06-12,basic,200,ok,1788446592
3396656fbf74206b1d64d4d9cfd99a41efe8d04e6d233bd35cf2fabdeb93fb0d,2026-06-12,basic,200,ok,1788446593
76096c1256b89373b1d83a374bd8d632,2026-06-12,basic,200,ok,1788446593
ab778c2ff11ac8ac54a35322dd52ffdc,2026-06-12,basic,200,ok,1788446594
b7c017432c62e86bdb20cf465e290facefe8d04e6d233bd35cf2fabdeb93fb0d,2026-06-12,basic,200,ok,1788446595
bfd72d488b5a77bd04d3b28a9713e1946fbb98200a15be5bcc73a64995849e9c,2026-06-12,basic,200,ok,1788446595
b5bb59e4af3f5a2ceab1ae485bd779e1,2026-06-12,basic,200,ok,1788446596
428ead4c387e5f8d7755dac6a4d3a9b6,2026-06-12,basic,200,ok,1788446596
f819509cff0bdac0ed52ee4dcc7057e5,2026-06-12,basic,200,ok,1788446597
14a5ff7a98697ecb8bf18e60d30f127f,2026-06-12,basic,200,ok,1788446598
8197eeaf6241ff31c73878bf45d0a965,2026-06-12,basic,200,ok,1788446598
f4a72472ed373fdb5b392c41695b99d1efe8d04e6d233bd35cf2fabdeb93fb0d,2026-06-12,basic,200,ok,1788446599
503901d0c97f3b877bbc46b43bc580bc,2026-06-12,basic,200,ok,1788446599
32b95fcd8a2beb03347f77734dde83c4,2026-06-12,basic,200,ok,1788446600
753937beb8a7612220213f7f1c533ca3,2026-06-12,basic,200,ok,1788446601
54a18eee33c7e960724f2ba04a3c5547efe8d04e6d233bd35cf2fabdeb93fb0d,2026-06-12,basic,200,ok,1788446601
7a4ecca4b4fd4d948e7cf94b85dace19,2026-06-12,basic,200,ok,1788446602
6e996ba693d6ed5e8f92767743f14bc0,2026-06-12,basic,200,ok,1788446603
5cd2f296d88462287cbf05841f6adc81,2026-06-12,basic,200,ok,1788446603
5911aa210af938beed389ffffa9d41f2,2026-06-12,basic,200,ok,1788446604
acb69dc104e4f855bea59e717aed0a1aefe8d04e6d233bd35cf2fabdeb93fb0d,2026-06-12,basic,200,ok,1788446604
cf2baafa31bb10d37de5d7ce13469601,2026-06-12,basic,200,ok,1788446605
1f4a679bf33ff82d5726cb392dffcd27,2026-06-12,basic,200,ok,1788446606
4de3eeaefe77a949a1dd48977069a70d,2026-06-12,basic,200,ok,1788446606
1a18f0008507642f8c58d5c64d03c8ffc47ea5ffea2564f587ca830a8f71acb2,2026-06-12,basic,200,ok,1788446607
663c92931f3865c779567b4a39ac74bbefe8d04e6d233bd35cf2fabdeb93fb0d,2026-06-12,basic,200,ok,1788446608
107f521c149c8d1dce72ab4c05a7b4f7,2026-06-12,basic,200,ok,1788446608
56d8037cf56e9ff7daf450d2eb5ca742,2026-06-12,basic,200,ok,1788446609
3964212fcfeedf36160473e903eabf18,2026-06-12,basic,200,ok,1788446609
48fbec4bc4c266c094fb59058a9ac8f2efe8d04e6d233bd35cf2fabdeb93fb0d,2026-06-12,basic,200,ok,1788446610
343872a7f2bc5d1504379145281f934e,2026-06-12,basic,200,ok,1788446611
5f619cfddc76c3d18efb7699c4ea5c95,2026-06-12,basic,200,ok,1788446611
ca0bf73c8eb17abb71a2e8796de26baeefe8d04e6d233bd35cf2fabdeb93fb0d,2026-06-12,basic,200,ok,1788446612
fdc34b36f73c3fd89e772cf6d7d1232cefe8d04e6d233bd35cf2fabdeb93fb0d,2026-06-12,basic,200,ok,1788446612
ed73630a9b01b498dc6f0eff3b5bc7c1efe8d04e6d233bd35cf2fabdeb93fb0d,2026-06-12,basic,200,ok,1788446613
2683c5dbe537412f50c10a2945a54b39efe8d04e6d233bd35cf2fabdeb93fb0d,2026-06-12,basic,200,ok,1788446613
d59c7c21c8e5bccf9524ef4fd1d3598c,2026-06-12,basic,200,ok,1788446614
9f347f00cff92952a75c60ea03e586e7,2026-06-12,basic,200,ok,1788446615
9e7657476fe05f45c33401053e4f19c1efe8d04e6d233bd35cf2fabdeb93fb0d,2026-06-12,basic,200,ok,1788446615
c5fa76ba94f39703626159621e5c0d56,2026-06-12,basic,200,ok,1788446616
cfa995fdd15706df1d3a637ebff6c98c,2026-06-12,basic,200,ok,1788446617
22841b94e115a7228d9b04b28baf54e4,2026-06-12,basic,200,ok,1788446617
915ee5bd5f66969a1e4f06fa715f2443,2026-06-12,basic,200,ok,1788446618
b96bb8a982ea95436bd48e616e0ab035efe8d04e6d233bd35cf2fabdeb93fb0d,2026-06-12,basic,200,ok,1788446618
70767ecf7c83ef5cf992a28e40a44e09,2026-06-12,basic,200,ok,1788446619
ca45aa3d8dc47868bccd1409e4cb02b0,2026-06-12,basic,200,ok,1788446620
24b1930b72aff6c3e2e87180eca8a014efe8d04e6d233bd35cf2fabdeb93fb0d,2026-06-12,basic,200,ok,1788446620
51c3e92cdd83b349315729ae5fc751ec,2026-06-12,basic,200,ok,1788446621
9cd36d9cbac5931262fa54179eabc314efe8d04e6d233bd35cf2fabdeb93fb0d,2026-06-12,basic,200,ok,1788446621
6c118b4c1317084a691ea983fcb779b0,2026-06-12,basic,200,ok,1788446622
d75438f69108df549f523899a62cc71baae77432709819edb959e1fd5d1d77b4,2026-06-12,basic,200,ok,1788446623
9cb76bf8f7e0958c741178d3148d8593,2026-06-12,basic,200,ok,1788446623
0ef23f2e62f88ff098eb532133d0b554,2026-06-12,basic,200,ok,1788446624
2246bcd9a64047fb50d8d2c5eaa4f8a1efe8d04e6d233bd35cf2fabdeb93fb0d,2026-06-12,basic,200,ok,1788446625
fd627c2ce765b3adb8801845c1b102608295750b1f4857867454debc45ec9c8a,2026-06-12,basic,200,ok,1788446625
fa639be8f860227c955053cfffb94281,2026-06-12,basic,200,ok,1788446626
14ecef4e80ac828a81232a18f681f5b4,2026-06-12,basic,200,ok,1788446626
dbfdffad81d9c8f251093ed7390ffac5,2026-06-12,basic,200,ok,1788446627
40ee830dd76b647e0a614cfdc26fd3ffefe8d04e6d233bd35cf2fabdeb93fb0d,2026-06-12,basic,200,ok,1788446628
c4b8a3ddc7a818b5efef35c92b79d715efe8d04e6d233bd35cf2fabdeb93fb0d,2026-06-12,basic,200,ok,1788446628
a0fde17f44a0ee3b771cb61e6e046f1aefe8d04e6d233bd35cf2fabdeb93fb0d,2026-06-12,basic,200,ok,1788446629
e1b19e74ab7211e0e4f7cf3f33d29aca4723574b05820acf03e7ec3162ff5bed,2026-06-12,basic,200,ok,1788446629
dc7eb5b8a163ee0cd1791b5ef301764aefe8d04e6d233bd35cf2fabdeb93fb0d,2026-06-12,basic,200,ok,1788446630
64ab0e4a6143e01663109f198bb1376aefe8d04e6d233bd35cf2fabdeb93fb0d,2026-06-12,basic,200,ok,1788446631
dffa624954cf73014751c29adc1e565d,2026-06-12,basic,200,ok,1788446631
90d4f7954bc8d5ee5fc09310a6a67a11,2026-06-12,basic,200,ok,1788446632
980246ee30088f65a3049bc9d465a6a286e68d4012202d0434d05f81868f68e3,2026-06-12,basic,200,ok,1788446632
b570927a91c2b06a0cc027dcc3394e6d,2026-06-12,basic,200,ok,1788446633
ab104888755f3eca685377541bca7f04,2026-06-12,basic,200,ok,1788446634
17ab67299b418932a347fd4d1fb56124,2026-06-12,basic,200,ok,1788446634
c7f49a936b9ba0ea6754f63ed63393ddefe8d04e6d233bd35cf2fabdeb93fb0d,2026-06-12,basic,200,ok,1788446635
ff9ab4c9d3cb1d62bdcd0be6a6cd17824723574b05820acf03e7ec3162ff5bed,2026-06-12,basic,200,ok,1788446635
3aa2b3e54842fe8959ef6b7bf5bff858efe8d04e6d233bd35cf2fabdeb93fb0d,2026-06-12,basic,200,ok,1788446636
9effcd4e73429d2399dee6c0588d4d52efe8d04e6d233bd35cf2fabdeb93fb0d,2026-06-12,basic,200,ok,1788446637
d05362eb4bf824e5b6abc339caec40fe,2026-06-12,basic,200,ok,1788446637
33575b01c021bb43d6e9d3d4aad9c73cefe8d04e6d233bd35cf2fabdeb93fb0d,2026-06-12,basic,200,ok,1788446638
9aab4dd34ad974a974fa24bd593b351aefe8d04e6d233bd35cf2fabdeb93fb0d,2026-06-12,basic,200,ok,1788446638
781f30e974310063b71f0a9d0a3349f5,2026-06-12,basic,200,ok,1788446639
cc905e22776cf6d73711b20cd2e8f2c5efe8d04e6d233bd35cf2fabdeb93fb0d,2026-06-12,basic,200,ok,1788446640
f7b147c43d7043c58db9a9fc8066adb7,2026-06-12,basic,200,ok,1788446640
24365ce57cb9b225a466181c48063762efe8d04e6d233bd35cf2fabdeb93fb0d,2026-06-12,basic,200,ok,1788446641
bff6885bacfc82ff50f6a7bccd7f8e19,2026-06-12,basic,200,ok,1788446641
6936fd4ca030970a5bd7003771a5c350,2026-06-12,basic,200,ok,1788446642
1ec19129892f9b53d257cf4bbad35507,2026-06-12,basic,200,ok,1788446643
77745eee4ad81228d18b0c204ab492d6,2026-06-12,basic,200,ok,1788446643
8562f0ac31c56d6530170ed517918cfaefe8d04e6d233bd35cf2fabdeb93fb0d,2026-06-12,basic,200,ok,1788446644
4d9042b0fa7762b0e77033513e1737a1,2026-06-12,basic,200,ok,1788446644
cc2f89af76866ea2cca854a3ada3357fefe8d04e6d233bd35cf2fabdeb93fb0d,2026-06-12,basic,200,ok,1788446645
be5766a453b5e6f97e489873ef45c4eaefe8d04e6d233bd35cf2fabdeb93fb0d,2026-06-12,basic,200,ok,1788446646
0598b4afa21414542e53f3aa665234cf,2026-06-12,basic,200,ok,1788446646
bb32f410eeed5a8e672e40ee48ec22e1,2026-06-12,basic,200,ok,1788446647
acc334dbfaadd2eda10b9431f9ebf37e,2026-06-12,basic,200,ok,1788446647
22a7e4deeabc7cf283c99f4e25058dc5efe8d04e6d233bd35cf2fabdeb93fb0d,2026-06-12,basic,200,ok,1788446648
b80fc3897be9385cd115e4e56517abf2,2026-06-12,basic,200,ok,1788446649
2da87066cf4c86508ae045c862ea752d,2026-06-12,basic,200,ok,1788446649
529db648dae3c5cccb139e15d42ed8b8,2026-06-12,basic,400,http_400,1788446650
ec4fd76f1a0de4ce3011720dad228eee,2026-06-12,basic,200,ok,1788446650
c713b35f0eb40bcf0b51ae0ad9fffff8e85e07f9d5d276f44440847eec04ba68,2026-06-12,basic,200,ok,1788446651
0b13c583f7837587a8ddf040c8f20d46,2026-06-12,basic,200,ok,1788446652
f097cf9778b1f8835f6ae5314a984994efe8d04e6d233bd35cf2fabdeb93fb0d,2026-06-12,basic,200,ok,1788446652
0dc0ae97a8c983d98842377497ff0a65efe8d04e6d233bd35cf2fabdeb93fb0d,2026-06-12,basic,200,ok,1788446653
b071b74842dab651620671c304f40b46,2026-06-12,basic,200,ok,1788446653
c1bbe24439a61b753999806ca756e585efe8d04e6d233bd35cf2fabdeb93fb0d,2026-06-12,basic,200,ok,1788446654
a1774c420e735028ef740c8ade756adfefe8d04e6d233bd35cf2fabdeb93fb0d,2026-06-12,basic,200,ok,1788446654
f8dbe30c52c67f2f5516b4fbb19da824,2026-06-12,basic,200,ok,1788446655
cdbf81513119fca5359b3ac050f3e29befe8d04e6d233bd35cf2fabdeb93fb0d,2026-06-12,basic,200,ok,1788446656
1bd2928b8d8129d097a1d799736fb6f8efe8d04e6d233bd35cf2fabdeb93fb0d,2026-06-12,basic,200,ok,1788446656
c33d67ce9481126d6d43782bbd38aa82,2026-06-12,basic,200,ok,1788446657
14adc9e51f502dd3a4414b66858e0edcefe8d04e6d233bd35cf2fabdeb93fb0d,2026-06-12,basic,200,ok,1788446657
8075b5547ec2e59a72000980458ecf35,2026-06-12,basic,200,ok,1788446658
5b62606a5155f9dd3941a4e31228dd9a,2026-06-12,basic,200,ok,1788446659
43ed8415a09a054c8d16937febef8851,2026-06-12,basic,200,ok,1788446659
a2d4e618901506e4263bd1667b607720,2026-06-12,basic,200,ok,1788446660
20ae4045321bf450e957877a484cc068,2026-06-12,basic,200,ok,1788446660
749d0a2b099c6d3cb65218b02c1f4234,2026-06-12,basic,200,ok,1788446661
341f2f81f32bb8dc520fd820284c9c1a,2026-06-12,basic,200,ok,1788446662
13cf45db8f66b4f37ac54b95a980454defe8d04e6d233bd35cf2fabdeb93fb0d,2026-06-12,basic,200,ok,1788446662
20cf46d2324f864cd22b2c7ee55e5efe,2026-06-12,basic,200,ok,1788446663
48c2fb144f5f7f683694ebbcef013d4cefe8d04e6d233bd35cf2fabdeb93fb0d,2026-06-12,basic,200,ok,1788446664
626e0dbad7b9458fe7da186a3e68daad,2026-06-12,basic,200,ok,1788446664
011952046342c41c3cc7873059f937d0,2026-06-12,basic,200,ok,1788446665
4530f63c6d2db115dfb6a82f3a00802a3663933da92e7566c55104ec9ac2894d,2026-06-12,basic,200,ok,1788446665
456546e438f0fda44ef7cf94d2aa0ae8c47ea5ffea2564f587ca830a8f71acb2,2026-06-12,basic,200,ok,1788446666
de6f8181498b858c8071728c891b3ea5,2026-06-12,basic,200,ok,1788446667
46f89255dba4d53a4d1d704d64a18049efe8d04e6d233bd35cf2fabdeb93fb0d,2026-06-12,basic,200,ok,1788446667
275776a5d37ec697bcd33754a62c440f,2026-06-12,basic,200,ok,1788446668
40524d5682ca511ed0c3aa6f0c9ec82f,2026-06-12,basic,200,ok,1788446668
ebe01e17557106cf1681730d6fb262a5,2026-06-12,basic,200,ok,1788446669
f10258d9fbc92296e76dca3ae8eff28fefe8d04e6d233bd35cf2fabdeb93fb0d,2026-06-12,basic,200,ok,1788446670
7c026aa5df848e6005f1cadea6b05b7c,2026-06-12,basic,200,ok,1788446670
9031fc4043cece329734c23bfa1b5937efe8d04e6d233bd35cf2fabdeb93fb0d,2026-06-12,basic,200,ok,1788446671
f0b48b57ab7b02a598854c00473e3117,2026-06-12,basic,200,ok,1788446672
ce130764aace6d34f65470e16a200711aae77432709819edb959e1fd5d1d77b4,2026-06-12,basic,200,ok,1788446672
cc628da2bae88915a1852280940c33c1,2026-06-12,basic,200,ok,1788446673
31b11bcbff37f606abd51f279c83b843,2026-06-12,basic,200,ok,1788446673
8c22c0718d29c49a35840b47888fcab3efe8d04e6d233bd35cf2fabdeb93fb0d,2026-06-12,basic,200,ok,1788446674
deac83da3ad038653b044abfa5ff4195,2026-06-12,basic,200,ok,1788446675
71a9617e43160912092dee2b0d254445a2186d8e7cf7a6ee152d97cc78f2ae8b,2026-06-12,basic,200,ok,1788446675
497a3fdba6d62ede489cbecdd312d39dfd842dab14be2a956555625b37c97bff,2026-06-12,basic,200,ok,1788446676
e55334fdfe6478f08bc35361592262b0,2026-06-12,basic,200,ok,1788446676
9c5f2f8d67c23852d45da9de103e365eefe8d04e6d233bd35cf2fabdeb93fb0d,2026-06-12,basic,200,ok,1788446677
a53a42f07708ebae37b8ac6d7960b114,2026-06-12,basic,200,ok,1788446678
7016fd00b3104adce048c0a3f52a39d5,2026-06-12,basic,200,ok,1788446678
299a0333e911bc9ad2b6b9ca8da64440efe8d04e6d233bd35cf2fabdeb93fb0d,2026-06-12,basic,200,ok,1788446679
18cb30c1846cb07d4301b12fb36f56dc,2026-06-12,basic,200,ok,1788446679
c463d28a20e7e17a5a476039e2d10c16,2026-06-12,basic,200,ok,1788446680
452273f5d7978c3a0c2e4999cc5ed7d2efe8d04e6d233bd35cf2fabdeb93fb0d,2026-06-12,basic,200,ok,1788446681
b9b52ef9aec18bfd06b0e1659d7c92d5,2026-06-12,basic,200,ok,1788446681
aa93fbdf56bd0ad5c8f2c97d6fb31db5,2026-06-12,basic,200,ok,1788446682
0aa6896bcd1259d4473ee561c4f93031,2026-06-12,basic,200,ok,1788446682
32cccfae7c6a4fcfc16190e110157d4c,2026-06-12,basic,200,ok,1788446683
d58f916e4b606d84c04fa305b1c999fb,2026-06-12,basic,200,ok,1788446684
39d2f8af2544ebc8dad5e5d9aa4d1b00,2026-06-12,basic,200,ok,1788446684
219e12ff6de6c1d02ffb238d014b0fb8,2026-06-12,basic,200,ok,1788446685
b27f1f2b861447a3d9e59e0e7002b7f1,2026-06-12,basic,200,ok,1788446685
79baa3faa63af29591f1310fd1f90889efe8d04e6d233bd35cf2fabdeb93fb0d,2026-06-12,basic,200,ok,1788446686
0819c074134191d8a8d34603c42b2cc1efe8d04e6d233bd35cf2fabdeb93fb0d,2026-06-12,basic,200,ok,1788446687
fc2736a7e05b1b3c2882ee0ee5da7c0aaae77432709819edb959e1fd5d1d77b4,2026-06-12,basic,200,ok,1788446687
aae59973d85335671ca4f2065798581c,2026-06-12,basic,200,ok,1788446688
5dcd56636e533af97f36715a20357601,2026-06-12,basic,200,ok,1788446688
61668637c76b2fee59cf483e22c11dd9,2026-06-12,basic,200,ok,1788446689
77bdbdc5b88053ab03ae72a3c6d7d272,2026-06-12,basic,200,ok,1788446690
398c0e2963c372228495252b08c4489d,2026-06-12,basic,200,ok,1788446690
9b9458a2035d9b902050421ed4ca08e7,2026-06-12,basic,200,ok,1788446691
a6599d0f722025faca0efae15f46526befe8d04e6d233bd35cf2fabdeb93fb0d,2026-06-12,basic,200,ok,1788446692
5178787b2127e17de717350b25b376b4,2026-06-12,basic,200,ok,1788446692
077003853a41c65e450035c85d1b69f2efe8d04e6d233bd35cf2fabdeb93fb0d,2026-06-12,basic,200,ok,1788446693
231078667cfb3c2dcb76bea02d9fbd2f,2026-06-12,basic,200,ok,1788446693
97237c582c97b3106c8e81808c5efca8efe8d04e6d233bd35cf2fabdeb93fb0d,2026-06-12,basic,200,ok,1788446694
51bc5e998baa2ce32eaaf2f8a0261e4defe8d04e6d233bd35cf2fabdeb93fb0d,2026-06-12,basic,200,ok,1788446695
89a10ad8cc73644fc5feb628c992b06fefe8d04e6d233bd35cf2fabdeb93fb0d,2026-06-12,basic,200,ok,1788446695
c4210a30e7876d8139ec8d5653d68e3d,2026-06-12,basic,200,ok,1788446696
74c3b8cb09fee16c7d6d8c3c1c4c692f,2026-06-12,basic,200,ok,1788446696
3575ccaa17779f325eb3b21fd85a39eeefe8d04e6d233bd35cf2fabdeb93fb0d,2026-06-12,basic,200,ok,1788446697
d236db0de3630804fcf25bf5eabfbd11efe8d04e6d233bd35cf2fabdeb93fb0d,2026-06-12,basic,200,ok,1788446697
f773390cfac14639fd73749e7ae6e981e85e07f9d5d276f44440847eec04ba68,2026-06-12,basic,200,ok,1788446698
84a4342a7a66c9101d26575fdc22ab58efe8d04e6d233bd35cf2fabdeb93fb0d,2026-06-12,basic,200,ok,1788446699
05744da4d25f8ded7db91c553c174a80efe8d04e6d233bd35cf2fabdeb93fb0d,2026-06-12,basic,200,ok,1788446699
9b87a375591c45a0fd3c60bbd1954161,2026-06-12,basic,200,ok,1788446700
026b37f00a14206685c1dc6cc20f2ac4,2026-06-12,basic,200,ok,1788446700
29b96c5c104ebdc287fa638db2e5f56c,2026-06-12,basic,200,ok,1788446701
774d61087696544e6aba63f8015bd423,2026-06-12,basic,200,ok,1788446701
1df12dfc552c3d123a3550b60d78abf9c47ea5ffea2564f587ca830a8f71acb2,2026-06-12,basic,200,ok,1788446702
02218ed331e0b37be1177e4daa465c7befe8d04e6d233bd35cf2fabdeb93fb0d,2026-06-12,basic,200,ok,1788446703
a76fe5409d471f2477e888e9ba09b48d6fbb98200a15be5bcc73a64995849e9c,2026-06-12,basic,200,ok,1788446703
f2a9d3b40416f6a8a7afe8c1871c057aefe8d04e6d233bd35cf2fabdeb93fb0d,2026-06-12,basic,200,ok,1788446704
e31b3c6afeccba5e7fd612973e8f2e6a,2026-06-12,basic,200,ok,1788446704
af818f3e214ef623ea6ee27d04cd039eefe8d04e6d233bd35cf2fabdeb93fb0d,2026-06-12,basic,200,ok,1788446705
002e09cacb44d4e36c880b62dd454584,2026-06-12,basic,200,ok,1788446706
faf8ab2b8d8f01325e8b84adde6b7df3efe8d04e6d233bd35cf2fabdeb93fb0d,2026-06-12,basic,200,ok,1788446706
2a46de2176f6d01fafb6e8f39a6654e9,2026-06-12,basic,200,ok,1788446707
bd1b289d646974d51c255ddadf434cfb,2026-06-12,basic,200,ok,1788446708
22fa89d61007810fc5eb1a548a45f176,2026-06-12,basic,200,ok,1788446708
d658a1d898410d9343f0d3c0c4cb0987efe8d04e6d233bd35cf2fabdeb93fb0d,2026-06-12,basic,200,ok,1788446709
802295633e902cdffa3c864525226e93,2026-06-12,basic,200,ok,1788446710
19ee8376461e4e3d3504c8a3887b8007,2026-06-12,basic,200,ok,1788446710
b337eab34fcead9b01c6d2f44bfe655a,2026-06-12,basic,200,ok,1788446711
4c7a4702fab31399b26eea2de8249bfd,2026-06-12,basic,200,ok,1788446711
ce30e9957cb3fc25d2ba4f178103d41b,2026-06-12,basic,200,ok,1788446712
b2510850189b6b332a241aa440682225,2026-06-12,basic,200,ok,1788446713
2ab1d52dfb9a2b08a4b2876a570615b7,2026-06-12,basic,200,ok,1788446713
97fc2ac18172aa37d4237c0f61f68d2c,2026-06-12,basic,200,ok,1788446714
c20021b1694bd9aad5407c79700f38c4,2026-06-12,basic,200,ok,1788446715
dbd82ad31c5f946c5968940797fc4fb0,2026-06-12,basic,200,ok,1788446715
71b91d7b6960c81436565660fbe8e3b1,2026-06-12,basic,200,ok,1788446716
01482598804711f6504f2a648e3b1417efe8d04e6d233bd35cf2fabdeb93fb0d,2026-06-12,basic,200,ok,1788446716
f2b502bb937c50ef906e7c80d94d29c3efe8d04e6d233bd35cf2fabdeb93fb0d,2026-06-12,basic,200,ok,1788446717
89791f7ab861dbe46ff07093683b36a2efe8d04e6d233bd35cf2fabdeb93fb0d,2026-06-12,basic,200,ok,1788446718
ffc07c0a42fc1461e49c480ddc0fa216,2026-06-12,basic,200,ok,1788446718
0bc404add8e3f245d94d1e222ad89f4b,2026-06-12,basic,200,ok,1788446719
4e6055098955915f155305928b5be928efe8d04e6d233bd35cf2fabdeb93fb0d,2026-06-12,basic,200,ok,1788446719
2e686b36bc68482eca5eabc25495a761,2026-06-12,basic,200,ok,1788446720
6686633ddab988c3857a3c74e932d8ca,2026-06-12,basic,200,ok,1788446721
ccdbcb45a9848605ffc565da3a14352cefe8d04e6d233bd35cf2fabdeb93fb0d,2026-06-12,basic,200,ok,1788446721
9c22a3b061f2cc68d0046e9ff12010b7efe8d04e6d233bd35cf2fabdeb93fb0d,2026-06-12,basic,200,ok,1788446722
3e45f9fff9fc1abf962dde2f5cebc9bd,2026-06-12,basic,200,ok,1788446723
7cd50cc5d424d5bd91d10ac17f4aa672,2026-06-12,basic,200,ok,1788446723
d90bdb95ba602b8ba8b4af9984f30113,2026-06-12,basic,200,ok,1788446724
3396ac20ee6b13736f581ef2ba97e4b2efe8d04e6d233bd35cf2fabdeb93fb0d,2026-06-12,basic,200,ok,1788446724
e27a537165164fc045feba072fb8a451,2026-06-12,basic,200,ok,1788446725
7b573dd438474e9c5654664e0da8ab2c,2026-06-12,basic,200,ok,1788446725
fde6e7b69aea0379ac893c423a63fa4cefe8d04e6d233bd35cf2fabdeb93fb0d,2026-06-12,basic,200,ok,1788446726
97d54bdb81ca72e5ee04bb4fc470773286e68d4012202d0434d05f81868f68e3,2026-06-12,basic,200,ok,1788446727
38ab2ccf366008a331511dc52cd0e0caaae77432709819edb959e1fd5d1d77b4,2026-06-12,basic,200,ok,1788446727
0abec384720efa340fa1dec337df8780,2026-06-12,basic,200,ok,1788446728
5469179dc5550667136352bafb62cc35efe8d04e6d233bd35cf2fabdeb93fb0d,2026-06-12,basic,200,ok,1788446728
d322177d0d28809b448df45aca84c7ba,2026-06-12,basic,200,ok,1788446729
eff975d64b85b79179cc4f90e8893421efe8d04e6d233bd35cf2fabdeb93fb0d,2026-06-12,basic,200,ok,1788446730
7cad6568a9b2b2016f1b2d25c57f679e,2026-06-12,basic,200,ok,1788446730
3365644493488f678c05417ac8314ea0efe8d04e6d233bd35cf2fabdeb93fb0d,2026-06-12,basic,200,ok,1788446731
05c7bd6a8c27a99ee6365c90178b8ac7,2026-06-12,basic,200,ok,1788446732
75f75e96d1b3c497d6587e9c625b39da,2026-06-12,basic,200,ok,1788446732
8a23d93936f2632b6db308cd0883fc53,2026-06-12,basic,200,ok,1788446733
cd7dbc1f9df26a752dd243d8933e3306efe8d04e6d233bd35cf2fabdeb93fb0d,2026-06-12,basic,200,ok,1788446733
2a93e3de2a0d2be921db129e5b262e4cefe8d04e6d233bd35cf2fabdeb93fb0d,2026-06-12,basic,200,ok,1788446734
27e89ba81265a483c3c18559b517c81d,2026-06-12,basic,200,ok,1788446735
98fd8194b49b8c68ed013424a16f9f88efe8d04e6d233bd35cf2fabdeb93fb0d,2026-06-12,basic,200,ok,1788446735
b8fb991ac33bb357f17b911517b24a30efe8d04e6d233bd35cf2fabdeb93fb0d,2026-06-12,basic,200,ok,1788446736
cb07d788840dc65eaa2a1ad1835eb28e,2026-06-12,basic,200,ok,1788446736
4772705c7c623e6a7679922f23f334bc,2026-06-12,basic,200,ok,1788446737
72241b7161790545cc61a77bb2b80862,2026-06-12,basic,200,ok,1788446738
8dc61407bf1114f887a6c68d921ea4724723574b05820acf03e7ec3162ff5bed,2026-06-12,basic,200,ok,1788446738
36fd9436306d69ceaa20b114f956bc97,2026-06-12,basic,200,ok,1788446739
6f2dec7f823dcf1256d7e70f9bde8340efe8d04e6d233bd35cf2fabdeb93fb0d,2026-06-12,basic,200,ok,1788446739
f4da4393a34142334e29bf9b0091986d,2026-06-12,basic,200,ok,1788446740
4ea842c9860e815f460392ce49b8bad4efe8d04e6d233bd35cf2fabdeb93fb0d,2026-06-12,basic,200,ok,1788446741
982dc7a6471454c31036731b5f85501eefe8d04e6d233bd35cf2fabdeb93fb0d,2026-06-12,basic,200,ok,1788446741
c85feb124b45bf112ebd638ad53f16f6,2026-06-12,basic,200,ok,1788446742
6855066d677f4d82c718b51f44792155efe8d04e6d233bd35cf2fabdeb93fb0d,2026-06-12,basic,200,ok,1788446742
7546ef4227f74639b2f8ea867c6b72d2efe8d04e6d233bd35cf2fabdeb93fb0d,2026-06-12,basic,200,ok,1788446743
4b5700125c53beaf5e5251e2eb4ddc83efe8d04e6d233bd35cf2fabdeb93fb0d,2026-06-12,basic,200,ok,1788446744
bba1341aa50b301c4d6160b1291f7d5c,2026-06-12,basic,200,ok,1788446744
0de998c4c90a4654fe83822ac0d0f6df,2026-06-12,basic,200,ok,1788446745
55958493586d2f806e8d503019cdbe74aae77432709819edb959e1fd5d1d77b4,2026-06-12,basic,200,ok,1788446745
243d1870c8f462892d4b596e228204db,2026-06-12,basic,200,ok,1788446746
58567c20a9b9264c55b7974a507d649e,2026-06-12,basic,200,ok,1788446747
8e117feaa5120da881beeb39a48f0a1d,2026-06-12,basic,200,ok,1788446747
5e5edaf83103f06a1e75a82e07de3447,2026-06-12,basic,200,ok,1788446748
b9b93ebba3cd7b8eb3ba72bf6fe5a8b8,2026-06-12,basic,200,ok,1788446749
696777d67fcdca152f17a780deba41818295750b1f4857867454debc45ec9c8a,2026-06-12,basic,200,ok,1788446749
4ac5472cf8a5ecc33888fdee25a4a58fefe8d04e6d233bd35cf2fabdeb93fb0d,2026-06-12,basic,200,ok,1788446750
a7fb7efa4ac323707c3180540665021f,2026-06-12,basic,200,ok,1788446750
acfa0f288ed6ca09d34795660d6c4535,2026-06-12,basic,200,ok,1788446751
32cbd2d6bc4ad087ea7ef1cea4b4cb2c,2026-06-12,basic,200,ok,1788446752
fba605fe635ab057d3b0b6106f8ceace,2026-06-12,basic,200,ok,1788446752
1cd09dc2931f3e095709632706675ef6efe8d04e6d233bd35cf2fabdeb93fb0d,2026-06-12,basic,200,ok,1788446753
aee7b16c302ffbe83af9390286ca0585efe8d04e6d233bd35cf2fabdeb93fb0d,2026-06-12,basic,200,ok,1788446753
138e2e73bb51b6feb41f41b3645d3b37,2026-06-12,basic,200,ok,1788446754
3ac483f377327b12cc309696f80171bf,2026-06-12,basic,200,ok,1788446755
0500548d5926a8c45ca76731ebd2dd99,2026-06-12,basic,200,ok,1788446755
b021955e657b3b094cf9be4e56a21828,2026-06-12,basic,200,ok,1788446756
56b69d6f9993367680d5ed87f9a961fe,2026-06-12,basic,200,empty,1788446756
47a966bff577aca778ca725ef1c1b39f,2026-06-12,basic,200,ok,1788446757
af29a70e3157067dc92eab193a6b498f,2026-06-12,basic,200,ok,1788446758
31ef1536f8eb51c4c8f0f097f351340a,2026-06-12,basic,200,ok,1788446758
3813f5718f9b65eb552b469b2a2d7fba,2026-06-12,basic,200,ok,1788446759
6c799019b8aaf1901ac36199e75f8672,2026-06-12,basic,200,ok,1788446759
3af4520b8c5e5177f8fa947c12edb050,2026-06-12,basic,200,ok,1788446760
675660bc22a5ab48adb55433494f2019,2026-06-12,basic,200,ok,1788446761
45daaa371f8296fb05f31f7478af5776efe8d04e6d233bd35cf2fabdeb93fb0d,2026-06-12,basic,200,ok,1788446761
9f73a59397519575770016ed377f7915,2026-06-12,basic,200,ok,1788446762
d42092067ce94e3fef8dc163ddefee64,2026-06-12,basic,200,ok,1788446762
4078c38d50f0bee2fddeb6663e285498efe8d04e6d233bd35cf2fabdeb93fb0d,2026-06-12,basic,200,ok,1788446763
3d46d0218d40e0ede69d687fdad9f2d5efe8d04e6d233bd35cf2fabdeb93fb0d,2026-06-12,basic,200,ok,1788446763
714d6970c253e43434fa6a58cb635593,2026-06-12,basic,200,ok,1788446764
94c447d47a5e5caa41084f87cd3e4c3a,2026-06-12,basic,200,ok,1788446765
60e87f3d1465d85f12ef1b84efa09db9,2026-06-12,basic,200,ok,1788446765
970a93c18abb23bcaeb36d30681fff5eefe8d04e6d233bd35cf2fabdeb93fb0d,2026-06-12,basic,200,ok,1788446766
643467156b1054b6ffcf78c251c8028e,2026-06-12,basic,200,ok,1788446766
7a7d0ef9e9a74fd21708a27f9bd15cf88295750b1f4857867454debc45ec9c8a,2026-06-12,basic,200,ok,1788446767
dba2ae0463c8dcda77164704cfd93ced,2026-06-12,basic,200,ok,1788446768
9ff5df122004c4a68f8c00c0df29bc5f4723574b05820acf03e7ec3162ff5bed,2026-06-12,basic,200,ok,1788446768
960e0cd039c51e1fcbbccf3d42315b40efe8d04e6d233bd35cf2fabdeb93fb0d,2026-06-12,basic,200,ok,1788446769
1e1e6d380cf3e0eefc585fde71531fc7efe8d04e6d233bd35cf2fabdeb93fb0d,2026-06-12,basic,200,ok,1788446769
798b4448ff8d6d24c3328dc80b1f7a64efe8d04e6d233bd35cf2fabdeb93fb0d,2026-06-12,basic,200,ok,1788446770
b4b62f28b8f8c532ef1d0cfd9dd774aa,2026-06-12,basic,200,ok,1788446770
674d08e9f0a213fffdbd557aca762a6b,2026-06-12,basic,200,ok,1788446771
fe6cb6e6a75968d640cff2a962e594c2,2026-06-12,basic,200,ok,1788446772
8a2e84b80fe6905000e98192ef67970c,2026-06-12,basic,200,ok,1788446772
009452683327635678c4e7072ea3b5ddfd842dab14be2a956555625b37c97bff,2026-06-12,basic,200,ok,1788446773
965a7906f01c44d559eaf1e152c6233befe8d04e6d233bd35cf2fabdeb93fb0d,2026-06-12,basic,200,ok,1788446773
bee59a747cfd3e313d3a46564455a9de,2026-06-12,basic,200,ok,1788446774
5136df174c4fa5aac607fd672165715c,2026-06-12,basic,200,ok,1788446775
42a63089bb5bf3ab6009132930a4f316,2026-06-12,basic,200,ok,1788446775
41ff005620eff7448feb108cf025128befe8d04e6d233bd35cf2fabdeb93fb0d,2026-06-12,basic,200,ok,1788446776
922598339a2c72f6053e262521b8febcefe8d04e6d233bd35cf2fabdeb93fb0d,2026-06-12,basic,200,ok,1788446777
20ce26f87d0371ec99a9d4238ab82e2ba2186d8e7cf7a6ee152d97cc78f2ae8b,2026-06-12,basic,200,ok,1788446777
509a79ef02dbc9a6159501e55f427c4a,2026-06-12,basic,200,ok,1788446778
dfa241c42fbd49ea77dc633f46a5c711,2026-06-12,basic,200,ok,1788446778
4b1fe976b133be2f829a9a7537000ec4efe8d04e6d233bd35cf2fabdeb93fb0d,2026-06-12,basic,200,ok,1788446779
c914432467b8c5d4cc25fd603f77fd14efe8d04e6d233bd35cf2fabdeb93fb0d,2026-06-12,basic,200,ok,1788446780
f6ebfb751618dc1683a17d2a82f895fb,2026-06-12,basic,200,ok,1788446780
dd3356900e3eb198a50ce389742b189e,2026-06-12,basic,200,ok,1788446781
cde0bdd100a4d0cc0f19467683ff3c9686e68d4012202d0434d05f81868f68e3,2026-06-12,basic,200,ok,1788446781
ecdba59cbf3b886ab3e3bbdca766a6a6efe8d04e6d233bd35cf2fabdeb93fb0d,2026-06-12,basic,200,ok,1788446782
6bdca54fa29e846e34b07a54a87f447c,2026-06-12,basic,200,ok,1788446783
79d3e834211b5a9b74fb21b8bf01ac65,2026-06-12,basic,200,ok,1788446783
cb07d5b18b59d3ac5698dedc7a69bb4a,2026-06-12,basic,200,ok,1788446784
40c61d645c0ffdb33003106737e081e74723574b05820acf03e7ec3162ff5bed,2026-06-12,basic,200,ok,1788446785
9d04424a124d544cf694e2ae3a965ec4,2026-06-12,basic,200,ok,1788446785
f290d0fbbca67fc21f99b9c4cbd087b7,2026-06-12,basic,200,ok,1788446786
d07df8e4e5e24f7cf9393e0f207570a0efe8d04e6d233bd35cf2fabdeb93fb0d,2026-06-12,basic,200,ok,1788446786
e4079ef2f9baeb2ae7dfe327a2f417f1efe8d04e6d233bd35cf2fabdeb93fb0d,2026-06-12,basic,200,ok,1788446787
8d3b178d40e32183d091ecd38a1d6ee2e85e07f9d5d276f44440847eec04ba68,2026-06-12,basic,200,ok,1788446787
ee45efa190e409cecd3bd5042c7b585befe8d04e6d233bd35cf2fabdeb93fb0d,2026-06-12,basic,200,ok,1788446788
3100158b8fd87fe59bb5f64255a800c2,2026-06-12,basic,200,ok,1788446789
b98d45ac41b1cdc2a923fe7b392c85e1,2026-06-12,basic,200,ok,1788446789
ac81eb4b0260cc3b01501cbadac3de6a,2026-06-12,basic,200,ok,1788446790
be580f4efebd9ec2609b645b7a0cee5a,2026-06-12,basic,200,ok,1788446790
038ad2cbab6f14d2c134b3881a634046efe8d04e6d233bd35cf2fabdeb93fb0d,2026-06-12,basic,200,ok,1788446791
1532ce4f3635d547e51eeb888a0463d5,2026-06-12,basic,200,ok,1788446792
773cbcd2eb9590031dda4e1b5b2a77daefe8d04e6d233bd35cf2fabdeb93fb0d,2026-06-12,basic,200,ok,1788446792
6251fde7a2d04679e1ce73354d072f5fefe8d04e6d233bd35cf2fabdeb93fb0d,2026-06-12,basic,200,ok,1788446793
4e235df4137784725e8dc78513357167,2026-06-12,basic,200,ok,1788446793
a8e50cc63caa26e15fdb23e80f6c8293,2026-06-12,basic,200,ok,1788446794
df5cd55b03b8cd0e1157e3b5224657d5,2026-06-12,basic,200,ok,1788446795
536b771f83c605eb269ded656578b364,2026-06-12,basic,200,ok,1788446795
65b23c3f18fa2371c3de2fa2a8c1158b,2026-06-12,basic,200,ok,1788446796
20d482daf0c79af6754436df8dc16c2cefe8d04e6d233bd35cf2fabdeb93fb0d,2026-06-12,basic,200,ok,1788446796
46a712ed1759e522b8d678025d294fc4efe8d04e6d233bd35cf2fabdeb93fb0d,2026-06-12,basic,200,ok,1788446797
05ddab8c3249bd493c5103ffbe9a19abefe8d04e6d233bd35cf2fabdeb93fb0d,2026-06-12,basic,200,ok,1788446798
314e84d79f382aae8d6f83042de61489,2026-06-12,basic,200,ok,1788446798
f868f2a6722a314fd07c83e10cf65ca1,2026-06-12,basic,200,ok,1788446799
6d623bf019368cf5105620edbc6f1193,2026-06-12,basic,200,ok,1788446799
bed7cfc5d2569530fcdf479f3a8f4419,2026-06-12,basic,200,ok,1788446800
0adcc935de8476267e52852c47ade6e5,2026-06-12,basic,200,ok,1788446801
0d94e84c101eae2818494c68831edc5cefe8d04e6d233bd35cf2fabdeb93fb0d,2026-06-12,basic,200,ok,1788446801
f46e5c750fbb8e1dc0168b11605cc34b,2026-06-12,basic,200,ok,1788446802
f36691fe94cf53d7b7ad465eb89d7a0aefe8d04e6d233bd35cf2fabdeb93fb0d,2026-06-12,basic,200,ok,1788446802
ef229f4cae98be48a76edd504578831a,2026-06-12,basic,200,ok,1788446803
98bea7a1a0db4e39019c6b41e67538d9efe8d04e6d233bd35cf2fabdeb93fb0d,2026-06-12,basic,200,ok,1788446804
c579af833aa247a3e506914a013d9612,2026-06-12,basic,200,ok,1788446804
6dc5720299cd1a94bd54282434bf1ff1,2026-06-12,basic,200,ok,1788446805
f93e16cd0870585b3a2fe45b89b99dd3,2026-06-12,basic,200,ok,1788446805
9100c795085ef1040352436478e0960e,2026-06-12,basic,200,ok,1788446806
b3a3f866f10d6caeb37f43b1e12047f8,2026-06-12,basic,200,ok,1788446807
fe69a223ce0c0e54b6fdf2dd416b77cd,2026-06-12,basic,200,ok,1788446807
55c0469be4d7b85ea2556ca16f8b05f7efe8d04e6d233bd35cf2fabdeb93fb0d,2026-06-12,basic,200,ok,1788446808
db13c6c2cd4037f297a6ef05a97b768dfd842dab14be2a956555625b37c97bff,2026-06-12,basic,200,ok,1788446808
34cf247e2b7e11601f7c9b65cadb6a60efe8d04e6d233bd35cf2fabdeb93fb0d,2026-06-12,basic,200,ok,1788446809
608059d5dab27142e872d368db6da100efe8d04e6d233bd35cf2fabdeb93fb0d,2026-06-12,basic,200,ok,1788446810
3de69937b2cd4e3d62e924e57d80c043,2026-06-12,basic,200,ok,1788446810
a8a385428ce5806bef78a49ad3b2b089a2186d8e7cf7a6ee152d97cc78f2ae8b,2026-06-12,basic,200,ok,1788446811
3d20d65286bea4141b2ace581fd81645,2026-06-12,basic,200,ok,1788446811
9602ed8165734f29d00ed5c4c918190baae77432709819edb959e1fd5d1d77b4,2026-06-12,basic,200,ok,1788446812
05d4a39d0022c9aa2275881d4e42185a,2026-06-12,basic,200,ok,1788446813
7f633ab773a3e5ea378159b38736ccaaefe8d04e6d233bd35cf2fabdeb93fb0d,2026-06-12,basic,200,ok,1788446813
82fb9f65dbd3f0307bf3c6b5f22c6f9a,2026-06-12,basic,200,ok,1788446814
575a8823e0354123f22d2256c0cdd7daefe8d04e6d233bd35cf2fabdeb93fb0d,2026-06-12,basic,200,ok,1788446814
d16be9464daead787307009f1297ad61,2026-06-12,basic,200,ok,1788446815
f04338bdf54453540057360ba988c9db,2026-06-12,basic,200,empty,1788446815
99701e5086b3cdaa9d9b348dd99ec2f0,2026-06-12,basic,200,ok,1788446816
afdc68fe469c9e97665dcd4d6065501a86e68d4012202d0434d05f81868f68e3,2026-06-12,basic,200,ok,1788446817
b1b271a42fc10ca0ef274cfa9c44aef2,2026-06-12,basic,200,ok,1788446817
ee899a2077b12a321e70bd2e91ec7f91,2026-06-12,basic,200,ok,1788446818
11c187a1d81e1120ed83cbb4ca2e26b6,2026-06-12,basic,200,ok,1788446818
8880b0851ba78614b38e6ba2f4ce835f,2026-06-12,basic,200,ok,1788446819
0bea9f99d918beda1764b637c4f640c1,2026-06-12,basic,200,ok,1788446819
467328170b1f94c4714b52fed6746fdaefe8d04e6d233bd35cf2fabdeb93fb0d,2026-06-12,basic,200,ok,1788446820
df04a92f3f23f465bae7e6941a0d1fe5efe8d04e6d233bd35cf2fabdeb93fb0d,2026-06-12,basic,200,ok,1788446821
568e9a1e15f0067cc4629827cbd919c8efe8d04e6d233bd35cf2fabdeb93fb0d,2026-06-12,basic,200,ok,1788446821
a6e7aa7c0d006df52e850cfbd3b730f8,2026-06-12,basic,200,ok,1788446822
f1ddaf718deb23ad2dd99f42dea76f36c47ea5ffea2564f587ca830a8f71acb2,2026-06-12,basic,200,ok,1788446823
65ff1e42af9708af156aeee9572f94d8efe8d04e6d233bd35cf2fabdeb93fb0d,2026-06-12,basic,200,ok,1788446823
d2060797eb4d660664993deba65bbec7,2026-06-12,basic,200,ok,1788446824
2907c87f38ee0a27391f097c02326915,2026-06-12,basic,200,ok,1788446824
8536039595a783d9da2c070ae91b8607efe8d04e6d233bd35cf2fabdeb93fb0d,2026-06-12,basic,200,ok,1788446825
aa00da4e2dc2753d437bc09b0afc3181,2026-06-12,basic,200,ok,1788446825
aa467c943d72808b794f7b3830d191adefe8d04e6d233bd35cf2fabdeb93fb0d,2026-06-12,basic,200,ok,1788446826
474656513f8d120d18e77b7253ec2140efe8d04e6d233bd35cf2fabdeb93fb0d,2026-06-12,basic,200,ok,1788446827
ac66aa54ce26846242fc2bce3b5c9fa7,2026-06-12,basic,200,ok,1788446827
8fbe14c8fc863c59fdffd7a8d568382e6fbb98200a15be5bcc73a64995849e9c,2026-06-12,basic,200,ok,1788446828
839499cb96e3d1d3ce1d039b40949699,2026-06-12,basic,200,ok,1788446828
8e91d20b1ac19bd65efa94ab62275a29efe8d04e6d233bd35cf2fabdeb93fb0d,2026-06-12,basic,200,ok,1788446829
56e56ccdc16c45d4dd6dd4ae771a370a,2026-06-12,basic,200,ok,1788446830
43ad00f5bbd2053d4f7f77f14a8822aa,2026-06-12,basic,200,ok,1788446830
beda5d5ec1545edf9a4d8e38b4dceeb6,2026-06-12,basic,200,ok,1788446831
2001d17819de130555367b24dee9427b,2026-06-12,basic,200,ok,1788446831
a097a145c2aed142a30d6b8005b33d2f,2026-06-12,basic,200,ok,1788446832
5fca8b54ebc787b5576562319fcd639a,2026-06-12,basic,200,ok,1788446833
a10f358027f7b1b5027e2fbde7f4f9e5,2026-06-12,basic,200,ok,1788446833
57a5b0feeba002d8a8c2f4b45e58c95e,2026-06-12,basic,200,ok,1788446834
bd5c545993516183e8c7d0c67b2aa91efd842dab14be2a956555625b37c97bff,2026-06-12,basic,200,ok,1788446835
2b6db05b12524adbc8d04fb36b1cb0b2efe8d04e6d233bd35cf2fabdeb93fb0d,2026-06-12,basic,200,ok,1788446835
edb15ed4a47b797465e58dcdb2fa9dfa,2026-06-12,basic,200,ok,1788446836
68b8e96253f360e21d19c5491c185ac6,2026-06-12,basic,200,ok,1788446836
32201e38b8a8123c66dee7f52f84dcf9,2026-06-12,basic,200,ok,1788446837
692228197a6d7ba02fd2c1ec3fb80503,2026-06-12,basic,200,ok,1788446837
f29201fd1597d5abed76623e3fc45507efe8d04e6d233bd35cf2fabdeb93fb0d,2026-06-12,basic,400,http_400,1788446838
d9141bd8fe9c1f353b1e9b1b96d64d6e,2026-06-12,basic,200,ok,1788446839
24b024ca2c5281c8d3f961f541fd7303,2026-06-12,basic,200,ok,1788446839
dfb028c405e4befad50a3f8702d229ec,2026-06-12,basic,200,ok,1788446840
26daf695c193eb0c8581c1baeff75ce7,2026-06-12,basic,200,ok,1788446840
2be60a34075b01aa7295c66d2c7dde5e,2026-06-12,basic,200,ok,1788446841
8cb2ad47c4205a5817b529f63633bd2cefe8d04e6d233bd35cf2fabdeb93fb0d,2026-06-12,basic,200,ok,1788446842
c2127235c02cc352c86e07b69621fec7efe8d04e6d233bd35cf2fabdeb93fb0d,2026-06-12,basic,200,ok,1788446842
d4872881964ffed61357fe42f19028be,2026-06-12,basic,200,empty,1788446843
64633f4b10c856967380f29674942d466fbb98200a15be5bcc73a64995849e9c,2026-06-12,basic,200,ok,1788446843
e80f275f1b83fef662b8ec51a334e0de,2026-06-12,basic,200,ok,1788446844
7a7129dcfb91518a4fe2557aefb17fbc,2026-06-12,basic,200,ok,1788446845
19f601c935da8fdc1525e549720ba862,2026-06-12,basic,200,ok,1788446845
c8af9e27e0ba3304887a13bc6ad19260efe8d04e6d233bd35cf2fabdeb93fb0d,2026-06-12,basic,200,ok,1788446846
a3f3c5b707ceb8957837ccde94fa0581,2026-06-12,basic,200,ok,1788446846
9935b053eb8d9e8ff86241fd7e0f78dcefe8d04e6d233bd35cf2fabdeb93fb0d,2026-06-12,basic,200,ok,1788446847
65eda6592e5dc500f89602194cdbded3efe8d04e6d233bd35cf2fabdeb93fb0d,2026-06-12,basic,200,ok,1788446848
92258573b64d3d0922fb106f9dccbbc2efe8d04e6d233bd35cf2fabdeb93fb0d,2026-06-12,basic,200,ok,1788446848
672082d84097f105b2c82d87ab68fec4efe8d04e6d233bd35cf2fabdeb93fb0d,2026-06-12,basic,200,ok,1788446849
f3015dc9a03728bfe079230032853566,2026-06-12,basic,200,ok,1788446849
b174ae08ca7591d562a69eb6326ef5d1,2026-06-12,basic,200,ok,1788446850
e1c8f1661857006e4244bd755825b4dc,2026-06-12,basic,200,ok,1788446851
69b29dcc524b4e8c8ee3b96690cc2055efe8d04e6d233bd35cf2fabdeb93fb0d,2026-06-12,basic,200,ok,1788446851
9b48dea7bdfe091f9bdde37e51867ddb,2026-06-12,basic,200,ok,1788446852
dc64314e55168de8e9ab990fe7d32d18efe8d04e6d233bd35cf2fabdeb93fb0d,2026-06-12,basic,200,ok,1788446852
570ccc00fecc100a33edee9eb0f6c58a,2026-06-12,basic,200,ok,1788446853
4b8da0e3b90b8ab5930a353a6a8061f1c47ea5ffea2564f587ca830a8f71acb2,2026-06-12,basic,200,ok,1788446854
fedfa20b03802fdd55c7b72cfe7ac559,2026-06-12,basic,200,ok,1788446854
6a0d8aa45cba8a9a74dfb1cff27e5ce5,2026-06-12,basic,200,ok,1788446855
0e62f9864e0b18394c28256438c47a5b,2026-06-12,basic,200,ok,1788446855
cd5bc7045e1d85f53548ec9fcacce98c,2026-06-12,basic,200,ok,1788446856
55182b4201dea08701cae20661addf80,2026-06-12,basic,200,ok,1788446856
ad2e6be54305807b5943c54aa2b1aa97efe8d04e6d233bd35cf2fabdeb93fb0d,2026-06-12,basic,200,ok,1788446857
3632d1f5628c1f9e1222b955a1943d54,2026-06-12,basic,200,ok,1788446858
241b58382aa97d7665680fcd8c1cb993,2026-06-12,basic,200,ok,1788446858
1cf483634215acc0bcb27953517ae34b,2026-06-12,basic,200,ok,1788446859
3b9a649e57df462ea79a92feaa870c6aefe8d04e6d233bd35cf2fabdeb93fb0d,2026-06-12,basic,200,ok,1788446859
3bbb31798d41654e89c5524b007c77fb,2026-06-12,basic,200,ok,1788446860
8dd48d6f409dbbc6bf544c64d9bbf521efe8d04e6d233bd35cf2fabdeb93fb0d,2026-06-12,basic,200,ok,1788446861
b5ce5a289a3a4755cb2a5a22f7a4214eefe8d04e6d233bd35cf2fabdeb93fb0d,2026-06-12,basic,200,ok,1788446862
39b637bdd38e55ee8d15c179985cd319,2026-06-12,basic,200,ok,1788446862
280005ec19d01f4a06b2bb8a8a0b2b96,2026-06-12,basic,200,ok,1788446863
d3c7cc11a63d4c0a3717fd24b1c08dc7efe8d04e6d233bd35cf2fabdeb93fb0d,2026-06-12,basic,200,ok,1788446863
322e0c545d3eb91bf7f939b35dfc184befe8d04e6d233bd35cf2fabdeb93fb0d,2026-06-12,basic,200,ok,1788446864
8b090fbdceacf97077b6678ed8100ec7,2026-06-12,basic,200,ok,1788446864
0c99b7e9b37bdcb557a3e4361ea56708efe8d04e6d233bd35cf2fabdeb93fb0d,2026-06-12,basic,200,ok,1788446865
5b7afbb5313a8b9f84e70f0eb229d18d,2026-06-12,basic,200,ok,1788446866
709d6926130a74558315133ec7ab321d,2026-06-12,basic,200,ok,1788446866
a84862a8a9620cd3d921d84cb4274449,2026-06-12,basic,200,ok,1788446867
c9c1ad087e126782e3020792c7e0902f,2026-06-12,basic,200,ok,1788446867
da4018f60cec64d9e61da0f65b543132,2026-06-12,basic,200,ok,1788446868
9d2d16fa2f98350b0ea99bd3abb2a615efe8d04e6d233bd35cf2fabdeb93fb0d,2026-06-12,basic,200,ok,1788446869
889afe1cda281a63a7146078a8ceb9d5,2026-06-12,basic,200,ok,1788446869
a061be6603cf6d1a99c6949b57356ddb,2026-06-12,basic,200,ok,1788446870
6aa175852e53cf84803c974eee2b8dfcefe8d04e6d233bd35cf2fabdeb93fb0d,2026-06-12,basic,200,ok,1788446870
c89c38becb1565d489bced60c2d9fb84,2026-06-12,basic,200,ok,1788446871
9b60a85137c2f44284697ed77742d8a2,2026-06-12,basic,200,ok,1788446872
58fe1e8e011f0fb10b7e7ce62cb39fffefe8d04e6d233bd35cf2fabdeb93fb0d,2026-06-12,basic,200,ok,1788446872
36a515fd7b3c74d542a7d51e7c1a0f41fd842dab14be2a956555625b37c97bff,2026-06-12,basic,200,ok,1788446873
162a9b0959583628786b0f3ebe2f7f2eefe8d04e6d233bd35cf2fabdeb93fb0d,2026-06-12,basic,200,ok,1788446873
b1b9017e2452ecaf2eb4fcfa39187370efe8d04e6d233bd35cf2fabdeb93fb0d,2026-06-12,basic,200,ok,1788446874
f5122e2e0b33e72f50a43376cdfdb3aa,2026-06-12,basic,200,ok,1788446875
7be0208f1e3f0ccdd28ff55bfb4303daefe8d04e6d233bd35cf2fabdeb93fb0d,2026-06-12,basic,200,ok,1788446875
efed4bdca099185b6fb399e8e64464f8,2026-06-12,basic,200,ok,1788446876
452a558d69a0f1a329976fcaa78350bf3663933da92e7566c55104ec9ac2894d,2026-06-12,basic,200,ok,1788446877
24deb8e3770b1886ffe8733d53f1157c,2026-06-12,basic,200,ok,1788446877
04144accf5ac266f535c062711cb0b92,2026-06-12,basic,200,ok,1788446878
c6f3d2592069d20c8d412efe71170b9fefe8d04e6d233bd35cf2fabdeb93fb0d,2026-06-12,basic,200,ok,1788446878
8dd2251732512d3429e5a12d8b6641163663933da92e7566c55104ec9ac2894d,2026-06-12,basic,200,ok,1788446879
39c27b36fbf58829fe724538fc47b7fa,2026-06-12,basic,200,ok,1788446879
59d7701e9b3862c5b298083b14799014,2026-06-12,basic,200,ok,1788446880
1ac56710317c491493bb4d6eed687563efe8d04e6d233bd35cf2fabdeb93fb0d,2026-06-12,basic,200,ok,1788446881
2326408a7bf304107549525fa2d3996fefe8d04e6d233bd35cf2fabdeb93fb0d,2026-06-12,basic,200,ok,1788446881
40dc677586827537bb337522d4d02c30,2026-06-12,basic,200,ok,1788446882
96d038080bd65ece45d659d0b735923a,2026-06-12,basic,200,ok,1788446882
1265116b0f0aaf2729150cc06622438e,2026-06-12,basic,200,ok,1788446883
9bfa151ffc8956e229f7760b44893598,2026-06-12,basic,200,ok,1788446884
7504fac46361f52f18230584690c3440,2026-06-12,basic,200,ok,1788446884
737d90d6a4770b9cea23294df3a44f65,2026-06-12,basic,200,ok,1788446885
3ae9f88945dbbf8cb3fd6321a6d37118,2026-06-12,basic,200,ok,1788446885
209eefc640e7feb939b8dfe8970011b2,2026-06-12,basic,200,ok,1788446886
fbc69fa93142b8036071dfc465d30357,2026-06-12,basic,200,ok,1788446887
f9f77def0d9d14b974e426e3e6e92d263663933da92e7566c55104ec9ac2894d,2026-06-12,basic,200,ok,1788446887
eafabc2429f0ab57b973331e94f9b342,2026-06-12,basic,200,ok,1788446888
b2cc916d9ee5d3eec2d8b07beaaa03f8,2026-06-12,basic,200,ok,1788446888
e4b57e5c994d3fc2636b8dbb80305f42efe8d04e6d233bd35cf2fabdeb93fb0d,2026-06-12,basic,200,ok,1788446889
e6073fa414709d2f2216bcbe21a1efbe,2026-06-12,basic,200,ok,1788446890
865173c6694a10e4498571ebd3027847,2026-06-12,basic,200,ok,1788446890
9571870c7ab6da06db11cabb2131cb75,2026-06-12,basic,200,ok,1788446891
d285619b019584125f4b431cadc715f8,2026-06-12,basic,200,ok,1788446891
6ea1a4d9f78c78465d1429c9dd49c26886e68d4012202d0434d05f81868f68e3,2026-06-12,basic,200,ok,1788446892
b0d2c3ff36cddbd5900eb7e5c51e37ab,2026-06-12,basic,200,ok,1788446893
62127b31dd8c77185c7c473ee07a75a9efe8d04e6d233bd35cf2fabdeb93fb0d,2026-06-12,basic,200,ok,1788446893
7c497043946b8a2100c2ac2aa93b8f4e,2026-06-12,basic,200,ok,1788446894
4101e2339fbcfbe21d87052ac5895402efe8d04e6d233bd35cf2fabdeb93fb0d,2026-06-12,basic,200,ok,1788446894
ec6513dabf56669ff0bab1bed1c5bc4d,2026-06-12,basic,200,ok,1788446895
d8e70ca24be9c6d4f58f71f509e83eb1efe8d04e6d233bd35cf2fabdeb93fb0d,2026-06-12,basic,200,ok,1788446896
c4f1e22de0024667114ed7cef0054441efe8d04e6d233bd35cf2fabdeb93fb0d,2026-06-12,basic,200,ok,1788446896
c2ba9a9bb47e8776228dbcd636039bd0efe8d04e6d233bd35cf2fabdeb93fb0d,2026-06-12,basic,200,ok,1788446897
ccc8a066278aec1ee31532569c7efad6,2026-06-12,basic,200,ok,1788446897
4ccd881a67b9074928707cf8f5a2263e,2026-06-12,basic,200,ok,1788446898
422eb18afbdc1e3d39ca824d64886b68,2026-06-12,basic,200,ok,1788446898
5eb910b6cc8e32223d5ab5ead034df12,2026-06-12,basic,200,ok,1788446899
10e083e0d082aa37ff694ad07a8de83eefe8d04e6d233bd35cf2fabdeb93fb0d,2026-06-12,basic,200,ok,1788446900
9857c406022684cdab05dbb7e534fd9b,2026-06-12,basic,200,ok,1788446900
bb4e71331c91ac604c5543f2791ba94befe8d04e6d233bd35cf2fabdeb93fb0d,2026-06-12,basic,200,ok,1788446901
20708fcbff7a4ea3d1abc4b033edf451,2026-06-12,basic,200,ok,1788446901
5b8085061bc79ef5e294574f36148913,2026-06-12,basic,200,ok,1788446902
282c0b3c7c0be0a50df792fb272d95e4efe8d04e6d233bd35cf2fabdeb93fb0d,2026-06-12,basic,200,ok,1788446903
34d2b1678756b21d77dc8ad4e8623f9a,2026-06-12,basic,200,ok,1788446903
7018404a05eb7e299c808ab7c9fefd3b,2026-06-12,basic,200,ok,1788446904
22997fd66675e6301529a0933aafd70f,2026-06-12,basic,200,ok,1788446904
0672cc201b26f19d08a4e0338eb2f18d,2026-06-12,basic,200,ok,1788446905
0aebbbdc499d652568e41bfe687796eeefe8d04e6d233bd35cf2fabdeb93fb0d,2026-06-12,basic,200,ok,1788446905
9fa69cb2f4fab3cb2f24e7698b77b553,2026-06-12,basic,200,ok,1788446906
c0513258d756d8558d46989f9d04c096,2026-06-12,basic,200,ok,1788446907
796b8c249be4a695b237f05e61ff374e,2026-06-12,basic,200,ok,1788446907
aae100913d3ab2aa235bb1b243fcf107,2026-06-12,basic,200,ok,1788446908
21ba76aa05e27b7311300b0a8599a307,2026-06-12,basic,200,ok,1788446909
4d28ef5aa007eeb2991507f03a3c9f36,2026-06-12,basic,200,ok,1788446909
dfde2d809b4096b7b047f0c1960d7421,2026-06-12,basic,200,ok,1788446910
0307b022bfc7e0b7949ce27c54a78273,2026-06-12,basic,200,ok,1788446910
7b4308216f348851a2059928c938b835efe8d04e6d233bd35cf2fabdeb93fb0d,2026-06-12,basic,200,ok,1788446911
fe44d17af9e06a9410f047657232139a,2026-06-12,basic,200,ok,1788446911
f13c3c02550fc375b7ab8f3aad57dfb086e68d4012202d0434d05f81868f68e3,2026-06-12,basic,200,ok,1788446912
99a8b13961e27dcf1ada995bb52736abefe8d04e6d233bd35cf2fabdeb93fb0d,2026-06-12,basic,200,ok,1788446913
8c189af32f40b3c77a7671558119632f,2026-06-12,basic,200,ok,1788446913
c894b11e914c7a9996efb2d5e8f8f2e3,2026-06-12,basic,200,ok,1788446914
a7bf2099e0c75d5298040be62d0bcf2defe8d04e6d233bd35cf2fabdeb93fb0d,2026-06-12,basic,200,ok,1788446915
3632fdd27413f5bdd8bfd2040ce39d69efe8d04e6d233bd35cf2fabdeb93fb0d,2026-06-12,basic,200,ok,1788446915
08532845c163eea72c7b22185003330c,2026-06-12,basic,200,ok,1788446916
dd910610792ccdd733edc423231e225e,2026-06-12,basic,200,ok,1788446916
cf66fac7a8a6f6794417a0c8ca91df19,2026-06-12,basic,200,ok,1788446917
7a5798fdb7599656a2288b15b99957fb,2026-06-12,basic,200,ok,1788446918
ed2ed5957373b827994c226a4f2710c0,2026-06-12,basic,200,ok,1788446918
01aa3f3b2af981119495cde0d6aa0662,2026-06-12,basic,200,ok,1788446919
cac4a0888fadb3f23e6c85bf48178202,2026-06-12,basic,200,ok,1788446919
240d0481f2864e14c1e544ece2af2788efe8d04e6d233bd35cf2fabdeb93fb0d,2026-06-12,basic,200,ok,1788446920
362ea360f5f553a57ee311ad27258c28,2026-06-12,basic,200,ok,1788446920
430ea348a27d9ae174803c5f60e024ebefe8d04e6d233bd35cf2fabdeb93fb0d,2026-06-12,basic,200,ok,1788446921
f48df7a6108f689e82d399487a2b58e7,2026-06-12,basic,200,ok,1788446922
0273dd4cf6a680f84a5dc6b5216fa6e1efe8d04e6d233bd35cf2fabdeb93fb0d,2026-06-12,basic,200,ok,1788446922
bc89b173f4d25e3709b9365bd4bd96b4efe8d04e6d233bd35cf2fabdeb93fb0d,2026-06-12,basic,200,ok,1788446923
cbccd9d0dc57a582ccf81c409461b975efe8d04e6d233bd35cf2fabdeb93fb0d,2026-06-12,basic,200,ok,1788446923
c77fe41e5707841508f47c86e1bed079,2026-06-12,basic,200,ok,1788446924
9b3d848121384234f00838b74ca8c47b,2026-06-12,basic,200,ok,1788446925
75d1ab9ab64474fceb1c97ad84da436defe8d04e6d233bd35cf2fabdeb93fb0d,2026-06-12,basic,200,ok,1788446925
6821af4818fe446f83f0b013cb202eca6fbb98200a15be5bcc73a64995849e9c,2026-06-12,basic,200,ok,1788446926
454b382a78903c9eb796232986fa60a2efe8d04e6d233bd35cf2fabdeb93fb0d,2026-06-12,basic,200,ok,1788446927
f27443bc659d451340df33a884a26d7c,2026-06-12,basic,200,ok,1788446927
96bda04cfffa2c9aee37f8a07abd829defe8d04e6d233bd35cf2fabdeb93fb0d,2026-06-12,basic,200,empty,1788446928
94565b2cb63914cb6e6c14f890dba3a6,2026-06-12,basic,200,ok,1788446928
f9af00fd9dcd92746048f65dedb064f0a2186d8e7cf7a6ee152d97cc78f2ae8b,2026-06-12,basic,200,ok,1788446929
a7bc11fed0e07ceb652a2f1148e932ffefe8d04e6d233bd35cf2fabdeb93fb0d,2026-06-12,basic,200,ok,1788446929
679aaa2de3ebd2ced4daaadf98a72308e85e07f9d5d276f44440847eec04ba68,2026-06-12,basic,200,ok,1788446930
25d0574234c030d0da28044411914c72efe8d04e6d233bd35cf2fabdeb93fb0d,2026-06-12,basic,200,ok,1788446931
01808797056bcefa5f67744c04d8301b,2026-06-12,basic,200,ok,1788446931
3468e663acfde210e29111626dc0916e,2026-06-12,basic,200,ok,1788446932
e159db7a13d77b1f596ed8e07832c6f2,2026-06-12,basic,200,ok,1788446932
891f76e88e311a5fa2e60e60a5122177,2026-06-12,basic,200,ok,1788446933
5b057c6a659f43da8f0ff9a81dac8aaa,2026-06-12,basic,200,ok,1788446933
c7180f670f63d98e02131e8dd5153a4f,2026-06-12,basic,200,ok,1788446934
d821168c54554f49655aec0b3766c96d,2026-06-12,basic,200,ok,1788446935
653c51050b6d0681052feffa328bb1d9,2026-06-12,basic,200,ok,1788446935
1746ed5b20448d9823de7babe2981932,2026-06-12,basic,200,ok,1788446936
5d41b61917e457cd3bf9a140ea1bd22f,2026-06-12,basic,200,ok,1788446937
a61daf7d033683eda9b8ab1973a816aeefe8d04e6d233bd35cf2fabdeb93fb0d,2026-06-12,basic,200,ok,1788446937
ebdc327a992b15ffee48a92c1d22b2f2efe8d04e6d233bd35cf2fabdeb93fb0d,2026-06-12,basic,200,ok,1788446938
68748808066a5388a8dd864dfc79c150,2026-06-12,basic,200,ok,1788446938
9635615e918405eaa58e33b136283d6d,2026-06-12,basic,200,ok,1788446939
ca69c4fad31ee3666141e8c25971a9224723574b05820acf03e7ec3162ff5bed,2026-06-12,basic,200,ok,1788446940
4011a48ac86b889dadd9f405485ea6f3,2026-06-12,basic,200,ok,1788446940
fe6b2f103ed61813e5b5a3a5bd7004e0,2026-06-12,basic,200,ok,1788446941
db3cade0511875435786133c6e2304b2,2026-06-12,basic,200,ok,1788446941
7bc9a81f9a29439bf437e87f04c29750,2026-06-12,basic,200,ok,1788446942
55f9f718a4371685d0a13a4ff00b4397c47ea5ffea2564f587ca830a8f71acb2,2026-06-12,basic,200,ok,1788446942
d7c2366f7839e3588168bcf1ed5186c4,2026-06-12,basic,200,ok,1788446943
916ab54c41cd96169fe92e5ca191a423efe8d04e6d233bd35cf2fabdeb93fb0d,2026-06-12,basic,200,ok,1788446944
efdb5234a95ce07f06962b18a8c1f4ed,2026-06-12,basic,200,ok,1788446944
161dd725531ea72e4bdced7e50581b78efe8d04e6d233bd35cf2fabdeb93fb0d,2026-06-12,basic,200,ok,1788446945
855c0acf405d5417cd0d44b11fa775f6,2026-06-12,basic,200,ok,1788446946
a0c848e72c0b0ffaaee09ebf0c431b50,2026-06-12,basic,200,ok,1788446946
e38b9f3a713f6293377bdba0fa7ab9ce,2026-06-12,basic,200,ok,1788446947
998262326426f542cf4c0f63cc6723e6,2026-06-12,basic,200,ok,1788446947
1771fdb27774e1e17c6ca6aa1338d485,2026-06-12,basic,200,ok,1788446948
bb50d531278bfa01dd4a28b54c426be1aae77432709819edb959e1fd5d1d77b4,2026-06-12,basic,200,ok,1788446949
848ecdbf9bf9398dc4528da0de455bf7efe8d04e6d233bd35cf2fabdeb93fb0d,2026-06-12,basic,200,ok,1788446949
44548a5642c0d5bc6180b576b5bc2ff7aae77432709819edb959e1fd5d1d77b4,2026-06-12,basic,200,ok,1788446950
f97641adc98e2d4d44bf998ed4c3a9b2,2026-06-12,basic,200,ok,1788446950
fb36278a8ffaebcb1b7532065e950064efe8d04e6d233bd35cf2fabdeb93fb0d,2026-06-12,basic,200,ok,1788446951
56e90823eb2303a44ff7600225e49fe8,2026-06-12,basic,200,ok,1788446951
680adcb996a46a5e066515818a07d82d,2026-06-12,basic,200,ok,1788446952
f8ffbbcd39db3d1c8ca17e0beeac48bf,2026-06-12,basic,200,ok,1788446953
43f924417d96951dd1dba6a4b3f8b154efe8d04e6d233bd35cf2fabdeb93fb0d,2026-06-12,basic,200,ok,1788446953
ed984cfd7d36f61cc5b075643ea949e4,2026-06-12,basic,200,ok,1788446954
299306f6f504427314c608927700096c,2026-06-12,basic,200,ok,1788446954
b9a327f97edad30730af7ef5f2abcfa4,2026-06-12,basic,200,ok,1788446955
e57948d1c62a73d31471851e0ae6b9d3,2026-06-12,basic,200,ok,1788446956
49a3ec13d0edde5d7366f7a0ce25c012efe8d04e6d233bd35cf2fabdeb93fb0d,2026-06-12,basic,200,ok,1788446956
3c84a89441d019859ba6d1c2783bf154,2026-06-12,basic,200,ok,1788446957
ee5bd84785bd0d680621bd5bada2e4c2,2026-06-12,basic,200,ok,1788446958
0d06763a280868594c10f1639a0c2b7d,2026-06-12,basic,200,ok,1788446958
aec5596821494d9635f9d755b7e077c8fd842dab14be2a956555625b37c97bff,2026-06-12,basic,200,ok,1788446959
19ec416d3dca3f93cf2e748e76b1afdf,2026-06-12,basic,200,ok,1788446959
2c9aea595bb947f82ecf3cbb6694efd9,2026-06-12,basic,200,ok,1788446960
64fb03fa2e7a517b715c975c59d7c798,2026-06-12,basic,200,ok,1788446961
8b4c5f28028987048db20644c874baaf86e68d4012202d0434d05f81868f68e3,2026-06-12,basic,200,ok,1788446961
57d9dea80c316bfbd60bfe014ad92fcb,2026-06-12,basic,200,ok,1788446962
5327d7d5d000f3b321e26e0034244a73efe8d04e6d233bd35cf2fabdeb93fb0d,2026-06-12,basic,200,ok,1788446962
2b456b75873c37d6318e6606be020183,2026-06-12,basic,200,ok,1788446963
28d97f8c4b9f673d366ec5776e874901,2026-06-12,basic,200,ok,1788446964
71cb159790a35c023942c5e593ce97bfefe8d04e6d233bd35cf2fabdeb93fb0d,2026-06-12,basic,200,ok,1788446964
906beefdefdb6d78470d8d681faeb4d1efe8d04e6d233bd35cf2fabdeb93fb0d,2026-06-12,basic,200,ok,1788446965
5fb5297da92555ff8c151ca8ac2cfc70,2026-06-12,basic,200,ok,1788446966
2494a40a621577184f93bdd4d6d7c0a6,2026-06-12,basic,200,ok,1788446966
32b5cc2614e75c737d2f17c1150fbabeefe8d04e6d233bd35cf2fabdeb93fb0d,2026-06-12,basic,200,ok,1788446967
0c36dee223307dc9c26786441a81ccbb,2026-06-12,basic,200,ok,1788446967
9b18d285e0317f1368e8e9b4218d10c3,2026-06-12,basic,200,ok,1788446968
e26d049a0e6ea4b1e5e7b7717ee316d0,2026-06-12,basic,200,ok,1788446968
36098dff39ec064c391ce7b1fc5f0361,2026-06-12,basic,200,ok,1788446969
2eb44bb805a9231b95e48eb01006d50b,2026-06-12,basic,200,ok,1788446970
94dd98bfb473abd4f7d95b695400195a,2026-06-12,basic,200,ok,1788446970
92acb0a86468daa7f38dc72ed792b5a2efe8d04e6d233bd35cf2fabdeb93fb0d,2026-06-12,basic,200,ok,1788446971
a307f0e1794fb34edaa52da9339fcf75,2026-06-12,basic,200,ok,1788446972
b00b39efb0ef2535cce093c84672d97a,2026-06-12,basic,200,ok,1788446972
dd2aaafd5b46e1a3dd697d6fe77470c9efe8d04e6d233bd35cf2fabdeb93fb0d,2026-06-12,basic,200,ok,1788446973
58b5591c6e6f4ad815c5f58c1a103a5defe8d04e6d233bd35cf2fabdeb93fb0d,2026-06-12,basic,200,ok,1788446973
0ed9f8e372da57185e387f92fcaa68bdefe8d04e6d233bd35cf2fabdeb93fb0d,2026-06-12,basic,200,ok,1788446974
8e36ae1bfeda82d70cc0cf18dc57812a4723574b05820acf03e7ec3162ff5bed,2026-06-12,basic,200,ok,1788446975
5d045df084da5361da271a114504ef02,2026-06-12,basic,200,ok,1788446975
03ef361296479abf252f016d0855af518295750b1f4857867454debc45ec9c8a,2026-06-12,basic,200,ok,1788446976
cb79ede2f712fb7aed10eac32171fbbb,2026-06-12,basic,200,ok,1788446976
8c1738fcbd068f3c3af1debe5035d828,2026-06-12,basic,200,ok,1788446977
fddacd3893f7fa6f53d67f1321a90567,2026-06-12,basic,200,ok,1788446978
3eeb47450570af3da84ec5e1de55b2bb,2026-06-12,basic,200,ok,1788446978
089928e253555ac1bd7501a0dc6060ef,2026-06-12,basic,200,ok,1788446979
51908c2cfdcc6c012588d6dbcaaed1d93663933da92e7566c55104ec9ac2894d,2026-06-12,basic,200,ok,1788446979
45ec9920a813bc7987cf18f9e42364b3efe8d04e6d233bd35cf2fabdeb93fb0d,2026-06-12,basic,200,ok,1788446980
26e50dd53aa27e067c05d77e778b0a7d,2026-06-12,basic,200,ok,1788446981
7723bb5480b0db7120754af1e05d3cc9,2026-06-12,basic,200,ok,1788446981
14c5f43fdcf769658c1d4aabdaf8a41defe8d04e6d233bd35cf2fabdeb93fb0d,2026-06-12,basic,200,ok,1788446982
fd049be79b0c1eecbd5e5d539032a4bdefe8d04e6d233bd35cf2fabdeb93fb0d,2026-06-12,basic,200,ok,1788446982
3d6a5b10cf24574c193aa6397f595e62,2026-06-12,basic,200,ok,1788446983
afae287d9cd5d818d011b7042e088582efe8d04e6d233bd35cf2fabdeb93fb0d,2026-06-12,basic,200,ok,1788446984
eeaaa16e2c82dc238a49ac890cb5a072,2026-06-12,basic,200,ok,1788446984
a4bb192104f948b51620a33dae310581efe8d04e6d233bd35cf2fabdeb93fb0d,2026-06-12,basic,200,ok,1788446985
7c7755ca997a441de0c70264602ddb64,2026-06-12,basic,200,ok,1788446985
73e2f391f7159099c2987f271ec6a9b2,2026-06-12,basic,200,ok,1788446986
bfbdb791d9cdf485de94cb2c27cd9737efe8d04e6d233bd35cf2fabdeb93fb0d,2026-06-12,basic,200,ok,1788446987
00c4f4003c6fb0aa984aed79087eb704,2026-06-12,basic,200,ok,1788446987
f8c2f91ce554eef177b0b9f92fced182,2026-06-12,basic,200,ok,1788446988
ccaccb8b6e120d5d8ea36cc615032cf3efe8d04e6d233bd35cf2fabdeb93fb0d,2026-06-12,basic,200,ok,1788446988
35743c3e206ce25227591eeafea1160e,2026-06-12,basic,200,ok,1788446989
425faf553e5a486ca1ad42221af91b95efe8d04e6d233bd35cf2fabdeb93fb0d,2026-06-12,basic,200,ok,1788446990
71436fb1131c46acbed3be2b6525b6ddefe8d04e6d233bd35cf2fabdeb93fb0d,2026-06-12,basic,200,ok,1788446990
ade90f304f921530d11e141d129d83ec,2026-06-12,basic,200,ok,1788446991
85055c99bbc84d973ad532928c0c265e,2026-06-12,basic,200,ok,1788446991
da068fb8f2cf155df12515fd5787510defe8d04e6d233bd35cf2fabdeb93fb0d,2026-06-12,basic,200,ok,1788446992
12e0c83a92e607c8d73ab1844804a251,2026-06-12,basic,200,ok,1788446993
1740d10cf27e6e30d1d00a031f1cdd34,2026-06-12,basic,400,http_400,1788446993
1de8fbb4a01df7b5ca8c1f3c37b868f8,2026-06-12,basic,200,ok,1788446994
8b71dd1400bc409bd0abec4527f3b722,2026-06-12,basic,200,ok,1788446994
49f9283319a7676ec368bc35c0b8ee548295750b1f4857867454debc45ec9c8a,2026-06-12,basic,200,ok,1788446995
d5dcff409fc41425b1cf4dfc2c4c9417efe8d04e6d233bd35cf2fabdeb93fb0d,2026-06-12,basic,200,ok,1788446995
c2b28408934d7d9112f87b38d72810c9,2026-06-12,basic,200,ok,1788446996
6cd1e515153d2376c93e2de026aca476,2026-06-12,basic,200,ok,1788446997
7c9ca7245a6c7efca6dcdd10dec528a8,2026-06-12,basic,200,ok,1788446997
f05a56428392b6e3b6dd7f243f3c798c,2026-06-12,basic,200,ok,1788446998
19d99cb003fb3c126dd4fff2f32d0ad7efe8d04e6d233bd35cf2fabdeb93fb0d,2026-06-12,basic,200,ok,1788446998
34745b7ff97be26ce4d62a403256df22efe8d04e6d233bd35cf2fabdeb93fb0d,2026-06-12,basic,200,ok,1788446999
01ecc3fb806a7d506305bf9f32648fb3,2026-06-12,basic,200,ok,1788447000
2f288651db5906674ce2fc181b4cde1d,2026-06-12,basic,200,ok,1788447000
35cd5730fbeedd7ade7a6fc36a6888daefe8d04e6d233bd35cf2fabdeb93fb0d,2026-06-12,basic,200,ok,1788447001
1b47aa75e9ad84cc38dd090eec82efdb,2026-06-12,basic,200,ok,1788447001
76115e8cbbe074ce10c466efab8f578986e68d4012202d0434d05f81868f68e3,2026-06-12,basic,200,ok,1788447002
fa39a2e4380717410f37ef5b714cbfdeefe8d04e6d233bd35cf2fabdeb93fb0d,2026-06-12,basic,200,ok,1788447003
6b3bc9cea0699bb23c40989110dda9dcefe8d04e6d233bd35cf2fabdeb93fb0d,2026-06-12,basic,200,ok,1788447003
ec14b666a4b3b163fec6b8489ea0a674,2026-06-12,basic,200,ok,1788447004
931d2662683b6f9a4a8ee3a65c8e5826,2026-06-12,basic,200,ok,1788447004
e19463c425cad7da90221addb69721a73663933da92e7566c55104ec9ac2894d,2026-06-12,basic,200,ok,1788447005
f1a4803f68d6c7a27c27ecc06a613955efe8d04e6d233bd35cf2fabdeb93fb0d,2026-06-12,basic,200,ok,1788447005
98e3f32eff41486ad6de8bb504f33016,2026-06-12,basic,200,ok,1788447006
9a237b54374ff6edd945ff6de9d2bd60,2026-06-12,basic,200,ok,1788447007
1f90699019ce76c8d03973dcba1a0ab9,2026-06-12,basic,200,ok,1788447007
e9737e817f677d0596549b194c6c887fefe8d04e6d233bd35cf2fabdeb93fb0d,2026-06-12,basic,200,ok,1788447008
0c094a88d5308b53f9513616a6bb1cac,2026-06-12,basic,200,ok,1788447008
2c41025af72be7950e0c8e9e38c1dee6,2026-06-12,basic,200,ok,1788447009
f66b5821916e6da7b0c935db592f3487,2026-06-12,basic,200,ok,1788447010
276cf75a803003f6413fe9a059723566efe8d04e6d233bd35cf2fabdeb93fb0d,2026-06-12,basic,200,ok,1788447010
4f3b4b39c8ddd327b3b8a2b1e95eddde,2026-06-12,basic,200,ok,1788447011
e6a5cf1b0cc81316caa727fe422eb064efe8d04e6d233bd35cf2fabdeb93fb0d,2026-06-12,basic,200,ok,1788447011
968dcddc5d86513a350aab8d4d9140a4,2026-06-12,basic,200,ok,1788447012
c7d3662bebe6d8ec9daee8d1bd9543f9,2026-06-12,basic,200,ok,1788447013
dc443be24282d000511ddf124fa953ee,2026-06-12,basic,200,ok,1788447013
035b62b0ee57044e98572785cd3c4e74,2026-06-12,basic,200,ok,1788447014
6ee7904e10f99a6dbe7181f1313a36aae85e07f9d5d276f44440847eec04ba68,2026-06-12,basic,200,ok,1788447014
73b6762ea685299cceb8d785770e0f40,2026-06-12,basic,200,ok,1788447015
78279a3ff9e83c88ad292beec8f4ace2efe8d04e6d233bd35cf2fabdeb93fb0d,2026-06-12,basic,200,ok,1788447016
ec1af074a1418657891c2473f1586447,2026-06-12,basic,200,ok,1788447016
9f4cc7c9bc459a93e9b62d58436f0a07efe8d04e6d233bd35cf2fabdeb93fb0d,2026-06-12,basic,200,ok,1788447017
5ba1821568da89325981c6f0019701e8,2026-06-12,basic,200,ok,1788447017
20114dc08a25057f1344b89fada96b5c,2026-06-12,basic,200,ok,1788447018
46be0aeb3b816d1397e234d876ba6272,2026-06-12,basic,200,ok,1788447019
b90e7186b438694eb88842593be5dd63efe8d04e6d233bd35cf2fabdeb93fb0d,2026-06-12,basic,200,ok,1788447019
7264adbfb8f1f10d217b9cdea0036dd7efe8d04e6d233bd35cf2fabdeb93fb0d,2026-06-12,basic,200,ok,1788447020
39d6c04fd6be491bb625b9a813edbb8b,2026-06-12,basic,200,ok,1788447020
f31f4800461d503bd3ebfe979c3e6fa6,2026-06-12,basic,200,ok,1788447021
2c7b55465b4060cde305a1ef289b698befe8d04e6d233bd35cf2fabdeb93fb0d,2026-06-12,basic,200,ok,1788447022
f48d2514dd4023d7a163c70f92277fd8,2026-06-12,basic,200,ok,1788447022
17407aa11d3d2468cbaba396d80c3009c47ea5ffea2564f587ca830a8f71acb2,2026-06-12,basic,200,ok,1788447023
9e2f68e5cb73f579758e037ce040cb78,2026-06-12,basic,200,ok,1788447023
fcd3e605e8765abae77694b421c6b9156fbb98200a15be5bcc73a64995849e9c,2026-06-12,basic,200,ok,1788447024
4e56f66b5835028fb37686ab0c8c5d83,2026-06-12,basic,200,ok,1788447025
3d37a0a336997f9c9ffa327c0fe903e5,2026-06-12,basic,200,ok,1788447025
a1a3928a2359e7c190884629d1ec7e45,2026-06-12,basic,200,ok,1788447026
73d83a43b0ea19e4925346c058988b26,2026-06-12,basic,200,ok,1788447026
52c8d2bddbe31bc249d1cf2a25302a18,2026-06-12,basic,200,ok,1788447027
7292ed9ce45092ee0b6bf7abd4a5b2fe,2026-06-12,basic,200,ok,1788447028
68f6f08f2db0fdb966e3d6ff1582efe1,2026-06-12,basic,200,ok,1788447028
0ce5f0370e697be26f3f9b56a458df76,2026-06-12,basic,200,ok,1788447029
1fe75932ab6316da4035c3ef20f54ce786e68d4012202d0434d05f81868f68e3,2026-06-12,basic,200,ok,1788447029
4c7af6458adca6a71a8438d33c9d42aaefe8d04e6d233bd35cf2fabdeb93fb0d,2026-06-12,basic,200,ok,1788447030
2788a5ab49a709a51d2dcf42b2f7bede3663933da92e7566c55104ec9ac2894d,2026-06-12,basic,200,ok,1788447031
fd7d3dab3adc8a1ba330340e418d4978efe8d04e6d233bd35cf2fabdeb93fb0d,2026-06-12,basic,200,ok,1788447031
5fdc9225f9a5d4c9b8a9b1c34d52beebefe8d04e6d233bd35cf2fabdeb93fb0d,2026-06-12,basic,200,ok,1788447032
5d0c585c55050016b404c1a2f44be259efe8d04e6d233bd35cf2fabdeb93fb0d,2026-06-12,basic,200,ok,1788447032
eca00f7cad7fd5a70e499cf1e139010defe8d04e6d233bd35cf2fabdeb93fb0d,2026-06-12,basic,200,ok,1788447033
83123ad991de718d8389fb9363046140,2026-06-12,basic,200,ok,1788447034
2ff7c4b52828039a111d85ee800b1b53,2026-06-12,basic,200,ok,1788447034
a340605c918ec73da4494caaf0529ab0efe8d04e6d233bd35cf2fabdeb93fb0d,2026-06-12,basic,200,ok,1788447035
913c2a45be3959e40cd8ffece11fa0ecefe8d04e6d233bd35cf2fabdeb93fb0d,2026-06-12,basic,200,ok,1788447035
962049e1f1076111958854676542dfa4,2026-06-12,basic,200,ok,1788447036
01a9062276eae81b61db9574749fa14f,2026-06-12,basic,200,ok,1788447036
f948e3556aea6766588173d9e3612e6f,2026-06-12,basic,200,ok,1788447037
a4df162fe9de32e1344ca58478737716,2026-06-12,basic,200,ok,1788447038
a5a47e3c6d3418b88d1a4584b35a5a98,2026-06-12,basic,200,ok,1788447038
97bd0a2fb5986b87b029ef7e7edcec52efe8d04e6d233bd35cf2fabdeb93fb0d,2026-06-12,basic,200,ok,1788447039
fb0b512f48ff3e419016e3863822ea97efe8d04e6d233bd35cf2fabdeb93fb0d,2026-06-12,basic,200,ok,1788447039
cc0c1a86de67ed40d46c44e4cbca9959c47ea5ffea2564f587ca830a8f71acb2,2026-06-12,basic,200,ok,1788447040
64990f478b38d2be8978684908e2c19a,2026-06-12,basic,200,ok,1788447041
753535edaf421891982dde5abfeb1d4f8295750b1f4857867454debc45ec9c8a,2026-06-12,basic,200,ok,1788447041
25ed327ed43113c2366c6aabd06f5cae,2026-06-12,basic,200,ok,1788447042
805ed58fa24f956a37337016186a5f52efe8d04e6d233bd35cf2fabdeb93fb0d,2026-06-12,basic,200,ok,1788447043
0a0aea1aafb29b34584b6be844cb29e4efe8d04e6d233bd35cf2fabdeb93fb0d,2026-06-12,basic,200,ok,1788447043
1fb2029400969c0145d524208ffbcbe2,2026-06-12,basic,200,ok,1788447044
2e232d485836753cec57d0b76bce08f3,2026-06-12,basic,200,empty,1788447044
accab45d6729c4ddae6f0cefa9bc3d37efe8d04e6d233bd35cf2fabdeb93fb0d,2026-06-12,basic,200,ok,1788447045
761b3be0278221705a7471d0b1f9145b,2026-06-12,basic,200,ok,1788447045
f81a3b31334fd3b7eef0327ef5ebc7f1,2026-06-12,basic,200,ok,1788447046
5103fd5a5e561ede03df93d883dcec2d,2026-06-12,basic,200,ok,1788447047
a53ab12a216fe4337fe4ba92a95b91a8efe8d04e6d233bd35cf2fabdeb93fb0d,2026-06-12,basic,200,ok,1788447047
78e428db27a554c0141925a26623910e,2026-06-12,basic,200,ok,1788447048
e6edaa2feef4e15d350902d139b4d601,2026-06-12,basic,200,ok,1788447048
2702d81aacaa6db01ac8b751e7b19467,2026-06-12,basic,200,ok,1788447049
152b48e72916a0840bb94839b919a2d1,2026-06-12,basic,200,ok,1788447050
0655367342595b55005c3b3158923d0e,2026-06-12,basic,200,ok,1788447050
6ea4d16bdd8473d29f18ca2381723b48,2026-06-12,basic,200,ok,1788447051
510aeeafbbfca436f176f15450cb9ae5,2026-06-12,basic,200,ok,1788447051
7d010b8734965312cd0a4c224cdb0b7c,2026-06-12,basic,200,ok,1788447052
ed848164282bda01f9e2fc7ffc440ba4efe8d04e6d233bd35cf2fabdeb93fb0d,2026-06-12,basic,200,ok,1788447053
dd435ab7afe9c98fee5ed036b8782177,2026-06-12,basic,200,ok,1788447053
b6386bc3b9e3d3de273aaef02a08e967,2026-06-12,basic,200,ok,1788447054
f6c544631c36a78d58c5518d9c59178c,2026-06-12,basic,200,ok,1788447054
6200f324bea2cf91944db084079b5c8defe8d04e6d233bd35cf2fabdeb93fb0d,2026-06-12,basic,200,ok,1788447055
fc6712df371df494f0ac8758b3b558a1,2026-06-12,basic,200,ok,1788447056
8915d04a6b4d51c9ca34dc8369fb9d17efe8d04e6d233bd35cf2fabdeb93fb0d,2026-06-12,basic,200,ok,1788447056
7cdf24f9917c7484c588d6e5f8570695,2026-06-12,basic,200,ok,1788447057
d64d6a4ec16d606cd4a5eb8a42da3e78efe8d04e6d233bd35cf2fabdeb93fb0d,2026-06-12,basic,200,ok,1788447057
aabd99a8648dd8453ee515fbaa93b508,2026-06-12,basic,200,ok,1788447058
df14a27dafe56d2e899c597345fd1dafe85e07f9d5d276f44440847eec04ba68,2026-06-12,basic,200,ok,1788447059
3b911ea8a7eb1e81994d8ea57d99dcc1,2026-06-12,basic,200,ok,1788447059
ab8242ec7b203f69d1b6f543322c1208,2026-06-12,basic,200,ok,1788447060
a14c2ee695b0a0d88a65921cd0926525efe8d04e6d233bd35cf2fabdeb93fb0d,2026-06-12,basic,200,ok,1788447060
99e9cd84827cf1fff25681eb9c92021defe8d04e6d233bd35cf2fabdeb93fb0d,2026-06-12,basic,200,ok,1788447061
5de441c2df15fd7b268a7f0f2943919c,2026-06-12,basic,200,ok,1788447062
8643f1221388f11c98f824ec0bb4f351,2026-06-12,basic,200,ok,1788447062
3a5ff028204b34caa296e73f31c68604,2026-06-12,basic,200,ok,1788447063
9bdb9dbd303c0d710a0d1d2e198c3dd9,2026-06-12,basic,200,ok,1788447063
a17c5fb02a17f99a787f4a67426987d1efe8d04e6d233bd35cf2fabdeb93fb0d,2026-06-12,basic,200,ok,1788447064
34d9b59a32845212ff95b16f634ca0b3,2026-06-12,basic,200,ok,1788447064
aba231fdbe664aa914935b01fe006444,2026-06-12,basic,200,ok,1788447065
b3d449be6175a2b7ec6cd149841e01723663933da92e7566c55104ec9ac2894d,2026-06-12,basic,200,ok,1788447066
c61638b660fbc88a30311e9a9517428b,2026-06-12,basic,200,ok,1788447066
091855a7dfd79b94aa844026152a338e,2026-06-12,basic,200,ok,1788447067
a5e09d3e32d301b5d151d86c2f9cb032a2186d8e7cf7a6ee152d97cc78f2ae8b,2026-06-12,basic,200,ok,1788447067
1e1e40b746a26a64cc2305ee4531121c6fbb98200a15be5bcc73a64995849e9c,2026-06-12,basic,200,ok,1788447068
0de7137591919be1340225e9692351b3efe8d04e6d233bd35cf2fabdeb93fb0d,2026-06-12,basic,200,ok,1788447068
a15340dd6bd5480271d7e75186c2af26efe8d04e6d233bd35cf2fabdeb93fb0d,2026-06-12,basic,200,ok,1788447069
c1c49a705d3040d9acb1598f9893dea3efe8d04e6d233bd35cf2fabdeb93fb0d,2026-06-12,basic,400,http_400,1788447070
f1bbee611ce4a4611a8d8321b93ffdb36fbb98200a15be5bcc73a64995849e9c,2026-06-12,basic,200,ok,1788447070
aec74198047d3d7b39934731e4f7671aa2186d8e7cf7a6ee152d97cc78f2ae8b,2026-06-12,basic,200,ok,1788447071
70f358624c951f5d81c38c3aad3ac7cfefe8d04e6d233bd35cf2fabdeb93fb0d,2026-06-12,basic,200,ok,1788447071
9fb3f5327b45645740f86fe421ec5af4,2026-06-12,basic,200,ok,1788447072
25b73b77020a2ac225dacbb988571b73,2026-06-12,basic,200,ok,1788447073
4b03bce5bdfc258f8e803a3d30f9eaeb,2026-06-12,basic,200,ok,1788447073
305cfeffbf0e3cd3f77e03d3017accd3,2026-06-12,basic,200,ok,1788447074
913098f3ee94bf7cb125509b7abe54fd,2026-06-12,basic,200,ok,1788447074
50a2dd5879ee6ccccc8ecbb538df5dba,2026-06-12,basic,200,ok,1788447075
ef49b00e981b4afd45803558af97af55efe8d04e6d233bd35cf2fabdeb93fb0d,2026-06-12,basic,200,ok,1788447076
a8af60d840d0c0ad65d7c8c9d15115e6,2026-06-12,basic,200,ok,1788447076
60d56d3fa7c4a4713251eb4a0f43acf3,2026-06-12,basic,200,ok,1788447077
7fbae93326d95d96388e429ae0dc6609efe8d04e6d233bd35cf2fabdeb93fb0d,2026-06-12,basic,200,ok,1788447077
aaa4891062a4d3e3b2a89ad0782099e1,2026-06-12,basic,200,ok,1788447078
9480f51d72a72b8fc2fe8d2606c7c09e,2026-06-12,basic,200,ok,1788447078
4a3ec6fe8f52e92bb5b4b799dc4bcf95,2026-06-12,basic,200,ok,1788447079
d982921cbf77cde252039a47c8409b20efe8d04e6d233bd35cf2fabdeb93fb0d,2026-06-12,basic,200,ok,1788447080
e9846107fe71ed0edbac241f122a1037efe8d04e6d233bd35cf2fabdeb93fb0d,2026-06-12,basic,200,ok,1788447080
f38a15289a56cbeeffc09cd8883932ce,2026-06-12,basic,200,ok,1788447081
bb1e543e1523ca4aa31486b44292fcaaefe8d04e6d233bd35cf2fabdeb93fb0d,2026-06-12,basic,200,ok,1788447082
81ed6db79a3caa12e8f6854150b17cf08295750b1f4857867454debc45ec9c8a,2026-06-12,basic,200,ok,1788447082
651aaba0c2e75c8e6a068849558ff4d0efe8d04e6d233bd35cf2fabdeb93fb0d,2026-06-12,basic,200,ok,1788447083
ef0f2f68161fa1e4edb90339ac513530efe8d04e6d233bd35cf2fabdeb93fb0d,2026-06-12,basic,200,ok,1788447084
42a3870b8999c0537185ea6735549b26,2026-06-12,basic,200,ok,1788447084
7ac9b600108714d6339d989eef24593fefe8d04e6d233bd35cf2fabdeb93fb0d,2026-06-12,basic,200,empty,1788447085
2a066cf5931745500fab668f1e12383aefe8d04e6d233bd35cf2fabdeb93fb0d,2026-06-12,basic,200,ok,1788447085
b4686ffcbf16ec696d08bf16e42291d7,2026-06-12,basic,200,ok,1788447086
0962599d18234e97e4837a294a7d71b4efe8d04e6d233bd35cf2fabdeb93fb0d,2026-06-12,basic,200,ok,1788447086
1c425b3f599f37c860869bbe7d27befaefe8d04e6d233bd35cf2fabdeb93fb0d,2026-06-12,basic,200,ok,1788447087
6c7b65381e03295da533ff3700ab8d02,2026-06-12,basic,200,ok,1788447088
b287ab4d6de5c3fdf31b7208f3289220,2026-06-12,basic,200,ok,1788447088
5c1080befe430ca9a1b82f9b957aa61eefe8d04e6d233bd35cf2fabdeb93fb0d,2026-06-12,basic,200,ok,1788447089
7387135e644abecdd189b4057c90bf14,2026-06-12,basic,200,ok,1788447089
93ab9f37c605fe9061fee78dd4bac23e,2026-06-12,basic,200,ok,1788447090
b38ff0b54209bd4e76e4423de4f0600b,2026-06-12,basic,200,ok,1788447091
118420ab604c5a3212c1f83ad1661836,2026-06-12,basic,200,ok,1788447091
d31c37f72372a94b8e0731298e372a13,2026-06-12,basic,200,ok,1788447092
fbf04ecaaf084eff4854dbbb3a5da943efe8d04e6d233bd35cf2fabdeb93fb0d,2026-06-12,basic,200,ok,1788447092
5fb6fe832583c03ef08695d46a9227c0,2026-06-12,basic,200,ok,1788447093
af9b242384889254733f1716d63d850f,2026-06-12,basic,200,ok,1788447094
4dab399925006b4091680e20b181df85,2026-06-12,basic,200,ok,1788447094
a678e447939ae5a7347e5e9afe191095efe8d04e6d233bd35cf2fabdeb93fb0d,2026-06-12,basic,200,ok,1788447095
313e6abcc43d56084f4443a5f2c8d4dd,2026-06-12,basic,200,ok,1788447095
9b3652d2a786f97667977a2f19f69263efe8d04e6d233bd35cf2fabdeb93fb0d,2026-06-12,basic,200,ok,1788447096
c9d4990d54f1de87e4af7170c5c4e1fc,2026-06-12,basic,200,ok,1788447097
81b7a5605a1d5e89e468fe1400d822e7,2026-06-12,basic,200,ok,1788447097
305a43f7f2f016bc750e6b288559dd68,2026-06-12,basic,200,ok,1788447098
84ac820e6f0769bae7a8e77120fff981efe8d04e6d233bd35cf2fabdeb93fb0d,2026-06-12,basic,200,ok,1788447099
dd85ac2f31c3ec661b6a2d870285e191efe8d04e6d233bd35cf2fabdeb93fb0d,2026-06-12,basic,200,ok,1788447099
18a01982ba0d1011bef20f80a0fcf063efe8d04e6d233bd35cf2fabdeb93fb0d,2026-06-12,basic,200,ok,1788447100
ed61aa4ae28b1bcdf77ddf401115a42a,2026-06-12,basic,200,ok,1788447101
6d8820b0f451aa5b955fdc77c9d3cc3e,2026-06-12,basic,200,ok,1788447101
32a6fe68e487481f78dfceb1f1d707b7,2026-06-12,basic,200,ok,1788447102
e1d042cf6edc29c6818fa3c90378293e,2026-06-12,basic,200,ok,1788447102
bd16fcfd306cee235438ed40449347b3efe8d04e6d233bd35cf2fabdeb93fb0d,2026-06-12,basic,200,ok,1788447103
40628316b1c492bd5dd1387de1130400,2026-06-12,basic,200,ok,1788447104
53ce5c42cf548edb887bf17b5193cdef,2026-06-12,basic,200,ok,1788447104
f572330caaf6084712e7badc939358a3,2026-06-12,basic,200,ok,1788447105
edca5fb24f2301ecf896f4033b7f149b,2026-06-12,basic,200,ok,1788447105
740ac6e7aec65be19f83fa6aabd3bec5,2026-06-12,basic,200,ok,1788447106
0d20b2d1abeac016e9a157bca605567caae77432709819edb959e1fd5d1d77b4,2026-06-12,basic,200,ok,1788447107
7827226a05d15ad44eada95193fece41efe8d04e6d233bd35cf2fabdeb93fb0d,2026-06-12,basic,200,ok,1788447107
4f27dbdbf154c79e7a557ed0381ef336efe8d04e6d233bd35cf2fabdeb93fb0d,2026-06-12,basic,200,ok,1788447108
b637d1921a102e1a012694e179449cc5efe8d04e6d233bd35cf2fabdeb93fb0d,2026-06-12,basic,200,ok,1788447109
a68e4923a88cc84ea4991f842be83a34efe8d04e6d233bd35cf2fabdeb93fb0d,2026-06-12,basic,200,ok,1788447109
d7189aaf9d2f8745f5a18b748d88a336efe8d04e6d233bd35cf2fabdeb93fb0d,2026-06-12,basic,200,ok,1788447110
100c42aeb9726b84424079b52beffc8befe8d04e6d233bd35cf2fabdeb93fb0d,2026-06-12,basic,200,ok,1788447110
b4e6f053b4f84352282325d587deeff5efe8d04e6d233bd35cf2fabdeb93fb0d,2026-06-12,basic,200,ok,1788447111
3a0b909d35bbb0fdef5fe0c7a87e66be,2026-06-12,basic,200,ok,1788447111
2689769a9f68f82c36ecf0fd13c2ee74efe8d04e6d233bd35cf2fabdeb93fb0d,2026-06-12,basic,200,ok,1788447112
c5dd4b9d3a79a06bf9edc15a3dc2fbdb,2026-06-12,basic,200,ok,1788447113
84acdbff28774e5afa43441042ad1d71,2026-06-12,basic,200,ok,1788447113
8b9389a99c04f2d6e9a34efbe9af9372efe8d04e6d233bd35cf2fabdeb93fb0d,2026-06-12,basic,200,ok,1788447114
b904b992c2c0f4918969d2b0cb0ea2c1,2026-06-12,basic,200,ok,1788447114
506a2a1dd6413d201e155e3f424849cf,2026-06-12,basic,200,ok,1788447115
dbd158ccf92ff709820e4f88103aabf2efe8d04e6d233bd35cf2fabdeb93fb0d,2026-06-12,basic,200,ok,1788447116
bea07d9c88d0447eb9b2543dd49ed2a3,2026-06-12,basic,200,ok,1788447116
2b65d84f98371d352ee796634274a5e5e85e07f9d5d276f44440847eec04ba68,2026-06-12,basic,200,ok,1788447117
b0590614cc19990d169fd1e46ab83865,2026-06-12,basic,200,ok,1788447118
fa55206445bbafc88ab23bb92b5da0a0efe8d04e6d233bd35cf2fabdeb93fb0d,2026-06-12,basic,200,ok,1788447118
d0ad15ef68ae8d071839d13db145ce61,2026-06-12,basic,200,ok,1788447119
db118ac81a87e2b588d6fb6ba29c5780efe8d04e6d233bd35cf2fabdeb93fb0d,2026-06-12,basic,200,ok,1788447119
06ad73901fc50d4bef7c17b09468b1e7efe8d04e6d233bd35cf2fabdeb93fb0d,2026-06-12,basic,200,ok,1788447120
3c327e40dc649da8d6f015e2d33e7f464723574b05820acf03e7ec3162ff5bed,2026-06-12,basic,200,ok,1788447121
b589691edfc3bcd4053fce4a5fbc1c1d8295750b1f4857867454debc45ec9c8a,2026-06-12,basic,200,ok,1788447121
36e0e9412e52589137f36eacfc8d44dc,2026-06-12,basic,200,ok,1788447122
f9ab2713ac540e8ca708d108f236d047efe8d04e6d233bd35cf2fabdeb93fb0d,2026-06-12,basic,200,ok,1788447122
f531d86fb49d959304be18f9858acef3,2026-06-12,basic,200,ok,1788447123
12a9afa932aaeb46c827714e0baea222efe8d04e6d233bd35cf2fabdeb93fb0d,2026-06-12,basic,200,ok,1788447124
28af4ef490bf54d8a3ee2564e7d9b049efe8d04e6d233bd35cf2fabdeb93fb0d,2026-06-12,basic,200,ok,1788447124
18f784ce77febd6167cc3b79cef54db5,2026-06-12,basic,200,ok,1788447125
7b32fd8c25c782c5f5d7e295a0065365efe8d04e6d233bd35cf2fabdeb93fb0d,2026-06-12,basic,200,ok,1788447125
bec0f7c453d589ab69a294e926314d83efe8d04e6d233bd35cf2fabdeb93fb0d,2026-06-12,basic,200,ok,1788447126
d5ae5ac6d0bb1955c38ec6f09c24f653,2026-06-12,basic,200,ok,1788447127
ee6d1d6feb6c108e01f5cbda353df022,2026-06-12,basic,200,ok,1788447127
c461e510599c044e02ed8d91de6a5bc6,2026-06-12,basic,200,ok,1788447128
33938953475f8fedd2358be975761753,2026-06-12,basic,200,ok,1788447128
d8168d4538937004c2d61866fb731bf1,2026-06-12,basic,200,ok,1788447129
36cb14a01777f6b64d7e3fe44991d946,2026-06-12,basic,200,ok,1788447130
f0b509cf631549aeab315fa14ef73b4d86e68d4012202d0434d05f81868f68e3,2026-06-12,basic,200,ok,1788447130
b8851d8f23b160b0c3c16b6ea75f0184,2026-06-12,basic,200,ok,1788447131
1179488567d2a24e702cb0e86f6fbf2c,2026-06-12,basic,200,ok,1788447131
4959fb85f0ac00d2fb5a01095b1d0bac,2026-06-12,basic,200,ok,1788447132
c6d9ae76a1650ee504f1277716f3a984efe8d04e6d233bd35cf2fabdeb93fb0d,2026-06-12,basic,400,http_400,1788447132
0d56f4fe022f703e62378c914f6387ab,2026-06-12,basic,200,ok,1788447133
3a68623d1c6913acc7937cac4a439fb6,2026-06-12,basic,200,ok,1788447134
ddbcbcdfb35e16fd51cf7f8c4ea2ba9a,2026-06-12,basic,200,ok,1788447134
d162d653d84d0c6bbf2e49d059d5a183,2026-06-12,basic,200,ok,1788447135
6c3ef962b143c5526d7b0ccfc9db60cc,2026-06-12,basic,200,ok,1788447136
817c746aeb79323f34e94a67f21cebb8,2026-06-12,basic,200,ok,1788447136
13b05f774bd76dde668f346a65d9b35fefe8d04e6d233bd35cf2fabdeb93fb0d,2026-06-12,basic,200,ok,1788447137
fd377d001968be9550fb9070064048f9efe8d04e6d233bd35cf2fabdeb93fb0d,2026-06-12,basic,200,ok,1788447137
7c76f46ce3dd0d0aebb056a9779b7e5b,2026-06-12,basic,200,ok,1788447138
694f8b0334fe3bdf54df2df59071c949,2026-06-12,basic,200,ok,1788447139
a2b6f53736f9ca464de0327d5499e0b1,2026-06-12,basic,200,ok,1788447139
96e7bbfc1c831f81ebc6605710852de7,2026-06-12,basic,200,ok,1788447140
c0d999941794b0a4225a95fc10e8eb20efe8d04e6d233bd35cf2fabdeb93fb0d,2026-06-12,basic,200,ok,1788447140
b86a84503be50a94d789d80b90ecb086c47ea5ffea2564f587ca830a8f71acb2,2026-06-12,basic,200,ok,1788447141
46a75dc020303f4d47e0e4558e638854,2026-06-12,basic,200,ok,1788447142
548d6c22891887961373526461112ab1,2026-06-12,basic,200,ok,1788447142
736597e6eae310579e2ea86f09a44736,2026-06-12,basic,200,ok,1788447143
b61dd0c09a684a225ac79f43c63df363efe8d04e6d233bd35cf2fabdeb93fb0d,2026-06-12,basic,200,ok,1788447143
8585510f2649210f3dba19f7feef9a22,2026-06-12,basic,200,ok,1788447144
fbf9eb20ffe45952e0ac83a82e122508aae77432709819edb959e1fd5d1d77b4,2026-06-12,basic,200,ok,1788447145
d20002d0ce4964c62896c5ae478293b3,2026-06-12,basic,200,ok,1788447145
f1afbe79a770af3761c7d59aca988668,2026-06-12,basic,200,ok,1788447146
ce8c0a13c18cb84e722ac0b9d5b5a277efe8d04e6d233bd35cf2fabdeb93fb0d,2026-06-12,basic,200,ok,1788447146
00208b8a24f3e46714750f4a88384e53,2026-06-12,basic,200,ok,1788447147
352894b15213a494624f4cd3762ce345,2026-06-12,basic,200,ok,1788447148
0e95530c3a4a21e984d027c55215fa1eefe8d04e6d233bd35cf2fabdeb93fb0d,2026-06-12,basic,200,ok,1788447148
5aaf07772d46e3c3aca9a7ef641073f6efe8d04e6d233bd35cf2fabdeb93fb0d,2026-06-12,basic,200,ok,1788447149
5888425d462db58af9907ea21387d9a3efe8d04e6d233bd35cf2fabdeb93fb0d,2026-06-12,basic,200,ok,1788447149
9c88f88a61748fb8acf6efea66eae088efe8d04e6d233bd35cf2fabdeb93fb0d,2026-06-12,basic,200,ok,1788447150
b69abd490e3a34a6110016fd401bbab8efe8d04e6d233bd35cf2fabdeb93fb0d,2026-06-12,basic,200,ok,1788447151
c839fcf0b5fc556f74f2db3d1f917a75efe8d04e6d233bd35cf2fabdeb93fb0d,2026-06-12,basic,200,ok,1788447151
d8e380724194a479f60e66a48bbb3590aae77432709819edb959e1fd5d1d77b4,2026-06-12,basic,200,ok,1788447152
564398ba0a407d571545da1087f81cd6efe8d04e6d233bd35cf2fabdeb93fb0d,2026-06-12,basic,200,ok,1788447152
67173dcb729ab37f467472708e215eeb,2026-06-12,basic,200,ok,1788447153
8e32c31f8a0ac378b515db2c2ae23f79,2026-06-12,basic,200,ok,1788447154
3f2e2a9da2613388cf5548e42839e01eefe8d04e6d233bd35cf2fabdeb93fb0d,2026-06-12,basic,200,ok,1788447154
cf61a62333f34ad11baf290733b388ce,2026-06-12,basic,200,ok,1788447155
141fd395cffc847bd49237bbc30dd8c5,2026-06-12,basic,200,ok,1788447156
1360f30c3c96596cc0b84031ff8d98e3efe8d04e6d233bd35cf2fabdeb93fb0d,2026-06-12,basic,200,ok,1788447156
be6accba01d5e7dae345661dfae21f07efe8d04e6d233bd35cf2fabdeb93fb0d,2026-06-12,basic,200,ok,1788447157
a203969d749e4b962ec8457052c4a455,2026-06-12,basic,200,ok,1788447157
547b6f2aa500f7d92a8224c18ef87d74,2026-06-12,basic,200,ok,1788447158
c0b7d1c2356efbc62f2f34116f630d8c,2026-06-12,basic,200,ok,1788447159
020c28e0be0b02a1d1f769419353d62e,2026-06-12,basic,200,ok,1788447159
64cf17678e94d49b39d5e0c735749c13efe8d04e6d233bd35cf2fabdeb93fb0d,2026-06-12,basic,400,http_400,1788447160
09ce26f7f7b457d08f11d71baf16b125,2026-06-12,basic,200,ok,1788447160
a06ab0a2beabb3321e392afb8c37db87efe8d04e6d233bd35cf2fabdeb93fb0d,2026-06-12,basic,200,ok,1788447161
5f576b76cbcc144efcef129e064f3dab,2026-06-12,basic,200,ok,1788447161
8514fbbf630ab72ff3a651344d1ac9f186e68d4012202d0434d05f81868f68e3,2026-06-12,basic,200,ok,1788447162
5ab57a54f2e124abb4be9cc6cce35b36fd842dab14be2a956555625b37c97bff,2026-06-12,basic,200,ok,1788447163
8ed238b5ea8e0978a2c36c780ecde49d,2026-06-12,basic,200,ok,1788447163
bad4affe48854991aee5f382904aacd2efe8d04e6d233bd35cf2fabdeb93fb0d,2026-06-12,basic,200,ok,1788447164
bdfa13019e32e21874a278118dfb7758efe8d04e6d233bd35cf2fabdeb93fb0d,2026-06-12,basic,200,ok,1788447164
939c65fb87dfead60661a0e1dfee2928,2026-06-12,basic,200,ok,1788447165
2578bcb741cc1f862f76bdf6fd24ff03,2026-06-12,basic,200,ok,1788447166
4e8bfec395849e40f0b917600eb2c4d2,2026-06-12,basic,200,ok,1788447166
74d9a691fb9417342ceec12227c969d4,2026-06-12,basic,200,ok,1788447167
22ee27f94fa8c1ec968e51e6fcdf1e50,2026-06-12,basic,200,ok,1788447168
484afd6168e98d8aa18ec2d475e43e76,2026-06-12,basic,200,ok,1788447168
575b7ba8220fff2c790465fa612c36c7,2026-06-12,basic,200,ok,1788447169
13c1c1bde2f14d9390a8a609c42bf4a1efe8d04e6d233bd35cf2fabdeb93fb0d,2026-06-12,basic,200,ok,1788447169
e461cdffee5559511cbc83f7ed31c813,2026-06-12,basic,200,ok,1788447170
b060b95f774aef34194362823744bb1b,2026-06-12,basic,200,ok,1788447171
22f7b330acaf9c9d480a1a54d0da35d4efe8d04e6d233bd35cf2fabdeb93fb0d,2026-06-12,basic,200,ok,1788447171
d4dcca66594e3db12d0beff6f63b9b1b,2026-06-12,basic,200,ok,1788447172
735aba0aba13099dc5272ab5fbc18aa7efe8d04e6d233bd35cf2fabdeb93fb0d,2026-06-12,basic,200,ok,1788447172
2b08282cb0ad8bb911e279d73258e946efe8d04e6d233bd35cf2fabdeb93fb0d,2026-06-12,basic,200,ok,1788447173
3fda514722db89dd352811b92a9928ca,2026-06-12,basic,200,ok,1788447173
bac4668bc5333ebabff74395e2da3dd6,2026-06-12,basic,200,ok,1788447174
1dd7c1158b537d455c332bdb0e863799efe8d04e6d233bd35cf2fabdeb93fb0d,2026-06-12,basic,200,ok,1788447175
7a75854e8db35ba537d912a8b7410992efe8d04e6d233bd35cf2fabdeb93fb0d,2026-06-12,basic,200,ok,1788447175
5de0c7344f7ca5139015d94834d9ed98efe8d04e6d233bd35cf2fabdeb93fb0d,2026-06-12,basic,200,ok,1788447176
d050f7269602ed77fed87d51cfb06b05,2026-06-12,basic,200,ok,1788447177
90c851a2b90b4ef33966d911057cce29,2026-06-12,basic,200,ok,1788447177
a99f5dc5aa81000e1f00b13d4347ed49,2026-06-12,basic,200,ok,1788447178
77d3e0d2cee5d1f3e77e4c6dba030ea5,2026-06-12,basic,200,ok,1788447178
e23ae618185939d85395378961bcc185,2026-06-12,basic,200,ok,1788447179
a016a368d1aec084d93fd673a932e451,2026-06-12,basic,200,ok,1788447179
e66e3dc25a4191dae538247c543bec6e,2026-06-12,basic,200,ok,1788447180
4bd8876854a34d9e2ba5c25e93829c47efe8d04e6d233bd35cf2fabdeb93fb0d,2026-06-12,basic,200,ok,1788447181
021d71c6c5fce78fcc38720dc5ff520a,2026-06-12,basic,200,ok,1788447181
28c1dd68d3e28cfc5b4d3cf10c6d27f8,2026-06-12,basic,200,ok,1788447182
a66bafc6440c99aa97497b3ff273e52befe8d04e6d233bd35cf2fabdeb93fb0d,2026-06-12,basic,200,ok,1788447182
6d1535e43968392674b8adfe674b815f,2026-06-12,basic,200,ok,1788447183
df0c8cc78daaf8d1937b3f732d1ad4cf,2026-06-12,basic,200,ok,1788447184
c3d56e6201c08d56ff10bdcc24b78dfcefe8d04e6d233bd35cf2fabdeb93fb0d,2026-06-12,basic,200,ok,1788447184
68c3d15c80f798aa5c496382c65be23b,2026-06-12,basic,200,ok,1788447185
7d41dac73f726278a655622ecb8491f5efe8d04e6d233bd35cf2fabdeb93fb0d,2026-06-12,basic,200,ok,1788447185
8a3f3a08ee7cd8adfc5041db3f29bd72,2026-06-12,basic,200,ok,1788447186
7ef1d22504f225324d8f13e8634cc371efe8d04e6d233bd35cf2fabdeb93fb0d,2026-06-12,basic,200,ok,1788447187
2c25666d17c65269d8c5e0f23b4b6caf,2026-06-12,basic,200,ok,1788447187
6b39684aded24d48ef2bd140f5d5ab94,2026-06-12,basic,200,ok,1788447188
f15088071bf5822c489de5cb8e132c1defe8d04e6d233bd35cf2fabdeb93fb0d,2026-06-12,basic,200,ok,1788447188
cb59416e41cd22927440cb5d0095e028,2026-06-12,basic,200,ok,1788447189
6866e91dd9b00d774be7491edae6e822efe8d04e6d233bd35cf2fabdeb93fb0d,2026-06-12,basic,200,ok,1788447189
7f51989dec8839e77ec1ab225f332509efe8d04e6d233bd35cf2fabdeb93fb0d,2026-06-12,basic,200,ok,1788447190
84c02150731ba1e3e04f93afa3585f7aefe8d04e6d233bd35cf2fabdeb93fb0d,2026-06-12,basic,200,ok,1788447191
aa642c9485ec1941fef82cb1ef88d92d,2026-06-12,basic,200,ok,1788447191
cc5bdbc508f1f666f58017ce86be5fb1efe8d04e6d233bd35cf2fabdeb93fb0d,2026-06-12,basic,200,ok,1788447192
db50a8916c2feaeb4fa8e4c6e55a7b3defe8d04e6d233bd35cf2fabdeb93fb0d,2026-06-12,basic,200,ok,1788447193
60e44012732bc8cb2219a9e090bc46a3,2026-06-12,basic,200,ok,1788447193
898213a77bd67d21879d2797fea6fc50,2026-06-12,basic,200,ok,1788447194
6936d23e5b13ea9c639e504bcaf31769,2026-06-12,basic,200,ok,1788447194
e2d0678c60986ca773e3713a038a4f40,2026-06-12,basic,200,ok,1788447195
31d4a79f763d231d9fdefa04ada40ed9efe8d04e6d233bd35cf2fabdeb93fb0d,2026-06-12,basic,200,ok,1788447195
f67e80f8bf3fd1c4d8abef37571f3dd3efe8d04e6d233bd35cf2fabdeb93fb0d,2026-06-12,basic,200,ok,1788447196
93ef68780df150709339fe1946a5f198,2026-06-12,basic,200,ok,1788447197
11487a1f2f2f5c85599785b708a01659,2026-06-12,basic,200,ok,1788447197
50f9cb8a98a8746f77e68fa1a7504815,2026-06-12,basic,200,ok,1788447198
652437ed1ddfdac7ce617855364d7e24,2026-06-12,basic,200,ok,1788447198
63bf708b6c9548143e844fdc5753878e,2026-06-12,basic,200,ok,1788447199
857bd5cba59b2aff151abc4aae83c8abefe8d04e6d233bd35cf2fabdeb93fb0d,2026-06-12,basic,200,ok,1788447200
8fea030ca17edc6fc8cc5ea6a788eb5a,2026-06-12,basic,200,ok,1788447200
df00a751c2ea003f778c017f563b46eb4723574b05820acf03e7ec3162ff5bed,2026-06-12,basic,200,ok,1788447201
5a68e3de4a5521a88d876d0a3d5b5d4f,2026-06-12,basic,200,ok,1788447201
0acda468ae5e6fb931c3626708f0e028a2186d8e7cf7a6ee152d97cc78f2ae8b,2026-06-12,basic,200,ok,1788447202
9bb15113f84cf38e7a19d213281190b1efe8d04e6d233bd35cf2fabdeb93fb0d,2026-06-12,basic,200,ok,1788447203
6bf765c535d897a2c18409e5e6f27089,2026-06-12,basic,200,ok,1788447203
5e435512bd762458e973b981ffbd1d54,2026-06-12,basic,200,ok,1788447204
1498280213e13b2b59660f0b6aee1720,2026-06-12,basic,200,ok,1788447205
85892b7afd7c6caa422d8eea63e91438efe8d04e6d233bd35cf2fabdeb93fb0d,2026-06-12,basic,200,ok,1788447205
2986918ec5941d45ccdeda7f3d3e1aa3,2026-06-12,basic,200,ok,1788447206
3a89485940893699400ba02af1bde667,2026-06-12,basic,200,ok,1788447206
077a0e8c69d7eb70b064b843b2b64110,2026-06-12,basic,200,ok,1788447207
3711b59d046ce6f508b5fd21b7ca13b1,2026-06-12,basic,200,ok,1788447208
d12340e54081e449e8858bc6e21db2a1,2026-06-12,basic,200,ok,1788447208
11f189b4da6339e36effd886f2ea00b6,2026-06-12,basic,200,ok,1788447209
a1cf41d37e6e4899db253d1f5ce46170,2026-06-12,basic,200,ok,1788447209
c08400f5b60f6d19d77efda833772741,2026-06-12,basic,200,ok,1788447210
5169167ce21f67f5e3d77c0c635002e34723574b05820acf03e7ec3162ff5bed,2026-06-12,basic,200,ok,1788447211
9aef3930d0c4bb12db2553fec19725c6,2026-06-12,basic,200,ok,1788447211
f66948852ecc7be69eaa331e541bd2e9,2026-06-12,basic,200,ok,1788447212
6ebfe42c02fce5f1a0589794e977bd7f,2026-06-12,basic,200,ok,1788447212
05946163ec8fba2af18102be66740948efe8d04e6d233bd35cf2fabdeb93fb0d,2026-06-12,basic,200,ok,1788447213
afc54144137f5bba7ea0fe16e91574a7,2026-06-12,basic,200,ok,1788447214
217de04fec9a7a81ac068a8b0af645c7,2026-06-12,basic,200,ok,1788447214
203813e064fa13d9fd44b1ced2a01fd1,2026-06-12,basic,200,ok,1788447215
5197b8190fe1ce90fd155d2e9a2e516d,2026-06-12,basic,200,ok,1788447215
29925dd9edcaf5a63d81738057f69afd,2026-06-12,basic,200,ok,1788447216
04b2a365f11e0f8e48e4c65c1cfe70ed,2026-06-12,basic,200,ok,1788447217
c8f4a41c1368607cf9c31043a8b41846,2026-06-12,basic,200,ok,1788447217
914a7540516b74e1f2812b566e4a5b64,2026-06-12,basic,200,ok,1788447218
9467ac50a7b87a476ad5ebcca4263bc2,2026-06-12,basic,200,ok,1788447218
df236be95985b9def71482281a38e73fefe8d04e6d233bd35cf2fabdeb93fb0d,2026-06-12,basic,200,ok,1788447219
dc9e8579a19eddd613b717d71d43683b,2026-06-12,basic,200,ok,1788447220
b22f12c94280f0e1016def1bc511eb86,2026-06-12,basic,200,ok,1788447220
4036ca24a80f056f7482db3913b4d357,2026-06-12,basic,200,ok,1788447221
576c5199b41704e7c15a9e3a85f41b09efe8d04e6d233bd35cf2fabdeb93fb0d,2026-06-12,basic,200,ok,1788447221
74bb94ae1c1bd047be19b110bae0aef8,2026-06-12,basic,200,ok,1788447222
0f9587a6e15e903ed7457a830a5df476,2026-06-12,basic,200,ok,1788447223
88e90383483beaae9db738e7866c94f3efe8d04e6d233bd35cf2fabdeb93fb0d,2026-06-12,basic,200,ok,1788447223
dbecf99426dc8b5a18a890f9e2e8d867,2026-06-12,basic,200,ok,1788447224
570f49e94180026039f437f0ebbaf22fefe8d04e6d233bd35cf2fabdeb93fb0d,2026-06-12,basic,200,ok,1788447224
4718c9518becadd35feec18ffc60d265efe8d04e6d233bd35cf2fabdeb93fb0d,2026-06-12,basic,200,ok,1788447225
4afda4a2381806047aa88389d084ecc2efe8d04e6d233bd35cf2fabdeb93fb0d,2026-06-12,basic,200,ok,1788447226
c78171fab867fa88fc18bdf151ecef10efe8d04e6d233bd35cf2fabdeb93fb0d,2026-06-12,basic,200,ok,1788447226
aed7bf18d59352e2179202d33e1aa912efe8d04e6d233bd35cf2fabdeb93fb0d,2026-06-12,basic,200,ok,1788447227
f1e32480cea177de0b1504bc220f4b7e86e68d4012202d0434d05f81868f68e3,2026-06-12,basic,200,ok,1788447227
7cdad52cb1d4be12f2a54d9c4fa9d455,2026-06-12,basic,200,ok,1788447228
dbade363947ed8f86d572b4c3795b702,2026-06-12,basic,200,ok,1788447229
e488805a70171e287e54736142ed6470,2026-06-12,basic,200,ok,1788447229
67401d2eca73ba8dd6719e1cad1560e5,2026-06-12,basic,200,ok,1788447230
8dd32047492e876fc65a64d8acab845b,2026-06-12,basic,200,ok,1788447230
2d4af4ca0cc8591d5489037181cf312e,2026-06-12,basic,200,ok,1788447231
4e381e5ec8eb6b3aca252d14383c283eefe8d04e6d233bd35cf2fabdeb93fb0d,2026-06-12,basic,200,ok,1788447232
53b0ca53923e82e6261dae7b7e9afc0d,2026-06-12,basic,200,ok,1788447232
fd86d3fac8828bc0e3e03856140c3a58,2026-06-12,basic,200,ok,1788447233
9bc8c9ab8b9785b0166c06eaa427013d,2026-06-12,basic,200,ok,1788447233
0efa2eb74ac142f5d19f86abf7321626,2026-06-12,basic,200,ok,1788447234
b90419e2fc405bb0558c742fe6d940d9efe8d04e6d233bd35cf2fabdeb93fb0d,2026-06-12,basic,200,ok,1788447235
8fbbc09cc5759da0315cf41be5e61553efe8d04e6d233bd35cf2fabdeb93fb0d,2026-06-12,basic,200,ok,1788447235
3ba4c2dafc509d2020e6cdee227fd41f,2026-06-12,basic,200,ok,1788447236
e2ec459eceb64b64eb195a9e1ddb7bd3,2026-06-12,basic,200,ok,1788447237
c1f6c08aa70c9ccf7704b591fccf22c9,2026-06-12,basic,200,ok,1788447237
769595944fafd511f2ea616f46022500,2026-06-12,basic,200,ok,1788447238
e2ce16655b471c8d71555c2f1bc0bbdf,2026-06-12,basic,200,ok,1788447238
31e0e85cda5f8cafa373e0e2e957ffbf,2026-06-12,basic,200,ok,1788447239
57dd8215dce713e4a994b89e759af360efe8d04e6d233bd35cf2fabdeb93fb0d,2026-06-12,basic,200,ok,1788447240
55dd6c792ea2cc29faf825b0e45c02e4efe8d04e6d233bd35cf2fabdeb93fb0d,2026-06-12,basic,200,ok,1788447240
f97df44555568956f4902293d35ff632,2026-06-12,basic,200,ok,1788447241
6d463d867b696654bc371fc83fb53731efe8d04e6d233bd35cf2fabdeb93fb0d,2026-06-12,basic,200,ok,1788447241
31c6c6213f2d2dcc0461544ea06b3f90efe8d04e6d233bd35cf2fabdeb93fb0d,2026-06-12,basic,200,ok,1788447242
4e7e6d36e8b7a8d20592cff7ed3f5123,2026-06-12,basic,200,ok,1788447242
5bde4ba02370ebe6770c26cc38cd22d4efe8d04e6d233bd35cf2fabdeb93fb0d,2026-06-12,basic,200,ok,1788447243
7502dca82d3d82e03b1eb0ce05985d20efe8d04e6d233bd35cf2fabdeb93fb0d,2026-06-12,basic,200,ok,1788447244
a660258798e98ac4a10d10610914225c,2026-06-12,basic,200,ok,1788447244
da59aeec511ed5b8f8f1f63ae728e79e,2026-06-12,basic,200,ok,1788447245
78535bb3901ed5024df8f35aa22af40f,2026-06-12,basic,200,ok,1788447246
b4dd6666872582e2939af2eaffe6e338,2026-06-12,basic,200,ok,1788447246
9ebbd34a4de8d7f737e5d6c72993b9e5,2026-06-12,basic,200,ok,1788447247
fe387774c347b28e78a16025c713b2a5efe8d04e6d233bd35cf2fabdeb93fb0d,2026-06-12,basic,200,ok,1788447247
878bc87d59dd8136efb77f70babf5c7b,2026-06-12,basic,200,ok,1788447248
a40a25e23e316d6f298d4359592d6434efe8d04e6d233bd35cf2fabdeb93fb0d,2026-06-12,basic,200,ok,1788447249
5ffd9137f0795b6558338ad408fdd9ec,2026-06-12,basic,200,ok,1788447249
1080f57f2e025f68d94bb6b253defb616fbb98200a15be5bcc73a64995849e9c,2026-06-12,basic,200,ok,1788447250
b247af5a13fc4a12dc7b3d39632d6735,2026-06-12,basic,200,ok,1788447250
59734cc619d8bc6547bd1c587312ccce,2026-06-12,basic,200,ok,1788447251
f93fcef4cafecf97c145cb8396d6b46fefe8d04e6d233bd35cf2fabdeb93fb0d,2026-06-12,basic,200,ok,1788447252
bd02417738eaa58ae538edf4c7e86fb2,2026-06-12,basic,200,ok,1788447252
084201e1bd47aee1cf6ca910db0038bb,2026-06-12,basic,200,ok,1788447253
41bce24aaaca35d2997d4f195f832a05,2026-06-12,basic,200,ok,1788447253
3d5b766f0fc369cc4096752a8bd1c475,2026-06-12,basic,200,ok,1788447254
44a1d1dc913d33b11f3f365872d6f29cefe8d04e6d233bd35cf2fabdeb93fb0d,2026-06-12,basic,200,ok,1788447255
bb7acbb4e8dfe4d350e135a5c852db6b,2026-06-12,basic,200,ok,1788447255
81ba830e826a0b666c7618ca0cd3d3a5efe8d04e6d233bd35cf2fabdeb93fb0d,2026-06-12,basic,200,ok,1788447256
11cf30820abb365c9d0e5b5be13798c4efe8d04e6d233bd35cf2fabdeb93fb0d,2026-06-12,basic,200,ok,1788447256
5b3bd7bed4346c9e767ec5e89d6aaa51efe8d04e6d233bd35cf2fabdeb93fb0d,2026-06-12,basic,200,ok,1788447257
69521db807d753f5d29dab1e7017ec47efe8d04e6d233bd35cf2fabdeb93fb0d,2026-06-12,basic,200,ok,1788447258
360ad732fa6f5497225cfac894d3bdfe8295750b1f4857867454debc45ec9c8a,2026-06-12,basic,200,ok,1788447258
55923c87be2e0e0638a50314b5c46532efe8d04e6d233bd35cf2fabdeb93fb0d,2026-06-12,basic,200,ok,1788447259
468162f8a7aad517802a4a7f1a56f452efe8d04e6d233bd35cf2fabdeb93fb0d,2026-06-12,basic,200,ok,1788447260
b11fbc29af3230d8a0193ea9ff9aa848,2026-06-12,basic,200,ok,1788447260
f7392c663d6938fd36aef41264e46070,2026-06-12,basic,200,ok,1788447261
a3135254bbf6c95ad614b7b7ef41ccacefe8d04e6d233bd35cf2fabdeb93fb0d,2026-06-12,basic,200,ok,1788447261
b780eb244f1558b504e3c3d714c9d696efe8d04e6d233bd35cf2fabdeb93fb0d,2026-06-12,basic,200,ok,1788447262
f7b06610a6eae159c1e414f5677c4c4d,2026-06-12,basic,200,ok,1788447262
2f02c8fccb6bacb1c1eaf2ca00ad7484,2026-06-12,basic,200,ok,1788447263
4f18811b428fecdca57381c9a08e2ad8,2026-06-12,basic,400,http_400,1788447264
48c281e161d3eca16a0a0e0418555483,2026-06-12,basic,200,ok,1788447264
e96b94c360f93b33696eed0c8776e7c8,2026-06-12,basic,200,ok,1788447265
aefa01d3f2ac969d9f2c5ae6b7ffb248,2026-06-12,basic,200,ok,1788447265
cec62bdfdfe39ff25faabd8f9469afd5,2026-06-12,basic,200,ok,1788447266
daaf961d9aa23f66c0669a3d2ce8290aefe8d04e6d233bd35cf2fabdeb93fb0d,2026-06-12,basic,200,ok,1788447267
d20154727c6955718f207cf29f251675,2026-06-12,basic,200,ok,1788447267
d4d4941e3e1a4bc481f296a4d7c1bfec,2026-06-12,basic,200,ok,1788447268
8f6fd27155270d3232bd71494f851695efe8d04e6d233bd35cf2fabdeb93fb0d,2026-06-12,basic,200,ok,1788447268
f95f82811d285ef1ebc967a9797195c2efe8d04e6d233bd35cf2fabdeb93fb0d,2026-06-12,basic,200,ok,1788447269
b5ed035821e53dbd9bca07cf6eaf8950,2026-06-12,basic,200,ok,1788447270
564ef91ab28becc884e6457f9ca16ce0,2026-06-12,basic,200,ok,1788447270
f4b3fc9bb7a7fea1abb89c62a8430b6fefe8d04e6d233bd35cf2fabdeb93fb0d,2026-06-12,basic,200,ok,1788447271
f2c8f6f035055085a969f86f5b99847aaae77432709819edb959e1fd5d1d77b4,2026-06-12,basic,200,ok,1788447271
e55cd7ef4a443589d3cc2f343e1d38f3efe8d04e6d233bd35cf2fabdeb93fb0d,2026-06-12,basic,200,ok,1788447272
21008ce56ce8426bb5e2fbd3a1151ddb,2026-06-12,basic,200,ok,1788447273
4d391d1d0383e4ffa53855ce62a74afe,2026-06-12,basic,200,ok,1788447273
cff15c744c5378a9f67b65770fedf1a6,2026-06-12,basic,200,ok,1788447274
b7d48966f7bbefd1f51941f4fc9deee1,2026-06-12,basic,200,ok,1788447274
5f72b8de053e1d7784c9f2253c31f4f9,2026-06-12,basic,200,ok,1788447275
887978851251383753a2ed0aa36c4912efe8d04e6d233bd35cf2fabdeb93fb0d,2026-06-12,basic,200,ok,1788447276
76e1c2af562d1ee5a20c75575415d935,2026-06-12,basic,200,ok,1788447276
837f90f46222cf8edc4aef21c6999da0,2026-06-12,basic,200,ok,1788447277
ad32e36318a75d4540450855b4205c9cefe8d04e6d233bd35cf2fabdeb93fb0d,2026-06-12,basic,200,ok,1788447277
458d5a91325da9ab02d313bd238e5cd36fbb98200a15be5bcc73a64995849e9c,2026-06-12,basic,200,ok,1788447278
d14aa6441c5c18682feed130894556d9,2026-06-12,basic,200,ok,1788447278
605fb808539073a96c4206e7e640be77,2026-06-12,basic,200,ok,1788447279
3c905e938e84603bf78a5dfd8566cd4aefe8d04e6d233bd35cf2fabdeb93fb0d,2026-06-12,basic,200,ok,1788447280
8fc405d2ff4e3dc13a531883c1f83831,2026-06-12,basic,200,ok,1788447280
230f434897de7ed37192dd1f8e811ce2efe8d04e6d233bd35cf2fabdeb93fb0d,2026-06-12,basic,200,ok,1788447281
561ac52734a28d58392e210a2bc7bc6f,2026-06-12,basic,200,ok,1788447281
45860da093b54ddd88621df95efe047e,2026-06-12,basic,200,ok,1788447282
232d375b157c3bb4c2c8c38fff584609,2026-06-12,basic,200,ok,1788447282
985573f04f85b3501f50a356377c679886e68d4012202d0434d05f81868f68e3,2026-06-12,basic,200,ok,1788447283
6df41f003648956bfdb3b855f0bded1aefe8d04e6d233bd35cf2fabdeb93fb0d,2026-06-12,basic,200,ok,1788447284
13413cab8679be4b4b9c9d5f9dcc4198,2026-06-12,basic,200,ok,1788447284
2487b2e558897cc97e6d5f10217e32d3,2026-06-12,basic,200,ok,1788447285
1225dbe41fe7d56231ce514639b254f3,2026-06-12,basic,200,ok,1788447285
3109204070450b09995c17d411702ffb4723574b05820acf03e7ec3162ff5bed,2026-06-12,basic,200,ok,1788447286
ea94d75dbadee6e48d17f0ad6cc6e2f6,2026-06-12,basic,200,ok,1788447287
8a10ee6787855c9bd8f8985da5c581463663933da92e7566c55104ec9ac2894d,2026-06-12,basic,200,ok,1788447287
a806c3b534bf4b7b498776021fdbaf86a2186d8e7cf7a6ee152d97cc78f2ae8b,2026-06-12,basic,200,ok,1788447288
42364febfe159dfc1a680905afcb730aefe8d04e6d233bd35cf2fabdeb93fb0d,2026-06-12,basic,200,ok,1788447288
4b4295969515ca2f93b2011c33ba5dec,2026-06-12,basic,200,ok,1788447289
a08df997d21d71a4b574fa5848d5b6a8efe8d04e6d233bd35cf2fabdeb93fb0d,2026-06-12,basic,200,ok,1788447290
09f2320671bc1149dcedca17e0ea1a82,2026-06-12,basic,200,ok,1788447290
d8fde503a0c62bddda308b3e9a502432efe8d04e6d233bd35cf2fabdeb93fb0d,2026-06-12,basic,200,ok,1788447291
1c85171c1258f89e8bece5d659dcff79,2026-06-12,basic,200,ok,1788447291
bb1ea8dc46bb523f64aad2dde292d50cefe8d04e6d233bd35cf2fabdeb93fb0d,2026-06-12,basic,200,ok,1788447292
ba419f15d7ebb4696c57f7131f11a19f,2026-06-12,basic,200,ok,1788447293
320c46ce9369442c58356a8356491291efe8d04e6d233bd35cf2fabdeb93fb0d,2026-06-12,basic,200,ok,1788447293
aed59f313aca1957cce26cb72591dfc9,2026-06-12,basic,200,ok,1788447294
9e6623334e81ddd09df5f4f68a10a74de85e07f9d5d276f44440847eec04ba68,2026-06-12,basic,200,ok,1788447294
7a2e6e8f0e9ce0a6be16123f73d53866,2026-06-12,basic,200,ok,1788447295
67feb1b2e8a9d24bb0ef94009b8fc9c3,2026-06-12,basic,200,ok,1788447296
03464ce4fdc43166ce06b2f7a6b8c042efe8d04e6d233bd35cf2fabdeb93fb0d,2026-06-12,basic,200,ok,1788447296
3d071f1d01071392b85d8492892da839,2026-06-12,basic,200,ok,1788447297
04300c2eb4fb60c542d25ae9e16f406e86e68d4012202d0434d05f81868f68e3,2026-06-12,basic,200,ok,1788447297
f9e848284ba6645ab84607e606c60609efe8d04e6d233bd35cf2fabdeb93fb0d,2026-06-12,basic,400,http_400,1788447298
a167d738aad553e557e93f4bfa7816ed,2026-06-12,basic,200,ok,1788447299
3bfba48b518e5bb7247117742e759984,2026-06-12,basic,200,ok,1788447299
63e016b154aec58470d5091e9142e02eefe8d04e6d233bd35cf2fabdeb93fb0d,2026-06-12,basic,200,ok,1788447300
cae99911078c6fdbebd7163a09956a14efe8d04e6d233bd35cf2fabdeb93fb0d,2026-06-12,basic,200,ok,1788447300
cbc3bc70542c363fcad1cfc3e803f161,2026-06-12,basic,400,http_400,1788447301
d70101605764112cda93e2bd742fd4b6efe8d04e6d233bd35cf2fabdeb93fb0d,2026-06-12,basic,200,ok,1788447301
478d94813ab5ff62c54d06e04b2aa027,2026-06-12,basic,200,ok,1788447302
aafad8ba341907730aedc64b21273ed5,2026-06-12,basic,200,ok,1788447303
fbdca35b4a4ca4660da4028600c668d8e85e07f9d5d276f44440847eec04ba68,2026-06-12,basic,200,ok,1788447303
23c24b91787501cb8f38b861ef954724,2026-06-12,basic,200,ok,1788447304
c59bdd7c47d20c23da9e80e7a43915863663933da92e7566c55104ec9ac2894d,2026-06-12,basic,200,ok,1788447305
4fca895611997f23258575fb74970c4d,2026-06-12,basic,200,ok,1788447305
1d33b5e53752f1ee6293f21596f6f9eb,2026-06-12,basic,200,ok,1788447306
946a2b135345e00c961d884112dc5108efe8d04e6d233bd35cf2fabdeb93fb0d,2026-06-12,basic,200,ok,1788447306
d44387cfcb48ec7bbf0dce34375f83c1,2026-06-12,basic,200,ok,1788447307
0a489f2975b0b3f53f11e6fca3b212cb,2026-06-12,basic,200,ok,1788447307
1763b2cd320a3864418a00c8ee5118d4efe8d04e6d233bd35cf2fabdeb93fb0d,2026-06-12,basic,200,ok,1788447308
46e451194adf44697adb28adf76a51d8,2026-06-12,basic,200,ok,1788447309
d0d5a4b6a602efb651a650d440c6f5d6efe8d04e6d233bd35cf2fabdeb93fb0d,2026-06-12,basic,200,ok,1788447309
a9336c6a61ec00bc99cfa2aa8d344bd7efe8d04e6d233bd35cf2fabdeb93fb0d,2026-09-02,basic,200,ok,1788447310
5055ee612d264748dadd9bec460eb318,2026-09-02,basic,200,ok,1788447310
9e17c97e34b77b0861daf160292b8630c47ea5ffea2564f587ca830a8f71acb2,2026-09-02,basic,200,ok,1788447311
84cee694e5ac968b6e636aaedc36a8dd,2026-09-02,basic,200,ok,1788447312
c500db882240c418453aeab03da4cbfa,2026-09-02,basic,200,ok,1788447312
dee8cb06a0945f1afc27d385b2a4e3c5,2026-09-02,basic,200,ok,1788447313
c94a78c413af53221c21e40085618c1f,2026-09-02,basic,200,ok,1788447313
0ae099f30608483262951c3dc7ce60ceefe8d04e6d233bd35cf2fabdeb93fb0d,2026-09-02,basic,200,ok,1788447314
e03abbd5815c8c532f8cda629cd8c7ee,2026-09-02,basic,200,ok,1788447314
a0d914e7d32f907092022e125b22750e,2026-09-02,basic,200,ok,1788447315
d5f5cde782e2a2f78efe188d2f45f2de,2026-09-02,basic,200,ok,1788447316
9850bbadf4e657dcc576c8dd3cda4f00,2026-09-02,basic,200,ok,1788447316
034f0ae6a7632747d52578618232bf9eefe8d04e6d233bd35cf2fabdeb93fb0d,2026-09-02,basic,200,ok,1788447317
e1867cbb6dea38527b6c1b9c5e1e2ba9,2026-09-02,basic,200,ok,1788447317
2b197f345b6f1218ca31b8f4f8a66c6b,2026-09-02,basic,200,ok,1788447318
832a06fc6060a90018dc3ee36a13764d,2026-09-02,basic,200,ok,1788447319
2fae46848f423cce4cbbd45932cf86d7,2026-09-02,basic,200,ok,1788447319
18e5861b003a34489f19f9386491583b,2026-09-02,basic,200,ok,1788447320
6d8dd0b576114c242d3db2389f652b0b,2026-09-02,basic,200,ok,1788447320
debd8eaaff346b64408d17730a23a136,2026-09-02,basic,200,ok,1788447321
cd837f6ee3ece1300a75e6d48f716561,2026-09-02,basic,200,ok,1788447321
52daed165f4a329948e7ae71d2f4c4ee,2026-09-02,basic,200,ok,1788447322
6bad1e8cf7cf14ef7df1599bbe0b74e2efe8d04e6d233bd35cf2fabdeb93fb0d,2026-09-02,basic,200,ok,1788447323
f4bf249c82abe7c97e7109dc6edbdc96,2026-09-02,basic,200,ok,1788447323
d1ac9d19a59d601ea8b8b103e75afbb0efe8d04e6d233bd35cf2fabdeb93fb0d,2026-09-02,basic,400,http_400,1788447324
1b2d5fc62e47cc1e1a7bb513870c6cc7,2026-09-02,basic,200,ok,1788447325
a1091cf6b557c0143117c22415dc77eb,2026-09-02,basic,200,ok,1788447325
ea7cf12ae97f186a2539e2f78facf9b2efe8d04e6d233bd35cf2fabdeb93fb0d,2026-09-02,basic,200,ok,1788447326
89c9a3acd17698edd52c4bcbc7023988,2026-09-02,basic,200,ok,1788447327
8a0708286b479aaf6798fa54ce4dac60efe8d04e6d233bd35cf2fabdeb93fb0d,2026-09-02,basic,200,ok,1788447327
72eb9c4b63242af14686d45d22c76c0defe8d04e6d233bd35cf2fabdeb93fb0d,2026-09-02,basic,200,ok,1788447328
41b6b75b800cd56d7efd731bd6fef3b6efe8d04e6d233bd35cf2fabdeb93fb0d,2026-09-02,basic,200,ok,1788447328
3086befe80c3854a79a028f35fa8d3cdefe8d04e6d233bd35cf2fabdeb93fb0d,2026-09-02,basic,200,ok,1788447329
6b1a14be4380cf7d778517123b0ca0cd,2026-09-02,basic,200,ok,1788447330
7e82aa4f36c20de931e0efbe2edf7afc,2026-09-02,basic,200,ok,1788447330
305ed6903dd6dd7e17bf6814fcbbad17,2026-09-02,basic,200,ok,1788447331
a0d22d0ce4d0b10d0d60127926071f76efe8d04e6d233bd35cf2fabdeb93fb0d,2026-09-02,basic,200,ok,1788447332
5af5542896e8285856f060495fa65988,2026-09-02,basic,200,ok,1788447332
08d9141a208b75e2bb96eec379e30761,2026-09-02,basic,200,ok,1788447333
ddbe488c41e5a6c7125341477688ccb1,2026-09-02,basic,200,ok,1788447334
1477ca4a945ce2ea3550bf7674101518efe8d04e6d233bd35cf2fabdeb93fb0d,2026-09-02,basic,200,ok,1788447334
5bbb424bcbeecdff87dfbda3c7733644,2026-09-02,basic,200,ok,1788447335
4ac81086ec4ece1a2b937c935fc7153f,2026-09-02,basic,200,ok,1788447335
5c8dec6a0d4bdf49a4d8c9b4e94247f4,2026-09-02,basic,200,ok,1788447336
ef19abd0ca30b8c2a75e6c27d898f069,2026-09-02,basic,200,ok,1788447337
b9e43600a0a5d468bb5cfc953a862810,2026-09-02,basic,200,ok,1788447337
6be6aa6921c9a498bcd0825e528f9770,2026-09-02,basic,200,ok,1788447338
e6baed67181d531851511b3e5080e28a86e68d4012202d0434d05f81868f68e3,2026-09-02,basic,200,ok,1788447338
afc5c75344d5c83c768697afa0e99c4c,2026-09-02,basic,200,ok,1788447339
4a14a6ced7a77b7228fa025ca4def144efe8d04e6d233bd35cf2fabdeb93fb0d,2026-09-02,basic,200,ok,1788447340
2438eebf18619d2eb88e9292089445ca,2026-09-02,basic,200,ok,1788447340
d4adeb700a7c3b553c402e4f391d1754efe8d04e6d233bd35cf2fabdeb93fb0d,2026-09-02,basic,200,ok,1788447341
8140fd3a2e2ccae8a0fd8b6fe75d9ac0efe8d04e6d233bd35cf2fabdeb93fb0d,2026-09-02,basic,200,ok,1788447341
dfd1264f72ae58d6c0b5222a9d17dbcf,2026-09-02,basic,200,ok,1788447342
cfc46ad7781122698e23b88dc57846c6,2026-09-02,basic,200,ok,1788447343
0dcaec2cb03a51a72e626e390fc45e49,2026-09-02,basic,200,ok,1788447343
910f746cfcf665cf4c4bb4efc84c0eeb,2026-09-02,basic,200,ok,1788447344
c8db12052496f509ec973925f5ba4776aae77432709819edb959e1fd5d1d77b4,2026-09-02,basic,200,ok,1788447344
2eb9cc3de8dfdfe726934f0374e6d4e8,2026-09-02,basic,200,ok,1788447345
524261774c370f5d801d0718f32916effd842dab14be2a956555625b37c97bff,2026-09-02,basic,200,ok,1788447346
cc6f1c896e6eb559e093698dd04a8f1d,2026-09-02,basic,200,ok,1788447346
a8a9876ab47d1a692f33386d5e3a43a7c47ea5ffea2564f587ca830a8f71acb2,2026-09-02,basic,200,ok,1788447347
2700a923cd81db84aade40961caa0ce9,2026-09-02,basic,200,ok,1788447347
0de0846e5ec5afa57e2519cc32437b45,2026-09-02,basic,200,ok,1788447348
d281b142d2442a2b44be7077f47f8065,2026-09-02,basic,200,ok,1788447349
f55450faaa9eb0208142e444d433c985efe8d04e6d233bd35cf2fabdeb93fb0d,2026-09-02,basic,200,ok,1788447349
b6c6b3ffdea70b5d852dff4fe6360802efe8d04e6d233bd35cf2fabdeb93fb0d,2026-09-02,basic,200,ok,1788447350
7932b6c1753f8d918db9139dac534ab4,2026-09-02,basic,200,ok,1788447350
47b23ba7ede04582e22713c5ef88cc9fefe8d04e6d233bd35cf2fabdeb93fb0d,2026-09-02,basic,200,ok,1788447351
e6a7e5527099dbbe9e3d8e23297c75ef,2026-09-02,basic,200,ok,1788447352
f5886b19dde98d9324b1db89407220ec,2026-09-02,basic,200,ok,1788447352
46c07212fc25a60ef3bc02c5489c79f5,2026-09-02,basic,200,ok,1788447353
98ba0957cb9db0b8310972174d65cb3a,2026-09-02,basic,200,ok,1788447353
039f55d699c00693471aad0d30a23991,2026-09-02,basic,200,ok,1788447354
7414e5aaedc601e8e7ef5a3beb9287d5,2026-09-02,basic,200,ok,1788447355
ac25fc71bfd0966457af76cc2077fe886fbb98200a15be5bcc73a64995849e9c,2026-09-02,basic,200,ok,1788447355
4927a817cdd994016bcd144cfb19d0b7efe8d04e6d233bd35cf2fabdeb93fb0d,2026-09-02,basic,200,ok,1788447356
b971fbb483bc7cc8d11a911453e8c9e3,2026-09-02,basic,200,ok,1788447356
f77f1d8ec8a7e69b76ac2db3e542db59efe8d04e6d233bd35cf2fabdeb93fb0d,2026-09-02,basic,200,ok,1788447357
f666337dfa2f027d822b94fce71ad0ce,2026-09-02,basic,200,ok,1788447358
b838e7be91c49feba88248385407110e,2026-09-02,basic,200,ok,1788447358
237fbe6a235681f7f4c1b57dfcb6b7f8fd842dab14be2a956555625b37c97bff,2026-09-02,basic,200,ok,1788447359
832e0158336b6fb42d53dcf5c5d9bf4c,2026-09-02,basic,200,ok,1788447359
633428fc8555a94131b3ca87bb5878caefe8d04e6d233bd35cf2fabdeb93fb0d,2026-09-02,basic,200,ok,1788447360
ea133f185dc297d92324ff2732064e89,2026-09-02,basic,200,ok,1788447361
a50ede2537d8ee2dd911a2b66a05ec90,2026-09-02,basic,200,ok,1788447361
4334d56d7cce33567862762e6bcc11a5,2026-09-02,basic,200,ok,1788447362
a324ab06228cd71851def39f47053d15,2026-09-02,basic,200,ok,1788447362
03f43f04516294208cad4eb8c7c6db32efe8d04e6d233bd35cf2fabdeb93fb0d,2026-09-02,basic,200,ok,1788447363
75980277e4b27b4d36f053ada6f175a7,2026-09-02,basic,200,ok,1788447364
6fe4d4e5e4bd5dd80af7d2f955fc93dd,2026-09-02,basic,200,ok,1788447364
ee0839f101af4bd06907b683e9f3a2298295750b1f4857867454debc45ec9c8a,2026-09-02,basic,200,ok,1788447365
27797175aa8eb36fad7533f935f3e4a8,2026-09-02,basic,200,ok,1788447365
4f50335da029324c481ee48cb0d5bd02efe8d04e6d233bd35cf2fabdeb93fb0d,2026-09-02,basic,200,ok,1788447366
2883a7a28f3c74f76bf854c1e5d5dc96efe8d04e6d233bd35cf2fabdeb93fb0d,2026-09-02,basic,200,ok,1788447367
e686660d483b2a763da1fd4bf01e3c68,2026-09-02,basic,200,ok,1788447367
394c36457ad8cca27f6614d29c1ce5ad,2026-09-02,basic,200,ok,1788447368
7ab3b5065eb6957f6f81bd1099990ff5,2026-09-02,basic,200,ok,1788447368
35fa353783e5df1b3c8139649c215fb6,2026-09-02,basic,200,ok,1788447369
283e8ff05be91901b45058fb581d5c23,2026-09-02,basic,200,ok,1788447370
8bef66eb3aff254c1de0fb96f98a8097,2026-09-02,basic,200,ok,1788447370
9ed094d3c58934e6346b04f4bd91aeba,2026-09-02,basic,200,ok,1788447371
7d41d32f5f8616ad2a4c3799ad0702c7,2026-09-02,basic,200,ok,1788447371
8bf985315b4d42f6ec3645184f8f5fa2,2026-09-02,basic,200,ok,1788447372
d188a68a2af5477c2ad82a3d7177880cefe8d04e6d233bd35cf2fabdeb93fb0d,2026-09-02,basic,200,ok,1788447372
1909b188015b35952643008ab422587b,2026-09-02,basic,200,ok,1788447373
103a9290d5493a904447b49780010a43,2026-09-02,basic,200,ok,1788447374
69f23d1fd1e4f77b9e6cb77dcf3850ad,2026-09-02,basic,200,ok,1788447374
560025f8412dfe6e7b3606010cfbd791efe8d04e6d233bd35cf2fabdeb93fb0d,2026-09-02,basic,200,ok,1788447375
c5d8654fa1d01fcb7071d008f1269c1aa2186d8e7cf7a6ee152d97cc78f2ae8b,2026-09-02,basic,200,ok,1788447375
f5f7368e707ac50d860ab63f2f062f3eefe8d04e6d233bd35cf2fabdeb93fb0d,2026-09-02,basic,200,ok,1788447376
a0bf5b435e356d0550d30a64984767e986e68d4012202d0434d05f81868f68e3,2026-09-02,basic,200,ok,1788447377
0d692d847ac4040cff524468eaeba2bc,2026-09-02,basic,200,ok,1788447377
8e296050312b9da2be6c511e7267aa00,2026-09-02,basic,200,ok,1788447378
25594b2b03c528a394beb3bd6d37f20d,2026-09-02,basic,200,ok,1788447378
8879d022d925eaaa5d742f6955dfb2baefe8d04e6d233bd35cf2fabdeb93fb0d,2026-09-02,basic,200,ok,1788447379
0d7de64314fee45783a50d460e13765d,2026-09-02,basic,200,ok,1788447380
207b654b7b0eb4f15f7823b99c790488,2026-09-02,basic,200,ok,1788447380
5aa322ecf775df0f0d0a1785ed537400,2026-09-02,basic,200,ok,1788447381
4fbcf88de79931925efea43ae077f0d0,2026-09-02,basic,200,ok,1788447381
7bac2a411c28391f7349d5b23f882757,2026-09-02,basic,200,ok,1788447382
feea0a533b1fbba92b1705d833c0733b6fbb98200a15be5bcc73a64995849e9c,2026-09-02,basic,200,ok,1788447383
1c33cdd2293dfed1e11ac41f340e5a0d,2026-09-02,basic,200,ok,1788447383
1c11aa776bfc404edaf6c7cc7e39147f,2026-09-02,basic,200,ok,1788447384
5eea6b5eda45e96c46cd0fcb7e0ec025,2026-09-02,basic,200,ok,1788447384
23ff7efda02c235e6456a933c811657c,2026-09-02,basic,200,ok,1788447385
60c1c9d80edc4a83534f63e155f69627efe8d04e6d233bd35cf2fabdeb93fb0d,2026-09-02,basic,200,ok,1788447386
a9dbc7d16754be8d4006c48d3ff9c5f0efe8d04e6d233bd35cf2fabdeb93fb0d,2026-09-02,basic,200,ok,1788447386
9af55904fc723277aa48af6b166ea1d4,2026-09-02,basic,200,ok,1788447387
be50c466d88e99674713904f4b85f29c,2026-09-02,basic,200,ok,1788447387
81be2643e7ba27a62b1c4cab3005f7db,2026-09-02,basic,200,ok,1788447388
46b8420f8f9678f463e9ca90b7c3e725efe8d04e6d233bd35cf2fabdeb93fb0d,2026-09-02,basic,200,ok,1788447389
dd72f9456a6538060f7ce5351667b8dc,2026-09-02,basic,200,ok,1788447389
efebbdf14a27849de34478e4b411b771,2026-09-02,basic,200,ok,1788447390
9598a7330e2a29d79606848ce8b6d438,2026-09-02,basic,200,ok,1788447390
027351da545abd3102cee3f83aaaf227,2026-09-02,basic,200,ok,1788447391
dfcc25839683fda724425cbb2904e81a,2026-09-02,basic,200,ok,1788447391
0cb779fb0a69e1c7805cc510e7db7e8c,2026-09-02,basic,200,ok,1788447392
b64ff7432fcfa5788d2ef49de5a07b62,2026-09-02,basic,200,ok,1788447393
fd07f0c4b4c688e86806dff8a07b4a63,2026-09-02,basic,200,ok,1788447393
2463070cf0bd6903381fc3d65accffe9efe8d04e6d233bd35cf2fabdeb93fb0d,2026-09-02,basic,200,ok,1788447394
47eedd77817d10cb1f9d04f490504af3,2026-09-02,basic,200,ok,1788447394
2cd3f2f3e6ec7dd2b2be13f77fa7865b,2026-09-02,basic,200,ok,1788447395
5efea7c0f18d46ec7f45e77eef3a6504,2026-09-02,basic,200,ok,1788447396
036eedb16b895263dc9bcecc345222a64723574b05820acf03e7ec3162ff5bed,2026-09-02,basic,200,ok,1788447396
90f39ae96b0f0673ff7a28f3331880cc,2026-09-02,basic,200,ok,1788447397
59c69a8fe644da4fbf77df9f9312aff3a2186d8e7cf7a6ee152d97cc78f2ae8b,2026-09-02,basic,200,ok,1788447397
a9a710df3524cf4767e4b927bd19f5c3efe8d04e6d233bd35cf2fabdeb93fb0d,2026-09-02,basic,200,ok,1788447398
b0921cf02c5fce834eee4da76b25d809,2026-09-02,basic,200,ok,1788447399
630bcdbe0858d96fc5ddda08bc14185d,2026-09-02,basic,200,ok,1788447399
dd0969b9e6f75003eaa8654133d11a2d,2026-09-02,basic,200,ok,1788447400
7d9b8d69676d497f96f9f05ab9c2e898,2026-09-02,basic,200,ok,1788447400
9bd4857ed93b82a6da3754ff2e4ceeafe85e07f9d5d276f44440847eec04ba68,2026-09-02,basic,200,ok,1788447401
b12e4d7f20f9b5ce7d07470d73791e05,2026-09-02,basic,200,ok,1788447402
cae3459af6c129c4b90b3e08a5e786ac,2026-09-02,basic,200,ok,1788447402
9b8b8e11ddcf8832ed83decc248a61bc,2026-09-02,basic,200,ok,1788447403
c364d519dbb06fb17e6365e131719664,2026-09-02,basic,200,ok,1788447403
13ea989ed152eaf3d1dfb13338d0b998,2026-09-02,basic,200,ok,1788447404
cfc2bb37c4e8dcf7100668e9bc090074efe8d04e6d233bd35cf2fabdeb93fb0d,2026-09-02,basic,200,ok,1788447404
811ca7351540d010b63e255977de53c3,2026-09-02,basic,200,ok,1788447405
35cc010bcfdd6b0c3c420561b2a365f5,2026-09-02,basic,200,ok,1788447406
54ed5a149e2481827417a9723960d17befe8d04e6d233bd35cf2fabdeb93fb0d,2026-09-02,basic,200,ok,1788447406
c2794ac88499c283bda46f876d85592eefe8d04e6d233bd35cf2fabdeb93fb0d,2026-09-02,basic,200,ok,1788447407
5158814f33211af898e9d0a4a806c7b3,2026-09-02,basic,200,ok,1788447407
f28877b2f1bdb62c1d4b2d8a99e4a79c,2026-09-02,basic,200,ok,1788447408
f0d4313eb1a7c3e16068a7ba0bc5eb8e,2026-09-02,basic,200,ok,1788447409
b80f96f8d00be8363e3f6c64d2b89e6defe8d04e6d233bd35cf2fabdeb93fb0d,2026-09-02,basic,200,ok,1788447409
73a0cae4c574f5c3204a9b6e1622c857efe8d04e6d233bd35cf2fabdeb93fb0d,2026-09-02,basic,200,ok,1788447410
4b384b27b558b42f63a1f11f8f071f49,2026-09-02,basic,200,ok,1788447410
4a9f5124a6eca36be6971b6d63054d17,2026-09-02,basic,200,ok,1788447411
e8fc701e3cdf3cc074a6e850cda11f69efe8d04e6d233bd35cf2fabdeb93fb0d,2026-09-02,basic,200,ok,1788447411
6bca448fe48ca75d1fece04eff4801e2,2026-09-02,basic,200,ok,1788447412
55e8e07a6a2e8dc63ca86a5a78ede857,2026-09-02,basic,200,ok,1788447413
69c3f618b6395e3cfa5ceeddcf10fe63,2026-09-02,basic,200,ok,1788447413
061aadf23d8356eab3b5cca9c46ce47eefe8d04e6d233bd35cf2fabdeb93fb0d,2026-09-02,basic,200,ok,1788447414
464e3faff406d27d72f00071aa1106de,2026-09-02,basic,200,ok,1788447415
266a1f7f1a8b5e42721635dd7d7ab55e,2026-09-02,basic,200,ok,1788447415
3fd53f5b98793cb97d5c6b1c0699b307,2026-09-02,basic,200,ok,1788447416
ea3bb05e77fa1160cfc4e295f76eb61b,2026-09-02,basic,200,ok,1788447416
84ee22ae1e81a51fa5eeafe6b288d1de,2026-09-02,basic,200,ok,1788447417
cb50614545b8a3222bea20cbfa01f4dfefe8d04e6d233bd35cf2fabdeb93fb0d,2026-09-02,basic,200,ok,1788447418
fd5580cef43307a87a5207b6ee9f806f,2026-09-02,basic,200,ok,1788447418
392f79ad92d9734d0606606ba41768b2,2026-09-02,basic,200,ok,1788447419
2381cc1f078b5284a9349d6bf4184d1486e68d4012202d0434d05f81868f68e3,2026-09-02,basic,200,ok,1788447419
828dbf2b30b025eab3d39b57b065205b,2026-09-02,basic,200,ok,1788447420
911dc910e299fb5505bfc67e0c3108beefe8d04e6d233bd35cf2fabdeb93fb0d,2026-09-02,basic,200,ok,1788447421
5231b060d8a4de49430bc4e417d5eb11,2026-09-02,basic,200,ok,1788447421
caf62b0da4e2a8262f7fcab1ee02fd76,2026-09-02,basic,200,ok,1788447422
e737dc96d9c0ee45e2aaebe17e4512dfefe8d04e6d233bd35cf2fabdeb93fb0d,2026-09-02,basic,200,ok,1788447422
8d3b47cad2142ff9ca1db602a1daf8e9,2026-09-02,basic,200,ok,1788447423
7e0bff67b1c69891cb581eac7c9d2ca6,2026-09-02,basic,200,ok,1788447424
32ba79f01ee8c8c5d879c19763f4863f,2026-09-02,basic,200,ok,1788447424
10f2408ad42697f5b75ba74d65e180538295750b1f4857867454debc45ec9c8a,2026-09-02,basic,200,ok,1788447425
56192f43b1997b39e865d4523607e1dd,2026-09-02,basic,200,ok,1788447425
735d90468da89f5e78fa510fdc2f80ccefe8d04e6d233bd35cf2fabdeb93fb0d,2026-09-02,basic,200,ok,1788447426
2429956f6142a3b473edde2cc96af27d,2026-09-02,basic,200,ok,1788447426
cb101b65ee0e5bc06bf046ed1d47059e,2026-09-02,basic,200,ok,1788447427
079d679a898ce79452755e9d8b6d84ef,2026-09-02,basic,200,ok,1788447428
8fe9d2efda1061c247ec5156fab68d1cefe8d04e6d233bd35cf2fabdeb93fb0d,2026-09-02,basic,200,ok,1788447428
783b3d264c9d11c5e2ad8bca16109c80,2026-09-02,basic,200,ok,1788447429
7044a88de535c0a0fee68cfa02f8ca4b,2026-09-02,basic,200,ok,1788447429
7e3780b4c672a5f03b4396997df1b4dc,2026-09-02,basic,200,ok,1788447430
47b699fd6eb43129f6152b7231c80adb,2026-09-02,basic,200,ok,1788447430
bb65e6f68ccb111da5109058cd61db6c,2026-09-02,basic,200,ok,1788447431
be916ef11b454c762dbf089801eebe96efe8d04e6d233bd35cf2fabdeb93fb0d,2026-09-02,basic,200,ok,1788447432
3631a142bdffd59e647a6eb1cdb62d05,2026-09-02,basic,200,ok,1788447432
ad2ffa871ca2aeffaa0abcd214938cb4efe8d04e6d233bd35cf2fabdeb93fb0d,2026-09-02,basic,200,ok,1788447433
921cb96d14020da523585779250d0935,2026-09-02,basic,200,ok,1788447433
62f1f6acbc1eefeb0e52cf47bea89c6be85e07f9d5d276f44440847eec04ba68,2026-09-02,basic,200,ok,1788447434
414862916602637078e860443c4b7c81efe8d04e6d233bd35cf2fabdeb93fb0d,2026-09-02,basic,200,ok,1788447435
086b3d604195aca55b9fed471079c467,2026-09-02,basic,200,ok,1788447435
ce26de8fcb2cf06ffadb656af94ca5c7efe8d04e6d233bd35cf2fabdeb93fb0d,2026-09-02,basic,200,ok,1788447436
ccb1b4d802c1ccb1de0f70dd6cb706d6,2026-09-02,basic,200,ok,1788447436
57140741bb086af27970c442c6d517b6,2026-09-02,basic,200,ok,1788447437
fc8b81972cb2a3ebcef3850972fdba1a,2026-09-02,basic,200,ok,1788447437
bebbb6945a6113697f703a9480117931,2026-09-02,basic,200,ok,1788447438
abc9d6a50e8ababca205314cabe1bcda,2026-09-02,basic,200,ok,1788447439
8095308283cd6357e82848e305ed0586,2026-09-02,basic,200,ok,1788447439
33b6258cfe2406701c39df7004eae5e0,2026-09-02,basic,200,ok,1788447440
0e909d3dcec7f1f55d0387302c54b94f,2026-09-02,basic,200,ok,1788447440
32dc3e347023052e55202ac9043ff1d2,2026-09-02,basic,200,ok,1788447441
74a440f76bf65fe6356dcad2b4ed80cf,2026-09-02,basic,200,ok,1788447441
faf059742471b4531fb786b60f07fb17,2026-09-02,basic,200,ok,1788447442
aa80333639ef2a80ced8be5412b978e1,2026-09-02,basic,200,ok,1788447443
ac4167970d28efe1e3133878afbd43da,2026-09-02,basic,200,ok,1788447443
34781c24f998d7e2ac73c9f5cf9047c8e85e07f9d5d276f44440847eec04ba68,2026-09-02,basic,200,ok,1788447444
02ba1a151a05df6395e40fb6b0162644,2026-09-02,basic,200,ok,1788447444
4191f13e7f2eb8ef7af490080dc0fbb0,2026-09-02,basic,200,ok,1788447445
f4101031a0d9101305fa1dda72834c85,2026-09-02,basic,200,ok,1788447445
261156f1c9847a1ba6771b705966e467efe8d04e6d233bd35cf2fabdeb93fb0d,2026-09-02,basic,200,ok,1788447446
e9f347590a2e6677f04c9e80b6199ffaefe8d04e6d233bd35cf2fabdeb93fb0d,2026-09-02,basic,200,ok,1788447447
2391e8799a822c17a76d7284ddfe9d65,2026-09-02,basic,200,ok,1788447447
e3883a48a4174b566c644b4a6aabb791,2026-09-02,basic,200,ok,1788447448
8a621dd77730790e250a662c0af31aa4,2026-09-02,basic,200,ok,1788447448
c3397347898c8445afa71f0a30912599efe8d04e6d233bd35cf2fabdeb93fb0d,2026-09-02,basic,200,ok,1788447449
4dafa2299aa67a9f1b0499e03b113e7d,2026-09-02,basic,200,ok,1788447449
663de86654fad0dfd8347de7fae7c98aefe8d04e6d233bd35cf2fabdeb93fb0d,2026-09-02,basic,200,ok,1788447450
348332bad2b8e73aeb5874aaa9b37d5886e68d4012202d0434d05f81868f68e3,2026-09-02,basic,200,ok,1788447451
477a3806b1ef8c0908f64e17a6209f80,2026-09-02,basic,200,ok,1788447451
8a2a7342bece01ae520075eeacfd7119efe8d04e6d233bd35cf2fabdeb93fb0d,2026-09-02,basic,200,ok,1788447452
8dec3a401e604d54e2b3e0455fda017befe8d04e6d233bd35cf2fabdeb93fb0d,2026-09-02,basic,200,ok,1788447452
c0ffc013c6d76e2e9427e5fe3a8f3e3c,2026-09-02,basic,200,ok,1788447453
7b5259eee93655002a88ee05119b5a90,2026-09-02,basic,200,ok,1788447453
dc41cd414377e6f3701a7e14f2682383efe8d04e6d233bd35cf2fabdeb93fb0d,2026-09-02,basic,200,ok,1788447454
7acd99f8d3c69bdbd6a0adedce2d4d4aefe8d04e6d233bd35cf2fabdeb93fb0d,2026-09-02,basic,200,ok,1788447455
ada4022f65aec6a3904972cd247cb3ed,2026-09-02,basic,200,ok,1788447455
8ece79ea6cf6b606c3b44a0859c7a0be,2026-09-02,basic,200,ok,1788447456
75d9e3fa70e41d9ecfa6f1ddaa80c5d0efe8d04e6d233bd35cf2fabdeb93fb0d,2026-09-02,basic,200,ok,1788447456
83190c84354df57d08ac29b71d0aea3fc47ea5ffea2564f587ca830a8f71acb2,2026-09-02,basic,200,ok,1788447457
aa3b445593c0d351264d411cdf0a807e,2026-09-02,basic,200,ok,1788447457
d71497b7485f3bc3bd6b9d6970c288a9,2026-09-02,basic,200,ok,1788447458
9c0a84d8b1e210f46a769190e20c1d1c,2026-09-02,basic,200,ok,1788447459
16ef2538bfeb496243de442d54d2ff3f,2026-09-02,basic,200,ok,1788447459
af1ab2c67d778da8a4099c6d00109bac,2026-09-02,basic,200,ok,1788447460
0bcf23ebce5233d865607af62f96708486e68d4012202d0434d05f81868f68e3,2026-09-02,basic,200,ok,1788447460
54a773563e2d495f1a07dae4ce8fb02a,2026-09-02,basic,200,ok,1788447461
98b23d2e2c7095f96a41d1c16ee97c1d,2026-09-02,basic,200,ok,1788447461
1a954b4f1d6ca4edf3ad111431d62514efe8d04e6d233bd35cf2fabdeb93fb0d,2026-09-02,basic,200,ok,1788447462
592c1382ece7947ca200b75f42f774eeefe8d04e6d233bd35cf2fabdeb93fb0d,2026-09-02,basic,200,ok,1788447462
75825776cb7a2cb5eebb879c4ebafdac,2026-09-02,basic,200,ok,1788447463
dc725ccdc580f17f25c340f6005df4dc,2026-09-02,basic,200,ok,1788447464
9d5044211e5316eac6de0df0e865c32c,2026-09-02,basic,200,ok,1788447464
3f5095689a598cf216b0a6cd667d21a3e85e07f9d5d276f44440847eec04ba68,2026-09-02,basic,200,ok,1788447465
130298362394149ba88de76af6c6fe70,2026-09-02,basic,200,ok,1788447465
3af56a8613d6b5d44fe57f67b3d2c311efe8d04e6d233bd35cf2fabdeb93fb0d,2026-09-02,basic,200,ok,1788447466
a9ef743df8b2ba6c7c896ecd3a1752d9,2026-09-02,basic,200,ok,1788447467
0b54c763760496b844e5a1dc13f62875,2026-09-02,basic,200,ok,1788447467
6b2aa789f14a6d9b30982289507dc1bc,2026-09-02,basic,200,ok,1788447468
b9909455709349657c4ab24400262213,2026-09-02,basic,200,ok,1788447468
9842109802903e6c5a56ad969eb5ffbaefe8d04e6d233bd35cf2fabdeb93fb0d,2026-09-02,basic,200,ok,1788447469
7bff6e1d892ac4e73e8d99138235b2be,2026-09-02,basic,200,ok,1788447469
de2652dd5e4bb16a3474e2d7af13bc14,2026-09-02,basic,200,ok,1788447470
acc0e0b0357fbf56857b891e31d23894,2026-09-02,basic,200,ok,1788447471
6d978b338ef9a295bd0430c1b5367853efe8d04e6d233bd35cf2fabdeb93fb0d,2026-09-02,basic,200,ok,1788447471
920e7e7d6e0aaaf2c4fb90c6158074ee,2026-09-02,basic,200,ok,1788447472
ad9f8440907cd22bb3d81ff30d9926fa,2026-09-02,basic,200,ok,1788447473
e6461cdd6fb745abae8b04259f0964c3efe8d04e6d233bd35cf2fabdeb93fb0d,2026-09-02,basic,200,ok,1788447473
4a634a440954e8bc520fa11bdd0cbd6aefe8d04e6d233bd35cf2fabdeb93fb0d,2026-09-02,basic,200,ok,1788447474
88e4009d06b8426bdce140efbc0847a0,2026-09-02,basic,200,ok,1788447474
95fd5bf06a4f67d1f71b813276158b2da2186d8e7cf7a6ee152d97cc78f2ae8b,2026-09-02,basic,200,ok,1788447475
c3299c3da9ca05f4b102fd77c22b46e5,2026-09-02,basic,200,ok,1788447475
74df32f2f51fe39bba8709adf607e38c,2026-09-02,basic,200,ok,1788447476
4e00cb0a2cce226fa48e2b888bab185c,2026-09-02,basic,200,ok,1788447477
7da22dcbadb3fa4d064bfa1ba7bf5be0,2026-09-02,basic,200,ok,1788447477
653c0cd86f764c7c4bec6c84fd260af6,2026-09-02,basic,200,ok,1788447478
ada9c25850509c47e4277fe1ea7e0821,2026-09-02,basic,200,ok,1788447478
62034f8c946978e2a32e65df5f495b15,2026-09-02,basic,200,ok,1788447479
083447a959a0fd8bfa78cd5398bc9e4e,2026-09-02,basic,200,ok,1788447479
4ee9695f993bcbb509f993c6e4df9f61,2026-09-02,basic,200,ok,1788447480
b01009e86b92c31cf6bcdd624a86dae7,2026-09-02,basic,200,ok,1788447480
489e1713e76e675c5c092437c23e414fefe8d04e6d233bd35cf2fabdeb93fb0d,2026-09-02,basic,200,ok,1788447481
0be1b6381dc0cf344cd8a118afbe8200,2026-09-02,basic,200,ok,1788447482
757170506cc40e28b1415d1cd8fce3e9efe8d04e6d233bd35cf2fabdeb93fb0d,2026-09-02,basic,200,ok,1788447482
21b9d56e2fb82146c3bdc787279cd99e,2026-09-02,basic,200,ok,1788447483
346fc906e925cf1a0e47407f8d058bc0efe8d04e6d233bd35cf2fabdeb93fb0d,2026-09-02,basic,200,ok,1788447483
18d28330a87926123e8ec7480804f0fb,2026-09-02,basic,200,ok,1788447484
25b104008299a51ca829f3d2885bf10defe8d04e6d233bd35cf2fabdeb93fb0d,2026-09-02,basic,200,ok,1788447485
d108726fed653113753431ee3c14cbcd6fbb98200a15be5bcc73a64995849e9c,2026-09-02,basic,200,ok,1788447485
8d122603cc2db91e6207422778417b75efe8d04e6d233bd35cf2fabdeb93fb0d,2026-09-02,basic,200,ok,1788447486
1c928c2b422c856c9299466ae78bb20fefe8d04e6d233bd35cf2fabdeb93fb0d,2026-09-02,basic,200,ok,1788447487
9cf2f2064d06a649928299298b425725,2026-09-02,basic,200,ok,1788447487
770d499316e1306b2dea46a622ef177b,2026-09-02,basic,200,ok,1788447488
7b2afe6b142ae59d8a2cda9eda5b4e7ce85e07f9d5d276f44440847eec04ba68,2026-09-02,basic,200,ok,1788447488
0fc562e3f41f92d8b7f6ac2d5835442e,2026-09-02,basic,200,ok,1788447489
0f653208492afed632d778d5c5f8e959,2026-09-02,basic,200,ok,1788447490
ecb8df5258c0b45f8417ddec096ea621efe8d04e6d233bd35cf2fabdeb93fb0d,2026-09-02,basic,200,ok,1788447490
e795f9fd8a1f2b14069301a88e88cde1,2026-09-02,basic,200,ok,1788447491
3b0d0f682f1fcaa3221799be6ff0b198efe8d04e6d233bd35cf2fabdeb93fb0d,2026-09-02,basic,200,ok,1788447491
de3d9850f568b7ec97148bc3f1423de9,2026-09-02,basic,200,ok,1788447492
5f779bea0f4e019a5a9571d7edf81ad8,2026-09-02,basic,200,ok,1788447493
0818d14338c6233658b47a621cf170ce,2026-09-02,basic,200,ok,1788447493
75870a6708e21dea0c4c4b6c07abd431,2026-09-02,basic,200,ok,1788447494
edeecb5bc4974dc8a8f61156de921ec7,2026-09-02,basic,200,ok,1788447494
b8af1a71e6f1b79b1333dfe90ca8eb46,2026-09-02,basic,200,ok,1788447495
6601d0a23b78446ffdaaf372e9f2ddda,2026-09-02,basic,200,ok,1788447495
b16609eeea0b4070a9e34cbf3dfa89676fbb98200a15be5bcc73a64995849e9c,2026-09-02,basic,200,ok,1788447496
c985316424c571bf1a5d9d13ab3aa7d4efe8d04e6d233bd35cf2fabdeb93fb0d,2026-09-02,basic,200,ok,1788447497
9ed67ef8c429ba060d68291226aff039,2026-09-02,basic,200,ok,1788447497
b18a8e0b8730f74f89c259e77f991a41efe8d04e6d233bd35cf2fabdeb93fb0d,2026-09-02,basic,200,ok,1788447498
5408997c91378583b287dee997d0f141c47ea5ffea2564f587ca830a8f71acb2,2026-09-02,basic,200,ok,1788447498
11aa0fce047d41987cc21c8b5dce2d19,2026-09-02,basic,200,ok,1788447499
279344b0d6640640fc4f804ebe518a63,2026-09-02,basic,200,ok,1788447499
259f69624e2004d426646ef57dd48215,2026-09-02,basic,200,ok,1788447500
54b2719a4e5402ac2d095673e577079fefe8d04e6d233bd35cf2fabdeb93fb0d,2026-09-02,basic,200,ok,1788447501
9704723d6d97c5552d90167743741f98efe8d04e6d233bd35cf2fabdeb93fb0d,2026-09-02,basic,200,ok,1788447501
c3b9ddaa41b6f885fa6f7ee5341de25fefe8d04e6d233bd35cf2fabdeb93fb0d,2026-09-02,basic,200,ok,1788447502
881b6050ef10eabae8768d632268b8a4efe8d04e6d233bd35cf2fabdeb93fb0d,2026-09-02,basic,200,ok,1788447502
24fe561ab474dc88e726d02d51afd6e0,2026-09-02,basic,200,ok,1788447503
bebf37fee45a696955e79d142aa7b6b1efe8d04e6d233bd35cf2fabdeb93fb0d,2026-09-02,basic,200,ok,1788447503
b99dd86bb08330a2b14eb92c972c2e11,2026-09-02,basic,200,ok,1788447504
4853c5be4037f04057294142febc30efefe8d04e6d233bd35cf2fabdeb93fb0d,2026-09-02,basic,200,ok,1788447505
8442b4c1f5b02af57c4b61dc08e26400efe8d04e6d233bd35cf2fabdeb93fb0d,2026-09-02,basic,200,ok,1788447505
69f76ce557ebd7fe7690499d2d5802deefe8d04e6d233bd35cf2fabdeb93fb0d,2026-09-02,basic,200,ok,1788447506
deeaad4b2d6baacbadca21890297693b,2026-09-02,basic,200,ok,1788447506
89c29c67eb444f11aa7e1bd7d692b856,2026-09-02,basic,200,ok,1788447507
35614b586f49b33b5ca2f9d69bcb900c,2026-09-02,basic,200,ok,1788447507
ad00ccf9b55019260dd2fa625c2a1ab3efe8d04e6d233bd35cf2fabdeb93fb0d,2026-09-02,basic,200,ok,1788447508
22a81d94d2860667aee4ac5b1af6e05e,2026-09-02,basic,200,ok,1788447509
67c266c4634079d3465f2d679a28bc6f,2026-09-02,basic,200,ok,1788447509
bf9be89fb32c499a7edbbaf064125762,2026-09-02,basic,200,ok,1788447510
8c845c870579bcdb5a2d5fb978711851,2026-09-02,basic,200,ok,1788447510
fe2532971cbdd2ccf5f8f703d0d0d1c1,2026-09-02,basic,200,ok,1788447511
f6472b3238d0424e028b6f1bc9d71b45efe8d04e6d233bd35cf2fabdeb93fb0d,2026-09-02,basic,200,ok,1788447511
120d5330ed9c97bfb189e5fd30ca1d42efe8d04e6d233bd35cf2fabdeb93fb0d,2026-09-02,basic,200,ok,1788447512
f444fab0b84a1418b12fa2810b31d329,2026-09-02,basic,200,ok,1788447513
1e9c00bdab72202f57f39489ecfc18f5,2026-09-02,basic,200,ok,1788447513
239ef365318b77f145a83b34618f9a66efe8d04e6d233bd35cf2fabdeb93fb0d,2026-09-02,basic,200,ok,1788447514
d988bf5620b3cc8c9560f782b213ae4aefe8d04e6d233bd35cf2fabdeb93fb0d,2026-09-02,basic,200,ok,1788447514
eeaae786cce481c7578e1f6fee87aabd,2026-09-02,basic,200,ok,1788447515
faf1749fe884a6c8f40cc392ab1d582f,2026-09-02,basic,200,ok,1788447516
d956f6fdec7267eaa59e8fc70952c5a4efe8d04e6d233bd35cf2fabdeb93fb0d,2026-09-02,basic,200,ok,1788447516
ac14e5502ab7427ee2d3bed72306f37b,2026-09-02,basic,200,ok,1788447517
657f991dc106e0810fee14efb330f38f,2026-09-02,basic,200,ok,1788447517
ba98fe3f00c71f34da4438bd51fd6d58efe8d04e6d233bd35cf2fabdeb93fb0d,2026-09-02,basic,200,ok,1788447518
068f8cc0609789a38f5e885eeee869ddefe8d04e6d233bd35cf2fabdeb93fb0d,2026-09-02,basic,200,ok,1788447518
bb269b94b5d8ba9aea11a781938aa072,2026-09-02,basic,200,ok,1788447519
a01df0d5c39ea2546ca7b222772edefbefe8d04e6d233bd35cf2fabdeb93fb0d,2026-09-02,basic,200,ok,1788447520
5f912e52724b77688cf02617853429bd,2026-09-02,basic,200,ok,1788447520
dd87b8f2b08d308a328f2064ce1a4ca3,2026-09-02,basic,200,ok,1788447521
6d913f41941ad4c76ff90bbe12065c81efe8d04e6d233bd35cf2fabdeb93fb0d,2026-09-02,basic,400,http_400,1788447521
f28f04c1e704ee0c27a9a6df655765a4efe8d04e6d233bd35cf2fabdeb93fb0d,2026-09-02,basic,200,ok,1788447522
4006c05f831397f9ae7fa333112ce962efe8d04e6d233bd35cf2fabdeb93fb0d,2026-09-02,basic,200,ok,1788447522
86cdf1e35e899834430e9985a399747f,2026-09-02,basic,200,ok,1788447523
896b9db874ccf1947d0267dd171e4857efe8d04e6d233bd35cf2fabdeb93fb0d,2026-09-02,basic,200,ok,1788447524
01c67761f5b58be6907a98a27d5c9ba7,2026-09-02,basic,200,ok,1788447524
a5a03e31e36216fc706a3dbf6f635381,2026-09-02,basic,200,ok,1788447525
06ac1e33b72146d1a5a78c4e105403a7efe8d04e6d233bd35cf2fabdeb93fb0d,2026-09-02,basic,200,ok,1788447525
a472840cb695a4914723c54e3d27ce59,2026-09-02,basic,200,ok,1788447526
2194e874cf1ee2049ae5d23bfdcd0b2e,2026-09-02,basic,200,ok,1788447526
6a52cc59d7bad3066b258ca4cf858312,2026-09-02,basic,200,ok,1788447527
093d1dbf1e105865ca0d3f089298e8acefe8d04e6d233bd35cf2fabdeb93fb0d,2026-09-02,basic,200,ok,1788447528
365fb73936baca8e26a83137044c31b8,2026-09-02,basic,200,ok,1788447528
3c6681f716cedd680bf6b0bf8e077686e85e07f9d5d276f44440847eec04ba68,2026-09-02,basic,200,ok,1788447529
3c074bef21b4dab62eec25afd4b90432,2026-09-02,basic,200,ok,1788447529
0a57201920fbac75eb3340bb81bf7720a2186d8e7cf7a6ee152d97cc78f2ae8b,2026-09-02,basic,200,ok,1788447530
0c9e78b347026ca759a4a80e614e4f5c,2026-09-02,basic,200,ok,1788447531
e8c9b6e7072bc6cf35e42f8fe3aa5620,2026-09-02,basic,200,ok,1788447531
2b790306f1b6ec62d6a75a3406ff0ff4,2026-09-02,basic,200,ok,1788447532
c8e2d04be9820b57bbc34efd59e2af7e,2026-09-02,basic,200,ok,1788447532
d68cba1573f4beaa8635fdc9789a0428,2026-09-02,basic,200,ok,1788447533
56485ddad9c545d18bbcfe7f6a383d27,2026-09-02,basic,200,ok,1788447533
6aae561357d4fec7ce1b834466533cbcefe8d04e6d233bd35cf2fabdeb93fb0d,2026-09-02,basic,200,ok,1788447534
cb59c6496cd036703a81d247bd11885cefe8d04e6d233bd35cf2fabdeb93fb0d,2026-09-02,basic,200,ok,1788447535
01aae0a071c92231d21a8d97121a2f27efe8d04e6d233bd35cf2fabdeb93fb0d,2026-09-02,basic,200,ok,1788447535
ecde32a1507cefca0ae56ce6fe98e46d,2026-09-02,basic,200,ok,1788447536
a9ddc7ad8bf718fe875ddfdff77a5115efe8d04e6d233bd35cf2fabdeb93fb0d,2026-09-02,basic,200,ok,1788447536
40fa376d4fb33d596dc2acde45cec068,2026-09-02,basic,200,ok,1788447537
aabeb625c2bcc9370f03e92f1d73c192c47ea5ffea2564f587ca830a8f71acb2,2026-09-02,basic,200,ok,1788447538
eb489f492cc28524f992c367b091236eefe8d04e6d233bd35cf2fabdeb93fb0d,2026-09-02,basic,200,ok,1788447538
4a958f475701562742cc6d27483aead7,2026-09-02,basic,200,ok,1788447539
1c05fa07beb8a34dd7673ea9ea46a177,2026-09-02,basic,200,ok,1788447539
0bb9944e12307f37d3ddfc4668b70466,2026-09-02,basic,200,ok,1788447540
1214f332b95d0b753733d2bad3f76b1eefe8d04e6d233bd35cf2fabdeb93fb0d,2026-09-02,basic,200,ok,1788447540
dd5e9cc04a332737fcbcbe0b286fb104,2026-09-02,basic,200,ok,1788447541
39a13ddefe1734fe15e030af6ea579d6,2026-09-02,basic,200,ok,1788447541
87266b84e636695078666852ca698af7,2026-09-02,basic,200,ok,1788447542
e7ed7d3549cf39839cc5ba9af9452dc7efe8d04e6d233bd35cf2fabdeb93fb0d,2026-09-02,basic,200,ok,1788447543
140ca2feb5f947b2f52e1500f236c535efe8d04e6d233bd35cf2fabdeb93fb0d,2026-09-02,basic,200,ok,1788447543
d91d1c324619f43856e3a26f88340341efe8d04e6d233bd35cf2fabdeb93fb0d,2026-09-02,basic,200,ok,1788447544
8d3a2ed25714202e2ca8b8d7ffed5e7cc47ea5ffea2564f587ca830a8f71acb2,2026-09-02,basic,200,ok,1788447544
2653031933a4100f73a12a936bce3299,2026-09-02,basic,200,ok,1788447545
809802d2985cad29a46bd7f6db72b316,2026-09-02,basic,200,ok,1788447545
561562c0fdd21233191b4995aacef880,2026-09-02,basic,200,ok,1788447546
4a6601bac5a33385958506be9c201eaa,2026-09-02,basic,200,ok,1788447547
740b9340e7b0e51ffa8efd68094df804,2026-09-02,basic,200,ok,1788447547
e2bb591e33b9dd186ec860fe60296a6e,2026-09-02,basic,200,ok,1788447548
c6f7288ed623e5506bb3db29e50f228f,2026-09-02,basic,200,ok,1788447548
46ac6148fa1bab47613eadab64589b06,2026-09-02,basic,200,ok,1788447549
57da3d9690524d93fb7f1edeacb55593,2026-09-02,basic,200,ok,1788447550
b5a798f59c683a8acedd461acdc399b4,2026-09-02,basic,200,ok,1788447550
329ff1223369c7e8d9ca89a130bc80a6,2026-09-02,basic,200,ok,1788447551
a35f4d0b3c1f76de607cd275cd647e10,2026-09-02,basic,200,ok,1788447551
41ab16bcb497725164a840f8a62b98fe,2026-09-02,basic,200,ok,1788447552
0bc18403bb52d4c811f9c7d19bbd698eefe8d04e6d233bd35cf2fabdeb93fb0d,2026-09-02,basic,200,ok,1788447552
403b392936baebfceb326c3feb0d7859,2026-09-02,basic,200,ok,1788447553
a6e1202bcdf96dab5c8692aa1c81f110efe8d04e6d233bd35cf2fabdeb93fb0d,2026-09-02,basic,200,ok,1788447553
9b5db6f59abd04fcde802dab6f032a04c47ea5ffea2564f587ca830a8f71acb2,2026-09-02,basic,200,ok,1788447554
891457c319f72eeb9789ddd35fc9d2b4,2026-09-02,basic,200,ok,1788447555
aa4b819f9393fa1c9eb98815468dc833,2026-09-02,basic,200,ok,1788447555
4328411908ca4b8c16aba52a1b40f3f74723574b05820acf03e7ec3162ff5bed,2026-09-02,basic,200,ok,1788447556
b3ef8023bcb3ff9de9223b78d7d7267e,2026-09-02,basic,200,ok,1788447557
dffe2851404a3935a71ff363d53d4086,2026-09-02,basic,200,ok,1788447557
35c279ed7941c23968be6dc83933f082,2026-09-02,basic,200,ok,1788447558
ceb56102d639fa81894a175c133d0ebdefe8d04e6d233bd35cf2fabdeb93fb0d,2026-09-02,basic,200,ok,1788447558
99eb1a81a7ed5b39047b7db875e3b4fb,2026-09-02,basic,200,ok,1788447559
ac59a0f13c000e6f032e519a70d7dab6,2026-09-02,basic,200,ok,1788447559
3f4955952bdc19e49240af78f52f2086,2026-09-02,basic,200,ok,1788447560
c74bf8fdcc7b61ac8313c642bcdd950a,2026-09-02,basic,200,ok,1788447561
293b3aa490a27b01212dc4721f56e3afefe8d04e6d233bd35cf2fabdeb93fb0d,2026-09-02,basic,200,ok,1788447561
dd0270fbd5b818c12fbc40a6f324226afd842dab14be2a956555625b37c97bff,2026-09-02,basic,200,ok,1788447562
f17421f898e056d134fbfcdf5e1ebff9,2026-09-02,basic,200,ok,1788447562
2c6a16b3eeaa9f14e14b61eaf773840486e68d4012202d0434d05f81868f68e3,2026-09-02,basic,200,ok,1788447563
1e6491bec1ffe5f44f45184712005714,2026-09-02,basic,200,ok,1788447563
229e2ca0f54f8088f6e42207bbf4ccd3,2026-09-02,basic,200,ok,1788447564
db15b3e4b1f84a79834ce87785c494f8,2026-09-02,basic,200,ok,1788447564
10a32919134e4a8b4a63b63a759f533defe8d04e6d233bd35cf2fabdeb93fb0d,2026-09-02,basic,200,ok,1788447565
b51fa0c69009c0765970f0612abca5a2,2026-09-02,basic,200,ok,1788447566
6bfc18cf249e7d93b9b83384a8d427b1efe8d04e6d233bd35cf2fabdeb93fb0d,2026-09-02,basic,200,ok,1788447566
6b646c6596ae841e439ab7765e72bf8defe8d04e6d233bd35cf2fabdeb93fb0d,2026-09-02,basic,200,ok,1788447567
8627aedc2f39db5d19eec1e64fc7157d,2026-09-02,basic,200,ok,1788447567
f2b32969ef9300140ad423b0ec8c5180efe8d04e6d233bd35cf2fabdeb93fb0d,2026-09-02,basic,200,ok,1788447568
58e135f7ed3fd9601523a98f61b6753cefe8d04e6d233bd35cf2fabdeb93fb0d,2026-09-02,basic,200,ok,1788447568
9b515a4fe07527b3ce3f1970d3beea6e,2026-09-02,basic,200,ok,1788447569
ffb1ca912df7eb6ebc6fc72c9c1f8357efe8d04e6d233bd35cf2fabdeb93fb0d,2026-09-02,basic,200,ok,1788447570
1c9a2ba1551ebb63c7dfac0bf456afaf,2026-09-02,basic,200,ok,1788447570
7c25addfbaf0e385e4d2c92de0fc29fc,2026-09-02,basic,200,ok,1788447571
7253e4c6be37c773340743d28b9d448a,2026-09-02,basic,200,ok,1788447571
5cd373ff240f910fc32722121f680a5aefe8d04e6d233bd35cf2fabdeb93fb0d,2026-09-02,basic,200,ok,1788447572
84b1221e97e32100170801699d56f048,2026-09-02,basic,200,ok,1788447572
60196253d450c131a0c198b8fc63a0e3efe8d04e6d233bd35cf2fabdeb93fb0d,2026-09-02,basic,200,ok,1788447573
e5ef0541ba5c1bebafcf4b4b1f34bc79,2026-09-02,basic,200,ok,1788447574
84fd74f03d9a3a190530b90679cb61ea,2026-09-02,basic,200,ok,1788447574
d802879078eba8f8155a39ce7c45c308,2026-09-02,basic,200,ok,1788447575
e8b7789820542a49c5167858143b940aefe8d04e6d233bd35cf2fabdeb93fb0d,2026-09-02,basic,200,ok,1788447575
f69c63329cb30cd9c26b330168dd4bab,2026-09-02,basic,200,ok,1788447576
e5519f868b7a03d325f3c793f2261918,2026-09-02,basic,200,ok,1788447577
4a9c6f35cb260058a914c85949e84c49,2026-09-02,basic,200,ok,1788447577
099b48fc50e8de2839810c32f6afc4bb,2026-09-02,basic,200,ok,1788447578
e9ecf89ac73b3e24adb50ce4a43ee285,2026-09-02,basic,200,ok,1788447578
87822f4be9ca2f52548c91f0afd83791,2026-09-02,basic,200,ok,1788447579
78a9d02b6e5ccd4ecc24b601399b611e,2026-09-02,basic,200,ok,1788447580
ff1b235f8f4f822f6223de3201f74753efe8d04e6d233bd35cf2fabdeb93fb0d,2026-09-02,basic,200,ok,1788447580
4f7e37eacd4f18517890c06c657f1c7befe8d04e6d233bd35cf2fabdeb93fb0d,2026-09-02,basic,200,ok,1788447581
83f4e2358ce7c0c2b497c7c61ee60d86efe8d04e6d233bd35cf2fabdeb93fb0d,2026-09-02,basic,200,ok,1788447581
cd7308d70b89e398ca5617fc7ef13104,2026-09-02,basic,200,ok,1788447582
4704b244c5d350960aa95f5ee23de4f5efe8d04e6d233bd35cf2fabdeb93fb0d,2026-09-02,basic,200,ok,1788447582
5ea597e4b7e4e811a75803208496f3d1,2026-09-02,basic,200,ok,1788447583
77d8ac9efde6919dbcdf16713004582aefe8d04e6d233bd35cf2fabdeb93fb0d,2026-09-02,basic,200,ok,1788447584
503bbb7bc2d7d65fde7aef8d0ce7149f,2026-09-02,basic,200,ok,1788447584
92b8f3928d83f929ce109f12ce67443e,2026-09-02,basic,200,ok,1788447585
314f9c4062e6e77063e774b0cbb1083cefe8d04e6d233bd35cf2fabdeb93fb0d,2026-09-02,basic,200,ok,1788447585
e2d6052ad7b56a4f3f94500d5775bce5efe8d04e6d233bd35cf2fabdeb93fb0d,2026-09-02,basic,200,ok,1788447586
92a3b6def429c676d899ef5c69157cc88295750b1f4857867454debc45ec9c8a,2026-09-02,basic,200,ok,1788447586
c2c2b964159dc46cf6bf88211b3b9a5b,2026-09-02,basic,200,ok,1788447587
ff90c9344aa0a202a162af309c71f3d6,2026-09-02,basic,200,ok,1788447587
447e74a9580172f438f2a297ca801150,2026-09-02,basic,200,ok,1788447588
992c873304c93ecf38c80df9c3652bfa,2026-09-02,basic,200,ok,1788447589
a5435007ebe6f29258fba59a67b2ec28,2026-09-02,basic,200,ok,1788447589
c42583359f43762c2a0d48ef8a2eec963663933da92e7566c55104ec9ac2894d,2026-09-02,basic,200,ok,1788447590
3bb776aaa0e129fdffd1de823b43b0f2efe8d04e6d233bd35cf2fabdeb93fb0d,2026-09-02,basic,200,ok,1788447590
08b29ad0ab1a7374162f3b828dd76ad6,2026-09-02,basic,200,ok,1788447591
a5320e1080c5626331ccb14db2d576be,2026-09-02,basic,200,ok,1788447591
0cfaf18faa25c5aa9f237408d79dfe4a,2026-09-02,basic,200,ok,1788447592
4b2dc2d335d614506bb27dc2aebbc547,2026-09-02,basic,200,ok,1788447593
e3bf10d174a7d2adb6010132e96afd93,2026-09-02,basic,200,ok,1788447593
bcc676c1f93d236be65abd376a309e40efe8d04e6d233bd35cf2fabdeb93fb0d,2026-09-02,basic,200,ok,1788447594
e737cc82548442f7f8cc4b0beed68170,2026-09-02,basic,200,ok,1788447594
367c537308589ab3d2220bed89e69e79,2026-09-02,basic,200,ok,1788447595
cc138a806510ec0ee3633691dca614d7,2026-09-02,basic,200,ok,1788447595
6b3032c63172851feb1486eac9dbd5e3,2026-09-02,basic,200,ok,1788447596
feca665b17d703e02977c4094b7d2f0d,2026-09-02,basic,200,ok,1788447597
eb5d55dcb9727f9c729234002201d269,2026-09-02,basic,200,ok,1788447597
edb1d52cfb4dfbdb16aeaae50962de5a,2026-09-02,basic,200,ok,1788447598
275a5ed73a7ecab4b1cf600b5b66db67,2026-09-02,basic,400,http_400,1788447598
6829670ffdd603c1749ea306851eb0c0,2026-09-02,basic,200,ok,1788447599
4bd456f0cd21e681e646b9319699341b,2026-09-02,basic,200,ok,1788447599
eb87565bad43ced1d277f1b53fba16b7,2026-09-02,basic,200,ok,1788447600
ddddadbb315795044e0e0b6002cd2c54,2026-09-02,basic,200,ok,1788447601
0723ffae660b0985cf570d08bf93cbbd,2026-09-02,basic,200,ok,1788447601
b3e2bc54bfddbc828d220e4c04fcac0befe8d04e6d233bd35cf2fabdeb93fb0d,2026-09-02,basic,200,ok,1788447602
9ca6902357eaf007edbe1a7084afd1edefe8d04e6d233bd35cf2fabdeb93fb0d,2026-09-02,basic,200,ok,1788447603
14b13e6a55b0f55bf9e49d0ba57a683eefe8d04e6d233bd35cf2fabdeb93fb0d,2026-09-02,basic,200,ok,1788447603
a017a57c32147c0183c0b20f951e2048,2026-09-02,basic,200,ok,1788447604
c65b789c8f6e4622171e14f115b643daefe8d04e6d233bd35cf2fabdeb93fb0d,2026-09-02,basic,200,ok,1788447605
5e17725f46ab37b849392bc74fdbc406,2026-09-02,basic,200,ok,1788447605
816dcea5c3d5321a70f31996f211b484,2026-09-02,basic,200,ok,1788447606
b7d1df6631f1525c45a9474c77474617,2026-09-02,basic,200,ok,1788447606
8cb90ae12d998703ab2923c3ef4de1f8,2026-09-02,basic,200,ok,1788447607
0231732dac49d3884889eabd733e2668efe8d04e6d233bd35cf2fabdeb93fb0d,2026-09-02,basic,200,ok,1788447607
11ccf601c43be97f45dc82b8cd590c87,2026-09-02,basic,200,ok,1788447608
449d1aa484542db9168e7d76ab0d9fe4efe8d04e6d233bd35cf2fabdeb93fb0d,2026-09-02,basic,200,ok,1788447609
f6c13a3cdd317d60bbb09e89747259b8,2026-09-02,basic,200,ok,1788447609
18b1dd243f649e4d29e24c8b4aa96c21,2026-09-02,basic,200,ok,1788447610
2911ed643731d267e4355a500ab5c5a0efe8d04e6d233bd35cf2fabdeb93fb0d,2026-09-02,basic,200,ok,1788447610
e75ce841e3435551d62926fa97ac2eae,2026-09-02,basic,200,ok,1788447611
474b50bb515f88d5c081d3d0c423b7f6,2026-09-02,basic,200,ok,1788447612
4c52885860d4753445fe99fd1ebceddd,2026-09-02,basic,200,ok,1788447612
8d893813cde07856036c1f3eba9df34e,2026-09-02,basic,200,ok,1788447613
d10f0105f328b4dd1ae15a9e8e35d7a2,2026-09-02,basic,200,ok,1788447613
07934088177f6862210bc27bf7792e0aa2186d8e7cf7a6ee152d97cc78f2ae8b,2026-09-02,basic,200,ok,1788447614
ac1e4c0d08d48dc0e5c6c3969ae887eb,2026-09-02,basic,200,ok,1788447615
c985244a70751df303e2a3e9e5bf187a6fbb98200a15be5bcc73a64995849e9c,2026-09-02,basic,200,ok,1788447615
31cc73fe2373f2046773b89ec6f74167,2026-09-02,basic,200,ok,1788447616
d66d5987ec6d5aadb71e99b3c237a6c2,2026-09-02,basic,200,ok,1788447616
8089ba9f5c9656a3e2ddb1b196078b5486e68d4012202d0434d05f81868f68e3,2026-09-02,basic,200,ok,1788447617
1ecf7a16d8d6c62e0144659a9460ace9,2026-09-02,basic,200,ok,1788447617
489eec3cd548165f8ccb0eb1dbcf2ec3efe8d04e6d233bd35cf2fabdeb93fb0d,2026-09-02,basic,200,ok,1788447618
9a3b76c2ec169b5e6e8c4f0c096cf2b1efe8d04e6d233bd35cf2fabdeb93fb0d,2026-09-02,basic,200,ok,1788447619
733e6ac982cccbc09f34c4c08ca4f902,2026-09-02,basic,200,ok,1788447619
4b714db7594554bd8374f3418b7c660e8295750b1f4857867454debc45ec9c8a,2026-09-02,basic,200,ok,1788447620
4e95110caf152930f81299400ed72f71efe8d04e6d233bd35cf2fabdeb93fb0d,2026-09-02,basic,200,ok,1788447620
93d483a68fd55725ab408200a5ffbc2a,2026-09-02,basic,200,ok,1788447621
4eac174513f714f52dee44fa5d885668,2026-09-02,basic,200,ok,1788447621
43244b5c3237480729e5feadd94312e9efe8d04e6d233bd35cf2fabdeb93fb0d,2026-09-02,basic,200,ok,1788447622
736b4685e047f6f4ad79b5881861c7d1,2026-09-02,basic,200,ok,1788447623
7a6e95f650de3d8cbfe56f6a5dfe9fff,2026-09-02,basic,200,ok,1788447623
fff6aad156e16e105b703d184eaba030,2026-09-02,basic,200,ok,1788447624
49733f79864da683f5d4d42b3df4d7a4,2026-09-02,basic,200,ok,1788447624
4ee3c56caf24671c881c1dcdff956432efe8d04e6d233bd35cf2fabdeb93fb0d,2026-09-02,basic,200,ok,1788447625
a4c68e3aa2539d355468ac5058d8ca91,2026-09-02,basic,200,ok,1788447626
8bb4c25fe36a8416dad270100d23f4a4,2026-09-02,basic,200,ok,1788447626
93a3777ec220647bf543531cea720fdf,2026-09-02,basic,200,ok,1788447627
ed898ed4fee64b987d9c59bb2024776e,2026-09-02,basic,200,ok,1788447628
91477d7904885dcdff2a7addfeb4084aefe8d04e6d233bd35cf2fabdeb93fb0d,2026-09-02,basic,200,ok,1788447628
25d5d8c84c61d4c501b18f2f403dfa6fefe8d04e6d233bd35cf2fabdeb93fb0d,2026-09-02,basic,200,ok,1788447629
989544eacbf112b0606e50a5614181b8,2026-09-02,basic,200,ok,1788447629
55e0bc5ef9a9cd15ac3de1e284a0cfec,2026-09-02,basic,200,ok,1788447630
727fe4bcbd1b928c46d79905660e51606fbb98200a15be5bcc73a64995849e9c,2026-09-02,basic,200,ok,1788447630
273862d5ac596508c53cbf4f49f5e7ed,2026-09-02,basic,200,ok,1788447631
4e682871f3d60f259c8404352e2a23b3,2026-09-02,basic,200,ok,1788447632
c1621ae7e7e584e6c9e43336394978a5,2026-09-02,basic,200,ok,1788447632
6cc77d03ebfede193d609bcd229df68f,2026-09-02,basic,200,ok,1788447633
d6608f646827ffee3cd13d437a68031f,2026-09-02,basic,200,ok,1788447633
c7741a99691bf6cd8aa2fd5b2c8aa930,2026-09-02,basic,200,ok,1788447634
1138d0579496838b97c31616d9d905f0efe8d04e6d233bd35cf2fabdeb93fb0d,2026-09-02,basic,200,ok,1788447634
2c74510f80a8d21b343caeaaa29ba48defe8d04e6d233bd35cf2fabdeb93fb0d,2026-09-02,basic,200,ok,1788447635
29bdd62ad19f94979fb164b6f6c7f293,2026-09-02,basic,200,ok,1788447636
1d861cc033d7f1e6364a96a739d6122daae77432709819edb959e1fd5d1d77b4,2026-09-02,basic,200,ok,1788447636
635b38925253f785435f50bde1655f28c47ea5ffea2564f587ca830a8f71acb2,2026-09-02,basic,200,ok,1788447637
5d47436cbf59041edb6c2941a48f27e3efe8d04e6d233bd35cf2fabdeb93fb0d,2026-09-02,basic,200,ok,1788447637
df06790e3d10ca741ef3165537107cbfc47ea5ffea2564f587ca830a8f71acb2,2026-09-02,basic,200,ok,1788447638
b9c84a0320458170c3cb4125acc518fe,2026-09-02,basic,200,ok,1788447639
31aef16daf069148c4ab036ec2ab68e7efe8d04e6d233bd35cf2fabdeb93fb0d,2026-09-02,basic,200,ok,1788447639
a425ea8ca9e8c683069afd8be5fe38d6,2026-09-02,basic,200,ok,1788447640
4d4250ea05e7344b9058a6f33d01e0f3,2026-09-02,basic,200,ok,1788447640
47a05fb276e393b71df94c7a2ff518fe,2026-09-02,basic,200,ok,1788447641
ab2ed972c4e273ff2cee65a462d1d584efe8d04e6d233bd35cf2fabdeb93fb0d,2026-09-02,basic,200,ok,1788447641
f4ff4ad89244529643cc6870fc6be5c0efe8d04e6d233bd35cf2fabdeb93fb0d,2026-09-02,basic,200,ok,1788447642
39f9e29601953aa554df254cfea81665,2026-09-02,basic,200,ok,1788447643
9bfb71e0daa0ab4d4faa956cf75dcd4c,2026-09-02,basic,200,ok,1788447643
8f43aa5a2aa06552372288103c9b841defe8d04e6d233bd35cf2fabdeb93fb0d,2026-09-02,basic,200,ok,1788447644
5e746bc1d08c2ee294039edcccca86c8efe8d04e6d233bd35cf2fabdeb93fb0d,2026-09-02,basic,200,ok,1788447644
d66164d6f18f5c6b4d64bd5e0b66b820,2026-09-02,basic,200,ok,1788447645
327343081a59456fd2e7c6b77163e418a2186d8e7cf7a6ee152d97cc78f2ae8b,2026-09-02,basic,200,ok,1788447645
3875261aba8fe5ca2c8675b67cd13c8a,2026-09-02,basic,200,ok,1788447646
65165f2d263267413a20ab97d6616d8c,2026-09-02,basic,200,ok,1788447647
4d705ef7d9de2d34da52ee9285b5cd12,2026-09-02,basic,200,ok,1788447647
856b1ce7219628234d973e72f8e2de8f,2026-09-02,basic,200,ok,1788447648
08278dcc849e1add4a7864880e6899a2,2026-09-02,basic,200,ok,1788447648
10b7ebc42bc742878d56fe2db9f056ec8295750b1f4857867454debc45ec9c8a,2026-09-02,basic,200,ok,1788447649
5c1ac9126c029d3f5072c919003c67d54723574b05820acf03e7ec3162ff5bed,2026-09-02,basic,200,ok,1788447650
c547faa58e97dc3b4aa4131c21ee0eaa,2026-09-02,basic,200,ok,1788447650
4d73afee788a085575be39cadbb50827,2026-09-02,basic,200,ok,1788447651
8cac9e740b2364c884c0609614dd9d8a,2026-09-02,basic,200,ok,1788447651
c5d5f3a29e07a0d3f88b933f885fb4ff,2026-09-02,basic,200,ok,1788447652
9cd40f7c833b24d1d5bcffd2f1bfda47,2026-09-02,basic,200,ok,1788447652
78cac13a4db5b991e538c0498d46bcacefe8d04e6d233bd35cf2fabdeb93fb0d,2026-09-02,basic,200,ok,1788447653
843a2c027ef09704c5497b713e6520aa,2026-09-02,basic,200,ok,1788447654
bcf6115c7988f4a7989560cc5293dbecefe8d04e6d233bd35cf2fabdeb93fb0d,2026-09-02,basic,200,ok,1788447654
bcfe036684d7ec1e48254a0ad3a6e4be,2026-09-02,basic,200,ok,1788447655
a1c05690a58d1b5446b6cb82b80e95d0,2026-09-02,basic,200,ok,1788447655
26efa9c9ad568224baa92721f41bbffbefe8d04e6d233bd35cf2fabdeb93fb0d,2026-09-02,basic,200,ok,1788447656
810c11cd9e3079206af13289262b5ecb,2026-09-02,basic,200,ok,1788447657
1a2988eca875bf8f2aa7e5f5352665c7,2026-09-02,basic,200,ok,1788447657
642d8543a4aeee978fdd382065690adfefe8d04e6d233bd35cf2fabdeb93fb0d,2026-09-02,basic,200,ok,1788447658
bfb06817a3808591139715ef6229dab1,2026-09-02,basic,200,ok,1788447658
1feca12d5c0905e5176fbdfa3b5b7f8f,2026-09-02,basic,200,ok,1788447659
98166286a7b923869362b05e7f0e3596efe8d04e6d233bd35cf2fabdeb93fb0d,2026-09-02,basic,200,ok,1788447659
5de0123ac099e051170ba5ab77913739,2026-09-02,basic,200,ok,1788447660
81e00af968e0520253008bb29979a79d,2026-09-02,basic,200,ok,1788447661
83fd7fb1c327546cbafe5eaa098b5ec5efe8d04e6d233bd35cf2fabdeb93fb0d,2026-09-02,basic,200,ok,1788447661
4f6d48a7f3b15aeb646f2098b01dea01,2026-09-02,basic,200,ok,1788447662
edeecdefc72f497de9080048fddc4b35efe8d04e6d233bd35cf2fabdeb93fb0d,2026-09-02,basic,200,ok,1788447662
421166f402f34bd89fcae5acf157a42b,2026-09-02,basic,200,ok,1788447663
2d54a76fc669a22b3c39ce8068fb02faefe8d04e6d233bd35cf2fabdeb93fb0d,2026-09-02,basic,200,ok,1788447663
c0761dec4dca1cadc9d5093fbe7ad758efe8d04e6d233bd35cf2fabdeb93fb0d,2026-09-02,basic,200,ok,1788447664
caedee8ebe62ecbc970a87eb127a67144723574b05820acf03e7ec3162ff5bed,2026-09-02,basic,200,ok,1788447665
cf3dd1f6ec782590d0ec0dd5e8523fda,2026-09-02,basic,200,ok,1788447665
2a22ea01defe960de47227f2ff09508b3663933da92e7566c55104ec9ac2894d,2026-09-02,basic,200,ok,1788447666
c90d1c56b9276c32c48b67470337f645,2026-09-02,basic,200,ok,1788447666
a2a7d6b90036c023c7467fc13da4422befe8d04e6d233bd35cf2fabdeb93fb0d,2026-09-02,basic,200,ok,1788447667
2918b0328998e0ef7f57ddb3deb3fe15,2026-09-02,basic,200,ok,1788447667
0a6fe5bea6ff811d928682712efce2ea,2026-09-02,basic,200,ok,1788447668
0ee368e80ebb300bba62490aedbb89f84723574b05820acf03e7ec3162ff5bed,2026-09-02,basic,200,ok,1788447669
685fa4e191b5eac5dfa2c7f14daaaefd,2026-09-02,basic,200,ok,1788447669
55ee0315772faf313add8e89c03cbe9aefe8d04e6d233bd35cf2fabdeb93fb0d,2026-09-02,basic,200,ok,1788447670
a6933ffd91b5197735ee434f14a88d0a,2026-09-02,basic,200,ok,1788447670
39200c527c979d54ddc6bb1f5c10c2b53663933da92e7566c55104ec9ac2894d,2026-09-02,basic,200,ok,1788447671
1f39036dd9900ba572d8027298f92a594723574b05820acf03e7ec3162ff5bed,2026-09-02,basic,200,ok,1788447672
e00da408ba47c005755c7a2811feb194,2026-09-02,basic,200,ok,1788447672
3b4b7a38be1a4cdeab289b1af8cdb6a8efe8d04e6d233bd35cf2fabdeb93fb0d,2026-09-02,basic,200,ok,1788447673
7bd5bf0d69a3e4eb29d1ec5bc6a5af37a2186d8e7cf7a6ee152d97cc78f2ae8b,2026-09-02,basic,200,ok,1788447673
6d7a8dd3e7564f03cc62ae1bfd2e7f35efe8d04e6d233bd35cf2fabdeb93fb0d,2026-09-02,basic,400,http_400,1788447674
9c496f72073417047b732e8cee9933aaefe8d04e6d233bd35cf2fabdeb93fb0d,2026-09-02,basic,200,ok,1788447675
bd1cb4182521f3a97ab6810bc54bf8a3,2026-09-02,basic,200,ok,1788447675
a4e3f084fc9031d7eefb9b4d8688be08,2026-09-02,basic,200,ok,1788447676
df39ef07d6fe6534d6e2bf69673d56e4aae77432709819edb959e1fd5d1d77b4,2026-09-02,basic,200,ok,1788447676
8db2856d5a2879d33be9ea8bab08adb5c47ea5ffea2564f587ca830a8f71acb2,2026-09-02,basic,200,ok,1788447677
64ba0d725c12d81514ade05ab0c5a47dfd842dab14be2a956555625b37c97bff,2026-09-02,basic,200,ok,1788447677
f8559ed1108e1f5c4f762d2d882a4af7,2026-09-02,basic,200,ok,1788447678
60964f23b502bb63e482602c3094d101efe8d04e6d233bd35cf2fabdeb93fb0d,2026-09-02,basic,200,ok,1788447679
0c70fbb55f63ed9bd2f923b4290e988f,2026-09-02,basic,200,ok,1788447679
605f4a118947a153ad145459d118209f,2026-09-02,basic,200,ok,1788447680
5f6dd4078613a63a524b3d6d08725a2e,2026-09-02,basic,200,ok,1788447680
9e7cc9a404a5a327a3a0eb2c5e969677efe8d04e6d233bd35cf2fabdeb93fb0d,2026-09-02,basic,200,ok,1788447681
14364c830e58af71f84651e4884de20e,2026-09-02,basic,200,ok,1788447682
efa975135da180d6c07035b8c016b711,2026-09-02,basic,200,ok,1788447682
d72f6324015a853cf1c49fe55228979defe8d04e6d233bd35cf2fabdeb93fb0d,2026-09-02,basic,200,ok,1788447683
019b9c1293fd72d14c15318d479ac66e,2026-09-02,basic,200,ok,1788447683
0626122e5d404a3cf3edd66e46572c9d,2026-09-02,basic,200,ok,1788447684
3b5b09a50e30828c3e44fd25b6d831a7,2026-09-02,basic,200,ok,1788447684
4508c95b8e14065671c173856679149a,2026-09-02,basic,200,ok,1788447685
83389ccac534b60761a301de94b77ffb,2026-09-02,basic,400,http_400,1788447685
349411c899a3eaf1784abed1025fbb53efe8d04e6d233bd35cf2fabdeb93fb0d,2026-09-02,basic,200,ok,1788447686
7e2ba975a651d14d0ea512badf3404e1efe8d04e6d233bd35cf2fabdeb93fb0d,2026-09-02,basic,200,ok,1788447687
93e084788d4c849a92354172b16277ba,2026-09-02,basic,200,ok,1788447687
2fe9bd6460f2d0e847084f4cfc6aa952,2026-09-02,basic,200,ok,1788447688
0af8d1ce7cf7133fb7bc115c91ee83e4efe8d04e6d233bd35cf2fabdeb93fb0d,2026-09-02,basic,200,ok,1788447688
0816395b59d93d2a4334278dfca9081eefe8d04e6d233bd35cf2fabdeb93fb0d,2026-09-02,basic,200,ok,1788447689
2082507b9bc81ffd3304eb7d32c886aa,2026-09-02,basic,200,ok,1788447689
46350b81c174aa6ea0a6577fe4d924e4efe8d04e6d233bd35cf2fabdeb93fb0d,2026-09-02,basic,200,ok,1788447690
d677e80aff6109f67f3cf1b2ed5e8c10,2026-09-02,basic,200,ok,1788447691
6419bcfb01fc8eda9c72d916e1f9174ac47ea5ffea2564f587ca830a8f71acb2,2026-09-02,basic,200,ok,1788447691
aec0496fe0296524fc1b5c5f55123991,2026-09-02,basic,200,ok,1788447692
c40c866076dfdb81d8dcf04eb46231a1,2026-09-02,basic,200,ok,1788447692
075cf008805bdbff03ce2f54009e879eefe8d04e6d233bd35cf2fabdeb93fb0d,2026-09-02,basic,200,ok,1788447693
3959fcd121db8b66cbe758428b3b6560efe8d04e6d233bd35cf2fabdeb93fb0d,2026-09-02,basic,200,ok,1788447694
bc32695aafaf6faec0a2e362e0ba45fa,2026-09-02,basic,200,ok,1788447694
0a622250df56f30876d89a31568ef886,2026-09-02,basic,200,ok,1788447695
7889cc611a8839dc7a0b05fc15555f26,2026-09-02,basic,200,ok,1788447695
6ff891d4b5f081a07e545b25a8cc3ab1,2026-09-02,basic,200,ok,1788447696
e7e279e7bfe4588dbc77e3ce5ed27b22,2026-09-02,basic,200,ok,1788447696
ab9c08306041a13ba8274197e4c3d75eefe8d04e6d233bd35cf2fabdeb93fb0d,2026-09-02,basic,200,ok,1788447697
58a9940b3c8237c36773e9e07c8637b5efe8d04e6d233bd35cf2fabdeb93fb0d,2026-09-02,basic,200,ok,1788447698
41b7005fcf9d2c6a6241679ffeb5ce83,2026-09-02,basic,200,ok,1788447698
b8d5d3d6197f6543b780ed2b1658e8b9fd842dab14be2a956555625b37c97bff,2026-09-02,basic,200,ok,1788447699
786d971faee6e742cad745ddf5bb5777,2026-09-02,basic,200,ok,1788447700
9b498645b9cbf2767c8f0c32c342309d,2026-09-02,basic,200,ok,1788447700
1b441230d8a6ed8b7a5cc20be845612b,2026-09-02,basic,200,ok,1788447701
875b30d43ffd9c2abc39b40e49784c67efe8d04e6d233bd35cf2fabdeb93fb0d,2026-09-02,basic,200,ok,1788447701
69370ed584734145ab5cc5385dd95c90,2026-09-02,basic,200,ok,1788447702
830a80d6330618b0bb48a7698f438aed,2026-09-02,basic,200,ok,1788447702
e843b43c9a891156672f211f1b5d59be,2026-09-02,basic,200,ok,1788447703
b76359938222ed67d61169d75b7d2c1d,2026-09-02,basic,200,ok,1788447704
1b5436db4ba96ced8ba518d7de019b2e,2026-09-02,basic,200,ok,1788447704
ed539dc21805cedd4eb0e0c17204edca,2026-09-02,basic,200,ok,1788447705
0d96ba74f2eec77c8fd2157f5df112f24723574b05820acf03e7ec3162ff5bed,2026-09-02,basic,200,ok,1788447705
21f527173c2df9716ddaa6d763f60e51,2026-09-02,basic,200,ok,1788447706
6ff07b813a897b3b3a0eda6c01aaeb4e,2026-09-02,basic,200,ok,1788447707
117802df5f87588bc621cbc7bc786a67,2026-09-02,basic,200,ok,1788447707
605a4e07f6d012f56547f0e9931e50f4,2026-09-02,basic,200,ok,1788447708
7408b5234916b5316d92919884542b92,2026-09-02,basic,200,ok,1788447708
85c544fe96169eb8001509b809dc6e44efe8d04e6d233bd35cf2fabdeb93fb0d,2026-09-02,basic,200,ok,1788447709
9cdc6b7ff86d2574fddee4e242accdf2efe8d04e6d233bd35cf2fabdeb93fb0d,2026-09-02,basic,200,ok,1788447710
3d350a55541e728aa46d98645b3eef7e,2026-09-02,basic,200,ok,1788447710
bd4c4a0c014eff465f1e410a0f17497a,2026-09-02,basic,200,ok,1788447711
51a659a0be95720a2870528352a4f557,2026-09-02,basic,200,ok,1788447711
8b0ef0ce0dde07cc3bf76ae3835984fa,2026-09-02,basic,200,ok,1788447712
5ad2cdaa230f863dc888830269490662,2026-09-02,basic,200,ok,1788447712
db56abeb8292f4d300740dc2e18efc08efe8d04e6d233bd35cf2fabdeb93fb0d,2026-09-02,basic,200,ok,1788447713
9fcdde3c17dc79233948750751d288d5efe8d04e6d233bd35cf2fabdeb93fb0d,2026-09-02,basic,200,ok,1788447713
c50c9d31df88bd5967146dcc643fe9ed86e68d4012202d0434d05f81868f68e3,2026-09-02,basic,200,ok,1788447714
16528b0e78725a9f9211fa85823f96cb,2026-09-02,basic,200,ok,1788447715
5ebf5efb593c50faa97ae4d5498c8741efe8d04e6d233bd35cf2fabdeb93fb0d,2026-09-02,basic,200,ok,1788447715
82c42f93275381e7a5c20c371b6237c4efe8d04e6d233bd35cf2fabdeb93fb0d,2026-09-02,basic,200,ok,1788447716
b14c37c9f7a0abc9af2d345a4ee85254efe8d04e6d233bd35cf2fabdeb93fb0d,2026-09-02,basic,200,ok,1788447716
a8da36c849d00782dd68544b75d4033c,2026-09-02,basic,200,ok,1788447717
234dc7e84a4034f9a64a2bc38e07b9b6efe8d04e6d233bd35cf2fabdeb93fb0d,2026-09-02,basic,200,ok,1788447718
171462963ac5eb26b59050ec09270344,2026-09-02,basic,200,ok,1788447718
f0db661aab648a54a6b7cb0e39993d50,2026-09-02,basic,200,ok,1788447719
8f251784b2814023bd61b7ad71bf9d46,2026-09-02,basic,200,ok,1788447719
d22aa03b9d90d62482efd12788e33a04,2026-09-02,basic,200,ok,1788447720
63e6bfe1414f38560e4310933c5bd2e4efe8d04e6d233bd35cf2fabdeb93fb0d,2026-09-02,basic,200,ok,1788447720
b6940ec73c585f6989a3163309e3e7b8efe8d04e6d233bd35cf2fabdeb93fb0d,2026-09-02,basic,200,ok,1788447721
d947e36c1eeb2133c18c016536634ae1,2026-09-02,basic,200,ok,1788447722
1cc77866e7b1d9a15af2e5f3b2f570d8,2026-09-02,basic,200,ok,1788447722
c0b56d83f994e89618ee45cb9140a36b,2026-09-02,basic,200,ok,1788447723
1126a5262fe8701dec81f5c7cf79555f,2026-09-02,basic,200,ok,1788447723
0ce376f9ada1603d904be362c356a985,2026-09-02,basic,200,ok,1788447724
468fab0039f82db8ec0fc0509947b67baae77432709819edb959e1fd5d1d77b4,2026-09-02,basic,200,ok,1788447725
68e525819f484806a5d351c0b31de5faefe8d04e6d233bd35cf2fabdeb93fb0d,2026-09-02,basic,200,ok,1788447725
f5527018e4186613282261c4d2c4f9a6,2026-09-02,basic,200,ok,1788447726
b0cd430b550ac40b5432034a08c56e24efe8d04e6d233bd35cf2fabdeb93fb0d,2026-09-02,basic,200,ok,1788447726
06560b20f37452fc17792ead3ded2e2a,2026-09-02,basic,200,ok,1788447727
e32e25899fced8e3d3d720d0ca86e2d4,2026-09-02,basic,400,http_400,1788447727
d7fe0f188972043ccbfef65642f05145,2026-09-02,basic,200,ok,1788447728
f67445677d9feb1506208b82f61106faefe8d04e6d233bd35cf2fabdeb93fb0d,2026-09-02,basic,200,ok,1788447729
e92a7e93bc87365072e003a17824974fefe8d04e6d233bd35cf2fabdeb93fb0d,2026-09-02,basic,200,ok,1788447729
c2f6f54da041e813599531bfb981329cefe8d04e6d233bd35cf2fabdeb93fb0d,2026-09-02,basic,200,ok,1788447730
386039c4ffe2e1250712607edcad5b5e,2026-09-02,basic,200,ok,1788447730
92e7616e87e54a96f5f417843cfd0faf,2026-09-02,basic,200,ok,1788447731
f072c26ff3a0392e05a8c1e1fe04b992efe8d04e6d233bd35cf2fabdeb93fb0d,2026-09-02,basic,200,ok,1788447732
bb1abc7a74563e119f38d0769b913e0d,2026-09-02,basic,200,ok,1788447732
e6cd0177062017f921f324bc249f45db,2026-09-02,basic,200,ok,1788447733
1cb364cf31b3de7cb84ed9ad4b170994efe8d04e6d233bd35cf2fabdeb93fb0d,2026-09-02,basic,200,ok,1788447733
6855f154ad5a0f1cee9dddc04390d5a1,2026-09-02,basic,200,ok,1788447734
532427d6e2290dde0c9e3cf8fd0256ab,2026-09-02,basic,200,ok,1788447735
f0cfdb26b29e096d52299a4ad6396b46efe8d04e6d233bd35cf2fabdeb93fb0d,2026-09-02,basic,200,ok,1788447735
36f39faf4ec7610211263206bde61e08,2026-09-02,basic,200,ok,1788447736
403ff8afe9e747b6f5477ccc8907c03a,2026-09-02,basic,200,ok,1788447736
8c728d9d2107259b2e22b6ed68035180,2026-09-02,basic,200,ok,1788447737
9ae877c17bba7eadf28b579052e6c9df,2026-09-02,basic,200,ok,1788447738
6758d6570eacc6ee234619f06256e96b,2026-09-02,basic,200,ok,1788447738
8a69003e98749a2b12904390ff454558,2026-09-02,basic,200,ok,1788447739
8f2831949e247107c55bb12876493987,2026-09-02,basic,200,ok,1788447739
89db1621687819df5e3958a31180ef49,2026-09-02,basic,200,ok,1788447740
59fff823a649700e11650bed83e2bc68,2026-09-02,basic,200,ok,1788447741
ee4ccfc3c47d14f6112683a0d8da8779,2026-09-02,basic,200,ok,1788447741
8cfaa679925165473d2cc8f6fe50c44f,2026-09-02,basic,200,ok,1788447742
ec069b50f7987fdda0cc5d555f9b4fabefe8d04e6d233bd35cf2fabdeb93fb0d,2026-09-02,basic,200,ok,1788447742
74a7212bd190c941caa4110fdf3b5937,2026-09-02,basic,200,ok,1788447743
99bbb60f412d81c87460e520cb858c03,2026-09-02,basic,200,ok,1788447743
c769606fe8384d0473395bde3add9fad,2026-09-02,basic,200,ok,1788447744
55a52fec86f1dabbcdbcd0eaf1e59357,2026-09-02,basic,200,ok,1788447745
dfb88a1b4571611c4b80953b4a570582,2026-09-02,basic,200,ok,1788447745
4b5d81dafb888a1fe665fa8203bc1973,2026-09-02,basic,200,ok,1788447746
c01fcc7dee9892b5a06f57ad4409ec26,2026-09-02,basic,200,ok,1788447746
b9de5f3319d7e10d9e8c0d87eb54ae3fefe8d04e6d233bd35cf2fabdeb93fb0d,2026-09-02,basic,200,ok,1788447747
7b22ef6bda01c73900a2aa09bb869e52efe8d04e6d233bd35cf2fabdeb93fb0d,2026-09-02,basic,200,ok,1788447748
be583953c7bba783411aa017f78f29f1,2026-09-02,basic,200,ok,1788447748
1deb5a6bdf0e53c146d8f720ddeb4ae5,2026-09-02,basic,200,ok,1788447749
c0f3858312e3e4d9f70707261d51cc1ee85e07f9d5d276f44440847eec04ba68,2026-09-02,basic,200,ok,1788447749
9122e220072cf285865e8cb16e18659e,2026-09-02,basic,200,ok,1788447750
4de28a3fa2874bbfed4cfed759ed9eea,2026-09-02,basic,200,ok,1788447750
cc040741348b2c1549e106b51617b6d4efe8d04e6d233bd35cf2fabdeb93fb0d,2026-09-02,basic,200,ok,1788447751
6a44c4ca0771abbb49f5ee1eeae7f00aefe8d04e6d233bd35cf2fabdeb93fb0d,2026-09-02,basic,200,ok,1788447752
586dcd113be4e2a66f38afa472b3b5bfefe8d04e6d233bd35cf2fabdeb93fb0d,2026-09-02,basic,200,ok,1788447752
3ed5be017ba88cbb2f3d1524988ae121,2026-09-02,basic,200,ok,1788447753
9e8ac00f2529c67be4a94a313dfe46feefe8d04e6d233bd35cf2fabdeb93fb0d,2026-09-02,basic,200,ok,1788447753
49e6a83697ea73ff255d84d54b27ff0defe8d04e6d233bd35cf2fabdeb93fb0d,2026-09-02,basic,200,ok,1788447754
c8670b56d1f6de6a313ba7c06aec6571,2026-09-02,basic,200,ok,1788447755
7803a418337e6d31b464e90b531de003aae77432709819edb959e1fd5d1d77b4,2026-09-02,basic,200,ok,1788447755
ed29cb5a470fdd4d000ac40627d7f2fffd842dab14be2a956555625b37c97bff,2026-09-02,basic,200,ok,1788447756
3396656fbf74206b1d64d4d9cfd99a41efe8d04e6d233bd35cf2fabdeb93fb0d,2026-09-02,basic,200,ok,1788447756
76096c1256b89373b1d83a374bd8d632,2026-09-02,basic,200,ok,1788447757
ab778c2ff11ac8ac54a35322dd52ffdc,2026-09-02,basic,200,ok,1788447758
b7c017432c62e86bdb20cf465e290facefe8d04e6d233bd35cf2fabdeb93fb0d,2026-09-02,basic,200,ok,1788447758
bfd72d488b5a77bd04d3b28a9713e1946fbb98200a15be5bcc73a64995849e9c,2026-09-02,basic,200,ok,1788447759
b5bb59e4af3f5a2ceab1ae485bd779e1,2026-09-02,basic,200,ok,1788447759
428ead4c387e5f8d7755dac6a4d3a9b6,2026-09-02,basic,200,ok,1788447760
f819509cff0bdac0ed52ee4dcc7057e5,2026-09-02,basic,200,ok,1788447761
14a5ff7a98697ecb8bf18e60d30f127f,2026-09-02,basic,200,ok,1788447761
8197eeaf6241ff31c73878bf45d0a965,2026-09-02,basic,200,ok,1788447762
f4a72472ed373fdb5b392c41695b99d1efe8d04e6d233bd35cf2fabdeb93fb0d,2026-09-02,basic,200,ok,1788447762
503901d0c97f3b877bbc46b43bc580bc,2026-09-02,basic,200,ok,1788447763
32b95fcd8a2beb03347f77734dde83c4,2026-09-02,basic,200,ok,1788447764
753937beb8a7612220213f7f1c533ca3,2026-09-02,basic,200,ok,1788447764
54a18eee33c7e960724f2ba04a3c5547efe8d04e6d233bd35cf2fabdeb93fb0d,2026-09-02,basic,200,ok,1788447765
7a4ecca4b4fd4d948e7cf94b85dace19,2026-09-02,basic,200,ok,1788447765
6e996ba693d6ed5e8f92767743f14bc0,2026-09-02,basic,200,ok,1788447766
5cd2f296d88462287cbf05841f6adc81,2026-09-02,basic,200,ok,1788447767
5911aa210af938beed389ffffa9d41f2,2026-09-02,basic,200,ok,1788447767
acb69dc104e4f855bea59e717aed0a1aefe8d04e6d233bd35cf2fabdeb93fb0d,2026-09-02,basic,200,ok,1788447768
cf2baafa31bb10d37de5d7ce13469601,2026-09-02,basic,200,ok,1788447768
1f4a679bf33ff82d5726cb392dffcd27,2026-09-02,basic,200,ok,1788447769
4de3eeaefe77a949a1dd48977069a70d,2026-09-02,basic,200,ok,1788447770
1a18f0008507642f8c58d5c64d03c8ffc47ea5ffea2564f587ca830a8f71acb2,2026-09-02,basic,200,ok,1788447770
663c92931f3865c779567b4a39ac74bbefe8d04e6d233bd35cf2fabdeb93fb0d,2026-09-02,basic,200,ok,1788447771
107f521c149c8d1dce72ab4c05a7b4f7,2026-09-02,basic,200,ok,1788447771
56d8037cf56e9ff7daf450d2eb5ca742,2026-09-02,basic,200,ok,1788447772
3964212fcfeedf36160473e903eabf18,2026-09-02,basic,200,ok,1788447773
48fbec4bc4c266c094fb59058a9ac8f2efe8d04e6d233bd35cf2fabdeb93fb0d,2026-09-02,basic,200,ok,1788447773
343872a7f2bc5d1504379145281f934e,2026-09-02,basic,200,ok,1788447774
5f619cfddc76c3d18efb7699c4ea5c95,2026-09-02,basic,200,ok,1788447774
ca0bf73c8eb17abb71a2e8796de26baeefe8d04e6d233bd35cf2fabdeb93fb0d,2026-09-02,basic,200,ok,1788447775
fdc34b36f73c3fd89e772cf6d7d1232cefe8d04e6d233bd35cf2fabdeb93fb0d,2026-09-02,basic,200,ok,1788447776
ed73630a9b01b498dc6f0eff3b5bc7c1efe8d04e6d233bd35cf2fabdeb93fb0d,2026-09-02,basic,200,ok,1788447776
2683c5dbe537412f50c10a2945a54b39efe8d04e6d233bd35cf2fabdeb93fb0d,2026-09-02,basic,200,ok,1788447777
d59c7c21c8e5bccf9524ef4fd1d3598c,2026-09-02,basic,200,ok,1788447777
9f347f00cff92952a75c60ea03e586e7,2026-09-02,basic,200,ok,1788447778
9e7657476fe05f45c33401053e4f19c1efe8d04e6d233bd35cf2fabdeb93fb0d,2026-09-02,basic,200,ok,1788447779
c5fa76ba94f39703626159621e5c0d56,2026-09-02,basic,200,ok,1788447779
cfa995fdd15706df1d3a637ebff6c98c,2026-09-02,basic,200,ok,1788447780
22841b94e115a7228d9b04b28baf54e4,2026-09-02,basic,200,ok,1788447780
915ee5bd5f66969a1e4f06fa715f2443,2026-09-02,basic,200,ok,1788447781
b96bb8a982ea95436bd48e616e0ab035efe8d04e6d233bd35cf2fabdeb93fb0d,2026-09-02,basic,200,ok,1788447782
70767ecf7c83ef5cf992a28e40a44e09,2026-09-02,basic,200,ok,1788447782
ca45aa3d8dc47868bccd1409e4cb02b0,2026-09-02,basic,200,ok,1788447783
24b1930b72aff6c3e2e87180eca8a014efe8d04e6d233bd35cf2fabdeb93fb0d,2026-09-02,basic,200,ok,1788447783
51c3e92cdd83b349315729ae5fc751ec,2026-09-02,basic,200,ok,1788447784
9cd36d9cbac5931262fa54179eabc314efe8d04e6d233bd35cf2fabdeb93fb0d,2026-09-02,basic,200,ok,1788447785
6c118b4c1317084a691ea983fcb779b0,2026-09-02,basic,200,ok,1788447785
d75438f69108df549f523899a62cc71baae77432709819edb959e1fd5d1d77b4,2026-09-02,basic,200,ok,1788447786
9cb76bf8f7e0958c741178d3148d8593,2026-09-02,basic,200,ok,1788447787
0ef23f2e62f88ff098eb532133d0b554,2026-09-02,basic,200,ok,1788447787
2246bcd9a64047fb50d8d2c5eaa4f8a1efe8d04e6d233bd35cf2fabdeb93fb0d,2026-09-02,basic,200,ok,1788447788
fd627c2ce765b3adb8801845c1b102608295750b1f4857867454debc45ec9c8a,2026-09-02,basic,200,ok,1788447788
fa639be8f860227c955053cfffb94281,2026-09-02,basic,200,ok,1788447789
14ecef4e80ac828a81232a18f681f5b4,2026-09-02,basic,200,ok,1788447790
dbfdffad81d9c8f251093ed7390ffac5,2026-09-02,basic,200,ok,1788447790
40ee830dd76b647e0a614cfdc26fd3ffefe8d04e6d233bd35cf2fabdeb93fb0d,2026-09-02,basic,200,ok,1788447791
c4b8a3ddc7a818b5efef35c92b79d715efe8d04e6d233bd35cf2fabdeb93fb0d,2026-09-02,basic,200,ok,1788447791
a0fde17f44a0ee3b771cb61e6e046f1aefe8d04e6d233bd35cf2fabdeb93fb0d,2026-09-02,basic,200,ok,1788447792
e1b19e74ab7211e0e4f7cf3f33d29aca4723574b05820acf03e7ec3162ff5bed,2026-09-02,basic,200,ok,1788447793
dc7eb5b8a163ee0cd1791b5ef301764aefe8d04e6d233bd35cf2fabdeb93fb0d,2026-09-02,basic,200,ok,1788447793
64ab0e4a6143e01663109f198bb1376aefe8d04e6d233bd35cf2fabdeb93fb0d,2026-09-02,basic,200,ok,1788447794
dffa624954cf73014751c29adc1e565d,2026-09-02,basic,200,ok,1788447794
90d4f7954bc8d5ee5fc09310a6a67a11,2026-09-02,basic,200,ok,1788447795
980246ee30088f65a3049bc9d465a6a286e68d4012202d0434d05f81868f68e3,2026-09-02,basic,200,ok,1788447796
b570927a91c2b06a0cc027dcc3394e6d,2026-09-02,basic,200,ok,1788447796
ab104888755f3eca685377541bca7f04,2026-09-02,basic,200,ok,1788447797
17ab67299b418932a347fd4d1fb56124,2026-09-02,basic,200,ok,1788447797
c7f49a936b9ba0ea6754f63ed63393ddefe8d04e6d233bd35cf2fabdeb93fb0d,2026-09-02,basic,200,ok,1788447798
ff9ab4c9d3cb1d62bdcd0be6a6cd17824723574b05820acf03e7ec3162ff5bed,2026-09-02,basic,200,ok,1788447799
3aa2b3e54842fe8959ef6b7bf5bff858efe8d04e6d233bd35cf2fabdeb93fb0d,2026-09-02,basic,200,ok,1788447799
9effcd4e73429d2399dee6c0588d4d52efe8d04e6d233bd35cf2fabdeb93fb0d,2026-09-02,basic,200,ok,1788447800
d05362eb4bf824e5b6abc339caec40fe,2026-09-02,basic,200,ok,1788447800
33575b01c021bb43d6e9d3d4aad9c73cefe8d04e6d233bd35cf2fabdeb93fb0d,2026-09-02,basic,200,ok,1788447801
9aab4dd34ad974a974fa24bd593b351aefe8d04e6d233bd35cf2fabdeb93fb0d,2026-09-02,basic,200,ok,1788447802
781f30e974310063b71f0a9d0a3349f5,2026-09-02,basic,200,ok,1788447802
cc905e22776cf6d73711b20cd2e8f2c5efe8d04e6d233bd35cf2fabdeb93fb0d,2026-09-02,basic,200,ok,1788447803
f7b147c43d7043c58db9a9fc8066adb7,2026-09-02,basic,200,ok,1788447804
24365ce57cb9b225a466181c48063762efe8d04e6d233bd35cf2fabdeb93fb0d,2026-09-02,basic,200,ok,1788447804
bff6885bacfc82ff50f6a7bccd7f8e19,2026-09-02,basic,200,ok,1788447805
6936fd4ca030970a5bd7003771a5c350,2026-09-02,basic,200,ok,1788447805
1ec19129892f9b53d257cf4bbad35507,2026-09-02,basic,200,ok,1788447806
77745eee4ad81228d18b0c204ab492d6,2026-09-02,basic,200,ok,1788447806
8562f0ac31c56d6530170ed517918cfaefe8d04e6d233bd35cf2fabdeb93fb0d,2026-09-02,basic,200,ok,1788447807
4d9042b0fa7762b0e77033513e1737a1,2026-09-02,basic,200,ok,1788447808
cc2f89af76866ea2cca854a3ada3357fefe8d04e6d233bd35cf2fabdeb93fb0d,2026-09-02,basic,200,ok,1788447808
be5766a453b5e6f97e489873ef45c4eaefe8d04e6d233bd35cf2fabdeb93fb0d,2026-09-02,basic,200,ok,1788447809
0598b4afa21414542e53f3aa665234cf,2026-09-02,basic,200,ok,1788447809
bb32f410eeed5a8e672e40ee48ec22e1,2026-09-02,basic,200,ok,1788447810
acc334dbfaadd2eda10b9431f9ebf37e,2026-09-02,basic,200,ok,1788447810
22a7e4deeabc7cf283c99f4e25058dc5efe8d04e6d233bd35cf2fabdeb93fb0d,2026-09-02,basic,200,ok,1788447811
b80fc3897be9385cd115e4e56517abf2,2026-09-02,basic,200,ok,1788447811
2da87066cf4c86508ae045c862ea752d,2026-09-02,basic,200,ok,1788447812
529db648dae3c5cccb139e15d42ed8b8,2026-09-02,basic,400,http_400,1788447813
ec4fd76f1a0de4ce3011720dad228eee,2026-09-02,basic,200,ok,1788447813
c713b35f0eb40bcf0b51ae0ad9fffff8e85e07f9d5d276f44440847eec04ba68,2026-09-02,basic,200,ok,1788447814
0b13c583f7837587a8ddf040c8f20d46,2026-09-02,basic,200,ok,1788447814
f097cf9778b1f8835f6ae5314a984994efe8d04e6d233bd35cf2fabdeb93fb0d,2026-09-02,basic,200,ok,1788447815
0dc0ae97a8c983d98842377497ff0a65efe8d04e6d233bd35cf2fabdeb93fb0d,2026-09-02,basic,200,ok,1788447815
b071b74842dab651620671c304f40b46,2026-09-02,basic,200,ok,1788447816
c1bbe24439a61b753999806ca756e585efe8d04e6d233bd35cf2fabdeb93fb0d,2026-09-02,basic,200,ok,1788447816
a1774c420e735028ef740c8ade756adfefe8d04e6d233bd35cf2fabdeb93fb0d,2026-09-02,basic,200,ok,1788447817
f8dbe30c52c67f2f5516b4fbb19da824,2026-09-02,basic,200,ok,1788447818
cdbf81513119fca5359b3ac050f3e29befe8d04e6d233bd35cf2fabdeb93fb0d,2026-09-02,basic,200,ok,1788447818
1bd2928b8d8129d097a1d799736fb6f8efe8d04e6d233bd35cf2fabdeb93fb0d,2026-09-02,basic,200,ok,1788447819
c33d67ce9481126d6d43782bbd38aa82,2026-09-02,basic,200,ok,1788447819
14adc9e51f502dd3a4414b66858e0edcefe8d04e6d233bd35cf2fabdeb93fb0d,2026-09-02,basic,200,ok,1788447820
8075b5547ec2e59a72000980458ecf35,2026-09-02,basic,200,ok,1788447820
5b62606a5155f9dd3941a4e31228dd9a,2026-09-02,basic,200,ok,1788447821
43ed8415a09a054c8d16937febef8851,2026-09-02,basic,200,ok,1788447821
a2d4e618901506e4263bd1667b607720,2026-09-02,basic,200,ok,1788447822
20ae4045321bf450e957877a484cc068,2026-09-02,basic,200,ok,1788447823
749d0a2b099c6d3cb65218b02c1f4234,2026-09-02,basic,200,ok,1788447823
341f2f81f32bb8dc520fd820284c9c1a,2026-09-02,basic,200,ok,1788447824
13cf45db8f66b4f37ac54b95a980454defe8d04e6d233bd35cf2fabdeb93fb0d,2026-09-02,basic,200,ok,1788447824
20cf46d2324f864cd22b2c7ee55e5efe,2026-09-02,basic,200,ok,1788447825
48c2fb144f5f7f683694ebbcef013d4cefe8d04e6d233bd35cf2fabdeb93fb0d,2026-09-02,basic,200,ok,1788447825
626e0dbad7b9458fe7da186a3e68daad,2026-09-02,basic,200,ok,1788447826
011952046342c41c3cc7873059f937d0,2026-09-02,basic,200,ok,1788447827
4530f63c6d2db115dfb6a82f3a00802a3663933da92e7566c55104ec9ac2894d,2026-09-02,basic,200,ok,1788447827
456546e438f0fda44ef7cf94d2aa0ae8c47ea5ffea2564f587ca830a8f71acb2,2026-09-02,basic,200,ok,1788447828
de6f8181498b858c8071728c891b3ea5,2026-09-02,basic,200,ok,1788447828
46f89255dba4d53a4d1d704d64a18049efe8d04e6d233bd35cf2fabdeb93fb0d,2026-09-02,basic,200,ok,1788447829
275776a5d37ec697bcd33754a62c440f,2026-09-02,basic,200,ok,1788447829
40524d5682ca511ed0c3aa6f0c9ec82f,2026-09-02,basic,200,ok,1788447830
ebe01e17557106cf1681730d6fb262a5,2026-09-02,basic,200,ok,1788447831
f10258d9fbc92296e76dca3ae8eff28fefe8d04e6d233bd35cf2fabdeb93fb0d,2026-09-02,basic,200,ok,1788447831
7c026aa5df848e6005f1cadea6b05b7c,2026-09-02,basic,200,ok,1788447832
9031fc4043cece329734c23bfa1b5937efe8d04e6d233bd35cf2fabdeb93fb0d,2026-09-02,basic,200,ok,1788447832
f0b48b57ab7b02a598854c00473e3117,2026-09-02,basic,200,ok,1788447833
ce130764aace6d34f65470e16a200711aae77432709819edb959e1fd5d1d77b4,2026-09-02,basic,200,ok,1788447833
cc628da2bae88915a1852280940c33c1,2026-09-02,basic,200,ok,1788447834
31b11bcbff37f606abd51f279c83b843,2026-09-02,basic,200,ok,1788447834
8c22c0718d29c49a35840b47888fcab3efe8d04e6d233bd35cf2fabdeb93fb0d,2026-09-02,basic,200,ok,1788447835
deac83da3ad038653b044abfa5ff4195,2026-09-02,basic,200,ok,1788447835
71a9617e43160912092dee2b0d254445a2186d8e7cf7a6ee152d97cc78f2ae8b,2026-09-02,basic,200,ok,1788447836
497a3fdba6d62ede489cbecdd312d39dfd842dab14be2a956555625b37c97bff,2026-09-02,basic,200,ok,1788447836
e55334fdfe6478f08bc35361592262b0,2026-09-02,basic,200,ok,1788447837
9c5f2f8d67c23852d45da9de103e365eefe8d04e6d233bd35cf2fabdeb93fb0d,2026-09-02,basic,200,ok,1788447838
a53a42f07708ebae37b8ac6d7960b114,2026-09-02,basic,200,ok,1788447838
7016fd00b3104adce048c0a3f52a39d5,2026-09-02,basic,200,ok,1788447839
299a0333e911bc9ad2b6b9ca8da64440efe8d04e6d233bd35cf2fabdeb93fb0d,2026-09-02,basic,200,ok,1788447839
18cb30c1846cb07d4301b12fb36f56dc,2026-09-02,basic,200,ok,1788447840
c463d28a20e7e17a5a476039e2d10c16,2026-09-02,basic,200,ok,1788447840
452273f5d7978c3a0c2e4999cc5ed7d2efe8d04e6d233bd35cf2fabdeb93fb0d,2026-09-02,basic,200,ok,1788447841
b9b52ef9aec18bfd06b0e1659d7c92d5,2026-09-02,basic,200,ok,1788447841
aa93fbdf56bd0ad5c8f2c97d6fb31db5,2026-09-02,basic,200,ok,1788447842
0aa6896bcd1259d4473ee561c4f93031,2026-09-02,basic,200,ok,1788447843
32cccfae7c6a4fcfc16190e110157d4c,2026-09-02,basic,200,ok,1788447843
d58f916e4b606d84c04fa305b1c999fb,2026-09-02,basic,200,ok,1788447844
39d2f8af2544ebc8dad5e5d9aa4d1b00,2026-09-02,basic,200,ok,1788447844
219e12ff6de6c1d02ffb238d014b0fb8,2026-09-02,basic,200,ok,1788447845
b27f1f2b861447a3d9e59e0e7002b7f1,2026-09-02,basic,200,ok,1788447845
79baa3faa63af29591f1310fd1f90889efe8d04e6d233bd35cf2fabdeb93fb0d,2026-09-02,basic,200,ok,1788447846
0819c074134191d8a8d34603c42b2cc1efe8d04e6d233bd35cf2fabdeb93fb0d,2026-09-02,basic,200,ok,1788447846
fc2736a7e05b1b3c2882ee0ee5da7c0aaae77432709819edb959e1fd5d1d77b4,2026-09-02,basic,200,ok,1788447847
aae59973d85335671ca4f2065798581c,2026-09-02,basic,200,ok,1788447848
5dcd56636e533af97f36715a20357601,2026-09-02,basic,200,ok,1788447848
61668637c76b2fee59cf483e22c11dd9,2026-09-02,basic,200,ok,1788447849
77bdbdc5b88053ab03ae72a3c6d7d272,2026-09-02,basic,200,ok,1788447849
398c0e2963c372228495252b08c4489d,2026-09-02,basic,200,ok,1788447850
9b9458a2035d9b902050421ed4ca08e7,2026-09-02,basic,200,ok,1788447850
a6599d0f722025faca0efae15f46526befe8d04e6d233bd35cf2fabdeb93fb0d,2026-09-02,basic,200,ok,1788447851
5178787b2127e17de717350b25b376b4,2026-09-02,basic,200,ok,1788447851
077003853a41c65e450035c85d1b69f2efe8d04e6d233bd35cf2fabdeb93fb0d,2026-09-02,basic,200,ok,1788447852
231078667cfb3c2dcb76bea02d9fbd2f,2026-09-02,basic,200,ok,1788447852
97237c582c97b3106c8e81808c5efca8efe8d04e6d233bd35cf2fabdeb93fb0d,2026-09-02,basic,200,ok,1788447853
51bc5e998baa2ce32eaaf2f8a0261e4defe8d04e6d233bd35cf2fabdeb93fb0d,2026-09-02,basic,200,ok,1788447854
89a10ad8cc73644fc5feb628c992b06fefe8d04e6d233bd35cf2fabdeb93fb0d,2026-09-02,basic,200,ok,1788447854
c4210a30e7876d8139ec8d5653d68e3d,2026-09-02,basic,200,ok,1788447855
74c3b8cb09fee16c7d6d8c3c1c4c692f,2026-09-02,basic,200,ok,1788447855
3575ccaa17779f325eb3b21fd85a39eeefe8d04e6d233bd35cf2fabdeb93fb0d,2026-09-02,basic,200,ok,1788447856
d236db0de3630804fcf25bf5eabfbd11efe8d04e6d233bd35cf2fabdeb93fb0d,2026-09-02,basic,200,ok,1788447856
f773390cfac14639fd73749e7ae6e981e85e07f9d5d276f44440847eec04ba68,2026-09-02,basic,200,ok,1788447857
84a4342a7a66c9101d26575fdc22ab58efe8d04e6d233bd35cf2fabdeb93fb0d,2026-09-02,basic,200,ok,1788447857
05744da4d25f8ded7db91c553c174a80efe8d04e6d233bd35cf2fabdeb93fb0d,2026-09-02,basic,200,ok,1788447858
9b87a375591c45a0fd3c60bbd1954161,2026-09-02,basic,200,ok,1788447859
026b37f00a14206685c1dc6cc20f2ac4,2026-09-02,basic,200,ok,1788447859
29b96c5c104ebdc287fa638db2e5f56c,2026-09-02,basic,200,ok,1788447860
774d61087696544e6aba63f8015bd423,2026-09-02,basic,200,ok,1788447860
1df12dfc552c3d123a3550b60d78abf9c47ea5ffea2564f587ca830a8f71acb2,2026-09-02,basic,200,ok,1788447861
02218ed331e0b37be1177e4daa465c7befe8d04e6d233bd35cf2fabdeb93fb0d,2026-09-02,basic,200,ok,1788447861
a76fe5409d471f2477e888e9ba09b48d6fbb98200a15be5bcc73a64995849e9c,2026-09-02,basic,200,ok,1788447862
f2a9d3b40416f6a8a7afe8c1871c057aefe8d04e6d233bd35cf2fabdeb93fb0d,2026-09-02,basic,200,ok,1788447863
e31b3c6afeccba5e7fd612973e8f2e6a,2026-09-02,basic,200,ok,1788447863
af818f3e214ef623ea6ee27d04cd039eefe8d04e6d233bd35cf2fabdeb93fb0d,2026-09-02,basic,200,ok,1788447864
002e09cacb44d4e36c880b62dd454584,2026-09-02,basic,200,ok,1788447864
faf8ab2b8d8f01325e8b84adde6b7df3efe8d04e6d233bd35cf2fabdeb93fb0d,2026-09-02,basic,200,ok,1788447865
2a46de2176f6d01fafb6e8f39a6654e9,2026-09-02,basic,200,ok,1788447865
bd1b289d646974d51c255ddadf434cfb,2026-09-02,basic,200,ok,1788447866
22fa89d61007810fc5eb1a548a45f176,2026-09-02,basic,200,ok,1788447867
d658a1d898410d9343f0d3c0c4cb0987efe8d04e6d233bd35cf2fabdeb93fb0d,2026-09-02,basic,200,ok,1788447867
802295633e902cdffa3c864525226e93,2026-09-02,basic,200,ok,1788447868
19ee8376461e4e3d3504c8a3887b8007,2026-09-02,basic,200,ok,1788447868
b337eab34fcead9b01c6d2f44bfe655a,2026-09-02,basic,200,ok,1788447869
4c7a4702fab31399b26eea2de8249bfd,2026-09-02,basic,200,ok,1788447869
ce30e9957cb3fc25d2ba4f178103d41b,2026-09-02,basic,200,ok,1788447870
b2510850189b6b332a241aa440682225,2026-09-02,basic,200,ok,1788447871
2ab1d52dfb9a2b08a4b2876a570615b7,2026-09-02,basic,200,ok,1788447871
97fc2ac18172aa37d4237c0f61f68d2c,2026-09-02,basic,200,ok,1788447872
c20021b1694bd9aad5407c79700f38c4,2026-09-02,basic,200,ok,1788447872
dbd82ad31c5f946c5968940797fc4fb0,2026-09-02,basic,200,ok,1788447873
71b91d7b6960c81436565660fbe8e3b1,2026-09-02,basic,200,ok,1788447873
01482598804711f6504f2a648e3b1417efe8d04e6d233bd35cf2fabdeb93fb0d,2026-09-02,basic,200,ok,1788447874
f2b502bb937c50ef906e7c80d94d29c3efe8d04e6d233bd35cf2fabdeb93fb0d,2026-09-02,basic,200,ok,1788447874
89791f7ab861dbe46ff07093683b36a2efe8d04e6d233bd35cf2fabdeb93fb0d,2026-09-02,basic,200,ok,1788447875
ffc07c0a42fc1461e49c480ddc0fa216,2026-09-02,basic,200,ok,1788447876
0bc404add8e3f245d94d1e222ad89f4b,2026-09-02,basic,200,ok,1788447876
4e6055098955915f155305928b5be928efe8d04e6d233bd35cf2fabdeb93fb0d,2026-09-02,basic,200,ok,1788447877
2e686b36bc68482eca5eabc25495a761,2026-09-02,basic,200,ok,1788447877
6686633ddab988c3857a3c74e932d8ca,2026-09-02,basic,200,ok,1788447878
ccdbcb45a9848605ffc565da3a14352cefe8d04e6d233bd35cf2fabdeb93fb0d,2026-09-02,basic,200,ok,1788447878
9c22a3b061f2cc68d0046e9ff12010b7efe8d04e6d233bd35cf2fabdeb93fb0d,2026-09-02,basic,200,ok,1788447879
3e45f9fff9fc1abf962dde2f5cebc9bd,2026-09-02,basic,200,ok,1788447879
7cd50cc5d424d5bd91d10ac17f4aa672,2026-09-02,basic,200,ok,1788447880
d90bdb95ba602b8ba8b4af9984f30113,2026-09-02,basic,200,ok,1788447880
3396ac20ee6b13736f581ef2ba97e4b2efe8d04e6d233bd35cf2fabdeb93fb0d,2026-09-02,basic,200,ok,1788447881
e27a537165164fc045feba072fb8a451,2026-09-02,basic,200,ok,1788447882
7b573dd438474e9c5654664e0da8ab2c,2026-09-02,basic,200,ok,1788447882
fde6e7b69aea0379ac893c423a63fa4cefe8d04e6d233bd35cf2fabdeb93fb0d,2026-09-02,basic,200,ok,1788447883
97d54bdb81ca72e5ee04bb4fc470773286e68d4012202d0434d05f81868f68e3,2026-09-02,basic,200,ok,1788447883
38ab2ccf366008a331511dc52cd0e0caaae77432709819edb959e1fd5d1d77b4,2026-09-02,basic,200,ok,1788447884
0abec384720efa340fa1dec337df8780,2026-09-02,basic,200,ok,1788447884
5469179dc5550667136352bafb62cc35efe8d04e6d233bd35cf2fabdeb93fb0d,2026-09-02,basic,200,ok,1788447885
d322177d0d28809b448df45aca84c7ba,2026-09-02,basic,200,ok,1788447885
eff975d64b85b79179cc4f90e8893421efe8d04e6d233bd35cf2fabdeb93fb0d,2026-09-02,basic,200,ok,1788447886
7cad6568a9b2b2016f1b2d25c57f679e,2026-09-02,basic,200,ok,1788447887
3365644493488f678c05417ac8314ea0efe8d04e6d233bd35cf2fabdeb93fb0d,2026-09-02,basic,200,ok,1788447887
05c7bd6a8c27a99ee6365c90178b8ac7,2026-09-02,basic,200,ok,1788447888
75f75e96d1b3c497d6587e9c625b39da,2026-09-02,basic,200,ok,1788447888
8a23d93936f2632b6db308cd0883fc53,2026-09-02,basic,200,ok,1788447889
cd7dbc1f9df26a752dd243d8933e3306efe8d04e6d233bd35cf2fabdeb93fb0d,2026-09-02,basic,200,ok,1788447889
2a93e3de2a0d2be921db129e5b262e4cefe8d04e6d233bd35cf2fabdeb93fb0d,2026-09-02,basic,200,ok,1788447890
27e89ba81265a483c3c18559b517c81d,2026-09-02,basic,200,ok,1788447891
98fd8194b49b8c68ed013424a16f9f88efe8d04e6d233bd35cf2fabdeb93fb0d,2026-09-02,basic,200,ok,1788447891
b8fb991ac33bb357f17b911517b24a30efe8d04e6d233bd35cf2fabdeb93fb0d,2026-09-02,basic,200,ok,1788447892
cb07d788840dc65eaa2a1ad1835eb28e,2026-09-02,basic,200,ok,1788447892
4772705c7c623e6a7679922f23f334bc,2026-09-02,basic,200,ok,1788447893
72241b7161790545cc61a77bb2b80862,2026-09-02,basic,200,ok,1788447893
8dc61407bf1114f887a6c68d921ea4724723574b05820acf03e7ec3162ff5bed,2026-09-02,basic,200,ok,1788447894
36fd9436306d69ceaa20b114f956bc97,2026-09-02,basic,200,ok,1788447894
6f2dec7f823dcf1256d7e70f9bde8340efe8d04e6d233bd35cf2fabdeb93fb0d,2026-09-02,basic,200,ok,1788447895
f4da4393a34142334e29bf9b0091986d,2026-09-02,basic,200,ok,1788447896
4ea842c9860e815f460392ce49b8bad4efe8d04e6d233bd35cf2fabdeb93fb0d,2026-09-02,basic,200,ok,1788447896
982dc7a6471454c31036731b5f85501eefe8d04e6d233bd35cf2fabdeb93fb0d,2026-09-02,basic,200,ok,1788447897
c85feb124b45bf112ebd638ad53f16f6,2026-09-02,basic,200,ok,1788447897
6855066d677f4d82c718b51f44792155efe8d04e6d233bd35cf2fabdeb93fb0d,2026-09-02,basic,200,ok,1788447898
7546ef4227f74639b2f8ea867c6b72d2efe8d04e6d233bd35cf2fabdeb93fb0d,2026-09-02,basic,200,ok,1788447898
4b5700125c53beaf5e5251e2eb4ddc83efe8d04e6d233bd35cf2fabdeb93fb0d,2026-09-02,basic,200,ok,1788447899
bba1341aa50b301c4d6160b1291f7d5c,2026-09-02,basic,200,ok,1788447899
0de998c4c90a4654fe83822ac0d0f6df,2026-09-02,basic,200,ok,1788447900
55958493586d2f806e8d503019cdbe74aae77432709819edb959e1fd5d1d77b4,2026-09-02,basic,200,ok,1788447901
243d1870c8f462892d4b596e228204db,2026-09-02,basic,200,ok,1788447901
58567c20a9b9264c55b7974a507d649e,2026-09-02,basic,200,ok,1788447902
8e117feaa5120da881beeb39a48f0a1d,2026-09-02,basic,200,ok,1788447902
5e5edaf83103f06a1e75a82e07de3447,2026-09-02,basic,200,ok,1788447903
b9b93ebba3cd7b8eb3ba72bf6fe5a8b8,2026-09-02,basic,200,ok,1788447903
696777d67fcdca152f17a780deba41818295750b1f4857867454debc45ec9c8a,2026-09-02,basic,200,ok,1788447904
4ac5472cf8a5ecc33888fdee25a4a58fefe8d04e6d233bd35cf2fabdeb93fb0d,2026-09-02,basic,200,ok,1788447904
a7fb7efa4ac323707c3180540665021f,2026-09-02,basic,200,ok,1788447905
acfa0f288ed6ca09d34795660d6c4535,2026-09-02,basic,200,ok,1788447906
32cbd2d6bc4ad087ea7ef1cea4b4cb2c,2026-09-02,basic,200,ok,1788447906
fba605fe635ab057d3b0b6106f8ceace,2026-09-02,basic,200,ok,1788447907
1cd09dc2931f3e095709632706675ef6efe8d04e6d233bd35cf2fabdeb93fb0d,2026-09-02,basic,200,ok,1788447907
aee7b16c302ffbe83af9390286ca0585efe8d04e6d233bd35cf2fabdeb93fb0d,2026-09-02,basic,200,ok,1788447908
138e2e73bb51b6feb41f41b3645d3b37,2026-09-02,basic,200,ok,1788447908
3ac483f377327b12cc309696f80171bf,2026-09-02,basic,200,ok,1788447909
0500548d5926a8c45ca76731ebd2dd99,2026-09-02,basic,200,ok,1788447909
b021955e657b3b094cf9be4e56a21828,2026-09-02,basic,200,ok,1788447910
56b69d6f9993367680d5ed87f9a961fe,2026-09-02,basic,200,ok,1788447910
47a966bff577aca778ca725ef1c1b39f,2026-09-02,basic,200,ok,1788447911
af29a70e3157067dc92eab193a6b498f,2026-09-02,basic,200,ok,1788447912
31ef1536f8eb51c4c8f0f097f351340a,2026-09-02,basic,200,ok,1788447912
3813f5718f9b65eb552b469b2a2d7fba,2026-09-02,basic,200,ok,1788447913
6c799019b8aaf1901ac36199e75f8672,2026-09-02,basic,200,ok,1788447913
3af4520b8c5e5177f8fa947c12edb050,2026-09-02,basic,200,ok,1788447914
675660bc22a5ab48adb55433494f2019,2026-09-02,basic,200,ok,1788447914
45daaa371f8296fb05f31f7478af5776efe8d04e6d233bd35cf2fabdeb93fb0d,2026-09-02,basic,200,ok,1788447915
9f73a59397519575770016ed377f7915,2026-09-02,basic,200,ok,1788447915
d42092067ce94e3fef8dc163ddefee64,2026-09-02,basic,200,ok,1788447916
4078c38d50f0bee2fddeb6663e285498efe8d04e6d233bd35cf2fabdeb93fb0d,2026-09-02,basic,200,ok,1788447917
3d46d0218d40e0ede69d687fdad9f2d5efe8d04e6d233bd35cf2fabdeb93fb0d,2026-09-02,basic,200,ok,1788447917
714d6970c253e43434fa6a58cb635593,2026-09-02,basic,200,ok,1788447918
94c447d47a5e5caa41084f87cd3e4c3a,2026-09-02,basic,200,ok,1788447918
60e87f3d1465d85f12ef1b84efa09db9,2026-09-02,basic,200,ok,1788447919
970a93c18abb23bcaeb36d30681fff5eefe8d04e6d233bd35cf2fabdeb93fb0d,2026-09-02,basic,200,ok,1788447919
643467156b1054b6ffcf78c251c8028e,2026-09-02,basic,200,ok,1788447920
7a7d0ef9e9a74fd21708a27f9bd15cf88295750b1f4857867454debc45ec9c8a,2026-09-02,basic,200,ok,1788447921
dba2ae0463c8dcda77164704cfd93ced,2026-09-02,basic,200,ok,1788447921
9ff5df122004c4a68f8c00c0df29bc5f4723574b05820acf03e7ec3162ff5bed,2026-09-02,basic,200,ok,1788447922
960e0cd039c51e1fcbbccf3d42315b40efe8d04e6d233bd35cf2fabdeb93fb0d,2026-09-02,basic,200,ok,1788447922
1e1e6d380cf3e0eefc585fde71531fc7efe8d04e6d233bd35cf2fabdeb93fb0d,2026-09-02,basic,200,ok,1788447923
798b4448ff8d6d24c3328dc80b1f7a64efe8d04e6d233bd35cf2fabdeb93fb0d,2026-09-02,basic,200,ok,1788447923
b4b62f28b8f8c532ef1d0cfd9dd774aa,2026-09-02,basic,200,ok,1788447924
674d08e9f0a213fffdbd557aca762a6b,2026-09-02,basic,200,ok,1788447924
fe6cb6e6a75968d640cff2a962e594c2,2026-09-02,basic,200,ok,1788447925
8a2e84b80fe6905000e98192ef67970c,2026-09-02,basic,200,ok,1788447926
009452683327635678c4e7072ea3b5ddfd842dab14be2a956555625b37c97bff,2026-09-02,basic,200,ok,1788447926
965a7906f01c44d559eaf1e152c6233befe8d04e6d233bd35cf2fabdeb93fb0d,2026-09-02,basic,200,ok,1788447927
bee59a747cfd3e313d3a46564455a9de,2026-09-02,basic,200,ok,1788447927
5136df174c4fa5aac607fd672165715c,2026-09-02,basic,200,ok,1788447928
42a63089bb5bf3ab6009132930a4f316,2026-09-02,basic,200,ok,1788447928
41ff005620eff7448feb108cf025128befe8d04e6d233bd35cf2fabdeb93fb0d,2026-09-02,basic,200,ok,1788447929
922598339a2c72f6053e262521b8febcefe8d04e6d233bd35cf2fabdeb93fb0d,2026-09-02,basic,200,ok,1788447929
20ce26f87d0371ec99a9d4238ab82e2ba2186d8e7cf7a6ee152d97cc78f2ae8b,2026-09-02,basic,200,ok,1788447930
509a79ef02dbc9a6159501e55f427c4a,2026-09-02,basic,200,ok,1788447931
dfa241c42fbd49ea77dc633f46a5c711,2026-09-02,basic,200,ok,1788447931
4b1fe976b133be2f829a9a7537000ec4efe8d04e6d233bd35cf2fabdeb93fb0d,2026-09-02,basic,200,ok,1788447932
c914432467b8c5d4cc25fd603f77fd14efe8d04e6d233bd35cf2fabdeb93fb0d,2026-09-02,basic,200,ok,1788447932
f6ebfb751618dc1683a17d2a82f895fb,2026-09-02,basic,200,ok,1788447933
dd3356900e3eb198a50ce389742b189e,2026-09-02,basic,200,ok,1788447933
cde0bdd100a4d0cc0f19467683ff3c9686e68d4012202d0434d05f81868f68e3,2026-09-02,basic,200,ok,1788447934
ecdba59cbf3b886ab3e3bbdca766a6a6efe8d04e6d233bd35cf2fabdeb93fb0d,2026-09-02,basic,200,ok,1788447934
6bdca54fa29e846e34b07a54a87f447c,2026-09-02,basic,200,ok,1788447935
79d3e834211b5a9b74fb21b8bf01ac65,2026-09-02,basic,200,ok,1788447936
cb07d5b18b59d3ac5698dedc7a69bb4a,2026-09-02,basic,200,ok,1788447936
40c61d645c0ffdb33003106737e081e74723574b05820acf03e7ec3162ff5bed,2026-09-02,basic,200,ok,1788447937
9d04424a124d544cf694e2ae3a965ec4,2026-09-02,basic,200,ok,1788447937
f290d0fbbca67fc21f99b9c4cbd087b7,2026-09-02,basic,200,ok,1788447938
d07df8e4e5e24f7cf9393e0f207570a0efe8d04e6d233bd35cf2fabdeb93fb0d,2026-09-02,basic,200,ok,1788447938
e4079ef2f9baeb2ae7dfe327a2f417f1efe8d04e6d233bd35cf2fabdeb93fb0d,2026-09-02,basic,200,ok,1788447939
8d3b178d40e32183d091ecd38a1d6ee2e85e07f9d5d276f44440847eec04ba68,2026-09-02,basic,200,ok,1788447939
ee45efa190e409cecd3bd5042c7b585befe8d04e6d233bd35cf2fabdeb93fb0d,2026-09-02,basic,200,ok,1788447940
3100158b8fd87fe59bb5f64255a800c2,2026-09-02,basic,200,ok,1788447941
b98d45ac41b1cdc2a923fe7b392c85e1,2026-09-02,basic,200,ok,1788447941
ac81eb4b0260cc3b01501cbadac3de6a,2026-09-02,basic,200,ok,1788447942
be580f4efebd9ec2609b645b7a0cee5a,2026-09-02,basic,200,ok,1788447942
038ad2cbab6f14d2c134b3881a634046efe8d04e6d233bd35cf2fabdeb93fb0d,2026-09-02,basic,200,ok,1788447943
1532ce4f3635d547e51eeb888a0463d5,2026-09-02,basic,200,ok,1788447943
773cbcd2eb9590031dda4e1b5b2a77daefe8d04e6d233bd35cf2fabdeb93fb0d,2026-09-02,basic,200,ok,1788447944
6251fde7a2d04679e1ce73354d072f5fefe8d04e6d233bd35cf2fabdeb93fb0d,2026-09-02,basic,200,ok,1788447944
4e235df4137784725e8dc78513357167,2026-09-02,basic,200,ok,1788447945
a8e50cc63caa26e15fdb23e80f6c8293,2026-09-02,basic,200,ok,1788447946
df5cd55b03b8cd0e1157e3b5224657d5,2026-09-02,basic,200,ok,1788447946
536b771f83c605eb269ded656578b364,2026-09-02,basic,200,ok,1788447947
65b23c3f18fa2371c3de2fa2a8c1158b,2026-09-02,basic,200,ok,1788447947
20d482daf0c79af6754436df8dc16c2cefe8d04e6d233bd35cf2fabdeb93fb0d,2026-09-02,basic,200,ok,1788447948
46a712ed1759e522b8d678025d294fc4efe8d04e6d233bd35cf2fabdeb93fb0d,2026-09-02,basic,200,ok,1788447948
05ddab8c3249bd493c5103ffbe9a19abefe8d04e6d233bd35cf2fabdeb93fb0d,2026-09-02,basic,200,ok,1788447949
314e84d79f382aae8d6f83042de61489,2026-09-02,basic,200,ok,1788447950
f868f2a6722a314fd07c83e10cf65ca1,2026-09-02,basic,200,ok,1788447950
6d623bf019368cf5105620edbc6f1193,2026-09-02,basic,200,ok,1788447951
bed7cfc5d2569530fcdf479f3a8f4419,2026-09-02,basic,200,ok,1788447951
0adcc935de8476267e52852c47ade6e5,2026-09-02,basic,200,ok,1788447952
0d94e84c101eae2818494c68831edc5cefe8d04e6d233bd35cf2fabdeb93fb0d,2026-09-02,basic,200,ok,1788447952
f46e5c750fbb8e1dc0168b11605cc34b,2026-09-02,basic,200,ok,1788447953
f36691fe94cf53d7b7ad465eb89d7a0aefe8d04e6d233bd35cf2fabdeb93fb0d,2026-09-02,basic,200,ok,1788447954
ef229f4cae98be48a76edd504578831a,2026-09-02,basic,200,ok,1788447954
98bea7a1a0db4e39019c6b41e67538d9efe8d04e6d233bd35cf2fabdeb93fb0d,2026-09-02,basic,200,ok,1788447955
c579af833aa247a3e506914a013d9612,2026-09-02,basic,200,ok,1788447955
6dc5720299cd1a94bd54282434bf1ff1,2026-09-02,basic,200,ok,1788447956
f93e16cd0870585b3a2fe45b89b99dd3,2026-09-02,basic,200,ok,1788447956
9100c795085ef1040352436478e0960e,2026-09-02,basic,200,ok,1788447957
b3a3f866f10d6caeb37f43b1e12047f8,2026-09-02,basic,200,ok,1788447957
fe69a223ce0c0e54b6fdf2dd416b77cd,2026-09-02,basic,200,ok,1788447958
55c0469be4d7b85ea2556ca16f8b05f7efe8d04e6d233bd35cf2fabdeb93fb0d,2026-09-02,basic,200,ok,1788447958
db13c6c2cd4037f297a6ef05a97b768dfd842dab14be2a956555625b37c97bff,2026-09-02,basic,200,ok,1788447959
34cf247e2b7e11601f7c9b65cadb6a60efe8d04e6d233bd35cf2fabdeb93fb0d,2026-09-02,basic,200,ok,1788447960
608059d5dab27142e872d368db6da100efe8d04e6d233bd35cf2fabdeb93fb0d,2026-09-02,basic,200,ok,1788447960
3de69937b2cd4e3d62e924e57d80c043,2026-09-02,basic,200,ok,1788447961
a8a385428ce5806bef78a49ad3b2b089a2186d8e7cf7a6ee152d97cc78f2ae8b,2026-09-02,basic,200,ok,1788447961
3d20d65286bea4141b2ace581fd81645,2026-09-02,basic,200,ok,1788447962
9602ed8165734f29d00ed5c4c918190baae77432709819edb959e1fd5d1d77b4,2026-09-02,basic,200,ok,1788447962
05d4a39d0022c9aa2275881d4e42185a,2026-09-02,basic,200,ok,1788447963
7f633ab773a3e5ea378159b38736ccaaefe8d04e6d233bd35cf2fabdeb93fb0d,2026-09-02,basic,200,ok,1788447963
82fb9f65dbd3f0307bf3c6b5f22c6f9a,2026-09-02,basic,200,ok,1788447964
575a8823e0354123f22d2256c0cdd7daefe8d04e6d233bd35cf2fabdeb93fb0d,2026-09-02,basic,200,ok,1788447964
d16be9464daead787307009f1297ad61,2026-09-02,basic,200,ok,1788447965
f04338bdf54453540057360ba988c9db,2026-09-02,basic,200,ok,1788447966
99701e5086b3cdaa9d9b348dd99ec2f0,2026-09-02,basic,200,ok,1788447966
afdc68fe469c9e97665dcd4d6065501a86e68d4012202d0434d05f81868f68e3,2026-09-02,basic,200,ok,1788447967
b1b271a42fc10ca0ef274cfa9c44aef2,2026-09-02,basic,200,ok,1788447967
ee899a2077b12a321e70bd2e91ec7f91,2026-09-02,basic,200,ok,1788447968
11c187a1d81e1120ed83cbb4ca2e26b6,2026-09-02,basic,200,ok,1788447968
8880b0851ba78614b38e6ba2f4ce835f,2026-09-02,basic,200,ok,1788447969
0bea9f99d918beda1764b637c4f640c1,2026-09-02,basic,200,ok,1788447969
467328170b1f94c4714b52fed6746fdaefe8d04e6d233bd35cf2fabdeb93fb0d,2026-09-02,basic,200,ok,1788447970
df04a92f3f23f465bae7e6941a0d1fe5efe8d04e6d233bd35cf2fabdeb93fb0d,2026-09-02,basic,200,ok,1788447970
568e9a1e15f0067cc4629827cbd919c8efe8d04e6d233bd35cf2fabdeb93fb0d,2026-09-02,basic,200,ok,1788447971
a6e7aa7c0d006df52e850cfbd3b730f8,2026-09-02,basic,200,ok,1788447972
f1ddaf718deb23ad2dd99f42dea76f36c47ea5ffea2564f587ca830a8f71acb2,2026-09-02,basic,200,ok,1788447972
65ff1e42af9708af156aeee9572f94d8efe8d04e6d233bd35cf2fabdeb93fb0d,2026-09-02,basic,200,ok,1788447973
d2060797eb4d660664993deba65bbec7,2026-09-02,basic,200,ok,1788447973
2907c87f38ee0a27391f097c02326915,2026-09-02,basic,200,ok,1788447974
8536039595a783d9da2c070ae91b8607efe8d04e6d233bd35cf2fabdeb93fb0d,2026-09-02,basic,200,ok,1788447974
aa00da4e2dc2753d437bc09b0afc3181,2026-09-02,basic,200,ok,1788447975
aa467c943d72808b794f7b3830d191adefe8d04e6d233bd35cf2fabdeb93fb0d,2026-09-02,basic,200,ok,1788447975
474656513f8d120d18e77b7253ec2140efe8d04e6d233bd35cf2fabdeb93fb0d,2026-09-02,basic,200,ok,1788447976
ac66aa54ce26846242fc2bce3b5c9fa7,2026-09-02,basic,200,ok,1788447976
8fbe14c8fc863c59fdffd7a8d568382e6fbb98200a15be5bcc73a64995849e9c,2026-09-02,basic,200,ok,1788447977
839499cb96e3d1d3ce1d039b40949699,2026-09-02,basic,200,ok,1788447977
8e91d20b1ac19bd65efa94ab62275a29efe8d04e6d233bd35cf2fabdeb93fb0d,2026-09-02,basic,200,ok,1788447978
56e56ccdc16c45d4dd6dd4ae771a370a,2026-09-02,basic,200,ok,1788447979
43ad00f5bbd2053d4f7f77f14a8822aa,2026-09-02,basic,200,ok,1788447979
beda5d5ec1545edf9a4d8e38b4dceeb6,2026-09-02,basic,200,ok,1788447980
2001d17819de130555367b24dee9427b,2026-09-02,basic,200,ok,1788447980
a097a145c2aed142a30d6b8005b33d2f,2026-09-02,basic,200,ok,1788447981
5fca8b54ebc787b5576562319fcd639a,2026-09-02,basic,200,ok,1788447982
a10f358027f7b1b5027e2fbde7f4f9e5,2026-09-02,basic,200,ok,1788447982
57a5b0feeba002d8a8c2f4b45e58c95e,2026-09-02,basic,200,ok,1788447983
bd5c545993516183e8c7d0c67b2aa91efd842dab14be2a956555625b37c97bff,2026-09-02,basic,200,ok,1788447983
2b6db05b12524adbc8d04fb36b1cb0b2efe8d04e6d233bd35cf2fabdeb93fb0d,2026-09-02,basic,200,ok,1788447984
edb15ed4a47b797465e58dcdb2fa9dfa,2026-09-02,basic,200,ok,1788447984
68b8e96253f360e21d19c5491c185ac6,2026-09-02,basic,200,ok,1788447985
32201e38b8a8123c66dee7f52f84dcf9,2026-09-02,basic,200,ok,1788447985
692228197a6d7ba02fd2c1ec3fb80503,2026-09-02,basic,200,ok,1788447986
f29201fd1597d5abed76623e3fc45507efe8d04e6d233bd35cf2fabdeb93fb0d,2026-09-02,basic,400,http_400,1788447986
d9141bd8fe9c1f353b1e9b1b96d64d6e,2026-09-02,basic,200,ok,1788447987
24b024ca2c5281c8d3f961f541fd7303,2026-09-02,basic,200,ok,1788447988
dfb028c405e4befad50a3f8702d229ec,2026-09-02,basic,200,ok,1788447988
26daf695c193eb0c8581c1baeff75ce7,2026-09-02,basic,200,ok,1788447989
2be60a34075b01aa7295c66d2c7dde5e,2026-09-02,basic,200,ok,1788447989
8cb2ad47c4205a5817b529f63633bd2cefe8d04e6d233bd35cf2fabdeb93fb0d,2026-09-02,basic,200,ok,1788447990
c2127235c02cc352c86e07b69621fec7efe8d04e6d233bd35cf2fabdeb93fb0d,2026-09-02,basic,200,ok,1788447990
d4872881964ffed61357fe42f19028be,2026-09-02,basic,200,ok,1788447991
64633f4b10c856967380f29674942d466fbb98200a15be5bcc73a64995849e9c,2026-09-02,basic,200,ok,1788447991
e80f275f1b83fef662b8ec51a334e0de,2026-09-02,basic,200,ok,1788447992
7a7129dcfb91518a4fe2557aefb17fbc,2026-09-02,basic,200,ok,1788447993
19f601c935da8fdc1525e549720ba862,2026-09-02,basic,200,ok,1788447993
c8af9e27e0ba3304887a13bc6ad19260efe8d04e6d233bd35cf2fabdeb93fb0d,2026-09-02,basic,200,ok,1788447994
a3f3c5b707ceb8957837ccde94fa0581,2026-09-02,basic,200,ok,1788447994
9935b053eb8d9e8ff86241fd7e0f78dcefe8d04e6d233bd35cf2fabdeb93fb0d,2026-09-02,basic,200,ok,1788447995
65eda6592e5dc500f89602194cdbded3efe8d04e6d233bd35cf2fabdeb93fb0d,2026-09-02,basic,200,ok,1788447995
92258573b64d3d0922fb106f9dccbbc2efe8d04e6d233bd35cf2fabdeb93fb0d,2026-09-02,basic,200,ok,1788447996
672082d84097f105b2c82d87ab68fec4efe8d04e6d233bd35cf2fabdeb93fb0d,2026-09-02,basic,200,ok,1788447996
f3015dc9a03728bfe079230032853566,2026-09-02,basic,200,ok,1788447997
b174ae08ca7591d562a69eb6326ef5d1,2026-09-02,basic,200,ok,1788447997
e1c8f1661857006e4244bd755825b4dc,2026-09-02,basic,200,ok,1788447998
69b29dcc524b4e8c8ee3b96690cc2055efe8d04e6d233bd35cf2fabdeb93fb0d,2026-09-02,basic,200,ok,1788447999
9b48dea7bdfe091f9bdde37e51867ddb,2026-09-02,basic,200,ok,1788447999
dc64314e55168de8e9ab990fe7d32d18efe8d04e6d233bd35cf2fabdeb93fb0d,2026-09-02,basic,200,ok,1788448000
570ccc00fecc100a33edee9eb0f6c58a,2026-09-02,basic,200,ok,1788448000
4b8da0e3b90b8ab5930a353a6a8061f1c47ea5ffea2564f587ca830a8f71acb2,2026-09-02,basic,200,ok,1788448001
fedfa20b03802fdd55c7b72cfe7ac559,2026-09-02,basic,200,ok,1788448001
6a0d8aa45cba8a9a74dfb1cff27e5ce5,2026-09-02,basic,200,ok,1788448002
0e62f9864e0b18394c28256438c47a5b,2026-09-02,basic,200,ok,1788448002
cd5bc7045e1d85f53548ec9fcacce98c,2026-09-02,basic,200,ok,1788448003
55182b4201dea08701cae20661addf80,2026-09-02,basic,200,ok,1788448003
ad2e6be54305807b5943c54aa2b1aa97efe8d04e6d233bd35cf2fabdeb93fb0d,2026-09-02,basic,200,ok,1788448004
3632d1f5628c1f9e1222b955a1943d54,2026-09-02,basic,200,ok,1788448004
241b58382aa97d7665680fcd8c1cb993,2026-09-02,basic,200,ok,1788448005
1cf483634215acc0bcb27953517ae34b,2026-09-02,basic,200,ok,1788448006
3b9a649e57df462ea79a92feaa870c6aefe8d04e6d233bd35cf2fabdeb93fb0d,2026-09-02,basic,200,ok,1788448006
3bbb31798d41654e89c5524b007c77fb,2026-09-02,basic,200,ok,1788448007
8dd48d6f409dbbc6bf544c64d9bbf521efe8d04e6d233bd35cf2fabdeb93fb0d,2026-09-02,basic,200,ok,1788448007
b5ce5a289a3a4755cb2a5a22f7a4214eefe8d04e6d233bd35cf2fabdeb93fb0d,2026-09-02,basic,200,ok,1788448008
39b637bdd38e55ee8d15c179985cd319,2026-09-02,basic,200,ok,1788480967
280005ec19d01f4a06b2bb8a8a0b2b96,2026-09-02,basic,200,ok,1788480967
d3c7cc11a63d4c0a3717fd24b1c08dc7efe8d04e6d233bd35cf2fabdeb93fb0d,2026-09-02,basic,200,ok,1788480968
322e0c545d3eb91bf7f939b35dfc184befe8d04e6d233bd35cf2fabdeb93fb0d,2026-09-02,basic,200,ok,1788480968
8b090fbdceacf97077b6678ed8100ec7,2026-09-02,basic,200,ok,1788480969
0c99b7e9b37bdcb557a3e4361ea56708efe8d04e6d233bd35cf2fabdeb93fb0d,2026-09-02,basic,200,ok,1788480970
5b7afbb5313a8b9f84e70f0eb229d18d,2026-09-02,basic,200,ok,1788480970
709d6926130a74558315133ec7ab321d,2026-09-02,basic,200,ok,1788480971
a84862a8a9620cd3d921d84cb4274449,2026-09-02,basic,200,ok,1788480971
c9c1ad087e126782e3020792c7e0902f,2026-09-02,basic,200,ok,1788480972
da4018f60cec64d9e61da0f65b543132,2026-09-02,basic,200,ok,1788480972
9d2d16fa2f98350b0ea99bd3abb2a615efe8d04e6d233bd35cf2fabdeb93fb0d,2026-09-02,basic,200,ok,1788480973
889afe1cda281a63a7146078a8ceb9d5,2026-09-02,basic,200,ok,1788480974
a061be6603cf6d1a99c6949b57356ddb,2026-09-02,basic,200,ok,1788480974
6aa175852e53cf84803c974eee2b8dfcefe8d04e6d233bd35cf2fabdeb93fb0d,2026-09-02,basic,200,ok,1788480975
c89c38becb1565d489bced60c2d9fb84,2026-09-02,basic,200,ok,1788480975
9b60a85137c2f44284697ed77742d8a2,2026-09-02,basic,200,ok,1788480976
58fe1e8e011f0fb10b7e7ce62cb39fffefe8d04e6d233bd35cf2fabdeb93fb0d,2026-09-02,basic,200,ok,1788480976
36a515fd7b3c74d542a7d51e7c1a0f41fd842dab14be2a956555625b37c97bff,2026-09-02,basic,200,ok,1788480977
162a9b0959583628786b0f3ebe2f7f2eefe8d04e6d233bd35cf2fabdeb93fb0d,2026-09-02,basic,200,ok,1788480978
b1b9017e2452ecaf2eb4fcfa39187370efe8d04e6d233bd35cf2fabdeb93fb0d,2026-09-02,basic,200,ok,1788480978
f5122e2e0b33e72f50a43376cdfdb3aa,2026-09-02,basic,200,ok,1788480979
7be0208f1e3f0ccdd28ff55bfb4303daefe8d04e6d233bd35cf2fabdeb93fb0d,2026-09-02,basic,200,ok,1788480979
efed4bdca099185b6fb399e8e64464f8,2026-09-02,basic,200,ok,1788480980
452a558d69a0f1a329976fcaa78350bf3663933da92e7566c55104ec9ac2894d,2026-09-02,basic,200,ok,1788480980
24deb8e3770b1886ffe8733d53f1157c,2026-09-02,basic,200,ok,1788480981
04144accf5ac266f535c062711cb0b92,2026-09-02,basic,200,ok,1788480981
c6f3d2592069d20c8d412efe71170b9fefe8d04e6d233bd35cf2fabdeb93fb0d,2026-09-02,basic,200,ok,1788480982
8dd2251732512d3429e5a12d8b6641163663933da92e7566c55104ec9ac2894d,2026-09-02,basic,200,ok,1788480982
39c27b36fbf58829fe724538fc47b7fa,2026-09-02,basic,200,ok,1788480983
59d7701e9b3862c5b298083b14799014,2026-09-02,basic,200,ok,1788480984
1ac56710317c491493bb4d6eed687563efe8d04e6d233bd35cf2fabdeb93fb0d,2026-09-02,basic,200,ok,1788480984
2326408a7bf304107549525fa2d3996fefe8d04e6d233bd35cf2fabdeb93fb0d,2026-09-02,basic,200,ok,1788480985
40dc677586827537bb337522d4d02c30,2026-09-02,basic,200,ok,1788480985
96d038080bd65ece45d659d0b735923a,2026-09-02,basic,200,ok,1788480986
1265116b0f0aaf2729150cc06622438e,2026-09-02,basic,200,ok,1788480987
9bfa151ffc8956e229f7760b44893598,2026-09-02,basic,200,ok,1788480987
7504fac46361f52f18230584690c3440,2026-09-02,basic,200,ok,1788480988
737d90d6a4770b9cea23294df3a44f65,2026-09-02,basic,200,ok,1788480988
3ae9f88945dbbf8cb3fd6321a6d37118,2026-09-02,basic,200,ok,1788480989
209eefc640e7feb939b8dfe8970011b2,2026-09-02,basic,200,ok,1788480989
fbc69fa93142b8036071dfc465d30357,2026-09-02,basic,200,ok,1788480990
f9f77def0d9d14b974e426e3e6e92d263663933da92e7566c55104ec9ac2894d,2026-09-02,basic,200,ok,1788480990
eafabc2429f0ab57b973331e94f9b342,2026-09-02,basic,200,ok,1788480991
b2cc916d9ee5d3eec2d8b07beaaa03f8,2026-09-02,basic,200,ok,1788480991
e4b57e5c994d3fc2636b8dbb80305f42efe8d04e6d233bd35cf2fabdeb93fb0d,2026-09-02,basic,200,ok,1788480992
e6073fa414709d2f2216bcbe21a1efbe,2026-09-02,basic,200,ok,1788480992
865173c6694a10e4498571ebd3027847,2026-09-02,basic,200,ok,1788480993
9571870c7ab6da06db11cabb2131cb75,2026-09-02,basic,200,ok,1788480994
d285619b019584125f4b431cadc715f8,2026-09-02,basic,200,ok,1788480994
6ea1a4d9f78c78465d1429c9dd49c26886e68d4012202d0434d05f81868f68e3,2026-09-02,basic,200,ok,1788480995
b0d2c3ff36cddbd5900eb7e5c51e37ab,2026-09-02,basic,200,ok,1788480995
62127b31dd8c77185c7c473ee07a75a9efe8d04e6d233bd35cf2fabdeb93fb0d,2026-09-02,basic,200,ok,1788480996
7c497043946b8a2100c2ac2aa93b8f4e,2026-09-02,basic,200,ok,1788480996
4101e2339fbcfbe21d87052ac5895402efe8d04e6d233bd35cf2fabdeb93fb0d,2026-09-02,basic,200,ok,1788480997
ec6513dabf56669ff0bab1bed1c5bc4d,2026-09-02,basic,200,ok,1788480998
d8e70ca24be9c6d4f58f71f509e83eb1efe8d04e6d233bd35cf2fabdeb93fb0d,2026-09-02,basic,200,ok,1788480998
c4f1e22de0024667114ed7cef0054441efe8d04e6d233bd35cf2fabdeb93fb0d,2026-09-02,basic,200,ok,1788480999
c2ba9a9bb47e8776228dbcd636039bd0efe8d04e6d233bd35cf2fabdeb93fb0d,2026-09-02,basic,200,ok,1788480999
ccc8a066278aec1ee31532569c7efad6,2026-09-02,basic,200,ok,1788481000
4ccd881a67b9074928707cf8f5a2263e,2026-09-02,basic,200,ok,1788481000
422eb18afbdc1e3d39ca824d64886b68,2026-09-02,basic,200,ok,1788481001
5eb910b6cc8e32223d5ab5ead034df12,2026-09-02,basic,200,ok,1788481001
10e083e0d082aa37ff694ad07a8de83eefe8d04e6d233bd35cf2fabdeb93fb0d,2026-09-02,basic,200,ok,1788481002
9857c406022684cdab05dbb7e534fd9b,2026-09-02,basic,200,ok,1788481002
bb4e71331c91ac604c5543f2791ba94befe8d04e6d233bd35cf2fabdeb93fb0d,2026-09-02,basic,200,ok,1788481003
20708fcbff7a4ea3d1abc4b033edf451,2026-09-02,basic,200,ok,1788481004
5b8085061bc79ef5e294574f36148913,2026-09-02,basic,200,ok,1788481004
282c0b3c7c0be0a50df792fb272d95e4efe8d04e6d233bd35cf2fabdeb93fb0d,2026-09-02,basic,200,ok,1788481005
34d2b1678756b21d77dc8ad4e8623f9a,2026-09-02,basic,200,ok,1788481005
7018404a05eb7e299c808ab7c9fefd3b,2026-09-02,basic,200,ok,1788481006
22997fd66675e6301529a0933aafd70f,2026-09-02,basic,200,ok,1788481006
0672cc201b26f19d08a4e0338eb2f18d,2026-09-02,basic,200,ok,1788481007
0aebbbdc499d652568e41bfe687796eeefe8d04e6d233bd35cf2fabdeb93fb0d,2026-09-02,basic,200,ok,1788481007
9fa69cb2f4fab3cb2f24e7698b77b553,2026-09-02,basic,200,ok,1788481008
c0513258d756d8558d46989f9d04c096,2026-09-02,basic,200,ok,1788481009
796b8c249be4a695b237f05e61ff374e,2026-09-02,basic,200,ok,1788481009
aae100913d3ab2aa235bb1b243fcf107,2026-09-02,basic,200,ok,1788481010
21ba76aa05e27b7311300b0a8599a307,2026-09-02,basic,200,ok,1788481010
4d28ef5aa007eeb2991507f03a3c9f36,2026-09-02,basic,200,ok,1788481011
dfde2d809b4096b7b047f0c1960d7421,2026-09-02,basic,200,ok,1788481012
0307b022bfc7e0b7949ce27c54a78273,2026-09-02,basic,200,ok,1788481012
7b4308216f348851a2059928c938b835efe8d04e6d233bd35cf2fabdeb93fb0d,2026-09-02,basic,200,ok,1788481013
fe44d17af9e06a9410f047657232139a,2026-09-02,basic,200,ok,1788481013
f13c3c02550fc375b7ab8f3aad57dfb086e68d4012202d0434d05f81868f68e3,2026-09-02,basic,200,ok,1788481014
99a8b13961e27dcf1ada995bb52736abefe8d04e6d233bd35cf2fabdeb93fb0d,2026-09-02,basic,200,ok,1788481014
8c189af32f40b3c77a7671558119632f,2026-09-02,basic,200,ok,1788481015
c894b11e914c7a9996efb2d5e8f8f2e3,2026-09-02,basic,200,ok,1788481016
a7bf2099e0c75d5298040be62d0bcf2defe8d04e6d233bd35cf2fabdeb93fb0d,2026-09-02,basic,200,ok,1788481016
3632fdd27413f5bdd8bfd2040ce39d69efe8d04e6d233bd35cf2fabdeb93fb0d,2026-09-02,basic,200,ok,1788481017
08532845c163eea72c7b22185003330c,2026-09-02,basic,200,ok,1788481017
dd910610792ccdd733edc423231e225e,2026-09-02,basic,200,ok,1788481018
cf66fac7a8a6f6794417a0c8ca91df19,2026-09-02,basic,200,ok,1788481018
7a5798fdb7599656a2288b15b99957fb,2026-09-02,basic,200,ok,1788481019
ed2ed5957373b827994c226a4f2710c0,2026-09-02,basic,200,ok,1788481019
01aa3f3b2af981119495cde0d6aa0662,2026-09-02,basic,200,ok,1788481020
cac4a0888fadb3f23e6c85bf48178202,2026-09-02,basic,200,ok,1788481020
240d0481f2864e14c1e544ece2af2788efe8d04e6d233bd35cf2fabdeb93fb0d,2026-09-02,basic,200,ok,1788481021
362ea360f5f553a57ee311ad27258c28,2026-09-02,basic,200,ok,1788481022
430ea348a27d9ae174803c5f60e024ebefe8d04e6d233bd35cf2fabdeb93fb0d,2026-09-02,basic,200,ok,1788481022
f48df7a6108f689e82d399487a2b58e7,2026-09-02,basic,200,ok,1788481023
0273dd4cf6a680f84a5dc6b5216fa6e1efe8d04e6d233bd35cf2fabdeb93fb0d,2026-09-02,basic,200,ok,1788481023
bc89b173f4d25e3709b9365bd4bd96b4efe8d04e6d233bd35cf2fabdeb93fb0d,2026-09-02,basic,200,ok,1788481024
cbccd9d0dc57a582ccf81c409461b975efe8d04e6d233bd35cf2fabdeb93fb0d,2026-09-02,basic,200,ok,1788481024
c77fe41e5707841508f47c86e1bed079,2026-09-02,basic,200,ok,1788481025
9b3d848121384234f00838b74ca8c47b,2026-09-02,basic,200,ok,1788481025
75d1ab9ab64474fceb1c97ad84da436defe8d04e6d233bd35cf2fabdeb93fb0d,2026-09-02,basic,200,ok,1788481026
6821af4818fe446f83f0b013cb202eca6fbb98200a15be5bcc73a64995849e9c,2026-09-02,basic,200,ok,1788481027
454b382a78903c9eb796232986fa60a2efe8d04e6d233bd35cf2fabdeb93fb0d,2026-09-02,basic,200,ok,1788481027
f27443bc659d451340df33a884a26d7c,2026-09-02,basic,200,ok,1788481028
96bda04cfffa2c9aee37f8a07abd829defe8d04e6d233bd35cf2fabdeb93fb0d,2026-09-02,basic,200,ok,1788481028
94565b2cb63914cb6e6c14f890dba3a6,2026-09-02,basic,200,ok,1788481029
f9af00fd9dcd92746048f65dedb064f0a2186d8e7cf7a6ee152d97cc78f2ae8b,2026-09-02,basic,200,ok,1788481029
a7bc11fed0e07ceb652a2f1148e932ffefe8d04e6d233bd35cf2fabdeb93fb0d,2026-09-02,basic,200,ok,1788481030
679aaa2de3ebd2ced4daaadf98a72308e85e07f9d5d276f44440847eec04ba68,2026-09-02,basic,200,ok,1788481030
25d0574234c030d0da28044411914c72efe8d04e6d233bd35cf2fabdeb93fb0d,2026-09-02,basic,200,ok,1788481031
01808797056bcefa5f67744c04d8301b,2026-09-02,basic,200,ok,1788481031
3468e663acfde210e29111626dc0916e,2026-09-02,basic,200,ok,1788481032
e159db7a13d77b1f596ed8e07832c6f2,2026-09-02,basic,200,ok,1788481033
891f76e88e311a5fa2e60e60a5122177,2026-09-02,basic,200,ok,1788481033
5b057c6a659f43da8f0ff9a81dac8aaa,2026-09-02,basic,200,ok,1788481034
c7180f670f63d98e02131e8dd5153a4f,2026-09-02,basic,200,ok,1788481034
d821168c54554f49655aec0b3766c96d,2026-09-02,basic,200,ok,1788481035
653c51050b6d0681052feffa328bb1d9,2026-09-02,basic,200,ok,1788481035
1746ed5b20448d9823de7babe2981932,2026-09-02,basic,200,ok,1788481036
5d41b61917e457cd3bf9a140ea1bd22f,2026-09-02,basic,200,ok,1788481037
a61daf7d033683eda9b8ab1973a816aeefe8d04e6d233bd35cf2fabdeb93fb0d,2026-09-02,basic,200,ok,1788481037
ebdc327a992b15ffee48a92c1d22b2f2efe8d04e6d233bd35cf2fabdeb93fb0d,2026-09-02,basic,200,ok,1788481038
68748808066a5388a8dd864dfc79c150,2026-09-02,basic,200,ok,1788481038
9635615e918405eaa58e33b136283d6d,2026-09-02,basic,200,ok,1788481039
ca69c4fad31ee3666141e8c25971a9224723574b05820acf03e7ec3162ff5bed,2026-09-02,basic,200,ok,1788481039
4011a48ac86b889dadd9f405485ea6f3,2026-09-02,basic,200,ok,1788481040
fe6b2f103ed61813e5b5a3a5bd7004e0,2026-09-02,basic,200,ok,1788481041
db3cade0511875435786133c6e2304b2,2026-09-02,basic,200,ok,1788481041
7bc9a81f9a29439bf437e87f04c29750,2026-09-02,basic,200,ok,1788481042
55f9f718a4371685d0a13a4ff00b4397c47ea5ffea2564f587ca830a8f71acb2,2026-09-02,basic,200,ok,1788481042
d7c2366f7839e3588168bcf1ed5186c4,2026-09-02,basic,200,ok,1788481043
916ab54c41cd96169fe92e5ca191a423efe8d04e6d233bd35cf2fabdeb93fb0d,2026-09-02,basic,200,ok,1788481043
efdb5234a95ce07f06962b18a8c1f4ed,2026-09-02,basic,200,ok,1788481044
161dd725531ea72e4bdced7e50581b78efe8d04e6d233bd35cf2fabdeb93fb0d,2026-09-02,basic,200,ok,1788481045
855c0acf405d5417cd0d44b11fa775f6,2026-09-02,basic,200,ok,1788481045
a0c848e72c0b0ffaaee09ebf0c431b50,2026-09-02,basic,200,ok,1788481046
e38b9f3a713f6293377bdba0fa7ab9ce,2026-09-02,basic,200,ok,1788481046
998262326426f542cf4c0f63cc6723e6,2026-09-02,basic,200,ok,1788481047
1771fdb27774e1e17c6ca6aa1338d485,2026-09-02,basic,200,ok,1788481047
bb50d531278bfa01dd4a28b54c426be1aae77432709819edb959e1fd5d1d77b4,2026-09-02,basic,200,ok,1788481048
848ecdbf9bf9398dc4528da0de455bf7efe8d04e6d233bd35cf2fabdeb93fb0d,2026-09-02,basic,200,ok,1788481048
44548a5642c0d5bc6180b576b5bc2ff7aae77432709819edb959e1fd5d1d77b4,2026-09-02,basic,200,ok,1788481049
f97641adc98e2d4d44bf998ed4c3a9b2,2026-09-02,basic,200,ok,1788481050
fb36278a8ffaebcb1b7532065e950064efe8d04e6d233bd35cf2fabdeb93fb0d,2026-09-02,basic,200,ok,1788481050
56e90823eb2303a44ff7600225e49fe8,2026-09-02,basic,200,ok,1788481051
680adcb996a46a5e066515818a07d82d,2026-09-02,basic,200,ok,1788481051
f8ffbbcd39db3d1c8ca17e0beeac48bf,2026-09-02,basic,200,ok,1788481052
43f924417d96951dd1dba6a4b3f8b154efe8d04e6d233bd35cf2fabdeb93fb0d,2026-09-02,basic,200,ok,1788481052
ed984cfd7d36f61cc5b075643ea949e4,2026-09-02,basic,200,ok,1788481053
299306f6f504427314c608927700096c,2026-09-02,basic,200,ok,1788481053
b9a327f97edad30730af7ef5f2abcfa4,2026-09-02,basic,200,ok,1788481054
e57948d1c62a73d31471851e0ae6b9d3,2026-09-02,basic,200,ok,1788481055
49a3ec13d0edde5d7366f7a0ce25c012efe8d04e6d233bd35cf2fabdeb93fb0d,2026-09-02,basic,200,ok,1788481055
3c84a89441d019859ba6d1c2783bf154,2026-09-02,basic,200,ok,1788481056
ee5bd84785bd0d680621bd5bada2e4c2,2026-09-02,basic,200,ok,1788481056
0d06763a280868594c10f1639a0c2b7d,2026-09-02,basic,200,ok,1788481057
aec5596821494d9635f9d755b7e077c8fd842dab14be2a956555625b37c97bff,2026-09-02,basic,200,ok,1788481057
19ec416d3dca3f93cf2e748e76b1afdf,2026-09-02,basic,200,ok,1788481058
2c9aea595bb947f82ecf3cbb6694efd9,2026-09-02,basic,200,ok,1788481058
64fb03fa2e7a517b715c975c59d7c798,2026-09-02,basic,200,ok,1788481059
8b4c5f28028987048db20644c874baaf86e68d4012202d0434d05f81868f68e3,2026-09-02,basic,200,ok,1788481060
57d9dea80c316bfbd60bfe014ad92fcb,2026-09-02,basic,200,ok,1788481060
5327d7d5d000f3b321e26e0034244a73efe8d04e6d233bd35cf2fabdeb93fb0d,2026-09-02,basic,200,ok,1788481061
2b456b75873c37d6318e6606be020183,2026-09-02,basic,200,ok,1788481061
28d97f8c4b9f673d366ec5776e874901,2026-09-02,basic,200,ok,1788481062
71cb159790a35c023942c5e593ce97bfefe8d04e6d233bd35cf2fabdeb93fb0d,2026-09-02,basic,200,ok,1788481062
906beefdefdb6d78470d8d681faeb4d1efe8d04e6d233bd35cf2fabdeb93fb0d,2026-09-02,basic,200,ok,1788481063
5fb5297da92555ff8c151ca8ac2cfc70,2026-09-02,basic,200,ok,1788481063
2494a40a621577184f93bdd4d6d7c0a6,2026-09-02,basic,200,ok,1788481064
32b5cc2614e75c737d2f17c1150fbabeefe8d04e6d233bd35cf2fabdeb93fb0d,2026-09-02,basic,200,ok,1788481064
0c36dee223307dc9c26786441a81ccbb,2026-09-02,basic,200,ok,1788481065
9b18d285e0317f1368e8e9b4218d10c3,2026-09-02,basic,200,ok,1788481065
e26d049a0e6ea4b1e5e7b7717ee316d0,2026-09-02,basic,200,ok,1788481066
36098dff39ec064c391ce7b1fc5f0361,2026-09-02,basic,200,ok,1788481067
2eb44bb805a9231b95e48eb01006d50b,2026-09-02,basic,200,ok,1788481067
94dd98bfb473abd4f7d95b695400195a,2026-09-02,basic,200,ok,1788481068
92acb0a86468daa7f38dc72ed792b5a2efe8d04e6d233bd35cf2fabdeb93fb0d,2026-09-02,basic,200,ok,1788481068
a307f0e1794fb34edaa52da9339fcf75,2026-09-02,basic,200,ok,1788481069
b00b39efb0ef2535cce093c84672d97a,2026-09-02,basic,200,ok,1788481069
dd2aaafd5b46e1a3dd697d6fe77470c9efe8d04e6d233bd35cf2fabdeb93fb0d,2026-09-02,basic,200,ok,1788481070
58b5591c6e6f4ad815c5f58c1a103a5defe8d04e6d233bd35cf2fabdeb93fb0d,2026-09-02,basic,200,ok,1788481071
0ed9f8e372da57185e387f92fcaa68bdefe8d04e6d233bd35cf2fabdeb93fb0d,2026-09-02,basic,200,ok,1788481071
8e36ae1bfeda82d70cc0cf18dc57812a4723574b05820acf03e7ec3162ff5bed,2026-09-02,basic,200,ok,1788481072
5d045df084da5361da271a114504ef02,2026-09-02,basic,200,ok,1788481072
03ef361296479abf252f016d0855af518295750b1f4857867454debc45ec9c8a,2026-09-02,basic,200,ok,1788481073
cb79ede2f712fb7aed10eac32171fbbb,2026-09-02,basic,200,ok,1788481073
8c1738fcbd068f3c3af1debe5035d828,2026-09-02,basic,200,ok,1788481074
fddacd3893f7fa6f53d67f1321a90567,2026-09-02,basic,200,ok,1788481074
3eeb47450570af3da84ec5e1de55b2bb,2026-09-02,basic,200,ok,1788481075
089928e253555ac1bd7501a0dc6060ef,2026-09-02,basic,200,ok,1788481075
51908c2cfdcc6c012588d6dbcaaed1d93663933da92e7566c55104ec9ac2894d,2026-09-02,basic,200,ok,1788481076
45ec9920a813bc7987cf18f9e42364b3efe8d04e6d233bd35cf2fabdeb93fb0d,2026-09-02,basic,200,ok,1788481076
26e50dd53aa27e067c05d77e778b0a7d,2026-09-02,basic,200,ok,1788481077
7723bb5480b0db7120754af1e05d3cc9,2026-09-02,basic,200,ok,1788481078
14c5f43fdcf769658c1d4aabdaf8a41defe8d04e6d233bd35cf2fabdeb93fb0d,2026-09-02,basic,200,ok,1788481078
fd049be79b0c1eecbd5e5d539032a4bdefe8d04e6d233bd35cf2fabdeb93fb0d,2026-09-02,basic,200,ok,1788481079
3d6a5b10cf24574c193aa6397f595e62,2026-09-02,basic,200,ok,1788481079
afae287d9cd5d818d011b7042e088582efe8d04e6d233bd35cf2fabdeb93fb0d,2026-09-02,basic,200,ok,1788481080
eeaaa16e2c82dc238a49ac890cb5a072,2026-09-02,basic,200,ok,1788481080
a4bb192104f948b51620a33dae310581efe8d04e6d233bd35cf2fabdeb93fb0d,2026-09-02,basic,200,ok,1788481081
7c7755ca997a441de0c70264602ddb64,2026-09-02,basic,200,ok,1788481081
73e2f391f7159099c2987f271ec6a9b2,2026-09-02,basic,200,ok,1788481082
bfbdb791d9cdf485de94cb2c27cd9737efe8d04e6d233bd35cf2fabdeb93fb0d,2026-09-02,basic,200,ok,1788481083
00c4f4003c6fb0aa984aed79087eb704,2026-09-02,basic,200,ok,1788481083
f8c2f91ce554eef177b0b9f92fced182,2026-09-02,basic,200,ok,1788481084
ccaccb8b6e120d5d8ea36cc615032cf3efe8d04e6d233bd35cf2fabdeb93fb0d,2026-09-02,basic,200,ok,1788481084
35743c3e206ce25227591eeafea1160e,2026-09-02,basic,200,ok,1788481085
425faf553e5a486ca1ad42221af91b95efe8d04e6d233bd35cf2fabdeb93fb0d,2026-09-02,basic,200,ok,1788481086
71436fb1131c46acbed3be2b6525b6ddefe8d04e6d233bd35cf2fabdeb93fb0d,2026-09-02,basic,200,ok,1788481086
ade90f304f921530d11e141d129d83ec,2026-09-02,basic,200,ok,1788481087
85055c99bbc84d973ad532928c0c265e,2026-09-02,basic,200,ok,1788481087
da068fb8f2cf155df12515fd5787510defe8d04e6d233bd35cf2fabdeb93fb0d,2026-09-02,basic,200,ok,1788481088
12e0c83a92e607c8d73ab1844804a251,2026-09-02,basic,200,ok,1788481088
1740d10cf27e6e30d1d00a031f1cdd34,2026-09-02,basic,400,http_400,1788481089
1de8fbb4a01df7b5ca8c1f3c37b868f8,2026-09-02,basic,200,ok,1788481089
8b71dd1400bc409bd0abec4527f3b722,2026-09-02,basic,200,ok,1788481090
49f9283319a7676ec368bc35c0b8ee548295750b1f4857867454debc45ec9c8a,2026-09-02,basic,200,ok,1788481090
d5dcff409fc41425b1cf4dfc2c4c9417efe8d04e6d233bd35cf2fabdeb93fb0d,2026-09-02,basic,200,ok,1788481091
c2b28408934d7d9112f87b38d72810c9,2026-09-02,basic,200,ok,1788481092
6cd1e515153d2376c93e2de026aca476,2026-09-02,basic,200,ok,1788481092
7c9ca7245a6c7efca6dcdd10dec528a8,2026-09-02,basic,200,ok,1788481093
f05a56428392b6e3b6dd7f243f3c798c,2026-09-02,basic,200,ok,1788481093
19d99cb003fb3c126dd4fff2f32d0ad7efe8d04e6d233bd35cf2fabdeb93fb0d,2026-09-02,basic,200,ok,1788481094
34745b7ff97be26ce4d62a403256df22efe8d04e6d233bd35cf2fabdeb93fb0d,2026-09-02,basic,200,ok,1788481094
01ecc3fb806a7d506305bf9f32648fb3,2026-09-02,basic,200,ok,1788481095
2f288651db5906674ce2fc181b4cde1d,2026-09-02,basic,200,ok,1788481095
35cd5730fbeedd7ade7a6fc36a6888daefe8d04e6d233bd35cf2fabdeb93fb0d,2026-09-02,basic,200,ok,1788481096
1b47aa75e9ad84cc38dd090eec82efdb,2026-09-02,basic,200,ok,1788481096
76115e8cbbe074ce10c466efab8f578986e68d4012202d0434d05f81868f68e3,2026-09-02,basic,200,ok,1788481097
fa39a2e4380717410f37ef5b714cbfdeefe8d04e6d233bd35cf2fabdeb93fb0d,2026-09-02,basic,200,ok,1788481098
6b3bc9cea0699bb23c40989110dda9dcefe8d04e6d233bd35cf2fabdeb93fb0d,2026-09-02,basic,200,ok,1788481098
ec14b666a4b3b163fec6b8489ea0a674,2026-09-02,basic,200,ok,1788481099
931d2662683b6f9a4a8ee3a65c8e5826,2026-09-02,basic,200,ok,1788481099
e19463c425cad7da90221addb69721a73663933da92e7566c55104ec9ac2894d,2026-09-02,basic,200,ok,1788481100
f1a4803f68d6c7a27c27ecc06a613955efe8d04e6d233bd35cf2fabdeb93fb0d,2026-09-02,basic,200,ok,1788481100
98e3f32eff41486ad6de8bb504f33016,2026-09-02,basic,200,ok,1788481101
9a237b54374ff6edd945ff6de9d2bd60,2026-09-02,basic,200,ok,1788481101
1f90699019ce76c8d03973dcba1a0ab9,2026-09-02,basic,200,ok,1788481102
e9737e817f677d0596549b194c6c887fefe8d04e6d233bd35cf2fabdeb93fb0d,2026-09-02,basic,200,ok,1788481103
0c094a88d5308b53f9513616a6bb1cac,2026-09-02,basic,200,ok,1788481103
2c41025af72be7950e0c8e9e38c1dee6,2026-09-02,basic,200,ok,1788481104
f66b5821916e6da7b0c935db592f3487,2026-09-02,basic,200,ok,1788481105
276cf75a803003f6413fe9a059723566efe8d04e6d233bd35cf2fabdeb93fb0d,2026-09-02,basic,200,ok,1788481105
4f3b4b39c8ddd327b3b8a2b1e95eddde,2026-09-02,basic,200,ok,1788481106
e6a5cf1b0cc81316caa727fe422eb064efe8d04e6d233bd35cf2fabdeb93fb0d,2026-09-02,basic,200,ok,1788481107
968dcddc5d86513a350aab8d4d9140a4,2026-09-02,basic,200,ok,1788481107
c7d3662bebe6d8ec9daee8d1bd9543f9,2026-09-02,basic,200,ok,1788481108
dc443be24282d000511ddf124fa953ee,2026-09-02,basic,200,ok,1788481108
035b62b0ee57044e98572785cd3c4e74,2026-09-02,basic,200,ok,1788481109
6ee7904e10f99a6dbe7181f1313a36aae85e07f9d5d276f44440847eec04ba68,2026-09-02,basic,200,ok,1788481109
73b6762ea685299cceb8d785770e0f40,2026-09-02,basic,200,ok,1788481110
78279a3ff9e83c88ad292beec8f4ace2efe8d04e6d233bd35cf2fabdeb93fb0d,2026-09-02,basic,200,ok,1788481110
ec1af074a1418657891c2473f1586447,2026-09-02,basic,200,ok,1788481111
9f4cc7c9bc459a93e9b62d58436f0a07efe8d04e6d233bd35cf2fabdeb93fb0d,2026-09-02,basic,200,ok,1788481112
5ba1821568da89325981c6f0019701e8,2026-09-02,basic,200,ok,1788481112
20114dc08a25057f1344b89fada96b5c,2026-09-02,basic,200,ok,1788481113
46be0aeb3b816d1397e234d876ba6272,2026-09-02,basic,200,ok,1788481114
b90e7186b438694eb88842593be5dd63efe8d04e6d233bd35cf2fabdeb93fb0d,2026-09-02,basic,200,ok,1788481114
7264adbfb8f1f10d217b9cdea0036dd7efe8d04e6d233bd35cf2fabdeb93fb0d,2026-09-02,basic,200,ok,1788481115
39d6c04fd6be491bb625b9a813edbb8b,2026-09-02,basic,200,ok,1788481115
f31f4800461d503bd3ebfe979c3e6fa6,2026-09-02,basic,200,ok,1788481116
2c7b55465b4060cde305a1ef289b698befe8d04e6d233bd35cf2fabdeb93fb0d,2026-09-02,basic,200,ok,1788481116
f48d2514dd4023d7a163c70f92277fd8,2026-09-02,basic,200,ok,1788481117
17407aa11d3d2468cbaba396d80c3009c47ea5ffea2564f587ca830a8f71acb2,2026-09-02,basic,200,ok,1788481118
9e2f68e5cb73f579758e037ce040cb78,2026-09-02,basic,200,ok,1788481118
fcd3e605e8765abae77694b421c6b9156fbb98200a15be5bcc73a64995849e9c,2026-09-02,basic,200,ok,1788481119
4e56f66b5835028fb37686ab0c8c5d83,2026-09-02,basic,200,ok,1788481119
3d37a0a336997f9c9ffa327c0fe903e5,2026-09-02,basic,200,ok,1788481120
a1a3928a2359e7c190884629d1ec7e45,2026-09-02,basic,200,ok,1788481120
73d83a43b0ea19e4925346c058988b26,2026-09-02,basic,200,ok,1788481121
52c8d2bddbe31bc249d1cf2a25302a18,2026-09-02,basic,200,ok,1788481121
7292ed9ce45092ee0b6bf7abd4a5b2fe,2026-09-02,basic,200,ok,1788481122
68f6f08f2db0fdb966e3d6ff1582efe1,2026-09-02,basic,200,ok,1788481123
0ce5f0370e697be26f3f9b56a458df76,2026-09-02,basic,200,ok,1788481123
1fe75932ab6316da4035c3ef20f54ce786e68d4012202d0434d05f81868f68e3,2026-09-02,basic,200,ok,1788481124
4c7af6458adca6a71a8438d33c9d42aaefe8d04e6d233bd35cf2fabdeb93fb0d,2026-09-02,basic,200,ok,1788481124
2788a5ab49a709a51d2dcf42b2f7bede3663933da92e7566c55104ec9ac2894d,2026-09-02,basic,200,ok,1788481125
fd7d3dab3adc8a1ba330340e418d4978efe8d04e6d233bd35cf2fabdeb93fb0d,2026-09-02,basic,200,ok,1788481125
5fdc9225f9a5d4c9b8a9b1c34d52beebefe8d04e6d233bd35cf2fabdeb93fb0d,2026-09-02,basic,200,ok,1788481126
5d0c585c55050016b404c1a2f44be259efe8d04e6d233bd35cf2fabdeb93fb0d,2026-09-02,basic,200,ok,1788481126
eca00f7cad7fd5a70e499cf1e139010defe8d04e6d233bd35cf2fabdeb93fb0d,2026-09-02,basic,200,ok,1788481127
83123ad991de718d8389fb9363046140,2026-09-02,basic,200,ok,1788481128
2ff7c4b52828039a111d85ee800b1b53,2026-09-02,basic,200,ok,1788481128
a340605c918ec73da4494caaf0529ab0efe8d04e6d233bd35cf2fabdeb93fb0d,2026-09-02,basic,200,ok,1788481129
913c2a45be3959e40cd8ffece11fa0ecefe8d04e6d233bd35cf2fabdeb93fb0d,2026-09-02,basic,200,ok,1788481129
962049e1f1076111958854676542dfa4,2026-09-02,basic,200,ok,1788481130
01a9062276eae81b61db9574749fa14f,2026-09-02,basic,200,ok,1788481131
f948e3556aea6766588173d9e3612e6f,2026-09-02,basic,200,ok,1788481131
a4df162fe9de32e1344ca58478737716,2026-09-02,basic,200,ok,1788481132
a5a47e3c6d3418b88d1a4584b35a5a98,2026-09-02,basic,200,ok,1788481132
97bd0a2fb5986b87b029ef7e7edcec52efe8d04e6d233bd35cf2fabdeb93fb0d,2026-09-02,basic,200,ok,1788481133
fb0b512f48ff3e419016e3863822ea97efe8d04e6d233bd35cf2fabdeb93fb0d,2026-09-02,basic,200,ok,1788481133
cc0c1a86de67ed40d46c44e4cbca9959c47ea5ffea2564f587ca830a8f71acb2,2026-09-02,basic,200,ok,1788481134
64990f478b38d2be8978684908e2c19a,2026-09-02,basic,200,ok,1788481134
753535edaf421891982dde5abfeb1d4f8295750b1f4857867454debc45ec9c8a,2026-09-02,basic,200,ok,1788481135
25ed327ed43113c2366c6aabd06f5cae,2026-09-02,basic,200,ok,1788481135
805ed58fa24f956a37337016186a5f52efe8d04e6d233bd35cf2fabdeb93fb0d,2026-09-02,basic,200,ok,1788481136
0a0aea1aafb29b34584b6be844cb29e4efe8d04e6d233bd35cf2fabdeb93fb0d,2026-09-02,basic,200,ok,1788481136
1fb2029400969c0145d524208ffbcbe2,2026-09-02,basic,200,ok,1788481137
2e232d485836753cec57d0b76bce08f3,2026-09-02,basic,200,ok,1788481138
accab45d6729c4ddae6f0cefa9bc3d37efe8d04e6d233bd35cf2fabdeb93fb0d,2026-09-02,basic,200,ok,1788481138
761b3be0278221705a7471d0b1f9145b,2026-09-02,basic,200,ok,1788481139
f81a3b31334fd3b7eef0327ef5ebc7f1,2026-09-02,basic,200,ok,1788481139
5103fd5a5e561ede03df93d883dcec2d,2026-09-02,basic,200,ok,1788481140
a53ab12a216fe4337fe4ba92a95b91a8efe8d04e6d233bd35cf2fabdeb93fb0d,2026-09-02,basic,200,ok,1788481140
78e428db27a554c0141925a26623910e,2026-09-02,basic,200,ok,1788481141
e6edaa2feef4e15d350902d139b4d601,2026-09-02,basic,200,ok,1788481141
2702d81aacaa6db01ac8b751e7b19467,2026-09-02,basic,200,ok,1788481142
152b48e72916a0840bb94839b919a2d1,2026-09-02,basic,200,ok,1788481143
0655367342595b55005c3b3158923d0e,2026-09-02,basic,200,ok,1788481143
6ea4d16bdd8473d29f18ca2381723b48,2026-09-02,basic,200,ok,1788481144
510aeeafbbfca436f176f15450cb9ae5,2026-09-02,basic,200,ok,1788481144
7d010b8734965312cd0a4c224cdb0b7c,2026-09-02,basic,200,ok,1788481145
ed848164282bda01f9e2fc7ffc440ba4efe8d04e6d233bd35cf2fabdeb93fb0d,2026-09-02,basic,200,ok,1788481146
dd435ab7afe9c98fee5ed036b8782177,2026-09-02,basic,200,ok,1788481146
b6386bc3b9e3d3de273aaef02a08e967,2026-09-02,basic,200,ok,1788481147
f6c544631c36a78d58c5518d9c59178c,2026-09-02,basic,200,ok,1788481147
6200f324bea2cf91944db084079b5c8defe8d04e6d233bd35cf2fabdeb93fb0d,2026-09-02,basic,200,ok,1788481148
fc6712df371df494f0ac8758b3b558a1,2026-09-02,basic,200,ok,1788481148
8915d04a6b4d51c9ca34dc8369fb9d17efe8d04e6d233bd35cf2fabdeb93fb0d,2026-09-02,basic,200,ok,1788481149
7cdf24f9917c7484c588d6e5f8570695,2026-09-02,basic,200,ok,1788481150
d64d6a4ec16d606cd4a5eb8a42da3e78efe8d04e6d233bd35cf2fabdeb93fb0d,2026-09-02,basic,200,ok,1788481150
aabd99a8648dd8453ee515fbaa93b508,2026-09-02,basic,200,ok,1788481151
df14a27dafe56d2e899c597345fd1dafe85e07f9d5d276f44440847eec04ba68,2026-09-02,basic,200,ok,1788481151
3b911ea8a7eb1e81994d8ea57d99dcc1,2026-09-02,basic,200,ok,1788481152
ab8242ec7b203f69d1b6f543322c1208,2026-09-02,basic,200,ok,1788481152
a14c2ee695b0a0d88a65921cd0926525efe8d04e6d233bd35cf2fabdeb93fb0d,2026-09-02,basic,200,ok,1788481153
99e9cd84827cf1fff25681eb9c92021defe8d04e6d233bd35cf2fabdeb93fb0d,2026-09-02,basic,200,ok,1788481154
5de441c2df15fd7b268a7f0f2943919c,2026-09-02,basic,200,ok,1788481154
8643f1221388f11c98f824ec0bb4f351,2026-09-02,basic,200,ok,1788481155
3a5ff028204b34caa296e73f31c68604,2026-09-02,basic,200,ok,1788481155
9bdb9dbd303c0d710a0d1d2e198c3dd9,2026-09-02,basic,200,ok,1788481156
a17c5fb02a17f99a787f4a67426987d1efe8d04e6d233bd35cf2fabdeb93fb0d,2026-09-02,basic,200,ok,1788481156
34d9b59a32845212ff95b16f634ca0b3,2026-09-02,basic,200,ok,1788481157
aba231fdbe664aa914935b01fe006444,2026-09-02,basic,200,ok,1788481157
b3d449be6175a2b7ec6cd149841e01723663933da92e7566c55104ec9ac2894d,2026-09-02,basic,200,ok,1788481158
c61638b660fbc88a30311e9a9517428b,2026-09-02,basic,200,ok,1788481158
091855a7dfd79b94aa844026152a338e,2026-09-02,basic,200,ok,1788481159
a5e09d3e32d301b5d151d86c2f9cb032a2186d8e7cf7a6ee152d97cc78f2ae8b,2026-09-02,basic,200,ok,1788481159
1e1e40b746a26a64cc2305ee4531121c6fbb98200a15be5bcc73a64995849e9c,2026-09-02,basic,200,ok,1788481160
0de7137591919be1340225e9692351b3efe8d04e6d233bd35cf2fabdeb93fb0d,2026-09-02,basic,200,ok,1788481161
a15340dd6bd5480271d7e75186c2af26efe8d04e6d233bd35cf2fabdeb93fb0d,2026-09-02,basic,200,ok,1788481161
c1c49a705d3040d9acb1598f9893dea3efe8d04e6d233bd35cf2fabdeb93fb0d,2026-09-02,basic,400,http_400,1788481162
f1bbee611ce4a4611a8d8321b93ffdb36fbb98200a15be5bcc73a64995849e9c,2026-09-02,basic,200,ok,1788481162
aec74198047d3d7b39934731e4f7671aa2186d8e7cf7a6ee152d97cc78f2ae8b,2026-09-02,basic,200,ok,1788481163
70f358624c951f5d81c38c3aad3ac7cfefe8d04e6d233bd35cf2fabdeb93fb0d,2026-09-02,basic,200,ok,1788481163
9fb3f5327b45645740f86fe421ec5af4,2026-09-02,basic,200,ok,1788481164
25b73b77020a2ac225dacbb988571b73,2026-09-02,basic,200,ok,1788481164
4b03bce5bdfc258f8e803a3d30f9eaeb,2026-09-02,basic,200,ok,1788481165
305cfeffbf0e3cd3f77e03d3017accd3,2026-09-02,basic,200,ok,1788481166
913098f3ee94bf7cb125509b7abe54fd,2026-09-02,basic,200,ok,1788481166
50a2dd5879ee6ccccc8ecbb538df5dba,2026-09-02,basic,200,ok,1788481167
ef49b00e981b4afd45803558af97af55efe8d04e6d233bd35cf2fabdeb93fb0d,2026-09-02,basic,200,ok,1788481167
a8af60d840d0c0ad65d7c8c9d15115e6,2026-09-02,basic,200,ok,1788481168
60d56d3fa7c4a4713251eb4a0f43acf3,2026-09-02,basic,200,ok,1788481169
7fbae93326d95d96388e429ae0dc6609efe8d04e6d233bd35cf2fabdeb93fb0d,2026-09-02,basic,200,ok,1788481169
aaa4891062a4d3e3b2a89ad0782099e1,2026-09-02,basic,200,ok,1788481170
9480f51d72a72b8fc2fe8d2606c7c09e,2026-09-02,basic,200,ok,1788481171
4a3ec6fe8f52e92bb5b4b799dc4bcf95,2026-09-02,basic,200,ok,1788481171
d982921cbf77cde252039a47c8409b20efe8d04e6d233bd35cf2fabdeb93fb0d,2026-09-02,basic,200,ok,1788481172
e9846107fe71ed0edbac241f122a1037efe8d04e6d233bd35cf2fabdeb93fb0d,2026-09-02,basic,200,ok,1788481172
f38a15289a56cbeeffc09cd8883932ce,2026-09-02,basic,200,ok,1788481173
bb1e543e1523ca4aa31486b44292fcaaefe8d04e6d233bd35cf2fabdeb93fb0d,2026-09-02,basic,200,ok,1788481173
81ed6db79a3caa12e8f6854150b17cf08295750b1f4857867454debc45ec9c8a,2026-09-02,basic,200,ok,1788481174
651aaba0c2e75c8e6a068849558ff4d0efe8d04e6d233bd35cf2fabdeb93fb0d,2026-09-02,basic,200,ok,1788481175
ef0f2f68161fa1e4edb90339ac513530efe8d04e6d233bd35cf2fabdeb93fb0d,2026-09-02,basic,200,ok,1788481175
42a3870b8999c0537185ea6735549b26,2026-09-02,basic,200,ok,1788481176
7ac9b600108714d6339d989eef24593fefe8d04e6d233bd35cf2fabdeb93fb0d,2026-09-02,basic,200,ok,1788481176
2a066cf5931745500fab668f1e12383aefe8d04e6d233bd35cf2fabdeb93fb0d,2026-09-02,basic,200,ok,1788481177
b4686ffcbf16ec696d08bf16e42291d7,2026-09-02,basic,200,ok,1788481177
0962599d18234e97e4837a294a7d71b4efe8d04e6d233bd35cf2fabdeb93fb0d,2026-09-02,basic,200,ok,1788481178
1c425b3f599f37c860869bbe7d27befaefe8d04e6d233bd35cf2fabdeb93fb0d,2026-09-02,basic,200,ok,1788481179
6c7b65381e03295da533ff3700ab8d02,2026-09-02,basic,200,ok,1788481179
b287ab4d6de5c3fdf31b7208f3289220,2026-09-02,basic,200,ok,1788481180
5c1080befe430ca9a1b82f9b957aa61eefe8d04e6d233bd35cf2fabdeb93fb0d,2026-09-02,basic,200,ok,1788481180
7387135e644abecdd189b4057c90bf14,2026-09-02,basic,200,ok,1788481181
93ab9f37c605fe9061fee78dd4bac23e,2026-09-02,basic,200,ok,1788481181
b38ff0b54209bd4e76e4423de4f0600b,2026-09-02,basic,200,ok,1788481182
118420ab604c5a3212c1f83ad1661836,2026-09-02,basic,200,ok,1788481183
d31c37f72372a94b8e0731298e372a13,2026-09-02,basic,200,ok,1788481183
fbf04ecaaf084eff4854dbbb3a5da943efe8d04e6d233bd35cf2fabdeb93fb0d,2026-09-02,basic,200,ok,1788481184
5fb6fe832583c03ef08695d46a9227c0,2026-09-02,basic,200,ok,1788481184
af9b242384889254733f1716d63d850f,2026-09-02,basic,200,ok,1788481185
4dab399925006b4091680e20b181df85,2026-09-02,basic,200,ok,1788481186
a678e447939ae5a7347e5e9afe191095efe8d04e6d233bd35cf2fabdeb93fb0d,2026-09-02,basic,200,ok,1788481186
313e6abcc43d56084f4443a5f2c8d4dd,2026-09-02,basic,200,ok,1788481187
9b3652d2a786f97667977a2f19f69263efe8d04e6d233bd35cf2fabdeb93fb0d,2026-09-02,basic,200,ok,1788481187
c9d4990d54f1de87e4af7170c5c4e1fc,2026-09-02,basic,200,ok,1788481188
81b7a5605a1d5e89e468fe1400d822e7,2026-09-02,basic,200,ok,1788481188
305a43f7f2f016bc750e6b288559dd68,2026-09-02,basic,200,ok,1788481189
84ac820e6f0769bae7a8e77120fff981efe8d04e6d233bd35cf2fabdeb93fb0d,2026-09-02,basic,200,ok,1788481189
dd85ac2f31c3ec661b6a2d870285e191efe8d04e6d233bd35cf2fabdeb93fb0d,2026-09-02,basic,200,ok,1788481190
18a01982ba0d1011bef20f80a0fcf063efe8d04e6d233bd35cf2fabdeb93fb0d,2026-09-02,basic,200,ok,1788481191
ed61aa4ae28b1bcdf77ddf401115a42a,2026-09-02,basic,200,ok,1788481191
6d8820b0f451aa5b955fdc77c9d3cc3e,2026-09-02,basic,200,ok,1788481192
32a6fe68e487481f78dfceb1f1d707b7,2026-09-02,basic,200,ok,1788481192
e1d042cf6edc29c6818fa3c90378293e,2026-09-02,basic,200,ok,1788481193
bd16fcfd306cee235438ed40449347b3efe8d04e6d233bd35cf2fabdeb93fb0d,2026-09-02,basic,200,ok,1788481193
40628316b1c492bd5dd1387de1130400,2026-09-02,basic,200,ok,1788481194
53ce5c42cf548edb887bf17b5193cdef,2026-09-02,basic,200,ok,1788481195
f572330caaf6084712e7badc939358a3,2026-09-02,basic,200,ok,1788481195
edca5fb24f2301ecf896f4033b7f149b,2026-09-02,basic,200,ok,1788481196
740ac6e7aec65be19f83fa6aabd3bec5,2026-09-02,basic,200,ok,1788481196
0d20b2d1abeac016e9a157bca605567caae77432709819edb959e1fd5d1d77b4,2026-09-02,basic,200,ok,1788481197
7827226a05d15ad44eada95193fece41efe8d04e6d233bd35cf2fabdeb93fb0d,2026-09-02,basic,200,ok,1788481197
4f27dbdbf154c79e7a557ed0381ef336efe8d04e6d233bd35cf2fabdeb93fb0d,2026-09-02,basic,200,ok,1788481198
b637d1921a102e1a012694e179449cc5efe8d04e6d233bd35cf2fabdeb93fb0d,2026-09-02,basic,200,ok,1788481198
a68e4923a88cc84ea4991f842be83a34efe8d04e6d233bd35cf2fabdeb93fb0d,2026-09-02,basic,200,ok,1788481199
d7189aaf9d2f8745f5a18b748d88a336efe8d04e6d233bd35cf2fabdeb93fb0d,2026-09-02,basic,200,ok,1788481199
100c42aeb9726b84424079b52beffc8befe8d04e6d233bd35cf2fabdeb93fb0d,2026-09-02,basic,200,ok,1788481200
b4e6f053b4f84352282325d587deeff5efe8d04e6d233bd35cf2fabdeb93fb0d,2026-09-02,basic,200,ok,1788481201
3a0b909d35bbb0fdef5fe0c7a87e66be,2026-09-02,basic,200,ok,1788481201
2689769a9f68f82c36ecf0fd13c2ee74efe8d04e6d233bd35cf2fabdeb93fb0d,2026-09-02,basic,200,ok,1788481202
c5dd4b9d3a79a06bf9edc15a3dc2fbdb,2026-09-02,basic,200,ok,1788481202
84acdbff28774e5afa43441042ad1d71,2026-09-02,basic,200,ok,1788481203
8b9389a99c04f2d6e9a34efbe9af9372efe8d04e6d233bd35cf2fabdeb93fb0d,2026-09-02,basic,200,ok,1788481203
b904b992c2c0f4918969d2b0cb0ea2c1,2026-09-02,basic,200,ok,1788481204
506a2a1dd6413d201e155e3f424849cf,2026-09-02,basic,200,ok,1788481205
dbd158ccf92ff709820e4f88103aabf2efe8d04e6d233bd35cf2fabdeb93fb0d,2026-09-02,basic,200,ok,1788481205
bea07d9c88d0447eb9b2543dd49ed2a3,2026-09-02,basic,200,ok,1788481206
2b65d84f98371d352ee796634274a5e5e85e07f9d5d276f44440847eec04ba68,2026-09-02,basic,200,ok,1788481206
b0590614cc19990d169fd1e46ab83865,2026-09-02,basic,200,ok,1788481207
fa55206445bbafc88ab23bb92b5da0a0efe8d04e6d233bd35cf2fabdeb93fb0d,2026-09-02,basic,200,ok,1788481207
d0ad15ef68ae8d071839d13db145ce61,2026-09-02,basic,200,ok,1788481208
db118ac81a87e2b588d6fb6ba29c5780efe8d04e6d233bd35cf2fabdeb93fb0d,2026-09-02,basic,200,ok,1788481209
06ad73901fc50d4bef7c17b09468b1e7efe8d04e6d233bd35cf2fabdeb93fb0d,2026-09-02,basic,200,ok,1788481209
3c327e40dc649da8d6f015e2d33e7f464723574b05820acf03e7ec3162ff5bed,2026-09-02,basic,200,ok,1788481210
b589691edfc3bcd4053fce4a5fbc1c1d8295750b1f4857867454debc45ec9c8a,2026-09-02,basic,200,ok,1788481210
36e0e9412e52589137f36eacfc8d44dc,2026-09-02,basic,200,ok,1788481211
f9ab2713ac540e8ca708d108f236d047efe8d04e6d233bd35cf2fabdeb93fb0d,2026-09-02,basic,200,ok,1788481211
f531d86fb49d959304be18f9858acef3,2026-09-02,basic,200,ok,1788481212
12a9afa932aaeb46c827714e0baea222efe8d04e6d233bd35cf2fabdeb93fb0d,2026-09-02,basic,200,ok,1788481213
28af4ef490bf54d8a3ee2564e7d9b049efe8d04e6d233bd35cf2fabdeb93fb0d,2026-09-02,basic,200,ok,1788481213
18f784ce77febd6167cc3b79cef54db5,2026-09-02,basic,200,ok,1788481214
7b32fd8c25c782c5f5d7e295a0065365efe8d04e6d233bd35cf2fabdeb93fb0d,2026-09-02,basic,200,ok,1788481214
bec0f7c453d589ab69a294e926314d83efe8d04e6d233bd35cf2fabdeb93fb0d,2026-09-02,basic,200,ok,1788481215
d5ae5ac6d0bb1955c38ec6f09c24f653,2026-09-02,basic,200,ok,1788481215
ee6d1d6feb6c108e01f5cbda353df022,2026-09-02,basic,200,ok,1788481216
c461e510599c044e02ed8d91de6a5bc6,2026-09-02,basic,200,ok,1788481216
33938953475f8fedd2358be975761753,2026-09-02,basic,200,ok,1788481217
d8168d4538937004c2d61866fb731bf1,2026-09-02,basic,200,ok,1788481217
36cb14a01777f6b64d7e3fe44991d946,2026-09-02,basic,200,ok,1788481218
f0b509cf631549aeab315fa14ef73b4d86e68d4012202d0434d05f81868f68e3,2026-09-02,basic,200,ok,1788481219
b8851d8f23b160b0c3c16b6ea75f0184,2026-09-02,basic,200,ok,1788481219
1179488567d2a24e702cb0e86f6fbf2c,2026-09-02,basic,200,ok,1788481220
4959fb85f0ac00d2fb5a01095b1d0bac,2026-09-02,basic,200,ok,1788481220
c6d9ae76a1650ee504f1277716f3a984efe8d04e6d233bd35cf2fabdeb93fb0d,2026-09-02,basic,400,http_400,1788481221
0d56f4fe022f703e62378c914f6387ab,2026-09-02,basic,200,ok,1788481221
3a68623d1c6913acc7937cac4a439fb6,2026-09-02,basic,200,ok,1788481222
ddbcbcdfb35e16fd51cf7f8c4ea2ba9a,2026-09-02,basic,200,ok,1788481222
d162d653d84d0c6bbf2e49d059d5a183,2026-09-02,basic,200,ok,1788481223
6c3ef962b143c5526d7b0ccfc9db60cc,2026-09-02,basic,200,ok,1788481223
817c746aeb79323f34e94a67f21cebb8,2026-09-02,basic,200,ok,1788481224
13b05f774bd76dde668f346a65d9b35fefe8d04e6d233bd35cf2fabdeb93fb0d,2026-09-02,basic,200,ok,1788481225
fd377d001968be9550fb9070064048f9efe8d04e6d233bd35cf2fabdeb93fb0d,2026-09-02,basic,200,ok,1788481225
7c76f46ce3dd0d0aebb056a9779b7e5b,2026-09-02,basic,200,ok,1788481226
694f8b0334fe3bdf54df2df59071c949,2026-09-02,basic,200,ok,1788481226
a2b6f53736f9ca464de0327d5499e0b1,2026-09-02,basic,200,ok,1788481227
96e7bbfc1c831f81ebc6605710852de7,2026-09-02,basic,200,ok,1788481228
c0d999941794b0a4225a95fc10e8eb20efe8d04e6d233bd35cf2fabdeb93fb0d,2026-09-02,basic,200,ok,1788481228
b86a84503be50a94d789d80b90ecb086c47ea5ffea2564f587ca830a8f71acb2,2026-09-02,basic,200,ok,1788481229
46a75dc020303f4d47e0e4558e638854,2026-09-02,basic,200,ok,1788481229
548d6c22891887961373526461112ab1,2026-09-02,basic,200,ok,1788481230
736597e6eae310579e2ea86f09a44736,2026-09-02,basic,200,ok,1788481230
b61dd0c09a684a225ac79f43c63df363efe8d04e6d233bd35cf2fabdeb93fb0d,2026-09-02,basic,200,ok,1788481231
8585510f2649210f3dba19f7feef9a22,2026-09-02,basic,200,ok,1788481232
fbf9eb20ffe45952e0ac83a82e122508aae77432709819edb959e1fd5d1d77b4,2026-09-02,basic,200,ok,1788481232
d20002d0ce4964c62896c5ae478293b3,2026-09-02,basic,200,ok,1788481233
f1afbe79a770af3761c7d59aca988668,2026-09-02,basic,200,ok,1788481233
ce8c0a13c18cb84e722ac0b9d5b5a277efe8d04e6d233bd35cf2fabdeb93fb0d,2026-09-02,basic,200,ok,1788481234
00208b8a24f3e46714750f4a88384e53,2026-09-02,basic,200,ok,1788481234
352894b15213a494624f4cd3762ce345,2026-09-02,basic,200,ok,1788481235
0e95530c3a4a21e984d027c55215fa1eefe8d04e6d233bd35cf2fabdeb93fb0d,2026-09-02,basic,200,ok,1788481235
5aaf07772d46e3c3aca9a7ef641073f6efe8d04e6d233bd35cf2fabdeb93fb0d,2026-09-02,basic,200,ok,1788481236
5888425d462db58af9907ea21387d9a3efe8d04e6d233bd35cf2fabdeb93fb0d,2026-09-02,basic,200,ok,1788481237
9c88f88a61748fb8acf6efea66eae088efe8d04e6d233bd35cf2fabdeb93fb0d,2026-09-02,basic,200,ok,1788481237
b69abd490e3a34a6110016fd401bbab8efe8d04e6d233bd35cf2fabdeb93fb0d,2026-09-02,basic,200,ok,1788481238
c839fcf0b5fc556f74f2db3d1f917a75efe8d04e6d233bd35cf2fabdeb93fb0d,2026-09-02,basic,200,ok,1788481238
d8e380724194a479f60e66a48bbb3590aae77432709819edb959e1fd5d1d77b4,2026-09-02,basic,200,ok,1788481239
564398ba0a407d571545da1087f81cd6efe8d04e6d233bd35cf2fabdeb93fb0d,2026-09-02,basic,200,ok,1788481239
67173dcb729ab37f467472708e215eeb,2026-09-02,basic,200,ok,1788481240
8e32c31f8a0ac378b515db2c2ae23f79,2026-09-02,basic,200,ok,1788481240
3f2e2a9da2613388cf5548e42839e01eefe8d04e6d233bd35cf2fabdeb93fb0d,2026-09-02,basic,200,ok,1788481241
cf61a62333f34ad11baf290733b388ce,2026-09-02,basic,200,ok,1788481242
141fd395cffc847bd49237bbc30dd8c5,2026-09-02,basic,200,ok,1788481242
1360f30c3c96596cc0b84031ff8d98e3efe8d04e6d233bd35cf2fabdeb93fb0d,2026-09-02,basic,200,ok,1788481243
be6accba01d5e7dae345661dfae21f07efe8d04e6d233bd35cf2fabdeb93fb0d,2026-09-02,basic,200,ok,1788481243
a203969d749e4b962ec8457052c4a455,2026-09-02,basic,200,ok,1788481244
547b6f2aa500f7d92a8224c18ef87d74,2026-09-02,basic,200,ok,1788481244
c0b7d1c2356efbc62f2f34116f630d8c,2026-09-02,basic,200,ok,1788481245
020c28e0be0b02a1d1f769419353d62e,2026-09-02,basic,200,ok,1788481245
64cf17678e94d49b39d5e0c735749c13efe8d04e6d233bd35cf2fabdeb93fb0d,2026-09-02,basic,400,http_400,1788481246
09ce26f7f7b457d08f11d71baf16b125,2026-09-02,basic,200,ok,1788481246
a06ab0a2beabb3321e392afb8c37db87efe8d04e6d233bd35cf2fabdeb93fb0d,2026-09-02,basic,200,ok,1788481247
5f576b76cbcc144efcef129e064f3dab,2026-09-02,basic,200,ok,1788481248
8514fbbf630ab72ff3a651344d1ac9f186e68d4012202d0434d05f81868f68e3,2026-09-02,basic,200,ok,1788481248
5ab57a54f2e124abb4be9cc6cce35b36fd842dab14be2a956555625b37c97bff,2026-09-02,basic,200,ok,1788481249
8ed238b5ea8e0978a2c36c780ecde49d,2026-09-02,basic,200,ok,1788481249
bad4affe48854991aee5f382904aacd2efe8d04e6d233bd35cf2fabdeb93fb0d,2026-09-02,basic,200,ok,1788481250
bdfa13019e32e21874a278118dfb7758efe8d04e6d233bd35cf2fabdeb93fb0d,2026-09-02,basic,200,ok,1788481250
939c65fb87dfead60661a0e1dfee2928,2026-09-02,basic,200,ok,1788481251
2578bcb741cc1f862f76bdf6fd24ff03,2026-09-02,basic,200,ok,1788481252
4e8bfec395849e40f0b917600eb2c4d2,2026-09-02,basic,200,ok,1788481252
74d9a691fb9417342ceec12227c969d4,2026-09-02,basic,200,ok,1788481253
22ee27f94fa8c1ec968e51e6fcdf1e50,2026-09-02,basic,200,ok,1788481253
484afd6168e98d8aa18ec2d475e43e76,2026-09-02,basic,200,ok,1788481254
575b7ba8220fff2c790465fa612c36c7,2026-09-02,basic,200,ok,1788481254
13c1c1bde2f14d9390a8a609c42bf4a1efe8d04e6d233bd35cf2fabdeb93fb0d,2026-09-02,basic,200,ok,1788481255
e461cdffee5559511cbc83f7ed31c813,2026-09-02,basic,200,ok,1788481256
b060b95f774aef34194362823744bb1b,2026-09-02,basic,200,ok,1788481256
22f7b330acaf9c9d480a1a54d0da35d4efe8d04e6d233bd35cf2fabdeb93fb0d,2026-09-02,basic,200,ok,1788481257
d4dcca66594e3db12d0beff6f63b9b1b,2026-09-02,basic,200,ok,1788481257
735aba0aba13099dc5272ab5fbc18aa7efe8d04e6d233bd35cf2fabdeb93fb0d,2026-09-02,basic,200,ok,1788481258
2b08282cb0ad8bb911e279d73258e946efe8d04e6d233bd35cf2fabdeb93fb0d,2026-09-02,basic,200,ok,1788481258
3fda514722db89dd352811b92a9928ca,2026-09-02,basic,200,ok,1788481259
bac4668bc5333ebabff74395e2da3dd6,2026-09-02,basic,200,ok,1788481259
1dd7c1158b537d455c332bdb0e863799efe8d04e6d233bd35cf2fabdeb93fb0d,2026-09-02,basic,200,ok,1788481260
7a75854e8db35ba537d912a8b7410992efe8d04e6d233bd35cf2fabdeb93fb0d,2026-09-02,basic,200,ok,1788481261
5de0c7344f7ca5139015d94834d9ed98efe8d04e6d233bd35cf2fabdeb93fb0d,2026-09-02,basic,200,ok,1788481261
d050f7269602ed77fed87d51cfb06b05,2026-09-02,basic,200,ok,1788481262
90c851a2b90b4ef33966d911057cce29,2026-09-02,basic,200,ok,1788481262
a99f5dc5aa81000e1f00b13d4347ed49,2026-09-02,basic,200,ok,1788481263
77d3e0d2cee5d1f3e77e4c6dba030ea5,2026-09-02,basic,200,ok,1788481263
e23ae618185939d85395378961bcc185,2026-09-02,basic,200,ok,1788481264
a016a368d1aec084d93fd673a932e451,2026-09-02,basic,200,ok,1788481264
e66e3dc25a4191dae538247c543bec6e,2026-09-02,basic,200,ok,1788481265
4bd8876854a34d9e2ba5c25e93829c47efe8d04e6d233bd35cf2fabdeb93fb0d,2026-09-02,basic,200,ok,1788481265
021d71c6c5fce78fcc38720dc5ff520a,2026-09-02,basic,200,ok,1788481266
28c1dd68d3e28cfc5b4d3cf10c6d27f8,2026-09-02,basic,200,ok,1788481267
a66bafc6440c99aa97497b3ff273e52befe8d04e6d233bd35cf2fabdeb93fb0d,2026-09-02,basic,200,ok,1788481267
6d1535e43968392674b8adfe674b815f,2026-09-02,basic,200,ok,1788481268
df0c8cc78daaf8d1937b3f732d1ad4cf,2026-09-02,basic,200,ok,1788481268
c3d56e6201c08d56ff10bdcc24b78dfcefe8d04e6d233bd35cf2fabdeb93fb0d,2026-09-02,basic,200,ok,1788481269
68c3d15c80f798aa5c496382c65be23b,2026-09-02,basic,200,ok,1788481270
7d41dac73f726278a655622ecb8491f5efe8d04e6d233bd35cf2fabdeb93fb0d,2026-09-02,basic,200,ok,1788481270
8a3f3a08ee7cd8adfc5041db3f29bd72,2026-09-02,basic,200,ok,1788481271
7ef1d22504f225324d8f13e8634cc371efe8d04e6d233bd35cf2fabdeb93fb0d,2026-09-02,basic,200,ok,1788481271
2c25666d17c65269d8c5e0f23b4b6caf,2026-09-02,basic,200,ok,1788481272
6b39684aded24d48ef2bd140f5d5ab94,2026-09-02,basic,200,ok,1788481272
f15088071bf5822c489de5cb8e132c1defe8d04e6d233bd35cf2fabdeb93fb0d,2026-09-02,basic,200,ok,1788481273
cb59416e41cd22927440cb5d0095e028,2026-09-02,basic,200,ok,1788481273
6866e91dd9b00d774be7491edae6e822efe8d04e6d233bd35cf2fabdeb93fb0d,2026-09-02,basic,200,ok,1788481274
7f51989dec8839e77ec1ab225f332509efe8d04e6d233bd35cf2fabdeb93fb0d,2026-09-02,basic,200,ok,1788481275
84c02150731ba1e3e04f93afa3585f7aefe8d04e6d233bd35cf2fabdeb93fb0d,2026-09-02,basic,200,ok,1788481275
aa642c9485ec1941fef82cb1ef88d92d,2026-09-02,basic,200,ok,1788481276
cc5bdbc508f1f666f58017ce86be5fb1efe8d04e6d233bd35cf2fabdeb93fb0d,2026-09-02,basic,200,ok,1788481276
db50a8916c2feaeb4fa8e4c6e55a7b3defe8d04e6d233bd35cf2fabdeb93fb0d,2026-09-02,basic,200,ok,1788481277
60e44012732bc8cb2219a9e090bc46a3,2026-09-02,basic,200,ok,1788481277
898213a77bd67d21879d2797fea6fc50,2026-09-02,basic,200,ok,1788481278
6936d23e5b13ea9c639e504bcaf31769,2026-09-02,basic,200,ok,1788481279
e2d0678c60986ca773e3713a038a4f40,2026-09-02,basic,200,ok,1788481279
31d4a79f763d231d9fdefa04ada40ed9efe8d04e6d233bd35cf2fabdeb93fb0d,2026-09-02,basic,200,ok,1788481280
f67e80f8bf3fd1c4d8abef37571f3dd3efe8d04e6d233bd35cf2fabdeb93fb0d,2026-09-02,basic,200,ok,1788481280
93ef68780df150709339fe1946a5f198,2026-09-02,basic,200,ok,1788481281
11487a1f2f2f5c85599785b708a01659,2026-09-02,basic,200,ok,1788481281
50f9cb8a98a8746f77e68fa1a7504815,2026-09-02,basic,200,ok,1788481282
652437ed1ddfdac7ce617855364d7e24,2026-09-02,basic,200,ok,1788481282
63bf708b6c9548143e844fdc5753878e,2026-09-02,basic,200,ok,1788481283
857bd5cba59b2aff151abc4aae83c8abefe8d04e6d233bd35cf2fabdeb93fb0d,2026-09-02,basic,200,ok,1788481283
8fea030ca17edc6fc8cc5ea6a788eb5a,2026-09-02,basic,200,ok,1788481284
df00a751c2ea003f778c017f563b46eb4723574b05820acf03e7ec3162ff5bed,2026-09-02,basic,200,ok,1788481285
5a68e3de4a5521a88d876d0a3d5b5d4f,2026-09-02,basic,200,ok,1788481285
0acda468ae5e6fb931c3626708f0e028a2186d8e7cf7a6ee152d97cc78f2ae8b,2026-09-02,basic,200,ok,1788481286
9bb15113f84cf38e7a19d213281190b1efe8d04e6d233bd35cf2fabdeb93fb0d,2026-09-02,basic,200,ok,1788481286
6bf765c535d897a2c18409e5e6f27089,2026-09-02,basic,200,ok,1788481287
5e435512bd762458e973b981ffbd1d54,2026-09-02,basic,200,ok,1788481287
1498280213e13b2b59660f0b6aee1720,2026-09-02,basic,200,ok,1788481288
85892b7afd7c6caa422d8eea63e91438efe8d04e6d233bd35cf2fabdeb93fb0d,2026-09-02,basic,200,ok,1788481289
2986918ec5941d45ccdeda7f3d3e1aa3,2026-09-02,basic,200,ok,1788481289
3a89485940893699400ba02af1bde667,2026-09-02,basic,200,ok,1788481290
077a0e8c69d7eb70b064b843b2b64110,2026-09-02,basic,200,ok,1788481290
3711b59d046ce6f508b5fd21b7ca13b1,2026-09-02,basic,200,ok,1788481291
d12340e54081e449e8858bc6e21db2a1,2026-09-02,basic,200,ok,1788481291
11f189b4da6339e36effd886f2ea00b6,2026-09-02,basic,200,ok,1788481292
a1cf41d37e6e4899db253d1f5ce46170,2026-09-02,basic,200,ok,1788481292
c08400f5b60f6d19d77efda833772741,2026-09-02,basic,200,ok,1788481293
5169167ce21f67f5e3d77c0c635002e34723574b05820acf03e7ec3162ff5bed,2026-09-02,basic,200,ok,1788481293
9aef3930d0c4bb12db2553fec19725c6,2026-09-02,basic,200,ok,1788481294
f66948852ecc7be69eaa331e541bd2e9,2026-09-02,basic,200,ok,1788481295
6ebfe42c02fce5f1a0589794e977bd7f,2026-09-02,basic,200,ok,1788481295
05946163ec8fba2af18102be66740948efe8d04e6d233bd35cf2fabdeb93fb0d,2026-09-02,basic,200,ok,1788481296
afc54144137f5bba7ea0fe16e91574a7,2026-09-02,basic,200,ok,1788481296
217de04fec9a7a81ac068a8b0af645c7,2026-09-02,basic,200,ok,1788481297
203813e064fa13d9fd44b1ced2a01fd1,2026-09-02,basic,200,ok,1788481297
5197b8190fe1ce90fd155d2e9a2e516d,2026-09-02,basic,200,ok,1788481298
29925dd9edcaf5a63d81738057f69afd,2026-09-02,basic,200,ok,1788481299
04b2a365f11e0f8e48e4c65c1cfe70ed,2026-09-02,basic,200,ok,1788481299
c8f4a41c1368607cf9c31043a8b41846,2026-09-02,basic,200,ok,1788481300
914a7540516b74e1f2812b566e4a5b64,2026-09-02,basic,200,ok,1788481300
9467ac50a7b87a476ad5ebcca4263bc2,2026-09-02,basic,200,ok,1788481301
df236be95985b9def71482281a38e73fefe8d04e6d233bd35cf2fabdeb93fb0d,2026-09-02,basic,200,ok,1788481301
dc9e8579a19eddd613b717d71d43683b,2026-09-02,basic,200,ok,1788481302
b22f12c94280f0e1016def1bc511eb86,2026-09-02,basic,200,ok,1788481302
4036ca24a80f056f7482db3913b4d357,2026-09-02,basic,200,ok,1788481303
576c5199b41704e7c15a9e3a85f41b09efe8d04e6d233bd35cf2fabdeb93fb0d,2026-09-02,basic,200,ok,1788481303
74bb94ae1c1bd047be19b110bae0aef8,2026-09-02,basic,200,ok,1788481304
0f9587a6e15e903ed7457a830a5df476,2026-09-02,basic,200,ok,1788481305
88e90383483beaae9db738e7866c94f3efe8d04e6d233bd35cf2fabdeb93fb0d,2026-09-02,basic,200,ok,1788481305
dbecf99426dc8b5a18a890f9e2e8d867,2026-09-02,basic,200,ok,1788481306
570f49e94180026039f437f0ebbaf22fefe8d04e6d233bd35cf2fabdeb93fb0d,2026-09-02,basic,200,ok,1788481306
4718c9518becadd35feec18ffc60d265efe8d04e6d233bd35cf2fabdeb93fb0d,2026-09-02,basic,200,ok,1788481307
4afda4a2381806047aa88389d084ecc2efe8d04e6d233bd35cf2fabdeb93fb0d,2026-09-02,basic,200,ok,1788481307
c78171fab867fa88fc18bdf151ecef10efe8d04e6d233bd35cf2fabdeb93fb0d,2026-09-02,basic,200,ok,1788481308
aed7bf18d59352e2179202d33e1aa912efe8d04e6d233bd35cf2fabdeb93fb0d,2026-09-02,basic,200,ok,1788481308
f1e32480cea177de0b1504bc220f4b7e86e68d4012202d0434d05f81868f68e3,2026-09-02,basic,200,ok,1788481309
7cdad52cb1d4be12f2a54d9c4fa9d455,2026-09-02,basic,200,ok,1788481309
dbade363947ed8f86d572b4c3795b702,2026-09-02,basic,200,ok,1788481310
e488805a70171e287e54736142ed6470,2026-09-02,basic,200,ok,1788481310
67401d2eca73ba8dd6719e1cad1560e5,2026-09-02,basic,200,ok,1788481311
8dd32047492e876fc65a64d8acab845b,2026-09-02,basic,200,ok,1788481312
2d4af4ca0cc8591d5489037181cf312e,2026-09-02,basic,200,ok,1788481312
4e381e5ec8eb6b3aca252d14383c283eefe8d04e6d233bd35cf2fabdeb93fb0d,2026-09-02,basic,200,ok,1788481313
53b0ca53923e82e6261dae7b7e9afc0d,2026-09-02,basic,200,ok,1788481314
fd86d3fac8828bc0e3e03856140c3a58,2026-09-02,basic,200,ok,1788481314
9bc8c9ab8b9785b0166c06eaa427013d,2026-09-02,basic,200,ok,1788481315
0efa2eb74ac142f5d19f86abf7321626,2026-09-02,basic,200,ok,1788481315
b90419e2fc405bb0558c742fe6d940d9efe8d04e6d233bd35cf2fabdeb93fb0d,2026-09-02,basic,200,ok,1788481316
8fbbc09cc5759da0315cf41be5e61553efe8d04e6d233bd35cf2fabdeb93fb0d,2026-09-02,basic,200,ok,1788481316
3ba4c2dafc509d2020e6cdee227fd41f,2026-09-02,basic,200,ok,1788481317
e2ec459eceb64b64eb195a9e1ddb7bd3,2026-09-02,basic,200,ok,1788481317
c1f6c08aa70c9ccf7704b591fccf22c9,2026-09-02,basic,200,ok,1788481318
769595944fafd511f2ea616f46022500,2026-09-02,basic,200,ok,1788481318
e2ce16655b471c8d71555c2f1bc0bbdf,2026-09-02,basic,200,ok,1788481319
31e0e85cda5f8cafa373e0e2e957ffbf,2026-09-02,basic,200,ok,1788481320
57dd8215dce713e4a994b89e759af360efe8d04e6d233bd35cf2fabdeb93fb0d,2026-09-02,basic,200,ok,1788481320
55dd6c792ea2cc29faf825b0e45c02e4efe8d04e6d233bd35cf2fabdeb93fb0d,2026-09-02,basic,200,ok,1788481321
f97df44555568956f4902293d35ff632,2026-09-02,basic,200,ok,1788481321
6d463d867b696654bc371fc83fb53731efe8d04e6d233bd35cf2fabdeb93fb0d,2026-09-02,basic,200,ok,1788481322
31c6c6213f2d2dcc0461544ea06b3f90efe8d04e6d233bd35cf2fabdeb93fb0d,2026-09-02,basic,200,ok,1788481322
4e7e6d36e8b7a8d20592cff7ed3f5123,2026-09-02,basic,200,ok,1788481323
5bde4ba02370ebe6770c26cc38cd22d4efe8d04e6d233bd35cf2fabdeb93fb0d,2026-09-02,basic,200,ok,1788481324
7502dca82d3d82e03b1eb0ce05985d20efe8d04e6d233bd35cf2fabdeb93fb0d,2026-09-02,basic,200,ok,1788481325
a660258798e98ac4a10d10610914225c,2026-09-02,basic,200,ok,1788481325
da59aeec511ed5b8f8f1f63ae728e79e,2026-09-02,basic,200,ok,1788481326
78535bb3901ed5024df8f35aa22af40f,2026-09-02,basic,200,ok,1788481326
b4dd6666872582e2939af2eaffe6e338,2026-09-02,basic,200,ok,1788481327
9ebbd34a4de8d7f737e5d6c72993b9e5,2026-09-02,basic,200,ok,1788481327
fe387774c347b28e78a16025c713b2a5efe8d04e6d233bd35cf2fabdeb93fb0d,2026-09-02,basic,200,ok,1788481328
878bc87d59dd8136efb77f70babf5c7b,2026-09-02,basic,200,ok,1788481329
a40a25e23e316d6f298d4359592d6434efe8d04e6d233bd35cf2fabdeb93fb0d,2026-09-02,basic,200,ok,1788481329
5ffd9137f0795b6558338ad408fdd9ec,2026-09-02,basic,200,ok,1788481330
1080f57f2e025f68d94bb6b253defb616fbb98200a15be5bcc73a64995849e9c,2026-09-02,basic,200,ok,1788481330
b247af5a13fc4a12dc7b3d39632d6735,2026-09-02,basic,200,ok,1788481331
59734cc619d8bc6547bd1c587312ccce,2026-09-02,basic,200,ok,1788481332
f93fcef4cafecf97c145cb8396d6b46fefe8d04e6d233bd35cf2fabdeb93fb0d,2026-09-02,basic,200,ok,1788481332
bd02417738eaa58ae538edf4c7e86fb2,2026-09-02,basic,200,ok,1788481333
084201e1bd47aee1cf6ca910db0038bb,2026-09-02,basic,200,ok,1788481333
41bce24aaaca35d2997d4f195f832a05,2026-09-02,basic,200,ok,1788481334
3d5b766f0fc369cc4096752a8bd1c475,2026-09-02,basic,200,ok,1788481334
44a1d1dc913d33b11f3f365872d6f29cefe8d04e6d233bd35cf2fabdeb93fb0d,2026-09-02,basic,200,ok,1788481335
bb7acbb4e8dfe4d350e135a5c852db6b,2026-09-02,basic,200,ok,1788481335
81ba830e826a0b666c7618ca0cd3d3a5efe8d04e6d233bd35cf2fabdeb93fb0d,2026-09-02,basic,200,ok,1788481336
11cf30820abb365c9d0e5b5be13798c4efe8d04e6d233bd35cf2fabdeb93fb0d,2026-09-02,basic,200,ok,1788481336
5b3bd7bed4346c9e767ec5e89d6aaa51efe8d04e6d233bd35cf2fabdeb93fb0d,2026-09-02,basic,200,ok,1788481337
69521db807d753f5d29dab1e7017ec47efe8d04e6d233bd35cf2fabdeb93fb0d,2026-09-02,basic,200,ok,1788481338
360ad732fa6f5497225cfac894d3bdfe8295750b1f4857867454debc45ec9c8a,2026-09-02,basic,200,ok,1788481338
55923c87be2e0e0638a50314b5c46532efe8d04e6d233bd35cf2fabdeb93fb0d,2026-09-02,basic,200,ok,1788481339
468162f8a7aad517802a4a7f1a56f452efe8d04e6d233bd35cf2fabdeb93fb0d,2026-09-02,basic,200,ok,1788481339
b11fbc29af3230d8a0193ea9ff9aa848,2026-09-02,basic,200,ok,1788481340
f7392c663d6938fd36aef41264e46070,2026-09-02,basic,200,ok,1788481341
a3135254bbf6c95ad614b7b7ef41ccacefe8d04e6d233bd35cf2fabdeb93fb0d,2026-09-02,basic,200,ok,1788481342
b780eb244f1558b504e3c3d714c9d696efe8d04e6d233bd35cf2fabdeb93fb0d,2026-09-02,basic,200,ok,1788481342
f7b06610a6eae159c1e414f5677c4c4d,2026-09-02,basic,200,ok,1788481343
2f02c8fccb6bacb1c1eaf2ca00ad7484,2026-09-02,basic,200,ok,1788481343
4f18811b428fecdca57381c9a08e2ad8,2026-09-02,basic,400,http_400,1788481344
48c281e161d3eca16a0a0e0418555483,2026-09-02,basic,200,ok,1788481344
e96b94c360f93b33696eed0c8776e7c8,2026-09-02,basic,200,ok,1788481345
aefa01d3f2ac969d9f2c5ae6b7ffb248,2026-09-02,basic,200,ok,1788481346
cec62bdfdfe39ff25faabd8f9469afd5,2026-09-02,basic,200,ok,1788481346
daaf961d9aa23f66c0669a3d2ce8290aefe8d04e6d233bd35cf2fabdeb93fb0d,2026-09-02,basic,200,ok,1788481347
d20154727c6955718f207cf29f251675,2026-09-02,basic,200,ok,1788481347
d4d4941e3e1a4bc481f296a4d7c1bfec,2026-09-02,basic,200,ok,1788481348
8f6fd27155270d3232bd71494f851695efe8d04e6d233bd35cf2fabdeb93fb0d,2026-09-02,basic,200,ok,1788481348
f95f82811d285ef1ebc967a9797195c2efe8d04e6d233bd35cf2fabdeb93fb0d,2026-09-02,basic,200,ok,1788481349
b5ed035821e53dbd9bca07cf6eaf8950,2026-09-02,basic,200,ok,1788481349
564ef91ab28becc884e6457f9ca16ce0,2026-09-02,basic,200,ok,1788481350
f4b3fc9bb7a7fea1abb89c62a8430b6fefe8d04e6d233bd35cf2fabdeb93fb0d,2026-09-02,basic,200,ok,1788481350
f2c8f6f035055085a969f86f5b99847aaae77432709819edb959e1fd5d1d77b4,2026-09-02,basic,200,ok,1788481351
e55cd7ef4a443589d3cc2f343e1d38f3efe8d04e6d233bd35cf2fabdeb93fb0d,2026-09-02,basic,200,ok,1788481352
21008ce56ce8426bb5e2fbd3a1151ddb,2026-09-02,basic,200,ok,1788481352
4d391d1d0383e4ffa53855ce62a74afe,2026-09-02,basic,200,ok,1788481353
cff15c744c5378a9f67b65770fedf1a6,2026-09-02,basic,200,ok,1788481353
b7d48966f7bbefd1f51941f4fc9deee1,2026-09-02,basic,200,ok,1788481354
5f72b8de053e1d7784c9f2253c31f4f9,2026-09-02,basic,200,ok,1788481354
887978851251383753a2ed0aa36c4912efe8d04e6d233bd35cf2fabdeb93fb0d,2026-09-02,basic,200,ok,1788481355
76e1c2af562d1ee5a20c75575415d935,2026-09-02,basic,200,ok,1788481355
837f90f46222cf8edc4aef21c6999da0,2026-09-02,basic,200,ok,1788481356
ad32e36318a75d4540450855b4205c9cefe8d04e6d233bd35cf2fabdeb93fb0d,2026-09-02,basic,200,ok,1788481356
458d5a91325da9ab02d313bd238e5cd36fbb98200a15be5bcc73a64995849e9c,2026-09-02,basic,200,ok,1788481357
d14aa6441c5c18682feed130894556d9,2026-09-02,basic,200,ok,1788481357
605fb808539073a96c4206e7e640be77,2026-09-02,basic,200,ok,1788481358
3c905e938e84603bf78a5dfd8566cd4aefe8d04e6d233bd35cf2fabdeb93fb0d,2026-09-02,basic,200,ok,1788481359
8fc405d2ff4e3dc13a531883c1f83831,2026-09-02,basic,200,ok,1788481359
230f434897de7ed37192dd1f8e811ce2efe8d04e6d233bd35cf2fabdeb93fb0d,2026-09-02,basic,200,ok,1788481360
561ac52734a28d58392e210a2bc7bc6f,2026-09-02,basic,200,ok,1788481360
45860da093b54ddd88621df95efe047e,2026-09-02,basic,200,ok,1788481361
232d375b157c3bb4c2c8c38fff584609,2026-09-02,basic,200,ok,1788481361
985573f04f85b3501f50a356377c679886e68d4012202d0434d05f81868f68e3,2026-09-02,basic,200,ok,1788481362
6df41f003648956bfdb3b855f0bded1aefe8d04e6d233bd35cf2fabdeb93fb0d,2026-09-02,basic,200,ok,1788481362
13413cab8679be4b4b9c9d5f9dcc4198,2026-09-02,basic,200,ok,1788481363
2487b2e558897cc97e6d5f10217e32d3,2026-09-02,basic,200,ok,1788481363
1225dbe41fe7d56231ce514639b254f3,2026-09-02,basic,200,ok,1788481364
3109204070450b09995c17d411702ffb4723574b05820acf03e7ec3162ff5bed,2026-09-02,basic,200,ok,1788481365
ea94d75dbadee6e48d17f0ad6cc6e2f6,2026-09-02,basic,200,ok,1788481365
8a10ee6787855c9bd8f8985da5c581463663933da92e7566c55104ec9ac2894d,2026-09-02,basic,200,ok,1788481366
a806c3b534bf4b7b498776021fdbaf86a2186d8e7cf7a6ee152d97cc78f2ae8b,2026-09-02,basic,200,ok,1788481366
42364febfe159dfc1a680905afcb730aefe8d04e6d233bd35cf2fabdeb93fb0d,2026-09-02,basic,200,ok,1788481367
4b4295969515ca2f93b2011c33ba5dec,2026-09-02,basic,200,ok,1788481367
a08df997d21d71a4b574fa5848d5b6a8efe8d04e6d233bd35cf2fabdeb93fb0d,2026-09-02,basic,200,ok,1788481368
09f2320671bc1149dcedca17e0ea1a82,2026-09-02,basic,200,ok,1788481369
d8fde503a0c62bddda308b3e9a502432efe8d04e6d233bd35cf2fabdeb93fb0d,2026-09-02,basic,200,ok,1788481369
1c85171c1258f89e8bece5d659dcff79,2026-09-02,basic,200,ok,1788481370
bb1ea8dc46bb523f64aad2dde292d50cefe8d04e6d233bd35cf2fabdeb93fb0d,2026-09-02,basic,200,ok,1788481370
ba419f15d7ebb4696c57f7131f11a19f,2026-09-02,basic,200,ok,1788481371
320c46ce9369442c58356a8356491291efe8d04e6d233bd35cf2fabdeb93fb0d,2026-09-02,basic,200,ok,1788481371
aed59f313aca1957cce26cb72591dfc9,2026-09-02,basic,200,ok,1788481372
9e6623334e81ddd09df5f4f68a10a74de85e07f9d5d276f44440847eec04ba68,2026-09-02,basic,200,ok,1788481372
7a2e6e8f0e9ce0a6be16123f73d53866,2026-09-02,basic,200,ok,1788481373
67feb1b2e8a9d24bb0ef94009b8fc9c3,2026-09-02,basic,200,ok,1788481373
03464ce4fdc43166ce06b2f7a6b8c042efe8d04e6d233bd35cf2fabdeb93fb0d,2026-09-02,basic,200,ok,1788481374
3d071f1d01071392b85d8492892da839,2026-09-02,basic,200,ok,1788481374
04300c2eb4fb60c542d25ae9e16f406e86e68d4012202d0434d05f81868f68e3,2026-09-02,basic,200,ok,1788481375
f9e848284ba6645ab84607e606c60609efe8d04e6d233bd35cf2fabdeb93fb0d,2026-09-02,basic,400,http_400,1788481375
a167d738aad553e557e93f4bfa7816ed,2026-09-02,basic,200,ok,1788481376
3bfba48b518e5bb7247117742e759984,2026-09-02,basic,200,ok,1788481377
63e016b154aec58470d5091e9142e02eefe8d04e6d233bd35cf2fabdeb93fb0d,2026-09-02,basic,200,ok,1788481377
cae99911078c6fdbebd7163a09956a14efe8d04e6d233bd35cf2fabdeb93fb0d,2026-09-02,basic,200,ok,1788481378
cbc3bc70542c363fcad1cfc3e803f161,2026-09-02,basic,400,http_400,1788481378
d70101605764112cda93e2bd742fd4b6efe8d04e6d233bd35cf2fabdeb93fb0d,2026-09-02,basic,200,ok,1788481379
478d94813ab5ff62c54d06e04b2aa027,2026-09-02,basic,200,ok,1788481379
aafad8ba341907730aedc64b21273ed5,2026-09-02,basic,200,ok,1788481380
fbdca35b4a4ca4660da4028600c668d8e85e07f9d5d276f44440847eec04ba68,2026-09-02,basic,200,ok,1788481380
23c24b91787501cb8f38b861ef954724,2026-09-02,basic,200,ok,1788481381
c59bdd7c47d20c23da9e80e7a43915863663933da92e7566c55104ec9ac2894d,2026-09-02,basic,200,ok,1788481382
4fca895611997f23258575fb74970c4d,2026-09-02,basic,200,ok,1788481382
1d33b5e53752f1ee6293f21596f6f9eb,2026-09-02,basic,200,ok,1788481383
946a2b135345e00c961d884112dc5108efe8d04e6d233bd35cf2fabdeb93fb0d,2026-09-02,basic,200,ok,1788481384
d44387cfcb48ec7bbf0dce34375f83c1,2026-09-02,basic,200,ok,1788481384
0a489f2975b0b3f53f11e6fca3b212cb,2026-09-02,basic,200,ok,1788481385
1763b2cd320a3864418a00c8ee5118d4efe8d04e6d233bd35cf2fabdeb93fb0d,2026-09-02,basic,200,ok,1788481385
46e451194adf44697adb28adf76a51d8,2026-09-02,basic,200,ok,1788481386
d0d5a4b6a602efb651a650d440c6f5d6efe8d04e6d233bd35cf2fabdeb93fb0d,2026-09-02,basic,200,ok,1788481386
